# hostname,interval,timestamp,DEV,tps,rkB/s,wkB/s,dkB/s,areq-sz,aqu-sz,await,%util
cloud-k3s-master2,1,2026-06-05 16:31:35 UTC,sda,51.00,0.00,236.00,0.00,4.63,0.03,0.53,0.80
cloud-k3s-master2,1,2026-06-05 16:31:36 UTC,sda,29.70,0.00,106.93,0.00,3.60,0.02,0.40,0.69
cloud-k3s-master2,1,2026-06-05 16:31:37 UTC,sda,38.00,0.00,116.00,0.00,3.05,0.02,0.37,0.80
cloud-k3s-master2,1,2026-06-05 16:31:38 UTC,sda,37.00,0.00,584.00,0.00,15.78,0.02,0.41,0.60
cloud-k3s-master2,1,2026-06-05 16:31:39 UTC,sda,29.00,0.00,116.00,0.00,4.00,0.01,0.41,0.70
cloud-k3s-master2,1,2026-06-05 16:31:40 UTC,sda,55.00,0.00,196.00,0.00,3.56,0.03,0.36,1.30
cloud-k3s-master2,1,2026-06-05 16:31:41 UTC,sda,35.00,0.00,128.00,0.00,3.66,0.02,0.43,0.60
cloud-k3s-master2,1,2026-06-05 16:31:42 UTC,sda,71.00,0.00,252.00,0.00,3.55,0.03,0.37,1.90
cloud-k3s-master2,1,2026-06-05 16:31:43 UTC,sda,53.00,0.00,204.00,0.00,3.85,0.03,0.42,1.00
cloud-k3s-master2,1,2026-06-05 16:31:44 UTC,sda,22.00,0.00,84.00,0.00,3.82,0.01,0.41,0.60
cloud-k3s-master2,1,2026-06-05 16:31:45 UTC,sda,21.00,0.00,56.00,0.00,2.67,0.01,0.33,0.30
cloud-k3s-master2,1,2026-06-05 16:31:46 UTC,sda,26.00,0.00,96.00,0.00,3.69,0.01,0.35,0.60
cloud-k3s-master2,1,2026-06-05 16:31:47 UTC,sda,55.00,0.00,168.00,0.00,3.05,0.03,0.44,1.30
cloud-k3s-master2,1,2026-06-05 16:31:48 UTC,sda,29.00,0.00,92.00,0.00,3.17,0.01,0.38,0.40
cloud-k3s-master2,1,2026-06-05 16:31:49 UTC,sda,31.00,0.00,84.00,0.00,2.71,0.01,0.39,0.60
cloud-k3s-master2,1,2026-06-05 16:31:50 UTC,sda,73.00,0.00,248.00,0.00,3.40,0.04,0.38,2.10
cloud-k3s-master2,1,2026-06-05 16:31:51 UTC,sda,26.00,0.00,76.00,0.00,2.92,0.01,0.42,0.40
cloud-k3s-master2,1,2026-06-05 16:31:52 UTC,sda,30.00,0.00,104.00,0.00,3.47,0.01,0.40,0.60
cloud-k3s-master2,1,2026-06-05 16:31:53 UTC,sda,36.00,0.00,112.00,0.00,3.11,0.02,0.42,0.70
cloud-k3s-master2,1,2026-06-05 16:31:54 UTC,sda,22.00,0.00,60.00,0.00,2.73,0.01,0.36,0.40
cloud-k3s-master2,1,2026-06-05 16:31:55 UTC,sda,28.00,0.00,100.00,0.00,3.57,0.01,0.43,0.50
cloud-k3s-master2,1,2026-06-05 16:31:56 UTC,sda,31.00,0.00,108.00,0.00,3.48,0.02,0.42,0.80
cloud-k3s-master2,1,2026-06-05 16:31:57 UTC,sda,64.00,0.00,220.00,0.00,3.44,0.03,0.39,1.40
cloud-k3s-master2,1,2026-06-05 16:31:58 UTC,sda,119.00,0.00,504.00,0.00,4.24,0.21,1.76,1.40
cloud-k3s-master2,1,2026-06-05 16:31:59 UTC,sda,35.00,0.00,92.00,0.00,2.63,0.01,0.31,0.70
cloud-k3s-master2,1,2026-06-05 16:32:00 UTC,sda,52.00,0.00,188.00,0.00,3.62,0.03,0.37,1.10
cloud-k3s-master2,1,2026-06-05 16:32:01 UTC,sda,29.00,0.00,76.00,0.00,2.62,0.02,0.45,0.60
cloud-k3s-master2,1,2026-06-05 16:32:02 UTC,sda,36.00,0.00,112.00,0.00,3.11,0.02,0.39,0.60
cloud-k3s-master2,1,2026-06-05 16:32:03 UTC,sda,36.00,0.00,116.00,0.00,3.22,0.02,0.36,0.90
cloud-k3s-master2,1,2026-06-05 16:32:04 UTC,sda,33.00,0.00,88.00,0.00,2.67,0.01,0.33,0.70
cloud-k3s-master2,1,2026-06-05 16:32:05 UTC,sda,88.00,0.00,348.00,0.00,3.95,0.07,0.80,1.20
cloud-k3s-master2,1,2026-06-05 16:32:06 UTC,sda,42.00,0.00,128.00,0.00,3.05,0.02,0.40,0.60
cloud-k3s-master2,1,2026-06-05 16:32:07 UTC,sda,39.00,0.00,104.00,0.00,2.67,0.02,0.36,0.60
cloud-k3s-master2,1,2026-06-05 16:32:08 UTC,sda,50.00,0.00,148.00,0.00,2.96,0.02,0.36,1.10
cloud-k3s-master2,1,2026-06-05 16:32:09 UTC,sda,28.00,0.00,328.00,0.00,11.71,0.01,0.36,0.60
cloud-k3s-master2,1,2026-06-05 16:32:10 UTC,sda,73.00,0.00,288.00,0.00,3.95,0.07,0.92,0.90
cloud-k3s-master2,1,2026-06-05 16:32:11 UTC,sda,32.00,0.00,104.00,0.00,3.25,0.01,0.34,0.80
cloud-k3s-master2,1,2026-06-05 16:32:12 UTC,sda,57.00,0.00,196.00,0.00,3.44,0.04,0.51,1.60
cloud-k3s-master2,1,2026-06-05 16:32:13 UTC,sda,45.00,0.00,140.00,0.00,3.11,0.02,0.38,1.10
cloud-k3s-master2,1,2026-06-05 16:32:14 UTC,sda,20.00,0.00,56.00,0.00,2.80,0.01,0.40,0.40
cloud-k3s-master2,1,2026-06-05 16:32:15 UTC,sda,35.00,0.00,188.00,0.00,5.37,0.03,0.57,1.20
cloud-k3s-master2,1,2026-06-05 16:32:16 UTC,sda,31.00,0.00,100.00,0.00,3.23,0.02,0.42,0.80
cloud-k3s-master2,1,2026-06-05 16:32:17 UTC,sda,35.00,0.00,140.00,0.00,4.00,0.02,0.46,0.90
cloud-k3s-master2,1,2026-06-05 16:32:18 UTC,sda,49.00,0.00,160.00,0.00,3.27,0.02,0.39,1.30
cloud-k3s-master2,1,2026-06-05 16:32:19 UTC,sda,26.00,0.00,92.00,0.00,3.54,0.01,0.38,0.60
cloud-k3s-master2,1,2026-06-05 16:32:20 UTC,sda,58.00,0.00,204.00,0.00,3.52,0.03,0.41,1.60
cloud-k3s-master2,1,2026-06-05 16:32:21 UTC,sda,62.00,0.00,252.00,0.00,4.06,0.03,0.45,1.40
cloud-k3s-master2,1,2026-06-05 16:32:22 UTC,sda,27.00,0.00,88.00,0.00,3.26,0.01,0.41,0.40
cloud-k3s-master2,1,2026-06-05 16:32:23 UTC,sda,42.00,0.00,116.00,0.00,2.76,0.02,0.38,1.00
cloud-k3s-master2,1,2026-06-05 16:32:24 UTC,sda,21.00,0.00,72.00,0.00,3.43,0.01,0.38,0.50
cloud-k3s-master2,1,2026-06-05 16:32:25 UTC,sda,29.00,0.00,80.00,0.00,2.76,0.01,0.41,0.80
cloud-k3s-master2,1,2026-06-05 16:32:26 UTC,sda,22.00,0.00,88.00,0.00,4.00,0.01,0.45,0.70
cloud-k3s-master2,1,2026-06-05 16:32:27 UTC,sda,67.00,0.00,264.00,0.00,3.94,0.03,0.36,1.80
cloud-k3s-master2,1,2026-06-05 16:32:28 UTC,sda,55.00,0.00,180.00,0.00,3.27,0.03,0.40,1.10
cloud-k3s-master2,1,2026-06-05 16:32:29 UTC,sda,34.00,0.00,108.00,0.00,3.18,0.02,0.41,0.90
cloud-k3s-master2,1,2026-06-05 16:32:30 UTC,sda,40.00,0.00,136.00,0.00,3.40,0.02,0.35,0.70
cloud-k3s-master2,1,2026-06-05 16:32:31 UTC,sda,45.00,0.00,144.00,0.00,3.20,0.04,0.56,1.70
cloud-k3s-master2,1,2026-06-05 16:32:32 UTC,sda,37.00,0.00,116.00,0.00,3.14,0.06,1.00,3.30
cloud-k3s-master2,1,2026-06-05 16:32:33 UTC,sda,48.00,0.00,180.00,0.00,3.75,0.03,0.42,1.20
cloud-k3s-master2,1,2026-06-05 16:32:34 UTC,sda,23.00,0.00,108.00,0.00,4.70,0.01,0.35,0.60
cloud-k3s-master2,1,2026-06-05 16:32:35 UTC,sda,38.00,0.00,128.00,0.00,3.37,0.03,0.58,1.50
cloud-k3s-master2,1,2026-06-05 16:32:36 UTC,sda,52.00,0.00,184.00,0.00,3.54,0.03,0.40,1.40
cloud-k3s-master2,1,2026-06-05 16:32:37 UTC,sda,42.00,0.00,132.00,0.00,3.14,0.04,0.57,1.80
cloud-k3s-master2,1,2026-06-05 16:32:38 UTC,sda,85.00,0.00,328.00,0.00,3.86,0.08,0.65,3.10
cloud-k3s-master2,1,2026-06-05 16:32:39 UTC,sda,55.00,0.00,300.00,0.00,5.45,0.04,0.55,1.20
cloud-k3s-master2,1,2026-06-05 16:32:40 UTC,sda,30.00,0.00,128.00,0.00,4.27,0.01,0.37,0.80
cloud-k3s-master2,1,2026-06-05 16:32:41 UTC,sda,55.00,0.00,172.00,0.00,3.13,0.03,0.40,1.10
cloud-k3s-master2,1,2026-06-05 16:32:42 UTC,sda,64.00,0.00,212.00,0.00,3.31,0.03,0.36,1.30
cloud-k3s-master2,1,2026-06-05 16:32:43 UTC,sda,51.00,0.00,148.00,0.00,2.90,0.03,0.39,1.10
cloud-k3s-master2,1,2026-06-05 16:32:44 UTC,sda,27.00,0.00,76.00,0.00,2.81,0.01,0.41,0.50
cloud-k3s-master2,1,2026-06-05 16:32:45 UTC,sda,110.00,0.00,572.00,0.00,5.20,0.15,1.35,0.70
cloud-k3s-master2,1,2026-06-05 16:32:46 UTC,sda,30.00,0.00,88.00,0.00,2.93,0.02,0.43,0.70
cloud-k3s-master2,1,2026-06-05 16:32:47 UTC,sda,46.00,0.00,196.00,0.00,4.26,0.02,0.37,0.90
cloud-k3s-master2,1,2026-06-05 16:32:48 UTC,sda,40.00,0.00,124.00,0.00,3.10,0.02,0.38,0.90
cloud-k3s-master2,1,2026-06-05 16:32:49 UTC,sda,41.00,0.00,136.00,0.00,3.32,0.02,0.39,1.20
cloud-k3s-master2,1,2026-06-05 16:32:50 UTC,sda,49.00,0.00,152.00,0.00,3.10,0.02,0.39,1.20
cloud-k3s-master2,1,2026-06-05 16:32:51 UTC,sda,61.00,0.00,264.00,0.00,4.33,0.03,0.41,1.60
cloud-k3s-master2,1,2026-06-05 16:32:52 UTC,sda,50.00,0.00,168.00,0.00,3.36,0.03,0.40,1.40
cloud-k3s-master2,1,2026-06-05 16:32:53 UTC,sda,45.00,0.00,140.00,0.00,3.11,0.02,0.40,0.70
cloud-k3s-master2,1,2026-06-05 16:32:54 UTC,sda,28.00,0.00,76.00,0.00,2.71,0.01,0.39,0.60
cloud-k3s-master2,1,2026-06-05 16:32:55 UTC,sda,109.00,0.00,556.00,0.00,5.10,0.10,0.84,1.60
cloud-k3s-master2,1,2026-06-05 16:32:56 UTC,sda,38.00,0.00,132.00,0.00,3.47,0.02,0.39,0.90
cloud-k3s-master2,1,2026-06-05 16:32:57 UTC,sda,59.00,0.00,240.00,0.00,4.07,0.03,0.44,1.50
cloud-k3s-master2,1,2026-06-05 16:32:58 UTC,sda,44.00,0.00,124.00,0.00,2.82,0.02,0.41,0.90
cloud-k3s-master2,1,2026-06-05 16:32:59 UTC,sda,48.00,0.00,164.00,0.00,3.42,0.02,0.38,0.90
cloud-k3s-master2,1,2026-06-05 16:33:00 UTC,sda,69.00,0.00,288.00,0.00,4.17,0.07,1.04,0.50
cloud-k3s-master2,1,2026-06-05 16:33:01 UTC,sda,40.00,0.00,144.00,0.00,3.60,0.02,0.33,0.40
cloud-k3s-master2,1,2026-06-05 16:33:02 UTC,sda,42.00,0.00,124.00,0.00,2.95,0.02,0.38,1.10
cloud-k3s-master2,1,2026-06-05 16:33:03 UTC,sda,46.00,0.00,188.00,0.00,4.09,0.02,0.39,0.90
cloud-k3s-master2,1,2026-06-05 16:33:04 UTC,sda,33.00,0.00,120.00,0.00,3.64,0.01,0.36,0.40
cloud-k3s-master2,1,2026-06-05 16:33:05 UTC,sda,26.00,0.00,96.00,0.00,3.69,0.01,0.42,0.60
cloud-k3s-master2,1,2026-06-05 16:33:06 UTC,sda,40.00,0.00,124.00,0.00,3.10,0.02,0.38,0.80
cloud-k3s-master2,1,2026-06-05 16:33:07 UTC,sda,26.00,0.00,68.00,0.00,2.62,0.01,0.31,0.50
cloud-k3s-master2,1,2026-06-05 16:33:08 UTC,sda,36.00,0.00,112.00,0.00,3.11,0.02,0.42,0.80
cloud-k3s-master2,1,2026-06-05 16:33:09 UTC,sda,47.00,0.00,192.00,0.00,4.09,0.02,0.38,1.20
cloud-k3s-master2,1,2026-06-05 16:33:10 UTC,sda,67.00,0.00,296.00,0.00,4.42,0.09,1.24,0.80
cloud-k3s-master2,1,2026-06-05 16:33:11 UTC,sda,19.00,0.00,52.00,0.00,2.74,0.01,0.42,0.40
cloud-k3s-master2,1,2026-06-05 16:33:12 UTC,sda,78.00,0.00,244.00,0.00,3.13,0.04,0.45,2.10
cloud-k3s-master2,1,2026-06-05 16:33:13 UTC,sda,42.00,0.00,156.00,0.00,3.71,0.02,0.38,0.80
cloud-k3s-master2,1,2026-06-05 16:33:14 UTC,sda,39.00,0.00,124.00,0.00,3.18,0.02,0.44,0.80
cloud-k3s-master2,1,2026-06-05 16:33:15 UTC,sda,56.00,0.00,348.00,0.00,6.21,0.07,1.16,0.80
cloud-k3s-master2,1,2026-06-05 16:33:16 UTC,sda,41.00,0.00,156.00,0.00,3.80,0.02,0.44,1.00
cloud-k3s-master2,1,2026-06-05 16:33:17 UTC,sda,23.00,0.00,60.00,0.00,2.61,0.01,0.39,0.40
cloud-k3s-master2,1,2026-06-05 16:33:18 UTC,sda,37.00,0.00,116.00,0.00,3.14,0.02,0.43,1.30
cloud-k3s-master2,1,2026-06-05 16:33:19 UTC,sda,32.00,0.00,100.00,0.00,3.12,0.02,0.41,1.00
cloud-k3s-master2,1,2026-06-05 16:33:20 UTC,sda,56.00,0.00,208.00,0.00,3.71,0.03,0.43,1.70
cloud-k3s-master2,1,2026-06-05 16:33:21 UTC,sda,22.00,0.00,132.00,0.00,6.00,0.01,0.41,0.60
cloud-k3s-master2,1,2026-06-05 16:33:22 UTC,sda,62.38,0.00,186.14,0.00,2.98,0.03,0.37,1.29
cloud-k3s-master2,1,2026-06-05 16:33:23 UTC,sda,35.00,0.00,116.00,0.00,3.31,0.02,0.37,0.80
cloud-k3s-master2,1,2026-06-05 16:33:24 UTC,sda,72.00,0.00,288.00,0.00,4.00,0.06,0.79,1.20
cloud-k3s-master2,1,2026-06-05 16:33:25 UTC,sda,9.00,0.00,24.00,0.00,2.67,0.00,0.44,0.30
cloud-k3s-master2,1,2026-06-05 16:33:26 UTC,sda,32.00,0.00,124.00,0.00,3.88,0.02,0.41,0.70
cloud-k3s-master2,1,2026-06-05 16:33:27 UTC,sda,56.00,0.00,228.00,0.00,4.07,0.03,0.46,1.50
cloud-k3s-master2,1,2026-06-05 16:33:28 UTC,sda,47.00,0.00,140.00,0.00,2.98,0.02,0.38,1.30
cloud-k3s-master2,1,2026-06-05 16:33:29 UTC,sda,40.00,0.00,124.00,0.00,3.10,0.02,0.38,1.20
cloud-k3s-master2,1,2026-06-05 16:33:30 UTC,sda,69.00,0.00,284.00,0.00,4.12,0.07,0.88,0.80
cloud-k3s-master2,1,2026-06-05 16:33:31 UTC,sda,22.00,0.00,72.00,0.00,3.27,0.01,0.45,0.20
cloud-k3s-master2,1,2026-06-05 16:33:32 UTC,sda,51.00,0.00,224.00,0.00,4.39,0.02,0.35,1.10
cloud-k3s-master2,1,2026-06-05 16:33:33 UTC,sda,42.00,0.00,112.00,0.00,2.67,0.02,0.38,0.70
cloud-k3s-master2,1,2026-06-05 16:33:34 UTC,sda,42.00,0.00,128.00,0.00,3.05,0.02,0.38,0.90
cloud-k3s-master2,1,2026-06-05 16:33:35 UTC,sda,26.00,0.00,92.00,0.00,3.54,0.01,0.38,0.40
cloud-k3s-master2,1,2026-06-05 16:33:36 UTC,sda,33.00,0.00,112.00,0.00,3.39,0.02,0.39,0.70
cloud-k3s-master2,1,2026-06-05 16:33:37 UTC,sda,37.00,0.00,128.00,0.00,3.46,0.02,0.51,0.60
cloud-k3s-master2,1,2026-06-05 16:33:38 UTC,sda,46.00,0.00,192.00,0.00,4.17,0.02,0.35,0.60
cloud-k3s-master2,1,2026-06-05 16:33:39 UTC,sda,58.00,0.00,224.00,0.00,3.86,0.07,1.26,0.60
cloud-k3s-master2,1,2026-06-05 16:33:40 UTC,sda,42.00,0.00,140.00,0.00,3.33,0.02,0.38,0.80
cloud-k3s-master2,1,2026-06-05 16:33:41 UTC,sda,15.00,0.00,64.00,0.00,4.27,0.01,0.40,0.30
cloud-k3s-master2,1,2026-06-05 16:33:42 UTC,sda,77.00,0.00,256.00,0.00,3.32,0.04,0.40,1.50
cloud-k3s-master2,1,2026-06-05 16:33:43 UTC,sda,49.00,0.00,160.00,0.00,3.27,0.03,0.41,1.00
cloud-k3s-master2,1,2026-06-05 16:33:44 UTC,sda,43.00,0.00,196.00,0.00,4.56,0.02,0.35,0.80
cloud-k3s-master2,1,2026-06-05 16:33:45 UTC,sda,38.00,0.00,164.00,0.00,4.32,0.05,1.34,0.30
cloud-k3s-master2,1,2026-06-05 16:33:46 UTC,sda,31.00,0.00,116.00,0.00,3.74,0.02,0.42,0.90
cloud-k3s-master2,1,2026-06-05 16:33:47 UTC,sda,31.00,0.00,100.00,0.00,3.23,0.01,0.39,0.60
cloud-k3s-master2,1,2026-06-05 16:33:48 UTC,sda,42.00,0.00,132.00,0.00,3.14,0.02,0.43,1.00
cloud-k3s-master2,1,2026-06-05 16:33:49 UTC,sda,26.00,0.00,68.00,0.00,2.62,0.01,0.31,0.30
cloud-k3s-master2,1,2026-06-05 16:33:50 UTC,sda,57.00,0.00,260.00,0.00,4.56,0.03,0.40,1.10
cloud-k3s-master2,1,2026-06-05 16:33:51 UTC,sda,17.00,0.00,48.00,0.00,2.82,0.01,0.35,0.30
cloud-k3s-master2,1,2026-06-05 16:33:52 UTC,sda,50.00,0.00,160.00,0.00,3.20,0.02,0.36,1.20
cloud-k3s-master2,1,2026-06-05 16:33:53 UTC,sda,69.00,0.00,212.00,0.00,3.07,0.04,0.41,1.40
cloud-k3s-master2,1,2026-06-05 16:33:54 UTC,sda,40.00,0.00,132.00,0.00,3.30,0.02,0.40,0.90
cloud-k3s-master2,1,2026-06-05 16:33:55 UTC,sda,56.00,0.00,264.00,0.00,4.71,0.09,1.52,0.80
cloud-k3s-master2,1,2026-06-05 16:33:56 UTC,sda,44.00,0.00,264.00,0.00,6.00,0.02,0.43,1.10
cloud-k3s-master2,1,2026-06-05 16:33:57 UTC,sda,49.00,0.00,160.00,0.00,3.27,0.03,0.45,1.30
cloud-k3s-master2,1,2026-06-05 16:33:58 UTC,sda,71.00,0.00,304.00,0.00,4.28,0.04,0.39,1.90
cloud-k3s-master2,1,2026-06-05 16:33:59 UTC,sda,21.00,0.00,56.00,0.00,2.67,0.01,0.43,0.40
cloud-k3s-master2,1,2026-06-05 16:34:00 UTC,sda,92.00,0.00,368.00,0.00,4.00,0.08,0.80,1.70
cloud-k3s-master2,1,2026-06-05 16:34:01 UTC,sda,9.00,0.00,24.00,0.00,2.67,0.01,0.44,0.30
cloud-k3s-master2,1,2026-06-05 16:34:02 UTC,sda,49.00,0.00,204.00,0.00,4.16,0.02,0.39,1.10
cloud-k3s-master2,1,2026-06-05 16:34:03 UTC,sda,65.00,0.00,192.00,0.00,2.95,0.03,0.40,1.20
cloud-k3s-master2,1,2026-06-05 16:34:04 UTC,sda,38.00,0.00,120.00,0.00,3.16,0.02,0.42,0.90
cloud-k3s-master2,1,2026-06-05 16:34:05 UTC,sda,39.00,0.00,144.00,0.00,3.69,0.02,0.38,1.00
cloud-k3s-master2,1,2026-06-05 16:34:06 UTC,sda,40.00,0.00,124.00,0.00,3.10,0.02,0.38,0.80
cloud-k3s-master2,1,2026-06-05 16:34:07 UTC,sda,22.00,0.00,76.00,0.00,3.45,0.01,0.36,0.30
cloud-k3s-master2,1,2026-06-05 16:34:08 UTC,sda,47.00,0.00,196.00,0.00,4.17,0.02,0.40,1.00
cloud-k3s-master2,1,2026-06-05 16:34:09 UTC,sda,26.00,0.00,68.00,0.00,2.62,0.01,0.38,0.70
cloud-k3s-master2,1,2026-06-05 16:34:10 UTC,sda,84.00,0.00,324.00,0.00,3.86,0.08,0.85,1.30
cloud-k3s-master2,1,2026-06-05 16:34:11 UTC,sda,9.00,0.00,44.00,0.00,4.89,0.01,0.44,0.10
cloud-k3s-master2,1,2026-06-05 16:34:12 UTC,sda,72.00,0.00,236.00,0.00,3.28,0.04,0.42,1.30
cloud-k3s-master2,1,2026-06-05 16:34:13 UTC,sda,63.00,0.00,208.00,0.00,3.30,0.03,0.41,1.80
cloud-k3s-master2,1,2026-06-05 16:34:14 UTC,sda,49.00,0.00,208.00,0.00,4.24,0.03,0.41,1.00
cloud-k3s-master2,1,2026-06-05 16:34:15 UTC,sda,54.00,0.00,212.00,0.00,3.93,0.06,1.00,0.40
cloud-k3s-master2,1,2026-06-05 16:34:16 UTC,sda,33.00,0.00,116.00,0.00,3.52,0.02,0.42,0.90
cloud-k3s-master2,1,2026-06-05 16:34:17 UTC,sda,37.00,0.00,128.00,0.00,3.46,0.02,0.49,0.90
cloud-k3s-master2,1,2026-06-05 16:34:18 UTC,sda,43.00,0.00,136.00,0.00,3.16,0.02,0.37,0.90
cloud-k3s-master2,1,2026-06-05 16:34:19 UTC,sda,24.00,0.00,64.00,0.00,2.67,0.01,0.33,0.30
cloud-k3s-master2,1,2026-06-05 16:34:20 UTC,sda,81.00,0.00,364.00,0.00,4.49,0.04,0.43,1.90
cloud-k3s-master2,1,2026-06-05 16:34:21 UTC,sda,20.00,0.00,80.00,0.00,4.00,0.01,0.45,0.40
cloud-k3s-master2,1,2026-06-05 16:34:22 UTC,sda,32.00,0.00,96.00,0.00,3.00,0.02,0.41,0.80
cloud-k3s-master2,1,2026-06-05 16:34:23 UTC,sda,61.00,0.00,196.00,0.00,3.21,0.03,0.39,1.40
cloud-k3s-master2,1,2026-06-05 16:34:24 UTC,sda,92.00,0.00,364.00,0.00,3.96,0.14,1.48,1.40
cloud-k3s-master2,1,2026-06-05 16:34:25 UTC,sda,27.00,0.00,76.00,0.00,2.81,0.01,0.44,0.60
cloud-k3s-master2,1,2026-06-05 16:34:26 UTC,sda,25.00,0.00,144.00,0.00,5.76,0.01,0.44,0.80
cloud-k3s-master2,1,2026-06-05 16:34:27 UTC,sda,49.00,0.00,168.00,0.00,3.43,0.03,0.41,1.00
cloud-k3s-master2,1,2026-06-05 16:34:28 UTC,sda,52.00,0.00,164.00,0.00,3.15,0.03,0.40,1.10
cloud-k3s-master2,1,2026-06-05 16:34:29 UTC,sda,35.00,0.00,108.00,0.00,3.09,0.02,0.37,1.00
cloud-k3s-master2,1,2026-06-05 16:34:30 UTC,sda,73.00,0.00,288.00,0.00,3.95,0.07,0.92,1.40
cloud-k3s-master2,1,2026-06-05 16:34:31 UTC,sda,18.00,0.00,48.00,0.00,2.67,0.01,0.39,0.20
cloud-k3s-master2,1,2026-06-05 16:34:32 UTC,sda,31.00,0.00,152.00,0.00,4.90,0.01,0.39,0.90
cloud-k3s-master2,1,2026-06-05 16:34:33 UTC,sda,56.00,0.00,172.00,0.00,3.07,0.03,0.38,1.20
cloud-k3s-master2,1,2026-06-05 16:34:34 UTC,sda,52.00,0.00,168.00,0.00,3.23,0.03,0.42,1.10
cloud-k3s-master2,1,2026-06-05 16:34:35 UTC,sda,36.00,0.00,124.00,0.00,3.44,0.02,0.39,0.70
cloud-k3s-master2,1,2026-06-05 16:34:36 UTC,sda,33.00,0.00,104.00,0.00,3.15,0.02,0.42,0.60
cloud-k3s-master2,1,2026-06-05 16:34:37 UTC,sda,30.00,0.00,100.00,0.00,3.33,0.01,0.33,0.40
cloud-k3s-master2,1,2026-06-05 16:34:38 UTC,sda,40.00,0.00,172.00,0.00,4.30,0.02,0.40,0.80
cloud-k3s-master2,1,2026-06-05 16:34:39 UTC,sda,32.00,0.00,88.00,0.00,2.75,0.01,0.38,0.50
cloud-k3s-master2,1,2026-06-05 16:34:40 UTC,sda,67.00,0.00,280.00,0.00,4.18,0.07,1.00,0.70
cloud-k3s-master2,1,2026-06-05 16:34:41 UTC,sda,36.00,0.00,116.00,0.00,3.22,0.01,0.33,0.70
cloud-k3s-master2,1,2026-06-05 16:34:42 UTC,sda,42.00,0.00,140.00,0.00,3.33,0.02,0.40,1.10
cloud-k3s-master2,1,2026-06-05 16:34:43 UTC,sda,56.00,0.00,168.00,0.00,3.00,0.03,0.43,1.40
cloud-k3s-master2,1,2026-06-05 16:34:44 UTC,sda,50.00,0.00,208.00,0.00,4.16,0.03,0.40,1.10
cloud-k3s-master2,1,2026-06-05 16:34:45 UTC,sda,67.00,0.00,280.00,0.00,4.18,0.06,0.91,0.90
cloud-k3s-master2,1,2026-06-05 16:34:46 UTC,sda,29.00,0.00,120.00,0.00,4.14,0.01,0.41,0.70
cloud-k3s-master2,1,2026-06-05 16:34:47 UTC,sda,37.00,0.00,132.00,0.00,3.57,0.02,0.43,0.80
cloud-k3s-master2,1,2026-06-05 16:34:48 UTC,sda,25.00,0.00,64.00,0.00,2.56,0.01,0.40,0.60
cloud-k3s-master2,1,2026-06-05 16:34:49 UTC,sda,45.00,0.00,136.00,0.00,3.02,0.02,0.38,1.00
cloud-k3s-master2,1,2026-06-05 16:34:50 UTC,sda,28.00,0.00,152.00,0.00,5.43,0.01,0.43,0.60
cloud-k3s-master2,1,2026-06-05 16:34:51 UTC,sda,50.00,0.00,184.00,0.00,3.68,0.03,0.44,1.00
cloud-k3s-master2,1,2026-06-05 16:34:52 UTC,sda,25.00,0.00,64.00,0.00,2.56,0.01,0.44,0.70
cloud-k3s-master2,1,2026-06-05 16:34:53 UTC,sda,45.00,0.00,152.00,0.00,3.38,0.02,0.38,1.00
cloud-k3s-master2,1,2026-06-05 16:34:54 UTC,sda,32.00,0.00,84.00,0.00,2.62,0.02,0.47,0.80
cloud-k3s-master2,1,2026-06-05 16:34:55 UTC,sda,71.00,0.00,308.00,0.00,4.34,0.07,0.97,1.00
cloud-k3s-master2,1,2026-06-05 16:34:56 UTC,sda,20.00,0.00,100.00,0.00,5.00,0.01,0.40,0.50
cloud-k3s-master2,1,2026-06-05 16:34:57 UTC,sda,53.00,0.00,176.00,0.00,3.32,0.03,0.40,0.90
cloud-k3s-master2,1,2026-06-05 16:34:58 UTC,sda,30.00,0.00,88.00,0.00,2.93,0.01,0.40,0.40
cloud-k3s-master2,1,2026-06-05 16:34:59 UTC,sda,55.00,0.00,184.00,0.00,3.35,0.03,0.42,1.30
cloud-k3s-master2,1,2026-06-05 16:35:00 UTC,sda,47.00,0.00,188.00,0.00,4.00,0.06,1.28,0.70
cloud-k3s-master2,1,2026-06-05 16:35:01 UTC,sda,44.00,0.00,140.00,0.00,3.18,0.02,0.36,1.00
cloud-k3s-master2,1,2026-06-05 16:35:02 UTC,sda,27.00,0.00,168.00,0.00,6.22,0.01,0.37,0.60
cloud-k3s-master2,1,2026-06-05 16:35:03 UTC,sda,42.00,0.00,132.00,0.00,3.14,0.02,0.33,0.80
cloud-k3s-master2,1,2026-06-05 16:35:04 UTC,sda,59.00,0.00,200.00,0.00,3.39,0.03,0.39,1.10
cloud-k3s-master2,1,2026-06-05 16:35:05 UTC,sda,49.00,0.00,176.00,0.00,3.59,0.03,0.41,1.40
cloud-k3s-master2,1,2026-06-05 16:35:06 UTC,sda,27.00,0.00,72.00,0.00,2.67,0.01,0.41,0.40
cloud-k3s-master2,1,2026-06-05 16:35:07 UTC,sda,97.00,0.00,396.00,0.00,4.08,0.14,1.37,1.40
cloud-k3s-master2,1,2026-06-05 16:35:08 UTC,sda,27.00,0.00,152.00,0.00,5.63,0.01,0.37,0.70
cloud-k3s-master2,1,2026-06-05 16:35:09 UTC,sda,29.00,0.00,104.00,0.00,3.59,0.01,0.41,0.20
cloud-k3s-master2,1,2026-06-05 16:35:10 UTC,sda,33.00,0.00,88.00,0.00,2.67,0.02,0.36,0.80
cloud-k3s-master2,1,2026-06-05 16:35:11 UTC,sda,42.00,0.00,140.00,0.00,3.33,0.02,0.43,1.10
cloud-k3s-master2,1,2026-06-05 16:35:12 UTC,sda,51.00,0.00,164.00,0.00,3.22,0.03,0.39,1.10
cloud-k3s-master2,1,2026-06-05 16:35:13 UTC,sda,37.00,0.00,96.00,0.00,2.59,0.02,0.38,0.80
cloud-k3s-master2,1,2026-06-05 16:35:14 UTC,sda,56.00,0.00,240.00,0.00,4.29,0.03,0.45,1.50
cloud-k3s-master2,1,2026-06-05 16:35:15 UTC,sda,64.00,0.00,284.00,0.00,4.44,0.06,0.92,0.60
cloud-k3s-master2,1,2026-06-05 16:35:16 UTC,sda,22.77,0.00,75.25,0.00,3.30,0.01,0.48,0.50
cloud-k3s-master2,1,2026-06-05 16:35:17 UTC,sda,35.00,0.00,108.00,0.00,3.09,0.02,0.40,0.90
cloud-k3s-master2,1,2026-06-05 16:35:18 UTC,sda,26.00,0.00,68.00,0.00,2.62,0.01,0.38,0.40
cloud-k3s-master2,1,2026-06-05 16:35:19 UTC,sda,38.00,0.00,116.00,0.00,3.05,0.02,0.42,0.90
cloud-k3s-master2,1,2026-06-05 16:35:20 UTC,sda,66.00,0.00,336.00,0.00,5.09,0.07,1.06,0.80
cloud-k3s-master2,1,2026-06-05 16:35:21 UTC,sda,34.00,0.00,108.00,0.00,3.18,0.02,0.41,0.90
cloud-k3s-master2,1,2026-06-05 16:35:22 UTC,sda,39.00,0.00,112.00,0.00,2.87,0.02,0.41,0.70
cloud-k3s-master2,1,2026-06-05 16:35:23 UTC,sda,41.00,0.00,128.00,0.00,3.12,0.03,0.46,1.00
cloud-k3s-master2,1,2026-06-05 16:35:24 UTC,sda,49.00,0.00,148.00,0.00,3.02,0.03,0.43,1.10
cloud-k3s-master2,1,2026-06-05 16:35:25 UTC,sda,41.00,0.00,136.00,0.00,3.32,0.02,0.41,0.70
cloud-k3s-master2,1,2026-06-05 16:35:26 UTC,sda,30.00,0.00,164.00,0.00,5.47,0.02,0.43,0.90
cloud-k3s-master2,1,2026-06-05 16:35:27 UTC,sda,65.00,0.00,228.00,0.00,3.51,0.03,0.40,1.80
cloud-k3s-master2,1,2026-06-05 16:35:28 UTC,sda,30.00,0.00,88.00,0.00,2.93,0.01,0.37,0.40
cloud-k3s-master2,1,2026-06-05 16:35:29 UTC,sda,73.00,0.00,280.00,0.00,3.84,0.07,0.90,1.20
cloud-k3s-master2,1,2026-06-05 16:35:30 UTC,sda,29.00,0.00,112.00,0.00,3.86,0.01,0.41,0.80
cloud-k3s-master2,1,2026-06-05 16:35:31 UTC,sda,32.00,0.00,104.00,0.00,3.25,0.02,0.41,0.60
cloud-k3s-master2,1,2026-06-05 16:35:32 UTC,sda,36.00,0.00,144.00,0.00,4.00,0.02,0.33,1.00
cloud-k3s-master2,1,2026-06-05 16:35:33 UTC,sda,39.00,0.00,128.00,0.00,3.28,0.02,0.36,0.90
cloud-k3s-master2,1,2026-06-05 16:35:34 UTC,sda,44.00,0.00,148.00,0.00,3.36,0.02,0.39,1.00
cloud-k3s-master2,1,2026-06-05 16:35:35 UTC,sda,58.00,0.00,200.00,0.00,3.45,0.03,0.34,1.00
cloud-k3s-master2,1,2026-06-05 16:35:36 UTC,sda,39.00,0.00,124.00,0.00,3.18,0.02,0.41,0.60
cloud-k3s-master2,1,2026-06-05 16:35:37 UTC,sda,36.00,0.00,112.00,0.00,3.11,0.02,0.39,0.80
cloud-k3s-master2,1,2026-06-05 16:35:38 UTC,sda,26.00,0.00,112.00,0.00,4.31,0.01,0.38,0.80
cloud-k3s-master2,1,2026-06-05 16:35:39 UTC,sda,34.00,0.00,116.00,0.00,3.41,0.02,0.38,0.80
cloud-k3s-master2,1,2026-06-05 16:35:40 UTC,sda,36.00,0.00,96.00,0.00,2.67,0.02,0.36,0.90
cloud-k3s-master2,1,2026-06-05 16:35:41 UTC,sda,24.00,0.00,92.00,0.00,3.83,0.01,0.42,0.70
cloud-k3s-master2,1,2026-06-05 16:35:42 UTC,sda,58.00,0.00,180.00,0.00,3.10,0.03,0.40,1.20
cloud-k3s-master2,1,2026-06-05 16:35:43 UTC,sda,46.00,0.00,140.00,0.00,3.04,0.02,0.37,0.90
cloud-k3s-master2,1,2026-06-05 16:35:44 UTC,sda,26.00,0.00,140.00,0.00,5.38,0.01,0.35,0.80
cloud-k3s-master2,1,2026-06-05 16:35:45 UTC,sda,55.00,0.00,180.00,0.00,3.27,0.03,0.44,1.00
cloud-k3s-master2,1,2026-06-05 16:35:46 UTC,sda,16.00,0.00,64.00,0.00,4.00,0.01,0.31,0.50
cloud-k3s-master2,1,2026-06-05 16:35:47 UTC,sda,42.00,0.00,132.00,0.00,3.14,0.02,0.38,0.60
cloud-k3s-master2,1,2026-06-05 16:35:48 UTC,sda,19.00,0.00,48.00,0.00,2.53,0.01,0.47,0.60
cloud-k3s-master2,1,2026-06-05 16:35:49 UTC,sda,37.00,0.00,136.00,0.00,3.68,0.02,0.41,1.00
cloud-k3s-master2,1,2026-06-05 16:35:50 UTC,sda,52.00,0.00,244.00,0.00,4.69,0.04,0.62,2.10
cloud-k3s-master2,1,2026-06-05 16:35:51 UTC,sda,39.00,0.00,148.00,0.00,3.79,0.02,0.44,1.00
cloud-k3s-master2,1,2026-06-05 16:35:52 UTC,sda,42.00,0.00,140.00,0.00,3.33,0.02,0.38,0.90
cloud-k3s-master2,1,2026-06-05 16:35:53 UTC,sda,59.00,0.00,180.00,0.00,3.05,0.03,0.42,1.50
cloud-k3s-master2,1,2026-06-05 16:35:54 UTC,sda,11.00,0.00,28.00,0.00,2.55,0.01,0.45,0.30
cloud-k3s-master2,1,2026-06-05 16:35:55 UTC,sda,54.00,0.00,192.00,0.00,3.56,0.03,0.37,1.40
cloud-k3s-master2,1,2026-06-05 16:35:56 UTC,sda,22.00,0.00,132.00,0.00,6.00,0.01,0.36,0.50
cloud-k3s-master2,1,2026-06-05 16:35:57 UTC,sda,76.00,0.00,252.00,0.00,3.32,0.04,0.43,1.50
cloud-k3s-master2,1,2026-06-05 16:35:58 UTC,sda,22.00,0.00,64.00,0.00,2.91,0.01,0.41,0.30
cloud-k3s-master2,1,2026-06-05 16:35:59 UTC,sda,36.00,0.00,112.00,0.00,3.11,0.02,0.36,0.80
cloud-k3s-master2,1,2026-06-05 16:36:00 UTC,sda,21.00,0.00,56.00,0.00,2.67,0.01,0.43,0.50
cloud-k3s-master2,1,2026-06-05 16:36:01 UTC,sda,104.00,0.00,432.00,0.00,4.15,0.15,1.37,1.10
cloud-k3s-master2,1,2026-06-05 16:36:02 UTC,sda,33.00,0.00,172.00,0.00,5.21,0.02,0.48,0.80
cloud-k3s-master2,1,2026-06-05 16:36:03 UTC,sda,58.00,0.00,172.00,0.00,2.97,0.03,0.41,1.40
cloud-k3s-master2,1,2026-06-05 16:36:04 UTC,sda,20.00,0.00,68.00,0.00,3.40,0.01,0.60,0.40
cloud-k3s-master2,1,2026-06-05 16:36:05 UTC,sda,73.00,0.00,268.00,0.00,3.67,0.04,0.41,1.70
cloud-k3s-master2,1,2026-06-05 16:36:06 UTC,sda,37.00,0.00,100.00,0.00,2.70,0.04,0.95,0.80
cloud-k3s-master2,1,2026-06-05 16:36:07 UTC,sda,50.00,0.00,152.00,0.00,3.04,0.02,0.38,1.40
cloud-k3s-master2,1,2026-06-05 16:36:08 UTC,sda,18.00,0.00,116.00,0.00,6.44,0.01,0.50,0.60
cloud-k3s-master2,1,2026-06-05 16:36:09 UTC,sda,38.00,0.00,100.00,0.00,2.63,0.02,0.34,0.40
cloud-k3s-master2,1,2026-06-05 16:36:10 UTC,sda,36.00,0.00,180.00,0.00,5.00,0.02,0.47,0.80
cloud-k3s-master2,1,2026-06-05 16:36:11 UTC,sda,40.00,0.00,152.00,0.00,3.80,0.02,0.42,0.90
cloud-k3s-master2,1,2026-06-05 16:36:12 UTC,sda,41.00,0.00,140.00,0.00,3.41,0.02,0.44,1.20
cloud-k3s-master2,1,2026-06-05 16:36:13 UTC,sda,67.00,0.00,192.00,0.00,2.87,0.03,0.40,1.90
cloud-k3s-master2,1,2026-06-05 16:36:14 UTC,sda,19.00,0.00,52.00,0.00,2.74,0.01,0.47,0.50
cloud-k3s-master2,1,2026-06-05 16:36:15 UTC,sda,66.00,0.00,228.00,0.00,3.45,0.03,0.38,1.30
cloud-k3s-master2,1,2026-06-05 16:36:16 UTC,sda,28.00,0.00,96.00,0.00,3.43,0.01,0.46,0.80
cloud-k3s-master2,1,2026-06-05 16:36:17 UTC,sda,45.00,0.00,136.00,0.00,3.02,0.03,0.44,1.10
cloud-k3s-master2,1,2026-06-05 16:36:18 UTC,sda,16.00,0.00,40.00,0.00,2.50,0.01,0.31,0.50
cloud-k3s-master2,1,2026-06-05 16:36:19 UTC,sda,33.00,0.00,108.00,0.00,3.27,0.02,0.42,0.80
cloud-k3s-master2,1,2026-06-05 16:36:20 UTC,sda,33.00,0.00,116.00,0.00,3.52,0.02,0.39,0.50
cloud-k3s-master2,1,2026-06-05 16:36:21 UTC,sda,51.00,0.00,160.00,0.00,3.14,0.03,0.39,0.80
cloud-k3s-master2,1,2026-06-05 16:36:22 UTC,sda,29.00,0.00,80.00,0.00,2.76,0.01,0.41,0.50
cloud-k3s-master2,1,2026-06-05 16:36:23 UTC,sda,65.00,0.00,216.00,0.00,3.32,0.03,0.40,1.00
cloud-k3s-master2,1,2026-06-05 16:36:24 UTC,sda,9.00,0.00,24.00,0.00,2.67,0.00,0.33,0.30
cloud-k3s-master2,1,2026-06-05 16:36:25 UTC,sda,43.00,0.00,144.00,0.00,3.35,0.03,0.47,1.10
cloud-k3s-master2,1,2026-06-05 16:36:26 UTC,sda,24.00,0.00,80.00,0.00,3.33,0.01,0.42,0.80
cloud-k3s-master2,1,2026-06-05 16:36:27 UTC,sda,60.00,0.00,204.00,0.00,3.40,0.03,0.38,1.50
cloud-k3s-master2,1,2026-06-05 16:36:28 UTC,sda,28.00,0.00,76.00,0.00,2.71,0.02,0.43,0.80
cloud-k3s-master2,1,2026-06-05 16:36:29 UTC,sda,39.00,0.00,140.00,0.00,3.59,0.02,0.41,1.10
cloud-k3s-master2,1,2026-06-05 16:36:30 UTC,sda,15.00,0.00,44.00,0.00,2.93,0.01,0.33,0.30
cloud-k3s-master2,1,2026-06-05 16:36:31 UTC,sda,44.00,0.00,140.00,0.00,3.18,0.03,0.48,1.30
cloud-k3s-master2,1,2026-06-05 16:36:32 UTC,sda,26.00,0.00,68.00,0.00,2.62,0.01,0.38,0.40
cloud-k3s-master2,1,2026-06-05 16:36:33 UTC,sda,67.00,0.00,208.00,0.00,3.10,0.03,0.37,1.50
cloud-k3s-master2,1,2026-06-05 16:36:34 UTC,sda,13.00,0.00,40.00,0.00,3.08,0.01,0.38,0.20
cloud-k3s-master2,1,2026-06-05 16:36:35 UTC,sda,140.00,0.00,680.00,0.00,4.86,0.15,1.07,1.70
cloud-k3s-master2,1,2026-06-05 16:36:36 UTC,sda,49.00,0.00,148.00,0.00,3.02,0.02,0.35,0.80
cloud-k3s-master2,1,2026-06-05 16:36:37 UTC,sda,45.00,0.00,140.00,0.00,3.11,0.02,0.42,1.20
cloud-k3s-master2,1,2026-06-05 16:36:38 UTC,sda,25.00,0.00,64.00,0.00,2.56,0.01,0.40,0.70
cloud-k3s-master2,1,2026-06-05 16:36:39 UTC,sda,31.00,0.00,96.00,0.00,3.10,0.01,0.39,0.70
cloud-k3s-master2,1,2026-06-05 16:36:40 UTC,sda,18.00,0.00,300.00,0.00,16.67,0.01,0.44,0.40
cloud-k3s-master2,1,2026-06-05 16:36:41 UTC,sda,38.00,0.00,148.00,0.00,3.89,0.03,0.55,1.20
cloud-k3s-master2,1,2026-06-05 16:36:42 UTC,sda,31.00,0.00,96.00,0.00,3.10,0.01,0.39,0.80
cloud-k3s-master2,1,2026-06-05 16:36:43 UTC,sda,61.00,0.00,180.00,0.00,2.95,0.03,0.41,1.40
cloud-k3s-master2,1,2026-06-05 16:36:44 UTC,sda,36.00,0.00,116.00,0.00,3.22,0.02,0.42,0.80
cloud-k3s-master2,1,2026-06-05 16:36:45 UTC,sda,40.00,0.00,140.00,0.00,3.50,0.02,0.38,0.90
cloud-k3s-master2,1,2026-06-05 16:36:46 UTC,sda,40.00,0.00,120.00,0.00,3.00,0.02,0.42,0.80
cloud-k3s-master2,1,2026-06-05 16:36:47 UTC,sda,47.00,0.00,156.00,0.00,3.32,0.02,0.36,1.30
cloud-k3s-master2,1,2026-06-05 16:36:48 UTC,sda,33.00,0.00,88.00,0.00,2.67,0.02,0.42,0.90
cloud-k3s-master2,1,2026-06-05 16:36:49 UTC,sda,31.00,0.00,96.00,0.00,3.10,0.01,0.39,1.00
cloud-k3s-master2,1,2026-06-05 16:36:50 UTC,sda,33.00,0.00,116.00,0.00,3.52,0.02,0.39,0.90
cloud-k3s-master2,1,2026-06-05 16:36:51 UTC,sda,43.00,0.00,132.00,0.00,3.07,0.02,0.40,1.20
cloud-k3s-master2,1,2026-06-05 16:36:52 UTC,sda,27.00,0.00,76.00,0.00,2.81,0.01,0.41,0.60
cloud-k3s-master2,1,2026-06-05 16:36:53 UTC,sda,54.00,0.00,196.00,0.00,3.63,0.03,0.43,1.50
cloud-k3s-master2,1,2026-06-05 16:36:54 UTC,sda,28.00,0.00,80.00,0.00,2.86,0.01,0.46,0.60
cloud-k3s-master2,1,2026-06-05 16:36:55 UTC,sda,78.00,0.00,364.00,0.00,4.67,0.15,1.92,0.70
cloud-k3s-master2,1,2026-06-05 16:36:56 UTC,sda,49.00,0.00,148.00,0.00,3.02,0.03,0.43,1.30
cloud-k3s-master2,1,2026-06-05 16:36:57 UTC,sda,67.00,0.00,236.00,0.00,3.52,0.03,0.37,1.40
cloud-k3s-master2,1,2026-06-05 16:36:58 UTC,sda,37.00,0.00,112.00,0.00,3.03,0.02,0.38,0.70
cloud-k3s-master2,1,2026-06-05 16:36:59 UTC,sda,48.00,0.00,160.00,0.00,3.33,0.03,0.44,1.20
cloud-k3s-master2,1,2026-06-05 16:37:00 UTC,sda,18.00,0.00,48.00,0.00,2.67,0.01,0.39,0.20
cloud-k3s-master2,1,2026-06-05 16:37:01 UTC,sda,32.00,0.00,116.00,0.00,3.62,0.02,0.56,1.50
cloud-k3s-master2,1,2026-06-05 16:37:02 UTC,sda,35.00,0.00,92.00,0.00,2.63,0.02,0.46,0.70
cloud-k3s-master2,1,2026-06-05 16:37:03 UTC,sda,50.00,0.00,164.00,0.00,3.28,0.03,0.40,1.60
cloud-k3s-master2,1,2026-06-05 16:37:04 UTC,sda,29.00,0.00,88.00,0.00,3.03,0.01,0.38,0.70
cloud-k3s-master2,1,2026-06-05 16:37:05 UTC,sda,69.00,0.00,284.00,0.00,4.12,0.07,0.88,1.10
cloud-k3s-master2,1,2026-06-05 16:37:06 UTC,sda,55.00,0.00,184.00,0.00,3.35,0.03,0.44,1.70
cloud-k3s-master2,1,2026-06-05 16:37:07 UTC,sda,56.00,0.00,168.00,0.00,3.00,0.03,0.43,1.40
cloud-k3s-master2,1,2026-06-05 16:37:08 UTC,sda,25.00,0.00,64.00,0.00,2.56,0.01,0.36,0.30
cloud-k3s-master2,1,2026-06-05 16:37:09 UTC,sda,39.00,0.00,120.00,0.00,3.08,0.02,0.36,0.80
cloud-k3s-master2,1,2026-06-05 16:37:10 UTC,sda,48.00,0.00,220.00,0.00,4.58,0.06,1.12,0.70
cloud-k3s-master2,1,2026-06-05 16:37:11 UTC,sda,25.00,0.00,304.00,0.00,12.16,0.01,0.44,0.70
cloud-k3s-master2,1,2026-06-05 16:37:12 UTC,sda,47.00,0.00,168.00,0.00,3.57,0.03,0.45,1.50
cloud-k3s-master2,1,2026-06-05 16:37:13 UTC,sda,63.00,0.00,184.00,0.00,2.92,0.03,0.38,1.30
cloud-k3s-master2,1,2026-06-05 16:37:14 UTC,sda,40.59,0.00,130.69,0.00,3.22,0.02,0.34,0.59
cloud-k3s-master2,1,2026-06-05 16:37:15 UTC,sda,27.00,0.00,104.00,0.00,3.85,0.01,0.48,0.50
cloud-k3s-master2,1,2026-06-05 16:37:16 UTC,sda,39.00,0.00,128.00,0.00,3.28,0.02,0.38,0.80
cloud-k3s-master2,1,2026-06-05 16:37:17 UTC,sda,60.00,0.00,232.00,0.00,3.87,0.03,0.42,1.10
cloud-k3s-master2,1,2026-06-05 16:37:18 UTC,sda,43.00,0.00,136.00,0.00,3.16,0.02,0.40,0.80
cloud-k3s-master2,1,2026-06-05 16:37:19 UTC,sda,68.00,0.00,264.00,0.00,3.88,0.07,1.01,1.00
cloud-k3s-master2,1,2026-06-05 16:37:20 UTC,sda,34.00,0.00,124.00,0.00,3.65,0.02,0.41,0.70
cloud-k3s-master2,1,2026-06-05 16:37:21 UTC,sda,35.00,0.00,104.00,0.00,2.97,0.02,0.43,0.50
cloud-k3s-master2,1,2026-06-05 16:37:22 UTC,sda,44.00,0.00,132.00,0.00,3.00,0.02,0.39,1.20
cloud-k3s-master2,1,2026-06-05 16:37:23 UTC,sda,47.00,0.00,200.00,0.00,4.26,0.03,0.45,1.40
cloud-k3s-master2,1,2026-06-05 16:37:24 UTC,sda,59.00,0.00,220.00,0.00,3.73,0.04,0.47,1.60
cloud-k3s-master2,1,2026-06-05 16:37:25 UTC,sda,50.00,0.00,252.00,0.00,5.04,0.06,1.10,0.80
cloud-k3s-master2,1,2026-06-05 16:37:26 UTC,sda,36.00,0.00,100.00,0.00,2.78,0.02,0.39,0.70
cloud-k3s-master2,1,2026-06-05 16:37:27 UTC,sda,57.00,0.00,196.00,0.00,3.44,0.03,0.37,1.40
cloud-k3s-master2,1,2026-06-05 16:37:28 UTC,sda,41.00,0.00,124.00,0.00,3.02,0.02,0.39,1.00
cloud-k3s-master2,1,2026-06-05 16:37:29 UTC,sda,40.00,0.00,180.00,0.00,4.50,0.02,0.38,1.00
cloud-k3s-master2,1,2026-06-05 16:37:30 UTC,sda,18.00,0.00,52.00,0.00,2.89,0.01,0.44,0.40
cloud-k3s-master2,1,2026-06-05 16:37:31 UTC,sda,24.00,0.00,92.00,0.00,3.83,0.02,0.46,0.70
cloud-k3s-master2,1,2026-06-05 16:37:32 UTC,sda,41.00,0.00,132.00,0.00,3.22,0.02,0.39,0.90
cloud-k3s-master2,1,2026-06-05 16:37:33 UTC,sda,54.00,0.00,164.00,0.00,3.04,0.03,0.43,0.80
cloud-k3s-master2,1,2026-06-05 16:37:34 UTC,sda,47.00,0.00,152.00,0.00,3.23,0.02,0.40,0.80
cloud-k3s-master2,1,2026-06-05 16:37:35 UTC,sda,62.00,0.00,312.00,0.00,5.03,0.08,1.19,0.90
cloud-k3s-master2,1,2026-06-05 16:37:36 UTC,sda,36.00,0.00,120.00,0.00,3.33,0.01,0.33,0.50
cloud-k3s-master2,1,2026-06-05 16:37:37 UTC,sda,46.00,0.00,140.00,0.00,3.04,0.02,0.41,0.90
cloud-k3s-master2,1,2026-06-05 16:37:38 UTC,sda,38.00,0.00,124.00,0.00,3.26,0.02,0.45,1.00
cloud-k3s-master2,1,2026-06-05 16:37:39 UTC,sda,45.00,0.00,140.00,0.00,3.11,0.02,0.40,1.00
cloud-k3s-master2,1,2026-06-05 16:37:40 UTC,sda,18.00,0.00,48.00,0.00,2.67,0.01,0.39,0.00
cloud-k3s-master2,1,2026-06-05 16:37:41 UTC,sda,23.00,0.00,148.00,0.00,6.43,0.03,0.87,1.50
cloud-k3s-master2,1,2026-06-05 16:37:42 UTC,sda,38.00,0.00,116.00,0.00,3.05,0.02,0.39,1.00
cloud-k3s-master2,1,2026-06-05 16:37:43 UTC,sda,57.00,0.00,180.00,0.00,3.16,0.03,0.40,1.30
cloud-k3s-master2,1,2026-06-05 16:37:44 UTC,sda,37.00,0.00,100.00,0.00,2.70,0.02,0.46,0.90
cloud-k3s-master2,1,2026-06-05 16:37:45 UTC,sda,320.00,0.00,1688.00,0.00,5.28,0.22,0.54,10.10
cloud-k3s-master2,1,2026-06-05 16:37:46 UTC,sda,22.00,0.00,84.00,0.00,3.82,0.01,0.36,0.70
cloud-k3s-master2,1,2026-06-05 16:37:47 UTC,sda,45.00,0.00,192.00,0.00,4.27,0.03,0.44,1.00
cloud-k3s-master2,1,2026-06-05 16:37:48 UTC,sda,51.00,0.00,152.00,0.00,2.98,0.02,0.35,1.20
cloud-k3s-master2,1,2026-06-05 16:37:49 UTC,sda,66.00,0.00,260.00,0.00,3.94,0.03,0.41,1.60
cloud-k3s-master2,1,2026-06-05 16:37:50 UTC,sda,91.00,0.00,424.00,0.00,4.66,0.08,0.80,1.70
cloud-k3s-master2,1,2026-06-05 16:37:51 UTC,sda,39.00,0.00,152.00,0.00,3.90,0.02,0.44,0.90
cloud-k3s-master2,1,2026-06-05 16:37:52 UTC,sda,47.00,0.00,184.00,0.00,3.91,0.02,0.38,0.80
cloud-k3s-master2,1,2026-06-05 16:37:53 UTC,sda,47.00,0.00,216.00,0.00,4.60,0.02,0.43,1.10
cloud-k3s-master2,1,2026-06-05 16:37:54 UTC,sda,19.00,0.00,56.00,0.00,2.95,0.01,0.37,0.50
cloud-k3s-master2,1,2026-06-05 16:37:55 UTC,sda,127.00,0.00,580.00,0.00,4.57,0.10,0.76,1.70
cloud-k3s-master2,1,2026-06-05 16:37:56 UTC,sda,12.00,0.00,60.00,0.00,5.00,0.01,0.42,0.30
cloud-k3s-master2,1,2026-06-05 16:37:57 UTC,sda,56.00,0.00,180.00,0.00,3.21,0.03,0.43,1.30
cloud-k3s-master2,1,2026-06-05 16:37:58 UTC,sda,63.00,0.00,180.00,0.00,2.86,0.03,0.38,1.40
cloud-k3s-master2,1,2026-06-05 16:37:59 UTC,sda,96.00,0.00,424.00,0.00,4.42,0.09,0.84,1.20
cloud-k3s-master2,1,2026-06-05 16:38:00 UTC,sda,23.00,0.00,100.00,0.00,4.35,0.01,0.43,0.60
cloud-k3s-master2,1,2026-06-05 16:38:01 UTC,sda,32.00,0.00,92.00,0.00,2.88,0.01,0.38,0.60
cloud-k3s-master2,1,2026-06-05 16:38:02 UTC,sda,30.00,0.00,120.00,0.00,4.00,0.01,0.43,0.40
cloud-k3s-master2,1,2026-06-05 16:38:03 UTC,sda,75.00,0.00,248.00,0.00,3.31,0.04,0.40,1.80
cloud-k3s-master2,1,2026-06-05 16:38:04 UTC,sda,16.00,0.00,48.00,0.00,3.00,0.01,0.44,0.40
cloud-k3s-master2,1,2026-06-05 16:38:05 UTC,sda,85.00,0.00,384.00,0.00,4.52,0.07,0.74,1.20
cloud-k3s-master2,1,2026-06-05 16:38:06 UTC,sda,18.00,0.00,48.00,0.00,2.67,0.01,0.39,0.60
cloud-k3s-master2,1,2026-06-05 16:38:07 UTC,sda,52.00,0.00,180.00,0.00,3.46,0.03,0.40,1.30
cloud-k3s-master2,1,2026-06-05 16:38:08 UTC,sda,40.00,0.00,120.00,0.00,3.00,0.02,0.42,1.50
cloud-k3s-master2,1,2026-06-05 16:38:09 UTC,sda,38.00,0.00,116.00,0.00,3.05,0.02,0.42,0.80
cloud-k3s-master2,1,2026-06-05 16:38:10 UTC,sda,20.00,0.00,56.00,0.00,2.80,0.01,0.40,0.50
cloud-k3s-master2,1,2026-06-05 16:38:11 UTC,sda,32.00,0.00,172.00,0.00,5.38,0.02,0.41,0.90
cloud-k3s-master2,1,2026-06-05 16:38:12 UTC,sda,29.00,0.00,96.00,0.00,3.31,0.01,0.38,0.70
cloud-k3s-master2,1,2026-06-05 16:38:13 UTC,sda,90.00,0.00,328.00,0.00,3.64,0.04,0.37,1.20
cloud-k3s-master2,1,2026-06-05 16:38:14 UTC,sda,29.00,0.00,96.00,0.00,3.31,0.01,0.45,0.60
cloud-k3s-master2,1,2026-06-05 16:38:15 UTC,sda,83.00,0.00,320.00,0.00,3.86,0.09,1.00,1.10
cloud-k3s-master2,1,2026-06-05 16:38:16 UTC,sda,9.00,0.00,24.00,0.00,2.67,0.01,0.44,0.10
cloud-k3s-master2,1,2026-06-05 16:38:17 UTC,sda,48.00,0.00,156.00,0.00,3.25,0.03,0.44,1.30
cloud-k3s-master2,1,2026-06-05 16:38:18 UTC,sda,57.00,0.00,172.00,0.00,3.02,0.03,0.35,1.20
cloud-k3s-master2,1,2026-06-05 16:38:19 UTC,sda,191.00,0.00,944.00,0.00,4.94,0.09,0.35,5.40
cloud-k3s-master2,1,2026-06-05 16:38:20 UTC,sda,132.00,0.00,656.00,0.00,4.97,0.06,0.33,3.50
cloud-k3s-master2,1,2026-06-05 16:38:21 UTC,sda,54.00,0.00,204.00,0.00,3.78,0.03,0.44,1.40
cloud-k3s-master2,1,2026-06-05 16:38:22 UTC,sda,17.00,0.00,136.00,0.00,8.00,0.01,0.41,0.40
cloud-k3s-master2,1,2026-06-05 16:38:23 UTC,sda,66.00,0.00,228.00,0.00,3.45,0.03,0.36,1.00
cloud-k3s-master2,1,2026-06-05 16:38:24 UTC,sda,50.00,0.00,204.00,0.00,4.08,0.07,1.28,0.50
cloud-k3s-master2,1,2026-06-05 16:38:25 UTC,sda,43.00,0.00,160.00,0.00,3.72,0.02,0.42,1.20
cloud-k3s-master2,1,2026-06-05 16:38:26 UTC,sda,19.00,0.00,52.00,0.00,2.74,0.01,0.47,0.40
cloud-k3s-master2,1,2026-06-05 16:38:27 UTC,sda,56.00,0.00,180.00,0.00,3.21,0.03,0.45,0.90
cloud-k3s-master2,1,2026-06-05 16:38:28 UTC,sda,58.00,0.00,244.00,0.00,4.21,0.03,0.40,1.50
cloud-k3s-master2,1,2026-06-05 16:38:29 UTC,sda,42.00,0.00,128.00,0.00,3.05,0.02,0.36,1.00
cloud-k3s-master2,1,2026-06-05 16:38:30 UTC,sda,50.00,0.00,212.00,0.00,4.24,0.06,1.12,0.40
cloud-k3s-master2,1,2026-06-05 16:38:31 UTC,sda,31.00,0.00,128.00,0.00,4.13,0.02,0.42,0.60
cloud-k3s-master2,1,2026-06-05 16:38:32 UTC,sda,16.00,0.00,40.00,0.00,2.50,0.01,0.31,0.30
cloud-k3s-master2,1,2026-06-05 16:38:33 UTC,sda,49.00,0.00,148.00,0.00,3.02,0.02,0.35,1.00
cloud-k3s-master2,1,2026-06-05 16:38:34 UTC,sda,22.00,0.00,128.00,0.00,5.82,0.01,0.36,0.60
cloud-k3s-master2,1,2026-06-05 16:38:35 UTC,sda,41.00,0.00,136.00,0.00,3.32,0.02,0.39,0.70
cloud-k3s-master2,1,2026-06-05 16:38:36 UTC,sda,93.00,0.00,404.00,0.00,4.34,0.12,1.23,1.00
cloud-k3s-master2,1,2026-06-05 16:38:37 UTC,sda,50.00,0.00,164.00,0.00,3.28,0.02,0.34,0.80
cloud-k3s-master2,1,2026-06-05 16:38:38 UTC,sda,45.00,0.00,136.00,0.00,3.02,0.02,0.38,1.10
cloud-k3s-master2,1,2026-06-05 16:38:39 UTC,sda,55.00,0.00,164.00,0.00,2.98,0.03,0.42,1.20
cloud-k3s-master2,1,2026-06-05 16:38:40 UTC,sda,21.00,0.00,144.00,0.00,6.86,0.01,0.52,0.60
cloud-k3s-master2,1,2026-06-05 16:38:41 UTC,sda,35.00,0.00,108.00,0.00,3.09,0.02,0.40,0.90
cloud-k3s-master2,1,2026-06-05 16:38:42 UTC,sda,32.00,0.00,124.00,0.00,3.88,0.01,0.38,0.80
cloud-k3s-master2,1,2026-06-05 16:38:43 UTC,sda,67.00,0.00,208.00,0.00,3.10,0.03,0.34,1.40
cloud-k3s-master2,1,2026-06-05 16:38:44 UTC,sda,80.00,0.00,352.00,0.00,4.40,0.09,1.15,0.90
cloud-k3s-master2,1,2026-06-05 16:38:45 UTC,sda,42.00,0.00,140.00,0.00,3.33,0.02,0.36,0.90
cloud-k3s-master2,1,2026-06-05 16:38:46 UTC,sda,28.00,0.00,76.00,0.00,2.71,0.01,0.39,0.60
cloud-k3s-master2,1,2026-06-05 16:38:47 UTC,sda,46.00,0.00,148.00,0.00,3.22,0.02,0.43,0.80
cloud-k3s-master2,1,2026-06-05 16:38:48 UTC,sda,38.00,0.00,116.00,0.00,3.05,0.02,0.39,1.00
cloud-k3s-master2,1,2026-06-05 16:38:49 UTC,sda,61.00,0.00,176.00,0.00,2.89,0.03,0.39,1.60
cloud-k3s-master2,1,2026-06-05 16:38:50 UTC,sda,63.00,0.00,280.00,0.00,4.44,0.07,1.02,1.10
cloud-k3s-master2,1,2026-06-05 16:38:51 UTC,sda,33.00,0.00,104.00,0.00,3.15,0.02,0.39,0.80
cloud-k3s-master2,1,2026-06-05 16:38:52 UTC,sda,23.00,0.00,60.00,0.00,2.61,0.01,0.39,0.50
cloud-k3s-master2,1,2026-06-05 16:38:53 UTC,sda,50.00,0.00,156.00,0.00,3.12,0.02,0.32,0.90
cloud-k3s-master2,1,2026-06-05 16:38:54 UTC,sda,26.00,0.00,72.00,0.00,2.77,0.01,0.38,0.70
cloud-k3s-master2,1,2026-06-05 16:38:55 UTC,sda,42.00,0.00,140.00,0.00,3.33,0.02,0.38,0.70
cloud-k3s-master2,1,2026-06-05 16:38:56 UTC,sda,28.00,0.00,100.00,0.00,3.57,0.01,0.43,0.70
cloud-k3s-master2,1,2026-06-05 16:38:57 UTC,sda,376.00,0.00,1980.00,0.00,5.27,0.20,0.37,12.30
cloud-k3s-master2,1,2026-06-05 16:38:58 UTC,sda,60.00,0.00,268.00,0.00,4.47,0.03,0.40,1.40
cloud-k3s-master2,1,2026-06-05 16:38:59 UTC,sda,1588.00,0.00,8728.00,0.00,5.50,0.79,0.36,52.00
cloud-k3s-master2,1,2026-06-05 16:39:00 UTC,sda,42.00,0.00,192.00,0.00,4.57,0.07,1.62,0.30
cloud-k3s-master2,1,2026-06-05 16:39:01 UTC,sda,33.00,0.00,116.00,0.00,3.52,0.02,0.42,0.80
cloud-k3s-master2,1,2026-06-05 16:39:02 UTC,sda,28.00,0.00,124.00,0.00,4.43,0.02,0.46,1.10
cloud-k3s-master2,1,2026-06-05 16:39:03 UTC,sda,53.00,0.00,224.00,0.00,4.23,0.03,0.43,1.60
cloud-k3s-master2,1,2026-06-05 16:39:04 UTC,sda,36.00,0.00,112.00,0.00,3.11,0.02,0.50,0.80
cloud-k3s-master2,1,2026-06-05 16:39:05 UTC,sda,45.00,0.00,160.00,0.00,3.56,0.02,0.42,1.20
cloud-k3s-master2,1,2026-06-05 16:39:06 UTC,sda,41.00,0.00,128.00,0.00,3.12,0.02,0.41,0.90
cloud-k3s-master2,1,2026-06-05 16:39:07 UTC,sda,61.00,0.00,184.00,0.00,3.02,0.03,0.38,1.20
cloud-k3s-master2,1,2026-06-05 16:39:08 UTC,sda,28.00,0.00,88.00,0.00,3.14,0.01,0.39,0.50
cloud-k3s-master2,1,2026-06-05 16:39:09 UTC,sda,49.50,0.00,146.53,0.00,2.96,0.03,0.42,0.99
cloud-k3s-master2,1,2026-06-05 16:39:10 UTC,sda,46.00,0.00,204.00,0.00,4.43,0.06,1.35,0.40
cloud-k3s-master2,1,2026-06-05 16:39:11 UTC,sda,33.00,0.00,116.00,0.00,3.52,0.02,0.39,0.90
cloud-k3s-master2,1,2026-06-05 16:39:12 UTC,sda,18.00,0.00,320.00,0.00,17.78,0.01,0.44,0.60
cloud-k3s-master2,1,2026-06-05 16:39:13 UTC,sda,57.00,0.00,164.00,0.00,2.88,0.03,0.40,1.40
cloud-k3s-master2,1,2026-06-05 16:39:14 UTC,sda,21.00,0.00,72.00,0.00,3.43,0.01,0.43,0.70
cloud-k3s-master2,1,2026-06-05 16:39:15 UTC,sda,71.00,0.00,292.00,0.00,4.11,0.07,0.85,1.20
cloud-k3s-master2,1,2026-06-05 16:39:16 UTC,sda,25.00,0.00,100.00,0.00,4.00,0.01,0.44,0.20
cloud-k3s-master2,1,2026-06-05 16:39:17 UTC,sda,51.00,0.00,160.00,0.00,3.14,0.03,0.37,1.50
cloud-k3s-master2,1,2026-06-05 16:39:18 UTC,sda,28.00,0.00,72.00,0.00,2.57,0.01,0.39,0.70
cloud-k3s-master2,1,2026-06-05 16:39:19 UTC,sda,59.00,0.00,192.00,0.00,3.25,0.03,0.44,1.60
cloud-k3s-master2,1,2026-06-05 16:39:20 UTC,sda,41.00,0.00,140.00,0.00,3.41,0.02,0.41,1.10
cloud-k3s-master2,1,2026-06-05 16:39:21 UTC,sda,40.00,0.00,124.00,0.00,3.10,0.02,0.42,1.10
cloud-k3s-master2,1,2026-06-05 16:39:22 UTC,sda,25.00,0.00,64.00,0.00,2.56,0.01,0.36,0.40
cloud-k3s-master2,1,2026-06-05 16:39:23 UTC,sda,51.00,0.00,156.00,0.00,3.06,0.03,0.41,1.00
cloud-k3s-master2,1,2026-06-05 16:39:24 UTC,sda,42.00,0.00,188.00,0.00,4.48,0.06,1.45,0.40
cloud-k3s-master2,1,2026-06-05 16:39:25 UTC,sda,49.00,0.00,180.00,0.00,3.67,0.03,0.43,1.40
cloud-k3s-master2,1,2026-06-05 16:39:26 UTC,sda,24.00,0.00,104.00,0.00,4.33,0.01,0.46,0.70
cloud-k3s-master2,1,2026-06-05 16:39:27 UTC,sda,54.00,0.00,192.00,0.00,3.56,0.03,0.41,1.40
cloud-k3s-master2,1,2026-06-05 16:39:28 UTC,sda,36.00,0.00,116.00,0.00,3.22,0.02,0.36,1.00
cloud-k3s-master2,1,2026-06-05 16:39:29 UTC,sda,70.00,0.00,208.00,0.00,2.97,0.03,0.39,1.70
cloud-k3s-master2,1,2026-06-05 16:39:30 UTC,sda,63.00,0.00,272.00,0.00,4.32,0.06,0.94,1.00
cloud-k3s-master2,1,2026-06-05 16:39:31 UTC,sda,41.00,0.00,140.00,0.00,3.41,0.05,1.05,1.60
cloud-k3s-master2,1,2026-06-05 16:39:32 UTC,sda,12.00,0.00,32.00,0.00,2.67,0.01,0.33,0.20
cloud-k3s-master2,1,2026-06-05 16:39:33 UTC,sda,53.00,0.00,168.00,0.00,3.17,0.03,0.42,1.40
cloud-k3s-master2,1,2026-06-05 16:39:34 UTC,sda,14.00,0.00,44.00,0.00,3.14,0.01,0.50,0.20
cloud-k3s-master2,1,2026-06-05 16:39:35 UTC,sda,65.00,0.00,220.00,0.00,3.38,0.03,0.43,1.30
cloud-k3s-master2,1,2026-06-05 16:39:36 UTC,sda,12.00,0.00,48.00,0.00,4.00,0.01,0.33,0.30
cloud-k3s-master2,1,2026-06-05 16:39:37 UTC,sda,65.00,0.00,192.00,0.00,2.95,0.03,0.38,1.20
cloud-k3s-master2,1,2026-06-05 16:39:38 UTC,sda,15.00,0.00,40.00,0.00,2.67,0.01,0.33,0.30
cloud-k3s-master2,1,2026-06-05 16:39:39 UTC,sda,57.00,0.00,196.00,0.00,3.44,0.03,0.46,1.80
cloud-k3s-master2,1,2026-06-05 16:39:40 UTC,sda,70.00,0.00,288.00,0.00,4.11,0.08,1.07,0.90
cloud-k3s-master2,1,2026-06-05 16:39:41 UTC,sda,42.00,0.00,132.00,0.00,3.14,0.02,0.40,0.90
cloud-k3s-master2,1,2026-06-05 16:39:42 UTC,sda,20.00,0.00,60.00,0.00,3.00,0.01,0.35,0.40
cloud-k3s-master2,1,2026-06-05 16:39:43 UTC,sda,72.00,0.00,460.00,0.00,6.39,0.04,0.40,1.70
cloud-k3s-master2,1,2026-06-05 16:39:44 UTC,sda,18.00,0.00,80.00,0.00,4.44,0.01,0.39,0.50
cloud-k3s-master2,1,2026-06-05 16:39:45 UTC,sda,46.00,0.00,152.00,0.00,3.30,0.02,0.41,1.10
cloud-k3s-master2,1,2026-06-05 16:39:46 UTC,sda,12.00,0.00,32.00,0.00,2.67,0.01,0.33,0.30
cloud-k3s-master2,1,2026-06-05 16:39:47 UTC,sda,54.00,0.00,160.00,0.00,2.96,0.03,0.39,0.90
cloud-k3s-master2,1,2026-06-05 16:39:48 UTC,sda,12.00,0.00,52.00,0.00,4.33,0.01,0.42,0.30
cloud-k3s-master2,1,2026-06-05 16:39:49 UTC,sda,86.00,0.00,328.00,0.00,3.81,0.09,0.97,1.80
cloud-k3s-master2,1,2026-06-05 16:39:50 UTC,sda,48.00,0.00,156.00,0.00,3.25,0.02,0.42,1.10
cloud-k3s-master2,1,2026-06-05 16:39:51 UTC,sda,34.00,0.00,104.00,0.00,3.06,0.02,0.35,1.10
cloud-k3s-master2,1,2026-06-05 16:39:52 UTC,sda,42.00,0.00,168.00,0.00,4.00,0.02,0.40,0.90
cloud-k3s-master2,1,2026-06-05 16:39:53 UTC,sda,49.00,0.00,172.00,0.00,3.51,0.03,0.45,1.10
cloud-k3s-master2,1,2026-06-05 16:39:54 UTC,sda,16.00,0.00,44.00,0.00,2.75,0.01,0.44,0.30
cloud-k3s-master2,1,2026-06-05 16:39:55 UTC,sda,73.00,0.00,296.00,0.00,4.05,0.07,0.90,1.10
cloud-k3s-master2,1,2026-06-05 16:39:56 UTC,sda,23.00,0.00,84.00,0.00,3.65,0.01,0.43,0.60
cloud-k3s-master2,1,2026-06-05 16:39:57 UTC,sda,61.00,0.00,196.00,0.00,3.21,0.03,0.41,1.00
cloud-k3s-master2,1,2026-06-05 16:39:58 UTC,sda,29.00,0.00,92.00,0.00,3.17,0.01,0.41,0.70
cloud-k3s-master2,1,2026-06-05 16:39:59 UTC,sda,52.00,0.00,172.00,0.00,3.31,0.03,0.38,1.30
cloud-k3s-master2,1,2026-06-05 16:40:00 UTC,sda,30.00,0.00,80.00,0.00,2.67,0.01,0.40,0.70
cloud-k3s-master2,1,2026-06-05 16:40:01 UTC,sda,36.00,0.00,128.00,0.00,3.56,0.02,0.36,0.70
cloud-k3s-master2,1,2026-06-05 16:40:02 UTC,sda,34.00,0.00,108.00,0.00,3.18,0.02,0.38,0.40
cloud-k3s-master2,1,2026-06-05 16:40:03 UTC,sda,46.00,0.00,140.00,0.00,3.04,0.02,0.37,1.40
cloud-k3s-master2,1,2026-06-05 16:40:04 UTC,sda,50.00,0.00,220.00,0.00,4.40,0.08,1.50,0.70
cloud-k3s-master2,1,2026-06-05 16:40:05 UTC,sda,42.00,0.00,184.00,0.00,4.38,0.02,0.38,1.20
cloud-k3s-master2,1,2026-06-05 16:40:06 UTC,sda,17.00,0.00,48.00,0.00,2.82,0.01,0.47,0.40
cloud-k3s-master2,1,2026-06-05 16:40:07 UTC,sda,106.00,0.00,348.00,0.00,3.28,0.05,0.42,2.30
cloud-k3s-master2,1,2026-06-05 16:40:08 UTC,sda,16.00,0.00,60.00,0.00,3.75,0.01,0.31,0.50
cloud-k3s-master2,1,2026-06-05 16:40:09 UTC,sda,42.00,0.00,132.00,0.00,3.14,0.02,0.40,0.90
cloud-k3s-master2,1,2026-06-05 16:40:10 UTC,sda,107.00,0.00,472.00,0.00,4.41,0.15,1.39,1.00
cloud-k3s-master2,1,2026-06-05 16:40:11 UTC,sda,47.00,0.00,184.00,0.00,3.91,0.02,0.38,0.70
cloud-k3s-master2,1,2026-06-05 16:40:12 UTC,sda,53.00,0.00,176.00,0.00,3.32,0.03,0.45,0.70
cloud-k3s-master2,1,2026-06-05 16:40:13 UTC,sda,61.00,0.00,176.00,0.00,2.89,0.03,0.36,1.00
cloud-k3s-master2,1,2026-06-05 16:40:14 UTC,sda,20.00,0.00,72.00,0.00,3.60,0.01,0.45,0.50
cloud-k3s-master2,1,2026-06-05 16:40:15 UTC,sda,26.00,0.00,316.00,0.00,12.15,0.01,0.38,0.70
cloud-k3s-master2,1,2026-06-05 16:40:16 UTC,sda,33.00,0.00,124.00,0.00,3.76,0.01,0.39,0.90
cloud-k3s-master2,1,2026-06-05 16:40:17 UTC,sda,41.00,0.00,128.00,0.00,3.12,0.02,0.41,0.80
cloud-k3s-master2,1,2026-06-05 16:40:18 UTC,sda,45.00,0.00,144.00,0.00,3.20,0.02,0.40,0.90
cloud-k3s-master2,1,2026-06-05 16:40:19 UTC,sda,24.00,0.00,64.00,0.00,2.67,0.01,0.29,0.60
cloud-k3s-master2,1,2026-06-05 16:40:20 UTC,sda,99.00,0.00,396.00,0.00,4.00,0.09,0.88,1.90
cloud-k3s-master2,1,2026-06-05 16:40:21 UTC,sda,47.00,0.00,144.00,0.00,3.06,0.02,0.43,1.20
cloud-k3s-master2,1,2026-06-05 16:40:22 UTC,sda,47.00,0.00,144.00,0.00,3.06,0.02,0.38,0.80
cloud-k3s-master2,1,2026-06-05 16:40:23 UTC,sda,43.00,0.00,136.00,0.00,3.16,0.02,0.44,1.10
cloud-k3s-master2,1,2026-06-05 16:40:24 UTC,sda,19.00,0.00,52.00,0.00,2.74,0.01,0.37,0.40
cloud-k3s-master2,1,2026-06-05 16:40:25 UTC,sda,50.00,0.00,244.00,0.00,4.88,0.06,1.08,0.80
cloud-k3s-master2,1,2026-06-05 16:40:26 UTC,sda,41.00,0.00,128.00,0.00,3.12,0.02,0.37,0.90
cloud-k3s-master2,1,2026-06-05 16:40:27 UTC,sda,46.00,0.00,156.00,0.00,3.39,0.02,0.39,0.90
cloud-k3s-master2,1,2026-06-05 16:40:28 UTC,sda,69.00,0.00,220.00,0.00,3.19,0.03,0.39,1.80
cloud-k3s-master2,1,2026-06-05 16:40:29 UTC,sda,36.00,0.00,96.00,0.00,2.67,0.01,0.36,0.70
cloud-k3s-master2,1,2026-06-05 16:40:30 UTC,sda,51.00,0.00,164.00,0.00,3.22,0.03,0.39,0.80
cloud-k3s-master2,1,2026-06-05 16:40:31 UTC,sda,33.00,0.00,112.00,0.00,3.39,0.02,0.39,0.60
cloud-k3s-master2,1,2026-06-05 16:40:32 UTC,sda,31.00,0.00,96.00,0.00,3.10,0.01,0.35,0.70
cloud-k3s-master2,1,2026-06-05 16:40:33 UTC,sda,51.00,0.00,156.00,0.00,3.06,0.03,0.41,1.20
cloud-k3s-master2,1,2026-06-05 16:40:34 UTC,sda,53.00,0.00,224.00,0.00,4.23,0.07,1.38,0.70
cloud-k3s-master2,1,2026-06-05 16:40:35 UTC,sda,30.00,0.00,112.00,0.00,3.73,0.02,0.47,0.90
cloud-k3s-master2,1,2026-06-05 16:40:36 UTC,sda,42.00,0.00,140.00,0.00,3.33,0.02,0.36,0.80
cloud-k3s-master2,1,2026-06-05 16:40:37 UTC,sda,40.00,0.00,128.00,0.00,3.20,0.02,0.40,0.40
cloud-k3s-master2,1,2026-06-05 16:40:38 UTC,sda,56.00,0.00,164.00,0.00,2.93,0.03,0.39,1.40
cloud-k3s-master2,1,2026-06-05 16:40:39 UTC,sda,25.00,0.00,84.00,0.00,3.36,0.01,0.40,0.90
cloud-k3s-master2,1,2026-06-05 16:40:40 UTC,sda,62.00,0.00,276.00,0.00,4.45,0.07,1.03,0.90
cloud-k3s-master2,1,2026-06-05 16:40:41 UTC,sda,39.00,0.00,124.00,0.00,3.18,0.02,0.38,0.80
cloud-k3s-master2,1,2026-06-05 16:40:42 UTC,sda,43.00,0.00,136.00,0.00,3.16,0.02,0.40,1.10
cloud-k3s-master2,1,2026-06-05 16:40:43 UTC,sda,60.00,0.00,200.00,0.00,3.33,0.03,0.40,1.00
cloud-k3s-master2,1,2026-06-05 16:40:44 UTC,sda,25.00,0.00,80.00,0.00,3.20,0.01,0.32,0.50
cloud-k3s-master2,1,2026-06-05 16:40:45 UTC,sda,18.00,0.00,52.00,0.00,2.89,0.01,0.44,0.30
cloud-k3s-master2,1,2026-06-05 16:40:46 UTC,sda,28.00,0.00,340.00,0.00,12.14,0.02,0.54,0.90
cloud-k3s-master2,1,2026-06-05 16:40:47 UTC,sda,40.59,0.00,114.85,0.00,2.83,0.02,0.41,1.19
cloud-k3s-master2,1,2026-06-05 16:40:48 UTC,sda,55.00,0.00,188.00,0.00,3.42,0.03,0.38,1.20
cloud-k3s-master2,1,2026-06-05 16:40:49 UTC,sda,58.00,0.00,244.00,0.00,4.21,0.08,1.34,0.80
cloud-k3s-master2,1,2026-06-05 16:40:50 UTC,sda,50.00,0.00,180.00,0.00,3.60,0.03,0.42,1.20
cloud-k3s-master2,1,2026-06-05 16:40:51 UTC,sda,40.00,0.00,124.00,0.00,3.10,0.02,0.42,0.80
cloud-k3s-master2,1,2026-06-05 16:40:52 UTC,sda,41.00,0.00,172.00,0.00,4.20,0.02,0.41,1.00
cloud-k3s-master2,1,2026-06-05 16:40:53 UTC,sda,48.00,0.00,164.00,0.00,3.42,0.03,0.42,1.10
cloud-k3s-master2,1,2026-06-05 16:40:54 UTC,sda,20.00,0.00,52.00,0.00,2.60,0.01,0.40,0.40
cloud-k3s-master2,1,2026-06-05 16:40:55 UTC,sda,50.00,0.00,240.00,0.00,4.80,0.06,1.20,0.50
cloud-k3s-master2,1,2026-06-05 16:40:56 UTC,sda,20.00,0.00,52.00,0.00,2.60,0.01,0.35,0.40
cloud-k3s-master2,1,2026-06-05 16:40:57 UTC,sda,65.00,0.00,248.00,0.00,3.82,0.04,0.46,1.80
cloud-k3s-master2,1,2026-06-05 16:40:58 UTC,sda,59.00,0.00,248.00,0.00,4.20,0.03,0.41,1.70
cloud-k3s-master2,1,2026-06-05 16:40:59 UTC,sda,30.00,0.00,92.00,0.00,3.07,0.01,0.37,0.40
cloud-k3s-master2,1,2026-06-05 16:41:00 UTC,sda,33.00,0.00,116.00,0.00,3.52,0.02,0.39,0.70
cloud-k3s-master2,1,2026-06-05 16:41:01 UTC,sda,31.00,0.00,108.00,0.00,3.48,0.01,0.39,0.60
cloud-k3s-master2,1,2026-06-05 16:41:02 UTC,sda,50.00,0.00,148.00,0.00,2.96,0.03,0.40,1.10
cloud-k3s-master2,1,2026-06-05 16:41:03 UTC,sda,43.00,0.00,140.00,0.00,3.26,0.02,0.37,1.00
cloud-k3s-master2,1,2026-06-05 16:41:04 UTC,sda,24.00,0.00,136.00,0.00,5.67,0.01,0.38,0.30
cloud-k3s-master2,1,2026-06-05 16:41:05 UTC,sda,63.00,0.00,280.00,0.00,4.44,0.08,1.25,0.50
cloud-k3s-master2,1,2026-06-05 16:41:06 UTC,sda,20.00,0.00,52.00,0.00,2.60,0.01,0.35,0.40
cloud-k3s-master2,1,2026-06-05 16:41:07 UTC,sda,60.00,0.00,236.00,0.00,3.93,0.03,0.42,1.50
cloud-k3s-master2,1,2026-06-05 16:41:08 UTC,sda,47.00,0.00,148.00,0.00,3.15,0.02,0.36,1.20
cloud-k3s-master2,1,2026-06-05 16:41:09 UTC,sda,32.00,0.00,88.00,0.00,2.75,0.01,0.41,0.60
cloud-k3s-master2,1,2026-06-05 16:41:10 UTC,sda,24.00,0.00,140.00,0.00,5.83,0.01,0.42,0.60
cloud-k3s-master2,1,2026-06-05 16:41:11 UTC,sda,32.00,0.00,120.00,0.00,3.75,0.02,0.41,0.60
cloud-k3s-master2,1,2026-06-05 16:41:12 UTC,sda,67.00,0.00,208.00,0.00,3.10,0.03,0.39,1.50
cloud-k3s-master2,1,2026-06-05 16:41:13 UTC,sda,71.00,0.00,224.00,0.00,3.15,0.04,0.41,1.00
cloud-k3s-master2,1,2026-06-05 16:41:14 UTC,sda,64.00,0.00,280.00,0.00,4.38,0.09,1.28,0.90
cloud-k3s-master2,1,2026-06-05 16:41:15 UTC,sda,16.00,0.00,48.00,0.00,3.00,0.01,0.44,0.50
cloud-k3s-master2,1,2026-06-05 16:41:16 UTC,sda,38.00,0.00,160.00,0.00,4.21,0.03,0.61,0.80
cloud-k3s-master2,1,2026-06-05 16:41:17 UTC,sda,43.00,0.00,156.00,0.00,3.63,0.02,0.37,1.00
cloud-k3s-master2,1,2026-06-05 16:41:18 UTC,sda,32.00,0.00,100.00,0.00,3.12,0.02,0.41,0.80
cloud-k3s-master2,1,2026-06-05 16:41:19 UTC,sda,44.00,0.00,132.00,0.00,3.00,0.02,0.39,0.90
cloud-k3s-master2,1,2026-06-05 16:41:20 UTC,sda,78.00,0.00,320.00,0.00,4.10,0.06,0.68,1.20
cloud-k3s-master2,1,2026-06-05 16:41:21 UTC,sda,34.00,0.00,192.00,0.00,5.65,0.02,0.44,0.70
cloud-k3s-master2,1,2026-06-05 16:41:22 UTC,sda,56.00,0.00,200.00,0.00,3.57,0.03,0.43,0.90
cloud-k3s-master2,1,2026-06-05 16:41:23 UTC,sda,43.00,0.00,116.00,0.00,2.70,0.02,0.37,0.90
cloud-k3s-master2,1,2026-06-05 16:41:24 UTC,sda,24.00,0.00,80.00,0.00,3.33,0.01,0.42,0.40
cloud-k3s-master2,1,2026-06-05 16:41:25 UTC,sda,19.00,0.00,80.00,0.00,4.21,0.01,0.37,0.60
cloud-k3s-master2,1,2026-06-05 16:41:26 UTC,sda,20.00,0.00,56.00,0.00,2.80,0.01,0.40,0.40
cloud-k3s-master2,1,2026-06-05 16:41:27 UTC,sda,48.00,0.00,208.00,0.00,4.33,0.02,0.38,1.30
cloud-k3s-master2,1,2026-06-05 16:41:28 UTC,sda,67.00,0.00,224.00,0.00,3.34,0.03,0.42,1.50
cloud-k3s-master2,1,2026-06-05 16:41:29 UTC,sda,36.00,0.00,116.00,0.00,3.22,0.02,0.39,1.20
cloud-k3s-master2,1,2026-06-05 16:41:30 UTC,sda,76.00,0.00,364.00,0.00,4.79,0.08,1.03,0.60
cloud-k3s-master2,1,2026-06-05 16:41:31 UTC,sda,31.00,0.00,80.00,0.00,2.58,0.01,0.35,0.70
cloud-k3s-master2,1,2026-06-05 16:41:32 UTC,sda,46.00,0.00,156.00,0.00,3.39,0.02,0.37,0.70
cloud-k3s-master2,1,2026-06-05 16:41:33 UTC,sda,41.00,0.00,160.00,0.00,3.90,0.02,0.44,1.00
cloud-k3s-master2,1,2026-06-05 16:41:34 UTC,sda,40.00,0.00,132.00,0.00,3.30,0.02,0.38,0.80
cloud-k3s-master2,1,2026-06-05 16:41:35 UTC,sda,28.00,0.00,100.00,0.00,3.57,0.01,0.39,0.90
cloud-k3s-master2,1,2026-06-05 16:41:36 UTC,sda,31.00,0.00,100.00,0.00,3.23,0.02,0.42,0.60
cloud-k3s-master2,1,2026-06-05 16:41:37 UTC,sda,35.00,0.00,132.00,0.00,3.77,0.02,0.43,0.80
cloud-k3s-master2,1,2026-06-05 16:41:38 UTC,sda,41.00,0.00,124.00,0.00,3.02,0.02,0.37,0.90
cloud-k3s-master2,1,2026-06-05 16:41:39 UTC,sda,52.00,0.00,204.00,0.00,3.92,0.03,0.44,0.80
cloud-k3s-master2,1,2026-06-05 16:41:40 UTC,sda,88.00,0.00,392.00,0.00,4.45,0.16,1.77,1.00
cloud-k3s-master2,1,2026-06-05 16:41:41 UTC,sda,22.00,0.00,88.00,0.00,4.00,0.01,0.41,0.40
cloud-k3s-master2,1,2026-06-05 16:41:42 UTC,sda,58.00,0.00,196.00,0.00,3.38,0.03,0.43,1.30
cloud-k3s-master2,1,2026-06-05 16:41:43 UTC,sda,69.00,0.00,200.00,0.00,2.90,0.03,0.38,0.90
cloud-k3s-master2,1,2026-06-05 16:41:44 UTC,sda,49.00,0.00,148.00,0.00,3.02,0.02,0.33,0.80
cloud-k3s-master2,1,2026-06-05 16:41:45 UTC,sda,44.00,0.00,284.00,0.00,6.45,0.06,1.34,0.40
cloud-k3s-master2,1,2026-06-05 16:41:46 UTC,sda,30.00,0.00,80.00,0.00,2.67,0.01,0.40,0.50
cloud-k3s-master2,1,2026-06-05 16:41:47 UTC,sda,25.00,0.00,84.00,0.00,3.36,0.01,0.48,0.70
cloud-k3s-master2,1,2026-06-05 16:41:48 UTC,sda,55.00,0.00,164.00,0.00,2.98,0.03,0.36,1.60
cloud-k3s-master2,1,2026-06-05 16:41:49 UTC,sda,26.00,0.00,68.00,0.00,2.62,0.01,0.35,0.70
cloud-k3s-master2,1,2026-06-05 16:41:50 UTC,sda,44.00,0.00,160.00,0.00,3.64,0.02,0.43,1.00
cloud-k3s-master2,1,2026-06-05 16:41:51 UTC,sda,27.00,0.00,156.00,0.00,5.78,0.02,0.52,0.60
cloud-k3s-master2,1,2026-06-05 16:41:52 UTC,sda,76.00,0.00,216.00,0.00,2.84,0.04,0.39,2.10
cloud-k3s-master2,1,2026-06-05 16:41:53 UTC,sda,51.00,0.00,160.00,0.00,3.14,0.03,0.41,1.00
cloud-k3s-master2,1,2026-06-05 16:41:54 UTC,sda,67.00,0.00,284.00,0.00,4.24,0.09,1.30,1.00
cloud-k3s-master2,1,2026-06-05 16:41:55 UTC,sda,16.00,0.00,44.00,0.00,2.75,0.01,0.38,0.20
cloud-k3s-master2,1,2026-06-05 16:41:56 UTC,sda,31.00,0.00,112.00,0.00,3.61,0.02,0.39,0.70
cloud-k3s-master2,1,2026-06-05 16:41:57 UTC,sda,28.00,0.00,128.00,0.00,4.57,0.01,0.43,0.50
cloud-k3s-master2,1,2026-06-05 16:41:58 UTC,sda,84.00,0.00,276.00,0.00,3.29,0.04,0.36,2.10
cloud-k3s-master2,1,2026-06-05 16:41:59 UTC,sda,35.00,0.00,96.00,0.00,2.74,0.02,0.37,1.00
cloud-k3s-master2,1,2026-06-05 16:42:00 UTC,sda,79.00,0.00,340.00,0.00,4.30,0.08,0.92,1.40
cloud-k3s-master2,1,2026-06-05 16:42:01 UTC,sda,30.00,0.00,136.00,0.00,4.53,0.02,0.67,1.40
cloud-k3s-master2,1,2026-06-05 16:42:02 UTC,sda,59.00,0.00,200.00,0.00,3.39,0.03,0.41,1.10
cloud-k3s-master2,1,2026-06-05 16:42:03 UTC,sda,48.00,0.00,220.00,0.00,4.58,0.02,0.40,0.90
cloud-k3s-master2,1,2026-06-05 16:42:04 UTC,sda,32.00,0.00,100.00,0.00,3.12,0.01,0.38,0.90
cloud-k3s-master2,1,2026-06-05 16:42:05 UTC,sda,23.00,0.00,92.00,0.00,4.00,0.01,0.43,0.60
cloud-k3s-master2,1,2026-06-05 16:42:06 UTC,sda,83.00,0.00,348.00,0.00,4.19,0.13,1.53,1.20
cloud-k3s-master2,1,2026-06-05 16:42:07 UTC,sda,30.00,0.00,84.00,0.00,2.80,0.01,0.37,0.60
cloud-k3s-master2,1,2026-06-05 16:42:08 UTC,sda,49.00,0.00,176.00,0.00,3.59,0.02,0.41,0.80
cloud-k3s-master2,1,2026-06-05 16:42:09 UTC,sda,20.00,0.00,100.00,0.00,5.00,0.01,0.35,0.50
cloud-k3s-master2,1,2026-06-05 16:42:10 UTC,sda,48.00,0.00,168.00,0.00,3.50,0.02,0.40,0.80
cloud-k3s-master2,1,2026-06-05 16:42:11 UTC,sda,10.00,0.00,44.00,0.00,4.40,0.00,0.30,0.10
cloud-k3s-master2,1,2026-06-05 16:42:12 UTC,sda,53.00,0.00,156.00,0.00,2.94,0.03,0.38,1.10
cloud-k3s-master2,1,2026-06-05 16:42:13 UTC,sda,64.00,0.00,224.00,0.00,3.50,0.03,0.39,1.70
cloud-k3s-master2,1,2026-06-05 16:42:14 UTC,sda,74.00,0.00,312.00,0.00,4.22,0.09,1.14,1.30
cloud-k3s-master2,1,2026-06-05 16:42:15 UTC,sda,26.00,0.00,120.00,0.00,4.62,0.01,0.42,0.50
cloud-k3s-master2,1,2026-06-05 16:42:16 UTC,sda,23.00,0.00,104.00,0.00,4.52,0.01,0.39,0.40
cloud-k3s-master2,1,2026-06-05 16:42:17 UTC,sda,28.00,0.00,76.00,0.00,2.71,0.01,0.36,0.60
cloud-k3s-master2,1,2026-06-05 16:42:18 UTC,sda,38.00,0.00,120.00,0.00,3.16,0.02,0.34,0.90
cloud-k3s-master2,1,2026-06-05 16:42:19 UTC,sda,38.00,0.00,132.00,0.00,3.47,0.02,0.47,0.80
cloud-k3s-master2,1,2026-06-05 16:42:20 UTC,sda,82.00,0.00,332.00,0.00,4.05,0.08,0.95,1.40
cloud-k3s-master2,1,2026-06-05 16:42:21 UTC,sda,10.00,0.00,76.00,0.00,7.60,0.00,0.20,0.10
cloud-k3s-master2,1,2026-06-05 16:42:22 UTC,sda,57.00,0.00,172.00,0.00,3.02,0.03,0.39,1.00
cloud-k3s-master2,1,2026-06-05 16:42:23 UTC,sda,61.00,0.00,192.00,0.00,3.15,0.03,0.38,1.30
cloud-k3s-master2,1,2026-06-05 16:42:24 UTC,sda,29.00,0.00,80.00,0.00,2.76,0.01,0.41,0.50
cloud-k3s-master2,1,2026-06-05 16:42:25 UTC,sda,31.00,0.00,116.00,0.00,3.74,0.01,0.42,0.70
cloud-k3s-master2,1,2026-06-05 16:42:26 UTC,sda,22.00,0.00,84.00,0.00,3.82,0.01,0.41,0.60
cloud-k3s-master2,1,2026-06-05 16:42:27 UTC,sda,32.00,0.00,132.00,0.00,4.12,0.02,0.41,0.90
cloud-k3s-master2,1,2026-06-05 16:42:28 UTC,sda,49.00,0.00,168.00,0.00,3.43,0.02,0.35,1.00
cloud-k3s-master2,1,2026-06-05 16:42:29 UTC,sda,38.00,0.00,108.00,0.00,2.84,0.02,0.39,0.90
cloud-k3s-master2,1,2026-06-05 16:42:30 UTC,sda,78.00,0.00,332.00,0.00,4.26,0.09,1.09,0.90
cloud-k3s-master2,1,2026-06-05 16:42:31 UTC,sda,29.00,0.00,116.00,0.00,4.00,0.01,0.41,0.70
cloud-k3s-master2,1,2026-06-05 16:42:32 UTC,sda,46.00,0.00,164.00,0.00,3.57,0.02,0.43,0.90
cloud-k3s-master2,1,2026-06-05 16:42:33 UTC,sda,51.00,0.00,208.00,0.00,4.08,0.03,0.41,1.50
cloud-k3s-master2,1,2026-06-05 16:42:34 UTC,sda,49.00,0.00,152.00,0.00,3.10,0.02,0.37,0.60
cloud-k3s-master2,1,2026-06-05 16:42:35 UTC,sda,28.00,0.00,112.00,0.00,4.00,0.01,0.39,0.60
cloud-k3s-master2,1,2026-06-05 16:42:36 UTC,sda,36.00,0.00,108.00,0.00,3.00,0.02,0.42,0.80
cloud-k3s-master2,1,2026-06-05 16:42:37 UTC,sda,38.00,0.00,128.00,0.00,3.37,0.02,0.45,1.00
cloud-k3s-master2,1,2026-06-05 16:42:38 UTC,sda,38.00,0.00,116.00,0.00,3.05,0.02,0.39,1.00
cloud-k3s-master2,1,2026-06-05 16:42:39 UTC,sda,66.00,0.00,308.00,0.00,4.67,0.10,1.47,1.00
cloud-k3s-master2,1,2026-06-05 16:42:40 UTC,sda,31.00,0.00,120.00,0.00,3.87,0.02,0.42,0.80
cloud-k3s-master2,1,2026-06-05 16:42:41 UTC,sda,23.00,0.00,80.00,0.00,3.48,0.01,0.43,0.50
cloud-k3s-master2,1,2026-06-05 16:42:42 UTC,sda,44.00,0.00,144.00,0.00,3.27,0.02,0.43,1.00
cloud-k3s-master2,1,2026-06-05 16:42:43 UTC,sda,68.00,0.00,208.00,0.00,3.06,0.04,0.40,1.80
cloud-k3s-master2,1,2026-06-05 16:42:44 UTC,sda,49.00,0.00,152.00,0.00,3.10,0.02,0.39,1.40
cloud-k3s-master2,1,2026-06-05 16:42:45 UTC,sda,54.00,0.00,312.00,0.00,5.78,0.07,1.22,0.60
cloud-k3s-master2,1,2026-06-05 16:42:46 UTC,sda,28.00,0.00,76.00,0.00,2.71,0.01,0.43,0.60
cloud-k3s-master2,1,2026-06-05 16:42:47 UTC,sda,31.00,0.00,104.00,0.00,3.35,0.01,0.39,0.80
cloud-k3s-master2,1,2026-06-05 16:42:48 UTC,sda,33.00,0.00,112.00,0.00,3.39,0.02,0.39,0.60
cloud-k3s-master2,1,2026-06-05 16:42:49 UTC,sda,36.00,0.00,96.00,0.00,2.67,0.02,0.42,0.70
cloud-k3s-master2,1,2026-06-05 16:42:50 UTC,sda,52.00,0.00,184.00,0.00,3.54,0.03,0.40,1.10
cloud-k3s-master2,1,2026-06-05 16:42:51 UTC,sda,56.00,0.00,296.00,0.00,5.29,0.03,0.45,1.70
cloud-k3s-master2,1,2026-06-05 16:42:52 UTC,sda,63.00,0.00,200.00,0.00,3.17,0.03,0.38,1.30
cloud-k3s-master2,1,2026-06-05 16:42:53 UTC,sda,59.00,0.00,260.00,0.00,4.41,0.03,0.39,1.80
cloud-k3s-master2,1,2026-06-05 16:42:54 UTC,sda,51.00,0.00,160.00,0.00,3.14,0.02,0.35,1.00
cloud-k3s-master2,1,2026-06-05 16:42:55 UTC,sda,108.00,0.00,544.00,0.00,5.04,0.10,0.93,1.60
cloud-k3s-master2,1,2026-06-05 16:42:56 UTC,sda,39.60,0.00,134.65,0.00,3.40,0.02,0.38,0.89
cloud-k3s-master2,1,2026-06-05 16:42:57 UTC,sda,26.00,0.00,148.00,0.00,5.69,0.01,0.42,0.30
cloud-k3s-master2,1,2026-06-05 16:42:58 UTC,sda,56.00,0.00,196.00,0.00,3.50,0.03,0.38,1.30
cloud-k3s-master2,1,2026-06-05 16:42:59 UTC,sda,38.00,0.00,124.00,0.00,3.26,0.02,0.39,0.50
cloud-k3s-master2,1,2026-06-05 16:43:00 UTC,sda,82.00,0.00,352.00,0.00,4.29,0.13,1.52,0.90
cloud-k3s-master2,1,2026-06-05 16:43:01 UTC,sda,31.00,0.00,108.00,0.00,3.48,0.02,0.45,1.00
cloud-k3s-master2,1,2026-06-05 16:43:02 UTC,sda,37.00,0.00,116.00,0.00,3.14,0.02,0.41,0.70
cloud-k3s-master2,1,2026-06-05 16:43:03 UTC,sda,37.00,0.00,164.00,0.00,4.43,0.02,0.43,0.50
cloud-k3s-master2,1,2026-06-05 16:43:04 UTC,sda,58.00,0.00,212.00,0.00,3.66,0.03,0.43,1.50
cloud-k3s-master2,1,2026-06-05 16:43:05 UTC,sda,12.00,0.00,36.00,0.00,3.00,0.01,0.42,0.30
cloud-k3s-master2,1,2026-06-05 16:43:06 UTC,sda,54.00,0.00,196.00,0.00,3.63,0.03,0.43,1.00
cloud-k3s-master2,1,2026-06-05 16:43:07 UTC,sda,24.00,0.00,64.00,0.00,2.67,0.01,0.42,0.50
cloud-k3s-master2,1,2026-06-05 16:43:08 UTC,sda,35.00,0.00,108.00,0.00,3.09,0.02,0.37,0.70
cloud-k3s-master2,1,2026-06-05 16:43:09 UTC,sda,37.00,0.00,168.00,0.00,4.54,0.02,0.43,0.70
cloud-k3s-master2,1,2026-06-05 16:43:10 UTC,sda,67.00,0.00,296.00,0.00,4.42,0.09,1.22,0.70
cloud-k3s-master2,1,2026-06-05 16:43:11 UTC,sda,27.00,0.00,72.00,0.00,2.67,0.01,0.37,0.70
cloud-k3s-master2,1,2026-06-05 16:43:12 UTC,sda,46.00,0.00,164.00,0.00,3.57,0.02,0.41,1.00
cloud-k3s-master2,1,2026-06-05 16:43:13 UTC,sda,73.00,0.00,284.00,0.00,3.89,0.04,0.45,1.40
cloud-k3s-master2,1,2026-06-05 16:43:14 UTC,sda,57.00,0.00,180.00,0.00,3.16,0.03,0.40,1.40
cloud-k3s-master2,1,2026-06-05 16:43:15 UTC,sda,80.00,0.00,424.00,0.00,5.30,0.12,1.44,0.80
cloud-k3s-master2,1,2026-06-05 16:43:16 UTC,sda,47.00,0.00,192.00,0.00,4.09,0.02,0.40,1.00
cloud-k3s-master2,1,2026-06-05 16:43:17 UTC,sda,21.00,0.00,56.00,0.00,2.67,0.01,0.38,0.30
cloud-k3s-master2,1,2026-06-05 16:43:18 UTC,sda,47.00,0.00,152.00,0.00,3.23,0.02,0.40,0.90
cloud-k3s-master2,1,2026-06-05 16:43:19 UTC,sda,25.00,0.00,64.00,0.00,2.56,0.01,0.36,0.50
cloud-k3s-master2,1,2026-06-05 16:43:20 UTC,sda,48.00,0.00,176.00,0.00,3.67,0.02,0.38,1.00
cloud-k3s-master2,1,2026-06-05 16:43:21 UTC,sda,44.00,0.00,184.00,0.00,4.18,0.02,0.41,0.90
cloud-k3s-master2,1,2026-06-05 16:43:22 UTC,sda,57.00,0.00,188.00,0.00,3.30,0.03,0.39,1.20
cloud-k3s-master2,1,2026-06-05 16:43:23 UTC,sda,48.00,0.00,140.00,0.00,2.92,0.03,0.44,0.80
cloud-k3s-master2,1,2026-06-05 16:43:24 UTC,sda,88.00,0.00,352.00,0.00,4.00,0.10,1.02,1.50
cloud-k3s-master2,1,2026-06-05 16:43:25 UTC,sda,27.00,0.00,72.00,0.00,2.67,0.01,0.44,0.70
cloud-k3s-master2,1,2026-06-05 16:43:26 UTC,sda,41.00,0.00,140.00,0.00,3.41,0.02,0.41,1.00
cloud-k3s-master2,1,2026-06-05 16:43:27 UTC,sda,33.00,0.00,128.00,0.00,3.88,0.02,0.42,0.60
cloud-k3s-master2,1,2026-06-05 16:43:28 UTC,sda,44.00,0.00,172.00,0.00,3.91,0.02,0.39,1.20
cloud-k3s-master2,1,2026-06-05 16:43:29 UTC,sda,27.00,0.00,76.00,0.00,2.81,0.01,0.37,0.60
cloud-k3s-master2,1,2026-06-05 16:43:30 UTC,sda,73.00,0.00,324.00,0.00,4.44,0.08,1.04,1.40
cloud-k3s-master2,1,2026-06-05 16:43:31 UTC,sda,28.00,0.00,76.00,0.00,2.71,0.01,0.43,0.40
cloud-k3s-master2,1,2026-06-05 16:43:32 UTC,sda,40.00,0.00,120.00,0.00,3.00,0.02,0.40,1.30
cloud-k3s-master2,1,2026-06-05 16:43:33 UTC,sda,47.00,0.00,144.00,0.00,3.06,0.02,0.36,1.20
cloud-k3s-master2,1,2026-06-05 16:43:34 UTC,sda,49.00,0.00,152.00,0.00,3.10,0.03,0.45,1.40
cloud-k3s-master2,1,2026-06-05 16:43:35 UTC,sda,36.00,0.00,132.00,0.00,3.67,0.02,0.44,0.80
cloud-k3s-master2,1,2026-06-05 16:43:36 UTC,sda,46.00,0.00,156.00,0.00,3.39,0.02,0.41,1.30
cloud-k3s-master2,1,2026-06-05 16:43:37 UTC,sda,37.00,0.00,100.00,0.00,2.70,0.02,0.43,0.90
cloud-k3s-master2,1,2026-06-05 16:43:38 UTC,sda,37.00,0.00,116.00,0.00,3.14,0.02,0.38,0.70
cloud-k3s-master2,1,2026-06-05 16:43:39 UTC,sda,49.00,0.00,220.00,0.00,4.49,0.05,0.96,0.30
cloud-k3s-master2,1,2026-06-05 16:43:40 UTC,sda,41.00,0.00,148.00,0.00,3.61,0.02,0.46,0.70
cloud-k3s-master2,1,2026-06-05 16:43:41 UTC,sda,22.00,0.00,76.00,0.00,3.45,0.01,0.41,0.40
cloud-k3s-master2,1,2026-06-05 16:43:42 UTC,sda,58.00,0.00,168.00,0.00,2.90,0.03,0.36,1.40
cloud-k3s-master2,1,2026-06-05 16:43:43 UTC,sda,73.00,0.00,252.00,0.00,3.45,0.04,0.38,1.70
cloud-k3s-master2,1,2026-06-05 16:43:44 UTC,sda,54.00,0.00,164.00,0.00,3.04,0.03,0.39,1.10
cloud-k3s-master2,1,2026-06-05 16:43:45 UTC,sda,75.00,0.00,316.00,0.00,4.21,0.07,0.93,1.30
cloud-k3s-master2,1,2026-06-05 16:43:46 UTC,sda,34.00,0.00,112.00,0.00,3.29,0.02,0.41,0.60
cloud-k3s-master2,1,2026-06-05 16:43:47 UTC,sda,29.00,0.00,80.00,0.00,2.76,0.01,0.34,0.50
cloud-k3s-master2,1,2026-06-05 16:43:48 UTC,sda,38.00,0.00,116.00,0.00,3.05,0.02,0.42,0.90
cloud-k3s-master2,1,2026-06-05 16:43:49 UTC,sda,15.00,0.00,40.00,0.00,2.67,0.01,0.27,0.40
cloud-k3s-master2,1,2026-06-05 16:43:50 UTC,sda,42.00,0.00,140.00,0.00,3.33,0.02,0.40,1.20
cloud-k3s-master2,1,2026-06-05 16:43:51 UTC,sda,26.00,0.00,84.00,0.00,3.23,0.01,0.42,0.70
cloud-k3s-master2,1,2026-06-05 16:43:52 UTC,sda,65.00,0.00,452.00,0.00,6.95,0.03,0.38,1.50
cloud-k3s-master2,1,2026-06-05 16:43:53 UTC,sda,38.00,0.00,100.00,0.00,2.63,0.02,0.42,0.80
cloud-k3s-master2,1,2026-06-05 16:43:54 UTC,sda,33.00,0.00,104.00,0.00,3.15,0.02,0.39,0.60
cloud-k3s-master2,1,2026-06-05 16:43:55 UTC,sda,65.00,0.00,292.00,0.00,4.49,0.08,1.17,0.90
cloud-k3s-master2,1,2026-06-05 16:43:56 UTC,sda,37.00,0.00,124.00,0.00,3.35,0.02,0.38,0.90
cloud-k3s-master2,1,2026-06-05 16:43:57 UTC,sda,21.00,0.00,80.00,0.00,3.81,0.01,0.48,0.50
cloud-k3s-master2,1,2026-06-05 16:43:58 UTC,sda,76.00,0.00,304.00,0.00,4.00,0.04,0.41,1.70
cloud-k3s-master2,1,2026-06-05 16:43:59 UTC,sda,26.00,0.00,68.00,0.00,2.62,0.01,0.42,0.60
cloud-k3s-master2,1,2026-06-05 16:44:00 UTC,sda,43.00,0.00,156.00,0.00,3.63,0.02,0.42,1.00
cloud-k3s-master2,1,2026-06-05 16:44:01 UTC,sda,16.00,0.00,44.00,0.00,2.75,0.01,0.44,0.20
cloud-k3s-master2,1,2026-06-05 16:44:02 UTC,sda,53.00,0.00,160.00,0.00,3.02,0.03,0.40,1.40
cloud-k3s-master2,1,2026-06-05 16:44:03 UTC,sda,34.00,0.00,112.00,0.00,3.29,0.02,0.38,1.00
cloud-k3s-master2,1,2026-06-05 16:44:04 UTC,sda,81.00,0.00,328.00,0.00,4.05,0.09,0.99,1.20
cloud-k3s-master2,1,2026-06-05 16:44:05 UTC,sda,37.00,0.00,132.00,0.00,3.57,0.02,0.43,1.20
cloud-k3s-master2,1,2026-06-05 16:44:06 UTC,sda,47.00,0.00,140.00,0.00,2.98,0.02,0.38,1.20
cloud-k3s-master2,1,2026-06-05 16:44:07 UTC,sda,30.00,0.00,100.00,0.00,3.33,0.01,0.40,0.70
cloud-k3s-master2,1,2026-06-05 16:44:08 UTC,sda,42.00,0.00,168.00,0.00,4.00,0.02,0.43,1.30
cloud-k3s-master2,1,2026-06-05 16:44:09 UTC,sda,40.00,0.00,152.00,0.00,3.80,0.02,0.40,1.10
cloud-k3s-master2,1,2026-06-05 16:44:10 UTC,sda,61.00,0.00,292.00,0.00,4.79,0.08,1.26,0.90
cloud-k3s-master2,1,2026-06-05 16:44:11 UTC,sda,29.00,0.00,96.00,0.00,3.31,0.01,0.38,0.80
cloud-k3s-master2,1,2026-06-05 16:44:12 UTC,sda,56.00,0.00,164.00,0.00,2.93,0.03,0.39,1.50
cloud-k3s-master2,1,2026-06-05 16:44:13 UTC,sda,78.00,0.00,276.00,0.00,3.54,0.04,0.42,1.80
cloud-k3s-master2,1,2026-06-05 16:44:14 UTC,sda,42.00,0.00,128.00,0.00,3.05,0.02,0.40,0.70
cloud-k3s-master2,1,2026-06-05 16:44:15 UTC,sda,29.00,0.00,80.00,0.00,2.76,0.01,0.38,0.70
cloud-k3s-master2,1,2026-06-05 16:44:16 UTC,sda,51.00,0.00,184.00,0.00,3.61,0.03,0.41,1.20
cloud-k3s-master2,1,2026-06-05 16:44:17 UTC,sda,23.00,0.00,60.00,0.00,2.61,0.01,0.39,0.50
cloud-k3s-master2,1,2026-06-05 16:44:18 UTC,sda,45.00,0.00,140.00,0.00,3.11,0.02,0.38,0.90
cloud-k3s-master2,1,2026-06-05 16:44:19 UTC,sda,16.00,0.00,40.00,0.00,2.50,0.01,0.31,0.30
cloud-k3s-master2,1,2026-06-05 16:44:20 UTC,sda,65.00,0.00,300.00,0.00,4.62,0.05,0.77,0.90
cloud-k3s-master2,1,2026-06-05 16:44:21 UTC,sda,42.00,0.00,140.00,0.00,3.33,0.02,0.36,0.90
cloud-k3s-master2,1,2026-06-05 16:44:22 UTC,sda,48.00,0.00,156.00,0.00,3.25,0.02,0.40,0.80
cloud-k3s-master2,1,2026-06-05 16:44:23 UTC,sda,53.00,0.00,384.00,0.00,7.25,0.03,0.40,1.30
cloud-k3s-master2,1,2026-06-05 16:44:24 UTC,sda,43.00,0.00,144.00,0.00,3.35,0.02,0.40,1.20
cloud-k3s-master2,1,2026-06-05 16:44:25 UTC,sda,86.00,0.00,408.00,0.00,4.74,0.15,1.71,1.10
cloud-k3s-master2,1,2026-06-05 16:44:26 UTC,sda,57.00,0.00,172.00,0.00,3.02,0.03,0.39,1.30
cloud-k3s-master2,1,2026-06-05 16:44:27 UTC,sda,25.00,0.00,84.00,0.00,3.36,0.01,0.44,0.70
cloud-k3s-master2,1,2026-06-05 16:44:28 UTC,sda,59.00,0.00,188.00,0.00,3.19,0.03,0.46,1.70
cloud-k3s-master2,1,2026-06-05 16:44:29 UTC,sda,19.00,0.00,76.00,0.00,4.00,0.01,0.42,0.70
cloud-k3s-master2,1,2026-06-05 16:44:30 UTC,sda,37.00,0.00,100.00,0.00,2.70,0.02,0.35,0.60
cloud-k3s-master2,1,2026-06-05 16:44:31 UTC,sda,25.00,0.00,96.00,0.00,3.84,0.01,0.44,0.40
cloud-k3s-master2,1,2026-06-05 16:44:32 UTC,sda,41.00,0.00,124.00,0.00,3.02,0.02,0.34,1.10
cloud-k3s-master2,1,2026-06-05 16:44:33 UTC,sda,51.00,0.00,196.00,0.00,3.84,0.03,0.43,1.20
cloud-k3s-master2,1,2026-06-05 16:44:34 UTC,sda,39.00,0.00,128.00,0.00,3.28,0.02,0.38,0.90
cloud-k3s-master2,1,2026-06-05 16:44:35 UTC,sda,53.00,0.00,236.00,0.00,4.45,0.08,1.45,0.80
cloud-k3s-master2,1,2026-06-05 16:44:36 UTC,sda,74.00,0.00,240.00,0.00,3.24,0.03,0.35,1.50
cloud-k3s-master2,1,2026-06-05 16:44:37 UTC,sda,40.00,0.00,128.00,0.00,3.20,0.02,0.38,0.80
cloud-k3s-master2,1,2026-06-05 16:44:38 UTC,sda,41.00,0.00,132.00,0.00,3.22,0.02,0.41,0.90
cloud-k3s-master2,1,2026-06-05 16:44:39 UTC,sda,16.00,0.00,40.00,0.00,2.50,0.01,0.38,0.50
cloud-k3s-master2,1,2026-06-05 16:44:40 UTC,sda,30.00,0.00,112.00,0.00,3.73,0.02,0.43,0.90
cloud-k3s-master2,1,2026-06-05 16:44:41 UTC,sda,28.00,0.00,92.00,0.00,3.29,0.01,0.43,0.60
cloud-k3s-master2,1,2026-06-05 16:44:42 UTC,sda,47.00,0.00,140.00,0.00,2.98,0.02,0.40,1.20
cloud-k3s-master2,1,2026-06-05 16:44:43 UTC,sda,84.00,0.00,280.00,0.00,3.33,0.04,0.44,1.20
cloud-k3s-master2,1,2026-06-05 16:44:44 UTC,sda,35.00,0.00,136.00,0.00,3.89,0.02,0.37,0.70
cloud-k3s-master2,1,2026-06-05 16:44:45 UTC,sda,23.00,0.00,68.00,0.00,2.96,0.01,0.35,0.50
cloud-k3s-master2,1,2026-06-05 16:44:46 UTC,sda,60.00,0.00,188.00,0.00,3.13,0.03,0.38,1.30
cloud-k3s-master2,1,2026-06-05 16:44:47 UTC,sda,38.00,0.00,124.00,0.00,3.26,0.02,0.39,1.30
cloud-k3s-master2,1,2026-06-05 16:44:48 UTC,sda,36.00,0.00,116.00,0.00,3.22,0.02,0.39,1.20
cloud-k3s-master2,1,2026-06-05 16:44:49 UTC,sda,19.00,0.00,52.00,0.00,2.74,0.01,0.32,0.40
cloud-k3s-master2,1,2026-06-05 16:44:50 UTC,sda,30.00,0.00,112.00,0.00,3.73,0.01,0.40,0.70
cloud-k3s-master2,1,2026-06-05 16:44:51 UTC,sda,33.00,0.00,108.00,0.00,3.27,0.02,0.39,0.50
cloud-k3s-master2,1,2026-06-05 16:44:52 UTC,sda,52.00,0.00,156.00,0.00,3.00,0.02,0.37,0.70
cloud-k3s-master2,1,2026-06-05 16:44:53 UTC,sda,45.00,0.00,140.00,0.00,3.11,0.02,0.36,1.00
cloud-k3s-master2,1,2026-06-05 16:44:54 UTC,sda,30.00,0.00,96.00,0.00,3.20,0.02,0.40,0.70
cloud-k3s-master2,1,2026-06-05 16:44:55 UTC,sda,20.79,0.00,304.95,0.00,14.67,0.01,0.48,0.69
cloud-k3s-master2,1,2026-06-05 16:44:56 UTC,sda,59.00,0.00,220.00,0.00,3.73,0.03,0.37,1.30
cloud-k3s-master2,1,2026-06-05 16:44:57 UTC,sda,39.00,0.00,156.00,0.00,4.00,0.02,0.41,0.90
cloud-k3s-master2,1,2026-06-05 16:44:58 UTC,sda,60.00,0.00,208.00,0.00,3.47,0.03,0.35,1.40
cloud-k3s-master2,1,2026-06-05 16:44:59 UTC,sda,17.00,0.00,48.00,0.00,2.82,0.01,0.35,0.50
cloud-k3s-master2,1,2026-06-05 16:45:00 UTC,sda,41.00,0.00,128.00,0.00,3.12,0.02,0.41,0.80
cloud-k3s-master2,1,2026-06-05 16:45:01 UTC,sda,19.00,0.00,76.00,0.00,4.00,0.01,0.37,0.40
cloud-k3s-master2,1,2026-06-05 16:45:02 UTC,sda,50.00,0.00,176.00,0.00,3.52,0.02,0.38,0.60
cloud-k3s-master2,1,2026-06-05 16:45:03 UTC,sda,45.00,0.00,148.00,0.00,3.29,0.02,0.40,1.10
cloud-k3s-master2,1,2026-06-05 16:45:04 UTC,sda,44.00,0.00,144.00,0.00,3.27,0.02,0.39,0.70
cloud-k3s-master2,1,2026-06-05 16:45:05 UTC,sda,81.00,0.00,380.00,0.00,4.69,0.13,1.53,0.80
cloud-k3s-master2,1,2026-06-05 16:45:06 UTC,sda,73.00,0.00,236.00,0.00,3.23,0.04,0.42,1.50
cloud-k3s-master2,1,2026-06-05 16:45:07 UTC,sda,55.00,0.00,180.00,0.00,3.27,0.03,0.47,1.60
cloud-k3s-master2,1,2026-06-05 16:45:08 UTC,sda,47.00,0.00,160.00,0.00,3.40,0.02,0.43,0.80
cloud-k3s-master2,1,2026-06-05 16:45:09 UTC,sda,15.00,0.00,40.00,0.00,2.67,0.01,0.40,0.50
cloud-k3s-master2,1,2026-06-05 16:45:10 UTC,sda,31.00,0.00,112.00,0.00,3.61,0.01,0.39,0.80
cloud-k3s-master2,1,2026-06-05 16:45:11 UTC,sda,10.00,0.00,28.00,0.00,2.80,0.00,0.40,0.20
cloud-k3s-master2,1,2026-06-05 16:45:12 UTC,sda,49.00,0.00,144.00,0.00,2.94,0.02,0.37,1.20
cloud-k3s-master2,1,2026-06-05 16:45:13 UTC,sda,64.00,0.00,200.00,0.00,3.12,0.03,0.42,1.20
cloud-k3s-master2,1,2026-06-05 16:45:14 UTC,sda,49.00,0.00,156.00,0.00,3.18,0.03,0.41,1.30
cloud-k3s-master2,1,2026-06-05 16:45:15 UTC,sda,63.00,0.00,292.00,0.00,4.63,0.07,1.11,0.80
cloud-k3s-master2,1,2026-06-05 16:45:16 UTC,sda,33.00,0.00,104.00,0.00,3.15,0.02,0.39,1.00
cloud-k3s-master2,1,2026-06-05 16:45:17 UTC,sda,59.00,0.00,176.00,0.00,2.98,0.03,0.37,1.20
cloud-k3s-master2,1,2026-06-05 16:45:18 UTC,sda,43.00,0.00,136.00,0.00,3.16,0.02,0.40,0.60
cloud-k3s-master2,1,2026-06-05 16:45:19 UTC,sda,19.00,0.00,52.00,0.00,2.74,0.01,0.37,0.10
cloud-k3s-master2,1,2026-06-05 16:45:20 UTC,sda,55.00,0.00,256.00,0.00,4.65,0.06,1.11,0.60
cloud-k3s-master2,1,2026-06-05 16:45:21 UTC,sda,32.00,0.00,104.00,0.00,3.25,0.01,0.38,0.70
cloud-k3s-master2,1,2026-06-05 16:45:22 UTC,sda,46.00,0.00,140.00,0.00,3.04,0.02,0.35,1.40
cloud-k3s-master2,1,2026-06-05 16:45:23 UTC,sda,51.00,0.00,156.00,0.00,3.06,0.03,0.45,1.40
cloud-k3s-master2,1,2026-06-05 16:45:24 UTC,sda,36.00,0.00,116.00,0.00,3.22,0.02,0.36,0.80
cloud-k3s-master2,1,2026-06-05 16:45:25 UTC,sda,17.00,0.00,48.00,0.00,2.82,0.01,0.47,0.40
cloud-k3s-master2,1,2026-06-05 16:45:26 UTC,sda,46.00,0.00,396.00,0.00,8.61,0.02,0.39,1.00
cloud-k3s-master2,1,2026-06-05 16:45:27 UTC,sda,42.00,0.00,136.00,0.00,3.24,0.02,0.43,1.10
cloud-k3s-master2,1,2026-06-05 16:45:28 UTC,sda,73.00,0.00,256.00,0.00,3.51,0.04,0.41,1.90
cloud-k3s-master2,1,2026-06-05 16:45:29 UTC,sda,58.00,0.00,244.00,0.00,4.21,0.09,1.52,0.70
cloud-k3s-master2,1,2026-06-05 16:45:30 UTC,sda,32.00,0.00,112.00,0.00,3.50,0.02,0.41,0.60
cloud-k3s-master2,1,2026-06-05 16:45:31 UTC,sda,21.00,0.00,68.00,0.00,3.24,0.01,0.43,0.40
cloud-k3s-master2,1,2026-06-05 16:45:32 UTC,sda,33.00,0.00,100.00,0.00,3.03,0.02,0.39,0.90
cloud-k3s-master2,1,2026-06-05 16:45:33 UTC,sda,52.00,0.00,160.00,0.00,3.08,0.03,0.38,0.90
cloud-k3s-master2,1,2026-06-05 16:45:34 UTC,sda,41.00,0.00,136.00,0.00,3.32,0.02,0.34,0.50
cloud-k3s-master2,1,2026-06-05 16:45:35 UTC,sda,46.00,0.00,216.00,0.00,4.70,0.06,1.37,0.50
cloud-k3s-master2,1,2026-06-05 16:45:36 UTC,sda,36.00,0.00,124.00,0.00,3.44,0.02,0.39,0.70
cloud-k3s-master2,1,2026-06-05 16:45:37 UTC,sda,59.00,0.00,272.00,0.00,4.61,0.03,0.41,1.60
cloud-k3s-master2,1,2026-06-05 16:45:38 UTC,sda,48.00,0.00,160.00,0.00,3.33,0.02,0.40,1.10
cloud-k3s-master2,1,2026-06-05 16:45:39 UTC,sda,25.00,0.00,84.00,0.00,3.36,0.01,0.36,0.70
cloud-k3s-master2,1,2026-06-05 16:45:40 UTC,sda,18.00,0.00,48.00,0.00,2.67,0.01,0.39,0.40
cloud-k3s-master2,1,2026-06-05 16:45:41 UTC,sda,22.00,0.00,88.00,0.00,4.00,0.01,0.41,0.50
cloud-k3s-master2,1,2026-06-05 16:45:42 UTC,sda,34.00,0.00,88.00,0.00,2.59,0.01,0.38,0.60
cloud-k3s-master2,1,2026-06-05 16:45:43 UTC,sda,84.00,0.00,344.00,0.00,4.10,0.04,0.40,2.00
cloud-k3s-master2,1,2026-06-05 16:45:44 UTC,sda,27.00,0.00,76.00,0.00,2.81,0.01,0.41,0.80
cloud-k3s-master2,1,2026-06-05 16:45:45 UTC,sda,67.00,0.00,296.00,0.00,4.42,0.09,1.25,1.10
cloud-k3s-master2,1,2026-06-05 16:45:46 UTC,sda,21.00,0.00,80.00,0.00,3.81,0.01,0.33,0.60
cloud-k3s-master2,1,2026-06-05 16:45:47 UTC,sda,62.00,0.00,184.00,0.00,2.97,0.03,0.42,1.50
cloud-k3s-master2,1,2026-06-05 16:45:48 UTC,sda,50.00,0.00,156.00,0.00,3.12,0.03,0.42,1.20
cloud-k3s-master2,1,2026-06-05 16:45:49 UTC,sda,30.00,0.00,140.00,0.00,4.67,0.01,0.37,0.70
cloud-k3s-master2,1,2026-06-05 16:45:50 UTC,sda,18.00,0.00,48.00,0.00,2.67,0.01,0.33,0.40
cloud-k3s-master2,1,2026-06-05 16:45:51 UTC,sda,38.00,0.00,148.00,0.00,3.89,0.02,0.39,1.20
cloud-k3s-master2,1,2026-06-05 16:45:52 UTC,sda,29.00,0.00,76.00,0.00,2.62,0.01,0.34,0.80
cloud-k3s-master2,1,2026-06-05 16:45:53 UTC,sda,51.00,0.00,164.00,0.00,3.22,0.03,0.41,1.40
cloud-k3s-master2,1,2026-06-05 16:45:54 UTC,sda,59.00,0.00,256.00,0.00,4.34,0.07,1.20,0.20
cloud-k3s-master2,1,2026-06-05 16:45:55 UTC,sda,34.00,0.00,164.00,0.00,4.82,0.02,0.38,0.70
cloud-k3s-master2,1,2026-06-05 16:45:56 UTC,sda,21.00,0.00,88.00,0.00,4.19,0.01,0.43,0.70
cloud-k3s-master2,1,2026-06-05 16:45:57 UTC,sda,44.00,0.00,136.00,0.00,3.09,0.02,0.41,1.20
cloud-k3s-master2,1,2026-06-05 16:45:58 UTC,sda,83.00,0.00,272.00,0.00,3.28,0.04,0.41,2.20
cloud-k3s-master2,1,2026-06-05 16:45:59 UTC,sda,29.00,0.00,76.00,0.00,2.62,0.01,0.38,0.80
cloud-k3s-master2,1,2026-06-05 16:46:00 UTC,sda,65.00,0.00,296.00,0.00,4.55,0.07,1.05,1.00
cloud-k3s-master2,1,2026-06-05 16:46:01 UTC,sda,24.00,0.00,144.00,0.00,6.00,0.01,0.42,0.40
cloud-k3s-master2,1,2026-06-05 16:46:02 UTC,sda,28.00,0.00,112.00,0.00,4.00,0.01,0.32,0.60
cloud-k3s-master2,1,2026-06-05 16:46:03 UTC,sda,61.00,0.00,212.00,0.00,3.48,0.03,0.39,1.30
cloud-k3s-master2,1,2026-06-05 16:46:04 UTC,sda,17.00,0.00,48.00,0.00,2.82,0.01,0.41,0.50
cloud-k3s-master2,1,2026-06-05 16:46:05 UTC,sda,35.00,0.00,120.00,0.00,3.43,0.02,0.37,0.70
cloud-k3s-master2,1,2026-06-05 16:46:06 UTC,sda,38.00,0.00,136.00,0.00,3.58,0.02,0.45,0.60
cloud-k3s-master2,1,2026-06-05 16:46:07 UTC,sda,64.00,0.00,228.00,0.00,3.56,0.03,0.36,1.40
cloud-k3s-master2,1,2026-06-05 16:46:08 UTC,sda,58.00,0.00,192.00,0.00,3.31,0.03,0.41,1.60
cloud-k3s-master2,1,2026-06-05 16:46:09 UTC,sda,70.00,0.00,272.00,0.00,3.89,0.08,1.10,1.00
cloud-k3s-master2,1,2026-06-05 16:46:10 UTC,sda,19.00,0.00,80.00,0.00,4.21,0.01,0.42,0.50
cloud-k3s-master2,1,2026-06-05 16:46:11 UTC,sda,23.00,0.00,60.00,0.00,2.61,0.01,0.39,0.50
cloud-k3s-master2,1,2026-06-05 16:46:12 UTC,sda,30.00,0.00,104.00,0.00,3.47,0.01,0.37,0.50
cloud-k3s-master2,1,2026-06-05 16:46:13 UTC,sda,66.00,0.00,284.00,0.00,4.30,0.03,0.39,1.80
cloud-k3s-master2,1,2026-06-05 16:46:14 UTC,sda,37.00,0.00,104.00,0.00,2.81,0.02,0.41,0.70
cloud-k3s-master2,1,2026-06-05 16:46:15 UTC,sda,67.00,0.00,316.00,0.00,4.72,0.05,0.67,0.90
cloud-k3s-master2,1,2026-06-05 16:46:16 UTC,sda,17.00,0.00,48.00,0.00,2.82,0.01,0.41,0.30
cloud-k3s-master2,1,2026-06-05 16:46:17 UTC,sda,42.00,0.00,132.00,0.00,3.14,0.02,0.40,1.00
cloud-k3s-master2,1,2026-06-05 16:46:18 UTC,sda,58.00,0.00,184.00,0.00,3.17,0.03,0.41,1.20
cloud-k3s-master2,1,2026-06-05 16:46:19 UTC,sda,43.00,0.00,132.00,0.00,3.07,0.02,0.40,0.90
cloud-k3s-master2,1,2026-06-05 16:46:20 UTC,sda,19.00,0.00,80.00,0.00,4.21,0.01,0.37,0.60
cloud-k3s-master2,1,2026-06-05 16:46:21 UTC,sda,38.00,0.00,144.00,0.00,3.79,0.02,0.42,0.70
cloud-k3s-master2,1,2026-06-05 16:46:22 UTC,sda,36.00,0.00,128.00,0.00,3.56,0.02,0.39,0.60
cloud-k3s-master2,1,2026-06-05 16:46:23 UTC,sda,43.00,0.00,136.00,0.00,3.16,0.02,0.42,0.90
cloud-k3s-master2,1,2026-06-05 16:46:24 UTC,sda,37.00,0.00,100.00,0.00,2.70,0.02,0.38,0.50
cloud-k3s-master2,1,2026-06-05 16:46:25 UTC,sda,68.00,0.00,288.00,0.00,4.24,0.08,1.13,1.00
cloud-k3s-master2,1,2026-06-05 16:46:26 UTC,sda,27.00,0.00,100.00,0.00,3.70,0.01,0.41,0.90
cloud-k3s-master2,1,2026-06-05 16:46:27 UTC,sda,43.00,0.00,132.00,0.00,3.07,0.02,0.37,1.10
cloud-k3s-master2,1,2026-06-05 16:46:28 UTC,sda,57.00,0.00,180.00,0.00,3.16,0.03,0.44,1.50
cloud-k3s-master2,1,2026-06-05 16:46:29 UTC,sda,59.00,0.00,180.00,0.00,3.05,0.03,0.41,1.40
cloud-k3s-master2,1,2026-06-05 16:46:30 UTC,sda,29.00,0.00,108.00,0.00,3.72,0.01,0.38,0.60
cloud-k3s-master2,1,2026-06-05 16:46:31 UTC,sda,20.00,0.00,52.00,0.00,2.60,0.01,0.20,0.10
cloud-k3s-master2,1,2026-06-05 16:46:32 UTC,sda,26.00,0.00,88.00,0.00,3.38,0.01,0.38,0.90
cloud-k3s-master2,1,2026-06-05 16:46:33 UTC,sda,48.00,0.00,148.00,0.00,3.08,0.03,0.42,1.20
cloud-k3s-master2,1,2026-06-05 16:46:34 UTC,sda,72.00,0.00,304.00,0.00,4.22,0.07,0.94,0.70
cloud-k3s-master2,1,2026-06-05 16:46:35 UTC,sda,32.00,0.00,88.00,0.00,2.75,0.01,0.38,0.90
cloud-k3s-master2,1,2026-06-05 16:46:36 UTC,sda,45.00,0.00,156.00,0.00,3.47,0.02,0.38,1.10
cloud-k3s-master2,1,2026-06-05 16:46:37 UTC,sda,45.00,0.00,140.00,0.00,3.11,0.02,0.33,0.90
cloud-k3s-master2,1,2026-06-05 16:46:38 UTC,sda,45.00,0.00,136.00,0.00,3.02,0.02,0.40,1.00
cloud-k3s-master2,1,2026-06-05 16:46:39 UTC,sda,58.00,0.00,168.00,0.00,2.90,0.03,0.36,1.10
cloud-k3s-master2,1,2026-06-05 16:46:40 UTC,sda,56.00,0.00,232.00,0.00,4.14,0.05,0.80,0.50
cloud-k3s-master2,1,2026-06-05 16:46:41 UTC,sda,28.00,0.00,108.00,0.00,3.86,0.01,0.43,0.60
cloud-k3s-master2,1,2026-06-05 16:46:42 UTC,sda,18.00,0.00,44.00,0.00,2.44,0.01,0.33,0.30
cloud-k3s-master2,1,2026-06-05 16:46:43 UTC,sda,81.00,0.00,264.00,0.00,3.26,0.04,0.42,2.20
cloud-k3s-master2,1,2026-06-05 16:46:44 UTC,sda,25.00,0.00,340.00,0.00,13.60,0.01,0.44,0.50
cloud-k3s-master2,1,2026-06-05 16:46:45 UTC,sda,31.00,0.00,84.00,0.00,2.71,0.01,0.39,0.60
cloud-k3s-master2,1,2026-06-05 16:46:46 UTC,sda,30.00,0.00,104.00,0.00,3.47,0.01,0.37,0.60
cloud-k3s-master2,1,2026-06-05 16:46:47 UTC,sda,53.00,0.00,160.00,0.00,3.02,0.03,0.40,0.90
cloud-k3s-master2,1,2026-06-05 16:46:48 UTC,sda,34.00,0.00,112.00,0.00,3.29,0.06,1.06,3.20
cloud-k3s-master2,1,2026-06-05 16:46:49 UTC,sda,59.00,0.00,172.00,0.00,2.92,0.04,0.44,2.10
cloud-k3s-master2,1,2026-06-05 16:46:50 UTC,sda,54.00,0.00,260.00,0.00,4.81,0.08,1.46,0.80
cloud-k3s-master2,1,2026-06-05 16:46:51 UTC,sda,52.00,0.00,156.00,0.00,3.00,0.06,0.77,3.10
cloud-k3s-master2,1,2026-06-05 16:46:52 UTC,sda,27.72,0.00,87.13,0.00,3.14,0.01,0.32,0.59
cloud-k3s-master2,1,2026-06-05 16:46:53 UTC,sda,61.00,0.00,188.00,0.00,3.08,0.03,0.41,1.30
cloud-k3s-master2,1,2026-06-05 16:46:54 UTC,sda,25.00,0.00,92.00,0.00,3.68,0.02,0.56,1.10
cloud-k3s-master2,1,2026-06-05 16:46:55 UTC,sda,30.00,0.00,80.00,0.00,2.67,0.01,0.40,0.70
cloud-k3s-master2,1,2026-06-05 16:46:56 UTC,sda,30.00,0.00,104.00,0.00,3.47,0.05,0.93,2.40
cloud-k3s-master2,1,2026-06-05 16:46:57 UTC,sda,43.00,0.00,132.00,0.00,3.07,0.02,0.42,1.20
cloud-k3s-master2,1,2026-06-05 16:46:58 UTC,sda,46.00,0.00,148.00,0.00,3.22,0.03,0.41,1.20
cloud-k3s-master2,1,2026-06-05 16:46:59 UTC,sda,94.00,0.00,380.00,0.00,4.04,0.11,1.17,2.10
cloud-k3s-master2,1,2026-06-05 16:47:00 UTC,sda,29.00,0.00,108.00,0.00,3.72,0.02,0.45,1.00
cloud-k3s-master2,1,2026-06-05 16:47:01 UTC,sda,30.00,0.00,80.00,0.00,2.67,0.01,0.37,0.40
cloud-k3s-master2,1,2026-06-05 16:47:02 UTC,sda,17.00,0.00,44.00,0.00,2.59,0.01,0.35,0.50
cloud-k3s-master2,1,2026-06-05 16:47:03 UTC,sda,56.00,0.00,168.00,0.00,3.00,0.03,0.41,1.30
cloud-k3s-master2,1,2026-06-05 16:47:04 UTC,sda,19.00,0.00,68.00,0.00,3.58,0.01,0.42,0.50
cloud-k3s-master2,1,2026-06-05 16:47:05 UTC,sda,74.00,0.00,304.00,0.00,4.11,0.07,0.89,0.80
cloud-k3s-master2,1,2026-06-05 16:47:06 UTC,sda,48.00,0.00,148.00,0.00,3.08,0.03,0.42,0.80
cloud-k3s-master2,1,2026-06-05 16:47:07 UTC,sda,53.00,0.00,160.00,0.00,3.02,0.03,0.38,0.90
cloud-k3s-master2,1,2026-06-05 16:47:08 UTC,sda,22.00,0.00,76.00,0.00,3.45,0.01,0.50,0.70
cloud-k3s-master2,1,2026-06-05 16:47:09 UTC,sda,52.00,0.00,156.00,0.00,3.00,0.03,0.42,1.20
cloud-k3s-master2,1,2026-06-05 16:47:10 UTC,sda,33.00,0.00,112.00,0.00,3.39,0.02,0.39,0.70
cloud-k3s-master2,1,2026-06-05 16:47:11 UTC,sda,35.00,0.00,124.00,0.00,3.54,0.02,0.40,0.70
cloud-k3s-master2,1,2026-06-05 16:47:12 UTC,sda,16.00,0.00,40.00,0.00,2.50,0.01,0.44,0.30
cloud-k3s-master2,1,2026-06-05 16:47:13 UTC,sda,75.00,0.00,228.00,0.00,3.04,0.04,0.45,2.00
cloud-k3s-master2,1,2026-06-05 16:47:14 UTC,sda,46.00,0.00,224.00,0.00,4.87,0.06,1.22,0.50
cloud-k3s-master2,1,2026-06-05 16:47:15 UTC,sda,59.00,0.00,432.00,0.00,7.32,0.03,0.41,1.50
cloud-k3s-master2,1,2026-06-05 16:47:16 UTC,sda,19.00,0.00,76.00,0.00,4.00,0.02,0.79,0.80
cloud-k3s-master2,1,2026-06-05 16:47:17 UTC,sda,45.00,0.00,136.00,0.00,3.02,0.03,0.44,1.20
cloud-k3s-master2,1,2026-06-05 16:47:18 UTC,sda,30.00,0.00,88.00,0.00,2.93,0.02,0.40,0.50
cloud-k3s-master2,1,2026-06-05 16:47:19 UTC,sda,56.00,0.00,164.00,0.00,2.93,0.04,0.48,2.00
cloud-k3s-master2,1,2026-06-05 16:47:20 UTC,sda,64.00,0.00,276.00,0.00,4.31,0.04,0.56,0.80
cloud-k3s-master2,1,2026-06-05 16:47:21 UTC,sda,47.00,0.00,156.00,0.00,3.32,0.02,0.40,1.10
cloud-k3s-master2,1,2026-06-05 16:47:22 UTC,sda,19.00,0.00,44.00,0.00,2.32,0.01,0.32,0.50
cloud-k3s-master2,1,2026-06-05 16:47:23 UTC,sda,54.00,0.00,164.00,0.00,3.04,0.04,0.52,1.90
cloud-k3s-master2,1,2026-06-05 16:47:24 UTC,sda,15.00,0.00,68.00,0.00,4.53,0.04,1.53,1.80
cloud-k3s-master2,1,2026-06-05 16:47:25 UTC,sda,50.00,0.00,164.00,0.00,3.28,0.03,0.46,1.30
cloud-k3s-master2,1,2026-06-05 16:47:26 UTC,sda,14.00,0.00,36.00,0.00,2.57,0.01,0.36,0.40
cloud-k3s-master2,1,2026-06-05 16:47:27 UTC,sda,46.00,0.00,140.00,0.00,3.04,0.03,0.50,1.30
cloud-k3s-master2,1,2026-06-05 16:47:28 UTC,sda,39.00,0.00,128.00,0.00,3.28,0.02,0.41,0.70
cloud-k3s-master2,1,2026-06-05 16:47:29 UTC,sda,49.00,0.00,144.00,0.00,2.94,0.02,0.35,1.10
cloud-k3s-master2,1,2026-06-05 16:47:30 UTC,sda,81.00,0.00,340.00,0.00,4.20,0.11,1.19,2.40
cloud-k3s-master2,1,2026-06-05 16:47:31 UTC,sda,31.00,0.00,84.00,0.00,2.71,0.01,0.35,0.70
cloud-k3s-master2,1,2026-06-05 16:47:32 UTC,sda,17.00,0.00,60.00,0.00,3.53,0.02,0.65,0.90
cloud-k3s-master2,1,2026-06-05 16:47:33 UTC,sda,55.00,0.00,164.00,0.00,2.98,0.03,0.36,0.90
cloud-k3s-master2,1,2026-06-05 16:47:34 UTC,sda,11.00,0.00,36.00,0.00,3.27,0.01,0.55,0.50
cloud-k3s-master2,1,2026-06-05 16:47:35 UTC,sda,47.00,0.00,164.00,0.00,3.49,0.03,0.51,1.40
cloud-k3s-master2,1,2026-06-05 16:47:36 UTC,sda,25.00,0.00,84.00,0.00,3.36,0.02,0.48,0.90
cloud-k3s-master2,1,2026-06-05 16:47:37 UTC,sda,70.00,0.00,248.00,0.00,3.54,0.03,0.40,1.70
cloud-k3s-master2,1,2026-06-05 16:47:38 UTC,sda,9.00,0.00,20.00,0.00,2.22,0.00,0.33,0.30
cloud-k3s-master2,1,2026-06-05 16:47:39 UTC,sda,85.00,0.00,328.00,0.00,3.86,0.10,1.07,1.40
cloud-k3s-master2,1,2026-06-05 16:47:40 UTC,sda,47.00,0.00,160.00,0.00,3.40,0.05,0.68,1.50
cloud-k3s-master2,1,2026-06-05 16:47:41 UTC,sda,33.00,0.00,100.00,0.00,3.03,0.03,0.61,1.70
cloud-k3s-master2,1,2026-06-05 16:47:42 UTC,sda,14.00,0.00,36.00,0.00,2.57,0.03,1.21,1.50
cloud-k3s-master2,1,2026-06-05 16:47:43 UTC,sda,76.00,0.00,252.00,0.00,3.32,0.07,0.67,3.70
cloud-k3s-master2,1,2026-06-05 16:47:44 UTC,sda,9.00,0.00,24.00,0.00,2.67,0.01,0.44,0.10
cloud-k3s-master2,1,2026-06-05 16:47:45 UTC,sda,84.00,0.00,332.00,0.00,3.95,0.08,0.90,1.70
cloud-k3s-master2,1,2026-06-05 16:47:46 UTC,sda,16.00,0.00,48.00,0.00,3.00,0.01,0.38,0.40
cloud-k3s-master2,1,2026-06-05 16:47:47 UTC,sda,51.00,0.00,420.00,0.00,8.24,0.06,0.76,3.00
cloud-k3s-master2,1,2026-06-05 16:47:48 UTC,sda,14.00,0.00,36.00,0.00,2.57,0.03,1.00,1.20
cloud-k3s-master2,1,2026-06-05 16:47:49 UTC,sda,49.00,0.00,144.00,0.00,2.94,0.04,0.51,1.70
cloud-k3s-master2,1,2026-06-05 16:47:50 UTC,sda,38.00,0.00,132.00,0.00,3.47,0.02,0.42,0.70
cloud-k3s-master2,1,2026-06-05 16:47:51 UTC,sda,54.00,0.00,168.00,0.00,3.11,0.04,0.50,1.90
cloud-k3s-master2,1,2026-06-05 16:47:52 UTC,sda,26.00,0.00,68.00,0.00,2.62,0.03,0.85,1.80
cloud-k3s-master2,1,2026-06-05 16:47:53 UTC,sda,48.00,0.00,144.00,0.00,3.00,0.04,0.75,2.50
cloud-k3s-master2,1,2026-06-05 16:47:54 UTC,sda,43.00,0.00,204.00,0.00,4.74,0.05,1.23,0.50
cloud-k3s-master2,1,2026-06-05 16:47:55 UTC,sda,99.00,0.00,416.00,0.00,4.20,0.05,0.38,1.60
cloud-k3s-master2,1,2026-06-05 16:47:56 UTC,sda,19.00,0.00,52.00,0.00,2.74,0.01,0.37,0.30
cloud-k3s-master2,1,2026-06-05 16:47:57 UTC,sda,54.00,0.00,160.00,0.00,2.96,0.04,0.54,2.00
cloud-k3s-master2,1,2026-06-05 16:47:58 UTC,sda,48.00,0.00,168.00,0.00,3.50,0.03,0.48,2.00
cloud-k3s-master2,1,2026-06-05 16:47:59 UTC,sda,52.00,0.00,168.00,0.00,3.23,0.04,0.56,1.90
cloud-k3s-master2,1,2026-06-05 16:48:00 UTC,sda,81.00,0.00,332.00,0.00,4.10,0.13,1.47,2.10
cloud-k3s-master2,1,2026-06-05 16:48:01 UTC,sda,42.00,0.00,148.00,0.00,3.52,0.04,0.60,2.40
cloud-k3s-master2,1,2026-06-05 16:48:02 UTC,sda,17.00,0.00,44.00,0.00,2.59,0.01,0.41,0.50
cloud-k3s-master2,1,2026-06-05 16:48:03 UTC,sda,54.00,0.00,204.00,0.00,3.78,0.04,0.57,1.80
cloud-k3s-master2,1,2026-06-05 16:48:04 UTC,sda,21.00,0.00,56.00,0.00,2.67,0.03,0.86,1.50
cloud-k3s-master2,1,2026-06-05 16:48:05 UTC,sda,57.00,0.00,240.00,0.00,4.21,0.07,0.86,3.00
cloud-k3s-master2,1,2026-06-05 16:48:06 UTC,sda,74.00,0.00,308.00,0.00,4.16,0.03,0.34,1.20
cloud-k3s-master2,1,2026-06-05 16:48:07 UTC,sda,62.00,0.00,216.00,0.00,3.48,0.02,0.29,0.90
cloud-k3s-master2,1,2026-06-05 16:48:08 UTC,sda,30.00,0.00,100.00,0.00,3.33,0.01,0.33,0.40
cloud-k3s-master2,1,2026-06-05 16:48:09 UTC,sda,37.00,0.00,96.00,0.00,2.59,0.03,0.59,1.30
cloud-k3s-master2,1,2026-06-05 16:48:10 UTC,sda,57.00,0.00,264.00,0.00,4.63,0.09,1.32,3.00
cloud-k3s-master2,1,2026-06-05 16:48:11 UTC,sda,58.00,0.00,192.00,0.00,3.31,0.06,0.76,2.60
cloud-k3s-master2,1,2026-06-05 16:48:12 UTC,sda,16.00,0.00,40.00,0.00,2.50,0.01,0.50,0.60
cloud-k3s-master2,1,2026-06-05 16:48:13 UTC,sda,66.00,0.00,228.00,0.00,3.45,0.05,0.52,1.90
cloud-k3s-master2,1,2026-06-05 16:48:14 UTC,sda,16.00,0.00,56.00,0.00,3.50,0.02,0.69,1.00
cloud-k3s-master2,1,2026-06-05 16:48:15 UTC,sda,67.00,0.00,284.00,0.00,4.24,0.05,0.69,0.80
cloud-k3s-master2,1,2026-06-05 16:48:16 UTC,sda,19.00,0.00,68.00,0.00,3.58,0.01,0.42,0.40
cloud-k3s-master2,1,2026-06-05 16:48:17 UTC,sda,45.00,0.00,136.00,0.00,3.02,0.02,0.36,1.00
cloud-k3s-master2,1,2026-06-05 16:48:18 UTC,sda,29.00,0.00,316.00,0.00,10.90,0.01,0.38,0.80
cloud-k3s-master2,1,2026-06-05 16:48:19 UTC,sda,39.00,0.00,128.00,0.00,3.28,0.02,0.36,0.80
cloud-k3s-master2,1,2026-06-05 16:48:20 UTC,sda,38.00,0.00,184.00,0.00,4.84,0.02,0.45,1.10
cloud-k3s-master2,1,2026-06-05 16:48:21 UTC,sda,67.00,0.00,228.00,0.00,3.40,0.03,0.34,1.70
cloud-k3s-master2,1,2026-06-05 16:48:22 UTC,sda,26.00,0.00,68.00,0.00,2.62,0.01,0.35,0.50
cloud-k3s-master2,1,2026-06-05 16:48:23 UTC,sda,57.00,0.00,168.00,0.00,2.95,0.03,0.42,1.70
cloud-k3s-master2,1,2026-06-05 16:48:24 UTC,sda,64.00,0.00,308.00,0.00,4.81,0.06,0.97,0.60
cloud-k3s-master2,1,2026-06-05 16:48:25 UTC,sda,41.00,0.00,144.00,0.00,3.51,0.02,0.44,1.00
cloud-k3s-master2,1,2026-06-05 16:48:26 UTC,sda,18.00,0.00,48.00,0.00,2.67,0.01,0.44,0.40
cloud-k3s-master2,1,2026-06-05 16:48:27 UTC,sda,38.00,0.00,116.00,0.00,3.05,0.02,0.42,0.90
cloud-k3s-master2,1,2026-06-05 16:48:28 UTC,sda,42.00,0.00,132.00,0.00,3.14,0.02,0.38,0.90
cloud-k3s-master2,1,2026-06-05 16:48:29 UTC,sda,48.00,0.00,152.00,0.00,3.17,0.02,0.35,1.00
cloud-k3s-master2,1,2026-06-05 16:48:30 UTC,sda,70.00,0.00,296.00,0.00,4.23,0.06,0.86,0.90
cloud-k3s-master2,1,2026-06-05 16:48:31 UTC,sda,62.00,0.00,180.00,0.00,2.90,0.03,0.39,1.30
cloud-k3s-master2,1,2026-06-05 16:48:32 UTC,sda,21.00,0.00,88.00,0.00,4.19,0.01,0.48,0.60
cloud-k3s-master2,1,2026-06-05 16:48:33 UTC,sda,63.00,0.00,220.00,0.00,3.49,0.03,0.43,1.10
cloud-k3s-master2,1,2026-06-05 16:48:34 UTC,sda,9.00,0.00,24.00,0.00,2.67,0.01,0.44,0.30
cloud-k3s-master2,1,2026-06-05 16:48:35 UTC,sda,43.00,0.00,144.00,0.00,3.35,0.02,0.40,1.20
cloud-k3s-master2,1,2026-06-05 16:48:36 UTC,sda,43.00,0.00,144.00,0.00,3.35,0.02,0.47,0.60
cloud-k3s-master2,1,2026-06-05 16:48:37 UTC,sda,47.00,0.00,140.00,0.00,2.98,0.07,0.94,2.00
cloud-k3s-master2,1,2026-06-05 16:48:38 UTC,sda,25.00,0.00,84.00,0.00,3.36,0.02,0.60,0.90
cloud-k3s-master2,1,2026-06-05 16:48:39 UTC,sda,75.00,0.00,296.00,0.00,3.95,0.09,1.16,1.00
cloud-k3s-master2,1,2026-06-05 16:48:40 UTC,sda,19.00,0.00,52.00,0.00,2.74,0.01,0.42,0.60
cloud-k3s-master2,1,2026-06-05 16:48:41 UTC,sda,50.00,0.00,172.00,0.00,3.44,0.02,0.36,1.40
cloud-k3s-master2,1,2026-06-05 16:48:42 UTC,sda,35.00,0.00,92.00,0.00,2.63,0.02,0.40,0.70
cloud-k3s-master2,1,2026-06-05 16:48:43 UTC,sda,53.00,0.00,176.00,0.00,3.32,0.03,0.42,1.50
cloud-k3s-master2,1,2026-06-05 16:48:44 UTC,sda,27.00,0.00,88.00,0.00,3.26,0.01,0.41,0.50
cloud-k3s-master2,1,2026-06-05 16:48:45 UTC,sda,90.00,0.00,392.00,0.00,4.36,0.11,1.16,1.20
cloud-k3s-master2,1,2026-06-05 16:48:46 UTC,sda,18.00,0.00,48.00,0.00,2.67,0.01,0.44,0.20
cloud-k3s-master2,1,2026-06-05 16:48:47 UTC,sda,47.00,0.00,140.00,0.00,2.98,0.03,0.40,1.10
cloud-k3s-master2,1,2026-06-05 16:48:48 UTC,sda,25.00,0.00,68.00,0.00,2.72,0.01,0.40,0.40
cloud-k3s-master2,1,2026-06-05 16:48:49 UTC,sda,40.00,0.00,120.00,0.00,3.00,0.02,0.38,1.00
cloud-k3s-master2,1,2026-06-05 16:48:50 UTC,sda,11.00,0.00,316.00,0.00,28.73,0.01,0.55,0.40
cloud-k3s-master2,1,2026-06-05 16:48:51 UTC,sda,66.00,0.00,260.00,0.00,3.94,0.03,0.38,1.20
cloud-k3s-master2,1,2026-06-05 16:48:52 UTC,sda,49.00,0.00,144.00,0.00,2.94,0.03,0.39,1.10
cloud-k3s-master2,1,2026-06-05 16:48:53 UTC,sda,53.00,0.00,168.00,0.00,3.17,0.03,0.42,1.10
cloud-k3s-master2,1,2026-06-05 16:48:54 UTC,sda,9.00,0.00,24.00,0.00,2.67,0.00,0.33,0.10
cloud-k3s-master2,1,2026-06-05 16:48:55 UTC,sda,77.00,0.00,368.00,0.00,4.78,0.10,1.21,0.90
cloud-k3s-master2,1,2026-06-05 16:48:56 UTC,sda,14.85,0.00,138.61,0.00,9.33,0.01,0.40,0.40
cloud-k3s-master2,1,2026-06-05 16:48:57 UTC,sda,44.00,0.00,116.00,0.00,2.64,0.02,0.34,0.90
cloud-k3s-master2,1,2026-06-05 16:48:58 UTC,sda,43.00,0.00,200.00,0.00,4.65,0.02,0.42,1.20
cloud-k3s-master2,1,2026-06-05 16:48:59 UTC,sda,68.00,0.00,252.00,0.00,3.71,0.03,0.35,1.80
cloud-k3s-master2,1,2026-06-05 16:49:00 UTC,sda,18.00,0.00,48.00,0.00,2.67,0.01,0.33,0.40
cloud-k3s-master2,1,2026-06-05 16:49:01 UTC,sda,107.00,0.00,424.00,0.00,3.96,0.14,1.28,1.50
cloud-k3s-master2,1,2026-06-05 16:49:02 UTC,sda,42.00,0.00,180.00,0.00,4.29,0.02,0.38,1.00
cloud-k3s-master2,1,2026-06-05 16:49:03 UTC,sda,53.00,0.00,172.00,0.00,3.25,0.03,0.40,1.10
cloud-k3s-master2,1,2026-06-05 16:49:04 UTC,sda,9.00,0.00,24.00,0.00,2.67,0.00,0.44,0.20
cloud-k3s-master2,1,2026-06-05 16:49:05 UTC,sda,30.00,0.00,112.00,0.00,3.73,0.01,0.37,0.80
cloud-k3s-master2,1,2026-06-05 16:49:06 UTC,sda,34.00,0.00,108.00,0.00,3.18,0.02,0.44,0.70
cloud-k3s-master2,1,2026-06-05 16:49:07 UTC,sda,49.00,0.00,160.00,0.00,3.27,0.03,0.39,1.40
cloud-k3s-master2,1,2026-06-05 16:49:08 UTC,sda,36.00,0.00,116.00,0.00,3.22,0.02,0.50,0.60
cloud-k3s-master2,1,2026-06-05 16:49:09 UTC,sda,32.00,0.00,100.00,0.00,3.12,0.02,0.38,0.80
cloud-k3s-master2,1,2026-06-05 16:49:10 UTC,sda,55.00,0.00,260.00,0.00,4.73,0.07,1.29,0.70
cloud-k3s-master2,1,2026-06-05 16:49:11 UTC,sda,50.00,0.00,152.00,0.00,3.04,0.02,0.38,1.50
cloud-k3s-master2,1,2026-06-05 16:49:12 UTC,sda,67.00,0.00,196.00,0.00,2.93,0.03,0.39,1.70
cloud-k3s-master2,1,2026-06-05 16:49:13 UTC,sda,63.00,0.00,232.00,0.00,3.68,0.03,0.40,1.50
cloud-k3s-master2,1,2026-06-05 16:49:14 UTC,sda,26.00,0.00,84.00,0.00,3.23,0.01,0.46,1.00
cloud-k3s-master2,1,2026-06-05 16:49:15 UTC,sda,74.00,0.00,364.00,0.00,4.92,0.08,0.97,1.10
cloud-k3s-master2,1,2026-06-05 16:49:16 UTC,sda,17.00,0.00,48.00,0.00,2.82,0.01,0.35,0.40
cloud-k3s-master2,1,2026-06-05 16:49:17 UTC,sda,36.00,0.00,116.00,0.00,3.22,0.02,0.39,0.90
cloud-k3s-master2,1,2026-06-05 16:49:18 UTC,sda,27.00,0.00,88.00,0.00,3.26,0.01,0.41,0.60
cloud-k3s-master2,1,2026-06-05 16:49:19 UTC,sda,33.00,0.00,100.00,0.00,3.03,0.02,0.39,0.80
cloud-k3s-master2,1,2026-06-05 16:49:20 UTC,sda,12.00,0.00,32.00,0.00,2.67,0.01,0.33,0.40
cloud-k3s-master2,1,2026-06-05 16:49:21 UTC,sda,42.00,0.00,156.00,0.00,3.71,0.02,0.36,1.30
cloud-k3s-master2,1,2026-06-05 16:49:22 UTC,sda,57.00,0.00,184.00,0.00,3.23,0.03,0.40,1.70
cloud-k3s-master2,1,2026-06-05 16:49:23 UTC,sda,61.00,0.00,188.00,0.00,3.08,0.03,0.38,1.30
cloud-k3s-master2,1,2026-06-05 16:49:24 UTC,sda,43.00,0.00,196.00,0.00,4.56,0.07,1.49,0.40
cloud-k3s-master2,1,2026-06-05 16:49:25 UTC,sda,31.00,0.00,116.00,0.00,3.74,0.02,0.42,0.90
cloud-k3s-master2,1,2026-06-05 16:49:26 UTC,sda,18.00,0.00,52.00,0.00,2.89,0.01,0.33,0.30
cloud-k3s-master2,1,2026-06-05 16:49:27 UTC,sda,38.00,0.00,116.00,0.00,3.05,0.02,0.45,0.90
cloud-k3s-master2,1,2026-06-05 16:49:28 UTC,sda,35.00,0.00,132.00,0.00,3.77,0.02,0.40,0.90
cloud-k3s-master2,1,2026-06-05 16:49:29 UTC,sda,67.00,0.00,212.00,0.00,3.16,0.03,0.40,1.70
cloud-k3s-master2,1,2026-06-05 16:49:30 UTC,sda,58.00,0.00,236.00,0.00,4.07,0.05,0.83,0.70
cloud-k3s-master2,1,2026-06-05 16:49:31 UTC,sda,23.00,0.00,96.00,0.00,4.17,0.01,0.39,0.70
cloud-k3s-master2,1,2026-06-05 16:49:32 UTC,sda,45.00,0.00,136.00,0.00,3.02,0.02,0.40,1.20
cloud-k3s-master2,1,2026-06-05 16:49:33 UTC,sda,60.00,0.00,196.00,0.00,3.27,0.03,0.37,1.40
cloud-k3s-master2,1,2026-06-05 16:49:34 UTC,sda,10.00,0.00,276.00,0.00,27.60,0.01,0.50,0.30
cloud-k3s-master2,1,2026-06-05 16:49:35 UTC,sda,24.00,0.00,108.00,0.00,4.50,0.01,0.42,0.40
cloud-k3s-master2,1,2026-06-05 16:49:36 UTC,sda,23.00,0.00,60.00,0.00,2.61,0.01,0.39,0.40
cloud-k3s-master2,1,2026-06-05 16:49:37 UTC,sda,57.00,0.00,180.00,0.00,3.16,0.03,0.39,1.20
cloud-k3s-master2,1,2026-06-05 16:49:38 UTC,sda,19.00,0.00,48.00,0.00,2.53,0.01,0.42,0.10
cloud-k3s-master2,1,2026-06-05 16:49:39 UTC,sda,41.00,0.00,132.00,0.00,3.22,0.02,0.37,0.90
cloud-k3s-master2,1,2026-06-05 16:49:40 UTC,sda,80.00,0.00,384.00,0.00,4.80,0.10,1.16,0.90
cloud-k3s-master2,1,2026-06-05 16:49:41 UTC,sda,31.00,0.00,116.00,0.00,3.74,0.01,0.39,0.50
cloud-k3s-master2,1,2026-06-05 16:49:42 UTC,sda,37.00,0.00,96.00,0.00,2.59,0.02,0.41,0.90
cloud-k3s-master2,1,2026-06-05 16:49:43 UTC,sda,80.00,0.00,244.00,0.00,3.05,0.04,0.41,1.70
cloud-k3s-master2,1,2026-06-05 16:49:44 UTC,sda,24.00,0.00,80.00,0.00,3.33,0.01,0.33,0.40
cloud-k3s-master2,1,2026-06-05 16:49:45 UTC,sda,25.00,0.00,96.00,0.00,3.84,0.01,0.40,0.80
cloud-k3s-master2,1,2026-06-05 16:49:46 UTC,sda,9.00,0.00,24.00,0.00,2.67,0.00,0.33,0.10
cloud-k3s-master2,1,2026-06-05 16:49:47 UTC,sda,48.00,0.00,160.00,0.00,3.33,0.03,0.58,1.60
cloud-k3s-master2,1,2026-06-05 16:49:48 UTC,sda,23.00,0.00,60.00,0.00,2.61,0.01,0.39,0.30
cloud-k3s-master2,1,2026-06-05 16:49:49 UTC,sda,77.00,0.00,304.00,0.00,3.95,0.10,1.22,1.30
cloud-k3s-master2,1,2026-06-05 16:49:50 UTC,sda,28.00,0.00,104.00,0.00,3.71,0.01,0.43,0.60
cloud-k3s-master2,1,2026-06-05 16:49:51 UTC,sda,44.00,0.00,136.00,0.00,3.09,0.02,0.36,0.90
cloud-k3s-master2,1,2026-06-05 16:49:52 UTC,sda,28.00,0.00,88.00,0.00,3.14,0.01,0.32,0.60
cloud-k3s-master2,1,2026-06-05 16:49:53 UTC,sda,75.00,0.00,232.00,0.00,3.09,0.04,0.41,1.60
cloud-k3s-master2,1,2026-06-05 16:49:54 UTC,sda,8.00,0.00,24.00,0.00,3.00,0.00,0.38,0.20
cloud-k3s-master2,1,2026-06-05 16:49:55 UTC,sda,60.00,0.00,272.00,0.00,4.53,0.07,1.05,0.60
cloud-k3s-master2,1,2026-06-05 16:49:56 UTC,sda,12.00,0.00,36.00,0.00,3.00,0.01,0.42,0.30
cloud-k3s-master2,1,2026-06-05 16:49:57 UTC,sda,45.00,0.00,136.00,0.00,3.02,0.02,0.36,0.90
cloud-k3s-master2,1,2026-06-05 16:49:58 UTC,sda,31.00,0.00,104.00,0.00,3.35,0.01,0.39,0.80
cloud-k3s-master2,1,2026-06-05 16:49:59 UTC,sda,49.00,0.00,164.00,0.00,3.35,0.02,0.39,0.80
cloud-k3s-master2,1,2026-06-05 16:50:00 UTC,sda,22.00,0.00,84.00,0.00,3.82,0.01,0.41,0.60
cloud-k3s-master2,1,2026-06-05 16:50:01 UTC,sda,32.00,0.00,108.00,0.00,3.38,0.02,0.41,0.70
cloud-k3s-master2,1,2026-06-05 16:50:02 UTC,sda,28.00,0.00,76.00,0.00,2.71,0.01,0.36,0.50
cloud-k3s-master2,1,2026-06-05 16:50:03 UTC,sda,82.00,0.00,304.00,0.00,3.71,0.04,0.40,1.70
cloud-k3s-master2,1,2026-06-05 16:50:04 UTC,sda,65.00,0.00,556.00,0.00,8.55,0.13,2.05,0.60
cloud-k3s-master2,1,2026-06-05 16:50:05 UTC,sda,25.00,0.00,108.00,0.00,4.32,0.01,0.36,0.70
cloud-k3s-master2,1,2026-06-05 16:50:06 UTC,sda,23.00,0.00,80.00,0.00,3.48,0.01,0.39,0.50
cloud-k3s-master2,1,2026-06-05 16:50:07 UTC,sda,62.00,0.00,192.00,0.00,3.10,0.03,0.42,1.60
cloud-k3s-master2,1,2026-06-05 16:50:08 UTC,sda,38.00,0.00,120.00,0.00,3.16,0.02,0.39,0.50
cloud-k3s-master2,1,2026-06-05 16:50:09 UTC,sda,48.00,0.00,160.00,0.00,3.33,0.02,0.35,1.00
cloud-k3s-master2,1,2026-06-05 16:50:10 UTC,sda,50.00,0.00,244.00,0.00,4.88,0.06,1.22,0.60
cloud-k3s-master2,1,2026-06-05 16:50:11 UTC,sda,28.00,0.00,88.00,0.00,3.14,0.01,0.43,0.70
cloud-k3s-master2,1,2026-06-05 16:50:12 UTC,sda,23.00,0.00,64.00,0.00,2.78,0.01,0.35,0.60
cloud-k3s-master2,1,2026-06-05 16:50:13 UTC,sda,65.00,0.00,204.00,0.00,3.14,0.03,0.38,1.70
cloud-k3s-master2,1,2026-06-05 16:50:14 UTC,sda,42.00,0.00,128.00,0.00,3.05,0.02,0.43,0.70
cloud-k3s-master2,1,2026-06-05 16:50:15 UTC,sda,38.00,0.00,140.00,0.00,3.68,0.02,0.42,0.60
cloud-k3s-master2,1,2026-06-05 16:50:16 UTC,sda,9.00,0.00,24.00,0.00,2.67,0.01,0.44,0.30
cloud-k3s-master2,1,2026-06-05 16:50:17 UTC,sda,40.00,0.00,120.00,0.00,3.00,0.02,0.38,0.80
cloud-k3s-master2,1,2026-06-05 16:50:18 UTC,sda,16.00,0.00,56.00,0.00,3.50,0.01,0.44,0.30
cloud-k3s-master2,1,2026-06-05 16:50:19 UTC,sda,33.00,0.00,108.00,0.00,3.27,0.02,0.39,0.80
cloud-k3s-master2,1,2026-06-05 16:50:20 UTC,sda,46.00,0.00,208.00,0.00,4.52,0.09,1.89,0.40
cloud-k3s-master2,1,2026-06-05 16:50:21 UTC,sda,58.00,0.00,192.00,0.00,3.31,0.03,0.38,1.10
cloud-k3s-master2,1,2026-06-05 16:50:22 UTC,sda,28.00,0.00,88.00,0.00,3.14,0.01,0.36,0.70
cloud-k3s-master2,1,2026-06-05 16:50:23 UTC,sda,72.00,0.00,216.00,0.00,3.00,0.04,0.43,1.70
cloud-k3s-master2,1,2026-06-05 16:50:24 UTC,sda,33.00,0.00,108.00,0.00,3.27,0.02,0.36,0.80
cloud-k3s-master2,1,2026-06-05 16:50:25 UTC,sda,23.00,0.00,92.00,0.00,4.00,0.01,0.39,0.50
cloud-k3s-master2,1,2026-06-05 16:50:26 UTC,sda,12.00,0.00,36.00,0.00,3.00,0.01,0.42,0.10
cloud-k3s-master2,1,2026-06-05 16:50:27 UTC,sda,42.00,0.00,124.00,0.00,2.95,0.02,0.40,1.00
cloud-k3s-master2,1,2026-06-05 16:50:28 UTC,sda,30.00,0.00,104.00,0.00,3.47,0.02,0.40,0.80
cloud-k3s-master2,1,2026-06-05 16:50:29 UTC,sda,83.00,0.00,340.00,0.00,4.10,0.10,1.10,1.20
cloud-k3s-master2,1,2026-06-05 16:50:30 UTC,sda,18.00,0.00,48.00,0.00,2.67,0.01,0.39,0.50
cloud-k3s-master2,1,2026-06-05 16:50:31 UTC,sda,35.00,0.00,140.00,0.00,4.00,0.02,0.37,0.90
cloud-k3s-master2,1,2026-06-05 16:50:32 UTC,sda,16.00,0.00,48.00,0.00,3.00,0.01,0.50,0.20
cloud-k3s-master2,1,2026-06-05 16:50:33 UTC,sda,57.00,0.00,172.00,0.00,3.02,0.03,0.37,1.50
cloud-k3s-master2,1,2026-06-05 16:50:34 UTC,sda,35.00,0.00,108.00,0.00,3.09,0.02,0.37,0.90
cloud-k3s-master2,1,2026-06-05 16:50:35 UTC,sda,66.00,0.00,284.00,0.00,4.30,0.08,1.12,0.70
cloud-k3s-master2,1,2026-06-05 16:50:36 UTC,sda,25.00,0.00,340.00,0.00,13.60,0.01,0.44,0.70
cloud-k3s-master2,1,2026-06-05 16:50:37 UTC,sda,54.00,0.00,160.00,0.00,2.96,0.03,0.41,1.20
cloud-k3s-master2,1,2026-06-05 16:50:38 UTC,sda,29.00,0.00,96.00,0.00,3.31,0.01,0.34,0.90
cloud-k3s-master2,1,2026-06-05 16:50:39 UTC,sda,34.00,0.00,124.00,0.00,3.65,0.02,0.41,0.80
cloud-k3s-master2,1,2026-06-05 16:50:40 UTC,sda,19.00,0.00,52.00,0.00,2.74,0.01,0.42,0.60
cloud-k3s-master2,1,2026-06-05 16:50:41 UTC,sda,37.00,0.00,120.00,0.00,3.24,0.02,0.35,0.80
cloud-k3s-master2,1,2026-06-05 16:50:42 UTC,sda,23.00,0.00,60.00,0.00,2.61,0.01,0.35,0.40
cloud-k3s-master2,1,2026-06-05 16:50:43 UTC,sda,77.00,0.00,252.00,0.00,3.27,0.04,0.40,1.90
cloud-k3s-master2,1,2026-06-05 16:50:44 UTC,sda,61.00,0.00,200.00,0.00,3.28,0.03,0.34,1.10
cloud-k3s-master2,1,2026-06-05 16:50:45 UTC,sda,61.00,0.00,272.00,0.00,4.46,0.07,1.15,1.00
cloud-k3s-master2,1,2026-06-05 16:50:46 UTC,sda,16.00,0.00,44.00,0.00,2.75,0.01,0.38,0.20
cloud-k3s-master2,1,2026-06-05 16:50:47 UTC,sda,38.00,0.00,116.00,0.00,3.05,0.02,0.34,0.60
cloud-k3s-master2,1,2026-06-05 16:50:48 UTC,sda,16.00,0.00,44.00,0.00,2.75,0.01,0.38,0.50
cloud-k3s-master2,1,2026-06-05 16:50:49 UTC,sda,39.60,0.00,138.61,0.00,3.50,0.02,0.35,0.99
cloud-k3s-master2,1,2026-06-05 16:50:50 UTC,sda,18.00,0.00,52.00,0.00,2.89,0.01,0.33,0.30
cloud-k3s-master2,1,2026-06-05 16:50:51 UTC,sda,48.00,0.00,164.00,0.00,3.42,0.03,0.40,1.20
cloud-k3s-master2,1,2026-06-05 16:50:52 UTC,sda,27.00,0.00,68.00,0.00,2.52,0.01,0.37,0.50
cloud-k3s-master2,1,2026-06-05 16:50:53 UTC,sda,56.00,0.00,168.00,0.00,3.00,0.03,0.43,1.50
cloud-k3s-master2,1,2026-06-05 16:50:54 UTC,sda,75.00,0.00,300.00,0.00,4.00,0.08,0.99,1.00
cloud-k3s-master2,1,2026-06-05 16:50:55 UTC,sda,42.00,0.00,160.00,0.00,3.81,0.02,0.40,1.00
cloud-k3s-master2,1,2026-06-05 16:50:56 UTC,sda,17.00,0.00,48.00,0.00,2.82,0.01,0.35,0.20
cloud-k3s-master2,1,2026-06-05 16:50:57 UTC,sda,33.00,0.00,104.00,0.00,3.15,0.02,0.39,0.80
cloud-k3s-master2,1,2026-06-05 16:50:58 UTC,sda,29.00,0.00,100.00,0.00,3.45,0.01,0.41,0.80
cloud-k3s-master2,1,2026-06-05 16:50:59 UTC,sda,48.00,0.00,156.00,0.00,3.25,0.02,0.40,1.00
cloud-k3s-master2,1,2026-06-05 16:51:00 UTC,sda,67.00,0.00,288.00,0.00,4.30,0.07,1.01,0.80
cloud-k3s-master2,1,2026-06-05 16:51:01 UTC,sda,19.00,0.00,64.00,0.00,3.37,0.01,0.37,0.50
cloud-k3s-master2,1,2026-06-05 16:51:02 UTC,sda,32.00,0.00,88.00,0.00,2.75,0.02,0.41,0.60
cloud-k3s-master2,1,2026-06-05 16:51:03 UTC,sda,44.00,0.00,136.00,0.00,3.09,0.02,0.36,0.60
cloud-k3s-master2,1,2026-06-05 16:51:04 UTC,sda,32.00,0.00,104.00,0.00,3.25,0.02,0.41,0.60
cloud-k3s-master2,1,2026-06-05 16:51:05 UTC,sda,71.00,0.00,232.00,0.00,3.27,0.04,0.42,1.60
cloud-k3s-master2,1,2026-06-05 16:51:06 UTC,sda,33.00,0.00,88.00,0.00,2.67,0.02,0.39,0.40
cloud-k3s-master2,1,2026-06-05 16:51:07 UTC,sda,35.00,0.00,348.00,0.00,9.94,0.02,0.37,0.80
cloud-k3s-master2,1,2026-06-05 16:51:08 UTC,sda,45.00,0.00,180.00,0.00,4.00,0.02,0.40,0.90
cloud-k3s-master2,1,2026-06-05 16:51:09 UTC,sda,64.00,0.00,292.00,0.00,4.56,0.05,0.75,0.80
cloud-k3s-master2,1,2026-06-05 16:51:10 UTC,sda,17.00,0.00,56.00,0.00,3.29,0.01,0.35,0.40
cloud-k3s-master2,1,2026-06-05 16:51:11 UTC,sda,26.00,0.00,100.00,0.00,3.85,0.01,0.42,0.60
cloud-k3s-master2,1,2026-06-05 16:51:12 UTC,sda,43.00,0.00,132.00,0.00,3.07,0.02,0.35,1.20
cloud-k3s-master2,1,2026-06-05 16:51:13 UTC,sda,43.00,0.00,136.00,0.00,3.16,0.02,0.40,0.80
cloud-k3s-master2,1,2026-06-05 16:51:14 UTC,sda,49.00,0.00,168.00,0.00,3.43,0.02,0.33,0.80
cloud-k3s-master2,1,2026-06-05 16:51:15 UTC,sda,90.00,0.00,412.00,0.00,4.58,0.08,0.87,1.40
cloud-k3s-master2,1,2026-06-05 16:51:16 UTC,sda,20.00,0.00,56.00,0.00,2.80,0.01,0.35,0.50
cloud-k3s-master2,1,2026-06-05 16:51:17 UTC,sda,24.00,0.00,80.00,0.00,3.33,0.01,0.42,0.60
cloud-k3s-master2,1,2026-06-05 16:51:18 UTC,sda,37.00,0.00,100.00,0.00,2.70,0.02,0.38,0.90
cloud-k3s-master2,1,2026-06-05 16:51:19 UTC,sda,28.00,0.00,88.00,0.00,3.14,0.01,0.36,0.60
cloud-k3s-master2,1,2026-06-05 16:51:20 UTC,sda,21.00,0.00,84.00,0.00,4.00,0.01,0.38,0.50
cloud-k3s-master2,1,2026-06-05 16:51:21 UTC,sda,30.00,0.00,96.00,0.00,3.20,0.01,0.33,0.70
cloud-k3s-master2,1,2026-06-05 16:51:22 UTC,sda,38.00,0.00,120.00,0.00,3.16,0.02,0.42,1.10
cloud-k3s-master2,1,2026-06-05 16:51:23 UTC,sda,31.00,0.00,96.00,0.00,3.10,0.01,0.39,0.60
cloud-k3s-master2,1,2026-06-05 16:51:24 UTC,sda,30.00,0.00,100.00,0.00,3.33,0.02,0.43,0.80
cloud-k3s-master2,1,2026-06-05 16:51:25 UTC,sda,79.00,0.00,324.00,0.00,4.10,0.07,0.86,1.40
cloud-k3s-master2,1,2026-06-05 16:51:26 UTC,sda,26.00,0.00,84.00,0.00,3.23,0.01,0.38,0.60
cloud-k3s-master2,1,2026-06-05 16:51:27 UTC,sda,35.00,0.00,140.00,0.00,4.00,0.02,0.43,0.90
cloud-k3s-master2,1,2026-06-05 16:51:28 UTC,sda,32.00,0.00,116.00,0.00,3.62,0.01,0.38,1.00
cloud-k3s-master2,1,2026-06-05 16:51:29 UTC,sda,45.00,0.00,140.00,0.00,3.11,0.02,0.38,1.20
cloud-k3s-master2,1,2026-06-05 16:51:30 UTC,sda,35.00,0.00,124.00,0.00,3.54,0.02,0.43,0.80
cloud-k3s-master2,1,2026-06-05 16:51:31 UTC,sda,20.00,0.00,52.00,0.00,2.60,0.01,0.40,0.50
cloud-k3s-master2,1,2026-06-05 16:51:32 UTC,sda,42.00,0.00,124.00,0.00,2.95,0.02,0.36,0.80
cloud-k3s-master2,1,2026-06-05 16:51:33 UTC,sda,37.00,0.00,116.00,0.00,3.14,0.02,0.35,0.60
cloud-k3s-master2,1,2026-06-05 16:51:34 UTC,sda,59.00,0.00,264.00,0.00,4.47,0.09,1.44,0.60
cloud-k3s-master2,1,2026-06-05 16:51:35 UTC,sda,38.00,0.00,136.00,0.00,3.58,0.02,0.39,0.80
cloud-k3s-master2,1,2026-06-05 16:51:36 UTC,sda,38.00,0.00,132.00,0.00,3.47,0.02,0.39,0.80
cloud-k3s-master2,1,2026-06-05 16:51:37 UTC,sda,26.00,0.00,80.00,0.00,3.08,0.01,0.42,0.40
cloud-k3s-master2,1,2026-06-05 16:51:38 UTC,sda,36.00,0.00,112.00,0.00,3.11,0.02,0.33,0.50
cloud-k3s-master2,1,2026-06-05 16:51:39 UTC,sda,25.00,0.00,344.00,0.00,13.76,0.01,0.44,0.70
cloud-k3s-master2,1,2026-06-05 16:51:40 UTC,sda,70.00,0.00,332.00,0.00,4.74,0.07,0.99,0.90
cloud-k3s-master2,1,2026-06-05 16:51:41 UTC,sda,15.00,0.00,48.00,0.00,3.20,0.01,0.27,0.20
cloud-k3s-master2,1,2026-06-05 16:51:42 UTC,sda,28.00,0.00,88.00,0.00,3.14,0.01,0.36,0.80
cloud-k3s-master2,1,2026-06-05 16:51:43 UTC,sda,71.00,0.00,260.00,0.00,3.66,0.03,0.37,1.40
cloud-k3s-master2,1,2026-06-05 16:51:44 UTC,sda,49.00,0.00,168.00,0.00,3.43,0.02,0.39,0.80
cloud-k3s-master2,1,2026-06-05 16:51:45 UTC,sda,38.00,0.00,180.00,0.00,4.74,0.02,0.47,0.70
cloud-k3s-master2,1,2026-06-05 16:51:46 UTC,sda,41.00,0.00,128.00,0.00,3.12,0.02,0.39,0.80
cloud-k3s-master2,1,2026-06-05 16:51:47 UTC,sda,72.00,0.00,316.00,0.00,4.39,0.13,1.78,0.80
cloud-k3s-master2,1,2026-06-05 16:51:48 UTC,sda,49.00,0.00,192.00,0.00,3.92,0.03,0.45,0.80
cloud-k3s-master2,1,2026-06-05 16:51:49 UTC,sda,22.00,0.00,84.00,0.00,3.82,0.01,0.36,0.40
cloud-k3s-master2,1,2026-06-05 16:51:50 UTC,sda,29.00,0.00,80.00,0.00,2.76,0.01,0.41,0.70
cloud-k3s-master2,1,2026-06-05 16:51:51 UTC,sda,24.00,0.00,156.00,0.00,6.50,0.01,0.38,0.70
cloud-k3s-master2,1,2026-06-05 16:51:52 UTC,sda,30.00,0.00,76.00,0.00,2.53,0.01,0.37,1.00
cloud-k3s-master2,1,2026-06-05 16:51:53 UTC,sda,57.00,0.00,184.00,0.00,3.23,0.03,0.42,1.40
cloud-k3s-master2,1,2026-06-05 16:51:54 UTC,sda,57.00,0.00,248.00,0.00,4.35,0.07,1.26,0.60
cloud-k3s-master2,1,2026-06-05 16:51:55 UTC,sda,21.00,0.00,88.00,0.00,4.19,0.01,0.38,0.60
cloud-k3s-master2,1,2026-06-05 16:51:56 UTC,sda,54.00,0.00,176.00,0.00,3.26,0.03,0.39,0.90
cloud-k3s-master2,1,2026-06-05 16:51:57 UTC,sda,24.00,0.00,108.00,0.00,4.50,0.01,0.42,0.30
cloud-k3s-master2,1,2026-06-05 16:51:58 UTC,sda,46.00,0.00,144.00,0.00,3.13,0.02,0.37,1.00
cloud-k3s-master2,1,2026-06-05 16:51:59 UTC,sda,44.00,0.00,156.00,0.00,3.55,0.02,0.39,0.90
cloud-k3s-master2,1,2026-06-05 16:52:00 UTC,sda,72.00,0.00,300.00,0.00,4.17,0.07,0.96,0.80
cloud-k3s-master2,1,2026-06-05 16:52:01 UTC,sda,16.00,0.00,52.00,0.00,3.25,0.01,0.38,0.30
cloud-k3s-master2,1,2026-06-05 16:52:02 UTC,sda,40.00,0.00,120.00,0.00,3.00,0.02,0.38,0.70
cloud-k3s-master2,1,2026-06-05 16:52:03 UTC,sda,49.00,0.00,204.00,0.00,4.16,0.02,0.39,1.10
cloud-k3s-master2,1,2026-06-05 16:52:04 UTC,sda,20.00,0.00,52.00,0.00,2.60,0.01,0.40,0.50
cloud-k3s-master2,1,2026-06-05 16:52:05 UTC,sda,23.00,0.00,92.00,0.00,4.00,0.01,0.39,0.50
cloud-k3s-master2,1,2026-06-05 16:52:06 UTC,sda,71.00,0.00,232.00,0.00,3.27,0.04,0.44,1.70
cloud-k3s-master2,1,2026-06-05 16:52:07 UTC,sda,27.00,0.00,80.00,0.00,2.96,0.01,0.44,0.50
cloud-k3s-master2,1,2026-06-05 16:52:08 UTC,sda,38.00,0.00,112.00,0.00,2.95,0.02,0.32,0.90
cloud-k3s-master2,1,2026-06-05 16:52:09 UTC,sda,21.00,0.00,140.00,0.00,6.67,0.01,0.48,0.80
cloud-k3s-master2,1,2026-06-05 16:52:10 UTC,sda,62.00,0.00,256.00,0.00,4.13,0.06,0.98,0.60
cloud-k3s-master2,1,2026-06-05 16:52:11 UTC,sda,5.00,0.00,36.00,0.00,7.20,0.00,0.40,0.20
cloud-k3s-master2,1,2026-06-05 16:52:12 UTC,sda,42.00,0.00,132.00,0.00,3.14,0.02,0.43,0.80
cloud-k3s-master2,1,2026-06-05 16:52:13 UTC,sda,44.00,0.00,140.00,0.00,3.18,0.02,0.45,1.00
cloud-k3s-master2,1,2026-06-05 16:52:14 UTC,sda,57.00,0.00,212.00,0.00,3.72,0.03,0.40,1.20
cloud-k3s-master2,1,2026-06-05 16:52:15 UTC,sda,26.00,0.00,168.00,0.00,6.46,0.01,0.42,0.40
cloud-k3s-master2,1,2026-06-05 16:52:16 UTC,sda,56.00,0.00,164.00,0.00,2.93,0.03,0.39,1.20
cloud-k3s-master2,1,2026-06-05 16:52:17 UTC,sda,24.00,0.00,80.00,0.00,3.33,0.01,0.42,0.50
cloud-k3s-master2,1,2026-06-05 16:52:18 UTC,sda,37.00,0.00,112.00,0.00,3.03,0.02,0.35,0.80
cloud-k3s-master2,1,2026-06-05 16:52:19 UTC,sda,66.00,0.00,308.00,0.00,4.67,0.13,2.02,0.30
cloud-k3s-master2,1,2026-06-05 16:52:20 UTC,sda,40.00,0.00,140.00,0.00,3.50,0.02,0.35,1.10
cloud-k3s-master2,1,2026-06-05 16:52:21 UTC,sda,17.00,0.00,120.00,0.00,7.06,0.01,0.41,0.40
cloud-k3s-master2,1,2026-06-05 16:52:22 UTC,sda,38.00,0.00,116.00,0.00,3.05,0.02,0.39,1.00
cloud-k3s-master2,1,2026-06-05 16:52:23 UTC,sda,29.00,0.00,96.00,0.00,3.31,0.01,0.41,0.60
cloud-k3s-master2,1,2026-06-05 16:52:24 UTC,sda,42.00,0.00,132.00,0.00,3.14,0.02,0.40,1.00
cloud-k3s-master2,1,2026-06-05 16:52:25 UTC,sda,46.00,0.00,216.00,0.00,4.70,0.04,0.96,0.20
cloud-k3s-master2,1,2026-06-05 16:52:26 UTC,sda,48.00,0.00,168.00,0.00,3.50,0.02,0.35,1.00
cloud-k3s-master2,1,2026-06-05 16:52:27 UTC,sda,40.00,0.00,152.00,0.00,3.80,0.02,0.47,0.80
cloud-k3s-master2,1,2026-06-05 16:52:28 UTC,sda,56.00,0.00,184.00,0.00,3.29,0.03,0.36,1.30
cloud-k3s-master2,1,2026-06-05 16:52:29 UTC,sda,24.00,0.00,84.00,0.00,3.50,0.01,0.33,0.70
cloud-k3s-master2,1,2026-06-05 16:52:30 UTC,sda,45.00,0.00,152.00,0.00,3.38,0.02,0.38,1.00
cloud-k3s-master2,1,2026-06-05 16:52:31 UTC,sda,6.00,0.00,24.00,0.00,4.00,0.00,0.33,0.10
cloud-k3s-master2,1,2026-06-05 16:52:32 UTC,sda,45.00,0.00,136.00,0.00,3.02,0.02,0.42,0.80
cloud-k3s-master2,1,2026-06-05 16:52:33 UTC,sda,30.00,0.00,144.00,0.00,4.80,0.02,0.43,0.40
cloud-k3s-master2,1,2026-06-05 16:52:34 UTC,sda,91.00,0.00,360.00,0.00,3.96,0.09,0.95,1.40
cloud-k3s-master2,1,2026-06-05 16:52:35 UTC,sda,12.00,0.00,32.00,0.00,2.67,0.01,0.33,0.20
cloud-k3s-master2,1,2026-06-05 16:52:36 UTC,sda,70.00,0.00,236.00,0.00,3.37,0.03,0.37,1.40
cloud-k3s-master2,1,2026-06-05 16:52:37 UTC,sda,47.00,0.00,140.00,0.00,2.98,0.02,0.43,1.10
cloud-k3s-master2,1,2026-06-05 16:52:38 UTC,sda,56.00,0.00,160.00,0.00,2.86,0.02,0.34,1.20
cloud-k3s-master2,1,2026-06-05 16:52:39 UTC,sda,3.00,0.00,32.00,0.00,10.67,0.00,0.33,0.10
cloud-k3s-master2,1,2026-06-05 16:52:40 UTC,sda,69.00,0.00,296.00,0.00,4.29,0.07,1.01,1.00
cloud-k3s-master2,1,2026-06-05 16:52:41 UTC,sda,10.00,0.00,28.00,0.00,2.80,0.01,0.40,0.20
cloud-k3s-master2,1,2026-06-05 16:52:42 UTC,sda,49.00,0.00,144.00,0.00,2.94,0.02,0.39,1.00
cloud-k3s-master2,1,2026-06-05 16:52:43 UTC,sda,36.00,0.00,100.00,0.00,2.78,0.02,0.39,0.70
cloud-k3s-master2,1,2026-06-05 16:52:44 UTC,sda,119.00,0.00,536.00,0.00,4.50,0.06,0.39,3.30
cloud-k3s-master2,1,2026-06-05 16:52:45 UTC,sda,220.00,0.00,1172.00,0.00,5.33,0.12,0.40,7.80
cloud-k3s-master2,1,2026-06-05 16:52:46 UTC,sda,60.00,0.00,176.00,0.00,2.93,0.03,0.42,1.30
cloud-k3s-master2,1,2026-06-05 16:52:47 UTC,sda,43.00,0.00,132.00,0.00,3.07,0.02,0.42,1.00
cloud-k3s-master2,1,2026-06-05 16:52:48 UTC,sda,54.00,0.00,160.00,0.00,2.96,0.03,0.41,1.50
cloud-k3s-master2,1,2026-06-05 16:52:49 UTC,sda,5.94,0.00,27.72,0.00,4.67,0.00,0.67,0.00
cloud-k3s-master2,1,2026-06-05 16:52:50 UTC,sda,82.00,0.00,344.00,0.00,4.20,0.08,0.96,1.00
cloud-k3s-master2,1,2026-06-05 16:52:51 UTC,sda,24.00,0.00,80.00,0.00,3.33,0.01,0.38,0.70
cloud-k3s-master2,1,2026-06-05 16:52:52 UTC,sda,41.00,0.00,124.00,0.00,3.02,0.02,0.39,1.20
cloud-k3s-master2,1,2026-06-05 16:52:53 UTC,sda,42.00,0.00,132.00,0.00,3.14,0.02,0.43,1.30
cloud-k3s-master2,1,2026-06-05 16:52:54 UTC,sda,53.00,0.00,160.00,0.00,3.02,0.03,0.42,1.30
cloud-k3s-master2,1,2026-06-05 16:52:55 UTC,sda,88.00,0.00,444.00,0.00,5.05,0.09,0.97,0.70
cloud-k3s-master2,1,2026-06-05 16:52:56 UTC,sda,44.00,0.00,144.00,0.00,3.27,0.02,0.41,1.00
cloud-k3s-master2,1,2026-06-05 16:52:57 UTC,sda,62.00,0.00,192.00,0.00,3.10,0.04,0.50,1.90
cloud-k3s-master2,1,2026-06-05 16:52:58 UTC,sda,67.00,0.00,212.00,0.00,3.16,0.03,0.39,1.50
cloud-k3s-master2,1,2026-06-05 16:52:59 UTC,sda,73.00,0.00,332.00,0.00,4.55,0.13,1.71,0.90
cloud-k3s-master2,1,2026-06-05 16:53:00 UTC,sda,63.00,0.00,204.00,0.00,3.24,0.03,0.38,1.30
cloud-k3s-master2,1,2026-06-05 16:53:01 UTC,sda,9.00,0.00,24.00,0.00,2.67,0.01,0.44,0.30
cloud-k3s-master2,1,2026-06-05 16:53:02 UTC,sda,50.00,0.00,148.00,0.00,2.96,0.03,0.42,1.00
cloud-k3s-master2,1,2026-06-05 16:53:03 UTC,sda,34.00,0.00,108.00,0.00,3.18,0.02,0.38,0.50
cloud-k3s-master2,1,2026-06-05 16:53:04 UTC,sda,33.00,0.00,104.00,0.00,3.15,0.02,0.39,0.80
cloud-k3s-master2,1,2026-06-05 16:53:05 UTC,sda,42.00,0.00,444.00,0.00,10.57,0.07,1.62,0.60
cloud-k3s-master2,1,2026-06-05 16:53:06 UTC,sda,44.00,0.00,160.00,0.00,3.64,0.02,0.39,0.90
cloud-k3s-master2,1,2026-06-05 16:53:07 UTC,sda,56.00,0.00,176.00,0.00,3.14,0.03,0.45,1.20
cloud-k3s-master2,1,2026-06-05 16:53:08 UTC,sda,77.00,0.00,312.00,0.00,4.05,0.04,0.36,1.70
cloud-k3s-master2,1,2026-06-05 16:53:09 UTC,sda,31.00,0.00,124.00,0.00,4.00,0.02,0.48,0.60
cloud-k3s-master2,1,2026-06-05 16:53:10 UTC,sda,54.00,0.00,248.00,0.00,4.59,0.03,0.44,1.10
cloud-k3s-master2,1,2026-06-05 16:53:11 UTC,sda,17.00,0.00,72.00,0.00,4.24,0.01,0.53,0.40
cloud-k3s-master2,1,2026-06-05 16:53:12 UTC,sda,47.00,0.00,152.00,0.00,3.23,0.02,0.38,1.10
cloud-k3s-master2,1,2026-06-05 16:53:13 UTC,sda,53.00,0.00,228.00,0.00,4.30,0.03,0.40,1.30
cloud-k3s-master2,1,2026-06-05 16:53:14 UTC,sda,67.00,0.00,216.00,0.00,3.22,0.03,0.40,1.80
cloud-k3s-master2,1,2026-06-05 16:53:15 UTC,sda,62.00,0.00,256.00,0.00,4.13,0.08,1.32,0.70
cloud-k3s-master2,1,2026-06-05 16:53:16 UTC,sda,39.00,0.00,148.00,0.00,3.79,0.02,0.38,0.80
cloud-k3s-master2,1,2026-06-05 16:53:17 UTC,sda,42.00,0.00,112.00,0.00,2.67,0.02,0.40,1.00
cloud-k3s-master2,1,2026-06-05 16:53:18 UTC,sda,68.00,0.00,216.00,0.00,3.18,0.05,0.53,1.80
cloud-k3s-master2,1,2026-06-05 16:53:19 UTC,sda,142.00,0.00,804.00,0.00,5.66,0.07,0.35,4.90
cloud-k3s-master2,1,2026-06-05 16:53:20 UTC,sda,83.00,0.00,376.00,0.00,4.53,0.04,0.36,2.20
cloud-k3s-master2,1,2026-06-05 16:53:21 UTC,sda,38.00,0.00,144.00,0.00,3.79,0.02,0.42,0.80
cloud-k3s-master2,1,2026-06-05 16:53:22 UTC,sda,40.00,0.00,120.00,0.00,3.00,0.02,0.33,0.80
cloud-k3s-master2,1,2026-06-05 16:53:23 UTC,sda,33.00,0.00,88.00,0.00,2.67,0.01,0.39,0.70
cloud-k3s-master2,1,2026-06-05 16:53:24 UTC,sda,82.00,0.00,332.00,0.00,4.05,0.10,1.13,1.30
cloud-k3s-master2,1,2026-06-05 16:53:25 UTC,sda,20.00,0.00,84.00,0.00,4.20,0.01,0.35,0.50
cloud-k3s-master2,1,2026-06-05 16:53:26 UTC,sda,45.00,0.00,136.00,0.00,3.02,0.02,0.40,1.20
cloud-k3s-master2,1,2026-06-05 16:53:27 UTC,sda,47.00,0.00,128.00,0.00,2.72,0.02,0.36,0.90
cloud-k3s-master2,1,2026-06-05 16:53:28 UTC,sda,61.00,0.00,184.00,0.00,3.02,0.03,0.36,1.80
cloud-k3s-master2,1,2026-06-05 16:53:29 UTC,sda,24.00,0.00,80.00,0.00,3.33,0.01,0.38,0.40
cloud-k3s-master2,1,2026-06-05 16:53:30 UTC,sda,85.00,0.00,340.00,0.00,4.00,0.08,0.94,1.60
cloud-k3s-master2,1,2026-06-05 16:53:31 UTC,sda,7.00,0.00,20.00,0.00,2.86,0.00,0.43,0.20
cloud-k3s-master2,1,2026-06-05 16:53:32 UTC,sda,42.00,0.00,124.00,0.00,2.95,0.02,0.36,1.10
cloud-k3s-master2,1,2026-06-05 16:53:33 UTC,sda,27.00,0.00,88.00,0.00,3.26,0.01,0.44,0.50
cloud-k3s-master2,1,2026-06-05 16:53:34 UTC,sda,33.00,0.00,108.00,0.00,3.27,0.02,0.42,0.90
cloud-k3s-master2,1,2026-06-05 16:53:35 UTC,sda,28.00,0.00,76.00,0.00,2.71,0.01,0.43,0.40
cloud-k3s-master2,1,2026-06-05 16:53:36 UTC,sda,45.00,0.00,408.00,0.00,9.07,0.03,0.44,1.20
cloud-k3s-master2,1,2026-06-05 16:53:37 UTC,sda,45.00,0.00,164.00,0.00,3.64,0.02,0.44,0.90
cloud-k3s-master2,1,2026-06-05 16:53:38 UTC,sda,69.00,0.00,212.00,0.00,3.07,0.03,0.38,1.30
cloud-k3s-master2,1,2026-06-05 16:53:39 UTC,sda,45.00,0.00,228.00,0.00,5.07,0.07,1.42,0.40
cloud-k3s-master2,1,2026-06-05 16:53:40 UTC,sda,39.00,0.00,136.00,0.00,3.49,0.02,0.46,0.90
cloud-k3s-master2,1,2026-06-05 16:53:41 UTC,sda,13.00,0.00,32.00,0.00,2.46,0.01,0.31,0.30
cloud-k3s-master2,1,2026-06-05 16:53:42 UTC,sda,45.00,0.00,140.00,0.00,3.11,0.02,0.33,0.90
cloud-k3s-master2,1,2026-06-05 16:53:43 UTC,sda,39.00,0.00,148.00,0.00,3.79,0.02,0.36,1.10
cloud-k3s-master2,1,2026-06-05 16:53:44 UTC,sda,49.00,0.00,152.00,0.00,3.10,0.02,0.39,1.00
cloud-k3s-master2,1,2026-06-05 16:53:45 UTC,sda,58.00,0.00,264.00,0.00,4.55,0.07,1.12,0.70
cloud-k3s-master2,1,2026-06-05 16:53:46 UTC,sda,41.00,0.00,128.00,0.00,3.12,0.02,0.34,0.90
cloud-k3s-master2,1,2026-06-05 16:53:47 UTC,sda,40.00,0.00,124.00,0.00,3.10,0.02,0.38,0.70
cloud-k3s-master2,1,2026-06-05 16:53:48 UTC,sda,70.00,0.00,208.00,0.00,2.97,0.03,0.36,1.90
cloud-k3s-master2,1,2026-06-05 16:53:49 UTC,sda,12.00,0.00,48.00,0.00,4.00,0.01,0.42,0.30
cloud-k3s-master2,1,2026-06-05 16:53:50 UTC,sda,31.00,0.00,84.00,0.00,2.71,0.02,0.39,0.70
cloud-k3s-master2,1,2026-06-05 16:53:51 UTC,sda,25.00,0.00,108.00,0.00,4.32,0.01,0.36,0.60
cloud-k3s-master2,1,2026-06-05 16:53:52 UTC,sda,51.00,0.00,156.00,0.00,3.06,0.03,0.45,1.40
cloud-k3s-master2,1,2026-06-05 16:53:53 UTC,sda,34.00,0.00,92.00,0.00,2.71,0.02,0.41,0.80
cloud-k3s-master2,1,2026-06-05 16:53:54 UTC,sda,33.00,0.00,108.00,0.00,3.27,0.02,0.36,0.80
cloud-k3s-master2,1,2026-06-05 16:53:55 UTC,sda,42.00,0.00,204.00,0.00,4.86,0.07,1.71,0.40
cloud-k3s-master2,1,2026-06-05 16:53:56 UTC,sda,51.00,0.00,200.00,0.00,3.92,0.03,0.45,1.10
cloud-k3s-master2,1,2026-06-05 16:53:57 UTC,sda,370.00,0.00,1980.00,0.00,5.35,0.20,0.39,13.80
cloud-k3s-master2,1,2026-06-05 16:53:58 UTC,sda,100.00,0.00,384.00,0.00,3.84,0.05,0.40,2.20
cloud-k3s-master2,1,2026-06-05 16:53:59 UTC,sda,1776.00,0.00,9828.00,0.00,5.53,0.91,0.36,60.50
cloud-k3s-master2,1,2026-06-05 16:54:00 UTC,sda,41.00,0.00,136.00,0.00,3.32,0.02,0.41,0.80
cloud-k3s-master2,1,2026-06-05 16:54:01 UTC,sda,18.00,0.00,68.00,0.00,3.78,0.01,0.44,0.30
cloud-k3s-master2,1,2026-06-05 16:54:02 UTC,sda,42.00,0.00,124.00,0.00,2.95,0.02,0.33,1.00
cloud-k3s-master2,1,2026-06-05 16:54:03 UTC,sda,26.00,0.00,68.00,0.00,2.62,0.01,0.38,0.40
cloud-k3s-master2,1,2026-06-05 16:54:04 UTC,sda,73.00,0.00,308.00,0.00,4.22,0.07,0.93,0.60
cloud-k3s-master2,1,2026-06-05 16:54:05 UTC,sda,10.00,0.00,28.00,0.00,2.80,0.01,0.50,0.20
cloud-k3s-master2,1,2026-06-05 16:54:06 UTC,sda,42.00,0.00,160.00,0.00,3.81,0.02,0.38,1.10
cloud-k3s-master2,1,2026-06-05 16:54:07 UTC,sda,50.00,0.00,384.00,0.00,7.68,0.02,0.40,1.20
cloud-k3s-master2,1,2026-06-05 16:54:08 UTC,sda,76.00,0.00,236.00,0.00,3.11,0.04,0.38,1.70
cloud-k3s-master2,1,2026-06-05 16:54:09 UTC,sda,28.00,0.00,76.00,0.00,2.71,0.01,0.39,0.60
cloud-k3s-master2,1,2026-06-05 16:54:10 UTC,sda,60.00,0.00,276.00,0.00,4.60,0.07,1.20,0.80
cloud-k3s-master2,1,2026-06-05 16:54:11 UTC,sda,18.00,0.00,48.00,0.00,2.67,0.01,0.44,0.40
cloud-k3s-master2,1,2026-06-05 16:54:12 UTC,sda,51.00,0.00,168.00,0.00,3.29,0.02,0.37,1.10
cloud-k3s-master2,1,2026-06-05 16:54:13 UTC,sda,45.00,0.00,148.00,0.00,3.29,0.02,0.42,1.40
cloud-k3s-master2,1,2026-06-05 16:54:14 UTC,sda,54.00,0.00,176.00,0.00,3.26,0.03,0.39,0.80
cloud-k3s-master2,1,2026-06-05 16:54:15 UTC,sda,18.00,0.00,48.00,0.00,2.67,0.01,0.39,0.40
cloud-k3s-master2,1,2026-06-05 16:54:16 UTC,sda,49.00,0.00,176.00,0.00,3.59,0.02,0.35,0.80
cloud-k3s-master2,1,2026-06-05 16:54:17 UTC,sda,28.00,0.00,84.00,0.00,3.00,0.01,0.36,0.70
cloud-k3s-master2,1,2026-06-05 16:54:18 UTC,sda,60.00,0.00,184.00,0.00,3.07,0.03,0.37,1.30
cloud-k3s-master2,1,2026-06-05 16:54:19 UTC,sda,81.00,0.00,348.00,0.00,4.30,0.09,1.02,1.40
cloud-k3s-master2,1,2026-06-05 16:54:20 UTC,sda,44.00,0.00,184.00,0.00,4.18,0.02,0.36,0.60
cloud-k3s-master2,1,2026-06-05 16:54:21 UTC,sda,10.00,0.00,52.00,0.00,5.20,0.01,0.40,0.40
cloud-k3s-master2,1,2026-06-05 16:54:22 UTC,sda,57.00,0.00,188.00,0.00,3.30,0.03,0.37,1.30
cloud-k3s-master2,1,2026-06-05 16:54:23 UTC,sda,41.00,0.00,116.00,0.00,2.83,0.02,0.37,0.90
cloud-k3s-master2,1,2026-06-05 16:54:24 UTC,sda,30.00,0.00,96.00,0.00,3.20,0.01,0.40,0.70
cloud-k3s-master2,1,2026-06-05 16:54:25 UTC,sda,41.00,0.00,196.00,0.00,4.78,0.07,1.61,0.50
cloud-k3s-master2,1,2026-06-05 16:54:26 UTC,sda,42.00,0.00,156.00,0.00,3.71,0.02,0.43,1.00
cloud-k3s-master2,1,2026-06-05 16:54:27 UTC,sda,33.00,0.00,112.00,0.00,3.39,0.02,0.42,0.50
cloud-k3s-master2,1,2026-06-05 16:54:28 UTC,sda,83.00,0.00,256.00,0.00,3.08,0.04,0.35,2.00
cloud-k3s-master2,1,2026-06-05 16:54:29 UTC,sda,48.00,0.00,160.00,0.00,3.33,0.03,0.42,1.10
cloud-k3s-master2,1,2026-06-05 16:54:30 UTC,sda,39.00,0.00,136.00,0.00,3.49,0.02,0.38,0.70
cloud-k3s-master2,1,2026-06-05 16:54:31 UTC,sda,9.00,0.00,24.00,0.00,2.67,0.01,0.44,0.20
cloud-k3s-master2,1,2026-06-05 16:54:32 UTC,sda,51.00,0.00,156.00,0.00,3.06,0.03,0.41,1.10
cloud-k3s-master2,1,2026-06-05 16:54:33 UTC,sda,31.00,0.00,92.00,0.00,2.97,0.01,0.39,0.90
cloud-k3s-master2,1,2026-06-05 16:54:34 UTC,sda,32.00,0.00,100.00,0.00,3.12,0.02,0.44,0.70
cloud-k3s-master2,1,2026-06-05 16:54:35 UTC,sda,52.00,0.00,260.00,0.00,5.00,0.07,1.27,0.70
cloud-k3s-master2,1,2026-06-05 16:54:36 UTC,sda,29.00,0.00,80.00,0.00,2.76,0.01,0.34,0.50
cloud-k3s-master2,1,2026-06-05 16:54:37 UTC,sda,41.00,0.00,136.00,0.00,3.32,0.02,0.41,1.40
cloud-k3s-master2,1,2026-06-05 16:54:38 UTC,sda,70.00,0.00,440.00,0.00,6.29,0.03,0.36,1.40
cloud-k3s-master2,1,2026-06-05 16:54:39 UTC,sda,32.00,0.00,112.00,0.00,3.50,0.02,0.41,0.50
cloud-k3s-master2,1,2026-06-05 16:54:40 UTC,sda,40.00,0.00,136.00,0.00,3.40,0.02,0.42,1.00
cloud-k3s-master2,1,2026-06-05 16:54:41 UTC,sda,9.00,0.00,24.00,0.00,2.67,0.00,0.22,0.20
cloud-k3s-master2,1,2026-06-05 16:54:42 UTC,sda,41.58,0.00,122.77,0.00,2.95,0.02,0.38,0.79
cloud-k3s-master2,1,2026-06-05 16:54:43 UTC,sda,46.00,0.00,156.00,0.00,3.39,0.02,0.39,1.00
cloud-k3s-master2,1,2026-06-05 16:54:44 UTC,sda,69.00,0.00,300.00,0.00,4.35,0.07,1.04,1.10
cloud-k3s-master2,1,2026-06-05 16:54:45 UTC,sda,27.00,0.00,112.00,0.00,4.15,0.01,0.41,0.40
cloud-k3s-master2,1,2026-06-05 16:54:46 UTC,sda,41.00,0.00,156.00,0.00,3.80,0.02,0.44,1.20
cloud-k3s-master2,1,2026-06-05 16:54:47 UTC,sda,34.00,0.00,116.00,0.00,3.41,0.02,0.44,0.70
cloud-k3s-master2,1,2026-06-05 16:54:48 UTC,sda,49.00,0.00,156.00,0.00,3.18,0.02,0.37,1.20
cloud-k3s-master2,1,2026-06-05 16:54:49 UTC,sda,37.00,0.00,128.00,0.00,3.46,0.02,0.38,1.10
cloud-k3s-master2,1,2026-06-05 16:54:50 UTC,sda,70.00,0.00,304.00,0.00,4.34,0.07,1.00,0.90
cloud-k3s-master2,1,2026-06-05 16:54:51 UTC,sda,9.00,0.00,24.00,0.00,2.67,0.00,0.44,0.10
cloud-k3s-master2,1,2026-06-05 16:54:52 UTC,sda,49.00,0.00,140.00,0.00,2.86,0.02,0.35,0.90
cloud-k3s-master2,1,2026-06-05 16:54:53 UTC,sda,52.00,0.00,160.00,0.00,3.08,0.03,0.42,0.90
cloud-k3s-master2,1,2026-06-05 16:54:54 UTC,sda,33.00,0.00,108.00,0.00,3.27,0.02,0.42,0.80
cloud-k3s-master2,1,2026-06-05 16:54:55 UTC,sda,18.00,0.00,48.00,0.00,2.67,0.01,0.39,0.20
cloud-k3s-master2,1,2026-06-05 16:54:56 UTC,sda,30.00,0.00,112.00,0.00,3.73,0.01,0.40,0.30
cloud-k3s-master2,1,2026-06-05 16:54:57 UTC,sda,39.00,0.00,124.00,0.00,3.18,0.02,0.41,1.00
cloud-k3s-master2,1,2026-06-05 16:54:58 UTC,sda,66.00,0.00,208.00,0.00,3.15,0.03,0.36,1.80
cloud-k3s-master2,1,2026-06-05 16:54:59 UTC,sda,47.00,0.00,176.00,0.00,3.74,0.02,0.40,1.10
cloud-k3s-master2,1,2026-06-05 16:55:00 UTC,sda,82.00,0.00,336.00,0.00,4.10,0.08,0.96,1.20
cloud-k3s-master2,1,2026-06-05 16:55:01 UTC,sda,9.00,0.00,28.00,0.00,3.11,0.00,0.44,0.20
cloud-k3s-master2,1,2026-06-05 16:55:02 UTC,sda,37.00,0.00,116.00,0.00,3.14,0.02,0.35,0.50
cloud-k3s-master2,1,2026-06-05 16:55:03 UTC,sda,42.00,0.00,148.00,0.00,3.52,0.02,0.38,1.00
cloud-k3s-master2,1,2026-06-05 16:55:04 UTC,sda,23.00,0.00,60.00,0.00,2.61,0.01,0.35,0.50
cloud-k3s-master2,1,2026-06-05 16:55:05 UTC,sda,20.00,0.00,84.00,0.00,4.20,0.01,0.45,0.50
cloud-k3s-master2,1,2026-06-05 16:55:06 UTC,sda,34.00,0.00,108.00,0.00,3.18,0.01,0.32,0.60
cloud-k3s-master2,1,2026-06-05 16:55:07 UTC,sda,118.00,0.00,460.00,0.00,3.90,0.16,1.33,1.90
cloud-k3s-master2,1,2026-06-05 16:55:08 UTC,sda,73.00,0.00,272.00,0.00,3.73,0.04,0.38,1.90
cloud-k3s-master2,1,2026-06-05 16:55:09 UTC,sda,48.00,0.00,424.00,0.00,8.83,0.03,0.48,1.50
cloud-k3s-master2,1,2026-06-05 16:55:10 UTC,sda,45.00,0.00,156.00,0.00,3.47,0.02,0.36,0.90
cloud-k3s-master2,1,2026-06-05 16:55:11 UTC,sda,9.00,0.00,24.00,0.00,2.67,0.01,0.44,0.20
cloud-k3s-master2,1,2026-06-05 16:55:12 UTC,sda,37.00,0.00,116.00,0.00,3.14,0.02,0.38,0.80
cloud-k3s-master2,1,2026-06-05 16:55:13 UTC,sda,57.00,0.00,188.00,0.00,3.30,0.03,0.42,1.20
cloud-k3s-master2,1,2026-06-05 16:55:14 UTC,sda,42.00,0.00,132.00,0.00,3.14,0.02,0.40,1.10
cloud-k3s-master2,1,2026-06-05 16:55:15 UTC,sda,56.00,0.00,324.00,0.00,5.79,0.07,1.25,0.90
cloud-k3s-master2,1,2026-06-05 16:55:16 UTC,sda,30.00,0.00,100.00,0.00,3.33,0.01,0.33,0.80
cloud-k3s-master2,1,2026-06-05 16:55:17 UTC,sda,14.00,0.00,36.00,0.00,2.57,0.01,0.43,0.50
cloud-k3s-master2,1,2026-06-05 16:55:18 UTC,sda,53.00,0.00,156.00,0.00,2.94,0.02,0.32,1.00
cloud-k3s-master2,1,2026-06-05 16:55:19 UTC,sda,41.00,0.00,128.00,0.00,3.12,0.02,0.44,0.90
cloud-k3s-master2,1,2026-06-05 16:55:20 UTC,sda,83.00,0.00,352.00,0.00,4.24,0.06,0.60,0.80
cloud-k3s-master2,1,2026-06-05 16:55:21 UTC,sda,8.00,0.00,28.00,0.00,3.50,0.00,0.38,0.20
cloud-k3s-master2,1,2026-06-05 16:55:22 UTC,sda,54.00,0.00,168.00,0.00,3.11,0.03,0.37,1.40
cloud-k3s-master2,1,2026-06-05 16:55:23 UTC,sda,47.00,0.00,144.00,0.00,3.06,0.02,0.40,0.90
cloud-k3s-master2,1,2026-06-05 16:55:24 UTC,sda,30.00,0.00,84.00,0.00,2.80,0.01,0.40,0.30
cloud-k3s-master2,1,2026-06-05 16:55:25 UTC,sda,9.00,0.00,56.00,0.00,6.22,0.00,0.33,0.40
cloud-k3s-master2,1,2026-06-05 16:55:26 UTC,sda,42.00,0.00,128.00,0.00,3.05,0.02,0.36,1.10
cloud-k3s-master2,1,2026-06-05 16:55:27 UTC,sda,21.00,0.00,56.00,0.00,2.67,0.01,0.43,0.50
cloud-k3s-master2,1,2026-06-05 16:55:28 UTC,sda,58.00,0.00,184.00,0.00,3.17,0.03,0.40,1.30
cloud-k3s-master2,1,2026-06-05 16:55:29 UTC,sda,72.00,0.00,296.00,0.00,4.11,0.09,1.14,1.20
cloud-k3s-master2,1,2026-06-05 16:55:30 UTC,sda,69.00,0.00,248.00,0.00,3.59,0.04,0.46,1.50
cloud-k3s-master2,1,2026-06-05 16:55:31 UTC,sda,17.00,0.00,48.00,0.00,2.82,0.01,0.35,0.40
cloud-k3s-master2,1,2026-06-05 16:55:32 UTC,sda,40.00,0.00,120.00,0.00,3.00,0.02,0.35,1.00
cloud-k3s-master2,1,2026-06-05 16:55:33 UTC,sda,36.00,0.00,112.00,0.00,3.11,0.02,0.42,0.90
cloud-k3s-master2,1,2026-06-05 16:55:34 UTC,sda,49.00,0.00,156.00,0.00,3.18,0.02,0.37,1.10
cloud-k3s-master2,1,2026-06-05 16:55:35 UTC,sda,41.00,0.00,196.00,0.00,4.78,0.06,1.46,0.40
cloud-k3s-master2,1,2026-06-05 16:55:36 UTC,sda,40.00,0.00,132.00,0.00,3.30,0.02,0.40,1.10
cloud-k3s-master2,1,2026-06-05 16:55:37 UTC,sda,37.00,0.00,116.00,0.00,3.14,0.02,0.38,0.90
cloud-k3s-master2,1,2026-06-05 16:55:38 UTC,sda,65.00,0.00,184.00,0.00,2.83,0.03,0.37,1.50
cloud-k3s-master2,1,2026-06-05 16:55:39 UTC,sda,22.00,0.00,84.00,0.00,3.82,0.01,0.41,0.60
cloud-k3s-master2,1,2026-06-05 16:55:40 UTC,sda,54.00,0.00,168.00,0.00,3.11,0.03,0.39,0.90
cloud-k3s-master2,1,2026-06-05 16:55:41 UTC,sda,18.00,0.00,68.00,0.00,3.78,0.02,0.61,0.70
cloud-k3s-master2,1,2026-06-05 16:55:42 UTC,sda,30.00,0.00,96.00,0.00,3.20,0.01,0.37,0.80
cloud-k3s-master2,1,2026-06-05 16:55:43 UTC,sda,39.00,0.00,124.00,0.00,3.18,0.02,0.41,1.00
cloud-k3s-master2,1,2026-06-05 16:55:44 UTC,sda,93.00,0.00,380.00,0.00,4.09,0.10,1.01,1.90
cloud-k3s-master2,1,2026-06-05 16:55:45 UTC,sda,18.00,0.00,84.00,0.00,4.67,0.01,0.39,0.60
cloud-k3s-master2,1,2026-06-05 16:55:46 UTC,sda,40.00,0.00,376.00,0.00,9.40,0.02,0.40,1.00
cloud-k3s-master2,1,2026-06-05 16:55:47 UTC,sda,22.00,0.00,60.00,0.00,2.73,0.01,0.36,0.50
cloud-k3s-master2,1,2026-06-05 16:55:48 UTC,sda,56.00,0.00,172.00,0.00,3.07,0.03,0.36,1.50
cloud-k3s-master2,1,2026-06-05 16:55:49 UTC,sda,9.00,0.00,24.00,0.00,2.67,0.01,0.44,0.20
cloud-k3s-master2,1,2026-06-05 16:55:50 UTC,sda,109.00,0.00,464.00,0.00,4.26,0.14,1.27,1.80
cloud-k3s-master2,1,2026-06-05 16:55:51 UTC,sda,21.00,0.00,76.00,0.00,3.62,0.01,0.43,0.60
cloud-k3s-master2,1,2026-06-05 16:55:52 UTC,sda,52.00,0.00,152.00,0.00,2.92,0.03,0.38,1.30
cloud-k3s-master2,1,2026-06-05 16:55:53 UTC,sda,43.00,0.00,156.00,0.00,3.63,0.02,0.42,1.00
cloud-k3s-master2,1,2026-06-05 16:55:54 UTC,sda,44.00,0.00,132.00,0.00,3.00,0.02,0.41,0.70
cloud-k3s-master2,1,2026-06-05 16:55:55 UTC,sda,9.00,0.00,24.00,0.00,2.67,0.01,0.33,0.20
cloud-k3s-master2,1,2026-06-05 16:55:56 UTC,sda,27.00,0.00,100.00,0.00,3.70,0.01,0.37,0.50
cloud-k3s-master2,1,2026-06-05 16:55:57 UTC,sda,22.00,0.00,76.00,0.00,3.45,0.01,0.36,0.50
cloud-k3s-master2,1,2026-06-05 16:55:58 UTC,sda,93.00,0.00,368.00,0.00,3.96,0.09,0.95,1.70
cloud-k3s-master2,1,2026-06-05 16:55:59 UTC,sda,22.00,0.00,84.00,0.00,3.82,0.01,0.41,0.60
cloud-k3s-master2,1,2026-06-05 16:56:00 UTC,sda,66.00,0.00,220.00,0.00,3.33,0.03,0.35,1.00
cloud-k3s-master2,1,2026-06-05 16:56:01 UTC,sda,36.00,0.00,116.00,0.00,3.22,0.02,0.50,0.70
cloud-k3s-master2,1,2026-06-05 16:56:02 UTC,sda,38.00,0.00,116.00,0.00,3.05,0.02,0.39,0.80
cloud-k3s-master2,1,2026-06-05 16:56:03 UTC,sda,34.00,0.00,112.00,0.00,3.29,0.02,0.38,0.70
cloud-k3s-master2,1,2026-06-05 16:56:04 UTC,sda,47.00,0.00,152.00,0.00,3.23,0.02,0.36,0.80
cloud-k3s-master2,1,2026-06-05 16:56:05 UTC,sda,43.00,0.00,204.00,0.00,4.74,0.06,1.40,0.30
cloud-k3s-master2,1,2026-06-05 16:56:06 UTC,sda,34.00,0.00,116.00,0.00,3.41,0.02,0.41,0.90
cloud-k3s-master2,1,2026-06-05 16:56:07 UTC,sda,45.00,0.00,132.00,0.00,2.93,0.02,0.38,0.80
cloud-k3s-master2,1,2026-06-05 16:56:08 UTC,sda,50.00,0.00,144.00,0.00,2.88,0.02,0.32,1.40
cloud-k3s-master2,1,2026-06-05 16:56:09 UTC,sda,20.00,0.00,72.00,0.00,3.60,0.01,0.45,0.50
cloud-k3s-master2,1,2026-06-05 16:56:10 UTC,sda,44.00,0.00,144.00,0.00,3.27,0.02,0.39,1.10
cloud-k3s-master2,1,2026-06-05 16:56:11 UTC,sda,46.00,0.00,144.00,0.00,3.13,0.02,0.41,0.90
cloud-k3s-master2,1,2026-06-05 16:56:12 UTC,sda,38.00,0.00,120.00,0.00,3.16,0.02,0.37,1.00
cloud-k3s-master2,1,2026-06-05 16:56:13 UTC,sda,33.00,0.00,88.00,0.00,2.67,0.02,0.39,0.70
cloud-k3s-master2,1,2026-06-05 16:56:14 UTC,sda,84.00,0.00,344.00,0.00,4.10,0.10,1.12,1.50
cloud-k3s-master2,1,2026-06-05 16:56:15 UTC,sda,29.00,0.00,152.00,0.00,5.24,0.02,0.45,0.70
cloud-k3s-master2,1,2026-06-05 16:56:16 UTC,sda,30.00,0.00,88.00,0.00,2.93,0.01,0.37,0.40
cloud-k3s-master2,1,2026-06-05 16:56:17 UTC,sda,31.00,0.00,104.00,0.00,3.35,0.01,0.42,0.70
cloud-k3s-master2,1,2026-06-05 16:56:18 UTC,sda,44.00,0.00,384.00,0.00,8.73,0.02,0.41,1.10
cloud-k3s-master2,1,2026-06-05 16:56:19 UTC,sda,18.00,0.00,48.00,0.00,2.67,0.01,0.39,0.40
cloud-k3s-master2,1,2026-06-05 16:56:20 UTC,sda,90.00,0.00,408.00,0.00,4.53,0.08,0.86,1.00
cloud-k3s-master2,1,2026-06-05 16:56:21 UTC,sda,41.00,0.00,132.00,0.00,3.22,0.02,0.41,0.80
cloud-k3s-master2,1,2026-06-05 16:56:22 UTC,sda,56.00,0.00,160.00,0.00,2.86,0.03,0.41,1.10
cloud-k3s-master2,1,2026-06-05 16:56:23 UTC,sda,35.00,0.00,112.00,0.00,3.20,0.02,0.43,1.10
cloud-k3s-master2,1,2026-06-05 16:56:24 UTC,sda,33.00,0.00,112.00,0.00,3.39,0.02,0.42,0.50
cloud-k3s-master2,1,2026-06-05 16:56:25 UTC,sda,51.00,0.00,220.00,0.00,4.31,0.08,1.53,0.50
cloud-k3s-master2,1,2026-06-05 16:56:26 UTC,sda,24.00,0.00,100.00,0.00,4.17,0.01,0.33,0.50
cloud-k3s-master2,1,2026-06-05 16:56:27 UTC,sda,31.00,0.00,100.00,0.00,3.23,0.01,0.39,0.80
cloud-k3s-master2,1,2026-06-05 16:56:28 UTC,sda,33.00,0.00,84.00,0.00,2.55,0.02,0.39,0.60
cloud-k3s-master2,1,2026-06-05 16:56:29 UTC,sda,45.00,0.00,148.00,0.00,3.29,0.02,0.40,1.00
cloud-k3s-master2,1,2026-06-05 16:56:30 UTC,sda,29.00,0.00,100.00,0.00,3.45,0.01,0.34,0.60
cloud-k3s-master2,1,2026-06-05 16:56:31 UTC,sda,46.00,0.00,148.00,0.00,3.22,0.02,0.41,1.30
cloud-k3s-master2,1,2026-06-05 16:56:32 UTC,sda,50.00,0.00,148.00,0.00,2.96,0.02,0.32,1.10
cloud-k3s-master2,1,2026-06-05 16:56:33 UTC,sda,54.00,0.00,228.00,0.00,4.22,0.03,0.44,0.80
cloud-k3s-master2,1,2026-06-05 16:56:34 UTC,sda,60.00,0.00,260.00,0.00,4.33,0.09,1.38,0.80
cloud-k3s-master2,1,2026-06-05 16:56:35 UTC,sda,21.00,0.00,88.00,0.00,4.19,0.01,0.43,0.60
cloud-k3s-master2,1,2026-06-05 16:56:36 UTC,sda,24.00,0.00,88.00,0.00,3.67,0.01,0.42,0.50
cloud-k3s-master2,1,2026-06-05 16:56:37 UTC,sda,47.00,0.00,140.00,0.00,2.98,0.02,0.38,1.10
cloud-k3s-master2,1,2026-06-05 16:56:38 UTC,sda,38.00,0.00,120.00,0.00,3.16,0.02,0.37,0.80
cloud-k3s-master2,1,2026-06-05 16:56:39 UTC,sda,27.00,0.00,100.00,0.00,3.70,0.01,0.44,0.60
cloud-k3s-master2,1,2026-06-05 16:56:40 UTC,sda,47.00,0.00,200.00,0.00,4.26,0.07,1.34,0.70
cloud-k3s-master2,1,2026-06-05 16:56:41 UTC,sda,58.00,0.00,200.00,0.00,3.45,0.03,0.43,1.50
cloud-k3s-master2,1,2026-06-05 16:56:42 UTC,sda,37.00,0.00,108.00,0.00,2.92,0.02,0.38,1.10
cloud-k3s-master2,1,2026-06-05 16:56:43 UTC,sda,39.00,0.00,112.00,0.00,2.87,0.02,0.41,1.00
cloud-k3s-master2,1,2026-06-05 16:56:44 UTC,sda,33.00,0.00,120.00,0.00,3.64,0.01,0.36,0.80
cloud-k3s-master2,1,2026-06-05 16:56:45 UTC,sda,38.00,0.00,132.00,0.00,3.47,0.02,0.32,0.80
cloud-k3s-master2,1,2026-06-05 16:56:46 UTC,sda,30.69,0.00,79.21,0.00,2.58,0.01,0.39,0.59
cloud-k3s-master2,1,2026-06-05 16:56:47 UTC,sda,32.00,0.00,104.00,0.00,3.25,0.02,0.41,0.60
cloud-k3s-master2,1,2026-06-05 16:56:48 UTC,sda,40.00,0.00,124.00,0.00,3.10,0.02,0.35,0.80
cloud-k3s-master2,1,2026-06-05 16:56:49 UTC,sda,66.00,0.00,496.00,0.00,7.52,0.10,1.45,0.90
cloud-k3s-master2,1,2026-06-05 16:56:50 UTC,sda,16.00,0.00,76.00,0.00,4.75,0.01,0.31,0.30
cloud-k3s-master2,1,2026-06-05 16:56:51 UTC,sda,48.00,0.00,152.00,0.00,3.17,0.02,0.40,1.10
cloud-k3s-master2,1,2026-06-05 16:56:52 UTC,sda,51.00,0.00,160.00,0.00,3.14,0.02,0.33,1.20
cloud-k3s-master2,1,2026-06-05 16:56:53 UTC,sda,51.00,0.00,156.00,0.00,3.06,0.03,0.39,1.10
cloud-k3s-master2,1,2026-06-05 16:56:54 UTC,sda,12.00,0.00,32.00,0.00,2.67,0.01,0.42,0.30
cloud-k3s-master2,1,2026-06-05 16:56:55 UTC,sda,75.00,0.00,304.00,0.00,4.05,0.08,0.97,1.20
cloud-k3s-master2,1,2026-06-05 16:56:56 UTC,sda,12.00,0.00,56.00,0.00,4.67,0.01,0.33,0.20
cloud-k3s-master2,1,2026-06-05 16:56:57 UTC,sda,42.00,0.00,132.00,0.00,3.14,0.02,0.43,1.20
cloud-k3s-master2,1,2026-06-05 16:56:58 UTC,sda,25.00,0.00,60.00,0.00,2.40,0.01,0.32,0.60
cloud-k3s-master2,1,2026-06-05 16:56:59 UTC,sda,54.00,0.00,184.00,0.00,3.41,0.03,0.39,0.90
cloud-k3s-master2,1,2026-06-05 16:57:00 UTC,sda,21.00,0.00,56.00,0.00,2.67,0.01,0.43,0.70
cloud-k3s-master2,1,2026-06-05 16:57:01 UTC,sda,51.00,0.00,180.00,0.00,3.53,0.03,0.41,1.20
cloud-k3s-master2,1,2026-06-05 16:57:02 UTC,sda,38.00,0.00,116.00,0.00,3.05,0.02,0.42,0.80
cloud-k3s-master2,1,2026-06-05 16:57:03 UTC,sda,48.00,0.00,144.00,0.00,3.00,0.02,0.38,0.80
cloud-k3s-master2,1,2026-06-05 16:57:04 UTC,sda,14.00,0.00,48.00,0.00,3.43,0.01,0.43,0.30
cloud-k3s-master2,1,2026-06-05 16:57:05 UTC,sda,78.00,0.00,328.00,0.00,4.21,0.09,1.13,1.20
cloud-k3s-master2,1,2026-06-05 16:57:06 UTC,sda,9.00,0.00,24.00,0.00,2.67,0.00,0.33,0.20
cloud-k3s-master2,1,2026-06-05 16:57:07 UTC,sda,64.00,0.00,196.00,0.00,3.06,0.03,0.39,1.60
cloud-k3s-master2,1,2026-06-05 16:57:08 UTC,sda,33.00,0.00,84.00,0.00,2.55,0.01,0.33,0.80
cloud-k3s-master2,1,2026-06-05 16:57:09 UTC,sda,26.00,0.00,84.00,0.00,3.23,0.01,0.35,0.70
cloud-k3s-master2,1,2026-06-05 16:57:10 UTC,sda,26.00,0.00,100.00,0.00,3.85,0.01,0.42,0.60
cloud-k3s-master2,1,2026-06-05 16:57:11 UTC,sda,44.00,0.00,132.00,0.00,3.00,0.02,0.36,1.00
cloud-k3s-master2,1,2026-06-05 16:57:12 UTC,sda,57.00,0.00,168.00,0.00,2.95,0.03,0.37,1.20
cloud-k3s-master2,1,2026-06-05 16:57:13 UTC,sda,59.00,0.00,200.00,0.00,3.39,0.03,0.41,1.20
cloud-k3s-master2,1,2026-06-05 16:57:14 UTC,sda,52.00,0.00,252.00,0.00,4.85,0.05,0.87,0.30
cloud-k3s-master2,1,2026-06-05 16:57:15 UTC,sda,41.00,0.00,160.00,0.00,3.90,0.02,0.41,1.20
cloud-k3s-master2,1,2026-06-05 16:57:16 UTC,sda,18.00,0.00,48.00,0.00,2.67,0.01,0.44,0.50
cloud-k3s-master2,1,2026-06-05 16:57:17 UTC,sda,49.00,0.00,144.00,0.00,2.94,0.03,0.49,1.80
cloud-k3s-master2,1,2026-06-05 16:57:18 UTC,sda,24.00,0.00,60.00,0.00,2.50,0.01,0.38,0.60
cloud-k3s-master2,1,2026-06-05 16:57:19 UTC,sda,24.00,0.00,80.00,0.00,3.33,0.01,0.42,0.50
cloud-k3s-master2,1,2026-06-05 16:57:20 UTC,sda,59.00,0.00,508.00,0.00,8.61,0.07,1.14,0.70
cloud-k3s-master2,1,2026-06-05 16:57:21 UTC,sda,44.00,0.00,140.00,0.00,3.18,0.02,0.39,1.00
cloud-k3s-master2,1,2026-06-05 16:57:22 UTC,sda,57.00,0.00,168.00,0.00,2.95,0.03,0.46,1.60
cloud-k3s-master2,1,2026-06-05 16:57:23 UTC,sda,78.00,0.00,240.00,0.00,3.08,0.04,0.38,1.60
cloud-k3s-master2,1,2026-06-05 16:57:24 UTC,sda,9.00,0.00,24.00,0.00,2.67,0.00,0.33,0.20
cloud-k3s-master2,1,2026-06-05 16:57:25 UTC,sda,27.00,0.00,96.00,0.00,3.56,0.01,0.37,0.50
cloud-k3s-master2,1,2026-06-05 16:57:26 UTC,sda,28.00,0.00,100.00,0.00,3.57,0.01,0.46,0.70
cloud-k3s-master2,1,2026-06-05 16:57:27 UTC,sda,38.00,0.00,116.00,0.00,3.05,0.02,0.42,0.70
cloud-k3s-master2,1,2026-06-05 16:57:28 UTC,sda,33.00,0.00,104.00,0.00,3.15,0.02,0.36,0.80
cloud-k3s-master2,1,2026-06-05 16:57:29 UTC,sda,38.00,0.00,124.00,0.00,3.26,0.02,0.45,1.10
cloud-k3s-master2,1,2026-06-05 16:57:30 UTC,sda,61.00,0.00,272.00,0.00,4.46,0.07,1.20,0.80
cloud-k3s-master2,1,2026-06-05 16:57:31 UTC,sda,42.00,0.00,132.00,0.00,3.14,0.02,0.38,1.00
cloud-k3s-master2,1,2026-06-05 16:57:32 UTC,sda,47.00,0.00,140.00,0.00,2.98,0.02,0.34,1.20
cloud-k3s-master2,1,2026-06-05 16:57:33 UTC,sda,58.00,0.00,172.00,0.00,2.97,0.03,0.38,1.50
cloud-k3s-master2,1,2026-06-05 16:57:34 UTC,sda,10.00,0.00,28.00,0.00,2.80,0.01,0.50,0.30
cloud-k3s-master2,1,2026-06-05 16:57:35 UTC,sda,24.00,0.00,92.00,0.00,3.83,0.01,0.42,0.80
cloud-k3s-master2,1,2026-06-05 16:57:36 UTC,sda,29.00,0.00,108.00,0.00,3.72,0.01,0.45,0.70
cloud-k3s-master2,1,2026-06-05 16:57:37 UTC,sda,52.00,0.00,152.00,0.00,2.92,0.03,0.38,0.90
cloud-k3s-master2,1,2026-06-05 16:57:38 UTC,sda,42.00,0.00,120.00,0.00,2.86,0.02,0.33,0.70
cloud-k3s-master2,1,2026-06-05 16:57:39 UTC,sda,58.00,0.00,256.00,0.00,4.41,0.08,1.40,0.80
cloud-k3s-master2,1,2026-06-05 16:57:40 UTC,sda,14.00,0.00,68.00,0.00,4.86,0.01,0.43,0.40
cloud-k3s-master2,1,2026-06-05 16:57:41 UTC,sda,23.00,0.00,60.00,0.00,2.61,0.01,0.35,0.40
cloud-k3s-master2,1,2026-06-05 16:57:42 UTC,sda,47.00,0.00,140.00,0.00,2.98,0.02,0.32,1.00
cloud-k3s-master2,1,2026-06-05 16:57:43 UTC,sda,48.00,0.00,152.00,0.00,3.17,0.02,0.38,0.90
cloud-k3s-master2,1,2026-06-05 16:57:44 UTC,sda,19.00,0.00,72.00,0.00,3.79,0.01,0.37,0.40
cloud-k3s-master2,1,2026-06-05 16:57:45 UTC,sda,62.00,0.00,276.00,0.00,4.45,0.06,0.95,1.00
cloud-k3s-master2,1,2026-06-05 16:57:46 UTC,sda,48.00,0.00,148.00,0.00,3.08,0.02,0.40,1.00
cloud-k3s-master2,1,2026-06-05 16:57:47 UTC,sda,35.00,0.00,92.00,0.00,2.63,0.02,0.40,0.80
cloud-k3s-master2,1,2026-06-05 16:57:48 UTC,sda,33.00,0.00,100.00,0.00,3.03,0.02,0.36,1.00
cloud-k3s-master2,1,2026-06-05 16:57:49 UTC,sda,24.00,0.00,88.00,0.00,3.67,0.01,0.42,0.50
cloud-k3s-master2,1,2026-06-05 16:57:50 UTC,sda,23.00,0.00,108.00,0.00,4.70,0.01,0.43,0.60
cloud-k3s-master2,1,2026-06-05 16:57:51 UTC,sda,42.00,0.00,388.00,0.00,9.24,0.02,0.33,0.80
cloud-k3s-master2,1,2026-06-05 16:57:52 UTC,sda,55.00,0.00,180.00,0.00,3.27,0.03,0.38,1.40
cloud-k3s-master2,1,2026-06-05 16:57:53 UTC,sda,69.00,0.00,204.00,0.00,2.96,0.04,0.45,2.10
cloud-k3s-master2,1,2026-06-05 16:57:54 UTC,sda,46.00,0.00,220.00,0.00,4.78,0.06,1.35,0.50
cloud-k3s-master2,1,2026-06-05 16:57:55 UTC,sda,88.00,0.00,400.00,0.00,4.55,0.05,0.44,1.40
cloud-k3s-master2,1,2026-06-05 16:57:56 UTC,sda,20.00,0.00,52.00,0.00,2.60,0.01,0.30,0.40
cloud-k3s-master2,1,2026-06-05 16:57:57 UTC,sda,36.00,0.00,112.00,0.00,3.11,0.02,0.36,0.80
cloud-k3s-master2,1,2026-06-05 16:57:58 UTC,sda,36.00,0.00,108.00,0.00,3.00,0.01,0.31,0.70
cloud-k3s-master2,1,2026-06-05 16:57:59 UTC,sda,41.00,0.00,144.00,0.00,3.51,0.02,0.37,0.80
cloud-k3s-master2,1,2026-06-05 16:58:00 UTC,sda,61.00,0.00,276.00,0.00,4.52,0.09,1.43,0.30
cloud-k3s-master2,1,2026-06-05 16:58:01 UTC,sda,51.00,0.00,160.00,0.00,3.14,0.03,0.39,1.10
cloud-k3s-master2,1,2026-06-05 16:58:02 UTC,sda,38.00,0.00,116.00,0.00,3.05,0.02,0.39,0.90
cloud-k3s-master2,1,2026-06-05 16:58:03 UTC,sda,60.00,0.00,188.00,0.00,3.13,0.03,0.45,1.50
cloud-k3s-master2,1,2026-06-05 16:58:04 UTC,sda,21.00,0.00,56.00,0.00,2.67,0.01,0.48,0.60
cloud-k3s-master2,1,2026-06-05 16:58:05 UTC,sda,38.00,0.00,128.00,0.00,3.37,0.02,0.39,0.90
cloud-k3s-master2,1,2026-06-05 16:58:06 UTC,sda,13.00,0.00,32.00,0.00,2.46,0.01,0.31,0.30
cloud-k3s-master2,1,2026-06-05 16:58:07 UTC,sda,60.00,0.00,188.00,0.00,3.13,0.03,0.40,1.30
cloud-k3s-master2,1,2026-06-05 16:58:08 UTC,sda,43.00,0.00,140.00,0.00,3.26,0.02,0.40,0.80
cloud-k3s-master2,1,2026-06-05 16:58:09 UTC,sda,24.00,0.00,88.00,0.00,3.67,0.01,0.38,0.70
cloud-k3s-master2,1,2026-06-05 16:58:10 UTC,sda,44.00,0.00,204.00,0.00,4.64,0.07,1.55,0.30
cloud-k3s-master2,1,2026-06-05 16:58:11 UTC,sda,44.00,0.00,144.00,0.00,3.27,0.02,0.39,1.00
cloud-k3s-master2,1,2026-06-05 16:58:12 UTC,sda,29.00,0.00,92.00,0.00,3.17,0.01,0.38,0.80
cloud-k3s-master2,1,2026-06-05 16:58:13 UTC,sda,68.00,0.00,236.00,0.00,3.47,0.03,0.40,1.70
cloud-k3s-master2,1,2026-06-05 16:58:14 UTC,sda,46.00,0.00,172.00,0.00,3.74,0.03,0.43,1.50
cloud-k3s-master2,1,2026-06-05 16:58:15 UTC,sda,41.00,0.00,156.00,0.00,3.80,0.02,0.41,1.10
cloud-k3s-master2,1,2026-06-05 16:58:16 UTC,sda,22.00,0.00,88.00,0.00,4.00,0.01,0.41,0.60
cloud-k3s-master2,1,2026-06-05 16:58:17 UTC,sda,52.00,0.00,156.00,0.00,3.00,0.03,0.40,0.90
cloud-k3s-master2,1,2026-06-05 16:58:18 UTC,sda,16.00,0.00,36.00,0.00,2.25,0.01,0.31,0.40
cloud-k3s-master2,1,2026-06-05 16:58:19 UTC,sda,75.00,0.00,300.00,0.00,4.00,0.08,0.97,1.00
cloud-k3s-master2,1,2026-06-05 16:58:20 UTC,sda,8.00,0.00,56.00,0.00,7.00,0.01,0.38,0.40
cloud-k3s-master2,1,2026-06-05 16:58:21 UTC,sda,56.00,0.00,180.00,0.00,3.21,0.03,0.39,1.40
cloud-k3s-master2,1,2026-06-05 16:58:22 UTC,sda,72.00,0.00,536.00,0.00,7.44,0.04,0.44,2.10
cloud-k3s-master2,1,2026-06-05 16:58:23 UTC,sda,68.00,0.00,200.00,0.00,2.94,0.03,0.37,1.30
cloud-k3s-master2,1,2026-06-05 16:58:24 UTC,sda,39.00,0.00,188.00,0.00,4.82,0.02,0.46,1.10
cloud-k3s-master2,1,2026-06-05 16:58:25 UTC,sda,65.00,0.00,284.00,0.00,4.37,0.08,1.17,0.80
cloud-k3s-master2,1,2026-06-05 16:58:26 UTC,sda,0.00,0.00,0.00,0.00,0.00,0.00,0.00,0.00
cloud-k3s-master2,1,2026-06-05 16:58:27 UTC,sda,60.00,0.00,196.00,0.00,3.27,0.03,0.38,1.20
cloud-k3s-master2,1,2026-06-05 16:58:28 UTC,sda,21.00,0.00,72.00,0.00,3.43,0.01,0.33,0.60
cloud-k3s-master2,1,2026-06-05 16:58:29 UTC,sda,59.00,0.00,192.00,0.00,3.25,0.03,0.44,1.30
cloud-k3s-master2,1,2026-06-05 16:58:30 UTC,sda,1.00,0.00,4.00,0.00,4.00,0.00,0.00,0.00
cloud-k3s-master2,1,2026-06-05 16:58:31 UTC,sda,53.00,0.00,164.00,0.00,3.09,0.03,0.40,1.20
cloud-k3s-master2,1,2026-06-05 16:58:32 UTC,sda,24.00,0.00,64.00,0.00,2.67,0.01,0.42,0.30
cloud-k3s-master2,1,2026-06-05 16:58:33 UTC,sda,65.00,0.00,296.00,0.00,4.55,0.03,0.40,1.80
cloud-k3s-master2,1,2026-06-05 16:58:34 UTC,sda,47.00,0.00,176.00,0.00,3.74,0.02,0.38,1.10
cloud-k3s-master2,1,2026-06-05 16:58:35 UTC,sda,68.00,0.00,288.00,0.00,4.24,0.08,1.13,1.10
cloud-k3s-master2,1,2026-06-05 16:58:36 UTC,sda,0.00,0.00,0.00,0.00,0.00,0.00,0.00,0.00
cloud-k3s-master2,1,2026-06-05 16:58:37 UTC,sda,67.00,0.00,224.00,0.00,3.34,0.04,0.42,1.90
cloud-k3s-master2,1,2026-06-05 16:58:38 UTC,sda,23.00,0.00,56.00,0.00,2.43,0.01,0.35,0.50
cloud-k3s-master2,1,2026-06-05 16:58:39 UTC,sda,52.00,0.00,224.00,0.00,4.31,0.03,0.52,1.10
cloud-k3s-master2,1,2026-06-05 16:58:40 UTC,sda,2.00,0.00,4.00,0.00,2.00,0.00,0.50,0.00
cloud-k3s-master2,1,2026-06-05 16:58:41 UTC,sda,52.00,0.00,180.00,0.00,3.46,0.03,0.40,1.10
cloud-k3s-master2,1,2026-06-05 16:58:42 UTC,sda,18.81,0.00,75.25,0.00,4.00,0.01,0.32,0.50
cloud-k3s-master2,1,2026-06-05 16:58:43 UTC,sda,87.00,0.00,292.00,0.00,3.36,0.04,0.41,2.20
cloud-k3s-master2,1,2026-06-05 16:58:44 UTC,sda,105.00,0.00,460.00,0.00,4.38,0.13,1.18,1.50
cloud-k3s-master2,1,2026-06-05 16:58:45 UTC,sda,43.00,0.00,188.00,0.00,4.37,0.02,0.37,0.40
cloud-k3s-master2,1,2026-06-05 16:58:46 UTC,sda,14.00,0.00,44.00,0.00,3.14,0.01,0.43,0.20
cloud-k3s-master2,1,2026-06-05 16:58:47 UTC,sda,59.00,0.00,196.00,0.00,3.32,0.03,0.42,1.30
cloud-k3s-master2,1,2026-06-05 16:58:48 UTC,sda,14.00,0.00,32.00,0.00,2.29,0.01,0.21,0.20
cloud-k3s-master2,1,2026-06-05 16:58:49 UTC,sda,35.00,0.00,116.00,0.00,3.31,0.02,0.40,0.80
cloud-k3s-master2,1,2026-06-05 16:58:50 UTC,sda,37.00,0.00,180.00,0.00,4.86,0.06,1.54,0.30
cloud-k3s-master2,1,2026-06-05 16:58:51 UTC,sda,29.00,0.00,156.00,0.00,5.38,0.01,0.41,0.70
cloud-k3s-master2,1,2026-06-05 16:58:52 UTC,sda,43.00,0.00,140.00,0.00,3.26,0.02,0.37,1.10
cloud-k3s-master2,1,2026-06-05 16:58:53 UTC,sda,78.00,0.00,236.00,0.00,3.03,0.04,0.40,1.40
cloud-k3s-master2,1,2026-06-05 16:58:54 UTC,sda,31.00,0.00,108.00,0.00,3.48,0.02,0.42,0.70
cloud-k3s-master2,1,2026-06-05 16:58:55 UTC,sda,43.00,0.00,140.00,0.00,3.26,0.02,0.37,0.70
cloud-k3s-master2,1,2026-06-05 16:58:56 UTC,sda,0.00,0.00,0.00,0.00,0.00,0.00,0.00,0.00
cloud-k3s-master2,1,2026-06-05 16:58:57 UTC,sda,49.00,0.00,204.00,0.00,4.16,0.02,0.37,0.90
cloud-k3s-master2,1,2026-06-05 16:58:58 UTC,sda,43.00,0.00,188.00,0.00,4.37,0.02,0.42,0.90
cloud-k3s-master2,1,2026-06-05 16:58:59 UTC,sda,77.00,0.00,368.00,0.00,4.78,0.08,0.97,1.00
cloud-k3s-master2,1,2026-06-05 16:59:00 UTC,sda,17.00,0.00,48.00,0.00,2.82,0.01,0.47,0.10
cloud-k3s-master2,1,2026-06-05 16:59:01 UTC,sda,34.00,0.00,116.00,0.00,3.41,0.02,0.38,0.80
cloud-k3s-master2,1,2026-06-05 16:59:02 UTC,sda,34.00,0.00,108.00,0.00,3.18,0.02,0.41,1.00
cloud-k3s-master2,1,2026-06-05 16:59:03 UTC,sda,57.00,0.00,216.00,0.00,3.79,0.03,0.40,1.30
cloud-k3s-master2,1,2026-06-05 16:59:04 UTC,sda,42.00,0.00,144.00,0.00,3.43,0.02,0.48,0.80
cloud-k3s-master2,1,2026-06-05 16:59:05 UTC,sda,82.00,0.00,328.00,0.00,4.00,0.07,0.82,0.80
cloud-k3s-master2,1,2026-06-05 16:59:06 UTC,sda,0.00,0.00,0.00,0.00,0.00,0.00,0.00,0.00
cloud-k3s-master2,1,2026-06-05 16:59:07 UTC,sda,57.00,0.00,176.00,0.00,3.09,0.03,0.44,1.40
cloud-k3s-master2,1,2026-06-05 16:59:08 UTC,sda,38.00,0.00,124.00,0.00,3.26,0.02,0.37,0.90
cloud-k3s-master2,1,2026-06-05 16:59:09 UTC,sda,36.00,0.00,176.00,0.00,4.89,0.02,0.36,0.70
cloud-k3s-master2,1,2026-06-05 16:59:10 UTC,sda,20.00,0.00,64.00,0.00,3.20,0.01,0.40,0.20
cloud-k3s-master2,1,2026-06-05 16:59:11 UTC,sda,37.00,0.00,120.00,0.00,3.24,0.02,0.38,0.80
cloud-k3s-master2,1,2026-06-05 16:59:12 UTC,sda,33.00,0.00,88.00,0.00,2.67,0.02,0.42,0.50
cloud-k3s-master2,1,2026-06-05 16:59:13 UTC,sda,54.00,0.00,172.00,0.00,3.19,0.03,0.37,1.50
cloud-k3s-master2,1,2026-06-05 16:59:14 UTC,sda,47.00,0.00,164.00,0.00,3.49,0.02,0.40,1.30
cloud-k3s-master2,1,2026-06-05 16:59:15 UTC,sda,79.00,0.00,400.00,0.00,5.06,0.09,1.03,1.50
cloud-k3s-master2,1,2026-06-05 16:59:16 UTC,sda,22.00,0.00,68.00,0.00,3.09,0.01,0.41,0.40
cloud-k3s-master2,1,2026-06-05 16:59:17 UTC,sda,38.00,0.00,116.00,0.00,3.05,0.02,0.50,1.00
cloud-k3s-master2,1,2026-06-05 16:59:18 UTC,sda,40.00,0.00,120.00,0.00,3.00,0.02,0.35,0.70
cloud-k3s-master2,1,2026-06-05 16:59:19 UTC,sda,33.00,0.00,104.00,0.00,3.15,0.02,0.42,0.70
cloud-k3s-master2,1,2026-06-05 16:59:20 UTC,sda,19.00,0.00,52.00,0.00,2.74,0.01,0.42,0.20
cloud-k3s-master2,1,2026-06-05 16:59:21 UTC,sda,34.00,0.00,176.00,0.00,5.18,0.02,0.35,0.60
cloud-k3s-master2,1,2026-06-05 16:59:22 UTC,sda,54.00,0.00,168.00,0.00,3.11,0.03,0.46,1.20
cloud-k3s-master2,1,2026-06-05 16:59:23 UTC,sda,65.00,0.00,208.00,0.00,3.20,0.04,0.42,1.80
cloud-k3s-master2,1,2026-06-05 16:59:24 UTC,sda,64.00,0.00,256.00,0.00,4.00,0.09,1.39,0.60
cloud-k3s-master2,1,2026-06-05 16:59:25 UTC,sda,55.00,0.00,224.00,0.00,4.07,0.03,0.38,1.20
cloud-k3s-master2,1,2026-06-05 16:59:26 UTC,sda,20.00,0.00,100.00,0.00,5.00,0.01,0.45,0.40
cloud-k3s-master2,1,2026-06-05 16:59:27 UTC,sda,43.00,0.00,212.00,0.00,4.93,0.02,0.37,0.90
cloud-k3s-master2,1,2026-06-05 16:59:28 UTC,sda,46.00,0.00,148.00,0.00,3.22,0.02,0.41,1.00
cloud-k3s-master2,1,2026-06-05 16:59:29 UTC,sda,46.00,0.00,160.00,0.00,3.48,0.02,0.35,1.10
cloud-k3s-master2,1,2026-06-05 16:59:30 UTC,sda,56.00,0.00,260.00,0.00,4.64,0.07,1.12,0.90
cloud-k3s-master2,1,2026-06-05 16:59:31 UTC,sda,35.00,0.00,116.00,0.00,3.31,0.02,0.40,0.90
cloud-k3s-master2,1,2026-06-05 16:59:32 UTC,sda,26.00,0.00,68.00,0.00,2.62,0.01,0.31,0.60
cloud-k3s-master2,1,2026-06-05 16:59:33 UTC,sda,62.00,0.00,248.00,0.00,4.00,0.03,0.37,1.50
cloud-k3s-master2,1,2026-06-05 16:59:34 UTC,sda,22.00,0.00,80.00,0.00,3.64,0.01,0.45,0.50
cloud-k3s-master2,1,2026-06-05 16:59:35 UTC,sda,47.00,0.00,168.00,0.00,3.57,0.02,0.38,1.10
cloud-k3s-master2,1,2026-06-05 16:59:36 UTC,sda,18.00,0.00,52.00,0.00,2.89,0.01,0.44,0.40
cloud-k3s-master2,1,2026-06-05 16:59:37 UTC,sda,43.00,0.00,140.00,0.00,3.26,0.02,0.35,1.10
cloud-k3s-master2,1,2026-06-05 16:59:38 UTC,sda,44.00,0.00,112.00,0.00,2.55,0.02,0.39,1.40
cloud-k3s-master2,1,2026-06-05 16:59:39 UTC,sda,31.00,0.00,160.00,0.00,5.16,0.02,0.42,0.60
cloud-k3s-master2,1,2026-06-05 16:59:40 UTC,sda,53.00,0.00,280.00,0.00,5.28,0.08,1.45,0.50
cloud-k3s-master2,1,2026-06-05 16:59:41 UTC,sda,22.00,0.00,60.00,0.00,2.73,0.01,0.36,0.80
cloud-k3s-master2,1,2026-06-05 16:59:42 UTC,sda,17.00,0.00,60.00,0.00,3.53,0.01,0.35,0.40
cloud-k3s-master2,1,2026-06-05 16:59:43 UTC,sda,60.00,0.00,176.00,0.00,2.93,0.03,0.38,1.40
cloud-k3s-master2,1,2026-06-05 16:59:44 UTC,sda,43.00,0.00,164.00,0.00,3.81,0.02,0.40,0.60
cloud-k3s-master2,1,2026-06-05 16:59:45 UTC,sda,69.00,0.00,280.00,0.00,4.06,0.04,0.41,1.70
cloud-k3s-master2,1,2026-06-05 16:59:46 UTC,sda,27.00,0.00,72.00,0.00,2.67,0.01,0.41,0.60
cloud-k3s-master2,1,2026-06-05 16:59:47 UTC,sda,35.00,0.00,112.00,0.00,3.20,0.02,0.37,0.70
cloud-k3s-master2,1,2026-06-05 16:59:48 UTC,sda,43.00,0.00,128.00,0.00,2.98,0.02,0.35,1.20
cloud-k3s-master2,1,2026-06-05 16:59:49 UTC,sda,66.00,0.00,280.00,0.00,4.24,0.09,1.35,1.00
cloud-k3s-master2,1,2026-06-05 16:59:50 UTC,sda,13.00,0.00,36.00,0.00,2.77,0.01,0.31,0.20
cloud-k3s-master2,1,2026-06-05 16:59:51 UTC,sda,41.00,0.00,192.00,0.00,4.68,0.02,0.44,1.00
cloud-k3s-master2,1,2026-06-05 16:59:52 UTC,sda,33.00,0.00,108.00,0.00,3.27,0.02,0.48,1.20
cloud-k3s-master2,1,2026-06-05 16:59:53 UTC,sda,72.00,0.00,244.00,0.00,3.39,0.04,0.42,1.80
cloud-k3s-master2,1,2026-06-05 16:59:54 UTC,sda,17.00,0.00,68.00,0.00,4.00,0.01,0.35,0.40
cloud-k3s-master2,1,2026-06-05 16:59:55 UTC,sda,78.00,0.00,320.00,0.00,4.10,0.05,0.59,1.40
cloud-k3s-master2,1,2026-06-05 16:59:56 UTC,sda,41.00,0.00,140.00,0.00,3.41,0.02,0.46,0.80
cloud-k3s-master2,1,2026-06-05 16:59:57 UTC,sda,37.00,0.00,172.00,0.00,4.65,0.02,0.46,0.70
cloud-k3s-master2,1,2026-06-05 16:59:58 UTC,sda,34.00,0.00,88.00,0.00,2.59,0.01,0.32,0.70
cloud-k3s-master2,1,2026-06-05 16:59:59 UTC,sda,52.00,0.00,180.00,0.00,3.46,0.03,0.40,1.20
cloud-k3s-master2,1,2026-06-05 17:00:00 UTC,sda,29.00,0.00,100.00,0.00,3.45,0.01,0.38,1.00
cloud-k3s-master2,1,2026-06-05 17:00:01 UTC,sda,109.00,0.00,15004.00,0.00,137.65,0.12,0.97,3.00
cloud-k3s-master2,1,2026-06-05 17:00:02 UTC,sda,24.00,0.00,84.00,0.00,3.50,0.01,0.46,0.10
cloud-k3s-master2,1,2026-06-05 17:00:03 UTC,sda,68.00,0.00,284.00,0.00,4.18,0.04,0.41,1.60
cloud-k3s-master2,1,2026-06-05 17:00:04 UTC,sda,107.00,0.00,484.00,0.00,4.52,0.09,0.80,1.00
cloud-k3s-master2,1,2026-06-05 17:00:05 UTC,sda,46.00,0.00,184.00,0.00,4.00,0.02,0.33,0.90
cloud-k3s-master2,1,2026-06-05 17:00:06 UTC,sda,28.00,0.00,76.00,0.00,2.71,0.01,0.29,0.60
cloud-k3s-master2,1,2026-06-05 17:00:07 UTC,sda,49.00,0.00,156.00,0.00,3.18,0.02,0.35,1.10
cloud-k3s-master2,1,2026-06-05 17:00:08 UTC,sda,49.00,0.00,160.00,0.00,3.27,0.03,0.45,1.20
cloud-k3s-master2,1,2026-06-05 17:00:09 UTC,sda,33.00,0.00,164.00,0.00,4.97,0.02,0.39,1.00
cloud-k3s-master2,1,2026-06-05 17:00:10 UTC,sda,10.00,0.00,28.00,0.00,2.80,0.01,0.50,0.30
cloud-k3s-master2,1,2026-06-05 17:00:11 UTC,sda,40.00,0.00,140.00,0.00,3.50,0.02,0.40,0.70
cloud-k3s-master2,1,2026-06-05 17:00:12 UTC,sda,16.00,0.00,40.00,0.00,2.50,0.01,0.31,0.20
cloud-k3s-master2,1,2026-06-05 17:00:13 UTC,sda,73.00,0.00,272.00,0.00,3.73,0.05,0.56,2.50
cloud-k3s-master2,1,2026-06-05 17:00:14 UTC,sda,31.00,0.00,112.00,0.00,3.61,0.01,0.39,0.80
cloud-k3s-master2,1,2026-06-05 17:00:15 UTC,sda,75.00,0.00,328.00,0.00,4.37,0.03,0.37,1.40
cloud-k3s-master2,1,2026-06-05 17:00:16 UTC,sda,29.00,0.00,80.00,0.00,2.76,0.01,0.38,0.40
cloud-k3s-master2,1,2026-06-05 17:00:17 UTC,sda,47.00,0.00,156.00,0.00,3.32,0.02,0.38,0.90
cloud-k3s-master2,1,2026-06-05 17:00:18 UTC,sda,29.00,0.00,92.00,0.00,3.17,0.01,0.38,0.60
cloud-k3s-master2,1,2026-06-05 17:00:19 UTC,sda,38.00,0.00,124.00,0.00,3.26,0.02,0.42,0.80
cloud-k3s-master2,1,2026-06-05 17:00:20 UTC,sda,14.00,0.00,44.00,0.00,3.14,0.01,0.50,0.20
cloud-k3s-master2,1,2026-06-05 17:00:21 UTC,sda,30.00,0.00,164.00,0.00,5.47,0.01,0.37,0.80
cloud-k3s-master2,1,2026-06-05 17:00:22 UTC,sda,29.00,0.00,96.00,0.00,3.31,0.01,0.38,0.70
cloud-k3s-master2,1,2026-06-05 17:00:23 UTC,sda,71.00,0.00,216.00,0.00,3.04,0.03,0.37,1.50
cloud-k3s-master2,1,2026-06-05 17:00:24 UTC,sda,26.00,0.00,72.00,0.00,2.77,0.01,0.42,0.30
cloud-k3s-master2,1,2026-06-05 17:00:25 UTC,sda,40.00,0.00,136.00,0.00,3.40,0.02,0.40,0.60
cloud-k3s-master2,1,2026-06-05 17:00:26 UTC,sda,45.00,0.00,148.00,0.00,3.29,0.02,0.38,0.60
cloud-k3s-master2,1,2026-06-05 17:00:27 UTC,sda,53.00,0.00,160.00,0.00,3.02,0.02,0.32,1.10
cloud-k3s-master2,1,2026-06-05 17:00:28 UTC,sda,22.00,0.00,56.00,0.00,2.55,0.01,0.27,0.50
cloud-k3s-master2,1,2026-06-05 17:00:29 UTC,sda,53.00,0.00,184.00,0.00,3.47,0.03,0.42,1.00
cloud-k3s-master2,1,2026-06-05 17:00:30 UTC,sda,25.00,0.00,64.00,0.00,2.56,0.01,0.40,0.30
cloud-k3s-master2,1,2026-06-05 17:00:31 UTC,sda,49.00,0.00,172.00,0.00,3.51,0.03,0.41,1.40
cloud-k3s-master2,1,2026-06-05 17:00:32 UTC,sda,19.00,0.00,52.00,0.00,2.74,0.01,0.37,0.00
cloud-k3s-master2,1,2026-06-05 17:00:33 UTC,sda,56.00,0.00,168.00,0.00,3.00,0.03,0.41,1.30
cloud-k3s-master2,1,2026-06-05 17:00:34 UTC,sda,21.00,0.00,84.00,0.00,4.00,0.01,0.43,0.60
cloud-k3s-master2,1,2026-06-05 17:00:35 UTC,sda,36.00,0.00,100.00,0.00,2.78,0.02,0.39,0.60
cloud-k3s-master2,1,2026-06-05 17:00:36 UTC,sda,131.00,0.00,604.00,0.00,4.61,0.10,0.72,1.50
cloud-k3s-master2,1,2026-06-05 17:00:37 UTC,sda,52.00,0.00,156.00,0.00,3.00,0.03,0.38,0.80
cloud-k3s-master2,1,2026-06-05 17:00:38 UTC,sda,33.00,0.00,100.00,0.00,3.03,0.01,0.27,0.80
cloud-k3s-master2,1,2026-06-05 17:00:39 UTC,sda,42.00,0.00,140.00,0.00,3.33,0.02,0.43,0.90
cloud-k3s-master2,1,2026-06-05 17:00:40 UTC,sda,20.00,0.00,56.00,0.00,2.80,0.01,0.45,0.20
cloud-k3s-master2,1,2026-06-05 17:00:41 UTC,sda,40.00,0.00,136.00,0.00,3.40,0.02,0.42,1.00
cloud-k3s-master2,1,2026-06-05 17:00:42 UTC,sda,16.83,0.00,59.41,0.00,3.53,0.01,0.41,0.40
cloud-k3s-master2,1,2026-06-05 17:00:43 UTC,sda,48.00,0.00,148.00,0.00,3.08,0.03,0.42,0.90
cloud-k3s-master2,1,2026-06-05 17:00:44 UTC,sda,30.00,0.00,104.00,0.00,3.47,0.02,0.47,0.70
cloud-k3s-master2,1,2026-06-05 17:00:45 UTC,sda,56.00,0.00,196.00,0.00,3.50,0.02,0.34,1.00
cloud-k3s-master2,1,2026-06-05 17:00:46 UTC,sda,43.00,0.00,148.00,0.00,3.44,0.02,0.35,1.00
cloud-k3s-master2,1,2026-06-05 17:00:47 UTC,sda,53.00,0.00,160.00,0.00,3.02,0.02,0.36,1.00
cloud-k3s-master2,1,2026-06-05 17:00:48 UTC,sda,23.00,0.00,56.00,0.00,2.43,0.01,0.30,0.50
cloud-k3s-master2,1,2026-06-05 17:00:49 UTC,sda,44.00,0.00,136.00,0.00,3.09,0.02,0.43,1.00
cloud-k3s-master2,1,2026-06-05 17:00:50 UTC,sda,11.00,0.00,28.00,0.00,2.55,0.01,0.36,0.20
cloud-k3s-master2,1,2026-06-05 17:00:51 UTC,sda,33.00,0.00,116.00,0.00,3.52,0.02,0.48,0.80
cloud-k3s-master2,1,2026-06-05 17:00:52 UTC,sda,41.00,0.00,364.00,0.00,8.88,0.02,0.39,1.00
cloud-k3s-master2,1,2026-06-05 17:00:53 UTC,sda,51.00,0.00,160.00,0.00,3.14,0.03,0.41,1.20
cloud-k3s-master2,1,2026-06-05 17:00:54 UTC,sda,29.00,0.00,96.00,0.00,3.31,0.01,0.38,0.60
cloud-k3s-master2,1,2026-06-05 17:00:55 UTC,sda,42.00,0.00,140.00,0.00,3.33,0.02,0.38,0.90
cloud-k3s-master2,1,2026-06-05 17:00:56 UTC,sda,29.00,0.00,96.00,0.00,3.31,0.01,0.38,0.60
cloud-k3s-master2,1,2026-06-05 17:00:57 UTC,sda,82.00,0.00,248.00,0.00,3.02,0.04,0.40,1.50
cloud-k3s-master2,1,2026-06-05 17:00:58 UTC,sda,24.00,0.00,76.00,0.00,3.17,0.01,0.29,0.40
cloud-k3s-master2,1,2026-06-05 17:00:59 UTC,sda,44.00,0.00,136.00,0.00,3.09,0.02,0.39,1.10
cloud-k3s-master2,1,2026-06-05 17:01:00 UTC,sda,35.00,0.00,124.00,0.00,3.54,0.01,0.34,0.70
cloud-k3s-master2,1,2026-06-05 17:01:01 UTC,sda,40.00,0.00,124.00,0.00,3.10,0.02,0.40,0.60
cloud-k3s-master2,1,2026-06-05 17:01:02 UTC,sda,36.00,0.00,108.00,0.00,3.00,0.02,0.39,0.80
cloud-k3s-master2,1,2026-06-05 17:01:03 UTC,sda,60.00,0.00,184.00,0.00,3.07,0.03,0.40,1.40
cloud-k3s-master2,1,2026-06-05 17:01:04 UTC,sda,21.00,0.00,56.00,0.00,2.67,0.01,0.38,0.60
cloud-k3s-master2,1,2026-06-05 17:01:05 UTC,sda,40.00,0.00,136.00,0.00,3.40,0.02,0.38,0.70
cloud-k3s-master2,1,2026-06-05 17:01:06 UTC,sda,19.00,0.00,68.00,0.00,3.58,0.01,0.47,0.60
cloud-k3s-master2,1,2026-06-05 17:01:07 UTC,sda,90.00,0.00,268.00,0.00,2.98,0.04,0.39,1.90
cloud-k3s-master2,1,2026-06-05 17:01:08 UTC,sda,45.00,0.00,144.00,0.00,3.20,0.02,0.40,1.20
cloud-k3s-master2,1,2026-06-05 17:01:09 UTC,sda,36.00,0.00,120.00,0.00,3.33,0.01,0.28,0.60
cloud-k3s-master2,1,2026-06-05 17:01:10 UTC,sda,68.00,0.00,300.00,0.00,4.41,0.08,1.13,0.50
cloud-k3s-master2,1,2026-06-05 17:01:11 UTC,sda,33.00,0.00,116.00,0.00,3.52,0.01,0.27,0.80
cloud-k3s-master2,1,2026-06-05 17:01:12 UTC,sda,18.00,0.00,44.00,0.00,2.44,0.01,0.33,0.40
cloud-k3s-master2,1,2026-06-05 17:01:13 UTC,sda,50.00,0.00,148.00,0.00,2.96,0.02,0.30,1.10
cloud-k3s-master2,1,2026-06-05 17:01:14 UTC,sda,35.00,0.00,132.00,0.00,3.77,0.02,0.37,1.00
cloud-k3s-master2,1,2026-06-05 17:01:15 UTC,sda,49.00,0.00,156.00,0.00,3.18,0.02,0.39,1.20
cloud-k3s-master2,1,2026-06-05 17:01:16 UTC,sda,22.00,0.00,76.00,0.00,3.45,0.01,0.36,0.70
cloud-k3s-master2,1,2026-06-05 17:01:17 UTC,sda,66.00,0.00,208.00,0.00,3.15,0.03,0.41,1.60
cloud-k3s-master2,1,2026-06-05 17:01:18 UTC,sda,25.00,0.00,60.00,0.00,2.40,0.01,0.28,0.70
cloud-k3s-master2,1,2026-06-05 17:01:19 UTC,sda,41.00,0.00,136.00,0.00,3.32,0.02,0.34,0.80
cloud-k3s-master2,1,2026-06-05 17:01:20 UTC,sda,12.00,0.00,36.00,0.00,3.00,0.00,0.33,0.10
cloud-k3s-master2,1,2026-06-05 17:01:21 UTC,sda,47.00,0.00,204.00,0.00,4.34,0.02,0.34,1.20
cloud-k3s-master2,1,2026-06-05 17:01:22 UTC,sda,36.00,0.00,128.00,0.00,3.56,0.01,0.31,1.10
cloud-k3s-master2,1,2026-06-05 17:01:23 UTC,sda,49.00,0.00,404.00,0.00,8.24,0.02,0.33,0.90
cloud-k3s-master2,1,2026-06-05 17:01:24 UTC,sda,18.00,0.00,48.00,0.00,2.67,0.01,0.44,0.30
cloud-k3s-master2,1,2026-06-05 17:01:25 UTC,sda,38.00,0.00,136.00,0.00,3.58,0.02,0.39,1.00
cloud-k3s-master2,1,2026-06-05 17:01:26 UTC,sda,22.00,0.00,76.00,0.00,3.45,0.01,0.45,0.40
cloud-k3s-master2,1,2026-06-05 17:01:27 UTC,sda,51.00,0.00,164.00,0.00,3.22,0.03,0.37,1.20
cloud-k3s-master2,1,2026-06-05 17:01:28 UTC,sda,42.00,0.00,128.00,0.00,3.05,0.02,0.31,0.70
cloud-k3s-master2,1,2026-06-05 17:01:29 UTC,sda,46.00,0.00,192.00,0.00,4.17,0.02,0.41,0.90
cloud-k3s-master2,1,2026-06-05 17:01:30 UTC,sda,26.00,0.00,92.00,0.00,3.54,0.01,0.38,0.70
cloud-k3s-master2,1,2026-06-05 17:01:31 UTC,sda,49.00,0.00,148.00,0.00,3.02,0.02,0.39,1.10
cloud-k3s-master2,1,2026-06-05 17:01:32 UTC,sda,15.00,0.00,44.00,0.00,2.93,0.01,0.40,0.30
cloud-k3s-master2,1,2026-06-05 17:01:33 UTC,sda,60.00,0.00,188.00,0.00,3.13,0.03,0.42,1.30
cloud-k3s-master2,1,2026-06-05 17:01:34 UTC,sda,9.00,0.00,24.00,0.00,2.67,0.00,0.44,0.30
cloud-k3s-master2,1,2026-06-05 17:01:35 UTC,sda,51.00,0.00,168.00,0.00,3.29,0.03,0.39,1.30
cloud-k3s-master2,1,2026-06-05 17:01:36 UTC,sda,18.00,0.00,48.00,0.00,2.67,0.01,0.50,0.60
cloud-k3s-master2,1,2026-06-05 17:01:37 UTC,sda,66.00,0.00,216.00,0.00,3.27,0.03,0.38,1.20
cloud-k3s-master2,1,2026-06-05 17:01:38 UTC,sda,57.00,0.00,156.00,0.00,2.74,0.03,0.37,0.70
cloud-k3s-master2,1,2026-06-05 17:01:39 UTC,sda,45.00,0.00,172.00,0.00,3.82,0.02,0.38,1.00
cloud-k3s-master2,1,2026-06-05 17:01:40 UTC,sda,18.00,0.00,84.00,0.00,4.67,0.01,0.39,0.60
cloud-k3s-master2,1,2026-06-05 17:01:41 UTC,sda,40.00,0.00,128.00,0.00,3.20,0.02,0.42,0.90
cloud-k3s-master2,1,2026-06-05 17:01:42 UTC,sda,12.00,0.00,32.00,0.00,2.67,0.01,0.42,0.30
cloud-k3s-master2,1,2026-06-05 17:01:43 UTC,sda,62.00,0.00,188.00,0.00,3.03,0.03,0.40,1.30
cloud-k3s-master2,1,2026-06-05 17:01:44 UTC,sda,21.00,0.00,84.00,0.00,4.00,0.01,0.38,0.50
cloud-k3s-master2,1,2026-06-05 17:01:45 UTC,sda,105.00,0.00,440.00,0.00,4.19,0.15,1.37,1.60
cloud-k3s-master2,1,2026-06-05 17:01:46 UTC,sda,35.00,0.00,96.00,0.00,2.74,0.02,0.37,0.80
cloud-k3s-master2,1,2026-06-05 17:01:47 UTC,sda,40.00,0.00,136.00,0.00,3.40,0.03,0.47,1.40
cloud-k3s-master2,1,2026-06-05 17:01:48 UTC,sda,60.00,0.00,176.00,0.00,2.93,0.03,0.40,1.60
cloud-k3s-master2,1,2026-06-05 17:01:49 UTC,sda,40.00,0.00,136.00,0.00,3.40,0.02,0.38,0.80
cloud-k3s-master2,1,2026-06-05 17:01:50 UTC,sda,26.00,0.00,72.00,0.00,2.77,0.01,0.38,0.40
cloud-k3s-master2,1,2026-06-05 17:01:51 UTC,sda,39.00,0.00,132.00,0.00,3.38,0.02,0.41,0.80
cloud-k3s-master2,1,2026-06-05 17:01:52 UTC,sda,33.00,0.00,100.00,0.00,3.03,0.01,0.33,0.80
cloud-k3s-master2,1,2026-06-05 17:01:53 UTC,sda,60.00,0.00,180.00,0.00,3.00,0.03,0.37,1.50
cloud-k3s-master2,1,2026-06-05 17:01:54 UTC,sda,54.00,0.00,488.00,0.00,9.04,0.08,1.43,0.60
cloud-k3s-master2,1,2026-06-05 17:01:55 UTC,sda,36.00,0.00,132.00,0.00,3.67,0.02,0.39,0.70
cloud-k3s-master2,1,2026-06-05 17:01:56 UTC,sda,16.00,0.00,44.00,0.00,2.75,0.01,0.44,0.30
cloud-k3s-master2,1,2026-06-05 17:01:57 UTC,sda,44.00,0.00,140.00,0.00,3.18,0.02,0.45,0.70
cloud-k3s-master2,1,2026-06-05 17:01:58 UTC,sda,58.00,0.00,172.00,0.00,2.97,0.03,0.38,1.30
cloud-k3s-master2,1,2026-06-05 17:01:59 UTC,sda,32.00,0.00,104.00,0.00,3.25,0.04,1.25,2.50
cloud-k3s-master2,1,2026-06-05 17:02:00 UTC,sda,79.00,0.00,320.00,0.00,4.05,0.08,0.96,1.00
cloud-k3s-master2,1,2026-06-05 17:02:01 UTC,sda,42.00,0.00,148.00,0.00,3.52,0.02,0.40,1.00
cloud-k3s-master2,1,2026-06-05 17:02:02 UTC,sda,27.00,0.00,88.00,0.00,3.26,0.02,0.59,0.90
cloud-k3s-master2,1,2026-06-05 17:02:03 UTC,sda,55.00,0.00,164.00,0.00,2.98,0.03,0.40,1.50
cloud-k3s-master2,1,2026-06-05 17:02:04 UTC,sda,17.00,0.00,48.00,0.00,2.82,0.01,0.41,0.40
cloud-k3s-master2,1,2026-06-05 17:02:05 UTC,sda,31.00,0.00,112.00,0.00,3.61,0.02,0.42,0.70
cloud-k3s-master2,1,2026-06-05 17:02:06 UTC,sda,32.00,0.00,112.00,0.00,3.50,0.02,0.53,0.70
cloud-k3s-master2,1,2026-06-05 17:02:07 UTC,sda,59.00,0.00,176.00,0.00,2.98,0.04,0.46,1.60
cloud-k3s-master2,1,2026-06-05 17:02:08 UTC,sda,83.00,0.00,300.00,0.00,3.61,0.04,0.40,1.00
cloud-k3s-master2,1,2026-06-05 17:02:09 UTC,sda,68.00,0.00,296.00,0.00,4.35,0.09,1.31,0.80
cloud-k3s-master2,1,2026-06-05 17:02:10 UTC,sda,27.00,0.00,76.00,0.00,2.81,0.01,0.41,0.50
cloud-k3s-master2,1,2026-06-05 17:02:11 UTC,sda,40.00,0.00,132.00,0.00,3.30,0.02,0.38,0.90
cloud-k3s-master2,1,2026-06-05 17:02:12 UTC,sda,31.00,0.00,104.00,0.00,3.35,0.02,0.48,0.80
cloud-k3s-master2,1,2026-06-05 17:02:13 UTC,sda,57.00,0.00,168.00,0.00,2.95,0.03,0.47,1.40
cloud-k3s-master2,1,2026-06-05 17:02:14 UTC,sda,18.00,0.00,48.00,0.00,2.67,0.01,0.39,0.10
cloud-k3s-master2,1,2026-06-05 17:02:15 UTC,sda,73.00,0.00,300.00,0.00,4.11,0.06,0.74,1.40
cloud-k3s-master2,1,2026-06-05 17:02:16 UTC,sda,37.00,0.00,116.00,0.00,3.14,0.02,0.43,0.90
cloud-k3s-master2,1,2026-06-05 17:02:17 UTC,sda,28.00,0.00,92.00,0.00,3.29,0.01,0.39,0.70
cloud-k3s-master2,1,2026-06-05 17:02:18 UTC,sda,61.00,0.00,184.00,0.00,3.02,0.03,0.36,1.30
cloud-k3s-master2,1,2026-06-05 17:02:19 UTC,sda,43.00,0.00,132.00,0.00,3.07,0.02,0.40,1.00
cloud-k3s-master2,1,2026-06-05 17:02:20 UTC,sda,27.00,0.00,104.00,0.00,3.85,0.01,0.44,0.50
cloud-k3s-master2,1,2026-06-05 17:02:21 UTC,sda,35.00,0.00,108.00,0.00,3.09,0.02,0.40,0.50
cloud-k3s-master2,1,2026-06-05 17:02:22 UTC,sda,46.00,0.00,144.00,0.00,3.13,0.02,0.37,1.00
cloud-k3s-master2,1,2026-06-05 17:02:23 UTC,sda,54.00,0.00,164.00,0.00,3.04,0.02,0.33,1.40
cloud-k3s-master2,1,2026-06-05 17:02:24 UTC,sda,23.00,0.00,84.00,0.00,3.65,0.01,0.48,0.70
cloud-k3s-master2,1,2026-06-05 17:02:25 UTC,sda,58.00,0.00,472.00,0.00,8.14,0.09,1.53,0.70
cloud-k3s-master2,1,2026-06-05 17:02:26 UTC,sda,30.00,0.00,116.00,0.00,3.87,0.01,0.40,0.90
cloud-k3s-master2,1,2026-06-05 17:02:27 UTC,sda,29.00,0.00,92.00,0.00,3.17,0.01,0.34,0.60
cloud-k3s-master2,1,2026-06-05 17:02:28 UTC,sda,58.00,0.00,172.00,0.00,2.97,0.03,0.43,1.20
cloud-k3s-master2,1,2026-06-05 17:02:29 UTC,sda,41.00,0.00,152.00,0.00,3.71,0.02,0.39,0.90
cloud-k3s-master2,1,2026-06-05 17:02:30 UTC,sda,39.60,0.00,134.65,0.00,3.40,0.02,0.35,0.59
cloud-k3s-master2,1,2026-06-05 17:02:31 UTC,sda,47.00,0.00,152.00,0.00,3.23,0.03,0.43,0.90
cloud-k3s-master2,1,2026-06-05 17:02:32 UTC,sda,32.00,0.00,88.00,0.00,2.75,0.02,0.41,0.80
cloud-k3s-master2,1,2026-06-05 17:02:33 UTC,sda,51.00,0.00,216.00,0.00,4.24,0.03,0.39,1.30
cloud-k3s-master2,1,2026-06-05 17:02:34 UTC,sda,81.00,0.00,364.00,0.00,4.49,0.13,1.59,1.00
cloud-k3s-master2,1,2026-06-05 17:02:35 UTC,sda,12.00,0.00,32.00,0.00,2.67,0.01,0.33,0.50
cloud-k3s-master2,1,2026-06-05 17:02:36 UTC,sda,43.00,0.00,160.00,0.00,3.72,0.02,0.47,0.90
cloud-k3s-master2,1,2026-06-05 17:02:37 UTC,sda,32.00,0.00,116.00,0.00,3.62,0.01,0.38,0.90
cloud-k3s-master2,1,2026-06-05 17:02:38 UTC,sda,51.00,0.00,136.00,0.00,2.67,0.03,0.39,0.90
cloud-k3s-master2,1,2026-06-05 17:02:39 UTC,sda,58.00,0.00,200.00,0.00,3.45,0.03,0.41,1.60
cloud-k3s-master2,1,2026-06-05 17:02:40 UTC,sda,64.00,0.00,272.00,0.00,4.25,0.08,1.14,0.90
cloud-k3s-master2,1,2026-06-05 17:02:41 UTC,sda,27.00,0.00,72.00,0.00,2.67,0.01,0.41,0.40
cloud-k3s-master2,1,2026-06-05 17:02:42 UTC,sda,38.00,0.00,116.00,0.00,3.05,0.02,0.42,0.80
cloud-k3s-master2,1,2026-06-05 17:02:43 UTC,sda,39.00,0.00,124.00,0.00,3.18,0.02,0.41,0.90
cloud-k3s-master2,1,2026-06-05 17:02:44 UTC,sda,43.00,0.00,132.00,0.00,3.07,0.02,0.42,1.00
cloud-k3s-master2,1,2026-06-05 17:02:45 UTC,sda,25.00,0.00,96.00,0.00,3.84,0.01,0.40,0.60
cloud-k3s-master2,1,2026-06-05 17:02:46 UTC,sda,45.00,0.00,136.00,0.00,3.02,0.03,0.56,1.20
cloud-k3s-master2,1,2026-06-05 17:02:47 UTC,sda,22.00,0.00,76.00,0.00,3.45,0.01,0.41,0.60
cloud-k3s-master2,1,2026-06-05 17:02:48 UTC,sda,50.00,0.00,148.00,0.00,2.96,0.02,0.38,1.20
cloud-k3s-master2,1,2026-06-05 17:02:49 UTC,sda,62.00,0.00,196.00,0.00,3.16,0.03,0.40,1.40
cloud-k3s-master2,1,2026-06-05 17:02:50 UTC,sda,67.00,0.00,280.00,0.00,4.18,0.09,1.28,0.90
cloud-k3s-master2,1,2026-06-05 17:02:51 UTC,sda,11.00,0.00,28.00,0.00,2.55,0.01,0.36,0.20
cloud-k3s-master2,1,2026-06-05 17:02:52 UTC,sda,56.00,0.00,184.00,0.00,3.29,0.03,0.38,1.00
cloud-k3s-master2,1,2026-06-05 17:02:53 UTC,sda,35.00,0.00,112.00,0.00,3.20,0.02,0.37,1.00
cloud-k3s-master2,1,2026-06-05 17:02:54 UTC,sda,42.00,0.00,132.00,0.00,3.14,0.02,0.40,1.10
cloud-k3s-master2,1,2026-06-05 17:02:55 UTC,sda,111.00,0.00,508.00,0.00,4.58,0.11,0.93,1.40
cloud-k3s-master2,1,2026-06-05 17:02:56 UTC,sda,46.00,0.00,444.00,0.00,9.65,0.02,0.41,1.30
cloud-k3s-master2,1,2026-06-05 17:02:57 UTC,sda,30.00,0.00,108.00,0.00,3.60,0.01,0.40,0.70
cloud-k3s-master2,1,2026-06-05 17:02:58 UTC,sda,54.00,0.00,160.00,0.00,2.96,0.03,0.39,1.20
cloud-k3s-master2,1,2026-06-05 17:02:59 UTC,sda,108.00,0.00,464.00,0.00,4.30,0.12,1.12,1.30
cloud-k3s-master2,1,2026-06-05 17:03:00 UTC,sda,63.00,0.00,212.00,0.00,3.37,0.03,0.41,1.50
cloud-k3s-master2,1,2026-06-05 17:03:01 UTC,sda,31.00,0.00,100.00,0.00,3.23,0.02,0.52,0.40
cloud-k3s-master2,1,2026-06-05 17:03:02 UTC,sda,57.00,0.00,196.00,0.00,3.44,0.03,0.44,1.60
cloud-k3s-master2,1,2026-06-05 17:03:03 UTC,sda,34.00,0.00,92.00,0.00,2.71,0.02,0.41,0.60
cloud-k3s-master2,1,2026-06-05 17:03:04 UTC,sda,42.00,0.00,132.00,0.00,3.14,0.02,0.36,0.90
cloud-k3s-master2,1,2026-06-05 17:03:05 UTC,sda,42.00,0.00,188.00,0.00,4.48,0.06,1.43,0.30
cloud-k3s-master2,1,2026-06-05 17:03:06 UTC,sda,42.00,0.00,140.00,0.00,3.33,0.02,0.40,1.10
cloud-k3s-master2,1,2026-06-05 17:03:07 UTC,sda,46.00,0.00,152.00,0.00,3.30,0.02,0.43,1.00
cloud-k3s-master2,1,2026-06-05 17:03:08 UTC,sda,54.00,0.00,156.00,0.00,2.89,0.03,0.39,1.20
cloud-k3s-master2,1,2026-06-05 17:03:09 UTC,sda,38.00,0.00,120.00,0.00,3.16,0.02,0.47,1.10
cloud-k3s-master2,1,2026-06-05 17:03:10 UTC,sda,56.00,0.00,192.00,0.00,3.43,0.03,0.41,1.10
cloud-k3s-master2,1,2026-06-05 17:03:11 UTC,sda,9.00,0.00,24.00,0.00,2.67,0.00,0.33,0.20
cloud-k3s-master2,1,2026-06-05 17:03:12 UTC,sda,56.00,0.00,164.00,0.00,2.93,0.03,0.50,2.00
cloud-k3s-master2,1,2026-06-05 17:03:13 UTC,sda,49.00,0.00,196.00,0.00,4.00,0.03,0.53,1.00
cloud-k3s-master2,1,2026-06-05 17:03:14 UTC,sda,91.00,0.00,376.00,0.00,4.13,0.10,1.01,1.70
cloud-k3s-master2,1,2026-06-05 17:03:15 UTC,sda,26.00,0.00,96.00,0.00,3.69,0.01,0.42,0.70
cloud-k3s-master2,1,2026-06-05 17:03:16 UTC,sda,42.00,0.00,128.00,0.00,3.05,0.02,0.43,0.90
cloud-k3s-master2,1,2026-06-05 17:03:17 UTC,sda,41.00,0.00,128.00,0.00,3.12,0.02,0.46,1.00
cloud-k3s-master2,1,2026-06-05 17:03:18 UTC,sda,55.00,0.00,164.00,0.00,2.98,0.03,0.38,0.80
cloud-k3s-master2,1,2026-06-05 17:03:19 UTC,sda,12.00,0.00,32.00,0.00,2.67,0.01,0.33,0.10
cloud-k3s-master2,1,2026-06-05 17:03:20 UTC,sda,110.00,0.00,432.00,0.00,3.93,0.10,0.85,1.70
cloud-k3s-master2,1,2026-06-05 17:03:21 UTC,sda,20.00,0.00,92.00,0.00,4.60,0.01,0.45,0.50
cloud-k3s-master2,1,2026-06-05 17:03:22 UTC,sda,69.00,0.00,212.00,0.00,3.07,0.03,0.39,1.80
cloud-k3s-master2,1,2026-06-05 17:03:23 UTC,sda,36.00,0.00,104.00,0.00,2.89,0.02,0.36,0.70
cloud-k3s-master2,1,2026-06-05 17:03:24 UTC,sda,40.00,0.00,124.00,0.00,3.10,0.02,0.42,0.70
cloud-k3s-master2,1,2026-06-05 17:03:25 UTC,sda,20.00,0.00,84.00,0.00,4.20,0.01,0.50,0.50
cloud-k3s-master2,1,2026-06-05 17:03:26 UTC,sda,30.00,0.00,80.00,0.00,2.67,0.02,0.43,0.70
cloud-k3s-master2,1,2026-06-05 17:03:27 UTC,sda,26.00,0.00,84.00,0.00,3.23,0.01,0.42,0.90
cloud-k3s-master2,1,2026-06-05 17:03:28 UTC,sda,55.00,0.00,440.00,0.00,8.00,0.03,0.38,1.60
cloud-k3s-master2,1,2026-06-05 17:03:29 UTC,sda,15.00,0.00,44.00,0.00,2.93,0.01,0.47,0.30
cloud-k3s-master2,1,2026-06-05 17:03:30 UTC,sda,162.00,0.00,652.00,0.00,4.02,0.19,1.10,2.60
cloud-k3s-master2,1,2026-06-05 17:03:31 UTC,sda,17.00,0.00,48.00,0.00,2.82,0.01,0.35,0.20
cloud-k3s-master2,1,2026-06-05 17:03:32 UTC,sda,38.00,0.00,120.00,0.00,3.16,0.02,0.39,1.00
cloud-k3s-master2,1,2026-06-05 17:03:33 UTC,sda,50.00,0.00,156.00,0.00,3.12,0.03,0.42,0.90
cloud-k3s-master2,1,2026-06-05 17:03:34 UTC,sda,30.00,0.00,96.00,0.00,3.20,0.01,0.40,0.60
cloud-k3s-master2,1,2026-06-05 17:03:35 UTC,sda,36.00,0.00,132.00,0.00,3.67,0.02,0.50,1.00
cloud-k3s-master2,1,2026-06-05 17:03:36 UTC,sda,54.00,0.00,224.00,0.00,4.15,0.03,0.48,2.00
cloud-k3s-master2,1,2026-06-05 17:03:37 UTC,sda,69.00,0.00,292.00,0.00,4.23,0.04,0.46,2.10
cloud-k3s-master2,1,2026-06-05 17:03:38 UTC,sda,60.00,0.00,180.00,0.00,3.00,0.03,0.32,1.20
cloud-k3s-master2,1,2026-06-05 17:03:39 UTC,sda,56.00,0.00,236.00,0.00,4.21,0.09,1.55,0.90
cloud-k3s-master2,1,2026-06-05 17:03:40 UTC,sda,74.00,0.00,252.00,0.00,3.41,0.04,0.43,1.80
cloud-k3s-master2,1,2026-06-05 17:03:41 UTC,sda,24.00,0.00,76.00,0.00,3.17,0.01,0.46,0.50
cloud-k3s-master2,1,2026-06-05 17:03:42 UTC,sda,38.00,0.00,116.00,0.00,3.05,0.02,0.34,0.90
cloud-k3s-master2,1,2026-06-05 17:03:43 UTC,sda,52.00,0.00,160.00,0.00,3.08,0.02,0.38,1.10
cloud-k3s-master2,1,2026-06-05 17:03:44 UTC,sda,46.00,0.00,168.00,0.00,3.65,0.02,0.37,0.90
cloud-k3s-master2,1,2026-06-05 17:03:45 UTC,sda,60.00,0.00,256.00,0.00,4.27,0.09,1.37,0.90
cloud-k3s-master2,1,2026-06-05 17:03:46 UTC,sda,47.00,0.00,144.00,0.00,3.06,0.02,0.38,1.00
cloud-k3s-master2,1,2026-06-05 17:03:47 UTC,sda,16.00,0.00,48.00,0.00,3.00,0.01,0.44,0.40
cloud-k3s-master2,1,2026-06-05 17:03:48 UTC,sda,60.00,0.00,176.00,0.00,2.93,0.03,0.35,1.50
cloud-k3s-master2,1,2026-06-05 17:03:49 UTC,sda,23.00,0.00,120.00,0.00,5.22,0.01,0.39,0.40
cloud-k3s-master2,1,2026-06-05 17:03:50 UTC,sda,77.00,0.00,288.00,0.00,3.74,0.04,0.43,1.90
cloud-k3s-master2,1,2026-06-05 17:03:51 UTC,sda,11.00,0.00,28.00,0.00,2.55,0.01,0.45,0.10
cloud-k3s-master2,1,2026-06-05 17:03:52 UTC,sda,53.00,0.00,172.00,0.00,3.25,0.03,0.36,1.00
cloud-k3s-master2,1,2026-06-05 17:03:53 UTC,sda,39.00,0.00,112.00,0.00,2.87,0.02,0.41,1.00
cloud-k3s-master2,1,2026-06-05 17:03:54 UTC,sda,49.00,0.00,164.00,0.00,3.35,0.02,0.39,0.80
cloud-k3s-master2,1,2026-06-05 17:03:55 UTC,sda,45.00,0.00,200.00,0.00,4.44,0.07,1.47,0.30
cloud-k3s-master2,1,2026-06-05 17:03:56 UTC,sda,49.00,0.00,160.00,0.00,3.27,0.03,0.41,1.00
cloud-k3s-master2,1,2026-06-05 17:03:57 UTC,sda,12.00,0.00,32.00,0.00,2.67,0.01,0.42,0.10
cloud-k3s-master2,1,2026-06-05 17:03:58 UTC,sda,77.00,0.00,284.00,0.00,3.69,0.04,0.38,1.60
cloud-k3s-master2,1,2026-06-05 17:03:59 UTC,sda,5.00,0.00,260.00,0.00,52.00,0.00,0.60,0.10
cloud-k3s-master2,1,2026-06-05 17:04:00 UTC,sda,80.00,0.00,312.00,0.00,3.90,0.04,0.44,2.20
cloud-k3s-master2,1,2026-06-05 17:04:01 UTC,sda,41.00,0.00,128.00,0.00,3.12,0.02,0.41,0.90
cloud-k3s-master2,1,2026-06-05 17:04:02 UTC,sda,43.00,0.00,132.00,0.00,3.07,0.03,0.49,1.00
cloud-k3s-master2,1,2026-06-05 17:04:03 UTC,sda,32.00,0.00,88.00,0.00,2.75,0.01,0.41,0.90
cloud-k3s-master2,1,2026-06-05 17:04:04 UTC,sda,81.00,0.00,316.00,0.00,3.90,0.11,1.31,1.10
cloud-k3s-master2,1,2026-06-05 17:04:05 UTC,sda,3.00,0.00,60.00,0.00,20.00,0.00,0.67,0.10
cloud-k3s-master2,1,2026-06-05 17:04:06 UTC,sda,49.00,0.00,192.00,0.00,3.92,0.03,0.41,1.40
cloud-k3s-master2,1,2026-06-05 17:04:07 UTC,sda,26.00,0.00,68.00,0.00,2.62,0.01,0.35,0.40
cloud-k3s-master2,1,2026-06-05 17:04:08 UTC,sda,70.00,0.00,216.00,0.00,3.09,0.05,0.53,2.30
cloud-k3s-master2,1,2026-06-05 17:04:09 UTC,sda,8.00,0.00,24.00,0.00,3.00,0.00,0.38,0.20
cloud-k3s-master2,1,2026-06-05 17:04:10 UTC,sda,85.00,0.00,336.00,0.00,3.95,0.09,1.04,1.40
cloud-k3s-master2,1,2026-06-05 17:04:11 UTC,sda,46.00,0.00,204.00,0.00,4.43,0.03,0.43,1.20
cloud-k3s-master2,1,2026-06-05 17:04:12 UTC,sda,49.00,0.00,144.00,0.00,2.94,0.03,0.43,1.40
cloud-k3s-master2,1,2026-06-05 17:04:13 UTC,sda,26.00,0.00,88.00,0.00,3.38,0.01,0.38,0.60
cloud-k3s-master2,1,2026-06-05 17:04:14 UTC,sda,60.00,0.00,184.00,0.00,3.07,0.03,0.40,1.10
cloud-k3s-master2,1,2026-06-05 17:04:15 UTC,sda,15.00,0.00,68.00,0.00,4.53,0.01,0.40,0.40
cloud-k3s-master2,1,2026-06-05 17:04:16 UTC,sda,66.00,0.00,216.00,0.00,3.27,0.04,0.44,1.90
cloud-k3s-master2,1,2026-06-05 17:04:17 UTC,sda,13.00,0.00,84.00,0.00,6.46,0.01,0.38,0.30
cloud-k3s-master2,1,2026-06-05 17:04:18 UTC,sda,68.00,0.00,212.00,0.00,3.12,0.04,0.47,2.00
cloud-k3s-master2,1,2026-06-05 17:04:19 UTC,sda,39.00,0.00,188.00,0.00,4.82,0.06,1.46,0.10
cloud-k3s-master2,1,2026-06-05 17:04:20 UTC,sda,49.00,0.00,160.00,0.00,3.27,0.03,0.41,1.20
cloud-k3s-master2,1,2026-06-05 17:04:21 UTC,sda,46.00,0.00,160.00,0.00,3.48,0.03,0.48,0.80
cloud-k3s-master2,1,2026-06-05 17:04:22 UTC,sda,68.00,0.00,204.00,0.00,3.00,0.03,0.37,1.50
cloud-k3s-master2,1,2026-06-05 17:04:23 UTC,sda,36.00,0.00,160.00,0.00,4.44,0.19,2.83,7.30
cloud-k3s-master2,1,2026-06-05 17:04:24 UTC,sda,66.00,0.00,196.00,0.00,2.97,0.04,0.52,1.40
cloud-k3s-master2,1,2026-06-05 17:04:25 UTC,sda,51.49,0.00,245.54,0.00,4.77,0.07,1.40,0.20
cloud-k3s-master2,1,2026-06-05 17:04:26 UTC,sda,47.00,0.00,164.00,0.00,3.49,0.02,0.38,1.20
cloud-k3s-master2,1,2026-06-05 17:04:27 UTC,sda,17.00,0.00,56.00,0.00,3.29,0.01,0.65,0.50
cloud-k3s-master2,1,2026-06-05 17:04:28 UTC,sda,64.00,0.00,196.00,0.00,3.06,0.03,0.39,1.40
cloud-k3s-master2,1,2026-06-05 17:04:29 UTC,sda,10.00,0.00,80.00,0.00,8.00,0.01,0.50,0.30
cloud-k3s-master2,1,2026-06-05 17:04:30 UTC,sda,61.00,0.00,244.00,0.00,4.00,0.04,0.44,1.60
cloud-k3s-master2,1,2026-06-05 17:04:31 UTC,sda,38.00,0.00,164.00,0.00,4.32,0.02,0.45,1.20
cloud-k3s-master2,1,2026-06-05 17:04:32 UTC,sda,69.00,0.00,224.00,0.00,3.25,0.03,0.41,1.50
cloud-k3s-master2,1,2026-06-05 17:04:33 UTC,sda,34.00,0.00,104.00,0.00,3.06,0.02,0.41,0.50
cloud-k3s-master2,1,2026-06-05 17:04:34 UTC,sda,45.00,0.00,156.00,0.00,3.47,0.02,0.42,0.90
cloud-k3s-master2,1,2026-06-05 17:04:35 UTC,sda,45.00,0.00,256.00,0.00,5.69,0.07,1.62,0.30
cloud-k3s-master2,1,2026-06-05 17:04:36 UTC,sda,43.00,0.00,152.00,0.00,3.53,0.02,0.42,1.00
cloud-k3s-master2,1,2026-06-05 17:04:37 UTC,sda,34.00,0.00,116.00,0.00,3.41,0.02,0.44,0.70
cloud-k3s-master2,1,2026-06-05 17:04:38 UTC,sda,54.00,0.00,168.00,0.00,3.11,0.03,0.39,1.10
cloud-k3s-master2,1,2026-06-05 17:04:39 UTC,sda,28.00,0.00,108.00,0.00,3.86,0.02,0.57,0.90
cloud-k3s-master2,1,2026-06-05 17:04:40 UTC,sda,34.00,0.00,88.00,0.00,2.59,0.02,0.38,0.70
cloud-k3s-master2,1,2026-06-05 17:04:41 UTC,sda,28.00,0.00,108.00,0.00,3.86,0.03,0.71,1.30
cloud-k3s-master2,1,2026-06-05 17:04:42 UTC,sda,117.00,0.00,452.00,0.00,3.86,0.11,0.86,2.20
cloud-k3s-master2,1,2026-06-05 17:04:43 UTC,sda,34.00,0.00,96.00,0.00,2.82,0.04,0.85,2.10
cloud-k3s-master2,1,2026-06-05 17:04:44 UTC,sda,42.00,0.00,128.00,0.00,3.05,0.02,0.45,0.80
cloud-k3s-master2,1,2026-06-05 17:04:45 UTC,sda,26.00,0.00,92.00,0.00,3.54,0.01,0.38,0.40
cloud-k3s-master2,1,2026-06-05 17:04:46 UTC,sda,46.00,0.00,156.00,0.00,3.39,0.02,0.41,0.80
cloud-k3s-master2,1,2026-06-05 17:04:47 UTC,sda,28.00,0.00,96.00,0.00,3.43,0.02,0.43,0.80
cloud-k3s-master2,1,2026-06-05 17:04:48 UTC,sda,45.00,0.00,132.00,0.00,2.93,0.03,0.56,1.30
cloud-k3s-master2,1,2026-06-05 17:04:49 UTC,sda,55.00,0.00,232.00,0.00,4.22,0.06,1.00,0.50
cloud-k3s-master2,1,2026-06-05 17:04:50 UTC,sda,31.00,0.00,112.00,0.00,3.61,0.01,0.42,0.70
cloud-k3s-master2,1,2026-06-05 17:04:51 UTC,sda,38.00,0.00,120.00,0.00,3.16,0.02,0.45,1.10
cloud-k3s-master2,1,2026-06-05 17:04:52 UTC,sda,69.00,0.00,216.00,0.00,3.13,0.04,0.46,1.80
cloud-k3s-master2,1,2026-06-05 17:04:53 UTC,sda,26.00,0.00,68.00,0.00,2.62,0.01,0.42,0.50
cloud-k3s-master2,1,2026-06-05 17:04:54 UTC,sda,48.00,0.00,164.00,0.00,3.42,0.02,0.40,1.10
cloud-k3s-master2,1,2026-06-05 17:04:55 UTC,sda,51.00,0.00,216.00,0.00,4.24,0.06,1.16,0.60
cloud-k3s-master2,1,2026-06-05 17:04:56 UTC,sda,30.00,0.00,112.00,0.00,3.73,0.02,0.43,0.50
cloud-k3s-master2,1,2026-06-05 17:04:57 UTC,sda,30.00,0.00,80.00,0.00,2.67,0.02,0.43,0.60
cloud-k3s-master2,1,2026-06-05 17:04:58 UTC,sda,44.00,0.00,136.00,0.00,3.09,0.02,0.34,0.80
cloud-k3s-master2,1,2026-06-05 17:04:59 UTC,sda,49.00,0.00,184.00,0.00,3.76,0.03,0.47,1.00
cloud-k3s-master2,1,2026-06-05 17:05:00 UTC,sda,42.00,0.00,168.00,0.00,4.00,0.02,0.45,1.40
cloud-k3s-master2,1,2026-06-05 17:05:01 UTC,sda,33.00,0.00,104.00,0.00,3.15,0.02,0.36,0.90
cloud-k3s-master2,1,2026-06-05 17:05:02 UTC,sda,68.00,0.00,236.00,0.00,3.47,0.03,0.40,1.30
cloud-k3s-master2,1,2026-06-05 17:05:03 UTC,sda,30.00,0.00,88.00,0.00,2.93,0.01,0.43,0.50
cloud-k3s-master2,1,2026-06-05 17:05:04 UTC,sda,92.00,0.00,392.00,0.00,4.26,0.15,1.64,1.20
cloud-k3s-master2,1,2026-06-05 17:05:05 UTC,sda,26.00,0.00,72.00,0.00,2.77,0.01,0.46,0.40
cloud-k3s-master2,1,2026-06-05 17:05:06 UTC,sda,32.00,0.00,356.00,0.00,11.12,0.02,0.47,0.90
cloud-k3s-master2,1,2026-06-05 17:05:07 UTC,sda,64.00,0.00,208.00,0.00,3.25,0.04,0.44,1.50
cloud-k3s-master2,1,2026-06-05 17:05:08 UTC,sda,54.00,0.00,160.00,0.00,2.96,0.03,0.37,1.60
cloud-k3s-master2,1,2026-06-05 17:05:09 UTC,sda,40.00,0.00,148.00,0.00,3.70,0.02,0.45,1.00
cloud-k3s-master2,1,2026-06-05 17:05:10 UTC,sda,79.00,0.00,316.00,0.00,4.00,0.13,1.61,0.90
cloud-k3s-master2,1,2026-06-05 17:05:11 UTC,sda,31.00,0.00,108.00,0.00,3.48,0.02,0.42,0.80
cloud-k3s-master2,1,2026-06-05 17:05:12 UTC,sda,72.00,0.00,220.00,0.00,3.06,0.04,0.39,1.70
cloud-k3s-master2,1,2026-06-05 17:05:13 UTC,sda,43.00,0.00,116.00,0.00,2.70,0.02,0.37,0.80
cloud-k3s-master2,1,2026-06-05 17:05:14 UTC,sda,46.00,0.00,164.00,0.00,3.57,0.07,0.96,3.20
cloud-k3s-master2,1,2026-06-05 17:05:15 UTC,sda,45.00,0.00,152.00,0.00,3.38,0.03,0.42,1.20
cloud-k3s-master2,1,2026-06-05 17:05:16 UTC,sda,35.00,0.00,108.00,0.00,3.09,0.01,0.31,0.50
cloud-k3s-master2,1,2026-06-05 17:05:17 UTC,sda,30.00,0.00,80.00,0.00,2.67,0.01,0.40,0.30
cloud-k3s-master2,1,2026-06-05 17:05:18 UTC,sda,45.00,0.00,128.00,0.00,2.84,0.02,0.36,0.80
cloud-k3s-master2,1,2026-06-05 17:05:19 UTC,sda,20.00,0.00,72.00,0.00,3.60,0.01,0.50,0.50
cloud-k3s-master2,1,2026-06-05 17:05:20 UTC,sda,83.00,0.00,384.00,0.00,4.63,0.09,1.07,1.00
cloud-k3s-master2,1,2026-06-05 17:05:21 UTC,sda,11.00,0.00,28.00,0.00,2.55,0.01,0.55,0.50
cloud-k3s-master2,1,2026-06-05 17:05:22 UTC,sda,68.00,0.00,204.00,0.00,3.00,0.04,0.41,1.90
cloud-k3s-master2,1,2026-06-05 17:05:23 UTC,sda,49.00,0.00,148.00,0.00,3.02,0.03,0.43,1.20
cloud-k3s-master2,1,2026-06-05 17:05:24 UTC,sda,40.00,0.00,132.00,0.00,3.30,0.02,0.40,0.70
cloud-k3s-master2,1,2026-06-05 17:05:25 UTC,sda,33.00,0.00,124.00,0.00,3.76,0.02,0.45,0.50
cloud-k3s-master2,1,2026-06-05 17:05:26 UTC,sda,31.00,0.00,100.00,0.00,3.23,0.02,0.42,1.00
cloud-k3s-master2,1,2026-06-05 17:05:27 UTC,sda,22.00,0.00,60.00,0.00,2.73,0.01,0.50,0.50
cloud-k3s-master2,1,2026-06-05 17:05:28 UTC,sda,56.00,0.00,160.00,0.00,2.86,0.03,0.43,1.30
cloud-k3s-master2,1,2026-06-05 17:05:29 UTC,sda,59.00,0.00,264.00,0.00,4.47,0.08,1.39,0.70
cloud-k3s-master2,1,2026-06-05 17:05:30 UTC,sda,60.00,0.00,208.00,0.00,3.47,0.03,0.38,1.60
cloud-k3s-master2,1,2026-06-05 17:05:31 UTC,sda,22.00,0.00,64.00,0.00,2.91,0.01,0.45,0.30
cloud-k3s-master2,1,2026-06-05 17:05:32 UTC,sda,58.00,0.00,184.00,0.00,3.17,0.03,0.41,1.40
cloud-k3s-master2,1,2026-06-05 17:05:33 UTC,sda,54.00,0.00,164.00,0.00,3.04,0.03,0.39,1.30
cloud-k3s-master2,1,2026-06-05 17:05:34 UTC,sda,30.00,0.00,80.00,0.00,2.67,0.01,0.37,0.50
cloud-k3s-master2,1,2026-06-05 17:05:35 UTC,sda,52.00,0.00,244.00,0.00,4.69,0.08,1.42,0.80
cloud-k3s-master2,1,2026-06-05 17:05:36 UTC,sda,40.00,0.00,124.00,0.00,3.10,0.02,0.40,1.10
cloud-k3s-master2,1,2026-06-05 17:05:37 UTC,sda,25.00,0.00,72.00,0.00,2.88,0.01,0.44,0.40
cloud-k3s-master2,1,2026-06-05 17:05:38 UTC,sda,72.00,0.00,476.00,0.00,6.61,0.04,0.39,1.30
cloud-k3s-master2,1,2026-06-05 17:05:39 UTC,sda,18.00,0.00,48.00,0.00,2.67,0.01,0.50,0.50
cloud-k3s-master2,1,2026-06-05 17:05:40 UTC,sda,44.00,0.00,160.00,0.00,3.64,0.02,0.41,1.30
cloud-k3s-master2,1,2026-06-05 17:05:41 UTC,sda,9.00,0.00,24.00,0.00,2.67,0.00,0.44,0.20
cloud-k3s-master2,1,2026-06-05 17:05:42 UTC,sda,48.00,0.00,144.00,0.00,3.00,0.02,0.38,0.90
cloud-k3s-master2,1,2026-06-05 17:05:43 UTC,sda,67.00,0.00,212.00,0.00,3.16,0.03,0.43,1.30
cloud-k3s-master2,1,2026-06-05 17:05:44 UTC,sda,91.00,0.00,356.00,0.00,3.91,0.11,1.19,1.60
cloud-k3s-master2,1,2026-06-05 17:05:45 UTC,sda,26.00,0.00,96.00,0.00,3.69,0.01,0.42,0.40
cloud-k3s-master2,1,2026-06-05 17:05:46 UTC,sda,51.00,0.00,152.00,0.00,2.98,0.03,0.37,1.10
cloud-k3s-master2,1,2026-06-05 17:05:47 UTC,sda,21.00,0.00,56.00,0.00,2.67,0.01,0.43,0.60
cloud-k3s-master2,1,2026-06-05 17:05:48 UTC,sda,56.00,0.00,160.00,0.00,2.86,0.03,0.41,1.50
cloud-k3s-master2,1,2026-06-05 17:05:49 UTC,sda,15.00,0.00,64.00,0.00,4.27,0.01,0.47,0.20
cloud-k3s-master2,1,2026-06-05 17:05:50 UTC,sda,76.00,0.00,308.00,0.00,4.05,0.08,1.03,0.80
cloud-k3s-master2,1,2026-06-05 17:05:51 UTC,sda,18.00,0.00,48.00,0.00,2.67,0.01,0.39,0.40
cloud-k3s-master2,1,2026-06-05 17:05:52 UTC,sda,45.00,0.00,136.00,0.00,3.02,0.02,0.40,1.10
cloud-k3s-master2,1,2026-06-05 17:05:53 UTC,sda,64.00,0.00,200.00,0.00,3.12,0.04,0.45,1.70
cloud-k3s-master2,1,2026-06-05 17:05:54 UTC,sda,60.00,0.00,176.00,0.00,2.93,0.03,0.40,1.40
cloud-k3s-master2,1,2026-06-05 17:05:55 UTC,sda,11.00,0.00,60.00,0.00,5.45,0.01,0.36,0.10
cloud-k3s-master2,1,2026-06-05 17:05:56 UTC,sda,47.00,0.00,144.00,0.00,3.06,0.02,0.38,0.80
cloud-k3s-master2,1,2026-06-05 17:05:57 UTC,sda,14.00,0.00,36.00,0.00,2.57,0.00,0.29,0.10
cloud-k3s-master2,1,2026-06-05 17:05:58 UTC,sda,53.00,0.00,156.00,0.00,2.94,0.03,0.36,1.20
cloud-k3s-master2,1,2026-06-05 17:05:59 UTC,sda,9.00,0.00,24.00,0.00,2.67,0.01,0.33,0.20
cloud-k3s-master2,1,2026-06-05 17:06:00 UTC,sda,85.00,0.00,352.00,0.00,4.14,0.06,0.67,1.60
cloud-k3s-master2,1,2026-06-05 17:06:01 UTC,sda,28.00,0.00,92.00,0.00,3.29,0.01,0.39,0.60
cloud-k3s-master2,1,2026-06-05 17:06:02 UTC,sda,46.00,0.00,152.00,0.00,3.30,0.02,0.39,0.90
cloud-k3s-master2,1,2026-06-05 17:06:03 UTC,sda,64.00,0.00,188.00,0.00,2.94,0.03,0.38,1.40
cloud-k3s-master2,1,2026-06-05 17:06:04 UTC,sda,37.00,0.00,112.00,0.00,3.03,0.02,0.41,0.70
cloud-k3s-master2,1,2026-06-05 17:06:05 UTC,sda,9.00,0.00,24.00,0.00,2.67,0.01,0.56,0.40
cloud-k3s-master2,1,2026-06-05 17:06:06 UTC,sda,43.00,0.00,144.00,0.00,3.35,0.03,0.47,1.20
cloud-k3s-master2,1,2026-06-05 17:06:07 UTC,sda,29.00,0.00,92.00,0.00,3.17,0.01,0.41,0.60
cloud-k3s-master2,1,2026-06-05 17:06:08 UTC,sda,67.00,0.00,208.00,0.00,3.10,0.03,0.30,1.20
cloud-k3s-master2,1,2026-06-05 17:06:09 UTC,sda,49.00,0.00,456.00,0.00,9.31,0.07,1.33,0.50
cloud-k3s-master2,1,2026-06-05 17:06:10 UTC,sda,33.00,0.00,128.00,0.00,3.88,0.02,0.39,0.70
cloud-k3s-master2,1,2026-06-05 17:06:11 UTC,sda,26.00,0.00,72.00,0.00,2.77,0.01,0.35,0.20
cloud-k3s-master2,1,2026-06-05 17:06:12 UTC,sda,37.00,0.00,116.00,0.00,3.14,0.02,0.41,1.10
cloud-k3s-master2,1,2026-06-05 17:06:13 UTC,sda,55.00,0.00,176.00,0.00,3.20,0.03,0.44,1.10
cloud-k3s-master2,1,2026-06-05 17:06:14 UTC,sda,46.00,0.00,152.00,0.00,3.30,0.02,0.37,1.30
cloud-k3s-master2,1,2026-06-05 17:06:15 UTC,sda,61.00,0.00,264.00,0.00,4.33,0.08,1.18,0.80
cloud-k3s-master2,1,2026-06-05 17:06:16 UTC,sda,52.00,0.00,168.00,0.00,3.23,0.03,0.38,0.90
cloud-k3s-master2,1,2026-06-05 17:06:17 UTC,sda,24.00,0.00,64.00,0.00,2.67,0.01,0.46,0.50
cloud-k3s-master2,1,2026-06-05 17:06:18 UTC,sda,48.00,0.00,144.00,0.00,3.00,0.02,0.40,1.30
cloud-k3s-master2,1,2026-06-05 17:06:19 UTC,sda,12.00,0.00,36.00,0.00,3.00,0.01,0.33,0.20
cloud-k3s-master2,1,2026-06-05 17:06:20 UTC,sda,32.00,0.00,116.00,0.00,3.62,0.02,0.47,1.00
cloud-k3s-master2,1,2026-06-05 17:06:21 UTC,sda,28.00,0.00,92.00,0.00,3.29,0.02,0.54,1.20
cloud-k3s-master2,1,2026-06-05 17:06:22 UTC,sda,37.00,0.00,96.00,0.00,2.59,0.02,0.41,0.80
cloud-k3s-master2,1,2026-06-05 17:06:23 UTC,sda,74.00,0.00,224.00,0.00,3.03,0.04,0.38,1.60
cloud-k3s-master2,1,2026-06-05 17:06:24 UTC,sda,51.00,0.00,180.00,0.00,3.53,0.03,0.41,1.30
cloud-k3s-master2,1,2026-06-05 17:06:25 UTC,sda,57.43,0.00,233.66,0.00,4.07,0.10,1.62,0.50
cloud-k3s-master2,1,2026-06-05 17:06:26 UTC,sda,32.00,0.00,112.00,0.00,3.50,0.02,0.41,0.80
cloud-k3s-master2,1,2026-06-05 17:06:27 UTC,sda,42.00,0.00,168.00,0.00,4.00,0.03,0.52,1.20
cloud-k3s-master2,1,2026-06-05 17:06:28 UTC,sda,54.00,0.00,172.00,0.00,3.19,0.02,0.35,1.20
cloud-k3s-master2,1,2026-06-05 17:06:29 UTC,sda,11.00,0.00,36.00,0.00,3.27,0.01,0.45,0.30
cloud-k3s-master2,1,2026-06-05 17:06:30 UTC,sda,46.00,0.00,172.00,0.00,3.74,0.02,0.35,1.30
cloud-k3s-master2,1,2026-06-05 17:06:31 UTC,sda,30.00,0.00,96.00,0.00,3.20,0.01,0.37,0.70
cloud-k3s-master2,1,2026-06-05 17:06:32 UTC,sda,47.00,0.00,140.00,0.00,2.98,0.02,0.40,0.90
cloud-k3s-master2,1,2026-06-05 17:06:33 UTC,sda,60.00,0.00,188.00,0.00,3.13,0.02,0.30,1.00
cloud-k3s-master2,1,2026-06-05 17:06:34 UTC,sda,81.00,0.00,312.00,0.00,3.85,0.10,1.23,1.00
cloud-k3s-master2,1,2026-06-05 17:06:35 UTC,sda,36.00,0.00,128.00,0.00,3.56,0.02,0.39,0.70
cloud-k3s-master2,1,2026-06-05 17:06:36 UTC,sda,26.00,0.00,100.00,0.00,3.85,0.01,0.35,0.60
cloud-k3s-master2,1,2026-06-05 17:06:37 UTC,sda,30.00,0.00,80.00,0.00,2.67,0.02,0.40,0.80
cloud-k3s-master2,1,2026-06-05 17:06:38 UTC,sda,62.00,0.00,196.00,0.00,3.16,0.03,0.37,1.10
cloud-k3s-master2,1,2026-06-05 17:06:39 UTC,sda,18.00,0.00,68.00,0.00,3.78,0.01,0.50,0.60
cloud-k3s-master2,1,2026-06-05 17:06:40 UTC,sda,73.00,0.00,308.00,0.00,4.22,0.15,2.03,1.10
cloud-k3s-master2,1,2026-06-05 17:06:41 UTC,sda,29.00,0.00,380.00,0.00,13.10,0.02,0.48,0.70
cloud-k3s-master2,1,2026-06-05 17:06:42 UTC,sda,47.00,0.00,140.00,0.00,2.98,0.02,0.40,1.30
cloud-k3s-master2,1,2026-06-05 17:06:43 UTC,sda,52.00,0.00,164.00,0.00,3.15,0.03,0.42,0.90
cloud-k3s-master2,1,2026-06-05 17:06:44 UTC,sda,62.00,0.00,212.00,0.00,3.42,0.03,0.42,1.20
cloud-k3s-master2,1,2026-06-05 17:06:45 UTC,sda,53.00,0.00,196.00,0.00,3.70,0.03,0.38,1.30
cloud-k3s-master2,1,2026-06-05 17:06:46 UTC,sda,25.00,0.00,100.00,0.00,4.00,0.01,0.40,0.20
cloud-k3s-master2,1,2026-06-05 17:06:47 UTC,sda,49.00,0.00,152.00,0.00,3.10,0.03,0.43,1.40
cloud-k3s-master2,1,2026-06-05 17:06:48 UTC,sda,36.00,0.00,88.00,0.00,2.44,0.02,0.33,0.70
cloud-k3s-master2,1,2026-06-05 17:06:49 UTC,sda,63.00,0.00,272.00,0.00,4.32,0.10,1.49,0.60
cloud-k3s-master2,1,2026-06-05 17:06:50 UTC,sda,21.00,0.00,56.00,0.00,2.67,0.01,0.38,0.50
cloud-k3s-master2,1,2026-06-05 17:06:51 UTC,sda,34.00,608.00,104.00,0.00,20.94,0.02,0.41,1.20
cloud-k3s-master2,1,2026-06-05 17:06:52 UTC,sda,31.00,0.00,100.00,0.00,3.23,0.01,0.35,0.80
cloud-k3s-master2,1,2026-06-05 17:06:53 UTC,sda,66.00,0.00,192.00,0.00,2.91,0.03,0.39,1.40
cloud-k3s-master2,1,2026-06-05 17:06:54 UTC,sda,54.00,0.00,196.00,0.00,3.63,0.03,0.41,1.30
cloud-k3s-master2,1,2026-06-05 17:06:55 UTC,sda,87.00,0.00,368.00,0.00,4.23,0.14,1.51,1.00
cloud-k3s-master2,1,2026-06-05 17:06:56 UTC,sda,28.00,0.00,84.00,0.00,3.00,0.01,0.39,0.40
cloud-k3s-master2,1,2026-06-05 17:06:57 UTC,sda,49.00,0.00,148.00,0.00,3.02,0.03,0.43,1.10
cloud-k3s-master2,1,2026-06-05 17:06:58 UTC,sda,38.00,0.00,116.00,0.00,3.05,0.02,0.39,0.90
cloud-k3s-master2,1,2026-06-05 17:06:59 UTC,sda,27.00,0.00,96.00,0.00,3.56,0.01,0.37,0.70
cloud-k3s-master2,1,2026-06-05 17:07:00 UTC,sda,36.00,0.00,124.00,0.00,3.44,0.02,0.42,0.70
cloud-k3s-master2,1,2026-06-05 17:07:01 UTC,sda,29.00,0.00,96.00,0.00,3.31,0.01,0.41,0.40
cloud-k3s-master2,1,2026-06-05 17:07:02 UTC,sda,41.00,0.00,128.00,0.00,3.12,0.02,0.39,0.60
cloud-k3s-master2,1,2026-06-05 17:07:03 UTC,sda,47.00,0.00,144.00,0.00,3.06,0.02,0.38,1.20
cloud-k3s-master2,1,2026-06-05 17:07:04 UTC,sda,49.00,0.00,148.00,0.00,3.02,0.02,0.41,1.20
cloud-k3s-master2,1,2026-06-05 17:07:05 UTC,sda,77.00,0.00,316.00,0.00,4.10,0.12,1.43,1.50
cloud-k3s-master2,1,2026-06-05 17:07:06 UTC,sda,24.00,0.00,80.00,0.00,3.33,0.01,0.42,0.50
cloud-k3s-master2,1,2026-06-05 17:07:07 UTC,sda,48.00,0.00,128.00,0.00,2.67,0.03,0.40,1.00
cloud-k3s-master2,1,2026-06-05 17:07:08 UTC,sda,57.00,0.00,180.00,0.00,3.16,0.03,0.39,1.30
cloud-k3s-master2,1,2026-06-05 17:07:09 UTC,sda,30.00,0.00,96.00,0.00,3.20,0.01,0.40,0.80
cloud-k3s-master2,1,2026-06-05 17:07:10 UTC,sda,21.00,0.00,56.00,0.00,2.67,0.01,0.48,0.50
cloud-k3s-master2,1,2026-06-05 17:07:11 UTC,sda,20.00,0.00,92.00,0.00,4.60,0.01,0.45,0.40
cloud-k3s-master2,1,2026-06-05 17:07:12 UTC,sda,42.00,0.00,352.00,0.00,8.38,0.02,0.43,0.90
cloud-k3s-master2,1,2026-06-05 17:07:13 UTC,sda,61.00,0.00,212.00,0.00,3.48,0.03,0.43,1.20
cloud-k3s-master2,1,2026-06-05 17:07:14 UTC,sda,109.00,0.00,444.00,0.00,4.07,0.11,1.01,1.60
cloud-k3s-master2,1,2026-06-05 17:07:15 UTC,sda,59.00,0.00,204.00,0.00,3.46,0.03,0.36,1.00
cloud-k3s-master2,1,2026-06-05 17:07:16 UTC,sda,32.00,0.00,108.00,0.00,3.38,0.02,0.44,0.70
cloud-k3s-master2,1,2026-06-05 17:07:17 UTC,sda,37.00,0.00,112.00,0.00,3.03,0.02,0.49,1.40
cloud-k3s-master2,1,2026-06-05 17:07:18 UTC,sda,52.00,0.00,136.00,0.00,2.62,0.02,0.35,0.90
cloud-k3s-master2,1,2026-06-05 17:07:19 UTC,sda,34.00,0.00,116.00,0.00,3.41,0.02,0.47,0.80
cloud-k3s-master2,1,2026-06-05 17:07:20 UTC,sda,21.00,0.00,88.00,0.00,4.19,0.01,0.38,0.60
cloud-k3s-master2,1,2026-06-05 17:07:21 UTC,sda,18.00,0.00,48.00,0.00,2.67,0.01,0.33,0.40
cloud-k3s-master2,1,2026-06-05 17:07:22 UTC,sda,31.00,0.00,96.00,0.00,3.10,0.01,0.42,0.80
cloud-k3s-master2,1,2026-06-05 17:07:23 UTC,sda,59.00,0.00,176.00,0.00,2.98,0.04,0.59,1.60
cloud-k3s-master2,1,2026-06-05 17:07:24 UTC,sda,63.00,0.00,208.00,0.00,3.30,0.03,0.38,1.60
cloud-k3s-master2,1,2026-06-05 17:07:25 UTC,sda,39.00,0.00,132.00,0.00,3.38,0.02,0.38,0.80
cloud-k3s-master2,1,2026-06-05 17:07:26 UTC,sda,34.00,0.00,112.00,0.00,3.29,0.02,0.38,0.70
cloud-k3s-master2,1,2026-06-05 17:07:27 UTC,sda,30.00,0.00,80.00,0.00,2.67,0.01,0.33,0.40
cloud-k3s-master2,1,2026-06-05 17:07:28 UTC,sda,52.00,0.00,152.00,0.00,2.92,0.02,0.37,1.20
cloud-k3s-master2,1,2026-06-05 17:07:29 UTC,sda,22.00,0.00,76.00,0.00,3.45,0.01,0.45,0.60
cloud-k3s-master2,1,2026-06-05 17:07:30 UTC,sda,38.00,0.00,144.00,0.00,3.79,0.02,0.39,0.90
cloud-k3s-master2,1,2026-06-05 17:07:31 UTC,sda,27.00,0.00,72.00,0.00,2.67,0.01,0.41,0.60
cloud-k3s-master2,1,2026-06-05 17:07:32 UTC,sda,34.00,0.00,108.00,0.00,3.18,0.02,0.41,0.80
cloud-k3s-master2,1,2026-06-05 17:07:33 UTC,sda,53.00,0.00,160.00,0.00,3.02,0.03,0.40,1.10
cloud-k3s-master2,1,2026-06-05 17:07:34 UTC,sda,43.00,0.00,140.00,0.00,3.26,0.02,0.40,1.10
cloud-k3s-master2,1,2026-06-05 17:07:35 UTC,sda,29.00,0.00,104.00,0.00,3.59,0.01,0.38,0.60
cloud-k3s-master2,1,2026-06-05 17:07:36 UTC,sda,35.00,0.00,108.00,0.00,3.09,0.02,0.43,1.00
cloud-k3s-master2,1,2026-06-05 17:07:37 UTC,sda,39.00,0.00,116.00,0.00,2.97,0.02,0.44,0.80
cloud-k3s-master2,1,2026-06-05 17:07:38 UTC,sda,63.00,0.00,204.00,0.00,3.24,0.03,0.35,1.70
cloud-k3s-master2,1,2026-06-05 17:07:39 UTC,sda,28.00,0.00,92.00,0.00,3.29,0.01,0.43,0.50
cloud-k3s-master2,1,2026-06-05 17:07:40 UTC,sda,30.00,0.00,80.00,0.00,2.67,0.01,0.40,0.70
cloud-k3s-master2,1,2026-06-05 17:07:41 UTC,sda,20.00,0.00,84.00,0.00,4.20,0.01,0.40,0.40
cloud-k3s-master2,1,2026-06-05 17:07:42 UTC,sda,27.00,0.00,68.00,0.00,2.52,0.01,0.33,0.50
cloud-k3s-master2,1,2026-06-05 17:07:43 UTC,sda,61.00,0.00,424.00,0.00,6.95,0.03,0.43,1.70
cloud-k3s-master2,1,2026-06-05 17:07:44 UTC,sda,263.00,0.00,1408.00,0.00,5.35,0.13,0.35,7.90
cloud-k3s-master2,1,2026-06-05 17:07:45 UTC,sda,68.00,0.00,292.00,0.00,4.29,0.03,0.37,1.80
cloud-k3s-master2,1,2026-06-05 17:07:46 UTC,sda,104.00,0.00,408.00,0.00,3.92,0.16,1.44,1.80
cloud-k3s-master2,1,2026-06-05 17:07:47 UTC,sda,39.00,0.00,124.00,0.00,3.18,0.02,0.41,1.00
cloud-k3s-master2,1,2026-06-05 17:07:48 UTC,sda,48.00,0.00,136.00,0.00,2.83,0.02,0.38,0.90
cloud-k3s-master2,1,2026-06-05 17:07:49 UTC,sda,25.00,0.00,72.00,0.00,2.88,0.01,0.40,0.60
cloud-k3s-master2,1,2026-06-05 17:07:50 UTC,sda,37.00,0.00,140.00,0.00,3.78,0.02,0.41,0.80
cloud-k3s-master2,1,2026-06-05 17:07:51 UTC,sda,20.00,0.00,72.00,0.00,3.60,0.01,0.40,0.50
cloud-k3s-master2,1,2026-06-05 17:07:52 UTC,sda,27.00,0.00,68.00,0.00,2.52,0.01,0.37,0.40
cloud-k3s-master2,1,2026-06-05 17:07:53 UTC,sda,55.00,0.00,176.00,0.00,3.20,0.03,0.42,1.40
cloud-k3s-master2,1,2026-06-05 17:07:54 UTC,sda,29.00,0.00,100.00,0.00,3.45,0.02,0.45,0.90
cloud-k3s-master2,1,2026-06-05 17:07:55 UTC,sda,126.00,0.00,584.00,0.00,4.63,0.12,0.90,2.00
cloud-k3s-master2,1,2026-06-05 17:07:56 UTC,sda,35.00,0.00,116.00,0.00,3.31,0.02,0.40,0.90
cloud-k3s-master2,1,2026-06-05 17:07:57 UTC,sda,32.00,0.00,104.00,0.00,3.25,0.02,0.44,0.70
cloud-k3s-master2,1,2026-06-05 17:07:58 UTC,sda,43.00,0.00,128.00,0.00,2.98,0.02,0.40,1.10
cloud-k3s-master2,1,2026-06-05 17:07:59 UTC,sda,80.00,0.00,328.00,0.00,4.10,0.13,1.61,0.90
cloud-k3s-master2,1,2026-06-05 17:08:00 UTC,sda,42.00,0.00,156.00,0.00,3.71,0.02,0.33,0.70
cloud-k3s-master2,1,2026-06-05 17:08:01 UTC,sda,39.00,0.00,112.00,0.00,2.87,0.02,0.44,0.70
cloud-k3s-master2,1,2026-06-05 17:08:02 UTC,sda,23.00,0.00,72.00,0.00,3.13,0.01,0.30,0.70
cloud-k3s-master2,1,2026-06-05 17:08:03 UTC,sda,58.00,0.00,216.00,0.00,3.72,0.03,0.47,1.50
cloud-k3s-master2,1,2026-06-05 17:08:04 UTC,sda,32.00,0.00,124.00,0.00,3.88,0.02,0.44,0.70
cloud-k3s-master2,1,2026-06-05 17:08:05 UTC,sda,41.00,0.00,136.00,0.00,3.32,0.02,0.41,1.00
cloud-k3s-master2,1,2026-06-05 17:08:06 UTC,sda,37.00,0.00,100.00,0.00,2.70,0.02,0.43,1.00
cloud-k3s-master2,1,2026-06-05 17:08:07 UTC,sda,38.00,0.00,116.00,0.00,3.05,0.02,0.39,0.90
cloud-k3s-master2,1,2026-06-05 17:08:08 UTC,sda,50.00,0.00,148.00,0.00,2.96,0.02,0.40,1.10
cloud-k3s-master2,1,2026-06-05 17:08:09 UTC,sda,50.00,0.00,164.00,0.00,3.28,0.03,0.42,0.90
cloud-k3s-master2,1,2026-06-05 17:08:10 UTC,sda,45.00,0.00,204.00,0.00,4.53,0.10,2.18,0.40
cloud-k3s-master2,1,2026-06-05 17:08:11 UTC,sda,35.00,0.00,120.00,0.00,3.43,0.02,0.37,0.70
cloud-k3s-master2,1,2026-06-05 17:08:12 UTC,sda,17.00,0.00,44.00,0.00,2.59,0.01,0.35,0.40
cloud-k3s-master2,1,2026-06-05 17:08:13 UTC,sda,56.00,0.00,196.00,0.00,3.50,0.03,0.43,1.40
cloud-k3s-master2,1,2026-06-05 17:08:14 UTC,sda,40.00,0.00,416.00,0.00,10.40,0.02,0.45,0.80
cloud-k3s-master2,1,2026-06-05 17:08:15 UTC,sda,73.00,0.00,240.00,0.00,3.29,0.04,0.41,2.00
cloud-k3s-master2,1,2026-06-05 17:08:16 UTC,sda,29.00,0.00,104.00,0.00,3.59,0.02,0.48,0.80
cloud-k3s-master2,1,2026-06-05 17:08:17 UTC,sda,36.00,0.00,112.00,0.00,3.11,0.02,0.39,0.90
cloud-k3s-master2,1,2026-06-05 17:08:18 UTC,sda,31.00,0.00,88.00,0.00,2.84,0.02,0.42,0.50
cloud-k3s-master2,1,2026-06-05 17:08:19 UTC,sda,211.00,0.00,1080.00,0.00,5.12,0.17,0.71,6.20
cloud-k3s-master2,1,2026-06-05 17:08:20 UTC,sda,92.08,0.00,514.85,0.00,5.59,0.05,0.40,3.07
cloud-k3s-master2,1,2026-06-05 17:08:21 UTC,sda,42.00,0.00,136.00,0.00,3.24,0.02,0.40,0.90
cloud-k3s-master2,1,2026-06-05 17:08:22 UTC,sda,16.00,0.00,40.00,0.00,2.50,0.01,0.31,0.40
cloud-k3s-master2,1,2026-06-05 17:08:23 UTC,sda,65.00,0.00,200.00,0.00,3.08,0.04,0.55,2.10
cloud-k3s-master2,1,2026-06-05 17:08:24 UTC,sda,47.00,0.00,232.00,0.00,4.94,0.03,0.49,0.80
cloud-k3s-master2,1,2026-06-05 17:08:25 UTC,sda,95.00,0.00,420.00,0.00,4.42,0.13,1.38,1.30
cloud-k3s-master2,1,2026-06-05 17:08:26 UTC,sda,39.00,0.00,168.00,0.00,4.31,0.02,0.46,1.00
cloud-k3s-master2,1,2026-06-05 17:08:27 UTC,sda,58.00,0.00,176.00,0.00,3.03,0.03,0.40,1.00
cloud-k3s-master2,1,2026-06-05 17:08:28 UTC,sda,26.00,0.00,80.00,0.00,3.08,0.01,0.35,0.50
cloud-k3s-master2,1,2026-06-05 17:08:29 UTC,sda,33.00,0.00,104.00,0.00,3.15,0.02,0.39,0.80
cloud-k3s-master2,1,2026-06-05 17:08:30 UTC,sda,29.00,0.00,84.00,0.00,2.90,0.01,0.38,0.70
cloud-k3s-master2,1,2026-06-05 17:08:31 UTC,sda,36.00,0.00,136.00,0.00,3.78,0.02,0.44,0.80
cloud-k3s-master2,1,2026-06-05 17:08:32 UTC,sda,24.00,0.00,64.00,0.00,2.67,0.01,0.42,0.70
cloud-k3s-master2,1,2026-06-05 17:08:33 UTC,sda,48.00,0.00,144.00,0.00,3.00,0.02,0.38,1.00
cloud-k3s-master2,1,2026-06-05 17:08:34 UTC,sda,57.00,0.00,232.00,0.00,4.07,0.08,1.46,0.40
cloud-k3s-master2,1,2026-06-05 17:08:35 UTC,sda,50.00,0.00,176.00,0.00,3.52,0.02,0.32,0.70
cloud-k3s-master2,1,2026-06-05 17:08:36 UTC,sda,30.00,0.00,88.00,0.00,2.93,0.01,0.37,0.70
cloud-k3s-master2,1,2026-06-05 17:08:37 UTC,sda,49.00,0.00,164.00,0.00,3.35,0.03,0.45,1.40
cloud-k3s-master2,1,2026-06-05 17:08:38 UTC,sda,62.00,0.00,180.00,0.00,2.90,0.03,0.39,1.20
cloud-k3s-master2,1,2026-06-05 17:08:39 UTC,sda,71.00,0.00,308.00,0.00,4.34,0.04,0.42,1.20
cloud-k3s-master2,1,2026-06-05 17:08:40 UTC,sda,54.00,0.00,220.00,0.00,4.07,0.05,0.81,0.60
cloud-k3s-master2,1,2026-06-05 17:08:41 UTC,sda,60.00,0.00,260.00,0.00,4.33,0.03,0.42,1.20
cloud-k3s-master2,1,2026-06-05 17:08:42 UTC,sda,17.00,0.00,48.00,0.00,2.82,0.01,0.35,0.30
cloud-k3s-master2,1,2026-06-05 17:08:43 UTC,sda,47.00,0.00,156.00,0.00,3.32,0.02,0.36,0.90
cloud-k3s-master2,1,2026-06-05 17:08:44 UTC,sda,19.00,0.00,52.00,0.00,2.74,0.01,0.42,0.40
cloud-k3s-master2,1,2026-06-05 17:08:45 UTC,sda,60.00,0.00,200.00,0.00,3.33,0.03,0.38,1.40
cloud-k3s-master2,1,2026-06-05 17:08:46 UTC,sda,38.00,0.00,124.00,0.00,3.26,0.02,0.37,0.90
cloud-k3s-master2,1,2026-06-05 17:08:47 UTC,sda,113.00,0.00,440.00,0.00,3.89,0.08,0.65,1.50
cloud-k3s-master2,1,2026-06-05 17:08:48 UTC,sda,19.00,0.00,48.00,0.00,2.53,0.01,0.26,0.20
cloud-k3s-master2,1,2026-06-05 17:08:49 UTC,sda,44.00,0.00,136.00,0.00,3.09,0.02,0.41,1.20
cloud-k3s-master2,1,2026-06-05 17:08:50 UTC,sda,16.00,0.00,44.00,0.00,2.75,0.01,0.44,0.30
cloud-k3s-master2,1,2026-06-05 17:08:51 UTC,sda,32.00,0.00,116.00,0.00,3.62,0.02,0.38,0.80
cloud-k3s-master2,1,2026-06-05 17:08:52 UTC,sda,27.00,0.00,100.00,0.00,3.70,0.01,0.48,0.80
cloud-k3s-master2,1,2026-06-05 17:08:53 UTC,sda,59.00,0.00,192.00,0.00,3.25,0.03,0.39,1.40
cloud-k3s-master2,1,2026-06-05 17:08:54 UTC,sda,22.00,0.00,64.00,0.00,2.91,0.01,0.45,0.50
cloud-k3s-master2,1,2026-06-05 17:08:55 UTC,sda,101.00,0.00,696.00,0.00,6.89,0.12,1.16,1.60
cloud-k3s-master2,1,2026-06-05 17:08:56 UTC,sda,36.00,0.00,136.00,0.00,3.78,0.02,0.42,0.90
cloud-k3s-master2,1,2026-06-05 17:08:57 UTC,sda,423.00,0.00,2164.00,0.00,5.12,0.21,0.35,14.00
cloud-k3s-master2,1,2026-06-05 17:08:58 UTC,sda,38.00,0.00,188.00,0.00,4.95,0.02,0.37,1.10
cloud-k3s-master2,1,2026-06-05 17:08:59 UTC,sda,1553.00,0.00,8584.00,0.00,5.53,0.74,0.34,52.40
cloud-k3s-master2,1,2026-06-05 17:09:00 UTC,sda,33.00,0.00,124.00,0.00,3.76,0.02,0.55,0.80
cloud-k3s-master2,1,2026-06-05 17:09:01 UTC,sda,38.00,0.00,124.00,0.00,3.26,0.02,0.42,1.00
cloud-k3s-master2,1,2026-06-05 17:09:02 UTC,sda,35.00,0.00,92.00,0.00,2.63,0.01,0.34,0.70
cloud-k3s-master2,1,2026-06-05 17:09:03 UTC,sda,54.00,0.00,164.00,0.00,3.04,0.02,0.35,1.20
cloud-k3s-master2,1,2026-06-05 17:09:04 UTC,sda,46.00,0.00,232.00,0.00,5.04,0.04,0.76,0.50
cloud-k3s-master2,1,2026-06-05 17:09:05 UTC,sda,54.00,0.00,176.00,0.00,3.26,0.03,0.41,1.20
cloud-k3s-master2,1,2026-06-05 17:09:06 UTC,sda,23.00,0.00,80.00,0.00,3.48,0.01,0.43,0.60
cloud-k3s-master2,1,2026-06-05 17:09:07 UTC,sda,78.00,0.00,232.00,0.00,2.97,0.05,0.51,1.80
cloud-k3s-master2,1,2026-06-05 17:09:08 UTC,sda,43.00,0.00,136.00,0.00,3.16,0.02,0.37,1.20
cloud-k3s-master2,1,2026-06-05 17:09:09 UTC,sda,49.00,0.00,156.00,0.00,3.18,0.03,0.43,0.70
cloud-k3s-master2,1,2026-06-05 17:09:10 UTC,sda,43.00,0.00,192.00,0.00,4.47,0.07,1.51,0.40
cloud-k3s-master2,1,2026-06-05 17:09:11 UTC,sda,36.00,0.00,128.00,0.00,3.56,0.02,0.36,0.80
cloud-k3s-master2,1,2026-06-05 17:09:12 UTC,sda,21.00,0.00,56.00,0.00,2.67,0.01,0.33,0.40
cloud-k3s-master2,1,2026-06-05 17:09:13 UTC,sda,56.00,0.00,168.00,0.00,3.00,0.03,0.39,1.30
cloud-k3s-master2,1,2026-06-05 17:09:14 UTC,sda,13.00,0.00,52.00,0.00,4.00,0.01,0.46,0.40
cloud-k3s-master2,1,2026-06-05 17:09:15 UTC,sda,53.00,0.00,180.00,0.00,3.40,0.04,0.47,1.60
cloud-k3s-master2,1,2026-06-05 17:09:16 UTC,sda,11.00,0.00,48.00,0.00,4.36,0.01,0.36,0.20
cloud-k3s-master2,1,2026-06-05 17:09:17 UTC,sda,79.00,0.00,236.00,0.00,2.99,0.04,0.38,1.90
cloud-k3s-master2,1,2026-06-05 17:09:18 UTC,sda,42.00,0.00,136.00,0.00,3.24,0.02,0.40,0.70
cloud-k3s-master2,1,2026-06-05 17:09:19 UTC,sda,83.00,0.00,320.00,0.00,3.86,0.10,1.19,1.20
cloud-k3s-master2,1,2026-06-05 17:09:20 UTC,sda,0.00,0.00,0.00,0.00,0.00,0.00,0.00,0.00
cloud-k3s-master2,1,2026-06-05 17:09:21 UTC,sda,48.00,0.00,160.00,0.00,3.33,0.02,0.40,0.70
cloud-k3s-master2,1,2026-06-05 17:09:22 UTC,sda,17.00,0.00,60.00,0.00,3.53,0.01,0.41,0.50
cloud-k3s-master2,1,2026-06-05 17:09:23 UTC,sda,73.00,0.00,208.00,0.00,2.85,0.04,0.41,1.40
cloud-k3s-master2,1,2026-06-05 17:09:24 UTC,sda,14.00,0.00,60.00,0.00,4.29,0.01,0.50,0.50
cloud-k3s-master2,1,2026-06-05 17:09:25 UTC,sda,85.00,0.00,572.00,0.00,6.73,0.08,0.93,1.30
cloud-k3s-master2,1,2026-06-05 17:09:26 UTC,sda,8.00,0.00,24.00,0.00,3.00,0.00,0.38,0.20
cloud-k3s-master2,1,2026-06-05 17:09:27 UTC,sda,73.00,0.00,244.00,0.00,3.34,0.04,0.38,1.60
cloud-k3s-master2,1,2026-06-05 17:09:28 UTC,sda,38.00,0.00,116.00,0.00,3.05,0.02,0.39,1.00
cloud-k3s-master2,1,2026-06-05 17:09:29 UTC,sda,46.00,0.00,140.00,0.00,3.04,0.02,0.41,0.90
cloud-k3s-master2,1,2026-06-05 17:09:30 UTC,sda,20.00,0.00,88.00,0.00,4.40,0.01,0.45,0.50
cloud-k3s-master2,1,2026-06-05 17:09:31 UTC,sda,48.00,0.00,148.00,0.00,3.08,0.02,0.38,1.20
cloud-k3s-master2,1,2026-06-05 17:09:32 UTC,sda,27.00,0.00,88.00,0.00,3.26,0.01,0.41,0.50
cloud-k3s-master2,1,2026-06-05 17:09:33 UTC,sda,58.00,0.00,172.00,0.00,2.97,0.03,0.34,1.50
cloud-k3s-master2,1,2026-06-05 17:09:34 UTC,sda,0.00,0.00,0.00,0.00,0.00,0.00,0.00,0.00
cloud-k3s-master2,1,2026-06-05 17:09:35 UTC,sda,87.00,0.00,352.00,0.00,4.05,0.08,0.87,1.10
cloud-k3s-master2,1,2026-06-05 17:09:36 UTC,sda,25.00,0.00,116.00,0.00,4.64,0.01,0.44,0.60
cloud-k3s-master2,1,2026-06-05 17:09:37 UTC,sda,63.00,0.00,224.00,0.00,3.56,0.04,0.46,1.80
cloud-k3s-master2,1,2026-06-05 17:09:38 UTC,sda,52.00,0.00,172.00,0.00,3.31,0.03,0.40,1.30
cloud-k3s-master2,1,2026-06-05 17:09:39 UTC,sda,47.00,0.00,148.00,0.00,3.15,0.02,0.38,1.10
cloud-k3s-master2,1,2026-06-05 17:09:40 UTC,sda,9.00,0.00,24.00,0.00,2.67,0.00,0.44,0.20
cloud-k3s-master2,1,2026-06-05 17:09:41 UTC,sda,43.00,0.00,144.00,0.00,3.35,0.02,0.37,0.70
cloud-k3s-master2,1,2026-06-05 17:09:42 UTC,sda,29.00,0.00,104.00,0.00,3.59,0.01,0.41,0.50
cloud-k3s-master2,1,2026-06-05 17:09:43 UTC,sda,57.00,0.00,168.00,0.00,2.95,0.03,0.44,1.30
cloud-k3s-master2,1,2026-06-05 17:09:44 UTC,sda,37.00,0.00,184.00,0.00,4.97,0.07,1.92,0.30
cloud-k3s-master2,1,2026-06-05 17:09:45 UTC,sda,52.00,0.00,172.00,0.00,3.31,0.02,0.35,1.00
cloud-k3s-master2,1,2026-06-05 17:09:46 UTC,sda,16.00,0.00,44.00,0.00,2.75,0.01,0.44,0.40
cloud-k3s-master2,1,2026-06-05 17:09:47 UTC,sda,62.00,0.00,192.00,0.00,3.10,0.03,0.37,1.30
cloud-k3s-master2,1,2026-06-05 17:09:48 UTC,sda,49.00,0.00,148.00,0.00,3.02,0.02,0.33,1.30
cloud-k3s-master2,1,2026-06-05 17:09:49 UTC,sda,37.00,0.00,132.00,0.00,3.57,0.02,0.41,1.00
cloud-k3s-master2,1,2026-06-05 17:09:50 UTC,sda,42.00,0.00,188.00,0.00,4.48,0.07,1.74,0.30
cloud-k3s-master2,1,2026-06-05 17:09:51 UTC,sda,35.00,0.00,116.00,0.00,3.31,0.02,0.43,0.60
cloud-k3s-master2,1,2026-06-05 17:09:52 UTC,sda,14.00,0.00,36.00,0.00,2.57,0.01,0.29,0.20
cloud-k3s-master2,1,2026-06-05 17:09:53 UTC,sda,67.00,0.00,204.00,0.00,3.04,0.03,0.39,1.30
cloud-k3s-master2,1,2026-06-05 17:09:54 UTC,sda,16.00,0.00,44.00,0.00,2.75,0.01,0.44,0.40
cloud-k3s-master2,1,2026-06-05 17:09:55 UTC,sda,47.00,0.00,164.00,0.00,3.49,0.02,0.43,0.80
cloud-k3s-master2,1,2026-06-05 17:09:56 UTC,sda,20.00,0.00,312.00,0.00,15.60,0.01,0.45,0.60
cloud-k3s-master2,1,2026-06-05 17:09:57 UTC,sda,57.00,0.00,184.00,0.00,3.23,0.03,0.46,1.90
cloud-k3s-master2,1,2026-06-05 17:09:58 UTC,sda,51.00,0.00,152.00,0.00,2.98,0.02,0.37,1.40
cloud-k3s-master2,1,2026-06-05 17:09:59 UTC,sda,80.00,0.00,312.00,0.00,3.90,0.09,1.01,1.50
cloud-k3s-master2,1,2026-06-05 17:10:00 UTC,sda,25.00,0.00,96.00,0.00,3.84,0.01,0.40,0.80
cloud-k3s-master2,1,2026-06-05 17:10:01 UTC,sda,39.00,0.00,132.00,0.00,3.38,0.02,0.41,0.80
cloud-k3s-master2,1,2026-06-05 17:10:02 UTC,sda,29.00,0.00,96.00,0.00,3.31,0.02,0.62,0.80
cloud-k3s-master2,1,2026-06-05 17:10:03 UTC,sda,59.00,0.00,192.00,0.00,3.25,0.03,0.37,1.10
cloud-k3s-master2,1,2026-06-05 17:10:04 UTC,sda,8.00,0.00,24.00,0.00,3.00,0.00,0.50,0.10
cloud-k3s-master2,1,2026-06-05 17:10:05 UTC,sda,106.00,0.00,488.00,0.00,4.60,0.15,1.41,1.20
cloud-k3s-master2,1,2026-06-05 17:10:06 UTC,sda,27.00,0.00,116.00,0.00,4.30,0.02,0.44,0.50
cloud-k3s-master2,1,2026-06-05 17:10:07 UTC,sda,70.00,0.00,240.00,0.00,3.43,0.03,0.37,1.70
cloud-k3s-master2,1,2026-06-05 17:10:08 UTC,sda,70.00,0.00,220.00,0.00,3.14,0.03,0.37,1.60
cloud-k3s-master2,1,2026-06-05 17:10:09 UTC,sda,54.00,0.00,160.00,0.00,2.96,0.03,0.39,1.20
cloud-k3s-master2,1,2026-06-05 17:10:10 UTC,sda,17.00,0.00,76.00,0.00,4.47,0.01,0.35,0.30
cloud-k3s-master2,1,2026-06-05 17:10:11 UTC,sda,37.00,0.00,116.00,0.00,3.14,0.02,0.38,1.00
cloud-k3s-master2,1,2026-06-05 17:10:12 UTC,sda,25.00,0.00,64.00,0.00,2.56,0.02,0.60,1.10
cloud-k3s-master2,1,2026-06-05 17:10:13 UTC,sda,70.00,0.00,216.00,0.00,3.09,0.04,0.47,1.20
cloud-k3s-master2,1,2026-06-05 17:10:14 UTC,sda,20.00,0.00,72.00,0.00,3.60,0.01,0.40,0.50
cloud-k3s-master2,1,2026-06-05 17:10:15 UTC,sda,85.00,0.00,352.00,0.00,4.14,0.10,1.18,1.60
cloud-k3s-master2,1,2026-06-05 17:10:16 UTC,sda,26.73,0.00,71.29,0.00,2.67,0.01,0.41,0.40
cloud-k3s-master2,1,2026-06-05 17:10:17 UTC,sda,54.00,0.00,164.00,0.00,3.04,0.03,0.39,1.20
cloud-k3s-master2,1,2026-06-05 17:10:18 UTC,sda,49.00,0.00,156.00,0.00,3.18,0.02,0.37,0.90
cloud-k3s-master2,1,2026-06-05 17:10:19 UTC,sda,52.00,0.00,180.00,0.00,3.46,0.03,0.40,1.30
cloud-k3s-master2,1,2026-06-05 17:10:20 UTC,sda,9.00,0.00,24.00,0.00,2.67,0.00,0.33,0.20
cloud-k3s-master2,1,2026-06-05 17:10:21 UTC,sda,41.00,0.00,136.00,0.00,3.32,0.02,0.37,0.80
cloud-k3s-master2,1,2026-06-05 17:10:22 UTC,sda,25.00,0.00,68.00,0.00,2.72,0.01,0.36,0.50
cloud-k3s-master2,1,2026-06-05 17:10:23 UTC,sda,64.00,0.00,200.00,0.00,3.12,0.03,0.39,1.30
cloud-k3s-master2,1,2026-06-05 17:10:24 UTC,sda,58.00,0.00,260.00,0.00,4.48,0.09,1.55,0.50
cloud-k3s-master2,1,2026-06-05 17:10:25 UTC,sda,40.00,0.00,152.00,0.00,3.80,0.02,0.45,1.20
cloud-k3s-master2,1,2026-06-05 17:10:26 UTC,sda,18.00,0.00,88.00,0.00,4.89,0.01,0.39,0.60
cloud-k3s-master2,1,2026-06-05 17:10:27 UTC,sda,47.00,0.00,408.00,0.00,8.68,0.03,0.45,1.40
cloud-k3s-master2,1,2026-06-05 17:10:28 UTC,sda,44.00,0.00,128.00,0.00,2.91,0.02,0.34,1.20
cloud-k3s-master2,1,2026-06-05 17:10:29 UTC,sda,66.00,0.00,224.00,0.00,3.39,0.03,0.42,1.40
cloud-k3s-master2,1,2026-06-05 17:10:30 UTC,sda,60.00,0.00,264.00,0.00,4.40,0.08,1.28,1.10
cloud-k3s-master2,1,2026-06-05 17:10:31 UTC,sda,35.00,0.00,108.00,0.00,3.09,0.02,0.37,0.70
cloud-k3s-master2,1,2026-06-05 17:10:32 UTC,sda,27.00,0.00,68.00,0.00,2.52,0.01,0.37,0.70
cloud-k3s-master2,1,2026-06-05 17:10:33 UTC,sda,64.00,0.00,212.00,0.00,3.31,0.03,0.39,1.40
cloud-k3s-master2,1,2026-06-05 17:10:34 UTC,sda,9.00,0.00,24.00,0.00,2.67,0.00,0.44,0.10
cloud-k3s-master2,1,2026-06-05 17:10:35 UTC,sda,31.00,0.00,116.00,0.00,3.74,0.01,0.39,0.90
cloud-k3s-master2,1,2026-06-05 17:10:36 UTC,sda,12.00,0.00,36.00,0.00,3.00,0.01,0.42,0.00
cloud-k3s-master2,1,2026-06-05 17:10:37 UTC,sda,63.00,0.00,184.00,0.00,2.92,0.03,0.41,1.30
cloud-k3s-master2,1,2026-06-05 17:10:38 UTC,sda,60.00,0.00,184.00,0.00,3.07,0.03,0.37,1.70
cloud-k3s-master2,1,2026-06-05 17:10:39 UTC,sda,60.00,0.00,180.00,0.00,3.00,0.03,0.40,1.00
cloud-k3s-master2,1,2026-06-05 17:10:40 UTC,sda,48.00,0.00,244.00,0.00,5.08,0.08,1.69,0.40
cloud-k3s-master2,1,2026-06-05 17:10:41 UTC,sda,42.00,0.00,136.00,0.00,3.24,0.02,0.40,1.30
cloud-k3s-master2,1,2026-06-05 17:10:42 UTC,sda,20.00,0.00,56.00,0.00,2.80,0.01,0.45,0.30
cloud-k3s-master2,1,2026-06-05 17:10:43 UTC,sda,61.00,0.00,184.00,0.00,3.02,0.03,0.36,1.60
cloud-k3s-master2,1,2026-06-05 17:10:44 UTC,sda,18.00,0.00,56.00,0.00,3.11,0.01,0.44,0.60
cloud-k3s-master2,1,2026-06-05 17:10:45 UTC,sda,37.00,0.00,148.00,0.00,4.00,0.02,0.46,1.00
cloud-k3s-master2,1,2026-06-05 17:10:46 UTC,sda,17.00,0.00,48.00,0.00,2.82,0.01,0.41,0.30
cloud-k3s-master2,1,2026-06-05 17:10:47 UTC,sda,58.00,0.00,188.00,0.00,3.24,0.03,0.40,0.80
cloud-k3s-master2,1,2026-06-05 17:10:48 UTC,sda,46.00,0.00,128.00,0.00,2.78,0.02,0.41,1.30
cloud-k3s-master2,1,2026-06-05 17:10:49 UTC,sda,81.00,0.00,336.00,0.00,4.15,0.10,1.17,1.10
cloud-k3s-master2,1,2026-06-05 17:10:50 UTC,sda,19.00,0.00,52.00,0.00,2.74,0.01,0.42,0.40
cloud-k3s-master2,1,2026-06-05 17:10:51 UTC,sda,31.00,0.00,108.00,0.00,3.48,0.01,0.39,0.90
cloud-k3s-master2,1,2026-06-05 17:10:52 UTC,sda,25.00,0.00,84.00,0.00,3.36,0.01,0.40,0.80
cloud-k3s-master2,1,2026-06-05 17:10:53 UTC,sda,74.00,0.00,212.00,0.00,2.86,0.04,0.39,1.60
cloud-k3s-master2,1,2026-06-05 17:10:54 UTC,sda,32.00,0.00,108.00,0.00,3.38,0.02,0.44,0.80
cloud-k3s-master2,1,2026-06-05 17:10:55 UTC,sda,64.00,0.00,280.00,0.00,4.38,0.08,1.17,0.50
cloud-k3s-master2,1,2026-06-05 17:10:56 UTC,sda,10.00,0.00,28.00,0.00,2.80,0.01,0.50,0.30
cloud-k3s-master2,1,2026-06-05 17:10:57 UTC,sda,39.00,0.00,120.00,0.00,3.08,0.02,0.41,1.00
cloud-k3s-master2,1,2026-06-05 17:10:58 UTC,sda,40.00,0.00,380.00,0.00,9.50,0.02,0.38,1.00
cloud-k3s-master2,1,2026-06-05 17:10:59 UTC,sda,71.00,0.00,232.00,0.00,3.27,0.04,0.39,1.40
cloud-k3s-master2,1,2026-06-05 17:11:00 UTC,sda,40.00,0.00,156.00,0.00,3.90,0.02,0.47,1.00
cloud-k3s-master2,1,2026-06-05 17:11:01 UTC,sda,39.00,0.00,124.00,0.00,3.18,0.02,0.38,0.70
cloud-k3s-master2,1,2026-06-05 17:11:02 UTC,sda,20.00,0.00,48.00,0.00,2.40,0.01,0.30,0.70
cloud-k3s-master2,1,2026-06-05 17:11:03 UTC,sda,51.00,0.00,164.00,0.00,3.22,0.03,0.43,1.40
cloud-k3s-master2,1,2026-06-05 17:11:04 UTC,sda,63.00,0.00,256.00,0.00,4.06,0.07,1.06,0.70
cloud-k3s-master2,1,2026-06-05 17:11:05 UTC,sda,28.00,0.00,112.00,0.00,4.00,0.01,0.32,0.50
cloud-k3s-master2,1,2026-06-05 17:11:06 UTC,sda,12.00,0.00,36.00,0.00,3.00,0.01,0.42,0.20
cloud-k3s-master2,1,2026-06-05 17:11:07 UTC,sda,51.00,0.00,152.00,0.00,2.98,0.03,0.39,1.20
cloud-k3s-master2,1,2026-06-05 17:11:08 UTC,sda,53.00,0.00,156.00,0.00,2.94,0.03,0.38,1.30
cloud-k3s-master2,1,2026-06-05 17:11:09 UTC,sda,62.00,0.00,200.00,0.00,3.23,0.03,0.34,1.10
cloud-k3s-master2,1,2026-06-05 17:11:10 UTC,sda,70.00,0.00,300.00,0.00,4.29,0.08,1.09,1.00
cloud-k3s-master2,1,2026-06-05 17:11:11 UTC,sda,32.00,0.00,104.00,0.00,3.25,0.02,0.41,0.70
cloud-k3s-master2,1,2026-06-05 17:11:12 UTC,sda,24.00,0.00,68.00,0.00,2.83,0.01,0.38,0.60
cloud-k3s-master2,1,2026-06-05 17:11:13 UTC,sda,49.00,0.00,152.00,0.00,3.10,0.02,0.39,0.80
cloud-k3s-master2,1,2026-06-05 17:11:14 UTC,sda,30.00,0.00,108.00,0.00,3.60,0.01,0.43,0.70
cloud-k3s-master2,1,2026-06-05 17:11:15 UTC,sda,33.00,0.00,116.00,0.00,3.52,0.02,0.36,0.90
cloud-k3s-master2,1,2026-06-05 17:11:16 UTC,sda,26.00,0.00,84.00,0.00,3.23,0.01,0.46,0.70
cloud-k3s-master2,1,2026-06-05 17:11:17 UTC,sda,48.00,0.00,144.00,0.00,3.00,0.02,0.35,1.10
cloud-k3s-master2,1,2026-06-05 17:11:18 UTC,sda,45.00,0.00,140.00,0.00,3.11,0.02,0.38,0.90
cloud-k3s-master2,1,2026-06-05 17:11:19 UTC,sda,68.00,0.00,200.00,0.00,2.94,0.04,0.41,1.30
cloud-k3s-master2,1,2026-06-05 17:11:20 UTC,sda,68.00,0.00,304.00,0.00,4.47,0.10,1.46,1.00
cloud-k3s-master2,1,2026-06-05 17:11:21 UTC,sda,24.00,0.00,80.00,0.00,3.33,0.01,0.54,0.70
cloud-k3s-master2,1,2026-06-05 17:11:22 UTC,sda,31.00,0.00,84.00,0.00,2.71,0.02,0.45,0.90
cloud-k3s-master2,1,2026-06-05 17:11:23 UTC,sda,67.00,0.00,204.00,0.00,3.04,0.03,0.39,2.20
cloud-k3s-master2,1,2026-06-05 17:11:24 UTC,sda,30.00,0.00,112.00,0.00,3.73,0.02,0.43,0.70
cloud-k3s-master2,1,2026-06-05 17:11:25 UTC,sda,33.00,0.00,116.00,0.00,3.52,0.02,0.39,1.00
cloud-k3s-master2,1,2026-06-05 17:11:26 UTC,sda,17.00,0.00,48.00,0.00,2.82,0.01,0.47,0.40
cloud-k3s-master2,1,2026-06-05 17:11:27 UTC,sda,36.00,0.00,112.00,0.00,3.11,0.02,0.33,0.70
cloud-k3s-master2,1,2026-06-05 17:11:28 UTC,sda,49.00,0.00,360.00,0.00,7.35,0.02,0.39,1.40
cloud-k3s-master2,1,2026-06-05 17:11:29 UTC,sda,93.00,0.00,404.00,0.00,4.34,0.10,1.05,1.70
cloud-k3s-master2,1,2026-06-05 17:11:30 UTC,sda,54.00,0.00,212.00,0.00,3.93,0.03,0.43,1.40
cloud-k3s-master2,1,2026-06-05 17:11:31 UTC,sda,46.00,0.00,156.00,0.00,3.39,0.03,0.46,1.30
cloud-k3s-master2,1,2026-06-05 17:11:32 UTC,sda,45.00,0.00,152.00,0.00,3.38,0.02,0.42,1.00
cloud-k3s-master2,1,2026-06-05 17:11:33 UTC,sda,60.00,0.00,212.00,0.00,3.53,0.03,0.40,1.70
cloud-k3s-master2,1,2026-06-05 17:11:34 UTC,sda,19.00,0.00,52.00,0.00,2.74,0.01,0.42,0.40
cloud-k3s-master2,1,2026-06-05 17:11:35 UTC,sda,71.00,0.00,304.00,0.00,4.28,0.09,1.14,1.00
cloud-k3s-master2,1,2026-06-05 17:11:36 UTC,sda,19.00,0.00,52.00,0.00,2.74,0.01,0.37,0.30
cloud-k3s-master2,1,2026-06-05 17:11:37 UTC,sda,34.00,0.00,108.00,0.00,3.18,0.02,0.38,0.60
cloud-k3s-master2,1,2026-06-05 17:11:38 UTC,sda,66.00,0.00,200.00,0.00,3.03,0.04,0.50,2.20
cloud-k3s-master2,1,2026-06-05 17:11:39 UTC,sda,40.00,0.00,136.00,0.00,3.40,0.02,0.38,0.90
cloud-k3s-master2,1,2026-06-05 17:11:40 UTC,sda,40.00,0.00,132.00,0.00,3.30,0.02,0.42,0.70
cloud-k3s-master2,1,2026-06-05 17:11:41 UTC,sda,40.00,0.00,124.00,0.00,3.10,0.02,0.38,0.60
cloud-k3s-master2,1,2026-06-05 17:11:42 UTC,sda,28.00,0.00,80.00,0.00,2.86,0.03,0.64,1.20
cloud-k3s-master2,1,2026-06-05 17:11:43 UTC,sda,53.00,0.00,168.00,0.00,3.17,0.02,0.36,1.10
cloud-k3s-master2,1,2026-06-05 17:11:44 UTC,sda,32.00,0.00,132.00,0.00,4.12,0.01,0.34,0.90
cloud-k3s-master2,1,2026-06-05 17:11:45 UTC,sda,61.00,0.00,276.00,0.00,4.52,0.08,1.34,0.90
cloud-k3s-master2,1,2026-06-05 17:11:46 UTC,sda,25.00,0.00,84.00,0.00,3.36,0.01,0.40,0.70
cloud-k3s-master2,1,2026-06-05 17:11:47 UTC,sda,35.00,0.00,112.00,0.00,3.20,0.02,0.40,0.70
cloud-k3s-master2,1,2026-06-05 17:11:48 UTC,sda,55.00,0.00,164.00,0.00,2.98,0.02,0.36,0.90
cloud-k3s-master2,1,2026-06-05 17:11:49 UTC,sda,29.00,0.00,80.00,0.00,2.76,0.01,0.34,0.70
cloud-k3s-master2,1,2026-06-05 17:11:50 UTC,sda,46.00,0.00,156.00,0.00,3.39,0.03,0.46,1.30
cloud-k3s-master2,1,2026-06-05 17:11:51 UTC,sda,54.00,0.00,212.00,0.00,3.93,0.03,0.39,1.30
cloud-k3s-master2,1,2026-06-05 17:11:52 UTC,sda,25.00,0.00,76.00,0.00,3.04,0.01,0.36,0.60
cloud-k3s-master2,1,2026-06-05 17:11:53 UTC,sda,66.00,0.00,200.00,0.00,3.03,0.03,0.35,1.20
cloud-k3s-master2,1,2026-06-05 17:11:54 UTC,sda,67.00,0.00,296.00,0.00,4.42,0.10,1.37,0.90
cloud-k3s-master2,1,2026-06-05 17:11:55 UTC,sda,33.00,0.00,88.00,0.00,2.67,0.01,0.36,0.70
cloud-k3s-master2,1,2026-06-05 17:11:56 UTC,sda,20.00,0.00,84.00,0.00,4.20,0.01,0.45,0.50
cloud-k3s-master2,1,2026-06-05 17:11:57 UTC,sda,34.00,0.00,108.00,0.00,3.18,0.02,0.38,0.90
cloud-k3s-master2,1,2026-06-05 17:11:58 UTC,sda,42.00,0.00,116.00,0.00,2.76,0.02,0.40,0.60
cloud-k3s-master2,1,2026-06-05 17:11:59 UTC,sda,22.00,0.00,336.00,0.00,15.27,0.01,0.45,0.50
cloud-k3s-master2,1,2026-06-05 17:12:00 UTC,sda,73.00,0.00,308.00,0.00,4.22,0.09,1.22,1.20
cloud-k3s-master2,1,2026-06-05 17:12:01 UTC,sda,66.00,0.00,216.00,0.00,3.27,0.03,0.39,1.00
cloud-k3s-master2,1,2026-06-05 17:12:02 UTC,sda,31.00,0.00,104.00,0.00,3.35,0.02,0.42,0.70
cloud-k3s-master2,1,2026-06-05 17:12:03 UTC,sda,45.00,0.00,144.00,0.00,3.20,0.02,0.40,1.10
cloud-k3s-master2,1,2026-06-05 17:12:04 UTC,sda,27.00,0.00,72.00,0.00,2.67,0.01,0.41,0.50
cloud-k3s-master2,1,2026-06-05 17:12:05 UTC,sda,32.00,0.00,116.00,0.00,3.62,0.01,0.34,0.70
cloud-k3s-master2,1,2026-06-05 17:12:06 UTC,sda,21.00,0.00,60.00,0.00,2.86,0.01,0.43,0.40
cloud-k3s-master2,1,2026-06-05 17:12:07 UTC,sda,33.00,0.00,108.00,0.00,3.27,0.02,0.42,0.60
cloud-k3s-master2,1,2026-06-05 17:12:08 UTC,sda,56.00,0.00,176.00,0.00,3.14,0.03,0.34,1.10
cloud-k3s-master2,1,2026-06-05 17:12:09 UTC,sda,78.00,0.00,320.00,0.00,4.10,0.06,0.77,0.70
cloud-k3s-master2,1,2026-06-05 17:12:10 UTC,sda,46.00,0.00,124.00,0.00,2.70,0.02,0.39,1.00
cloud-k3s-master2,1,2026-06-05 17:12:11 UTC,sda,38.00,0.00,136.00,0.00,3.58,0.02,0.37,0.90
cloud-k3s-master2,1,2026-06-05 17:12:12 UTC,sda,32.00,0.00,96.00,0.00,3.00,0.02,0.41,0.90
cloud-k3s-master2,1,2026-06-05 17:12:13 UTC,sda,54.46,0.00,194.06,0.00,3.56,0.03,0.38,1.19
cloud-k3s-master2,1,2026-06-05 17:12:14 UTC,sda,35.00,0.00,116.00,0.00,3.31,0.02,0.37,0.80
cloud-k3s-master2,1,2026-06-05 17:12:15 UTC,sda,64.00,0.00,280.00,0.00,4.38,0.09,1.33,1.10
cloud-k3s-master2,1,2026-06-05 17:12:16 UTC,sda,35.00,0.00,108.00,0.00,3.09,0.02,0.40,0.90
cloud-k3s-master2,1,2026-06-05 17:12:17 UTC,sda,36.00,0.00,112.00,0.00,3.11,0.02,0.44,0.80
cloud-k3s-master2,1,2026-06-05 17:12:18 UTC,sda,40.00,0.00,108.00,0.00,2.70,0.02,0.33,0.70
cloud-k3s-master2,1,2026-06-05 17:12:19 UTC,sda,30.00,0.00,100.00,0.00,3.33,0.02,0.43,0.90
cloud-k3s-master2,1,2026-06-05 17:12:20 UTC,sda,44.00,0.00,156.00,0.00,3.55,0.02,0.36,1.20
cloud-k3s-master2,1,2026-06-05 17:12:21 UTC,sda,50.00,0.00,160.00,0.00,3.20,0.03,0.42,1.10
cloud-k3s-master2,1,2026-06-05 17:12:22 UTC,sda,23.00,0.00,80.00,0.00,3.48,0.01,0.39,0.60
cloud-k3s-master2,1,2026-06-05 17:12:23 UTC,sda,49.00,0.00,160.00,0.00,3.27,0.03,0.47,1.60
cloud-k3s-master2,1,2026-06-05 17:12:24 UTC,sda,51.00,0.00,168.00,0.00,3.29,0.03,0.41,1.00
cloud-k3s-master2,1,2026-06-05 17:12:25 UTC,sda,74.00,0.00,316.00,0.00,4.27,0.11,1.51,0.80
cloud-k3s-master2,1,2026-06-05 17:12:26 UTC,sda,21.00,0.00,84.00,0.00,4.00,0.01,0.48,0.60
cloud-k3s-master2,1,2026-06-05 17:12:27 UTC,sda,34.00,0.00,92.00,0.00,2.71,0.02,0.41,0.90
cloud-k3s-master2,1,2026-06-05 17:12:28 UTC,sda,42.00,0.00,124.00,0.00,2.95,0.02,0.36,1.10
cloud-k3s-master2,1,2026-06-05 17:12:29 UTC,sda,27.00,0.00,112.00,0.00,4.15,0.01,0.37,0.80
cloud-k3s-master2,1,2026-06-05 17:12:30 UTC,sda,30.00,0.00,328.00,0.00,10.93,0.02,0.43,0.90
cloud-k3s-master2,1,2026-06-05 17:12:31 UTC,sda,64.00,0.00,236.00,0.00,3.69,0.03,0.39,1.20
cloud-k3s-master2,1,2026-06-05 17:12:32 UTC,sda,39.00,0.00,120.00,0.00,3.08,0.02,0.38,1.00
cloud-k3s-master2,1,2026-06-05 17:12:33 UTC,sda,37.00,0.00,116.00,0.00,3.14,0.02,0.43,0.80
cloud-k3s-master2,1,2026-06-05 17:12:34 UTC,sda,66.00,0.00,292.00,0.00,4.42,0.10,1.55,1.00
cloud-k3s-master2,1,2026-06-05 17:12:35 UTC,sda,30.00,0.00,84.00,0.00,2.80,0.01,0.37,0.80
cloud-k3s-master2,1,2026-06-05 17:12:36 UTC,sda,35.00,0.00,140.00,0.00,4.00,0.02,0.49,0.90
cloud-k3s-master2,1,2026-06-05 17:12:37 UTC,sda,34.00,0.00,108.00,0.00,3.18,0.02,0.44,0.80
cloud-k3s-master2,1,2026-06-05 17:12:38 UTC,sda,56.00,0.00,160.00,0.00,2.86,0.03,0.38,1.60
cloud-k3s-master2,1,2026-06-05 17:12:39 UTC,sda,34.00,0.00,116.00,0.00,3.41,0.02,0.41,0.90
cloud-k3s-master2,1,2026-06-05 17:12:40 UTC,sda,58.00,0.00,340.00,0.00,5.86,0.08,1.40,0.80
cloud-k3s-master2,1,2026-06-05 17:12:41 UTC,sda,51.00,0.00,168.00,0.00,3.29,0.02,0.31,0.60
cloud-k3s-master2,1,2026-06-05 17:12:42 UTC,sda,62.00,0.00,224.00,0.00,3.61,0.03,0.40,1.70
cloud-k3s-master2,1,2026-06-05 17:12:43 UTC,sda,52.00,0.00,208.00,0.00,4.00,0.03,0.42,0.90
cloud-k3s-master2,1,2026-06-05 17:12:44 UTC,sda,34.00,0.00,132.00,0.00,3.88,0.02,0.41,0.50
cloud-k3s-master2,1,2026-06-05 17:12:45 UTC,sda,34.00,0.00,96.00,0.00,2.82,0.02,0.47,0.50
cloud-k3s-master2,1,2026-06-05 17:12:46 UTC,sda,43.00,0.00,152.00,0.00,3.53,0.02,0.40,0.80
cloud-k3s-master2,1,2026-06-05 17:12:47 UTC,sda,45.00,0.00,136.00,0.00,3.02,0.02,0.42,1.10
cloud-k3s-master2,1,2026-06-05 17:12:48 UTC,sda,84.00,0.00,332.00,0.00,3.95,0.13,1.50,0.90
cloud-k3s-master2,1,2026-06-05 17:12:49 UTC,sda,36.00,0.00,124.00,0.00,3.44,0.02,0.39,0.40
cloud-k3s-master2,1,2026-06-05 17:12:50 UTC,sda,25.00,0.00,72.00,0.00,2.88,0.01,0.44,0.70
cloud-k3s-master2,1,2026-06-05 17:12:51 UTC,sda,49.00,0.00,172.00,0.00,3.51,0.02,0.37,1.00
cloud-k3s-master2,1,2026-06-05 17:12:52 UTC,sda,56.00,0.00,168.00,0.00,3.00,0.03,0.41,0.90
cloud-k3s-master2,1,2026-06-05 17:12:53 UTC,sda,53.00,0.00,156.00,0.00,2.94,0.03,0.38,1.20
cloud-k3s-master2,1,2026-06-05 17:12:54 UTC,sda,75.00,0.00,308.00,0.00,4.11,0.09,1.16,1.00
cloud-k3s-master2,1,2026-06-05 17:12:55 UTC,sda,87.00,0.00,404.00,0.00,4.64,0.06,0.55,1.50
cloud-k3s-master2,1,2026-06-05 17:12:56 UTC,sda,21.00,0.00,72.00,0.00,3.43,0.01,0.38,0.50
cloud-k3s-master2,1,2026-06-05 17:12:57 UTC,sda,40.00,0.00,108.00,0.00,2.70,0.02,0.42,0.80
cloud-k3s-master2,1,2026-06-05 17:12:58 UTC,sda,34.00,0.00,104.00,0.00,3.06,0.01,0.32,0.60
cloud-k3s-master2,1,2026-06-05 17:12:59 UTC,sda,44.00,0.00,160.00,0.00,3.64,0.02,0.41,0.80
cloud-k3s-master2,1,2026-06-05 17:13:00 UTC,sda,74.00,0.00,320.00,0.00,4.32,0.13,1.70,1.00
cloud-k3s-master2,1,2026-06-05 17:13:01 UTC,sda,52.00,0.00,188.00,0.00,3.62,0.03,0.42,1.40
cloud-k3s-master2,1,2026-06-05 17:13:02 UTC,sda,47.00,0.00,140.00,0.00,2.98,0.02,0.34,1.00
cloud-k3s-master2,1,2026-06-05 17:13:03 UTC,sda,54.00,0.00,172.00,0.00,3.19,0.03,0.37,1.20
cloud-k3s-master2,1,2026-06-05 17:13:04 UTC,sda,38.00,0.00,104.00,0.00,2.74,0.02,0.42,0.70
cloud-k3s-master2,1,2026-06-05 17:13:05 UTC,sda,33.00,0.00,116.00,0.00,3.52,0.01,0.33,0.40
cloud-k3s-master2,1,2026-06-05 17:13:06 UTC,sda,26.00,0.00,96.00,0.00,3.69,0.01,0.42,0.50
cloud-k3s-master2,1,2026-06-05 17:13:07 UTC,sda,63.00,0.00,172.00,0.00,2.73,0.03,0.38,1.30
cloud-k3s-master2,1,2026-06-05 17:13:08 UTC,sda,45.00,0.00,132.00,0.00,2.93,0.02,0.38,1.10
cloud-k3s-master2,1,2026-06-05 17:13:09 UTC,sda,38.00,0.00,160.00,0.00,4.21,0.02,0.47,1.00
cloud-k3s-master2,1,2026-06-05 17:13:10 UTC,sda,65.00,0.00,284.00,0.00,4.37,0.10,1.55,1.00
cloud-k3s-master2,1,2026-06-05 17:13:11 UTC,sda,41.00,0.00,384.00,0.00,9.37,0.02,0.39,0.80
cloud-k3s-master2,1,2026-06-05 17:13:12 UTC,sda,52.00,0.00,164.00,0.00,3.15,0.03,0.38,1.30
cloud-k3s-master2,1,2026-06-05 17:13:13 UTC,sda,63.00,0.00,204.00,0.00,3.24,0.03,0.40,1.30
cloud-k3s-master2,1,2026-06-05 17:13:14 UTC,sda,40.00,0.00,156.00,0.00,3.90,0.02,0.42,1.10
cloud-k3s-master2,1,2026-06-05 17:13:15 UTC,sda,23.00,0.00,60.00,0.00,2.61,0.01,0.39,0.60
cloud-k3s-master2,1,2026-06-05 17:13:16 UTC,sda,41.00,0.00,136.00,0.00,3.32,0.02,0.39,0.80
cloud-k3s-master2,1,2026-06-05 17:13:17 UTC,sda,57.00,0.00,188.00,0.00,3.30,0.03,0.44,1.40
cloud-k3s-master2,1,2026-06-05 17:13:18 UTC,sda,28.00,0.00,72.00,0.00,2.57,0.01,0.32,0.70
cloud-k3s-master2,1,2026-06-05 17:13:19 UTC,sda,62.00,0.00,276.00,0.00,4.45,0.09,1.40,0.90
cloud-k3s-master2,1,2026-06-05 17:13:20 UTC,sda,41.00,0.00,144.00,0.00,3.51,0.02,0.46,1.20
cloud-k3s-master2,1,2026-06-05 17:13:21 UTC,sda,33.00,0.00,104.00,0.00,3.15,0.02,0.39,0.80
cloud-k3s-master2,1,2026-06-05 17:13:22 UTC,sda,43.00,0.00,136.00,0.00,3.16,0.02,0.40,0.90
cloud-k3s-master2,1,2026-06-05 17:13:23 UTC,sda,69.00,0.00,208.00,0.00,3.01,0.03,0.36,1.30
cloud-k3s-master2,1,2026-06-05 17:13:24 UTC,sda,36.00,0.00,116.00,0.00,3.22,0.02,0.42,0.90
cloud-k3s-master2,1,2026-06-05 17:13:25 UTC,sda,56.00,0.00,256.00,0.00,4.57,0.07,1.21,0.80
cloud-k3s-master2,1,2026-06-05 17:13:26 UTC,sda,35.00,0.00,96.00,0.00,2.74,0.02,0.40,0.60
cloud-k3s-master2,1,2026-06-05 17:13:27 UTC,sda,36.00,0.00,112.00,0.00,3.11,0.02,0.42,0.70
cloud-k3s-master2,1,2026-06-05 17:13:28 UTC,sda,45.00,0.00,140.00,0.00,3.11,0.02,0.38,1.00
cloud-k3s-master2,1,2026-06-05 17:13:29 UTC,sda,32.00,0.00,112.00,0.00,3.50,0.01,0.38,0.70
cloud-k3s-master2,1,2026-06-05 17:13:30 UTC,sda,38.00,0.00,128.00,0.00,3.37,0.02,0.45,1.00
cloud-k3s-master2,1,2026-06-05 17:13:31 UTC,sda,49.00,0.00,144.00,0.00,2.94,0.02,0.39,1.10
cloud-k3s-master2,1,2026-06-05 17:13:32 UTC,sda,54.00,0.00,160.00,0.00,2.96,0.02,0.35,1.20
cloud-k3s-master2,1,2026-06-05 17:13:33 UTC,sda,72.00,0.00,264.00,0.00,3.67,0.04,0.46,1.50
cloud-k3s-master2,1,2026-06-05 17:13:34 UTC,sda,60.00,0.00,252.00,0.00,4.20,0.09,1.38,0.60
cloud-k3s-master2,1,2026-06-05 17:13:35 UTC,sda,24.00,0.00,100.00,0.00,4.17,0.01,0.42,0.30
cloud-k3s-master2,1,2026-06-05 17:13:36 UTC,sda,34.00,0.00,96.00,0.00,2.82,0.02,0.35,0.70
cloud-k3s-master2,1,2026-06-05 17:13:37 UTC,sda,37.00,0.00,112.00,0.00,3.03,0.02,0.38,0.90
cloud-k3s-master2,1,2026-06-05 17:13:38 UTC,sda,58.00,0.00,180.00,0.00,3.10,0.03,0.40,1.50
cloud-k3s-master2,1,2026-06-05 17:13:39 UTC,sda,20.00,0.00,60.00,0.00,3.00,0.01,0.30,0.60
cloud-k3s-master2,1,2026-06-05 17:13:40 UTC,sda,64.00,0.00,280.00,0.00,4.38,0.08,1.22,1.00
cloud-k3s-master2,1,2026-06-05 17:13:41 UTC,sda,47.00,0.00,380.00,0.00,8.09,0.02,0.38,0.70
cloud-k3s-master2,1,2026-06-05 17:13:42 UTC,sda,36.00,0.00,128.00,0.00,3.56,0.02,0.42,0.60
cloud-k3s-master2,1,2026-06-05 17:13:43 UTC,sda,66.00,0.00,192.00,0.00,2.91,0.03,0.41,1.20
cloud-k3s-master2,1,2026-06-05 17:13:44 UTC,sda,40.00,0.00,152.00,0.00,3.80,0.02,0.42,0.90
cloud-k3s-master2,1,2026-06-05 17:13:45 UTC,sda,24.00,0.00,92.00,0.00,3.83,0.01,0.42,0.60
cloud-k3s-master2,1,2026-06-05 17:13:46 UTC,sda,51.00,0.00,156.00,0.00,3.06,0.02,0.39,0.90
cloud-k3s-master2,1,2026-06-05 17:13:47 UTC,sda,46.00,0.00,152.00,0.00,3.30,0.02,0.46,0.80
cloud-k3s-master2,1,2026-06-05 17:13:48 UTC,sda,47.00,0.00,136.00,0.00,2.89,0.02,0.36,1.10
cloud-k3s-master2,1,2026-06-05 17:13:49 UTC,sda,9.00,0.00,24.00,0.00,2.67,0.00,0.44,0.30
cloud-k3s-master2,1,2026-06-05 17:13:50 UTC,sda,79.00,0.00,328.00,0.00,4.15,0.10,1.27,1.30
cloud-k3s-master2,1,2026-06-05 17:13:51 UTC,sda,32.00,0.00,104.00,0.00,3.25,0.02,0.53,0.80
cloud-k3s-master2,1,2026-06-05 17:13:52 UTC,sda,62.00,0.00,328.00,0.00,5.29,0.03,0.37,1.30
cloud-k3s-master2,1,2026-06-05 17:13:53 UTC,sda,124.00,0.00,452.00,0.00,3.65,0.06,0.41,2.30
cloud-k3s-master2,1,2026-06-05 17:13:54 UTC,sda,41.00,0.00,140.00,0.00,3.41,0.02,0.44,0.90
cloud-k3s-master2,1,2026-06-05 17:13:55 UTC,sda,19.00,0.00,52.00,0.00,2.74,0.01,0.47,0.50
cloud-k3s-master2,1,2026-06-05 17:13:56 UTC,sda,33.00,0.00,116.00,0.00,3.52,0.01,0.36,0.50
cloud-k3s-master2,1,2026-06-05 17:13:57 UTC,sda,32.00,0.00,160.00,0.00,5.00,0.02,0.47,0.80
cloud-k3s-master2,1,2026-06-05 17:13:58 UTC,sda,59.00,0.00,212.00,0.00,3.59,0.03,0.42,1.30
cloud-k3s-master2,1,2026-06-05 17:13:59 UTC,sda,57.00,0.00,304.00,0.00,5.33,0.07,1.18,0.60
cloud-k3s-master2,1,2026-06-05 17:14:00 UTC,sda,36.00,0.00,128.00,0.00,3.56,0.02,0.44,0.80
cloud-k3s-master2,1,2026-06-05 17:14:01 UTC,sda,26.00,0.00,84.00,0.00,3.23,0.01,0.38,0.50
cloud-k3s-master2,1,2026-06-05 17:14:02 UTC,sda,75.00,0.00,320.00,0.00,4.27,0.04,0.39,1.80
cloud-k3s-master2,1,2026-06-05 17:14:03 UTC,sda,66.00,0.00,212.00,0.00,3.21,0.03,0.36,1.40
cloud-k3s-master2,1,2026-06-05 17:14:04 UTC,sda,47.00,0.00,180.00,0.00,3.83,0.03,0.47,1.10
cloud-k3s-master2,1,2026-06-05 17:14:05 UTC,sda,53.00,0.00,236.00,0.00,4.45,0.07,1.25,0.40
cloud-k3s-master2,1,2026-06-05 17:14:06 UTC,sda,41.00,0.00,148.00,0.00,3.61,0.02,0.39,0.80
cloud-k3s-master2,1,2026-06-05 17:14:07 UTC,sda,22.00,0.00,132.00,0.00,6.00,0.01,0.41,0.50
cloud-k3s-master2,1,2026-06-05 17:14:08 UTC,sda,84.00,0.00,244.00,0.00,2.90,0.04,0.35,1.60
cloud-k3s-master2,1,2026-06-05 17:14:09 UTC,sda,11.88,0.00,59.41,0.00,5.00,0.01,0.42,0.30
cloud-k3s-master2,1,2026-06-05 17:14:10 UTC,sda,52.00,0.00,176.00,0.00,3.38,0.03,0.48,1.00
cloud-k3s-master2,1,2026-06-05 17:14:11 UTC,sda,11.00,0.00,28.00,0.00,2.55,0.01,0.45,0.30
cloud-k3s-master2,1,2026-06-05 17:14:12 UTC,sda,42.00,0.00,168.00,0.00,4.00,0.02,0.36,1.20
cloud-k3s-master2,1,2026-06-05 17:14:13 UTC,sda,74.00,0.00,244.00,0.00,3.30,0.04,0.38,1.30
cloud-k3s-master2,1,2026-06-05 17:14:14 UTC,sda,54.00,0.00,192.00,0.00,3.56,0.03,0.41,0.90
cloud-k3s-master2,1,2026-06-05 17:14:15 UTC,sda,56.00,0.00,240.00,0.00,4.29,0.07,1.21,0.50
cloud-k3s-master2,1,2026-06-05 17:14:16 UTC,sda,56.00,0.00,196.00,0.00,3.50,0.03,0.41,1.30
cloud-k3s-master2,1,2026-06-05 17:14:17 UTC,sda,31.00,0.00,128.00,0.00,4.13,0.02,0.42,0.70
cloud-k3s-master2,1,2026-06-05 17:14:18 UTC,sda,54.00,0.00,172.00,0.00,3.19,0.03,0.35,1.00
cloud-k3s-master2,1,2026-06-05 17:14:19 UTC,sda,20.00,0.00,72.00,0.00,3.60,0.01,0.40,0.60
cloud-k3s-master2,1,2026-06-05 17:14:20 UTC,sda,31.00,0.00,112.00,0.00,3.61,0.02,0.39,1.00
cloud-k3s-master2,1,2026-06-05 17:14:21 UTC,sda,25.00,0.00,80.00,0.00,3.20,0.01,0.48,0.50
cloud-k3s-master2,1,2026-06-05 17:14:22 UTC,sda,48.00,0.00,180.00,0.00,3.75,0.03,0.50,0.90
cloud-k3s-master2,1,2026-06-05 17:14:23 UTC,sda,70.00,0.00,232.00,0.00,3.31,0.04,0.43,1.40
cloud-k3s-master2,1,2026-06-05 17:14:24 UTC,sda,53.00,0.00,180.00,0.00,3.40,0.03,0.40,1.20
cloud-k3s-master2,1,2026-06-05 17:14:25 UTC,sda,26.00,0.00,72.00,0.00,2.77,0.01,0.42,0.60
cloud-k3s-master2,1,2026-06-05 17:14:26 UTC,sda,31.00,0.00,112.00,0.00,3.61,0.02,0.42,0.60
cloud-k3s-master2,1,2026-06-05 17:14:27 UTC,sda,34.00,0.00,148.00,0.00,4.35,0.02,0.38,0.70
cloud-k3s-master2,1,2026-06-05 17:14:28 UTC,sda,55.00,0.00,176.00,0.00,3.20,0.02,0.35,1.20
cloud-k3s-master2,1,2026-06-05 17:14:29 UTC,sda,13.00,0.00,60.00,0.00,4.62,0.01,0.38,0.20
cloud-k3s-master2,1,2026-06-05 17:14:30 UTC,sda,34.00,0.00,116.00,0.00,3.41,0.02,0.41,0.70
cloud-k3s-master2,1,2026-06-05 17:14:31 UTC,sda,36.00,0.00,112.00,0.00,3.11,0.02,0.36,0.80
cloud-k3s-master2,1,2026-06-05 17:14:32 UTC,sda,57.00,0.00,180.00,0.00,3.16,0.03,0.37,1.30
cloud-k3s-master2,1,2026-06-05 17:14:33 UTC,sda,58.00,0.00,244.00,0.00,4.21,0.03,0.40,1.30
cloud-k3s-master2,1,2026-06-05 17:14:34 UTC,sda,50.00,0.00,156.00,0.00,3.12,0.03,0.40,1.20
cloud-k3s-master2,1,2026-06-05 17:14:35 UTC,sda,2.00,0.00,4.00,0.00,2.00,0.00,0.50,0.10
cloud-k3s-master2,1,2026-06-05 17:14:36 UTC,sda,39.00,0.00,132.00,0.00,3.38,0.02,0.38,0.90
cloud-k3s-master2,1,2026-06-05 17:14:37 UTC,sda,24.00,0.00,80.00,0.00,3.33,0.01,0.42,0.50
cloud-k3s-master2,1,2026-06-05 17:14:38 UTC,sda,70.00,0.00,252.00,0.00,3.60,0.03,0.36,1.70
cloud-k3s-master2,1,2026-06-05 17:14:39 UTC,sda,18.00,0.00,84.00,0.00,4.67,0.01,0.50,0.30
cloud-k3s-master2,1,2026-06-05 17:14:40 UTC,sda,36.00,0.00,128.00,0.00,3.56,0.02,0.39,0.70
cloud-k3s-master2,1,2026-06-05 17:14:41 UTC,sda,19.00,0.00,52.00,0.00,2.74,0.01,0.37,0.30
cloud-k3s-master2,1,2026-06-05 17:14:42 UTC,sda,60.00,0.00,208.00,0.00,3.47,0.03,0.40,1.30
cloud-k3s-master2,1,2026-06-05 17:14:43 UTC,sda,32.00,0.00,160.00,0.00,5.00,0.02,0.44,1.10
cloud-k3s-master2,1,2026-06-05 17:14:44 UTC,sda,77.00,0.00,300.00,0.00,3.90,0.04,0.40,1.90
cloud-k3s-master2,1,2026-06-05 17:14:45 UTC,sda,15.00,0.00,52.00,0.00,3.47,0.01,0.53,0.20
cloud-k3s-master2,1,2026-06-05 17:14:46 UTC,sda,67.00,0.00,220.00,0.00,3.28,0.03,0.37,1.40
cloud-k3s-master2,1,2026-06-05 17:14:47 UTC,sda,34.00,0.00,108.00,0.00,3.18,0.02,0.44,0.70
cloud-k3s-master2,1,2026-06-05 17:14:48 UTC,sda,63.00,0.00,240.00,0.00,3.81,0.03,0.35,1.00
cloud-k3s-master2,1,2026-06-05 17:14:49 UTC,sda,10.00,0.00,28.00,0.00,2.80,0.00,0.40,0.10
cloud-k3s-master2,1,2026-06-05 17:14:50 UTC,sda,81.00,0.00,360.00,0.00,4.44,0.14,1.73,1.00
cloud-k3s-master2,1,2026-06-05 17:14:51 UTC,sda,23.00,0.00,76.00,0.00,3.30,0.01,0.39,0.30
cloud-k3s-master2,1,2026-06-05 17:14:52 UTC,sda,40.00,0.00,120.00,0.00,3.00,0.02,0.42,0.80
cloud-k3s-master2,1,2026-06-05 17:14:53 UTC,sda,55.00,0.00,228.00,0.00,4.15,0.03,0.38,1.00
cloud-k3s-master2,1,2026-06-05 17:14:54 UTC,sda,67.00,0.00,220.00,0.00,3.28,0.03,0.39,1.50
cloud-k3s-master2,1,2026-06-05 17:14:55 UTC,sda,10.00,0.00,24.00,0.00,2.40,0.01,0.40,0.20
cloud-k3s-master2,1,2026-06-05 17:14:56 UTC,sda,49.00,0.00,156.00,0.00,3.18,0.02,0.39,1.20
cloud-k3s-master2,1,2026-06-05 17:14:57 UTC,sda,28.00,0.00,84.00,0.00,3.00,0.01,0.43,0.50
cloud-k3s-master2,1,2026-06-05 17:14:58 UTC,sda,58.00,0.00,208.00,0.00,3.59,0.03,0.40,1.20
cloud-k3s-master2,1,2026-06-05 17:14:59 UTC,sda,15.00,0.00,100.00,0.00,6.67,0.01,0.40,0.50
cloud-k3s-master2,1,2026-06-05 17:15:00 UTC,sda,39.00,0.00,140.00,0.00,3.59,0.02,0.41,1.10
cloud-k3s-master2,1,2026-06-05 17:15:01 UTC,sda,25.00,0.00,84.00,0.00,3.36,0.01,0.32,0.30
cloud-k3s-master2,1,2026-06-05 17:15:02 UTC,sda,55.00,0.00,168.00,0.00,3.05,0.04,0.71,1.80
cloud-k3s-master2,1,2026-06-05 17:15:03 UTC,sda,36.00,0.00,100.00,0.00,2.78,0.02,0.42,0.70
cloud-k3s-master2,1,2026-06-05 17:15:04 UTC,sda,143.00,0.00,588.00,0.00,4.11,0.18,1.19,2.20
cloud-k3s-master2,1,2026-06-05 17:15:05 UTC,sda,7.00,0.00,20.00,0.00,2.86,0.00,0.43,0.00
cloud-k3s-master2,1,2026-06-05 17:15:06 UTC,sda,42.00,0.00,136.00,0.00,3.24,0.02,0.38,0.80
cloud-k3s-master2,1,2026-06-05 17:15:07 UTC,sda,36.00,0.00,100.00,0.00,2.78,0.02,0.42,0.60
cloud-k3s-master2,1,2026-06-05 17:15:08 UTC,sda,77.00,0.00,244.00,0.00,3.17,0.04,0.42,1.60
cloud-k3s-master2,1,2026-06-05 17:15:09 UTC,sda,4.00,0.00,24.00,0.00,6.00,0.00,0.50,0.00
cloud-k3s-master2,1,2026-06-05 17:15:10 UTC,sda,41.00,0.00,140.00,0.00,3.41,0.02,0.44,0.90
cloud-k3s-master2,1,2026-06-05 17:15:11 UTC,sda,3.00,0.00,28.00,0.00,9.33,0.00,0.33,0.20
cloud-k3s-master2,1,2026-06-05 17:15:12 UTC,sda,68.00,0.00,224.00,0.00,3.29,0.03,0.41,1.50
cloud-k3s-master2,1,2026-06-05 17:15:13 UTC,sda,38.00,0.00,120.00,0.00,3.16,0.02,0.37,0.50
cloud-k3s-master2,1,2026-06-05 17:15:14 UTC,sda,67.00,0.00,216.00,0.00,3.22,0.03,0.39,1.40
cloud-k3s-master2,1,2026-06-05 17:15:15 UTC,sda,34.00,0.00,100.00,0.00,2.94,0.02,0.38,0.60
cloud-k3s-master2,1,2026-06-05 17:15:16 UTC,sda,60.00,0.00,204.00,0.00,3.40,0.03,0.37,1.40
cloud-k3s-master2,1,2026-06-05 17:15:17 UTC,sda,23.00,0.00,80.00,0.00,3.48,0.01,0.39,0.60
cloud-k3s-master2,1,2026-06-05 17:15:18 UTC,sda,61.00,0.00,180.00,0.00,2.95,0.03,0.34,1.20
cloud-k3s-master2,1,2026-06-05 17:15:19 UTC,sda,9.00,0.00,24.00,0.00,2.67,0.00,0.33,0.10
cloud-k3s-master2,1,2026-06-05 17:15:20 UTC,sda,39.00,0.00,136.00,0.00,3.49,0.02,0.41,1.10
cloud-k3s-master2,1,2026-06-05 17:15:21 UTC,sda,3.00,0.00,12.00,0.00,4.00,0.00,0.33,0.00
cloud-k3s-master2,1,2026-06-05 17:15:22 UTC,sda,59.00,0.00,188.00,0.00,3.19,0.03,0.37,1.40
cloud-k3s-master2,1,2026-06-05 17:15:23 UTC,sda,50.00,0.00,148.00,0.00,2.96,0.03,0.42,1.10
cloud-k3s-master2,1,2026-06-05 17:15:24 UTC,sda,62.00,0.00,192.00,0.00,3.10,0.03,0.39,1.60
cloud-k3s-master2,1,2026-06-05 17:15:25 UTC,sda,31.00,0.00,108.00,0.00,3.48,0.02,0.42,0.80
cloud-k3s-master2,1,2026-06-05 17:15:26 UTC,sda,44.00,0.00,132.00,0.00,3.00,0.02,0.34,0.60
cloud-k3s-master2,1,2026-06-05 17:15:27 UTC,sda,15.00,0.00,44.00,0.00,2.93,0.01,0.40,0.30
cloud-k3s-master2,1,2026-06-05 17:15:28 UTC,sda,43.00,0.00,144.00,0.00,3.35,0.02,0.42,0.90
cloud-k3s-master2,1,2026-06-05 17:15:29 UTC,sda,20.00,0.00,296.00,0.00,14.80,0.01,0.45,0.70
cloud-k3s-master2,1,2026-06-05 17:15:30 UTC,sda,40.00,0.00,160.00,0.00,4.00,0.02,0.38,0.90
cloud-k3s-master2,1,2026-06-05 17:15:31 UTC,sda,33.00,0.00,132.00,0.00,4.00,0.02,0.39,0.60
cloud-k3s-master2,1,2026-06-05 17:15:32 UTC,sda,58.00,0.00,192.00,0.00,3.31,0.03,0.40,1.20
cloud-k3s-master2,1,2026-06-05 17:15:33 UTC,sda,42.00,0.00,140.00,0.00,3.33,0.02,0.43,0.90
cloud-k3s-master2,1,2026-06-05 17:15:34 UTC,sda,52.00,0.00,156.00,0.00,3.00,0.03,0.44,1.10
cloud-k3s-master2,1,2026-06-05 17:15:35 UTC,sda,32.00,0.00,116.00,0.00,3.62,0.02,0.41,0.50
cloud-k3s-master2,1,2026-06-05 17:15:36 UTC,sda,89.00,0.00,368.00,0.00,4.13,0.10,1.06,1.40
cloud-k3s-master2,1,2026-06-05 17:15:37 UTC,sda,22.00,0.00,76.00,0.00,3.45,0.01,0.45,0.70
cloud-k3s-master2,1,2026-06-05 17:15:38 UTC,sda,55.00,0.00,164.00,0.00,2.98,0.03,0.40,1.40
cloud-k3s-master2,1,2026-06-05 17:15:39 UTC,sda,31.00,0.00,108.00,0.00,3.48,0.02,0.45,0.50
cloud-k3s-master2,1,2026-06-05 17:15:40 UTC,sda,37.00,0.00,124.00,0.00,3.35,0.02,0.41,1.00
cloud-k3s-master2,1,2026-06-05 17:15:41 UTC,sda,23.00,0.00,92.00,0.00,4.00,0.02,0.65,0.40
cloud-k3s-master2,1,2026-06-05 17:15:42 UTC,sda,64.00,0.00,196.00,0.00,3.06,0.03,0.36,1.10
cloud-k3s-master2,1,2026-06-05 17:15:43 UTC,sda,32.00,0.00,108.00,0.00,3.38,0.01,0.34,0.60
cloud-k3s-master2,1,2026-06-05 17:15:44 UTC,sda,46.00,0.00,156.00,0.00,3.39,0.02,0.37,1.00
cloud-k3s-master2,1,2026-06-05 17:15:45 UTC,sda,51.00,0.00,188.00,0.00,3.69,0.03,0.45,0.90
cloud-k3s-master2,1,2026-06-05 17:15:46 UTC,sda,47.00,0.00,156.00,0.00,3.32,0.03,0.43,1.60
cloud-k3s-master2,1,2026-06-05 17:15:47 UTC,sda,38.00,0.00,104.00,0.00,2.74,0.02,0.42,0.90
cloud-k3s-master2,1,2026-06-05 17:15:48 UTC,sda,42.00,0.00,128.00,0.00,3.05,0.02,0.38,1.00
cloud-k3s-master2,1,2026-06-05 17:15:49 UTC,sda,27.00,0.00,92.00,0.00,3.41,0.01,0.41,0.60
cloud-k3s-master2,1,2026-06-05 17:15:50 UTC,sda,34.00,0.00,120.00,0.00,3.53,0.02,0.35,0.60
cloud-k3s-master2,1,2026-06-05 17:15:51 UTC,sda,10.00,0.00,32.00,0.00,3.20,0.01,0.50,0.10
cloud-k3s-master2,1,2026-06-05 17:15:52 UTC,sda,42.00,0.00,124.00,0.00,2.95,0.02,0.38,1.20
cloud-k3s-master2,1,2026-06-05 17:15:53 UTC,sda,52.00,0.00,156.00,0.00,3.00,0.03,0.38,0.70
cloud-k3s-master2,1,2026-06-05 17:15:54 UTC,sda,40.00,0.00,128.00,0.00,3.20,0.02,0.40,1.10
cloud-k3s-master2,1,2026-06-05 17:15:55 UTC,sda,52.00,0.00,196.00,0.00,3.77,0.03,0.40,0.90
cloud-k3s-master2,1,2026-06-05 17:15:56 UTC,sda,42.00,0.00,132.00,0.00,3.14,0.02,0.38,1.20
cloud-k3s-master2,1,2026-06-05 17:15:57 UTC,sda,34.00,0.00,104.00,0.00,3.06,0.02,0.38,0.50
cloud-k3s-master2,1,2026-06-05 17:15:58 UTC,sda,44.00,0.00,132.00,0.00,3.00,0.02,0.36,1.10
cloud-k3s-master2,1,2026-06-05 17:15:59 UTC,sda,28.00,0.00,92.00,0.00,3.29,0.01,0.39,0.60
cloud-k3s-master2,1,2026-06-05 17:16:00 UTC,sda,44.00,0.00,412.00,0.00,9.36,0.02,0.43,0.90
cloud-k3s-master2,1,2026-06-05 17:16:01 UTC,sda,25.00,0.00,84.00,0.00,3.36,0.01,0.36,0.60
cloud-k3s-master2,1,2026-06-05 17:16:02 UTC,sda,49.00,0.00,144.00,0.00,2.94,0.02,0.39,1.30
cloud-k3s-master2,1,2026-06-05 17:16:03 UTC,sda,52.00,0.00,168.00,0.00,3.23,0.03,0.44,1.00
cloud-k3s-master2,1,2026-06-05 17:16:04 UTC,sda,33.00,0.00,108.00,0.00,3.27,0.02,0.39,0.70
cloud-k3s-master2,1,2026-06-05 17:16:05 UTC,sda,60.40,0.00,198.02,0.00,3.28,0.03,0.39,1.39
cloud-k3s-master2,1,2026-06-05 17:16:06 UTC,sda,33.00,0.00,104.00,0.00,3.15,0.02,0.39,0.90
cloud-k3s-master2,1,2026-06-05 17:16:07 UTC,sda,31.00,0.00,84.00,0.00,2.71,0.02,0.45,0.70
cloud-k3s-master2,1,2026-06-05 17:16:08 UTC,sda,55.00,0.00,168.00,0.00,3.05,0.03,0.38,1.80
cloud-k3s-master2,1,2026-06-05 17:16:09 UTC,sda,23.00,0.00,80.00,0.00,3.48,0.01,0.39,0.60
cloud-k3s-master2,1,2026-06-05 17:16:10 UTC,sda,91.00,0.00,392.00,0.00,4.31,0.14,1.53,1.70
cloud-k3s-master2,1,2026-06-05 17:16:11 UTC,sda,9.00,0.00,24.00,0.00,2.67,0.00,0.33,0.20
cloud-k3s-master2,1,2026-06-05 17:16:12 UTC,sda,30.00,0.00,92.00,0.00,3.07,0.01,0.40,0.80
cloud-k3s-master2,1,2026-06-05 17:16:13 UTC,sda,44.00,0.00,120.00,0.00,2.73,0.02,0.39,0.70
cloud-k3s-master2,1,2026-06-05 17:16:14 UTC,sda,35.00,0.00,112.00,0.00,3.20,0.02,0.37,0.70
cloud-k3s-master2,1,2026-06-05 17:16:15 UTC,sda,48.00,0.00,192.00,0.00,4.00,0.02,0.42,1.40
cloud-k3s-master2,1,2026-06-05 17:16:16 UTC,sda,55.00,0.00,188.00,0.00,3.42,0.03,0.36,1.20
cloud-k3s-master2,1,2026-06-05 17:16:17 UTC,sda,39.00,0.00,104.00,0.00,2.67,0.02,0.44,1.00
cloud-k3s-master2,1,2026-06-05 17:16:18 UTC,sda,44.00,0.00,132.00,0.00,3.00,0.02,0.34,0.80
cloud-k3s-master2,1,2026-06-05 17:16:19 UTC,sda,35.00,0.00,124.00,0.00,3.54,0.02,0.40,1.00
cloud-k3s-master2,1,2026-06-05 17:16:20 UTC,sda,31.00,0.00,108.00,0.00,3.48,0.01,0.39,0.80
cloud-k3s-master2,1,2026-06-05 17:16:21 UTC,sda,11.00,0.00,36.00,0.00,3.27,0.01,0.36,0.20
cloud-k3s-master2,1,2026-06-05 17:16:22 UTC,sda,32.00,0.00,100.00,0.00,3.12,0.02,0.41,0.90
cloud-k3s-master2,1,2026-06-05 17:16:23 UTC,sda,54.00,0.00,156.00,0.00,2.89,0.03,0.44,1.10
cloud-k3s-master2,1,2026-06-05 17:16:24 UTC,sda,34.00,0.00,108.00,0.00,3.18,0.02,0.38,0.70
cloud-k3s-master2,1,2026-06-05 17:16:25 UTC,sda,29.00,0.00,108.00,0.00,3.72,0.01,0.38,0.60
cloud-k3s-master2,1,2026-06-05 17:16:26 UTC,sda,61.00,0.00,184.00,0.00,3.02,0.03,0.39,1.30
cloud-k3s-master2,1,2026-06-05 17:16:27 UTC,sda,31.00,0.00,100.00,0.00,3.23,0.02,0.45,0.90
cloud-k3s-master2,1,2026-06-05 17:16:28 UTC,sda,43.00,0.00,128.00,0.00,2.98,0.02,0.35,1.00
cloud-k3s-master2,1,2026-06-05 17:16:29 UTC,sda,29.00,0.00,80.00,0.00,2.76,0.01,0.41,0.80
cloud-k3s-master2,1,2026-06-05 17:16:30 UTC,sda,23.00,0.00,324.00,0.00,14.09,0.01,0.48,0.70
cloud-k3s-master2,1,2026-06-05 17:16:31 UTC,sda,35.00,0.00,124.00,0.00,3.54,0.02,0.40,1.20
cloud-k3s-master2,1,2026-06-05 17:16:32 UTC,sda,38.00,0.00,116.00,0.00,3.05,0.02,0.39,1.00
cloud-k3s-master2,1,2026-06-05 17:16:33 UTC,sda,45.00,0.00,144.00,0.00,3.20,0.02,0.40,1.00
cloud-k3s-master2,1,2026-06-05 17:16:34 UTC,sda,31.00,0.00,104.00,0.00,3.35,0.01,0.35,0.50
cloud-k3s-master2,1,2026-06-05 17:16:35 UTC,sda,37.00,0.00,100.00,0.00,2.70,0.02,0.35,0.70
cloud-k3s-master2,1,2026-06-05 17:16:36 UTC,sda,53.00,0.00,188.00,0.00,3.55,0.03,0.38,0.80
cloud-k3s-master2,1,2026-06-05 17:16:37 UTC,sda,30.00,0.00,80.00,0.00,2.67,0.01,0.37,0.80
cloud-k3s-master2,1,2026-06-05 17:16:38 UTC,sda,50.00,0.00,160.00,0.00,3.20,0.02,0.36,1.20
cloud-k3s-master2,1,2026-06-05 17:16:39 UTC,sda,25.00,0.00,104.00,0.00,4.16,0.01,0.44,0.50
cloud-k3s-master2,1,2026-06-05 17:16:40 UTC,sda,44.00,0.00,184.00,0.00,4.18,0.02,0.45,1.00
cloud-k3s-master2,1,2026-06-05 17:16:41 UTC,sda,20.00,0.00,140.00,0.00,7.00,0.01,0.35,0.40
cloud-k3s-master2,1,2026-06-05 17:16:42 UTC,sda,27.00,0.00,104.00,0.00,3.85,0.01,0.33,0.80
cloud-k3s-master2,1,2026-06-05 17:16:43 UTC,sda,36.00,0.00,96.00,0.00,2.67,0.02,0.42,0.70
cloud-k3s-master2,1,2026-06-05 17:16:44 UTC,sda,48.00,0.00,156.00,0.00,3.25,0.03,0.44,1.10
cloud-k3s-master2,1,2026-06-05 17:16:45 UTC,sda,91.00,0.00,416.00,0.00,4.57,0.08,0.86,0.80
cloud-k3s-master2,1,2026-06-05 17:16:46 UTC,sda,63.00,0.00,192.00,0.00,3.05,0.03,0.40,1.60
cloud-k3s-master2,1,2026-06-05 17:16:47 UTC,sda,34.00,0.00,108.00,0.00,3.18,0.02,0.41,1.00
cloud-k3s-master2,1,2026-06-05 17:16:48 UTC,sda,42.00,0.00,124.00,0.00,2.95,0.02,0.36,0.90
cloud-k3s-master2,1,2026-06-05 17:16:49 UTC,sda,19.00,0.00,52.00,0.00,2.74,0.01,0.37,0.50
cloud-k3s-master2,1,2026-06-05 17:16:50 UTC,sda,34.00,0.00,120.00,0.00,3.53,0.02,0.44,1.00
cloud-k3s-master2,1,2026-06-05 17:16:51 UTC,sda,19.00,0.00,52.00,0.00,2.74,0.01,0.47,0.50
cloud-k3s-master2,1,2026-06-05 17:16:52 UTC,sda,23.00,0.00,80.00,0.00,3.48,0.01,0.35,0.60
cloud-k3s-master2,1,2026-06-05 17:16:53 UTC,sda,40.00,0.00,124.00,0.00,3.10,0.02,0.38,1.10
cloud-k3s-master2,1,2026-06-05 17:16:54 UTC,sda,45.00,0.00,140.00,0.00,3.11,0.02,0.40,0.90
cloud-k3s-master2,1,2026-06-05 17:16:55 UTC,sda,40.00,0.00,188.00,0.00,4.70,0.02,0.45,0.80
cloud-k3s-master2,1,2026-06-05 17:16:56 UTC,sda,50.00,0.00,188.00,0.00,3.76,0.02,0.38,0.90
cloud-k3s-master2,1,2026-06-05 17:16:57 UTC,sda,42.00,0.00,140.00,0.00,3.33,0.02,0.40,1.00
cloud-k3s-master2,1,2026-06-05 17:16:58 UTC,sda,52.00,0.00,180.00,0.00,3.46,0.03,0.42,1.40
cloud-k3s-master2,1,2026-06-05 17:16:59 UTC,sda,20.00,0.00,88.00,0.00,4.40,0.01,0.45,0.40
cloud-k3s-master2,1,2026-06-05 17:17:00 UTC,sda,55.00,0.00,208.00,0.00,3.78,0.03,0.44,1.10
cloud-k3s-master2,1,2026-06-05 17:17:01 UTC,sda,28.00,0.00,88.00,0.00,3.14,0.01,0.36,0.60
cloud-k3s-master2,1,2026-06-05 17:17:02 UTC,sda,40.00,0.00,140.00,0.00,3.50,0.02,0.38,0.70
cloud-k3s-master2,1,2026-06-05 17:17:03 UTC,sda,39.00,0.00,100.00,0.00,2.56,0.02,0.38,1.20
cloud-k3s-master2,1,2026-06-05 17:17:04 UTC,sda,35.00,0.00,140.00,0.00,4.00,0.02,0.40,1.10
cloud-k3s-master2,1,2026-06-05 17:17:05 UTC,sda,29.00,0.00,108.00,0.00,3.72,0.02,0.52,0.80
cloud-k3s-master2,1,2026-06-05 17:17:06 UTC,sda,47.00,0.00,140.00,0.00,2.98,0.02,0.36,1.20
cloud-k3s-master2,1,2026-06-05 17:17:07 UTC,sda,50.00,0.00,172.00,0.00,3.44,0.03,0.46,1.10
cloud-k3s-master2,1,2026-06-05 17:17:08 UTC,sda,41.00,0.00,124.00,0.00,3.02,0.02,0.39,0.70
cloud-k3s-master2,1,2026-06-05 17:17:09 UTC,sda,35.00,0.00,108.00,0.00,3.09,0.02,0.43,0.80
cloud-k3s-master2,1,2026-06-05 17:17:10 UTC,sda,49.00,0.00,160.00,0.00,3.27,0.03,0.41,1.10
cloud-k3s-master2,1,2026-06-05 17:17:11 UTC,sda,20.00,0.00,304.00,0.00,15.20,0.01,0.45,0.40
cloud-k3s-master2,1,2026-06-05 17:17:12 UTC,sda,30.00,0.00,76.00,0.00,2.53,0.01,0.37,0.60
cloud-k3s-master2,1,2026-06-05 17:17:13 UTC,sda,43.00,0.00,160.00,0.00,3.72,0.02,0.44,1.00
cloud-k3s-master2,1,2026-06-05 17:17:14 UTC,sda,33.00,0.00,104.00,0.00,3.15,0.01,0.33,0.80
cloud-k3s-master2,1,2026-06-05 17:17:15 UTC,sda,32.00,0.00,120.00,0.00,3.75,0.02,0.41,0.80
cloud-k3s-master2,1,2026-06-05 17:17:16 UTC,sda,62.00,0.00,208.00,0.00,3.35,0.03,0.40,1.60
cloud-k3s-master2,1,2026-06-05 17:17:17 UTC,sda,51.00,0.00,160.00,0.00,3.14,0.02,0.35,1.00
cloud-k3s-master2,1,2026-06-05 17:17:18 UTC,sda,38.00,0.00,112.00,0.00,2.95,0.02,0.34,1.00
cloud-k3s-master2,1,2026-06-05 17:17:19 UTC,sda,23.00,0.00,80.00,0.00,3.48,0.01,0.39,0.50
cloud-k3s-master2,1,2026-06-05 17:17:20 UTC,sda,118.00,0.00,496.00,0.00,4.20,0.21,1.75,0.70
cloud-k3s-master2,1,2026-06-05 17:17:21 UTC,sda,29.00,0.00,112.00,0.00,3.86,0.01,0.41,0.60
cloud-k3s-master2,1,2026-06-05 17:17:22 UTC,sda,28.00,0.00,92.00,0.00,3.29,0.01,0.32,0.70
cloud-k3s-master2,1,2026-06-05 17:17:23 UTC,sda,41.00,0.00,116.00,0.00,2.83,0.02,0.39,0.90
cloud-k3s-master2,1,2026-06-05 17:17:24 UTC,sda,39.00,0.00,132.00,0.00,3.38,0.02,0.41,0.70
cloud-k3s-master2,1,2026-06-05 17:17:25 UTC,sda,41.00,0.00,140.00,0.00,3.41,0.02,0.41,0.70
cloud-k3s-master2,1,2026-06-05 17:17:26 UTC,sda,48.00,0.00,152.00,0.00,3.17,0.02,0.40,0.90
cloud-k3s-master2,1,2026-06-05 17:17:27 UTC,sda,47.00,0.00,140.00,0.00,2.98,0.02,0.43,1.30
cloud-k3s-master2,1,2026-06-05 17:17:28 UTC,sda,41.00,0.00,128.00,0.00,3.12,0.02,0.34,1.10
cloud-k3s-master2,1,2026-06-05 17:17:29 UTC,sda,13.00,0.00,32.00,0.00,2.46,0.01,0.46,0.40
cloud-k3s-master2,1,2026-06-05 17:17:30 UTC,sda,35.00,0.00,136.00,0.00,3.89,0.02,0.43,1.20
cloud-k3s-master2,1,2026-06-05 17:17:31 UTC,sda,49.00,0.00,152.00,0.00,3.10,0.02,0.41,1.30
cloud-k3s-master2,1,2026-06-05 17:17:32 UTC,sda,32.00,0.00,100.00,0.00,3.12,0.01,0.38,0.80
cloud-k3s-master2,1,2026-06-05 17:17:33 UTC,sda,38.00,0.00,112.00,0.00,2.95,0.02,0.37,1.10
cloud-k3s-master2,1,2026-06-05 17:17:34 UTC,sda,21.00,0.00,80.00,0.00,3.81,0.01,0.38,0.60
cloud-k3s-master2,1,2026-06-05 17:17:35 UTC,sda,29.00,0.00,108.00,0.00,3.72,0.01,0.41,0.50
cloud-k3s-master2,1,2026-06-05 17:17:36 UTC,sda,38.00,0.00,128.00,0.00,3.37,0.02,0.37,0.80
cloud-k3s-master2,1,2026-06-05 17:17:37 UTC,sda,58.00,0.00,176.00,0.00,3.03,0.03,0.38,1.00
cloud-k3s-master2,1,2026-06-05 17:17:38 UTC,sda,42.00,0.00,132.00,0.00,3.14,0.02,0.36,1.50
cloud-k3s-master2,1,2026-06-05 17:17:39 UTC,sda,34.00,0.00,108.00,0.00,3.18,0.02,0.38,0.90
cloud-k3s-master2,1,2026-06-05 17:17:40 UTC,sda,30.00,0.00,108.00,0.00,3.60,0.01,0.40,0.70
cloud-k3s-master2,1,2026-06-05 17:17:41 UTC,sda,23.00,0.00,76.00,0.00,3.30,0.01,0.39,0.60
cloud-k3s-master2,1,2026-06-05 17:17:42 UTC,sda,30.00,0.00,352.00,0.00,11.73,0.02,0.43,0.60
cloud-k3s-master2,1,2026-06-05 17:17:43 UTC,sda,39.00,0.00,120.00,0.00,3.08,0.02,0.41,0.50
cloud-k3s-master2,1,2026-06-05 17:17:44 UTC,sda,21.00,0.00,80.00,0.00,3.81,0.01,0.43,0.40
cloud-k3s-master2,1,2026-06-05 17:17:45 UTC,sda,48.00,0.00,164.00,0.00,3.42,0.02,0.42,1.10
cloud-k3s-master2,1,2026-06-05 17:17:46 UTC,sda,48.00,0.00,156.00,0.00,3.25,0.03,0.38,1.40
cloud-k3s-master2,1,2026-06-05 17:17:47 UTC,sda,59.00,0.00,172.00,0.00,2.92,0.03,0.41,1.20
cloud-k3s-master2,1,2026-06-05 17:17:48 UTC,sda,51.00,0.00,152.00,0.00,2.98,0.03,0.39,1.40
cloud-k3s-master2,1,2026-06-05 17:17:49 UTC,sda,21.00,0.00,76.00,0.00,3.62,0.01,0.43,0.40
cloud-k3s-master2,1,2026-06-05 17:17:50 UTC,sda,29.00,0.00,80.00,0.00,2.76,0.01,0.38,0.70
cloud-k3s-master2,1,2026-06-05 17:17:51 UTC,sda,29.00,0.00,108.00,0.00,3.72,0.01,0.38,0.50
cloud-k3s-master2,1,2026-06-05 17:17:52 UTC,sda,29.00,0.00,92.00,0.00,3.17,0.01,0.38,0.60
cloud-k3s-master2,1,2026-06-05 17:17:53 UTC,sda,34.00,0.00,96.00,0.00,2.82,0.02,0.38,0.60
cloud-k3s-master2,1,2026-06-05 17:17:54 UTC,sda,38.00,0.00,140.00,0.00,3.68,0.02,0.34,0.70
cloud-k3s-master2,1,2026-06-05 17:17:55 UTC,sda,173.00,0.00,784.00,0.00,4.53,0.24,1.34,1.80
cloud-k3s-master2,1,2026-06-05 17:17:56 UTC,sda,37.00,0.00,120.00,0.00,3.24,0.02,0.46,1.10
cloud-k3s-master2,1,2026-06-05 17:17:57 UTC,sda,45.00,0.00,136.00,0.00,3.02,0.02,0.38,1.10
cloud-k3s-master2,1,2026-06-05 17:17:58 UTC,sda,63.00,0.00,180.00,0.00,2.86,0.03,0.37,1.40
cloud-k3s-master2,1,2026-06-05 17:17:59 UTC,sda,22.00,0.00,84.00,0.00,3.82,0.01,0.45,0.70
cloud-k3s-master2,1,2026-06-05 17:18:00 UTC,sda,40.00,0.00,156.00,0.00,3.90,0.02,0.42,0.80
cloud-k3s-master2,1,2026-06-05 17:18:01 UTC,sda,42.00,0.00,136.00,0.00,3.24,0.02,0.40,1.10
cloud-k3s-master2,1,2026-06-05 17:18:02 UTC,sda,40.00,0.00,120.00,0.00,3.00,0.02,0.38,0.80
cloud-k3s-master2,1,2026-06-05 17:18:03 UTC,sda,35.64,0.00,110.89,0.00,3.11,0.02,0.44,0.89
cloud-k3s-master2,1,2026-06-05 17:18:04 UTC,sda,21.00,0.00,56.00,0.00,2.67,0.01,0.38,0.20
cloud-k3s-master2,1,2026-06-05 17:18:05 UTC,sda,21.00,0.00,84.00,0.00,4.00,0.01,0.43,0.30
cloud-k3s-master2,1,2026-06-05 17:18:06 UTC,sda,33.00,0.00,104.00,0.00,3.15,0.02,0.42,1.00
cloud-k3s-master2,1,2026-06-05 17:18:07 UTC,sda,63.00,0.00,188.00,0.00,2.98,0.03,0.38,0.80
cloud-k3s-master2,1,2026-06-05 17:18:08 UTC,sda,59.00,0.00,172.00,0.00,2.92,0.03,0.41,1.20
cloud-k3s-master2,1,2026-06-05 17:18:09 UTC,sda,33.00,0.00,104.00,0.00,3.15,0.02,0.39,0.80
cloud-k3s-master2,1,2026-06-05 17:18:10 UTC,sda,45.00,0.00,152.00,0.00,3.38,0.02,0.40,1.10
cloud-k3s-master2,1,2026-06-05 17:18:11 UTC,sda,28.00,0.00,92.00,0.00,3.29,0.01,0.43,0.70
cloud-k3s-master2,1,2026-06-05 17:18:12 UTC,sda,43.00,0.00,128.00,0.00,2.98,0.02,0.37,0.90
cloud-k3s-master2,1,2026-06-05 17:18:13 UTC,sda,47.00,0.00,372.00,0.00,7.91,0.02,0.40,1.00
cloud-k3s-master2,1,2026-06-05 17:18:14 UTC,sda,32.00,0.00,156.00,0.00,4.88,0.02,0.41,0.50
cloud-k3s-master2,1,2026-06-05 17:18:15 UTC,sda,23.00,0.00,92.00,0.00,4.00,0.01,0.43,0.40
cloud-k3s-master2,1,2026-06-05 17:18:16 UTC,sda,57.00,0.00,212.00,0.00,3.72,0.03,0.39,1.50
cloud-k3s-master2,1,2026-06-05 17:18:17 UTC,sda,54.00,0.00,160.00,0.00,2.96,0.03,0.41,1.10
cloud-k3s-master2,1,2026-06-05 17:18:18 UTC,sda,61.00,0.00,240.00,0.00,3.93,0.03,0.38,1.90
cloud-k3s-master2,1,2026-06-05 17:18:19 UTC,sda,18.00,0.00,60.00,0.00,3.33,0.01,0.50,0.30
cloud-k3s-master2,1,2026-06-05 17:18:20 UTC,sda,39.00,0.00,152.00,0.00,3.90,0.02,0.41,0.90
cloud-k3s-master2,1,2026-06-05 17:18:21 UTC,sda,11.00,0.00,28.00,0.00,2.55,0.01,0.45,0.20
cloud-k3s-master2,1,2026-06-05 17:18:22 UTC,sda,47.00,0.00,140.00,0.00,2.98,0.02,0.36,1.40
cloud-k3s-master2,1,2026-06-05 17:18:23 UTC,sda,38.00,0.00,160.00,0.00,4.21,0.02,0.37,0.90
cloud-k3s-master2,1,2026-06-05 17:18:24 UTC,sda,37.00,0.00,128.00,0.00,3.46,0.02,0.41,0.70
cloud-k3s-master2,1,2026-06-05 17:18:25 UTC,sda,36.00,0.00,140.00,0.00,3.89,0.02,0.53,0.70
cloud-k3s-master2,1,2026-06-05 17:18:26 UTC,sda,87.00,0.00,368.00,0.00,4.23,0.09,1.00,1.00
cloud-k3s-master2,1,2026-06-05 17:18:27 UTC,sda,52.00,0.00,156.00,0.00,3.00,0.03,0.40,1.10
cloud-k3s-master2,1,2026-06-05 17:18:28 UTC,sda,53.00,0.00,212.00,0.00,4.00,0.03,0.38,1.00
cloud-k3s-master2,1,2026-06-05 17:18:29 UTC,sda,29.00,0.00,96.00,0.00,3.31,0.02,0.45,0.80
cloud-k3s-master2,1,2026-06-05 17:18:30 UTC,sda,39.00,0.00,152.00,0.00,3.90,0.02,0.41,0.90
cloud-k3s-master2,1,2026-06-05 17:18:31 UTC,sda,28.00,0.00,88.00,0.00,3.14,0.01,0.39,1.00
cloud-k3s-master2,1,2026-06-05 17:18:32 UTC,sda,50.00,0.00,156.00,0.00,3.12,0.03,0.42,1.00
cloud-k3s-master2,1,2026-06-05 17:18:33 UTC,sda,44.00,0.00,172.00,0.00,3.91,0.02,0.45,1.10
cloud-k3s-master2,1,2026-06-05 17:18:34 UTC,sda,21.00,0.00,56.00,0.00,2.67,0.01,0.43,0.30
cloud-k3s-master2,1,2026-06-05 17:18:35 UTC,sda,12.00,0.00,76.00,0.00,6.33,0.01,0.50,0.30
cloud-k3s-master2,1,2026-06-05 17:18:36 UTC,sda,42.00,0.00,128.00,0.00,3.05,0.02,0.38,1.00
cloud-k3s-master2,1,2026-06-05 17:18:37 UTC,sda,33.00,0.00,88.00,0.00,2.67,0.02,0.42,0.80
cloud-k3s-master2,1,2026-06-05 17:18:38 UTC,sda,82.00,0.00,256.00,0.00,3.12,0.04,0.38,1.30
cloud-k3s-master2,1,2026-06-05 17:18:39 UTC,sda,56.00,0.00,196.00,0.00,3.50,0.03,0.41,1.20
cloud-k3s-master2,1,2026-06-05 17:18:40 UTC,sda,43.00,0.00,172.00,0.00,4.00,0.02,0.44,1.10
cloud-k3s-master2,1,2026-06-05 17:18:41 UTC,sda,14.00,0.00,52.00,0.00,3.71,0.01,0.36,0.40
cloud-k3s-master2,1,2026-06-05 17:18:42 UTC,sda,40.00,0.00,132.00,0.00,3.30,0.02,0.38,0.90
cloud-k3s-master2,1,2026-06-05 17:18:43 UTC,sda,46.00,0.00,128.00,0.00,2.78,0.02,0.39,1.00
cloud-k3s-master2,1,2026-06-05 17:18:44 UTC,sda,22.00,0.00,84.00,0.00,3.82,0.01,0.41,0.30
cloud-k3s-master2,1,2026-06-05 17:18:45 UTC,sda,25.00,0.00,96.00,0.00,3.84,0.01,0.40,0.70
cloud-k3s-master2,1,2026-06-05 17:18:46 UTC,sda,34.00,0.00,116.00,0.00,3.41,0.02,0.38,1.10
cloud-k3s-master2,1,2026-06-05 17:18:47 UTC,sda,43.00,0.00,132.00,0.00,3.07,0.02,0.42,1.20
cloud-k3s-master2,1,2026-06-05 17:18:48 UTC,sda,73.00,0.00,208.00,0.00,2.85,0.03,0.36,1.60
cloud-k3s-master2,1,2026-06-05 17:18:49 UTC,sda,47.00,0.00,144.00,0.00,3.06,0.03,0.45,1.20
cloud-k3s-master2,1,2026-06-05 17:18:50 UTC,sda,22.00,0.00,88.00,0.00,4.00,0.01,0.41,0.50
cloud-k3s-master2,1,2026-06-05 17:18:51 UTC,sda,20.00,0.00,52.00,0.00,2.60,0.01,0.35,0.40
cloud-k3s-master2,1,2026-06-05 17:18:52 UTC,sda,40.00,0.00,120.00,0.00,3.00,0.02,0.38,0.90
cloud-k3s-master2,1,2026-06-05 17:18:53 UTC,sda,45.00,0.00,140.00,0.00,3.11,0.02,0.42,1.20
cloud-k3s-master2,1,2026-06-05 17:18:54 UTC,sda,36.00,0.00,116.00,0.00,3.22,0.02,0.39,1.10
cloud-k3s-master2,1,2026-06-05 17:18:55 UTC,sda,21.00,0.00,88.00,0.00,4.19,0.01,0.43,0.50
cloud-k3s-master2,1,2026-06-05 17:18:56 UTC,sda,34.00,0.00,112.00,0.00,3.29,0.02,0.44,0.60
cloud-k3s-master2,1,2026-06-05 17:18:57 UTC,sda,46.00,0.00,144.00,0.00,3.13,0.02,0.37,1.00
cloud-k3s-master2,1,2026-06-05 17:18:58 UTC,sda,66.00,0.00,272.00,0.00,4.12,0.03,0.36,1.80
cloud-k3s-master2,1,2026-06-05 17:18:59 UTC,sda,74.00,0.00,300.00,0.00,4.05,0.04,0.46,1.50
cloud-k3s-master2,1,2026-06-05 17:19:00 UTC,sda,120.00,0.00,600.00,0.00,5.00,0.17,1.37,1.80
cloud-k3s-master2,1,2026-06-05 17:19:01 UTC,sda,43.00,0.00,132.00,0.00,3.07,0.02,0.42,1.00
cloud-k3s-master2,1,2026-06-05 17:19:02 UTC,sda,50.00,0.00,156.00,0.00,3.12,0.02,0.38,1.20
cloud-k3s-master2,1,2026-06-05 17:19:03 UTC,sda,46.00,0.00,140.00,0.00,3.04,0.02,0.41,1.10
cloud-k3s-master2,1,2026-06-05 17:19:04 UTC,sda,23.00,0.00,344.00,0.00,14.96,0.01,0.43,0.70
cloud-k3s-master2,1,2026-06-05 17:19:05 UTC,sda,12.00,0.00,32.00,0.00,2.67,0.01,0.42,0.40
cloud-k3s-master2,1,2026-06-05 17:19:06 UTC,sda,23.00,0.00,88.00,0.00,3.83,0.01,0.43,0.40
cloud-k3s-master2,1,2026-06-05 17:19:07 UTC,sda,35.00,0.00,88.00,0.00,2.51,0.02,0.40,0.60
cloud-k3s-master2,1,2026-06-05 17:19:08 UTC,sda,68.00,0.00,248.00,0.00,3.65,0.04,0.41,1.90
cloud-k3s-master2,1,2026-06-05 17:19:09 UTC,sda,55.00,0.00,196.00,0.00,3.56,0.03,0.44,1.60
cloud-k3s-master2,1,2026-06-05 17:19:10 UTC,sda,36.00,0.00,136.00,0.00,3.78,0.02,0.39,0.70
cloud-k3s-master2,1,2026-06-05 17:19:11 UTC,sda,29.00,0.00,104.00,0.00,3.59,0.01,0.41,0.70
cloud-k3s-master2,1,2026-06-05 17:19:12 UTC,sda,24.00,0.00,76.00,0.00,3.17,0.01,0.33,0.50
cloud-k3s-master2,1,2026-06-05 17:19:13 UTC,sda,40.00,0.00,112.00,0.00,2.80,0.02,0.38,0.70
cloud-k3s-master2,1,2026-06-05 17:19:14 UTC,sda,23.00,0.00,84.00,0.00,3.65,0.01,0.35,0.60
cloud-k3s-master2,1,2026-06-05 17:19:15 UTC,sda,31.00,0.00,112.00,0.00,3.61,0.01,0.42,0.60
cloud-k3s-master2,1,2026-06-05 17:19:16 UTC,sda,21.00,0.00,92.00,0.00,4.38,0.01,0.38,0.40
cloud-k3s-master2,1,2026-06-05 17:19:17 UTC,sda,53.00,0.00,160.00,0.00,3.02,0.03,0.40,0.80
cloud-k3s-master2,1,2026-06-05 17:19:18 UTC,sda,43.00,0.00,136.00,0.00,3.16,0.02,0.35,1.10
cloud-k3s-master2,1,2026-06-05 17:19:19 UTC,sda,33.00,0.00,96.00,0.00,2.91,0.02,0.45,0.60
cloud-k3s-master2,1,2026-06-05 17:19:20 UTC,sda,42.00,0.00,148.00,0.00,3.52,0.02,0.43,0.80
cloud-k3s-master2,1,2026-06-05 17:19:21 UTC,sda,29.00,0.00,96.00,0.00,3.31,0.02,0.45,0.60
cloud-k3s-master2,1,2026-06-05 17:19:22 UTC,sda,30.00,0.00,96.00,0.00,3.20,0.01,0.37,0.60
cloud-k3s-master2,1,2026-06-05 17:19:23 UTC,sda,35.00,0.00,96.00,0.00,2.74,0.02,0.40,0.90
cloud-k3s-master2,1,2026-06-05 17:19:24 UTC,sda,35.00,0.00,136.00,0.00,3.89,0.02,0.43,1.30
cloud-k3s-master2,1,2026-06-05 17:19:25 UTC,sda,34.00,0.00,120.00,0.00,3.53,0.02,0.41,0.60
cloud-k3s-master2,1,2026-06-05 17:19:26 UTC,sda,9.00,0.00,24.00,0.00,2.67,0.00,0.33,0.10
cloud-k3s-master2,1,2026-06-05 17:19:27 UTC,sda,49.00,0.00,148.00,0.00,3.02,0.04,0.73,1.60
cloud-k3s-master2,1,2026-06-05 17:19:28 UTC,sda,26.00,0.00,84.00,0.00,3.23,0.01,0.35,0.60
cloud-k3s-master2,1,2026-06-05 17:19:29 UTC,sda,45.00,0.00,136.00,0.00,3.02,0.02,0.40,1.00
cloud-k3s-master2,1,2026-06-05 17:19:30 UTC,sda,45.00,0.00,184.00,0.00,4.09,0.02,0.38,1.20
cloud-k3s-master2,1,2026-06-05 17:19:31 UTC,sda,51.00,0.00,172.00,0.00,3.37,0.03,0.39,1.10
cloud-k3s-master2,1,2026-06-05 17:19:32 UTC,sda,30.00,0.00,80.00,0.00,2.67,0.01,0.40,0.70
cloud-k3s-master2,1,2026-06-05 17:19:33 UTC,sda,41.00,0.00,124.00,0.00,3.02,0.02,0.46,1.00
cloud-k3s-master2,1,2026-06-05 17:19:34 UTC,sda,20.00,0.00,72.00,0.00,3.60,0.01,0.45,0.60
cloud-k3s-master2,1,2026-06-05 17:19:35 UTC,sda,96.00,0.00,640.00,0.00,6.67,0.15,1.58,1.00
cloud-k3s-master2,1,2026-06-05 17:19:36 UTC,sda,10.00,0.00,76.00,0.00,7.60,0.01,0.40,0.20
cloud-k3s-master2,1,2026-06-05 17:19:37 UTC,sda,42.00,0.00,136.00,0.00,3.24,0.02,0.40,1.30
cloud-k3s-master2,1,2026-06-05 17:19:38 UTC,sda,31.00,0.00,80.00,0.00,2.58,0.01,0.35,0.70
cloud-k3s-master2,1,2026-06-05 17:19:39 UTC,sda,68.00,0.00,240.00,0.00,3.53,0.04,0.41,2.20
cloud-k3s-master2,1,2026-06-05 17:19:40 UTC,sda,32.00,0.00,112.00,0.00,3.50,0.02,0.38,0.80
cloud-k3s-master2,1,2026-06-05 17:19:41 UTC,sda,23.00,0.00,60.00,0.00,2.61,0.01,0.43,0.30
cloud-k3s-master2,1,2026-06-05 17:19:42 UTC,sda,30.00,0.00,112.00,0.00,3.73,0.02,0.50,0.40
cloud-k3s-master2,1,2026-06-05 17:19:43 UTC,sda,52.00,0.00,152.00,0.00,2.92,0.03,0.42,1.50
cloud-k3s-master2,1,2026-06-05 17:19:44 UTC,sda,19.00,0.00,52.00,0.00,2.74,0.01,0.42,0.50
cloud-k3s-master2,1,2026-06-05 17:19:45 UTC,sda,37.00,0.00,140.00,0.00,3.78,0.02,0.49,0.90
cloud-k3s-master2,1,2026-06-05 17:19:46 UTC,sda,25.00,0.00,84.00,0.00,3.36,0.01,0.36,0.40
cloud-k3s-master2,1,2026-06-05 17:19:47 UTC,sda,54.00,0.00,160.00,0.00,2.96,0.03,0.39,1.00
cloud-k3s-master2,1,2026-06-05 17:19:48 UTC,sda,46.00,0.00,180.00,0.00,3.91,0.02,0.41,1.00
cloud-k3s-master2,1,2026-06-05 17:19:49 UTC,sda,48.00,0.00,160.00,0.00,3.33,0.02,0.42,1.10
cloud-k3s-master2,1,2026-06-05 17:19:50 UTC,sda,42.00,0.00,192.00,0.00,4.57,0.02,0.38,0.80
cloud-k3s-master2,1,2026-06-05 17:19:51 UTC,sda,28.00,0.00,88.00,0.00,3.14,0.01,0.39,0.90
cloud-k3s-master2,1,2026-06-05 17:19:52 UTC,sda,25.00,0.00,64.00,0.00,2.56,0.01,0.40,0.40
cloud-k3s-master2,1,2026-06-05 17:19:53 UTC,sda,50.00,0.00,148.00,0.00,2.96,0.03,0.40,1.20
cloud-k3s-master2,1,2026-06-05 17:19:54 UTC,sda,39.00,0.00,144.00,0.00,3.69,0.02,0.41,1.10
cloud-k3s-master2,1,2026-06-05 17:19:55 UTC,sda,32.00,0.00,112.00,0.00,3.50,0.02,0.41,1.10
cloud-k3s-master2,1,2026-06-05 17:19:56 UTC,sda,9.00,0.00,24.00,0.00,2.67,0.01,0.44,0.10
cloud-k3s-master2,1,2026-06-05 17:19:57 UTC,sda,44.00,0.00,136.00,0.00,3.09,0.03,0.48,1.40
cloud-k3s-master2,1,2026-06-05 17:19:58 UTC,sda,33.00,0.00,84.00,0.00,2.55,0.01,0.36,0.80
cloud-k3s-master2,1,2026-06-05 17:19:59 UTC,sda,36.00,0.00,116.00,0.00,3.22,0.02,0.39,0.70
cloud-k3s-master2,1,2026-06-05 17:20:00 UTC,sda,53.00,0.00,188.00,0.00,3.55,0.03,0.42,1.50
cloud-k3s-master2,1,2026-06-05 17:20:01 UTC,sda,43.00,0.00,140.00,0.00,3.26,0.02,0.40,1.10
cloud-k3s-master2,1,2026-06-05 17:20:02 UTC,sda,26.00,0.00,68.00,0.00,2.62,0.01,0.31,0.60
cloud-k3s-master2,1,2026-06-05 17:20:03 UTC,sda,58.00,0.00,184.00,0.00,3.17,0.03,0.41,1.30
cloud-k3s-master2,1,2026-06-05 17:20:04 UTC,sda,8.00,0.00,24.00,0.00,3.00,0.00,0.38,0.10
cloud-k3s-master2,1,2026-06-05 17:20:05 UTC,sda,28.71,0.00,332.67,0.00,11.59,0.01,0.41,0.59
cloud-k3s-master2,1,2026-06-05 17:20:06 UTC,sda,16.00,0.00,44.00,0.00,2.75,0.01,0.31,0.40
cloud-k3s-master2,1,2026-06-05 17:20:07 UTC,sda,47.00,0.00,164.00,0.00,3.49,0.03,0.43,1.10
cloud-k3s-master2,1,2026-06-05 17:20:08 UTC,sda,34.00,0.00,112.00,0.00,3.29,0.02,0.44,0.80
cloud-k3s-master2,1,2026-06-05 17:20:09 UTC,sda,44.00,0.00,160.00,0.00,3.64,0.02,0.39,0.90
cloud-k3s-master2,1,2026-06-05 17:20:10 UTC,sda,97.00,0.00,412.00,0.00,4.25,0.13,1.30,1.40
cloud-k3s-master2,1,2026-06-05 17:20:11 UTC,sda,46.00,0.00,136.00,0.00,2.96,0.02,0.37,1.40
cloud-k3s-master2,1,2026-06-05 17:20:12 UTC,sda,9.00,0.00,20.00,0.00,2.22,0.00,0.33,0.30
cloud-k3s-master2,1,2026-06-05 17:20:13 UTC,sda,52.00,0.00,168.00,0.00,3.23,0.03,0.38,1.20
cloud-k3s-master2,1,2026-06-05 17:20:14 UTC,sda,9.00,0.00,28.00,0.00,3.11,0.00,0.33,0.20
cloud-k3s-master2,1,2026-06-05 17:20:15 UTC,sda,46.00,0.00,164.00,0.00,3.57,0.02,0.43,0.70
cloud-k3s-master2,1,2026-06-05 17:20:16 UTC,sda,22.00,0.00,96.00,0.00,4.36,0.01,0.36,0.50
cloud-k3s-master2,1,2026-06-05 17:20:17 UTC,sda,51.00,0.00,184.00,0.00,3.61,0.03,0.43,1.30
cloud-k3s-master2,1,2026-06-05 17:20:18 UTC,sda,40.00,0.00,120.00,0.00,3.00,0.02,0.38,0.70
cloud-k3s-master2,1,2026-06-05 17:20:19 UTC,sda,85.00,0.00,396.00,0.00,4.66,0.11,1.22,0.60
cloud-k3s-master2,1,2026-06-05 17:20:20 UTC,sda,47.00,0.00,156.00,0.00,3.32,0.03,0.43,1.30
cloud-k3s-master2,1,2026-06-05 17:20:21 UTC,sda,40.00,0.00,140.00,0.00,3.50,0.02,0.38,1.00
cloud-k3s-master2,1,2026-06-05 17:20:22 UTC,sda,9.00,0.00,20.00,0.00,2.22,0.00,0.33,0.30
cloud-k3s-master2,1,2026-06-05 17:20:23 UTC,sda,58.00,0.00,172.00,0.00,2.97,0.03,0.43,1.40
cloud-k3s-master2,1,2026-06-05 17:20:24 UTC,sda,21.00,0.00,68.00,0.00,3.24,0.01,0.38,0.70
cloud-k3s-master2,1,2026-06-05 17:20:25 UTC,sda,50.00,0.00,172.00,0.00,3.44,0.02,0.36,1.00
cloud-k3s-master2,1,2026-06-05 17:20:26 UTC,sda,2.00,0.00,4.00,0.00,2.00,0.00,0.50,0.00
cloud-k3s-master2,1,2026-06-05 17:20:27 UTC,sda,42.00,0.00,144.00,0.00,3.43,0.02,0.40,1.20
cloud-k3s-master2,1,2026-06-05 17:20:28 UTC,sda,26.00,0.00,80.00,0.00,3.08,0.01,0.35,0.80
cloud-k3s-master2,1,2026-06-05 17:20:29 UTC,sda,41.00,0.00,136.00,0.00,3.32,0.02,0.41,1.10
cloud-k3s-master2,1,2026-06-05 17:20:30 UTC,sda,47.00,0.00,180.00,0.00,3.83,0.02,0.43,0.70
cloud-k3s-master2,1,2026-06-05 17:20:31 UTC,sda,68.00,0.00,208.00,0.00,3.06,0.03,0.40,1.70
cloud-k3s-master2,1,2026-06-05 17:20:32 UTC,sda,12.00,0.00,40.00,0.00,3.33,0.01,0.25,0.30
cloud-k3s-master2,1,2026-06-05 17:20:33 UTC,sda,63.00,0.00,196.00,0.00,3.11,0.03,0.38,1.80
cloud-k3s-master2,1,2026-06-05 17:20:34 UTC,sda,13.00,0.00,64.00,0.00,4.92,0.01,0.46,0.40
cloud-k3s-master2,1,2026-06-05 17:20:35 UTC,sda,42.00,0.00,132.00,0.00,3.14,0.02,0.38,0.90
cloud-k3s-master2,1,2026-06-05 17:20:36 UTC,sda,3.00,0.00,248.00,0.00,82.67,0.00,0.33,0.10
cloud-k3s-master2,1,2026-06-05 17:20:37 UTC,sda,47.00,0.00,184.00,0.00,3.91,0.03,0.43,0.70
cloud-k3s-master2,1,2026-06-05 17:20:38 UTC,sda,23.00,0.00,64.00,0.00,2.78,0.01,0.30,0.60
cloud-k3s-master2,1,2026-06-05 17:20:39 UTC,sda,57.00,0.00,200.00,0.00,3.51,0.03,0.42,1.50
cloud-k3s-master2,1,2026-06-05 17:20:40 UTC,sda,36.00,0.00,100.00,0.00,2.78,0.02,0.39,0.70
cloud-k3s-master2,1,2026-06-05 17:20:41 UTC,sda,47.00,0.00,164.00,0.00,3.49,0.02,0.40,1.30
cloud-k3s-master2,1,2026-06-05 17:20:42 UTC,sda,16.00,0.00,40.00,0.00,2.50,0.01,0.44,0.40
cloud-k3s-master2,1,2026-06-05 17:20:43 UTC,sda,68.00,0.00,212.00,0.00,3.12,0.03,0.38,2.00
cloud-k3s-master2,1,2026-06-05 17:20:44 UTC,sda,11.00,0.00,32.00,0.00,2.91,0.01,0.36,0.10
cloud-k3s-master2,1,2026-06-05 17:20:45 UTC,sda,33.00,0.00,116.00,0.00,3.52,0.02,0.42,0.70
cloud-k3s-master2,1,2026-06-05 17:20:46 UTC,sda,27.00,0.00,88.00,0.00,3.26,0.01,0.37,0.40
cloud-k3s-master2,1,2026-06-05 17:20:47 UTC,sda,39.00,0.00,120.00,0.00,3.08,0.02,0.41,0.80
cloud-k3s-master2,1,2026-06-05 17:20:48 UTC,sda,23.00,0.00,56.00,0.00,2.43,0.01,0.35,0.80
cloud-k3s-master2,1,2026-06-05 17:20:49 UTC,sda,54.00,0.00,180.00,0.00,3.33,0.03,0.41,1.40
cloud-k3s-master2,1,2026-06-05 17:20:50 UTC,sda,88.00,0.00,396.00,0.00,4.50,0.14,1.59,0.80
cloud-k3s-master2,1,2026-06-05 17:20:51 UTC,sda,59.00,0.00,208.00,0.00,3.53,0.03,0.37,1.30
cloud-k3s-master2,1,2026-06-05 17:20:52 UTC,sda,24.00,0.00,64.00,0.00,2.67,0.01,0.33,0.50
cloud-k3s-master2,1,2026-06-05 17:20:53 UTC,sda,61.00,0.00,176.00,0.00,2.89,0.03,0.36,1.30
cloud-k3s-master2,1,2026-06-05 17:20:54 UTC,sda,26.00,0.00,84.00,0.00,3.23,0.01,0.38,0.70
cloud-k3s-master2,1,2026-06-05 17:20:55 UTC,sda,43.00,0.00,160.00,0.00,3.72,0.02,0.37,0.90
cloud-k3s-master2,1,2026-06-05 17:20:56 UTC,sda,9.00,0.00,24.00,0.00,2.67,0.01,0.44,0.30
cloud-k3s-master2,1,2026-06-05 17:20:57 UTC,sda,48.00,0.00,144.00,0.00,3.00,0.03,0.44,1.30
cloud-k3s-master2,1,2026-06-05 17:20:58 UTC,sda,14.00,0.00,32.00,0.00,2.29,0.01,0.29,0.40
cloud-k3s-master2,1,2026-06-05 17:20:59 UTC,sda,46.00,0.00,136.00,0.00,2.96,0.02,0.39,1.00
cloud-k3s-master2,1,2026-06-05 17:21:00 UTC,sda,23.00,0.00,112.00,0.00,4.87,0.01,0.39,0.80
cloud-k3s-master2,1,2026-06-05 17:21:01 UTC,sda,64.00,0.00,212.00,0.00,3.31,0.03,0.45,1.60
cloud-k3s-master2,1,2026-06-05 17:21:02 UTC,sda,41.00,0.00,132.00,0.00,3.22,0.03,0.49,1.20
cloud-k3s-master2,1,2026-06-05 17:21:03 UTC,sda,66.00,0.00,200.00,0.00,3.03,0.03,0.36,1.40
cloud-k3s-master2,1,2026-06-05 17:21:04 UTC,sda,1.00,0.00,4.00,0.00,4.00,0.00,0.00,0.00
cloud-k3s-master2,1,2026-06-05 17:21:05 UTC,sda,35.00,0.00,120.00,0.00,3.43,0.01,0.37,0.80
cloud-k3s-master2,1,2026-06-05 17:21:06 UTC,sda,10.00,0.00,44.00,0.00,4.40,0.01,0.30,0.30
cloud-k3s-master2,1,2026-06-05 17:21:07 UTC,sda,49.00,0.00,404.00,0.00,8.24,0.03,0.43,1.10
cloud-k3s-master2,1,2026-06-05 17:21:08 UTC,sda,14.00,0.00,32.00,0.00,2.29,0.01,0.21,0.30
cloud-k3s-master2,1,2026-06-05 17:21:09 UTC,sda,52.00,0.00,172.00,0.00,3.31,0.03,0.40,0.90
cloud-k3s-master2,1,2026-06-05 17:21:10 UTC,sda,25.00,0.00,72.00,0.00,2.88,0.01,0.36,0.60
cloud-k3s-master2,1,2026-06-05 17:21:11 UTC,sda,48.00,0.00,164.00,0.00,3.42,0.02,0.40,1.10
cloud-k3s-master2,1,2026-06-05 17:21:12 UTC,sda,37.00,0.00,168.00,0.00,4.54,0.02,0.38,0.80
cloud-k3s-master2,1,2026-06-05 17:21:13 UTC,sda,59.00,0.00,172.00,0.00,2.92,0.03,0.39,0.90
cloud-k3s-master2,1,2026-06-05 17:21:14 UTC,sda,8.00,0.00,24.00,0.00,3.00,0.00,0.38,0.10
cloud-k3s-master2,1,2026-06-05 17:21:15 UTC,sda,35.00,0.00,132.00,0.00,3.77,0.02,0.37,1.20
cloud-k3s-master2,1,2026-06-05 17:21:16 UTC,sda,31.00,0.00,104.00,0.00,3.35,0.02,0.42,0.70
cloud-k3s-master2,1,2026-06-05 17:21:17 UTC,sda,44.00,0.00,180.00,0.00,4.09,0.02,0.36,0.80
cloud-k3s-master2,1,2026-06-05 17:21:18 UTC,sda,23.00,0.00,92.00,0.00,4.00,0.01,0.35,0.50
cloud-k3s-master2,1,2026-06-05 17:21:19 UTC,sda,36.00,0.00,120.00,0.00,3.33,0.02,0.42,1.00
cloud-k3s-master2,1,2026-06-05 17:21:20 UTC,sda,6.00,0.00,20.00,0.00,3.33,0.00,0.33,0.10
cloud-k3s-master2,1,2026-06-05 17:21:21 UTC,sda,56.00,0.00,188.00,0.00,3.36,0.03,0.39,1.40
cloud-k3s-master2,1,2026-06-05 17:21:22 UTC,sda,34.00,0.00,92.00,0.00,2.71,0.02,0.41,0.40
cloud-k3s-master2,1,2026-06-05 17:21:23 UTC,sda,58.00,0.00,188.00,0.00,3.24,0.03,0.34,1.00
cloud-k3s-master2,1,2026-06-05 17:21:24 UTC,sda,25.00,0.00,88.00,0.00,3.52,0.01,0.40,0.70
cloud-k3s-master2,1,2026-06-05 17:21:25 UTC,sda,98.00,0.00,400.00,0.00,4.08,0.14,1.33,1.40
cloud-k3s-master2,1,2026-06-05 17:21:26 UTC,sda,18.00,0.00,52.00,0.00,2.89,0.01,0.39,0.40
cloud-k3s-master2,1,2026-06-05 17:21:27 UTC,sda,31.00,0.00,112.00,0.00,3.61,0.01,0.32,0.80
cloud-k3s-master2,1,2026-06-05 17:21:28 UTC,sda,26.00,0.00,64.00,0.00,2.46,0.01,0.35,0.80
cloud-k3s-master2,1,2026-06-05 17:21:29 UTC,sda,31.00,0.00,100.00,0.00,3.23,0.02,0.42,0.40
cloud-k3s-master2,1,2026-06-05 17:21:30 UTC,sda,34.00,0.00,136.00,0.00,4.00,0.02,0.44,0.80
cloud-k3s-master2,1,2026-06-05 17:21:31 UTC,sda,57.00,0.00,192.00,0.00,3.37,0.03,0.39,1.50
cloud-k3s-master2,1,2026-06-05 17:21:32 UTC,sda,51.00,0.00,168.00,0.00,3.29,0.03,0.47,1.00
cloud-k3s-master2,1,2026-06-05 17:21:33 UTC,sda,66.00,0.00,196.00,0.00,2.97,0.04,0.44,1.40
cloud-k3s-master2,1,2026-06-05 17:21:34 UTC,sda,48.00,0.00,232.00,0.00,4.83,0.03,0.67,0.30
cloud-k3s-master2,1,2026-06-05 17:21:35 UTC,sda,33.00,0.00,116.00,0.00,3.52,0.01,0.30,0.40
cloud-k3s-master2,1,2026-06-05 17:21:36 UTC,sda,11.00,0.00,28.00,0.00,2.55,0.01,0.45,0.30
cloud-k3s-master2,1,2026-06-05 17:21:37 UTC,sda,34.00,0.00,112.00,0.00,3.29,0.02,0.41,0.60
cloud-k3s-master2,1,2026-06-05 17:21:38 UTC,sda,26.00,0.00,64.00,0.00,2.46,0.01,0.35,0.50
cloud-k3s-master2,1,2026-06-05 17:21:39 UTC,sda,28.00,0.00,104.00,0.00,3.71,0.01,0.39,0.80
cloud-k3s-master2,1,2026-06-05 17:21:40 UTC,sda,66.00,0.00,284.00,0.00,4.30,0.07,1.02,0.80
cloud-k3s-master2,1,2026-06-05 17:21:41 UTC,sda,45.00,0.00,164.00,0.00,3.64,0.02,0.42,0.90
cloud-k3s-master2,1,2026-06-05 17:21:42 UTC,sda,35.00,0.00,124.00,0.00,3.54,0.02,0.37,0.80
cloud-k3s-master2,1,2026-06-05 17:21:43 UTC,sda,50.00,0.00,168.00,0.00,3.36,0.02,0.36,1.10
cloud-k3s-master2,1,2026-06-05 17:21:44 UTC,sda,21.00,0.00,56.00,0.00,2.67,0.01,0.29,0.20
cloud-k3s-master2,1,2026-06-05 17:21:45 UTC,sda,46.00,0.00,208.00,0.00,4.52,0.02,0.43,0.70
cloud-k3s-master2,1,2026-06-05 17:21:46 UTC,sda,33.00,0.00,108.00,0.00,3.27,0.02,0.39,0.80
cloud-k3s-master2,1,2026-06-05 17:21:47 UTC,sda,38.00,0.00,116.00,0.00,3.05,0.02,0.42,1.00
cloud-k3s-master2,1,2026-06-05 17:21:48 UTC,sda,29.00,0.00,328.00,0.00,11.31,0.02,0.38,0.90
cloud-k3s-master2,1,2026-06-05 17:21:49 UTC,sda,57.00,0.00,236.00,0.00,4.14,0.07,1.23,0.60
cloud-k3s-master2,1,2026-06-05 17:21:50 UTC,sda,29.00,0.00,128.00,0.00,4.41,0.01,0.41,0.50
cloud-k3s-master2,1,2026-06-05 17:21:51 UTC,sda,31.00,0.00,100.00,0.00,3.23,0.02,0.42,0.70
cloud-k3s-master2,1,2026-06-05 17:21:52 UTC,sda,40.00,0.00,120.00,0.00,3.00,0.02,0.38,1.00
cloud-k3s-master2,1,2026-06-05 17:21:53 UTC,sda,57.00,0.00,172.00,0.00,3.02,0.03,0.35,1.00
cloud-k3s-master2,1,2026-06-05 17:21:54 UTC,sda,37.00,0.00,128.00,0.00,3.46,0.02,0.35,0.60
cloud-k3s-master2,1,2026-06-05 17:21:55 UTC,sda,63.00,0.00,248.00,0.00,3.94,0.07,1.14,0.60
cloud-k3s-master2,1,2026-06-05 17:21:56 UTC,sda,22.00,0.00,88.00,0.00,4.00,0.01,0.41,0.70
cloud-k3s-master2,1,2026-06-05 17:21:57 UTC,sda,28.00,0.00,92.00,0.00,3.29,0.01,0.36,0.60
cloud-k3s-master2,1,2026-06-05 17:21:58 UTC,sda,30.00,0.00,80.00,0.00,2.67,0.01,0.33,0.70
cloud-k3s-master2,1,2026-06-05 17:21:59 UTC,sda,22.00,0.00,76.00,0.00,3.45,0.01,0.41,0.80
cloud-k3s-master2,1,2026-06-05 17:22:00 UTC,sda,47.00,0.00,160.00,0.00,3.40,0.02,0.43,1.40
cloud-k3s-master2,1,2026-06-05 17:22:01 UTC,sda,33.00,0.00,116.00,0.00,3.52,0.02,0.39,0.90
cloud-k3s-master2,1,2026-06-05 17:22:02 UTC,sda,43.00,0.00,136.00,0.00,3.16,0.02,0.40,1.20
cloud-k3s-master2,1,2026-06-05 17:22:03 UTC,sda,69.00,0.00,204.00,0.00,2.96,0.03,0.39,1.60
cloud-k3s-master2,1,2026-06-05 17:22:04 UTC,sda,30.00,0.00,112.00,0.00,3.73,0.02,0.53,0.40
cloud-k3s-master2,1,2026-06-05 17:22:05 UTC,sda,69.00,0.00,348.00,0.00,5.04,0.09,1.30,0.90
cloud-k3s-master2,1,2026-06-05 17:22:06 UTC,sda,20.00,0.00,64.00,0.00,3.20,0.01,0.35,0.40
cloud-k3s-master2,1,2026-06-05 17:22:07 UTC,sda,36.00,0.00,112.00,0.00,3.11,0.02,0.36,0.80
cloud-k3s-master2,1,2026-06-05 17:22:08 UTC,sda,25.00,0.00,220.00,0.00,8.80,0.01,0.40,0.60
cloud-k3s-master2,1,2026-06-05 17:22:09 UTC,sda,31.00,0.00,128.00,0.00,4.13,0.02,0.39,1.10
cloud-k3s-master2,1,2026-06-05 17:22:10 UTC,sda,37.00,0.00,128.00,0.00,3.46,0.02,0.43,0.90
cloud-k3s-master2,1,2026-06-05 17:22:11 UTC,sda,29.00,0.00,80.00,0.00,2.76,0.01,0.38,0.80
cloud-k3s-master2,1,2026-06-05 17:22:12 UTC,sda,44.00,0.00,140.00,0.00,3.18,0.02,0.41,1.10
cloud-k3s-master2,1,2026-06-05 17:22:13 UTC,sda,60.00,0.00,192.00,0.00,3.20,0.03,0.43,1.90
cloud-k3s-master2,1,2026-06-05 17:22:14 UTC,sda,66.00,0.00,296.00,0.00,4.48,0.09,1.38,0.70
cloud-k3s-master2,1,2026-06-05 17:22:15 UTC,sda,24.75,0.00,91.09,0.00,3.68,0.02,0.48,0.50
cloud-k3s-master2,1,2026-06-05 17:22:16 UTC,sda,29.00,0.00,88.00,0.00,3.03,0.01,0.34,0.40
cloud-k3s-master2,1,2026-06-05 17:22:17 UTC,sda,44.00,0.00,136.00,0.00,3.09,0.02,0.39,0.70
cloud-k3s-master2,1,2026-06-05 17:22:18 UTC,sda,28.00,0.00,84.00,0.00,3.00,0.01,0.32,0.80
cloud-k3s-master2,1,2026-06-05 17:22:19 UTC,sda,19.00,0.00,56.00,0.00,2.95,0.01,0.37,0.70
cloud-k3s-master2,1,2026-06-05 17:22:20 UTC,sda,46.00,0.00,232.00,0.00,5.04,0.07,1.41,0.50
cloud-k3s-master2,1,2026-06-05 17:22:21 UTC,sda,42.00,0.00,128.00,0.00,3.05,0.02,0.38,1.00
cloud-k3s-master2,1,2026-06-05 17:22:22 UTC,sda,33.00,0.00,104.00,0.00,3.15,0.02,0.39,0.80
cloud-k3s-master2,1,2026-06-05 17:22:23 UTC,sda,74.00,0.00,220.00,0.00,2.97,0.04,0.41,1.60
cloud-k3s-master2,1,2026-06-05 17:22:24 UTC,sda,37.00,0.00,108.00,0.00,2.92,0.02,0.38,0.40
cloud-k3s-master2,1,2026-06-05 17:22:25 UTC,sda,40.00,0.00,140.00,0.00,3.50,0.02,0.42,0.70
cloud-k3s-master2,1,2026-06-05 17:22:26 UTC,sda,19.00,0.00,80.00,0.00,4.21,0.01,0.37,0.50
cloud-k3s-master2,1,2026-06-05 17:22:27 UTC,sda,46.00,0.00,144.00,0.00,3.13,0.02,0.39,0.90
cloud-k3s-master2,1,2026-06-05 17:22:28 UTC,sda,39.00,0.00,104.00,0.00,2.67,0.02,0.36,0.60
cloud-k3s-master2,1,2026-06-05 17:22:29 UTC,sda,59.00,0.00,256.00,0.00,4.34,0.09,1.46,0.60
cloud-k3s-master2,1,2026-06-05 17:22:30 UTC,sda,10.00,0.00,28.00,0.00,2.80,0.00,0.30,0.20
cloud-k3s-master2,1,2026-06-05 17:22:31 UTC,sda,33.00,0.00,116.00,0.00,3.52,0.02,0.36,0.90
cloud-k3s-master2,1,2026-06-05 17:22:32 UTC,sda,56.00,0.00,176.00,0.00,3.14,0.03,0.39,1.10
cloud-k3s-master2,1,2026-06-05 17:22:33 UTC,sda,71.00,0.00,216.00,0.00,3.04,0.04,0.39,1.80
cloud-k3s-master2,1,2026-06-05 17:22:34 UTC,sda,32.00,0.00,108.00,0.00,3.38,0.02,0.41,1.10
cloud-k3s-master2,1,2026-06-05 17:22:35 UTC,sda,56.00,0.00,260.00,0.00,4.64,0.14,2.54,0.80
cloud-k3s-master2,1,2026-06-05 17:22:36 UTC,sda,30.00,0.00,140.00,0.00,4.67,0.02,0.57,0.60
cloud-k3s-master2,1,2026-06-05 17:22:37 UTC,sda,39.00,0.00,144.00,0.00,3.69,0.02,0.41,1.00
cloud-k3s-master2,1,2026-06-05 17:22:38 UTC,sda,34.00,0.00,84.00,0.00,2.47,0.01,0.29,0.60
cloud-k3s-master2,1,2026-06-05 17:22:39 UTC,sda,40.00,0.00,372.00,0.00,9.30,0.02,0.42,0.80
cloud-k3s-master2,1,2026-06-05 17:22:40 UTC,sda,28.00,0.00,104.00,0.00,3.71,0.01,0.36,0.70
cloud-k3s-master2,1,2026-06-05 17:22:41 UTC,sda,34.00,0.00,108.00,0.00,3.18,0.02,0.44,0.70
cloud-k3s-master2,1,2026-06-05 17:22:42 UTC,sda,36.00,0.00,124.00,0.00,3.44,0.02,0.44,0.80
cloud-k3s-master2,1,2026-06-05 17:22:43 UTC,sda,76.00,0.00,220.00,0.00,2.89,0.04,0.41,1.80
cloud-k3s-master2,1,2026-06-05 17:22:44 UTC,sda,279.00,0.00,1476.00,0.00,5.29,0.14,0.37,10.90
cloud-k3s-master2,1,2026-06-05 17:22:45 UTC,sda,68.00,0.00,324.00,0.00,4.76,0.08,1.15,0.90
cloud-k3s-master2,1,2026-06-05 17:22:46 UTC,sda,11.00,0.00,28.00,0.00,2.55,0.01,0.36,0.20
cloud-k3s-master2,1,2026-06-05 17:22:47 UTC,sda,53.00,0.00,168.00,0.00,3.17,0.04,0.57,1.30
cloud-k3s-master2,1,2026-06-05 17:22:48 UTC,sda,48.00,0.00,156.00,0.00,3.25,0.02,0.42,1.10
cloud-k3s-master2,1,2026-06-05 17:22:49 UTC,sda,22.00,0.00,76.00,0.00,3.45,0.01,0.45,0.60
cloud-k3s-master2,1,2026-06-05 17:22:50 UTC,sda,19.00,0.00,52.00,0.00,2.74,0.01,0.47,0.50
cloud-k3s-master2,1,2026-06-05 17:22:51 UTC,sda,40.00,0.00,136.00,0.00,3.40,0.02,0.40,0.90
cloud-k3s-master2,1,2026-06-05 17:22:52 UTC,sda,31.00,0.00,100.00,0.00,3.23,0.01,0.35,0.60
cloud-k3s-master2,1,2026-06-05 17:22:53 UTC,sda,69.00,0.00,280.00,0.00,4.06,0.04,0.43,1.50
cloud-k3s-master2,1,2026-06-05 17:22:54 UTC,sda,60.00,0.00,196.00,0.00,3.27,0.03,0.40,1.30
cloud-k3s-master2,1,2026-06-05 17:22:55 UTC,sda,179.00,0.00,1428.00,0.00,7.98,0.22,1.17,2.20
cloud-k3s-master2,1,2026-06-05 17:22:56 UTC,sda,11.00,0.00,28.00,0.00,2.55,0.01,0.36,0.20
cloud-k3s-master2,1,2026-06-05 17:22:57 UTC,sda,43.00,0.00,132.00,0.00,3.07,0.02,0.42,1.00
cloud-k3s-master2,1,2026-06-05 17:22:58 UTC,sda,47.00,0.00,156.00,0.00,3.32,0.02,0.43,0.70
cloud-k3s-master2,1,2026-06-05 17:22:59 UTC,sda,21.00,0.00,56.00,0.00,2.67,0.01,0.43,0.60
cloud-k3s-master2,1,2026-06-05 17:23:00 UTC,sda,23.00,0.00,92.00,0.00,4.00,0.01,0.43,0.70
cloud-k3s-master2,1,2026-06-05 17:23:01 UTC,sda,40.00,0.00,124.00,0.00,3.10,0.02,0.42,0.90
cloud-k3s-master2,1,2026-06-05 17:23:02 UTC,sda,52.00,0.00,164.00,0.00,3.15,0.03,0.38,1.30
cloud-k3s-master2,1,2026-06-05 17:23:03 UTC,sda,65.00,0.00,192.00,0.00,2.95,0.03,0.40,1.30
cloud-k3s-master2,1,2026-06-05 17:23:04 UTC,sda,49.00,0.00,148.00,0.00,3.02,0.03,0.43,1.40
cloud-k3s-master2,1,2026-06-05 17:23:05 UTC,sda,40.00,0.00,136.00,0.00,3.40,0.02,0.45,1.20
cloud-k3s-master2,1,2026-06-05 17:23:06 UTC,sda,18.00,0.00,48.00,0.00,2.67,0.01,0.33,0.30
cloud-k3s-master2,1,2026-06-05 17:23:07 UTC,sda,45.00,0.00,136.00,0.00,3.02,0.02,0.40,1.00
cloud-k3s-master2,1,2026-06-05 17:23:08 UTC,sda,39.00,0.00,120.00,0.00,3.08,0.02,0.41,0.80
cloud-k3s-master2,1,2026-06-05 17:23:09 UTC,sda,35.00,0.00,108.00,0.00,3.09,0.02,0.37,1.10
cloud-k3s-master2,1,2026-06-05 17:23:10 UTC,sda,30.00,0.00,380.00,0.00,12.67,0.02,0.53,0.60
cloud-k3s-master2,1,2026-06-05 17:23:11 UTC,sda,21.00,0.00,56.00,0.00,2.67,0.01,0.38,0.40
cloud-k3s-master2,1,2026-06-05 17:23:12 UTC,sda,33.00,0.00,100.00,0.00,3.03,0.01,0.36,0.60
cloud-k3s-master2,1,2026-06-05 17:23:13 UTC,sda,59.00,0.00,188.00,0.00,3.19,0.03,0.41,1.30
cloud-k3s-master2,1,2026-06-05 17:23:14 UTC,sda,46.00,0.00,200.00,0.00,4.35,0.02,0.39,1.40
cloud-k3s-master2,1,2026-06-05 17:23:15 UTC,sda,40.00,0.00,124.00,0.00,3.10,0.02,0.45,1.00
cloud-k3s-master2,1,2026-06-05 17:23:16 UTC,sda,35.00,0.00,92.00,0.00,2.63,0.02,0.40,0.60
cloud-k3s-master2,1,2026-06-05 17:23:17 UTC,sda,59.00,0.00,188.00,0.00,3.19,0.03,0.42,1.40
cloud-k3s-master2,1,2026-06-05 17:23:18 UTC,sda,42.00,0.00,136.00,0.00,3.24,0.02,0.40,1.20
cloud-k3s-master2,1,2026-06-05 17:23:19 UTC,sda,175.00,0.00,904.00,0.00,5.17,0.09,0.36,5.70
cloud-k3s-master2,1,2026-06-05 17:23:20 UTC,sda,147.00,0.00,716.00,0.00,4.87,0.18,1.19,2.40
cloud-k3s-master2,1,2026-06-05 17:23:21 UTC,sda,22.00,0.00,56.00,0.00,2.55,0.01,0.41,0.70
cloud-k3s-master2,1,2026-06-05 17:23:22 UTC,sda,46.00,0.00,200.00,0.00,4.35,0.03,0.52,1.20
cloud-k3s-master2,1,2026-06-05 17:23:23 UTC,sda,64.00,0.00,208.00,0.00,3.25,0.04,0.45,1.20
cloud-k3s-master2,1,2026-06-05 17:23:24 UTC,sda,48.00,0.00,164.00,0.00,3.42,0.03,0.40,1.10
cloud-k3s-master2,1,2026-06-05 17:23:25 UTC,sda,53.00,0.00,164.00,0.00,3.09,0.02,0.38,1.00
cloud-k3s-master2,1,2026-06-05 17:23:26 UTC,sda,29.00,0.00,96.00,0.00,3.31,0.02,0.45,0.50
cloud-k3s-master2,1,2026-06-05 17:23:27 UTC,sda,45.00,0.00,136.00,0.00,3.02,0.02,0.40,0.90
cloud-k3s-master2,1,2026-06-05 17:23:28 UTC,sda,35.00,0.00,92.00,0.00,2.63,0.02,0.37,0.90
cloud-k3s-master2,1,2026-06-05 17:23:29 UTC,sda,33.00,0.00,108.00,0.00,3.27,0.01,0.36,0.60
cloud-k3s-master2,1,2026-06-05 17:23:30 UTC,sda,20.00,0.00,56.00,0.00,2.80,0.01,0.45,0.40
cloud-k3s-master2,1,2026-06-05 17:23:31 UTC,sda,21.00,0.00,84.00,0.00,4.00,0.01,0.43,0.50
cloud-k3s-master2,1,2026-06-05 17:23:32 UTC,sda,46.00,0.00,148.00,0.00,3.22,0.03,0.43,1.10
cloud-k3s-master2,1,2026-06-05 17:23:33 UTC,sda,57.00,0.00,168.00,0.00,2.95,0.03,0.39,1.20
cloud-k3s-master2,1,2026-06-05 17:23:34 UTC,sda,32.00,0.00,92.00,0.00,2.88,0.02,0.41,0.80
cloud-k3s-master2,1,2026-06-05 17:23:35 UTC,sda,60.00,0.00,204.00,0.00,3.40,0.03,0.40,1.00
cloud-k3s-master2,1,2026-06-05 17:23:36 UTC,sda,31.00,0.00,100.00,0.00,3.23,0.02,0.42,0.60
cloud-k3s-master2,1,2026-06-05 17:23:37 UTC,sda,32.00,0.00,84.00,0.00,2.62,0.01,0.38,0.70
cloud-k3s-master2,1,2026-06-05 17:23:38 UTC,sda,43.00,0.00,128.00,0.00,2.98,0.02,0.35,1.00
cloud-k3s-master2,1,2026-06-05 17:23:39 UTC,sda,41.00,0.00,124.00,0.00,3.02,0.02,0.41,0.70
cloud-k3s-master2,1,2026-06-05 17:23:40 UTC,sda,31.00,0.00,344.00,0.00,11.10,0.02,0.48,0.90
cloud-k3s-master2,1,2026-06-05 17:23:41 UTC,sda,26.00,0.00,100.00,0.00,3.85,0.01,0.35,0.70
cloud-k3s-master2,1,2026-06-05 17:23:42 UTC,sda,37.00,0.00,96.00,0.00,2.59,0.02,0.41,0.70
cloud-k3s-master2,1,2026-06-05 17:23:43 UTC,sda,48.00,0.00,140.00,0.00,2.92,0.03,0.44,1.40
cloud-k3s-master2,1,2026-06-05 17:23:44 UTC,sda,37.00,0.00,116.00,0.00,3.14,0.02,0.41,0.60
cloud-k3s-master2,1,2026-06-05 17:23:45 UTC,sda,64.00,0.00,248.00,0.00,3.88,0.04,0.45,1.60
cloud-k3s-master2,1,2026-06-05 17:23:46 UTC,sda,38.00,0.00,120.00,0.00,3.16,0.02,0.42,1.00
cloud-k3s-master2,1,2026-06-05 17:23:47 UTC,sda,48.00,0.00,156.00,0.00,3.25,0.03,0.54,1.70
cloud-k3s-master2,1,2026-06-05 17:23:48 UTC,sda,44.00,0.00,112.00,0.00,2.55,0.02,0.36,1.10
cloud-k3s-master2,1,2026-06-05 17:23:49 UTC,sda,33.00,0.00,104.00,0.00,3.15,0.02,0.42,1.00
cloud-k3s-master2,1,2026-06-05 17:23:50 UTC,sda,25.00,0.00,104.00,0.00,4.16,0.01,0.44,0.40
cloud-k3s-master2,1,2026-06-05 17:23:51 UTC,sda,20.00,0.00,52.00,0.00,2.60,0.01,0.40,0.20
cloud-k3s-master2,1,2026-06-05 17:23:52 UTC,sda,45.00,0.00,136.00,0.00,3.02,0.02,0.38,1.00
cloud-k3s-master2,1,2026-06-05 17:23:53 UTC,sda,46.00,0.00,140.00,0.00,3.04,0.02,0.41,1.20
cloud-k3s-master2,1,2026-06-05 17:23:54 UTC,sda,44.00,0.00,132.00,0.00,3.00,0.02,0.43,0.70
cloud-k3s-master2,1,2026-06-05 17:23:55 UTC,sda,106.00,0.00,448.00,0.00,4.23,0.18,1.64,1.80
cloud-k3s-master2,1,2026-06-05 17:23:56 UTC,sda,34.00,0.00,92.00,0.00,2.71,0.02,0.47,0.90
cloud-k3s-master2,1,2026-06-05 17:23:57 UTC,sda,390.00,0.00,2044.00,0.00,5.24,0.20,0.38,13.80
cloud-k3s-master2,1,2026-06-05 17:23:58 UTC,sda,219.00,0.00,1108.00,0.00,5.06,0.11,0.37,7.50
cloud-k3s-master2,1,2026-06-05 17:23:59 UTC,sda,1385.00,0.00,7704.00,0.00,5.56,0.69,0.35,46.70
cloud-k3s-master2,1,2026-06-05 17:24:00 UTC,sda,22.00,0.00,84.00,0.00,3.82,0.01,0.45,0.40
cloud-k3s-master2,1,2026-06-05 17:24:01 UTC,sda,25.00,0.00,84.00,0.00,3.36,0.01,0.44,0.80
cloud-k3s-master2,1,2026-06-05 17:24:02 UTC,sda,50.00,0.00,148.00,0.00,2.96,0.02,0.34,0.90
cloud-k3s-master2,1,2026-06-05 17:24:03 UTC,sda,70.00,0.00,224.00,0.00,3.20,0.04,0.44,1.60
cloud-k3s-master2,1,2026-06-05 17:24:04 UTC,sda,30.00,0.00,100.00,0.00,3.33,0.01,0.37,0.80
cloud-k3s-master2,1,2026-06-05 17:24:05 UTC,sda,35.00,0.00,120.00,0.00,3.43,0.02,0.37,1.20
cloud-k3s-master2,1,2026-06-05 17:24:06 UTC,sda,42.00,0.00,140.00,0.00,3.33,0.02,0.40,1.20
cloud-k3s-master2,1,2026-06-05 17:24:07 UTC,sda,43.00,0.00,132.00,0.00,3.07,0.02,0.44,0.90
cloud-k3s-master2,1,2026-06-05 17:24:08 UTC,sda,47.00,0.00,140.00,0.00,2.98,0.02,0.36,1.10
cloud-k3s-master2,1,2026-06-05 17:24:09 UTC,sda,85.00,0.00,344.00,0.00,4.05,0.04,0.41,1.80
cloud-k3s-master2,1,2026-06-05 17:24:10 UTC,sda,29.00,0.00,80.00,0.00,2.76,0.01,0.45,0.70
cloud-k3s-master2,1,2026-06-05 17:24:11 UTC,sda,45.00,0.00,484.00,0.00,10.76,0.03,0.44,1.30
cloud-k3s-master2,1,2026-06-05 17:24:12 UTC,sda,33.66,0.00,87.13,0.00,2.59,0.02,0.35,0.89
cloud-k3s-master2,1,2026-06-05 17:24:13 UTC,sda,56.00,0.00,168.00,0.00,3.00,0.03,0.39,1.20
cloud-k3s-master2,1,2026-06-05 17:24:14 UTC,sda,44.00,0.00,196.00,0.00,4.45,0.02,0.41,0.90
cloud-k3s-master2,1,2026-06-05 17:24:15 UTC,sda,35.00,0.00,132.00,0.00,3.77,0.02,0.37,0.80
cloud-k3s-master2,1,2026-06-05 17:24:16 UTC,sda,49.00,0.00,148.00,0.00,3.02,0.03,0.41,1.30
cloud-k3s-master2,1,2026-06-05 17:24:17 UTC,sda,62.00,0.00,192.00,0.00,3.10,0.04,0.47,1.80
cloud-k3s-master2,1,2026-06-05 17:24:18 UTC,sda,47.00,0.00,140.00,0.00,2.98,0.02,0.36,1.10
cloud-k3s-master2,1,2026-06-05 17:24:19 UTC,sda,24.00,0.00,64.00,0.00,2.67,0.01,0.42,0.70
cloud-k3s-master2,1,2026-06-05 17:24:20 UTC,sda,20.00,0.00,84.00,0.00,4.20,0.01,0.50,0.40
cloud-k3s-master2,1,2026-06-05 17:24:21 UTC,sda,25.00,0.00,68.00,0.00,2.72,0.01,0.36,0.40
cloud-k3s-master2,1,2026-06-05 17:24:22 UTC,sda,36.00,0.00,112.00,0.00,3.11,0.02,0.42,1.00
cloud-k3s-master2,1,2026-06-05 17:24:23 UTC,sda,61.00,0.00,208.00,0.00,3.41,0.03,0.39,1.20
cloud-k3s-master2,1,2026-06-05 17:24:24 UTC,sda,37.00,0.00,120.00,0.00,3.24,0.02,0.38,0.60
cloud-k3s-master2,1,2026-06-05 17:24:25 UTC,sda,45.00,0.00,160.00,0.00,3.56,0.02,0.40,1.00
cloud-k3s-master2,1,2026-06-05 17:24:26 UTC,sda,47.00,0.00,144.00,0.00,3.06,0.03,0.45,1.00
cloud-k3s-master2,1,2026-06-05 17:24:27 UTC,sda,57.00,0.00,176.00,0.00,3.09,0.03,0.35,1.10
cloud-k3s-master2,1,2026-06-05 17:24:28 UTC,sda,41.00,0.00,124.00,0.00,3.02,0.02,0.34,0.90
cloud-k3s-master2,1,2026-06-05 17:24:29 UTC,sda,20.00,0.00,56.00,0.00,2.80,0.01,0.40,0.60
cloud-k3s-master2,1,2026-06-05 17:24:30 UTC,sda,106.00,0.00,488.00,0.00,4.60,0.13,1.22,1.00
cloud-k3s-master2,1,2026-06-05 17:24:31 UTC,sda,13.00,0.00,32.00,0.00,2.46,0.01,0.38,0.40
cloud-k3s-master2,1,2026-06-05 17:24:32 UTC,sda,53.00,0.00,168.00,0.00,3.17,0.03,0.38,1.40
cloud-k3s-master2,1,2026-06-05 17:24:33 UTC,sda,62.00,0.00,188.00,0.00,3.03,0.03,0.40,1.50
cloud-k3s-master2,1,2026-06-05 17:24:34 UTC,sda,39.00,0.00,112.00,0.00,2.87,0.02,0.46,0.80
cloud-k3s-master2,1,2026-06-05 17:24:35 UTC,sda,25.00,0.00,96.00,0.00,3.84,0.01,0.40,0.60
cloud-k3s-master2,1,2026-06-05 17:24:36 UTC,sda,40.00,0.00,124.00,0.00,3.10,0.02,0.50,0.90
cloud-k3s-master2,1,2026-06-05 17:24:37 UTC,sda,56.00,0.00,180.00,0.00,3.21,0.03,0.41,1.40
cloud-k3s-master2,1,2026-06-05 17:24:38 UTC,sda,32.00,0.00,80.00,0.00,2.50,0.01,0.34,0.70
cloud-k3s-master2,1,2026-06-05 17:24:39 UTC,sda,74.00,0.00,304.00,0.00,4.11,0.10,1.31,1.10
cloud-k3s-master2,1,2026-06-05 17:24:40 UTC,sda,42.00,0.00,144.00,0.00,3.43,0.02,0.45,0.90
cloud-k3s-master2,1,2026-06-05 17:24:41 UTC,sda,15.00,0.00,56.00,0.00,3.73,0.01,0.47,0.30
cloud-k3s-master2,1,2026-06-05 17:24:42 UTC,sda,34.00,0.00,332.00,0.00,9.76,0.02,0.38,0.90
cloud-k3s-master2,1,2026-06-05 17:24:43 UTC,sda,50.00,0.00,176.00,0.00,3.52,0.02,0.38,1.00
cloud-k3s-master2,1,2026-06-05 17:24:44 UTC,sda,27.00,0.00,76.00,0.00,2.81,0.01,0.37,0.70
cloud-k3s-master2,1,2026-06-05 17:24:45 UTC,sda,45.00,0.00,172.00,0.00,3.82,0.02,0.42,1.20
cloud-k3s-master2,1,2026-06-05 17:24:46 UTC,sda,55.00,0.00,168.00,0.00,3.05,0.03,0.44,0.90
cloud-k3s-master2,1,2026-06-05 17:24:47 UTC,sda,71.00,0.00,224.00,0.00,3.15,0.04,0.41,1.10
cloud-k3s-master2,1,2026-06-05 17:24:48 UTC,sda,48.00,0.00,148.00,0.00,3.08,0.02,0.35,1.00
cloud-k3s-master2,1,2026-06-05 17:24:49 UTC,sda,26.00,0.00,96.00,0.00,3.69,0.01,0.38,0.90
cloud-k3s-master2,1,2026-06-05 17:24:50 UTC,sda,28.00,0.00,76.00,0.00,2.71,0.01,0.43,0.50
cloud-k3s-master2,1,2026-06-05 17:24:51 UTC,sda,10.00,0.00,28.00,0.00,2.80,0.01,0.40,0.10
cloud-k3s-master2,1,2026-06-05 17:24:52 UTC,sda,36.00,0.00,112.00,0.00,3.11,0.02,0.39,1.00
cloud-k3s-master2,1,2026-06-05 17:24:53 UTC,sda,48.00,0.00,152.00,0.00,3.17,0.12,2.50,4.30
cloud-k3s-master2,1,2026-06-05 17:24:54 UTC,sda,39.00,0.00,116.00,0.00,2.97,0.02,0.33,1.00
cloud-k3s-master2,1,2026-06-05 17:24:55 UTC,sda,52.00,0.00,256.00,0.00,4.92,0.03,0.44,1.20
cloud-k3s-master2,1,2026-06-05 17:24:56 UTC,sda,45.00,0.00,160.00,0.00,3.56,0.02,0.40,0.80
cloud-k3s-master2,1,2026-06-05 17:24:57 UTC,sda,40.00,0.00,108.00,0.00,2.70,0.02,0.42,0.70
cloud-k3s-master2,1,2026-06-05 17:24:58 UTC,sda,51.00,0.00,164.00,0.00,3.22,0.03,0.39,0.90
cloud-k3s-master2,1,2026-06-05 17:24:59 UTC,sda,21.00,0.00,60.00,0.00,2.86,0.01,0.38,0.40
cloud-k3s-master2,1,2026-06-05 17:25:00 UTC,sda,46.00,0.00,164.00,0.00,3.57,0.02,0.39,1.00
cloud-k3s-master2,1,2026-06-05 17:25:01 UTC,sda,17.00,0.00,48.00,0.00,2.82,0.01,0.35,0.20
cloud-k3s-master2,1,2026-06-05 17:25:02 UTC,sda,55.00,0.00,156.00,0.00,2.84,0.02,0.33,1.20
cloud-k3s-master2,1,2026-06-05 17:25:03 UTC,sda,53.00,0.00,188.00,0.00,3.55,0.03,0.42,1.10
cloud-k3s-master2,1,2026-06-05 17:25:04 UTC,sda,33.00,0.00,108.00,0.00,3.27,0.02,0.42,0.60
cloud-k3s-master2,1,2026-06-05 17:25:05 UTC,sda,28.00,0.00,120.00,0.00,4.29,0.01,0.36,0.40
cloud-k3s-master2,1,2026-06-05 17:25:06 UTC,sda,44.00,0.00,128.00,0.00,2.91,0.02,0.39,1.10
cloud-k3s-master2,1,2026-06-05 17:25:07 UTC,sda,55.00,0.00,164.00,0.00,2.98,0.03,0.40,1.30
cloud-k3s-master2,1,2026-06-05 17:25:08 UTC,sda,53.00,0.00,160.00,0.00,3.02,0.03,0.40,1.00
cloud-k3s-master2,1,2026-06-05 17:25:09 UTC,sda,27.00,0.00,112.00,0.00,4.15,0.01,0.37,0.80
cloud-k3s-master2,1,2026-06-05 17:25:10 UTC,sda,105.00,0.00,460.00,0.00,4.38,0.15,1.42,1.50
cloud-k3s-master2,1,2026-06-05 17:25:11 UTC,sda,19.00,0.00,52.00,0.00,2.74,0.01,0.42,0.50
cloud-k3s-master2,1,2026-06-05 17:25:12 UTC,sda,40.00,0.00,132.00,0.00,3.30,0.02,0.35,1.10
cloud-k3s-master2,1,2026-06-05 17:25:13 UTC,sda,34.00,0.00,332.00,0.00,9.76,0.02,0.47,0.70
cloud-k3s-master2,1,2026-06-05 17:25:14 UTC,sda,42.00,0.00,148.00,0.00,3.52,0.02,0.38,1.00
cloud-k3s-master2,1,2026-06-05 17:25:15 UTC,sda,31.00,0.00,116.00,0.00,3.74,0.02,0.45,0.80
cloud-k3s-master2,1,2026-06-05 17:25:16 UTC,sda,35.00,0.00,108.00,0.00,3.09,0.02,0.40,1.00
cloud-k3s-master2,1,2026-06-05 17:25:17 UTC,sda,53.00,0.00,168.00,0.00,3.17,0.03,0.42,1.40
cloud-k3s-master2,1,2026-06-05 17:25:18 UTC,sda,74.00,0.00,236.00,0.00,3.19,0.04,0.41,1.70
cloud-k3s-master2,1,2026-06-05 17:25:19 UTC,sda,17.00,0.00,52.00,0.00,3.06,0.01,0.47,0.40
cloud-k3s-master2,1,2026-06-05 17:25:20 UTC,sda,32.00,0.00,116.00,0.00,3.62,0.01,0.31,0.80
cloud-k3s-master2,1,2026-06-05 17:25:21 UTC,sda,17.00,0.00,48.00,0.00,2.82,0.01,0.35,0.20
cloud-k3s-master2,1,2026-06-05 17:25:22 UTC,sda,36.00,0.00,116.00,0.00,3.22,0.02,0.36,1.10
cloud-k3s-master2,1,2026-06-05 17:25:23 UTC,sda,45.00,0.00,168.00,0.00,3.73,0.02,0.44,0.90
cloud-k3s-master2,1,2026-06-05 17:25:24 UTC,sda,69.00,0.00,236.00,0.00,3.42,0.03,0.39,1.60
cloud-k3s-master2,1,2026-06-05 17:25:25 UTC,sda,13.00,0.00,60.00,0.00,4.62,0.01,0.46,0.40
cloud-k3s-master2,1,2026-06-05 17:25:26 UTC,sda,44.00,0.00,132.00,0.00,3.00,0.02,0.39,1.10
cloud-k3s-master2,1,2026-06-05 17:25:27 UTC,sda,43.00,0.00,132.00,0.00,3.07,0.02,0.42,1.00
cloud-k3s-master2,1,2026-06-05 17:25:28 UTC,sda,65.00,0.00,184.00,0.00,2.83,0.03,0.40,1.40
cloud-k3s-master2,1,2026-06-05 17:25:29 UTC,sda,15.00,0.00,72.00,0.00,4.80,0.01,0.47,0.20
cloud-k3s-master2,1,2026-06-05 17:25:30 UTC,sda,50.00,0.00,164.00,0.00,3.28,0.02,0.38,1.30
cloud-k3s-master2,1,2026-06-05 17:25:31 UTC,sda,20.00,0.00,72.00,0.00,3.60,0.01,0.40,0.60
cloud-k3s-master2,1,2026-06-05 17:25:32 UTC,sda,50.00,0.00,148.00,0.00,2.96,0.03,0.48,1.50
cloud-k3s-master2,1,2026-06-05 17:25:33 UTC,sda,43.00,0.00,136.00,0.00,3.16,0.02,0.42,0.90
cloud-k3s-master2,1,2026-06-05 17:25:34 UTC,sda,44.00,0.00,140.00,0.00,3.18,0.02,0.43,1.10
cloud-k3s-master2,1,2026-06-05 17:25:35 UTC,sda,11.00,0.00,32.00,0.00,2.91,0.01,0.45,0.30
cloud-k3s-master2,1,2026-06-05 17:25:36 UTC,sda,36.00,0.00,120.00,0.00,3.33,0.02,0.39,0.90
cloud-k3s-master2,1,2026-06-05 17:25:37 UTC,sda,42.00,0.00,128.00,0.00,3.05,0.02,0.38,0.80
cloud-k3s-master2,1,2026-06-05 17:25:38 UTC,sda,68.00,0.00,216.00,0.00,3.18,0.04,0.44,1.70
cloud-k3s-master2,1,2026-06-05 17:25:39 UTC,sda,23.00,0.00,60.00,0.00,2.61,0.01,0.39,0.50
cloud-k3s-master2,1,2026-06-05 17:25:40 UTC,sda,42.00,0.00,156.00,0.00,3.71,0.02,0.40,1.30
cloud-k3s-master2,1,2026-06-05 17:25:41 UTC,sda,14.00,0.00,40.00,0.00,2.86,0.01,0.36,0.20
cloud-k3s-master2,1,2026-06-05 17:25:42 UTC,sda,40.00,0.00,120.00,0.00,3.00,0.02,0.40,0.90
cloud-k3s-master2,1,2026-06-05 17:25:43 UTC,sda,34.00,0.00,328.00,0.00,9.65,0.02,0.44,0.70
cloud-k3s-master2,1,2026-06-05 17:25:44 UTC,sda,53.00,0.00,220.00,0.00,4.15,0.03,0.43,1.10
cloud-k3s-master2,1,2026-06-05 17:25:45 UTC,sda,80.00,0.00,368.00,0.00,4.60,0.13,1.56,1.10
cloud-k3s-master2,1,2026-06-05 17:25:46 UTC,sda,42.00,0.00,128.00,0.00,3.05,0.02,0.43,1.00
cloud-k3s-master2,1,2026-06-05 17:25:47 UTC,sda,63.00,0.00,212.00,0.00,3.37,0.03,0.46,1.10
cloud-k3s-master2,1,2026-06-05 17:25:48 UTC,sda,80.00,0.00,244.00,0.00,3.05,0.04,0.35,2.00
cloud-k3s-master2,1,2026-06-05 17:25:49 UTC,sda,15.00,0.00,44.00,0.00,2.93,0.01,0.40,0.30
cloud-k3s-master2,1,2026-06-05 17:25:50 UTC,sda,38.00,0.00,124.00,0.00,3.26,0.02,0.39,1.10
cloud-k3s-master2,1,2026-06-05 17:25:51 UTC,sda,18.00,0.00,48.00,0.00,2.67,0.01,0.39,0.30
cloud-k3s-master2,1,2026-06-05 17:25:52 UTC,sda,41.00,0.00,132.00,0.00,3.22,0.02,0.41,0.80
cloud-k3s-master2,1,2026-06-05 17:25:53 UTC,sda,27.00,0.00,72.00,0.00,2.67,0.01,0.37,0.50
cloud-k3s-master2,1,2026-06-05 17:25:54 UTC,sda,40.00,0.00,140.00,0.00,3.50,0.02,0.42,0.80
cloud-k3s-master2,1,2026-06-05 17:25:55 UTC,sda,75.00,0.00,312.00,0.00,4.16,0.10,1.21,1.00
cloud-k3s-master2,1,2026-06-05 17:25:56 UTC,sda,42.00,0.00,128.00,0.00,3.05,0.02,0.38,1.10
cloud-k3s-master2,1,2026-06-05 17:25:57 UTC,sda,43.00,0.00,132.00,0.00,3.07,0.03,0.53,1.40
cloud-k3s-master2,1,2026-06-05 17:25:58 UTC,sda,50.00,0.00,148.00,0.00,2.96,0.03,0.44,1.20
cloud-k3s-master2,1,2026-06-05 17:25:59 UTC,sda,27.00,0.00,104.00,0.00,3.85,0.01,0.41,0.50
cloud-k3s-master2,1,2026-06-05 17:26:00 UTC,sda,43.00,0.00,132.00,0.00,3.07,0.02,0.42,0.70
cloud-k3s-master2,1,2026-06-05 17:26:01 UTC,sda,19.00,0.00,72.00,0.00,3.79,0.01,0.37,0.30
cloud-k3s-master2,1,2026-06-05 17:26:02 UTC,sda,50.00,0.00,148.00,0.00,2.96,0.02,0.34,1.00
cloud-k3s-master2,1,2026-06-05 17:26:03 UTC,sda,37.00,0.00,116.00,0.00,3.14,0.02,0.49,0.90
cloud-k3s-master2,1,2026-06-05 17:26:04 UTC,sda,66.00,0.00,264.00,0.00,4.00,0.09,1.26,0.80
cloud-k3s-master2,1,2026-06-05 17:26:05 UTC,sda,35.00,0.00,136.00,0.00,3.89,0.02,0.43,0.80
cloud-k3s-master2,1,2026-06-05 17:26:06 UTC,sda,32.00,0.00,104.00,0.00,3.25,0.02,0.41,0.50
cloud-k3s-master2,1,2026-06-05 17:26:07 UTC,sda,40.00,0.00,120.00,0.00,3.00,0.02,0.38,1.10
cloud-k3s-master2,1,2026-06-05 17:26:08 UTC,sda,61.00,0.00,172.00,0.00,2.82,0.03,0.38,1.50
cloud-k3s-master2,1,2026-06-05 17:26:09 UTC,sda,37.62,0.00,114.85,0.00,3.05,0.02,0.39,0.59
cloud-k3s-master2,1,2026-06-05 17:26:10 UTC,sda,69.00,0.00,292.00,0.00,4.23,0.08,1.06,1.00
cloud-k3s-master2,1,2026-06-05 17:26:11 UTC,sda,25.00,0.00,88.00,0.00,3.52,0.01,0.40,0.20
cloud-k3s-master2,1,2026-06-05 17:26:12 UTC,sda,33.00,0.00,108.00,0.00,3.27,0.02,0.42,0.80
cloud-k3s-master2,1,2026-06-05 17:26:13 UTC,sda,27.00,0.00,72.00,0.00,2.67,0.01,0.37,0.30
cloud-k3s-master2,1,2026-06-05 17:26:14 UTC,sda,31.00,0.00,344.00,0.00,11.10,0.02,0.42,0.60
cloud-k3s-master2,1,2026-06-05 17:26:15 UTC,sda,38.00,0.00,156.00,0.00,4.11,0.02,0.47,0.70
cloud-k3s-master2,1,2026-06-05 17:26:16 UTC,sda,32.00,0.00,104.00,0.00,3.25,0.06,1.69,4.90
cloud-k3s-master2,1,2026-06-05 17:26:17 UTC,sda,47.00,0.00,152.00,0.00,3.23,0.03,0.43,0.80
cloud-k3s-master2,1,2026-06-05 17:26:18 UTC,sda,70.00,0.00,212.00,0.00,3.03,0.04,0.40,1.60
cloud-k3s-master2,1,2026-06-05 17:26:19 UTC,sda,37.00,0.00,120.00,0.00,3.24,0.02,0.43,0.80
cloud-k3s-master2,1,2026-06-05 17:26:20 UTC,sda,71.00,0.00,304.00,0.00,4.28,0.11,1.48,1.10
cloud-k3s-master2,1,2026-06-05 17:26:21 UTC,sda,17.00,0.00,48.00,0.00,2.82,0.01,0.41,0.50
cloud-k3s-master2,1,2026-06-05 17:26:22 UTC,sda,43.00,0.00,132.00,0.00,3.07,0.02,0.42,0.60
cloud-k3s-master2,1,2026-06-05 17:26:23 UTC,sda,35.00,0.00,100.00,0.00,2.86,0.02,0.40,0.80
cloud-k3s-master2,1,2026-06-05 17:26:24 UTC,sda,48.00,0.00,172.00,0.00,3.58,0.02,0.40,1.40
cloud-k3s-master2,1,2026-06-05 17:26:25 UTC,sda,20.00,0.00,80.00,0.00,4.00,0.01,0.40,0.50
cloud-k3s-master2,1,2026-06-05 17:26:26 UTC,sda,33.00,0.00,104.00,0.00,3.15,0.02,0.39,0.70
cloud-k3s-master2,1,2026-06-05 17:26:27 UTC,sda,40.00,0.00,108.00,0.00,2.70,0.02,0.40,0.60
cloud-k3s-master2,1,2026-06-05 17:26:28 UTC,sda,66.00,0.00,200.00,0.00,3.03,0.03,0.38,1.60
cloud-k3s-master2,1,2026-06-05 17:26:29 UTC,sda,69.00,0.00,280.00,0.00,4.06,0.10,1.43,0.70
cloud-k3s-master2,1,2026-06-05 17:26:30 UTC,sda,52.00,0.00,184.00,0.00,3.54,0.03,0.42,1.40
cloud-k3s-master2,1,2026-06-05 17:26:31 UTC,sda,19.00,0.00,52.00,0.00,2.74,0.01,0.42,0.40
cloud-k3s-master2,1,2026-06-05 17:26:32 UTC,sda,54.00,0.00,172.00,0.00,3.19,0.03,0.41,1.20
cloud-k3s-master2,1,2026-06-05 17:26:33 UTC,sda,43.00,0.00,136.00,0.00,3.16,0.02,0.44,0.90
cloud-k3s-master2,1,2026-06-05 17:26:34 UTC,sda,59.00,0.00,236.00,0.00,4.00,0.08,1.31,1.10
cloud-k3s-master2,1,2026-06-05 17:26:35 UTC,sda,31.00,0.00,120.00,0.00,3.87,0.01,0.42,0.60
cloud-k3s-master2,1,2026-06-05 17:26:36 UTC,sda,26.00,0.00,84.00,0.00,3.23,0.01,0.38,0.60
cloud-k3s-master2,1,2026-06-05 17:26:37 UTC,sda,40.00,0.00,124.00,0.00,3.10,0.02,0.40,0.90
cloud-k3s-master2,1,2026-06-05 17:26:38 UTC,sda,66.00,0.00,188.00,0.00,2.85,0.03,0.36,2.10
cloud-k3s-master2,1,2026-06-05 17:26:39 UTC,sda,45.00,0.00,144.00,0.00,3.20,0.02,0.42,1.20
cloud-k3s-master2,1,2026-06-05 17:26:40 UTC,sda,39.00,0.00,132.00,0.00,3.38,0.02,0.41,0.90
cloud-k3s-master2,1,2026-06-05 17:26:41 UTC,sda,31.00,0.00,108.00,0.00,3.48,0.01,0.39,0.50
cloud-k3s-master2,1,2026-06-05 17:26:42 UTC,sda,49.00,0.00,148.00,0.00,3.02,0.02,0.39,1.20
cloud-k3s-master2,1,2026-06-05 17:26:43 UTC,sda,33.00,0.00,88.00,0.00,2.67,0.02,0.39,0.70
cloud-k3s-master2,1,2026-06-05 17:26:44 UTC,sda,60.00,0.00,264.00,0.00,4.40,0.09,1.35,1.20
cloud-k3s-master2,1,2026-06-05 17:26:45 UTC,sda,38.00,0.00,412.00,0.00,10.84,0.02,0.45,1.00
cloud-k3s-master2,1,2026-06-05 17:26:46 UTC,sda,35.00,0.00,116.00,0.00,3.31,0.02,0.40,0.90
cloud-k3s-master2,1,2026-06-05 17:26:47 UTC,sda,54.00,0.00,172.00,0.00,3.19,0.03,0.46,1.30
cloud-k3s-master2,1,2026-06-05 17:26:48 UTC,sda,60.00,0.00,184.00,0.00,3.07,0.03,0.40,1.60
cloud-k3s-master2,1,2026-06-05 17:26:49 UTC,sda,36.00,0.00,104.00,0.00,2.89,0.02,0.42,0.80
cloud-k3s-master2,1,2026-06-05 17:26:50 UTC,sda,79.00,0.00,344.00,0.00,4.35,0.08,0.97,1.40
cloud-k3s-master2,1,2026-06-05 17:26:51 UTC,sda,20.00,0.00,88.00,0.00,4.40,0.01,0.40,0.40
cloud-k3s-master2,1,2026-06-05 17:26:52 UTC,sda,40.00,0.00,136.00,0.00,3.40,0.02,0.53,1.20
cloud-k3s-master2,1,2026-06-05 17:26:53 UTC,sda,43.00,0.00,124.00,0.00,2.88,0.02,0.42,0.70
cloud-k3s-master2,1,2026-06-05 17:26:54 UTC,sda,41.00,0.00,144.00,0.00,3.51,0.02,0.37,1.20
cloud-k3s-master2,1,2026-06-05 17:26:55 UTC,sda,16.00,0.00,44.00,0.00,2.75,0.01,0.38,0.20
cloud-k3s-master2,1,2026-06-05 17:26:56 UTC,sda,53.00,0.00,168.00,0.00,3.17,0.03,0.40,1.10
cloud-k3s-master2,1,2026-06-05 17:26:57 UTC,sda,37.00,0.00,120.00,0.00,3.24,0.02,0.38,0.60
cloud-k3s-master2,1,2026-06-05 17:26:58 UTC,sda,56.00,0.00,160.00,0.00,2.86,0.03,0.36,1.30
cloud-k3s-master2,1,2026-06-05 17:26:59 UTC,sda,49.00,0.00,160.00,0.00,3.27,0.03,0.43,1.30
cloud-k3s-master2,1,2026-06-05 17:27:00 UTC,sda,79.00,0.00,336.00,0.00,4.25,0.08,0.90,1.20
cloud-k3s-master2,1,2026-06-05 17:27:01 UTC,sda,27.00,0.00,80.00,0.00,2.96,0.01,0.37,0.90
cloud-k3s-master2,1,2026-06-05 17:27:02 UTC,sda,39.00,0.00,128.00,0.00,3.28,0.02,0.33,0.70
cloud-k3s-master2,1,2026-06-05 17:27:03 UTC,sda,52.00,0.00,140.00,0.00,2.69,0.03,0.42,1.00
cloud-k3s-master2,1,2026-06-05 17:27:04 UTC,sda,20.00,0.00,72.00,0.00,3.60,0.01,0.35,0.50
cloud-k3s-master2,1,2026-06-05 17:27:05 UTC,sda,19.00,0.00,56.00,0.00,2.95,0.01,0.42,0.50
cloud-k3s-master2,1,2026-06-05 17:27:06 UTC,sda,33.00,0.00,132.00,0.00,4.00,0.02,0.39,1.10
cloud-k3s-master2,1,2026-06-05 17:27:07 UTC,sda,33.00,0.00,88.00,0.00,2.67,0.01,0.36,0.80
cloud-k3s-master2,1,2026-06-05 17:27:08 UTC,sda,52.00,0.00,156.00,0.00,3.00,0.03,0.37,1.30
cloud-k3s-master2,1,2026-06-05 17:27:09 UTC,sda,79.00,0.00,336.00,0.00,4.25,0.10,1.27,1.60
cloud-k3s-master2,1,2026-06-05 17:27:10 UTC,sda,34.00,0.00,116.00,0.00,3.41,0.02,0.41,0.30
cloud-k3s-master2,1,2026-06-05 17:27:11 UTC,sda,36.00,0.00,144.00,0.00,4.00,0.02,0.42,1.20
cloud-k3s-master2,1,2026-06-05 17:27:12 UTC,sda,39.00,0.00,144.00,0.00,3.69,0.02,0.38,1.10
cloud-k3s-master2,1,2026-06-05 17:27:13 UTC,sda,52.00,0.00,156.00,0.00,3.00,0.02,0.38,1.30
cloud-k3s-master2,1,2026-06-05 17:27:14 UTC,sda,25.00,0.00,84.00,0.00,3.36,0.01,0.28,0.50
cloud-k3s-master2,1,2026-06-05 17:27:15 UTC,sda,63.00,0.00,520.00,0.00,8.25,0.08,1.21,0.80
cloud-k3s-master2,1,2026-06-05 17:27:16 UTC,sda,42.00,0.00,156.00,0.00,3.71,0.02,0.38,0.70
cloud-k3s-master2,1,2026-06-05 17:27:17 UTC,sda,37.00,0.00,116.00,0.00,3.14,0.02,0.41,1.10
cloud-k3s-master2,1,2026-06-05 17:27:18 UTC,sda,57.00,0.00,164.00,0.00,2.88,0.03,0.39,1.30
cloud-k3s-master2,1,2026-06-05 17:27:19 UTC,sda,47.00,0.00,144.00,0.00,3.06,0.02,0.43,1.10
cloud-k3s-master2,1,2026-06-05 17:27:20 UTC,sda,39.00,0.00,136.00,0.00,3.49,0.02,0.38,0.80
cloud-k3s-master2,1,2026-06-05 17:27:21 UTC,sda,28.00,0.00,92.00,0.00,3.29,0.01,0.39,0.60
cloud-k3s-master2,1,2026-06-05 17:27:22 UTC,sda,43.00,0.00,140.00,0.00,3.26,0.02,0.44,1.00
cloud-k3s-master2,1,2026-06-05 17:27:23 UTC,sda,50.00,0.00,140.00,0.00,2.80,0.03,0.40,1.30
cloud-k3s-master2,1,2026-06-05 17:27:24 UTC,sda,36.00,0.00,132.00,0.00,3.67,0.02,0.42,0.80
cloud-k3s-master2,1,2026-06-05 17:27:25 UTC,sda,57.00,0.00,240.00,0.00,4.21,0.09,1.51,0.60
cloud-k3s-master2,1,2026-06-05 17:27:26 UTC,sda,41.00,0.00,136.00,0.00,3.32,0.02,0.37,1.00
cloud-k3s-master2,1,2026-06-05 17:27:27 UTC,sda,35.00,0.00,112.00,0.00,3.20,0.02,0.43,0.80
cloud-k3s-master2,1,2026-06-05 17:27:28 UTC,sda,50.00,0.00,148.00,0.00,2.96,0.03,0.40,1.00
cloud-k3s-master2,1,2026-06-05 17:27:29 UTC,sda,31.00,0.00,112.00,0.00,3.61,0.01,0.42,0.80
cloud-k3s-master2,1,2026-06-05 17:27:30 UTC,sda,58.00,0.00,176.00,0.00,3.03,0.03,0.38,1.30
cloud-k3s-master2,1,2026-06-05 17:27:31 UTC,sda,27.00,0.00,72.00,0.00,2.67,0.01,0.41,0.60
cloud-k3s-master2,1,2026-06-05 17:27:32 UTC,sda,45.00,0.00,148.00,0.00,3.29,0.02,0.40,1.30
cloud-k3s-master2,1,2026-06-05 17:27:33 UTC,sda,66.00,0.00,208.00,0.00,3.15,0.03,0.41,1.30
cloud-k3s-master2,1,2026-06-05 17:27:34 UTC,sda,59.00,0.00,268.00,0.00,4.54,0.09,1.42,0.90
cloud-k3s-master2,1,2026-06-05 17:27:35 UTC,sda,18.00,0.00,48.00,0.00,2.67,0.01,0.44,0.40
cloud-k3s-master2,1,2026-06-05 17:27:36 UTC,sda,33.00,0.00,128.00,0.00,3.88,0.04,1.12,1.90
cloud-k3s-master2,1,2026-06-05 17:27:37 UTC,sda,32.00,0.00,84.00,0.00,2.62,0.04,1.12,1.40
cloud-k3s-master2,1,2026-06-05 17:27:38 UTC,sda,45.00,0.00,132.00,0.00,2.93,0.02,0.38,0.90
cloud-k3s-master2,1,2026-06-05 17:27:39 UTC,sda,75.00,0.00,332.00,0.00,4.43,0.07,0.93,1.00
cloud-k3s-master2,1,2026-06-05 17:27:40 UTC,sda,50.00,0.00,160.00,0.00,3.20,0.03,0.42,0.90
cloud-k3s-master2,1,2026-06-05 17:27:41 UTC,sda,40.00,0.00,124.00,0.00,3.10,0.02,0.40,1.00
cloud-k3s-master2,1,2026-06-05 17:27:42 UTC,sda,38.00,0.00,116.00,0.00,3.05,0.02,0.37,0.60
cloud-k3s-master2,1,2026-06-05 17:27:43 UTC,sda,53.00,0.00,160.00,0.00,3.02,0.03,0.43,0.90
cloud-k3s-master2,1,2026-06-05 17:27:44 UTC,sda,22.00,0.00,56.00,0.00,2.55,0.01,0.32,0.80
cloud-k3s-master2,1,2026-06-05 17:27:45 UTC,sda,37.00,0.00,160.00,0.00,4.32,0.02,0.49,0.90
cloud-k3s-master2,1,2026-06-05 17:27:46 UTC,sda,25.00,0.00,308.00,0.00,12.32,0.01,0.44,0.40
cloud-k3s-master2,1,2026-06-05 17:27:47 UTC,sda,56.00,0.00,196.00,0.00,3.50,0.03,0.36,1.20
cloud-k3s-master2,1,2026-06-05 17:27:48 UTC,sda,50.00,0.00,148.00,0.00,2.96,0.02,0.40,1.20
cloud-k3s-master2,1,2026-06-05 17:27:49 UTC,sda,67.00,0.00,284.00,0.00,4.24,0.08,1.12,1.10
cloud-k3s-master2,1,2026-06-05 17:27:50 UTC,sda,50.00,0.00,180.00,0.00,3.60,0.03,0.44,1.00
cloud-k3s-master2,1,2026-06-05 17:27:51 UTC,sda,30.00,0.00,100.00,0.00,3.33,0.01,0.37,0.80
cloud-k3s-master2,1,2026-06-05 17:27:52 UTC,sda,38.00,0.00,116.00,0.00,3.05,0.02,0.39,1.20
cloud-k3s-master2,1,2026-06-05 17:27:53 UTC,sda,42.00,0.00,112.00,0.00,2.67,0.02,0.40,1.10
cloud-k3s-master2,1,2026-06-05 17:27:54 UTC,sda,39.00,0.00,144.00,0.00,3.69,0.02,0.38,1.20
cloud-k3s-master2,1,2026-06-05 17:27:55 UTC,sda,148.00,0.00,804.00,0.00,5.43,0.18,1.17,1.20
cloud-k3s-master2,1,2026-06-05 17:27:56 UTC,sda,35.00,0.00,128.00,0.00,3.66,0.02,0.43,0.80
cloud-k3s-master2,1,2026-06-05 17:27:57 UTC,sda,50.00,0.00,152.00,0.00,3.04,0.03,0.44,1.20
cloud-k3s-master2,1,2026-06-05 17:27:58 UTC,sda,38.00,0.00,108.00,0.00,2.84,0.02,0.45,1.40
cloud-k3s-master2,1,2026-06-05 17:27:59 UTC,sda,27.00,0.00,72.00,0.00,2.67,0.01,0.33,0.30
cloud-k3s-master2,1,2026-06-05 17:28:00 UTC,sda,81.00,0.00,340.00,0.00,4.20,0.09,1.02,1.30
cloud-k3s-master2,1,2026-06-05 17:28:01 UTC,sda,47.00,0.00,148.00,0.00,3.15,0.02,0.38,1.10
cloud-k3s-master2,1,2026-06-05 17:28:02 UTC,sda,54.46,0.00,162.38,0.00,2.98,0.02,0.36,1.09
cloud-k3s-master2,1,2026-06-05 17:28:03 UTC,sda,53.00,0.00,160.00,0.00,3.02,0.03,0.42,1.30
cloud-k3s-master2,1,2026-06-05 17:28:04 UTC,sda,33.00,0.00,104.00,0.00,3.15,0.02,0.39,0.50
cloud-k3s-master2,1,2026-06-05 17:28:05 UTC,sda,18.00,0.00,48.00,0.00,2.67,0.01,0.44,0.40
cloud-k3s-master2,1,2026-06-05 17:28:06 UTC,sda,22.00,0.00,88.00,0.00,4.00,0.01,0.45,0.40
cloud-k3s-master2,1,2026-06-05 17:28:07 UTC,sda,38.00,0.00,120.00,0.00,3.16,0.03,0.50,1.30
cloud-k3s-master2,1,2026-06-05 17:28:08 UTC,sda,52.00,0.00,136.00,0.00,2.62,0.02,0.37,1.20
cloud-k3s-master2,1,2026-06-05 17:28:09 UTC,sda,65.00,0.00,276.00,0.00,4.25,0.08,1.23,0.90
cloud-k3s-master2,1,2026-06-05 17:28:10 UTC,sda,59.00,0.00,196.00,0.00,3.32,0.03,0.39,1.70
cloud-k3s-master2,1,2026-06-05 17:28:11 UTC,sda,54.00,0.00,164.00,0.00,3.04,0.03,0.43,1.40
cloud-k3s-master2,1,2026-06-05 17:28:12 UTC,sda,38.00,0.00,116.00,0.00,3.05,0.03,0.58,1.60
cloud-k3s-master2,1,2026-06-05 17:28:13 UTC,sda,56.00,0.00,168.00,0.00,3.00,0.03,0.45,0.90
cloud-k3s-master2,1,2026-06-05 17:28:14 UTC,sda,45.00,0.00,188.00,0.00,4.18,0.02,0.42,1.10
cloud-k3s-master2,1,2026-06-05 17:28:15 UTC,sda,64.00,0.00,288.00,0.00,4.50,0.09,1.36,0.70
cloud-k3s-master2,1,2026-06-05 17:28:16 UTC,sda,21.00,0.00,56.00,0.00,2.67,0.01,0.43,0.60
cloud-k3s-master2,1,2026-06-05 17:28:17 UTC,sda,51.00,0.00,420.00,0.00,8.24,0.03,0.41,1.60
cloud-k3s-master2,1,2026-06-05 17:28:18 UTC,sda,63.00,0.00,192.00,0.00,3.05,0.03,0.41,1.40
cloud-k3s-master2,1,2026-06-05 17:28:19 UTC,sda,38.00,0.00,104.00,0.00,2.74,0.02,0.39,0.80
cloud-k3s-master2,1,2026-06-05 17:28:20 UTC,sda,37.00,0.00,164.00,0.00,4.43,0.02,0.41,1.00
cloud-k3s-master2,1,2026-06-05 17:28:21 UTC,sda,49.00,0.00,148.00,0.00,3.02,0.02,0.39,1.30
cloud-k3s-master2,1,2026-06-05 17:28:22 UTC,sda,45.00,0.00,136.00,0.00,3.02,0.02,0.40,1.00
cloud-k3s-master2,1,2026-06-05 17:28:23 UTC,sda,52.00,0.00,156.00,0.00,3.00,0.03,0.40,1.50
cloud-k3s-master2,1,2026-06-05 17:28:24 UTC,sda,31.00,0.00,100.00,0.00,3.23,0.02,0.42,0.60
cloud-k3s-master2,1,2026-06-05 17:28:25 UTC,sda,77.00,0.00,332.00,0.00,4.31,0.10,1.22,1.10
cloud-k3s-master2,1,2026-06-05 17:28:26 UTC,sda,31.00,0.00,100.00,0.00,3.23,0.01,0.39,0.50
cloud-k3s-master2,1,2026-06-05 17:28:27 UTC,sda,32.00,0.00,84.00,0.00,2.62,0.02,0.50,0.80
cloud-k3s-master2,1,2026-06-05 17:28:28 UTC,sda,45.00,0.00,160.00,0.00,3.56,0.02,0.40,1.40
cloud-k3s-master2,1,2026-06-05 17:28:29 UTC,sda,31.00,0.00,124.00,0.00,4.00,0.02,0.42,0.60
cloud-k3s-master2,1,2026-06-05 17:28:30 UTC,sda,42.00,0.00,152.00,0.00,3.62,0.02,0.40,1.00
cloud-k3s-master2,1,2026-06-05 17:28:31 UTC,sda,52.00,0.00,168.00,0.00,3.23,0.03,0.44,1.20
cloud-k3s-master2,1,2026-06-05 17:28:32 UTC,sda,67.00,0.00,204.00,0.00,3.04,0.03,0.37,1.30
cloud-k3s-master2,1,2026-06-05 17:28:33 UTC,sda,55.00,0.00,164.00,0.00,2.98,0.03,0.42,1.20
cloud-k3s-master2,1,2026-06-05 17:28:34 UTC,sda,71.00,0.00,292.00,0.00,4.11,0.10,1.38,0.80
cloud-k3s-master2,1,2026-06-05 17:28:35 UTC,sda,18.00,0.00,48.00,0.00,2.67,0.01,0.44,0.30
cloud-k3s-master2,1,2026-06-05 17:28:36 UTC,sda,22.00,0.00,88.00,0.00,4.00,0.01,0.41,0.50
cloud-k3s-master2,1,2026-06-05 17:28:37 UTC,sda,26.00,0.00,72.00,0.00,2.77,0.01,0.38,0.70
cloud-k3s-master2,1,2026-06-05 17:28:38 UTC,sda,54.00,0.00,176.00,0.00,3.26,0.03,0.37,1.30
cloud-k3s-master2,1,2026-06-05 17:28:39 UTC,sda,22.00,0.00,60.00,0.00,2.73,0.01,0.41,0.40
cloud-k3s-master2,1,2026-06-05 17:28:40 UTC,sda,81.00,0.00,340.00,0.00,4.20,0.09,1.01,1.30
cloud-k3s-master2,1,2026-06-05 17:28:41 UTC,sda,58.00,0.00,172.00,0.00,2.97,0.03,0.40,1.30
cloud-k3s-master2,1,2026-06-05 17:28:42 UTC,sda,39.00,0.00,132.00,0.00,3.38,0.02,0.38,1.10
cloud-k3s-master2,1,2026-06-05 17:28:43 UTC,sda,56.00,0.00,172.00,0.00,3.07,0.03,0.43,1.20
cloud-k3s-master2,1,2026-06-05 17:28:44 UTC,sda,20.00,0.00,52.00,0.00,2.60,0.01,0.35,0.40
cloud-k3s-master2,1,2026-06-05 17:28:45 UTC,sda,40.00,0.00,152.00,0.00,3.80,0.02,0.42,0.60
cloud-k3s-master2,1,2026-06-05 17:28:46 UTC,sda,21.00,0.00,56.00,0.00,2.67,0.01,0.57,0.80
cloud-k3s-master2,1,2026-06-05 17:28:47 UTC,sda,83.00,0.00,348.00,0.00,4.19,0.10,1.18,1.10
cloud-k3s-master2,1,2026-06-05 17:28:48 UTC,sda,63.00,0.00,456.00,0.00,7.24,0.03,0.40,1.40
cloud-k3s-master2,1,2026-06-05 17:28:49 UTC,sda,28.00,0.00,76.00,0.00,2.71,0.01,0.39,0.50
cloud-k3s-master2,1,2026-06-05 17:28:50 UTC,sda,40.00,0.00,136.00,0.00,3.40,0.02,0.42,1.00
cloud-k3s-master2,1,2026-06-05 17:28:51 UTC,sda,51.00,0.00,196.00,0.00,3.84,0.03,0.43,1.20
cloud-k3s-master2,1,2026-06-05 17:28:52 UTC,sda,38.00,0.00,128.00,0.00,3.37,0.02,0.42,0.90
cloud-k3s-master2,1,2026-06-05 17:28:53 UTC,sda,53.00,0.00,172.00,0.00,3.25,0.03,0.40,1.10
cloud-k3s-master2,1,2026-06-05 17:28:54 UTC,sda,69.00,0.00,300.00,0.00,4.35,0.08,1.17,1.00
cloud-k3s-master2,1,2026-06-05 17:28:55 UTC,sda,34.00,0.00,120.00,0.00,3.53,0.02,0.38,0.70
cloud-k3s-master2,1,2026-06-05 17:28:56 UTC,sda,33.00,0.00,104.00,0.00,3.15,0.02,0.39,0.40
cloud-k3s-master2,1,2026-06-05 17:28:57 UTC,sda,30.00,0.00,80.00,0.00,2.67,0.01,0.40,0.70
cloud-k3s-master2,1,2026-06-05 17:28:58 UTC,sda,45.00,0.00,132.00,0.00,2.93,0.02,0.40,1.00
cloud-k3s-master2,1,2026-06-05 17:28:59 UTC,sda,45.00,0.00,236.00,0.00,5.24,0.03,0.47,1.40
cloud-k3s-master2,1,2026-06-05 17:29:00 UTC,sda,74.00,0.00,316.00,0.00,4.27,0.08,1.08,1.00
cloud-k3s-master2,1,2026-06-05 17:29:01 UTC,sda,47.00,0.00,148.00,0.00,3.15,0.02,0.38,1.10
cloud-k3s-master2,1,2026-06-05 17:29:02 UTC,sda,45.00,0.00,144.00,0.00,3.20,0.02,0.36,1.20
cloud-k3s-master2,1,2026-06-05 17:29:03 UTC,sda,46.00,0.00,148.00,0.00,3.22,0.02,0.39,1.20
cloud-k3s-master2,1,2026-06-05 17:29:04 UTC,sda,32.00,0.00,112.00,0.00,3.50,0.01,0.38,0.60
cloud-k3s-master2,1,2026-06-05 17:29:05 UTC,sda,23.00,0.00,64.00,0.00,2.78,0.01,0.43,0.30
cloud-k3s-master2,1,2026-06-05 17:29:06 UTC,sda,21.00,0.00,80.00,0.00,3.81,0.01,0.38,0.60
cloud-k3s-master2,1,2026-06-05 17:29:07 UTC,sda,30.00,0.00,84.00,0.00,2.80,0.01,0.43,0.60
cloud-k3s-master2,1,2026-06-05 17:29:08 UTC,sda,45.00,0.00,148.00,0.00,3.29,0.02,0.36,1.10
cloud-k3s-master2,1,2026-06-05 17:29:09 UTC,sda,26.00,0.00,72.00,0.00,2.77,0.01,0.42,0.70
cloud-k3s-master2,1,2026-06-05 17:29:10 UTC,sda,84.00,0.00,348.00,0.00,4.14,0.10,1.17,1.20
cloud-k3s-master2,1,2026-06-05 17:29:11 UTC,sda,48.00,0.00,156.00,0.00,3.25,0.02,0.38,0.90
cloud-k3s-master2,1,2026-06-05 17:29:12 UTC,sda,56.00,0.00,164.00,0.00,2.93,0.03,0.38,1.40
cloud-k3s-master2,1,2026-06-05 17:29:13 UTC,sda,38.00,0.00,120.00,0.00,3.16,0.02,0.39,0.90
cloud-k3s-master2,1,2026-06-05 17:29:14 UTC,sda,37.00,0.00,124.00,0.00,3.35,0.02,0.38,0.70
cloud-k3s-master2,1,2026-06-05 17:29:15 UTC,sda,57.00,0.00,244.00,0.00,4.28,0.03,0.39,1.50
cloud-k3s-master2,1,2026-06-05 17:29:16 UTC,sda,35.00,0.00,188.00,0.00,5.37,0.02,0.46,0.80
cloud-k3s-master2,1,2026-06-05 17:29:17 UTC,sda,42.00,0.00,164.00,0.00,3.90,0.02,0.38,1.20
cloud-k3s-master2,1,2026-06-05 17:29:18 UTC,sda,44.00,0.00,360.00,0.00,8.18,0.02,0.41,0.70
cloud-k3s-master2,1,2026-06-05 17:29:19 UTC,sda,77.00,0.00,360.00,0.00,4.68,0.09,1.16,1.30
cloud-k3s-master2,1,2026-06-05 17:29:20 UTC,sda,36.00,0.00,144.00,0.00,4.00,0.02,0.39,0.80
cloud-k3s-master2,1,2026-06-05 17:29:21 UTC,sda,21.00,0.00,56.00,0.00,2.67,0.01,0.43,0.60
cloud-k3s-master2,1,2026-06-05 17:29:22 UTC,sda,73.00,0.00,236.00,0.00,3.23,0.04,0.52,2.70
cloud-k3s-master2,1,2026-06-05 17:29:23 UTC,sda,46.00,0.00,140.00,0.00,3.04,0.02,0.35,0.80
cloud-k3s-master2,1,2026-06-05 17:29:24 UTC,sda,31.00,0.00,84.00,0.00,2.71,0.02,0.42,0.70
cloud-k3s-master2,1,2026-06-05 17:29:25 UTC,sda,69.00,0.00,308.00,0.00,4.46,0.08,1.09,1.20
cloud-k3s-master2,1,2026-06-05 17:29:26 UTC,sda,31.00,0.00,100.00,0.00,3.23,0.01,0.42,0.70
cloud-k3s-master2,1,2026-06-05 17:29:27 UTC,sda,41.00,0.00,152.00,0.00,3.71,0.02,0.44,1.10
cloud-k3s-master2,1,2026-06-05 17:29:28 UTC,sda,43.00,0.00,124.00,0.00,2.88,0.02,0.35,1.00
cloud-k3s-master2,1,2026-06-05 17:29:29 UTC,sda,32.00,0.00,108.00,0.00,3.38,0.02,0.44,0.60
cloud-k3s-master2,1,2026-06-05 17:29:30 UTC,sda,35.00,0.00,140.00,0.00,4.00,0.02,0.40,1.00
cloud-k3s-master2,1,2026-06-05 17:29:31 UTC,sda,27.00,0.00,72.00,0.00,2.67,0.01,0.37,0.50
cloud-k3s-master2,1,2026-06-05 17:29:32 UTC,sda,75.00,0.00,228.00,0.00,3.04,0.04,0.41,1.80
cloud-k3s-master2,1,2026-06-05 17:29:33 UTC,sda,40.00,0.00,120.00,0.00,3.00,0.02,0.35,0.90
cloud-k3s-master2,1,2026-06-05 17:29:34 UTC,sda,43.00,0.00,140.00,0.00,3.26,0.02,0.44,0.80
cloud-k3s-master2,1,2026-06-05 17:29:35 UTC,sda,65.00,0.00,300.00,0.00,4.62,0.08,1.23,1.10
cloud-k3s-master2,1,2026-06-05 17:29:36 UTC,sda,21.00,0.00,56.00,0.00,2.67,0.01,0.43,0.50
cloud-k3s-master2,1,2026-06-05 17:29:37 UTC,sda,32.00,0.00,104.00,0.00,3.25,0.02,0.44,0.90
cloud-k3s-master2,1,2026-06-05 17:29:38 UTC,sda,37.00,0.00,112.00,0.00,3.03,0.02,0.32,1.00
cloud-k3s-master2,1,2026-06-05 17:29:39 UTC,sda,27.00,0.00,76.00,0.00,2.81,0.01,0.41,0.80
cloud-k3s-master2,1,2026-06-05 17:29:40 UTC,sda,40.00,0.00,156.00,0.00,3.90,0.02,0.45,1.20
cloud-k3s-master2,1,2026-06-05 17:29:41 UTC,sda,54.00,0.00,164.00,0.00,3.04,0.03,0.44,1.30
cloud-k3s-master2,1,2026-06-05 17:29:42 UTC,sda,50.00,0.00,148.00,0.00,2.96,0.03,0.40,1.10
cloud-k3s-master2,1,2026-06-05 17:29:43 UTC,sda,46.00,0.00,140.00,0.00,3.04,0.02,0.41,1.20
cloud-k3s-master2,1,2026-06-05 17:29:44 UTC,sda,77.00,0.00,316.00,0.00,4.10,0.09,1.13,0.80
cloud-k3s-master2,1,2026-06-05 17:29:45 UTC,sda,19.00,0.00,52.00,0.00,2.74,0.01,0.42,0.30
cloud-k3s-master2,1,2026-06-05 17:29:46 UTC,sda,32.00,0.00,112.00,0.00,3.50,0.02,0.41,0.70
cloud-k3s-master2,1,2026-06-05 17:29:47 UTC,sda,43.00,0.00,140.00,0.00,3.26,0.02,0.35,0.90
cloud-k3s-master2,1,2026-06-05 17:29:48 UTC,sda,40.00,0.00,124.00,0.00,3.10,0.02,0.40,0.80
cloud-k3s-master2,1,2026-06-05 17:29:49 UTC,sda,30.00,0.00,356.00,0.00,11.87,0.02,0.43,0.80
cloud-k3s-master2,1,2026-06-05 17:29:50 UTC,sda,54.00,0.00,228.00,0.00,4.22,0.07,1.28,0.70
cloud-k3s-master2,1,2026-06-05 17:29:51 UTC,sda,37.00,0.00,132.00,0.00,3.57,0.02,0.38,0.80
cloud-k3s-master2,1,2026-06-05 17:29:52 UTC,sda,56.00,0.00,172.00,0.00,3.07,0.03,0.38,1.30
cloud-k3s-master2,1,2026-06-05 17:29:53 UTC,sda,62.00,0.00,180.00,0.00,2.90,0.03,0.40,1.20
cloud-k3s-master2,1,2026-06-05 17:29:54 UTC,sda,34.00,0.00,196.00,0.00,5.76,0.02,0.44,0.80
cloud-k3s-master2,1,2026-06-05 17:29:55 UTC,sda,40.59,0.00,126.73,0.00,3.12,0.02,0.39,0.99
cloud-k3s-master2,1,2026-06-05 17:29:56 UTC,sda,40.00,0.00,128.00,0.00,3.20,0.02,0.42,1.00
cloud-k3s-master2,1,2026-06-05 17:29:57 UTC,sda,35.00,0.00,104.00,0.00,2.97,0.02,0.49,1.00
cloud-k3s-master2,1,2026-06-05 17:29:58 UTC,sda,36.00,0.00,108.00,0.00,3.00,0.02,0.36,0.90
cloud-k3s-master2,1,2026-06-05 17:29:59 UTC,sda,74.00,0.00,320.00,0.00,4.32,0.10,1.34,0.90
cloud-k3s-master2,1,2026-06-05 17:30:00 UTC,sda,20.00,0.00,100.00,0.00,5.00,0.01,0.35,0.30
cloud-k3s-master2,1,2026-06-05 17:30:01 UTC,sda,37.00,0.00,120.00,0.00,3.24,0.02,0.41,0.70
cloud-k3s-master2,1,2026-06-05 17:30:02 UTC,sda,60.00,0.00,248.00,0.00,4.13,0.03,0.38,1.70
cloud-k3s-master2,1,2026-06-05 17:30:03 UTC,sda,66.00,0.00,220.00,0.00,3.33,0.03,0.38,1.40
cloud-k3s-master2,1,2026-06-05 17:30:04 UTC,sda,26.00,0.00,160.00,0.00,6.15,0.01,0.50,0.80
cloud-k3s-master2,1,2026-06-05 17:30:05 UTC,sda,68.00,0.00,292.00,0.00,4.29,0.08,1.16,1.20
cloud-k3s-master2,1,2026-06-05 17:30:06 UTC,sda,32.00,0.00,84.00,0.00,2.62,0.01,0.38,0.80
cloud-k3s-master2,1,2026-06-05 17:30:07 UTC,sda,46.00,0.00,140.00,0.00,3.04,0.02,0.39,1.00
cloud-k3s-master2,1,2026-06-05 17:30:08 UTC,sda,35.00,0.00,108.00,0.00,3.09,0.02,0.37,0.50
cloud-k3s-master2,1,2026-06-05 17:30:09 UTC,sda,31.00,0.00,136.00,0.00,4.39,0.01,0.39,0.70
cloud-k3s-master2,1,2026-06-05 17:30:10 UTC,sda,36.00,0.00,140.00,0.00,3.89,0.02,0.39,0.60
cloud-k3s-master2,1,2026-06-05 17:30:11 UTC,sda,36.00,0.00,116.00,0.00,3.22,0.02,0.39,0.80
cloud-k3s-master2,1,2026-06-05 17:30:12 UTC,sda,42.00,0.00,128.00,0.00,3.05,0.02,0.36,1.10
cloud-k3s-master2,1,2026-06-05 17:30:13 UTC,sda,63.00,0.00,204.00,0.00,3.24,0.03,0.38,1.00
cloud-k3s-master2,1,2026-06-05 17:30:14 UTC,sda,14.00,0.00,64.00,0.00,4.57,0.01,0.43,0.50
cloud-k3s-master2,1,2026-06-05 17:30:15 UTC,sda,119.00,0.00,604.00,0.00,5.08,0.18,1.45,1.50
cloud-k3s-master2,1,2026-06-05 17:30:16 UTC,sda,17.00,0.00,76.00,0.00,4.47,0.01,0.41,0.40
cloud-k3s-master2,1,2026-06-05 17:30:17 UTC,sda,57.00,0.00,168.00,0.00,2.95,0.03,0.40,1.30
cloud-k3s-master2,1,2026-06-05 17:30:18 UTC,sda,45.00,0.00,132.00,0.00,2.93,0.02,0.38,1.40
cloud-k3s-master2,1,2026-06-05 17:30:19 UTC,sda,37.00,0.00,124.00,0.00,3.35,0.02,0.43,1.00
cloud-k3s-master2,1,2026-06-05 17:30:20 UTC,sda,23.00,0.00,144.00,0.00,6.26,0.01,0.43,0.20
cloud-k3s-master2,1,2026-06-05 17:30:21 UTC,sda,34.00,0.00,112.00,0.00,3.29,0.02,0.53,0.70
cloud-k3s-master2,1,2026-06-05 17:30:22 UTC,sda,30.00,0.00,92.00,0.00,3.07,0.02,0.43,0.90
cloud-k3s-master2,1,2026-06-05 17:30:23 UTC,sda,83.00,0.00,256.00,0.00,3.08,0.04,0.34,1.40
cloud-k3s-master2,1,2026-06-05 17:30:24 UTC,sda,50.00,0.00,216.00,0.00,4.32,0.08,1.56,0.40
cloud-k3s-master2,1,2026-06-05 17:30:25 UTC,sda,58.00,0.00,204.00,0.00,3.52,0.03,0.45,1.30
cloud-k3s-master2,1,2026-06-05 17:30:26 UTC,sda,22.00,0.00,76.00,0.00,3.45,0.01,0.41,0.60
cloud-k3s-master2,1,2026-06-05 17:30:27 UTC,sda,50.00,0.00,140.00,0.00,2.80,0.03,0.44,1.10
cloud-k3s-master2,1,2026-06-05 17:30:28 UTC,sda,34.00,0.00,108.00,0.00,3.18,0.01,0.32,1.00
cloud-k3s-master2,1,2026-06-05 17:30:29 UTC,sda,60.00,0.00,300.00,0.00,5.00,0.07,1.17,0.70
cloud-k3s-master2,1,2026-06-05 17:30:30 UTC,sda,26.00,0.00,108.00,0.00,4.15,0.01,0.38,0.90
cloud-k3s-master2,1,2026-06-05 17:30:31 UTC,sda,29.00,0.00,100.00,0.00,3.45,0.01,0.41,0.80
cloud-k3s-master2,1,2026-06-05 17:30:32 UTC,sda,43.00,0.00,128.00,0.00,2.98,0.02,0.37,1.10
cloud-k3s-master2,1,2026-06-05 17:30:33 UTC,sda,67.00,0.00,196.00,0.00,2.93,0.03,0.40,1.70
cloud-k3s-master2,1,2026-06-05 17:30:34 UTC,sda,27.00,0.00,92.00,0.00,3.41,0.01,0.44,0.90
cloud-k3s-master2,1,2026-06-05 17:30:35 UTC,sda,29.00,0.00,112.00,0.00,3.86,0.01,0.41,0.70
cloud-k3s-master2,1,2026-06-05 17:30:36 UTC,sda,18.00,0.00,52.00,0.00,2.89,0.01,0.39,0.30
cloud-k3s-master2,1,2026-06-05 17:30:37 UTC,sda,51.00,0.00,176.00,0.00,3.45,0.03,0.39,1.30
cloud-k3s-master2,1,2026-06-05 17:30:38 UTC,sda,22.00,0.00,56.00,0.00,2.55,0.01,0.27,0.60
cloud-k3s-master2,1,2026-06-05 17:30:39 UTC,sda,61.00,0.00,288.00,0.00,4.72,0.06,1.00,0.90
cloud-k3s-master2,1,2026-06-05 17:30:40 UTC,sda,41.00,0.00,128.00,0.00,3.12,0.02,0.39,1.00
cloud-k3s-master2,1,2026-06-05 17:30:41 UTC,sda,37.00,0.00,112.00,0.00,3.03,0.02,0.38,1.10
cloud-k3s-master2,1,2026-06-05 17:30:42 UTC,sda,27.00,0.00,88.00,0.00,3.26,0.01,0.41,0.80
cloud-k3s-master2,1,2026-06-05 17:30:43 UTC,sda,46.00,0.00,136.00,0.00,2.96,0.02,0.37,1.00
cloud-k3s-master2,1,2026-06-05 17:30:44 UTC,sda,39.00,0.00,124.00,0.00,3.18,0.02,0.41,0.80
cloud-k3s-master2,1,2026-06-05 17:30:45 UTC,sda,75.00,0.00,324.00,0.00,4.32,0.08,1.04,1.10
cloud-k3s-master2,1,2026-06-05 17:30:46 UTC,sda,26.00,0.00,76.00,0.00,2.92,0.01,0.46,0.50
cloud-k3s-master2,1,2026-06-05 17:30:47 UTC,sda,67.00,0.00,208.00,0.00,3.10,0.04,0.42,1.30
cloud-k3s-master2,1,2026-06-05 17:30:48 UTC,sda,26.00,0.00,80.00,0.00,3.08,0.01,0.31,0.40
cloud-k3s-master2,1,2026-06-05 17:30:49 UTC,sda,23.00,0.00,60.00,0.00,2.61,0.01,0.39,0.40
cloud-k3s-master2,1,2026-06-05 17:30:50 UTC,sda,38.00,0.00,396.00,0.00,10.42,0.02,0.39,0.70
cloud-k3s-master2,1,2026-06-05 17:30:51 UTC,sda,22.00,0.00,112.00,0.00,5.09,0.01,0.41,0.40
cloud-k3s-master2,1,2026-06-05 17:30:52 UTC,sda,30.00,0.00,80.00,0.00,2.67,0.01,0.40,0.90
cloud-k3s-master2,1,2026-06-05 17:30:53 UTC,sda,58.00,0.00,172.00,0.00,2.97,0.03,0.38,1.20
cloud-k3s-master2,1,2026-06-05 17:30:54 UTC,sda,49.00,0.00,148.00,0.00,3.02,0.02,0.35,0.90
cloud-k3s-master2,1,2026-06-05 17:30:55 UTC,sda,81.00,0.00,344.00,0.00,4.25,0.09,1.06,1.20
cloud-k3s-master2,1,2026-06-05 17:30:56 UTC,sda,38.00,0.00,120.00,0.00,3.16,0.02,0.45,1.00
cloud-k3s-master2,1,2026-06-05 17:30:57 UTC,sda,41.00,0.00,136.00,0.00,3.32,0.02,0.39,0.70
cloud-k3s-master2,1,2026-06-05 17:30:58 UTC,sda,32.00,0.00,80.00,0.00,2.50,0.01,0.28,0.60
cloud-k3s-master2,1,2026-06-05 17:30:59 UTC,sda,24.00,0.00,104.00,0.00,4.33,0.01,0.42,0.60
cloud-k3s-master2,1,2026-06-05 17:31:00 UTC,sda,41.00,0.00,144.00,0.00,3.51,0.02,0.46,0.90
cloud-k3s-master2,1,2026-06-05 17:31:01 UTC,sda,24.00,0.00,80.00,0.00,3.33,0.01,0.46,0.70
cloud-k3s-master2,1,2026-06-05 17:31:02 UTC,sda,49.00,0.00,144.00,0.00,2.94,0.02,0.35,0.90
cloud-k3s-master2,1,2026-06-05 17:31:03 UTC,sda,127.00,0.00,512.00,0.00,4.03,0.16,1.19,1.70
cloud-k3s-master2,1,2026-06-05 17:31:04 UTC,sda,55.00,0.00,184.00,0.00,3.35,0.03,0.38,1.30
cloud-k3s-master2,1,2026-06-05 17:31:05 UTC,sda,20.00,0.00,52.00,0.00,2.60,0.01,0.35,0.60
cloud-k3s-master2,1,2026-06-05 17:31:06 UTC,sda,38.00,0.00,248.00,0.00,6.53,0.02,0.39,0.80
cloud-k3s-master2,1,2026-06-05 17:31:07 UTC,sda,38.00,0.00,132.00,0.00,3.47,0.02,0.34,0.60
cloud-k3s-master2,1,2026-06-05 17:31:08 UTC,sda,32.00,0.00,80.00,0.00,2.50,0.01,0.34,0.70
cloud-k3s-master2,1,2026-06-05 17:31:09 UTC,sda,65.00,0.00,292.00,0.00,4.49,0.10,1.54,0.70
cloud-k3s-master2,1,2026-06-05 17:31:10 UTC,sda,42.00,0.00,152.00,0.00,3.62,0.02,0.38,1.20
cloud-k3s-master2,1,2026-06-05 17:31:11 UTC,sda,31.00,0.00,104.00,0.00,3.35,0.01,0.35,0.50
cloud-k3s-master2,1,2026-06-05 17:31:12 UTC,sda,36.00,0.00,112.00,0.00,3.11,0.02,0.42,0.80
cloud-k3s-master2,1,2026-06-05 17:31:13 UTC,sda,47.00,0.00,144.00,0.00,3.06,0.02,0.34,1.10
cloud-k3s-master2,1,2026-06-05 17:31:14 UTC,sda,84.00,0.00,328.00,0.00,3.90,0.09,1.04,1.40
cloud-k3s-master2,1,2026-06-05 17:31:15 UTC,sda,37.00,0.00,136.00,0.00,3.68,0.02,0.43,0.80
cloud-k3s-master2,1,2026-06-05 17:31:16 UTC,sda,38.00,0.00,120.00,0.00,3.16,0.02,0.42,1.00
cloud-k3s-master2,1,2026-06-05 17:31:17 UTC,sda,43.00,0.00,128.00,0.00,2.98,0.02,0.42,1.20
cloud-k3s-master2,1,2026-06-05 17:31:18 UTC,sda,43.00,0.00,128.00,0.00,2.98,0.02,0.37,1.20
cloud-k3s-master2,1,2026-06-05 17:31:19 UTC,sda,21.00,0.00,72.00,0.00,3.43,0.01,0.43,0.50
cloud-k3s-master2,1,2026-06-05 17:31:20 UTC,sda,20.00,0.00,56.00,0.00,2.80,0.01,0.45,0.30
cloud-k3s-master2,1,2026-06-05 17:31:21 UTC,sda,40.00,0.00,136.00,0.00,3.40,0.02,0.42,0.90
cloud-k3s-master2,1,2026-06-05 17:31:22 UTC,sda,38.00,0.00,124.00,0.00,3.26,0.02,0.39,0.90
cloud-k3s-master2,1,2026-06-05 17:31:23 UTC,sda,43.00,0.00,116.00,0.00,2.70,0.02,0.33,0.70
cloud-k3s-master2,1,2026-06-05 17:31:24 UTC,sda,80.00,0.00,344.00,0.00,4.30,0.10,1.19,1.40
cloud-k3s-master2,1,2026-06-05 17:31:25 UTC,sda,46.00,0.00,148.00,0.00,3.22,0.02,0.37,1.10
cloud-k3s-master2,1,2026-06-05 17:31:26 UTC,sda,31.00,0.00,100.00,0.00,3.23,0.02,0.45,0.80
cloud-k3s-master2,1,2026-06-05 17:31:27 UTC,sda,41.00,0.00,128.00,0.00,3.12,0.02,0.41,0.90
cloud-k3s-master2,1,2026-06-05 17:31:28 UTC,sda,48.00,0.00,148.00,0.00,3.08,0.02,0.40,1.10
cloud-k3s-master2,1,2026-06-05 17:31:29 UTC,sda,21.00,0.00,56.00,0.00,2.67,0.01,0.33,0.50
cloud-k3s-master2,1,2026-06-05 17:31:30 UTC,sda,53.00,0.00,252.00,0.00,4.75,0.07,1.30,0.40
cloud-k3s-master2,1,2026-06-05 17:31:31 UTC,sda,40.00,0.00,124.00,0.00,3.10,0.02,0.35,1.00
cloud-k3s-master2,1,2026-06-05 17:31:32 UTC,sda,44.00,0.00,128.00,0.00,2.91,0.02,0.39,0.90
cloud-k3s-master2,1,2026-06-05 17:31:33 UTC,sda,55.00,0.00,164.00,0.00,2.98,0.02,0.36,1.20
cloud-k3s-master2,1,2026-06-05 17:31:34 UTC,sda,32.00,0.00,104.00,0.00,3.25,0.02,0.38,0.70
