# hostname,interval,timestamp,kbmemfree,kbavail,kbmemused,%memused,kbbuffers,kbcached,kbcommit,%commit,kbactive,kbinact,kbdirty
cloud-k3s-master3,1,2026-06-05 16:31:35 UTC,5345252,6786032,793184,10.00,100124,1540308,1274064,16.06,819796,1478920,920
cloud-k3s-master3,1,2026-06-05 16:31:36 UTC,5345252,6786044,793176,10.00,100124,1540320,1274064,16.06,819796,1478932,928
cloud-k3s-master3,1,2026-06-05 16:31:37 UTC,5345252,6786056,793164,10.00,100124,1540332,1274064,16.06,820020,1478944,932
cloud-k3s-master3,1,2026-06-05 16:31:38 UTC,5345628,6786444,792776,10.00,100124,1540344,1274064,16.06,820112,1478956,40
cloud-k3s-master3,1,2026-06-05 16:31:39 UTC,5347100,6787924,791296,9.98,100124,1540352,1274064,16.06,820112,1478964,188
cloud-k3s-master3,1,2026-06-05 16:31:40 UTC,5348684,6789524,789692,9.96,100128,1540368,1274064,16.06,820116,1478980,204
cloud-k3s-master3,1,2026-06-05 16:31:41 UTC,5348780,6789636,789584,9.96,100132,1540376,1274064,16.06,820436,1478996,212
cloud-k3s-master3,1,2026-06-05 16:31:42 UTC,5348528,6789408,789812,9.96,100136,1540396,1277040,16.10,821728,1479020,220
cloud-k3s-master3,1,2026-06-05 16:31:43 UTC,5352820,6793724,785492,9.90,100140,1540416,1274064,16.06,820752,1479044,268
cloud-k3s-master3,1,2026-06-05 16:31:44 UTC,5352412,6793332,785880,9.91,100140,1540432,1274064,16.06,820452,1479060,320
cloud-k3s-master3,1,2026-06-05 16:31:45 UTC,5352412,6793340,785872,9.91,100140,1540440,1274064,16.06,820452,1479068,96
cloud-k3s-master3,1,2026-06-05 16:31:46 UTC,5352412,6793352,785860,9.91,100140,1540452,1274064,16.06,820456,1479080,124
cloud-k3s-master3,1,2026-06-05 16:31:47 UTC,5357708,6798660,780552,9.84,100140,1540464,1274064,16.06,814192,1479092,132
cloud-k3s-master3,1,2026-06-05 16:31:48 UTC,5358688,6799656,779556,9.83,100144,1540476,1274064,16.06,813452,1479108,140
cloud-k3s-master3,1,2026-06-05 16:31:49 UTC,5359128,6800108,779104,9.82,100144,1540488,1274064,16.06,813440,1479120,252
cloud-k3s-master3,1,2026-06-05 16:31:50 UTC,5358168,6799156,780052,9.84,100144,1540496,1274064,16.06,813440,1479128,268
cloud-k3s-master3,1,2026-06-05 16:31:51 UTC,5358520,6799520,779688,9.83,100144,1540508,1274064,16.06,812504,1479140,276
cloud-k3s-master3,1,2026-06-05 16:31:52 UTC,5358268,6799284,779924,9.83,100148,1540520,1274064,16.06,812504,1479156,284
cloud-k3s-master3,1,2026-06-05 16:31:53 UTC,5358268,6799296,779912,9.83,100148,1540532,1274064,16.06,812504,1479168,292
cloud-k3s-master3,1,2026-06-05 16:31:54 UTC,5358268,6799304,779904,9.83,100148,1540540,1274064,16.06,812504,1479176,300
cloud-k3s-master3,1,2026-06-05 16:31:55 UTC,5358268,6799320,779888,9.83,100148,1540556,1274064,16.06,812504,1479192,156
cloud-k3s-master3,1,2026-06-05 16:31:56 UTC,5358268,6799324,779872,9.83,100148,1540568,1274064,16.06,812736,1479196,184
cloud-k3s-master3,1,2026-06-05 16:31:57 UTC,5358268,6799352,779848,9.83,100152,1540584,1274064,16.06,813088,1479224,336
cloud-k3s-master3,1,2026-06-05 16:31:58 UTC,5358268,6799368,779836,9.83,100152,1540600,1274064,16.06,813136,1479240,344
cloud-k3s-master3,1,2026-06-05 16:31:59 UTC,5358268,6799376,779828,9.83,100152,1540608,1274064,16.06,813136,1479248,432
cloud-k3s-master3,1,2026-06-05 16:32:00 UTC,5358268,6799384,779812,9.83,100152,1540624,1274064,16.06,813136,1479256,396
cloud-k3s-master3,1,2026-06-05 16:32:01 UTC,5358268,6799400,779804,9.83,100152,1540632,1274064,16.06,813136,1479272,412
cloud-k3s-master3,1,2026-06-05 16:32:02 UTC,5358268,6799412,779792,9.83,100152,1540644,1274064,16.06,813168,1479284,424
cloud-k3s-master3,1,2026-06-05 16:32:03 UTC,5358268,6799424,779780,9.83,100152,1540656,1274064,16.06,813168,1479296,432
cloud-k3s-master3,1,2026-06-05 16:32:04 UTC,5358268,6799432,779772,9.83,100152,1540664,1274064,16.06,813168,1479304,456
cloud-k3s-master3,1,2026-06-05 16:32:05 UTC,5358268,6799448,779756,9.83,100152,1540680,1274064,16.06,813172,1479320,476
cloud-k3s-master3,1,2026-06-05 16:32:06 UTC,5358268,6799460,779744,9.83,100152,1540692,1274064,16.06,813248,1479332,472
cloud-k3s-master3,1,2026-06-05 16:32:07 UTC,5358268,6799468,779736,9.83,100152,1540700,1274064,16.06,813684,1479340,480
cloud-k3s-master3,1,2026-06-05 16:32:08 UTC,5358268,6799480,779724,9.83,100152,1540712,1274064,16.06,813596,1479352,488
cloud-k3s-master3,1,2026-06-05 16:32:09 UTC,5358268,6799492,779712,9.83,100152,1540724,1274064,16.06,813596,1479364,248
cloud-k3s-master3,1,2026-06-05 16:32:10 UTC,5358268,6799504,779700,9.83,100152,1540736,1274064,16.06,813596,1479376,304
cloud-k3s-master3,1,2026-06-05 16:32:11 UTC,5358268,6799516,779688,9.83,100152,1540748,1274064,16.06,813952,1479388,312
cloud-k3s-master3,1,2026-06-05 16:32:12 UTC,5358268,6799536,779664,9.83,100156,1540768,1274064,16.06,813952,1479408,300
cloud-k3s-master3,1,2026-06-05 16:32:13 UTC,5358268,6799544,779656,9.83,100156,1540776,1274064,16.06,813952,1479416,308
cloud-k3s-master3,1,2026-06-05 16:32:14 UTC,5358268,6799552,779644,9.83,100156,1540788,1274064,16.06,813952,1479424,328
cloud-k3s-master3,1,2026-06-05 16:32:15 UTC,5358268,6799572,779632,9.83,100156,1540800,1274064,16.06,813952,1479444,348
cloud-k3s-master3,1,2026-06-05 16:32:16 UTC,5358268,6799572,779620,9.83,100156,1540808,1274064,16.06,813952,1479444,352
cloud-k3s-master3,1,2026-06-05 16:32:17 UTC,5358268,6799600,779600,9.83,100156,1540828,1274064,16.06,814132,1479472,360
cloud-k3s-master3,1,2026-06-05 16:32:18 UTC,5358520,6799868,779332,9.83,100160,1540840,1274064,16.06,813704,1479488,356
cloud-k3s-master3,1,2026-06-05 16:32:19 UTC,5358520,6799880,779324,9.83,100160,1540852,1274064,16.06,813580,1479500,380
cloud-k3s-master3,1,2026-06-05 16:32:20 UTC,5358520,6799892,779312,9.83,100160,1540864,1274064,16.06,813584,1479512,416
cloud-k3s-master3,1,2026-06-05 16:32:21 UTC,5358520,6799908,779296,9.83,100160,1540880,1274064,16.06,812724,1479528,424
cloud-k3s-master3,1,2026-06-05 16:32:22 UTC,5358520,6799912,779280,9.83,100164,1540892,1274064,16.06,812716,1479532,432
cloud-k3s-master3,1,2026-06-05 16:32:23 UTC,5358520,6799932,779272,9.83,100164,1540900,1274064,16.06,812716,1479552,416
cloud-k3s-master3,1,2026-06-05 16:32:24 UTC,5358520,6799944,779256,9.83,100168,1540912,1274064,16.06,812776,1479564,436
cloud-k3s-master3,1,2026-06-05 16:32:25 UTC,5358520,6799956,779248,9.82,100168,1540920,1274064,16.06,812776,1479576,460
cloud-k3s-master3,1,2026-06-05 16:32:26 UTC,5358520,6799968,779236,9.82,100168,1540932,1274064,16.06,812964,1479588,480
cloud-k3s-master3,1,2026-06-05 16:32:27 UTC,5358520,6799980,779160,9.82,100168,1540944,1274064,16.06,813320,1479600,172
cloud-k3s-master3,1,2026-06-05 16:32:28 UTC,5358520,6799992,779144,9.82,100168,1540956,1274064,16.06,813392,1479612,180
cloud-k3s-master3,1,2026-06-05 16:32:29 UTC,5358520,6800004,779132,9.82,100168,1540968,1274064,16.06,813392,1479624,316
cloud-k3s-master3,1,2026-06-05 16:32:30 UTC,5358520,6800016,779120,9.82,100168,1540980,1274064,16.06,813392,1479636,352
cloud-k3s-master3,1,2026-06-05 16:32:31 UTC,5358520,6800028,779104,9.82,100168,1540992,1274064,16.06,813444,1479648,360
cloud-k3s-master3,1,2026-06-05 16:32:32 UTC,5358520,6800040,779092,9.82,100168,1541004,1274064,16.06,813464,1479660,372
cloud-k3s-master3,1,2026-06-05 16:32:33 UTC,5367816,6809344,769784,9.71,100168,1541016,1271216,16.03,811056,1479668,384
cloud-k3s-master3,1,2026-06-05 16:32:34 UTC,5367700,6809244,769888,9.71,100168,1541028,1274068,16.06,812328,1479684,536
cloud-k3s-master3,1,2026-06-05 16:32:35 UTC,5375540,6817096,762036,9.61,100168,1541040,1271216,16.03,810636,1479696,396
cloud-k3s-master3,1,2026-06-05 16:32:36 UTC,5366988,6808576,770412,9.71,100168,1541092,1365144,17.21,817784,1479720,680
cloud-k3s-master3,1,2026-06-05 16:32:37 UTC,5363068,6804692,774196,9.76,100172,1541140,1335712,16.84,829712,1479732,732
cloud-k3s-master3,1,2026-06-05 16:32:38 UTC,5375248,6816908,762044,9.61,100172,1541108,1274404,16.07,813036,1479768,200
cloud-k3s-master3,1,2026-06-05 16:32:39 UTC,5383312,6824988,753960,9.51,100172,1541124,1271216,16.03,811400,1479784,336
cloud-k3s-master3,1,2026-06-05 16:32:40 UTC,5383312,6825000,753948,9.51,100172,1541136,1271216,16.03,811400,1479796,440
cloud-k3s-master3,1,2026-06-05 16:32:41 UTC,5383060,6824760,754188,9.51,100172,1541148,1271216,16.03,811668,1479808,448
cloud-k3s-master3,1,2026-06-05 16:32:42 UTC,5383060,6824780,754168,9.51,100172,1541168,1271216,16.03,811768,1479828,456
cloud-k3s-master3,1,2026-06-05 16:32:43 UTC,5382808,6824528,754412,9.51,100172,1541176,1271216,16.03,811768,1479828,464
cloud-k3s-master3,1,2026-06-05 16:32:44 UTC,5382808,6824548,754400,9.51,100172,1541188,1271216,16.03,811768,1479848,492
cloud-k3s-master3,1,2026-06-05 16:32:45 UTC,5382084,6823836,755112,9.52,100172,1541200,1271216,16.03,811768,1479860,504
cloud-k3s-master3,1,2026-06-05 16:32:46 UTC,5382084,6823848,755100,9.52,100172,1541212,1271216,16.03,811768,1479872,512
cloud-k3s-master3,1,2026-06-05 16:32:47 UTC,5382084,6823864,755080,9.52,100172,1541228,1271216,16.03,811876,1479888,520
cloud-k3s-master3,1,2026-06-05 16:32:48 UTC,5382084,6823876,755072,9.52,100172,1541240,1271216,16.03,811412,1479900,528
cloud-k3s-master3,1,2026-06-05 16:32:49 UTC,5382084,6823888,755060,9.52,100172,1541252,1271216,16.03,811352,1479912,220
cloud-k3s-master3,1,2026-06-05 16:32:50 UTC,5389896,6831712,747232,9.42,100172,1541264,1271216,16.03,811268,1479924,464
cloud-k3s-master3,1,2026-06-05 16:32:51 UTC,5389420,6831248,747696,9.43,100172,1541276,1271216,16.03,810724,1479936,484
cloud-k3s-master3,1,2026-06-05 16:32:52 UTC,5389420,6831268,747676,9.43,100172,1541296,1271216,16.03,810332,1479956,560
cloud-k3s-master3,1,2026-06-05 16:32:53 UTC,5389420,6831280,747664,9.43,100172,1541308,1271216,16.03,810268,1479968,568
cloud-k3s-master3,1,2026-06-05 16:32:54 UTC,5389420,6831288,747656,9.43,100172,1541316,1271216,16.03,810268,1479976,592
cloud-k3s-master3,1,2026-06-05 16:32:55 UTC,5389420,6831300,747644,9.43,100172,1541328,1271216,16.03,810272,1479988,448
cloud-k3s-master3,1,2026-06-05 16:32:56 UTC,5389420,6831300,747636,9.43,100172,1541336,1271216,16.03,810404,1479988,428
cloud-k3s-master3,1,2026-06-05 16:32:57 UTC,5389420,6831328,747620,9.43,100172,1541356,1271216,16.03,811016,1480016,436
cloud-k3s-master3,1,2026-06-05 16:32:58 UTC,5389420,6831340,747608,9.43,100176,1541368,1271216,16.03,810760,1480028,444
cloud-k3s-master3,1,2026-06-05 16:32:59 UTC,5389420,6831348,747600,9.43,100176,1541376,1271216,16.03,810760,1480036,452
cloud-k3s-master3,1,2026-06-05 16:33:00 UTC,5389420,6831364,747600,9.43,100176,1541388,1271216,16.03,810760,1480052,548
cloud-k3s-master3,1,2026-06-05 16:33:01 UTC,5389420,6831376,747588,9.43,100176,1541400,1271216,16.03,810760,1480064,556
cloud-k3s-master3,1,2026-06-05 16:33:02 UTC,5389420,6831388,747576,9.43,100176,1541412,1271216,16.03,810760,1480076,564
cloud-k3s-master3,1,2026-06-05 16:33:03 UTC,5389420,6831396,747568,9.43,100176,1541420,1271216,16.03,810760,1480084,568
cloud-k3s-master3,1,2026-06-05 16:33:04 UTC,5389420,6831408,747556,9.43,100176,1541432,1271216,16.03,810760,1480096,588
cloud-k3s-master3,1,2026-06-05 16:33:05 UTC,5387656,6829656,749308,9.45,100176,1541444,1271216,16.03,811624,1480108,596
cloud-k3s-master3,1,2026-06-05 16:33:06 UTC,5387656,6829668,749284,9.45,100176,1541460,1271216,16.03,811792,1480120,612
cloud-k3s-master3,1,2026-06-05 16:33:07 UTC,5387656,6829680,749276,9.45,100176,1541468,1271216,16.03,811856,1480132,628
cloud-k3s-master3,1,2026-06-05 16:33:08 UTC,5387656,6829684,749260,9.45,100176,1541480,1271216,16.03,812020,1480136,636
cloud-k3s-master3,1,2026-06-05 16:33:09 UTC,5387656,6829704,749248,9.45,100176,1541492,1271216,16.03,812020,1480156,660
cloud-k3s-master3,1,2026-06-05 16:33:10 UTC,5387656,6829716,749236,9.45,100176,1541504,1271216,16.03,812020,1480168,416
cloud-k3s-master3,1,2026-06-05 16:33:11 UTC,5387656,6829724,749228,9.45,100176,1541512,1271216,16.03,812236,1480176,428
cloud-k3s-master3,1,2026-06-05 16:33:12 UTC,5387656,6829744,749212,9.45,100176,1541532,1271216,16.03,812328,1480196,432
cloud-k3s-master3,1,2026-06-05 16:33:13 UTC,5387656,6829760,749192,9.45,100176,1541548,1271216,16.03,812328,1480212,440
cloud-k3s-master3,1,2026-06-05 16:33:14 UTC,5387656,6829776,749176,9.45,100176,1541564,1271216,16.03,812328,1480228,324
cloud-k3s-master3,1,2026-06-05 16:33:15 UTC,5387656,6829792,749156,9.45,100176,1541580,1271216,16.03,812328,1480244,344
cloud-k3s-master3,1,2026-06-05 16:33:16 UTC,5387656,6829804,749152,9.45,100176,1541592,1271216,16.03,812332,1480256,364
cloud-k3s-master3,1,2026-06-05 16:33:17 UTC,5387656,6829812,749144,9.45,100176,1541600,1271216,16.03,812344,1480264,368
cloud-k3s-master3,1,2026-06-05 16:33:18 UTC,5387656,6829828,749124,9.45,100180,1541612,1271216,16.03,812088,1480280,376
cloud-k3s-master3,1,2026-06-05 16:33:19 UTC,5387656,6829840,749112,9.44,100180,1541624,1271216,16.03,811960,1480292,408
cloud-k3s-master3,1,2026-06-05 16:33:20 UTC,5387656,6829852,749092,9.44,100180,1541636,1271216,16.03,811960,1480304,424
cloud-k3s-master3,1,2026-06-05 16:33:21 UTC,5387656,6829856,749080,9.44,100180,1541648,1271216,16.03,811272,1480308,432
cloud-k3s-master3,1,2026-06-05 16:33:22 UTC,5387656,6829884,749064,9.44,100184,1541664,1271216,16.03,811176,1480336,440
cloud-k3s-master3,1,2026-06-05 16:33:23 UTC,5387656,6829892,749056,9.44,100184,1541672,1271216,16.03,811176,1480344,448
cloud-k3s-master3,1,2026-06-05 16:33:24 UTC,5387656,6829904,749044,9.44,100184,1541684,1271216,16.03,811180,1480356,468
cloud-k3s-master3,1,2026-06-05 16:33:25 UTC,5387656,6829912,749036,9.44,100184,1541692,1271216,16.03,811180,1480364,476
cloud-k3s-master3,1,2026-06-05 16:33:26 UTC,5387656,6829924,749024,9.44,100184,1541704,1271216,16.03,811368,1480376,160
cloud-k3s-master3,1,2026-06-05 16:33:27 UTC,5387656,6829936,749008,9.44,100184,1541716,1271216,16.03,811368,1480388,172
cloud-k3s-master3,1,2026-06-05 16:33:28 UTC,5387656,6829952,748996,9.44,100184,1541732,1271216,16.03,811684,1480404,180
cloud-k3s-master3,1,2026-06-05 16:33:29 UTC,5387656,6829968,748980,9.44,100188,1541744,1271216,16.03,811684,1480420,188
cloud-k3s-master3,1,2026-06-05 16:33:30 UTC,5387656,6829984,748960,9.44,100192,1541756,1271216,16.03,811684,1480432,352
cloud-k3s-master3,1,2026-06-05 16:33:31 UTC,5387656,6829996,748952,9.44,100192,1541764,1271216,16.03,811684,1480444,360
cloud-k3s-master3,1,2026-06-05 16:33:32 UTC,5387656,6830020,748920,9.44,100200,1541780,1271216,16.03,811684,1480468,452
cloud-k3s-master3,1,2026-06-05 16:33:33 UTC,5387656,6830028,748912,9.44,100200,1541788,1271216,16.03,811684,1480476,460
cloud-k3s-master3,1,2026-06-05 16:33:34 UTC,5387656,6830040,748900,9.44,100200,1541800,1271216,16.03,811684,1480488,480
cloud-k3s-master3,1,2026-06-05 16:33:35 UTC,5387656,6830052,748888,9.44,100200,1541812,1271216,16.03,811684,1480500,484
cloud-k3s-master3,1,2026-06-05 16:33:36 UTC,5387656,6830056,748876,9.44,100200,1541824,1271216,16.03,811684,1480504,492
cloud-k3s-master3,1,2026-06-05 16:33:37 UTC,5387656,6830076,748860,9.44,100200,1541836,1271216,16.03,811684,1480524,500
cloud-k3s-master3,1,2026-06-05 16:33:38 UTC,5387656,6830096,748836,9.44,100208,1541848,1274196,16.07,813400,1480544,508
cloud-k3s-master3,1,2026-06-05 16:33:39 UTC,5387656,6830104,748820,9.44,100208,1541856,1274424,16.07,813664,1480552,516
cloud-k3s-master3,1,2026-06-05 16:33:40 UTC,5391612,6834076,744852,9.39,100216,1541868,1271216,16.03,812028,1480568,616
cloud-k3s-master3,1,2026-06-05 16:33:41 UTC,5391360,6833824,745088,9.39,100216,1541876,1271216,16.03,812316,1480568,464
cloud-k3s-master3,1,2026-06-05 16:33:42 UTC,5391108,6833620,745316,9.40,100228,1541900,1271216,16.03,812380,1480616,420
cloud-k3s-master3,1,2026-06-05 16:33:43 UTC,5391108,6833628,745300,9.40,100228,1541908,1271216,16.03,812380,1480624,428
cloud-k3s-master3,1,2026-06-05 16:33:44 UTC,5391108,6833640,745284,9.40,100228,1541920,1271216,16.03,812384,1480636,440
cloud-k3s-master3,1,2026-06-05 16:33:45 UTC,5390356,6832900,746020,9.41,100228,1541932,1271216,16.03,812388,1480648,428
cloud-k3s-master3,1,2026-06-05 16:33:46 UTC,5390356,6832900,746012,9.41,100228,1541940,1271216,16.03,812388,1480648,424
cloud-k3s-master3,1,2026-06-05 16:33:47 UTC,5390356,6832920,745996,9.41,100228,1541952,1271216,16.03,812904,1480668,432
cloud-k3s-master3,1,2026-06-05 16:33:48 UTC,5390356,6832932,745988,9.41,100228,1541964,1271216,16.03,811812,1480680,440
cloud-k3s-master3,1,2026-06-05 16:33:49 UTC,5390356,6832940,745980,9.41,100228,1541972,1271216,16.03,811812,1480688,448
cloud-k3s-master3,1,2026-06-05 16:33:50 UTC,5390356,6832956,745972,9.41,100228,1541988,1271216,16.03,811812,1480704,468
cloud-k3s-master3,1,2026-06-05 16:33:51 UTC,5390356,6832968,745960,9.41,100228,1542000,1271216,16.03,811296,1480716,476
cloud-k3s-master3,1,2026-06-05 16:33:52 UTC,5397440,6840064,738872,9.32,100228,1542012,1271216,16.03,811096,1480728,404
cloud-k3s-master3,1,2026-06-05 16:33:53 UTC,5397440,6840076,738860,9.32,100228,1542024,1271216,16.03,811128,1480740,416
cloud-k3s-master3,1,2026-06-05 16:33:54 UTC,5397188,6839832,739104,9.32,100228,1542032,1271216,16.03,811128,1480748,456
cloud-k3s-master3,1,2026-06-05 16:33:55 UTC,5397188,6839856,739076,9.32,100232,1542056,1271216,16.03,811128,1480772,460
cloud-k3s-master3,1,2026-06-05 16:33:56 UTC,5397188,6839888,739044,9.32,100244,1542076,1271216,16.03,811364,1480804,468
cloud-k3s-master3,1,2026-06-05 16:33:57 UTC,5397188,6839904,739032,9.32,100244,1542088,1271216,16.03,811528,1480820,476
cloud-k3s-master3,1,2026-06-05 16:33:58 UTC,5397188,6839944,738988,9.32,100256,1542116,1271216,16.03,811748,1480856,444
cloud-k3s-master3,1,2026-06-05 16:33:59 UTC,5397188,6839968,738968,9.32,100260,1542132,1271216,16.03,811748,1480880,456
cloud-k3s-master3,1,2026-06-05 16:34:00 UTC,5397188,6839984,738952,9.32,100264,1542144,1271216,16.03,811748,1480896,128
cloud-k3s-master3,1,2026-06-05 16:34:01 UTC,5397188,6839984,738944,9.32,100264,1542152,1271216,16.03,811748,1480896,72
cloud-k3s-master3,1,2026-06-05 16:34:02 UTC,5397188,6840004,738936,9.32,100264,1542164,1271216,16.03,811748,1480916,40
cloud-k3s-master3,1,2026-06-05 16:34:03 UTC,5397188,6840032,738908,9.32,100276,1542180,1271216,16.03,811748,1480944,52
cloud-k3s-master3,1,2026-06-05 16:34:04 UTC,5397188,6840032,738900,9.32,100276,1542188,1271216,16.03,812400,1480944,136
cloud-k3s-master3,1,2026-06-05 16:34:05 UTC,5397188,6840052,738888,9.32,100276,1542200,1271216,16.03,812400,1480964,296
cloud-k3s-master3,1,2026-06-05 16:34:06 UTC,5396936,6839812,739128,9.32,100276,1542212,1271216,16.03,812400,1480976,304
cloud-k3s-master3,1,2026-06-05 16:34:07 UTC,5396684,6839580,739360,9.32,100284,1542224,1271216,16.03,812668,1480996,268
cloud-k3s-master3,1,2026-06-05 16:34:08 UTC,5396684,6839600,739340,9.32,100292,1542236,1271216,16.03,812760,1481016,280
cloud-k3s-master3,1,2026-06-05 16:34:09 UTC,5396684,6839608,739332,9.32,100292,1542244,1271216,16.03,812760,1481024,288
cloud-k3s-master3,1,2026-06-05 16:34:10 UTC,5396684,6839612,739320,9.32,100292,1542256,1271216,16.03,812760,1481028,304
cloud-k3s-master3,1,2026-06-05 16:34:11 UTC,5396684,6839632,739316,9.32,100292,1542268,1271216,16.03,813024,1481048,312
cloud-k3s-master3,1,2026-06-05 16:34:12 UTC,5396684,6839656,739292,9.32,100304,1542280,1271216,16.03,813096,1481072,320
cloud-k3s-master3,1,2026-06-05 16:34:13 UTC,5396684,6839676,739272,9.32,100304,1542300,1271216,16.03,813108,1481092,276
cloud-k3s-master3,1,2026-06-05 16:34:14 UTC,5396684,6839688,739260,9.32,100304,1542312,1271216,16.03,813108,1481104,300
cloud-k3s-master3,1,2026-06-05 16:34:15 UTC,5396700,6839716,739264,9.32,100304,1542324,1271216,16.03,813108,1481116,64
cloud-k3s-master3,1,2026-06-05 16:34:16 UTC,5396700,6839720,739264,9.32,100304,1542328,1271216,16.03,813108,1481120,28
cloud-k3s-master3,1,2026-06-05 16:34:17 UTC,5396448,6839480,739504,9.32,100304,1542340,1271216,16.03,813184,1481132,192
cloud-k3s-master3,1,2026-06-05 16:34:18 UTC,5396448,6839492,739492,9.32,100304,1542352,1271216,16.03,812572,1481144,184
cloud-k3s-master3,1,2026-06-05 16:34:19 UTC,5396448,6839500,739484,9.32,100304,1542360,1271216,16.03,812572,1481152,196
cloud-k3s-master3,1,2026-06-05 16:34:20 UTC,5396448,6839528,739488,9.32,100304,1542388,1271216,16.03,812576,1481180,64
cloud-k3s-master3,1,2026-06-05 16:34:21 UTC,5396448,6839536,739480,9.32,100304,1542396,1271216,16.03,811852,1481188,72
cloud-k3s-master3,1,2026-06-05 16:34:22 UTC,5396448,6839552,739472,9.32,100312,1542400,1271216,16.03,811788,1481200,80
cloud-k3s-master3,1,2026-06-05 16:34:23 UTC,5396448,6839572,739444,9.32,100320,1542420,1271216,16.03,811788,1481220,44
cloud-k3s-master3,1,2026-06-05 16:34:24 UTC,5396448,6839584,739436,9.32,100320,1542432,1271216,16.03,811788,1481232,208
cloud-k3s-master3,1,2026-06-05 16:34:25 UTC,5396448,6839588,739424,9.32,100320,1542444,1271216,16.03,811788,1481236,220
cloud-k3s-master3,1,2026-06-05 16:34:26 UTC,5396448,6839612,739416,9.32,100320,1542452,1271216,16.03,812048,1481260,228
cloud-k3s-master3,1,2026-06-05 16:34:27 UTC,5396448,6839628,739396,9.32,100332,1542456,1271216,16.03,812232,1481276,236
cloud-k3s-master3,1,2026-06-05 16:34:28 UTC,5396448,6839652,739364,9.32,100340,1542480,1271216,16.03,812360,1481300,200
cloud-k3s-master3,1,2026-06-05 16:34:29 UTC,5396448,6839672,739352,9.32,100340,1542492,1271216,16.03,812388,1481320,212
cloud-k3s-master3,1,2026-06-05 16:34:30 UTC,5396448,6839684,739340,9.32,100340,1542504,1271216,16.03,812388,1481332,64
cloud-k3s-master3,1,2026-06-05 16:34:31 UTC,5396448,6839692,739332,9.32,100340,1542512,1271216,16.03,812388,1481340,72
cloud-k3s-master3,1,2026-06-05 16:34:32 UTC,5396448,6839696,739320,9.32,100340,1542524,1271216,16.03,812388,1481344,224
cloud-k3s-master3,1,2026-06-05 16:34:33 UTC,5396448,6839720,739304,9.32,100344,1542536,1271216,16.03,812388,1481368,192
cloud-k3s-master3,1,2026-06-05 16:34:34 UTC,5396448,6839724,739284,9.32,100352,1542548,1271216,16.03,812388,1481372,204
cloud-k3s-master3,1,2026-06-05 16:34:35 UTC,5396448,6839756,739268,9.32,100352,1542564,1271216,16.03,812388,1481404,296
cloud-k3s-master3,1,2026-06-05 16:34:36 UTC,5396448,6839764,739260,9.32,100352,1542572,1271216,16.03,812388,1481412,304
cloud-k3s-master3,1,2026-06-05 16:34:37 UTC,5395444,6838772,740248,9.33,100352,1542584,1271216,16.03,812764,1481424,312
cloud-k3s-master3,1,2026-06-05 16:34:38 UTC,5395444,6838780,740240,9.33,100352,1542592,1271216,16.03,812764,1481432,316
cloud-k3s-master3,1,2026-06-05 16:34:39 UTC,5395444,6838792,740228,9.33,100352,1542604,1271216,16.03,812764,1481444,340
cloud-k3s-master3,1,2026-06-05 16:34:40 UTC,5395444,6838796,740216,9.33,100352,1542616,1271216,16.03,812764,1481448,348
cloud-k3s-master3,1,2026-06-05 16:34:41 UTC,5395444,6838816,740204,9.33,100352,1542628,1271216,16.03,813092,1481468,356
cloud-k3s-master3,1,2026-06-05 16:34:42 UTC,5395444,6838820,740192,9.33,100352,1542640,1271216,16.03,813092,1481472,364
cloud-k3s-master3,1,2026-06-05 16:34:43 UTC,5395444,6838852,740168,9.33,100360,1542656,1271216,16.03,813092,1481504,372
cloud-k3s-master3,1,2026-06-05 16:34:44 UTC,5395444,6838856,740156,9.33,100360,1542668,1271216,16.03,813092,1481508,380
cloud-k3s-master3,1,2026-06-05 16:34:45 UTC,5395192,6838624,740392,9.34,100360,1542684,1271216,16.03,813092,1481528,416
cloud-k3s-master3,1,2026-06-05 16:34:46 UTC,5394940,6838376,740636,9.34,100360,1542692,1271216,16.03,813092,1481532,424
cloud-k3s-master3,1,2026-06-05 16:34:47 UTC,5394940,6838408,740604,9.34,100360,1542712,1271216,16.03,813216,1481560,432
cloud-k3s-master3,1,2026-06-05 16:34:48 UTC,5394940,6838416,740592,9.34,100360,1542720,1271216,16.03,812780,1481568,396
cloud-k3s-master3,1,2026-06-05 16:34:49 UTC,5394940,6838424,740580,9.34,100360,1542736,1271216,16.03,812812,1481576,432
cloud-k3s-master3,1,2026-06-05 16:34:50 UTC,5394688,6838188,740824,9.34,100360,1542744,1271216,16.03,812812,1481592,440
cloud-k3s-master3,1,2026-06-05 16:34:51 UTC,5394688,6838204,740808,9.34,100360,1542760,1271216,16.03,811916,1481608,464
cloud-k3s-master3,1,2026-06-05 16:34:52 UTC,5394688,6838212,740800,9.34,100364,1542764,1271216,16.03,811916,1481616,472
cloud-k3s-master3,1,2026-06-05 16:34:53 UTC,5394688,6838228,740784,9.34,100364,1542780,1271216,16.03,811916,1481632,476
cloud-k3s-master3,1,2026-06-05 16:34:54 UTC,5394688,6838240,740772,9.34,100364,1542792,1271216,16.03,811916,1481644,484
cloud-k3s-master3,1,2026-06-05 16:34:55 UTC,5394688,6838252,740760,9.34,100364,1542804,1271216,16.03,811916,1481656,508
cloud-k3s-master3,1,2026-06-05 16:34:56 UTC,5394688,6838260,740752,9.34,100364,1542812,1271216,16.03,812196,1481664,512
cloud-k3s-master3,1,2026-06-05 16:34:57 UTC,5394688,6838276,740736,9.34,100364,1542828,1271216,16.03,812488,1481680,520
cloud-k3s-master3,1,2026-06-05 16:34:58 UTC,5394688,6838284,740728,9.34,100364,1542836,1271216,16.03,812516,1481688,528
cloud-k3s-master3,1,2026-06-05 16:34:59 UTC,5392924,6836536,742476,9.36,100364,1542852,1271216,16.03,812560,1481704,668
cloud-k3s-master3,1,2026-06-05 16:35:00 UTC,5392924,6836536,742472,9.36,100364,1542860,1271216,16.03,812560,1481704,676
cloud-k3s-master3,1,2026-06-05 16:35:01 UTC,5392924,6836556,742428,9.36,100364,1542872,1271216,16.03,812560,1481724,300
cloud-k3s-master3,1,2026-06-05 16:35:02 UTC,5392168,6835812,743168,9.37,100364,1542884,1271216,16.03,812544,1481736,492
cloud-k3s-master3,1,2026-06-05 16:35:03 UTC,5392168,6835828,743152,9.37,100364,1542896,1271216,16.03,812544,1481748,500
cloud-k3s-master3,1,2026-06-05 16:35:04 UTC,5392168,6835836,743144,9.37,100364,1542904,1271216,16.03,812564,1481756,320
cloud-k3s-master3,1,2026-06-05 16:35:05 UTC,5392168,6835856,743124,9.37,100364,1542924,1271216,16.03,812568,1481776,324
cloud-k3s-master3,1,2026-06-05 16:35:06 UTC,5392168,6835864,743116,9.37,100364,1542932,1271216,16.03,812568,1481784,332
cloud-k3s-master3,1,2026-06-05 16:35:07 UTC,5392168,6835880,743100,9.37,100364,1542948,1271216,16.03,812868,1481800,340
cloud-k3s-master3,1,2026-06-05 16:35:08 UTC,5392168,6835888,743092,9.37,100364,1542956,1271216,16.03,812912,1481808,348
cloud-k3s-master3,1,2026-06-05 16:35:09 UTC,5392168,6835892,743080,9.37,100364,1542968,1271216,16.03,812912,1481812,352
cloud-k3s-master3,1,2026-06-05 16:35:10 UTC,5392168,6835908,743072,9.37,100364,1542976,1272704,16.05,813944,1481828,372
cloud-k3s-master3,1,2026-06-05 16:35:11 UTC,5391916,6835668,743308,9.37,100364,1542988,1274192,16.07,814496,1481840,448
cloud-k3s-master3,1,2026-06-05 16:35:12 UTC,5394840,6838604,740368,9.33,100364,1543000,1271216,16.03,813200,1481852,528
cloud-k3s-master3,1,2026-06-05 16:35:13 UTC,5394588,6838368,740604,9.34,100364,1543016,1271216,16.03,813200,1481868,548
cloud-k3s-master3,1,2026-06-05 16:35:14 UTC,5394336,6838128,740844,9.34,100364,1543028,1271216,16.03,813200,1481880,568
cloud-k3s-master3,1,2026-06-05 16:35:15 UTC,5394336,6838140,740832,9.34,100364,1543040,1271216,16.03,813200,1481892,568
cloud-k3s-master3,1,2026-06-05 16:35:16 UTC,5394336,6838152,740820,9.34,100364,1543052,1271216,16.03,813200,1481904,576
cloud-k3s-master3,1,2026-06-05 16:35:17 UTC,5394112,6837936,741036,9.34,100364,1543060,1271216,16.03,813200,1481912,584
cloud-k3s-master3,1,2026-06-05 16:35:18 UTC,5394112,6837952,741020,9.34,100368,1543072,1271216,16.03,812444,1481928,580
cloud-k3s-master3,1,2026-06-05 16:35:19 UTC,5394112,6837952,741012,9.34,100368,1543080,1271216,16.03,812444,1481928,588
cloud-k3s-master3,1,2026-06-05 16:35:20 UTC,5394112,6837976,740996,9.34,100368,1543096,1271216,16.03,812444,1481952,576
cloud-k3s-master3,1,2026-06-05 16:35:21 UTC,5393860,6837736,741236,9.35,100368,1543104,1271216,16.03,811756,1481960,584
cloud-k3s-master3,1,2026-06-05 16:35:22 UTC,5393860,6837752,741220,9.35,100368,1543120,1271216,16.03,811748,1481976,592
cloud-k3s-master3,1,2026-06-05 16:35:23 UTC,5393860,6837752,741216,9.35,100368,1543128,1271216,16.03,811748,1481976,600
cloud-k3s-master3,1,2026-06-05 16:35:24 UTC,5393860,6837776,741200,9.35,100368,1543144,1271216,16.03,811748,1482000,628
cloud-k3s-master3,1,2026-06-05 16:35:25 UTC,5393636,6837560,741416,9.35,100368,1543152,1271216,16.03,811748,1482008,632
cloud-k3s-master3,1,2026-06-05 16:35:26 UTC,5393636,6837572,741404,9.35,100368,1543164,1271216,16.03,812044,1482020,648
cloud-k3s-master3,1,2026-06-05 16:35:27 UTC,5393388,6837340,741628,9.35,100368,1543180,1271216,16.03,812224,1482036,656
cloud-k3s-master3,1,2026-06-05 16:35:28 UTC,5393388,6837344,741616,9.35,100368,1543192,1271216,16.03,812404,1482040,664
cloud-k3s-master3,1,2026-06-05 16:35:29 UTC,5393388,6837360,741608,9.35,100368,1543200,1271216,16.03,812404,1482056,672
cloud-k3s-master3,1,2026-06-05 16:35:30 UTC,5393388,6837364,741596,9.35,100368,1543212,1271216,16.03,812404,1482060,692
cloud-k3s-master3,1,2026-06-05 16:35:31 UTC,5393388,6837384,741580,9.35,100368,1543224,1271216,16.03,812408,1482080,696
cloud-k3s-master3,1,2026-06-05 16:35:32 UTC,5393388,6837396,741564,9.35,100372,1543236,1271216,16.03,812408,1482092,256
cloud-k3s-master3,1,2026-06-05 16:35:33 UTC,5393388,6837408,741556,9.35,100372,1543244,1271216,16.03,812408,1482104,264
cloud-k3s-master3,1,2026-06-05 16:35:34 UTC,5393388,6837420,741544,9.35,100372,1543256,1271216,16.03,812408,1482116,184
cloud-k3s-master3,1,2026-06-05 16:35:35 UTC,5393388,6837440,741524,9.35,100376,1543272,1271216,16.03,812408,1482136,212
cloud-k3s-master3,1,2026-06-05 16:35:36 UTC,5393388,6837452,741512,9.35,100376,1543284,1271216,16.03,812408,1482148,296
cloud-k3s-master3,1,2026-06-05 16:35:37 UTC,5393388,6837468,741496,9.35,100376,1543300,1271216,16.03,812468,1482164,308
cloud-k3s-master3,1,2026-06-05 16:35:38 UTC,5393388,6837476,741488,9.35,100376,1543308,1271216,16.03,812756,1482172,316
cloud-k3s-master3,1,2026-06-05 16:35:39 UTC,5393388,6837488,741472,9.35,100380,1543320,1271216,16.03,812756,1482184,324
cloud-k3s-master3,1,2026-06-05 16:35:40 UTC,5393388,6837508,741448,9.35,100384,1543332,1271216,16.03,812756,1482204,284
cloud-k3s-master3,1,2026-06-05 16:35:41 UTC,5393388,6837516,741440,9.35,100384,1543340,1271216,16.03,812988,1482212,296
cloud-k3s-master3,1,2026-06-05 16:35:42 UTC,5393388,6837532,741424,9.35,100384,1543356,1271216,16.03,813048,1482228,304
cloud-k3s-master3,1,2026-06-05 16:35:43 UTC,5393136,6837292,741664,9.35,100384,1543368,1271216,16.03,813220,1482240,312
cloud-k3s-master3,1,2026-06-05 16:35:44 UTC,5393136,6837304,741652,9.35,100384,1543380,1271216,16.03,813052,1482252,336
cloud-k3s-master3,1,2026-06-05 16:35:45 UTC,5393136,6837316,741640,9.35,100384,1543392,1271216,16.03,813052,1482264,344
cloud-k3s-master3,1,2026-06-05 16:35:46 UTC,5393136,6837328,741628,9.35,100384,1543404,1271216,16.03,813052,1482276,352
cloud-k3s-master3,1,2026-06-05 16:35:47 UTC,5393136,6837344,741612,9.35,100384,1543416,1271216,16.03,813112,1482288,360
cloud-k3s-master3,1,2026-06-05 16:35:48 UTC,5393136,6837352,741612,9.35,100384,1543424,1271216,16.03,812468,1482296,376
cloud-k3s-master3,1,2026-06-05 16:35:49 UTC,5393136,6837364,741600,9.35,100384,1543436,1271216,16.03,812468,1482308,388
cloud-k3s-master3,1,2026-06-05 16:35:50 UTC,5393136,6837376,741584,9.35,100388,1543448,1271216,16.03,812492,1482320,324
cloud-k3s-master3,1,2026-06-05 16:35:51 UTC,5393136,6837388,741564,9.35,100388,1543468,1271216,16.03,811796,1482332,304
cloud-k3s-master3,1,2026-06-05 16:35:52 UTC,5393136,6837412,741552,9.35,100388,1543480,1271216,16.03,811860,1482356,312
cloud-k3s-master3,1,2026-06-05 16:35:53 UTC,5393136,6837424,741540,9.35,100388,1543492,1271216,16.03,811892,1482368,320
cloud-k3s-master3,1,2026-06-05 16:35:54 UTC,5393136,6837428,741528,9.35,100388,1543504,1271216,16.03,811892,1482372,324
cloud-k3s-master3,1,2026-06-05 16:35:55 UTC,5393136,6837448,741516,9.35,100388,1543516,1271216,16.03,811892,1482392,320
cloud-k3s-master3,1,2026-06-05 16:35:56 UTC,5393136,6837460,741504,9.35,100388,1543528,1271216,16.03,812168,1482404,348
cloud-k3s-master3,1,2026-06-05 16:35:57 UTC,5393136,6837480,741480,9.35,100396,1543544,1271216,16.03,812392,1482424,356
cloud-k3s-master3,1,2026-06-05 16:35:58 UTC,5393136,6837488,741464,9.35,100396,1543556,1271216,16.03,812536,1482432,364
cloud-k3s-master3,1,2026-06-05 16:35:59 UTC,5393136,6837508,741452,9.35,100396,1543568,1271216,16.03,812540,1482452,384
cloud-k3s-master3,1,2026-06-05 16:36:00 UTC,5393136,6837520,741440,9.35,100396,1543580,1271216,16.03,812540,1482464,388
cloud-k3s-master3,1,2026-06-05 16:36:01 UTC,5393136,6837528,741432,9.35,100396,1543588,1271216,16.03,812544,1482472,344
cloud-k3s-master3,1,2026-06-05 16:36:02 UTC,5393136,6837548,741412,9.35,100404,1543600,1271216,16.03,812544,1482492,356
cloud-k3s-master3,1,2026-06-05 16:36:03 UTC,5393136,6837560,741400,9.35,100404,1543612,1271216,16.03,812544,1482504,364
cloud-k3s-master3,1,2026-06-05 16:36:04 UTC,5392884,6837320,741640,9.35,100404,1543624,1271216,16.03,812544,1482516,396
cloud-k3s-master3,1,2026-06-05 16:36:05 UTC,5392884,6837332,741600,9.35,100404,1543636,1271216,16.03,812544,1482528,80
cloud-k3s-master3,1,2026-06-05 16:36:06 UTC,5392884,6837340,741588,9.35,100404,1543648,1271216,16.03,812544,1482536,88
cloud-k3s-master3,1,2026-06-05 16:36:07 UTC,5392884,6837352,741580,9.35,100404,1543656,1271216,16.03,812544,1482548,48
cloud-k3s-master3,1,2026-06-05 16:36:08 UTC,5392884,6837364,741568,9.35,100404,1543668,1271216,16.03,812896,1482560,60
cloud-k3s-master3,1,2026-06-05 16:36:09 UTC,5392884,6837372,741560,9.35,100404,1543676,1271216,16.03,812952,1482568,64
cloud-k3s-master3,1,2026-06-05 16:36:10 UTC,5392884,6837392,741624,9.35,100404,1543696,1234592,15.57,809968,1482588,232
cloud-k3s-master3,1,2026-06-05 16:36:11 UTC,5392128,6836648,742372,9.36,100404,1543704,1237572,15.60,811504,1482600,340
cloud-k3s-master3,1,2026-06-05 16:36:12 UTC,5392128,6836660,742356,9.36,100404,1543716,1234592,15.57,810220,1482612,452
cloud-k3s-master3,1,2026-06-05 16:36:13 UTC,5395460,6840012,739004,9.32,100408,1543732,1234592,15.57,812560,1482632,408
cloud-k3s-master3,1,2026-06-05 16:36:14 UTC,5394736,6839300,739720,9.33,100408,1543744,1234596,15.57,812612,1482644,424
cloud-k3s-master3,1,2026-06-05 16:36:15 UTC,5394484,6839060,739960,9.33,100412,1543752,1234592,15.57,812624,1482656,432
cloud-k3s-master3,1,2026-06-05 16:36:16 UTC,5394232,6838824,740196,9.33,100412,1543768,1234592,15.57,812624,1482672,440
cloud-k3s-master3,1,2026-06-05 16:36:17 UTC,5393980,6838580,740440,9.34,100412,1543776,1234592,15.57,812624,1482680,444
cloud-k3s-master3,1,2026-06-05 16:36:18 UTC,5393980,6838592,740428,9.34,100412,1543788,1234592,15.57,812032,1482692,504
cloud-k3s-master3,1,2026-06-05 16:36:19 UTC,5393980,6838608,740412,9.34,100416,1543800,1234592,15.57,812032,1482708,460
cloud-k3s-master3,1,2026-06-05 16:36:20 UTC,5393980,6838624,740396,9.34,100416,1543812,1234592,15.57,812032,1482720,484
cloud-k3s-master3,1,2026-06-05 16:36:21 UTC,5393980,6838636,740384,9.33,100416,1543824,1234592,15.57,811688,1482732,492
cloud-k3s-master3,1,2026-06-05 16:36:22 UTC,5393980,6838648,740364,9.33,100424,1543836,1234592,15.57,811476,1482744,456
cloud-k3s-master3,1,2026-06-05 16:36:23 UTC,5393980,6838668,740352,9.33,100424,1543848,1234592,15.57,811476,1482764,460
cloud-k3s-master3,1,2026-06-05 16:36:24 UTC,5393980,6838668,740344,9.33,100424,1543856,1234592,15.57,811476,1482764,476
cloud-k3s-master3,1,2026-06-05 16:36:25 UTC,5393980,6838688,740328,9.33,100428,1543868,1234592,15.57,811476,1482784,460
cloud-k3s-master3,1,2026-06-05 16:36:26 UTC,5393980,6838704,740316,9.33,100428,1543880,1234592,15.57,811748,1482800,472
cloud-k3s-master3,1,2026-06-05 16:36:27 UTC,5393980,6838708,740304,9.33,100432,1543888,1234592,15.57,811812,1482804,480
cloud-k3s-master3,1,2026-06-05 16:36:28 UTC,5393980,6838740,740280,9.33,100432,1543912,1234592,15.57,812140,1482836,568
cloud-k3s-master3,1,2026-06-05 16:36:29 UTC,5393980,6838752,740268,9.33,100432,1543924,1234592,15.57,812140,1482848,576
cloud-k3s-master3,1,2026-06-05 16:36:30 UTC,5393980,6838752,740260,9.33,100432,1543932,1234592,15.57,812140,1482848,592
cloud-k3s-master3,1,2026-06-05 16:36:31 UTC,5393980,6838776,740244,9.33,100432,1543948,1234592,15.57,812140,1482872,556
cloud-k3s-master3,1,2026-06-05 16:36:32 UTC,5393980,6838788,740228,9.33,100436,1543960,1234592,15.57,812048,1482884,568
cloud-k3s-master3,1,2026-06-05 16:36:33 UTC,5393980,6838800,740220,9.33,100444,1543960,1234592,15.57,812048,1482896,576
cloud-k3s-master3,1,2026-06-05 16:36:34 UTC,5393980,6838820,740200,9.33,100444,1543980,1234592,15.57,812048,1482916,596
cloud-k3s-master3,1,2026-06-05 16:36:35 UTC,5393980,6838840,740176,9.33,100448,1543996,1234592,15.57,812052,1482936,604
cloud-k3s-master3,1,2026-06-05 16:36:36 UTC,5392748,6837620,741396,9.35,100448,1544008,1234592,15.57,813080,1482948,604
cloud-k3s-master3,1,2026-06-05 16:36:37 UTC,5392748,6837636,741380,9.35,100448,1544020,1234592,15.57,813080,1482960,564
cloud-k3s-master3,1,2026-06-05 16:36:38 UTC,5392748,6837644,741368,9.35,100448,1544028,1234592,15.57,813392,1482968,576
cloud-k3s-master3,1,2026-06-05 16:36:39 UTC,5392748,6837656,741356,9.35,100448,1544040,1234592,15.57,813424,1482980,588
cloud-k3s-master3,1,2026-06-05 16:36:40 UTC,5392748,6837672,741340,9.35,100452,1544052,1234592,15.57,813424,1482996,80
cloud-k3s-master3,1,2026-06-05 16:36:41 UTC,5392496,6837432,741580,9.35,100452,1544064,1234592,15.57,813780,1483008,84
cloud-k3s-master3,1,2026-06-05 16:36:42 UTC,5392496,6837444,741568,9.35,100452,1544076,1234592,15.57,813780,1483020,92
cloud-k3s-master3,1,2026-06-05 16:36:43 UTC,5392496,6837452,741560,9.35,100452,1544084,1234592,15.57,813780,1483028,48
cloud-k3s-master3,1,2026-06-05 16:36:44 UTC,5392496,6837464,741548,9.35,100452,1544096,1237568,15.60,813952,1483040,232
cloud-k3s-master3,1,2026-06-05 16:36:45 UTC,5392244,6837228,741784,9.35,100456,1544108,1234592,15.57,813780,1483056,304
cloud-k3s-master3,1,2026-06-05 16:36:46 UTC,5392244,6837236,741772,9.35,100460,1544116,1234592,15.57,813780,1483064,312
cloud-k3s-master3,1,2026-06-05 16:36:47 UTC,5392244,6837256,741756,9.35,100460,1544132,1234592,15.57,813780,1483084,320
cloud-k3s-master3,1,2026-06-05 16:36:48 UTC,5392244,6837264,741740,9.35,100460,1544140,1234592,15.57,813464,1483092,328
cloud-k3s-master3,1,2026-06-05 16:36:49 UTC,5392244,6837268,741728,9.35,100460,1544152,1234592,15.57,813340,1483096,296
cloud-k3s-master3,1,2026-06-05 16:36:50 UTC,5391992,6837036,741964,9.35,100464,1544164,1234592,15.57,813340,1483116,304
cloud-k3s-master3,1,2026-06-05 16:36:51 UTC,5391992,6837052,741952,9.35,100464,1544176,1234592,15.57,812464,1483132,312
cloud-k3s-master3,1,2026-06-05 16:36:52 UTC,5391992,6837060,741940,9.35,100464,1544184,1234592,15.57,812452,1483140,320
cloud-k3s-master3,1,2026-06-05 16:36:53 UTC,5391992,6837080,741920,9.35,100468,1544200,1234592,15.57,812548,1483160,280
cloud-k3s-master3,1,2026-06-05 16:36:54 UTC,5391992,6837088,741912,9.35,100468,1544208,1234592,15.57,812548,1483168,288
cloud-k3s-master3,1,2026-06-05 16:36:55 UTC,5391992,6837092,741900,9.35,100468,1544220,1234592,15.57,812548,1483172,28
cloud-k3s-master3,1,2026-06-05 16:36:56 UTC,5391992,6837112,741892,9.35,100468,1544232,1234592,15.57,812872,1483192,196
cloud-k3s-master3,1,2026-06-05 16:36:57 UTC,5391992,6837128,741876,9.35,100468,1544248,1234592,15.57,812872,1483208,204
cloud-k3s-master3,1,2026-06-05 16:36:58 UTC,5391992,6837144,741864,9.35,100468,1544264,1234592,15.57,813124,1483224,212
cloud-k3s-master3,1,2026-06-05 16:36:59 UTC,5391992,6837156,741852,9.35,100468,1544276,1234592,15.57,813152,1483236,216
cloud-k3s-master3,1,2026-06-05 16:37:00 UTC,5391992,6837164,741844,9.35,100468,1544284,1234592,15.57,813152,1483244,312
cloud-k3s-master3,1,2026-06-05 16:37:01 UTC,5391992,6837176,741832,9.35,100468,1544296,1234592,15.57,813188,1483256,268
cloud-k3s-master3,1,2026-06-05 16:37:02 UTC,5391992,6837188,741820,9.35,100468,1544308,1234592,15.57,813188,1483268,280
cloud-k3s-master3,1,2026-06-05 16:37:03 UTC,5391992,6837192,741808,9.35,100468,1544320,1234592,15.57,813188,1483272,288
cloud-k3s-master3,1,2026-06-05 16:37:04 UTC,5391992,6837208,741800,9.35,100468,1544328,1234592,15.57,813668,1483288,300
cloud-k3s-master3,1,2026-06-05 16:37:05 UTC,5391992,6837224,741780,9.35,100472,1544344,1234592,15.57,813724,1483304,324
cloud-k3s-master3,1,2026-06-05 16:37:06 UTC,5391992,6837240,741768,9.35,100472,1544356,1234592,15.57,813724,1483320,332
cloud-k3s-master3,1,2026-06-05 16:37:07 UTC,5391740,6837000,742008,9.36,100472,1544368,1234592,15.57,813724,1483332,288
cloud-k3s-master3,1,2026-06-05 16:37:08 UTC,5390984,6836260,742748,9.36,100472,1544380,1234592,15.57,815072,1483344,308
cloud-k3s-master3,1,2026-06-05 16:37:09 UTC,5390228,6835512,743496,9.37,100472,1544388,1234592,15.57,815968,1483352,316
cloud-k3s-master3,1,2026-06-05 16:37:10 UTC,5390228,6835524,743484,9.37,100472,1544400,1234592,15.57,816132,1483364,332
cloud-k3s-master3,1,2026-06-05 16:37:11 UTC,5389472,6834776,744232,9.38,100476,1544404,1234592,15.57,816424,1483372,340
cloud-k3s-master3,1,2026-06-05 16:37:12 UTC,5389472,6834796,744212,9.38,100476,1544424,1234592,15.57,816464,1483392,348
cloud-k3s-master3,1,2026-06-05 16:37:13 UTC,5389472,6834808,744208,9.38,100476,1544436,1234592,15.57,816464,1483404,304
cloud-k3s-master3,1,2026-06-05 16:37:14 UTC,5389472,6834824,744192,9.38,100480,1544448,1235448,15.58,816640,1483420,332
cloud-k3s-master3,1,2026-06-05 16:37:15 UTC,5392364,6837856,741168,9.34,100480,1544592,1234592,15.57,816596,1483432,440
cloud-k3s-master3,1,2026-06-05 16:37:16 UTC,5392112,6837612,741404,9.35,100484,1544604,1234592,15.57,816596,1483440,460
cloud-k3s-master3,1,2026-06-05 16:37:17 UTC,5392112,6837636,741396,9.35,100484,1544616,1234592,15.57,816596,1483464,468
cloud-k3s-master3,1,2026-06-05 16:37:18 UTC,5392112,6837648,741384,9.35,100484,1544628,1234592,15.57,816128,1483476,476
cloud-k3s-master3,1,2026-06-05 16:37:19 UTC,5392112,6837656,741376,9.35,100484,1544636,1234592,15.57,816000,1483484,436
cloud-k3s-master3,1,2026-06-05 16:37:20 UTC,5392112,6837668,741364,9.35,100484,1544648,1234592,15.57,816000,1483496,452
cloud-k3s-master3,1,2026-06-05 16:37:21 UTC,5392112,6837668,741356,9.35,100484,1544656,1234592,15.57,815312,1483496,444
cloud-k3s-master3,1,2026-06-05 16:37:22 UTC,5392112,6837688,741344,9.35,100484,1544668,1234592,15.57,815244,1483516,452
cloud-k3s-master3,1,2026-06-05 16:37:23 UTC,5392112,6837700,741328,9.35,100484,1544680,1234592,15.57,815148,1483528,460
cloud-k3s-master3,1,2026-06-05 16:37:24 UTC,5392112,6837720,741300,9.35,100484,1544704,1234592,15.57,815148,1483548,476
cloud-k3s-master3,1,2026-06-05 16:37:25 UTC,5392112,6837724,741288,9.35,100484,1544716,1234592,15.57,815148,1483552,448
cloud-k3s-master3,1,2026-06-05 16:37:26 UTC,5392112,6837748,741276,9.35,100484,1544728,1234592,15.57,815464,1483576,52
cloud-k3s-master3,1,2026-06-05 16:37:27 UTC,5392112,6837760,741256,9.35,100484,1544740,1234592,15.57,815464,1483588,60
cloud-k3s-master3,1,2026-06-05 16:37:28 UTC,5392112,6837776,741240,9.35,100488,1544752,1234592,15.57,815728,1483604,68
cloud-k3s-master3,1,2026-06-05 16:37:29 UTC,5392112,6837788,741228,9.35,100488,1544764,1234592,15.57,815776,1483616,228
cloud-k3s-master3,1,2026-06-05 16:37:30 UTC,5392112,6837796,741220,9.35,100488,1544772,1234592,15.57,815776,1483624,240
cloud-k3s-master3,1,2026-06-05 16:37:31 UTC,5392112,6837808,741212,9.35,100488,1544784,1234592,15.57,815776,1483636,196
cloud-k3s-master3,1,2026-06-05 16:37:32 UTC,5392112,6837820,741200,9.35,100488,1544796,1234592,15.57,815776,1483648,208
cloud-k3s-master3,1,2026-06-05 16:37:33 UTC,5392112,6837832,741184,9.34,100488,1544808,1234592,15.57,815776,1483660,296
cloud-k3s-master3,1,2026-06-05 16:37:34 UTC,5392112,6837832,741176,9.34,100488,1544816,1234592,15.57,815776,1483660,308
cloud-k3s-master3,1,2026-06-05 16:37:35 UTC,5392112,6837856,741192,9.35,100488,1544832,1234592,15.57,815780,1483684,80
cloud-k3s-master3,1,2026-06-05 16:37:36 UTC,5392112,6837868,741180,9.34,100488,1544844,1234592,15.57,815780,1483696,88
cloud-k3s-master3,1,2026-06-05 16:37:37 UTC,5392112,6837884,741168,9.34,100492,1544856,1234592,15.57,815780,1483712,48
cloud-k3s-master3,1,2026-06-05 16:37:38 UTC,5391860,6837644,741412,9.35,100492,1544868,1234592,15.57,816096,1483724,60
cloud-k3s-master3,1,2026-06-05 16:37:39 UTC,5391860,6837656,741400,9.35,100492,1544880,1234592,15.57,816136,1483736,76
cloud-k3s-master3,1,2026-06-05 16:37:40 UTC,5391860,6837656,741392,9.35,100492,1544888,1234592,15.57,816136,1483736,236
cloud-k3s-master3,1,2026-06-05 16:37:41 UTC,5391860,6837668,741380,9.35,100492,1544900,1234592,15.57,816324,1483748,244
cloud-k3s-master3,1,2026-06-05 16:37:42 UTC,5391860,6837688,741432,9.35,100492,1544908,1234592,15.57,816332,1483764,252
cloud-k3s-master3,1,2026-06-05 16:37:43 UTC,5391108,6836956,742156,9.36,100492,1544928,1234592,15.57,816388,1483784,208
cloud-k3s-master3,1,2026-06-05 16:37:44 UTC,5390856,6836716,742396,9.36,100492,1544940,1234592,15.57,816388,1483796,232
cloud-k3s-master3,1,2026-06-05 16:37:45 UTC,5390856,6836760,742380,9.36,100512,1544964,1234592,15.57,816388,1483840,80
cloud-k3s-master3,1,2026-06-05 16:37:46 UTC,5390856,6836760,742372,9.36,100512,1544972,1234592,15.57,816388,1483840,88
cloud-k3s-master3,1,2026-06-05 16:37:47 UTC,5390100,6836024,743116,9.37,100512,1544984,1237568,15.60,817720,1483860,96
cloud-k3s-master3,1,2026-06-05 16:37:48 UTC,5383296,6829240,749880,9.45,100516,1545020,1331108,16.78,823568,1483880,332
cloud-k3s-master3,1,2026-06-05 16:37:49 UTC,5370792,6816784,762320,9.61,100520,1545108,1291884,16.29,832348,1483924,608
cloud-k3s-master3,1,2026-06-05 16:37:50 UTC,5370104,6816104,763080,9.62,100532,1545044,1234592,15.57,816196,1483940,96
cloud-k3s-master3,1,2026-06-05 16:37:51 UTC,5373424,6819456,759728,9.58,100536,1545072,1234592,15.57,815420,1483972,272
cloud-k3s-master3,1,2026-06-05 16:37:52 UTC,5375176,6821224,757964,9.56,100536,1545088,1234592,15.57,815012,1483988,280
cloud-k3s-master3,1,2026-06-05 16:37:53 UTC,5375284,6821344,757844,9.56,100536,1545100,1234592,15.57,814964,1484000,288
cloud-k3s-master3,1,2026-06-05 16:37:54 UTC,5375284,6821352,757836,9.55,100536,1545108,1234592,15.57,814964,1484008,296
cloud-k3s-master3,1,2026-06-05 16:37:55 UTC,5375284,6821368,757820,9.55,100536,1545124,1234592,15.57,814964,1484024,304
cloud-k3s-master3,1,2026-06-05 16:37:56 UTC,5375284,6821368,757812,9.55,100536,1545128,1234592,15.57,815264,1484024,308
cloud-k3s-master3,1,2026-06-05 16:37:57 UTC,5375032,6821136,758044,9.56,100536,1545144,1234592,15.57,815308,1484044,316
cloud-k3s-master3,1,2026-06-05 16:37:58 UTC,5375032,6821152,758028,9.56,100536,1545160,1234592,15.57,815620,1484060,324
cloud-k3s-master3,1,2026-06-05 16:37:59 UTC,5375032,6821160,758020,9.56,100536,1545168,1234592,15.57,815620,1484068,336
cloud-k3s-master3,1,2026-06-05 16:38:00 UTC,5375032,6821164,758008,9.56,100536,1545180,1234592,15.57,815620,1484072,160
cloud-k3s-master3,1,2026-06-05 16:38:01 UTC,5375032,6821184,758000,9.56,100536,1545192,1234592,15.57,815620,1484092,120
cloud-k3s-master3,1,2026-06-05 16:38:02 UTC,5375032,6821188,757988,9.56,100536,1545204,1234592,15.57,815620,1484096,268
cloud-k3s-master3,1,2026-06-05 16:38:03 UTC,5375032,6821216,757968,9.56,100536,1545224,1234592,15.57,815620,1484124,284
cloud-k3s-master3,1,2026-06-05 16:38:04 UTC,5375032,6821224,757956,9.56,100536,1545232,1234592,15.57,815624,1484132,392
cloud-k3s-master3,1,2026-06-05 16:38:05 UTC,5375032,6821244,757936,9.56,100540,1545248,1234592,15.57,815624,1484152,404
cloud-k3s-master3,1,2026-06-05 16:38:06 UTC,5375032,6821244,757928,9.56,100540,1545256,1234592,15.57,815624,1484152,412
cloud-k3s-master3,1,2026-06-05 16:38:07 UTC,5375032,6821268,757912,9.56,100540,1545272,1234592,15.57,815624,1484176,392
cloud-k3s-master3,1,2026-06-05 16:38:08 UTC,5374780,6821016,758124,9.56,100540,1545280,1234592,15.57,815932,1484176,160
cloud-k3s-master3,1,2026-06-05 16:38:09 UTC,5374780,6821040,758108,9.56,100540,1545296,1234592,15.57,815976,1484200,332
cloud-k3s-master3,1,2026-06-05 16:38:10 UTC,5374780,6821048,758104,9.56,100540,1545304,1234592,15.57,815976,1484208,336
cloud-k3s-master3,1,2026-06-05 16:38:11 UTC,5374780,6821060,758088,9.56,100540,1545316,1234592,15.57,816308,1484220,356
cloud-k3s-master3,1,2026-06-05 16:38:12 UTC,5374528,6820808,758332,9.56,100540,1545324,1234592,15.57,816312,1484220,364
cloud-k3s-master3,1,2026-06-05 16:38:13 UTC,5374528,6820844,758304,9.56,100540,1545352,1234592,15.57,816312,1484256,356
cloud-k3s-master3,1,2026-06-05 16:38:14 UTC,5374528,6820864,758284,9.56,100548,1545364,1234592,15.57,816312,1484276,368
cloud-k3s-master3,1,2026-06-05 16:38:15 UTC,5374528,6820876,758272,9.56,100548,1545376,1234592,15.57,816312,1484288,376
cloud-k3s-master3,1,2026-06-05 16:38:16 UTC,5374528,6820888,758260,9.56,100548,1545388,1234592,15.57,816312,1484300,384
cloud-k3s-master3,1,2026-06-05 16:38:17 UTC,5374528,6820904,758248,9.56,100552,1545400,1234592,15.57,816312,1484316,392
cloud-k3s-master3,1,2026-06-05 16:38:18 UTC,5374528,6820916,758240,9.56,100552,1545412,1234592,15.57,815940,1484328,384
cloud-k3s-master3,1,2026-06-05 16:38:19 UTC,5374528,6820936,758224,9.56,100556,1545428,1234592,15.57,815728,1484348,524
cloud-k3s-master3,1,2026-06-05 16:38:20 UTC,5374528,6821048,758120,9.56,100644,1545448,1234592,15.57,815728,1484456,532
cloud-k3s-master3,1,2026-06-05 16:38:21 UTC,5374528,6821072,758096,9.56,100648,1545468,1234592,15.57,815336,1484480,116
cloud-k3s-master3,1,2026-06-05 16:38:22 UTC,5374528,6821072,758088,9.56,100648,1545476,1234592,15.57,815336,1484480,52
cloud-k3s-master3,1,2026-06-05 16:38:23 UTC,5374528,6821092,758076,9.56,100652,1545484,1234592,15.57,815312,1484500,60
cloud-k3s-master3,1,2026-06-05 16:38:24 UTC,5374528,6821108,758060,9.56,100652,1545500,1234592,15.57,815312,1484516,44
cloud-k3s-master3,1,2026-06-05 16:38:25 UTC,5374528,6821124,758044,9.56,100660,1545508,1234592,15.57,815316,1484532,220
cloud-k3s-master3,1,2026-06-05 16:38:26 UTC,5374528,6821136,758032,9.56,100660,1545520,1234592,15.57,815568,1484544,228
cloud-k3s-master3,1,2026-06-05 16:38:27 UTC,5374528,6821152,758016,9.56,100660,1545536,1234592,15.57,815636,1484560,316
cloud-k3s-master3,1,2026-06-05 16:38:28 UTC,5374276,6820916,758248,9.56,100660,1545552,1234592,15.57,815964,1484576,324
cloud-k3s-master3,1,2026-06-05 16:38:29 UTC,5374276,6820924,758240,9.56,100660,1545560,1234592,15.57,815964,1484584,320
cloud-k3s-master3,1,2026-06-05 16:38:30 UTC,5374276,6820936,758228,9.56,100660,1545572,1234592,15.57,815964,1484596,88
cloud-k3s-master3,1,2026-06-05 16:38:31 UTC,5374276,6820940,758212,9.56,100664,1545584,1234592,15.57,815964,1484600,112
cloud-k3s-master3,1,2026-06-05 16:38:32 UTC,5374276,6820956,758208,9.56,100664,1545588,1234592,15.57,815964,1484616,116
cloud-k3s-master3,1,2026-06-05 16:38:33 UTC,5374276,6820968,758196,9.56,100664,1545600,1234592,15.57,815964,1484628,124
cloud-k3s-master3,1,2026-06-05 16:38:34 UTC,5374276,6820972,758184,9.56,100664,1545612,1234592,15.57,815964,1484632,136
cloud-k3s-master3,1,2026-06-05 16:38:35 UTC,5374276,6820992,758172,9.56,100664,1545624,1234592,15.57,815964,1484652,272
cloud-k3s-master3,1,2026-06-05 16:38:36 UTC,5374276,6820996,758156,9.56,100664,1545636,1234592,15.57,815964,1484656,304
cloud-k3s-master3,1,2026-06-05 16:38:37 UTC,5374276,6821016,758144,9.56,100664,1545648,1234592,15.57,815964,1484676,312
cloud-k3s-master3,1,2026-06-05 16:38:38 UTC,5374024,6820776,758384,9.56,100664,1545660,1234592,15.57,816264,1484688,320
cloud-k3s-master3,1,2026-06-05 16:38:39 UTC,5374024,6820788,758376,9.56,100664,1545672,1234592,15.57,816264,1484700,328
cloud-k3s-master3,1,2026-06-05 16:38:40 UTC,5374024,6820800,758328,9.56,100664,1545688,1234592,15.57,816264,1484712,176
cloud-k3s-master3,1,2026-06-05 16:38:41 UTC,5373800,6820588,758544,9.56,100664,1545696,1234592,15.57,816432,1484724,300
cloud-k3s-master3,1,2026-06-05 16:38:42 UTC,5373800,6820608,758524,9.56,100664,1545712,1234592,15.57,816488,1484740,344
cloud-k3s-master3,1,2026-06-05 16:38:43 UTC,5373800,6820620,758512,9.56,100664,1545724,1234592,15.57,816488,1484752,352
cloud-k3s-master3,1,2026-06-05 16:38:44 UTC,5373552,6820388,758740,9.57,100664,1545740,1234592,15.57,816488,1484768,464
cloud-k3s-master3,1,2026-06-05 16:38:45 UTC,5373552,6820388,758724,9.57,100664,1545748,1234592,15.57,816488,1484768,468
cloud-k3s-master3,1,2026-06-05 16:38:46 UTC,5373552,6820408,758712,9.57,100664,1545760,1234592,15.57,816492,1484788,200
cloud-k3s-master3,1,2026-06-05 16:38:47 UTC,5373304,6820172,758948,9.57,100664,1545772,1234592,15.57,816492,1484800,228
cloud-k3s-master3,1,2026-06-05 16:38:48 UTC,5373304,6820184,758940,9.57,100664,1545784,1234592,15.57,815996,1484812,236
cloud-k3s-master3,1,2026-06-05 16:38:49 UTC,5373304,6820196,758928,9.57,100672,1545788,1234592,15.57,815996,1484824,244
cloud-k3s-master3,1,2026-06-05 16:38:50 UTC,5373052,6819968,759156,9.57,100672,1545812,1234592,15.57,815996,1484848,420
cloud-k3s-master3,1,2026-06-05 16:38:51 UTC,5373052,6819976,759148,9.57,100672,1545820,1234592,15.57,815136,1484856,428
cloud-k3s-master3,1,2026-06-05 16:38:52 UTC,5375072,6822008,757064,9.55,100672,1545832,1234592,15.57,815080,1484868,484
cloud-k3s-master3,1,2026-06-05 16:38:53 UTC,5375072,6822016,757056,9.55,100672,1545840,1234592,15.57,815112,1484876,236
cloud-k3s-master3,1,2026-06-05 16:38:54 UTC,5375072,6822032,757036,9.54,100676,1545856,1234592,15.57,815116,1484892,300
cloud-k3s-master3,1,2026-06-05 16:38:55 UTC,5375072,6822044,757060,9.55,100676,1545864,1234592,15.57,815116,1484904,56
cloud-k3s-master3,1,2026-06-05 16:38:56 UTC,5375072,6822056,757048,9.55,100676,1545876,1234592,15.57,815424,1484916,68
cloud-k3s-master3,1,2026-06-05 16:38:57 UTC,5375072,6822068,757036,9.54,100732,1545832,1234592,15.57,815424,1484928,76
cloud-k3s-master3,1,2026-06-05 16:38:58 UTC,5375072,6822172,756936,9.54,100732,1545932,1234592,15.57,815768,1485028,92
cloud-k3s-master3,1,2026-06-05 16:38:59 UTC,5375072,6822252,756856,9.54,101000,1545744,1234592,15.57,815772,1485108,248
cloud-k3s-master3,1,2026-06-05 16:39:00 UTC,5375072,6822544,756584,9.54,101000,1546040,1234592,15.57,815772,1485400,96
cloud-k3s-master3,1,2026-06-05 16:39:01 UTC,5375072,6822560,756572,9.54,101000,1546052,1234592,15.57,815792,1485416,112
cloud-k3s-master3,1,2026-06-05 16:39:02 UTC,5375072,6822580,756548,9.54,101000,1546072,1234592,15.57,815792,1485436,120
cloud-k3s-master3,1,2026-06-05 16:39:03 UTC,5375072,6822596,756532,9.54,101000,1546088,1234592,15.57,815792,1485452,128
cloud-k3s-master3,1,2026-06-05 16:39:04 UTC,5375072,6822608,756508,9.54,101000,1546100,1234592,15.57,815792,1485464,248
cloud-k3s-master3,1,2026-06-05 16:39:05 UTC,5374820,6822372,756744,9.54,101000,1546112,1234592,15.57,815792,1485476,280
cloud-k3s-master3,1,2026-06-05 16:39:06 UTC,5374820,6822392,756724,9.54,101004,1546128,1234592,15.57,815792,1485496,372
cloud-k3s-master3,1,2026-06-05 16:39:07 UTC,5374820,6822396,756712,9.54,101004,1546140,1234592,15.57,815792,1485500,380
cloud-k3s-master3,1,2026-06-05 16:39:08 UTC,5374820,6822416,756696,9.54,101004,1546152,1234592,15.57,816132,1485520,388
cloud-k3s-master3,1,2026-06-05 16:39:09 UTC,5374820,6822424,756688,9.54,101004,1546156,1234592,15.57,816132,1485524,220
cloud-k3s-master3,1,2026-06-05 16:39:10 UTC,5374568,6822188,756924,9.54,101004,1546172,1234592,15.57,816132,1485540,140
cloud-k3s-master3,1,2026-06-05 16:39:11 UTC,5374568,6822196,756908,9.54,101004,1546180,1234592,15.57,816376,1485548,156
cloud-k3s-master3,1,2026-06-05 16:39:12 UTC,5374568,6822208,756896,9.54,101004,1546192,1234592,15.57,816424,1485560,164
cloud-k3s-master3,1,2026-06-05 16:39:13 UTC,5374568,6822224,756876,9.54,101004,1546208,1234592,15.57,816424,1485576,172
cloud-k3s-master3,1,2026-06-05 16:39:14 UTC,5374568,6822224,756868,9.54,101004,1546216,1234592,15.57,816424,1485576,336
cloud-k3s-master3,1,2026-06-05 16:39:15 UTC,5374568,6822248,756848,9.54,101008,1546228,1234592,15.57,816424,1485600,204
cloud-k3s-master3,1,2026-06-05 16:39:16 UTC,5374568,6822260,756836,9.54,101008,1546240,1234592,15.57,816424,1485612,212
cloud-k3s-master3,1,2026-06-05 16:39:17 UTC,5374568,6822268,756828,9.54,101012,1546248,1234592,15.57,816424,1485620,208
cloud-k3s-master3,1,2026-06-05 16:39:18 UTC,5374316,6822028,757068,9.55,101012,1546260,1234592,15.57,815900,1485632,216
cloud-k3s-master3,1,2026-06-05 16:39:19 UTC,5374316,6822040,757052,9.55,101012,1546276,1234592,15.57,815832,1485644,232
cloud-k3s-master3,1,2026-06-05 16:39:20 UTC,5374316,6822060,757036,9.54,101012,1546288,1234592,15.57,815832,1485664,472
cloud-k3s-master3,1,2026-06-05 16:39:21 UTC,5374316,6822072,757020,9.54,101012,1546300,1234592,15.57,815160,1485676,488
cloud-k3s-master3,1,2026-06-05 16:39:22 UTC,5375096,6822860,756232,9.53,101012,1546308,1234592,15.57,815100,1485684,496
cloud-k3s-master3,1,2026-06-05 16:39:23 UTC,5375096,6822872,756228,9.53,101012,1546320,1234592,15.57,815068,1485696,480
cloud-k3s-master3,1,2026-06-05 16:39:24 UTC,5375096,6822876,756216,9.53,101012,1546332,1234592,15.57,815068,1485700,168
cloud-k3s-master3,1,2026-06-05 16:39:25 UTC,5375096,6822892,756208,9.53,101012,1546340,1234592,15.57,815068,1485716,28
cloud-k3s-master3,1,2026-06-05 16:39:26 UTC,5375096,6822912,756184,9.53,101012,1546360,1234592,15.57,815384,1485736,56
cloud-k3s-master3,1,2026-06-05 16:39:27 UTC,5375096,6822924,756168,9.53,101012,1546372,1234592,15.57,815408,1485748,64
cloud-k3s-master3,1,2026-06-05 16:39:28 UTC,5375096,6822944,756148,9.53,101012,1546392,1234592,15.57,815708,1485768,72
cloud-k3s-master3,1,2026-06-05 16:39:29 UTC,5375096,6822956,756132,9.53,101012,1546404,1234592,15.57,815716,1485780,80
cloud-k3s-master3,1,2026-06-05 16:39:30 UTC,5375096,6822968,756120,9.53,101012,1546416,1234592,15.57,815716,1485792,76
cloud-k3s-master3,1,2026-06-05 16:39:31 UTC,5374844,6822720,756360,9.54,101012,1546428,1234592,15.57,815716,1485796,84
cloud-k3s-master3,1,2026-06-05 16:39:32 UTC,5374844,6822740,756344,9.54,101012,1546440,1234592,15.57,815716,1485812,104
cloud-k3s-master3,1,2026-06-05 16:39:33 UTC,5374844,6822756,756340,9.54,101012,1546452,1234592,15.57,815716,1485828,252
cloud-k3s-master3,1,2026-06-05 16:39:34 UTC,5374844,6822768,756328,9.54,101012,1546464,1234592,15.57,815716,1485840,352
cloud-k3s-master3,1,2026-06-05 16:39:35 UTC,5374844,6822776,756320,9.54,101012,1546472,1234592,15.57,815716,1485848,324
cloud-k3s-master3,1,2026-06-05 16:39:36 UTC,5375744,6823692,755400,9.52,101012,1546488,1234592,15.57,815716,1485864,464
cloud-k3s-master3,1,2026-06-05 16:39:37 UTC,5375240,6823200,755892,9.53,101012,1546500,1234592,15.57,815716,1485876,480
cloud-k3s-master3,1,2026-06-05 16:39:38 UTC,5374988,6822960,756100,9.53,101012,1546512,1234592,15.57,815992,1485888,188
cloud-k3s-master3,1,2026-06-05 16:39:39 UTC,5374988,6822972,756084,9.53,101012,1546524,1234592,15.57,816072,1485900,196
cloud-k3s-master3,1,2026-06-05 16:39:40 UTC,5374988,6822984,756040,9.53,101012,1546536,1234592,15.57,816072,1485912,356
cloud-k3s-master3,1,2026-06-05 16:39:41 UTC,5374988,6822992,756032,9.53,101012,1546544,1234592,15.57,816228,1485920,312
cloud-k3s-master3,1,2026-06-05 16:39:42 UTC,5374988,6823008,756008,9.53,101012,1546560,1234592,15.57,816276,1485936,316
cloud-k3s-master3,1,2026-06-05 16:39:43 UTC,5374488,6822520,756488,9.54,101012,1546572,1234592,15.57,816316,1485948,324
cloud-k3s-master3,1,2026-06-05 16:39:44 UTC,5374488,6822532,756476,9.54,101012,1546584,1234592,15.57,816316,1485960,448
cloud-k3s-master3,1,2026-06-05 16:39:45 UTC,5374488,6822540,756468,9.54,101012,1546592,1234592,15.57,816316,1485968,196
cloud-k3s-master3,1,2026-06-05 16:39:46 UTC,5374488,6822540,756468,9.54,101012,1546600,1234592,15.57,816316,1485968,208
cloud-k3s-master3,1,2026-06-05 16:39:47 UTC,5374488,6822548,756452,9.54,101012,1546616,1234592,15.57,816316,1485976,200
cloud-k3s-master3,1,2026-06-05 16:39:48 UTC,5374488,6822572,756444,9.54,101012,1546624,1234592,15.57,815760,1486000,204
cloud-k3s-master3,1,2026-06-05 16:39:49 UTC,5374488,6822584,756432,9.54,101012,1546636,1234592,15.57,815760,1486012,372
cloud-k3s-master3,1,2026-06-05 16:39:50 UTC,5373732,6821844,757168,9.55,101016,1546648,1234592,15.57,815760,1486028,396
cloud-k3s-master3,1,2026-06-05 16:39:51 UTC,5373732,6821856,757156,9.55,101016,1546660,1234592,15.57,815156,1486040,404
cloud-k3s-master3,1,2026-06-05 16:39:52 UTC,5373732,6821876,757148,9.55,101016,1546680,1234592,15.57,815156,1486060,388
cloud-k3s-master3,1,2026-06-05 16:39:53 UTC,5380032,6828188,750828,9.47,101024,1546692,1234592,15.57,781992,1486072,408
cloud-k3s-master3,1,2026-06-05 16:39:54 UTC,5380032,6828204,750820,9.47,101024,1546700,1234592,15.57,781992,1486088,244
cloud-k3s-master3,1,2026-06-05 16:39:55 UTC,5380032,6828208,750800,9.47,101024,1546712,1234592,15.57,781992,1486092,276
cloud-k3s-master3,1,2026-06-05 16:39:56 UTC,5380032,6828228,750784,9.47,101024,1546724,1234592,15.57,782288,1486112,28
cloud-k3s-master3,1,2026-06-05 16:39:57 UTC,5380032,6828240,750768,9.47,101024,1546736,1234592,15.57,782288,1486124,40
cloud-k3s-master3,1,2026-06-05 16:39:58 UTC,5380032,6828260,750748,9.47,101028,1546752,1234592,15.57,782640,1486144,200
cloud-k3s-master3,1,2026-06-05 16:39:59 UTC,5380032,6828276,750728,9.47,101036,1546764,1234592,15.57,782640,1486160,196
cloud-k3s-master3,1,2026-06-05 16:40:00 UTC,5380032,6828296,750712,9.47,101040,1546776,1234592,15.57,782640,1486180,304
cloud-k3s-master3,1,2026-06-05 16:40:01 UTC,5380032,6828312,750708,9.47,101040,1546792,1234592,15.57,782640,1486196,312
cloud-k3s-master3,1,2026-06-05 16:40:02 UTC,5380032,6828320,750700,9.46,101040,1546800,1234592,15.57,782640,1486204,320
cloud-k3s-master3,1,2026-06-05 16:40:03 UTC,5380032,6828332,750688,9.46,101044,1546808,1234592,15.57,782640,1486216,328
cloud-k3s-master3,1,2026-06-05 16:40:04 UTC,5380032,6828344,750672,9.46,101044,1546820,1234592,15.57,782640,1486228,328
cloud-k3s-master3,1,2026-06-05 16:40:05 UTC,5380032,6828352,750664,9.46,101048,1546824,1234592,15.57,782640,1486236,336
cloud-k3s-master3,1,2026-06-05 16:40:06 UTC,5380032,6828376,750640,9.46,101048,1546844,1234592,15.57,782640,1486256,368
cloud-k3s-master3,1,2026-06-05 16:40:07 UTC,5380032,6828396,750620,9.46,101048,1546864,1234592,15.57,782640,1486276,376
cloud-k3s-master3,1,2026-06-05 16:40:08 UTC,5379780,6828152,750860,9.47,101048,1546872,1234592,15.57,783116,1486284,504
cloud-k3s-master3,1,2026-06-05 16:40:09 UTC,5379780,6828152,750852,9.47,101052,1546876,1234592,15.57,783000,1486284,516
cloud-k3s-master3,1,2026-06-05 16:40:10 UTC,5379780,6828176,750836,9.47,101052,1546892,1234592,15.57,783004,1486308,288
cloud-k3s-master3,1,2026-06-05 16:40:11 UTC,5379780,6828192,750820,9.47,101052,1546908,1234592,15.57,783184,1486324,300
cloud-k3s-master3,1,2026-06-05 16:40:12 UTC,5379780,6828204,750804,9.47,101052,1546920,1234592,15.57,783220,1486336,308
cloud-k3s-master3,1,2026-06-05 16:40:13 UTC,5379780,6828216,750804,9.47,101052,1546932,1234592,15.57,783228,1486348,316
cloud-k3s-master3,1,2026-06-05 16:40:14 UTC,5379780,6828228,750792,9.47,101052,1546944,1234592,15.57,783228,1486360,420
cloud-k3s-master3,1,2026-06-05 16:40:15 UTC,5379780,6828236,750788,9.47,101052,1546952,1234592,15.57,783232,1486368,256
cloud-k3s-master3,1,2026-06-05 16:40:16 UTC,5379780,6828248,750776,9.47,101052,1546964,1234592,15.57,783232,1486380,192
cloud-k3s-master3,1,2026-06-05 16:40:17 UTC,5379780,6828260,750764,9.47,101052,1546976,1234592,15.57,783232,1486392,200
cloud-k3s-master3,1,2026-06-05 16:40:18 UTC,5380032,6828524,750500,9.46,101052,1546988,1234592,15.57,782656,1486404,208
cloud-k3s-master3,1,2026-06-05 16:40:19 UTC,5380032,6828524,750488,9.46,101052,1546996,1234592,15.57,782656,1486404,220
cloud-k3s-master3,1,2026-06-05 16:40:20 UTC,5380032,6828552,750464,9.46,101056,1547012,1234592,15.57,782656,1486432,392
cloud-k3s-master3,1,2026-06-05 16:40:21 UTC,5380284,6828820,750196,9.46,101060,1547024,1234592,15.57,782140,1486448,384
cloud-k3s-master3,1,2026-06-05 16:40:22 UTC,5380284,6828828,750192,9.46,101060,1547032,1234592,15.57,782080,1486456,464
cloud-k3s-master3,1,2026-06-05 16:40:23 UTC,5380284,6828844,750172,9.46,101060,1547048,1234592,15.57,782080,1486472,484
cloud-k3s-master3,1,2026-06-05 16:40:24 UTC,5380284,6828856,750160,9.46,101060,1547060,1237444,15.60,783940,1486484,512
cloud-k3s-master3,1,2026-06-05 16:40:25 UTC,5380284,6828864,750216,9.46,101060,1547068,1237780,15.61,784364,1486492,256
cloud-k3s-master3,1,2026-06-05 16:40:26 UTC,5387872,6836468,742612,9.36,101064,1547080,1234592,15.57,783612,1486508,448
cloud-k3s-master3,1,2026-06-05 16:40:27 UTC,5387872,6836476,742604,9.36,101064,1547088,1234592,15.57,783784,1486516,284
cloud-k3s-master3,1,2026-06-05 16:40:28 UTC,5387872,6836500,742580,9.36,101064,1547112,1234592,15.57,783920,1486540,228
cloud-k3s-master3,1,2026-06-05 16:40:29 UTC,5387872,6836508,742572,9.36,101064,1547120,1234592,15.57,783968,1486548,240
cloud-k3s-master3,1,2026-06-05 16:40:30 UTC,5387872,6836524,742556,9.36,101068,1547136,1234592,15.57,783968,1486564,324
cloud-k3s-master3,1,2026-06-05 16:40:31 UTC,5387872,6836536,742548,9.36,101068,1547144,1234592,15.57,783968,1486576,48
cloud-k3s-master3,1,2026-06-05 16:40:32 UTC,5387872,6836548,742540,9.36,101068,1547156,1234592,15.57,783968,1486588,56
cloud-k3s-master3,1,2026-06-05 16:40:33 UTC,5387872,6836560,742528,9.36,101068,1547168,1234592,15.57,783968,1486600,24
cloud-k3s-master3,1,2026-06-05 16:40:34 UTC,5387872,6836572,742516,9.36,101068,1547180,1234592,15.57,783968,1486612,296
cloud-k3s-master3,1,2026-06-05 16:40:35 UTC,5387872,6836584,742504,9.36,101068,1547192,1234592,15.57,783968,1486624,304
cloud-k3s-master3,1,2026-06-05 16:40:36 UTC,5387872,6836600,742488,9.36,101068,1547204,1234592,15.57,783968,1486636,276
cloud-k3s-master3,1,2026-06-05 16:40:37 UTC,5387872,6836608,742480,9.36,101068,1547212,1234592,15.57,783968,1486644,284
cloud-k3s-master3,1,2026-06-05 16:40:38 UTC,5387620,6836368,742712,9.36,101068,1547224,1234592,15.57,784316,1486656,304
cloud-k3s-master3,1,2026-06-05 16:40:39 UTC,5387620,6836372,742704,9.36,101068,1547236,1234592,15.57,784344,1486660,16
cloud-k3s-master3,1,2026-06-05 16:40:40 UTC,5387620,6836392,742692,9.36,101068,1547248,1234592,15.57,784344,1486680,220
cloud-k3s-master3,1,2026-06-05 16:40:41 UTC,5387620,6836404,742680,9.36,101068,1547260,1234592,15.57,784588,1486692,228
cloud-k3s-master3,1,2026-06-05 16:40:42 UTC,5387396,6836192,742924,9.37,101068,1547272,1234592,15.57,784588,1486704,236
cloud-k3s-master3,1,2026-06-05 16:40:43 UTC,5387144,6835956,743160,9.37,101068,1547288,1234592,15.57,784588,1486720,212
cloud-k3s-master3,1,2026-06-05 16:40:44 UTC,5386896,6835716,743400,9.37,101068,1547296,1234592,15.57,784588,1486728,232
cloud-k3s-master3,1,2026-06-05 16:40:45 UTC,5386896,6835728,743388,9.37,101068,1547308,1234592,15.57,784588,1486740,12
cloud-k3s-master3,1,2026-06-05 16:40:46 UTC,5386896,6835740,743376,9.37,101068,1547320,1234592,15.57,784588,1486752,48
cloud-k3s-master3,1,2026-06-05 16:40:47 UTC,5386896,6835752,743360,9.37,101068,1547332,1234592,15.57,784588,1486764,60
cloud-k3s-master3,1,2026-06-05 16:40:48 UTC,5386896,6835768,743344,9.37,101072,1547344,1234592,15.57,784044,1486780,208
cloud-k3s-master3,1,2026-06-05 16:40:49 UTC,5386896,6835776,743336,9.37,101072,1547352,1234592,15.57,784044,1486788,180
cloud-k3s-master3,1,2026-06-05 16:40:50 UTC,5386392,6835288,743820,9.38,101072,1547368,1234592,15.57,784044,1486804,312
cloud-k3s-master3,1,2026-06-05 16:40:51 UTC,5386392,6835288,743812,9.38,101072,1547376,1234592,15.57,783324,1486804,268
cloud-k3s-master3,1,2026-06-05 16:40:52 UTC,5386392,6835312,743796,9.38,101072,1547392,1234592,15.57,783264,1486828,120
cloud-k3s-master3,1,2026-06-05 16:40:53 UTC,5386392,6835324,743752,9.38,101072,1547404,1234592,15.57,783264,1486840,56
cloud-k3s-master3,1,2026-06-05 16:40:54 UTC,5386392,6835332,743744,9.38,101072,1547412,1234592,15.57,783264,1486848,64
cloud-k3s-master3,1,2026-06-05 16:40:55 UTC,5386392,6835336,743728,9.38,101072,1547424,1234592,15.57,783264,1486852,232
cloud-k3s-master3,1,2026-06-05 16:40:56 UTC,5386392,6835352,743720,9.38,101072,1547432,1234592,15.57,783500,1486868,240
cloud-k3s-master3,1,2026-06-05 16:40:57 UTC,5386392,6835376,743700,9.38,101072,1547456,1234592,15.57,783556,1486892,196
cloud-k3s-master3,1,2026-06-05 16:40:58 UTC,5386392,6835388,743688,9.38,101072,1547468,1234592,15.57,783784,1486904,220
cloud-k3s-master3,1,2026-06-05 16:40:59 UTC,5386392,6835392,743680,9.38,101072,1547476,1234592,15.57,783832,1486908,236
cloud-k3s-master3,1,2026-06-05 16:41:00 UTC,5386392,6835408,743668,9.38,101072,1547488,1234592,15.57,783876,1486924,60
cloud-k3s-master3,1,2026-06-05 16:41:01 UTC,5386392,6835420,743656,9.38,101072,1547500,1234592,15.57,783876,1486936,56
cloud-k3s-master3,1,2026-06-05 16:41:02 UTC,5386392,6835432,743640,9.38,101072,1547512,1234592,15.57,783876,1486948,204
cloud-k3s-master3,1,2026-06-05 16:41:03 UTC,5386392,6835444,743624,9.38,101072,1547524,1234592,15.57,783876,1486960,184
cloud-k3s-master3,1,2026-06-05 16:41:04 UTC,5386392,6835448,743616,9.38,101072,1547536,1234592,15.57,783876,1486964,292
cloud-k3s-master3,1,2026-06-05 16:41:05 UTC,5386392,6835452,743604,9.38,101072,1547548,1234592,15.57,783876,1486968,64
cloud-k3s-master3,1,2026-06-05 16:41:06 UTC,5386392,6835480,743592,9.38,101072,1547556,1234592,15.57,783876,1486992,32
cloud-k3s-master3,1,2026-06-05 16:41:07 UTC,5386392,6835504,743568,9.38,101072,1547580,1234592,15.57,783876,1487016,52
cloud-k3s-master3,1,2026-06-05 16:41:08 UTC,5386392,6835516,743556,9.37,101072,1547592,1234592,15.57,784500,1487028,56
cloud-k3s-master3,1,2026-06-05 16:41:09 UTC,5386392,6835524,743548,9.37,101072,1547600,1234592,15.57,784532,1487036,68
cloud-k3s-master3,1,2026-06-05 16:41:10 UTC,5386392,6835536,743540,9.37,101072,1547612,1234592,15.57,784532,1487048,252
cloud-k3s-master3,1,2026-06-05 16:41:11 UTC,5386392,6835548,743524,9.37,101072,1547624,1234592,15.57,784916,1487060,260
cloud-k3s-master3,1,2026-06-05 16:41:12 UTC,5386392,6835560,743512,9.37,101072,1547636,1234592,15.57,784960,1487072,256
cloud-k3s-master3,1,2026-06-05 16:41:13 UTC,5386392,6835580,743492,9.37,101072,1547656,1234592,15.57,784964,1487092,264
cloud-k3s-master3,1,2026-06-05 16:41:14 UTC,5386140,6835336,743724,9.38,101076,1547668,1234592,15.57,784968,1487096,68
cloud-k3s-master3,1,2026-06-05 16:41:15 UTC,5386140,6835360,743712,9.38,101076,1547680,1234592,15.57,784968,1487120,112
cloud-k3s-master3,1,2026-06-05 16:41:16 UTC,5386140,6835364,743696,9.38,101076,1547692,1234592,15.57,784968,1487124,148
cloud-k3s-master3,1,2026-06-05 16:41:17 UTC,5385888,6835140,743928,9.38,101080,1547708,1234592,15.57,784968,1487152,128
cloud-k3s-master3,1,2026-06-05 16:41:18 UTC,5385888,6835152,743920,9.38,101080,1547720,1234592,15.57,784416,1487164,136
cloud-k3s-master3,1,2026-06-05 16:41:19 UTC,5385888,6835164,743908,9.38,101080,1547732,1234592,15.57,784460,1487176,308
cloud-k3s-master3,1,2026-06-05 16:41:20 UTC,5385888,6835176,743892,9.38,101080,1547744,1234592,15.57,784460,1487188,328
cloud-k3s-master3,1,2026-06-05 16:41:21 UTC,5385888,6835192,743876,9.38,101080,1547760,1234592,15.57,783548,1487204,336
cloud-k3s-master3,1,2026-06-05 16:41:22 UTC,5385888,6835204,743864,9.38,101080,1547772,1234592,15.57,783548,1487216,344
cloud-k3s-master3,1,2026-06-05 16:41:23 UTC,5385888,6835212,743860,9.38,101080,1547780,1234592,15.57,783548,1487224,336
cloud-k3s-master3,1,2026-06-05 16:41:24 UTC,5385888,6835224,743848,9.38,101080,1547792,1234592,15.57,783548,1487236,344
cloud-k3s-master3,1,2026-06-05 16:41:25 UTC,5385888,6835236,743832,9.38,101080,1547804,1234592,15.57,783548,1487248,380
cloud-k3s-master3,1,2026-06-05 16:41:26 UTC,5385888,6835244,743820,9.38,101080,1547812,1234592,15.57,783764,1487256,388
cloud-k3s-master3,1,2026-06-05 16:41:27 UTC,5385888,6835256,743808,9.38,101080,1547824,1234592,15.57,783856,1487268,396
cloud-k3s-master3,1,2026-06-05 16:41:28 UTC,5385888,6835276,743780,9.38,101080,1547844,1234592,15.57,784196,1487288,404
cloud-k3s-master3,1,2026-06-05 16:41:29 UTC,5385888,6835284,743772,9.38,101080,1547852,1234592,15.57,784200,1487296,388
cloud-k3s-master3,1,2026-06-05 16:41:30 UTC,5385888,6835312,743752,9.38,101084,1547876,1234592,15.57,784200,1487324,516
cloud-k3s-master3,1,2026-06-05 16:41:31 UTC,5385888,6835312,743744,9.38,101088,1547880,1234592,15.57,784028,1487324,524
cloud-k3s-master3,1,2026-06-05 16:41:32 UTC,5385888,6835344,743720,9.38,101092,1547900,1234592,15.57,784008,1487356,532
cloud-k3s-master3,1,2026-06-05 16:41:33 UTC,5385888,6835352,743708,9.38,101092,1547908,1234592,15.57,784008,1487364,540
cloud-k3s-master3,1,2026-06-05 16:41:34 UTC,5385888,6835368,743692,9.38,101096,1547920,1234592,15.57,784008,1487380,276
cloud-k3s-master3,1,2026-06-05 16:41:35 UTC,5385888,6835368,743688,9.38,101096,1547924,1234592,15.57,784008,1487380,292
cloud-k3s-master3,1,2026-06-05 16:41:36 UTC,5385888,6835392,743668,9.38,101096,1547940,1234592,15.57,784008,1487400,336
cloud-k3s-master3,1,2026-06-05 16:41:37 UTC,5385888,6835400,743664,9.38,101096,1547948,1237568,15.60,785352,1487408,344
cloud-k3s-master3,1,2026-06-05 16:41:38 UTC,5401288,6850820,728244,9.18,101100,1547964,1234592,15.57,784248,1487428,448
cloud-k3s-master3,1,2026-06-05 16:41:39 UTC,5401288,6850820,728236,9.18,101100,1547972,1234592,15.57,784300,1487428,468
cloud-k3s-master3,1,2026-06-05 16:41:40 UTC,5401288,6850840,728216,9.18,101100,1547984,1234592,15.57,784352,1487448,444
cloud-k3s-master3,1,2026-06-05 16:41:41 UTC,5401064,6850624,728428,9.18,101100,1547992,1234592,15.57,784704,1487456,452
cloud-k3s-master3,1,2026-06-05 16:41:42 UTC,5401064,6850648,728400,9.18,101108,1548012,1234592,15.57,784768,1487480,484
cloud-k3s-master3,1,2026-06-05 16:41:43 UTC,5401064,6850664,728388,9.18,101112,1548024,1234592,15.57,784768,1487496,472
cloud-k3s-master3,1,2026-06-05 16:41:44 UTC,5401064,6850684,728368,9.18,101116,1548040,1234592,15.57,784768,1487516,488
cloud-k3s-master3,1,2026-06-05 16:41:45 UTC,5401064,6850684,728360,9.18,101116,1548048,1234592,15.57,784768,1487516,496
cloud-k3s-master3,1,2026-06-05 16:41:46 UTC,5401064,6850704,728344,9.18,101116,1548060,1234592,15.57,784768,1487536,124
cloud-k3s-master3,1,2026-06-05 16:41:47 UTC,5401064,6850708,728336,9.18,101116,1548068,1234592,15.57,784768,1487540,104
cloud-k3s-master3,1,2026-06-05 16:41:48 UTC,5400812,6850476,728572,9.19,101116,1548080,1234592,15.57,784260,1487560,124
cloud-k3s-master3,1,2026-06-05 16:41:49 UTC,5406512,6856188,722860,9.11,101116,1548092,1234592,15.57,784272,1487572,320
cloud-k3s-master3,1,2026-06-05 16:41:50 UTC,5405760,6855452,723600,9.12,101116,1548108,1234592,15.57,784272,1487588,436
cloud-k3s-master3,1,2026-06-05 16:41:51 UTC,5405760,6855460,723592,9.12,101116,1548116,1234592,15.57,783412,1487596,444
cloud-k3s-master3,1,2026-06-05 16:41:52 UTC,5405760,6855476,723576,9.12,101116,1548132,1234592,15.57,783408,1487612,452
cloud-k3s-master3,1,2026-06-05 16:41:53 UTC,5405760,6855488,723556,9.12,101124,1548144,1234592,15.57,783408,1487624,460
cloud-k3s-master3,1,2026-06-05 16:41:54 UTC,5405760,6855508,723544,9.12,101124,1548156,1234592,15.57,783408,1487644,420
cloud-k3s-master3,1,2026-06-05 16:41:55 UTC,5405760,6855508,723536,9.12,101124,1548164,1234592,15.57,783408,1487644,440
cloud-k3s-master3,1,2026-06-05 16:41:56 UTC,5405760,6855528,723524,9.12,101124,1548176,1234592,15.57,783728,1487664,544
cloud-k3s-master3,1,2026-06-05 16:41:57 UTC,5405760,6855536,723516,9.12,101124,1548184,1234592,15.57,783728,1487672,552
cloud-k3s-master3,1,2026-06-05 16:41:58 UTC,5405760,6855556,723496,9.12,101124,1548204,1234592,15.57,784060,1487692,560
cloud-k3s-master3,1,2026-06-05 16:41:59 UTC,5405760,6855564,723488,9.12,101124,1548212,1234592,15.57,784100,1487700,540
cloud-k3s-master3,1,2026-06-05 16:42:00 UTC,5405508,6855324,723724,9.12,101124,1548228,1234592,15.57,784100,1487708,572
cloud-k3s-master3,1,2026-06-05 16:42:01 UTC,5405508,6855348,723708,9.12,101124,1548244,1234592,15.57,784104,1487732,580
cloud-k3s-master3,1,2026-06-05 16:42:02 UTC,5405508,6855368,723688,9.12,101128,1548260,1234592,15.57,784104,1487752,588
cloud-k3s-master3,1,2026-06-05 16:42:03 UTC,5405508,6855376,723680,9.12,101128,1548268,1234592,15.57,784104,1487760,596
cloud-k3s-master3,1,2026-06-05 16:42:04 UTC,5405508,6855392,723660,9.12,101132,1548284,1234592,15.57,784104,1487776,608
cloud-k3s-master3,1,2026-06-05 16:42:05 UTC,5405508,6855404,723652,9.12,101132,1548292,1234592,15.57,784104,1487788,604
cloud-k3s-master3,1,2026-06-05 16:42:06 UTC,5405508,6855416,723632,9.12,101132,1548304,1234592,15.57,784104,1487800,388
cloud-k3s-master3,1,2026-06-05 16:42:07 UTC,5405004,6854924,724124,9.13,101132,1548316,1234592,15.57,784104,1487812,400
cloud-k3s-master3,1,2026-06-05 16:42:08 UTC,5405004,6854936,724100,9.13,101132,1548328,1234592,15.57,784396,1487824,408
cloud-k3s-master3,1,2026-06-05 16:42:09 UTC,5405004,6854944,724092,9.13,101132,1548336,1234592,15.57,784416,1487832,428
cloud-k3s-master3,1,2026-06-05 16:42:10 UTC,5405004,6854964,724076,9.13,101132,1548356,1234592,15.57,784452,1487852,452
cloud-k3s-master3,1,2026-06-05 16:42:11 UTC,5405004,6854972,724064,9.13,101132,1548364,1234592,15.57,784680,1487860,424
cloud-k3s-master3,1,2026-06-05 16:42:12 UTC,5405004,6854980,724056,9.13,101132,1548372,1234592,15.57,784764,1487868,448
cloud-k3s-master3,1,2026-06-05 16:42:13 UTC,5405004,6854996,724040,9.13,101132,1548388,1234592,15.57,784764,1487884,456
cloud-k3s-master3,1,2026-06-05 16:42:14 UTC,5405004,6855012,724024,9.13,101132,1548404,1234592,15.57,784764,1487900,476
cloud-k3s-master3,1,2026-06-05 16:42:15 UTC,5405004,6855012,724016,9.13,101132,1548412,1234592,15.57,784764,1487900,484
cloud-k3s-master3,1,2026-06-05 16:42:16 UTC,5405004,6855032,724016,9.13,101132,1548424,1234592,15.57,784764,1487920,488
cloud-k3s-master3,1,2026-06-05 16:42:17 UTC,5405004,6855040,724008,9.13,101132,1548432,1234592,15.57,784764,1487928,496
cloud-k3s-master3,1,2026-06-05 16:42:18 UTC,5405004,6855056,723992,9.13,101132,1548448,1234592,15.57,784256,1487944,508
cloud-k3s-master3,1,2026-06-05 16:42:19 UTC,5405004,6855064,723988,9.13,101132,1548456,1234592,15.57,784256,1487952,344
cloud-k3s-master3,1,2026-06-05 16:42:20 UTC,5405004,6855080,723972,9.13,101132,1548472,1234592,15.57,784260,1487968,156
cloud-k3s-master3,1,2026-06-05 16:42:21 UTC,5405004,6855080,723960,9.13,101132,1548480,1234592,15.57,783692,1487968,160
cloud-k3s-master3,1,2026-06-05 16:42:22 UTC,5405004,6855104,723940,9.13,101132,1548496,1234592,15.57,783692,1487992,136
cloud-k3s-master3,1,2026-06-05 16:42:23 UTC,5405004,6855112,723932,9.13,101132,1548504,1234592,15.57,783692,1488000,144
cloud-k3s-master3,1,2026-06-05 16:42:24 UTC,5405004,6855128,723920,9.13,101132,1548520,1234592,15.57,783692,1488016,324
cloud-k3s-master3,1,2026-06-05 16:42:25 UTC,5405004,6855128,723932,9.13,101132,1548528,1234592,15.57,783692,1488016,332
cloud-k3s-master3,1,2026-06-05 16:42:26 UTC,5405004,6855148,723916,9.13,101132,1548540,1234592,15.57,783772,1488036,432
cloud-k3s-master3,1,2026-06-05 16:42:27 UTC,5405004,6855148,723908,9.13,101132,1548548,1234592,15.57,783812,1488036,440
cloud-k3s-master3,1,2026-06-05 16:42:28 UTC,5405004,6855172,723888,9.13,101132,1548564,1234592,15.57,784024,1488060,436
cloud-k3s-master3,1,2026-06-05 16:42:29 UTC,5400244,6850424,728636,9.19,101132,1548572,1234592,15.57,788064,1488068,444
cloud-k3s-master3,1,2026-06-05 16:42:30 UTC,5400244,6850440,728620,9.19,101132,1548588,1234592,15.57,788064,1488084,476
cloud-k3s-master3,1,2026-06-05 16:42:31 UTC,5400244,6850456,728604,9.19,101132,1548604,1234592,15.57,788064,1488100,484
cloud-k3s-master3,1,2026-06-05 16:42:32 UTC,5400244,6850468,728592,9.19,101132,1548616,1234592,15.57,788064,1488112,492
cloud-k3s-master3,1,2026-06-05 16:42:33 UTC,5400244,6850480,728576,9.19,101132,1548628,1234592,15.57,788368,1488124,500
cloud-k3s-master3,1,2026-06-05 16:42:34 UTC,5400244,6850492,728564,9.19,101132,1548640,1234592,15.57,788368,1488136,508
cloud-k3s-master3,1,2026-06-05 16:42:35 UTC,5400244,6850492,728556,9.19,101132,1548648,1234592,15.57,788372,1488136,344
cloud-k3s-master3,1,2026-06-05 16:42:36 UTC,5400244,6850516,728540,9.19,101132,1548664,1234592,15.57,788372,1488160,408
cloud-k3s-master3,1,2026-06-05 16:42:37 UTC,5400244,6850528,728528,9.19,101132,1548676,1234592,15.57,788372,1488172,244
cloud-k3s-master3,1,2026-06-05 16:42:38 UTC,5400244,6850540,728516,9.19,101132,1548688,1234592,15.57,788672,1488184,192
cloud-k3s-master3,1,2026-06-05 16:42:39 UTC,5400244,6850548,728508,9.19,101132,1548696,1234592,15.57,788736,1488192,164
cloud-k3s-master3,1,2026-06-05 16:42:40 UTC,5400244,6850560,728500,9.19,101132,1548708,1234592,15.57,788740,1488204,296
cloud-k3s-master3,1,2026-06-05 16:42:41 UTC,5399992,6850328,728732,9.19,101140,1548720,1234592,15.57,789064,1488224,304
cloud-k3s-master3,1,2026-06-05 16:42:42 UTC,5399992,6850340,728716,9.19,101144,1548732,1234592,15.57,789116,1488236,312
cloud-k3s-master3,1,2026-06-05 16:42:43 UTC,5399740,6850108,728932,9.19,101148,1548748,1234592,15.57,789116,1488256,320
cloud-k3s-master3,1,2026-06-05 16:42:44 UTC,5399740,6850136,728908,9.19,101156,1548764,1234592,15.57,789116,1488284,348
cloud-k3s-master3,1,2026-06-05 16:42:45 UTC,5399740,6850136,728900,9.19,101156,1548772,1234592,15.57,789116,1488284,332
cloud-k3s-master3,1,2026-06-05 16:42:46 UTC,5399740,6850156,728884,9.19,101156,1548784,1234592,15.57,789116,1488304,360
cloud-k3s-master3,1,2026-06-05 16:42:47 UTC,5399740,6850164,728876,9.19,101156,1548792,1234592,15.57,789116,1488312,368
cloud-k3s-master3,1,2026-06-05 16:42:48 UTC,5399740,6850172,728868,9.19,101156,1548800,1234592,15.57,788672,1488320,376
cloud-k3s-master3,1,2026-06-05 16:42:49 UTC,5399740,6850172,728860,9.19,101160,1548804,1234592,15.57,788756,1488320,384
cloud-k3s-master3,1,2026-06-05 16:42:50 UTC,5396972,6847448,731556,9.22,101164,1548860,1328520,16.75,795816,1488360,596
cloud-k3s-master3,1,2026-06-05 16:42:51 UTC,5392184,6842688,736252,9.28,101168,1548924,1291884,16.29,802800,1488388,648
cloud-k3s-master3,1,2026-06-05 16:42:52 UTC,5397224,6847752,731256,9.22,101168,1548876,1234592,15.57,787912,1488408,96
cloud-k3s-master3,1,2026-06-05 16:42:53 UTC,5397224,6847776,731228,9.22,101168,1548900,1234592,15.57,787828,1488432,264
cloud-k3s-master3,1,2026-06-05 16:42:54 UTC,5397224,6847792,731212,9.22,101168,1548916,1234592,15.57,787828,1488448,392
cloud-k3s-master3,1,2026-06-05 16:42:55 UTC,5397224,6847800,731172,9.22,101168,1548924,1234592,15.57,787828,1488456,300
cloud-k3s-master3,1,2026-06-05 16:42:56 UTC,5397224,6847812,731160,9.22,101168,1548936,1234592,15.57,788060,1488468,308
cloud-k3s-master3,1,2026-06-05 16:42:57 UTC,5397224,6847828,731144,9.22,101168,1548952,1234592,15.57,788116,1488484,316
cloud-k3s-master3,1,2026-06-05 16:42:58 UTC,5397224,6847844,731128,9.22,101168,1548968,1234592,15.57,788348,1488500,324
cloud-k3s-master3,1,2026-06-05 16:42:59 UTC,5397224,6847856,731116,9.22,101168,1548980,1237572,15.60,789768,1488512,332
cloud-k3s-master3,1,2026-06-05 16:43:00 UTC,5401380,6852028,726948,9.17,101172,1548992,1234592,15.57,788472,1488528,524
cloud-k3s-master3,1,2026-06-05 16:43:01 UTC,5401128,6851784,727192,9.17,101172,1549000,1234592,15.57,788472,1488536,532
cloud-k3s-master3,1,2026-06-05 16:43:02 UTC,5401128,6851796,727180,9.17,101172,1549012,1234592,15.57,788472,1488548,416
cloud-k3s-master3,1,2026-06-05 16:43:03 UTC,5401128,6851808,727168,9.17,101172,1549024,1234592,15.57,788472,1488560,428
cloud-k3s-master3,1,2026-06-05 16:43:04 UTC,5401128,6851824,727148,9.17,101176,1549040,1234592,15.57,788476,1488576,456
cloud-k3s-master3,1,2026-06-05 16:43:05 UTC,5401128,6851836,727136,9.17,101176,1549052,1234592,15.57,788476,1488588,464
cloud-k3s-master3,1,2026-06-05 16:43:06 UTC,5401128,6851860,727116,9.17,101180,1549068,1234592,15.57,788476,1488612,476
cloud-k3s-master3,1,2026-06-05 16:43:07 UTC,5401128,6851872,727104,9.17,101180,1549080,1234592,15.57,788476,1488624,484
cloud-k3s-master3,1,2026-06-05 16:43:08 UTC,5401128,6851872,727104,9.17,101180,1549088,1234592,15.57,788828,1488624,492
cloud-k3s-master3,1,2026-06-05 16:43:09 UTC,5401128,6851892,727092,9.17,101180,1549100,1234592,15.57,788932,1488644,500
cloud-k3s-master3,1,2026-06-05 16:43:10 UTC,5401128,6851908,727076,9.17,101184,1549112,1234592,15.57,788932,1488660,516
cloud-k3s-master3,1,2026-06-05 16:43:11 UTC,5401128,6851912,727056,9.17,101188,1549124,1234592,15.57,789188,1488664,524
cloud-k3s-master3,1,2026-06-05 16:43:12 UTC,5401128,6851936,727040,9.17,101188,1549136,1234592,15.57,789188,1488688,532
cloud-k3s-master3,1,2026-06-05 16:43:13 UTC,5401128,6851960,727012,9.17,101188,1549160,1234592,15.57,789188,1488712,540
cloud-k3s-master3,1,2026-06-05 16:43:14 UTC,5401128,6851972,727004,9.17,101188,1549172,1234592,15.57,789188,1488724,552
cloud-k3s-master3,1,2026-06-05 16:43:15 UTC,5401128,6851988,726988,9.17,101192,1549184,1234592,15.57,789188,1488740,572
cloud-k3s-master3,1,2026-06-05 16:43:16 UTC,5400876,6851748,727232,9.17,101192,1549196,1237568,15.60,790548,1488752,580
cloud-k3s-master3,1,2026-06-05 16:43:17 UTC,5404456,6855336,723640,9.12,101192,1549208,1234592,15.57,789188,1488760,632
cloud-k3s-master3,1,2026-06-05 16:43:18 UTC,5403952,6854852,724128,9.13,101192,1549220,1234592,15.57,788400,1488776,656
cloud-k3s-master3,1,2026-06-05 16:43:19 UTC,5403952,6854852,724120,9.13,101192,1549228,1234592,15.57,788468,1488776,632
cloud-k3s-master3,1,2026-06-05 16:43:20 UTC,5403952,6854876,724108,9.13,101196,1549240,1234592,15.57,788508,1488800,676
cloud-k3s-master3,1,2026-06-05 16:43:21 UTC,5403952,6854880,724096,9.13,101196,1549252,1234592,15.57,787812,1488804,688
cloud-k3s-master3,1,2026-06-05 16:43:22 UTC,5403952,6854904,724080,9.13,101196,1549268,1234592,15.57,787792,1488828,684
cloud-k3s-master3,1,2026-06-05 16:43:23 UTC,5403952,6854912,724072,9.13,101200,1549272,1234592,15.57,787772,1488836,116
cloud-k3s-master3,1,2026-06-05 16:43:24 UTC,5403952,6854932,724048,9.13,101200,1549292,1234592,15.57,787772,1488856,228
cloud-k3s-master3,1,2026-06-05 16:43:25 UTC,5403952,6854936,724044,9.13,101200,1549296,1234592,15.57,787772,1488860,184
cloud-k3s-master3,1,2026-06-05 16:43:26 UTC,5403952,6854948,724032,9.13,101200,1549308,1234592,15.57,788124,1488872,216
cloud-k3s-master3,1,2026-06-05 16:43:27 UTC,5403952,6854968,724008,9.13,101200,1549328,1234592,15.57,788124,1488892,224
cloud-k3s-master3,1,2026-06-05 16:43:28 UTC,5403952,6854980,723988,9.13,101200,1549340,1234592,15.57,788304,1488904,232
cloud-k3s-master3,1,2026-06-05 16:43:29 UTC,5403952,6854988,723980,9.13,101200,1549348,1234592,15.57,788452,1488912,240
cloud-k3s-master3,1,2026-06-05 16:43:30 UTC,5403952,6855004,723964,9.13,101200,1549364,1234592,15.57,788532,1488928,344
cloud-k3s-master3,1,2026-06-05 16:43:31 UTC,5403952,6855012,723956,9.13,101200,1549372,1234592,15.57,788532,1488936,328
cloud-k3s-master3,1,2026-06-05 16:43:32 UTC,5403952,6855020,723936,9.13,101200,1549388,1234592,15.57,788532,1488944,360
cloud-k3s-master3,1,2026-06-05 16:43:33 UTC,5403952,6855036,723928,9.13,101200,1549396,1234592,15.57,788536,1488960,368
cloud-k3s-master3,1,2026-06-05 16:43:34 UTC,5403952,6855052,723908,9.13,101204,1549408,1234592,15.57,788632,1488976,388
cloud-k3s-master3,1,2026-06-05 16:43:35 UTC,5403952,6855064,723896,9.13,101204,1549420,1234592,15.57,788632,1488988,396
cloud-k3s-master3,1,2026-06-05 16:43:36 UTC,5403952,6855080,723880,9.13,101204,1549436,1234592,15.57,788632,1489004,400
cloud-k3s-master3,1,2026-06-05 16:43:37 UTC,5403952,6855088,723872,9.13,101204,1549444,1234592,15.57,788632,1489012,384
cloud-k3s-master3,1,2026-06-05 16:43:38 UTC,5403700,6854852,724108,9.13,101208,1549456,1234592,15.57,788872,1489028,404
cloud-k3s-master3,1,2026-06-05 16:43:39 UTC,5403700,6854860,724100,9.13,101208,1549464,1234592,15.57,788968,1489036,412
cloud-k3s-master3,1,2026-06-05 16:43:40 UTC,5403700,6854876,724088,9.13,101208,1549480,1234592,15.57,788972,1489052,452
cloud-k3s-master3,1,2026-06-05 16:43:41 UTC,5403448,6854632,724332,9.13,101208,1549488,1234592,15.57,789344,1489060,460
cloud-k3s-master3,1,2026-06-05 16:43:42 UTC,5403448,6854648,724312,9.13,101212,1549504,1234592,15.57,789416,1489076,480
cloud-k3s-master3,1,2026-06-05 16:43:43 UTC,5402724,6853944,725036,9.14,101212,1549520,1234592,15.57,789416,1489096,488
cloud-k3s-master3,1,2026-06-05 16:43:44 UTC,5402472,6853716,725264,9.14,101216,1549536,1234592,15.57,789416,1489116,492
cloud-k3s-master3,1,2026-06-05 16:43:45 UTC,5402472,6853720,725252,9.14,101216,1549548,1234592,15.57,789416,1489120,524
cloud-k3s-master3,1,2026-06-05 16:43:46 UTC,5402472,6853740,725240,9.14,101216,1549560,1234592,15.57,789416,1489140,532
cloud-k3s-master3,1,2026-06-05 16:43:47 UTC,5402220,6853496,725484,9.15,101216,1549568,1234592,15.57,789416,1489148,540
cloud-k3s-master3,1,2026-06-05 16:43:48 UTC,5402220,6853508,725472,9.15,101216,1549580,1234592,15.57,788808,1489160,548
cloud-k3s-master3,1,2026-06-05 16:43:49 UTC,5402220,6853516,725464,9.15,101216,1549588,1234592,15.57,788956,1489168,556
cloud-k3s-master3,1,2026-06-05 16:43:50 UTC,5402220,6853532,725448,9.15,101216,1549604,1234592,15.57,788956,1489184,556
cloud-k3s-master3,1,2026-06-05 16:43:51 UTC,5402220,6853540,725440,9.15,101216,1549612,1234592,15.57,788096,1489192,564
cloud-k3s-master3,1,2026-06-05 16:43:52 UTC,5401968,6853304,725696,9.15,101216,1549628,1234592,15.57,788060,1489208,572
cloud-k3s-master3,1,2026-06-05 16:43:53 UTC,5401968,6853312,725688,9.15,101216,1549636,1234592,15.57,788060,1489216,580
cloud-k3s-master3,1,2026-06-05 16:43:54 UTC,5401968,6853324,725676,9.15,101216,1549648,1234592,15.57,788060,1489228,592
cloud-k3s-master3,1,2026-06-05 16:43:55 UTC,5401968,6853328,725668,9.15,101216,1549660,1234592,15.57,788060,1489232,188
cloud-k3s-master3,1,2026-06-05 16:43:56 UTC,5401492,6852872,726096,9.15,101216,1549672,1234592,15.57,788348,1489252,56
cloud-k3s-master3,1,2026-06-05 16:43:57 UTC,5401492,6852884,726084,9.15,101216,1549684,1234592,15.57,788356,1489264,204
cloud-k3s-master3,1,2026-06-05 16:43:58 UTC,5401492,6852920,726048,9.15,101220,1549716,1234592,15.57,788656,1489300,212
cloud-k3s-master3,1,2026-06-05 16:43:59 UTC,5401492,6852928,726040,9.15,101220,1549724,1234592,15.57,788692,1489308,320
cloud-k3s-master3,1,2026-06-05 16:44:00 UTC,5401492,6852936,726024,9.15,101220,1549736,1234592,15.57,788692,1489312,324
cloud-k3s-master3,1,2026-06-05 16:44:01 UTC,5401492,6852952,726016,9.15,101220,1549744,1234592,15.57,788700,1489328,288
cloud-k3s-master3,1,2026-06-05 16:44:02 UTC,5401492,6852964,726004,9.15,101220,1549756,1234592,15.57,788700,1489340,308
cloud-k3s-master3,1,2026-06-05 16:44:03 UTC,5401492,6852976,725988,9.15,101220,1549768,1234592,15.57,788700,1489352,316
cloud-k3s-master3,1,2026-06-05 16:44:04 UTC,5401492,6852988,725976,9.15,101220,1549780,1234592,15.57,788700,1489364,328
cloud-k3s-master3,1,2026-06-05 16:44:05 UTC,5401492,6853000,725968,9.15,101220,1549792,1234592,15.57,788704,1489376,364
cloud-k3s-master3,1,2026-06-05 16:44:06 UTC,5407540,6859060,719908,9.08,101220,1549804,1234592,15.57,788864,1489388,480
cloud-k3s-master3,1,2026-06-05 16:44:07 UTC,5407288,6858820,720148,9.08,101220,1549816,1234592,15.57,788864,1489400,488
cloud-k3s-master3,1,2026-06-05 16:44:08 UTC,5407288,6858844,720124,9.08,101224,1549836,1234592,15.57,789096,1489424,472
cloud-k3s-master3,1,2026-06-05 16:44:09 UTC,5407288,6858864,720100,9.08,101228,1549852,1234592,15.57,789276,1489444,496
cloud-k3s-master3,1,2026-06-05 16:44:10 UTC,5407288,6858880,720084,9.08,101228,1549868,1234592,15.57,789276,1489460,512
cloud-k3s-master3,1,2026-06-05 16:44:11 UTC,5407288,6858888,720064,9.08,101228,1549876,1234592,15.57,789416,1489468,520
cloud-k3s-master3,1,2026-06-05 16:44:12 UTC,5407288,6858900,720052,9.08,101228,1549888,1234592,15.57,789416,1489480,512
cloud-k3s-master3,1,2026-06-05 16:44:13 UTC,5407288,6858920,720028,9.08,101228,1549908,1234592,15.57,789416,1489500,496
cloud-k3s-master3,1,2026-06-05 16:44:14 UTC,5407040,6858680,720288,9.08,101228,1549916,1234592,15.57,789416,1489508,516
cloud-k3s-master3,1,2026-06-05 16:44:15 UTC,5407040,6858696,720272,9.08,101228,1549932,1234592,15.57,789416,1489524,552
cloud-k3s-master3,1,2026-06-05 16:44:16 UTC,5407040,6858704,720264,9.08,101228,1549940,1234592,15.57,789416,1489532,560
cloud-k3s-master3,1,2026-06-05 16:44:17 UTC,5407040,6858720,720248,9.08,101228,1549956,1234592,15.57,789416,1489548,568
cloud-k3s-master3,1,2026-06-05 16:44:18 UTC,5407040,6858728,720240,9.08,101228,1549964,1234592,15.57,788900,1489556,576
cloud-k3s-master3,1,2026-06-05 16:44:19 UTC,5407040,6858732,720228,9.08,101228,1549976,1234592,15.57,788920,1489560,596
cloud-k3s-master3,1,2026-06-05 16:44:20 UTC,5407040,6858748,720220,9.08,101228,1549984,1234592,15.57,788920,1489576,600
cloud-k3s-master3,1,2026-06-05 16:44:21 UTC,5407040,6858764,720200,9.08,101228,1550000,1234592,15.57,788212,1489592,620
cloud-k3s-master3,1,2026-06-05 16:44:22 UTC,5407040,6858772,720192,9.08,101232,1550004,1234592,15.57,788212,1489600,628
cloud-k3s-master3,1,2026-06-05 16:44:23 UTC,5407040,6858792,720172,9.08,101232,1550024,1234592,15.57,788212,1489620,636
cloud-k3s-master3,1,2026-06-05 16:44:24 UTC,5407040,6858800,720164,9.08,101236,1550028,1234592,15.57,788212,1489628,668
cloud-k3s-master3,1,2026-06-05 16:44:25 UTC,5407040,6858820,720144,9.08,101236,1550048,1234592,15.57,788216,1489648,660
cloud-k3s-master3,1,2026-06-05 16:44:26 UTC,5407040,6858836,720128,9.08,101236,1550064,1234592,15.57,788480,1489664,520
cloud-k3s-master3,1,2026-06-05 16:44:27 UTC,5407040,6858844,720120,9.08,101236,1550072,1234592,15.57,788524,1489672,44
cloud-k3s-master3,1,2026-06-05 16:44:28 UTC,5407040,6858852,720104,9.08,101240,1550084,1234592,15.57,788644,1489680,68
cloud-k3s-master3,1,2026-06-05 16:44:29 UTC,5407040,6858876,720088,9.08,101240,1550100,1234592,15.57,788828,1489704,68
cloud-k3s-master3,1,2026-06-05 16:44:30 UTC,5407040,6858884,720080,9.08,101240,1550108,1234592,15.57,788848,1489712,240
cloud-k3s-master3,1,2026-06-05 16:44:31 UTC,5407040,6858896,720068,9.08,101240,1550120,1234592,15.57,788848,1489724,208
cloud-k3s-master3,1,2026-06-05 16:44:32 UTC,5407040,6858908,720056,9.08,101240,1550132,1234592,15.57,788848,1489736,228
cloud-k3s-master3,1,2026-06-05 16:44:33 UTC,5407040,6858928,720036,9.08,101240,1550152,1234592,15.57,788848,1489756,236
cloud-k3s-master3,1,2026-06-05 16:44:34 UTC,5407040,6858932,720024,9.08,101240,1550164,1234592,15.57,788848,1489760,260
cloud-k3s-master3,1,2026-06-05 16:44:35 UTC,5407040,6858948,720016,9.08,101240,1550172,1234592,15.57,788848,1489776,264
cloud-k3s-master3,1,2026-06-05 16:44:36 UTC,5407040,6858964,719992,9.08,101240,1550192,1234592,15.57,788848,1489788,284
cloud-k3s-master3,1,2026-06-05 16:44:37 UTC,5407040,6858980,719984,9.08,101240,1550200,1234592,15.57,788848,1489804,368
cloud-k3s-master3,1,2026-06-05 16:44:38 UTC,5407040,6858984,719972,9.08,101240,1550208,1234592,15.57,789192,1489808,376
cloud-k3s-master3,1,2026-06-05 16:44:39 UTC,5407040,6859000,719960,9.08,101240,1550220,1234592,15.57,768824,1489824,396
cloud-k3s-master3,1,2026-06-05 16:44:40 UTC,5407040,6859008,719952,9.08,101240,1550228,1234592,15.57,768824,1489832,404
cloud-k3s-master3,1,2026-06-05 16:44:41 UTC,5407040,6859012,719936,9.08,101240,1550240,1234592,15.57,769072,1489836,412
cloud-k3s-master3,1,2026-06-05 16:44:42 UTC,5407040,6859012,719928,9.08,101244,1550244,1234592,15.57,769072,1489836,420
cloud-k3s-master3,1,2026-06-05 16:44:43 UTC,5407040,6859060,719896,9.08,101248,1550272,1234592,15.57,769108,1489884,408
cloud-k3s-master3,1,2026-06-05 16:44:44 UTC,5406792,6858820,720128,9.08,101252,1550280,1234592,15.57,769112,1489892,428
cloud-k3s-master3,1,2026-06-05 16:44:45 UTC,5406792,6858836,720116,9.08,101252,1550292,1234592,15.57,769112,1489908,452
cloud-k3s-master3,1,2026-06-05 16:44:46 UTC,5406792,6858848,720104,9.08,101252,1550304,1234592,15.57,769112,1489920,464
cloud-k3s-master3,1,2026-06-05 16:44:47 UTC,5406792,6858860,720092,9.08,101252,1550316,1234592,15.57,769112,1489932,472
cloud-k3s-master3,1,2026-06-05 16:44:48 UTC,5406792,6858876,720072,9.08,101256,1550328,1234592,15.57,768484,1489948,456
cloud-k3s-master3,1,2026-06-05 16:44:49 UTC,5406792,6858996,719936,9.08,101256,1550464,1234592,15.57,768760,1489956,480
cloud-k3s-master3,1,2026-06-05 16:44:50 UTC,5406792,6859000,719924,9.08,101256,1550476,1234592,15.57,768804,1489960,512
cloud-k3s-master3,1,2026-06-05 16:44:51 UTC,5406792,6859036,719912,9.08,101260,1550484,1234592,15.57,767960,1489980,528
cloud-k3s-master3,1,2026-06-05 16:44:52 UTC,5406792,6859056,719892,9.08,101260,1550504,1234592,15.57,767868,1490000,540
cloud-k3s-master3,1,2026-06-05 16:44:53 UTC,5406792,6859064,719884,9.08,101260,1550512,1234592,15.57,767868,1490008,548
cloud-k3s-master3,1,2026-06-05 16:44:54 UTC,5406792,6859076,719872,9.08,101260,1550524,1234592,15.57,767868,1490020,568
cloud-k3s-master3,1,2026-06-05 16:44:55 UTC,5406792,6859088,719860,9.08,101260,1550536,1234592,15.57,767868,1490032,548
cloud-k3s-master3,1,2026-06-05 16:44:56 UTC,5406792,6859104,719844,9.08,101260,1550548,1234592,15.57,768132,1490044,576
cloud-k3s-master3,1,2026-06-05 16:44:57 UTC,5406792,6859124,719820,9.08,101264,1550568,1234592,15.57,768164,1490064,580
cloud-k3s-master3,1,2026-06-05 16:44:58 UTC,5406792,6859128,719812,9.08,101264,1550576,1234592,15.57,768224,1490068,344
cloud-k3s-master3,1,2026-06-05 16:44:59 UTC,5406792,6859152,719796,9.08,101264,1550592,1234592,15.57,768472,1490092,368
cloud-k3s-master3,1,2026-06-05 16:45:00 UTC,5406792,6859152,719788,9.08,101264,1550600,1234592,15.57,768516,1490092,208
cloud-k3s-master3,1,2026-06-05 16:45:01 UTC,5406792,6859172,719808,9.08,101264,1550612,1234592,15.57,768516,1490112,72
cloud-k3s-master3,1,2026-06-05 16:45:02 UTC,5406540,6858932,720052,9.08,101264,1550624,1234592,15.57,768516,1490124,260
cloud-k3s-master3,1,2026-06-05 16:45:03 UTC,5406540,6858944,720040,9.08,101264,1550636,1234592,15.57,768516,1490136,268
cloud-k3s-master3,1,2026-06-05 16:45:04 UTC,5406316,6858728,720256,9.08,101264,1550644,1234592,15.57,768516,1490144,276
cloud-k3s-master3,1,2026-06-05 16:45:05 UTC,5406316,6858732,720248,9.08,101264,1550656,1234592,15.57,768516,1490148,428
cloud-k3s-master3,1,2026-06-05 16:45:06 UTC,5406316,6858756,720232,9.08,101264,1550672,1234592,15.57,768520,1490172,436
cloud-k3s-master3,1,2026-06-05 16:45:07 UTC,5406316,6858772,720216,9.08,101264,1550688,1234592,15.57,768520,1490188,408
cloud-k3s-master3,1,2026-06-05 16:45:08 UTC,5406316,6858780,720208,9.08,101264,1550696,1234592,15.57,768580,1490196,416
cloud-k3s-master3,1,2026-06-05 16:45:09 UTC,5406316,6858792,720196,9.08,101264,1550708,1234592,15.57,768888,1490208,448
cloud-k3s-master3,1,2026-06-05 16:45:10 UTC,5406316,6858792,720188,9.08,101264,1550716,1234592,15.57,768888,1490208,456
cloud-k3s-master3,1,2026-06-05 16:45:11 UTC,5406316,6858812,720184,9.08,101264,1550728,1234592,15.57,769220,1490228,472
cloud-k3s-master3,1,2026-06-05 16:45:12 UTC,5406316,6858824,720172,9.08,101264,1550740,1234592,15.57,769228,1490240,480
cloud-k3s-master3,1,2026-06-05 16:45:13 UTC,5406316,6858844,720152,9.08,101264,1550760,1234592,15.57,769228,1490260,464
cloud-k3s-master3,1,2026-06-05 16:45:14 UTC,5406316,6858852,720144,9.08,101264,1550768,1234592,15.57,769228,1490268,472
cloud-k3s-master3,1,2026-06-05 16:45:15 UTC,5406316,6858860,720136,9.08,101264,1550776,1234592,15.57,769228,1490276,512
cloud-k3s-master3,1,2026-06-05 16:45:16 UTC,5406316,6858860,720128,9.08,101264,1550784,1234592,15.57,769228,1490276,520
cloud-k3s-master3,1,2026-06-05 16:45:17 UTC,5406316,6858884,720112,9.08,101264,1550800,1234592,15.57,769228,1490300,532
cloud-k3s-master3,1,2026-06-05 16:45:18 UTC,5406316,6858896,720100,9.08,101264,1550812,1234592,15.57,768712,1490312,540
cloud-k3s-master3,1,2026-06-05 16:45:19 UTC,5406316,6858908,720088,9.08,101264,1550824,1234592,15.57,768700,1490324,576
cloud-k3s-master3,1,2026-06-05 16:45:20 UTC,5406316,6858912,720076,9.08,101264,1550836,1234592,15.57,768700,1490328,588
cloud-k3s-master3,1,2026-06-05 16:45:21 UTC,5406316,6858932,720064,9.08,101264,1550848,1234592,15.57,768076,1490348,596
cloud-k3s-master3,1,2026-06-05 16:45:22 UTC,5406316,6858944,720052,9.08,101264,1550860,1234592,15.57,768080,1490360,604
cloud-k3s-master3,1,2026-06-05 16:45:23 UTC,5406316,6858956,720044,9.08,101264,1550872,1234592,15.57,768080,1490372,612
cloud-k3s-master3,1,2026-06-05 16:45:24 UTC,5406316,6858968,720032,9.08,101264,1550884,1234592,15.57,768080,1490384,620
cloud-k3s-master3,1,2026-06-05 16:45:25 UTC,5406316,6858980,720020,9.08,101264,1550896,1234592,15.57,768080,1490396,604
cloud-k3s-master3,1,2026-06-05 16:45:26 UTC,5406316,6858980,720008,9.08,101268,1550900,1234592,15.57,768300,1490396,612
cloud-k3s-master3,1,2026-06-05 16:45:27 UTC,5406316,6859008,719984,9.08,101268,1550920,1234592,15.57,768396,1490424,632
cloud-k3s-master3,1,2026-06-05 16:45:28 UTC,5406316,6859028,719964,9.08,101268,1550940,1234592,15.57,768396,1490444,640
cloud-k3s-master3,1,2026-06-05 16:45:29 UTC,5406316,6859036,719956,9.08,101268,1550948,1234592,15.57,768652,1490452,412
cloud-k3s-master3,1,2026-06-05 16:45:30 UTC,5406316,6859048,719940,9.08,101272,1550956,1234592,15.57,768728,1490460,452
cloud-k3s-master3,1,2026-06-05 16:45:31 UTC,5406316,6859052,719928,9.08,101272,1550968,1234592,15.57,768728,1490464,468
cloud-k3s-master3,1,2026-06-05 16:45:32 UTC,5406316,6859076,719916,9.08,101272,1550980,1234592,15.57,768728,1490488,96
cloud-k3s-master3,1,2026-06-05 16:45:33 UTC,5406316,6859092,719868,9.08,101276,1550992,1234592,15.57,768728,1490504,68
cloud-k3s-master3,1,2026-06-05 16:45:34 UTC,5406316,6859092,719860,9.08,101276,1551000,1234592,15.57,768728,1490504,72
cloud-k3s-master3,1,2026-06-05 16:45:35 UTC,5406316,6859108,719844,9.08,101276,1551016,1234592,15.57,768728,1490520,240
cloud-k3s-master3,1,2026-06-05 16:45:36 UTC,5406316,6859128,719832,9.08,101276,1551028,1234592,15.57,768728,1490540,248
cloud-k3s-master3,1,2026-06-05 16:45:37 UTC,5406316,6859140,719820,9.08,101276,1551040,1234592,15.57,768728,1490552,256
cloud-k3s-master3,1,2026-06-05 16:45:38 UTC,5406316,6859152,719808,9.08,101276,1551052,1234592,15.57,768728,1490564,236
cloud-k3s-master3,1,2026-06-05 16:45:39 UTC,5406316,6859164,719784,9.08,101276,1551064,1234592,15.57,768948,1490576,268
cloud-k3s-master3,1,2026-06-05 16:45:40 UTC,5406316,6859164,719776,9.08,101276,1551072,1234592,15.57,768996,1490576,280
cloud-k3s-master3,1,2026-06-05 16:45:41 UTC,5414272,6867144,711808,8.97,101280,1551084,1234592,15.57,769476,1490600,376
cloud-k3s-master3,1,2026-06-05 16:45:42 UTC,5414380,6867260,711692,8.97,101280,1551092,1234592,15.57,769380,1490608,396
cloud-k3s-master3,1,2026-06-05 16:45:43 UTC,5414380,6867280,711676,8.97,101280,1551112,1234592,15.57,769380,1490628,408
cloud-k3s-master3,1,2026-06-05 16:45:44 UTC,5413656,6866560,712388,8.98,101280,1551124,1234592,15.57,769380,1490632,388
cloud-k3s-master3,1,2026-06-05 16:45:45 UTC,5413656,6866580,712376,8.98,101280,1551136,1234592,15.57,769380,1490652,492
cloud-k3s-master3,1,2026-06-05 16:45:46 UTC,5413656,6866580,712368,8.98,101280,1551144,1234592,15.57,769380,1490652,500
cloud-k3s-master3,1,2026-06-05 16:45:47 UTC,5413656,6866608,712344,8.98,101284,1551160,1234592,15.57,769380,1490680,496
cloud-k3s-master3,1,2026-06-05 16:45:48 UTC,5413656,6866616,712336,8.98,101284,1551168,1234592,15.57,768772,1490688,504
cloud-k3s-master3,1,2026-06-05 16:45:49 UTC,5413656,6866628,712328,8.98,101284,1551180,1234592,15.57,768740,1490700,528
cloud-k3s-master3,1,2026-06-05 16:45:50 UTC,5413656,6866628,712320,8.98,101284,1551188,1234592,15.57,768912,1490700,512
cloud-k3s-master3,1,2026-06-05 16:45:51 UTC,5413656,6866648,712312,8.98,101284,1551200,1234592,15.57,768336,1490720,540
cloud-k3s-master3,1,2026-06-05 16:45:52 UTC,5413656,6866656,712304,8.98,101284,1551208,1234592,15.57,768336,1490728,548
cloud-k3s-master3,1,2026-06-05 16:45:53 UTC,5413656,6866672,712280,8.98,101284,1551224,1234592,15.57,768336,1490744,556
cloud-k3s-master3,1,2026-06-05 16:45:54 UTC,5413656,6866672,712272,8.98,101284,1551232,1234592,15.57,768336,1490744,564
cloud-k3s-master3,1,2026-06-05 16:45:55 UTC,5413656,6866692,712260,8.98,101284,1551244,1234592,15.57,768336,1490764,552
cloud-k3s-master3,1,2026-06-05 16:45:56 UTC,5413656,6866692,712252,8.98,101288,1551248,1234592,15.57,768516,1490764,560
cloud-k3s-master3,1,2026-06-05 16:45:57 UTC,5413656,6866720,712236,8.98,101288,1551268,1234592,15.57,768588,1490792,604
cloud-k3s-master3,1,2026-06-05 16:45:58 UTC,5413656,6866740,712216,8.98,101288,1551284,1234592,15.57,768588,1490808,612
cloud-k3s-master3,1,2026-06-05 16:45:59 UTC,5413656,6866756,712196,8.98,101288,1551300,1234592,15.57,768728,1490824,636
cloud-k3s-master3,1,2026-06-05 16:46:00 UTC,5413656,6866756,712188,8.98,101288,1551308,1234592,15.57,768772,1490824,644
cloud-k3s-master3,1,2026-06-05 16:46:01 UTC,5413656,6866776,712168,8.98,101288,1551320,1234592,15.57,768776,1490844,408
cloud-k3s-master3,1,2026-06-05 16:46:02 UTC,5413656,6866776,712160,8.98,101288,1551328,1234592,15.57,768776,1490844,376
cloud-k3s-master3,1,2026-06-05 16:46:03 UTC,5413656,6866808,712136,8.98,101288,1551352,1234592,15.57,768776,1490876,396
cloud-k3s-master3,1,2026-06-05 16:46:04 UTC,5413404,6866556,712380,8.98,101288,1551360,1234592,15.57,768776,1490876,404
cloud-k3s-master3,1,2026-06-05 16:46:05 UTC,5413404,6866576,712400,8.98,101288,1551372,1234592,15.57,768776,1490896,60
cloud-k3s-master3,1,2026-06-05 16:46:06 UTC,5413404,6866588,712388,8.98,101288,1551384,1234592,15.57,768776,1490908,76
cloud-k3s-master3,1,2026-06-05 16:46:07 UTC,5412648,6865844,713132,8.99,101288,1551396,1234592,15.57,769796,1490920,200
cloud-k3s-master3,1,2026-06-05 16:46:08 UTC,5412648,6865856,713128,8.99,101288,1551408,1234592,15.57,769804,1490932,232
cloud-k3s-master3,1,2026-06-05 16:46:09 UTC,5412648,6865864,713104,8.99,101292,1551428,1234592,15.57,770012,1490940,344
cloud-k3s-master3,1,2026-06-05 16:46:10 UTC,5412648,6865888,713100,8.99,101292,1551436,1234592,15.57,770012,1490964,344
cloud-k3s-master3,1,2026-06-05 16:46:11 UTC,5412648,6865900,713088,8.99,101292,1551448,1234592,15.57,770252,1490976,364
cloud-k3s-master3,1,2026-06-05 16:46:12 UTC,5412648,6865900,713080,8.99,101292,1551456,1234592,15.57,770332,1490976,372
cloud-k3s-master3,1,2026-06-05 16:46:13 UTC,5412424,6865708,713276,8.99,101296,1551476,1234592,15.57,770364,1491008,380
cloud-k3s-master3,1,2026-06-05 16:46:14 UTC,5412172,6865460,713520,9.00,101296,1551488,1234592,15.57,770364,1491012,364
cloud-k3s-master3,1,2026-06-05 16:46:15 UTC,5412172,6865484,713504,9.00,101296,1551500,1234592,15.57,770364,1491032,396
cloud-k3s-master3,1,2026-06-05 16:46:16 UTC,5412172,6865488,713492,9.00,101296,1551512,1234592,15.57,770364,1491036,404
cloud-k3s-master3,1,2026-06-05 16:46:17 UTC,5412172,6865504,713484,9.00,101296,1551520,1235448,15.58,770536,1491052,412
cloud-k3s-master3,1,2026-06-05 16:46:18 UTC,5412172,6865516,713460,9.00,101296,1551532,1234592,15.57,769848,1491064,420
cloud-k3s-master3,1,2026-06-05 16:46:19 UTC,5412172,6865532,713444,9.00,101296,1551548,1234592,15.57,769904,1491080,432
cloud-k3s-master3,1,2026-06-05 16:46:20 UTC,5412172,6865532,713432,9.00,101296,1551556,1234592,15.57,769952,1491080,440
cloud-k3s-master3,1,2026-06-05 16:46:21 UTC,5412172,6865560,713412,8.99,101296,1551576,1234592,15.57,769564,1491108,472
cloud-k3s-master3,1,2026-06-05 16:46:22 UTC,5419984,6873380,705588,8.90,101296,1551584,1234592,15.57,769564,1491116,564
cloud-k3s-master3,1,2026-06-05 16:46:23 UTC,5419984,6873400,705576,8.90,101300,1551600,1234592,15.57,769564,1491136,600
cloud-k3s-master3,1,2026-06-05 16:46:24 UTC,5419984,6873408,705568,8.90,101300,1551608,1234592,15.57,769564,1491144,608
cloud-k3s-master3,1,2026-06-05 16:46:25 UTC,5419984,6873424,705552,8.90,101300,1551624,1234592,15.57,769564,1491160,608
cloud-k3s-master3,1,2026-06-05 16:46:26 UTC,5419984,6873424,705544,8.90,101300,1551632,1234592,15.57,769684,1491160,616
cloud-k3s-master3,1,2026-06-05 16:46:27 UTC,5419984,6873444,705528,8.90,101300,1551644,1234592,15.57,769804,1491180,620
cloud-k3s-master3,1,2026-06-05 16:46:28 UTC,5419984,6873452,705520,8.90,101300,1551652,1234592,15.57,769804,1491188,608
cloud-k3s-master3,1,2026-06-05 16:46:29 UTC,5419760,6873252,705716,8.90,101304,1551672,1234592,15.57,769984,1491212,632
cloud-k3s-master3,1,2026-06-05 16:46:30 UTC,5419760,6873260,705708,8.90,101304,1551680,1234592,15.57,769984,1491220,616
cloud-k3s-master3,1,2026-06-05 16:46:31 UTC,5419760,6873264,705696,8.90,101304,1551692,1234592,15.57,769988,1491224,648
cloud-k3s-master3,1,2026-06-05 16:46:32 UTC,5419508,6873012,705936,8.90,101304,1551700,1234592,15.57,769988,1491224,484
cloud-k3s-master3,1,2026-06-05 16:46:33 UTC,5419508,6873040,705924,8.90,101304,1551712,1234592,15.57,769988,1491252,440
cloud-k3s-master3,1,2026-06-05 16:46:34 UTC,5419508,6873044,705904,8.90,101312,1551724,1234592,15.57,769988,1491256,448
cloud-k3s-master3,1,2026-06-05 16:46:35 UTC,5419508,6873080,705884,8.90,101316,1551736,1234592,15.57,769988,1491288,464
cloud-k3s-master3,1,2026-06-05 16:46:36 UTC,5419508,6873088,705868,8.90,101320,1551748,1234592,15.57,769988,1491296,436
cloud-k3s-master3,1,2026-06-05 16:46:37 UTC,5419508,6873108,705856,8.90,101320,1551760,1234592,15.57,769988,1491316,456
cloud-k3s-master3,1,2026-06-05 16:46:38 UTC,5419508,6873108,705848,8.90,101320,1551768,1234592,15.57,769988,1491316,64
cloud-k3s-master3,1,2026-06-05 16:46:39 UTC,5419508,6873136,705824,8.90,101324,1551788,1234592,15.57,770256,1491344,256
cloud-k3s-master3,1,2026-06-05 16:46:40 UTC,5419508,6873148,705816,8.90,101324,1551796,1234592,15.57,770256,1491356,264
cloud-k3s-master3,1,2026-06-05 16:46:41 UTC,5419508,6873160,705804,8.90,101324,1551808,1234592,15.57,770380,1491368,276
cloud-k3s-master3,1,2026-06-05 16:46:42 UTC,5419508,6873168,705800,8.90,101324,1551816,1234592,15.57,770392,1491376,256
cloud-k3s-master3,1,2026-06-05 16:46:43 UTC,5419508,6873184,705796,8.90,101324,1551832,1234592,15.57,770392,1491392,276
cloud-k3s-master3,1,2026-06-05 16:46:44 UTC,5419256,6872932,706040,8.90,101324,1551840,1234592,15.57,770392,1491392,284
cloud-k3s-master3,1,2026-06-05 16:46:45 UTC,5419256,6872948,706024,8.90,101324,1551856,1234592,15.57,770392,1491408,312
cloud-k3s-master3,1,2026-06-05 16:46:46 UTC,5419256,6872964,706020,8.90,101324,1551864,1234592,15.57,770392,1491424,320
cloud-k3s-master3,1,2026-06-05 16:46:47 UTC,5419256,6872984,706000,8.90,101328,1551880,1234592,15.57,770392,1491444,408
cloud-k3s-master3,1,2026-06-05 16:46:48 UTC,5419256,6872992,705992,8.90,101328,1551888,1234592,15.57,769704,1491452,392
cloud-k3s-master3,1,2026-06-05 16:46:49 UTC,5419256,6873008,705980,8.90,101328,1551904,1234592,15.57,769836,1491468,436
cloud-k3s-master3,1,2026-06-05 16:46:50 UTC,5418504,6872264,706724,8.91,101328,1551912,1234592,15.57,769836,1491476,444
cloud-k3s-master3,1,2026-06-05 16:46:51 UTC,5418504,6872284,706696,8.91,101336,1551928,1234592,15.57,768984,1491496,456
cloud-k3s-master3,1,2026-06-05 16:46:52 UTC,5418504,6872284,706688,8.91,101336,1551936,1234592,15.57,768988,1491496,460
cloud-k3s-master3,1,2026-06-05 16:46:53 UTC,5418504,6872308,706680,8.91,101336,1551948,1234592,15.57,769052,1491520,468
cloud-k3s-master3,1,2026-06-05 16:46:54 UTC,5418504,6872308,706672,8.91,101336,1551956,1234592,15.57,769052,1491520,452
cloud-k3s-master3,1,2026-06-05 16:46:55 UTC,5418504,6872332,706656,8.91,101336,1551972,1234592,15.57,769052,1491544,500
cloud-k3s-master3,1,2026-06-05 16:46:56 UTC,5418504,6872340,706648,8.91,101336,1551980,1234592,15.57,769372,1491552,508
cloud-k3s-master3,1,2026-06-05 16:46:57 UTC,5418504,6872352,706636,8.91,101336,1551992,1234592,15.57,769396,1491564,516
cloud-k3s-master3,1,2026-06-05 16:46:58 UTC,5418504,6872372,706608,8.91,101344,1552012,1234592,15.57,769396,1491584,524
cloud-k3s-master3,1,2026-06-05 16:46:59 UTC,5418504,6872388,706600,8.91,101344,1552020,1234592,15.57,769724,1491600,556
cloud-k3s-master3,1,2026-06-05 16:47:00 UTC,5418504,6872404,706576,8.91,101352,1552036,1234592,15.57,769768,1491616,560
cloud-k3s-master3,1,2026-06-05 16:47:01 UTC,5418504,6872420,706564,8.91,101356,1552044,1234592,15.57,769768,1491632,568
cloud-k3s-master3,1,2026-06-05 16:47:02 UTC,5418504,6872428,706552,8.91,101356,1552056,1234592,15.57,769768,1491640,576
cloud-k3s-master3,1,2026-06-05 16:47:03 UTC,5418504,6872444,706536,8.91,101356,1552068,1234592,15.57,769768,1491652,584
cloud-k3s-master3,1,2026-06-05 16:47:04 UTC,5418504,6872444,706532,8.91,101356,1552072,1234592,15.57,769768,1491652,348
cloud-k3s-master3,1,2026-06-05 16:47:05 UTC,5418504,6872468,706520,8.91,101356,1552084,1234592,15.57,769772,1491676,336
cloud-k3s-master3,1,2026-06-05 16:47:06 UTC,5418504,6872484,706500,8.91,101364,1552096,1234592,15.57,769772,1491692,356
cloud-k3s-master3,1,2026-06-05 16:47:07 UTC,5418504,6872504,706484,8.91,101364,1552112,1234592,15.57,769852,1491712,364
cloud-k3s-master3,1,2026-06-05 16:47:08 UTC,5418504,6872512,706476,8.91,101364,1552120,1234592,15.57,769852,1491720,372
cloud-k3s-master3,1,2026-06-05 16:47:09 UTC,5418504,6872524,706460,8.91,101364,1552132,1234592,15.57,770132,1491732,384
cloud-k3s-master3,1,2026-06-05 16:47:10 UTC,5425176,6879208,699776,8.82,101364,1552144,1234592,15.57,770276,1491744,408
cloud-k3s-master3,1,2026-06-05 16:47:11 UTC,5424488,6878532,700420,8.83,101364,1552156,1234592,15.57,770444,1491756,320
cloud-k3s-master3,1,2026-06-05 16:47:12 UTC,5424488,6878540,700412,8.83,101364,1552168,1234592,15.57,770464,1491764,336
cloud-k3s-master3,1,2026-06-05 16:47:13 UTC,5424488,6878560,700396,8.83,101364,1552184,1234592,15.57,770512,1491784,376
cloud-k3s-master3,1,2026-06-05 16:47:14 UTC,5424488,6878564,700396,8.83,101364,1552196,1234592,15.57,770512,1491788,384
cloud-k3s-master3,1,2026-06-05 16:47:15 UTC,5424488,6878588,700380,8.83,101364,1552212,1234592,15.57,770516,1491812,384
cloud-k3s-master3,1,2026-06-05 16:47:16 UTC,5424488,6878588,700376,8.83,101364,1552220,1234592,15.57,770592,1491812,376
cloud-k3s-master3,1,2026-06-05 16:47:17 UTC,5424488,6878608,700364,8.83,101364,1552232,1234592,15.57,770592,1491832,388
cloud-k3s-master3,1,2026-06-05 16:47:18 UTC,5424488,6878616,700356,8.83,101364,1552240,1234592,15.57,769852,1491840,360
cloud-k3s-master3,1,2026-06-05 16:47:19 UTC,5424488,6878632,700340,8.83,101364,1552256,1234592,15.57,770012,1491856,380
cloud-k3s-master3,1,2026-06-05 16:47:20 UTC,5424488,6878644,700328,8.83,101364,1552268,1234592,15.57,770064,1491868,400
cloud-k3s-master3,1,2026-06-05 16:47:21 UTC,5424488,6878656,700316,8.83,101364,1552280,1234592,15.57,769308,1491880,356
cloud-k3s-master3,1,2026-06-05 16:47:22 UTC,5424488,6878660,700304,8.83,101364,1552292,1234592,15.57,769308,1491884,368
cloud-k3s-master3,1,2026-06-05 16:47:23 UTC,5424488,6878680,700292,8.83,101364,1552304,1234592,15.57,769372,1491904,360
cloud-k3s-master3,1,2026-06-05 16:47:24 UTC,5424488,6878680,700284,8.83,101364,1552312,1234592,15.57,769372,1491904,372
cloud-k3s-master3,1,2026-06-05 16:47:25 UTC,5424488,6878700,700268,8.83,101368,1552324,1234592,15.57,769028,1491924,420
cloud-k3s-master3,1,2026-06-05 16:47:26 UTC,5424488,6878712,700260,8.83,101368,1552332,1234592,15.57,769184,1491936,428
cloud-k3s-master3,1,2026-06-05 16:47:27 UTC,5424236,6878480,700492,8.83,101368,1552348,1234592,15.57,769288,1491952,436
cloud-k3s-master3,1,2026-06-05 16:47:28 UTC,5424236,6878496,700476,8.83,101368,1552364,1234592,15.57,769288,1491968,444
cloud-k3s-master3,1,2026-06-05 16:47:29 UTC,5423984,6878256,700708,8.83,101368,1552376,1234592,15.57,769624,1491980,460
cloud-k3s-master3,1,2026-06-05 16:47:30 UTC,5423984,6878268,700696,8.83,101368,1552388,1234592,15.57,769632,1491992,472
cloud-k3s-master3,1,2026-06-05 16:47:31 UTC,5423984,6878272,700684,8.83,101368,1552400,1234592,15.57,769632,1491996,476
cloud-k3s-master3,1,2026-06-05 16:47:32 UTC,5423984,6878288,700676,8.83,101368,1552408,1234592,15.57,769632,1492012,484
cloud-k3s-master3,1,2026-06-05 16:47:33 UTC,5423984,6878300,700664,8.83,101368,1552420,1234592,15.57,769632,1492024,492
cloud-k3s-master3,1,2026-06-05 16:47:34 UTC,5423732,6878048,700908,8.84,101368,1552428,1234592,15.57,769632,1492024,500
cloud-k3s-master3,1,2026-06-05 16:47:35 UTC,5423732,6878068,700896,8.84,101368,1552440,1234592,15.57,769664,1492044,520
cloud-k3s-master3,1,2026-06-05 16:47:36 UTC,5423732,6878084,700880,8.84,101368,1552456,1234592,15.57,769664,1492060,516
cloud-k3s-master3,1,2026-06-05 16:47:37 UTC,5423732,6878104,700860,8.84,101368,1552476,1234592,15.57,769664,1492080,540
cloud-k3s-master3,1,2026-06-05 16:47:38 UTC,5423732,6878104,700852,8.84,101368,1552484,1234592,15.57,769664,1492080,548
cloud-k3s-master3,1,2026-06-05 16:47:39 UTC,5423732,6878124,700840,8.84,101368,1552496,1234592,15.57,770032,1492100,576
cloud-k3s-master3,1,2026-06-05 16:47:40 UTC,5423732,6878136,700828,8.84,101368,1552508,1234592,15.57,770032,1492112,584
cloud-k3s-master3,1,2026-06-05 16:47:41 UTC,5423732,6878144,700848,8.84,101368,1552516,1234592,15.57,770400,1492120,164
cloud-k3s-master3,1,2026-06-05 16:47:42 UTC,5423732,6878152,700840,8.84,101368,1552524,1234592,15.57,770400,1492128,172
cloud-k3s-master3,1,2026-06-05 16:47:43 UTC,5423480,6877920,701064,8.84,101372,1552544,1234592,15.57,770404,1492148,196
cloud-k3s-master3,1,2026-06-05 16:47:44 UTC,5422980,6877432,701556,8.85,101372,1552552,1234592,15.57,770404,1492160,204
cloud-k3s-master3,1,2026-06-05 16:47:45 UTC,5422980,6877448,701536,8.85,101372,1552568,1234592,15.57,770404,1492176,388
cloud-k3s-master3,1,2026-06-05 16:47:46 UTC,5422980,6877448,701528,8.85,101372,1552576,1234592,15.57,770404,1492176,396
cloud-k3s-master3,1,2026-06-05 16:47:47 UTC,5422980,6877468,701516,8.84,101372,1552588,1234592,15.57,770404,1492196,404
cloud-k3s-master3,1,2026-06-05 16:47:48 UTC,5422980,6877468,701508,8.84,101372,1552596,1234592,15.57,769888,1492196,384
cloud-k3s-master3,1,2026-06-05 16:47:49 UTC,5422980,6877492,701488,8.84,101372,1552612,1234592,15.57,770056,1492220,424
cloud-k3s-master3,1,2026-06-05 16:47:50 UTC,5422728,6877240,701728,8.85,101372,1552620,1234592,15.57,770228,1492220,252
cloud-k3s-master3,1,2026-06-05 16:47:51 UTC,5422728,6877260,701708,8.85,101376,1552636,1234592,15.57,769080,1492240,416
cloud-k3s-master3,1,2026-06-05 16:47:52 UTC,5422728,6877260,701700,8.85,101380,1552640,1234592,15.57,769080,1492240,252
cloud-k3s-master3,1,2026-06-05 16:47:53 UTC,5422728,6877296,701680,8.85,101380,1552660,1234592,15.57,769016,1492276,200
cloud-k3s-master3,1,2026-06-05 16:47:54 UTC,5422728,6877304,701672,8.85,101380,1552668,1234592,15.57,769016,1492284,172
cloud-k3s-master3,1,2026-06-05 16:47:55 UTC,5422728,6877324,701684,8.85,101384,1552684,1234592,15.57,769016,1492304,212
cloud-k3s-master3,1,2026-06-05 16:47:56 UTC,5422728,6877328,701672,8.85,101384,1552696,1234592,15.57,769240,1492308,220
cloud-k3s-master3,1,2026-06-05 16:47:57 UTC,5422728,6877352,701652,8.85,101384,1552708,1234592,15.57,769128,1492328,232
cloud-k3s-master3,1,2026-06-05 16:47:58 UTC,5422476,6877116,701888,8.85,101392,1552716,1234592,15.57,769132,1492344,240
cloud-k3s-master3,1,2026-06-05 16:47:59 UTC,5422476,6877136,701868,8.85,101392,1552736,1234592,15.57,769428,1492364,352
cloud-k3s-master3,1,2026-06-05 16:48:00 UTC,5422476,6877148,701860,8.85,101392,1552748,1234592,15.57,769476,1492376,324
cloud-k3s-master3,1,2026-06-05 16:48:01 UTC,5422476,6877160,701848,8.85,101392,1552760,1234592,15.57,769476,1492388,344
cloud-k3s-master3,1,2026-06-05 16:48:02 UTC,5422476,6877172,701836,8.85,101392,1552772,1234592,15.57,769476,1492400,348
cloud-k3s-master3,1,2026-06-05 16:48:03 UTC,5422476,6877196,701804,8.85,101396,1552792,1234592,15.57,769476,1492420,356
cloud-k3s-master3,1,2026-06-05 16:48:04 UTC,5416188,6870912,708084,8.93,101400,1552796,1281260,16.15,773432,1492424,536
cloud-k3s-master3,1,2026-06-05 16:48:05 UTC,5412156,6866944,711952,8.98,101404,1552908,1291628,16.29,786244,1492480,644
cloud-k3s-master3,1,2026-06-05 16:48:06 UTC,5422388,6877192,701700,8.85,101412,1552920,1234592,15.57,769884,1492496,272
cloud-k3s-master3,1,2026-06-05 16:48:07 UTC,5422236,6877076,701896,8.85,101416,1552876,1234592,15.57,769872,1492528,276
cloud-k3s-master3,1,2026-06-05 16:48:08 UTC,5422236,6877076,701888,8.85,101416,1552884,1234592,15.57,769872,1492528,284
cloud-k3s-master3,1,2026-06-05 16:48:09 UTC,5422236,6877096,701868,8.85,101416,1552896,1234592,15.57,770280,1492548,392
cloud-k3s-master3,1,2026-06-05 16:48:10 UTC,5422236,6877108,701856,8.85,101416,1552908,1234592,15.57,770280,1492560,400
cloud-k3s-master3,1,2026-06-05 16:48:11 UTC,5422236,6877120,701840,8.85,101420,1552920,1234592,15.57,770404,1492572,408
cloud-k3s-master3,1,2026-06-05 16:48:12 UTC,5422012,6876908,702044,8.85,101428,1552932,1234592,15.57,770404,1492584,412
cloud-k3s-master3,1,2026-06-05 16:48:13 UTC,5422012,6876940,702028,8.85,101428,1552952,1234592,15.57,770404,1492616,420
cloud-k3s-master3,1,2026-06-05 16:48:14 UTC,5422012,6876952,702016,8.85,101428,1552964,1234592,15.57,770404,1492628,428
cloud-k3s-master3,1,2026-06-05 16:48:15 UTC,5422012,6876964,702008,8.85,101428,1552976,1234592,15.57,770408,1492640,448
cloud-k3s-master3,1,2026-06-05 16:48:16 UTC,5422012,6876972,702000,8.85,101428,1552984,1234592,15.57,770408,1492648,456
cloud-k3s-master3,1,2026-06-05 16:48:17 UTC,5422012,6876980,701988,8.85,101428,1552992,1234592,15.57,770408,1492656,352
cloud-k3s-master3,1,2026-06-05 16:48:18 UTC,5422012,6876992,701976,8.85,101428,1553004,1237444,15.60,770924,1492668,372
cloud-k3s-master3,1,2026-06-05 16:48:19 UTC,5426544,6881536,697424,8.79,101432,1553016,1234592,15.57,769980,1492680,452
cloud-k3s-master3,1,2026-06-05 16:48:20 UTC,5426544,6881536,697416,8.79,101432,1553024,1234592,15.57,769980,1492680,472
cloud-k3s-master3,1,2026-06-05 16:48:21 UTC,5426292,6881320,697644,8.80,101432,1553048,1234592,15.57,769244,1492716,512
cloud-k3s-master3,1,2026-06-05 16:48:22 UTC,5426292,6881332,697632,8.80,101432,1553060,1234592,15.57,768900,1492728,520
cloud-k3s-master3,1,2026-06-05 16:48:23 UTC,5426292,6881344,697620,8.80,101432,1553072,1234592,15.57,768840,1492740,528
cloud-k3s-master3,1,2026-06-05 16:48:24 UTC,5426292,6881344,697612,8.80,101432,1553080,1234592,15.57,768840,1492740,536
cloud-k3s-master3,1,2026-06-05 16:48:25 UTC,5426292,6881364,697596,8.80,101436,1553092,1234592,15.57,768840,1492760,544
cloud-k3s-master3,1,2026-06-05 16:48:26 UTC,5426292,6881376,697588,8.80,101436,1553100,1234592,15.57,769080,1492772,552
cloud-k3s-master3,1,2026-06-05 16:48:27 UTC,5426068,6881168,697760,8.80,101436,1553116,1234592,15.57,769144,1492788,212
cloud-k3s-master3,1,2026-06-05 16:48:28 UTC,5426068,6881180,697740,8.80,101436,1553128,1234592,15.57,769144,1492800,220
cloud-k3s-master3,1,2026-06-05 16:48:29 UTC,5425816,6880940,697980,8.80,101436,1553140,1234592,15.57,769432,1492812,400
cloud-k3s-master3,1,2026-06-05 16:48:30 UTC,5425816,6880944,697968,8.80,101436,1553152,1234592,15.57,769432,1492816,408
cloud-k3s-master3,1,2026-06-05 16:48:31 UTC,5427864,6883016,695904,8.77,101440,1553164,1234592,15.57,769620,1492840,500
cloud-k3s-master3,1,2026-06-05 16:48:32 UTC,5427744,6882908,696012,8.78,101440,1553176,1234592,15.57,769512,1492852,540
cloud-k3s-master3,1,2026-06-05 16:48:33 UTC,5427492,6882676,696240,8.78,101440,1553196,1234592,15.57,769512,1492872,548
cloud-k3s-master3,1,2026-06-05 16:48:34 UTC,5427492,6882676,696232,8.78,101440,1553204,1234592,15.57,769512,1492872,556
cloud-k3s-master3,1,2026-06-05 16:48:35 UTC,5427240,6882448,696464,8.78,101440,1553220,1234592,15.57,769512,1492892,460
cloud-k3s-master3,1,2026-06-05 16:48:36 UTC,5427240,6882464,696452,8.78,101440,1553232,1234592,15.57,769512,1492908,468
cloud-k3s-master3,1,2026-06-05 16:48:37 UTC,5427240,6882480,696436,8.78,101440,1553248,1234592,15.57,769512,1492924,216
cloud-k3s-master3,1,2026-06-05 16:48:38 UTC,5426988,6882236,696680,8.78,101440,1553256,1234592,15.57,769512,1492932,228
cloud-k3s-master3,1,2026-06-05 16:48:39 UTC,5426988,6882248,696668,8.78,101440,1553268,1234592,15.57,769796,1492944,336
cloud-k3s-master3,1,2026-06-05 16:48:40 UTC,5426988,6882256,696660,8.78,101440,1553276,1234592,15.57,769836,1492952,344
cloud-k3s-master3,1,2026-06-05 16:48:41 UTC,5426988,6882272,696684,8.78,101440,1553292,1234592,15.57,770156,1492968,240
cloud-k3s-master3,1,2026-06-05 16:48:42 UTC,5426988,6882284,696672,8.78,101440,1553304,1234592,15.57,770156,1492980,248
cloud-k3s-master3,1,2026-06-05 16:48:43 UTC,5426232,6881540,697416,8.79,101440,1553316,1234592,15.57,770156,1492992,256
cloud-k3s-master3,1,2026-06-05 16:48:44 UTC,5426232,6881552,697412,8.79,101440,1553328,1234592,15.57,770156,1493004,264
cloud-k3s-master3,1,2026-06-05 16:48:45 UTC,5426232,6881568,697388,8.79,101440,1553352,1234592,15.57,770156,1493020,404
cloud-k3s-master3,1,2026-06-05 16:48:46 UTC,5426232,6881584,697380,8.79,101440,1553360,1234592,15.57,770156,1493036,236
cloud-k3s-master3,1,2026-06-05 16:48:47 UTC,5426232,6881600,697396,8.79,101440,1553376,1234592,15.57,770156,1493052,172
cloud-k3s-master3,1,2026-06-05 16:48:48 UTC,5425480,6880848,698136,8.80,101440,1553384,1234592,15.57,769812,1493052,180
cloud-k3s-master3,1,2026-06-05 16:48:49 UTC,5425480,6880868,698116,8.80,101440,1553396,1234592,15.57,769700,1493072,360
cloud-k3s-master3,1,2026-06-05 16:48:50 UTC,5425228,6880624,698360,8.81,101440,1553404,1234592,15.57,769784,1493080,368
cloud-k3s-master3,1,2026-06-05 16:48:51 UTC,5425228,6880632,698352,8.80,101440,1553412,1234592,15.57,769240,1493088,452
cloud-k3s-master3,1,2026-06-05 16:48:52 UTC,5424220,6879636,699348,8.82,101440,1553424,1234592,15.57,769212,1493100,212
cloud-k3s-master3,1,2026-06-05 16:48:53 UTC,5424220,6879648,699344,8.82,101440,1553436,1234592,15.57,769196,1493112,152
cloud-k3s-master3,1,2026-06-05 16:48:54 UTC,5424220,6879652,699340,8.82,101440,1553444,1234592,15.57,769196,1493116,320
cloud-k3s-master3,1,2026-06-05 16:48:55 UTC,5424220,6879664,699332,8.82,101440,1553452,1234592,15.57,769196,1493128,332
cloud-k3s-master3,1,2026-06-05 16:48:56 UTC,5424220,6879680,699316,8.82,101444,1553464,1234592,15.57,769436,1493144,348
cloud-k3s-master3,1,2026-06-05 16:48:57 UTC,5424220,6879692,699304,8.82,101444,1553476,1234592,15.57,769508,1493156,356
cloud-k3s-master3,1,2026-06-05 16:48:58 UTC,5424220,6879720,699268,8.82,101444,1553504,1234592,15.57,769508,1493184,364
cloud-k3s-master3,1,2026-06-05 16:48:59 UTC,5424220,6879732,699256,8.82,101444,1553516,1234592,15.57,769736,1493196,372
cloud-k3s-master3,1,2026-06-05 16:49:00 UTC,5424220,6879736,699244,8.82,101444,1553528,1234592,15.57,769836,1493200,212
cloud-k3s-master3,1,2026-06-05 16:49:01 UTC,5424220,6879756,699236,8.82,101444,1553540,1234592,15.57,769836,1493220,224
cloud-k3s-master3,1,2026-06-05 16:49:02 UTC,5424220,6879776,699216,8.82,101448,1553556,1234592,15.57,769836,1493240,372
cloud-k3s-master3,1,2026-06-05 16:49:03 UTC,5424220,6879784,699208,8.82,101448,1553564,1234592,15.57,769836,1493248,380
cloud-k3s-master3,1,2026-06-05 16:49:04 UTC,5423968,6879544,699444,8.82,101448,1553576,1234592,15.57,770352,1493260,488
cloud-k3s-master3,1,2026-06-05 16:49:05 UTC,5423968,6879556,699432,8.82,101448,1553588,1234592,15.57,770484,1493272,496
cloud-k3s-master3,1,2026-06-05 16:49:06 UTC,5423968,6879568,699420,8.82,101448,1553600,1234592,15.57,770484,1493284,332
cloud-k3s-master3,1,2026-06-05 16:49:07 UTC,5423968,6879580,699376,8.82,101448,1553612,1234592,15.57,770484,1493296,268
cloud-k3s-master3,1,2026-06-05 16:49:08 UTC,5423968,6879592,699364,8.82,101448,1553624,1234592,15.57,770484,1493308,104
cloud-k3s-master3,1,2026-06-05 16:49:09 UTC,5423716,6879356,699596,8.82,101448,1553636,1234592,15.57,770808,1493320,208
cloud-k3s-master3,1,2026-06-05 16:49:10 UTC,5423716,6879356,699588,8.82,101448,1553644,1234592,15.57,770864,1493320,228
cloud-k3s-master3,1,2026-06-05 16:49:11 UTC,5423716,6879376,699576,8.82,101448,1553656,1234592,15.57,771008,1493340,236
cloud-k3s-master3,1,2026-06-05 16:49:12 UTC,5423716,6879392,699560,8.82,101452,1553668,1234592,15.57,771064,1493356,324
cloud-k3s-master3,1,2026-06-05 16:49:13 UTC,5423716,6879424,699532,8.82,101456,1553696,1234592,15.57,771064,1493388,332
cloud-k3s-master3,1,2026-06-05 16:49:14 UTC,5423716,6879432,699524,8.82,101456,1553704,1234592,15.57,771064,1493396,340
cloud-k3s-master3,1,2026-06-05 16:49:15 UTC,5423716,6879456,699500,8.82,101460,1553724,1234592,15.57,771064,1493420,100
cloud-k3s-master3,1,2026-06-05 16:49:16 UTC,5423716,6879460,699488,8.82,101460,1553736,1234592,15.57,771064,1493424,108
cloud-k3s-master3,1,2026-06-05 16:49:17 UTC,5423716,6879484,699472,8.82,101464,1553748,1234592,15.57,771064,1493448,116
cloud-k3s-master3,1,2026-06-05 16:49:18 UTC,5423716,6879492,699464,8.82,101464,1553756,1234592,15.57,770356,1493456,124
cloud-k3s-master3,1,2026-06-05 16:49:19 UTC,5423464,6879256,699700,8.82,101464,1553772,1234592,15.57,770472,1493472,304
cloud-k3s-master3,1,2026-06-05 16:49:20 UTC,5423464,6879268,699688,8.82,101464,1553784,1234592,15.57,770512,1493484,312
cloud-k3s-master3,1,2026-06-05 16:49:21 UTC,5423464,6879280,699676,8.82,101468,1553792,1234592,15.57,769580,1493496,320
cloud-k3s-master3,1,2026-06-05 16:49:22 UTC,5423464,6879296,699660,8.82,101468,1553808,1234592,15.57,769580,1493512,328
cloud-k3s-master3,1,2026-06-05 16:49:23 UTC,5423464,6879312,699644,8.82,101468,1553824,1234848,15.57,769616,1493528,412
cloud-k3s-master3,1,2026-06-05 16:49:24 UTC,5423464,6879312,699636,8.82,101468,1553832,1234848,15.57,769616,1493528,200
cloud-k3s-master3,1,2026-06-05 16:49:25 UTC,5423212,6879080,699868,8.82,101468,1553844,1234848,15.57,769616,1493548,176
cloud-k3s-master3,1,2026-06-05 16:49:26 UTC,5423212,6879096,699852,8.82,101468,1553856,1234848,15.57,769920,1493560,184
cloud-k3s-master3,1,2026-06-05 16:49:27 UTC,5423212,6879108,699840,8.82,101468,1553868,1234848,15.57,769956,1493572,192
cloud-k3s-master3,1,2026-06-05 16:49:28 UTC,5423212,6879120,699828,8.82,101468,1553880,1234848,15.57,769956,1493584,200
cloud-k3s-master3,1,2026-06-05 16:49:29 UTC,5423212,6879132,699816,8.82,101468,1553892,1234848,15.57,770220,1493596,376
cloud-k3s-master3,1,2026-06-05 16:49:30 UTC,5424612,6880548,698400,8.81,101468,1553908,1234848,15.57,770324,1493612,396
cloud-k3s-master3,1,2026-06-05 16:49:31 UTC,5424360,6880304,698644,8.81,101468,1553916,1234848,15.57,770328,1493620,416
cloud-k3s-master3,1,2026-06-05 16:49:32 UTC,5424360,6880312,698640,8.81,101468,1553924,1234848,15.57,770328,1493628,428
cloud-k3s-master3,1,2026-06-05 16:49:33 UTC,5424108,6880076,698876,8.81,101468,1553940,1234848,15.57,770328,1493644,436
cloud-k3s-master3,1,2026-06-05 16:49:34 UTC,5423856,6879824,699120,8.81,101468,1553948,1234848,15.57,770328,1493644,448
cloud-k3s-master3,1,2026-06-05 16:49:35 UTC,5423604,6879592,699352,8.82,101468,1553960,1234848,15.57,770328,1493664,540
cloud-k3s-master3,1,2026-06-05 16:49:36 UTC,5423604,6879600,699340,8.82,101472,1553964,1234848,15.57,770328,1493672,268
cloud-k3s-master3,1,2026-06-05 16:49:37 UTC,5423352,6879368,699572,8.82,101472,1553984,1234848,15.57,770628,1493692,280
cloud-k3s-master3,1,2026-06-05 16:49:38 UTC,5422628,6878656,700284,8.83,101472,1553996,1234848,15.57,770632,1493704,288
cloud-k3s-master3,1,2026-06-05 16:49:39 UTC,5422628,6878668,700268,8.83,101476,1554008,1234848,15.57,770968,1493716,132
cloud-k3s-master3,1,2026-06-05 16:49:40 UTC,5422628,6878676,700252,8.83,101476,1554024,1234848,15.57,771008,1493724,236
cloud-k3s-master3,1,2026-06-05 16:49:41 UTC,5422376,6878448,700484,8.83,101480,1554036,1234848,15.57,771324,1493748,244
cloud-k3s-master3,1,2026-06-05 16:49:42 UTC,5418372,6874460,704480,8.88,101480,1554048,1234848,15.57,775280,1493764,252
cloud-k3s-master3,1,2026-06-05 16:49:43 UTC,5418372,6874476,704468,8.88,101480,1554064,1234848,15.57,775424,1493780,260
cloud-k3s-master3,1,2026-06-05 16:49:44 UTC,5418372,6874492,704452,8.88,101480,1554076,1234848,15.57,775424,1493792,268
cloud-k3s-master3,1,2026-06-05 16:49:45 UTC,5418372,6874504,704444,8.88,101480,1554088,1234848,15.57,775424,1493804,104
cloud-k3s-master3,1,2026-06-05 16:49:46 UTC,5418372,6874504,704436,8.88,101480,1554096,1234848,15.57,775424,1493804,112
cloud-k3s-master3,1,2026-06-05 16:49:47 UTC,5418372,6874524,704424,8.88,101480,1554108,1234848,15.57,775424,1493824,268
cloud-k3s-master3,1,2026-06-05 16:49:48 UTC,5418372,6874532,704416,8.88,101480,1554116,1234848,15.57,774608,1493832,276
cloud-k3s-master3,1,2026-06-05 16:49:49 UTC,5418120,6874284,704656,8.88,101480,1554128,1234848,15.57,774844,1493836,388
cloud-k3s-master3,1,2026-06-05 16:49:50 UTC,5417368,6873552,705328,8.89,101484,1554140,1234848,15.57,774884,1493856,148
cloud-k3s-master3,1,2026-06-05 16:49:51 UTC,5417368,6873572,705304,8.89,101484,1554156,1234848,15.57,773944,1493876,156
cloud-k3s-master3,1,2026-06-05 16:49:52 UTC,5417144,6873356,705520,8.90,101484,1554164,1234848,15.57,773924,1493884,160
cloud-k3s-master3,1,2026-06-05 16:49:53 UTC,5417144,6873372,705504,8.90,101484,1554180,1234848,15.57,774196,1493900,168
cloud-k3s-master3,1,2026-06-05 16:49:54 UTC,5417144,6873384,705496,8.90,101484,1554192,1234848,15.57,774196,1493912,176
cloud-k3s-master3,1,2026-06-05 16:49:55 UTC,5417144,6873384,705488,8.89,101484,1554200,1234848,15.57,774196,1493912,356
cloud-k3s-master3,1,2026-06-05 16:49:56 UTC,5417144,6873400,705480,8.89,101484,1554208,1234848,15.57,774480,1493928,364
cloud-k3s-master3,1,2026-06-05 16:49:57 UTC,5417144,6873416,705464,8.89,101484,1554224,1234848,15.57,774504,1493944,372
cloud-k3s-master3,1,2026-06-05 16:49:58 UTC,5417144,6873432,705448,8.89,101488,1554236,1234848,15.57,774504,1493960,380
cloud-k3s-master3,1,2026-06-05 16:49:59 UTC,5417144,6873444,705436,8.89,101488,1554248,1234848,15.57,774880,1493972,348
cloud-k3s-master3,1,2026-06-05 16:50:00 UTC,5417144,6873456,705424,8.89,101488,1554260,1234848,15.57,774880,1493984,340
cloud-k3s-master3,1,2026-06-05 16:50:01 UTC,5417144,6873472,705408,8.89,101492,1554272,1234848,15.57,774880,1494000,352
cloud-k3s-master3,1,2026-06-05 16:50:02 UTC,5417144,6873480,705400,8.89,101492,1554280,1234848,15.57,774880,1494008,360
cloud-k3s-master3,1,2026-06-05 16:50:03 UTC,5417144,6873508,705368,8.89,101492,1554308,1234848,15.57,774880,1494036,368
cloud-k3s-master3,1,2026-06-05 16:50:04 UTC,5417144,6873516,705360,8.89,101492,1554316,1234848,15.57,774880,1494044,484
cloud-k3s-master3,1,2026-06-05 16:50:05 UTC,5417144,6873524,705352,8.89,101492,1554324,1234848,15.57,774880,1494052,492
cloud-k3s-master3,1,2026-06-05 16:50:06 UTC,5417144,6873536,705372,8.89,101492,1554336,1234848,15.57,774884,1494064,244
cloud-k3s-master3,1,2026-06-05 16:50:07 UTC,5417144,6873544,705364,8.89,101496,1554340,1234848,15.57,774884,1494072,252
cloud-k3s-master3,1,2026-06-05 16:50:08 UTC,5415380,6871800,707108,8.92,101496,1554360,1237828,15.61,776268,1494092,260
cloud-k3s-master3,1,2026-06-05 16:50:09 UTC,5415380,6871812,707100,8.92,101500,1554368,1238056,15.61,776948,1494104,444
cloud-k3s-master3,1,2026-06-05 16:50:10 UTC,5416512,6872952,705952,8.90,101500,1554388,1234848,15.57,775236,1494112,516
cloud-k3s-master3,1,2026-06-05 16:50:11 UTC,5416512,6872976,705936,8.90,101500,1554400,1234848,15.57,775628,1494136,472
cloud-k3s-master3,1,2026-06-05 16:50:12 UTC,5416512,6872976,705928,8.90,101500,1554408,1234848,15.57,775796,1494136,480
cloud-k3s-master3,1,2026-06-05 16:50:13 UTC,5416512,6873000,705912,8.90,101500,1554424,1234848,15.57,775796,1494160,548
cloud-k3s-master3,1,2026-06-05 16:50:14 UTC,5416512,6873016,705900,8.90,101500,1554440,1234848,15.57,775796,1494176,92
cloud-k3s-master3,1,2026-06-05 16:50:15 UTC,5416512,6873016,705892,8.90,101500,1554448,1234848,15.57,775796,1494176,116
cloud-k3s-master3,1,2026-06-05 16:50:16 UTC,5416512,6873036,705880,8.90,101500,1554460,1234848,15.57,775796,1494196,112
cloud-k3s-master3,1,2026-06-05 16:50:17 UTC,5422128,6878664,700252,8.83,101504,1554468,1234848,15.57,775796,1494208,120
cloud-k3s-master3,1,2026-06-05 16:50:18 UTC,5422128,6878676,700240,8.83,101504,1554480,1234848,15.57,775108,1494220,128
cloud-k3s-master3,1,2026-06-05 16:50:19 UTC,5420112,6876672,702240,8.85,101504,1554492,1234848,15.57,777388,1494232,400
cloud-k3s-master3,1,2026-06-05 16:50:20 UTC,5419608,6876180,702732,8.86,101504,1554504,1234848,15.57,777836,1494244,404
cloud-k3s-master3,1,2026-06-05 16:50:21 UTC,5419608,6876196,702716,8.86,101504,1554520,1234848,15.57,777292,1494260,412
cloud-k3s-master3,1,2026-06-05 16:50:22 UTC,5419356,6875956,702956,8.86,101504,1554528,1234848,15.57,777332,1494268,420
cloud-k3s-master3,1,2026-06-05 16:50:23 UTC,5419356,6875972,702944,8.86,101504,1554544,1234848,15.57,777348,1494284,428
cloud-k3s-master3,1,2026-06-05 16:50:24 UTC,5419356,6875984,702932,8.86,101504,1554556,1234848,15.57,777348,1494296,436
cloud-k3s-master3,1,2026-06-05 16:50:25 UTC,5419356,6875992,702924,8.86,101504,1554564,1234848,15.57,777356,1494304,188
cloud-k3s-master3,1,2026-06-05 16:50:26 UTC,5419356,6876004,702912,8.86,101504,1554576,1234848,15.57,777636,1494316,196
cloud-k3s-master3,1,2026-06-05 16:50:27 UTC,5419356,6876016,702900,8.86,101504,1554588,1234848,15.57,777712,1494328,204
cloud-k3s-master3,1,2026-06-05 16:50:28 UTC,5418352,6875024,703892,8.87,101504,1554600,1234848,15.57,777716,1494340,212
cloud-k3s-master3,1,2026-06-05 16:50:29 UTC,5418352,6875044,703860,8.87,101508,1554616,1234848,15.57,778028,1494360,384
cloud-k3s-master3,1,2026-06-05 16:50:30 UTC,5419732,6876432,702472,8.86,101508,1554624,1234848,15.57,778076,1494368,480
cloud-k3s-master3,1,2026-06-05 16:50:31 UTC,5419228,6875936,702968,8.86,101508,1554632,1234848,15.57,778092,1494376,488
cloud-k3s-master3,1,2026-06-05 16:50:32 UTC,5419228,6875948,702956,8.86,101508,1554644,1234848,15.57,778092,1494388,496
cloud-k3s-master3,1,2026-06-05 16:50:33 UTC,5419228,6875964,702940,8.86,101508,1554660,1234848,15.57,778092,1494404,504
cloud-k3s-master3,1,2026-06-05 16:50:34 UTC,5419228,6875976,702924,8.86,101512,1554672,1234848,15.57,778092,1494416,280
cloud-k3s-master3,1,2026-06-05 16:50:35 UTC,5419228,6875988,702912,8.86,101512,1554684,1234848,15.57,778092,1494428,244
cloud-k3s-master3,1,2026-06-05 16:50:36 UTC,5419228,6876004,702896,8.86,101516,1554696,1234848,15.57,778092,1494444,388
cloud-k3s-master3,1,2026-06-05 16:50:37 UTC,5419228,6876012,702884,8.86,101516,1554708,1234848,15.57,778092,1494452,396
cloud-k3s-master3,1,2026-06-05 16:50:38 UTC,5419228,6876032,702872,8.86,101516,1554720,1234848,15.57,778096,1494472,404
cloud-k3s-master3,1,2026-06-05 16:50:39 UTC,5418976,6875784,703112,8.86,101520,1554728,1234848,15.57,778144,1494476,412
cloud-k3s-master3,1,2026-06-05 16:50:40 UTC,5418976,6875800,703096,8.86,101520,1554744,1234848,15.57,778444,1494492,284
cloud-k3s-master3,1,2026-06-05 16:50:41 UTC,5418472,6875312,703592,8.87,101524,1554748,1234848,15.57,778808,1494508,8
cloud-k3s-master3,1,2026-06-05 16:50:42 UTC,5418472,6875328,703576,8.87,101524,1554764,1234848,15.57,778840,1494524,36
cloud-k3s-master3,1,2026-06-05 16:50:43 UTC,5417496,6874368,704528,8.88,101524,1554780,1234848,15.57,778840,1494540,52
cloud-k3s-master3,1,2026-06-05 16:50:44 UTC,5417496,6874388,704504,8.88,101528,1554796,1234848,15.57,778840,1494560,228
cloud-k3s-master3,1,2026-06-05 16:50:45 UTC,5417496,6874396,704496,8.88,101528,1554804,1234848,15.57,778840,1494568,244
cloud-k3s-master3,1,2026-06-05 16:50:46 UTC,5417496,6874400,704484,8.88,101528,1554816,1234848,15.57,778840,1494572,252
cloud-k3s-master3,1,2026-06-05 16:50:47 UTC,5417496,6874416,704476,8.88,101528,1554824,1234848,15.57,778844,1494588,216
cloud-k3s-master3,1,2026-06-05 16:50:48 UTC,5420436,6877368,701524,8.84,101528,1554836,1234848,15.57,778056,1494600,392
cloud-k3s-master3,1,2026-06-05 16:50:49 UTC,5420184,6877124,701768,8.85,101528,1554844,1234848,15.57,778056,1494608,248
cloud-k3s-master3,1,2026-06-05 16:50:50 UTC,5419684,6876636,702252,8.85,101528,1554856,1234848,15.57,778240,1494620,120
cloud-k3s-master3,1,2026-06-05 16:50:51 UTC,5419684,6876648,702240,8.85,101528,1554868,1234848,15.57,777724,1494632,128
cloud-k3s-master3,1,2026-06-05 16:50:52 UTC,5419684,6876664,702224,8.85,101528,1554884,1234848,15.57,777476,1494648,132
cloud-k3s-master3,1,2026-06-05 16:50:53 UTC,5419684,6876672,702216,8.85,101528,1554892,1234848,15.57,777544,1494656,108
cloud-k3s-master3,1,2026-06-05 16:50:54 UTC,5419684,6876684,702196,8.85,101528,1554908,1234848,15.57,777544,1494664,296
cloud-k3s-master3,1,2026-06-05 16:50:55 UTC,5419684,6876700,702188,8.85,101528,1554916,1234848,15.57,777544,1494680,312
cloud-k3s-master3,1,2026-06-05 16:50:56 UTC,5419432,6876460,702428,8.86,101528,1554928,1236208,15.59,778748,1494692,320
cloud-k3s-master3,1,2026-06-05 16:50:57 UTC,5419180,6876216,702672,8.86,101528,1554936,1237828,15.61,779172,1494700,328
cloud-k3s-master3,1,2026-06-05 16:50:58 UTC,5421072,6878128,700756,8.84,101528,1554956,1234848,15.57,777792,1494720,424
cloud-k3s-master3,1,2026-06-05 16:50:59 UTC,5421072,6878140,700740,8.84,101528,1554968,1234848,15.57,777964,1494732,436
cloud-k3s-master3,1,2026-06-05 16:51:00 UTC,5420820,6877900,700972,8.84,101528,1554980,1234848,15.57,778148,1494744,520
cloud-k3s-master3,1,2026-06-05 16:51:01 UTC,5420820,6877912,700960,8.84,101528,1554992,1234848,15.57,778148,1494756,528
cloud-k3s-master3,1,2026-06-05 16:51:02 UTC,5420316,6877424,701448,8.84,101528,1555004,1234848,15.57,778148,1494768,536
cloud-k3s-master3,1,2026-06-05 16:51:03 UTC,5420316,6877436,701436,8.84,101528,1555016,1234848,15.57,778148,1494780,544
cloud-k3s-master3,1,2026-06-05 16:51:04 UTC,5418552,6875680,703196,8.87,101528,1555024,1236336,15.59,779180,1494788,556
cloud-k3s-master3,1,2026-06-05 16:51:05 UTC,5418552,6875692,703184,8.87,101528,1555036,1236336,15.59,779264,1494800,560
cloud-k3s-master3,1,2026-06-05 16:51:06 UTC,5418552,6875700,703160,8.87,101528,1555052,1237824,15.61,779516,1494808,564
cloud-k3s-master3,1,2026-06-05 16:51:07 UTC,5418552,6876328,702536,8.86,101532,1555672,1237824,15.61,779524,1495436,576
cloud-k3s-master3,1,2026-06-05 16:51:08 UTC,5418328,6876120,702748,8.86,101532,1555684,1237824,15.61,779524,1495452,584
cloud-k3s-master3,1,2026-06-05 16:51:09 UTC,5418328,6876140,702720,8.86,101532,1555704,1237824,15.61,779836,1495472,596
cloud-k3s-master3,1,2026-06-05 16:51:10 UTC,5420632,6878444,700412,8.83,101532,1555712,1234848,15.57,778492,1495472,620
cloud-k3s-master3,1,2026-06-05 16:51:11 UTC,5419904,6877732,701132,8.84,101532,1555720,1234848,15.57,778736,1495488,648
cloud-k3s-master3,1,2026-06-05 16:51:12 UTC,5419904,6877744,701120,8.84,101532,1555732,1234848,15.57,778784,1495500,512
cloud-k3s-master3,1,2026-06-05 16:51:13 UTC,5419904,6877752,701104,8.84,101532,1555748,1234848,15.57,778784,1495508,448
cloud-k3s-master3,1,2026-06-05 16:51:14 UTC,5418396,6876264,702600,8.86,101532,1555760,1234848,15.57,778784,1495528,468
cloud-k3s-master3,1,2026-06-05 16:51:15 UTC,5418144,6876032,702828,8.86,101532,1555780,1234848,15.57,778784,1495548,468
cloud-k3s-master3,1,2026-06-05 16:51:16 UTC,5418144,6876036,702820,8.86,101532,1555792,1234848,15.57,778784,1495552,476
cloud-k3s-master3,1,2026-06-05 16:51:17 UTC,5418144,6876056,702808,8.86,101532,1555804,1234848,15.57,778784,1495572,444
cloud-k3s-master3,1,2026-06-05 16:51:18 UTC,5417644,6875568,703296,8.87,101532,1555816,1234848,15.57,778032,1495584,464
cloud-k3s-master3,1,2026-06-05 16:51:19 UTC,5417644,6875580,703280,8.87,101536,1555828,1234848,15.57,778148,1495596,488
cloud-k3s-master3,1,2026-06-05 16:51:20 UTC,5417644,6875584,703276,8.87,101536,1555832,1234848,15.57,778236,1495600,492
cloud-k3s-master3,1,2026-06-05 16:51:21 UTC,5417644,6875600,703264,8.87,101536,1555844,1234848,15.57,777524,1495616,104
cloud-k3s-master3,1,2026-06-05 16:51:22 UTC,5417644,6875604,703252,8.87,101536,1555856,1234848,15.57,777460,1495620,112
cloud-k3s-master3,1,2026-06-05 16:51:23 UTC,5417644,6875624,703240,8.87,101536,1555868,1234848,15.57,777396,1495640,92
cloud-k3s-master3,1,2026-06-05 16:51:24 UTC,5417644,6875636,703228,8.87,101536,1555880,1234848,15.57,777396,1495652,284
cloud-k3s-master3,1,2026-06-05 16:51:25 UTC,5417644,6875648,703216,8.87,101536,1555892,1234848,15.57,777396,1495664,304
cloud-k3s-master3,1,2026-06-05 16:51:26 UTC,5417644,6875656,703200,8.87,101536,1555904,1234848,15.57,777576,1495668,312
cloud-k3s-master3,1,2026-06-05 16:51:27 UTC,5417644,6875684,703180,8.87,101536,1555924,1234848,15.57,777724,1495696,400
cloud-k3s-master3,1,2026-06-05 16:51:28 UTC,5417644,6875696,703164,8.87,101540,1555936,1234848,15.57,777728,1495708,408
cloud-k3s-master3,1,2026-06-05 16:51:29 UTC,5417644,6875712,703152,8.87,101540,1555948,1234848,15.57,777848,1495724,416
cloud-k3s-master3,1,2026-06-05 16:51:30 UTC,5417644,6875724,703172,8.87,101540,1555960,1234848,15.57,778056,1495736,168
cloud-k3s-master3,1,2026-06-05 16:51:31 UTC,5417644,6875736,703160,8.87,101540,1555972,1234848,15.57,778056,1495748,180
cloud-k3s-master3,1,2026-06-05 16:51:32 UTC,5417644,6875748,703148,8.87,101544,1555980,1234848,15.57,778056,1495760,188
cloud-k3s-master3,1,2026-06-05 16:51:33 UTC,5417644,6875752,703136,8.87,101544,1555992,1234848,15.57,778056,1495764,196
cloud-k3s-master3,1,2026-06-05 16:51:34 UTC,5417644,6875764,703124,8.87,101544,1556004,1234848,15.57,778056,1495776,180
cloud-k3s-master3,1,2026-06-05 16:51:35 UTC,5417644,6875784,703112,8.86,101544,1556016,1234848,15.57,778056,1495796,380
cloud-k3s-master3,1,2026-06-05 16:51:36 UTC,5417644,6875800,703096,8.86,101544,1556032,1234848,15.57,778056,1495812,388
cloud-k3s-master3,1,2026-06-05 16:51:37 UTC,5417644,6875808,703088,8.86,101548,1556036,1234848,15.57,778056,1495820,396
cloud-k3s-master3,1,2026-06-05 16:51:38 UTC,5417644,6875832,703068,8.86,101548,1556060,1234848,15.57,778076,1495844,484
cloud-k3s-master3,1,2026-06-05 16:51:39 UTC,5417644,6875840,703060,8.86,101548,1556068,1234848,15.57,778324,1495852,320
cloud-k3s-master3,1,2026-06-05 16:51:40 UTC,5417644,6875864,703036,8.86,101552,1556088,1234848,15.57,778408,1495876,388
cloud-k3s-master3,1,2026-06-05 16:51:41 UTC,5417644,6875872,703028,8.86,101552,1556096,1234848,15.57,778640,1495884,396
cloud-k3s-master3,1,2026-06-05 16:51:42 UTC,5417644,6875884,703016,8.86,101552,1556108,1234848,15.57,778700,1495896,412
cloud-k3s-master3,1,2026-06-05 16:51:43 UTC,5417644,6875896,703004,8.86,101552,1556120,1234848,15.57,778700,1495908,420
cloud-k3s-master3,1,2026-06-05 16:51:44 UTC,5417392,6875664,703236,8.87,101552,1556140,1234848,15.57,778708,1495928,288
cloud-k3s-master3,1,2026-06-05 16:51:45 UTC,5417392,6875668,703220,8.87,101556,1556152,1234848,15.57,778708,1495932,40
cloud-k3s-master3,1,2026-06-05 16:51:46 UTC,5417392,6875692,703208,8.87,101556,1556164,1234848,15.57,778760,1495956,48
cloud-k3s-master3,1,2026-06-05 16:51:47 UTC,5417392,6875696,703196,8.87,101556,1556176,1234848,15.57,778760,1495960,56
cloud-k3s-master3,1,2026-06-05 16:51:48 UTC,5417392,6875716,703184,8.87,101556,1556188,1234848,15.57,778044,1495980,64
cloud-k3s-master3,1,2026-06-05 16:51:49 UTC,5417392,6875724,703176,8.87,101556,1556196,1234848,15.57,778084,1495988,248
cloud-k3s-master3,1,2026-06-05 16:51:50 UTC,5416888,6875236,703664,8.87,101556,1556208,1234848,15.57,778332,1496000,256
cloud-k3s-master3,1,2026-06-05 16:51:51 UTC,5416888,6875244,703656,8.87,101556,1556216,1234848,15.57,777472,1496008,232
cloud-k3s-master3,1,2026-06-05 16:51:52 UTC,5416888,6875260,703640,8.87,101556,1556232,1234848,15.57,777456,1496024,332
cloud-k3s-master3,1,2026-06-05 16:51:53 UTC,5416888,6875272,703628,8.87,101556,1556244,1234848,15.57,777456,1496036,340
cloud-k3s-master3,1,2026-06-05 16:51:54 UTC,5416888,6875284,703612,8.87,101560,1556256,1234848,15.57,777456,1496048,112
cloud-k3s-master3,1,2026-06-05 16:51:55 UTC,5416888,6875288,703604,8.87,101560,1556264,1234848,15.57,777456,1496052,116
cloud-k3s-master3,1,2026-06-05 16:51:56 UTC,5416888,6875312,703588,8.87,101560,1556280,1234848,15.57,777760,1496076,124
cloud-k3s-master3,1,2026-06-05 16:51:57 UTC,5416888,6875316,703584,8.87,101560,1556284,1234848,15.57,777888,1496080,116
cloud-k3s-master3,1,2026-06-05 16:51:58 UTC,5416384,6874828,704068,8.88,101560,1556300,1234848,15.57,779404,1496096,124
cloud-k3s-master3,1,2026-06-05 16:51:59 UTC,5414368,6872824,706072,8.90,101560,1556312,1234848,15.57,781564,1496108,304
cloud-k3s-master3,1,2026-06-05 16:52:00 UTC,5413864,6872332,706564,8.91,101560,1556324,1234848,15.57,782252,1496120,156
cloud-k3s-master3,1,2026-06-05 16:52:01 UTC,5412604,6871080,707816,8.92,101560,1556332,1234848,15.57,783316,1496128,164
cloud-k3s-master3,1,2026-06-05 16:52:02 UTC,5411596,6870084,708812,8.94,101560,1556344,1234848,15.57,784280,1496140,172
cloud-k3s-master3,1,2026-06-05 16:52:03 UTC,5410336,6868836,710060,8.95,101560,1556356,1234848,15.57,786116,1496152,168
cloud-k3s-master3,1,2026-06-05 16:52:04 UTC,5405548,6864060,714832,9.01,101560,1556368,1234848,15.57,790848,1496164,424
cloud-k3s-master3,1,2026-06-05 16:52:05 UTC,5404288,6862800,716084,9.03,101560,1556376,1234848,15.57,792184,1496164,428
cloud-k3s-master3,1,2026-06-05 16:52:06 UTC,5401516,6860056,718836,9.06,101560,1556396,1234848,15.57,795148,1496192,448
cloud-k3s-master3,1,2026-06-05 16:52:07 UTC,5400508,6859060,719836,9.08,101560,1556408,1234848,15.57,796200,1496204,456
cloud-k3s-master3,1,2026-06-05 16:52:08 UTC,5399752,6858312,720584,9.09,101560,1556416,1234848,15.57,796848,1496212,440
cloud-k3s-master3,1,2026-06-05 16:52:09 UTC,5399752,6858312,720576,9.09,101560,1556424,1234848,15.57,797232,1496212,448
cloud-k3s-master3,1,2026-06-05 16:52:10 UTC,5399752,6858336,720568,9.09,101560,1556440,1234848,15.57,797556,1496236,240
cloud-k3s-master3,1,2026-06-05 16:52:11 UTC,5399500,6858084,720808,9.09,101560,1556448,1234848,15.57,797724,1496236,248
cloud-k3s-master3,1,2026-06-05 16:52:12 UTC,5399500,6858104,720796,9.09,101560,1556460,1234848,15.57,797784,1496256,256
cloud-k3s-master3,1,2026-06-05 16:52:13 UTC,5399500,6858116,720784,9.09,101560,1556472,1234848,15.57,797824,1496268,264
cloud-k3s-master3,1,2026-06-05 16:52:14 UTC,5399248,6857884,721028,9.09,101560,1556492,1234848,15.57,797836,1496288,440
cloud-k3s-master3,1,2026-06-05 16:52:15 UTC,5399248,6857888,721016,9.09,101560,1556504,1234848,15.57,797836,1496292,192
cloud-k3s-master3,1,2026-06-05 16:52:16 UTC,5399248,6857908,721008,9.09,101560,1556516,1234848,15.57,797840,1496312,216
cloud-k3s-master3,1,2026-06-05 16:52:17 UTC,5399248,6857920,720996,9.09,101560,1556528,1234848,15.57,797840,1496324,224
cloud-k3s-master3,1,2026-06-05 16:52:18 UTC,5399248,6857932,720984,9.09,101560,1556540,1234848,15.57,797044,1496336,232
cloud-k3s-master3,1,2026-06-05 16:52:19 UTC,5398996,6857680,721228,9.09,101560,1556548,1234848,15.57,797044,1496336,148
cloud-k3s-master3,1,2026-06-05 16:52:20 UTC,5398996,6857704,721212,9.09,101560,1556564,1234848,15.57,797208,1496360,84
cloud-k3s-master3,1,2026-06-05 16:52:21 UTC,5398996,6857704,721204,9.09,101560,1556572,1234848,15.57,796520,1496360,56
cloud-k3s-master3,1,2026-06-05 16:52:22 UTC,5398996,6857724,721192,9.09,101560,1556584,1234848,15.57,796516,1496380,72
cloud-k3s-master3,1,2026-06-05 16:52:23 UTC,5398996,6857736,721180,9.09,101560,1556596,1234848,15.57,796516,1496392,84
cloud-k3s-master3,1,2026-06-05 16:52:24 UTC,5399180,6857936,720980,9.09,101560,1556608,1234848,15.57,796696,1496404,264
cloud-k3s-master3,1,2026-06-05 16:52:25 UTC,5399180,6857944,720972,9.09,101560,1556616,1234848,15.57,796696,1496412,96
cloud-k3s-master3,1,2026-06-05 16:52:26 UTC,5398704,6857484,721424,9.10,101568,1556632,1234848,15.57,796988,1496428,120
cloud-k3s-master3,1,2026-06-05 16:52:27 UTC,5398704,6857504,721412,9.10,101568,1556644,1234848,15.57,797004,1496448,112
cloud-k3s-master3,1,2026-06-05 16:52:28 UTC,5398704,6857516,721400,9.10,101568,1556656,1234848,15.57,797004,1496460,120
cloud-k3s-master3,1,2026-06-05 16:52:29 UTC,5398704,6857528,721384,9.10,101568,1556668,1234848,15.57,797004,1496472,128
cloud-k3s-master3,1,2026-06-05 16:52:30 UTC,5398704,6857552,721360,9.10,101572,1556688,1234848,15.57,797344,1496496,324
cloud-k3s-master3,1,2026-06-05 16:52:31 UTC,5398704,6857552,721348,9.09,101572,1556696,1234848,15.57,797344,1496496,332
cloud-k3s-master3,1,2026-06-05 16:52:32 UTC,5398704,6857572,721336,9.09,101572,1556708,1234848,15.57,797344,1496516,416
cloud-k3s-master3,1,2026-06-05 16:52:33 UTC,5398704,6857576,721332,9.09,101572,1556712,1234848,15.57,797344,1496520,420
cloud-k3s-master3,1,2026-06-05 16:52:34 UTC,5398704,6857592,721316,9.09,101572,1556728,1234848,15.57,797344,1496536,440
cloud-k3s-master3,1,2026-06-05 16:52:35 UTC,5398452,6857340,721560,9.10,101572,1556736,1234848,15.57,797344,1496536,184
cloud-k3s-master3,1,2026-06-05 16:52:36 UTC,5398452,6857364,721544,9.10,101572,1556752,1234848,15.57,797344,1496560,204
cloud-k3s-master3,1,2026-06-05 16:52:37 UTC,5398452,6857376,721532,9.10,101572,1556764,1234848,15.57,797344,1496572,176
cloud-k3s-master3,1,2026-06-05 16:52:38 UTC,5398452,6857388,721520,9.10,101572,1556776,1234848,15.57,797344,1496584,196
cloud-k3s-master3,1,2026-06-05 16:52:39 UTC,5398452,6857388,721512,9.10,101572,1556784,1234848,15.57,797516,1496584,376
cloud-k3s-master3,1,2026-06-05 16:52:40 UTC,5396688,6855640,723264,9.12,101572,1556796,1237824,15.61,798976,1496600,396
cloud-k3s-master3,1,2026-06-05 16:52:41 UTC,5398304,6857272,721640,9.10,101572,1556804,1234848,15.57,798156,1496612,404
cloud-k3s-master3,1,2026-06-05 16:52:42 UTC,5397720,6856700,722216,9.11,101572,1556816,1234848,15.57,798080,1496624,536
cloud-k3s-master3,1,2026-06-05 16:52:43 UTC,5397468,6856460,722456,9.11,101572,1556828,1234848,15.57,798080,1496636,516
cloud-k3s-master3,1,2026-06-05 16:52:44 UTC,5397468,6856516,722368,9.11,101600,1556856,1234848,15.57,798088,1496692,288
cloud-k3s-master3,1,2026-06-05 16:52:45 UTC,5397468,6856604,722280,9.11,101672,1556872,1234848,15.57,798088,1496780,312
cloud-k3s-master3,1,2026-06-05 16:52:46 UTC,5397468,6856620,722264,9.11,101672,1556888,1234848,15.57,798088,1496796,320
cloud-k3s-master3,1,2026-06-05 16:52:47 UTC,5397468,6856632,722252,9.11,101672,1556900,1234848,15.57,798088,1496808,44
cloud-k3s-master3,1,2026-06-05 16:52:48 UTC,5397468,6856644,722240,9.11,101672,1556912,1234848,15.57,797508,1496820,60
cloud-k3s-master3,1,2026-06-05 16:52:49 UTC,5397468,6856644,722232,9.11,101672,1556920,1234848,15.57,797372,1496820,24
cloud-k3s-master3,1,2026-06-05 16:52:50 UTC,5397216,6856412,722468,9.11,101672,1556932,1234848,15.57,797688,1496840,56
cloud-k3s-master3,1,2026-06-05 16:52:51 UTC,5397216,6856412,722460,9.11,101676,1556936,1234848,15.57,796828,1496840,64
cloud-k3s-master3,1,2026-06-05 16:52:52 UTC,5397216,6856440,722436,9.11,101676,1556956,1234848,15.57,796740,1496868,72
cloud-k3s-master3,1,2026-06-05 16:52:53 UTC,5397216,6856448,722428,9.11,101676,1556964,1234848,15.57,796740,1496876,80
cloud-k3s-master3,1,2026-06-05 16:52:54 UTC,5397216,6856464,722412,9.11,101676,1556980,1234848,15.57,796740,1496892,256
cloud-k3s-master3,1,2026-06-05 16:52:55 UTC,5397216,6856472,722404,9.11,101676,1556988,1234848,15.57,796740,1496900,244
cloud-k3s-master3,1,2026-06-05 16:52:56 UTC,5397216,6856484,722392,9.11,101676,1557000,1234848,15.57,797048,1496912,268
cloud-k3s-master3,1,2026-06-05 16:52:57 UTC,5397216,6856488,722380,9.11,101676,1557012,1234848,15.57,797048,1496916,276
cloud-k3s-master3,1,2026-06-05 16:52:58 UTC,5396716,6856020,722848,9.11,101684,1557032,1234848,15.57,797048,1496948,288
cloud-k3s-master3,1,2026-06-05 16:52:59 UTC,5396716,6856020,722840,9.11,101684,1557040,1234848,15.57,797048,1496948,124
cloud-k3s-master3,1,2026-06-05 16:53:00 UTC,5396716,6856048,722816,9.11,101684,1557056,1234848,15.57,797376,1496976,140
cloud-k3s-master3,1,2026-06-05 16:53:01 UTC,5396716,6856056,722812,9.11,101684,1557064,1234848,15.57,797380,1496984,116
cloud-k3s-master3,1,2026-06-05 16:53:02 UTC,5396716,6856068,722800,9.11,101684,1557076,1234848,15.57,797380,1496996,136
cloud-k3s-master3,1,2026-06-05 16:53:03 UTC,5396716,6856068,722792,9.11,101684,1557084,1234848,15.57,797380,1496996,144
cloud-k3s-master3,1,2026-06-05 16:53:04 UTC,5396716,6856088,722780,9.11,101684,1557096,1234848,15.57,797380,1497016,324
cloud-k3s-master3,1,2026-06-05 16:53:05 UTC,5396716,6856100,722768,9.11,101684,1557108,1234848,15.57,797380,1497028,180
cloud-k3s-master3,1,2026-06-05 16:53:06 UTC,5396716,6856120,722748,9.11,101688,1557120,1234848,15.57,797380,1497044,188
cloud-k3s-master3,1,2026-06-05 16:53:07 UTC,5385820,6845284,733436,9.25,101696,1557216,1277420,16.11,799360,1497080,712
cloud-k3s-master3,1,2026-06-05 16:53:08 UTC,5377252,6836748,741972,9.35,101696,1557248,1291884,16.29,813652,1497112,736
cloud-k3s-master3,1,2026-06-05 16:53:09 UTC,5378512,6838028,740860,9.34,101696,1557200,1234848,15.57,797988,1497132,212
cloud-k3s-master3,1,2026-06-05 16:53:10 UTC,5378260,6837800,741088,9.34,101700,1557216,1234848,15.57,798100,1497152,360
cloud-k3s-master3,1,2026-06-05 16:53:11 UTC,5378260,6837808,741072,9.34,101700,1557224,1234848,15.57,798336,1497160,384
cloud-k3s-master3,1,2026-06-05 16:53:12 UTC,5378260,6837820,741056,9.34,101700,1557236,1234848,15.57,798408,1497172,392
cloud-k3s-master3,1,2026-06-05 16:53:13 UTC,5378260,6837840,741040,9.34,101700,1557256,1234848,15.57,798424,1497192,400
cloud-k3s-master3,1,2026-06-05 16:53:14 UTC,5378008,6837604,741276,9.35,101700,1557272,1234848,15.57,798424,1497208,408
cloud-k3s-master3,1,2026-06-05 16:53:15 UTC,5378008,6837608,741264,9.35,101700,1557284,1234848,15.57,798424,1497212,160
cloud-k3s-master3,1,2026-06-05 16:53:16 UTC,5378008,6837628,741252,9.35,101700,1557296,1234848,15.57,798424,1497232,172
cloud-k3s-master3,1,2026-06-05 16:53:17 UTC,5378008,6837644,741236,9.35,101704,1557308,1234848,15.57,798424,1497248,180
cloud-k3s-master3,1,2026-06-05 16:53:18 UTC,5378008,6837656,741224,9.35,101704,1557320,1234848,15.57,797736,1497260,188
cloud-k3s-master3,1,2026-06-05 16:53:19 UTC,5378008,6837660,741196,9.35,101716,1557332,1234848,15.57,797692,1497264,252
cloud-k3s-master3,1,2026-06-05 16:53:20 UTC,5378008,6837708,741168,9.34,101728,1557348,1234848,15.57,797776,1497312,300
cloud-k3s-master3,1,2026-06-05 16:53:21 UTC,5378008,6837724,741152,9.34,101728,1557364,1234848,15.57,797088,1497328,312
cloud-k3s-master3,1,2026-06-05 16:53:22 UTC,5378008,6837740,741136,9.34,101728,1557380,1234848,15.57,796732,1497344,400
cloud-k3s-master3,1,2026-06-05 16:53:23 UTC,5378008,6837752,741124,9.34,101728,1557392,1234848,15.57,796712,1497356,408
cloud-k3s-master3,1,2026-06-05 16:53:24 UTC,5378008,6837764,741112,9.34,101728,1557404,1234848,15.57,796712,1497368,256
cloud-k3s-master3,1,2026-06-05 16:53:25 UTC,5378008,6837772,741104,9.34,101728,1557412,1234848,15.57,796712,1497376,132
cloud-k3s-master3,1,2026-06-05 16:53:26 UTC,5378008,6837788,741088,9.34,101728,1557424,1234848,15.57,797020,1497388,172
cloud-k3s-master3,1,2026-06-05 16:53:27 UTC,5378008,6837800,741076,9.34,101728,1557436,1234848,15.57,797056,1497400,180
cloud-k3s-master3,1,2026-06-05 16:53:28 UTC,5378008,6837812,741064,9.34,101728,1557448,1234848,15.57,797056,1497412,188
cloud-k3s-master3,1,2026-06-05 16:53:29 UTC,5378008,6837824,741060,9.34,101728,1557460,1234848,15.57,797116,1497424,368
cloud-k3s-master3,1,2026-06-05 16:53:30 UTC,5378008,6837836,741048,9.34,101728,1557472,1234848,15.57,797380,1497436,208
cloud-k3s-master3,1,2026-06-05 16:53:31 UTC,5378008,6837848,741032,9.34,101728,1557484,1234848,15.57,797380,1497448,216
cloud-k3s-master3,1,2026-06-05 16:53:32 UTC,5378008,6837860,741024,9.34,101728,1557496,1234848,15.57,797380,1497460,224
cloud-k3s-master3,1,2026-06-05 16:53:33 UTC,5378008,6837868,741016,9.34,101728,1557504,1234848,15.57,797380,1497468,232
cloud-k3s-master3,1,2026-06-05 16:53:34 UTC,5378008,6837880,741004,9.34,101728,1557516,1236208,15.59,798456,1497480,240
cloud-k3s-master3,1,2026-06-05 16:53:35 UTC,5378008,6837892,740992,9.34,101728,1557528,1238036,15.61,798884,1497492,412
cloud-k3s-master3,1,2026-06-05 16:53:36 UTC,5384560,6844460,734424,9.26,101732,1557540,1234848,15.57,797384,1497508,588
cloud-k3s-master3,1,2026-06-05 16:53:37 UTC,5384560,6844464,734412,9.26,101736,1557548,1234848,15.57,797384,1497512,596
cloud-k3s-master3,1,2026-06-05 16:53:38 UTC,5384560,6844504,734380,9.26,101740,1557576,1234848,15.57,797384,1497552,604
cloud-k3s-master3,1,2026-06-05 16:53:39 UTC,5384336,6844288,734596,9.26,101740,1557584,1234848,15.57,797556,1497560,440
cloud-k3s-master3,1,2026-06-05 16:53:40 UTC,5384336,6844304,734580,9.26,101744,1557596,1234848,15.57,797724,1497576,56
cloud-k3s-master3,1,2026-06-05 16:53:41 UTC,5384084,6844064,734820,9.26,101744,1557608,1234848,15.57,798136,1497588,72
cloud-k3s-master3,1,2026-06-05 16:53:42 UTC,5384084,6844076,734808,9.26,101744,1557620,1234848,15.57,798204,1497600,68
cloud-k3s-master3,1,2026-06-05 16:53:43 UTC,5384084,6844080,734800,9.26,101744,1557632,1234848,15.57,798204,1497604,76
cloud-k3s-master3,1,2026-06-05 16:53:44 UTC,5384084,6844104,734784,9.26,101744,1557648,1234848,15.57,798204,1497628,264
cloud-k3s-master3,1,2026-06-05 16:53:45 UTC,5384084,6844108,734768,9.26,101744,1557660,1234848,15.57,798204,1497632,272
cloud-k3s-master3,1,2026-06-05 16:53:46 UTC,5384084,6844128,734756,9.26,101744,1557672,1234848,15.57,798204,1497652,280
cloud-k3s-master3,1,2026-06-05 16:53:47 UTC,5384084,6844132,734752,9.26,101744,1557676,1234848,15.57,798204,1497656,284
cloud-k3s-master3,1,2026-06-05 16:53:48 UTC,5383584,6843648,735236,9.27,101744,1557692,1234848,15.57,797464,1497672,292
cloud-k3s-master3,1,2026-06-05 16:53:49 UTC,5383584,6843656,735228,9.27,101744,1557700,1234848,15.57,797448,1497680,300
cloud-k3s-master3,1,2026-06-05 16:53:50 UTC,5383332,6843420,735464,9.27,101744,1557716,1234848,15.57,797696,1497696,392
cloud-k3s-master3,1,2026-06-05 16:53:51 UTC,5383332,6843420,735456,9.27,101744,1557724,1234848,15.57,797008,1497696,400
cloud-k3s-master3,1,2026-06-05 16:53:52 UTC,5383332,6843444,735448,9.27,101744,1557740,1234848,15.57,796808,1497720,408
cloud-k3s-master3,1,2026-06-05 16:53:53 UTC,5383332,6843456,735436,9.27,101744,1557752,1234848,15.57,796808,1497732,416
cloud-k3s-master3,1,2026-06-05 16:53:54 UTC,5383332,6843468,735424,9.27,101744,1557764,1234848,15.57,796808,1497744,436
cloud-k3s-master3,1,2026-06-05 16:53:55 UTC,5383332,6843476,735416,9.27,101744,1557772,1234848,15.57,796808,1497752,444
cloud-k3s-master3,1,2026-06-05 16:53:56 UTC,5383332,6843488,735404,9.27,101744,1557784,1234848,15.57,797116,1497764,452
cloud-k3s-master3,1,2026-06-05 16:53:57 UTC,5383332,6843544,735344,9.27,101840,1557744,1234848,15.57,797124,1497820,460
cloud-k3s-master3,1,2026-06-05 16:53:58 UTC,5383332,6843656,735232,9.27,101844,1557848,1234848,15.57,797124,1497928,476
cloud-k3s-master3,1,2026-06-05 16:53:59 UTC,5383080,6843624,735264,9.27,102008,1557904,1234848,15.57,797124,1498148,488
cloud-k3s-master3,1,2026-06-05 16:54:00 UTC,5383080,6843684,735196,9.27,102008,1557964,1234848,15.57,797504,1498208,520
cloud-k3s-master3,1,2026-06-05 16:54:01 UTC,5383080,6843684,735192,9.27,102008,1557972,1234848,15.57,797504,1498208,460
cloud-k3s-master3,1,2026-06-05 16:54:02 UTC,5383080,6843704,735180,9.27,102008,1557984,1234848,15.57,797504,1498228,492
cloud-k3s-master3,1,2026-06-05 16:54:03 UTC,5391144,6851780,727104,9.17,102008,1557996,1234848,15.57,797424,1498240,504
cloud-k3s-master3,1,2026-06-05 16:54:04 UTC,5391144,6851792,727096,9.17,102008,1558008,1234848,15.57,797504,1498252,620
cloud-k3s-master3,1,2026-06-05 16:54:05 UTC,5391144,6851792,727088,9.17,102008,1558016,1234848,15.57,797504,1498252,628
cloud-k3s-master3,1,2026-06-05 16:54:06 UTC,5391144,6851816,727064,9.17,102012,1558028,1234848,15.57,797516,1498276,636
cloud-k3s-master3,1,2026-06-05 16:54:07 UTC,5391144,6851828,727052,9.17,102012,1558040,1234848,15.57,797520,1498288,644
cloud-k3s-master3,1,2026-06-05 16:54:08 UTC,5391144,6851844,727036,9.17,102012,1558056,1234848,15.57,797520,1498304,648
cloud-k3s-master3,1,2026-06-05 16:54:09 UTC,5391144,6851856,727024,9.17,102012,1558068,1234848,15.57,797520,1498316,640
cloud-k3s-master3,1,2026-06-05 16:54:10 UTC,5390892,6851616,727264,9.17,102012,1558080,1234848,15.57,797792,1498328,280
cloud-k3s-master3,1,2026-06-05 16:54:11 UTC,5390892,6851624,727256,9.17,102012,1558088,1234848,15.57,798024,1498336,288
cloud-k3s-master3,1,2026-06-05 16:54:12 UTC,5390892,6851640,727240,9.17,102012,1558100,1234848,15.57,798168,1498348,196
cloud-k3s-master3,1,2026-06-05 16:54:13 UTC,5390892,6851652,727228,9.17,102012,1558112,1234848,15.57,798168,1498360,208
cloud-k3s-master3,1,2026-06-05 16:54:14 UTC,5390892,6851672,727208,9.17,102012,1558132,1234848,15.57,798168,1498380,324
cloud-k3s-master3,1,2026-06-05 16:54:15 UTC,5390892,6851680,727200,9.17,102012,1558140,1234848,15.57,798168,1498388,328
cloud-k3s-master3,1,2026-06-05 16:54:16 UTC,5390892,6851692,727188,9.17,102012,1558152,1234848,15.57,798168,1498400,336
cloud-k3s-master3,1,2026-06-05 16:54:17 UTC,5390892,6851696,727176,9.17,102012,1558164,1234848,15.57,798168,1498404,344
cloud-k3s-master3,1,2026-06-05 16:54:18 UTC,5390892,6851716,727192,9.17,102012,1558176,1234848,15.57,797344,1498424,104
cloud-k3s-master3,1,2026-06-05 16:54:19 UTC,5390892,6851728,727180,9.17,102012,1558188,1234848,15.57,797344,1498436,284
cloud-k3s-master3,1,2026-06-05 16:54:20 UTC,5390892,6851764,727136,9.17,102016,1558216,1234848,15.57,797500,1498468,292
cloud-k3s-master3,1,2026-06-05 16:54:21 UTC,5390892,6851772,727128,9.17,102016,1558224,1234848,15.57,796944,1498476,300
cloud-k3s-master3,1,2026-06-05 16:54:22 UTC,5390892,6851788,727116,9.17,102016,1558240,1234848,15.57,796944,1498492,308
cloud-k3s-master3,1,2026-06-05 16:54:23 UTC,5390892,6851796,727108,9.17,102016,1558248,1234848,15.57,796944,1498500,312
cloud-k3s-master3,1,2026-06-05 16:54:24 UTC,5390892,6851804,727096,9.17,102016,1558256,1234848,15.57,796948,1498508,332
cloud-k3s-master3,1,2026-06-05 16:54:25 UTC,5390892,6851816,727084,9.17,102016,1558268,1234848,15.57,796948,1498520,340
cloud-k3s-master3,1,2026-06-05 16:54:26 UTC,5390892,6851828,727072,9.17,102016,1558280,1234848,15.57,797272,1498532,348
cloud-k3s-master3,1,2026-06-05 16:54:27 UTC,5390892,6851828,727064,9.17,102016,1558288,1234848,15.57,797272,1498532,356
cloud-k3s-master3,1,2026-06-05 16:54:28 UTC,5390892,6851860,727040,9.17,102020,1558308,1234848,15.57,797272,1498564,448
cloud-k3s-master3,1,2026-06-05 16:54:29 UTC,5390892,6851872,727028,9.17,102020,1558320,1234848,15.57,797272,1498576,456
cloud-k3s-master3,1,2026-06-05 16:54:30 UTC,5390892,6851880,727020,9.17,102020,1558328,1234848,15.57,797628,1498584,480
cloud-k3s-master3,1,2026-06-05 16:54:31 UTC,5390892,6851884,727008,9.17,102020,1558340,1234848,15.57,797628,1498588,488
cloud-k3s-master3,1,2026-06-05 16:54:32 UTC,5390892,6851908,726992,9.17,102020,1558356,1234848,15.57,797628,1498612,496
cloud-k3s-master3,1,2026-06-05 16:54:33 UTC,5390892,6851916,726984,9.17,102020,1558364,1234848,15.57,797628,1498620,500
cloud-k3s-master3,1,2026-06-05 16:54:34 UTC,5390892,6851932,726956,9.17,102024,1558376,1234848,15.57,797628,1498636,524
cloud-k3s-master3,1,2026-06-05 16:54:35 UTC,5390892,6851940,726948,9.17,102024,1558384,1234848,15.57,797628,1498644,532
cloud-k3s-master3,1,2026-06-05 16:54:36 UTC,5390892,6851948,726936,9.17,102024,1558392,1234848,15.57,797628,1498652,540
cloud-k3s-master3,1,2026-06-05 16:54:37 UTC,5390892,6851964,726920,9.17,102024,1558408,1234848,15.57,797628,1498668,492
cloud-k3s-master3,1,2026-06-05 16:54:38 UTC,5390404,6851500,727376,9.17,102024,1558424,1234848,15.57,797628,1498684,512
cloud-k3s-master3,1,2026-06-05 16:54:39 UTC,5390404,6851516,727360,9.17,102024,1558436,1234848,15.57,797628,1498696,532
cloud-k3s-master3,1,2026-06-05 16:54:40 UTC,5390404,6851528,727348,9.17,102024,1558448,1234848,15.57,797972,1498708,536
cloud-k3s-master3,1,2026-06-05 16:54:41 UTC,5390404,6851536,727340,9.17,102024,1558456,1234848,15.57,798264,1498716,556
cloud-k3s-master3,1,2026-06-05 16:54:42 UTC,5390404,6851544,727332,9.17,102024,1558464,1234848,15.57,798320,1498724,564
cloud-k3s-master3,1,2026-06-05 16:54:43 UTC,5390404,6851564,727312,9.17,102024,1558484,1234848,15.57,798356,1498744,420
cloud-k3s-master3,1,2026-06-05 16:54:44 UTC,5390404,6851576,727300,9.17,102024,1558496,1234848,15.57,798360,1498756,368
cloud-k3s-master3,1,2026-06-05 16:54:45 UTC,5390404,6851580,727288,9.17,102024,1558508,1234848,15.57,798360,1498760,392
cloud-k3s-master3,1,2026-06-05 16:54:46 UTC,5390404,6851596,727280,9.17,102024,1558516,1234848,15.57,798364,1498776,400
cloud-k3s-master3,1,2026-06-05 16:54:47 UTC,5390404,6851624,727252,9.17,102028,1558540,1234848,15.57,798364,1498804,400
cloud-k3s-master3,1,2026-06-05 16:54:48 UTC,5390404,6851636,727240,9.17,102028,1558552,1234848,15.57,797676,1498816,408
cloud-k3s-master3,1,2026-06-05 16:54:49 UTC,5390404,6851648,727232,9.17,102028,1558564,1234848,15.57,797604,1498828,444
cloud-k3s-master3,1,2026-06-05 16:54:50 UTC,5390152,6851408,727464,9.17,102032,1558576,1234848,15.57,797800,1498840,108
cloud-k3s-master3,1,2026-06-05 16:54:51 UTC,5390152,6851420,727456,9.17,102032,1558584,1234848,15.57,796968,1498852,116
cloud-k3s-master3,1,2026-06-05 16:54:52 UTC,5390152,6851436,727440,9.17,102032,1558600,1234848,15.57,796968,1498868,124
cloud-k3s-master3,1,2026-06-05 16:54:53 UTC,5390152,6851448,727428,9.17,102032,1558612,1234848,15.57,796968,1498880,128
cloud-k3s-master3,1,2026-06-05 16:54:54 UTC,5390152,6851456,727416,9.17,102032,1558620,1234848,15.57,796968,1498888,308
cloud-k3s-master3,1,2026-06-05 16:54:55 UTC,5390152,6851468,727404,9.17,102032,1558632,1234848,15.57,796968,1498900,320
cloud-k3s-master3,1,2026-06-05 16:54:56 UTC,5390152,6851480,727392,9.17,102036,1558640,1234848,15.57,797160,1498912,404
cloud-k3s-master3,1,2026-06-05 16:54:57 UTC,5390152,6851488,727380,9.17,102036,1558652,1234848,15.57,797208,1498920,412
cloud-k3s-master3,1,2026-06-05 16:54:58 UTC,5390152,6851508,727364,9.17,102040,1558664,1234848,15.57,797208,1498940,420
cloud-k3s-master3,1,2026-06-05 16:54:59 UTC,5390152,6851532,727336,9.17,102048,1558684,1234848,15.57,797208,1498964,440
cloud-k3s-master3,1,2026-06-05 16:55:00 UTC,5389928,6851316,727492,9.17,102048,1558688,1234848,15.57,797532,1498972,180
cloud-k3s-master3,1,2026-06-05 16:55:01 UTC,5389676,6851068,727732,9.18,102048,1558700,1234848,15.57,797532,1498976,360
cloud-k3s-master3,1,2026-06-05 16:55:02 UTC,5389676,6851084,727712,9.18,102048,1558716,1234848,15.57,797532,1498992,388
cloud-k3s-master3,1,2026-06-05 16:55:03 UTC,5389676,6851108,727696,9.17,102052,1558728,1234848,15.57,797532,1499016,396
cloud-k3s-master3,1,2026-06-05 16:55:04 UTC,5389676,6851108,727688,9.17,102052,1558736,1234848,15.57,797532,1499016,404
cloud-k3s-master3,1,2026-06-05 16:55:05 UTC,5389676,6851128,727676,9.17,102052,1558748,1234848,15.57,797532,1499036,500
cloud-k3s-master3,1,2026-06-05 16:55:06 UTC,5389676,6851140,727664,9.17,102052,1558760,1234848,15.57,797532,1499048,508
cloud-k3s-master3,1,2026-06-05 16:55:07 UTC,5389676,6851152,727652,9.17,102052,1558772,1234848,15.57,797532,1499060,252
cloud-k3s-master3,1,2026-06-05 16:55:08 UTC,5389676,6851172,727632,9.17,102052,1558788,1234848,15.57,797532,1499076,408
cloud-k3s-master3,1,2026-06-05 16:55:09 UTC,5389676,6851184,727616,9.17,102052,1558808,1234848,15.57,797532,1499088,520
cloud-k3s-master3,1,2026-06-05 16:55:10 UTC,5389676,6851204,727604,9.17,102052,1558820,1234848,15.57,797828,1499108,528
cloud-k3s-master3,1,2026-06-05 16:55:11 UTC,5389424,6850964,727844,9.18,102052,1558832,1234848,15.57,798188,1499120,536
cloud-k3s-master3,1,2026-06-05 16:55:12 UTC,5389424,6850972,727836,9.18,102052,1558840,1234848,15.57,798200,1499128,544
cloud-k3s-master3,1,2026-06-05 16:55:13 UTC,5389424,6850984,727828,9.18,102052,1558852,1234848,15.57,798224,1499140,500
cloud-k3s-master3,1,2026-06-05 16:55:14 UTC,5389172,6850748,728064,9.18,102056,1558864,1234848,15.57,798224,1499156,260
cloud-k3s-master3,1,2026-06-05 16:55:15 UTC,5389172,6850764,728040,9.18,102060,1558884,1234848,15.57,798224,1499172,312
cloud-k3s-master3,1,2026-06-05 16:55:16 UTC,5389172,6850780,728032,9.18,102060,1558892,1234848,15.57,798224,1499188,320
cloud-k3s-master3,1,2026-06-05 16:55:17 UTC,5389172,6850784,728020,9.18,102060,1558904,1234848,15.57,798224,1499192,328
cloud-k3s-master3,1,2026-06-05 16:55:18 UTC,5389172,6850804,728008,9.18,102060,1558916,1234848,15.57,797592,1499212,336
cloud-k3s-master3,1,2026-06-05 16:55:19 UTC,5389172,6850820,727992,9.18,102064,1558928,1234848,15.57,797528,1499228,344
cloud-k3s-master3,1,2026-06-05 16:55:20 UTC,5389172,6850828,727984,9.18,102064,1558936,1234848,15.57,797800,1499236,372
cloud-k3s-master3,1,2026-06-05 16:55:21 UTC,5389172,6850836,727964,9.18,102064,1558952,1234848,15.57,797152,1499244,384
cloud-k3s-master3,1,2026-06-05 16:55:22 UTC,5393820,6855504,723304,9.12,102064,1558964,1234848,15.57,797092,1499264,464
cloud-k3s-master3,1,2026-06-05 16:55:23 UTC,5393316,6855004,723796,9.13,102064,1558976,1234848,15.57,796960,1499268,508
cloud-k3s-master3,1,2026-06-05 16:55:24 UTC,5393316,6855012,723788,9.13,102064,1558984,1234848,15.57,780160,1499276,516
cloud-k3s-master3,1,2026-06-05 16:55:25 UTC,5393316,6855032,723776,9.13,102064,1558996,1234848,15.57,780160,1499296,536
cloud-k3s-master3,1,2026-06-05 16:55:26 UTC,5393064,6854792,724016,9.13,102064,1559008,1234848,15.57,780456,1499308,536
cloud-k3s-master3,1,2026-06-05 16:55:27 UTC,5393064,6854800,724008,9.13,102064,1559016,1234848,15.57,780456,1499316,544
cloud-k3s-master3,1,2026-06-05 16:55:28 UTC,5392592,6854340,724468,9.13,102064,1559028,1234848,15.57,780456,1499328,532
cloud-k3s-master3,1,2026-06-05 16:55:29 UTC,5392592,6854356,724444,9.13,102068,1559048,1234848,15.57,780456,1499344,556
cloud-k3s-master3,1,2026-06-05 16:55:30 UTC,5392592,6854380,724432,9.13,102072,1559060,1234848,15.57,780780,1499368,564
cloud-k3s-master3,1,2026-06-05 16:55:31 UTC,5392592,6854392,724420,9.13,102072,1559072,1234848,15.57,780792,1499380,572
cloud-k3s-master3,1,2026-06-05 16:55:32 UTC,5392592,6854400,724412,9.13,102076,1559076,1234848,15.57,780792,1499388,580
cloud-k3s-master3,1,2026-06-05 16:55:33 UTC,5392340,6854164,724648,9.14,102076,1559092,1234848,15.57,780792,1499404,588
cloud-k3s-master3,1,2026-06-05 16:55:34 UTC,5392340,6854176,724632,9.14,102080,1559104,1234848,15.57,780796,1499416,616
cloud-k3s-master3,1,2026-06-05 16:55:35 UTC,5392340,6854188,724624,9.14,102080,1559112,1234848,15.57,780800,1499428,624
cloud-k3s-master3,1,2026-06-05 16:55:36 UTC,5392340,6854200,724612,9.14,102080,1559120,1234848,15.57,780800,1499436,628
cloud-k3s-master3,1,2026-06-05 16:55:37 UTC,5392340,6854212,724600,9.14,102080,1559132,1234848,15.57,780800,1499448,636
cloud-k3s-master3,1,2026-06-05 16:55:38 UTC,5392340,6854228,724552,9.14,102080,1559148,1234848,15.57,780800,1499464,240
cloud-k3s-master3,1,2026-06-05 16:55:39 UTC,5392340,6854232,724540,9.14,102080,1559160,1234848,15.57,780800,1499468,436
cloud-k3s-master3,1,2026-06-05 16:55:40 UTC,5392088,6854004,724776,9.14,102080,1559176,1234848,15.57,781144,1499492,440
cloud-k3s-master3,1,2026-06-05 16:55:41 UTC,5392088,6854012,724760,9.14,102080,1559184,1234848,15.57,781388,1499500,448
cloud-k3s-master3,1,2026-06-05 16:55:42 UTC,5392088,6854024,724744,9.14,102080,1559196,1234848,15.57,781464,1499512,456
cloud-k3s-master3,1,2026-06-05 16:55:43 UTC,5392088,6854032,724728,9.14,102084,1559208,1234848,15.57,781464,1499520,464
cloud-k3s-master3,1,2026-06-05 16:55:44 UTC,5392088,6854056,724708,9.14,102084,1559224,1234848,15.57,781464,1499544,424
cloud-k3s-master3,1,2026-06-05 16:55:45 UTC,5394128,6856108,722656,9.11,102084,1559236,1234848,15.57,785176,1499556,276
cloud-k3s-master3,1,2026-06-05 16:55:46 UTC,5394128,6856120,722644,9.11,102084,1559248,1234848,15.57,785176,1499568,312
cloud-k3s-master3,1,2026-06-05 16:55:47 UTC,5390096,6852088,726672,9.16,102084,1559256,1234848,15.57,785216,1499568,324
cloud-k3s-master3,1,2026-06-05 16:55:48 UTC,5390096,6852112,726652,9.16,102084,1559272,1234848,15.57,784612,1499592,332
cloud-k3s-master3,1,2026-06-05 16:55:49 UTC,5390096,6852120,726640,9.16,102084,1559280,1234848,15.57,784488,1499600,352
cloud-k3s-master3,1,2026-06-05 16:55:50 UTC,5390096,6852132,726628,9.16,102084,1559292,1235704,15.58,784892,1499612,340
cloud-k3s-master3,1,2026-06-05 16:55:51 UTC,5389624,6851664,727088,9.17,102084,1559304,1234848,15.57,784032,1499616,348
cloud-k3s-master3,1,2026-06-05 16:55:52 UTC,5389624,6851688,727072,9.17,102088,1559316,1234848,15.57,783864,1499640,356
cloud-k3s-master3,1,2026-06-05 16:55:53 UTC,5389624,6851704,727056,9.17,102088,1559328,1234848,15.57,783864,1499652,364
cloud-k3s-master3,1,2026-06-05 16:55:54 UTC,5389624,6851720,727036,9.17,102092,1559344,1234848,15.57,783868,1499668,376
cloud-k3s-master3,1,2026-06-05 16:55:55 UTC,5389624,6851728,727028,9.17,102092,1559352,1234848,15.57,783868,1499676,376
cloud-k3s-master3,1,2026-06-05 16:55:56 UTC,5389624,6851748,727020,9.17,102096,1559364,1234848,15.57,784132,1499696,404
cloud-k3s-master3,1,2026-06-05 16:55:57 UTC,5389624,6851756,727008,9.17,102096,1559372,1234848,15.57,784148,1499704,412
cloud-k3s-master3,1,2026-06-05 16:55:58 UTC,5389624,6851764,727000,9.17,102096,1559380,1234848,15.57,784148,1499712,420
cloud-k3s-master3,1,2026-06-05 16:55:59 UTC,5389624,6851772,726984,9.17,102096,1559396,1234848,15.57,784148,1499720,448
cloud-k3s-master3,1,2026-06-05 16:56:00 UTC,5389624,6851796,726968,9.17,102096,1559412,1234848,15.57,784464,1499744,456
cloud-k3s-master3,1,2026-06-05 16:56:01 UTC,5389624,6851808,726956,9.17,102096,1559424,1234848,15.57,784476,1499756,464
cloud-k3s-master3,1,2026-06-05 16:56:02 UTC,5389372,6851556,727196,9.17,102100,1559432,1234848,15.57,784476,1499756,460
cloud-k3s-master3,1,2026-06-05 16:56:03 UTC,5389372,6851580,727180,9.17,102100,1559444,1234848,15.57,784476,1499780,468
cloud-k3s-master3,1,2026-06-05 16:56:04 UTC,5389372,6851580,727172,9.17,102100,1559452,1234848,15.57,784476,1499780,476
cloud-k3s-master3,1,2026-06-05 16:56:05 UTC,5389372,6851596,727160,9.17,102100,1559468,1234848,15.57,784476,1499796,512
cloud-k3s-master3,1,2026-06-05 16:56:06 UTC,5389372,6851596,727152,9.17,102100,1559476,1234848,15.57,784476,1499796,520
cloud-k3s-master3,1,2026-06-05 16:56:07 UTC,5389372,6851628,727140,9.17,102100,1559492,1234848,15.57,784476,1499828,528
cloud-k3s-master3,1,2026-06-05 16:56:08 UTC,5389372,6851636,727132,9.17,102100,1559500,1234848,15.57,784476,1499836,512
cloud-k3s-master3,1,2026-06-05 16:56:09 UTC,5389372,6851648,727120,9.17,102100,1559512,1236208,15.59,785544,1499848,540
cloud-k3s-master3,1,2026-06-05 16:56:10 UTC,5389120,6851404,727364,9.17,102108,1559512,1237824,15.61,786176,1499856,376
cloud-k3s-master3,1,2026-06-05 16:56:11 UTC,5395268,6857580,721252,9.09,102108,1559540,1234848,15.57,785116,1499884,412
cloud-k3s-master3,1,2026-06-05 16:56:12 UTC,5395268,6857588,721240,9.09,102108,1559548,1234848,15.57,785116,1499892,420
cloud-k3s-master3,1,2026-06-05 16:56:13 UTC,5395268,6857596,721228,9.09,102108,1559556,1234848,15.57,785116,1499900,424
cloud-k3s-master3,1,2026-06-05 16:56:14 UTC,5395016,6857352,721472,9.10,102112,1559560,1234848,15.57,785116,1499908,572
cloud-k3s-master3,1,2026-06-05 16:56:15 UTC,5394764,6857120,721692,9.10,102112,1559588,1234848,15.57,785116,1499928,596
cloud-k3s-master3,1,2026-06-05 16:56:16 UTC,5394764,6857140,721712,9.10,102116,1559596,1234848,15.57,785116,1499948,100
cloud-k3s-master3,1,2026-06-05 16:56:17 UTC,5394764,6857152,721700,9.10,102116,1559608,1234848,15.57,785116,1499960,40
cloud-k3s-master3,1,2026-06-05 16:56:18 UTC,5394264,6856664,722188,9.11,102116,1559620,1234848,15.57,784428,1499972,48
cloud-k3s-master3,1,2026-06-05 16:56:19 UTC,5394264,6856676,722176,9.11,102116,1559632,1234848,15.57,784384,1499984,180
cloud-k3s-master3,1,2026-06-05 16:56:20 UTC,5394264,6856676,722172,9.11,102124,1559632,1234848,15.57,784564,1499984,296
cloud-k3s-master3,1,2026-06-05 16:56:21 UTC,5394264,6856708,722140,9.10,102132,1559656,1234848,15.57,783848,1500016,328
cloud-k3s-master3,1,2026-06-05 16:56:22 UTC,5394264,6856728,722128,9.10,102136,1559664,1234848,15.57,783848,1500036,336
cloud-k3s-master3,1,2026-06-05 16:56:23 UTC,5394264,6856744,722112,9.10,102136,1559680,1234848,15.57,783848,1500052,344
cloud-k3s-master3,1,2026-06-05 16:56:24 UTC,5394264,6856744,722104,9.10,102140,1559684,1234848,15.57,783848,1500052,352
cloud-k3s-master3,1,2026-06-05 16:56:25 UTC,5394264,6856784,722084,9.10,102148,1559704,1234848,15.57,783848,1500088,100
cloud-k3s-master3,1,2026-06-05 16:56:26 UTC,5394264,6856792,722076,9.10,102152,1559708,1234848,15.57,784020,1500096,84
cloud-k3s-master3,1,2026-06-05 16:56:27 UTC,5394264,6856808,722052,9.10,102152,1559728,1234848,15.57,784424,1500112,264
cloud-k3s-master3,1,2026-06-05 16:56:28 UTC,5394264,6856816,722044,9.10,102156,1559732,1234848,15.57,784424,1500120,272
cloud-k3s-master3,1,2026-06-05 16:56:29 UTC,5394264,6856828,722024,9.10,102156,1559752,1234848,15.57,784424,1500132,388
cloud-k3s-master3,1,2026-06-05 16:56:30 UTC,5394264,6856848,722016,9.10,102160,1559756,1234848,15.57,784704,1500152,396
cloud-k3s-master3,1,2026-06-05 16:56:31 UTC,5394264,6856876,721952,9.10,102164,1559780,1234848,15.57,784800,1500180,148
cloud-k3s-master3,1,2026-06-05 16:56:32 UTC,5394264,6856884,721944,9.10,102164,1559788,1234848,15.57,784800,1500188,132
cloud-k3s-master3,1,2026-06-05 16:56:33 UTC,5394264,6856896,721928,9.10,102164,1559808,1234848,15.57,784800,1500200,176
cloud-k3s-master3,1,2026-06-05 16:56:34 UTC,5394264,6856896,721920,9.10,102164,1559816,1234848,15.57,784800,1500200,356
cloud-k3s-master3,1,2026-06-05 16:56:35 UTC,5394264,6856924,721908,9.10,102164,1559828,1234848,15.57,784804,1500228,372
cloud-k3s-master3,1,2026-06-05 16:56:36 UTC,5394264,6856924,721896,9.10,102164,1559836,1234848,15.57,784804,1500228,384
cloud-k3s-master3,1,2026-06-05 16:56:37 UTC,5394264,6856952,721876,9.10,102164,1559856,1234848,15.57,784804,1500256,388
cloud-k3s-master3,1,2026-06-05 16:56:38 UTC,5394264,6856960,721868,9.10,102164,1559864,1234848,15.57,782740,1500264,356
cloud-k3s-master3,1,2026-06-05 16:56:39 UTC,5394264,6856972,721856,9.10,102164,1559876,1234848,15.57,782720,1500276,204
cloud-k3s-master3,1,2026-06-05 16:56:40 UTC,5394264,6856972,721848,9.10,102164,1559884,1234848,15.57,782960,1500276,212
cloud-k3s-master3,1,2026-06-05 16:56:41 UTC,5394264,6856996,721836,9.10,102164,1559900,1234848,15.57,783404,1500300,376
cloud-k3s-master3,1,2026-06-05 16:56:42 UTC,5394040,6856788,722040,9.10,102168,1559912,1234848,15.57,783404,1500312,384
cloud-k3s-master3,1,2026-06-05 16:56:43 UTC,5394040,6856804,722028,9.10,102168,1559924,1234848,15.57,783404,1500328,392
cloud-k3s-master3,1,2026-06-05 16:56:44 UTC,5393788,6856560,722272,9.11,102172,1559928,1234848,15.57,783404,1500336,372
cloud-k3s-master3,1,2026-06-05 16:56:45 UTC,5393788,6856580,722248,9.11,102172,1559948,1234848,15.57,783404,1500356,504
cloud-k3s-master3,1,2026-06-05 16:56:46 UTC,5396156,6858948,719872,9.08,102172,1559956,1234848,15.57,783404,1500356,512
cloud-k3s-master3,1,2026-06-05 16:56:47 UTC,5396308,6859120,719708,9.07,102172,1559968,1234848,15.57,783276,1500376,360
cloud-k3s-master3,1,2026-06-05 16:56:48 UTC,5396056,6858868,719952,9.08,102172,1559976,1234848,15.57,782588,1500376,372
cloud-k3s-master3,1,2026-06-05 16:56:49 UTC,5395580,6858408,720400,9.08,102176,1559988,1234848,15.57,782524,1500392,420
cloud-k3s-master3,1,2026-06-05 16:56:50 UTC,5395580,6858424,720388,9.08,102176,1559996,1234848,15.57,782748,1500408,376
cloud-k3s-master3,1,2026-06-05 16:56:51 UTC,5394576,6857436,721376,9.10,102176,1560012,1234848,15.57,781908,1500424,396
cloud-k3s-master3,1,2026-06-05 16:56:52 UTC,5394576,6857448,721364,9.10,102176,1560024,1234848,15.57,781912,1500436,388
cloud-k3s-master3,1,2026-06-05 16:56:53 UTC,5394576,6857460,721368,9.10,102176,1560036,1234848,15.57,781912,1500448,396
cloud-k3s-master3,1,2026-06-05 16:56:54 UTC,5394576,6857460,721360,9.10,102176,1560044,1234848,15.57,782512,1500448,404
cloud-k3s-master3,1,2026-06-05 16:56:55 UTC,5394576,6857488,721340,9.09,102180,1560060,1234848,15.57,782552,1500476,440
cloud-k3s-master3,1,2026-06-05 16:56:56 UTC,5394576,6857488,721332,9.09,102180,1560068,1234848,15.57,782776,1500476,424
cloud-k3s-master3,1,2026-06-05 16:56:57 UTC,5394576,6857508,721324,9.09,102180,1560080,1234848,15.57,782868,1500496,456
cloud-k3s-master3,1,2026-06-05 16:56:58 UTC,5394576,6857508,721316,9.09,102180,1560088,1234848,15.57,782868,1500496,464
cloud-k3s-master3,1,2026-06-05 16:56:59 UTC,5394576,6857536,721296,9.09,102184,1560104,1234848,15.57,782868,1500524,480
cloud-k3s-master3,1,2026-06-05 16:57:00 UTC,5394576,6857544,721280,9.09,102184,1560112,1234848,15.57,783100,1500532,488
cloud-k3s-master3,1,2026-06-05 16:57:01 UTC,5394576,6857552,721264,9.09,102184,1560128,1234848,15.57,783200,1500540,496
cloud-k3s-master3,1,2026-06-05 16:57:02 UTC,5394576,6857572,721248,9.09,102188,1560140,1234848,15.57,783200,1500560,480
cloud-k3s-master3,1,2026-06-05 16:57:03 UTC,5394576,6857588,721236,9.09,102188,1560152,1234848,15.57,783200,1500576,500
cloud-k3s-master3,1,2026-06-05 16:57:04 UTC,5394576,6857588,721228,9.09,102188,1560160,1234848,15.57,783200,1500576,512
cloud-k3s-master3,1,2026-06-05 16:57:05 UTC,5394576,6857612,721212,9.09,102188,1560172,1234848,15.57,783200,1500596,548
cloud-k3s-master3,1,2026-06-05 16:57:06 UTC,5394576,6857620,721204,9.09,102188,1560180,1234848,15.57,783200,1500604,556
cloud-k3s-master3,1,2026-06-05 16:57:07 UTC,5394324,6857388,721436,9.10,102192,1560196,1234848,15.57,783200,1500624,564
cloud-k3s-master3,1,2026-06-05 16:57:08 UTC,5394072,6857148,721676,9.10,102192,1560208,1234848,15.57,783200,1500636,548
cloud-k3s-master3,1,2026-06-05 16:57:09 UTC,5394072,6857152,721664,9.10,102192,1560220,1234848,15.57,783200,1500640,584
cloud-k3s-master3,1,2026-06-05 16:57:10 UTC,5394072,6857168,721656,9.10,102192,1560228,1234848,15.57,783500,1500656,244
cloud-k3s-master3,1,2026-06-05 16:57:11 UTC,5394072,6857184,721672,9.10,102192,1560244,1234848,15.57,783932,1500672,364
cloud-k3s-master3,1,2026-06-05 16:57:12 UTC,5394072,6857184,721664,9.10,102192,1560252,1234848,15.57,783960,1500672,372
cloud-k3s-master3,1,2026-06-05 16:57:13 UTC,5393820,6856960,721896,9.10,102196,1560268,1234848,15.57,783960,1500700,380
cloud-k3s-master3,1,2026-06-05 16:57:14 UTC,5393820,6856960,721884,9.10,102196,1560280,1234848,15.57,783960,1500700,380
cloud-k3s-master3,1,2026-06-05 16:57:15 UTC,5393820,6856988,721868,9.10,102196,1560296,1234848,15.57,783964,1500728,492
cloud-k3s-master3,1,2026-06-05 16:57:16 UTC,5393820,6856988,721860,9.10,102196,1560304,1234848,15.57,783964,1500728,504
cloud-k3s-master3,1,2026-06-05 16:57:17 UTC,5393820,6857012,721840,9.10,102196,1560320,1234848,15.57,783964,1500752,512
cloud-k3s-master3,1,2026-06-05 16:57:18 UTC,5393820,6857012,721828,9.10,102196,1560328,1234848,15.57,783244,1500752,348
cloud-k3s-master3,1,2026-06-05 16:57:19 UTC,5393820,6857032,721816,9.10,102196,1560340,1234848,15.57,783244,1500772,300
cloud-k3s-master3,1,2026-06-05 16:57:20 UTC,5393568,6856788,722024,9.10,102196,1560348,1234848,15.57,783348,1500780,32
cloud-k3s-master3,1,2026-06-05 16:57:21 UTC,5393568,6856800,722012,9.10,102196,1560360,1234848,15.57,782664,1500792,60
cloud-k3s-master3,1,2026-06-05 16:57:22 UTC,5393568,6856816,721992,9.10,102196,1560376,1234848,15.57,782640,1500808,68
cloud-k3s-master3,1,2026-06-05 16:57:23 UTC,5393568,6856832,721976,9.10,102196,1560392,1234848,15.57,782640,1500824,224
cloud-k3s-master3,1,2026-06-05 16:57:24 UTC,5393568,6856836,721964,9.10,102196,1560404,1234848,15.57,782640,1500828,180
cloud-k3s-master3,1,2026-06-05 16:57:25 UTC,5393568,6856856,721960,9.10,102196,1560416,1234848,15.57,782640,1500848,308
cloud-k3s-master3,1,2026-06-05 16:57:26 UTC,5393568,6856860,721956,9.10,102196,1560420,1234848,15.57,782928,1500852,268
cloud-k3s-master3,1,2026-06-05 16:57:27 UTC,5393568,6856872,721944,9.10,102196,1560432,1234848,15.57,782960,1500864,288
cloud-k3s-master3,1,2026-06-05 16:57:28 UTC,5393568,6856872,721936,9.10,102196,1560440,1234848,15.57,782960,1500864,296
cloud-k3s-master3,1,2026-06-05 16:57:29 UTC,5393568,6856900,721880,9.10,102204,1560456,1234848,15.57,782960,1500892,236
cloud-k3s-master3,1,2026-06-05 16:57:30 UTC,5393568,6856916,721868,9.10,102204,1560468,1234848,15.57,783200,1500908,192
cloud-k3s-master3,1,2026-06-05 16:57:31 UTC,5393568,6856932,721848,9.10,102212,1560480,1234848,15.57,783284,1500924,220
cloud-k3s-master3,1,2026-06-05 16:57:32 UTC,5393568,6856948,721836,9.10,102212,1560492,1234848,15.57,783284,1500940,188
cloud-k3s-master3,1,2026-06-05 16:57:33 UTC,5393568,6856960,721824,9.10,102216,1560500,1234848,15.57,783284,1500952,208
cloud-k3s-master3,1,2026-06-05 16:57:34 UTC,5393568,6856968,721800,9.10,102216,1560516,1234848,15.57,783284,1500960,40
cloud-k3s-master3,1,2026-06-05 16:57:35 UTC,5393568,6856988,721792,9.10,102216,1560528,1234848,15.57,783284,1500980,72
cloud-k3s-master3,1,2026-06-05 16:57:36 UTC,5393568,6856992,721780,9.10,102216,1560536,1234848,15.57,783284,1500980,28
cloud-k3s-master3,1,2026-06-05 16:57:37 UTC,5393568,6857016,721760,9.10,102220,1560552,1234848,15.57,783284,1501004,52
cloud-k3s-master3,1,2026-06-05 16:57:38 UTC,5393568,6857028,721752,9.10,102220,1560560,1234848,15.57,783284,1501016,44
cloud-k3s-master3,1,2026-06-05 16:57:39 UTC,5393568,6857040,721740,9.10,102220,1560572,1234848,15.57,783284,1501028,296
cloud-k3s-master3,1,2026-06-05 16:57:40 UTC,5393568,6857048,721732,9.10,102220,1560580,1234848,15.57,783576,1501036,60
cloud-k3s-master3,1,2026-06-05 16:57:41 UTC,5393568,6857060,721712,9.10,102224,1560596,1234848,15.57,783852,1501048,68
cloud-k3s-master3,1,2026-06-05 16:57:42 UTC,5393568,6857080,721692,9.10,102224,1560608,1234848,15.57,783932,1501068,36
cloud-k3s-master3,1,2026-06-05 16:57:43 UTC,5393568,6857096,721668,9.10,102224,1560620,1234848,15.57,783968,1501080,12
cloud-k3s-master3,1,2026-06-05 16:57:44 UTC,5393568,6857112,721652,9.10,102228,1560632,1234848,15.57,783968,1501096,212
cloud-k3s-master3,1,2026-06-05 16:57:45 UTC,5393568,6857124,721636,9.10,102228,1560644,1234848,15.57,783968,1501108,228
cloud-k3s-master3,1,2026-06-05 16:57:46 UTC,5393568,6857136,721628,9.10,102228,1560656,1234848,15.57,783968,1501120,236
cloud-k3s-master3,1,2026-06-05 16:57:47 UTC,5393568,6857148,721616,9.10,102228,1560668,1234848,15.57,783968,1501132,244
cloud-k3s-master3,1,2026-06-05 16:57:48 UTC,5401380,6864972,713804,9.00,102228,1560680,1234848,15.57,783288,1501144,352
cloud-k3s-master3,1,2026-06-05 16:57:49 UTC,5401380,6864976,713792,9.00,102228,1560692,1234848,15.57,783260,1501148,384
cloud-k3s-master3,1,2026-06-05 16:57:50 UTC,5401380,6865000,713744,9.00,102228,1560708,1234848,15.57,783300,1501172,128
cloud-k3s-master3,1,2026-06-05 16:57:51 UTC,5401128,6864760,713984,9.00,102228,1560720,1234848,15.57,782672,1501184,136
cloud-k3s-master3,1,2026-06-05 16:57:52 UTC,5400904,6864552,714184,9.00,102228,1560736,1234848,15.57,782520,1501200,144
cloud-k3s-master3,1,2026-06-05 16:57:53 UTC,5400904,6864568,714164,9.00,102228,1560752,1234848,15.57,769028,1501216,156
cloud-k3s-master3,1,2026-06-05 16:57:54 UTC,5400904,6864576,714160,9.00,102228,1560760,1234848,15.57,769028,1501224,384
cloud-k3s-master3,1,2026-06-05 16:57:55 UTC,5400904,6864580,714148,9.00,102228,1560772,1234848,15.57,769028,1501228,272
cloud-k3s-master3,1,2026-06-05 16:57:56 UTC,5400904,6864600,714136,9.00,102228,1560784,1234848,15.57,770008,1501248,280
cloud-k3s-master3,1,2026-06-05 16:57:57 UTC,5400904,6864604,714124,9.00,102232,1560792,1234848,15.57,770008,1501252,300
cloud-k3s-master3,1,2026-06-05 16:57:58 UTC,5400656,6864376,714360,9.01,102232,1560804,1234848,15.57,770024,1501272,308
cloud-k3s-master3,1,2026-06-05 16:57:59 UTC,5400656,6864388,714340,9.01,102232,1560816,1234848,15.57,770024,1501284,424
cloud-k3s-master3,1,2026-06-05 16:58:00 UTC,5400656,6864400,714320,9.01,102232,1560828,1234848,15.57,771452,1501296,408
cloud-k3s-master3,1,2026-06-05 16:58:01 UTC,5400656,6864416,714300,9.01,102232,1560844,1234848,15.57,771500,1501312,436
cloud-k3s-master3,1,2026-06-05 16:58:02 UTC,5400656,6864428,714292,9.01,102232,1560856,1234848,15.57,771500,1501324,444
cloud-k3s-master3,1,2026-06-05 16:58:03 UTC,5408332,6872112,706608,8.91,102232,1560864,1234848,15.57,771676,1501332,520
cloud-k3s-master3,1,2026-06-05 16:58:04 UTC,5407580,6871368,707348,8.92,102236,1560868,1234848,15.57,772100,1501340,552
cloud-k3s-master3,1,2026-06-05 16:58:05 UTC,5407580,6871380,707332,8.92,102236,1560884,1234848,15.57,772100,1501352,576
cloud-k3s-master3,1,2026-06-05 16:58:06 UTC,5407580,6871388,707320,8.92,102240,1560892,1234848,15.57,772148,1501360,568
cloud-k3s-master3,1,2026-06-05 16:58:07 UTC,5407580,6871420,707300,8.92,102244,1560912,1234848,15.57,772148,1501392,580
cloud-k3s-master3,1,2026-06-05 16:58:08 UTC,5407580,6871432,707288,8.92,102244,1560924,1234848,15.57,772148,1501404,604
cloud-k3s-master3,1,2026-06-05 16:58:09 UTC,5407580,6871444,707276,8.92,102244,1560936,1234848,15.57,772148,1501416,272
cloud-k3s-master3,1,2026-06-05 16:58:10 UTC,5407580,6871452,707268,8.92,102244,1560944,1234848,15.57,772500,1501424,440
cloud-k3s-master3,1,2026-06-05 16:58:11 UTC,5407580,6871464,707264,8.92,102244,1560956,1234848,15.57,772768,1501436,448
cloud-k3s-master3,1,2026-06-05 16:58:12 UTC,5407580,6871476,707252,8.92,102244,1560968,1234848,15.57,772796,1501448,440
cloud-k3s-master3,1,2026-06-05 16:58:13 UTC,5407580,6871496,707232,8.92,102244,1560988,1234848,15.57,772796,1501468,276
cloud-k3s-master3,1,2026-06-05 16:58:14 UTC,5407580,6871508,707220,8.92,102244,1561000,1234848,15.57,772796,1501480,232
cloud-k3s-master3,1,2026-06-05 16:58:15 UTC,5407580,6871524,707228,8.92,102244,1561024,1234848,15.57,772796,1501496,68
cloud-k3s-master3,1,2026-06-05 16:58:16 UTC,5407580,6871540,707220,8.92,102244,1561032,1234848,15.57,772800,1501512,76
cloud-k3s-master3,1,2026-06-05 16:58:17 UTC,5407580,6871552,707208,8.92,102244,1561044,1234848,15.57,772800,1501524,44
cloud-k3s-master3,1,2026-06-05 16:58:18 UTC,5407580,6871564,707196,8.92,102244,1561056,1234848,15.57,772056,1501536,64
cloud-k3s-master3,1,2026-06-05 16:58:19 UTC,5407580,6871576,707184,8.92,102244,1561068,1234848,15.57,772060,1501548,240
cloud-k3s-master3,1,2026-06-05 16:58:20 UTC,5407580,6871576,707176,8.92,102244,1561076,1234848,15.57,772120,1501548,256
cloud-k3s-master3,1,2026-06-05 16:58:21 UTC,5404560,6868584,710048,8.95,102244,1561136,1276908,16.10,772316,1501572,444
cloud-k3s-master3,1,2026-06-05 16:58:22 UTC,5393248,6857312,721292,9.09,102244,1561200,1296236,16.34,788948,1501612,596
cloud-k3s-master3,1,2026-06-05 16:58:23 UTC,5396284,6860380,718324,9.06,102248,1561148,1234848,15.57,771832,1501632,184
cloud-k3s-master3,1,2026-06-05 16:58:24 UTC,5396284,6860400,718292,9.06,102252,1561164,1234848,15.57,771832,1501652,428
cloud-k3s-master3,1,2026-06-05 16:58:25 UTC,5396284,6860404,718280,9.06,102256,1561176,1234848,15.57,771840,1501656,452
cloud-k3s-master3,1,2026-06-05 16:58:26 UTC,5396284,6860424,718272,9.06,102256,1561184,1234848,15.57,772072,1501676,460
cloud-k3s-master3,1,2026-06-05 16:58:27 UTC,5396284,6860440,718260,9.06,102256,1561200,1234848,15.57,772104,1501692,468
cloud-k3s-master3,1,2026-06-05 16:58:28 UTC,5396284,6860440,718252,9.06,102256,1561208,1234848,15.57,772104,1501692,152
cloud-k3s-master3,1,2026-06-05 16:58:29 UTC,5396284,6860460,718236,9.06,102256,1561220,1234848,15.57,772104,1501712,340
cloud-k3s-master3,1,2026-06-05 16:58:30 UTC,5396284,6860472,718224,9.06,102256,1561232,1234848,15.57,772396,1501724,352
cloud-k3s-master3,1,2026-06-05 16:58:31 UTC,5396284,6860484,718212,9.06,102256,1561244,1234848,15.57,772452,1501736,360
cloud-k3s-master3,1,2026-06-05 16:58:32 UTC,5396284,6860488,718200,9.06,102256,1561256,1234848,15.57,772452,1501740,368
cloud-k3s-master3,1,2026-06-05 16:58:33 UTC,5396284,6860508,718184,9.06,102260,1561268,1234848,15.57,772452,1501760,376
cloud-k3s-master3,1,2026-06-05 16:58:34 UTC,5396284,6860524,718172,9.05,102260,1561280,1234848,15.57,772452,1501776,308
cloud-k3s-master3,1,2026-06-05 16:58:35 UTC,5396284,6860548,718148,9.05,102264,1561300,1234848,15.57,772452,1501800,52
cloud-k3s-master3,1,2026-06-05 16:58:36 UTC,5396284,6860548,718140,9.05,102264,1561308,1234848,15.57,772452,1501800,60
cloud-k3s-master3,1,2026-06-05 16:58:37 UTC,5396284,6860572,718124,9.05,102264,1561324,1234848,15.57,772452,1501824,68
cloud-k3s-master3,1,2026-06-05 16:58:38 UTC,5396284,6860580,718120,9.05,102264,1561332,1234848,15.57,772452,1501832,76
cloud-k3s-master3,1,2026-06-05 16:58:39 UTC,5396284,6860592,718136,9.05,102268,1561340,1234848,15.57,772452,1501844,48
cloud-k3s-master3,1,2026-06-05 16:58:40 UTC,5396284,6860604,718124,9.05,102268,1561352,1234848,15.57,772620,1501856,240
cloud-k3s-master3,1,2026-06-05 16:58:41 UTC,5396284,6860612,718116,9.05,102268,1561360,1234848,15.57,772440,1501864,320
cloud-k3s-master3,1,2026-06-05 16:58:42 UTC,5396284,6860624,718104,9.05,102268,1561372,1234848,15.57,772452,1501876,336
cloud-k3s-master3,1,2026-06-05 16:58:43 UTC,5396284,6860640,718088,9.05,102268,1561388,1234848,15.57,772452,1501892,344
cloud-k3s-master3,1,2026-06-05 16:58:44 UTC,5396032,6860412,718356,9.06,102272,1561408,1234848,15.57,772452,1501916,120
cloud-k3s-master3,1,2026-06-05 16:58:45 UTC,5396032,6860420,718340,9.06,102272,1561424,1234848,15.57,772452,1501924,100
cloud-k3s-master3,1,2026-06-05 16:58:46 UTC,5396032,6860440,718328,9.06,102272,1561436,1237824,15.61,773732,1501944,108
cloud-k3s-master3,1,2026-06-05 16:58:47 UTC,5408444,6872864,705904,8.90,102272,1561448,1234848,15.57,772632,1501956,344
cloud-k3s-master3,1,2026-06-05 16:58:48 UTC,5407156,6871588,707180,8.92,102272,1561460,1234848,15.57,771772,1501968,372
cloud-k3s-master3,1,2026-06-05 16:58:49 UTC,5407156,6871596,707164,8.92,102276,1561472,1234848,15.57,771772,1501976,488
cloud-k3s-master3,1,2026-06-05 16:58:50 UTC,5407156,6871612,707156,8.92,102276,1561480,1234848,15.57,771936,1501992,496
cloud-k3s-master3,1,2026-06-05 16:58:51 UTC,5406432,6870904,707864,8.92,102276,1561496,1234848,15.57,771156,1502008,500
cloud-k3s-master3,1,2026-06-05 16:58:52 UTC,5406180,6870664,708104,8.93,102276,1561508,1234848,15.57,770984,1502020,508
cloud-k3s-master3,1,2026-06-05 16:58:53 UTC,5406180,6870676,708092,8.93,102276,1561520,1234848,15.57,770896,1502032,504
cloud-k3s-master3,1,2026-06-05 16:58:54 UTC,5406180,6870680,708072,8.93,102276,1561532,1234848,15.57,770896,1502036,508
cloud-k3s-master3,1,2026-06-05 16:58:55 UTC,5406180,6870700,708064,8.93,102276,1561544,1234848,15.57,770904,1502056,208
cloud-k3s-master3,1,2026-06-05 16:58:56 UTC,5406180,6870708,708056,8.93,102276,1561552,1234848,15.57,771076,1502064,180
cloud-k3s-master3,1,2026-06-05 16:58:57 UTC,5406180,6870720,708044,8.93,102276,1561564,1234848,15.57,771200,1502076,200
cloud-k3s-master3,1,2026-06-05 16:58:58 UTC,5406180,6870744,708020,8.93,102276,1561584,1234848,15.57,771200,1502096,204
cloud-k3s-master3,1,2026-06-05 16:58:59 UTC,5406180,6870764,708000,8.93,102276,1561604,1234848,15.57,771200,1502116,392
cloud-k3s-master3,1,2026-06-05 16:59:00 UTC,5406180,6870780,707984,8.93,102276,1561620,1234848,15.57,771312,1502132,404
cloud-k3s-master3,1,2026-06-05 16:59:01 UTC,5406180,6870792,707972,8.93,102276,1561632,1234848,15.57,771528,1502144,488
cloud-k3s-master3,1,2026-06-05 16:59:02 UTC,5406180,6870800,707964,8.93,102276,1561640,1234848,15.57,771552,1502152,472
cloud-k3s-master3,1,2026-06-05 16:59:03 UTC,5406180,6870812,707952,8.93,102276,1561652,1234848,15.57,771552,1502164,492
cloud-k3s-master3,1,2026-06-05 16:59:04 UTC,5406180,6870816,707940,8.93,102276,1561664,1234848,15.57,771552,1502168,328
cloud-k3s-master3,1,2026-06-05 16:59:05 UTC,5406180,6870840,707892,8.93,102276,1561680,1234848,15.57,771556,1502192,28
cloud-k3s-master3,1,2026-06-05 16:59:06 UTC,5406180,6870840,707888,8.93,102276,1561688,1234848,15.57,771556,1502192,40
cloud-k3s-master3,1,2026-06-05 16:59:07 UTC,5406180,6870864,707868,8.92,102276,1561704,1234848,15.57,771556,1502216,60
cloud-k3s-master3,1,2026-06-05 16:59:08 UTC,5406180,6870872,707860,8.92,102276,1561712,1234848,15.57,771556,1502224,28
cloud-k3s-master3,1,2026-06-05 16:59:09 UTC,5406180,6870884,707856,8.92,102276,1561724,1234848,15.57,771556,1502236,228
cloud-k3s-master3,1,2026-06-05 16:59:10 UTC,5406180,6870892,707848,8.92,102276,1561732,1234848,15.57,771556,1502244,64
cloud-k3s-master3,1,2026-06-05 16:59:11 UTC,5406180,6870912,707828,8.92,102280,1561748,1234848,15.57,772236,1502264,228
cloud-k3s-master3,1,2026-06-05 16:59:12 UTC,5406180,6870920,707820,8.92,102280,1561756,1234848,15.57,772236,1502272,236
cloud-k3s-master3,1,2026-06-05 16:59:13 UTC,5406180,6870940,707800,8.92,102280,1561776,1234848,15.57,772236,1502292,244
cloud-k3s-master3,1,2026-06-05 16:59:14 UTC,5406180,6870948,707792,8.92,102280,1561784,1234848,15.57,772236,1502300,252
cloud-k3s-master3,1,2026-06-05 16:59:15 UTC,5406180,6870968,707772,8.92,102284,1561804,1234848,15.57,772236,1502320,352
cloud-k3s-master3,1,2026-06-05 16:59:16 UTC,5406180,6870972,707764,8.92,102284,1561808,1234848,15.57,772296,1502324,356
cloud-k3s-master3,1,2026-06-05 16:59:17 UTC,5406180,6870988,707752,8.92,102284,1561820,1234848,15.57,772348,1502340,120
cloud-k3s-master3,1,2026-06-05 16:59:18 UTC,5406180,6870996,707744,8.92,102284,1561828,1234848,15.57,771532,1502348,128
cloud-k3s-master3,1,2026-06-05 16:59:19 UTC,5406180,6871000,707732,8.92,102284,1561840,1234848,15.57,771520,1502352,312
cloud-k3s-master3,1,2026-06-05 16:59:20 UTC,5406180,6871016,707724,8.92,102284,1561848,1234848,15.57,771520,1502368,296
cloud-k3s-master3,1,2026-06-05 16:59:21 UTC,5406180,6871028,707712,8.92,102284,1561860,1234848,15.57,771012,1502380,328
cloud-k3s-master3,1,2026-06-05 16:59:22 UTC,5406180,6871040,707700,8.92,102288,1561868,1234848,15.57,771012,1502392,336
cloud-k3s-master3,1,2026-06-05 16:59:23 UTC,5406180,6871060,707680,8.92,102288,1561888,1234848,15.57,770976,1502412,420
cloud-k3s-master3,1,2026-06-05 16:59:24 UTC,5406180,6871064,707668,8.92,102288,1561900,1234848,15.57,770976,1502416,256
cloud-k3s-master3,1,2026-06-05 16:59:25 UTC,5406180,6871100,707640,8.92,102292,1561924,1234848,15.57,770976,1502452,168
cloud-k3s-master3,1,2026-06-05 16:59:26 UTC,5406180,6871116,707624,8.92,102292,1561940,1234848,15.57,771224,1502468,180
cloud-k3s-master3,1,2026-06-05 16:59:27 UTC,5406180,6871128,707616,8.92,102292,1561952,1234848,15.57,771252,1502480,188
cloud-k3s-master3,1,2026-06-05 16:59:28 UTC,5406180,6871136,707608,8.92,102292,1561960,1234848,15.57,771280,1502488,196
cloud-k3s-master3,1,2026-06-05 16:59:29 UTC,5406180,6871156,707592,8.92,102292,1561980,1234848,15.57,771188,1502508,400
cloud-k3s-master3,1,2026-06-05 16:59:30 UTC,5406180,6871164,707584,8.92,102292,1561988,1234848,15.57,771524,1502516,228
cloud-k3s-master3,1,2026-06-05 16:59:31 UTC,5406180,6871176,707572,8.92,102292,1562000,1234848,15.57,771620,1502528,268
cloud-k3s-master3,1,2026-06-05 16:59:32 UTC,5406180,6871192,707556,8.92,102292,1562012,1234848,15.57,771620,1502540,276
cloud-k3s-master3,1,2026-06-05 16:59:33 UTC,5406180,6871208,707540,8.92,102296,1562024,1234848,15.57,772160,1502556,284
cloud-k3s-master3,1,2026-06-05 16:59:34 UTC,5406180,6871212,707528,8.92,102296,1562036,1234848,15.57,772160,1502560,468
cloud-k3s-master3,1,2026-06-05 16:59:35 UTC,5405928,6870980,707764,8.92,102296,1562048,1234848,15.57,772164,1502580,452
cloud-k3s-master3,1,2026-06-05 16:59:36 UTC,5405928,6870984,707752,8.92,102296,1562060,1234848,15.57,772168,1502584,424
cloud-k3s-master3,1,2026-06-05 16:59:37 UTC,5405928,6871004,707740,8.92,102296,1562072,1234848,15.57,772168,1502604,204
cloud-k3s-master3,1,2026-06-05 16:59:38 UTC,5405928,6871016,707728,8.92,102296,1562084,1234848,15.57,772168,1502616,308
cloud-k3s-master3,1,2026-06-05 16:59:39 UTC,5405928,6871088,707652,8.92,102296,1562160,1234848,15.57,772228,1502628,340
cloud-k3s-master3,1,2026-06-05 16:59:40 UTC,5405928,6871088,707580,8.92,102296,1562168,1234848,15.57,772408,1502628,68
cloud-k3s-master3,1,2026-06-05 16:59:41 UTC,5405928,6871116,707560,8.92,102300,1562180,1234848,15.57,764168,1502652,80
cloud-k3s-master3,1,2026-06-05 16:59:42 UTC,5405928,6871124,707552,8.92,102300,1562188,1234848,15.57,764168,1502660,48
cloud-k3s-master3,1,2026-06-05 16:59:43 UTC,5405704,6870920,707756,8.92,102304,1562204,1234848,15.57,764168,1502680,64
cloud-k3s-master3,1,2026-06-05 16:59:44 UTC,5405704,6870932,707744,8.92,102304,1562216,1234848,15.57,764168,1502692,248
cloud-k3s-master3,1,2026-06-05 16:59:45 UTC,5405704,6870952,707724,8.92,102304,1562236,1234848,15.57,764168,1502712,276
cloud-k3s-master3,1,2026-06-05 16:59:46 UTC,5405704,6870956,707712,8.92,102304,1562248,1234848,15.57,764168,1502716,284
cloud-k3s-master3,1,2026-06-05 16:59:47 UTC,5405704,6870976,707700,8.92,102304,1562260,1234848,15.57,764168,1502736,292
cloud-k3s-master3,1,2026-06-05 16:59:48 UTC,5405704,6870980,707688,8.92,102304,1562268,1234848,15.57,763460,1502736,276
cloud-k3s-master3,1,2026-06-05 16:59:49 UTC,5405704,6871000,707672,8.92,102304,1562280,1234848,15.57,763460,1502756,116
cloud-k3s-master3,1,2026-06-05 16:59:50 UTC,5405704,6871012,707656,8.92,102304,1562292,1234848,15.57,763540,1502768,148
cloud-k3s-master3,1,2026-06-05 16:59:51 UTC,5405452,6870768,707900,8.93,102304,1562300,1234848,15.57,762888,1502776,156
cloud-k3s-master3,1,2026-06-05 16:59:52 UTC,5405452,6870776,707892,8.93,102304,1562308,1234848,15.57,762892,1502784,160
cloud-k3s-master3,1,2026-06-05 16:59:53 UTC,5405452,6870796,707876,8.93,102304,1562328,1234848,15.57,762892,1502804,168
cloud-k3s-master3,1,2026-06-05 16:59:54 UTC,5405452,6870808,707864,8.92,102304,1562340,1234848,15.57,762892,1502816,316
cloud-k3s-master3,1,2026-06-05 16:59:55 UTC,5405452,6870820,707852,8.92,102304,1562352,1234848,15.57,762896,1502828,168
cloud-k3s-master3,1,2026-06-05 16:59:56 UTC,5405452,6870836,707836,8.92,102304,1562368,1234848,15.57,764204,1502844,176
cloud-k3s-master3,1,2026-06-05 16:59:57 UTC,5405452,6870836,707828,8.92,102304,1562376,1234848,15.57,764208,1502844,184
cloud-k3s-master3,1,2026-06-05 16:59:58 UTC,5405452,6870856,707816,8.92,102304,1562388,1234848,15.57,764212,1502864,192
cloud-k3s-master3,1,2026-06-05 16:59:59 UTC,5405452,6870860,707800,8.92,102304,1562400,1234848,15.57,764212,1502868,372
cloud-k3s-master3,1,2026-06-05 17:00:00 UTC,5405452,6870884,707784,8.92,102304,1562416,1234848,15.57,764512,1502892,444
cloud-k3s-master3,1,2026-06-05 17:00:01 UTC,5405452,6870908,707760,8.92,102304,1562440,1234848,15.57,764536,1502916,472
cloud-k3s-master3,1,2026-06-05 17:00:02 UTC,5405452,6870924,707732,8.92,102304,1562464,1234848,15.57,764536,1502932,484
cloud-k3s-master3,1,2026-06-05 17:00:03 UTC,5405452,6870940,707724,8.92,102304,1562472,1234848,15.57,764536,1502948,492
cloud-k3s-master3,1,2026-06-05 17:00:04 UTC,5373640,6853960,724448,9.13,102304,1577116,1234848,15.57,792388,1517592,284
cloud-k3s-master3,1,2026-06-05 17:00:05 UTC,5373136,6853456,724944,9.14,102308,1577120,1234848,15.57,793048,1517592,292
cloud-k3s-master3,1,2026-06-05 17:00:06 UTC,5373136,6853484,724924,9.14,102308,1577140,1234848,15.57,793088,1517620,244
cloud-k3s-master3,1,2026-06-05 17:00:07 UTC,5373136,6853492,724916,9.14,102308,1577148,1234848,15.57,793240,1517628,280
cloud-k3s-master3,1,2026-06-05 17:00:08 UTC,5372884,6853260,725148,9.14,102312,1577164,1234848,15.57,793340,1517648,40
cloud-k3s-master3,1,2026-06-05 17:00:09 UTC,5372632,6853024,725384,9.15,102312,1577180,1234848,15.57,793388,1517664,228
cloud-k3s-master3,1,2026-06-05 17:00:10 UTC,5372380,6852772,725624,9.15,102312,1577188,1234848,15.57,793588,1517664,232
cloud-k3s-master3,1,2026-06-05 17:00:11 UTC,5372128,6852540,725860,9.15,102312,1577200,1234848,15.57,794044,1517684,240
cloud-k3s-master3,1,2026-06-05 17:00:12 UTC,5372128,6852548,725852,9.15,102312,1577208,1234848,15.57,794124,1517692,212
cloud-k3s-master3,1,2026-06-05 17:00:13 UTC,5372128,6852568,725836,9.15,102312,1577228,1234848,15.57,794244,1517712,232
cloud-k3s-master3,1,2026-06-05 17:00:14 UTC,5370872,6851328,727076,9.17,102312,1577244,1234848,15.57,794468,1517728,64
cloud-k3s-master3,1,2026-06-05 17:00:15 UTC,5370620,6851096,727308,9.17,102312,1577260,1234848,15.57,794520,1517744,88
cloud-k3s-master3,1,2026-06-05 17:00:16 UTC,5370620,6851108,727296,9.17,102312,1577272,1234848,15.57,794604,1517756,96
cloud-k3s-master3,1,2026-06-05 17:00:17 UTC,5370620,6851120,727284,9.17,102312,1577284,1234848,15.57,794660,1517768,104
cloud-k3s-master3,1,2026-06-05 17:00:18 UTC,5370620,6851132,727272,9.17,102312,1577296,1234848,15.57,793988,1517780,256
cloud-k3s-master3,1,2026-06-05 17:00:19 UTC,5370620,6851144,727260,9.17,102316,1577308,1234848,15.57,794136,1517792,268
cloud-k3s-master3,1,2026-06-05 17:00:20 UTC,5370620,6851156,727252,9.17,102316,1577316,1234848,15.57,794196,1517804,384
cloud-k3s-master3,1,2026-06-05 17:00:21 UTC,5370620,6851168,727240,9.17,102316,1577328,1234848,15.57,794000,1517816,392
cloud-k3s-master3,1,2026-06-05 17:00:22 UTC,5370620,6851168,727232,9.17,102316,1577336,1234848,15.57,794176,1517816,400
cloud-k3s-master3,1,2026-06-05 17:00:23 UTC,5370368,6850940,727472,9.17,102316,1577352,1234848,15.57,794816,1517840,408
cloud-k3s-master3,1,2026-06-05 17:00:24 UTC,5370368,6850952,727460,9.17,102316,1577364,1234848,15.57,794964,1517852,400
cloud-k3s-master3,1,2026-06-05 17:00:25 UTC,5370368,6850960,727484,9.17,102316,1577372,1234848,15.57,794980,1517860,172
cloud-k3s-master3,1,2026-06-05 17:00:26 UTC,5370116,6850724,727720,9.18,102316,1577388,1234848,15.57,795364,1517876,180
cloud-k3s-master3,1,2026-06-05 17:00:27 UTC,5370116,6850732,727712,9.18,102316,1577396,1234848,15.57,795364,1517884,188
cloud-k3s-master3,1,2026-06-05 17:00:28 UTC,5369864,6850492,727952,9.18,102316,1577408,1234848,15.57,795364,1517896,196
cloud-k3s-master3,1,2026-06-05 17:00:29 UTC,5369864,6850496,727948,9.18,102316,1577412,1234848,15.57,795364,1517900,372
cloud-k3s-master3,1,2026-06-05 17:00:30 UTC,5369612,6850252,728180,9.18,102316,1577428,1234848,15.57,795568,1517908,384
cloud-k3s-master3,1,2026-06-05 17:00:31 UTC,5369612,6850272,728168,9.18,102316,1577440,1234848,15.57,795688,1517928,376
cloud-k3s-master3,1,2026-06-05 17:00:32 UTC,5369612,6850284,728156,9.18,102316,1577452,1234848,15.57,795724,1517940,464
cloud-k3s-master3,1,2026-06-05 17:00:33 UTC,5369612,6850296,728144,9.18,102316,1577464,1234848,15.57,795724,1517952,488
cloud-k3s-master3,1,2026-06-05 17:00:34 UTC,5369612,6850304,728180,9.18,102316,1577472,1234848,15.57,795724,1517960,236
cloud-k3s-master3,1,2026-06-05 17:00:35 UTC,5369612,6850316,728168,9.18,102316,1577484,1234848,15.57,795724,1517972,248
cloud-k3s-master3,1,2026-06-05 17:00:36 UTC,5369612,6850328,728156,9.18,102316,1577496,1234848,15.57,795724,1517984,228
cloud-k3s-master3,1,2026-06-05 17:00:37 UTC,5369612,6850344,728152,9.18,102316,1577512,1234848,15.57,795724,1518000,248
cloud-k3s-master3,1,2026-06-05 17:00:38 UTC,5369612,6850352,728144,9.18,102316,1577520,1234848,15.57,795724,1518008,252
cloud-k3s-master3,1,2026-06-05 17:00:39 UTC,5369612,6850364,728132,9.18,102316,1577532,1234848,15.57,795724,1518020,436
cloud-k3s-master3,1,2026-06-05 17:00:40 UTC,5369612,6850376,728120,9.18,102316,1577544,1234848,15.57,795796,1518032,16
cloud-k3s-master3,1,2026-06-05 17:00:41 UTC,5369612,6850388,728108,9.18,102316,1577556,1234848,15.57,796280,1518044,52
cloud-k3s-master3,1,2026-06-05 17:00:42 UTC,5369612,6850396,728100,9.18,102316,1577564,1234848,15.57,796336,1518052,24
cloud-k3s-master3,1,2026-06-05 17:00:43 UTC,5369360,6850156,728336,9.18,102316,1577576,1234848,15.57,796336,1518064,184
cloud-k3s-master3,1,2026-06-05 17:00:44 UTC,5369108,6849928,728560,9.19,102320,1577596,1234848,15.57,796340,1518084,208
cloud-k3s-master3,1,2026-06-05 17:00:45 UTC,5369108,6850076,728416,9.18,102320,1577740,1234848,15.57,796468,1518104,336
cloud-k3s-master3,1,2026-06-05 17:00:46 UTC,5369108,6850088,728404,9.18,102320,1577752,1234848,15.57,796468,1518116,344
cloud-k3s-master3,1,2026-06-05 17:00:47 UTC,5369108,6850100,728392,9.18,102320,1577764,1234848,15.57,796468,1518128,352
cloud-k3s-master3,1,2026-06-05 17:00:48 UTC,5369108,6850116,728376,9.18,102324,1577776,1234848,15.57,795780,1518144,152
cloud-k3s-master3,1,2026-06-05 17:00:49 UTC,5369108,6850116,728368,9.18,102324,1577784,1234848,15.57,795728,1518144,272
cloud-k3s-master3,1,2026-06-05 17:00:50 UTC,5369108,6850136,728348,9.18,102324,1577796,1234848,15.57,795848,1518164,280
cloud-k3s-master3,1,2026-06-05 17:00:51 UTC,5368604,6849640,728840,9.19,102324,1577804,1234848,15.57,795004,1518172,292
cloud-k3s-master3,1,2026-06-05 17:00:52 UTC,5368604,6849652,728828,9.19,102324,1577816,1234848,15.57,794976,1518184,300
cloud-k3s-master3,1,2026-06-05 17:00:53 UTC,5368604,6849668,728812,9.19,102324,1577832,1234848,15.57,794976,1518200,308
cloud-k3s-master3,1,2026-06-05 17:00:54 UTC,5368604,6849672,728800,9.19,102324,1577844,1234848,15.57,794976,1518204,148
cloud-k3s-master3,1,2026-06-05 17:00:55 UTC,5368604,6849676,728788,9.19,102324,1577856,1234848,15.57,794976,1518208,152
cloud-k3s-master3,1,2026-06-05 17:00:56 UTC,5367848,6848948,729528,9.20,102324,1577868,1234848,15.57,795884,1518236,160
cloud-k3s-master3,1,2026-06-05 17:00:57 UTC,5367848,6848960,729516,9.20,102324,1577880,1234848,15.57,795892,1518248,168
cloud-k3s-master3,1,2026-06-05 17:00:58 UTC,5367848,6848972,729504,9.20,102324,1577888,1234848,15.57,795892,1518256,320
cloud-k3s-master3,1,2026-06-05 17:00:59 UTC,5367848,6848984,729492,9.20,102324,1577900,1234848,15.57,795892,1518268,436
cloud-k3s-master3,1,2026-06-05 17:01:00 UTC,5367848,6849000,729444,9.20,102324,1577916,1234848,15.57,795952,1518284,192
cloud-k3s-master3,1,2026-06-05 17:01:01 UTC,5367848,6849012,729432,9.20,102324,1577928,1234848,15.57,796212,1518296,184
cloud-k3s-master3,1,2026-06-05 17:01:02 UTC,5367848,6849012,729424,9.20,102324,1577936,1234848,15.57,796212,1518296,192
cloud-k3s-master3,1,2026-06-05 17:01:03 UTC,5367848,6849024,729412,9.20,102324,1577948,1234848,15.57,796212,1518308,200
cloud-k3s-master3,1,2026-06-05 17:01:04 UTC,5367848,6849044,729400,9.20,102324,1577960,1234848,15.57,796212,1518328,380
cloud-k3s-master3,1,2026-06-05 17:01:05 UTC,5367848,6849048,729396,9.20,102324,1577964,1234848,15.57,796212,1518332,404
cloud-k3s-master3,1,2026-06-05 17:01:06 UTC,5367848,6849060,729376,9.20,102324,1577976,1234848,15.57,796212,1518344,412
cloud-k3s-master3,1,2026-06-05 17:01:07 UTC,5367848,6849080,729348,9.20,102324,1577996,1234848,15.57,796212,1518364,404
cloud-k3s-master3,1,2026-06-05 17:01:08 UTC,5367848,6849092,729336,9.20,102324,1578008,1234848,15.57,796212,1518376,412
cloud-k3s-master3,1,2026-06-05 17:01:09 UTC,5367848,6849104,729324,9.20,102324,1578020,1234848,15.57,796212,1518388,348
cloud-k3s-master3,1,2026-06-05 17:01:10 UTC,5367848,6849104,729280,9.19,102324,1578028,1234848,15.57,796392,1518388,264
cloud-k3s-master3,1,2026-06-05 17:01:11 UTC,5367848,6849124,729268,9.19,102324,1578040,1234848,15.57,796904,1518408,24
cloud-k3s-master3,1,2026-06-05 17:01:12 UTC,5367848,6849132,729264,9.19,102324,1578048,1234848,15.57,796936,1518416,36
cloud-k3s-master3,1,2026-06-05 17:01:13 UTC,5367848,6849140,729260,9.19,102324,1578056,1234848,15.57,796936,1518424,20
cloud-k3s-master3,1,2026-06-05 17:01:14 UTC,5367848,6849156,729236,9.19,102324,1578072,1234848,15.57,796984,1518440,232
cloud-k3s-master3,1,2026-06-05 17:01:15 UTC,5367848,6849168,729224,9.19,102324,1578084,1234848,15.57,796984,1518452,76
cloud-k3s-master3,1,2026-06-05 17:01:16 UTC,5367848,6849176,729208,9.19,102324,1578100,1234848,15.57,796984,1518460,84
cloud-k3s-master3,1,2026-06-05 17:01:17 UTC,5367848,6849192,729200,9.19,102324,1578108,1234848,15.57,796984,1518476,92
cloud-k3s-master3,1,2026-06-05 17:01:18 UTC,5367344,6848704,729688,9.20,102324,1578124,1234848,15.57,796396,1518492,100
cloud-k3s-master3,1,2026-06-05 17:01:19 UTC,5367344,6848716,729676,9.20,102324,1578136,1234848,15.57,796268,1518504,256
cloud-k3s-master3,1,2026-06-05 17:01:20 UTC,5367344,6848724,729668,9.20,102324,1578144,1234848,15.57,796348,1518512,280
cloud-k3s-master3,1,2026-06-05 17:01:21 UTC,5367344,6848744,729648,9.20,102324,1578164,1237700,15.61,797092,1518532,292
cloud-k3s-master3,1,2026-06-05 17:01:22 UTC,5367092,6848500,729892,9.20,102324,1578172,1238036,15.61,797232,1518540,300
cloud-k3s-master3,1,2026-06-05 17:01:23 UTC,5369460,6850884,727508,9.17,102324,1578184,1234848,15.57,795672,1518552,324
cloud-k3s-master3,1,2026-06-05 17:01:24 UTC,5369208,6850640,727744,9.18,102324,1578200,1234848,15.57,795672,1518560,416
cloud-k3s-master3,1,2026-06-05 17:01:25 UTC,5368704,6850156,728236,9.18,102324,1578212,1234848,15.57,795672,1518580,48
cloud-k3s-master3,1,2026-06-05 17:01:26 UTC,5368704,6850164,728228,9.18,102324,1578220,1234848,15.57,795924,1518588,84
cloud-k3s-master3,1,2026-06-05 17:01:27 UTC,5368704,6850180,728212,9.18,102324,1578236,1234848,15.57,795948,1518604,92
cloud-k3s-master3,1,2026-06-05 17:01:28 UTC,5368704,6850192,728200,9.18,102324,1578248,1234848,15.57,795952,1518616,28
cloud-k3s-master3,1,2026-06-05 17:01:29 UTC,5368704,6850200,728192,9.18,102324,1578256,1234848,15.57,795952,1518624,228
cloud-k3s-master3,1,2026-06-05 17:01:30 UTC,5368452,6849972,728420,9.18,102324,1578280,1234848,15.57,796124,1518648,244
cloud-k3s-master3,1,2026-06-05 17:01:31 UTC,5368452,6849980,728412,9.18,102328,1578284,1234848,15.57,796208,1518656,208
cloud-k3s-master3,1,2026-06-05 17:01:32 UTC,5368452,6849996,728392,9.18,102328,1578300,1234848,15.57,796324,1518672,228
cloud-k3s-master3,1,2026-06-05 17:01:33 UTC,5368452,6850008,728380,9.18,102328,1578312,1234848,15.57,796324,1518684,236
cloud-k3s-master3,1,2026-06-05 17:01:34 UTC,5368452,6850016,728372,9.18,102328,1578320,1234848,15.57,796328,1518692,32
cloud-k3s-master3,1,2026-06-05 17:01:35 UTC,5368452,6850028,728360,9.18,102328,1578332,1234848,15.57,796328,1518704,48
cloud-k3s-master3,1,2026-06-05 17:01:36 UTC,5368452,6850040,728344,9.18,102328,1578348,1234848,15.57,796328,1518716,64
cloud-k3s-master3,1,2026-06-05 17:01:37 UTC,5368452,6850056,728328,9.18,102332,1578360,1234848,15.57,796328,1518732,204
cloud-k3s-master3,1,2026-06-05 17:01:38 UTC,5368452,6850076,728312,9.18,102332,1578376,1234848,15.57,796328,1518752,212
cloud-k3s-master3,1,2026-06-05 17:01:39 UTC,5368200,6849832,728552,9.19,102332,1578384,1234848,15.57,796352,1518760,332
cloud-k3s-master3,1,2026-06-05 17:01:40 UTC,5367700,6849352,729024,9.19,102332,1578404,1234848,15.57,796592,1518780,84
cloud-k3s-master3,1,2026-06-05 17:01:41 UTC,5367196,6848864,729512,9.20,102332,1578416,1234848,15.57,797044,1518792,60
cloud-k3s-master3,1,2026-06-05 17:01:42 UTC,5366972,6848648,729728,9.20,102332,1578424,1234848,15.57,797092,1518800,56
cloud-k3s-master3,1,2026-06-05 17:01:43 UTC,5372440,6854124,724252,9.13,102332,1578432,1234848,15.57,793692,1518808,56
cloud-k3s-master3,1,2026-06-05 17:01:44 UTC,5371468,6853168,725204,9.14,102332,1578448,1234848,15.57,793692,1518824,240
cloud-k3s-master3,1,2026-06-05 17:01:45 UTC,5371468,6853184,725188,9.14,102336,1578460,1234848,15.57,793692,1518840,260
cloud-k3s-master3,1,2026-06-05 17:01:46 UTC,5371468,6853196,725176,9.14,102336,1578472,1234848,15.57,793692,1518852,220
cloud-k3s-master3,1,2026-06-05 17:01:47 UTC,5371468,6853204,725168,9.14,102336,1578480,1234848,15.57,793692,1518860,232
cloud-k3s-master3,1,2026-06-05 17:01:48 UTC,5371468,6853220,725152,9.14,102336,1578496,1234848,15.57,792996,1518876,248
cloud-k3s-master3,1,2026-06-05 17:01:49 UTC,5371468,6853224,725140,9.14,102336,1578508,1234848,15.57,792996,1518880,208
cloud-k3s-master3,1,2026-06-05 17:01:50 UTC,5371468,6853244,725128,9.14,102336,1578520,1234848,15.57,793168,1518900,60
cloud-k3s-master3,1,2026-06-05 17:01:51 UTC,5371220,6853004,725368,9.15,102336,1578528,1234848,15.57,792360,1518908,68
cloud-k3s-master3,1,2026-06-05 17:01:52 UTC,5371220,6853020,725352,9.15,102336,1578544,1234848,15.57,792360,1518924,36
cloud-k3s-master3,1,2026-06-05 17:01:53 UTC,5371220,6853020,725344,9.15,102336,1578552,1234848,15.57,792360,1518924,48
cloud-k3s-master3,1,2026-06-05 17:01:54 UTC,5371220,6853040,725336,9.15,102336,1578564,1234848,15.57,792360,1518944,240
cloud-k3s-master3,1,2026-06-05 17:01:55 UTC,5371220,6853052,725316,9.14,102348,1578572,1234848,15.57,792360,1518956,248
cloud-k3s-master3,1,2026-06-05 17:01:56 UTC,5374172,6856028,722348,9.11,102348,1578588,1234848,15.57,792804,1518980,316
cloud-k3s-master3,1,2026-06-05 17:01:57 UTC,5374036,6855900,722476,9.11,102352,1578592,1234848,15.57,792636,1518988,348
cloud-k3s-master3,1,2026-06-05 17:01:58 UTC,5373280,6855168,723204,9.12,102356,1578612,1234848,15.57,792648,1519012,380
cloud-k3s-master3,1,2026-06-05 17:01:59 UTC,5373280,6855168,723196,9.12,102356,1578620,1234848,15.57,792648,1519012,216
cloud-k3s-master3,1,2026-06-05 17:02:00 UTC,5373028,6854940,723432,9.12,102356,1578636,1234848,15.57,792948,1519036,128
cloud-k3s-master3,1,2026-06-05 17:02:01 UTC,5373028,6854944,723420,9.12,102356,1578648,1234848,15.57,793020,1519040,96
cloud-k3s-master3,1,2026-06-05 17:02:02 UTC,5372804,6854724,723632,9.12,102356,1578660,1234848,15.57,793020,1519044,252
cloud-k3s-master3,1,2026-06-05 17:02:03 UTC,5372804,6854724,723624,9.12,102356,1578668,1234848,15.57,793020,1519044,260
cloud-k3s-master3,1,2026-06-05 17:02:04 UTC,5372804,6854760,723612,9.12,102356,1578680,1234848,15.57,793620,1519080,380
cloud-k3s-master3,1,2026-06-05 17:02:05 UTC,5372804,6854760,723604,9.12,102356,1578688,1234848,15.57,793620,1519080,388
cloud-k3s-master3,1,2026-06-05 17:02:06 UTC,5372804,6854780,723596,9.12,102356,1578700,1234848,15.57,793672,1519100,396
cloud-k3s-master3,1,2026-06-05 17:02:07 UTC,5372804,6854792,723584,9.12,102356,1578712,1234848,15.57,793672,1519112,400
cloud-k3s-master3,1,2026-06-05 17:02:08 UTC,5372300,6854324,724052,9.13,102364,1578740,1234848,15.57,793672,1519148,416
cloud-k3s-master3,1,2026-06-05 17:02:09 UTC,5372300,6854328,724040,9.13,102364,1578752,1234848,15.57,793672,1519152,424
cloud-k3s-master3,1,2026-06-05 17:02:10 UTC,5372300,6854344,724032,9.13,102364,1578760,1234848,15.57,793964,1519168,176
cloud-k3s-master3,1,2026-06-05 17:02:11 UTC,5372300,6854344,724020,9.13,102364,1578768,1234848,15.57,794296,1519168,184
cloud-k3s-master3,1,2026-06-05 17:02:12 UTC,5372300,6854356,724036,9.13,102364,1578780,1234848,15.57,794316,1519180,168
cloud-k3s-master3,1,2026-06-05 17:02:13 UTC,5372300,6854376,724020,9.13,102364,1578792,1234848,15.57,794316,1519200,184
cloud-k3s-master3,1,2026-06-05 17:02:14 UTC,5372048,6854136,724256,9.13,102368,1578804,1234848,15.57,794316,1519212,372
cloud-k3s-master3,1,2026-06-05 17:02:15 UTC,5372048,6854144,724248,9.13,102368,1578812,1234848,15.57,794316,1519220,384
cloud-k3s-master3,1,2026-06-05 17:02:16 UTC,5372048,6854164,724232,9.13,102368,1578828,1234848,15.57,794316,1519240,480
cloud-k3s-master3,1,2026-06-05 17:02:17 UTC,5372048,6854172,724224,9.13,102368,1578836,1234848,15.57,794316,1519248,488
cloud-k3s-master3,1,2026-06-05 17:02:18 UTC,5372488,6854628,723760,9.13,102368,1578852,1234848,15.57,793532,1519264,588
cloud-k3s-master3,1,2026-06-05 17:02:19 UTC,5372488,6854636,723748,9.13,102372,1578852,1234848,15.57,793532,1519268,248
cloud-k3s-master3,1,2026-06-05 17:02:20 UTC,5372488,6854652,723724,9.12,102372,1578876,1234848,15.57,793532,1519284,296
cloud-k3s-master3,1,2026-06-05 17:02:21 UTC,5372488,6854668,723712,9.12,102376,1578880,1234848,15.57,793168,1519300,304
cloud-k3s-master3,1,2026-06-05 17:02:22 UTC,5372488,6854688,723692,9.12,102376,1578900,1234848,15.57,793032,1519320,312
cloud-k3s-master3,1,2026-06-05 17:02:23 UTC,5372488,6854696,723684,9.12,102376,1578908,1234848,15.57,793064,1519328,316
cloud-k3s-master3,1,2026-06-05 17:02:24 UTC,5372488,6854700,723668,9.12,102376,1578920,1234848,15.57,793096,1519332,184
cloud-k3s-master3,1,2026-06-05 17:02:25 UTC,5372488,6854700,723660,9.12,102376,1578928,1234848,15.57,793096,1519332,16
cloud-k3s-master3,1,2026-06-05 17:02:26 UTC,5372236,6854480,723896,9.13,102376,1578944,1234848,15.57,793324,1519364,60
cloud-k3s-master3,1,2026-06-05 17:02:27 UTC,5372236,6854488,723888,9.13,102376,1578952,1234848,15.57,793404,1519372,68
cloud-k3s-master3,1,2026-06-05 17:02:28 UTC,5372236,6854500,723876,9.13,102376,1578964,1234848,15.57,793404,1519384,216
cloud-k3s-master3,1,2026-06-05 17:02:29 UTC,5372236,6854524,723856,9.13,102384,1578984,1234848,15.57,793404,1519408,224
cloud-k3s-master3,1,2026-06-05 17:02:30 UTC,5372236,6854536,723848,9.13,102384,1578992,1234848,15.57,793404,1519420,340
cloud-k3s-master3,1,2026-06-05 17:02:31 UTC,5372236,6854552,723824,9.13,102384,1579008,1234848,15.57,793700,1519436,324
cloud-k3s-master3,1,2026-06-05 17:02:32 UTC,5372236,6854560,723816,9.13,102384,1579016,1234848,15.57,793700,1519444,332
cloud-k3s-master3,1,2026-06-05 17:02:33 UTC,5372236,6854576,723832,9.13,102384,1579032,1234848,15.57,793700,1519460,88
cloud-k3s-master3,1,2026-06-05 17:02:34 UTC,5372236,6854588,723812,9.13,102384,1579044,1234848,15.57,793700,1519472,276
cloud-k3s-master3,1,2026-06-05 17:02:35 UTC,5372236,6854600,723800,9.13,102384,1579056,1234848,15.57,793704,1519484,288
cloud-k3s-master3,1,2026-06-05 17:02:36 UTC,5372236,6854612,723788,9.13,102384,1579068,1234848,15.57,793704,1519496,308
cloud-k3s-master3,1,2026-06-05 17:02:37 UTC,5372236,6854624,723784,9.13,102384,1579080,1234848,15.57,793704,1519508,304
cloud-k3s-master3,1,2026-06-05 17:02:38 UTC,5371480,6853880,724528,9.13,102384,1579092,1234848,15.57,794220,1519520,312
cloud-k3s-master3,1,2026-06-05 17:02:39 UTC,5371480,6853900,724540,9.14,102388,1579108,1234848,15.57,794352,1519540,132
cloud-k3s-master3,1,2026-06-05 17:02:40 UTC,5371480,6853908,724532,9.14,102388,1579116,1234848,15.57,794352,1519548,24
cloud-k3s-master3,1,2026-06-05 17:02:41 UTC,5371228,6853668,724768,9.14,102388,1579128,1234848,15.57,794976,1519560,56
cloud-k3s-master3,1,2026-06-05 17:02:42 UTC,5371228,6853680,724756,9.14,102388,1579140,1234848,15.57,795052,1519572,164
cloud-k3s-master3,1,2026-06-05 17:02:43 UTC,5370976,6853440,724996,9.14,102388,1579152,1234848,15.57,795052,1519584,200
cloud-k3s-master3,1,2026-06-05 17:02:44 UTC,5370976,6853452,724980,9.14,102388,1579164,1234848,15.57,795052,1519596,64
cloud-k3s-master3,1,2026-06-05 17:02:45 UTC,5370724,6853212,725208,9.14,102396,1579176,1234848,15.57,795052,1519604,72
cloud-k3s-master3,1,2026-06-05 17:02:46 UTC,5370724,6853240,725188,9.14,102400,1579188,1234848,15.57,795052,1519632,40
cloud-k3s-master3,1,2026-06-05 17:02:47 UTC,5370724,6853252,725176,9.14,102400,1579200,1234848,15.57,795052,1519644,52
cloud-k3s-master3,1,2026-06-05 17:02:48 UTC,5370724,6853260,725168,9.14,102400,1579208,1234848,15.57,794452,1519652,56
cloud-k3s-master3,1,2026-06-05 17:02:49 UTC,5370724,6853272,725160,9.14,102400,1579220,1234848,15.57,794452,1519664,204
cloud-k3s-master3,1,2026-06-05 17:02:50 UTC,5370724,6853288,725144,9.14,102400,1579236,1234848,15.57,794452,1519680,240
cloud-k3s-master3,1,2026-06-05 17:02:51 UTC,5370224,6852796,725636,9.15,102400,1579244,1234848,15.57,793976,1519688,248
cloud-k3s-master3,1,2026-06-05 17:02:52 UTC,5370224,6852812,725624,9.15,102400,1579260,1234848,15.57,793700,1519704,216
cloud-k3s-master3,1,2026-06-05 17:02:53 UTC,5370224,6852812,725612,9.15,102400,1579268,1234848,15.57,793700,1519704,228
cloud-k3s-master3,1,2026-06-05 17:02:54 UTC,5370224,6852840,725592,9.15,102404,1579284,1234848,15.57,793704,1519732,56
cloud-k3s-master3,1,2026-06-05 17:02:55 UTC,5369972,6852592,725836,9.15,102404,1579288,1234848,15.57,793704,1519736,188
cloud-k3s-master3,1,2026-06-05 17:02:56 UTC,5377464,6860236,718192,9.06,102404,1579440,1234848,15.57,794036,1519760,324
cloud-k3s-master3,1,2026-06-05 17:02:57 UTC,5377464,6860244,718184,9.06,102404,1579448,1234848,15.57,794036,1519768,332
cloud-k3s-master3,1,2026-06-05 17:02:58 UTC,5377212,6860008,718420,9.06,102408,1579460,1234848,15.57,794036,1519784,296
cloud-k3s-master3,1,2026-06-05 17:02:59 UTC,5377212,6860024,718408,9.06,102416,1579472,1234848,15.57,794036,1519800,320
cloud-k3s-master3,1,2026-06-05 17:03:00 UTC,5377212,6860052,718384,9.06,102416,1579492,1234848,15.57,794036,1519824,32
cloud-k3s-master3,1,2026-06-05 17:03:01 UTC,5377212,6860060,718376,9.06,102416,1579500,1234848,15.57,774132,1519832,40
cloud-k3s-master3,1,2026-06-05 17:03:02 UTC,5377212,6860072,718364,9.06,102416,1579512,1234848,15.57,774036,1519844,72
cloud-k3s-master3,1,2026-06-05 17:03:03 UTC,5377212,6860084,718352,9.06,102416,1579524,1234848,15.57,774036,1519856,80
cloud-k3s-master3,1,2026-06-05 17:03:04 UTC,5377212,6860096,718328,9.06,102416,1579536,1234848,15.57,774036,1519868,268
cloud-k3s-master3,1,2026-06-05 17:03:05 UTC,5377212,6860096,718320,9.06,102416,1579544,1234848,15.57,774036,1519868,276
cloud-k3s-master3,1,2026-06-05 17:03:06 UTC,5377212,6860116,718320,9.06,102416,1579556,1234848,15.57,774036,1519888,288
cloud-k3s-master3,1,2026-06-05 17:03:07 UTC,5377212,6860124,718312,9.06,102416,1579564,1234848,15.57,774036,1519896,296
cloud-k3s-master3,1,2026-06-05 17:03:08 UTC,5377212,6860144,718308,9.06,102420,1579580,1234848,15.57,774036,1519916,364
cloud-k3s-master3,1,2026-06-05 17:03:09 UTC,5377212,6860148,718296,9.06,102420,1579592,1234848,15.57,774036,1519920,372
cloud-k3s-master3,1,2026-06-05 17:03:10 UTC,5377212,6860172,718256,9.06,102420,1579608,1234848,15.57,774036,1519944,128
cloud-k3s-master3,1,2026-06-05 17:03:11 UTC,5377212,6860180,718252,9.06,102420,1579616,1234848,15.57,774628,1519952,136
cloud-k3s-master3,1,2026-06-05 17:03:12 UTC,5377212,6860192,718240,9.06,102420,1579628,1234848,15.57,774748,1519964,144
cloud-k3s-master3,1,2026-06-05 17:03:13 UTC,5377212,6860200,718232,9.06,102420,1579636,1234848,15.57,774748,1519972,124
cloud-k3s-master3,1,2026-06-05 17:03:14 UTC,5376708,6859724,718708,9.06,102420,1579664,1234848,15.57,774748,1520000,324
cloud-k3s-master3,1,2026-06-05 17:03:15 UTC,5376708,6859736,718696,9.06,102420,1579676,1234848,15.57,774748,1520012,344
cloud-k3s-master3,1,2026-06-05 17:03:16 UTC,5376708,6859748,718684,9.06,102420,1579688,1234848,15.57,774748,1520024,352
cloud-k3s-master3,1,2026-06-05 17:03:17 UTC,5376708,6859756,718676,9.06,102420,1579696,1234848,15.57,774748,1520032,360
cloud-k3s-master3,1,2026-06-05 17:03:18 UTC,5376708,6859764,718660,9.06,102420,1579712,1234848,15.57,774020,1520040,356
cloud-k3s-master3,1,2026-06-05 17:03:19 UTC,5376708,6859764,718652,9.06,102420,1579720,1234848,15.57,774020,1520040,192
cloud-k3s-master3,1,2026-06-05 17:03:20 UTC,5376708,6859796,718636,9.06,102420,1579736,1234848,15.57,774020,1520072,208
cloud-k3s-master3,1,2026-06-05 17:03:21 UTC,5376456,6859552,718868,9.06,102420,1579744,1234848,15.57,773504,1520080,216
cloud-k3s-master3,1,2026-06-05 17:03:22 UTC,5376232,6859356,719064,9.07,102420,1579768,1234848,15.57,773456,1520104,372
cloud-k3s-master3,1,2026-06-05 17:03:23 UTC,5376232,6859364,719056,9.07,102420,1579776,1234848,15.57,773456,1520112,380
cloud-k3s-master3,1,2026-06-05 17:03:24 UTC,5376232,6859376,719044,9.07,102420,1579788,1234848,15.57,773456,1520124,476
cloud-k3s-master3,1,2026-06-05 17:03:25 UTC,5376232,6859376,719036,9.07,102420,1579796,1234848,15.57,773456,1520124,228
cloud-k3s-master3,1,2026-06-05 17:03:26 UTC,5375980,6859144,719276,9.07,102420,1579808,1237828,15.61,775124,1520144,256
cloud-k3s-master3,1,2026-06-05 17:03:27 UTC,5377816,6860992,717428,9.05,102420,1579820,1234848,15.57,773736,1520156,464
cloud-k3s-master3,1,2026-06-05 17:03:28 UTC,5377312,6860500,717928,9.05,102420,1579832,1234848,15.57,773736,1520168,472
cloud-k3s-master3,1,2026-06-05 17:03:29 UTC,5377312,6860508,717920,9.05,102420,1579840,1234848,15.57,773736,1520176,480
cloud-k3s-master3,1,2026-06-05 17:03:30 UTC,5377060,6860276,718148,9.05,102420,1579860,1234848,15.57,773736,1520196,344
cloud-k3s-master3,1,2026-06-05 17:03:31 UTC,5377060,6860284,718140,9.05,102420,1579868,1234848,15.57,774028,1520204,308
cloud-k3s-master3,1,2026-06-05 17:03:32 UTC,5377060,6860292,718132,9.05,102420,1579876,1234848,15.57,774076,1520212,40
cloud-k3s-master3,1,2026-06-05 17:03:33 UTC,5377060,6860296,718120,9.05,102420,1579888,1234848,15.57,774076,1520216,48
cloud-k3s-master3,1,2026-06-05 17:03:34 UTC,5377060,6860316,718112,9.05,102420,1579900,1234848,15.57,774076,1520236,236
cloud-k3s-master3,1,2026-06-05 17:03:35 UTC,5374836,6858092,720328,9.08,102420,1579908,1275500,16.08,774940,1520236,244
cloud-k3s-master3,1,2026-06-05 17:03:36 UTC,5371084,6854420,723908,9.13,102424,1580016,1291884,16.29,790420,1520288,560
cloud-k3s-master3,1,2026-06-05 17:03:37 UTC,5378392,6861744,716688,9.04,102428,1579964,1234848,15.57,774432,1520304,216
cloud-k3s-master3,1,2026-06-05 17:03:38 UTC,5378392,6861768,716668,9.04,102428,1579984,1234848,15.57,774440,1520328,272
cloud-k3s-master3,1,2026-06-05 17:03:39 UTC,5378392,6861776,716656,9.04,102428,1579996,1234848,15.57,774440,1520336,284
cloud-k3s-master3,1,2026-06-05 17:03:40 UTC,5378392,6861796,716640,9.04,102428,1580012,1234848,15.57,774444,1520356,404
cloud-k3s-master3,1,2026-06-05 17:03:41 UTC,5378392,6861804,716632,9.04,102432,1580016,1234848,15.57,777868,1520364,412
cloud-k3s-master3,1,2026-06-05 17:03:42 UTC,5378392,6861812,716616,9.04,102432,1580032,1234848,15.57,777996,1520372,412
cloud-k3s-master3,1,2026-06-05 17:03:43 UTC,5378140,6861580,716856,9.04,102432,1580044,1234848,15.57,777996,1520392,344
cloud-k3s-master3,1,2026-06-05 17:03:44 UTC,5378140,6861588,716844,9.04,102432,1580060,1234848,15.57,778004,1520400,376
cloud-k3s-master3,1,2026-06-05 17:03:45 UTC,5378140,6861604,716836,9.04,102432,1580068,1234848,15.57,778008,1520416,392
cloud-k3s-master3,1,2026-06-05 17:03:46 UTC,5378140,6861612,716824,9.04,102432,1580084,1234848,15.57,778008,1520424,400
cloud-k3s-master3,1,2026-06-05 17:03:47 UTC,5378140,6861612,716816,9.04,102432,1580092,1234848,15.57,778008,1520424,236
cloud-k3s-master3,1,2026-06-05 17:03:48 UTC,5377888,6861392,717048,9.04,102436,1580104,1234848,15.57,777612,1520456,56
cloud-k3s-master3,1,2026-06-05 17:03:49 UTC,5377664,6861176,717248,9.04,102444,1580120,1234848,15.57,778472,1520464,252
cloud-k3s-master3,1,2026-06-05 17:03:50 UTC,5377664,6861212,717228,9.04,102444,1580140,1234848,15.57,778648,1520500,344
cloud-k3s-master3,1,2026-06-05 17:03:51 UTC,5377412,6860972,717468,9.05,102444,1580152,1234848,15.57,778192,1520512,352
cloud-k3s-master3,1,2026-06-05 17:03:52 UTC,5377160,6860736,717704,9.05,102444,1580168,1234848,15.57,777624,1520528,360
cloud-k3s-master3,1,2026-06-05 17:03:53 UTC,5377160,6860744,717696,9.05,102444,1580176,1234848,15.57,777624,1520536,368
cloud-k3s-master3,1,2026-06-05 17:03:54 UTC,5377160,6860760,717680,9.05,102444,1580192,1234848,15.57,777624,1520552,324
cloud-k3s-master3,1,2026-06-05 17:03:55 UTC,5377160,6860760,717672,9.05,102444,1580200,1234848,15.57,777624,1520552,80
cloud-k3s-master3,1,2026-06-05 17:03:56 UTC,5377160,6860780,717660,9.05,102444,1580212,1234848,15.57,777888,1520572,88
cloud-k3s-master3,1,2026-06-05 17:03:57 UTC,5377160,6860780,717652,9.05,102444,1580220,1234848,15.57,777888,1520572,96
cloud-k3s-master3,1,2026-06-05 17:03:58 UTC,5377160,6860800,717640,9.05,102444,1580232,1234848,15.57,777888,1520592,104
cloud-k3s-master3,1,2026-06-05 17:03:59 UTC,5376908,6860568,717864,9.05,102444,1580260,1237696,15.61,779116,1520612,288
cloud-k3s-master3,1,2026-06-05 17:04:00 UTC,5384748,6868432,710008,8.95,102444,1580276,1234848,15.57,777888,1520636,332
cloud-k3s-master3,1,2026-06-05 17:04:01 UTC,5384748,6868444,709992,8.95,102448,1580288,1234848,15.57,778152,1520648,360
cloud-k3s-master3,1,2026-06-05 17:04:02 UTC,5384748,6868460,709980,8.95,102448,1580300,1234848,15.57,778152,1520664,368
cloud-k3s-master3,1,2026-06-05 17:04:03 UTC,5384748,6868468,709972,8.95,102448,1580308,1234848,15.57,778152,1520672,376
cloud-k3s-master3,1,2026-06-05 17:04:04 UTC,5384748,6868480,709956,8.95,102448,1580320,1234848,15.57,778152,1520684,288
cloud-k3s-master3,1,2026-06-05 17:04:05 UTC,5384748,6868480,709948,8.95,102448,1580328,1234848,15.57,778152,1520684,128
cloud-k3s-master3,1,2026-06-05 17:04:06 UTC,5384748,6868500,709936,8.95,102448,1580340,1234848,15.57,778152,1520704,72
cloud-k3s-master3,1,2026-06-05 17:04:07 UTC,5384748,6868516,709920,8.95,102448,1580352,1234848,15.57,778152,1520716,84
cloud-k3s-master3,1,2026-06-05 17:04:08 UTC,5384748,6868532,709900,8.95,102456,1580364,1234848,15.57,778152,1520732,80
cloud-k3s-master3,1,2026-06-05 17:04:09 UTC,5384748,6868544,709892,8.95,102456,1580372,1234848,15.57,778152,1520744,80
cloud-k3s-master3,1,2026-06-05 17:04:10 UTC,5384748,6868556,709880,8.95,102456,1580384,1234848,15.57,778152,1520756,104
cloud-k3s-master3,1,2026-06-05 17:04:11 UTC,5384748,6868576,709848,8.95,102464,1580396,1234848,15.57,779384,1520776,112
cloud-k3s-master3,1,2026-06-05 17:04:12 UTC,5384748,6868588,709836,8.95,102464,1580408,1234848,15.57,779456,1520788,72
cloud-k3s-master3,1,2026-06-05 17:04:13 UTC,5384748,6868592,709832,8.95,102464,1580420,1234848,15.57,779456,1520792,84
cloud-k3s-master3,1,2026-06-05 17:04:14 UTC,5385304,6869168,709264,8.94,102464,1580432,1234848,15.57,779468,1520812,208
cloud-k3s-master3,1,2026-06-05 17:04:15 UTC,5385136,6869012,709420,8.94,102464,1580444,1234848,15.57,779468,1520824,312
cloud-k3s-master3,1,2026-06-05 17:04:16 UTC,5384884,6868780,709656,8.95,102468,1580460,1234848,15.57,779468,1520844,320
cloud-k3s-master3,1,2026-06-05 17:04:17 UTC,5384884,6868788,709648,8.95,102468,1580468,1234848,15.57,779468,1520852,328
cloud-k3s-master3,1,2026-06-05 17:04:18 UTC,5384884,6868800,709636,8.95,102468,1580480,1234848,15.57,778708,1520864,296
cloud-k3s-master3,1,2026-06-05 17:04:19 UTC,5384884,6868800,709628,8.95,102468,1580488,1234848,15.57,778708,1520864,308
cloud-k3s-master3,1,2026-06-05 17:04:20 UTC,5384884,6868824,709612,8.95,102472,1580500,1234848,15.57,778708,1520888,244
cloud-k3s-master3,1,2026-06-05 17:04:21 UTC,5384632,6868584,709852,8.95,102472,1580512,1234848,15.57,778296,1520900,252
cloud-k3s-master3,1,2026-06-05 17:04:22 UTC,5384632,6868604,709828,8.95,102476,1580528,1234848,15.57,778564,1520920,260
cloud-k3s-master3,1,2026-06-05 17:04:23 UTC,5384632,6868608,709816,8.95,102476,1580536,1234848,15.57,778568,1520920,268
cloud-k3s-master3,1,2026-06-05 17:04:24 UTC,5384632,6868632,709808,8.95,102476,1580552,1234848,15.57,778568,1520944,60
cloud-k3s-master3,1,2026-06-05 17:04:25 UTC,5384632,6868632,709800,8.95,102476,1580560,1234848,15.57,778568,1520944,52
cloud-k3s-master3,1,2026-06-05 17:04:26 UTC,5384724,6868744,709696,8.95,102476,1580572,1234848,15.57,778708,1520964,248
cloud-k3s-master3,1,2026-06-05 17:04:27 UTC,5379688,6863716,714724,9.01,102476,1580580,1234848,15.57,778736,1520972,288
cloud-k3s-master3,1,2026-06-05 17:04:28 UTC,5379688,6863732,714708,9.01,102480,1580592,1234848,15.57,778820,1520988,308
cloud-k3s-master3,1,2026-06-05 17:04:29 UTC,5379464,6863516,714916,9.01,102480,1580608,1234848,15.57,778820,1520996,492
cloud-k3s-master3,1,2026-06-05 17:04:30 UTC,5379464,6863544,714892,9.01,102480,1580628,1234848,15.57,778820,1521024,116
cloud-k3s-master3,1,2026-06-05 17:04:31 UTC,5379212,6863312,715124,9.02,102484,1580644,1234848,15.57,779064,1521044,68
cloud-k3s-master3,1,2026-06-05 17:04:32 UTC,5379212,6863332,715104,9.02,102484,1580664,1234848,15.57,779136,1521064,80
cloud-k3s-master3,1,2026-06-05 17:04:33 UTC,5379212,6863340,715096,9.02,102484,1580672,1234848,15.57,779136,1521072,88
cloud-k3s-master3,1,2026-06-05 17:04:34 UTC,5379212,6863356,715080,9.02,102492,1580680,1234848,15.57,779136,1521088,276
cloud-k3s-master3,1,2026-06-05 17:04:35 UTC,5379212,6863356,715064,9.02,102492,1580696,1234848,15.57,779136,1521088,284
cloud-k3s-master3,1,2026-06-05 17:04:36 UTC,5378960,6863132,715304,9.02,102492,1580708,1234848,15.57,779136,1521116,240
cloud-k3s-master3,1,2026-06-05 17:04:37 UTC,5386772,6870944,707484,8.92,102492,1580716,1234848,15.57,779136,1521116,364
cloud-k3s-master3,1,2026-06-05 17:04:38 UTC,5386772,6870972,707460,8.92,102492,1580732,1234848,15.57,779308,1521140,372
cloud-k3s-master3,1,2026-06-05 17:04:39 UTC,5386772,6870984,707448,8.92,102492,1580744,1234848,15.57,779440,1521152,400
cloud-k3s-master3,1,2026-06-05 17:04:40 UTC,5386772,6870992,707440,8.92,102492,1580752,1234848,15.57,779440,1521160,116
cloud-k3s-master3,1,2026-06-05 17:04:41 UTC,5386772,6870996,707428,8.92,102492,1580764,1234848,15.57,779864,1521164,124
cloud-k3s-master3,1,2026-06-05 17:04:42 UTC,5386772,6871020,707416,8.92,102492,1580780,1234848,15.57,779948,1521188,60
cloud-k3s-master3,1,2026-06-05 17:04:43 UTC,5386520,6870768,707660,8.92,102492,1580788,1234848,15.57,779948,1521188,72
cloud-k3s-master3,1,2026-06-05 17:04:44 UTC,5386048,6870316,708120,8.93,102492,1580800,1234848,15.57,779948,1521208,336
cloud-k3s-master3,1,2026-06-05 17:04:45 UTC,5386048,6870324,708112,8.93,102492,1580808,1234848,15.57,779948,1521216,280
cloud-k3s-master3,1,2026-06-05 17:04:46 UTC,5386048,6870336,708100,8.93,102492,1580820,1234848,15.57,779948,1521228,300
cloud-k3s-master3,1,2026-06-05 17:04:47 UTC,5386048,6870348,708088,8.93,102492,1580832,1234848,15.57,779948,1521240,308
cloud-k3s-master3,1,2026-06-05 17:04:48 UTC,5386048,6870360,708040,8.93,102492,1580844,1234848,15.57,779536,1521252,60
cloud-k3s-master3,1,2026-06-05 17:04:49 UTC,5386048,6870368,708032,8.93,102492,1580852,1234848,15.57,779536,1521260,240
cloud-k3s-master3,1,2026-06-05 17:04:50 UTC,5386048,6870372,708020,8.93,102492,1580864,1234848,15.57,779536,1521264,272
cloud-k3s-master3,1,2026-06-05 17:04:51 UTC,5385796,6870136,708264,8.93,102492,1580872,1234848,15.57,778892,1521280,280
cloud-k3s-master3,1,2026-06-05 17:04:52 UTC,5385796,6870156,708244,8.93,102492,1580892,1234848,15.57,778808,1521300,288
cloud-k3s-master3,1,2026-06-05 17:04:53 UTC,5385796,6870156,708236,8.93,102492,1580900,1234848,15.57,778808,1521300,296
cloud-k3s-master3,1,2026-06-05 17:04:54 UTC,5385796,6870180,708208,8.93,102492,1580916,1234848,15.57,778808,1521324,320
cloud-k3s-master3,1,2026-06-05 17:04:55 UTC,5385796,6870188,708200,8.93,102492,1580924,1234848,15.57,778816,1521332,128
cloud-k3s-master3,1,2026-06-05 17:04:56 UTC,5385796,6870200,708184,8.93,102492,1580936,1234848,15.57,779600,1521344,280
cloud-k3s-master3,1,2026-06-05 17:04:57 UTC,5385796,6870208,708176,8.93,102492,1580944,1234848,15.57,779600,1521352,288
cloud-k3s-master3,1,2026-06-05 17:04:58 UTC,5385796,6870224,708160,8.93,102496,1580956,1234848,15.57,779844,1521368,296
cloud-k3s-master3,1,2026-06-05 17:04:59 UTC,5385544,6869988,708396,8.93,102496,1580972,1234848,15.57,780596,1521384,424
cloud-k3s-master3,1,2026-06-05 17:05:00 UTC,5385040,6869504,708876,8.94,102496,1580992,1234848,15.57,781660,1521404,432
cloud-k3s-master3,1,2026-06-05 17:05:01 UTC,5382520,6866992,711420,8.97,102496,1581000,1234848,15.57,783732,1521412,356
cloud-k3s-master3,1,2026-06-05 17:05:02 UTC,5382520,6867012,711400,8.97,102496,1581020,1234848,15.57,778584,1521432,384
cloud-k3s-master3,1,2026-06-05 17:05:03 UTC,5382520,6867020,711392,8.97,102496,1581028,1234848,15.57,778600,1521440,392
cloud-k3s-master3,1,2026-06-05 17:05:04 UTC,5382520,6867036,711376,8.97,102500,1581040,1234848,15.57,778720,1521456,500
cloud-k3s-master3,1,2026-06-05 17:05:05 UTC,5382520,6867036,711368,8.97,102500,1581048,1234848,15.57,778720,1521456,508
cloud-k3s-master3,1,2026-06-05 17:05:06 UTC,5382520,6867060,711352,8.97,102500,1581060,1234848,15.57,778720,1521476,516
cloud-k3s-master3,1,2026-06-05 17:05:07 UTC,5382520,6867072,711340,8.97,102500,1581072,1234848,15.57,778728,1521488,244
cloud-k3s-master3,1,2026-06-05 17:05:08 UTC,5382520,6867088,711324,8.97,102500,1581088,1234848,15.57,778732,1521504,396
cloud-k3s-master3,1,2026-06-05 17:05:09 UTC,5382520,6867092,711312,8.97,102500,1581100,1234848,15.57,778732,1521508,404
cloud-k3s-master3,1,2026-06-05 17:05:10 UTC,5382520,6867112,711300,8.97,102500,1581112,1234848,15.57,778752,1521528,528
cloud-k3s-master3,1,2026-06-05 17:05:11 UTC,5382520,6867120,711288,8.97,102500,1581120,1234848,15.57,779164,1521536,536
cloud-k3s-master3,1,2026-06-05 17:05:12 UTC,5380756,6865372,713036,8.99,102500,1581136,1237824,15.61,780692,1521552,284
cloud-k3s-master3,1,2026-06-05 17:05:13 UTC,5388700,6873324,705084,8.89,102500,1581144,1234848,15.57,779464,1521560,292
cloud-k3s-master3,1,2026-06-05 17:05:14 UTC,5387056,6871708,706700,8.91,102508,1581164,1234848,15.57,779304,1521588,360
cloud-k3s-master3,1,2026-06-05 17:05:15 UTC,5387056,6871708,706692,8.91,102508,1581172,1234848,15.57,779304,1521588,368
cloud-k3s-master3,1,2026-06-05 17:05:16 UTC,5387056,6871732,706684,8.91,102508,1581188,1234848,15.57,779304,1521612,376
cloud-k3s-master3,1,2026-06-05 17:05:17 UTC,5387056,6871740,706676,8.91,102508,1581196,1234848,15.57,779304,1521620,328
cloud-k3s-master3,1,2026-06-05 17:05:18 UTC,5387056,6871752,706660,8.91,102508,1581208,1234848,15.57,778572,1521632,348
cloud-k3s-master3,1,2026-06-05 17:05:19 UTC,5387056,6871764,706648,8.91,102508,1581220,1234848,15.57,778572,1521644,236
cloud-k3s-master3,1,2026-06-05 17:05:20 UTC,5387056,6871784,706624,8.91,102508,1581244,1234848,15.57,778572,1521664,360
cloud-k3s-master3,1,2026-06-05 17:05:21 UTC,5387056,6871788,706620,8.91,102508,1581248,1234848,15.57,778004,1521668,364
cloud-k3s-master3,1,2026-06-05 17:05:22 UTC,5386804,6871556,706848,8.91,102508,1581264,1234848,15.57,778068,1521688,372
cloud-k3s-master3,1,2026-06-05 17:05:23 UTC,5386804,6871568,706836,8.91,102508,1581276,1234848,15.57,778068,1521700,380
cloud-k3s-master3,1,2026-06-05 17:05:24 UTC,5386804,6871580,706788,8.91,102508,1581288,1234848,15.57,778068,1521712,128
cloud-k3s-master3,1,2026-06-05 17:05:25 UTC,5386552,6871336,707024,8.91,102508,1581300,1234848,15.57,778068,1521716,140
cloud-k3s-master3,1,2026-06-05 17:05:26 UTC,5386552,6871356,707012,8.91,102508,1581312,1234848,15.57,778352,1521736,148
cloud-k3s-master3,1,2026-06-05 17:05:27 UTC,5386552,6871356,707004,8.91,102508,1581320,1234848,15.57,778352,1521736,156
cloud-k3s-master3,1,2026-06-05 17:05:28 UTC,5386552,6871376,706988,8.91,102512,1581332,1234848,15.57,778352,1521756,164
cloud-k3s-master3,1,2026-06-05 17:05:29 UTC,5386552,6871380,706976,8.91,102512,1581344,1234848,15.57,778352,1521760,344
cloud-k3s-master3,1,2026-06-05 17:05:30 UTC,5386552,6871408,706964,8.91,102512,1581360,1234848,15.57,778352,1521788,184
cloud-k3s-master3,1,2026-06-05 17:05:31 UTC,5386552,6871408,706956,8.91,102512,1581368,1234848,15.57,780140,1521788,192
cloud-k3s-master3,1,2026-06-05 17:05:32 UTC,5386552,6871432,706940,8.91,102512,1581384,1234848,15.57,780264,1521812,340
cloud-k3s-master3,1,2026-06-05 17:05:33 UTC,5386552,6871444,706928,8.91,102512,1581396,1234848,15.57,780264,1521824,348
cloud-k3s-master3,1,2026-06-05 17:05:34 UTC,5386552,6871456,706916,8.91,102512,1581408,1234848,15.57,780264,1521836,468
cloud-k3s-master3,1,2026-06-05 17:05:35 UTC,5386552,6871464,706908,8.91,102512,1581416,1234848,15.57,780264,1521844,472
cloud-k3s-master3,1,2026-06-05 17:05:36 UTC,5386552,6871468,706896,8.91,102512,1581428,1234848,15.57,780264,1521848,480
cloud-k3s-master3,1,2026-06-05 17:05:37 UTC,5386552,6871484,706884,8.91,102512,1581436,1234848,15.57,780264,1521864,488
cloud-k3s-master3,1,2026-06-05 17:05:38 UTC,5386552,6871500,706900,8.91,102512,1581452,1234848,15.57,780264,1521880,244
cloud-k3s-master3,1,2026-06-05 17:05:39 UTC,5386552,6871508,706892,8.91,102512,1581460,1234848,15.57,780284,1521888,428
cloud-k3s-master3,1,2026-06-05 17:05:40 UTC,5386552,6871524,706880,8.91,102512,1581476,1234848,15.57,780284,1521904,440
cloud-k3s-master3,1,2026-06-05 17:05:41 UTC,5386552,6871532,706872,8.91,102512,1581484,1234848,15.57,780924,1521912,448
cloud-k3s-master3,1,2026-06-05 17:05:42 UTC,5386552,6871544,706860,8.91,102512,1581496,1234848,15.57,780984,1521924,456
cloud-k3s-master3,1,2026-06-05 17:05:43 UTC,5386552,6871556,706848,8.91,102512,1581508,1234848,15.57,781000,1521936,464
cloud-k3s-master3,1,2026-06-05 17:05:44 UTC,5386552,6871572,706832,8.91,102512,1581524,1234848,15.57,781004,1521952,300
cloud-k3s-master3,1,2026-06-05 17:05:45 UTC,5386552,6871580,706856,8.91,102512,1581532,1234848,15.57,781004,1521960,56
cloud-k3s-master3,1,2026-06-05 17:05:46 UTC,5386552,6871592,706848,8.91,102512,1581544,1234848,15.57,781008,1521972,72
cloud-k3s-master3,1,2026-06-05 17:05:47 UTC,5386552,6871604,706836,8.91,102512,1581556,1234848,15.57,781008,1521984,220
cloud-k3s-master3,1,2026-06-05 17:05:48 UTC,5386552,6871616,706820,8.91,102516,1581568,1234848,15.57,780364,1521996,232
cloud-k3s-master3,1,2026-06-05 17:05:49 UTC,5386552,6871624,706816,8.91,102516,1581580,1234848,15.57,780268,1522004,316
cloud-k3s-master3,1,2026-06-05 17:05:50 UTC,5386552,6871644,706804,8.91,102516,1581592,1234848,15.57,780268,1522024,324
cloud-k3s-master3,1,2026-06-05 17:05:51 UTC,5386552,6871652,706796,8.91,102516,1581600,1234848,15.57,779664,1522032,348
cloud-k3s-master3,1,2026-06-05 17:05:52 UTC,5386552,6871664,706784,8.91,102516,1581608,1234848,15.57,779664,1522040,180
cloud-k3s-master3,1,2026-06-05 17:05:53 UTC,5386552,6871684,706796,8.91,102516,1581628,1234848,15.57,779664,1522060,104
cloud-k3s-master3,1,2026-06-05 17:05:54 UTC,5386552,6871688,706780,8.91,102520,1581640,1234848,15.57,779664,1522064,284
cloud-k3s-master3,1,2026-06-05 17:05:55 UTC,5386552,6871712,706764,8.91,102520,1581652,1234848,15.57,779664,1522088,300
cloud-k3s-master3,1,2026-06-05 17:05:56 UTC,5386552,6871720,706752,8.91,102520,1581660,1234848,15.57,779952,1522096,308
cloud-k3s-master3,1,2026-06-05 17:05:57 UTC,5386552,6871732,706740,8.91,102520,1581672,1234848,15.57,779980,1522108,316
cloud-k3s-master3,1,2026-06-05 17:05:58 UTC,5386552,6871740,706732,8.91,102520,1581680,1234848,15.57,779980,1522116,320
cloud-k3s-master3,1,2026-06-05 17:05:59 UTC,5386552,6871748,706724,8.91,102520,1581688,1234848,15.57,779980,1522124,416
cloud-k3s-master3,1,2026-06-05 17:06:00 UTC,5386552,6871760,706712,8.91,102520,1581700,1234848,15.57,779980,1522136,156
cloud-k3s-master3,1,2026-06-05 17:06:01 UTC,5386552,6871776,706696,8.91,102520,1581716,1234848,15.57,780356,1522152,164
cloud-k3s-master3,1,2026-06-05 17:06:02 UTC,5385796,6871028,707444,8.92,102520,1581724,1234848,15.57,781380,1522160,172
cloud-k3s-master3,1,2026-06-05 17:06:03 UTC,5385796,6871044,707428,8.92,102520,1581740,1234848,15.57,781384,1522176,180
cloud-k3s-master3,1,2026-06-05 17:06:04 UTC,5385796,6871052,707420,8.92,102520,1581748,1234848,15.57,782032,1522184,360
cloud-k3s-master3,1,2026-06-05 17:06:05 UTC,5385796,6871064,707408,8.92,102520,1581760,1234848,15.57,782032,1522196,380
cloud-k3s-master3,1,2026-06-05 17:06:06 UTC,5385796,6871076,707384,8.92,102520,1581772,1234848,15.57,782032,1522208,388
cloud-k3s-master3,1,2026-06-05 17:06:07 UTC,5385796,6871088,707376,8.92,102520,1581784,1234848,15.57,782032,1522220,396
cloud-k3s-master3,1,2026-06-05 17:06:08 UTC,5385796,6871100,707364,8.92,102520,1581796,1234848,15.57,782032,1522232,404
cloud-k3s-master3,1,2026-06-05 17:06:09 UTC,5385796,6871104,707352,8.92,102520,1581808,1234848,15.57,782032,1522236,236
cloud-k3s-master3,1,2026-06-05 17:06:10 UTC,5385796,6871120,707344,8.92,102520,1581816,1234848,15.57,779796,1522252,240
cloud-k3s-master3,1,2026-06-05 17:06:11 UTC,5385544,6870880,707580,8.92,102520,1581828,1234848,15.57,780004,1522264,248
cloud-k3s-master3,1,2026-06-05 17:06:12 UTC,5385544,6870892,707568,8.92,102520,1581840,1234848,15.57,780144,1522276,256
cloud-k3s-master3,1,2026-06-05 17:06:13 UTC,5385544,6870904,707556,8.92,102520,1581852,1234848,15.57,780148,1522288,412
cloud-k3s-master3,1,2026-06-05 17:06:14 UTC,5385544,6870916,707544,8.92,102520,1581864,1234848,15.57,780148,1522300,420
cloud-k3s-master3,1,2026-06-05 17:06:15 UTC,5385544,6870932,707528,8.92,102520,1581880,1234848,15.57,780148,1522316,112
cloud-k3s-master3,1,2026-06-05 17:06:16 UTC,5385544,6870936,707516,8.92,102520,1581892,1234848,15.57,780148,1522320,64
cloud-k3s-master3,1,2026-06-05 17:06:17 UTC,5385544,6870948,707504,8.92,102520,1581904,1234848,15.57,780148,1522332,72
cloud-k3s-master3,1,2026-06-05 17:06:18 UTC,5384788,6870212,708248,8.93,102520,1581916,1234848,15.57,779480,1522352,76
cloud-k3s-master3,1,2026-06-05 17:06:19 UTC,5384788,6870212,708240,8.93,102520,1581924,1234848,15.57,779480,1522352,260
cloud-k3s-master3,1,2026-06-05 17:06:20 UTC,5384788,6870232,708228,8.93,102520,1581936,1234848,15.57,779480,1522372,248
cloud-k3s-master3,1,2026-06-05 17:06:21 UTC,5384788,6870244,708216,8.93,102520,1581948,1234848,15.57,779060,1522384,256
cloud-k3s-master3,1,2026-06-05 17:06:22 UTC,5384788,6870244,708208,8.93,102520,1581956,1234848,15.57,779076,1522384,264
cloud-k3s-master3,1,2026-06-05 17:06:23 UTC,5384788,6870268,708188,8.93,102520,1581972,1234848,15.57,779076,1522408,272
cloud-k3s-master3,1,2026-06-05 17:06:24 UTC,5384788,6870284,708172,8.93,102520,1581988,1234848,15.57,779076,1522424,292
cloud-k3s-master3,1,2026-06-05 17:06:25 UTC,5384788,6870288,708160,8.93,102520,1582000,1234848,15.57,779076,1522428,108
cloud-k3s-master3,1,2026-06-05 17:06:26 UTC,5384788,6870304,708152,8.93,102520,1582008,1234848,15.57,779348,1522444,256
cloud-k3s-master3,1,2026-06-05 17:06:27 UTC,5384788,6870332,708124,8.93,102520,1582032,1234848,15.57,779352,1522468,280
cloud-k3s-master3,1,2026-06-05 17:06:28 UTC,5384788,6870340,708116,8.93,102520,1582040,1234848,15.57,779352,1522476,288
cloud-k3s-master3,1,2026-06-05 17:06:29 UTC,5384788,6870352,708104,8.93,102520,1582052,1234848,15.57,779352,1522488,296
cloud-k3s-master3,1,2026-06-05 17:06:30 UTC,5384788,6870364,708092,8.93,102520,1582064,1234848,15.57,779352,1522500,416
cloud-k3s-master3,1,2026-06-05 17:06:31 UTC,5384788,6870368,708052,8.93,102520,1582076,1234848,15.57,779740,1522504,172
cloud-k3s-master3,1,2026-06-05 17:06:32 UTC,5384788,6870388,708036,8.93,102520,1582088,1234848,15.57,779776,1522524,180
cloud-k3s-master3,1,2026-06-05 17:06:33 UTC,5384788,6870404,708020,8.93,102524,1582100,1234848,15.57,779776,1522540,188
cloud-k3s-master3,1,2026-06-05 17:06:34 UTC,5384788,6870416,708004,8.93,102524,1582112,1234848,15.57,779776,1522552,376
cloud-k3s-master3,1,2026-06-05 17:06:35 UTC,5384788,6870420,707996,8.93,102524,1582120,1234848,15.57,779776,1522556,380
cloud-k3s-master3,1,2026-06-05 17:06:36 UTC,5383024,6868668,709756,8.95,102524,1582128,1237828,15.61,781104,1522568,388
cloud-k3s-master3,1,2026-06-05 17:06:37 UTC,5389876,6875532,702892,8.86,102524,1582140,1234848,15.57,779908,1522580,492
cloud-k3s-master3,1,2026-06-05 17:06:38 UTC,5388228,6873900,704524,8.88,102524,1582156,1234848,15.57,779776,1522596,580
cloud-k3s-master3,1,2026-06-05 17:06:39 UTC,5388228,6873912,704512,8.88,102528,1582168,1234848,15.57,779776,1522608,244
cloud-k3s-master3,1,2026-06-05 17:06:40 UTC,5388228,6873924,704504,8.88,102528,1582176,1234848,15.57,779776,1522620,256
cloud-k3s-master3,1,2026-06-05 17:06:41 UTC,5388228,6873936,704492,8.88,102528,1582188,1234848,15.57,780292,1522632,264
cloud-k3s-master3,1,2026-06-05 17:06:42 UTC,5388228,6873944,704484,8.88,102528,1582196,1234848,15.57,780320,1522640,272
cloud-k3s-master3,1,2026-06-05 17:06:43 UTC,5384852,6870584,707844,8.92,102528,1582212,1234848,15.57,784040,1522656,268
cloud-k3s-master3,1,2026-06-05 17:06:44 UTC,5384100,6869848,708576,8.93,102532,1582224,1234848,15.57,784072,1522672,452
cloud-k3s-master3,1,2026-06-05 17:06:45 UTC,5383596,6869360,709060,8.94,102532,1582248,1234848,15.57,784072,1522688,468
cloud-k3s-master3,1,2026-06-05 17:06:46 UTC,5383344,6869124,709296,8.94,102532,1582256,1234848,15.57,784072,1522704,228
cloud-k3s-master3,1,2026-06-05 17:06:47 UTC,5383092,6868888,709532,8.95,102532,1582272,1234848,15.57,784124,1522720,340
cloud-k3s-master3,1,2026-06-05 17:06:48 UTC,5385380,6871184,707236,8.92,102532,1582280,1234848,15.57,783592,1522728,364
cloud-k3s-master3,1,2026-06-05 17:06:49 UTC,5384624,6870440,707988,8.93,102532,1582292,1234848,15.57,783592,1522740,224
cloud-k3s-master3,1,2026-06-05 17:06:50 UTC,5384624,6870448,708012,8.93,102532,1582300,1234848,15.57,783592,1522748,112
cloud-k3s-master3,1,2026-06-05 17:06:51 UTC,5385524,6871360,707100,8.92,102532,1582312,1234848,15.57,782884,1522760,120
cloud-k3s-master3,1,2026-06-05 17:06:52 UTC,5385524,6871368,707092,8.92,102532,1582320,1234848,15.57,783028,1522768,72
cloud-k3s-master3,1,2026-06-05 17:06:53 UTC,5385524,6871388,707072,8.91,102536,1582336,1234848,15.57,783028,1522788,244
cloud-k3s-master3,1,2026-06-05 17:06:54 UTC,5385524,6871400,707056,8.91,102536,1582348,1234848,15.57,783028,1522800,236
cloud-k3s-master3,1,2026-06-05 17:06:55 UTC,5385524,6871416,707040,8.91,102536,1582364,1234848,15.57,783032,1522816,104
cloud-k3s-master3,1,2026-06-05 17:06:56 UTC,5385524,6871424,707036,8.91,102536,1582372,1234848,15.57,783220,1522824,112
cloud-k3s-master3,1,2026-06-05 17:06:57 UTC,5385524,6871436,707020,8.91,102536,1582384,1234848,15.57,783344,1522836,28
cloud-k3s-master3,1,2026-06-05 17:06:58 UTC,5385524,6871444,707012,8.91,102536,1582392,1234848,15.57,783344,1522844,36
cloud-k3s-master3,1,2026-06-05 17:06:59 UTC,5385524,6871456,707000,8.91,102536,1582404,1234848,15.57,783348,1522856,232
cloud-k3s-master3,1,2026-06-05 17:07:00 UTC,5385524,6871468,706988,8.91,102536,1582416,1234848,15.57,783348,1522868,244
cloud-k3s-master3,1,2026-06-05 17:07:01 UTC,5385272,6871232,707220,8.92,102536,1582432,1234848,15.57,783584,1522884,252
cloud-k3s-master3,1,2026-06-05 17:07:02 UTC,5385272,6871240,707208,8.92,102536,1582440,1234848,15.57,783636,1522892,260
cloud-k3s-master3,1,2026-06-05 17:07:03 UTC,5385272,6871256,707200,8.92,102536,1582456,1234848,15.57,783692,1522908,216
cloud-k3s-master3,1,2026-06-05 17:07:04 UTC,5385272,6871264,707188,8.92,102536,1582464,1234848,15.57,783692,1522916,228
cloud-k3s-master3,1,2026-06-05 17:07:05 UTC,5385272,6871284,707136,8.92,102536,1582480,1234848,15.57,783692,1522932,56
cloud-k3s-master3,1,2026-06-05 17:07:06 UTC,5386376,6872388,706020,8.90,102536,1582488,1234848,15.57,783600,1522932,64
cloud-k3s-master3,1,2026-06-05 17:07:07 UTC,5386376,6872412,706008,8.90,102536,1582504,1234848,15.57,783692,1522956,240
cloud-k3s-master3,1,2026-06-05 17:07:08 UTC,5385124,6871168,707252,8.92,102536,1582512,1234848,15.57,783692,1522964,248
cloud-k3s-master3,1,2026-06-05 17:07:09 UTC,5384872,6870932,707484,8.92,102536,1582528,1234848,15.57,783692,1522980,300
cloud-k3s-master3,1,2026-06-05 17:07:10 UTC,5384872,6870932,707476,8.92,102536,1582536,1234848,15.57,783692,1522980,316
cloud-k3s-master3,1,2026-06-05 17:07:11 UTC,5384872,6870948,707468,8.92,102536,1582544,1234848,15.57,784164,1522996,320
cloud-k3s-master3,1,2026-06-05 17:07:12 UTC,5384648,6870724,707684,8.92,102536,1582552,1234848,15.57,784228,1522996,64
cloud-k3s-master3,1,2026-06-05 17:07:13 UTC,5384648,6870748,707660,8.92,102536,1582568,1234848,15.57,784268,1523020,76
cloud-k3s-master3,1,2026-06-05 17:07:14 UTC,5384148,6870248,708152,8.93,102536,1582576,1234848,15.57,784268,1523020,256
cloud-k3s-master3,1,2026-06-05 17:07:15 UTC,5383896,6870028,708384,8.93,102540,1582596,1234848,15.57,784268,1523052,224
cloud-k3s-master3,1,2026-06-05 17:07:16 UTC,5383896,6870028,708376,8.93,102540,1582604,1234848,15.57,785128,1523052,236
cloud-k3s-master3,1,2026-06-05 17:07:17 UTC,5383896,6870052,708360,8.93,102540,1582620,1234848,15.57,785292,1523076,244
cloud-k3s-master3,1,2026-06-05 17:07:18 UTC,5383896,6870060,708352,8.93,102540,1582628,1234848,15.57,784604,1523084,252
cloud-k3s-master3,1,2026-06-05 17:07:19 UTC,5383896,6870076,708276,8.93,102540,1582644,1234848,15.57,784452,1523100,84
cloud-k3s-master3,1,2026-06-05 17:07:20 UTC,5383896,6870076,708268,8.93,102540,1582652,1234848,15.57,784452,1523100,92
cloud-k3s-master3,1,2026-06-05 17:07:21 UTC,5383896,6870100,708252,8.93,102540,1582664,1234848,15.57,783720,1523120,52
cloud-k3s-master3,1,2026-06-05 17:07:22 UTC,5383896,6870104,708240,8.93,102540,1582676,1234848,15.57,783840,1523124,64
cloud-k3s-master3,1,2026-06-05 17:07:23 UTC,5383896,6870124,708196,8.93,102540,1582688,1234848,15.57,783892,1523144,20
cloud-k3s-master3,1,2026-06-05 17:07:24 UTC,5383644,6869884,708436,8.93,102540,1582700,1234848,15.57,782304,1523156,216
cloud-k3s-master3,1,2026-06-05 17:07:25 UTC,5383644,6869900,708416,8.93,102540,1582716,1234848,15.57,782260,1523172,64
cloud-k3s-master3,1,2026-06-05 17:07:26 UTC,5383644,6869908,708408,8.93,102540,1582724,1234848,15.57,782548,1523180,72
cloud-k3s-master3,1,2026-06-05 17:07:27 UTC,5383644,6869912,708400,8.93,102540,1582736,1234848,15.57,782564,1523184,28
cloud-k3s-master3,1,2026-06-05 17:07:28 UTC,5383644,6869924,708388,8.93,102540,1582748,1234848,15.57,782564,1523196,40
cloud-k3s-master3,1,2026-06-05 17:07:29 UTC,5383644,6869932,708380,8.93,102540,1582756,1234848,15.57,782564,1523204,236
cloud-k3s-master3,1,2026-06-05 17:07:30 UTC,5383644,6869956,708364,8.93,102540,1582772,1234848,15.57,782564,1523228,204
cloud-k3s-master3,1,2026-06-05 17:07:31 UTC,5383392,6869708,708604,8.93,102540,1582784,1234848,15.57,782744,1523232,236
cloud-k3s-master3,1,2026-06-05 17:07:32 UTC,5383140,6869468,708844,8.94,102540,1582792,1234848,15.57,782892,1523240,248
cloud-k3s-master3,1,2026-06-05 17:07:33 UTC,5383140,6869492,708828,8.94,102540,1582808,1234848,15.57,782920,1523264,296
cloud-k3s-master3,1,2026-06-05 17:07:34 UTC,5383140,6869496,708816,8.94,102540,1582820,1234848,15.57,782920,1523268,136
cloud-k3s-master3,1,2026-06-05 17:07:35 UTC,5383140,6869516,708836,8.94,102540,1582832,1234848,15.57,782920,1523288,24
cloud-k3s-master3,1,2026-06-05 17:07:36 UTC,5383140,6869528,708824,8.94,102540,1582844,1234848,15.57,782920,1523300,32
cloud-k3s-master3,1,2026-06-05 17:07:37 UTC,5383140,6869528,708816,8.94,102540,1582852,1234848,15.57,782920,1523300,48
cloud-k3s-master3,1,2026-06-05 17:07:38 UTC,5383140,6869552,708800,8.94,102540,1582868,1234848,15.57,782920,1523324,56
cloud-k3s-master3,1,2026-06-05 17:07:39 UTC,5383140,6869564,708788,8.94,102540,1582880,1234848,15.57,782920,1523336,196
cloud-k3s-master3,1,2026-06-05 17:07:40 UTC,5383140,6869576,708808,8.94,102540,1582892,1234848,15.57,782920,1523348,40
cloud-k3s-master3,1,2026-06-05 17:07:41 UTC,5383140,6869584,708800,8.94,102540,1582900,1234848,15.57,783288,1523356,24
cloud-k3s-master3,1,2026-06-05 17:07:42 UTC,5383140,6869584,708792,8.94,102540,1582908,1234848,15.57,783420,1523356,32
cloud-k3s-master3,1,2026-06-05 17:07:43 UTC,5382888,6869352,709032,8.94,102540,1582920,1234848,15.57,783420,1523376,52
cloud-k3s-master3,1,2026-06-05 17:07:44 UTC,5382412,6868908,709476,8.95,102552,1582940,1234848,15.57,783420,1523408,256
cloud-k3s-master3,1,2026-06-05 17:07:45 UTC,5382412,6868928,709452,8.94,102556,1582960,1234848,15.57,783420,1523428,216
cloud-k3s-master3,1,2026-06-05 17:07:46 UTC,5382412,6868940,709440,8.94,102556,1582972,1234848,15.57,783420,1523440,228
cloud-k3s-master3,1,2026-06-05 17:07:47 UTC,5382412,6868956,709428,8.94,102556,1582984,1234848,15.57,783420,1523456,308
cloud-k3s-master3,1,2026-06-05 17:07:48 UTC,5382412,6868960,709424,8.94,102556,1582988,1234848,15.57,782732,1523460,272
cloud-k3s-master3,1,2026-06-05 17:07:49 UTC,5382412,6868964,709412,8.94,102556,1583000,1234848,15.57,782636,1523464,316
cloud-k3s-master3,1,2026-06-05 17:07:50 UTC,5382412,6868980,709404,8.94,102556,1583008,1234848,15.57,782636,1523480,68
cloud-k3s-master3,1,2026-06-05 17:07:51 UTC,5382160,6868744,709636,8.95,102556,1583024,1234848,15.57,782360,1523496,28
cloud-k3s-master3,1,2026-06-05 17:07:52 UTC,5382160,6868752,709632,8.95,102556,1583032,1234848,15.57,782388,1523504,52
cloud-k3s-master3,1,2026-06-05 17:07:53 UTC,5382160,6868768,709616,8.95,102556,1583048,1234848,15.57,782416,1523520,52
cloud-k3s-master3,1,2026-06-05 17:07:54 UTC,5382160,6868780,709604,8.95,102556,1583060,1234848,15.57,782416,1523532,228
cloud-k3s-master3,1,2026-06-05 17:07:55 UTC,5382160,6868792,709592,8.95,102556,1583072,1234848,15.57,782416,1523544,212
cloud-k3s-master3,1,2026-06-05 17:07:56 UTC,5382160,6868800,709584,8.95,102556,1583080,1234848,15.57,782736,1523552,220
cloud-k3s-master3,1,2026-06-05 17:07:57 UTC,5382160,6868796,709588,8.95,102556,1583092,1234848,15.57,782756,1523556,228
cloud-k3s-master3,1,2026-06-05 17:07:58 UTC,5382160,6868816,709576,8.95,102556,1583104,1234848,15.57,782756,1523576,236
cloud-k3s-master3,1,2026-06-05 17:07:59 UTC,5382160,6868828,709572,8.95,102556,1583116,1234848,15.57,782756,1523588,100
cloud-k3s-master3,1,2026-06-05 17:08:00 UTC,5382160,6868844,709556,8.95,102556,1583128,1234848,15.57,782756,1523600,112
cloud-k3s-master3,1,2026-06-05 17:08:01 UTC,5382160,6868860,709540,8.95,102556,1583144,1234848,15.57,783024,1523616,120
cloud-k3s-master3,1,2026-06-05 17:08:02 UTC,5382160,6868868,709532,8.95,102556,1583152,1234848,15.57,783024,1523624,128
cloud-k3s-master3,1,2026-06-05 17:08:03 UTC,5382160,6868892,709508,8.95,102556,1583176,1234848,15.57,783096,1523648,136
cloud-k3s-master3,1,2026-06-05 17:08:04 UTC,5382160,6868900,709496,8.95,102556,1583184,1234848,15.57,783096,1523656,316
cloud-k3s-master3,1,2026-06-05 17:08:05 UTC,5382160,6868916,709484,8.95,102556,1583200,1234848,15.57,783096,1523672,300
cloud-k3s-master3,1,2026-06-05 17:08:06 UTC,5382160,6868916,709476,8.95,102556,1583208,1234848,15.57,783096,1523672,308
cloud-k3s-master3,1,2026-06-05 17:08:07 UTC,5382160,6868936,709464,8.95,102556,1583220,1234848,15.57,783096,1523692,328
cloud-k3s-master3,1,2026-06-05 17:08:08 UTC,5382160,6868948,709448,8.94,102556,1583232,1234848,15.57,783096,1523704,336
cloud-k3s-master3,1,2026-06-05 17:08:09 UTC,5382160,6868964,709432,8.94,102556,1583248,1234848,15.57,783096,1523720,360
cloud-k3s-master3,1,2026-06-05 17:08:10 UTC,5382160,6868964,709424,8.94,102556,1583256,1234848,15.57,783096,1523720,364
cloud-k3s-master3,1,2026-06-05 17:08:11 UTC,5382160,6868984,709412,8.94,102556,1583268,1234848,15.57,783424,1523740,384
cloud-k3s-master3,1,2026-06-05 17:08:12 UTC,5382160,6868992,709404,8.94,102556,1583276,1234848,15.57,783600,1523748,372
cloud-k3s-master3,1,2026-06-05 17:08:13 UTC,5382160,6869004,709384,8.94,102556,1583296,1234848,15.57,783600,1523760,480
cloud-k3s-master3,1,2026-06-05 17:08:14 UTC,5381908,6868772,709624,8.95,102556,1583308,1234848,15.57,783604,1523780,488
cloud-k3s-master3,1,2026-06-05 17:08:15 UTC,5381908,6868788,709608,8.95,102560,1583320,1234848,15.57,783604,1523796,512
cloud-k3s-master3,1,2026-06-05 17:08:16 UTC,5381908,6868804,709592,8.95,102560,1583336,1234848,15.57,783604,1523812,520
cloud-k3s-master3,1,2026-06-05 17:08:17 UTC,5381908,6868820,709576,8.95,102560,1583352,1234848,15.57,783604,1523828,524
cloud-k3s-master3,1,2026-06-05 17:08:18 UTC,5381908,6868828,709568,8.95,102560,1583360,1234848,15.57,782920,1523836,508
cloud-k3s-master3,1,2026-06-05 17:08:19 UTC,5381908,6868844,709552,8.95,102560,1583376,1234848,15.57,782860,1523852,580
cloud-k3s-master3,1,2026-06-05 17:08:20 UTC,5381908,6868844,709520,8.95,102560,1583384,1234848,15.57,782884,1523852,276
cloud-k3s-master3,1,2026-06-05 17:08:21 UTC,5381656,6868616,709756,8.95,102560,1583400,1234848,15.57,782416,1523876,292
cloud-k3s-master3,1,2026-06-05 17:08:22 UTC,5381656,6868616,709748,8.95,102560,1583408,1234848,15.57,782460,1523876,128
cloud-k3s-master3,1,2026-06-05 17:08:23 UTC,5381656,6868640,709732,8.95,102560,1583424,1234848,15.57,782464,1523900,64
cloud-k3s-master3,1,2026-06-05 17:08:24 UTC,5381656,6868648,709724,8.95,102560,1583432,1234848,15.57,782464,1523908,200
cloud-k3s-master3,1,2026-06-05 17:08:25 UTC,5381656,6868660,709712,8.95,102560,1583444,1234848,15.57,782464,1523920,300
cloud-k3s-master3,1,2026-06-05 17:08:26 UTC,5381656,6868680,709692,8.95,102560,1583464,1234848,15.57,782720,1523940,308
cloud-k3s-master3,1,2026-06-05 17:08:27 UTC,5381656,6868696,709676,8.95,102560,1583476,1234848,15.57,782776,1523952,316
cloud-k3s-master3,1,2026-06-05 17:08:28 UTC,5381656,6868708,709664,8.95,102560,1583488,1234848,15.57,782776,1523964,324
cloud-k3s-master3,1,2026-06-05 17:08:29 UTC,5381656,6868716,709660,8.95,102560,1583496,1234848,15.57,782776,1523972,332
cloud-k3s-master3,1,2026-06-05 17:08:30 UTC,5381656,6868728,709656,8.95,102560,1583508,1234848,15.57,782776,1523984,96
cloud-k3s-master3,1,2026-06-05 17:08:31 UTC,5381404,6868488,709896,8.95,102564,1583516,1234848,15.57,782948,1523996,104
cloud-k3s-master3,1,2026-06-05 17:08:32 UTC,5381404,6868504,709872,8.95,102564,1583532,1234848,15.57,783068,1524012,112
cloud-k3s-master3,1,2026-06-05 17:08:33 UTC,5381404,6868516,709860,8.95,102564,1583544,1234848,15.57,783120,1524024,120
cloud-k3s-master3,1,2026-06-05 17:08:34 UTC,5381404,6868524,709852,8.95,102564,1583552,1234848,15.57,783120,1524032,300
cloud-k3s-master3,1,2026-06-05 17:08:35 UTC,5381404,6868536,709840,8.95,102564,1583564,1234848,15.57,783120,1524044,296
cloud-k3s-master3,1,2026-06-05 17:08:36 UTC,5381404,6868548,709832,8.95,102564,1583576,1234848,15.57,783124,1524056,308
cloud-k3s-master3,1,2026-06-05 17:08:37 UTC,5381404,6868564,709816,8.95,102564,1583592,1234848,15.57,783124,1524072,316
cloud-k3s-master3,1,2026-06-05 17:08:38 UTC,5374360,6861544,716644,9.04,102564,1583676,1277420,16.11,772988,1524088,496
cloud-k3s-master3,1,2026-06-05 17:08:39 UTC,5365288,6852512,725672,9.15,102564,1583712,1291884,16.29,787612,1524124,308
cloud-k3s-master3,1,2026-06-05 17:08:40 UTC,5390872,6878108,700140,8.83,102564,1583656,1234848,15.57,770804,1524136,36
cloud-k3s-master3,1,2026-06-05 17:08:41 UTC,5390620,6877876,700388,8.83,102564,1583676,1234848,15.57,771208,1524156,280
cloud-k3s-master3,1,2026-06-05 17:08:42 UTC,5390396,6877660,700608,8.83,102564,1583684,1234848,15.57,771392,1524164,288
cloud-k3s-master3,1,2026-06-05 17:08:43 UTC,5389640,6876916,701352,8.84,102564,1583696,1234848,15.57,771416,1524176,296
cloud-k3s-master3,1,2026-06-05 17:08:44 UTC,5389640,6876924,701352,8.84,102564,1583704,1234848,15.57,771416,1524184,412
cloud-k3s-master3,1,2026-06-05 17:08:45 UTC,5389640,6876936,701344,8.84,102564,1583716,1234848,15.57,771420,1524196,316
cloud-k3s-master3,1,2026-06-05 17:08:46 UTC,5389640,6876952,701328,8.84,102564,1583732,1234848,15.57,771420,1524212,332
cloud-k3s-master3,1,2026-06-05 17:08:47 UTC,5389640,6876964,701316,8.84,102564,1583744,1234848,15.57,771420,1524224,340
cloud-k3s-master3,1,2026-06-05 17:08:48 UTC,5389388,6876724,701548,8.85,102564,1583756,1234848,15.57,770656,1524236,348
cloud-k3s-master3,1,2026-06-05 17:08:49 UTC,5389388,6876736,701536,8.85,102564,1583768,1237824,15.61,771988,1524248,356
cloud-k3s-master3,1,2026-06-05 17:08:50 UTC,5391680,6879028,699236,8.82,102564,1583776,1234848,15.57,770656,1524248,480
cloud-k3s-master3,1,2026-06-05 17:08:51 UTC,5389948,6877320,700952,8.84,102564,1583792,1234848,15.57,769876,1524272,160
cloud-k3s-master3,1,2026-06-05 17:08:52 UTC,5389192,6876572,701704,8.85,102564,1583800,1234848,15.57,769860,1524280,156
cloud-k3s-master3,1,2026-06-05 17:08:53 UTC,5389192,6876592,701684,8.85,102564,1583820,1234848,15.57,769736,1524300,316
cloud-k3s-master3,1,2026-06-05 17:08:54 UTC,5389192,6876592,701676,8.85,102564,1583828,1234848,15.57,769736,1524300,324
cloud-k3s-master3,1,2026-06-05 17:08:55 UTC,5389192,6876624,701652,8.85,102564,1583852,1234848,15.57,769736,1524332,432
cloud-k3s-master3,1,2026-06-05 17:08:56 UTC,5389192,6876632,701644,8.85,102564,1583860,1234848,15.57,770020,1524340,424
cloud-k3s-master3,1,2026-06-05 17:08:57 UTC,5389192,6876660,701648,8.85,102580,1583872,1234848,15.57,770064,1524368,144
cloud-k3s-master3,1,2026-06-05 17:08:58 UTC,5388940,6876432,701868,8.85,102580,1583904,1234848,15.57,770064,1524392,176
cloud-k3s-master3,1,2026-06-05 17:08:59 UTC,5388940,6876684,701624,8.85,102748,1583972,1234848,15.57,770064,1524636,372
cloud-k3s-master3,1,2026-06-05 17:09:00 UTC,5388940,6876740,701568,8.85,102748,1584028,1234848,15.57,770064,1524692,392
cloud-k3s-master3,1,2026-06-05 17:09:01 UTC,5388940,6876752,701556,8.85,102748,1584040,1234848,15.57,770352,1524704,396
cloud-k3s-master3,1,2026-06-05 17:09:02 UTC,5388940,6876760,701548,8.85,102748,1584048,1234848,15.57,770368,1524712,404
cloud-k3s-master3,1,2026-06-05 17:09:03 UTC,5388940,6876780,701528,8.85,102752,1584064,1234848,15.57,770408,1524732,380
cloud-k3s-master3,1,2026-06-05 17:09:04 UTC,5388940,6876788,701520,8.84,102752,1584072,1234848,15.57,770408,1524740,340
cloud-k3s-master3,1,2026-06-05 17:09:05 UTC,5388940,6876800,701508,8.84,102752,1584084,1234848,15.57,770412,1524752,228
cloud-k3s-master3,1,2026-06-05 17:09:06 UTC,5388940,6876800,701500,8.84,102752,1584092,1234848,15.57,770412,1524752,236
cloud-k3s-master3,1,2026-06-05 17:09:07 UTC,5388940,6876824,701484,8.84,102752,1584108,1234848,15.57,770412,1524776,392
cloud-k3s-master3,1,2026-06-05 17:09:08 UTC,5387680,6875576,702728,8.86,102752,1584120,1237700,15.61,771780,1524788,496
cloud-k3s-master3,1,2026-06-05 17:09:09 UTC,5395044,6882956,695348,8.77,102752,1584136,1234848,15.57,770532,1524804,300
cloud-k3s-master3,1,2026-06-05 17:09:10 UTC,5394288,6882200,696096,8.78,102752,1584144,1234848,15.57,770412,1524804,308
cloud-k3s-master3,1,2026-06-05 17:09:11 UTC,5394036,6881968,696336,8.78,102752,1584156,1234848,15.57,770980,1524824,316
cloud-k3s-master3,1,2026-06-05 17:09:12 UTC,5394036,6881976,696324,8.78,102752,1584164,1234848,15.57,771028,1524832,60
cloud-k3s-master3,1,2026-06-05 17:09:13 UTC,5394036,6881988,696312,8.78,102752,1584176,1234848,15.57,771028,1524844,80
cloud-k3s-master3,1,2026-06-05 17:09:14 UTC,5393536,6881496,696804,8.79,102752,1584184,1234848,15.57,771028,1524852,196
cloud-k3s-master3,1,2026-06-05 17:09:15 UTC,5393536,6881516,696784,8.79,102752,1584204,1234848,15.57,771028,1524872,232
cloud-k3s-master3,1,2026-06-05 17:09:16 UTC,5393284,6881268,697020,8.79,102752,1584216,1234848,15.57,771028,1524876,240
cloud-k3s-master3,1,2026-06-05 17:09:17 UTC,5392528,6880532,697760,8.80,102756,1584228,1237700,15.61,772312,1524896,248
cloud-k3s-master3,1,2026-06-05 17:09:18 UTC,5389708,6877732,700568,8.83,102756,1584244,1241008,15.65,773336,1524916,360
cloud-k3s-master3,1,2026-06-05 17:09:19 UTC,5392728,6880764,697536,8.79,102756,1584256,1234848,15.57,770620,1524928,420
cloud-k3s-master3,1,2026-06-05 17:09:20 UTC,5394760,6882796,695528,8.77,102756,1584264,1234848,15.57,770480,1524928,264
cloud-k3s-master3,1,2026-06-05 17:09:21 UTC,5394508,6882568,695768,8.77,102756,1584280,1234848,15.57,769764,1524952,320
cloud-k3s-master3,1,2026-06-05 17:09:22 UTC,5394508,6882572,695752,8.77,102760,1584292,1234848,15.57,769872,1524956,392
cloud-k3s-master3,1,2026-06-05 17:09:23 UTC,5394508,6882596,695740,8.77,102760,1584304,1234848,15.57,769864,1524980,388
cloud-k3s-master3,1,2026-06-05 17:09:24 UTC,5394284,6882376,695952,8.77,102760,1584316,1234848,15.57,769864,1524984,212
cloud-k3s-master3,1,2026-06-05 17:09:25 UTC,5394284,6882396,695908,8.77,102760,1584328,1234848,15.57,769864,1525004,168
cloud-k3s-master3,1,2026-06-05 17:09:26 UTC,5394284,6882396,695900,8.77,102760,1584336,1234848,15.57,770172,1525004,116
cloud-k3s-master3,1,2026-06-05 17:09:27 UTC,5394284,6882420,695884,8.77,102760,1584352,1234848,15.57,770180,1525028,136
cloud-k3s-master3,1,2026-06-05 17:09:28 UTC,5394284,6882428,695872,8.77,102760,1584360,1234848,15.57,770184,1525036,144
cloud-k3s-master3,1,2026-06-05 17:09:29 UTC,5392520,6880680,697620,8.80,102760,1584376,1234848,15.57,771208,1525052,336
cloud-k3s-master3,1,2026-06-05 17:09:30 UTC,5392520,6880700,697600,8.80,102764,1584388,1234848,15.57,771208,1525068,196
cloud-k3s-master3,1,2026-06-05 17:09:31 UTC,5392520,6880712,697588,8.80,102764,1584400,1234848,15.57,771328,1525080,204
cloud-k3s-master3,1,2026-06-05 17:09:32 UTC,5392520,6880716,697576,8.80,102764,1584412,1234848,15.57,771616,1525084,212
cloud-k3s-master3,1,2026-06-05 17:09:33 UTC,5392520,6880736,697564,8.80,102764,1584424,1234848,15.57,771648,1525104,200
cloud-k3s-master3,1,2026-06-05 17:09:34 UTC,5392520,6880736,697556,8.79,102764,1584432,1234848,15.57,771648,1525104,380
cloud-k3s-master3,1,2026-06-05 17:09:35 UTC,5392520,6880756,697544,8.79,102764,1584444,1234848,15.57,771648,1525124,392
cloud-k3s-master3,1,2026-06-05 17:09:36 UTC,5392520,6880776,697528,8.79,102764,1584464,1234848,15.57,771648,1525144,480
cloud-k3s-master3,1,2026-06-05 17:09:37 UTC,5390532,6878792,699512,8.82,102768,1584464,1234848,15.57,772672,1525148,484
cloud-k3s-master3,1,2026-06-05 17:09:38 UTC,5390532,6878824,699480,8.82,102768,1584496,1234848,15.57,772672,1525180,468
cloud-k3s-master3,1,2026-06-05 17:09:39 UTC,5390532,6878832,699472,8.82,102772,1584500,1234848,15.57,772672,1525188,476
cloud-k3s-master3,1,2026-06-05 17:09:40 UTC,5390532,6878848,699424,8.82,102772,1584516,1234848,15.57,772672,1525204,240
cloud-k3s-master3,1,2026-06-05 17:09:41 UTC,5390532,6878860,699412,8.82,102772,1584528,1234848,15.57,772920,1525216,260
cloud-k3s-master3,1,2026-06-05 17:09:42 UTC,5390532,6878872,699404,8.82,102772,1584540,1234848,15.57,773152,1525228,268
cloud-k3s-master3,1,2026-06-05 17:09:43 UTC,5390284,6878632,699644,8.82,102772,1584548,1234848,15.57,773188,1525236,104
cloud-k3s-master3,1,2026-06-05 17:09:44 UTC,5390036,6878388,699880,8.82,102772,1584560,1234848,15.57,773188,1525240,192
cloud-k3s-master3,1,2026-06-05 17:09:45 UTC,5390036,6878404,699872,8.82,102772,1584568,1234848,15.57,773188,1525256,24
cloud-k3s-master3,1,2026-06-05 17:09:46 UTC,5390036,6878420,699856,8.82,102772,1584584,1234848,15.57,773188,1525272,68
cloud-k3s-master3,1,2026-06-05 17:09:47 UTC,5390036,6878432,699840,8.82,102772,1584596,1234848,15.57,773188,1525284,76
cloud-k3s-master3,1,2026-06-05 17:09:48 UTC,5390036,6878452,699820,8.82,102776,1584612,1234848,15.57,772472,1525304,224
cloud-k3s-master3,1,2026-06-05 17:09:49 UTC,5390036,6878452,699812,8.82,102776,1584620,1234848,15.57,772472,1525304,232
cloud-k3s-master3,1,2026-06-05 17:09:50 UTC,5390036,6878464,699800,8.82,102776,1584632,1234848,15.57,772472,1525316,320
cloud-k3s-master3,1,2026-06-05 17:09:51 UTC,5389784,6878228,700044,8.83,102776,1584640,1234848,15.57,771928,1525332,348
cloud-k3s-master3,1,2026-06-05 17:09:52 UTC,5389784,6878240,700032,8.83,102776,1584652,1234848,15.57,771972,1525344,184
cloud-k3s-master3,1,2026-06-05 17:09:53 UTC,5389532,6878004,700292,8.83,102776,1584668,1234848,15.57,771952,1525360,108
cloud-k3s-master3,1,2026-06-05 17:09:54 UTC,5389532,6878004,700284,8.83,102776,1584676,1234848,15.57,771952,1525360,292
cloud-k3s-master3,1,2026-06-05 17:09:55 UTC,5389532,6878028,700264,8.83,102776,1584688,1234848,15.57,771952,1525380,312
cloud-k3s-master3,1,2026-06-05 17:09:56 UTC,5389532,6878044,700248,8.83,102780,1584700,1234848,15.57,772256,1525396,320
cloud-k3s-master3,1,2026-06-05 17:09:57 UTC,5389532,6878056,700240,8.83,102780,1584712,1234848,15.57,772280,1525408,312
cloud-k3s-master3,1,2026-06-05 17:09:58 UTC,5389532,6878068,700224,8.83,102784,1584724,1234848,15.57,772280,1525420,320
cloud-k3s-master3,1,2026-06-05 17:09:59 UTC,5389532,6878084,700212,8.83,102784,1584736,1234848,15.57,772280,1525436,340
cloud-k3s-master3,1,2026-06-05 17:10:00 UTC,5389532,6878096,700200,8.83,102784,1584748,1234848,15.57,772108,1525448,308
cloud-k3s-master3,1,2026-06-05 17:10:01 UTC,5389532,6878100,700192,8.83,102784,1584760,1234848,15.57,772088,1525452,316
cloud-k3s-master3,1,2026-06-05 17:10:02 UTC,5389532,6878120,700180,8.83,102784,1584772,1234848,15.57,772424,1525472,300
cloud-k3s-master3,1,2026-06-05 17:10:03 UTC,5389532,6878132,700164,8.83,102784,1584784,1234848,15.57,772424,1525484,320
cloud-k3s-master3,1,2026-06-05 17:10:04 UTC,5389532,6878140,700156,8.83,102784,1584792,1237824,15.61,773760,1525492,432
cloud-k3s-master3,1,2026-06-05 17:10:05 UTC,5391696,6880324,697972,8.80,102788,1584808,1234848,15.57,772580,1525512,504
cloud-k3s-master3,1,2026-06-05 17:10:06 UTC,5391824,6880468,697820,8.80,102788,1584824,1234848,15.57,772424,1525528,552
cloud-k3s-master3,1,2026-06-05 17:10:07 UTC,5391572,6880224,698060,8.80,102788,1584832,1234848,15.57,772424,1525536,560
cloud-k3s-master3,1,2026-06-05 17:10:08 UTC,5391572,6880244,698036,8.80,102788,1584852,1234848,15.57,772424,1525556,532
cloud-k3s-master3,1,2026-06-05 17:10:09 UTC,5391572,6880256,698024,8.80,102788,1584864,1234848,15.57,772424,1525568,644
cloud-k3s-master3,1,2026-06-05 17:10:10 UTC,5391572,6880260,697980,8.80,102788,1584876,1234848,15.57,772424,1525572,264
cloud-k3s-master3,1,2026-06-05 17:10:11 UTC,5391572,6880276,697968,8.80,102788,1584884,1234848,15.57,772708,1525588,256
cloud-k3s-master3,1,2026-06-05 17:10:12 UTC,5391572,6880288,697956,8.80,102788,1584896,1234848,15.57,772848,1525600,264
cloud-k3s-master3,1,2026-06-05 17:10:13 UTC,5391572,6880300,697944,8.80,102788,1584908,1234848,15.57,772848,1525612,244
cloud-k3s-master3,1,2026-06-05 17:10:14 UTC,5391348,6880084,698160,8.80,102788,1584920,1234848,15.57,772848,1525620,504
cloud-k3s-master3,1,2026-06-05 17:10:15 UTC,5391348,6880104,698144,8.80,102788,1584936,1234848,15.57,772848,1525640,292
cloud-k3s-master3,1,2026-06-05 17:10:16 UTC,5391348,6880104,698140,8.80,102788,1584944,1234848,15.57,772848,1525640,304
cloud-k3s-master3,1,2026-06-05 17:10:17 UTC,5391348,6880124,698128,8.80,102788,1584956,1234848,15.57,772848,1525660,312
cloud-k3s-master3,1,2026-06-05 17:10:18 UTC,5391348,6880136,698116,8.80,102788,1584968,1234848,15.57,772160,1525672,320
cloud-k3s-master3,1,2026-06-05 17:10:19 UTC,5391348,6880152,698100,8.80,102788,1584984,1234848,15.57,772120,1525688,248
cloud-k3s-master3,1,2026-06-05 17:10:20 UTC,5391348,6880152,698092,8.80,102788,1584992,1234848,15.57,772120,1525688,228
cloud-k3s-master3,1,2026-06-05 17:10:21 UTC,5391348,6880176,698076,8.80,102788,1585004,1234848,15.57,771604,1525708,256
cloud-k3s-master3,1,2026-06-05 17:10:22 UTC,5391096,6879924,698320,8.80,102788,1585012,1234848,15.57,771744,1525708,264
cloud-k3s-master3,1,2026-06-05 17:10:23 UTC,5390844,6879696,698556,8.81,102788,1585028,1234848,15.57,772076,1525732,272
cloud-k3s-master3,1,2026-06-05 17:10:24 UTC,5390844,6879704,698540,8.81,102792,1585040,1234848,15.57,772076,1525740,96
cloud-k3s-master3,1,2026-06-05 17:10:25 UTC,5390844,6879720,698532,8.81,102792,1585048,1234848,15.57,772076,1525756,112
cloud-k3s-master3,1,2026-06-05 17:10:26 UTC,5390844,6879740,698512,8.81,102792,1585068,1234848,15.57,772360,1525776,92
cloud-k3s-master3,1,2026-06-05 17:10:27 UTC,5390844,6879756,698496,8.81,102796,1585080,1234848,15.57,772368,1525792,112
cloud-k3s-master3,1,2026-06-05 17:10:28 UTC,5390844,6879768,698484,8.81,102796,1585092,1234848,15.57,772368,1525804,120
cloud-k3s-master3,1,2026-06-05 17:10:29 UTC,5390592,6879528,698720,8.81,102796,1585104,1234848,15.57,773420,1525816,132
cloud-k3s-master3,1,2026-06-05 17:10:30 UTC,5390088,6879040,699208,8.82,102796,1585120,1234848,15.57,774272,1525832,152
cloud-k3s-master3,1,2026-06-05 17:10:31 UTC,5389332,6878296,699952,8.83,102796,1585132,1234848,15.57,775384,1525844,160
cloud-k3s-master3,1,2026-06-05 17:10:32 UTC,5387568,6876540,701708,8.85,102796,1585140,1234848,15.57,777444,1525852,144
cloud-k3s-master3,1,2026-06-05 17:10:33 UTC,5386812,6875796,702452,8.86,102796,1585152,1234848,15.57,778452,1525864,164
cloud-k3s-master3,1,2026-06-05 17:10:34 UTC,5386812,6875808,702440,8.86,102796,1585164,1234848,15.57,778612,1525876,340
cloud-k3s-master3,1,2026-06-05 17:10:35 UTC,5386812,6875808,702432,8.86,102796,1585172,1234848,15.57,778660,1525876,348
cloud-k3s-master3,1,2026-06-05 17:10:36 UTC,5386812,6875820,702420,8.86,102796,1585184,1234848,15.57,778716,1525888,368
cloud-k3s-master3,1,2026-06-05 17:10:37 UTC,5386812,6875840,702404,8.86,102796,1585196,1234848,15.57,778800,1525908,380
cloud-k3s-master3,1,2026-06-05 17:10:38 UTC,5386812,6875856,702384,8.86,102796,1585212,1234848,15.57,778804,1525924,464
cloud-k3s-master3,1,2026-06-05 17:10:39 UTC,5386812,6875868,702376,8.86,102796,1585224,1234848,15.57,778804,1525936,472
cloud-k3s-master3,1,2026-06-05 17:10:40 UTC,5386812,6875880,702396,8.86,102796,1585236,1234848,15.57,778804,1525948,232
cloud-k3s-master3,1,2026-06-05 17:10:41 UTC,5386560,6875640,702636,8.86,102796,1585248,1234848,15.57,779256,1525960,244
cloud-k3s-master3,1,2026-06-05 17:10:42 UTC,5386084,6875172,703104,8.86,102796,1585256,1234848,15.57,779484,1525968,252
cloud-k3s-master3,1,2026-06-05 17:10:43 UTC,5385580,6874680,703592,8.87,102796,1585268,1234848,15.57,779520,1525980,228
cloud-k3s-master3,1,2026-06-05 17:10:44 UTC,5385328,6874440,703832,8.87,102796,1585280,1234848,15.57,779520,1525992,424
cloud-k3s-master3,1,2026-06-05 17:10:45 UTC,5385328,6874448,703824,8.87,102796,1585288,1234848,15.57,779520,1526000,260
cloud-k3s-master3,1,2026-06-05 17:10:46 UTC,5385328,6874460,703812,8.87,102796,1585300,1234848,15.57,779520,1526012,108
cloud-k3s-master3,1,2026-06-05 17:10:47 UTC,5385076,6874224,704048,8.88,102796,1585312,1234848,15.57,779520,1526024,52
cloud-k3s-master3,1,2026-06-05 17:10:48 UTC,5385076,6874236,704036,8.88,102796,1585324,1234848,15.57,779004,1526036,64
cloud-k3s-master3,1,2026-06-05 17:10:49 UTC,5385076,6874248,704024,8.88,102800,1585332,1234848,15.57,778788,1526048,204
cloud-k3s-master3,1,2026-06-05 17:10:50 UTC,5385076,6874264,704008,8.88,102800,1585348,1234848,15.57,778788,1526064,232
cloud-k3s-master3,1,2026-06-05 17:10:51 UTC,5384320,6873512,704752,8.89,102800,1585356,1234848,15.57,777936,1526068,240
cloud-k3s-master3,1,2026-06-05 17:10:52 UTC,5384320,6873528,704736,8.89,102804,1585368,1234848,15.57,778048,1526084,328
cloud-k3s-master3,1,2026-06-05 17:10:53 UTC,5384320,6873544,704724,8.89,102808,1585380,1234848,15.57,778056,1526100,336
cloud-k3s-master3,1,2026-06-05 17:10:54 UTC,5384320,6873556,704708,8.89,102808,1585392,1234848,15.57,778056,1526112,92
cloud-k3s-master3,1,2026-06-05 17:10:55 UTC,5384320,6873564,704696,8.88,102808,1585404,1234848,15.57,778056,1526120,100
cloud-k3s-master3,1,2026-06-05 17:10:56 UTC,5384320,6873580,704684,8.88,102808,1585412,1234848,15.57,778376,1526136,108
cloud-k3s-master3,1,2026-06-05 17:10:57 UTC,5384320,6873592,704668,8.88,102812,1585424,1234848,15.57,778440,1526148,112
cloud-k3s-master3,1,2026-06-05 17:10:58 UTC,5384320,6873608,704660,8.88,102812,1585436,1234848,15.57,778440,1526164,120
cloud-k3s-master3,1,2026-06-05 17:10:59 UTC,5384320,6873620,704648,8.88,102816,1585444,1234848,15.57,778440,1526176,304
cloud-k3s-master3,1,2026-06-05 17:11:00 UTC,5384320,6873648,704620,8.88,102816,1585468,1234848,15.57,778440,1526200,120
cloud-k3s-master3,1,2026-06-05 17:11:01 UTC,5384320,6873660,704608,8.88,102816,1585480,1234848,15.57,778440,1526212,144
cloud-k3s-master3,1,2026-06-05 17:11:02 UTC,5384320,6873668,704600,8.88,102816,1585488,1234848,15.57,778820,1526220,296
cloud-k3s-master3,1,2026-06-05 17:11:03 UTC,5384320,6873692,704576,8.88,102820,1585508,1234848,15.57,778820,1526244,312
cloud-k3s-master3,1,2026-06-05 17:11:04 UTC,5384320,6873692,704560,8.88,102820,1585516,1234848,15.57,778820,1526244,432
cloud-k3s-master3,1,2026-06-05 17:11:05 UTC,5384320,6873712,704548,8.88,102820,1585528,1234848,15.57,778820,1526264,444
cloud-k3s-master3,1,2026-06-05 17:11:06 UTC,5384320,6873712,704524,8.88,102820,1585536,1234848,15.57,778820,1526264,416
cloud-k3s-master3,1,2026-06-05 17:11:07 UTC,5384320,6873728,704512,8.88,102820,1585544,1234848,15.57,778820,1526280,252
cloud-k3s-master3,1,2026-06-05 17:11:08 UTC,5384320,6873744,704452,8.88,102820,1585560,1234848,15.57,778820,1526296,196
cloud-k3s-master3,1,2026-06-05 17:11:09 UTC,5384320,6873756,704440,8.88,102820,1585572,1234848,15.57,778820,1526308,376
cloud-k3s-master3,1,2026-06-05 17:11:10 UTC,5384320,6873772,704424,8.88,102820,1585588,1234848,15.57,778820,1526324,396
cloud-k3s-master3,1,2026-06-05 17:11:11 UTC,5384068,6873528,704668,8.88,102820,1585596,1234848,15.57,778960,1526332,404
cloud-k3s-master3,1,2026-06-05 17:11:12 UTC,5384068,6873540,704656,8.88,102820,1585608,1234848,15.57,779060,1526344,412
cloud-k3s-master3,1,2026-06-05 17:11:13 UTC,5384068,6873552,704644,8.88,102820,1585620,1234848,15.57,779060,1526356,392
cloud-k3s-master3,1,2026-06-05 17:11:14 UTC,5383564,6873060,705140,8.89,102820,1585632,1234848,15.57,779064,1526368,224
cloud-k3s-master3,1,2026-06-05 17:11:15 UTC,5383564,6873060,705124,8.89,102820,1585640,1234848,15.57,779064,1526368,256
cloud-k3s-master3,1,2026-06-05 17:11:16 UTC,5383564,6873084,705104,8.89,102820,1585656,1234848,15.57,779064,1526392,268
cloud-k3s-master3,1,2026-06-05 17:11:17 UTC,5383564,6873096,705092,8.89,102820,1585668,1234848,15.57,779064,1526404,168
cloud-k3s-master3,1,2026-06-05 17:11:18 UTC,5383564,6873108,705080,8.89,102820,1585680,1234848,15.57,778472,1526416,192
cloud-k3s-master3,1,2026-06-05 17:11:19 UTC,5383564,6873116,705072,8.89,102820,1585688,1234848,15.57,778472,1526424,164
cloud-k3s-master3,1,2026-06-05 17:11:20 UTC,5383564,6873124,705084,8.89,102820,1585704,1234848,15.57,778472,1526432,56
cloud-k3s-master3,1,2026-06-05 17:11:21 UTC,5383564,6873128,705068,8.89,102824,1585716,1234848,15.57,777760,1526436,64
cloud-k3s-master3,1,2026-06-05 17:11:22 UTC,5383564,6873156,705060,8.89,102824,1585724,1234848,15.57,778072,1526464,68
cloud-k3s-master3,1,2026-06-05 17:11:23 UTC,5383564,6873172,705044,8.89,102824,1585740,1234848,15.57,778072,1526480,76
cloud-k3s-master3,1,2026-06-05 17:11:24 UTC,5387564,6877184,701020,8.84,102824,1585752,1234848,15.57,778244,1526492,348
cloud-k3s-master3,1,2026-06-05 17:11:25 UTC,5387324,6876948,701252,8.84,102824,1585764,1234848,15.57,778072,1526496,388
cloud-k3s-master3,1,2026-06-05 17:11:26 UTC,5387324,6876964,701244,8.84,102824,1585772,1234848,15.57,778364,1526512,396
cloud-k3s-master3,1,2026-06-05 17:11:27 UTC,5387324,6876968,701232,8.84,102828,1585780,1234848,15.57,778412,1526516,400
cloud-k3s-master3,1,2026-06-05 17:11:28 UTC,5387324,6876984,701224,8.84,102828,1585788,1234848,15.57,778412,1526532,408
cloud-k3s-master3,1,2026-06-05 17:11:29 UTC,5387324,6876996,701212,8.84,102828,1585800,1234848,15.57,778412,1526544,296
cloud-k3s-master3,1,2026-06-05 17:11:30 UTC,5387072,6876764,701476,8.84,102832,1585820,1234848,15.57,778412,1526564,152
cloud-k3s-master3,1,2026-06-05 17:11:31 UTC,5387072,6876788,701456,8.84,102832,1585840,1234848,15.57,778412,1526588,124
cloud-k3s-master3,1,2026-06-05 17:11:32 UTC,5386820,6876560,701684,8.85,102832,1585860,1234848,15.57,778732,1526608,132
cloud-k3s-master3,1,2026-06-05 17:11:33 UTC,5386820,6876576,701668,8.85,102836,1585872,1234848,15.57,778732,1526624,140
cloud-k3s-master3,1,2026-06-05 17:11:34 UTC,5386768,6876524,701712,8.85,102836,1585880,1234848,15.57,778664,1526624,412
cloud-k3s-master3,1,2026-06-05 17:11:35 UTC,5386384,6876160,702084,8.85,102836,1585892,1234848,15.57,778732,1526644,456
cloud-k3s-master3,1,2026-06-05 17:11:36 UTC,5386384,6876168,702076,8.85,102836,1585900,1234848,15.57,778732,1526652,432
cloud-k3s-master3,1,2026-06-05 17:11:37 UTC,5386384,6876180,702068,8.85,102836,1585912,1234848,15.57,778732,1526664,468
cloud-k3s-master3,1,2026-06-05 17:11:38 UTC,5386384,6876196,702056,8.85,102836,1585928,1234848,15.57,778732,1526680,476
cloud-k3s-master3,1,2026-06-05 17:11:39 UTC,5386384,6876196,702048,8.85,102836,1585936,1234848,15.57,778732,1526680,500
cloud-k3s-master3,1,2026-06-05 17:11:40 UTC,5386384,6876220,702032,8.85,102836,1585952,1234848,15.57,778732,1526704,368
cloud-k3s-master3,1,2026-06-05 17:11:41 UTC,5386132,6875976,702276,8.85,102836,1585960,1234848,15.57,779096,1526712,368
cloud-k3s-master3,1,2026-06-05 17:11:42 UTC,5386132,6875988,702272,8.85,102836,1585972,1234848,15.57,779268,1526724,376
cloud-k3s-master3,1,2026-06-05 17:11:43 UTC,5386132,6876000,702260,8.85,102836,1585984,1234848,15.57,779488,1526736,364
cloud-k3s-master3,1,2026-06-05 17:11:44 UTC,5386132,6876016,702248,8.85,102836,1586000,1234848,15.57,779320,1526752,480
cloud-k3s-master3,1,2026-06-05 17:11:45 UTC,5386132,6876016,702240,8.85,102836,1586008,1234848,15.57,779320,1526752,500
cloud-k3s-master3,1,2026-06-05 17:11:46 UTC,5386132,6876040,702228,8.85,102836,1586024,1234848,15.57,779320,1526776,256
cloud-k3s-master3,1,2026-06-05 17:11:47 UTC,5386132,6876044,702216,8.85,102836,1586036,1234848,15.57,779320,1526780,264
cloud-k3s-master3,1,2026-06-05 17:11:48 UTC,5386132,6876064,702204,8.85,102836,1586048,1234848,15.57,778624,1526800,0
cloud-k3s-master3,1,2026-06-05 17:11:49 UTC,5385880,6875812,702444,8.86,102836,1586056,1234848,15.57,778624,1526800,184
cloud-k3s-master3,1,2026-06-05 17:11:50 UTC,5385880,6875840,702420,8.86,102840,1586072,1234848,15.57,778624,1526824,240
cloud-k3s-master3,1,2026-06-05 17:11:51 UTC,5385380,6875344,702912,8.86,102840,1586080,1234848,15.57,777764,1526828,248
cloud-k3s-master3,1,2026-06-05 17:11:52 UTC,5385380,6875372,702892,8.86,102840,1586100,1234848,15.57,778032,1526856,332
cloud-k3s-master3,1,2026-06-05 17:11:53 UTC,5385380,6875376,702876,8.86,102840,1586112,1234848,15.57,778036,1526860,340
cloud-k3s-master3,1,2026-06-05 17:11:54 UTC,5385380,6875400,702860,8.86,102844,1586124,1234848,15.57,778040,1526884,72
cloud-k3s-master3,1,2026-06-05 17:11:55 UTC,5385380,6875408,702844,8.86,102844,1586140,1234848,15.57,778040,1526892,60
cloud-k3s-master3,1,2026-06-05 17:11:56 UTC,5385380,6875424,702840,8.86,102844,1586148,1234848,15.57,778368,1526908,92
cloud-k3s-master3,1,2026-06-05 17:11:57 UTC,5385380,6875428,702836,8.86,102844,1586160,1234848,15.57,778368,1526912,100
cloud-k3s-master3,1,2026-06-05 17:11:58 UTC,5381628,6871692,706580,8.91,102844,1586168,1234848,15.57,781884,1526928,108
cloud-k3s-master3,1,2026-06-05 17:11:59 UTC,5380872,6870948,707328,8.92,102844,1586180,1237824,15.61,783276,1526940,292
cloud-k3s-master3,1,2026-06-05 17:12:00 UTC,5383036,6873124,705148,8.89,102844,1586192,1234848,15.57,782172,1526952,300
cloud-k3s-master3,1,2026-06-05 17:12:01 UTC,5383156,6873256,705008,8.89,102844,1586204,1234848,15.57,781912,1526964,304
cloud-k3s-master3,1,2026-06-05 17:12:02 UTC,5382652,6872768,705496,8.90,102844,1586220,1234848,15.57,782200,1526980,312
cloud-k3s-master3,1,2026-06-05 17:12:03 UTC,5382652,6872768,705484,8.89,102844,1586228,1234848,15.57,782256,1526980,320
cloud-k3s-master3,1,2026-06-05 17:12:04 UTC,5382652,6872784,705476,8.89,102844,1586236,1234848,15.57,782256,1526996,488
cloud-k3s-master3,1,2026-06-05 17:12:05 UTC,5382400,6872544,705704,8.90,102848,1586252,1234848,15.57,782496,1527008,504
cloud-k3s-master3,1,2026-06-05 17:12:06 UTC,5382148,6872312,705944,8.90,102848,1586264,1234848,15.57,782800,1527028,156
cloud-k3s-master3,1,2026-06-05 17:12:07 UTC,5382148,6872320,705932,8.90,102848,1586272,1234848,15.57,782820,1527036,164
cloud-k3s-master3,1,2026-06-05 17:12:08 UTC,5380672,6870860,707392,8.92,102848,1586288,1234848,15.57,782936,1527052,172
cloud-k3s-master3,1,2026-06-05 17:12:09 UTC,5380672,6870868,707380,8.92,102848,1586296,1234848,15.57,783040,1527060,364
cloud-k3s-master3,1,2026-06-05 17:12:10 UTC,5380672,6870888,707360,8.92,102848,1586312,1234848,15.57,783464,1527076,372
cloud-k3s-master3,1,2026-06-05 17:12:11 UTC,5379160,6869384,708864,8.94,102848,1586320,1234848,15.57,785060,1527084,384
cloud-k3s-master3,1,2026-06-05 17:12:12 UTC,5377396,6867632,710612,8.96,102848,1586332,1234848,15.57,787076,1527096,368
cloud-k3s-master3,1,2026-06-05 17:12:13 UTC,5372608,6862860,715384,9.02,102848,1586348,1234848,15.57,790516,1527112,400
cloud-k3s-master3,1,2026-06-05 17:12:14 UTC,5371852,6862120,716124,9.03,102848,1586364,1234848,15.57,791828,1527128,272
cloud-k3s-master3,1,2026-06-05 17:12:15 UTC,5371852,6862128,716116,9.03,102848,1586372,1234848,15.57,791852,1527136,244
cloud-k3s-master3,1,2026-06-05 17:12:16 UTC,5371852,6862136,716100,9.03,102848,1586388,1234848,15.57,791912,1527144,252
cloud-k3s-master3,1,2026-06-05 17:12:17 UTC,5371600,6861900,716344,9.03,102848,1586396,1234848,15.57,791940,1527160,260
cloud-k3s-master3,1,2026-06-05 17:12:18 UTC,5371600,6861916,716328,9.03,102848,1586412,1234848,15.57,791216,1527176,404
cloud-k3s-master3,1,2026-06-05 17:12:19 UTC,5371600,6861924,716320,9.03,102848,1586420,1234848,15.57,791216,1527184,412
cloud-k3s-master3,1,2026-06-05 17:12:20 UTC,5371600,6861936,716308,9.03,102848,1586432,1234848,15.57,791236,1527196,304
cloud-k3s-master3,1,2026-06-05 17:12:21 UTC,5371600,6861948,716296,9.03,102848,1586444,1234848,15.57,790376,1527208,312
cloud-k3s-master3,1,2026-06-05 17:12:22 UTC,5371600,6861960,716284,9.03,102848,1586456,1234848,15.57,790616,1527220,316
cloud-k3s-master3,1,2026-06-05 17:12:23 UTC,5371600,6861964,716272,9.03,102848,1586468,1234848,15.57,790616,1527224,324
cloud-k3s-master3,1,2026-06-05 17:12:24 UTC,5371348,6861736,716496,9.03,102848,1586484,1234848,15.57,790624,1527248,336
cloud-k3s-master3,1,2026-06-05 17:12:25 UTC,5371348,6861736,716488,9.03,102848,1586492,1234848,15.57,790624,1527248,120
cloud-k3s-master3,1,2026-06-05 17:12:26 UTC,5371348,6861752,716472,9.03,102852,1586504,1234848,15.57,790904,1527264,52
cloud-k3s-master3,1,2026-06-05 17:12:27 UTC,5371348,6861752,716468,9.03,102852,1586512,1234848,15.57,790904,1527264,60
cloud-k3s-master3,1,2026-06-05 17:12:28 UTC,5371348,6861780,716448,9.03,102852,1586524,1234848,15.57,790944,1527292,208
cloud-k3s-master3,1,2026-06-05 17:12:29 UTC,5371348,6861780,716440,9.03,102852,1586532,1234848,15.57,790944,1527292,216
cloud-k3s-master3,1,2026-06-05 17:12:30 UTC,5371348,6861796,716424,9.03,102852,1586548,1234848,15.57,790944,1527308,296
cloud-k3s-master3,1,2026-06-05 17:12:31 UTC,5371348,6861816,716412,9.03,102852,1586560,1234848,15.57,790944,1527328,272
cloud-k3s-master3,1,2026-06-05 17:12:32 UTC,5371348,6861836,716388,9.03,102856,1586576,1234848,15.57,791456,1527348,296
cloud-k3s-master3,1,2026-06-05 17:12:33 UTC,5371348,6861844,716380,9.03,102856,1586584,1234848,15.57,791456,1527356,132
cloud-k3s-master3,1,2026-06-05 17:12:34 UTC,5371348,6861860,716364,9.03,102856,1586600,1234848,15.57,791456,1527372,240
cloud-k3s-master3,1,2026-06-05 17:12:35 UTC,5371348,6861860,716356,9.03,102856,1586608,1234848,15.57,791456,1527372,248
cloud-k3s-master3,1,2026-06-05 17:12:36 UTC,5371348,6861880,716344,9.03,102856,1586620,1234848,15.57,791456,1527392,220
cloud-k3s-master3,1,2026-06-05 17:12:37 UTC,5371348,6861888,716336,9.03,102856,1586628,1234848,15.57,791460,1527400,176
cloud-k3s-master3,1,2026-06-05 17:12:38 UTC,5371348,6861908,716320,9.03,102856,1586644,1234848,15.57,791464,1527416,212
cloud-k3s-master3,1,2026-06-05 17:12:39 UTC,5371096,6861660,716564,9.03,102856,1586656,1234848,15.57,791464,1527420,44
cloud-k3s-master3,1,2026-06-05 17:12:40 UTC,5371096,6861672,716556,9.03,102856,1586664,1234848,15.57,791464,1527432,60
cloud-k3s-master3,1,2026-06-05 17:12:41 UTC,5371096,6861684,716548,9.03,102856,1586672,1234848,15.57,791828,1527444,68
cloud-k3s-master3,1,2026-06-05 17:12:42 UTC,5370872,6861484,716760,9.04,102856,1586696,1234848,15.57,792112,1527468,40
cloud-k3s-master3,1,2026-06-05 17:12:43 UTC,5370620,6861240,717004,9.04,102856,1586704,1234848,15.57,792112,1527476,48
cloud-k3s-master3,1,2026-06-05 17:12:44 UTC,5370368,6861008,717236,9.04,102856,1586724,1234848,15.57,792112,1527496,300
cloud-k3s-master3,1,2026-06-05 17:12:45 UTC,5370368,6861008,717228,9.04,102856,1586732,1234848,15.57,792112,1527496,136
cloud-k3s-master3,1,2026-06-05 17:12:46 UTC,5370368,6861032,717212,9.04,102856,1586748,1234848,15.57,792112,1527520,68
cloud-k3s-master3,1,2026-06-05 17:12:47 UTC,5370368,6861040,717204,9.04,102856,1586756,1234848,15.57,792112,1527528,76
cloud-k3s-master3,1,2026-06-05 17:12:48 UTC,5370368,6861052,717192,9.04,102856,1586768,1234848,15.57,791324,1527540,84
cloud-k3s-master3,1,2026-06-05 17:12:49 UTC,5370368,6861060,717184,9.04,102856,1586776,1234848,15.57,791324,1527548,172
cloud-k3s-master3,1,2026-06-05 17:12:50 UTC,5370368,6861076,717168,9.04,102856,1586792,1234848,15.57,791324,1527564,228
cloud-k3s-master3,1,2026-06-05 17:12:51 UTC,5371936,6862652,715592,9.02,102856,1586800,1234848,15.57,790464,1527572,236
cloud-k3s-master3,1,2026-06-05 17:12:52 UTC,5371552,6862284,715960,9.03,102856,1586816,1234848,15.57,790608,1527588,244
cloud-k3s-master3,1,2026-06-05 17:12:53 UTC,5371552,6862284,715952,9.03,102856,1586824,1234848,15.57,790608,1527588,252
cloud-k3s-master3,1,2026-06-05 17:12:54 UTC,5371328,6862088,716156,9.03,102856,1586844,1234848,15.57,790640,1527616,44
cloud-k3s-master3,1,2026-06-05 17:12:55 UTC,5371076,6861844,716400,9.03,102856,1586852,1234848,15.57,790640,1527624,180
cloud-k3s-master3,1,2026-06-05 17:12:56 UTC,5371076,6861852,716380,9.03,102856,1586868,1234848,15.57,790992,1527632,204
cloud-k3s-master3,1,2026-06-05 17:12:57 UTC,5371076,6861868,716372,9.03,102856,1586876,1234848,15.57,791040,1527648,212
cloud-k3s-master3,1,2026-06-05 17:12:58 UTC,5371336,6862140,716100,9.03,102856,1586888,1234848,15.57,791040,1527660,228
cloud-k3s-master3,1,2026-06-05 17:12:59 UTC,5371336,6862148,716092,9.03,102856,1586896,1234848,15.57,791040,1527668,236
cloud-k3s-master3,1,2026-06-05 17:13:00 UTC,5371336,6862164,716076,9.03,102856,1586912,1234848,15.57,791040,1527684,308
cloud-k3s-master3,1,2026-06-05 17:13:01 UTC,5371084,6861928,716312,9.03,102856,1586928,1234848,15.57,791040,1527700,296
cloud-k3s-master3,1,2026-06-05 17:13:02 UTC,5371084,6861944,716296,9.03,102860,1586940,1234848,15.57,791412,1527716,308
cloud-k3s-master3,1,2026-06-05 17:13:03 UTC,5371084,6861956,716284,9.03,102860,1586952,1234848,15.57,791412,1527728,316
cloud-k3s-master3,1,2026-06-05 17:13:04 UTC,5371084,6861968,716260,9.03,102860,1586964,1234848,15.57,791412,1527740,340
cloud-k3s-master3,1,2026-06-05 17:13:05 UTC,5371084,6861972,716248,9.03,102864,1586972,1234848,15.57,791412,1527744,348
cloud-k3s-master3,1,2026-06-05 17:13:06 UTC,5371084,6861992,716228,9.03,102864,1586984,1234848,15.57,791412,1527764,372
cloud-k3s-master3,1,2026-06-05 17:13:07 UTC,5371084,6862004,716224,9.03,102864,1586996,1234848,15.57,791412,1527776,292
cloud-k3s-master3,1,2026-06-05 17:13:08 UTC,5371084,6862016,716212,9.03,102864,1587008,1234848,15.57,791412,1527788,316
cloud-k3s-master3,1,2026-06-05 17:13:09 UTC,5371084,6862028,716192,9.03,102864,1587028,1234848,15.57,791412,1527800,336
cloud-k3s-master3,1,2026-06-05 17:13:10 UTC,5371084,6862048,716180,9.03,102864,1587040,1234848,15.57,791412,1527820,372
cloud-k3s-master3,1,2026-06-05 17:13:11 UTC,5370832,6861804,716424,9.03,102864,1587048,1234848,15.57,791760,1527828,384
cloud-k3s-master3,1,2026-06-05 17:13:12 UTC,5370832,6861820,716412,9.03,102864,1587064,1234848,15.57,792076,1527844,364
cloud-k3s-master3,1,2026-06-05 17:13:13 UTC,5370832,6861836,716400,9.03,102864,1587080,1234848,15.57,792080,1527860,332
cloud-k3s-master3,1,2026-06-05 17:13:14 UTC,5370332,6861352,716884,9.04,102864,1587096,1234848,15.57,792080,1527876,364
cloud-k3s-master3,1,2026-06-05 17:13:15 UTC,5370332,6861356,716872,9.04,102864,1587108,1234848,15.57,792080,1527880,372
cloud-k3s-master3,1,2026-06-05 17:13:16 UTC,5370332,6861380,716852,9.04,102868,1587124,1234848,15.57,792080,1527904,380
cloud-k3s-master3,1,2026-06-05 17:13:17 UTC,5370332,6861392,716844,9.04,102868,1587132,1234848,15.57,792080,1527916,348
cloud-k3s-master3,1,2026-06-05 17:13:18 UTC,5370332,6861404,716832,9.04,102868,1587140,1234848,15.57,791392,1527924,368
cloud-k3s-master3,1,2026-06-05 17:13:19 UTC,5370332,6861408,716820,9.04,102868,1587152,1234848,15.57,791276,1527928,328
cloud-k3s-master3,1,2026-06-05 17:13:20 UTC,5372940,6864040,714196,9.00,102868,1587168,1234848,15.57,791276,1527952,488
cloud-k3s-master3,1,2026-06-05 17:13:21 UTC,5372688,6863788,714440,9.01,102868,1587176,1234848,15.57,790588,1527952,496
cloud-k3s-master3,1,2026-06-05 17:13:22 UTC,5372688,6863808,714428,9.01,102868,1587188,1234848,15.57,790652,1527972,512
cloud-k3s-master3,1,2026-06-05 17:13:23 UTC,5372688,6863824,714412,9.01,102872,1587200,1234848,15.57,790652,1527988,488
cloud-k3s-master3,1,2026-06-05 17:13:24 UTC,5372688,6863828,714392,9.01,102872,1587216,1234848,15.57,790652,1527992,492
cloud-k3s-master3,1,2026-06-05 17:13:25 UTC,5372688,6863848,714384,9.01,102872,1587224,1234848,15.57,790652,1528012,40
cloud-k3s-master3,1,2026-06-05 17:13:26 UTC,5372184,6863356,714876,9.01,102872,1587236,1234848,15.57,790932,1528024,48
cloud-k3s-master3,1,2026-06-05 17:13:27 UTC,5372184,6863360,714864,9.01,102872,1587248,1234848,15.57,790968,1528028,60
cloud-k3s-master3,1,2026-06-05 17:13:28 UTC,5372184,6863380,714852,9.01,102872,1587260,1234848,15.57,790968,1528048,68
cloud-k3s-master3,1,2026-06-05 17:13:29 UTC,5372184,6863380,714844,9.01,102872,1587268,1234848,15.57,790968,1528048,228
cloud-k3s-master3,1,2026-06-05 17:13:30 UTC,5372184,6863404,714828,9.01,102872,1587284,1234848,15.57,790976,1528072,244
cloud-k3s-master3,1,2026-06-05 17:13:31 UTC,5371932,6863164,715064,9.02,102872,1587296,1235104,15.57,790976,1528084,212
cloud-k3s-master3,1,2026-06-05 17:13:32 UTC,5371932,6863180,715048,9.02,102872,1587312,1235104,15.57,791288,1528100,224
cloud-k3s-master3,1,2026-06-05 17:13:33 UTC,5371932,6863188,715044,9.02,102872,1587320,1235104,15.57,791332,1528108,232
cloud-k3s-master3,1,2026-06-05 17:13:34 UTC,5371176,6862456,715776,9.02,102872,1587340,1235104,15.57,791332,1528128,256
cloud-k3s-master3,1,2026-06-05 17:13:35 UTC,5371176,6862464,715768,9.02,102872,1587348,1235104,15.57,791332,1528136,224
cloud-k3s-master3,1,2026-06-05 17:13:36 UTC,5371176,6862480,715752,9.02,102872,1587364,1235104,15.57,791332,1528152,256
cloud-k3s-master3,1,2026-06-05 17:13:37 UTC,5371176,6862488,715740,9.02,102872,1587372,1235104,15.57,791332,1528160,212
cloud-k3s-master3,1,2026-06-05 17:13:38 UTC,5371176,6862508,715716,9.02,102872,1587396,1235104,15.57,791332,1528180,252
cloud-k3s-master3,1,2026-06-05 17:13:39 UTC,5371176,6862508,715708,9.02,102872,1587404,1235104,15.57,791332,1528180,332
cloud-k3s-master3,1,2026-06-05 17:13:40 UTC,5370952,6862308,715888,9.03,102872,1587416,1235104,15.57,791332,1528204,80
cloud-k3s-master3,1,2026-06-05 17:13:41 UTC,5370700,6862056,716132,9.03,102880,1587416,1235104,15.57,791924,1528204,52
cloud-k3s-master3,1,2026-06-05 17:13:42 UTC,5370700,6862084,716112,9.03,102880,1587436,1235104,15.57,792276,1528232,80
cloud-k3s-master3,1,2026-06-05 17:13:43 UTC,5370700,6862096,716084,9.03,102880,1587456,1235104,15.57,792340,1528244,44
cloud-k3s-master3,1,2026-06-05 17:13:44 UTC,5370200,6861616,716576,9.03,102880,1587468,1235104,15.57,792340,1528264,240
cloud-k3s-master3,1,2026-06-05 17:13:45 UTC,5370200,6861624,716568,9.03,102880,1587476,1235104,15.57,792340,1528272,248
cloud-k3s-master3,1,2026-06-05 17:13:46 UTC,5370200,6861640,716552,9.03,102880,1587492,1235104,15.57,792340,1528288,216
cloud-k3s-master3,1,2026-06-05 17:13:47 UTC,5370200,6861644,716540,9.03,102880,1587504,1235104,15.57,792340,1528292,236
cloud-k3s-master3,1,2026-06-05 17:13:48 UTC,5369948,6861412,716780,9.04,102880,1587516,1235104,15.57,791588,1528312,244
cloud-k3s-master3,1,2026-06-05 17:13:49 UTC,5369948,6861412,716768,9.04,102880,1587524,1235104,15.57,791556,1528312,200
cloud-k3s-master3,1,2026-06-05 17:13:50 UTC,5369948,6861432,716756,9.04,102880,1587536,1235104,15.57,791556,1528332,60
cloud-k3s-master3,1,2026-06-05 17:13:51 UTC,5364340,6855844,722312,9.11,102888,1587572,1281412,16.16,794188,1528348,372
cloud-k3s-master3,1,2026-06-05 17:13:52 UTC,5347456,6839000,739104,9.32,102888,1587648,1292140,16.29,806192,1528384,296
cloud-k3s-master3,1,2026-06-05 17:13:53 UTC,5361884,6853460,724740,9.14,102892,1587608,1235104,15.57,791180,1528416,468
cloud-k3s-master3,1,2026-06-05 17:13:54 UTC,5361884,6853468,724720,9.14,102892,1587616,1235104,15.57,791224,1528424,380
cloud-k3s-master3,1,2026-06-05 17:13:55 UTC,5361884,6853468,724712,9.14,102892,1587624,1235104,15.57,791224,1528424,492
cloud-k3s-master3,1,2026-06-05 17:13:56 UTC,5361884,6853488,724700,9.14,102892,1587636,1235104,15.57,791532,1528444,500
cloud-k3s-master3,1,2026-06-05 17:13:57 UTC,5361660,6853276,724928,9.14,102892,1587648,1235104,15.57,791532,1528456,508
cloud-k3s-master3,1,2026-06-05 17:13:58 UTC,5361660,6853296,724908,9.14,102892,1587668,1235104,15.57,791532,1528476,516
cloud-k3s-master3,1,2026-06-05 17:13:59 UTC,5361660,6853312,724892,9.14,102892,1587684,1235104,15.57,791532,1528492,480
cloud-k3s-master3,1,2026-06-05 17:14:00 UTC,5361660,6853320,724876,9.14,102892,1587700,1235104,15.57,791532,1528500,496
cloud-k3s-master3,1,2026-06-05 17:14:01 UTC,5361660,6853336,724864,9.14,102892,1587708,1235104,15.57,791536,1528516,504
cloud-k3s-master3,1,2026-06-05 17:14:02 UTC,5361156,6852856,725340,9.15,102896,1587732,1235104,15.57,791888,1528540,512
cloud-k3s-master3,1,2026-06-05 17:14:03 UTC,5361156,6852872,725328,9.15,102896,1587744,1235104,15.57,791888,1528556,520
cloud-k3s-master3,1,2026-06-05 17:14:04 UTC,5360400,6852136,726068,9.15,102896,1587764,1235104,15.57,792728,1528576,436
cloud-k3s-master3,1,2026-06-05 17:14:05 UTC,5360400,6852148,726056,9.15,102896,1587772,1235104,15.57,792728,1528584,392
cloud-k3s-master3,1,2026-06-05 17:14:06 UTC,5360400,6852160,726044,9.15,102896,1587784,1235104,15.57,792728,1528596,404
cloud-k3s-master3,1,2026-06-05 17:14:07 UTC,5360400,6852168,726040,9.15,102896,1587792,1235104,15.57,792728,1528604,412
cloud-k3s-master3,1,2026-06-05 17:14:08 UTC,5360400,6852184,726020,9.15,102896,1587808,1235104,15.57,792728,1528620,420
cloud-k3s-master3,1,2026-06-05 17:14:09 UTC,5360400,6852184,726012,9.15,102896,1587816,1235104,15.57,792728,1528620,428
cloud-k3s-master3,1,2026-06-05 17:14:10 UTC,5360400,6852204,726000,9.15,102896,1587828,1235104,15.57,792728,1528640,448
cloud-k3s-master3,1,2026-06-05 17:14:11 UTC,5360148,6851964,726240,9.16,102896,1587840,1235104,15.57,792856,1528652,404
cloud-k3s-master3,1,2026-06-05 17:14:12 UTC,5360148,6851976,726228,9.16,102896,1587852,1235104,15.57,793156,1528664,416
cloud-k3s-master3,1,2026-06-05 17:14:13 UTC,5360148,6851988,726208,9.16,102896,1587864,1235104,15.57,793308,1528676,424
cloud-k3s-master3,1,2026-06-05 17:14:14 UTC,5359896,6851752,726448,9.16,102900,1587876,1235104,15.57,793308,1528692,316
cloud-k3s-master3,1,2026-06-05 17:14:15 UTC,5359896,6851760,726432,9.16,102900,1587892,1235104,15.57,793308,1528700,336
cloud-k3s-master3,1,2026-06-05 17:14:16 UTC,5359896,6851784,726416,9.16,102900,1587908,1235104,15.57,793308,1528724,352
cloud-k3s-master3,1,2026-06-05 17:14:17 UTC,5359896,6851796,726408,9.16,102900,1587920,1235104,15.57,793308,1528736,320
cloud-k3s-master3,1,2026-06-05 17:14:18 UTC,5359896,6851808,726396,9.16,102900,1587932,1235104,15.57,792524,1528748,332
cloud-k3s-master3,1,2026-06-05 17:14:19 UTC,5359896,6851808,726388,9.16,102900,1587940,1235104,15.57,792524,1528748,380
cloud-k3s-master3,1,2026-06-05 17:14:20 UTC,5359896,6851832,726372,9.16,102900,1587956,1238080,15.61,793868,1528772,400
cloud-k3s-master3,1,2026-06-05 17:14:21 UTC,5361744,6853688,724516,9.13,102900,1587964,1235104,15.57,791836,1528780,508
cloud-k3s-master3,1,2026-06-05 17:14:22 UTC,5361492,6853448,724756,9.14,102900,1587976,1235104,15.57,791632,1528792,528
cloud-k3s-master3,1,2026-06-05 17:14:23 UTC,5361492,6853460,724748,9.14,102900,1587988,1235104,15.57,791664,1528804,484
cloud-k3s-master3,1,2026-06-05 17:14:24 UTC,5361492,6853480,724728,9.14,102904,1588004,1235104,15.57,791664,1528824,492
cloud-k3s-master3,1,2026-06-05 17:14:25 UTC,5361492,6853492,724716,9.14,102904,1588016,1235104,15.57,791664,1528836,500
cloud-k3s-master3,1,2026-06-05 17:14:26 UTC,5357968,6849980,728224,9.18,102904,1588028,1235104,15.57,791936,1528848,508
cloud-k3s-master3,1,2026-06-05 17:14:27 UTC,5357968,6849988,728212,9.18,102904,1588036,1235104,15.57,791936,1528856,500
cloud-k3s-master3,1,2026-06-05 17:14:28 UTC,5357968,6850000,728200,9.18,102904,1588048,1235104,15.57,791972,1528868,508
cloud-k3s-master3,1,2026-06-05 17:14:29 UTC,5357968,6850004,728188,9.18,102904,1588060,1235104,15.57,791844,1528872,468
cloud-k3s-master3,1,2026-06-05 17:14:30 UTC,5357968,6850020,728180,9.18,102904,1588068,1235104,15.57,791844,1528888,484
cloud-k3s-master3,1,2026-06-05 17:14:31 UTC,5357968,6850032,728168,9.18,102904,1588080,1235104,15.57,791844,1528900,492
cloud-k3s-master3,1,2026-06-05 17:14:32 UTC,5357968,6850048,728152,9.18,102904,1588096,1235104,15.57,792128,1528916,508
cloud-k3s-master3,1,2026-06-05 17:14:33 UTC,5357968,6850056,728144,9.18,102904,1588104,1235104,15.57,792192,1528924,516
cloud-k3s-master3,1,2026-06-05 17:14:34 UTC,5357968,6850072,728128,9.18,102904,1588120,1235104,15.57,792192,1528940,540
cloud-k3s-master3,1,2026-06-05 17:14:35 UTC,5357968,6850080,728120,9.18,102904,1588128,1235104,15.57,792192,1528948,152
cloud-k3s-master3,1,2026-06-05 17:14:36 UTC,5357968,6850084,728140,9.18,102904,1588140,1235104,15.57,792736,1528952,72
cloud-k3s-master3,1,2026-06-05 17:14:37 UTC,5356960,6849096,729136,9.19,102904,1588152,1238080,15.61,794064,1528972,80
cloud-k3s-master3,1,2026-06-05 17:14:38 UTC,5361488,6853628,724596,9.14,102904,1588164,1235104,15.57,792884,1528976,252
cloud-k3s-master3,1,2026-06-05 17:14:39 UTC,5361532,6853684,724540,9.14,102904,1588176,1235104,15.57,792736,1528988,272
cloud-k3s-master3,1,2026-06-05 17:14:40 UTC,5361280,6853432,724784,9.14,102904,1588184,1235104,15.57,792736,1528988,376
cloud-k3s-master3,1,2026-06-05 17:14:41 UTC,5361280,6853452,724776,9.14,102904,1588196,1235104,15.57,792972,1529008,332
cloud-k3s-master3,1,2026-06-05 17:14:42 UTC,5361056,6853256,724980,9.14,102904,1588216,1235104,15.57,793080,1529036,344
cloud-k3s-master3,1,2026-06-05 17:14:43 UTC,5361056,6853260,724964,9.14,102904,1588228,1235104,15.57,793192,1529040,352
cloud-k3s-master3,1,2026-06-05 17:14:44 UTC,5361056,6853292,724940,9.14,102904,1588252,1235104,15.57,793244,1529072,364
cloud-k3s-master3,1,2026-06-05 17:14:45 UTC,5361056,6853304,724924,9.14,102904,1588264,1235104,15.57,793244,1529084,372
cloud-k3s-master3,1,2026-06-05 17:14:46 UTC,5360804,6853072,725152,9.14,102904,1588280,1235104,15.57,793244,1529100,332
cloud-k3s-master3,1,2026-06-05 17:14:47 UTC,5360804,6853072,725144,9.14,102904,1588288,1235104,15.57,793244,1529100,368
cloud-k3s-master3,1,2026-06-05 17:14:48 UTC,5360804,6853080,725128,9.14,102908,1588300,1235104,15.57,792556,1529108,380
cloud-k3s-master3,1,2026-06-05 17:14:49 UTC,5360804,6853100,725120,9.14,102908,1588312,1235104,15.57,792500,1529128,400
cloud-k3s-master3,1,2026-06-05 17:14:50 UTC,5360804,6853116,725108,9.14,102912,1588320,1235104,15.57,792500,1529144,404
cloud-k3s-master3,1,2026-06-05 17:14:51 UTC,5360556,6852880,725344,9.15,102912,1588332,1235104,15.57,791812,1529156,412
cloud-k3s-master3,1,2026-06-05 17:14:52 UTC,5360556,6852896,725332,9.15,102912,1588344,1235104,15.57,792032,1529172,420
cloud-k3s-master3,1,2026-06-05 17:14:53 UTC,5360556,6852908,725312,9.14,102916,1588352,1235104,15.57,792056,1529184,428
cloud-k3s-master3,1,2026-06-05 17:14:54 UTC,5360556,6852928,725292,9.14,102916,1588372,1235104,15.57,792056,1529204,392
cloud-k3s-master3,1,2026-06-05 17:14:55 UTC,5360556,6852932,725280,9.14,102916,1588384,1235104,15.57,792056,1529208,416
cloud-k3s-master3,1,2026-06-05 17:14:56 UTC,5360556,6852956,725264,9.14,102920,1588396,1235104,15.57,792372,1529232,424
cloud-k3s-master3,1,2026-06-05 17:14:57 UTC,5360304,6852712,725508,9.15,102920,1588404,1235104,15.57,792372,1529240,432
cloud-k3s-master3,1,2026-06-05 17:14:58 UTC,5360304,6852728,725492,9.15,102920,1588420,1235104,15.57,792372,1529256,440
cloud-k3s-master3,1,2026-06-05 17:14:59 UTC,5360052,6852484,725736,9.15,102920,1588428,1235104,15.57,792372,1529264,408
cloud-k3s-master3,1,2026-06-05 17:15:00 UTC,5360052,6852500,725720,9.15,102920,1588444,1235104,15.57,792372,1529280,420
cloud-k3s-master3,1,2026-06-05 17:15:01 UTC,5359800,6852260,725956,9.15,102920,1588460,1235104,15.57,792464,1529292,508
cloud-k3s-master3,1,2026-06-05 17:15:02 UTC,5359800,6852284,725940,9.15,102920,1588476,1235104,15.57,792684,1529312,528
cloud-k3s-master3,1,2026-06-05 17:15:03 UTC,5359800,6852292,725932,9.15,102920,1588484,1235104,15.57,792728,1529320,536
cloud-k3s-master3,1,2026-06-05 17:15:04 UTC,5359800,6852312,725912,9.15,102924,1588500,1235104,15.57,792788,1529340,544
cloud-k3s-master3,1,2026-06-05 17:15:05 UTC,5359548,6852064,726152,9.16,102924,1588512,1235104,15.57,792788,1529344,516
cloud-k3s-master3,1,2026-06-05 17:15:06 UTC,5359548,6852068,726140,9.16,102924,1588524,1235104,15.57,792788,1529348,528
cloud-k3s-master3,1,2026-06-05 17:15:07 UTC,5359548,6852088,726148,9.16,102924,1588528,1235104,15.57,792788,1529368,520
cloud-k3s-master3,1,2026-06-05 17:15:08 UTC,5359548,6852100,726136,9.16,102924,1588540,1235104,15.57,792788,1529380,532
cloud-k3s-master3,1,2026-06-05 17:15:09 UTC,5359548,6852108,726124,9.16,102924,1588556,1235104,15.57,792788,1529388,208
cloud-k3s-master3,1,2026-06-05 17:15:10 UTC,5361736,6854300,723924,9.13,102924,1588568,1235104,15.57,792780,1529392,100
cloud-k3s-master3,1,2026-06-05 17:15:11 UTC,5361608,6854196,724048,9.13,102924,1588576,1235104,15.57,792972,1529416,244
cloud-k3s-master3,1,2026-06-05 17:15:12 UTC,5361608,6854216,724024,9.13,102924,1588596,1235104,15.57,793116,1529436,332
cloud-k3s-master3,1,2026-06-05 17:15:13 UTC,5361608,6854228,724012,9.13,102924,1588608,1235104,15.57,793212,1529448,340
cloud-k3s-master3,1,2026-06-05 17:15:14 UTC,5361356,6853988,724252,9.13,102924,1588620,1235104,15.57,793212,1529460,348
cloud-k3s-master3,1,2026-06-05 17:15:15 UTC,5361356,6854004,724232,9.13,102928,1588636,1235104,15.57,793212,1529476,444
cloud-k3s-master3,1,2026-06-05 17:15:16 UTC,5361356,6854020,724220,9.13,102928,1588648,1235104,15.57,793212,1529492,432
cloud-k3s-master3,1,2026-06-05 17:15:17 UTC,5361132,6853808,724428,9.13,102928,1588660,1235104,15.57,793212,1529504,320
cloud-k3s-master3,1,2026-06-05 17:15:18 UTC,5361132,6853820,724416,9.13,102928,1588672,1235104,15.57,792632,1529516,356
cloud-k3s-master3,1,2026-06-05 17:15:19 UTC,5361132,6853820,724408,9.13,102928,1588680,1235104,15.57,792496,1529516,380
cloud-k3s-master3,1,2026-06-05 17:15:20 UTC,5361132,6853828,724392,9.13,102928,1588692,1235104,15.57,792496,1529520,400
cloud-k3s-master3,1,2026-06-05 17:15:21 UTC,5361132,6853844,724380,9.13,102928,1588700,1235104,15.57,791808,1529536,408
cloud-k3s-master3,1,2026-06-05 17:15:22 UTC,5361132,6853864,724360,9.13,102928,1588712,1235104,15.57,791976,1529556,416
cloud-k3s-master3,1,2026-06-05 17:15:23 UTC,5361132,6853876,724348,9.13,102928,1588724,1235104,15.57,792012,1529568,372
cloud-k3s-master3,1,2026-06-05 17:15:24 UTC,5360376,6853136,725088,9.14,102928,1588740,1235104,15.57,792660,1529584,380
cloud-k3s-master3,1,2026-06-05 17:15:25 UTC,5360376,6853152,725072,9.14,102932,1588752,1235104,15.57,792660,1529600,412
cloud-k3s-master3,1,2026-06-05 17:15:26 UTC,5360376,6853164,725060,9.14,102932,1588764,1235104,15.57,792960,1529612,424
cloud-k3s-master3,1,2026-06-05 17:15:27 UTC,5360376,6853172,725052,9.14,102932,1588772,1235104,15.57,792960,1529620,432
cloud-k3s-master3,1,2026-06-05 17:15:28 UTC,5360124,6852936,725288,9.14,102936,1588784,1235104,15.57,792960,1529636,444
cloud-k3s-master3,1,2026-06-05 17:15:29 UTC,5360124,6852952,725272,9.14,102936,1588800,1235104,15.57,792960,1529652,372
cloud-k3s-master3,1,2026-06-05 17:15:30 UTC,5360124,6852964,725260,9.14,102936,1588812,1235104,15.57,792960,1529664,416
cloud-k3s-master3,1,2026-06-05 17:15:31 UTC,5360124,6852980,725244,9.14,102936,1588828,1235104,15.57,792960,1529680,424
cloud-k3s-master3,1,2026-06-05 17:15:32 UTC,5360124,6852992,725232,9.14,102936,1588840,1235104,15.57,793132,1529692,432
cloud-k3s-master3,1,2026-06-05 17:15:33 UTC,5360124,6853004,725216,9.14,102936,1588852,1235104,15.57,793384,1529704,440
cloud-k3s-master3,1,2026-06-05 17:15:34 UTC,5360124,6853008,725204,9.14,102936,1588864,1235104,15.57,793384,1529708,448
cloud-k3s-master3,1,2026-06-05 17:15:35 UTC,5360124,6853028,725192,9.14,102936,1588876,1235104,15.57,793384,1529728,388
cloud-k3s-master3,1,2026-06-05 17:15:36 UTC,5360124,6853040,725176,9.14,102936,1588888,1235104,15.57,793384,1529740,432
cloud-k3s-master3,1,2026-06-05 17:15:37 UTC,5360124,6853056,725164,9.14,102940,1588900,1235104,15.57,793384,1529756,440
cloud-k3s-master3,1,2026-06-05 17:15:38 UTC,5360124,6853064,725156,9.14,102940,1588908,1235104,15.57,793384,1529764,448
cloud-k3s-master3,1,2026-06-05 17:15:39 UTC,5360124,6853072,725144,9.14,102940,1588924,1235104,15.57,793384,1529772,468
cloud-k3s-master3,1,2026-06-05 17:15:40 UTC,5360124,6853092,725136,9.14,102940,1588936,1235104,15.57,793384,1529792,480
cloud-k3s-master3,1,2026-06-05 17:15:41 UTC,5359872,6852848,725380,9.15,102940,1588944,1235104,15.57,793652,1529800,4
cloud-k3s-master3,1,2026-06-05 17:15:42 UTC,5359872,6852864,725356,9.15,102940,1588956,1235104,15.57,793752,1529812,56
cloud-k3s-master3,1,2026-06-05 17:15:43 UTC,5358896,6851892,726312,9.16,102940,1588964,1235360,15.58,793804,1529816,60
cloud-k3s-master3,1,2026-06-05 17:15:44 UTC,5358896,6851916,726292,9.16,102940,1588984,1235360,15.58,793808,1529840,240
cloud-k3s-master3,1,2026-06-05 17:15:45 UTC,5358896,6851924,726284,9.16,102940,1588992,1235360,15.58,793808,1529848,248
cloud-k3s-master3,1,2026-06-05 17:15:46 UTC,5358896,6851940,726276,9.16,102940,1589008,1235360,15.58,793808,1529864,252
cloud-k3s-master3,1,2026-06-05 17:15:47 UTC,5358896,6851948,726268,9.16,102940,1589016,1235360,15.58,793808,1529872,172
cloud-k3s-master3,1,2026-06-05 17:15:48 UTC,5358896,6851960,726256,9.16,102940,1589028,1235360,15.58,793120,1529884,184
cloud-k3s-master3,1,2026-06-05 17:15:49 UTC,5358896,6851964,726252,9.16,102940,1589040,1235360,15.58,793104,1529888,224
cloud-k3s-master3,1,2026-06-05 17:15:50 UTC,5358896,6851984,726240,9.16,102940,1589052,1235360,15.58,793104,1529908,244
cloud-k3s-master3,1,2026-06-05 17:15:51 UTC,5358896,6851992,726244,9.16,102940,1589060,1235360,15.58,792344,1529916,252
cloud-k3s-master3,1,2026-06-05 17:15:52 UTC,5358896,6852004,726232,9.16,102940,1589072,1235360,15.58,792384,1529928,260
cloud-k3s-master3,1,2026-06-05 17:15:53 UTC,5358896,6852020,726192,9.16,102944,1589088,1235360,15.58,792668,1529944,296
cloud-k3s-master3,1,2026-06-05 17:15:54 UTC,5358896,6852036,726180,9.16,102944,1589100,1235360,15.58,792672,1529960,292
cloud-k3s-master3,1,2026-06-05 17:15:55 UTC,5358896,6852048,726160,9.16,102944,1589112,1235360,15.58,792672,1529972,332
cloud-k3s-master3,1,2026-06-05 17:15:56 UTC,5358896,6852064,726144,9.16,102944,1589128,1235360,15.58,792980,1529988,344
cloud-k3s-master3,1,2026-06-05 17:15:57 UTC,5358896,6852064,726136,9.16,102944,1589136,1235360,15.58,792980,1529988,352
cloud-k3s-master3,1,2026-06-05 17:15:58 UTC,5358896,6852084,726124,9.16,102944,1589148,1235360,15.58,792980,1530008,360
cloud-k3s-master3,1,2026-06-05 17:15:59 UTC,5356880,6850080,728132,9.18,102944,1589160,1239824,15.63,795408,1530020,324
cloud-k3s-master3,1,2026-06-05 17:16:00 UTC,5361052,6854264,723948,9.13,102944,1589172,1236848,15.59,794284,1530032,408
cloud-k3s-master3,1,2026-06-05 17:16:01 UTC,5360864,6854088,724128,9.13,102944,1589184,1236848,15.59,794100,1530044,436
cloud-k3s-master3,1,2026-06-05 17:16:02 UTC,5360612,6853848,724368,9.13,102944,1589196,1236848,15.59,794332,1530056,444
cloud-k3s-master3,1,2026-06-05 17:16:03 UTC,5360612,6853856,724356,9.13,102948,1589208,1236848,15.59,794412,1530064,452
cloud-k3s-master3,1,2026-06-05 17:16:04 UTC,5360612,6853876,724340,9.13,102948,1589220,1236848,15.59,794444,1530084,484
cloud-k3s-master3,1,2026-06-05 17:16:05 UTC,5360612,6853892,724324,9.13,102952,1589232,1236848,15.59,794444,1530100,440
cloud-k3s-master3,1,2026-06-05 17:16:06 UTC,5360612,6853904,724300,9.13,102952,1589244,1236848,15.59,794444,1530112,440
cloud-k3s-master3,1,2026-06-05 17:16:07 UTC,5360612,6853912,724288,9.13,102952,1589252,1236848,15.59,794444,1530120,448
cloud-k3s-master3,1,2026-06-05 17:16:08 UTC,5360612,6853928,724272,9.13,102952,1589268,1236848,15.59,794452,1530136,456
cloud-k3s-master3,1,2026-06-05 17:16:09 UTC,5360612,6853928,724264,9.13,102952,1589276,1236848,15.59,794452,1530136,464
cloud-k3s-master3,1,2026-06-05 17:16:10 UTC,5360612,6853952,724248,9.13,102952,1589292,1236848,15.59,794452,1530160,452
cloud-k3s-master3,1,2026-06-05 17:16:11 UTC,5360360,6853708,724492,9.13,102952,1589300,1236848,15.59,794692,1530168,408
cloud-k3s-master3,1,2026-06-05 17:16:12 UTC,5362100,6855456,722744,9.11,102956,1589304,1236848,15.59,795080,1530176,464
cloud-k3s-master3,1,2026-06-05 17:16:13 UTC,5361696,6855072,723128,9.12,102956,1589324,1236848,15.59,794948,1530196,516
cloud-k3s-master3,1,2026-06-05 17:16:14 UTC,5361696,6855084,723116,9.12,102956,1589332,1236848,15.59,794948,1530204,556
cloud-k3s-master3,1,2026-06-05 17:16:15 UTC,5361696,6855104,723128,9.12,102956,1589352,1236848,15.59,795024,1530224,108
cloud-k3s-master3,1,2026-06-05 17:16:16 UTC,5361444,6854868,723368,9.12,102956,1589368,1236848,15.59,795024,1530240,264
cloud-k3s-master3,1,2026-06-05 17:16:17 UTC,5361444,6854876,723360,9.12,102956,1589376,1236848,15.59,795024,1530248,220
cloud-k3s-master3,1,2026-06-05 17:16:18 UTC,5360692,6854140,724096,9.13,102960,1589388,1236848,15.59,794508,1530264,212
cloud-k3s-master3,1,2026-06-05 17:16:19 UTC,5360692,6854148,724088,9.13,102960,1589396,1236848,15.59,794348,1530272,204
cloud-k3s-master3,1,2026-06-05 17:16:20 UTC,5360692,6854160,724076,9.13,102960,1589408,1236848,15.59,794348,1530284,316
cloud-k3s-master3,1,2026-06-05 17:16:21 UTC,5360692,6854168,724068,9.13,102960,1589416,1236848,15.59,793652,1530292,324
cloud-k3s-master3,1,2026-06-05 17:16:22 UTC,5360692,6854176,724060,9.13,102960,1589424,1239700,15.63,795208,1530300,328
cloud-k3s-master3,1,2026-06-05 17:16:23 UTC,5362580,6856080,722164,9.11,102960,1589440,1236848,15.59,793988,1530316,268
cloud-k3s-master3,1,2026-06-05 17:16:24 UTC,5362328,6855836,722408,9.11,102960,1589448,1236848,15.59,793988,1530324,404
cloud-k3s-master3,1,2026-06-05 17:16:25 UTC,5362328,6855852,722392,9.11,102960,1589464,1236848,15.59,793988,1530340,420
cloud-k3s-master3,1,2026-06-05 17:16:26 UTC,5362076,6855612,722632,9.11,102960,1589476,1236848,15.59,794400,1530352,428
cloud-k3s-master3,1,2026-06-05 17:16:27 UTC,5362076,6855616,722624,9.11,102960,1589488,1236848,15.59,794400,1530356,436
cloud-k3s-master3,1,2026-06-05 17:16:28 UTC,5362076,6855620,722612,9.11,102964,1589496,1236848,15.59,794400,1530360,436
cloud-k3s-master3,1,2026-06-05 17:16:29 UTC,5362076,6855648,722600,9.11,102964,1589508,1236848,15.59,794460,1530388,400
cloud-k3s-master3,1,2026-06-05 17:16:30 UTC,5361824,6855400,722840,9.11,102964,1589520,1236848,15.59,794820,1530392,412
cloud-k3s-master3,1,2026-06-05 17:16:31 UTC,5361824,6855420,722828,9.11,102964,1589532,1236848,15.59,794844,1530412,420
cloud-k3s-master3,1,2026-06-05 17:16:32 UTC,5361572,6855176,723072,9.12,102964,1589540,1236848,15.59,795084,1530420,428
cloud-k3s-master3,1,2026-06-05 17:16:33 UTC,5361572,6855196,723052,9.12,102968,1589556,1236848,15.59,795200,1530440,436
cloud-k3s-master3,1,2026-06-05 17:16:34 UTC,5361572,6855204,723044,9.12,102968,1589564,1236848,15.59,795216,1530448,440
cloud-k3s-master3,1,2026-06-05 17:16:35 UTC,5361572,6855216,723032,9.12,102968,1589576,1236848,15.59,795216,1530460,372
cloud-k3s-master3,1,2026-06-05 17:16:36 UTC,5361572,6855228,723020,9.12,102968,1589588,1236848,15.59,795264,1530472,420
cloud-k3s-master3,1,2026-06-05 17:16:37 UTC,5361572,6855244,723004,9.12,102968,1589604,1236848,15.59,795264,1530488,428
cloud-k3s-master3,1,2026-06-05 17:16:38 UTC,5361320,6855000,723248,9.12,102968,1589612,1236848,15.59,795340,1530496,440
cloud-k3s-master3,1,2026-06-05 17:16:39 UTC,5361320,6855024,723220,9.12,102968,1589636,1236848,15.59,795340,1530520,464
cloud-k3s-master3,1,2026-06-05 17:16:40 UTC,5361320,6855036,723208,9.12,102968,1589648,1236848,15.59,794872,1530532,476
cloud-k3s-master3,1,2026-06-05 17:16:41 UTC,5361068,6854792,723452,9.12,102968,1589656,1236848,15.59,795112,1530540,440
cloud-k3s-master3,1,2026-06-05 17:16:42 UTC,5360564,6854300,723944,9.13,102968,1589668,1236848,15.59,795416,1530552,412
cloud-k3s-master3,1,2026-06-05 17:16:43 UTC,5360064,6853808,724436,9.13,102968,1589676,1236848,15.59,795528,1530560,456
cloud-k3s-master3,1,2026-06-05 17:16:44 UTC,5359812,6853568,724676,9.14,102968,1589688,1236848,15.59,795528,1530572,464
cloud-k3s-master3,1,2026-06-05 17:16:45 UTC,5359812,6853584,724660,9.14,102968,1589704,1236848,15.59,795528,1530588,480
cloud-k3s-master3,1,2026-06-05 17:16:46 UTC,5359812,6853588,724648,9.14,102968,1589716,1236848,15.59,795528,1530592,488
cloud-k3s-master3,1,2026-06-05 17:16:47 UTC,5359812,6853612,724632,9.14,102968,1589732,1236848,15.59,795528,1530616,0
cloud-k3s-master3,1,2026-06-05 17:16:48 UTC,5359812,6853620,724624,9.14,102968,1589740,1236848,15.59,794840,1530624,12
cloud-k3s-master3,1,2026-06-05 17:16:49 UTC,5359812,6853632,724612,9.14,102968,1589752,1236848,15.59,794780,1530636,224
cloud-k3s-master3,1,2026-06-05 17:16:50 UTC,5359812,6853644,724600,9.14,102968,1589764,1236848,15.59,794784,1530648,244
cloud-k3s-master3,1,2026-06-05 17:16:51 UTC,5359812,6853652,724592,9.14,102968,1589772,1236848,15.59,793924,1530656,252
cloud-k3s-master3,1,2026-06-05 17:16:52 UTC,5359812,6853680,724564,9.14,102968,1589800,1236848,15.59,793832,1530684,360
cloud-k3s-master3,1,2026-06-05 17:16:53 UTC,5359812,6853692,724552,9.14,102968,1589812,1236848,15.59,794140,1530696,260
cloud-k3s-master3,1,2026-06-05 17:16:54 UTC,5359812,6853704,724536,9.14,102972,1589824,1236848,15.59,794140,1530708,296
cloud-k3s-master3,1,2026-06-05 17:16:55 UTC,5359560,6853472,724772,9.14,102972,1589836,1236848,15.59,794140,1530724,332
cloud-k3s-master3,1,2026-06-05 17:16:56 UTC,5359560,6853480,724764,9.14,102972,1589844,1236848,15.59,794448,1530732,340
cloud-k3s-master3,1,2026-06-05 17:16:57 UTC,5359560,6853496,724744,9.14,102972,1589860,1236848,15.59,794448,1530748,348
cloud-k3s-master3,1,2026-06-05 17:16:58 UTC,5359560,6853504,724736,9.14,102972,1589868,1236848,15.59,794448,1530756,356
cloud-k3s-master3,1,2026-06-05 17:16:59 UTC,5359560,6853516,724716,9.14,102972,1589888,1236848,15.59,794448,1530768,340
cloud-k3s-master3,1,2026-06-05 17:17:00 UTC,5358228,6852208,726036,9.15,102972,1589904,1239824,15.63,796228,1530792,364
cloud-k3s-master3,1,2026-06-05 17:17:01 UTC,5358152,6852144,726096,9.15,102972,1589916,1236848,15.59,795068,1530800,548
cloud-k3s-master3,1,2026-06-05 17:17:02 UTC,5357900,6851912,726332,9.16,102976,1589928,1239824,15.63,796456,1530820,588
cloud-k3s-master3,1,2026-06-05 17:17:03 UTC,5357900,6851928,726316,9.16,102976,1589944,1240032,15.63,796996,1530836,608
cloud-k3s-master3,1,2026-06-05 17:17:04 UTC,5364652,6858688,719556,9.07,102980,1589948,1236848,15.59,795424,1530844,652
cloud-k3s-master3,1,2026-06-05 17:17:05 UTC,5366236,6860292,717952,9.05,102980,1589968,1236848,15.59,795424,1530864,656
cloud-k3s-master3,1,2026-06-05 17:17:06 UTC,5359436,6853508,724724,9.14,102984,1589980,1236848,15.59,795428,1530880,680
cloud-k3s-master3,1,2026-06-05 17:17:07 UTC,5359436,6853520,724712,9.14,102984,1589992,1236848,15.59,795428,1530892,692
cloud-k3s-master3,1,2026-06-05 17:17:08 UTC,5359436,6853532,724704,9.14,102984,1590004,1236848,15.59,795428,1530904,704
cloud-k3s-master3,1,2026-06-05 17:17:09 UTC,5359436,6853544,724692,9.14,102984,1590016,1236848,15.59,795428,1530916,736
cloud-k3s-master3,1,2026-06-05 17:17:10 UTC,5359436,6853556,724680,9.14,102984,1590028,1236848,15.59,795432,1530928,744
cloud-k3s-master3,1,2026-06-05 17:17:11 UTC,5359436,6853568,724668,9.14,102984,1590040,1236848,15.59,795808,1530940,752
cloud-k3s-master3,1,2026-06-05 17:17:12 UTC,5359436,6853576,724660,9.14,102984,1590048,1236848,15.59,795956,1530948,716
cloud-k3s-master3,1,2026-06-05 17:17:13 UTC,5359436,6853588,724648,9.14,102984,1590060,1236848,15.59,796204,1530960,720
cloud-k3s-master3,1,2026-06-05 17:17:14 UTC,5358932,6853092,725140,9.14,102984,1590068,1236848,15.59,796204,1530968,732
cloud-k3s-master3,1,2026-06-05 17:17:15 UTC,5358708,6852884,725344,9.15,102988,1590084,1236848,15.59,796208,1530984,760
cloud-k3s-master3,1,2026-06-05 17:17:16 UTC,5358708,6852900,725332,9.15,102988,1590096,1236848,15.59,796208,1531000,772
cloud-k3s-master3,1,2026-06-05 17:17:17 UTC,5358708,6852920,725312,9.14,102988,1590116,1236848,15.59,796208,1531020,756
cloud-k3s-master3,1,2026-06-05 17:17:18 UTC,5358708,6852928,725304,9.14,102988,1590124,1239700,15.63,796764,1531028,764
cloud-k3s-master3,1,2026-06-05 17:17:19 UTC,5358708,6852940,725292,9.14,102988,1590136,1240056,15.63,797356,1531040,812
cloud-k3s-master3,1,2026-06-05 17:17:20 UTC,5365452,6859804,718420,9.06,102988,1590264,1236848,15.59,795780,1531040,356
cloud-k3s-master3,1,2026-06-05 17:17:21 UTC,5365228,6859596,718636,9.06,102988,1590272,1238336,15.61,795848,1531048,448
cloud-k3s-master3,1,2026-06-05 17:17:22 UTC,5364724,6859100,719132,9.07,102988,1590280,1239824,15.63,796184,1531056,456
cloud-k3s-master3,1,2026-06-05 17:17:23 UTC,5366712,6861100,717132,9.04,102988,1590292,1236848,15.59,795264,1531068,464
cloud-k3s-master3,1,2026-06-05 17:17:24 UTC,5366308,6860716,717516,9.05,102992,1590308,1236848,15.59,795140,1531088,608
cloud-k3s-master3,1,2026-06-05 17:17:25 UTC,5366084,6860504,717728,9.05,102992,1590320,1236848,15.59,795140,1531100,376
cloud-k3s-master3,1,2026-06-05 17:17:26 UTC,5365832,6860264,717964,9.05,102992,1590332,1236848,15.59,795468,1531112,372
cloud-k3s-master3,1,2026-06-05 17:17:27 UTC,5365832,6860276,717952,9.05,102992,1590344,1236848,15.59,795532,1531124,380
cloud-k3s-master3,1,2026-06-05 17:17:28 UTC,5365832,6860288,717940,9.05,102992,1590356,1236848,15.59,795532,1531136,388
cloud-k3s-master3,1,2026-06-05 17:17:29 UTC,5365832,6860300,717928,9.05,102992,1590368,1236848,15.59,795532,1531148,364
cloud-k3s-master3,1,2026-06-05 17:17:30 UTC,5365832,6860304,717916,9.05,102992,1590380,1236848,15.59,795532,1531152,412
cloud-k3s-master3,1,2026-06-05 17:17:31 UTC,5365580,6860060,718148,9.05,102992,1590392,1236848,15.59,795532,1531156,80
cloud-k3s-master3,1,2026-06-05 17:17:32 UTC,5365580,6860080,718132,9.05,102992,1590404,1236848,15.59,795708,1531176,104
cloud-k3s-master3,1,2026-06-05 17:17:33 UTC,5365580,6860084,718120,9.05,102992,1590412,1236848,15.59,795792,1531180,108
cloud-k3s-master3,1,2026-06-05 17:17:34 UTC,5365580,6860104,718112,9.05,102992,1590420,1236848,15.59,795948,1531200,284
cloud-k3s-master3,1,2026-06-05 17:17:35 UTC,5365580,6860116,718100,9.05,102992,1590432,1236848,15.59,795948,1531212,292
cloud-k3s-master3,1,2026-06-05 17:17:36 UTC,5365580,6860124,718096,9.05,102992,1590440,1236848,15.59,795948,1531220,284
cloud-k3s-master3,1,2026-06-05 17:17:37 UTC,5365328,6859892,718328,9.06,102992,1590460,1236848,15.59,795948,1531240,288
cloud-k3s-master3,1,2026-06-05 17:17:38 UTC,5365076,6859652,718568,9.06,102992,1590472,1236848,15.59,796012,1531252,388
cloud-k3s-master3,1,2026-06-05 17:17:39 UTC,5365076,6859668,718552,9.06,102992,1590488,1236848,15.59,796012,1531268,236
cloud-k3s-master3,1,2026-06-05 17:17:40 UTC,5362560,6857160,721060,9.09,102992,1590496,1239700,15.63,797348,1531276,152
cloud-k3s-master3,1,2026-06-05 17:17:41 UTC,5362560,6857172,721048,9.09,102992,1590508,1239700,15.63,797684,1531288,164
cloud-k3s-master3,1,2026-06-05 17:17:42 UTC,5364148,6858772,719444,9.07,102996,1590516,1236848,15.59,796484,1531300,140
cloud-k3s-master3,1,2026-06-05 17:17:43 UTC,5363900,6858536,719676,9.07,102996,1590528,1236848,15.59,796740,1531312,352
cloud-k3s-master3,1,2026-06-05 17:17:44 UTC,5363424,6858072,720148,9.08,102996,1590540,1236848,15.59,796744,1531324,364
cloud-k3s-master3,1,2026-06-05 17:17:45 UTC,5363424,6858084,720108,9.08,102996,1590552,1236848,15.59,796744,1531336,232
cloud-k3s-master3,1,2026-06-05 17:17:46 UTC,5363424,6858084,720100,9.08,103000,1590556,1236848,15.59,796744,1531336,240
cloud-k3s-master3,1,2026-06-05 17:17:47 UTC,5363424,6858120,720072,9.08,103000,1590584,1236848,15.59,796752,1531372,244
cloud-k3s-master3,1,2026-06-05 17:17:48 UTC,5363424,6858128,720064,9.08,103000,1590592,1236848,15.59,796064,1531380,188
cloud-k3s-master3,1,2026-06-05 17:17:49 UTC,5362668,6857384,720808,9.09,103000,1590604,1236848,15.59,796448,1531392,388
cloud-k3s-master3,1,2026-06-05 17:17:50 UTC,5362668,6857392,720800,9.09,103000,1590612,1236848,15.59,796460,1531400,392
cloud-k3s-master3,1,2026-06-05 17:17:51 UTC,5362416,6857152,721040,9.09,103000,1590624,1236848,15.59,795628,1531412,496
cloud-k3s-master3,1,2026-06-05 17:17:52 UTC,5362416,6857160,721032,9.09,103000,1590632,1236848,15.59,795628,1531420,504
cloud-k3s-master3,1,2026-06-05 17:17:53 UTC,5362416,6857168,721016,9.09,103000,1590648,1236848,15.59,795956,1531428,512
cloud-k3s-master3,1,2026-06-05 17:17:54 UTC,5362416,6857184,721008,9.09,103000,1590656,1236848,15.59,795980,1531444,348
cloud-k3s-master3,1,2026-06-05 17:17:55 UTC,5362164,6856956,721236,9.09,103004,1590672,1236848,15.59,795980,1531464,416
cloud-k3s-master3,1,2026-06-05 17:17:56 UTC,5362164,6856964,721228,9.09,103004,1590680,1236848,15.59,796220,1531472,252
cloud-k3s-master3,1,2026-06-05 17:17:57 UTC,5362164,6856980,721208,9.09,103008,1590696,1236848,15.59,796300,1531488,196
cloud-k3s-master3,1,2026-06-05 17:17:58 UTC,5361660,6856492,721700,9.10,103008,1590708,1236848,15.59,796300,1531504,204
cloud-k3s-master3,1,2026-06-05 17:17:59 UTC,5364208,6859052,719140,9.07,103008,1590720,1235360,15.58,795180,1531516,324
cloud-k3s-master3,1,2026-06-05 17:18:00 UTC,5364208,6859052,719132,9.07,103008,1590728,1235360,15.58,795180,1531516,40
cloud-k3s-master3,1,2026-06-05 17:18:01 UTC,5364208,6859076,719116,9.07,103008,1590744,1235360,15.58,795180,1531540,72
cloud-k3s-master3,1,2026-06-05 17:18:02 UTC,5363956,6858836,719352,9.07,103008,1590756,1235360,15.58,795180,1531552,80
cloud-k3s-master3,1,2026-06-05 17:18:03 UTC,5363956,6858848,719340,9.07,103008,1590768,1235360,15.58,795480,1531564,88
cloud-k3s-master3,1,2026-06-05 17:18:04 UTC,5363956,6858848,719332,9.07,103008,1590776,1235360,15.58,795480,1531564,268
cloud-k3s-master3,1,2026-06-05 17:18:05 UTC,5363956,6858868,719304,9.07,103008,1590788,1235360,15.58,795520,1531584,272
cloud-k3s-master3,1,2026-06-05 17:18:06 UTC,5363956,6858868,719292,9.07,103016,1590788,1235360,15.58,795520,1531584,256
cloud-k3s-master3,1,2026-06-05 17:18:07 UTC,5363956,6858900,719264,9.07,103016,1590812,1235360,15.58,795520,1531616,372
cloud-k3s-master3,1,2026-06-05 17:18:08 UTC,5363956,6858920,719268,9.07,103020,1590828,1235360,15.58,795520,1531636,380
cloud-k3s-master3,1,2026-06-05 17:18:09 UTC,5363956,6858928,719260,9.07,103020,1590836,1235360,15.58,795520,1531644,384
cloud-k3s-master3,1,2026-06-05 17:18:10 UTC,5363956,6858936,719284,9.07,103020,1590844,1235360,15.58,795520,1531652,144
cloud-k3s-master3,1,2026-06-05 17:18:11 UTC,5363704,6858696,719524,9.07,103020,1590856,1235360,15.58,795908,1531664,148
cloud-k3s-master3,1,2026-06-05 17:18:12 UTC,5363452,6858456,719764,9.07,103024,1590864,1235360,15.58,795908,1531676,140
cloud-k3s-master3,1,2026-06-05 17:18:13 UTC,5362948,6857972,720248,9.08,103024,1590880,1235360,15.58,796144,1531692,148
cloud-k3s-master3,1,2026-06-05 17:18:14 UTC,5362948,6857988,720232,9.08,103024,1590896,1235360,15.58,796164,1531708,328
cloud-k3s-master3,1,2026-06-05 17:18:15 UTC,5362948,6858000,720220,9.08,103024,1590908,1235360,15.58,796168,1531720,176
cloud-k3s-master3,1,2026-06-05 17:18:16 UTC,5362948,6858020,720196,9.08,103028,1590928,1235360,15.58,796168,1531740,188
cloud-k3s-master3,1,2026-06-05 17:18:17 UTC,5362948,6858044,720176,9.08,103028,1590948,1235360,15.58,796168,1531764,340
cloud-k3s-master3,1,2026-06-05 17:18:18 UTC,5362948,6858060,720160,9.08,103028,1590964,1235360,15.58,795524,1531780,348
cloud-k3s-master3,1,2026-06-05 17:18:19 UTC,5362948,6858060,720152,9.08,103028,1590972,1235360,15.58,795472,1531780,472
cloud-k3s-master3,1,2026-06-05 17:18:20 UTC,5362948,6858080,720140,9.08,103028,1590984,1235360,15.58,795472,1531800,488
cloud-k3s-master3,1,2026-06-05 17:18:21 UTC,5362948,6858088,720132,9.08,103028,1590992,1235360,15.58,794508,1531808,496
cloud-k3s-master3,1,2026-06-05 17:18:22 UTC,5362948,6858092,720120,9.08,103028,1591004,1235360,15.58,794628,1531812,332
cloud-k3s-master3,1,2026-06-05 17:18:23 UTC,5362948,6858112,720044,9.08,103028,1591016,1235360,15.58,794840,1531832,216
cloud-k3s-master3,1,2026-06-05 17:18:24 UTC,5362948,6858124,720032,9.08,103028,1591028,1235360,15.58,794840,1531844,408
cloud-k3s-master3,1,2026-06-05 17:18:25 UTC,5362948,6858136,720020,9.08,103028,1591040,1235360,15.58,794840,1531856,432
cloud-k3s-master3,1,2026-06-05 17:18:26 UTC,5362948,6858148,720004,9.08,103028,1591052,1235360,15.58,795112,1531868,440
cloud-k3s-master3,1,2026-06-05 17:18:27 UTC,5362948,6858160,719992,9.08,103028,1591064,1235360,15.58,795208,1531880,448
cloud-k3s-master3,1,2026-06-05 17:18:28 UTC,5362948,6858164,719980,9.08,103032,1591072,1235360,15.58,795208,1531884,200
cloud-k3s-master3,1,2026-06-05 17:18:29 UTC,5362948,6858180,719964,9.08,103032,1591088,1235360,15.58,795208,1531900,240
cloud-k3s-master3,1,2026-06-05 17:18:30 UTC,5361688,6856944,721208,9.09,103032,1591104,1235360,15.58,795208,1531924,236
cloud-k3s-master3,1,2026-06-05 17:18:31 UTC,5361688,6856952,721200,9.09,103032,1591112,1235360,15.58,795208,1531932,312
cloud-k3s-master3,1,2026-06-05 17:18:32 UTC,5361688,6856968,721184,9.09,103032,1591128,1235360,15.58,795380,1531948,332
cloud-k3s-master3,1,2026-06-05 17:18:33 UTC,5361688,6856980,721168,9.09,103032,1591140,1235360,15.58,795580,1531960,340
cloud-k3s-master3,1,2026-06-05 17:18:34 UTC,5361688,6856980,721160,9.09,103032,1591148,1235360,15.58,795580,1531960,348
cloud-k3s-master3,1,2026-06-05 17:18:35 UTC,5361688,6857000,721180,9.09,103032,1591160,1235360,15.58,795580,1531980,76
cloud-k3s-master3,1,2026-06-05 17:18:36 UTC,5361688,6857000,721172,9.09,103032,1591168,1235360,15.58,795580,1531980,68
cloud-k3s-master3,1,2026-06-05 17:18:37 UTC,5361688,6857024,721160,9.09,103032,1591184,1235360,15.58,795580,1532004,96
cloud-k3s-master3,1,2026-06-05 17:18:38 UTC,5361688,6857024,721152,9.09,103032,1591192,1235360,15.58,795580,1532004,104
cloud-k3s-master3,1,2026-06-05 17:18:39 UTC,5361688,6857056,721128,9.09,103032,1591216,1235360,15.58,795580,1532036,288
cloud-k3s-master3,1,2026-06-05 17:18:40 UTC,5361688,6857068,721108,9.09,103032,1591232,1235360,15.58,795580,1532044,300
cloud-k3s-master3,1,2026-06-05 17:18:41 UTC,5353624,6849020,729164,9.19,103032,1591240,1235360,15.58,802656,1532060,356
cloud-k3s-master3,1,2026-06-05 17:18:42 UTC,5353624,6849028,729156,9.19,103032,1591248,1235360,15.58,802704,1532068,388
cloud-k3s-master3,1,2026-06-05 17:18:43 UTC,5353372,6848792,729388,9.20,103032,1591264,1235360,15.58,802900,1532084,408
cloud-k3s-master3,1,2026-06-05 17:18:44 UTC,5353372,6848792,729380,9.20,103032,1591272,1235360,15.58,802912,1532084,240
cloud-k3s-master3,1,2026-06-05 17:18:45 UTC,5353372,6848812,729336,9.20,103032,1591284,1235360,15.58,802920,1532104,168
cloud-k3s-master3,1,2026-06-05 17:18:46 UTC,5353372,6848820,729324,9.20,103032,1591296,1235360,15.58,802920,1532112,172
cloud-k3s-master3,1,2026-06-05 17:18:47 UTC,5353372,6848836,729312,9.20,103032,1591308,1235360,15.58,802920,1532128,152
cloud-k3s-master3,1,2026-06-05 17:18:48 UTC,5353120,6848600,729548,9.20,103032,1591324,1235360,15.58,802404,1532144,172
cloud-k3s-master3,1,2026-06-05 17:18:49 UTC,5352364,6847852,730296,9.21,103032,1591332,1238212,15.61,803540,1532152,360
cloud-k3s-master3,1,2026-06-05 17:18:50 UTC,5354472,6849972,728176,9.18,103032,1591344,1235360,15.58,802152,1532164,348
cloud-k3s-master3,1,2026-06-05 17:18:51 UTC,5352752,6848268,729872,9.20,103032,1591352,1235360,15.58,801636,1532172,232
cloud-k3s-master3,1,2026-06-05 17:18:52 UTC,5351744,6847272,730864,9.21,103032,1591364,1235360,15.58,801608,1532184,260
cloud-k3s-master3,1,2026-06-05 17:18:53 UTC,5351744,6847284,730852,9.21,103032,1591376,1235360,15.58,801772,1532196,268
cloud-k3s-master3,1,2026-06-05 17:18:54 UTC,5351744,6847300,730832,9.21,103032,1591392,1235360,15.58,801804,1532212,436
cloud-k3s-master3,1,2026-06-05 17:18:55 UTC,5351744,6847300,730824,9.21,103032,1591400,1235360,15.58,801804,1532212,436
cloud-k3s-master3,1,2026-06-05 17:18:56 UTC,5351744,6847320,730816,9.21,103032,1591412,1235360,15.58,802024,1532232,428
cloud-k3s-master3,1,2026-06-05 17:18:57 UTC,5344448,6840024,738104,9.31,103032,1591420,1329572,16.76,809116,1532232,608
cloud-k3s-master3,1,2026-06-05 17:18:58 UTC,5336640,6832272,745720,9.40,103032,1591528,1292140,16.29,816452,1532280,752
cloud-k3s-master3,1,2026-06-05 17:18:59 UTC,5341608,6837272,740748,9.34,103032,1591532,1235360,15.58,802404,1532312,108
cloud-k3s-master3,1,2026-06-05 17:19:00 UTC,5341708,6837408,740648,9.34,103036,1591520,1235360,15.58,802508,1532344,276
cloud-k3s-master3,1,2026-06-05 17:19:01 UTC,5341708,6837416,740636,9.34,103036,1591528,1235360,15.58,802508,1532352,284
cloud-k3s-master3,1,2026-06-05 17:19:02 UTC,5341708,6837424,740620,9.34,103040,1591540,1235360,15.58,802508,1532360,292
cloud-k3s-master3,1,2026-06-05 17:19:03 UTC,5341708,6837448,740604,9.34,103040,1591556,1235360,15.58,802860,1532384,300
cloud-k3s-master3,1,2026-06-05 17:19:04 UTC,5341708,6837448,740600,9.34,103040,1591564,1235360,15.58,802860,1532384,416
cloud-k3s-master3,1,2026-06-05 17:19:05 UTC,5341708,6837468,740588,9.34,103040,1591576,1235360,15.58,802860,1532404,416
cloud-k3s-master3,1,2026-06-05 17:19:06 UTC,5341708,6837472,740580,9.34,103040,1591588,1235360,15.58,802860,1532408,424
cloud-k3s-master3,1,2026-06-05 17:19:07 UTC,5341708,6837492,740568,9.34,103040,1591600,1235360,15.58,802860,1532428,440
cloud-k3s-master3,1,2026-06-05 17:19:08 UTC,5341708,6837500,740560,9.34,103040,1591608,1235360,15.58,802860,1532436,448
cloud-k3s-master3,1,2026-06-05 17:19:09 UTC,5341708,6837528,740536,9.34,103040,1591636,1235360,15.58,802860,1532464,476
cloud-k3s-master3,1,2026-06-05 17:19:10 UTC,5341708,6837528,740528,9.34,103040,1591644,1235360,15.58,802860,1532464,484
cloud-k3s-master3,1,2026-06-05 17:19:11 UTC,5341708,6837556,740508,9.34,103040,1591664,1235360,15.58,803208,1532492,500
cloud-k3s-master3,1,2026-06-05 17:19:12 UTC,5341708,6837564,740500,9.34,103040,1591672,1235360,15.58,803208,1532500,508
cloud-k3s-master3,1,2026-06-05 17:19:13 UTC,5341708,6837580,740476,9.34,103040,1591688,1235360,15.58,803452,1532516,516
cloud-k3s-master3,1,2026-06-05 17:19:14 UTC,5341232,6837104,740944,9.34,103040,1591696,1235360,15.58,803452,1532516,524
cloud-k3s-master3,1,2026-06-05 17:19:15 UTC,5339468,6835360,742696,9.36,103040,1591708,1238336,15.61,804728,1532536,540
cloud-k3s-master3,1,2026-06-05 17:19:16 UTC,5339468,6835360,742688,9.36,103040,1591716,1238336,15.61,804752,1532536,548
cloud-k3s-master3,1,2026-06-05 17:19:17 UTC,5344348,6840400,737664,9.30,103040,1591868,1235360,15.58,803580,1532568,660
cloud-k3s-master3,1,2026-06-05 17:19:18 UTC,5344096,6840156,737912,9.30,103040,1591876,1235360,15.58,803236,1532576,668
cloud-k3s-master3,1,2026-06-05 17:19:19 UTC,5343844,6839916,738156,9.31,103040,1591888,1235360,15.58,803040,1532588,696
cloud-k3s-master3,1,2026-06-05 17:19:20 UTC,5343844,6839928,738144,9.31,103040,1591900,1235360,15.58,803040,1532600,704
cloud-k3s-master3,1,2026-06-05 17:19:21 UTC,5343844,6839940,738132,9.31,103040,1591912,1235360,15.58,802180,1532612,712
cloud-k3s-master3,1,2026-06-05 17:19:22 UTC,5343620,6839716,738348,9.31,103040,1591920,1235360,15.58,801788,1532612,708
cloud-k3s-master3,1,2026-06-05 17:19:23 UTC,5343620,6839736,738328,9.31,103040,1591932,1235360,15.58,802020,1532632,712
cloud-k3s-master3,1,2026-06-05 17:19:24 UTC,5343396,6839524,738536,9.31,103040,1591944,1235360,15.58,802020,1532644,724
cloud-k3s-master3,1,2026-06-05 17:19:25 UTC,5343396,6839536,738516,9.31,103040,1591956,1235360,15.58,802020,1532656,748
cloud-k3s-master3,1,2026-06-05 17:19:26 UTC,5343396,6839544,738504,9.31,103040,1591964,1235360,15.58,802204,1532664,756
cloud-k3s-master3,1,2026-06-05 17:19:27 UTC,5343144,6839304,738748,9.31,103040,1591976,1238564,15.62,803732,1532676,800
cloud-k3s-master3,1,2026-06-05 17:19:28 UTC,5346528,6842696,735364,9.27,103040,1591984,1235360,15.58,802260,1532684,848
cloud-k3s-master3,1,2026-06-05 17:19:29 UTC,5346276,6842460,735600,9.27,103040,1592000,1235360,15.58,802292,1532700,872
cloud-k3s-master3,1,2026-06-05 17:19:30 UTC,5346276,6842468,735548,9.27,103040,1592016,1235360,15.58,802292,1532708,152
cloud-k3s-master3,1,2026-06-05 17:19:31 UTC,5346276,6842492,735532,9.27,103040,1592032,1235360,15.58,802292,1532732,172
cloud-k3s-master3,1,2026-06-05 17:19:32 UTC,5346276,6842504,735528,9.27,103040,1592044,1235360,15.58,802292,1532744,180
cloud-k3s-master3,1,2026-06-05 17:19:33 UTC,5346024,6842268,735760,9.28,103040,1592056,1235360,15.58,802500,1532756,184
cloud-k3s-master3,1,2026-06-05 17:19:34 UTC,5346024,6842268,735748,9.28,103040,1592064,1235360,15.58,802596,1532756,352
cloud-k3s-master3,1,2026-06-05 17:19:35 UTC,5346024,6842284,735736,9.28,103048,1592064,1235360,15.58,802596,1532772,300
cloud-k3s-master3,1,2026-06-05 17:19:36 UTC,5346024,6842296,735712,9.28,103048,1592084,1235360,15.58,802596,1532784,328
cloud-k3s-master3,1,2026-06-05 17:19:37 UTC,5345776,6842068,735948,9.28,103048,1592096,1238212,15.61,803956,1532804,336
cloud-k3s-master3,1,2026-06-05 17:19:38 UTC,5345376,6841680,736348,9.28,103048,1592108,1235360,15.58,802596,1532816,444
cloud-k3s-master3,1,2026-06-05 17:19:39 UTC,5344620,6840940,737088,9.29,103048,1592124,1238212,15.61,803856,1532832,472
cloud-k3s-master3,1,2026-06-05 17:19:40 UTC,5352572,6848896,729124,9.19,103048,1592136,1235360,15.58,802800,1532836,480
cloud-k3s-master3,1,2026-06-05 17:19:41 UTC,5352432,6848776,729252,9.19,103048,1592148,1235360,15.58,802836,1532856,532
cloud-k3s-master3,1,2026-06-05 17:19:42 UTC,5352432,6848784,729244,9.19,103048,1592156,1235360,15.58,802900,1532864,540
cloud-k3s-master3,1,2026-06-05 17:19:43 UTC,5351960,6848324,729700,9.20,103048,1592168,1235360,15.58,803156,1532876,544
cloud-k3s-master3,1,2026-06-05 17:19:44 UTC,5351960,6848324,729708,9.20,103048,1592176,1235360,15.58,803160,1532876,544
cloud-k3s-master3,1,2026-06-05 17:19:45 UTC,5351960,6848348,729692,9.20,103052,1592192,1235360,15.58,803160,1532900,564
cloud-k3s-master3,1,2026-06-05 17:19:46 UTC,5351960,6848348,729684,9.20,103052,1592200,1235360,15.58,803160,1532900,440
cloud-k3s-master3,1,2026-06-05 17:19:47 UTC,5351960,6848376,729668,9.20,103052,1592216,1235360,15.58,803160,1532928,480
cloud-k3s-master3,1,2026-06-05 17:19:48 UTC,5351960,6848376,729660,9.20,103056,1592220,1235360,15.58,802472,1532928,488
cloud-k3s-master3,1,2026-06-05 17:19:49 UTC,5351960,6848416,729624,9.20,103056,1592248,1235360,15.58,802436,1532964,508
cloud-k3s-master3,1,2026-06-05 17:19:50 UTC,5351960,6848432,729608,9.20,103056,1592264,1235360,15.58,802436,1532980,528
cloud-k3s-master3,1,2026-06-05 17:19:51 UTC,5351456,6847948,730092,9.21,103060,1592280,1235360,15.58,801644,1533000,536
cloud-k3s-master3,1,2026-06-05 17:19:52 UTC,5351456,6847948,730084,9.21,103060,1592288,1235360,15.58,801644,1533000,544
cloud-k3s-master3,1,2026-06-05 17:19:53 UTC,5351456,6847972,730068,9.20,103060,1592304,1235360,15.58,801900,1533024,548
cloud-k3s-master3,1,2026-06-05 17:19:54 UTC,5351456,6847980,730056,9.20,103060,1592312,1235360,15.58,801900,1533032,556
cloud-k3s-master3,1,2026-06-05 17:19:55 UTC,5351456,6847996,730036,9.20,103060,1592328,1235360,15.58,801900,1533048,576
cloud-k3s-master3,1,2026-06-05 17:19:56 UTC,5351456,6848004,730028,9.20,103060,1592336,1235360,15.58,802132,1533056,572
cloud-k3s-master3,1,2026-06-05 17:19:57 UTC,5351204,6847764,730268,9.21,103060,1592348,1238340,15.61,803604,1533068,580
cloud-k3s-master3,1,2026-06-05 17:19:58 UTC,5355192,6851752,726284,9.16,103060,1592356,1235360,15.58,802484,1533068,588
cloud-k3s-master3,1,2026-06-05 17:19:59 UTC,5354992,6851564,726472,9.16,103060,1592368,1235360,15.58,802236,1533080,660
cloud-k3s-master3,1,2026-06-05 17:20:00 UTC,5354992,6851588,726448,9.16,103060,1592384,1235360,15.58,802236,1533104,680
cloud-k3s-master3,1,2026-06-05 17:20:01 UTC,5354488,6851096,726936,9.17,103060,1592396,1235360,15.58,802236,1533116,688
cloud-k3s-master3,1,2026-06-05 17:20:02 UTC,5354488,6851112,726928,9.17,103060,1592412,1235360,15.58,802236,1533132,696
cloud-k3s-master3,1,2026-06-05 17:20:03 UTC,5354488,6851120,726920,9.17,103060,1592420,1235360,15.58,802512,1533140,704
cloud-k3s-master3,1,2026-06-05 17:20:04 UTC,5354488,6851132,726908,9.17,103060,1592432,1235360,15.58,789176,1533152,724
cloud-k3s-master3,1,2026-06-05 17:20:05 UTC,5354488,6851144,726892,9.16,103060,1592444,1235360,15.58,789132,1533164,216
cloud-k3s-master3,1,2026-06-05 17:20:06 UTC,5354488,6851152,726884,9.16,103060,1592452,1235360,15.58,789132,1533172,160
cloud-k3s-master3,1,2026-06-05 17:20:07 UTC,5354488,6851168,726868,9.16,103060,1592468,1235360,15.58,789136,1533188,192
cloud-k3s-master3,1,2026-06-05 17:20:08 UTC,5354488,6851184,726852,9.16,103060,1592480,1235360,15.58,789136,1533200,408
cloud-k3s-master3,1,2026-06-05 17:20:09 UTC,5354488,6851200,726832,9.16,103064,1592496,1235360,15.58,789136,1533216,540
cloud-k3s-master3,1,2026-06-05 17:20:10 UTC,5354488,6851216,726824,9.16,103064,1592508,1235360,15.58,789136,1533232,548
cloud-k3s-master3,1,2026-06-05 17:20:11 UTC,5354488,6851228,726812,9.16,103064,1592520,1235360,15.58,789464,1533244,556
cloud-k3s-master3,1,2026-06-05 17:20:12 UTC,5354488,6851240,726800,9.16,103064,1592532,1235360,15.58,789464,1533256,628
cloud-k3s-master3,1,2026-06-05 17:20:13 UTC,5354488,6851252,726788,9.16,103064,1592544,1235360,15.58,789644,1533268,636
cloud-k3s-master3,1,2026-06-05 17:20:14 UTC,5354488,6851260,726780,9.16,103064,1592552,1235360,15.58,789696,1533276,656
cloud-k3s-master3,1,2026-06-05 17:20:15 UTC,5354488,6851276,726764,9.16,103064,1592568,1236720,15.59,790728,1533292,664
cloud-k3s-master3,1,2026-06-05 17:20:16 UTC,5354488,6851284,726756,9.16,103064,1592576,1236720,15.59,790808,1533300,672
cloud-k3s-master3,1,2026-06-05 17:20:17 UTC,5354488,6851296,726740,9.16,103064,1592588,1236720,15.59,790808,1533312,680
cloud-k3s-master3,1,2026-06-05 17:20:18 UTC,5354488,6851316,726720,9.16,103064,1592608,1236720,15.59,789988,1533332,432
cloud-k3s-master3,1,2026-06-05 17:20:19 UTC,5354488,6851328,726708,9.16,103064,1592620,1236720,15.59,789988,1533344,192
cloud-k3s-master3,1,2026-06-05 17:20:20 UTC,5354488,6851340,726692,9.16,103064,1592632,1236720,15.59,789992,1533356,352
cloud-k3s-master3,1,2026-06-05 17:20:21 UTC,5354488,6851356,726672,9.16,103064,1592648,1236720,15.59,789248,1533372,360
cloud-k3s-master3,1,2026-06-05 17:20:22 UTC,5354488,6851356,726664,9.16,103064,1592656,1236720,15.59,789248,1533372,368
cloud-k3s-master3,1,2026-06-05 17:20:23 UTC,5354488,6851376,726648,9.16,103064,1592668,1236720,15.59,789552,1533392,384
cloud-k3s-master3,1,2026-06-05 17:20:24 UTC,5354488,6851392,726664,9.16,103064,1592684,1236720,15.59,789552,1533408,104
cloud-k3s-master3,1,2026-06-05 17:20:25 UTC,5354488,6851404,726652,9.16,103064,1592696,1236720,15.59,789552,1533420,124
cloud-k3s-master3,1,2026-06-05 17:20:26 UTC,5354488,6851408,726640,9.16,103064,1592708,1236720,15.59,789784,1533424,132
cloud-k3s-master3,1,2026-06-05 17:20:27 UTC,5354488,6851424,726636,9.16,103064,1592716,1236720,15.59,789872,1533440,140
cloud-k3s-master3,1,2026-06-05 17:20:28 UTC,5354016,6850956,727096,9.17,103064,1592728,1236720,15.59,789872,1533444,148
cloud-k3s-master3,1,2026-06-05 17:20:29 UTC,5354016,6850976,727080,9.17,103064,1592740,1236720,15.59,789872,1533464,328
cloud-k3s-master3,1,2026-06-05 17:20:30 UTC,5354016,6850980,727068,9.17,103064,1592752,1236720,15.59,789872,1533468,336
cloud-k3s-master3,1,2026-06-05 17:20:31 UTC,5354016,6851008,727036,9.17,103068,1592772,1236720,15.59,789872,1533496,344
cloud-k3s-master3,1,2026-06-05 17:20:32 UTC,5354016,6851008,727028,9.17,103068,1592780,1236720,15.59,789872,1533496,352
cloud-k3s-master3,1,2026-06-05 17:20:33 UTC,5354016,6851032,727012,9.17,103068,1592792,1236720,15.59,790228,1533520,360
cloud-k3s-master3,1,2026-06-05 17:20:34 UTC,5354016,6851044,727000,9.17,103068,1592804,1236720,15.59,790228,1533532,368
cloud-k3s-master3,1,2026-06-05 17:20:35 UTC,5354016,6851048,727000,9.17,103068,1592816,1236720,15.59,790228,1533536,384
cloud-k3s-master3,1,2026-06-05 17:20:36 UTC,5354016,6851048,726996,9.17,103068,1592820,1236720,15.59,791088,1533536,388
cloud-k3s-master3,1,2026-06-05 17:20:37 UTC,5354016,6851060,726976,9.17,103068,1592840,1236720,15.59,791252,1533548,396
cloud-k3s-master3,1,2026-06-05 17:20:38 UTC,5353260,6850332,727720,9.18,103068,1592848,1238080,15.61,792372,1533576,432
cloud-k3s-master3,1,2026-06-05 17:20:39 UTC,5353260,6850348,727704,9.18,103068,1592864,1238080,15.61,792372,1533592,484
cloud-k3s-master3,1,2026-06-05 17:20:40 UTC,5353260,6850348,727692,9.17,103068,1592872,1238080,15.61,792372,1533592,492
cloud-k3s-master3,1,2026-06-05 17:20:41 UTC,5353260,6850372,727672,9.17,103068,1592888,1238080,15.61,792660,1533616,500
cloud-k3s-master3,1,2026-06-05 17:20:42 UTC,5354656,6851780,726268,9.16,103068,1592900,1238080,15.61,792628,1533628,608
cloud-k3s-master3,1,2026-06-05 17:20:43 UTC,5353652,6850788,727260,9.17,103068,1592912,1238080,15.61,793056,1533640,624
cloud-k3s-master3,1,2026-06-05 17:20:44 UTC,5353652,6850788,727252,9.17,103068,1592920,1238080,15.61,793056,1533640,632
cloud-k3s-master3,1,2026-06-05 17:20:45 UTC,5353652,6850808,727240,9.17,103068,1592932,1238080,15.61,793060,1533660,660
cloud-k3s-master3,1,2026-06-05 17:20:46 UTC,5353652,6850816,727232,9.17,103068,1592940,1241284,15.65,794616,1533668,668
cloud-k3s-master3,1,2026-06-05 17:20:47 UTC,5358000,6855172,722868,9.11,103068,1592956,1238080,15.61,793060,1533676,704
cloud-k3s-master3,1,2026-06-05 17:20:48 UTC,5357748,6854936,723108,9.12,103068,1592964,1238080,15.61,792372,1533692,712
cloud-k3s-master3,1,2026-06-05 17:20:49 UTC,5357748,6854956,723088,9.12,103068,1592980,1238080,15.61,792304,1533708,476
cloud-k3s-master3,1,2026-06-05 17:20:50 UTC,5357748,6854956,723080,9.12,103068,1592988,1238080,15.61,792304,1533708,488
cloud-k3s-master3,1,2026-06-05 17:20:51 UTC,5356772,6854004,724040,9.13,103068,1593004,1238080,15.61,791328,1533732,520
cloud-k3s-master3,1,2026-06-05 17:20:52 UTC,5356772,6854012,724032,9.13,103068,1593012,1238080,15.61,791328,1533740,528
cloud-k3s-master3,1,2026-06-05 17:20:53 UTC,5356772,6854032,724016,9.13,103076,1593028,1238080,15.61,791624,1533760,548
cloud-k3s-master3,1,2026-06-05 17:20:54 UTC,5356772,6854044,724000,9.13,103076,1593036,1238080,15.61,792484,1533772,556
cloud-k3s-master3,1,2026-06-05 17:20:55 UTC,5356772,6854060,724024,9.13,103076,1593052,1238080,15.61,792648,1533788,124
cloud-k3s-master3,1,2026-06-05 17:20:56 UTC,5356772,6854068,724028,9.13,103076,1593060,1238080,15.61,792896,1533796,132
cloud-k3s-master3,1,2026-06-05 17:20:57 UTC,5356772,6854080,724016,9.13,103076,1593072,1238080,15.61,792968,1533808,144
cloud-k3s-master3,1,2026-06-05 17:20:58 UTC,5356772,6854088,724012,9.13,103076,1593080,1238080,15.61,792968,1533816,152
cloud-k3s-master3,1,2026-06-05 17:20:59 UTC,5356772,6854104,723996,9.13,103076,1593096,1238080,15.61,792968,1533832,324
cloud-k3s-master3,1,2026-06-05 17:21:00 UTC,5356772,6854116,723980,9.13,103080,1593108,1238080,15.61,792968,1533844,332
cloud-k3s-master3,1,2026-06-05 17:21:01 UTC,5356772,6854132,723968,9.13,103080,1593120,1238080,15.61,792968,1533860,340
cloud-k3s-master3,1,2026-06-05 17:21:02 UTC,5356772,6854148,723948,9.13,103080,1593136,1238080,15.61,792968,1533876,424
cloud-k3s-master3,1,2026-06-05 17:21:03 UTC,5356772,6854168,723928,9.13,103084,1593152,1238080,15.61,793312,1533896,432
cloud-k3s-master3,1,2026-06-05 17:21:04 UTC,5356016,6853420,724672,9.14,103084,1593160,1239568,15.63,794400,1533904,452
cloud-k3s-master3,1,2026-06-05 17:21:05 UTC,5356016,6853432,724648,9.14,103084,1593172,1239568,15.63,794432,1533916,456
cloud-k3s-master3,1,2026-06-05 17:21:06 UTC,5356016,6853440,724632,9.14,103084,1593180,1239568,15.63,794432,1533924,464
cloud-k3s-master3,1,2026-06-05 17:21:07 UTC,5356016,6853452,724616,9.14,103084,1593192,1239568,15.63,794432,1533936,472
cloud-k3s-master3,1,2026-06-05 17:21:08 UTC,5356016,6853460,724628,9.14,103084,1593200,1239568,15.63,794432,1533944,480
cloud-k3s-master3,1,2026-06-05 17:21:09 UTC,5356016,6853472,724616,9.14,103084,1593212,1239568,15.63,794432,1533956,512
cloud-k3s-master3,1,2026-06-05 17:21:10 UTC,5355764,6853224,724860,9.14,103084,1593224,1242420,15.66,795672,1533960,520
cloud-k3s-master3,1,2026-06-05 17:21:11 UTC,5358508,6855992,722096,9.10,103084,1593240,1238080,15.61,794716,1533984,648
cloud-k3s-master3,1,2026-06-05 17:21:12 UTC,5358660,6856152,721932,9.10,103084,1593248,1238080,15.61,794644,1533992,672
cloud-k3s-master3,1,2026-06-05 17:21:13 UTC,5358184,6855688,722396,9.11,103084,1593260,1238080,15.61,794892,1534004,680
cloud-k3s-master3,1,2026-06-05 17:21:14 UTC,5357432,6854948,723144,9.12,103084,1593272,1238080,15.61,794972,1534016,636
cloud-k3s-master3,1,2026-06-05 17:21:15 UTC,5356424,6853964,724128,9.13,103084,1593292,1240932,15.65,796296,1534036,680
cloud-k3s-master3,1,2026-06-05 17:21:16 UTC,5360156,6857700,720384,9.08,103084,1593304,1238080,15.61,795124,1534040,700
cloud-k3s-master3,1,2026-06-05 17:21:17 UTC,5359536,6857104,720988,9.09,103084,1593320,1238080,15.61,794972,1534064,724
cloud-k3s-master3,1,2026-06-05 17:21:18 UTC,5358812,6856380,721704,9.10,103084,1593328,1238080,15.61,794360,1534064,744
cloud-k3s-master3,1,2026-06-05 17:21:19 UTC,5358056,6855644,722452,9.11,103084,1593340,1238080,15.61,795252,1534084,780
cloud-k3s-master3,1,2026-06-05 17:21:20 UTC,5358056,6855652,722444,9.11,103084,1593348,1238080,15.61,795252,1534092,792
cloud-k3s-master3,1,2026-06-05 17:21:21 UTC,5357804,6855412,722680,9.11,103084,1593360,1238080,15.61,794556,1534104,520
cloud-k3s-master3,1,2026-06-05 17:21:22 UTC,5357804,6855424,722668,9.11,103084,1593372,1238080,15.61,794460,1534116,524
cloud-k3s-master3,1,2026-06-05 17:21:23 UTC,5357804,6855436,722660,9.11,103084,1593384,1238080,15.61,792784,1534128,532
cloud-k3s-master3,1,2026-06-05 17:21:24 UTC,5357804,6855452,722640,9.11,103084,1593400,1238080,15.61,792804,1534144,532
cloud-k3s-master3,1,2026-06-05 17:21:25 UTC,5357552,6855212,722880,9.11,103084,1593412,1238080,15.61,792804,1534156,552
cloud-k3s-master3,1,2026-06-05 17:21:26 UTC,5357300,6854972,723112,9.12,103084,1593420,1239440,15.63,794136,1534164,524
cloud-k3s-master3,1,2026-06-05 17:21:27 UTC,5357300,6854984,723100,9.12,103084,1593432,1239440,15.63,794260,1534176,552
cloud-k3s-master3,1,2026-06-05 17:21:28 UTC,5357300,6854996,723088,9.12,103084,1593444,1239440,15.63,794260,1534188,572
cloud-k3s-master3,1,2026-06-05 17:21:29 UTC,5357300,6855004,723080,9.12,103084,1593452,1239440,15.63,794260,1534196,596
cloud-k3s-master3,1,2026-06-05 17:21:30 UTC,5357300,6855020,723064,9.12,103084,1593468,1239440,15.63,794260,1534212,104
cloud-k3s-master3,1,2026-06-05 17:21:31 UTC,5357300,6855032,723052,9.12,103084,1593480,1239440,15.63,794260,1534224,112
cloud-k3s-master3,1,2026-06-05 17:21:32 UTC,5362280,6860028,718056,9.05,103084,1593496,1238080,15.61,793148,1534240,168
cloud-k3s-master3,1,2026-06-05 17:21:33 UTC,5358308,6856068,721776,9.10,103084,1593508,1238080,15.61,793488,1534252,216
cloud-k3s-master3,1,2026-06-05 17:21:34 UTC,5358308,6856080,721764,9.10,103084,1593520,1238080,15.61,793488,1534264,228
cloud-k3s-master3,1,2026-06-05 17:21:35 UTC,5358308,6856092,721752,9.10,103084,1593532,1238080,15.61,793488,1534276,332
cloud-k3s-master3,1,2026-06-05 17:21:36 UTC,5358308,6856100,721744,9.10,103084,1593540,1238080,15.61,793488,1534284,344
cloud-k3s-master3,1,2026-06-05 17:21:37 UTC,5358308,6856112,721732,9.10,103084,1593552,1238080,15.61,793488,1534296,332
cloud-k3s-master3,1,2026-06-05 17:21:38 UTC,5358308,6856120,721724,9.10,103084,1593560,1238080,15.61,793488,1534304,288
cloud-k3s-master3,1,2026-06-05 17:21:39 UTC,5358308,6856140,721688,9.10,103088,1593576,1238080,15.61,793488,1534320,296
cloud-k3s-master3,1,2026-06-05 17:21:40 UTC,5358308,6856152,721680,9.10,103088,1593584,1238080,15.61,793488,1534332,320
cloud-k3s-master3,1,2026-06-05 17:21:41 UTC,5358308,6856172,721652,9.10,103088,1593604,1238080,15.61,793880,1534352,328
cloud-k3s-master3,1,2026-06-05 17:21:42 UTC,5358308,6856188,721628,9.10,103088,1593620,1238080,15.61,793892,1534368,400
cloud-k3s-master3,1,2026-06-05 17:21:43 UTC,5358308,6856200,721616,9.10,103088,1593632,1238080,15.61,794116,1534380,408
cloud-k3s-master3,1,2026-06-05 17:21:44 UTC,5358056,6855960,721860,9.10,103088,1593644,1238080,15.61,794116,1534392,364
cloud-k3s-master3,1,2026-06-05 17:21:45 UTC,5358056,6855988,721828,9.10,103096,1593664,1238080,15.61,794120,1534420,388
cloud-k3s-master3,1,2026-06-05 17:21:46 UTC,5358056,6856000,721812,9.10,103096,1593676,1238080,15.61,794120,1534432,396
cloud-k3s-master3,1,2026-06-05 17:21:47 UTC,5358056,6856016,721800,9.10,103100,1593688,1238080,15.61,794124,1534448,404
cloud-k3s-master3,1,2026-06-05 17:21:48 UTC,5358056,6856028,721784,9.10,103100,1593700,1238080,15.61,793608,1534460,412
cloud-k3s-master3,1,2026-06-05 17:21:49 UTC,5358056,6856036,721776,9.10,103100,1593708,1239568,15.63,794620,1534468,436
cloud-k3s-master3,1,2026-06-05 17:21:50 UTC,5359172,6857160,720644,9.09,103100,1593716,1239568,15.63,794556,1534476,368
cloud-k3s-master3,1,2026-06-05 17:21:51 UTC,5358196,6856192,721612,9.10,103100,1593724,1239568,15.63,793756,1534484,476
cloud-k3s-master3,1,2026-06-05 17:21:52 UTC,5358196,6856208,721624,9.10,103104,1593740,1239568,15.63,793696,1534500,484
cloud-k3s-master3,1,2026-06-05 17:21:53 UTC,5358196,6856228,721604,9.10,103108,1593756,1239568,15.63,793964,1534520,492
cloud-k3s-master3,1,2026-06-05 17:21:54 UTC,5358196,6856228,721588,9.10,103108,1593764,1239568,15.63,794032,1534520,492
cloud-k3s-master3,1,2026-06-05 17:21:55 UTC,5360752,6858812,719024,9.07,103108,1593780,1238080,15.61,792916,1534548,536
cloud-k3s-master3,1,2026-06-05 17:21:56 UTC,5360500,6858568,719264,9.07,103108,1593788,1238080,15.61,793256,1534556,432
cloud-k3s-master3,1,2026-06-05 17:21:57 UTC,5360500,6858580,719252,9.07,103108,1593800,1238080,15.61,793256,1534568,480
cloud-k3s-master3,1,2026-06-05 17:21:58 UTC,5360500,6858592,719240,9.07,103108,1593812,1238080,15.61,793256,1534580,488
cloud-k3s-master3,1,2026-06-05 17:21:59 UTC,5360500,6858600,719232,9.07,103108,1593820,1238080,15.61,793256,1534588,496
cloud-k3s-master3,1,2026-06-05 17:22:00 UTC,5360500,6858616,719216,9.07,103108,1593836,1238080,15.61,793256,1534604,508
cloud-k3s-master3,1,2026-06-05 17:22:01 UTC,5360500,6858616,719208,9.07,103108,1593844,1238080,15.61,793256,1534604,516
cloud-k3s-master3,1,2026-06-05 17:22:02 UTC,5360500,6858640,719184,9.07,103108,1593860,1238080,15.61,793256,1534628,448
cloud-k3s-master3,1,2026-06-05 17:22:03 UTC,5360248,6858400,719424,9.07,103108,1593872,1238080,15.61,793400,1534640,48
cloud-k3s-master3,1,2026-06-05 17:22:04 UTC,5360248,6858404,719412,9.07,103108,1593884,1238080,15.61,793584,1534644,232
cloud-k3s-master3,1,2026-06-05 17:22:05 UTC,5360248,6858432,719392,9.07,103108,1593904,1238080,15.61,793584,1534672,252
cloud-k3s-master3,1,2026-06-05 17:22:06 UTC,5360248,6858432,719376,9.07,103108,1593912,1238080,15.61,793584,1534672,260
cloud-k3s-master3,1,2026-06-05 17:22:07 UTC,5360248,6858452,719364,9.07,103108,1593924,1238080,15.61,793584,1534692,256
cloud-k3s-master3,1,2026-06-05 17:22:08 UTC,5359244,6857460,720368,9.08,103108,1593936,1238080,15.61,793584,1534704,180
cloud-k3s-master3,1,2026-06-05 17:22:09 UTC,5359244,6857472,720356,9.08,103108,1593948,1238080,15.61,793584,1534716,216
cloud-k3s-master3,1,2026-06-05 17:22:10 UTC,5359244,6857480,720336,9.08,103108,1593960,1238080,15.61,793584,1534720,324
cloud-k3s-master3,1,2026-06-05 17:22:11 UTC,5359244,6857496,720328,9.08,103108,1593968,1238080,15.61,793896,1534736,332
cloud-k3s-master3,1,2026-06-05 17:22:12 UTC,5359244,6857512,720324,9.08,103108,1593984,1238080,15.61,793936,1534752,340
cloud-k3s-master3,1,2026-06-05 17:22:13 UTC,5358488,6856764,721076,9.09,103108,1593992,1240932,15.65,795268,1534760,348
cloud-k3s-master3,1,2026-06-05 17:22:14 UTC,5358488,6856780,721060,9.09,103108,1594008,1241884,15.66,795448,1534776,316
cloud-k3s-master3,1,2026-06-05 17:22:15 UTC,5359252,6857556,720340,9.08,103108,1594020,1238080,15.61,794152,1534788,436
cloud-k3s-master3,1,2026-06-05 17:22:16 UTC,5359252,6857564,720320,9.08,103112,1594032,1238080,15.61,794072,1534796,452
cloud-k3s-master3,1,2026-06-05 17:22:17 UTC,5359252,6857584,720308,9.08,103112,1594044,1238080,15.61,794072,1534816,460
cloud-k3s-master3,1,2026-06-05 17:22:18 UTC,5359252,6857592,720292,9.08,103116,1594056,1238080,15.61,793300,1534824,468
cloud-k3s-master3,1,2026-06-05 17:22:19 UTC,5359252,6857608,720252,9.08,103116,1594064,1238080,15.61,793300,1534840,100
cloud-k3s-master3,1,2026-06-05 17:22:20 UTC,5359252,6857624,720236,9.08,103116,1594080,1238080,15.61,793300,1534856,24
cloud-k3s-master3,1,2026-06-05 17:22:21 UTC,5359252,6857636,720224,9.08,103116,1594092,1238080,15.61,792784,1534868,60
cloud-k3s-master3,1,2026-06-05 17:22:22 UTC,5359252,6857648,720220,9.08,103116,1594104,1238080,15.61,792760,1534880,68
cloud-k3s-master3,1,2026-06-05 17:22:23 UTC,5358748,6857156,720712,9.09,103116,1594116,1238080,15.61,792800,1534892,76
cloud-k3s-master3,1,2026-06-05 17:22:24 UTC,5358748,6857172,720688,9.09,103120,1594128,1238080,15.61,793052,1534908,336
cloud-k3s-master3,1,2026-06-05 17:22:25 UTC,5358748,6857184,720680,9.09,103120,1594140,1238080,15.61,793052,1534920,160
cloud-k3s-master3,1,2026-06-05 17:22:26 UTC,5358496,6856940,720920,9.09,103120,1594148,1238080,15.61,793404,1534928,0
cloud-k3s-master3,1,2026-06-05 17:22:27 UTC,5358496,6856952,720908,9.09,103120,1594160,1238080,15.61,793404,1534940,36
cloud-k3s-master3,1,2026-06-05 17:22:28 UTC,5358496,6856956,720896,9.09,103120,1594172,1238080,15.61,793404,1534944,44
cloud-k3s-master3,1,2026-06-05 17:22:29 UTC,5358496,6856972,720888,9.09,103120,1594180,1238080,15.61,793404,1534960,224
cloud-k3s-master3,1,2026-06-05 17:22:30 UTC,5358496,6856984,720876,9.09,103120,1594192,1238080,15.61,793404,1534972,248
cloud-k3s-master3,1,2026-06-05 17:22:31 UTC,5358496,6856992,720868,9.09,103120,1594200,1238080,15.61,793404,1534980,256
cloud-k3s-master3,1,2026-06-05 17:22:32 UTC,5358496,6857008,720852,9.09,103120,1594216,1238080,15.61,793404,1534996,212
cloud-k3s-master3,1,2026-06-05 17:22:33 UTC,5358244,6856768,721092,9.09,103120,1594228,1238080,15.61,793756,1535008,208
cloud-k3s-master3,1,2026-06-05 17:22:34 UTC,5358244,6856780,721080,9.09,103120,1594240,1238080,15.61,793756,1535020,52
cloud-k3s-master3,1,2026-06-05 17:22:35 UTC,5358244,6856792,721068,9.09,103120,1594252,1238080,15.61,793760,1535032,60
cloud-k3s-master3,1,2026-06-05 17:22:36 UTC,5360808,6859360,718492,9.06,103120,1594264,1238080,15.61,793876,1535036,208
cloud-k3s-master3,1,2026-06-05 17:22:37 UTC,5360808,6859388,718472,9.06,103120,1594284,1238080,15.61,793760,1535064,324
cloud-k3s-master3,1,2026-06-05 17:22:38 UTC,5359536,6858124,719736,9.07,103120,1594292,1238080,15.61,793788,1535072,292
cloud-k3s-master3,1,2026-06-05 17:22:39 UTC,5359284,6857892,719968,9.08,103120,1594308,1238080,15.61,793788,1535088,312
cloud-k3s-master3,1,2026-06-05 17:22:40 UTC,5359284,6857892,719960,9.08,103120,1594316,1238080,15.61,793788,1535088,172
cloud-k3s-master3,1,2026-06-05 17:22:41 UTC,5359284,6857912,719980,9.08,103120,1594328,1238080,15.61,794084,1535108,124
cloud-k3s-master3,1,2026-06-05 17:22:42 UTC,5359284,6857924,719968,9.08,103120,1594340,1238080,15.61,794120,1535120,112
cloud-k3s-master3,1,2026-06-05 17:22:43 UTC,5358780,6857432,720460,9.08,103120,1594352,1238080,15.61,794456,1535132,120
cloud-k3s-master3,1,2026-06-05 17:22:44 UTC,5358028,6856692,721200,9.09,103120,1594364,1238080,15.61,794328,1535144,300
cloud-k3s-master3,1,2026-06-05 17:22:45 UTC,5358028,6856720,721172,9.09,103120,1594392,1238080,15.61,794328,1535172,324
cloud-k3s-master3,1,2026-06-05 17:22:46 UTC,5358028,6856724,721160,9.09,103120,1594404,1238080,15.61,794328,1535176,332
cloud-k3s-master3,1,2026-06-05 17:22:47 UTC,5358028,6856744,721148,9.09,103120,1594416,1238080,15.61,794328,1535196,340
cloud-k3s-master3,1,2026-06-05 17:22:48 UTC,5358028,6856756,721136,9.09,103120,1594428,1238080,15.61,793704,1535208,348
cloud-k3s-master3,1,2026-06-05 17:22:49 UTC,5358028,6856756,721128,9.09,103120,1594436,1238080,15.61,793620,1535208,356
cloud-k3s-master3,1,2026-06-05 17:22:50 UTC,5358028,6856776,721148,9.09,103120,1594448,1238080,15.61,793620,1535228,148
cloud-k3s-master3,1,2026-06-05 17:22:51 UTC,5357776,6856532,721392,9.10,103120,1594456,1238080,15.61,792824,1535236,156
cloud-k3s-master3,1,2026-06-05 17:22:52 UTC,5357776,6856548,721376,9.10,103120,1594472,1238080,15.61,792596,1535252,336
cloud-k3s-master3,1,2026-06-05 17:22:53 UTC,5357776,6856568,721356,9.10,103120,1594492,1238080,15.61,793024,1535272,344
cloud-k3s-master3,1,2026-06-05 17:22:54 UTC,5357776,6856584,721328,9.09,103120,1594508,1238080,15.61,793328,1535288,464
cloud-k3s-master3,1,2026-06-05 17:22:55 UTC,5357524,6856812,721092,9.09,103120,1594984,1238080,15.61,793332,1535764,372
cloud-k3s-master3,1,2026-06-05 17:22:56 UTC,5357272,6856564,721332,9.09,103120,1594996,1238080,15.61,793680,1535768,344
cloud-k3s-master3,1,2026-06-05 17:22:57 UTC,5357272,6856576,721320,9.09,103120,1595008,1238080,15.61,793680,1535780,360
cloud-k3s-master3,1,2026-06-05 17:22:58 UTC,5357272,6856600,721304,9.09,103120,1595020,1238080,15.61,793680,1535800,368
cloud-k3s-master3,1,2026-06-05 17:22:59 UTC,5357272,6856612,721300,9.09,103120,1595032,1238080,15.61,793680,1535812,380
cloud-k3s-master3,1,2026-06-05 17:23:00 UTC,5357272,6856620,721288,9.09,103124,1595040,1238080,15.61,793680,1535820,508
cloud-k3s-master3,1,2026-06-05 17:23:01 UTC,5357272,6856636,721272,9.09,103124,1595056,1238080,15.61,793680,1535836,516
cloud-k3s-master3,1,2026-06-05 17:23:02 UTC,5357272,6856648,721264,9.09,103124,1595064,1238080,15.61,793680,1535848,528
cloud-k3s-master3,1,2026-06-05 17:23:03 UTC,5360832,6860220,717688,9.05,103124,1595076,1238080,15.61,793852,1535860,344
cloud-k3s-master3,1,2026-06-05 17:23:04 UTC,5360580,6859984,717920,9.05,103124,1595092,1238080,15.61,793968,1535876,424
cloud-k3s-master3,1,2026-06-05 17:23:05 UTC,5360580,6859996,717908,9.05,103124,1595104,1238080,15.61,794020,1535888,436
cloud-k3s-master3,1,2026-06-05 17:23:06 UTC,5360076,6859504,718400,9.06,103124,1595116,1239440,15.63,795108,1535900,444
cloud-k3s-master3,1,2026-06-05 17:23:07 UTC,5360076,6859512,718388,9.06,103124,1595124,1239440,15.63,795140,1535908,452
cloud-k3s-master3,1,2026-06-05 17:23:08 UTC,5360076,6859524,718380,9.06,103124,1595136,1239440,15.63,795140,1535920,460
cloud-k3s-master3,1,2026-06-05 17:23:09 UTC,5360076,6859536,718368,9.06,103124,1595148,1239440,15.63,795140,1535932,396
cloud-k3s-master3,1,2026-06-05 17:23:10 UTC,5360076,6859548,718356,9.06,103124,1595160,1239440,15.63,795140,1535944,440
cloud-k3s-master3,1,2026-06-05 17:23:11 UTC,5360076,6859548,718348,9.06,103124,1595168,1239440,15.63,795460,1535944,448
cloud-k3s-master3,1,2026-06-05 17:23:12 UTC,5360076,6859572,718320,9.06,103124,1595184,1239440,15.63,795480,1535968,460
cloud-k3s-master3,1,2026-06-05 17:23:13 UTC,5360076,6859572,718312,9.06,103124,1595192,1239440,15.63,795480,1535968,468
cloud-k3s-master3,1,2026-06-05 17:23:14 UTC,5357084,6856612,721280,9.09,103124,1595216,1242292,15.66,796960,1536000,476
cloud-k3s-master3,1,2026-06-05 17:23:15 UTC,5359712,6859248,718652,9.06,103124,1595224,1239440,15.63,795588,1536008,516
cloud-k3s-master3,1,2026-06-05 17:23:16 UTC,5359712,6859264,718636,9.06,103124,1595240,1239440,15.63,795592,1536024,560
cloud-k3s-master3,1,2026-06-05 17:23:17 UTC,5359460,6859020,718880,9.06,103124,1595248,1239440,15.63,795592,1536032,568
cloud-k3s-master3,1,2026-06-05 17:23:18 UTC,5359460,6859036,718864,9.06,103124,1595264,1239440,15.63,794976,1536048,576
cloud-k3s-master3,1,2026-06-05 17:23:19 UTC,5359460,6859036,718856,9.06,103124,1595272,1239440,15.63,794976,1536048,584
cloud-k3s-master3,1,2026-06-05 17:23:20 UTC,5359460,6859064,718836,9.06,103124,1595292,1239440,15.63,794976,1536076,560
cloud-k3s-master3,1,2026-06-05 17:23:21 UTC,5359460,6859072,718828,9.06,103124,1595300,1239440,15.63,794140,1536084,568
cloud-k3s-master3,1,2026-06-05 17:23:22 UTC,5359460,6859092,718772,9.06,103124,1595320,1239440,15.63,794140,1536104,176
cloud-k3s-master3,1,2026-06-05 17:23:23 UTC,5359460,6859096,718760,9.06,103124,1595332,1239440,15.63,794140,1536108,184
cloud-k3s-master3,1,2026-06-05 17:23:24 UTC,5359460,6859120,718744,9.06,103124,1595348,1239440,15.63,794432,1536132,364
cloud-k3s-master3,1,2026-06-05 17:23:25 UTC,5359208,6858876,718980,9.07,103124,1595360,1239440,15.63,794432,1536136,380
cloud-k3s-master3,1,2026-06-05 17:23:26 UTC,5358200,6857888,719976,9.08,103124,1595372,1242288,15.66,796016,1536156,388
cloud-k3s-master3,1,2026-06-05 17:23:27 UTC,5359600,6859304,718560,9.06,103124,1595388,1239440,15.63,794896,1536172,472
cloud-k3s-master3,1,2026-06-05 17:23:28 UTC,5359100,6858812,719052,9.07,103124,1595396,1240800,15.64,795868,1536180,556
cloud-k3s-master3,1,2026-06-05 17:23:29 UTC,5358876,6858600,719264,9.07,103124,1595408,1240800,15.64,795872,1536192,572
cloud-k3s-master3,1,2026-06-05 17:23:30 UTC,5358400,6858136,719728,9.07,103124,1595420,1240800,15.64,795872,1536204,272
cloud-k3s-master3,1,2026-06-05 17:23:31 UTC,5358400,6858136,719724,9.07,103124,1595428,1240800,15.64,795872,1536204,280
cloud-k3s-master3,1,2026-06-05 17:23:32 UTC,5358148,6857908,719956,9.08,103124,1595444,1240800,15.64,795872,1536228,288
cloud-k3s-master3,1,2026-06-05 17:23:33 UTC,5358148,6857916,719948,9.08,103124,1595452,1240800,15.64,796044,1536236,244
cloud-k3s-master3,1,2026-06-05 17:23:34 UTC,5358148,6857932,719932,9.08,103124,1595468,1240800,15.64,796228,1536252,188
cloud-k3s-master3,1,2026-06-05 17:23:35 UTC,5358148,6857940,719924,9.08,103124,1595476,1240800,15.64,796228,1536260,200
cloud-k3s-master3,1,2026-06-05 17:23:36 UTC,5358148,6857956,719904,9.08,103124,1595492,1240800,15.64,796228,1536276,232
cloud-k3s-master3,1,2026-06-05 17:23:37 UTC,5358148,6857956,719896,9.08,103124,1595500,1240800,15.64,796228,1536276,240
cloud-k3s-master3,1,2026-06-05 17:23:38 UTC,5357896,6857724,720136,9.08,103124,1595512,1240800,15.64,796468,1536296,212
cloud-k3s-master3,1,2026-06-05 17:23:39 UTC,5357896,6857724,720132,9.08,103124,1595516,1240800,15.64,796468,1536296,216
cloud-k3s-master3,1,2026-06-05 17:23:40 UTC,5357896,6857736,720116,9.08,103124,1595532,1240800,15.64,796500,1536308,256
cloud-k3s-master3,1,2026-06-05 17:23:41 UTC,5355404,6855260,722600,9.11,103124,1595540,1240800,15.64,797696,1536324,264
cloud-k3s-master3,1,2026-06-05 17:23:42 UTC,5355404,6855280,722580,9.11,103124,1595556,1240800,15.64,797968,1536340,352
cloud-k3s-master3,1,2026-06-05 17:23:43 UTC,5355152,6855028,722824,9.11,103124,1595564,1240800,15.64,798364,1536340,364
cloud-k3s-master3,1,2026-06-05 17:23:44 UTC,5353388,6853284,724568,9.14,103124,1595576,1243652,15.68,799584,1536360,356
cloud-k3s-master3,1,2026-06-05 17:23:45 UTC,5355992,6855904,721940,9.10,103124,1595600,1240800,15.64,798308,1536376,232
cloud-k3s-master3,1,2026-06-05 17:23:46 UTC,5355376,6855304,722516,9.11,103124,1595608,1240800,15.64,798264,1536392,308
cloud-k3s-master3,1,2026-06-05 17:23:47 UTC,5355376,6855316,722504,9.11,103124,1595620,1240800,15.64,798264,1536404,308
cloud-k3s-master3,1,2026-06-05 17:23:48 UTC,5355124,6855072,722748,9.11,103124,1595636,1240800,15.64,797580,1536412,316
cloud-k3s-master3,1,2026-06-05 17:23:49 UTC,5355124,6855072,722740,9.11,103124,1595644,1240800,15.64,797580,1536412,324
cloud-k3s-master3,1,2026-06-05 17:23:50 UTC,5355124,6855092,722728,9.11,103124,1595656,1240800,15.64,797580,1536432,400
cloud-k3s-master3,1,2026-06-05 17:23:51 UTC,5354628,6854596,723216,9.12,103124,1595664,1241672,15.66,796892,1536432,140
cloud-k3s-master3,1,2026-06-05 17:23:52 UTC,5354152,6854148,723736,9.13,103124,1595676,1240800,15.64,796720,1536460,168
cloud-k3s-master3,1,2026-06-05 17:23:53 UTC,5353900,6853904,723976,9.13,103124,1595684,1242160,15.66,797788,1536468,176
cloud-k3s-master3,1,2026-06-05 17:23:54 UTC,5353900,6853924,723952,9.13,103124,1595704,1242160,15.66,798120,1536488,356
cloud-k3s-master3,1,2026-06-05 17:23:55 UTC,5353648,6853680,724196,9.13,103124,1595712,1242160,15.66,798120,1536496,360
cloud-k3s-master3,1,2026-06-05 17:23:56 UTC,5353144,6853196,724672,9.14,103124,1595728,1242160,15.66,798528,1536512,372
cloud-k3s-master3,1,2026-06-05 17:23:57 UTC,5353144,6853204,724668,9.14,103128,1595732,1242160,15.66,798556,1536520,356
cloud-k3s-master3,1,2026-06-05 17:23:58 UTC,5353144,6853256,724616,9.14,103136,1595776,1242160,15.66,798556,1536572,492
cloud-k3s-master3,1,2026-06-05 17:23:59 UTC,5352640,6852960,724876,9.14,103416,1595708,1242160,15.66,798988,1536780,240
cloud-k3s-master3,1,2026-06-05 17:24:00 UTC,5352640,6853140,724692,9.14,103420,1595888,1242160,15.66,798988,1536960,260
cloud-k3s-master3,1,2026-06-05 17:24:01 UTC,5352640,6853164,724672,9.14,103420,1595904,1242160,15.66,798992,1536984,272
cloud-k3s-master3,1,2026-06-05 17:24:02 UTC,5352640,6853176,724660,9.14,103420,1595916,1242160,15.66,798992,1536996,272
cloud-k3s-master3,1,2026-06-05 17:24:03 UTC,5352640,6853188,724648,9.14,103420,1595928,1242160,15.66,799096,1537008,264
cloud-k3s-master3,1,2026-06-05 17:24:04 UTC,5352640,6853200,724640,9.14,103420,1595936,1242160,15.66,799332,1537016,440
cloud-k3s-master3,1,2026-06-05 17:24:05 UTC,5352640,6853204,724628,9.14,103420,1595948,1242160,15.66,799332,1537020,212
cloud-k3s-master3,1,2026-06-05 17:24:06 UTC,5352640,6853228,724612,9.14,103420,1595964,1242160,15.66,799332,1537044,228
cloud-k3s-master3,1,2026-06-05 17:24:07 UTC,5352640,6853236,724604,9.14,103420,1595972,1242160,15.66,799332,1537052,236
cloud-k3s-master3,1,2026-06-05 17:24:08 UTC,5338540,6839160,738632,9.31,103424,1596020,1290172,16.27,806680,1537068,472
cloud-k3s-master3,1,2026-06-05 17:24:09 UTC,5330224,6830908,746820,9.42,103428,1596108,1303804,16.44,817600,1537128,560
cloud-k3s-master3,1,2026-06-05 17:24:10 UTC,5341060,6841756,736104,9.28,103432,1596048,1242160,15.66,799740,1537140,36
cloud-k3s-master3,1,2026-06-05 17:24:11 UTC,5341060,6841776,736080,9.28,103432,1596068,1242160,15.66,799952,1537160,272
cloud-k3s-master3,1,2026-06-05 17:24:12 UTC,5340836,6841560,736296,9.28,103432,1596076,1242160,15.66,799952,1537168,280
cloud-k3s-master3,1,2026-06-05 17:24:13 UTC,5340836,6841576,736280,9.28,103432,1596092,1242160,15.66,799972,1537184,288
cloud-k3s-master3,1,2026-06-05 17:24:14 UTC,5340584,6841332,736516,9.29,103436,1596108,1242160,15.66,799972,1537192,296
cloud-k3s-master3,1,2026-06-05 17:24:15 UTC,5342360,6843128,734772,9.26,103436,1596116,1242160,15.66,799964,1537212,152
cloud-k3s-master3,1,2026-06-05 17:24:16 UTC,5342108,6842888,735012,9.27,103436,1596128,1242160,15.66,799964,1537224,160
cloud-k3s-master3,1,2026-06-05 17:24:17 UTC,5342108,6842908,734992,9.27,103440,1596144,1242160,15.66,799964,1537244,164
cloud-k3s-master3,1,2026-06-05 17:24:18 UTC,5342108,6842916,734984,9.27,103440,1596152,1242160,15.66,799448,1537252,172
cloud-k3s-master3,1,2026-06-05 17:24:19 UTC,5342108,6842924,734968,9.27,103440,1596168,1242160,15.66,799336,1537260,352
cloud-k3s-master3,1,2026-06-05 17:24:20 UTC,5342108,6842924,734960,9.27,103440,1596176,1242160,15.66,799336,1537260,360
cloud-k3s-master3,1,2026-06-05 17:24:21 UTC,5342108,6842952,734948,9.27,103440,1596188,1242160,15.66,798768,1537288,284
cloud-k3s-master3,1,2026-06-05 17:24:22 UTC,5342108,6842952,734944,9.27,103440,1596196,1242160,15.66,798424,1537288,292
cloud-k3s-master3,1,2026-06-05 17:24:23 UTC,5342108,6842984,734920,9.27,103444,1596216,1242160,15.66,798672,1537320,384
cloud-k3s-master3,1,2026-06-05 17:24:24 UTC,5342108,6842988,734908,9.27,103448,1596220,1242160,15.66,798672,1537320,220
cloud-k3s-master3,1,2026-06-05 17:24:25 UTC,5344120,6845028,732864,9.24,103448,1596240,1242160,15.66,798672,1537348,344
cloud-k3s-master3,1,2026-06-05 17:24:26 UTC,5343644,6844564,733328,9.25,103448,1596252,1242160,15.66,798960,1537360,352
cloud-k3s-master3,1,2026-06-05 17:24:27 UTC,5343644,6844580,733304,9.25,103448,1596268,1242160,15.66,799000,1537376,328
cloud-k3s-master3,1,2026-06-05 17:24:28 UTC,5343644,6844580,733292,9.25,103448,1596276,1242160,15.66,799000,1537376,336
cloud-k3s-master3,1,2026-06-05 17:24:29 UTC,5343392,6844340,733536,9.25,103448,1596288,1242160,15.66,799000,1537388,452
cloud-k3s-master3,1,2026-06-05 17:24:30 UTC,5343392,6844356,733528,9.25,103448,1596296,1242160,15.66,799000,1537404,288
cloud-k3s-master3,1,2026-06-05 17:24:31 UTC,5343392,6844372,733512,9.25,103448,1596312,1242160,15.66,799000,1537420,196
cloud-k3s-master3,1,2026-06-05 17:24:32 UTC,5343392,6844380,733504,9.25,103448,1596320,1242160,15.66,799000,1537428,204
cloud-k3s-master3,1,2026-06-05 17:24:33 UTC,5343392,6844396,733488,9.25,103448,1596336,1242160,15.66,799336,1537444,200
cloud-k3s-master3,1,2026-06-05 17:24:34 UTC,5343392,6844396,733480,9.25,103448,1596344,1242160,15.66,799336,1537444,380
cloud-k3s-master3,1,2026-06-05 17:24:35 UTC,5343140,6844164,733720,9.25,103448,1596356,1242160,15.66,799396,1537464,400
cloud-k3s-master3,1,2026-06-05 17:24:36 UTC,5343140,6844168,733708,9.25,103448,1596368,1242160,15.66,799452,1537468,412
cloud-k3s-master3,1,2026-06-05 17:24:37 UTC,5343140,6844196,733684,9.25,103452,1596388,1242160,15.66,799356,1537496,508
cloud-k3s-master3,1,2026-06-05 17:24:38 UTC,5346736,6847796,730080,9.20,103452,1596396,1243776,15.68,799616,1537500,516
cloud-k3s-master3,1,2026-06-05 17:24:39 UTC,5346736,6847824,730092,9.21,103456,1596412,1243776,15.68,799616,1537528,272
cloud-k3s-master3,1,2026-06-05 17:24:40 UTC,5346736,6847824,730084,9.21,103456,1596420,1243776,15.68,799616,1537528,280
cloud-k3s-master3,1,2026-06-05 17:24:41 UTC,5346736,6847836,730072,9.20,103456,1596432,1243776,15.68,799776,1537540,40
cloud-k3s-master3,1,2026-06-05 17:24:42 UTC,5346736,6847852,730064,9.20,103456,1596440,1243776,15.68,799808,1537556,52
cloud-k3s-master3,1,2026-06-05 17:24:43 UTC,5346736,6847868,730048,9.20,103456,1596456,1243776,15.68,799852,1537572,64
cloud-k3s-master3,1,2026-06-05 17:24:44 UTC,5346736,6847868,730040,9.20,103456,1596464,1243776,15.68,800164,1537572,200
cloud-k3s-master3,1,2026-06-05 17:24:45 UTC,5346736,6847892,730020,9.20,103456,1596480,1243776,15.68,787972,1537596,72
cloud-k3s-master3,1,2026-06-05 17:24:46 UTC,5346736,6847904,730004,9.20,103456,1596492,1243776,15.68,787972,1537608,80
cloud-k3s-master3,1,2026-06-05 17:24:47 UTC,5346736,6847920,729988,9.20,103456,1596508,1243776,15.68,787976,1537624,88
cloud-k3s-master3,1,2026-06-05 17:24:48 UTC,5346736,6847932,729976,9.20,103456,1596520,1243776,15.68,787288,1537636,236
cloud-k3s-master3,1,2026-06-05 17:24:49 UTC,5346736,6847944,729968,9.20,103456,1596532,1243776,15.68,787252,1537648,248
cloud-k3s-master3,1,2026-06-05 17:24:50 UTC,5346736,6847952,729960,9.20,103456,1596540,1243776,15.68,787252,1537656,360
cloud-k3s-master3,1,2026-06-05 17:24:51 UTC,5346736,6847964,729948,9.20,103456,1596552,1243776,15.68,786776,1537668,352
cloud-k3s-master3,1,2026-06-05 17:24:52 UTC,5346736,6847968,729944,9.20,103456,1596556,1243776,15.68,786776,1537672,356
cloud-k3s-master3,1,2026-06-05 17:24:53 UTC,5346736,6847980,729928,9.20,103456,1596568,1243776,15.68,786960,1537684,364
cloud-k3s-master3,1,2026-06-05 17:24:54 UTC,5346736,6847992,729884,9.20,103456,1596580,1243776,15.68,787000,1537696,296
cloud-k3s-master3,1,2026-06-05 17:24:55 UTC,5346736,6848008,729860,9.20,103456,1596604,1243776,15.68,787040,1537712,312
cloud-k3s-master3,1,2026-06-05 17:24:56 UTC,5346736,6848036,729836,9.20,103460,1596620,1243776,15.68,787144,1537740,320
cloud-k3s-master3,1,2026-06-05 17:24:57 UTC,5346736,6848052,729820,9.20,103460,1596632,1243776,15.68,787176,1537752,316
cloud-k3s-master3,1,2026-06-05 17:24:58 UTC,5346736,6848056,729808,9.20,103460,1596644,1243776,15.68,787216,1537756,324
cloud-k3s-master3,1,2026-06-05 17:24:59 UTC,5346736,6848076,729800,9.20,103460,1596656,1243776,15.68,787220,1537776,144
cloud-k3s-master3,1,2026-06-05 17:25:00 UTC,5346736,6848080,729784,9.20,103464,1596668,1243776,15.68,787220,1537780,176
cloud-k3s-master3,1,2026-06-05 17:25:01 UTC,5346736,6848104,729728,9.20,103464,1596680,1243776,15.68,787204,1537804,196
cloud-k3s-master3,1,2026-06-05 17:25:02 UTC,5346736,6848108,729716,9.20,103464,1596692,1243776,15.68,787220,1537808,384
cloud-k3s-master3,1,2026-06-05 17:25:03 UTC,5346736,6848132,729700,9.20,103464,1596708,1245264,15.70,788520,1537832,376
cloud-k3s-master3,1,2026-06-05 17:25:04 UTC,5346736,6848140,729688,9.20,103464,1596716,1245264,15.70,788632,1537840,544
cloud-k3s-master3,1,2026-06-05 17:25:05 UTC,5345728,6847132,730660,9.21,103464,1596724,1248116,15.74,789972,1537840,228
cloud-k3s-master3,1,2026-06-05 17:25:06 UTC,5355432,6856864,720936,9.09,103468,1596740,1243904,15.68,787516,1537868,424
cloud-k3s-master3,1,2026-06-05 17:25:07 UTC,5352664,6854112,723704,9.12,103468,1596756,1246880,15.72,788792,1537884,408
cloud-k3s-master3,1,2026-06-05 17:25:08 UTC,5360372,6861832,715980,9.03,103468,1596768,1242416,15.66,786488,1537896,504
cloud-k3s-master3,1,2026-06-05 17:25:09 UTC,5360252,6861712,716116,9.03,103468,1596776,1242416,15.66,786396,1537896,604
cloud-k3s-master3,1,2026-06-05 17:25:10 UTC,5360252,6861732,716104,9.03,103468,1596788,1242416,15.66,786396,1537916,620
cloud-k3s-master3,1,2026-06-05 17:25:11 UTC,5360252,6861744,716092,9.03,103468,1596800,1242416,15.66,786456,1537928,300
cloud-k3s-master3,1,2026-06-05 17:25:12 UTC,5360252,6861756,716080,9.03,103468,1596812,1242416,15.66,786564,1537940,44
cloud-k3s-master3,1,2026-06-05 17:25:13 UTC,5360252,6861764,716072,9.03,103468,1596820,1242416,15.66,786736,1537948,20
cloud-k3s-master3,1,2026-06-05 17:25:14 UTC,5360028,6861556,716276,9.03,103468,1596836,1242416,15.66,786872,1537964,216
cloud-k3s-master3,1,2026-06-05 17:25:15 UTC,5360028,6861556,716268,9.03,103468,1596844,1242416,15.66,786872,1537964,236
cloud-k3s-master3,1,2026-06-05 17:25:16 UTC,5360028,6861580,716252,9.03,103468,1596860,1242416,15.66,786872,1537988,244
cloud-k3s-master3,1,2026-06-05 17:25:17 UTC,5360028,6861592,716244,9.03,103468,1596872,1242416,15.66,786872,1538000,264
cloud-k3s-master3,1,2026-06-05 17:25:18 UTC,5360028,6861608,716224,9.03,103468,1596888,1245268,15.70,787356,1538016,356
cloud-k3s-master3,1,2026-06-05 17:25:19 UTC,5359776,6861356,716484,9.03,103468,1596896,1242416,15.66,786260,1538016,324
cloud-k3s-master3,1,2026-06-05 17:25:20 UTC,5359776,6861376,716472,9.03,103468,1596908,1242416,15.66,786136,1538036,104
cloud-k3s-master3,1,2026-06-05 17:25:21 UTC,5359776,6861376,716464,9.03,103468,1596916,1242416,15.66,785396,1538036,116
cloud-k3s-master3,1,2026-06-05 17:25:22 UTC,5359776,6861396,716452,9.03,103468,1596928,1242416,15.66,785396,1538056,124
cloud-k3s-master3,1,2026-06-05 17:25:23 UTC,5359776,6861396,716444,9.03,103468,1596936,1242416,15.66,785516,1538056,120
cloud-k3s-master3,1,2026-06-05 17:25:24 UTC,5359776,6861432,716416,9.03,103468,1596964,1243904,15.68,786828,1538092,300
cloud-k3s-master3,1,2026-06-05 17:25:25 UTC,5359776,6861432,716408,9.03,103468,1596972,1245392,15.70,787028,1538092,280
cloud-k3s-master3,1,2026-06-05 17:25:26 UTC,5361988,6863664,714156,9.00,103468,1596984,1245392,15.70,787468,1538112,396
cloud-k3s-master3,1,2026-06-05 17:25:27 UTC,5361988,6863668,714144,9.00,103468,1596996,1245392,15.70,787468,1538116,416
cloud-k3s-master3,1,2026-06-05 17:25:28 UTC,5362744,6864440,713392,8.99,103468,1597004,1244032,15.69,786352,1538132,420
cloud-k3s-master3,1,2026-06-05 17:25:29 UTC,5361988,6863688,714148,9.00,103468,1597016,1247008,15.72,787616,1538136,272
cloud-k3s-master3,1,2026-06-05 17:25:30 UTC,5361736,6863460,714336,9.01,103472,1597028,1247236,15.73,788060,1538156,360
cloud-k3s-master3,1,2026-06-05 17:25:31 UTC,5363552,6865288,712544,8.98,103472,1597040,1244032,15.69,786352,1538168,412
cloud-k3s-master3,1,2026-06-05 17:25:32 UTC,5363552,6865308,712528,8.98,103472,1597056,1244032,15.69,786352,1538188,440
cloud-k3s-master3,1,2026-06-05 17:25:33 UTC,5363552,6865320,712516,8.98,103472,1597068,1244032,15.69,786524,1538200,448
cloud-k3s-master3,1,2026-06-05 17:25:34 UTC,5363552,6865332,712500,8.98,103472,1597080,1244032,15.69,786704,1538212,552
cloud-k3s-master3,1,2026-06-05 17:25:35 UTC,5363300,6865080,712740,8.99,103472,1597088,1244032,15.69,786704,1538212,400
cloud-k3s-master3,1,2026-06-05 17:25:36 UTC,5363048,6864856,712972,8.99,103472,1597104,1244032,15.69,786704,1538236,212
cloud-k3s-master3,1,2026-06-05 17:25:37 UTC,5360556,6862372,715440,9.02,103472,1597112,1246884,15.72,788064,1538244,220
cloud-k3s-master3,1,2026-06-05 17:25:38 UTC,5360556,6862388,715420,9.02,103472,1597128,1244032,15.69,786708,1538260,412
cloud-k3s-master3,1,2026-06-05 17:25:39 UTC,5360556,6862388,715412,9.02,103472,1597136,1244032,15.69,786708,1538260,528
cloud-k3s-master3,1,2026-06-05 17:25:40 UTC,5360556,6862412,715396,9.02,103472,1597152,1244032,15.69,786708,1538284,528
cloud-k3s-master3,1,2026-06-05 17:25:41 UTC,5360556,6862412,715388,9.02,103472,1597160,1244032,15.69,787008,1538284,536
cloud-k3s-master3,1,2026-06-05 17:25:42 UTC,5360556,6862432,715376,9.02,103472,1597172,1244032,15.69,787116,1538304,512
cloud-k3s-master3,1,2026-06-05 17:25:43 UTC,5360556,6862440,715376,9.02,103472,1597180,1244032,15.69,787116,1538312,84
cloud-k3s-master3,1,2026-06-05 17:25:44 UTC,5360080,6861988,715836,9.03,103472,1597204,1244032,15.69,787352,1538336,224
cloud-k3s-master3,1,2026-06-05 17:25:45 UTC,5360080,6861988,715832,9.03,103472,1597212,1244032,15.69,787160,1538336,240
cloud-k3s-master3,1,2026-06-05 17:25:46 UTC,5360080,6862012,715820,9.03,103472,1597228,1244032,15.69,787160,1538360,268
cloud-k3s-master3,1,2026-06-05 17:25:47 UTC,5360080,6862016,715808,9.03,103472,1597240,1244032,15.69,787160,1538364,352
cloud-k3s-master3,1,2026-06-05 17:25:48 UTC,5360080,6862036,715796,9.02,103472,1597252,1244032,15.69,786480,1538384,360
cloud-k3s-master3,1,2026-06-05 17:25:49 UTC,5360080,6862048,715780,9.02,103472,1597264,1245392,15.70,787572,1538396,64
cloud-k3s-master3,1,2026-06-05 17:25:50 UTC,5360080,6862060,715772,9.02,103472,1597276,1245392,15.70,787596,1538408,96
cloud-k3s-master3,1,2026-06-05 17:25:51 UTC,5360080,6862064,715760,9.02,103472,1597288,1245392,15.70,786736,1538412,92
cloud-k3s-master3,1,2026-06-05 17:25:52 UTC,5360080,6862080,715736,9.02,103472,1597296,1245392,15.70,786696,1538428,100
cloud-k3s-master3,1,2026-06-05 17:25:53 UTC,5362468,6864472,713340,8.99,103472,1597308,1244032,15.69,785700,1538432,108
cloud-k3s-master3,1,2026-06-05 17:25:54 UTC,5362468,6864492,713328,8.99,103472,1597320,1245776,15.71,786136,1538452,292
cloud-k3s-master3,1,2026-06-05 17:25:55 UTC,5364172,6866212,711620,8.97,103476,1597332,1242672,15.67,784756,1538468,112
cloud-k3s-master3,1,2026-06-05 17:25:56 UTC,5363920,6865972,711860,8.98,103476,1597344,1242672,15.67,785088,1538480,152
cloud-k3s-master3,1,2026-06-05 17:25:57 UTC,5363920,6865984,711852,8.98,103476,1597356,1242672,15.67,785088,1538492,160
cloud-k3s-master3,1,2026-06-05 17:25:58 UTC,5363920,6865996,711840,8.98,103476,1597368,1242672,15.67,785088,1538504,184
cloud-k3s-master3,1,2026-06-05 17:25:59 UTC,5363668,6865756,712076,8.98,103480,1597380,1242672,15.67,785088,1538516,364
cloud-k3s-master3,1,2026-06-05 17:26:00 UTC,5363668,6865780,712048,8.98,103496,1597392,1242672,15.67,785088,1538540,352
cloud-k3s-master3,1,2026-06-05 17:26:01 UTC,5363668,6865784,712032,8.98,103496,1597404,1242672,15.67,785088,1538544,436
cloud-k3s-master3,1,2026-06-05 17:26:02 UTC,5363668,6865812,712020,8.98,103496,1597416,1242672,15.67,785088,1538572,416
cloud-k3s-master3,1,2026-06-05 17:26:03 UTC,5363668,6865824,712004,8.98,103496,1597428,1242672,15.67,785184,1538584,424
cloud-k3s-master3,1,2026-06-05 17:26:04 UTC,5363668,6865836,711988,8.98,103496,1597440,1242672,15.67,780108,1538596,260
cloud-k3s-master3,1,2026-06-05 17:26:05 UTC,5363668,6865840,711984,8.98,103496,1597444,1242672,15.67,780108,1538600,192
cloud-k3s-master3,1,2026-06-05 17:26:06 UTC,5363668,6865844,711972,8.98,103496,1597456,1242672,15.67,780108,1538604,208
cloud-k3s-master3,1,2026-06-05 17:26:07 UTC,5363668,6865864,711960,8.98,103496,1597468,1242672,15.67,780108,1538624,192
cloud-k3s-master3,1,2026-06-05 17:26:08 UTC,5363668,6865876,711948,8.98,103496,1597480,1242672,15.67,780108,1538636,212
cloud-k3s-master3,1,2026-06-05 17:26:09 UTC,5363668,6865888,711940,8.98,103496,1597492,1242672,15.67,780108,1538648,392
cloud-k3s-master3,1,2026-06-05 17:26:10 UTC,5363668,6865904,711920,8.98,103500,1597508,1242672,15.67,780108,1538664,248
cloud-k3s-master3,1,2026-06-05 17:26:11 UTC,5363668,6865916,711912,8.98,103500,1597516,1242672,15.67,780328,1538676,256
cloud-k3s-master3,1,2026-06-05 17:26:12 UTC,5363172,6865436,712388,8.98,103504,1597528,1244160,15.69,781484,1538692,264
cloud-k3s-master3,1,2026-06-05 17:26:13 UTC,5363172,6865448,712372,8.98,103504,1597540,1244160,15.69,781508,1538704,244
cloud-k3s-master3,1,2026-06-05 17:26:14 UTC,5362920,6865200,712620,8.98,103504,1597548,1244160,15.69,781748,1538708,320
cloud-k3s-master3,1,2026-06-05 17:26:15 UTC,5367720,6870024,707804,8.92,103504,1597564,1242800,15.67,780636,1538728,292
cloud-k3s-master3,1,2026-06-05 17:26:16 UTC,5367720,6870032,707796,8.92,103504,1597572,1242800,15.67,780676,1538736,300
cloud-k3s-master3,1,2026-06-05 17:26:17 UTC,5367720,6870052,707784,8.92,103508,1597588,1242800,15.67,780676,1538756,308
cloud-k3s-master3,1,2026-06-05 17:26:18 UTC,5367468,6869812,708024,8.93,103508,1597600,1242800,15.67,780032,1538768,316
cloud-k3s-master3,1,2026-06-05 17:26:19 UTC,5367468,6869824,708000,8.93,103508,1597616,1242800,15.67,779912,1538780,340
cloud-k3s-master3,1,2026-06-05 17:26:20 UTC,5367468,6869836,707984,8.93,103512,1597628,1242800,15.67,779912,1538792,84
cloud-k3s-master3,1,2026-06-05 17:26:21 UTC,5367468,6869852,707972,8.93,103512,1597636,1242800,15.67,779140,1538808,92
cloud-k3s-master3,1,2026-06-05 17:26:22 UTC,5367220,6869616,708212,8.93,103512,1597648,1245776,15.71,780344,1538820,100
cloud-k3s-master3,1,2026-06-05 17:26:23 UTC,5368752,6871164,706648,8.91,103512,1597664,1242800,15.67,779260,1538836,308
cloud-k3s-master3,1,2026-06-05 17:26:24 UTC,5368752,6871168,706636,8.91,103512,1597676,1242800,15.67,779460,1538840,328
cloud-k3s-master3,1,2026-06-05 17:26:25 UTC,5368752,6871188,706620,8.91,103512,1597688,1242800,15.67,779460,1538860,380
cloud-k3s-master3,1,2026-06-05 17:26:26 UTC,5368752,6871200,706604,8.91,103512,1597700,1242800,15.67,779716,1538872,408
cloud-k3s-master3,1,2026-06-05 17:26:27 UTC,5368752,6871212,706588,8.91,103512,1597712,1242800,15.67,779764,1538884,416
cloud-k3s-master3,1,2026-06-05 17:26:28 UTC,5366236,6868708,709096,8.94,103512,1597724,1245652,15.71,780996,1538896,244
cloud-k3s-master3,1,2026-06-05 17:26:29 UTC,5365984,6868472,709324,8.94,103516,1597736,1242800,15.67,779768,1538912,432
cloud-k3s-master3,1,2026-06-05 17:26:30 UTC,5365984,6868484,709312,8.94,103516,1597748,1242800,15.67,779768,1538924,444
cloud-k3s-master3,1,2026-06-05 17:26:31 UTC,5365984,6868496,709300,8.94,103516,1597760,1242800,15.67,779768,1538936,404
cloud-k3s-master3,1,2026-06-05 17:26:32 UTC,5365984,6868508,709288,8.94,103516,1597772,1242800,15.67,779768,1538948,424
cloud-k3s-master3,1,2026-06-05 17:26:33 UTC,5365984,6868524,709244,8.94,103516,1597784,1244288,15.69,781092,1538960,176
cloud-k3s-master3,1,2026-06-05 17:26:34 UTC,5365984,6868536,709232,8.94,103516,1597796,1244288,15.69,781248,1538972,192
cloud-k3s-master3,1,2026-06-05 17:26:35 UTC,5365984,6868544,709224,8.94,103516,1597804,1244288,15.69,781248,1538980,364
cloud-k3s-master3,1,2026-06-05 17:26:36 UTC,5365984,6868556,709212,8.94,103516,1597816,1244288,15.69,781248,1538992,384
cloud-k3s-master3,1,2026-06-05 17:26:37 UTC,5365984,6868568,709200,8.94,103516,1597828,1244288,15.69,781248,1539004,360
cloud-k3s-master3,1,2026-06-05 17:26:38 UTC,5365984,6868580,709188,8.94,103516,1597840,1241312,15.65,780044,1539016,380
cloud-k3s-master3,1,2026-06-05 17:26:39 UTC,5365984,6868596,709176,8.94,103524,1597852,1241312,15.65,779872,1539032,400
cloud-k3s-master3,1,2026-06-05 17:26:40 UTC,5365984,6868608,709160,8.94,103524,1597868,1241312,15.65,779872,1539044,380
cloud-k3s-master3,1,2026-06-05 17:26:41 UTC,5365984,6868616,709156,8.94,103524,1597872,1241312,15.65,780192,1539052,384
cloud-k3s-master3,1,2026-06-05 17:26:42 UTC,5365984,6868636,709140,8.94,103528,1597884,1241312,15.65,780232,1539072,392
cloud-k3s-master3,1,2026-06-05 17:26:43 UTC,5364976,6867640,710136,8.95,103528,1597896,1241312,15.65,781252,1539084,376
cloud-k3s-master3,1,2026-06-05 17:26:44 UTC,5364976,6867640,710124,8.95,103532,1597904,1241312,15.65,781420,1539084,508
cloud-k3s-master3,1,2026-06-05 17:26:45 UTC,5364976,6867668,710108,8.95,103532,1597920,1241312,15.65,781424,1539112,100
cloud-k3s-master3,1,2026-06-05 17:26:46 UTC,5364976,6867680,710100,8.95,103532,1597932,1241312,15.65,781424,1539124,48
cloud-k3s-master3,1,2026-06-05 17:26:47 UTC,5364976,6867692,710084,8.95,103532,1597944,1241312,15.65,781424,1539136,56
cloud-k3s-master3,1,2026-06-05 17:26:48 UTC,5364976,6867708,710068,8.95,103532,1597960,1241312,15.65,780740,1539152,64
cloud-k3s-master3,1,2026-06-05 17:26:49 UTC,5364472,6867212,710564,8.96,103532,1597968,1241312,15.65,780740,1539160,72
cloud-k3s-master3,1,2026-06-05 17:26:50 UTC,5361700,6864600,713168,8.99,103532,1598124,1241312,15.65,780852,1539188,392
cloud-k3s-master3,1,2026-06-05 17:26:51 UTC,5361700,6864600,713160,8.99,103532,1598132,1241312,15.65,780384,1539188,400
cloud-k3s-master3,1,2026-06-05 17:26:52 UTC,5361700,6864620,713112,8.99,103532,1598144,1241312,15.65,780316,1539208,408
cloud-k3s-master3,1,2026-06-05 17:26:53 UTC,5361700,6864636,713096,8.99,103536,1598156,1241312,15.65,780380,1539224,416
cloud-k3s-master3,1,2026-06-05 17:26:54 UTC,5361700,6864648,713080,8.99,103536,1598168,1241312,15.65,780672,1539236,172
cloud-k3s-master3,1,2026-06-05 17:26:55 UTC,5361700,6864648,713072,8.99,103536,1598176,1241312,15.65,780672,1539236,136
cloud-k3s-master3,1,2026-06-05 17:26:56 UTC,5361700,6864676,713052,8.99,103540,1598192,1241312,15.65,780976,1539264,260
cloud-k3s-master3,1,2026-06-05 17:26:57 UTC,5361700,6864684,713044,8.99,103540,1598200,1241312,15.65,780976,1539272,268
cloud-k3s-master3,1,2026-06-05 17:26:58 UTC,5361700,6864700,713028,8.99,103540,1598216,1241312,15.65,780976,1539288,276
cloud-k3s-master3,1,2026-06-05 17:26:59 UTC,5361700,6864708,713016,8.99,103540,1598224,1241312,15.65,780976,1539296,284
cloud-k3s-master3,1,2026-06-05 17:27:00 UTC,5361700,6864724,712968,8.99,103540,1598240,1241312,15.65,780976,1539312,152
cloud-k3s-master3,1,2026-06-05 17:27:01 UTC,5361700,6864724,712960,8.99,103540,1598248,1241312,15.65,780976,1539312,156
cloud-k3s-master3,1,2026-06-05 17:27:02 UTC,5361700,6864748,712944,8.99,103540,1598264,1241312,15.65,780976,1539336,152
cloud-k3s-master3,1,2026-06-05 17:27:03 UTC,5361700,6864760,712932,8.99,103540,1598276,1241312,15.65,780976,1539348,160
cloud-k3s-master3,1,2026-06-05 17:27:04 UTC,5361700,6864772,712912,8.99,103540,1598288,1241312,15.65,781268,1539360,344
cloud-k3s-master3,1,2026-06-05 17:27:05 UTC,5357920,6861000,716684,9.04,103540,1598296,1241312,15.65,781168,1539368,352
cloud-k3s-master3,1,2026-06-05 17:27:06 UTC,5357920,6861004,716676,9.04,103540,1598308,1241312,15.65,781292,1539372,380
cloud-k3s-master3,1,2026-06-05 17:27:07 UTC,5357668,6860768,716920,9.04,103540,1598316,1241312,15.65,781340,1539388,360
cloud-k3s-master3,1,2026-06-05 17:27:08 UTC,5357416,6860532,717152,9.04,103540,1598332,1241312,15.65,781340,1539404,472
cloud-k3s-master3,1,2026-06-05 17:27:09 UTC,5357416,6860532,717144,9.04,103540,1598340,1241312,15.65,781340,1539404,308
cloud-k3s-master3,1,2026-06-05 17:27:10 UTC,5357416,6860556,717128,9.04,103540,1598356,1241312,15.65,781340,1539428,236
cloud-k3s-master3,1,2026-06-05 17:27:11 UTC,5357416,6860576,717108,9.04,103540,1598376,1241312,15.65,781692,1539448,244
cloud-k3s-master3,1,2026-06-05 17:27:12 UTC,5357416,6860588,717088,9.04,103540,1598388,1241312,15.65,781724,1539460,252
cloud-k3s-master3,1,2026-06-05 17:27:13 UTC,5357416,6860596,717080,9.04,103544,1598392,1241312,15.65,781724,1539468,228
cloud-k3s-master3,1,2026-06-05 17:27:14 UTC,5357164,6860360,717316,9.04,103544,1598408,1241312,15.65,777760,1539484,424
cloud-k3s-master3,1,2026-06-05 17:27:15 UTC,5357164,6860372,717300,9.04,103544,1598420,1241312,15.65,777796,1539496,272
cloud-k3s-master3,1,2026-06-05 17:27:16 UTC,5357164,6860380,717288,9.04,103544,1598428,1241312,15.65,777796,1539504,108
cloud-k3s-master3,1,2026-06-05 17:27:17 UTC,5357164,6860396,717276,9.04,103544,1598444,1241312,15.65,777796,1539520,52
cloud-k3s-master3,1,2026-06-05 17:27:18 UTC,5357164,6860408,717264,9.04,103544,1598456,1241312,15.65,777016,1539532,56
cloud-k3s-master3,1,2026-06-05 17:27:19 UTC,5357164,6860416,717256,9.04,103544,1598464,1241312,15.65,777016,1539540,200
cloud-k3s-master3,1,2026-06-05 17:27:20 UTC,5356408,6859672,717988,9.05,103548,1598484,1242672,15.67,777876,1539552,240
cloud-k3s-master3,1,2026-06-05 17:27:21 UTC,5356408,6859688,717980,9.05,103548,1598492,1244164,15.69,777228,1539568,248
cloud-k3s-master3,1,2026-06-05 17:27:22 UTC,5356408,6859700,717968,9.05,103548,1598504,1244164,15.69,777228,1539580,256
cloud-k3s-master3,1,2026-06-05 17:27:23 UTC,5356408,6859716,717956,9.05,103552,1598516,1244164,15.69,777164,1539592,344
cloud-k3s-master3,1,2026-06-05 17:27:24 UTC,5356408,6859736,717944,9.05,103552,1598528,1241188,15.65,776064,1539612,352
cloud-k3s-master3,1,2026-06-05 17:27:25 UTC,5356408,6859748,717940,9.05,103552,1598540,1241188,15.65,776060,1539624,96
cloud-k3s-master3,1,2026-06-05 17:27:26 UTC,5356408,6859756,717936,9.05,103552,1598548,1241188,15.65,776412,1539632,104
cloud-k3s-master3,1,2026-06-05 17:27:27 UTC,5356408,6859768,717924,9.05,103552,1598560,1241188,15.65,776420,1539644,112
cloud-k3s-master3,1,2026-06-05 17:27:28 UTC,5356408,6859780,717912,9.05,103552,1598572,1241188,15.65,776420,1539656,120
cloud-k3s-master3,1,2026-06-05 17:27:29 UTC,5356408,6859792,717900,9.05,103552,1598584,1241188,15.65,776420,1539668,304
cloud-k3s-master3,1,2026-06-05 17:27:30 UTC,5356408,6859800,717892,9.05,103552,1598592,1241188,15.65,776420,1539676,116
cloud-k3s-master3,1,2026-06-05 17:27:31 UTC,5356408,6859816,717880,9.05,103552,1598608,1241188,15.65,776420,1539692,136
cloud-k3s-master3,1,2026-06-05 17:27:32 UTC,5356408,6859824,717872,9.05,103552,1598616,1241188,15.65,776420,1539700,144
cloud-k3s-master3,1,2026-06-05 17:27:33 UTC,5356408,6859840,717856,9.05,103552,1598632,1241188,15.65,776420,1539716,152
cloud-k3s-master3,1,2026-06-05 17:27:34 UTC,5356408,6859852,717840,9.05,103552,1598644,1241188,15.65,776732,1539728,336
cloud-k3s-master3,1,2026-06-05 17:27:35 UTC,5356408,6859856,717824,9.05,103552,1598652,1241188,15.65,776780,1539728,428
cloud-k3s-master3,1,2026-06-05 17:27:36 UTC,5356408,6859860,717808,9.05,103556,1598664,1241188,15.65,776780,1539732,420
cloud-k3s-master3,1,2026-06-05 17:27:37 UTC,5356408,6859892,717796,9.05,103556,1598676,1241188,15.65,776780,1539764,440
cloud-k3s-master3,1,2026-06-05 17:27:38 UTC,5356408,6859904,717784,9.05,103556,1598688,1241188,15.65,776780,1539776,448
cloud-k3s-master3,1,2026-06-05 17:27:39 UTC,5356408,6859912,717776,9.05,103556,1598696,1244164,15.69,777992,1539784,300
cloud-k3s-master3,1,2026-06-05 17:27:40 UTC,5356408,6859936,717752,9.05,103560,1598716,1244392,15.69,779464,1539808,220
cloud-k3s-master3,1,2026-06-05 17:27:41 UTC,5362104,6865640,712048,8.98,103560,1598724,1241188,15.65,778076,1539816,420
cloud-k3s-master3,1,2026-06-05 17:27:42 UTC,5362104,6865652,712036,8.98,103560,1598736,1241188,15.65,778076,1539828,404
cloud-k3s-master3,1,2026-06-05 17:27:43 UTC,5361352,6864916,712772,8.99,103564,1598748,1241188,15.65,778076,1539844,424
cloud-k3s-master3,1,2026-06-05 17:27:44 UTC,5361352,6864924,712756,8.99,103564,1598756,1241188,15.65,778328,1539852,528
cloud-k3s-master3,1,2026-06-05 17:27:45 UTC,5361128,6864712,712968,8.99,103564,1598768,1242548,15.67,779296,1539864,368
cloud-k3s-master3,1,2026-06-05 17:27:46 UTC,5361128,6864720,712952,8.99,103564,1598784,1242548,15.67,779496,1539872,284
cloud-k3s-master3,1,2026-06-05 17:27:47 UTC,5361128,6864736,712936,8.99,103564,1598792,1242548,15.67,779496,1539888,276
cloud-k3s-master3,1,2026-06-05 17:27:48 UTC,5358888,6862516,715156,9.02,103564,1598812,1245400,15.70,780092,1539908,0
cloud-k3s-master3,1,2026-06-05 17:27:49 UTC,5366952,6870588,707088,8.92,103564,1598820,1242548,15.67,778872,1539916,332
cloud-k3s-master3,1,2026-06-05 17:27:50 UTC,5366952,6870596,707072,8.91,103564,1598836,1242548,15.67,778728,1539924,368
cloud-k3s-master3,1,2026-06-05 17:27:51 UTC,5366952,6870604,707072,8.91,103564,1598844,1242548,15.67,777956,1539932,376
cloud-k3s-master3,1,2026-06-05 17:27:52 UTC,5366772,6870444,707232,8.92,103564,1598856,1242548,15.67,777956,1539952,400
cloud-k3s-master3,1,2026-06-05 17:27:53 UTC,5366772,6870456,707220,8.92,103564,1598868,1242548,15.67,777956,1539964,408
cloud-k3s-master3,1,2026-06-05 17:27:54 UTC,5366772,6870468,707208,8.92,103564,1598880,1242548,15.67,778280,1539976,84
cloud-k3s-master3,1,2026-06-05 17:27:55 UTC,5366772,6870476,707200,8.92,103564,1598888,1242548,15.67,778284,1539984,252
cloud-k3s-master3,1,2026-06-05 17:27:56 UTC,5366772,6870488,707184,8.92,103564,1598900,1242548,15.67,779640,1539996,256
cloud-k3s-master3,1,2026-06-05 17:27:57 UTC,5364760,6868484,709188,8.94,103564,1598908,1245400,15.70,780844,1540004,252
cloud-k3s-master3,1,2026-06-05 17:27:58 UTC,5362144,6865880,711732,8.97,103564,1598920,1247096,15.72,782576,1540016,260
cloud-k3s-master3,1,2026-06-05 17:27:59 UTC,5368300,6872048,705572,8.90,103564,1598932,1243908,15.68,780760,1540028,344
cloud-k3s-master3,1,2026-06-05 17:28:00 UTC,5368300,6872056,705564,8.90,103564,1598940,1243908,15.68,780760,1540036,124
cloud-k3s-master3,1,2026-06-05 17:28:01 UTC,5368300,6872068,705544,8.90,103564,1598960,1243908,15.68,780760,1540048,140
cloud-k3s-master3,1,2026-06-05 17:28:02 UTC,5368300,6872088,705532,8.90,103564,1598972,1243908,15.68,780760,1540068,284
cloud-k3s-master3,1,2026-06-05 17:28:03 UTC,5368300,6872100,705520,8.90,103564,1598984,1243908,15.68,780764,1540080,292
cloud-k3s-master3,1,2026-06-05 17:28:04 UTC,5368048,6871860,705760,8.90,103564,1598996,1243908,15.68,781056,1540092,428
cloud-k3s-master3,1,2026-06-05 17:28:05 UTC,5368048,6871872,705748,8.90,103564,1599008,1243908,15.68,781104,1540104,436
cloud-k3s-master3,1,2026-06-05 17:28:06 UTC,5368048,6871872,705740,8.90,103564,1599016,1243908,15.68,781104,1540104,444
cloud-k3s-master3,1,2026-06-05 17:28:07 UTC,5368048,6871892,705728,8.90,103564,1599028,1243908,15.68,781104,1540124,208
cloud-k3s-master3,1,2026-06-05 17:28:08 UTC,5365812,6869668,707956,8.93,103564,1599040,1245396,15.70,782136,1540136,184
cloud-k3s-master3,1,2026-06-05 17:28:09 UTC,5365812,6869668,707948,8.93,103564,1599048,1245396,15.70,782228,1540136,356
cloud-k3s-master3,1,2026-06-05 17:28:10 UTC,5365812,6869696,707928,8.93,103568,1599064,1245396,15.70,782228,1540164,380
cloud-k3s-master3,1,2026-06-05 17:28:11 UTC,5365560,6869464,708164,8.93,103568,1599080,1245396,15.70,782492,1540180,388
cloud-k3s-master3,1,2026-06-05 17:28:12 UTC,5367340,6871252,706392,8.91,103568,1599088,1243908,15.68,782452,1540188,396
cloud-k3s-master3,1,2026-06-05 17:28:13 UTC,5367116,6871040,706604,8.91,103568,1599100,1243908,15.68,782452,1540200,404
cloud-k3s-master3,1,2026-06-05 17:28:14 UTC,5366108,6870052,707588,8.92,103568,1599120,1243908,15.68,782812,1540220,228
cloud-k3s-master3,1,2026-06-05 17:28:15 UTC,5366108,6870064,707584,8.92,103568,1599132,1243908,15.68,782812,1540232,244
cloud-k3s-master3,1,2026-06-05 17:28:16 UTC,5366108,6870068,707576,8.92,103568,1599144,1243908,15.68,782812,1540236,396
cloud-k3s-master3,1,2026-06-05 17:28:17 UTC,5366108,6870068,707568,8.92,103568,1599152,1243908,15.68,782812,1540236,404
cloud-k3s-master3,1,2026-06-05 17:28:18 UTC,5366108,6870100,707548,8.92,103568,1599168,1243908,15.68,782052,1540268,412
cloud-k3s-master3,1,2026-06-05 17:28:19 UTC,5366108,6870112,707536,8.92,103568,1599180,1243908,15.68,782052,1540280,328
cloud-k3s-master3,1,2026-06-05 17:28:20 UTC,5368540,6872556,705092,8.89,103568,1599192,1242420,15.66,780928,1540292,308
cloud-k3s-master3,1,2026-06-05 17:28:21 UTC,5368540,6872556,705084,8.89,103568,1599200,1242420,15.66,780244,1540292,388
cloud-k3s-master3,1,2026-06-05 17:28:22 UTC,5368540,6872580,705068,8.89,103568,1599216,1242420,15.66,780088,1540316,392
cloud-k3s-master3,1,2026-06-05 17:28:23 UTC,5368540,6872588,705060,8.89,103568,1599224,1242420,15.66,780088,1540324,400
cloud-k3s-master3,1,2026-06-05 17:28:24 UTC,5368540,6872600,705044,8.89,103568,1599236,1242420,15.66,780428,1540336,380
cloud-k3s-master3,1,2026-06-05 17:28:25 UTC,5367844,6871908,705728,8.90,103568,1599248,1242420,15.66,780428,1540340,236
cloud-k3s-master3,1,2026-06-05 17:28:26 UTC,5367368,6871452,706220,8.90,103568,1599260,1242420,15.66,780760,1540360,268
cloud-k3s-master3,1,2026-06-05 17:28:27 UTC,5367368,6871464,706208,8.90,103568,1599272,1242420,15.66,780760,1540372,276
cloud-k3s-master3,1,2026-06-05 17:28:28 UTC,5367368,6871480,706192,8.90,103568,1599288,1242420,15.66,780760,1540388,344
cloud-k3s-master3,1,2026-06-05 17:28:29 UTC,5365604,6869728,707940,8.93,103568,1599300,1245272,15.70,780564,1540400,448
cloud-k3s-master3,1,2026-06-05 17:28:30 UTC,5365604,6869744,707920,8.93,103572,1599316,1245628,15.71,780900,1540416,440
cloud-k3s-master3,1,2026-06-05 17:28:31 UTC,5368256,6872404,705268,8.89,103572,1599324,1242420,15.66,779352,1540424,288
cloud-k3s-master3,1,2026-06-05 17:28:32 UTC,5368256,6872416,705248,8.89,103572,1599340,1242420,15.66,779352,1540436,296
cloud-k3s-master3,1,2026-06-05 17:28:33 UTC,5368256,6872432,705232,8.89,103572,1599348,1240932,15.65,778320,1540452,312
cloud-k3s-master3,1,2026-06-05 17:28:34 UTC,5368004,6872196,705472,8.89,103572,1599364,1240932,15.65,778496,1540468,432
cloud-k3s-master3,1,2026-06-05 17:28:35 UTC,5368004,6872196,705468,8.89,103572,1599372,1240932,15.65,778528,1540468,400
cloud-k3s-master3,1,2026-06-05 17:28:36 UTC,5372708,6876920,700764,8.84,103572,1599380,1238080,15.61,777212,1540484,176
cloud-k3s-master3,1,2026-06-05 17:28:37 UTC,5372708,6876932,700752,8.84,103572,1599392,1238080,15.61,777212,1540496,168
cloud-k3s-master3,1,2026-06-05 17:28:38 UTC,5372708,6876940,700744,8.84,103572,1599400,1238080,15.61,777212,1540504,324
cloud-k3s-master3,1,2026-06-05 17:28:39 UTC,5372708,6876944,700736,8.84,103572,1599412,1238080,15.61,777212,1540508,332
cloud-k3s-master3,1,2026-06-05 17:28:40 UTC,5372456,6876716,700972,8.84,103572,1599428,1238080,15.61,777216,1540532,456
cloud-k3s-master3,1,2026-06-05 17:28:41 UTC,5371980,6876252,701404,8.84,103572,1599440,1238336,15.61,777604,1540544,192
cloud-k3s-master3,1,2026-06-05 17:28:42 UTC,5371980,6876264,701392,8.84,103572,1599452,1238336,15.61,778120,1540556,212
cloud-k3s-master3,1,2026-06-05 17:28:43 UTC,5371728,6876024,701644,8.85,103572,1599464,1236976,15.60,777032,1540568,372
cloud-k3s-master3,1,2026-06-05 17:28:44 UTC,5371728,6876032,701640,8.85,103572,1599472,1236976,15.60,777412,1540576,380
cloud-k3s-master3,1,2026-06-05 17:28:45 UTC,5371728,6876048,701624,8.85,103572,1599488,1236976,15.60,777340,1540592,508
cloud-k3s-master3,1,2026-06-05 17:28:46 UTC,5370972,6875292,702372,8.86,103572,1599496,1239824,15.63,778560,1540592,504
cloud-k3s-master3,1,2026-06-05 17:28:47 UTC,5370972,6875316,702356,8.86,103572,1599512,1240160,15.64,779192,1540616,512
cloud-k3s-master3,1,2026-06-05 17:28:48 UTC,5370472,6874820,702852,8.86,103572,1599524,1236976,15.60,776936,1540620,364
cloud-k3s-master3,1,2026-06-05 17:28:49 UTC,5370472,6874844,702836,8.86,103572,1599540,1236976,15.60,776876,1540644,524
cloud-k3s-master3,1,2026-06-05 17:28:50 UTC,5370220,6874600,703080,8.86,103572,1599548,1236976,15.60,776876,1540652,520
cloud-k3s-master3,1,2026-06-05 17:28:51 UTC,5370220,6874624,703056,8.86,103572,1599572,1237560,15.60,775940,1540676,292
cloud-k3s-master3,1,2026-06-05 17:28:52 UTC,5369464,6873876,703824,8.87,103572,1599580,1236976,15.60,775940,1540684,316
cloud-k3s-master3,1,2026-06-05 17:28:53 UTC,5369464,6873896,703816,8.87,103572,1599596,1239828,15.63,777256,1540700,80
cloud-k3s-master3,1,2026-06-05 17:28:54 UTC,5368960,6873400,704312,8.88,103572,1599604,1240184,15.64,777668,1540708,212
cloud-k3s-master3,1,2026-06-05 17:28:55 UTC,5371172,6875628,702088,8.85,103572,1599620,1236976,15.60,776212,1540724,364
cloud-k3s-master3,1,2026-06-05 17:28:56 UTC,5371172,6875636,702080,8.85,103572,1599628,1236976,15.60,776544,1540732,372
cloud-k3s-master3,1,2026-06-05 17:28:57 UTC,5371172,6875648,702068,8.85,103572,1599640,1236976,15.60,776576,1540744,364
cloud-k3s-master3,1,2026-06-05 17:28:58 UTC,5371172,6875656,702060,8.85,103572,1599648,1236976,15.60,776576,1540752,372
cloud-k3s-master3,1,2026-06-05 17:28:59 UTC,5370948,6875460,702260,8.85,103572,1599676,1236976,15.60,776576,1540780,92
cloud-k3s-master3,1,2026-06-05 17:29:00 UTC,5370948,6875472,702252,8.85,103572,1599688,1236976,15.60,776576,1540792,76
cloud-k3s-master3,1,2026-06-05 17:29:01 UTC,5370948,6875488,702236,8.85,103572,1599704,1236976,15.60,776576,1540808,252
cloud-k3s-master3,1,2026-06-05 17:29:02 UTC,5370948,6875492,702224,8.85,103572,1599716,1236976,15.60,776576,1540812,260
cloud-k3s-master3,1,2026-06-05 17:29:03 UTC,5366920,6871488,706244,8.90,103572,1599732,1239828,15.63,777808,1540836,284
cloud-k3s-master3,1,2026-06-05 17:29:04 UTC,5366920,6871496,706228,8.90,103572,1599740,1239828,15.63,778204,1540844,292
cloud-k3s-master3,1,2026-06-05 17:29:05 UTC,5371344,6875932,701788,8.85,103572,1599752,1236976,15.60,776916,1540856,344
cloud-k3s-master3,1,2026-06-05 17:29:06 UTC,5371120,6875708,702040,8.85,103572,1599760,1236976,15.60,776916,1540856,144
cloud-k3s-master3,1,2026-06-05 17:29:07 UTC,5371120,6875728,702028,8.85,103572,1599772,1236976,15.60,776916,1540876,172
cloud-k3s-master3,1,2026-06-05 17:29:08 UTC,5370868,6875476,702276,8.85,103572,1599776,1236976,15.60,776916,1540876,176
cloud-k3s-master3,1,2026-06-05 17:29:09 UTC,5370868,6875488,702256,8.85,103572,1599792,1236976,15.60,776916,1540888,348
cloud-k3s-master3,1,2026-06-05 17:29:10 UTC,5370868,6875488,702248,8.85,103572,1599800,1236976,15.60,776916,1540888,356
cloud-k3s-master3,1,2026-06-05 17:29:11 UTC,5370868,6875520,702236,8.85,103572,1599816,1236976,15.60,777224,1540920,368
cloud-k3s-master3,1,2026-06-05 17:29:12 UTC,5370868,6875532,702224,8.85,103572,1599828,1236976,15.60,777224,1540932,360
cloud-k3s-master3,1,2026-06-05 17:29:13 UTC,5370616,6875296,702456,8.86,103572,1599840,1236976,15.60,777224,1540944,368
cloud-k3s-master3,1,2026-06-05 17:29:14 UTC,5359396,6864088,713664,9.00,103576,1599848,1284732,16.20,784508,1540956,548
cloud-k3s-master3,1,2026-06-05 17:29:15 UTC,5354048,6858788,718904,9.06,103576,1599964,1242172,15.66,779596,1541004,392
cloud-k3s-master3,1,2026-06-05 17:29:16 UTC,5351688,6856440,721316,9.09,103580,1599908,1236976,15.60,778432,1541016,192
cloud-k3s-master3,1,2026-06-05 17:29:17 UTC,5353448,6858224,719536,9.07,103580,1599928,1236976,15.60,778432,1541040,272
cloud-k3s-master3,1,2026-06-05 17:29:18 UTC,5355752,6860540,717216,9.04,103584,1599940,1236976,15.60,777656,1541052,280
cloud-k3s-master3,1,2026-06-05 17:29:19 UTC,5355752,6860552,717208,9.04,103588,1599944,1236976,15.60,777656,1541064,288
cloud-k3s-master3,1,2026-06-05 17:29:20 UTC,5355752,6860572,717180,9.04,103592,1599968,1236976,15.60,777656,1541084,408
cloud-k3s-master3,1,2026-06-05 17:29:21 UTC,5355500,6860336,717412,9.05,103596,1599980,1238336,15.61,778024,1541100,416
cloud-k3s-master3,1,2026-06-05 17:29:22 UTC,5355276,6860128,717628,9.05,103596,1599988,1239952,15.63,778148,1541116,420
cloud-k3s-master3,1,2026-06-05 17:29:23 UTC,5355276,6860144,717612,9.05,103596,1600004,1240180,15.64,778324,1541132,428
cloud-k3s-master3,1,2026-06-05 17:29:24 UTC,5360248,6865128,712616,8.98,103596,1600016,1236976,15.60,777152,1541144,588
cloud-k3s-master3,1,2026-06-05 17:29:25 UTC,5360248,6865132,712596,8.98,103600,1600028,1236976,15.60,777064,1541148,608
cloud-k3s-master3,1,2026-06-05 17:29:26 UTC,5359996,6864904,712828,8.99,103600,1600040,1236976,15.60,777336,1541172,272
cloud-k3s-master3,1,2026-06-05 17:29:27 UTC,5359996,6864912,712816,8.99,103600,1600048,1236976,15.60,777444,1541180,416
cloud-k3s-master3,1,2026-06-05 17:29:28 UTC,5359996,6864932,712796,8.99,103600,1600068,1236976,15.60,777448,1541200,424
cloud-k3s-master3,1,2026-06-05 17:29:29 UTC,5359996,6864936,712780,8.99,103600,1600084,1236976,15.60,777448,1541204,544
cloud-k3s-master3,1,2026-06-05 17:29:30 UTC,5359996,6864952,712772,8.99,103600,1600092,1236976,15.60,777448,1541220,504
cloud-k3s-master3,1,2026-06-05 17:29:31 UTC,5359996,6864960,712760,8.99,103600,1600104,1236976,15.60,777448,1541228,512
cloud-k3s-master3,1,2026-06-05 17:29:32 UTC,5359996,6864984,712740,8.99,103600,1600120,1236976,15.60,777448,1541252,520
cloud-k3s-master3,1,2026-06-05 17:29:33 UTC,5359996,6865000,712760,8.99,103600,1600136,1236976,15.60,777448,1541268,276
cloud-k3s-master3,1,2026-06-05 17:29:34 UTC,5359492,6864508,713256,8.99,103600,1600148,1236976,15.60,777780,1541280,452
cloud-k3s-master3,1,2026-06-05 17:29:35 UTC,5359492,6864508,713248,8.99,103600,1600156,1236976,15.60,777804,1541280,452
cloud-k3s-master3,1,2026-06-05 17:29:36 UTC,5359240,6864276,713488,9.00,103600,1600168,1236976,15.60,778108,1541300,468
cloud-k3s-master3,1,2026-06-05 17:29:37 UTC,5359240,6864284,713480,9.00,103600,1600176,1236976,15.60,778108,1541308,476
cloud-k3s-master3,1,2026-06-05 17:29:38 UTC,5358988,6864044,713716,9.00,103600,1600188,1236976,15.60,778280,1541320,484
cloud-k3s-master3,1,2026-06-05 17:29:39 UTC,5358988,6864048,713704,9.00,103600,1600200,1236976,15.60,778112,1541324,324
cloud-k3s-master3,1,2026-06-05 17:29:40 UTC,5358988,6864068,713684,9.00,103600,1600212,1236976,15.60,778112,1541344,336
cloud-k3s-master3,1,2026-06-05 17:29:41 UTC,5358736,6863828,713924,9.00,103600,1600224,1236976,15.60,778512,1541356,344
cloud-k3s-master3,1,2026-06-05 17:29:42 UTC,5358736,6863836,713916,9.00,103600,1600232,1236976,15.60,778512,1541364,496
cloud-k3s-master3,1,2026-06-05 17:29:43 UTC,5358736,6863856,713900,9.00,103608,1600248,1236976,15.60,778512,1541384,504
cloud-k3s-master3,1,2026-06-05 17:29:44 UTC,5358736,6863868,713892,9.00,103608,1600256,1236976,15.60,778668,1541396,616
cloud-k3s-master3,1,2026-06-05 17:29:45 UTC,5358736,6863872,713880,9.00,103612,1600264,1236976,15.60,778668,1541400,476
cloud-k3s-master3,1,2026-06-05 17:29:46 UTC,5358736,6863896,713860,9.00,103616,1600280,1236976,15.60,778668,1541424,376
cloud-k3s-master3,1,2026-06-05 17:29:47 UTC,5358736,6863908,713848,9.00,103616,1600292,1236976,15.60,778668,1541436,132
cloud-k3s-master3,1,2026-06-05 17:29:48 UTC,5358736,6863920,713828,9.00,103620,1600300,1236976,15.60,778244,1541448,152
cloud-k3s-master3,1,2026-06-05 17:29:49 UTC,5358736,6863936,713808,9.00,103620,1600316,1236976,15.60,778096,1541464,336
cloud-k3s-master3,1,2026-06-05 17:29:50 UTC,5358736,6863936,713800,9.00,103620,1600324,1236976,15.60,778096,1541464,344
cloud-k3s-master3,1,2026-06-05 17:29:51 UTC,5358736,6863968,713780,9.00,103624,1600336,1236976,15.60,777104,1541492,352
cloud-k3s-master3,1,2026-06-05 17:29:52 UTC,5358736,6863980,713768,9.00,103628,1600344,1236976,15.60,777104,1541504,220
cloud-k3s-master3,1,2026-06-05 17:29:53 UTC,5358736,6863996,713760,9.00,103628,1600360,1236976,15.60,777588,1541520,240
cloud-k3s-master3,1,2026-06-05 17:29:54 UTC,5358736,6864008,713748,9.00,103628,1600372,1236976,15.60,777588,1541532,260
cloud-k3s-master3,1,2026-06-05 17:29:55 UTC,5358736,6864020,713732,9.00,103628,1600384,1236976,15.60,777780,1541544,92
cloud-k3s-master3,1,2026-06-05 17:29:56 UTC,5358736,6864028,713720,9.00,103632,1600392,1236976,15.60,778056,1541552,100
cloud-k3s-master3,1,2026-06-05 17:29:57 UTC,5358736,6864056,713700,9.00,103640,1600408,1236976,15.60,778140,1541580,108
cloud-k3s-master3,1,2026-06-05 17:29:58 UTC,5363216,6868536,709224,8.94,103640,1600416,1235616,15.58,777024,1541580,92
cloud-k3s-master3,1,2026-06-05 17:29:59 UTC,5363216,6868556,709208,8.94,103640,1600428,1235616,15.58,777024,1541600,288
cloud-k3s-master3,1,2026-06-05 17:30:00 UTC,5362964,6868308,709456,8.94,103640,1600440,1235616,15.58,777024,1541604,296
cloud-k3s-master3,1,2026-06-05 17:30:01 UTC,5362964,6868328,709444,8.94,103640,1600452,1235616,15.58,777024,1541624,316
cloud-k3s-master3,1,2026-06-05 17:30:02 UTC,5362712,6868096,709688,8.95,103640,1600472,1238468,15.61,778368,1541644,324
cloud-k3s-master3,1,2026-06-05 17:30:03 UTC,5360700,6866108,711672,8.97,103640,1600496,1235616,15.58,777084,1541668,580
cloud-k3s-master3,1,2026-06-05 17:30:04 UTC,5360700,6866112,711664,8.97,103640,1600508,1235616,15.58,777196,1541672,252
cloud-k3s-master3,1,2026-06-05 17:30:05 UTC,5360700,6866132,711632,8.97,103640,1600520,1235616,15.58,777368,1541692,220
cloud-k3s-master3,1,2026-06-05 17:30:06 UTC,5360700,6866132,711628,8.97,103640,1600528,1235616,15.58,777368,1541692,228
cloud-k3s-master3,1,2026-06-05 17:30:07 UTC,5360700,6866156,711612,8.97,103640,1600544,1235616,15.58,777368,1541716,236
cloud-k3s-master3,1,2026-06-05 17:30:08 UTC,5360700,6866164,711604,8.97,103640,1600552,1235616,15.58,777368,1541724,240
cloud-k3s-master3,1,2026-06-05 17:30:09 UTC,5360700,6866176,711592,8.97,103640,1600564,1235616,15.58,777368,1541736,488
cloud-k3s-master3,1,2026-06-05 17:30:10 UTC,5360700,6866180,711576,8.97,103644,1600572,1235616,15.58,777540,1541740,244
cloud-k3s-master3,1,2026-06-05 17:30:11 UTC,5359972,6865472,712288,8.98,103648,1600588,1235616,15.58,778092,1541760,220
cloud-k3s-master3,1,2026-06-05 17:30:12 UTC,5359972,6865492,712272,8.98,103648,1600604,1235616,15.58,778168,1541780,228
cloud-k3s-master3,1,2026-06-05 17:30:13 UTC,5359720,6865256,712516,8.98,103648,1600616,1235616,15.58,778168,1541796,236
cloud-k3s-master3,1,2026-06-05 17:30:14 UTC,5359720,6865260,712504,8.98,103648,1600624,1235616,15.58,778340,1541796,420
cloud-k3s-master3,1,2026-06-05 17:30:15 UTC,5359720,6865284,712488,8.98,103648,1600640,1235616,15.58,778176,1541820,432
cloud-k3s-master3,1,2026-06-05 17:30:16 UTC,5359720,6865288,712476,8.98,103648,1600652,1235616,15.58,778196,1541824,428
cloud-k3s-master3,1,2026-06-05 17:30:17 UTC,5359720,6865308,712464,8.98,103648,1600664,1235616,15.58,778196,1541844,436
cloud-k3s-master3,1,2026-06-05 17:30:18 UTC,5359720,6865316,712460,8.98,103648,1600672,1235616,15.58,777756,1541852,284
cloud-k3s-master3,1,2026-06-05 17:30:19 UTC,5359720,6865332,712444,8.98,103652,1600684,1235616,15.58,778464,1541868,236
cloud-k3s-master3,1,2026-06-05 17:30:20 UTC,5360296,6865912,711860,8.98,103652,1600696,1235616,15.58,778880,1541872,232
cloud-k3s-master3,1,2026-06-05 17:30:21 UTC,5359568,6865200,712576,8.98,103652,1600704,1235616,15.58,780012,1541888,328
cloud-k3s-master3,1,2026-06-05 17:30:22 UTC,5359568,6865212,712564,8.98,103652,1600716,1235616,15.58,780640,1541900,288
cloud-k3s-master3,1,2026-06-05 17:30:23 UTC,5359064,6864724,713052,8.99,103652,1600732,1235616,15.58,782668,1541916,316
cloud-k3s-master3,1,2026-06-05 17:30:24 UTC,5355032,6860708,717072,9.04,103656,1600744,1235616,15.58,785804,1541928,328
cloud-k3s-master3,1,2026-06-05 17:30:25 UTC,5355032,6860724,717060,9.04,103656,1600756,1235616,15.58,785936,1541944,432
cloud-k3s-master3,1,2026-06-05 17:30:26 UTC,5355032,6860736,717044,9.04,103656,1600768,1238468,15.61,787768,1541956,100
cloud-k3s-master3,1,2026-06-05 17:30:27 UTC,5360304,6866024,711752,8.97,103660,1600780,1235616,15.58,786548,1541972,280
cloud-k3s-master3,1,2026-06-05 17:30:28 UTC,5359080,6864816,712960,8.99,103660,1600796,1235616,15.58,786432,1541988,268
cloud-k3s-master3,1,2026-06-05 17:30:29 UTC,5359080,6864824,712940,8.99,103660,1600812,1235616,15.58,786432,1541996,372
cloud-k3s-master3,1,2026-06-05 17:30:30 UTC,5359080,6864844,712924,8.99,103664,1600824,1235616,15.58,786512,1542016,388
cloud-k3s-master3,1,2026-06-05 17:30:31 UTC,5359080,6864848,712912,8.99,103664,1600836,1235616,15.58,786536,1542020,396
cloud-k3s-master3,1,2026-06-05 17:30:32 UTC,5359080,6864876,712900,8.99,103668,1600852,1235616,15.58,786536,1542048,180
cloud-k3s-master3,1,2026-06-05 17:30:33 UTC,5359080,6864888,712892,8.99,103668,1600860,1235616,15.58,786540,1542060,176
cloud-k3s-master3,1,2026-06-05 17:30:34 UTC,5359080,6864896,712872,8.99,103668,1600876,1235616,15.58,786720,1542068,188
cloud-k3s-master3,1,2026-06-05 17:30:35 UTC,5359080,6864916,712860,8.99,103672,1600884,1235616,15.58,786916,1542088,428
cloud-k3s-master3,1,2026-06-05 17:30:36 UTC,5359080,6864920,712848,8.99,103672,1600896,1235616,15.58,786916,1542092,436
cloud-k3s-master3,1,2026-06-05 17:30:37 UTC,5361372,6867236,710540,8.96,103672,1600912,1235616,15.58,787048,1542116,512
cloud-k3s-master3,1,2026-06-05 17:30:38 UTC,5360392,6866260,711516,8.97,103672,1600924,1238468,15.61,788120,1542120,528
cloud-k3s-master3,1,2026-06-05 17:30:39 UTC,5360392,6866280,711504,8.97,103672,1600936,1238596,15.62,788316,1542140,560
cloud-k3s-master3,1,2026-06-05 17:30:40 UTC,5363168,6869068,708716,8.94,103672,1600948,1235616,15.58,787100,1542152,220
cloud-k3s-master3,1,2026-06-05 17:30:41 UTC,5362916,6868832,708952,8.94,103672,1600964,1235616,15.58,787360,1542168,376
cloud-k3s-master3,1,2026-06-05 17:30:42 UTC,5362440,6868356,709420,8.94,103672,1600972,1235616,15.58,787360,1542168,384
cloud-k3s-master3,1,2026-06-05 17:30:43 UTC,5361936,6867880,709912,8.95,103680,1600984,1235616,15.58,787360,1542196,408
cloud-k3s-master3,1,2026-06-05 17:30:44 UTC,5361184,6867140,710652,8.96,103680,1600996,1235616,15.58,787392,1542208,416
cloud-k3s-master3,1,2026-06-05 17:30:45 UTC,5361184,6867160,710628,8.96,103680,1601016,1235616,15.58,787604,1542228,268
cloud-k3s-master3,1,2026-06-05 17:30:46 UTC,5361184,6867160,710620,8.96,103680,1601024,1235616,15.58,787604,1542228,276
cloud-k3s-master3,1,2026-06-05 17:30:47 UTC,5361184,6867184,710604,8.96,103680,1601040,1235616,15.58,787604,1542252,240
cloud-k3s-master3,1,2026-06-05 17:30:48 UTC,5361184,6867192,710596,8.96,103680,1601048,1235616,15.58,786916,1542260,248
cloud-k3s-master3,1,2026-06-05 17:30:49 UTC,5361184,6867208,710580,8.96,103680,1601060,1235616,15.58,786852,1542272,340
cloud-k3s-master3,1,2026-06-05 17:30:50 UTC,5361184,6867212,710568,8.96,103680,1601072,1235616,15.58,786852,1542276,300
cloud-k3s-master3,1,2026-06-05 17:30:51 UTC,5361184,6867220,710552,8.96,103680,1601088,1235616,15.58,786164,1542284,308
cloud-k3s-master3,1,2026-06-05 17:30:52 UTC,5361184,6867248,710540,8.96,103680,1601100,1235616,15.58,786024,1542312,316
cloud-k3s-master3,1,2026-06-05 17:30:53 UTC,5361184,6867260,710524,8.96,103684,1601112,1235616,15.58,786024,1542324,300
cloud-k3s-master3,1,2026-06-05 17:30:54 UTC,5361184,6867276,710512,8.96,103684,1601124,1235616,15.58,786064,1542340,132
cloud-k3s-master3,1,2026-06-05 17:30:55 UTC,5360932,6867040,710744,8.96,103684,1601140,1235616,15.58,786376,1542356,76
cloud-k3s-master3,1,2026-06-05 17:30:56 UTC,5360932,6867052,710732,8.96,103684,1601152,1235616,15.58,786604,1542368,84
cloud-k3s-master3,1,2026-06-05 17:30:57 UTC,5360932,6867052,710728,8.96,103684,1601156,1235616,15.58,786816,1542368,88
cloud-k3s-master3,1,2026-06-05 17:30:58 UTC,5360932,6867068,710716,8.96,103684,1601168,1235616,15.58,786836,1542384,96
cloud-k3s-master3,1,2026-06-05 17:30:59 UTC,5360932,6867068,710708,8.96,103684,1601176,1235616,15.58,786836,1542384,260
cloud-k3s-master3,1,2026-06-05 17:31:00 UTC,5360680,6866836,710948,8.96,103684,1601188,1235616,15.58,786900,1542404,124
cloud-k3s-master3,1,2026-06-05 17:31:01 UTC,5360680,6866848,710936,8.96,103684,1601200,1235616,15.58,786900,1542416,132
cloud-k3s-master3,1,2026-06-05 17:31:02 UTC,5360680,6866864,710920,8.96,103684,1601216,1235616,15.58,786984,1542432,140
cloud-k3s-master3,1,2026-06-05 17:31:03 UTC,5360680,6866872,710912,8.96,103684,1601224,1235616,15.58,787052,1542440,148
cloud-k3s-master3,1,2026-06-05 17:31:04 UTC,5360428,6866636,711144,8.97,103684,1601240,1235616,15.58,787360,1542456,404
cloud-k3s-master3,1,2026-06-05 17:31:05 UTC,5360428,6866648,711128,8.97,103684,1601252,1235616,15.58,787412,1542468,380
cloud-k3s-master3,1,2026-06-05 17:31:06 UTC,5360428,6866652,711104,8.97,103684,1601264,1235616,15.58,787460,1542472,408
cloud-k3s-master3,1,2026-06-05 17:31:07 UTC,5360428,6866668,711096,8.97,103684,1601272,1235616,15.58,787460,1542488,416
cloud-k3s-master3,1,2026-06-05 17:31:08 UTC,5360428,6866680,711084,8.97,103684,1601284,1235616,15.58,787468,1542500,172
cloud-k3s-master3,1,2026-06-05 17:31:09 UTC,5360428,6866684,711068,8.97,103688,1601296,1235616,15.58,787468,1542504,352
cloud-k3s-master3,1,2026-06-05 17:31:10 UTC,5360428,6866708,711056,8.97,103688,1601308,1235616,15.58,787476,1542528,368
cloud-k3s-master3,1,2026-06-05 17:31:11 UTC,5360428,6866720,711044,8.96,103688,1601320,1235616,15.58,787784,1542540,376
cloud-k3s-master3,1,2026-06-05 17:31:12 UTC,5360428,6866736,711032,8.96,103688,1601332,1235616,15.58,787784,1542552,360
cloud-k3s-master3,1,2026-06-05 17:31:13 UTC,5360428,6866744,711024,8.96,103688,1601340,1235616,15.58,787784,1542560,380
cloud-k3s-master3,1,2026-06-05 17:31:14 UTC,5360428,6866756,711012,8.96,103688,1601352,1235616,15.58,788108,1542572,224
cloud-k3s-master3,1,2026-06-05 17:31:15 UTC,5360428,6866772,710996,8.96,103688,1601368,1235616,15.58,788072,1542588,232
cloud-k3s-master3,1,2026-06-05 17:31:16 UTC,5360428,6866780,710988,8.96,103688,1601376,1235616,15.58,788072,1542596,240
cloud-k3s-master3,1,2026-06-05 17:31:17 UTC,5360428,6866796,710972,8.96,103688,1601392,1235616,15.58,788072,1542612,392
cloud-k3s-master3,1,2026-06-05 17:31:18 UTC,5359924,6866300,711468,8.97,103692,1601396,1235616,15.58,787556,1542620,376
cloud-k3s-master3,1,2026-06-05 17:31:19 UTC,5359924,6866308,711452,8.97,103692,1601412,1235616,15.58,786988,1542628,524
cloud-k3s-master3,1,2026-06-05 17:31:20 UTC,5359924,6866328,711440,8.97,103692,1601424,1235616,15.58,786988,1542648,364
cloud-k3s-master3,1,2026-06-05 17:31:21 UTC,5361644,6868060,709704,8.95,103692,1601436,1235616,15.58,785916,1542660,48
cloud-k3s-master3,1,2026-06-05 17:31:22 UTC,5360888,6867312,710452,8.96,103692,1601444,1235616,15.58,785992,1542668,224
cloud-k3s-master3,1,2026-06-05 17:31:23 UTC,5360888,6867324,710440,8.96,103692,1601456,1235616,15.58,785992,1542680,236
cloud-k3s-master3,1,2026-06-05 17:31:24 UTC,5360888,6867336,710428,8.96,103692,1601468,1235616,15.58,786112,1542692,296
cloud-k3s-master3,1,2026-06-05 17:31:25 UTC,5360888,6867348,710408,8.96,103692,1601488,1235616,15.58,786208,1542704,336
cloud-k3s-master3,1,2026-06-05 17:31:26 UTC,5360888,6867364,710400,8.96,103692,1601496,1235616,15.58,786568,1542720,172
cloud-k3s-master3,1,2026-06-05 17:31:27 UTC,5360888,6867380,710352,8.96,103692,1601512,1235616,15.58,786568,1542736,32
cloud-k3s-master3,1,2026-06-05 17:31:28 UTC,5360636,6867136,710596,8.96,103692,1601520,1238468,15.61,787832,1542744,44
cloud-k3s-master3,1,2026-06-05 17:31:29 UTC,5360132,6866644,711088,8.97,103692,1601532,1238824,15.62,788260,1542756,236
cloud-k3s-master3,1,2026-06-05 17:31:30 UTC,5362484,6869004,708724,8.94,103692,1601540,1235616,15.58,786568,1542764,372
cloud-k3s-master3,1,2026-06-05 17:31:31 UTC,5362232,6868764,708968,8.94,103692,1601552,1235616,15.58,786568,1542776,428
cloud-k3s-master3,1,2026-06-05 17:31:32 UTC,5362232,6868780,708952,8.94,103692,1601568,1235616,15.58,786572,1542792,436
cloud-k3s-master3,1,2026-06-05 17:31:33 UTC,5362232,6868792,708940,8.94,103692,1601580,1235616,15.58,786572,1542804,412
cloud-k3s-master3,1,2026-06-05 17:31:34 UTC,5362232,6868796,708936,8.94,103692,1601584,1235616,15.58,786800,1542808,252
