# hostname,interval,timestamp,kbmemfree,kbavail,kbmemused,%memused,kbbuffers,kbcached,kbcommit,%commit,kbactive,kbinact,kbdirty
fog-k3s-master3,1,2026-06-05 16:31:36 UTC,11411576,14415892,1104480,6.91,123208,3068940,2571248,16.09,1115476,3026248,828
fog-k3s-master3,1,2026-06-05 16:31:37 UTC,11411576,14415900,1104468,6.91,123208,3068952,2571248,16.09,1115476,3026256,840
fog-k3s-master3,1,2026-06-05 16:31:38 UTC,11413084,14417444,1102936,6.90,123212,3068972,2571248,16.09,1114724,3026292,852
fog-k3s-master3,1,2026-06-05 16:31:39 UTC,11416020,14420404,1099976,6.88,123212,3068996,2571248,16.09,1114724,3026316,380
fog-k3s-master3,1,2026-06-05 16:31:40 UTC,11419852,14424240,1096160,6.86,123212,3069012,2571248,16.09,1114728,3026320,168
fog-k3s-master3,1,2026-06-05 16:31:41 UTC,11423608,14428020,1092392,6.83,123212,3069024,2571248,16.09,1114732,3026344,168
fog-k3s-master3,1,2026-06-05 16:31:42 UTC,11426268,14430700,1089712,6.82,123212,3069044,2571248,16.09,1114732,3026364,180
fog-k3s-master3,1,2026-06-05 16:31:43 UTC,11428000,14432460,1087956,6.81,123212,3069072,2571248,16.09,1115796,3026392,64
fog-k3s-master3,1,2026-06-05 16:31:44 UTC,11429612,14434084,1086332,6.80,123212,3069084,2571248,16.09,1115828,3026404,84
fog-k3s-master3,1,2026-06-05 16:31:45 UTC,11430364,14434836,1085568,6.79,123212,3069096,2571248,16.09,1115828,3026404,252
fog-k3s-master3,1,2026-06-05 16:31:46 UTC,11431460,14435960,1084456,6.79,123212,3069112,2571248,16.09,1115828,3026432,112
fog-k3s-master3,1,2026-06-05 16:31:47 UTC,11431428,14435928,1084476,6.79,123212,3069124,2571248,16.09,1115832,3026432,136
fog-k3s-master3,1,2026-06-05 16:31:48 UTC,11431460,14435964,1084424,6.78,123216,3069140,2571248,16.09,1115832,3026436,148
fog-k3s-master3,1,2026-06-05 16:31:49 UTC,11431472,14435984,1084396,6.78,123220,3069156,2571248,16.09,1115832,3026444,160
fog-k3s-master3,1,2026-06-05 16:31:50 UTC,11431472,14435988,1084380,6.78,123220,3069172,2571248,16.09,1115832,3026448,188
fog-k3s-master3,1,2026-06-05 16:31:51 UTC,11431472,14436056,1084364,6.78,123220,3069188,2571248,16.09,1115836,3026516,200
fog-k3s-master3,1,2026-06-05 16:31:52 UTC,11431472,14436072,1084344,6.78,123224,3069204,2571248,16.09,1115168,3026532,212
fog-k3s-master3,1,2026-06-05 16:31:53 UTC,11431472,14436084,1084332,6.78,123224,3069216,2571248,16.09,1115788,3026544,224
fog-k3s-master3,1,2026-06-05 16:31:54 UTC,11431472,14436108,1084312,6.78,123228,3069232,2571248,16.09,1115720,3026568,236
fog-k3s-master3,1,2026-06-05 16:31:55 UTC,11431472,14436112,1084296,6.78,123228,3069248,2571248,16.09,1116624,3026572,252
fog-k3s-master3,1,2026-06-05 16:31:56 UTC,11431472,14436136,1084284,6.78,123228,3069260,2571248,16.09,1116668,3026596,40
fog-k3s-master3,1,2026-06-05 16:31:57 UTC,11431472,14436164,1084256,6.78,123236,3069280,2571248,16.09,1116668,3026624,56
fog-k3s-master3,1,2026-06-05 16:31:58 UTC,11431220,14435924,1084492,6.79,123240,3069292,2571248,16.09,1117728,3026636,72
fog-k3s-master3,1,2026-06-05 16:31:59 UTC,11430972,14435688,1084720,6.79,123240,3069312,2571248,16.09,1117796,3026648,84
fog-k3s-master3,1,2026-06-05 16:32:00 UTC,11430972,14435712,1084708,6.79,123240,3069324,2571248,16.09,1117672,3026672,96
fog-k3s-master3,1,2026-06-05 16:32:01 UTC,11430972,14435728,1084692,6.79,123240,3069340,2571248,16.09,1117672,3026688,252
fog-k3s-master3,1,2026-06-05 16:32:02 UTC,11430972,14435752,1084668,6.79,123248,3069356,2571248,16.09,1117724,3026712,188
fog-k3s-master3,1,2026-06-05 16:32:03 UTC,11430972,14435764,1084656,6.79,123248,3069368,2571248,16.09,1118020,3026724,204
fog-k3s-master3,1,2026-06-05 16:32:04 UTC,11430972,14435780,1084636,6.79,123252,3069380,2571248,16.09,1117404,3026740,212
fog-k3s-master3,1,2026-06-05 16:32:05 UTC,11431712,14436536,1083896,6.78,123252,3069404,2571248,16.09,1117256,3026756,256
fog-k3s-master3,1,2026-06-05 16:32:06 UTC,11431712,14436540,1083872,6.78,123260,3069420,2571248,16.09,1117024,3026760,108
fog-k3s-master3,1,2026-06-05 16:32:07 UTC,11431712,14436568,1083852,6.78,123264,3069436,2571248,16.09,1117024,3026788,120
fog-k3s-master3,1,2026-06-05 16:32:08 UTC,11431712,14436580,1083840,6.78,123264,3069448,2571248,16.09,1116272,3026800,132
fog-k3s-master3,1,2026-06-05 16:32:09 UTC,11431712,14436596,1083824,6.78,123264,3069464,2571248,16.09,1116276,3026816,144
fog-k3s-master3,1,2026-06-05 16:32:10 UTC,11431460,14436368,1084060,6.78,123264,3069480,2571248,16.09,1116280,3026840,316
fog-k3s-master3,1,2026-06-05 16:32:11 UTC,11431460,14436392,1084016,6.78,123264,3069492,2571248,16.09,1116284,3026864,152
fog-k3s-master3,1,2026-06-05 16:32:12 UTC,11431460,14436400,1083992,6.78,123268,3069512,2571248,16.09,1116284,3026872,164
fog-k3s-master3,1,2026-06-05 16:32:13 UTC,11431460,14436444,1083956,6.78,123268,3069540,2571248,16.09,1117308,3026916,192
fog-k3s-master3,1,2026-06-05 16:32:14 UTC,11431460,14436468,1083932,6.78,123268,3069564,2571248,16.09,1117380,3026940,160
fog-k3s-master3,1,2026-06-05 16:32:15 UTC,11431460,14436472,1083916,6.78,123268,3069580,2571248,16.09,1117440,3026944,340
fog-k3s-master3,1,2026-06-05 16:32:16 UTC,11431460,14436472,1083892,6.78,123268,3069604,2571248,16.09,1117440,3026944,364
fog-k3s-master3,1,2026-06-05 16:32:17 UTC,11431460,14436472,1083892,6.78,123268,3069604,2571248,16.09,1117440,3026944,364
fog-k3s-master3,1,2026-06-05 16:32:18 UTC,11431460,14436536,1083860,6.78,123272,3069632,2571248,16.09,1117440,3027008,376
fog-k3s-master3,1,2026-06-05 16:32:19 UTC,11431460,14436552,1083844,6.78,123272,3069648,2571248,16.09,1117440,3027024,388
fog-k3s-master3,1,2026-06-05 16:32:20 UTC,11431460,14436572,1083744,6.78,123288,3069668,2571248,16.09,1117440,3027044,252
fog-k3s-master3,1,2026-06-05 16:32:21 UTC,11431236,14436348,1083964,6.78,123288,3069680,2571248,16.09,1117444,3027044,264
fog-k3s-master3,1,2026-06-05 16:32:22 UTC,11431236,14436376,1083944,6.78,123292,3069696,2571248,16.09,1116732,3027072,276
fog-k3s-master3,1,2026-06-05 16:32:23 UTC,11430480,14435656,1084688,6.79,123292,3069708,2571248,16.09,1117088,3027108,284
fog-k3s-master3,1,2026-06-05 16:32:24 UTC,11430256,14435444,1084900,6.79,123292,3069720,2571248,16.09,1117268,3027120,296
fog-k3s-master3,1,2026-06-05 16:32:25 UTC,11431108,14436300,1084032,6.78,123292,3069736,2571248,16.09,1117268,3027124,464
fog-k3s-master3,1,2026-06-05 16:32:26 UTC,11430604,14435812,1084520,6.79,123292,3069752,2571248,16.09,1117276,3027140,324
fog-k3s-master3,1,2026-06-05 16:32:27 UTC,11430536,14435776,1084572,6.79,123300,3069764,2571248,16.09,1117276,3027172,336
fog-k3s-master3,1,2026-06-05 16:32:28 UTC,11430284,14435548,1084796,6.79,123312,3069780,2571248,16.09,1117744,3027196,348
fog-k3s-master3,1,2026-06-05 16:32:29 UTC,11437620,14442916,1077396,6.74,123316,3069808,2571248,16.09,1117796,3027228,360
fog-k3s-master3,1,2026-06-05 16:32:30 UTC,11437120,14442432,1077880,6.74,123316,3069824,2571248,16.09,1117828,3027244,524
fog-k3s-master3,1,2026-06-05 16:32:31 UTC,11437120,14442436,1077868,6.74,123316,3069836,2571248,16.09,1117868,3027248,532
fog-k3s-master3,1,2026-06-05 16:32:32 UTC,11437120,14442464,1077852,6.74,123316,3069852,2571248,16.09,1117900,3027276,544
fog-k3s-master3,1,2026-06-05 16:32:33 UTC,11437120,14442472,1077832,6.74,123320,3069868,2571248,16.09,1118188,3027284,188
fog-k3s-master3,1,2026-06-05 16:32:34 UTC,11437120,14442476,1077812,6.74,123320,3069884,2571248,16.09,1117448,3027288,204
fog-k3s-master3,1,2026-06-05 16:32:35 UTC,11440812,14446208,1074100,6.72,123324,3069900,2568148,16.07,1114736,3027328,356
fog-k3s-master3,1,2026-06-05 16:32:36 UTC,11440804,14446224,1074084,6.72,123328,3069916,2568148,16.07,1114516,3027348,108
fog-k3s-master3,1,2026-06-05 16:32:37 UTC,11440552,14445984,1074324,6.72,123328,3069928,2568148,16.07,1114516,3027360,120
fog-k3s-master3,1,2026-06-05 16:32:38 UTC,11440076,14445536,1074768,6.72,123336,3069952,2568872,16.07,1113752,3027388,148
fog-k3s-master3,1,2026-06-05 16:32:39 UTC,11438816,14444300,1076008,6.73,123340,3069968,2568148,16.07,1113752,3027412,84
fog-k3s-master3,1,2026-06-05 16:32:40 UTC,11438816,14444320,1075992,6.73,123340,3069984,2568148,16.07,1113752,3027432,252
fog-k3s-master3,1,2026-06-05 16:32:41 UTC,11438816,14444332,1075980,6.73,123340,3069996,2568148,16.07,1113752,3027444,252
fog-k3s-master3,1,2026-06-05 16:32:42 UTC,11438592,14444124,1076188,6.73,123340,3070012,2568148,16.07,1113816,3027460,264
fog-k3s-master3,1,2026-06-05 16:32:43 UTC,11438340,14443876,1076428,6.73,123340,3070024,2568148,16.07,1114596,3027464,272
fog-k3s-master3,1,2026-06-05 16:32:44 UTC,11438340,14443912,1076396,6.73,123344,3070052,2568148,16.07,1114876,3027500,272
fog-k3s-master3,1,2026-06-05 16:32:45 UTC,11438340,14443924,1076384,6.73,123344,3070064,2568148,16.07,1114964,3027512,220
fog-k3s-master3,1,2026-06-05 16:32:46 UTC,11438340,14443924,1076384,6.73,123348,3070060,2568148,16.07,1114964,3027512,168
fog-k3s-master3,1,2026-06-05 16:32:47 UTC,11438088,14443700,1076604,6.74,123348,3070092,2568148,16.07,1114964,3027540,28
fog-k3s-master3,1,2026-06-05 16:32:48 UTC,11438088,14443716,1076580,6.74,123352,3070108,2568148,16.07,1114964,3027556,52
fog-k3s-master3,1,2026-06-05 16:32:49 UTC,11438088,14443716,1076568,6.74,123352,3070120,2568148,16.07,1114964,3027556,64
fog-k3s-master3,1,2026-06-05 16:32:50 UTC,11438088,14443764,1076544,6.74,123356,3070140,2568148,16.07,1115024,3027604,236
fog-k3s-master3,1,2026-06-05 16:32:51 UTC,11438088,14443768,1076560,6.74,123356,3070156,2568148,16.07,1115036,3027608,36
fog-k3s-master3,1,2026-06-05 16:32:52 UTC,11438088,14443772,1076544,6.74,123356,3070172,2568148,16.07,1114324,3027612,52
fog-k3s-master3,1,2026-06-05 16:32:53 UTC,11445900,14451620,1068720,6.69,123356,3070184,2568148,16.07,1114444,3027648,64
fog-k3s-master3,1,2026-06-05 16:32:54 UTC,11445900,14451624,1068704,6.69,123356,3070200,2568148,16.07,1114816,3027652,76
fog-k3s-master3,1,2026-06-05 16:32:55 UTC,11445900,14451628,1068688,6.69,123356,3070216,2568148,16.07,1114868,3027656,88
fog-k3s-master3,1,2026-06-05 16:32:56 UTC,11445900,14451632,1068672,6.69,123356,3070232,2568148,16.07,1114868,3027660,256
fog-k3s-master3,1,2026-06-05 16:32:57 UTC,11445900,14451632,1068660,6.69,123356,3070244,2568148,16.07,1114916,3027660,192
fog-k3s-master3,1,2026-06-05 16:32:58 UTC,11445900,14451696,1068644,6.69,123356,3070260,2568148,16.07,1115352,3027724,208
fog-k3s-master3,1,2026-06-05 16:32:59 UTC,11445900,14451712,1068624,6.69,123360,3070276,2568148,16.07,1115448,3027740,220
fog-k3s-master3,1,2026-06-05 16:33:00 UTC,11445900,14451720,1068608,6.69,123360,3070292,2568148,16.07,1115488,3027748,236
fog-k3s-master3,1,2026-06-05 16:33:01 UTC,11460268,14466116,1054256,6.60,123360,3070304,2568148,16.07,1081524,3027772,88
fog-k3s-master3,1,2026-06-05 16:33:02 UTC,11460268,14466124,1054236,6.60,123364,3070320,2568148,16.07,1081544,3027780,104
fog-k3s-master3,1,2026-06-05 16:33:03 UTC,11460016,14465876,1054476,6.60,123364,3070332,2568148,16.07,1081724,3027784,40
fog-k3s-master3,1,2026-06-05 16:33:04 UTC,11459544,14465444,1054928,6.60,123368,3070348,2571124,16.09,1082368,3027824,56
fog-k3s-master3,1,2026-06-05 16:33:05 UTC,11474144,14480060,1040332,6.51,123368,3070376,2568148,16.07,1081128,3027840,276
fog-k3s-master3,1,2026-06-05 16:33:06 UTC,11473444,14479388,1041008,6.51,123376,3070392,2568148,16.07,1080896,3027868,380
fog-k3s-master3,1,2026-06-05 16:33:07 UTC,11473444,14479388,1040996,6.51,123376,3070404,2568148,16.07,1080896,3027868,392
fog-k3s-master3,1,2026-06-05 16:33:08 UTC,11473444,14479392,1040976,6.51,123380,3070420,2568148,16.07,1080128,3027872,404
fog-k3s-master3,1,2026-06-05 16:33:09 UTC,11473444,14479440,1040964,6.51,123388,3070424,2568148,16.07,1080128,3027920,340
fog-k3s-master3,1,2026-06-05 16:33:10 UTC,11473192,14479200,1041192,6.51,123388,3070448,2568148,16.07,1080128,3027932,112
fog-k3s-master3,1,2026-06-05 16:33:11 UTC,11473192,14479228,1041176,6.51,123388,3070464,2568148,16.07,1080128,3027960,248
fog-k3s-master3,1,2026-06-05 16:33:12 UTC,11472940,14478984,1041408,6.52,123388,3070484,2568148,16.07,1080132,3027968,260
fog-k3s-master3,1,2026-06-05 16:33:13 UTC,11470672,14476716,1043656,6.53,123388,3070504,2568148,16.07,1082332,3027968,284
fog-k3s-master3,1,2026-06-05 16:33:14 UTC,11470420,14476500,1043888,6.53,123388,3070520,2568148,16.07,1082916,3028004,296
fog-k3s-master3,1,2026-06-05 16:33:15 UTC,11470420,14476500,1043876,6.53,123388,3070532,2568148,16.07,1082952,3028004,248
fog-k3s-master3,1,2026-06-05 16:33:16 UTC,11478232,14484364,1036036,6.48,123388,3070560,2568148,16.07,1083448,3028056,96
fog-k3s-master3,1,2026-06-05 16:33:17 UTC,11478232,14484368,1036016,6.48,123392,3070576,2568148,16.07,1083192,3028060,108
fog-k3s-master3,1,2026-06-05 16:33:18 UTC,11477980,14484120,1036260,6.48,123392,3070588,2568148,16.07,1083192,3028064,96
fog-k3s-master3,1,2026-06-05 16:33:19 UTC,11477980,14484164,1036240,6.48,123396,3070604,2568148,16.07,1083192,3028108,76
fog-k3s-master3,1,2026-06-05 16:33:20 UTC,11477980,14484172,1036220,6.48,123404,3070616,2568148,16.07,1083192,3028116,92
fog-k3s-master3,1,2026-06-05 16:33:21 UTC,11477980,14484204,1036200,6.48,123404,3070636,2568148,16.07,1083192,3028148,200
fog-k3s-master3,1,2026-06-05 16:33:22 UTC,11477728,14483964,1036432,6.48,123412,3070648,2568148,16.07,1083120,3028160,216
fog-k3s-master3,1,2026-06-05 16:33:23 UTC,11477728,14483964,1036416,6.48,123416,3070660,2568148,16.07,1083420,3028160,228
fog-k3s-master3,1,2026-06-05 16:33:24 UTC,11477476,14483748,1036652,6.49,123416,3070676,2568148,16.07,1083684,3028196,240
fog-k3s-master3,1,2026-06-05 16:33:25 UTC,11477476,14483752,1036660,6.49,123424,3070692,2568148,16.07,1083684,3028200,88
fog-k3s-master3,1,2026-06-05 16:33:26 UTC,11477476,14483780,1036640,6.49,123428,3070708,2568148,16.07,1083684,3028228,100
fog-k3s-master3,1,2026-06-05 16:33:27 UTC,11477476,14483784,1036624,6.49,123428,3070720,2568148,16.07,1083708,3028228,40
fog-k3s-master3,1,2026-06-05 16:33:28 UTC,11476976,14483328,1037092,6.49,123440,3070740,2568148,16.07,1084568,3028272,56
fog-k3s-master3,1,2026-06-05 16:33:29 UTC,11476500,14482880,1037544,6.49,123444,3070760,2568148,16.07,1084652,3028300,68
fog-k3s-master3,1,2026-06-05 16:33:30 UTC,11476500,14482896,1037528,6.49,123448,3070772,2568148,16.07,1084652,3028316,80
fog-k3s-master3,1,2026-06-05 16:33:31 UTC,11476500,14482916,1037500,6.49,123456,3070792,2568148,16.07,1084696,3028336,96
fog-k3s-master3,1,2026-06-05 16:33:32 UTC,11476276,14482720,1037700,6.49,123464,3070808,2568148,16.07,1084696,3028364,108
fog-k3s-master3,1,2026-06-05 16:33:33 UTC,11476276,14482720,1037688,6.49,123464,3070820,2568148,16.07,1084936,3028364,44
fog-k3s-master3,1,2026-06-05 16:33:34 UTC,11476024,14482496,1037920,6.49,123468,3070836,2568148,16.07,1084344,3028392,60
fog-k3s-master3,1,2026-06-05 16:33:35 UTC,11476024,14482512,1037900,6.49,123472,3070852,2568148,16.07,1084344,3028408,236
fog-k3s-master3,1,2026-06-05 16:33:36 UTC,11476024,14482556,1037880,6.49,123472,3070872,2568148,16.07,1084144,3028452,252
fog-k3s-master3,1,2026-06-05 16:33:37 UTC,11476024,14482572,1037860,6.49,123476,3070888,2568148,16.07,1084144,3028468,264
fog-k3s-master3,1,2026-06-05 16:33:38 UTC,11476024,14482588,1037836,6.49,123476,3070912,2568148,16.07,1083688,3028484,292
fog-k3s-master3,1,2026-06-05 16:33:39 UTC,11476024,14482608,1037820,6.49,123480,3070928,2568148,16.07,1083688,3028504,228
fog-k3s-master3,1,2026-06-05 16:33:40 UTC,11476024,14482636,1037804,6.49,123480,3070944,2568148,16.07,1083728,3028532,244
fog-k3s-master3,1,2026-06-05 16:33:41 UTC,11476024,14482648,1037792,6.49,123480,3070956,2568148,16.07,1083732,3028544,96
fog-k3s-master3,1,2026-06-05 16:33:42 UTC,11476024,14482660,1037780,6.49,123480,3070968,2568148,16.07,1083732,3028556,104
fog-k3s-master3,1,2026-06-05 16:33:43 UTC,11475772,14482424,1038012,6.49,123480,3070984,2568148,16.07,1084204,3028572,116
fog-k3s-master3,1,2026-06-05 16:33:44 UTC,11475772,14482444,1037992,6.49,123480,3071004,2568148,16.07,1084872,3028592,112
fog-k3s-master3,1,2026-06-05 16:33:45 UTC,11475772,14482456,1037984,6.49,123480,3071016,2568148,16.07,1084872,3028604,52
fog-k3s-master3,1,2026-06-05 16:33:46 UTC,11475772,14482460,1037968,6.49,123480,3071032,2568148,16.07,1084872,3028608,220
fog-k3s-master3,1,2026-06-05 16:33:47 UTC,11475772,14482480,1037948,6.49,123484,3071048,2568148,16.07,1084872,3028628,236
fog-k3s-master3,1,2026-06-05 16:33:48 UTC,11475524,14482232,1038192,6.50,123484,3071060,2568148,16.07,1084880,3028628,248
fog-k3s-master3,1,2026-06-05 16:33:49 UTC,11475524,14482248,1038176,6.50,123484,3071076,2568148,16.07,1084880,3028644,260
fog-k3s-master3,1,2026-06-05 16:33:50 UTC,11475524,14482276,1038160,6.50,123484,3071092,2568148,16.07,1084880,3028672,80
fog-k3s-master3,1,2026-06-05 16:33:51 UTC,11475524,14482420,1038028,6.49,123592,3071112,2568148,16.07,1084880,3028812,44
fog-k3s-master3,1,2026-06-05 16:33:52 UTC,11475524,14482436,1038012,6.49,123592,3071128,2568148,16.07,1084164,3028828,68
fog-k3s-master3,1,2026-06-05 16:33:53 UTC,11475524,14482436,1038000,6.49,123592,3071140,2568148,16.07,1084164,3028828,80
fog-k3s-master3,1,2026-06-05 16:33:54 UTC,11475524,14482464,1037984,6.49,123592,3071156,2568148,16.07,1084548,3028856,92
fog-k3s-master3,1,2026-06-05 16:33:55 UTC,11475272,14482216,1038212,6.50,123596,3071172,2568148,16.07,1084592,3028860,268
fog-k3s-master3,1,2026-06-05 16:33:56 UTC,11475272,14482224,1038196,6.50,123596,3071184,2568148,16.07,1084668,3028864,112
fog-k3s-master3,1,2026-06-05 16:33:57 UTC,11475272,14482264,1038180,6.50,123596,3071200,2568148,16.07,1084668,3028904,128
fog-k3s-master3,1,2026-06-05 16:33:58 UTC,11474516,14481536,1038908,6.50,123604,3071220,2568148,16.07,1085236,3028932,140
fog-k3s-master3,1,2026-06-05 16:33:59 UTC,11474516,14481536,1038892,6.50,123608,3071232,2568148,16.07,1085288,3028932,152
fog-k3s-master3,1,2026-06-05 16:34:00 UTC,11474516,14481544,1038872,6.50,123616,3071244,2568148,16.07,1085332,3028940,168
fog-k3s-master3,1,2026-06-05 16:34:01 UTC,11474264,14481332,1039108,6.50,123616,3071264,2568148,16.07,1085364,3028980,344
fog-k3s-master3,1,2026-06-05 16:34:02 UTC,11474264,14481336,1039092,6.50,123620,3071276,2568148,16.07,1085364,3028984,352
fog-k3s-master3,1,2026-06-05 16:34:03 UTC,11474264,14481336,1039080,6.50,123620,3071288,2568148,16.07,1085364,3028984,364
fog-k3s-master3,1,2026-06-05 16:34:04 UTC,11474264,14481384,1039064,6.50,123620,3071304,2568148,16.07,1085012,3029032,376
fog-k3s-master3,1,2026-06-05 16:34:05 UTC,11476172,14483316,1037152,6.49,123620,3071328,2568148,16.07,1085068,3029056,220
fog-k3s-master3,1,2026-06-05 16:34:06 UTC,11475952,14483120,1037316,6.49,123628,3071344,2568148,16.07,1085272,3029080,248
fog-k3s-master3,1,2026-06-05 16:34:07 UTC,11475952,14483124,1037300,6.49,123628,3071360,2568148,16.07,1085024,3029084,260
fog-k3s-master3,1,2026-06-05 16:34:08 UTC,11475952,14483128,1037284,6.49,123628,3071376,2568148,16.07,1084052,3029088,272
fog-k3s-master3,1,2026-06-05 16:34:09 UTC,11475952,14483156,1037268,6.49,123628,3071388,2568148,16.07,1084052,3029116,284
fog-k3s-master3,1,2026-06-05 16:34:10 UTC,11475952,14483180,1037252,6.49,123628,3071404,2568148,16.07,1084052,3029140,464
fog-k3s-master3,1,2026-06-05 16:34:11 UTC,11475952,14483184,1037236,6.49,123632,3071416,2568148,16.07,1084052,3029144,300
fog-k3s-master3,1,2026-06-05 16:34:12 UTC,11475952,14483188,1037220,6.49,123632,3071432,2568148,16.07,1084052,3029148,312
fog-k3s-master3,1,2026-06-05 16:34:13 UTC,11475700,14482976,1037440,6.49,123632,3071456,2568148,16.07,1085184,3029188,336
fog-k3s-master3,1,2026-06-05 16:34:14 UTC,11475448,14482756,1037652,6.49,123640,3071476,2568148,16.07,1085804,3029220,348
fog-k3s-master3,1,2026-06-05 16:34:15 UTC,11475448,14482760,1037640,6.49,123640,3071492,2568148,16.07,1085824,3029224,360
fog-k3s-master3,1,2026-06-05 16:34:16 UTC,11475448,14482764,1037600,6.49,123644,3071524,2568148,16.07,1085824,3029228,544
fog-k3s-master3,1,2026-06-05 16:34:17 UTC,11475448,14482800,1037592,6.49,123644,3071536,2568148,16.07,1085824,3029264,556
fog-k3s-master3,1,2026-06-05 16:34:18 UTC,11475448,14482832,1037584,6.49,123648,3071552,2568148,16.07,1085824,3029296,540
fog-k3s-master3,1,2026-06-05 16:34:19 UTC,11475448,14482856,1037572,6.49,123648,3071564,2568148,16.07,1085760,3029320,552
fog-k3s-master3,1,2026-06-05 16:34:20 UTC,11475196,14482624,1037804,6.49,123648,3071584,2568148,16.07,1085760,3029340,584
fog-k3s-master3,1,2026-06-05 16:34:21 UTC,11475196,14482628,1037824,6.49,123648,3071596,2568148,16.07,1085764,3029344,360
fog-k3s-master3,1,2026-06-05 16:34:22 UTC,11474444,14481880,1038560,6.50,123648,3071608,2568148,16.07,1085360,3029344,28
fog-k3s-master3,1,2026-06-05 16:34:23 UTC,11475992,14483468,1036992,6.49,123652,3071624,2568148,16.07,1085360,3029384,52
fog-k3s-master3,1,2026-06-05 16:34:24 UTC,11478368,14485860,1034600,6.47,123652,3071640,2568148,16.07,1085876,3029400,64
fog-k3s-master3,1,2026-06-05 16:34:25 UTC,11478120,14485624,1034836,6.47,123652,3071652,2568148,16.07,1085920,3029412,76
fog-k3s-master3,1,2026-06-05 16:34:26 UTC,11478120,14485640,1034820,6.47,123652,3071668,2568148,16.07,1085660,3029428,248
fog-k3s-master3,1,2026-06-05 16:34:27 UTC,11477868,14485392,1035056,6.48,123652,3071684,2568148,16.07,1085704,3029432,260
fog-k3s-master3,1,2026-06-05 16:34:28 UTC,11477616,14485168,1035288,6.48,123656,3071700,2568148,16.07,1086256,3029460,272
fog-k3s-master3,1,2026-06-05 16:34:29 UTC,11476636,14484224,1036236,6.48,123664,3071724,2568148,16.07,1086260,3029496,284
fog-k3s-master3,1,2026-06-05 16:34:30 UTC,11476636,14484244,1036216,6.48,123668,3071740,2568148,16.07,1086260,3029516,316
fog-k3s-master3,1,2026-06-05 16:34:31 UTC,11476636,14484260,1036188,6.48,123676,3071756,2568148,16.07,1086288,3029532,152
fog-k3s-master3,1,2026-06-05 16:34:32 UTC,11476636,14484264,1036172,6.48,123676,3071772,2568148,16.07,1086288,3029536,164
fog-k3s-master3,1,2026-06-05 16:34:33 UTC,11476636,14484296,1036172,6.48,123676,3071784,2568148,16.07,1086288,3029568,176
fog-k3s-master3,1,2026-06-05 16:34:34 UTC,11476636,14484316,1036152,6.48,123680,3071800,2568148,16.07,1085784,3029588,188
fog-k3s-master3,1,2026-06-05 16:34:35 UTC,11476636,14484324,1036132,6.48,123680,3071816,2568148,16.07,1085784,3029592,200
fog-k3s-master3,1,2026-06-05 16:34:36 UTC,11476636,14484328,1036116,6.48,123680,3071832,2568148,16.07,1085544,3029596,208
fog-k3s-master3,1,2026-06-05 16:34:37 UTC,11476384,14484080,1036352,6.48,123680,3071848,2568148,16.07,1085544,3029600,220
fog-k3s-master3,1,2026-06-05 16:34:38 UTC,11476384,14484132,1036336,6.48,123680,3071864,2568148,16.07,1084752,3029652,232
fog-k3s-master3,1,2026-06-05 16:34:39 UTC,11476384,14484144,1036316,6.48,123680,3071884,2568148,16.07,1084752,3029664,256
fog-k3s-master3,1,2026-06-05 16:34:40 UTC,11476384,14484156,1036304,6.48,123684,3071900,2568148,16.07,1084752,3029676,432
fog-k3s-master3,1,2026-06-05 16:34:41 UTC,11476384,14484156,1036296,6.48,123684,3071908,2568148,16.07,1084752,3029676,440
fog-k3s-master3,1,2026-06-05 16:34:42 UTC,11476160,14483968,1036500,6.49,123688,3071924,2568148,16.07,1084752,3029712,452
fog-k3s-master3,1,2026-06-05 16:34:43 UTC,11476160,14483992,1036480,6.49,123692,3071940,2568148,16.07,1085056,3029736,464
fog-k3s-master3,1,2026-06-05 16:34:44 UTC,11476160,14484020,1036444,6.48,123696,3071960,2568148,16.07,1085692,3029764,464
fog-k3s-master3,1,2026-06-05 16:34:45 UTC,11476160,14484020,1036432,6.48,123696,3071972,2568148,16.07,1085692,3029764,476
fog-k3s-master3,1,2026-06-05 16:34:46 UTC,11475936,14483824,1036640,6.49,123696,3071988,2568148,16.07,1086096,3029792,328
fog-k3s-master3,1,2026-06-05 16:34:47 UTC,11475936,14483828,1036624,6.49,123700,3072000,2568148,16.07,1086112,3029796,340
fog-k3s-master3,1,2026-06-05 16:34:48 UTC,11475936,14483836,1036596,6.49,123704,3072020,2568148,16.07,1086112,3029804,352
fog-k3s-master3,1,2026-06-05 16:34:49 UTC,11475684,14483620,1036836,6.49,123704,3072032,2568148,16.07,1086112,3029840,364
fog-k3s-master3,1,2026-06-05 16:34:50 UTC,11475684,14483636,1036812,6.49,123708,3072052,2568148,16.07,1086160,3029856,528
fog-k3s-master3,1,2026-06-05 16:34:51 UTC,11475684,14483636,1036800,6.49,123708,3072064,2568148,16.07,1086160,3029856,544
fog-k3s-master3,1,2026-06-05 16:34:52 UTC,11475684,14483640,1036784,6.49,123708,3072080,2568148,16.07,1085472,3029860,516
fog-k3s-master3,1,2026-06-05 16:34:53 UTC,11476484,14484440,1035972,6.48,123708,3072092,2568148,16.07,1085472,3029860,268
fog-k3s-master3,1,2026-06-05 16:34:54 UTC,11476460,14484484,1035972,6.48,123712,3072112,2568148,16.07,1085932,3029928,192
fog-k3s-master3,1,2026-06-05 16:34:55 UTC,11476460,14484496,1035960,6.48,123712,3072124,2568148,16.07,1085948,3029940,204
fog-k3s-master3,1,2026-06-05 16:34:56 UTC,11475484,14483540,1036892,6.49,123712,3072140,2568148,16.07,1086032,3029960,72
fog-k3s-master3,1,2026-06-05 16:34:57 UTC,11475484,14483552,1036880,6.49,123712,3072152,2568148,16.07,1086032,3029972,84
fog-k3s-master3,1,2026-06-05 16:34:58 UTC,11475484,14483572,1036860,6.49,123712,3072172,2568148,16.07,1086512,3029992,100
fog-k3s-master3,1,2026-06-05 16:34:59 UTC,11475484,14483580,1036836,6.49,123716,3072192,2568148,16.07,1086572,3030000,112
fog-k3s-master3,1,2026-06-05 16:35:00 UTC,11475484,14483608,1036824,6.49,123716,3072204,2568148,16.07,1086572,3030028,128
fog-k3s-master3,1,2026-06-05 16:35:01 UTC,11475484,14483624,1036776,6.49,123716,3072216,2568148,16.07,1086572,3030040,136
fog-k3s-master3,1,2026-06-05 16:35:02 UTC,11475484,14483636,1036764,6.49,123716,3072232,2568148,16.07,1086572,3030056,344
fog-k3s-master3,1,2026-06-05 16:35:03 UTC,11475232,14483396,1037004,6.49,123716,3072244,2568148,16.07,1086572,3030068,356
fog-k3s-master3,1,2026-06-05 16:35:04 UTC,11475232,14483412,1036988,6.49,123716,3072260,2568148,16.07,1086072,3030084,368
fog-k3s-master3,1,2026-06-05 16:35:05 UTC,11474784,14482972,1037400,6.49,123720,3072276,2568148,16.07,1086072,3030092,452
fog-k3s-master3,1,2026-06-05 16:35:06 UTC,11476100,14484300,1036052,6.48,123728,3072300,2568148,16.07,1085852,3030104,472
fog-k3s-master3,1,2026-06-05 16:35:07 UTC,11476100,14484340,1036036,6.48,123728,3072316,2568148,16.07,1085856,3030144,240
fog-k3s-master3,1,2026-06-05 16:35:08 UTC,11476100,14484364,1036020,6.48,123728,3072332,2568148,16.07,1085072,3030168,252
fog-k3s-master3,1,2026-06-05 16:35:09 UTC,11475848,14484124,1036260,6.48,123728,3072344,2568148,16.07,1085072,3030180,264
fog-k3s-master3,1,2026-06-05 16:35:10 UTC,11475848,14484140,1036244,6.48,123728,3072360,2568148,16.07,1085080,3030196,424
fog-k3s-master3,1,2026-06-05 16:35:11 UTC,11475596,14483888,1036484,6.49,123728,3072372,2568148,16.07,1085304,3030196,436
fog-k3s-master3,1,2026-06-05 16:35:12 UTC,11475596,14483904,1036460,6.48,123736,3072388,2568148,16.07,1085304,3030212,448
fog-k3s-master3,1,2026-06-05 16:35:13 UTC,11475596,14483948,1036412,6.48,123744,3072416,2568148,16.07,1085724,3030256,476
fog-k3s-master3,1,2026-06-05 16:35:14 UTC,11475344,14483736,1036628,6.49,123748,3072440,2568148,16.07,1086400,3030292,488
fog-k3s-master3,1,2026-06-05 16:35:15 UTC,11475344,14483736,1036616,6.49,123748,3072452,2568148,16.07,1086444,3030292,328
fog-k3s-master3,1,2026-06-05 16:35:16 UTC,11475344,14483780,1036596,6.49,123752,3072480,2568148,16.07,1086500,3030336,364
fog-k3s-master3,1,2026-06-05 16:35:17 UTC,11475344,14483796,1036584,6.49,123752,3072492,2568148,16.07,1086500,3030352,376
fog-k3s-master3,1,2026-06-05 16:35:18 UTC,11475344,14483800,1036568,6.49,123752,3072508,2568148,16.07,1086500,3030356,388
fog-k3s-master3,1,2026-06-05 16:35:19 UTC,11475344,14483836,1036544,6.49,123760,3072524,2568148,16.07,1086500,3030392,372
fog-k3s-master3,1,2026-06-05 16:35:20 UTC,11475092,14483600,1036780,6.49,123764,3072536,2568148,16.07,1086552,3030408,544
fog-k3s-master3,1,2026-06-05 16:35:21 UTC,11475092,14483616,1036764,6.49,123764,3072552,2568148,16.07,1086552,3030424,396
fog-k3s-master3,1,2026-06-05 16:35:22 UTC,11475092,14483620,1036748,6.49,123764,3072568,2568148,16.07,1085936,3030428,408
fog-k3s-master3,1,2026-06-05 16:35:23 UTC,11474592,14483120,1037236,6.49,123764,3072580,2568148,16.07,1085940,3030428,420
fog-k3s-master3,1,2026-06-05 16:35:24 UTC,11474592,14483160,1037220,6.49,123764,3072596,2568148,16.07,1086288,3030468,64
fog-k3s-master3,1,2026-06-05 16:35:25 UTC,11474592,14483160,1037208,6.49,123764,3072608,2568148,16.07,1086380,3030468,20
fog-k3s-master3,1,2026-06-05 16:35:26 UTC,11474592,14483168,1037184,6.49,123764,3072632,2568148,16.07,1086456,3030476,220
fog-k3s-master3,1,2026-06-05 16:35:27 UTC,11474592,14483204,1037184,6.49,123764,3072644,2568148,16.07,1086456,3030512,232
fog-k3s-master3,1,2026-06-05 16:35:28 UTC,11474340,14482976,1037408,6.49,123768,3072664,2568148,16.07,1087000,3030536,248
fog-k3s-master3,1,2026-06-05 16:35:29 UTC,11473840,14482492,1037816,6.49,123772,3072680,2568148,16.07,1087024,3030552,260
fog-k3s-master3,1,2026-06-05 16:35:30 UTC,11479916,14488580,1031728,6.46,123772,3072692,2568148,16.07,1087024,3030564,272
fog-k3s-master3,1,2026-06-05 16:35:31 UTC,11479916,14488584,1031712,6.46,123772,3072708,2568148,16.07,1087024,3030568,132
fog-k3s-master3,1,2026-06-05 16:35:32 UTC,11479916,14488616,1031696,6.46,123776,3072720,2568148,16.07,1087040,3030600,144
fog-k3s-master3,1,2026-06-05 16:35:33 UTC,11479916,14488632,1031680,6.45,123776,3072736,2568148,16.07,1087040,3030616,156
fog-k3s-master3,1,2026-06-05 16:35:34 UTC,11479664,14488396,1031912,6.46,123780,3072752,2568148,16.07,1086656,3030632,168
fog-k3s-master3,1,2026-06-05 16:35:35 UTC,11479664,14488400,1031892,6.46,123788,3072764,2568148,16.07,1086656,3030636,180
fog-k3s-master3,1,2026-06-05 16:35:36 UTC,11479664,14488456,1031860,6.46,123788,3072796,2568148,16.07,1086428,3030692,188
fog-k3s-master3,1,2026-06-05 16:35:37 UTC,11479664,14488468,1031848,6.46,123788,3072808,2568148,16.07,1086428,3030704,200
fog-k3s-master3,1,2026-06-05 16:35:38 UTC,11479664,14488484,1031824,6.46,123792,3072828,2568148,16.07,1085588,3030720,224
fog-k3s-master3,1,2026-06-05 16:35:39 UTC,11479664,14488496,1031808,6.46,123792,3072844,2568148,16.07,1085592,3030732,236
fog-k3s-master3,1,2026-06-05 16:35:40 UTC,11479664,14488520,1031776,6.46,123800,3072868,2568148,16.07,1085592,3030756,408
fog-k3s-master3,1,2026-06-05 16:35:41 UTC,11479664,14488524,1031776,6.46,123800,3072880,2568148,16.07,1085592,3030756,420
fog-k3s-master3,1,2026-06-05 16:35:42 UTC,11479664,14488528,1031760,6.46,123800,3072896,2568148,16.07,1085596,3030760,432
fog-k3s-master3,1,2026-06-05 16:35:43 UTC,11479664,14488592,1031732,6.46,123804,3072912,2568148,16.07,1086068,3030824,444
fog-k3s-master3,1,2026-06-05 16:35:44 UTC,11479664,14488608,1031704,6.46,123804,3072928,2568148,16.07,1086724,3030840,452
fog-k3s-master3,1,2026-06-05 16:35:45 UTC,11479440,14488404,1031908,6.46,123804,3072948,2568148,16.07,1086756,3030860,548
fog-k3s-master3,1,2026-06-05 16:35:46 UTC,11478964,14487944,1032304,6.46,123804,3072964,2568148,16.07,1087032,3030876,316
fog-k3s-master3,1,2026-06-05 16:35:47 UTC,11478712,14487708,1032540,6.46,123804,3072980,2568148,16.07,1086776,3030892,328
fog-k3s-master3,1,2026-06-05 16:35:48 UTC,11478712,14487724,1032528,6.46,123804,3072996,2568148,16.07,1086776,3030908,340
fog-k3s-master3,1,2026-06-05 16:35:49 UTC,11478464,14487476,1032764,6.46,123804,3073008,2568148,16.07,1086824,3030908,352
fog-k3s-master3,1,2026-06-05 16:35:50 UTC,11478464,14487508,1032744,6.46,123804,3073028,2568148,16.07,1086856,3030940,364
fog-k3s-master3,1,2026-06-05 16:35:51 UTC,11478212,14487256,1032980,6.46,123804,3073040,2568148,16.07,1086856,3030940,536
fog-k3s-master3,1,2026-06-05 16:35:52 UTC,11478212,14487284,1032960,6.46,123808,3073056,2568148,16.07,1086056,3030968,548
fog-k3s-master3,1,2026-06-05 16:35:53 UTC,11477960,14487052,1033196,6.46,123808,3073072,2568148,16.07,1086316,3030988,560
fog-k3s-master3,1,2026-06-05 16:35:54 UTC,11477960,14487068,1033180,6.46,123812,3073084,2568148,16.07,1086616,3031004,572
fog-k3s-master3,1,2026-06-05 16:35:55 UTC,11477960,14487072,1033164,6.46,123812,3073100,2568148,16.07,1086704,3031008,320
fog-k3s-master3,1,2026-06-05 16:35:56 UTC,11477960,14487076,1033152,6.46,123816,3073112,2568148,16.07,1086704,3031012,72
fog-k3s-master3,1,2026-06-05 16:35:57 UTC,11477708,14486864,1033388,6.47,123816,3073128,2568148,16.07,1086704,3031052,28
fog-k3s-master3,1,2026-06-05 16:35:58 UTC,11477708,14486892,1033360,6.47,123824,3073148,2568148,16.07,1087268,3031080,52
fog-k3s-master3,1,2026-06-05 16:35:59 UTC,11477708,14486908,1033344,6.47,123828,3073160,2568148,16.07,1087272,3031096,64
fog-k3s-master3,1,2026-06-05 16:36:00 UTC,11477456,14486664,1033580,6.47,123828,3073172,2568148,16.07,1087296,3031100,244
fog-k3s-master3,1,2026-06-05 16:36:01 UTC,11477232,14486464,1033820,6.47,123828,3073188,2568148,16.07,1087296,3031124,96
fog-k3s-master3,1,2026-06-05 16:36:02 UTC,11477232,14486480,1033804,6.47,123828,3073204,2568148,16.07,1087296,3031140,112
fog-k3s-master3,1,2026-06-05 16:36:03 UTC,11477232,14486492,1033792,6.47,123828,3073216,2568148,16.07,1087296,3031152,124
fog-k3s-master3,1,2026-06-05 16:36:04 UTC,11477232,14486508,1033772,6.47,123828,3073232,2568148,16.07,1086700,3031168,136
fog-k3s-master3,1,2026-06-05 16:36:05 UTC,11477900,14487184,1033080,6.46,123832,3073260,2568148,16.07,1086748,3031176,164
fog-k3s-master3,1,2026-06-05 16:36:06 UTC,11477424,14486720,1033544,6.47,123832,3073272,2568148,16.07,1086748,3031188,332
fog-k3s-master3,1,2026-06-05 16:36:07 UTC,11477424,14486764,1033524,6.47,123832,3073292,2568148,16.07,1086516,3031232,348
fog-k3s-master3,1,2026-06-05 16:36:08 UTC,11477424,14486776,1033512,6.47,123832,3073304,2568148,16.07,1085668,3031244,360
fog-k3s-master3,1,2026-06-05 16:36:09 UTC,11477424,14486792,1033500,6.47,123832,3073320,2568148,16.07,1085668,3031260,372
fog-k3s-master3,1,2026-06-05 16:36:10 UTC,11477424,14486792,1033488,6.47,123832,3073332,2568148,16.07,1085668,3031260,388
fog-k3s-master3,1,2026-06-05 16:36:11 UTC,11477424,14486796,1033504,6.47,123832,3073348,2568148,16.07,1085668,3031264,228
fog-k3s-master3,1,2026-06-05 16:36:12 UTC,11477676,14487056,1033244,6.46,123836,3073364,2531524,15.84,1082460,3031272,252
fog-k3s-master3,1,2026-06-05 16:36:13 UTC,11477676,14487112,1033220,6.46,123836,3073388,2531524,15.84,1082944,3031328,448
fog-k3s-master3,1,2026-06-05 16:36:14 UTC,11477172,14486636,1033700,6.47,123836,3073408,2531524,15.84,1083536,3031356,460
fog-k3s-master3,1,2026-06-05 16:36:15 UTC,11477172,14486636,1033688,6.47,123836,3073420,2531524,15.84,1083588,3031356,564
fog-k3s-master3,1,2026-06-05 16:36:16 UTC,11477172,14486636,1033660,6.47,123840,3073444,2531524,15.84,1083632,3031356,584
fog-k3s-master3,1,2026-06-05 16:36:17 UTC,11477172,14486656,1033644,6.47,123840,3073460,2531524,15.84,1083652,3031376,596
fog-k3s-master3,1,2026-06-05 16:36:18 UTC,11476948,14486484,1033856,6.47,123840,3073476,2531524,15.84,1083652,3031428,344
fog-k3s-master3,1,2026-06-05 16:36:19 UTC,11476696,14486236,1034092,6.47,123840,3073488,2531524,15.84,1083684,3031428,332
fog-k3s-master3,1,2026-06-05 16:36:20 UTC,11476696,14486244,1034072,6.47,123844,3073504,2531524,15.84,1083684,3031436,344
fog-k3s-master3,1,2026-06-05 16:36:21 UTC,11476696,14486280,1034056,6.47,123844,3073520,2531524,15.84,1083684,3031472,516
fog-k3s-master3,1,2026-06-05 16:36:22 UTC,11476696,14486300,1034036,6.47,123844,3073536,2531524,15.84,1082936,3031492,528
fog-k3s-master3,1,2026-06-05 16:36:23 UTC,11476696,14486300,1034024,6.47,123844,3073548,2531524,15.84,1078840,3031492,540
fog-k3s-master3,1,2026-06-05 16:36:24 UTC,11476444,14486080,1034256,6.47,123844,3073564,2531524,15.84,1079236,3031520,552
fog-k3s-master3,1,2026-06-05 16:36:25 UTC,11476444,14486080,1034244,6.47,123844,3073576,2531524,15.84,1079280,3031520,588
fog-k3s-master3,1,2026-06-05 16:36:26 UTC,11476444,14486108,1034256,6.47,123844,3073596,2531524,15.84,1079328,3031548,420
fog-k3s-master3,1,2026-06-05 16:36:27 UTC,11476444,14486120,1034244,6.47,123844,3073608,2531524,15.84,1079384,3031560,236
fog-k3s-master3,1,2026-06-05 16:36:28 UTC,11476444,14486144,1034220,6.47,123848,3073628,2531524,15.84,1079936,3031584,252
fog-k3s-master3,1,2026-06-05 16:36:29 UTC,11475940,14485664,1034704,6.47,123848,3073648,2531524,15.84,1079968,3031608,232
fog-k3s-master3,1,2026-06-05 16:36:30 UTC,11475940,14485672,1034696,6.47,123852,3073668,2534500,15.86,1081308,3031616,252
fog-k3s-master3,1,2026-06-05 16:36:31 UTC,11482712,14492464,1027844,6.43,123868,3073696,2531524,15.84,1079968,3031636,264
fog-k3s-master3,1,2026-06-05 16:36:32 UTC,11482208,14492016,1028332,6.43,123868,3073712,2531524,15.84,1079968,3031692,136
fog-k3s-master3,1,2026-06-05 16:36:33 UTC,11481708,14491544,1028800,6.44,123872,3073740,2531524,15.84,1079968,3031720,148
fog-k3s-master3,1,2026-06-05 16:36:34 UTC,11481708,14491564,1028784,6.44,123872,3073756,2531524,15.84,1079512,3031740,160
fog-k3s-master3,1,2026-06-05 16:36:35 UTC,11481708,14491568,1028768,6.44,123876,3073768,2531524,15.84,1079512,3031744,176
fog-k3s-master3,1,2026-06-05 16:36:36 UTC,11481484,14491376,1028972,6.44,123880,3073784,2531524,15.84,1079300,3031776,344
fog-k3s-master3,1,2026-06-05 16:36:37 UTC,11481232,14491144,1029204,6.44,123880,3073804,2531524,15.84,1079300,3031796,340
fog-k3s-master3,1,2026-06-05 16:36:38 UTC,11481232,14491160,1029184,6.44,123884,3073820,2531524,15.84,1078472,3031812,356
fog-k3s-master3,1,2026-06-05 16:36:39 UTC,11481008,14490948,1029388,6.44,123884,3073840,2531524,15.84,1078472,3031824,380
fog-k3s-master3,1,2026-06-05 16:36:40 UTC,11480756,14490712,1029616,6.44,123888,3073856,2531524,15.84,1078472,3031836,228
fog-k3s-master3,1,2026-06-05 16:36:41 UTC,11480756,14490712,1029604,6.44,123888,3073868,2531524,15.84,1078472,3031836,240
fog-k3s-master3,1,2026-06-05 16:36:42 UTC,11480756,14490760,1029588,6.44,123888,3073884,2531524,15.84,1078476,3031884,252
fog-k3s-master3,1,2026-06-05 16:36:43 UTC,11480756,14490776,1029572,6.44,123888,3073900,2531524,15.84,1079576,3031900,56
fog-k3s-master3,1,2026-06-05 16:36:44 UTC,11480756,14490808,1029536,6.44,123892,3073932,2531524,15.84,1080116,3031932,80
fog-k3s-master3,1,2026-06-05 16:36:45 UTC,11480756,14490836,1029512,6.44,123896,3073952,2531524,15.84,1080216,3031960,252
fog-k3s-master3,1,2026-06-05 16:36:46 UTC,11480756,14490848,1029500,6.44,123896,3073964,2531524,15.84,1080216,3031972,108
fog-k3s-master3,1,2026-06-05 16:36:47 UTC,11480504,14490612,1029736,6.44,123896,3073980,2531524,15.84,1080260,3031988,120
fog-k3s-master3,1,2026-06-05 16:36:48 UTC,11480504,14490628,1029716,6.44,123896,3073996,2531524,15.84,1080260,3032004,132
fog-k3s-master3,1,2026-06-05 16:36:49 UTC,11480504,14490640,1029704,6.44,123896,3074008,2531524,15.84,1080260,3032016,144
fog-k3s-master3,1,2026-06-05 16:36:50 UTC,11480504,14490664,1029676,6.44,123904,3074024,2531524,15.84,1080260,3032040,156
fog-k3s-master3,1,2026-06-05 16:36:51 UTC,11479748,14489916,1030408,6.45,123908,3074044,2531524,15.84,1080860,3032048,320
fog-k3s-master3,1,2026-06-05 16:36:52 UTC,11479748,14489944,1030396,6.45,123908,3074056,2531524,15.84,1080156,3032076,332
fog-k3s-master3,1,2026-06-05 16:36:53 UTC,11479496,14489708,1030632,6.45,123908,3074072,2531524,15.84,1080156,3032092,344
fog-k3s-master3,1,2026-06-05 16:36:54 UTC,11479244,14489460,1030868,6.45,123908,3074088,2531524,15.84,1080568,3032096,356
fog-k3s-master3,1,2026-06-05 16:36:55 UTC,11479244,14489484,1030856,6.45,123908,3074100,2531524,15.84,1080680,3032120,384
fog-k3s-master3,1,2026-06-05 16:36:56 UTC,11479244,14489484,1030848,6.45,123908,3074112,2531524,15.84,1080692,3032120,228
fog-k3s-master3,1,2026-06-05 16:36:57 UTC,11479244,14489516,1030820,6.45,123916,3074132,2531524,15.84,1080708,3032152,240
fog-k3s-master3,1,2026-06-05 16:36:58 UTC,11479244,14489532,1030804,6.45,123916,3074148,2531524,15.84,1081220,3032168,252
fog-k3s-master3,1,2026-06-05 16:36:59 UTC,11479244,14489544,1030792,6.45,123916,3074160,2531524,15.84,1081264,3032180,196
fog-k3s-master3,1,2026-06-05 16:37:00 UTC,11479244,14489556,1030776,6.45,123916,3074176,2531524,15.84,1081308,3032192,376
fog-k3s-master3,1,2026-06-05 16:37:01 UTC,11479244,14489572,1030760,6.45,123916,3074192,2531524,15.84,1081308,3032208,392
fog-k3s-master3,1,2026-06-05 16:37:02 UTC,11479244,14489596,1030748,6.45,123916,3074204,2531524,15.84,1081788,3032232,404
fog-k3s-master3,1,2026-06-05 16:37:03 UTC,11479244,14489616,1030720,6.45,123924,3074220,2531524,15.84,1081788,3032248,420
fog-k3s-master3,1,2026-06-05 16:37:04 UTC,11479244,14489640,1030700,6.45,123928,3074236,2531524,15.84,1081284,3032272,432
fog-k3s-master3,1,2026-06-05 16:37:05 UTC,11480132,14490528,1029792,6.44,123932,3074248,2531524,15.84,1081364,3032272,460
fog-k3s-master3,1,2026-06-05 16:37:06 UTC,11479880,14490288,1030020,6.44,123932,3074272,2531524,15.84,1081124,3032284,320
fog-k3s-master3,1,2026-06-05 16:37:07 UTC,11479880,14490336,1030004,6.44,123932,3074288,2531524,15.84,1081144,3032332,332
fog-k3s-master3,1,2026-06-05 16:37:08 UTC,11479628,14490088,1030240,6.45,123932,3074304,2531524,15.84,1080208,3032336,344
fog-k3s-master3,1,2026-06-05 16:37:09 UTC,11479628,14490096,1030220,6.45,123936,3074320,2531524,15.84,1080208,3032344,356
fog-k3s-master3,1,2026-06-05 16:37:10 UTC,11479628,14490136,1030204,6.45,123936,3074336,2531524,15.84,1080212,3032384,368
fog-k3s-master3,1,2026-06-05 16:37:11 UTC,11479628,14490148,1030288,6.45,123936,3074348,2531524,15.84,1080212,3032396,364
fog-k3s-master3,1,2026-06-05 16:37:12 UTC,11479628,14490148,1030276,6.45,123936,3074360,2531524,15.84,1080212,3032396,376
fog-k3s-master3,1,2026-06-05 16:37:13 UTC,11478872,14489428,1031000,6.45,123940,3074388,2531524,15.84,1081344,3032432,408
fog-k3s-master3,1,2026-06-05 16:37:14 UTC,11478872,14489456,1030976,6.45,123948,3074400,2531524,15.84,1081824,3032460,48
fog-k3s-master3,1,2026-06-05 16:37:15 UTC,11478872,14489476,1030952,6.45,123948,3074420,2531524,15.84,1082036,3032476,224
fog-k3s-master3,1,2026-06-05 16:37:16 UTC,11478872,14489476,1030924,6.45,123956,3074440,2531524,15.84,1082036,3032476,256
fog-k3s-master3,1,2026-06-05 16:37:17 UTC,11478872,14489524,1030900,6.45,123956,3074464,2531524,15.84,1082088,3032524,272
fog-k3s-master3,1,2026-06-05 16:37:18 UTC,11478872,14489552,1030880,6.45,123960,3074480,2531524,15.84,1082096,3032552,284
fog-k3s-master3,1,2026-06-05 16:37:19 UTC,11478872,14489564,1030868,6.45,123964,3074492,2531524,15.84,1082124,3032564,264
fog-k3s-master3,1,2026-06-05 16:37:20 UTC,11478872,14489588,1030840,6.45,123968,3074512,2531524,15.84,1082140,3032588,276
fog-k3s-master3,1,2026-06-05 16:37:21 UTC,11478396,14489144,1031280,6.45,123976,3074536,2531524,15.84,1082140,3032616,128
fog-k3s-master3,1,2026-06-05 16:37:22 UTC,11479400,14490160,1030264,6.45,123976,3074548,2531524,15.84,1081412,3032628,140
fog-k3s-master3,1,2026-06-05 16:37:23 UTC,11478644,14489420,1031000,6.45,123980,3074564,2531524,15.84,1081412,3032644,152
fog-k3s-master3,1,2026-06-05 16:37:24 UTC,11478644,14489444,1030984,6.45,123980,3074576,2531524,15.84,1081836,3032668,164
fog-k3s-master3,1,2026-06-05 16:37:25 UTC,11478644,14489452,1030964,6.45,123984,3074592,2531524,15.84,1081856,3032676,332
fog-k3s-master3,1,2026-06-05 16:37:26 UTC,11478644,14489452,1030952,6.45,123984,3074604,2531524,15.84,1082204,3032676,192
fog-k3s-master3,1,2026-06-05 16:37:27 UTC,11478644,14489456,1030936,6.45,123984,3074620,2531524,15.84,1081984,3032680,204
fog-k3s-master3,1,2026-06-05 16:37:28 UTC,11478644,14489460,1030932,6.45,123984,3074624,2531524,15.84,1082108,3032684,204
fog-k3s-master3,1,2026-06-05 16:37:29 UTC,11477888,14488776,1031652,6.45,123992,3074652,2531524,15.84,1082592,3032756,228
fog-k3s-master3,1,2026-06-05 16:37:30 UTC,11477888,14488792,1031620,6.45,124000,3074680,2531524,15.84,1082616,3032772,396
fog-k3s-master3,1,2026-06-05 16:37:31 UTC,11477888,14488804,1031600,6.45,124004,3074696,2531524,15.84,1082664,3032784,380
fog-k3s-master3,1,2026-06-05 16:37:32 UTC,11477888,14488804,1031588,6.45,124004,3074708,2531524,15.84,1082664,3032784,392
fog-k3s-master3,1,2026-06-05 16:37:33 UTC,11477636,14488608,1031828,6.46,124004,3074724,2531524,15.84,1082664,3032840,404
fog-k3s-master3,1,2026-06-05 16:37:34 UTC,11477912,14488884,1031540,6.45,124004,3074736,2531524,15.84,1081952,3032840,416
fog-k3s-master3,1,2026-06-05 16:37:35 UTC,11477664,14488668,1031768,6.46,124008,3074756,2531524,15.84,1082028,3032872,448
fog-k3s-master3,1,2026-06-05 16:37:36 UTC,11477664,14488676,1031720,6.46,124008,3074772,2531524,15.84,1081876,3032880,292
fog-k3s-master3,1,2026-06-05 16:37:37 UTC,11477664,14488700,1031708,6.46,124008,3074784,2531524,15.84,1081876,3032904,304
fog-k3s-master3,1,2026-06-05 16:37:38 UTC,11477188,14488236,1032164,6.46,124008,3074804,2532108,15.84,1081072,3032916,324
fog-k3s-master3,1,2026-06-05 16:37:39 UTC,11476684,14487756,1032652,6.46,124012,3074820,2531524,15.84,1081072,3032940,340
fog-k3s-master3,1,2026-06-05 16:37:40 UTC,11476684,14487772,1032640,6.46,124012,3074832,2531524,15.84,1080892,3032956,504
fog-k3s-master3,1,2026-06-05 16:37:41 UTC,11476684,14487788,1032624,6.46,124012,3074848,2531524,15.84,1080892,3032972,516
fog-k3s-master3,1,2026-06-05 16:37:42 UTC,11476684,14487800,1032612,6.46,124016,3074856,2531524,15.84,1080892,3032984,528
fog-k3s-master3,1,2026-06-05 16:37:43 UTC,11478020,14489160,1031252,6.45,124016,3074880,2531524,15.84,1081336,3033008,540
fog-k3s-master3,1,2026-06-05 16:37:44 UTC,11478020,14489192,1031220,6.45,124016,3074908,2531524,15.84,1081920,3033036,548
fog-k3s-master3,1,2026-06-05 16:37:45 UTC,11478020,14489208,1031204,6.45,124016,3074924,2531524,15.84,1082008,3033052,304
fog-k3s-master3,1,2026-06-05 16:37:46 UTC,11478020,14489208,1031192,6.45,124016,3074936,2531524,15.84,1082048,3033052,56
fog-k3s-master3,1,2026-06-05 16:37:47 UTC,11477768,14488960,1031420,6.45,124024,3074952,2531524,15.84,1082048,3033056,68
fog-k3s-master3,1,2026-06-05 16:37:48 UTC,11477768,14488960,1031420,6.45,124024,3074952,2531524,15.84,1082048,3033056,68
fog-k3s-master3,1,2026-06-05 16:37:49 UTC,11477768,14488964,1031392,6.45,124024,3074980,2531524,15.84,1082092,3033060,92
fog-k3s-master3,1,2026-06-05 16:37:50 UTC,11477768,14489024,1031380,6.45,124032,3074984,2531524,15.84,1082096,3033120,104
fog-k3s-master3,1,2026-06-05 16:37:51 UTC,11477768,14489052,1031348,6.45,124036,3075012,2531524,15.84,1082696,3033148,112
fog-k3s-master3,1,2026-06-05 16:37:52 UTC,11478024,14489324,1031076,6.45,124036,3075028,2531524,15.84,1081988,3033164,124
fog-k3s-master3,1,2026-06-05 16:37:53 UTC,11477800,14489116,1031284,6.45,124036,3075044,2531524,15.84,1081988,3033180,136
fog-k3s-master3,1,2026-06-05 16:37:54 UTC,11477308,14488636,1031764,6.46,124036,3075056,2531524,15.84,1082388,3033192,148
fog-k3s-master3,1,2026-06-05 16:37:55 UTC,11477056,14488412,1031996,6.46,124040,3075072,2531524,15.84,1082388,3033220,324
fog-k3s-master3,1,2026-06-05 16:37:56 UTC,11476552,14487908,1032484,6.46,124040,3075084,2531524,15.84,1082400,3033220,336
fog-k3s-master3,1,2026-06-05 16:37:57 UTC,11476304,14487692,1032716,6.46,124040,3075100,2531524,15.84,1076036,3033252,348
fog-k3s-master3,1,2026-06-05 16:37:58 UTC,11476304,14487708,1032700,6.46,124044,3075112,2531524,15.84,1076568,3033268,440
fog-k3s-master3,1,2026-06-05 16:37:59 UTC,11476304,14487728,1032680,6.46,124044,3075132,2531524,15.84,1076616,3033288,452
fog-k3s-master3,1,2026-06-05 16:38:00 UTC,11476304,14487732,1032660,6.46,124048,3075148,2531524,15.84,1076620,3033292,480
fog-k3s-master3,1,2026-06-05 16:38:01 UTC,11476052,14487492,1032892,6.46,124052,3075164,2531524,15.84,1076620,3033304,232
fog-k3s-master3,1,2026-06-05 16:38:02 UTC,11476052,14487528,1032888,6.46,124052,3075176,2531524,15.84,1076620,3033340,204
fog-k3s-master3,1,2026-06-05 16:38:03 UTC,11476052,14487532,1032868,6.46,124056,3075192,2531524,15.84,1076620,3033344,228
fog-k3s-master3,1,2026-06-05 16:38:04 UTC,11476052,14487532,1032856,6.46,124056,3075204,2531524,15.84,1075816,3033344,240
fog-k3s-master3,1,2026-06-05 16:38:05 UTC,11476920,14488452,1031952,6.46,124056,3075228,2531524,15.84,1076172,3033396,440
fog-k3s-master3,1,2026-06-05 16:38:06 UTC,11476672,14488220,1032148,6.46,124056,3075244,2531524,15.84,1075952,3033412,292
fog-k3s-master3,1,2026-06-05 16:38:07 UTC,11476672,14488236,1032132,6.46,124056,3075260,2531524,15.84,1076980,3033428,308
fog-k3s-master3,1,2026-06-05 16:38:08 UTC,11476672,14488252,1032116,6.46,124056,3075276,2531524,15.84,1076304,3033444,320
fog-k3s-master3,1,2026-06-05 16:38:09 UTC,11476448,14488036,1032320,6.46,124056,3075292,2531524,15.84,1076304,3033448,332
fog-k3s-master3,1,2026-06-05 16:38:10 UTC,11476196,14487784,1032556,6.46,124056,3075308,2531524,15.84,1076304,3033448,504
fog-k3s-master3,1,2026-06-05 16:38:11 UTC,11476196,14487828,1032532,6.46,124064,3075324,2531524,15.84,1076304,3033492,512
fog-k3s-master3,1,2026-06-05 16:38:12 UTC,11476196,14487828,1032532,6.46,124064,3075324,2531524,15.84,1076336,3033492,512
fog-k3s-master3,1,2026-06-05 16:38:13 UTC,11475944,14487624,1032720,6.46,124072,3075368,2531524,15.84,1078056,3033540,552
fog-k3s-master3,1,2026-06-05 16:38:14 UTC,11476196,14487908,1032440,6.46,124076,3075388,2531524,15.84,1076620,3033572,564
fog-k3s-master3,1,2026-06-05 16:38:15 UTC,11476196,14487920,1032420,6.46,124080,3075404,2531524,15.84,1077156,3033584,596
fog-k3s-master3,1,2026-06-05 16:38:16 UTC,11475720,14487444,1032804,6.46,124080,3075428,2531524,15.84,1077460,3033584,76
fog-k3s-master3,1,2026-06-05 16:38:17 UTC,11483028,14494780,1025476,6.42,124080,3075444,2531524,15.84,1078264,3033612,92
fog-k3s-master3,1,2026-06-05 16:38:18 UTC,11483028,14494800,1025472,6.42,124080,3075452,2531524,15.84,1078264,3033632,72
fog-k3s-master3,1,2026-06-05 16:38:19 UTC,11482780,14494568,1025704,6.42,124080,3075468,2531524,15.84,1078280,3033648,84
fog-k3s-master3,1,2026-06-05 16:38:20 UTC,11482304,14494096,1026176,6.42,124080,3075472,2531524,15.84,1078280,3033652,248
fog-k3s-master3,1,2026-06-05 16:38:21 UTC,11482304,14494136,1026148,6.42,124080,3075500,2531524,15.84,1078284,3033692,268
fog-k3s-master3,1,2026-06-05 16:38:22 UTC,11482052,14493900,1026384,6.42,124080,3075516,2531524,15.84,1078240,3033708,280
fog-k3s-master3,1,2026-06-05 16:38:23 UTC,11482888,14494740,1025532,6.42,124080,3075532,2531524,15.84,1078244,3033712,292
fog-k3s-master3,1,2026-06-05 16:38:24 UTC,11482888,14494740,1025520,6.42,124080,3075544,2531524,15.84,1078364,3033712,304
fog-k3s-master3,1,2026-06-05 16:38:25 UTC,11482636,14494516,1025752,6.42,124084,3075560,2531524,15.84,1078664,3033740,144
fog-k3s-master3,1,2026-06-05 16:38:26 UTC,11482636,14494516,1025744,6.42,124084,3075572,2531524,15.84,1078664,3033740,168
fog-k3s-master3,1,2026-06-05 16:38:27 UTC,11482636,14494520,1025740,6.42,124084,3075576,2531524,15.84,1078664,3033744,168
fog-k3s-master3,1,2026-06-05 16:38:28 UTC,11482384,14494324,1025964,6.42,124084,3075604,2531524,15.84,1079848,3033800,200
fog-k3s-master3,1,2026-06-05 16:38:29 UTC,11481880,14493852,1026440,6.42,124092,3075628,2531524,15.84,1079952,3033832,212
fog-k3s-master3,1,2026-06-05 16:38:30 UTC,11483116,14495088,1025192,6.41,124092,3075640,2531524,15.84,1079952,3033832,224
fog-k3s-master3,1,2026-06-05 16:38:31 UTC,11482864,14494844,1025424,6.42,124092,3075656,2531524,15.84,1079952,3033836,232
fog-k3s-master3,1,2026-06-05 16:38:32 UTC,11481872,14493852,1026388,6.42,124092,3075668,2531524,15.84,1079952,3033836,244
fog-k3s-master3,1,2026-06-05 16:38:33 UTC,11481624,14493660,1026612,6.42,124100,3075684,2531524,15.84,1079952,3033892,256
fog-k3s-master3,1,2026-06-05 16:38:34 UTC,11481624,14493684,1026588,6.42,124100,3075708,2531524,15.84,1079456,3033916,216
fog-k3s-master3,1,2026-06-05 16:38:35 UTC,11481624,14493692,1026572,6.42,124104,3075724,2531524,15.84,1079616,3033924,400
fog-k3s-master3,1,2026-06-05 16:38:36 UTC,11481372,14493444,1026808,6.42,124104,3075740,2531524,15.84,1079448,3033928,424
fog-k3s-master3,1,2026-06-05 16:38:37 UTC,11481372,14493448,1026792,6.42,124108,3075752,2531524,15.84,1079448,3033932,432
fog-k3s-master3,1,2026-06-05 16:38:38 UTC,11481372,14493448,1026780,6.42,124108,3075764,2531524,15.84,1078528,3033932,444
fog-k3s-master3,1,2026-06-05 16:38:39 UTC,11481372,14493516,1026752,6.42,124108,3075792,2531524,15.84,1078528,3034000,476
fog-k3s-master3,1,2026-06-05 16:38:40 UTC,11481372,14493528,1026740,6.42,124108,3075804,2531524,15.84,1078528,3034012,488
fog-k3s-master3,1,2026-06-05 16:38:41 UTC,11481372,14493556,1026756,6.42,124108,3075820,2531524,15.84,1078528,3034040,340
fog-k3s-master3,1,2026-06-05 16:38:42 UTC,11481148,14493348,1026960,6.43,124112,3075836,2531524,15.84,1078528,3034056,352
fog-k3s-master3,1,2026-06-05 16:38:43 UTC,11480672,14492888,1027420,6.43,124116,3075848,2534376,15.86,1080536,3034072,364
fog-k3s-master3,1,2026-06-05 16:38:44 UTC,11484028,14496260,1024032,6.41,124120,3075876,2531524,15.84,1080028,3034088,552
fog-k3s-master3,1,2026-06-05 16:38:45 UTC,11483524,14495792,1024520,6.41,124120,3075892,2531524,15.84,1080284,3034124,592
fog-k3s-master3,1,2026-06-05 16:38:46 UTC,11483524,14495792,1024508,6.41,124120,3075904,2531524,15.84,1080296,3034124,692
fog-k3s-master3,1,2026-06-05 16:38:47 UTC,11483524,14495820,1024488,6.41,124124,3075920,2531524,15.84,1080300,3034152,336
fog-k3s-master3,1,2026-06-05 16:38:48 UTC,11483524,14495820,1024476,6.41,124124,3075932,2531524,15.84,1080300,3034152,352
fog-k3s-master3,1,2026-06-05 16:38:49 UTC,11483524,14495848,1024456,6.41,124128,3075948,2531524,15.84,1080308,3034180,96
fog-k3s-master3,1,2026-06-05 16:38:50 UTC,11483524,14495864,1024440,6.41,124128,3075964,2531524,15.84,1080308,3034196,268
fog-k3s-master3,1,2026-06-05 16:38:51 UTC,11483524,14495868,1024424,6.41,124128,3075980,2531524,15.84,1080308,3034200,280
fog-k3s-master3,1,2026-06-05 16:38:52 UTC,11483524,14495872,1024404,6.41,124132,3075996,2531524,15.84,1079568,3034204,292
fog-k3s-master3,1,2026-06-05 16:38:53 UTC,11483272,14495668,1024636,6.41,124136,3076012,2531524,15.84,1079608,3034252,304
fog-k3s-master3,1,2026-06-05 16:38:54 UTC,11483272,14495688,1024624,6.41,124136,3076024,2531524,15.84,1079776,3034272,316
fog-k3s-master3,1,2026-06-05 16:38:55 UTC,11483032,14495472,1024832,6.41,124136,3076040,2531524,15.84,1080048,3034288,328
fog-k3s-master3,1,2026-06-05 16:38:56 UTC,11483032,14495484,1024820,6.41,124136,3076052,2531524,15.84,1080164,3034300,180
fog-k3s-master3,1,2026-06-05 16:38:57 UTC,11483032,14495500,1024804,6.41,124136,3076064,2531524,15.84,1080164,3034312,188
fog-k3s-master3,1,2026-06-05 16:38:58 UTC,11482780,14495264,1025036,6.41,124140,3076080,2531524,15.84,1080708,3034328,200
fog-k3s-master3,1,2026-06-05 16:38:59 UTC,11482780,14495284,1025004,6.41,124152,3076100,2531524,15.84,1080784,3034348,212
fog-k3s-master3,1,2026-06-05 16:39:00 UTC,11482780,14495284,1024992,6.41,124152,3076112,2531524,15.84,1080784,3034348,384
fog-k3s-master3,1,2026-06-05 16:39:01 UTC,11482780,14495288,1024972,6.41,124152,3076128,2531524,15.84,1080784,3034352,396
fog-k3s-master3,1,2026-06-05 16:39:02 UTC,11482528,14495100,1025200,6.41,124156,3076144,2531524,15.84,1080784,3034412,408
fog-k3s-master3,1,2026-06-05 16:39:03 UTC,11482528,14495116,1025176,6.41,124164,3076160,2531524,15.84,1080784,3034428,420
fog-k3s-master3,1,2026-06-05 16:39:04 UTC,11482528,14495136,1025164,6.41,124164,3076172,2531524,15.84,1079912,3034448,432
fog-k3s-master3,1,2026-06-05 16:39:05 UTC,11483360,14495996,1024288,6.41,124172,3076200,2531524,15.84,1080204,3034476,284
fog-k3s-master3,1,2026-06-05 16:39:06 UTC,11481404,14494040,1026232,6.42,124172,3076212,2531524,15.84,1079996,3034476,240
fog-k3s-master3,1,2026-06-05 16:39:07 UTC,11481404,14494076,1026212,6.42,124176,3076228,2531524,15.84,1079996,3034512,272
fog-k3s-master3,1,2026-06-05 16:39:08 UTC,11476644,14489328,1030960,6.45,124176,3076240,2531524,15.84,1079444,3034524,284
fog-k3s-master3,1,2026-06-05 16:39:09 UTC,11476644,14489340,1030932,6.45,124184,3076256,2531524,15.84,1079228,3034536,304
fog-k3s-master3,1,2026-06-05 16:39:10 UTC,11476644,14489344,1030916,6.45,124184,3076272,2531524,15.84,1079228,3034540,460
fog-k3s-master3,1,2026-06-05 16:39:11 UTC,11476644,14489388,1030900,6.45,124184,3076288,2531524,15.84,1079228,3034584,336
fog-k3s-master3,1,2026-06-05 16:39:12 UTC,11476644,14489388,1030900,6.45,124184,3076288,2531524,15.84,1079228,3034584,336
fog-k3s-master3,1,2026-06-05 16:39:13 UTC,11476644,14489428,1030848,6.45,124192,3076328,2531524,15.84,1080356,3034624,372
fog-k3s-master3,1,2026-06-05 16:39:14 UTC,11476644,14489440,1030832,6.45,124192,3076340,2531524,15.84,1080412,3034636,380
fog-k3s-master3,1,2026-06-05 16:39:15 UTC,11476644,14489444,1030828,6.45,124192,3076344,2531524,15.84,1080472,3034640,380
fog-k3s-master3,1,2026-06-05 16:39:16 UTC,11476644,14489472,1030776,6.45,124196,3076384,2531524,15.84,1080940,3034668,568
fog-k3s-master3,1,2026-06-05 16:39:17 UTC,11476392,14489224,1031012,6.45,124200,3076396,2531524,15.84,1081288,3034672,576
fog-k3s-master3,1,2026-06-05 16:39:18 UTC,11476392,14489256,1031000,6.45,124200,3076408,2531524,15.84,1081344,3034704,220
fog-k3s-master3,1,2026-06-05 16:39:19 UTC,11476392,14489276,1030984,6.45,124200,3076424,2531524,15.84,1081376,3034724,212
fog-k3s-master3,1,2026-06-05 16:39:20 UTC,11476392,14489300,1030972,6.45,124204,3076432,2531524,15.84,1080096,3034748,224
fog-k3s-master3,1,2026-06-05 16:39:21 UTC,11476392,14489312,1030916,6.45,124208,3076456,2531524,15.84,1080100,3034760,88
fog-k3s-master3,1,2026-06-05 16:39:22 UTC,11476140,14489088,1031156,6.45,124208,3076468,2531524,15.84,1079392,3034788,100
fog-k3s-master3,1,2026-06-05 16:39:23 UTC,11479004,14491972,1028268,6.43,124212,3076488,2531524,15.84,1079392,3034808,112
fog-k3s-master3,1,2026-06-05 16:39:24 UTC,11479076,14492048,1028184,6.43,124212,3076500,2531524,15.84,1079392,3034812,124
fog-k3s-master3,1,2026-06-05 16:39:25 UTC,11478824,14491800,1028416,6.43,124216,3076516,2531780,15.84,1079896,3034816,292
fog-k3s-master3,1,2026-06-05 16:39:26 UTC,11478824,14491804,1028404,6.43,124216,3076528,2531780,15.84,1079932,3034820,300
fog-k3s-master3,1,2026-06-05 16:39:27 UTC,11478824,14491816,1028380,6.43,124220,3076544,2531780,15.84,1079952,3034828,312
fog-k3s-master3,1,2026-06-05 16:39:28 UTC,11478824,14491880,1028356,6.43,124228,3076560,2531780,15.84,1080500,3034892,324
fog-k3s-master3,1,2026-06-05 16:39:29 UTC,11478320,14491416,1028824,6.44,124240,3076580,2531780,15.84,1080576,3034932,336
fog-k3s-master3,1,2026-06-05 16:39:30 UTC,11478320,14491416,1028824,6.44,124240,3076580,2531780,15.84,1080576,3034932,352
fog-k3s-master3,1,2026-06-05 16:39:31 UTC,11478068,14491188,1029048,6.44,124244,3076604,2531780,15.84,1080576,3034956,208
fog-k3s-master3,1,2026-06-05 16:39:32 UTC,11478068,14491208,1029032,6.44,124244,3076620,2531780,15.84,1080576,3034976,220
fog-k3s-master3,1,2026-06-05 16:39:33 UTC,11478068,14491228,1029000,6.44,124256,3076640,2531780,15.84,1080576,3034996,232
fog-k3s-master3,1,2026-06-05 16:39:34 UTC,11478068,14491240,1028988,6.44,124256,3076652,2531780,15.84,1079756,3035008,244
fog-k3s-master3,1,2026-06-05 16:39:35 UTC,11478068,14491276,1028964,6.44,124264,3076668,2531780,15.84,1080096,3035044,412
fog-k3s-master3,1,2026-06-05 16:39:36 UTC,11478068,14491288,1028944,6.44,124268,3076680,2531780,15.84,1079900,3035056,260
fog-k3s-master3,1,2026-06-05 16:39:37 UTC,11477368,14490608,1029624,6.44,124272,3076696,2531780,15.84,1080260,3035076,276
fog-k3s-master3,1,2026-06-05 16:39:38 UTC,11482928,14496172,1024040,6.41,124272,3076720,2531780,15.84,1079348,3035080,256
fog-k3s-master3,1,2026-06-05 16:39:39 UTC,11482680,14495964,1024268,6.41,124276,3076736,2531780,15.84,1079348,3035120,284
fog-k3s-master3,1,2026-06-05 16:39:40 UTC,11482680,14495976,1024256,6.41,124276,3076748,2531780,15.84,1079348,3035132,456
fog-k3s-master3,1,2026-06-05 16:39:41 UTC,11482176,14495496,1024740,6.41,124280,3076764,2531780,15.84,1079348,3035156,480
fog-k3s-master3,1,2026-06-05 16:39:42 UTC,11481952,14495292,1024944,6.41,124280,3076780,2531780,15.84,1079348,3035172,492
fog-k3s-master3,1,2026-06-05 16:39:43 UTC,11481700,14495060,1025168,6.41,124288,3076800,2531780,15.84,1080024,3035192,504
fog-k3s-master3,1,2026-06-05 16:39:44 UTC,11484776,14498160,1022072,6.39,124292,3076816,2531780,15.84,1080024,3035216,628
fog-k3s-master3,1,2026-06-05 16:39:45 UTC,11483772,14497172,1023064,6.40,124292,3076828,2531780,15.84,1080496,3035232,652
fog-k3s-master3,1,2026-06-05 16:39:46 UTC,11483772,14497192,1023044,6.40,124296,3076844,2531780,15.84,1080540,3035252,408
fog-k3s-master3,1,2026-06-05 16:39:47 UTC,11483772,14497196,1023024,6.40,124300,3076860,2531780,15.84,1080540,3035256,420
fog-k3s-master3,1,2026-06-05 16:39:48 UTC,11483772,14497196,1023012,6.40,124300,3076872,2531780,15.84,1080560,3035256,432
fog-k3s-master3,1,2026-06-05 16:39:49 UTC,11483772,14497240,1022988,6.40,124308,3076888,2531780,15.84,1080560,3035300,68
fog-k3s-master3,1,2026-06-05 16:39:50 UTC,11483520,14497000,1023228,6.40,124308,3076900,2531780,15.84,1080560,3035312,236
fog-k3s-master3,1,2026-06-05 16:39:51 UTC,11483520,14497012,1023196,6.40,124320,3076920,2531780,15.84,1080560,3035324,248
fog-k3s-master3,1,2026-06-05 16:39:52 UTC,11483520,14497032,1023176,6.40,124324,3076936,2531780,15.84,1079876,3035344,260
fog-k3s-master3,1,2026-06-05 16:39:53 UTC,11483016,14496536,1023660,6.40,124328,3076952,2531780,15.84,1079876,3035352,272
fog-k3s-master3,1,2026-06-05 16:39:54 UTC,11483016,14496584,1023644,6.40,124328,3076964,2531780,15.84,1079876,3035400,284
fog-k3s-master3,1,2026-06-05 16:39:55 UTC,11482764,14496352,1023872,6.41,124336,3076980,2531780,15.84,1080312,3035420,304
fog-k3s-master3,1,2026-06-05 16:39:56 UTC,11481784,14495372,1024852,6.41,124336,3076980,2532636,15.85,1080572,3035420,304
fog-k3s-master3,1,2026-06-05 16:39:57 UTC,11481532,14495152,1025076,6.41,124340,3077004,2531780,15.84,1080172,3035452,152
fog-k3s-master3,1,2026-06-05 16:39:58 UTC,11481532,14495176,1025056,6.41,124344,3077020,2531780,15.84,1080704,3035476,164
fog-k3s-master3,1,2026-06-05 16:39:59 UTC,11481532,14495200,1025028,6.41,124352,3077040,2531780,15.84,1080752,3035500,176
fog-k3s-master3,1,2026-06-05 16:40:00 UTC,11481532,14495204,1025016,6.41,124352,3077052,2531780,15.84,1080752,3035504,192
fog-k3s-master3,1,2026-06-05 16:40:01 UTC,11481532,14495208,1025028,6.41,124356,3077068,2531780,15.84,1080752,3035508,204
fog-k3s-master3,1,2026-06-05 16:40:02 UTC,11481532,14495212,1025008,6.41,124360,3077084,2531780,15.84,1080752,3035512,216
fog-k3s-master3,1,2026-06-05 16:40:03 UTC,11481532,14495212,1024996,6.41,124364,3077092,2531780,15.84,1080752,3035512,228
fog-k3s-master3,1,2026-06-05 16:40:04 UTC,11482632,14496388,1023876,6.41,124364,3077112,2531780,15.84,1079796,3035588,244
fog-k3s-master3,1,2026-06-05 16:40:05 UTC,11482772,14496548,1023700,6.41,124368,3077136,2531780,15.84,1080096,3035604,428
fog-k3s-master3,1,2026-06-05 16:40:06 UTC,11482300,14496104,1024148,6.41,124376,3077152,2531780,15.84,1079972,3035632,436
fog-k3s-master3,1,2026-06-05 16:40:07 UTC,11482300,14496128,1024128,6.41,124380,3077168,2531780,15.84,1079972,3035656,448
fog-k3s-master3,1,2026-06-05 16:40:08 UTC,11482300,14496140,1024116,6.41,124380,3077180,2531780,15.84,1079224,3035668,460
fog-k3s-master3,1,2026-06-05 16:40:09 UTC,11482300,14496156,1024096,6.41,124384,3077196,2531780,15.84,1079224,3035684,468
fog-k3s-master3,1,2026-06-05 16:40:10 UTC,11482300,14496156,1024084,6.41,124384,3077208,2531780,15.84,1079224,3035684,268
fog-k3s-master3,1,2026-06-05 16:40:11 UTC,11482048,14495912,1024316,6.41,124384,3077224,2531780,15.84,1079224,3035688,304
fog-k3s-master3,1,2026-06-05 16:40:12 UTC,11482048,14495916,1024296,6.41,124388,3077240,2531780,15.84,1079224,3035692,320
fog-k3s-master3,1,2026-06-05 16:40:13 UTC,11481544,14495480,1024756,6.41,124404,3077268,2531780,15.84,1079752,3035760,344
fog-k3s-master3,1,2026-06-05 16:40:14 UTC,11481044,14495028,1025228,6.41,124412,3077284,2531780,15.84,1079752,3035808,356
fog-k3s-master3,1,2026-06-05 16:40:15 UTC,11481044,14495032,1025208,6.41,124416,3077300,2531780,15.84,1080228,3035812,520
fog-k3s-master3,1,2026-06-05 16:40:16 UTC,11481044,14495032,1025184,6.41,124416,3077324,2531780,15.84,1080232,3035812,388
fog-k3s-master3,1,2026-06-05 16:40:17 UTC,11481044,14495056,1025168,6.41,124420,3077340,2531780,15.84,1080312,3035836,400
fog-k3s-master3,1,2026-06-05 16:40:18 UTC,11480792,14494812,1025404,6.42,124420,3077352,2531780,15.84,1080312,3035840,412
fog-k3s-master3,1,2026-06-05 16:40:19 UTC,11480792,14494872,1025380,6.42,124428,3077368,2531780,15.84,1080316,3035900,396
fog-k3s-master3,1,2026-06-05 16:40:20 UTC,11480792,14494872,1025368,6.42,124428,3077380,2531780,15.84,1080316,3035900,408
fog-k3s-master3,1,2026-06-05 16:40:21 UTC,11480568,14494700,1025560,6.42,124440,3077400,2531780,15.84,1080320,3035952,204
fog-k3s-master3,1,2026-06-05 16:40:22 UTC,11480316,14494468,1025792,6.42,124444,3077416,2531780,15.84,1079656,3035972,220
fog-k3s-master3,1,2026-06-05 16:40:23 UTC,11478300,14492476,1027784,6.43,124448,3077436,2531780,15.84,1079656,3035996,384
fog-k3s-master3,1,2026-06-05 16:40:24 UTC,11478300,14492476,1027772,6.43,124448,3077448,2531780,15.84,1079656,3035996,396
fog-k3s-master3,1,2026-06-05 16:40:25 UTC,11478048,14492256,1028004,6.43,124452,3077464,2531780,15.84,1080120,3036028,420
fog-k3s-master3,1,2026-06-05 16:40:26 UTC,11478048,14492268,1027948,6.43,124460,3077480,2531780,15.84,1080164,3036040,124
fog-k3s-master3,1,2026-06-05 16:40:27 UTC,11478048,14492272,1027924,6.43,124468,3077496,2531780,15.84,1080168,3036044,136
fog-k3s-master3,1,2026-06-05 16:40:28 UTC,11478048,14492312,1027904,6.43,124472,3077512,2531780,15.84,1080656,3036084,144
fog-k3s-master3,1,2026-06-05 16:40:29 UTC,11477544,14491844,1028380,6.43,124476,3077532,2531780,15.84,1080772,3036120,156
fog-k3s-master3,1,2026-06-05 16:40:30 UTC,11477544,14491864,1028360,6.43,124480,3077548,2531780,15.84,1080772,3036140,328
fog-k3s-master3,1,2026-06-05 16:40:31 UTC,11477544,14491868,1028332,6.43,124488,3077564,2531780,15.84,1080776,3036144,344
fog-k3s-master3,1,2026-06-05 16:40:32 UTC,11477544,14491876,1028320,6.43,124488,3077576,2531780,15.84,1080776,3036152,356
fog-k3s-master3,1,2026-06-05 16:40:33 UTC,11477544,14491924,1028296,6.43,124496,3077592,2531780,15.84,1080776,3036200,368
fog-k3s-master3,1,2026-06-05 16:40:34 UTC,11476536,14490932,1029284,6.44,124500,3077608,2531780,15.84,1080328,3036216,380
fog-k3s-master3,1,2026-06-05 16:40:35 UTC,11476536,14490948,1029272,6.44,124500,3077620,2531780,15.84,1080656,3036232,388
fog-k3s-master3,1,2026-06-05 16:40:36 UTC,11476284,14490704,1029504,6.44,124504,3077632,2531780,15.84,1080688,3036236,236
fog-k3s-master3,1,2026-06-05 16:40:37 UTC,11476284,14490728,1029480,6.44,124512,3077648,2531780,15.84,1080464,3036260,248
fog-k3s-master3,1,2026-06-05 16:40:38 UTC,11476284,14490732,1029460,6.44,124516,3077664,2531780,15.84,1079528,3036264,260
fog-k3s-master3,1,2026-06-05 16:40:39 UTC,11476284,14490756,1029436,6.44,124516,3077688,2531780,15.84,1079528,3036288,284
fog-k3s-master3,1,2026-06-05 16:40:40 UTC,11476284,14490756,1029424,6.44,124516,3077700,2531780,15.84,1079528,3036288,296
fog-k3s-master3,1,2026-06-05 16:40:41 UTC,11476284,14490816,1029392,6.44,124524,3077724,2531780,15.84,1079528,3036348,264
fog-k3s-master3,1,2026-06-05 16:40:42 UTC,11476284,14490832,1029368,6.44,124532,3077740,2531780,15.84,1079528,3036364,288
fog-k3s-master3,1,2026-06-05 16:40:43 UTC,11475528,14490112,1030104,6.45,124536,3077756,2531780,15.84,1080312,3036400,300
fog-k3s-master3,1,2026-06-05 16:40:44 UTC,11479628,14494236,1025972,6.42,124544,3077776,2531780,15.84,1080300,3036424,504
fog-k3s-master3,1,2026-06-05 16:40:45 UTC,11479128,14493760,1026452,6.42,124548,3077792,2531780,15.84,1080900,3036448,632
fog-k3s-master3,1,2026-06-05 16:40:46 UTC,11479128,14493772,1026440,6.42,124548,3077804,2531780,15.84,1080900,3036460,636
fog-k3s-master3,1,2026-06-05 16:40:47 UTC,11478876,14493532,1026680,6.42,124552,3077812,2531780,15.84,1080972,3036472,648
fog-k3s-master3,1,2026-06-05 16:40:48 UTC,11478120,14492784,1027420,6.43,124552,3077832,2531780,15.84,1080988,3036480,668
fog-k3s-master3,1,2026-06-05 16:40:49 UTC,11478120,14492824,1027396,6.43,124560,3077848,2531780,15.84,1080992,3036520,420
fog-k3s-master3,1,2026-06-05 16:40:50 UTC,11478120,14492836,1027384,6.43,124560,3077860,2531780,15.84,1080992,3036532,576
fog-k3s-master3,1,2026-06-05 16:40:51 UTC,11478120,14492864,1027356,6.43,124572,3077876,2531780,15.84,1080992,3036560,592
fog-k3s-master3,1,2026-06-05 16:40:52 UTC,11477868,14492624,1027584,6.43,124576,3077896,2531780,15.84,1080224,3036572,344
fog-k3s-master3,1,2026-06-05 16:40:53 UTC,11477392,14492176,1028040,6.43,124580,3077912,2531780,15.84,1080224,3036600,248
fog-k3s-master3,1,2026-06-05 16:40:54 UTC,11477392,14492192,1028028,6.43,124580,3077924,2531780,15.84,1080228,3036616,260
fog-k3s-master3,1,2026-06-05 16:40:55 UTC,11477168,14491980,1028240,6.43,124580,3077936,2531780,15.84,1080760,3036628,108
fog-k3s-master3,1,2026-06-05 16:40:56 UTC,11477168,14491980,1028232,6.43,124580,3077948,2531780,15.84,1080760,3036628,116
fog-k3s-master3,1,2026-06-05 16:40:57 UTC,11477168,14492012,1028204,6.43,124588,3077964,2531780,15.84,1080780,3036656,136
fog-k3s-master3,1,2026-06-05 16:40:58 UTC,11477168,14492036,1028188,6.43,124588,3077980,2531780,15.84,1081332,3036680,148
fog-k3s-master3,1,2026-06-05 16:40:59 UTC,11477168,14492048,1028164,6.43,124592,3078000,2531780,15.84,1081364,3036692,160
fog-k3s-master3,1,2026-06-05 16:41:00 UTC,11477168,14492048,1028152,6.43,124592,3078012,2531780,15.84,1081376,3036692,176
fog-k3s-master3,1,2026-06-05 16:41:01 UTC,11477168,14492088,1028136,6.43,124596,3078024,2531780,15.84,1081376,3036732,188
fog-k3s-master3,1,2026-06-05 16:41:02 UTC,11476664,14491592,1028616,6.44,124596,3078044,2531780,15.84,1081380,3036740,200
fog-k3s-master3,1,2026-06-05 16:41:03 UTC,11476664,14491620,1028596,6.44,124600,3078060,2531780,15.84,1081380,3036768,212
fog-k3s-master3,1,2026-06-05 16:41:04 UTC,11476664,14491624,1028584,6.44,124600,3078072,2531780,15.84,1080500,3036772,224
fog-k3s-master3,1,2026-06-05 16:41:05 UTC,11478784,14493772,1026436,6.42,124604,3078096,2531780,15.84,1080832,3036800,416
fog-k3s-master3,1,2026-06-05 16:41:06 UTC,11478532,14493544,1026668,6.42,124608,3078112,2531780,15.84,1080804,3036824,424
fog-k3s-master3,1,2026-06-05 16:41:07 UTC,11478532,14493560,1026652,6.42,124612,3078124,2531780,15.84,1080804,3036840,436
fog-k3s-master3,1,2026-06-05 16:41:08 UTC,11478532,14493572,1026636,6.42,124612,3078140,2531780,15.84,1079940,3036852,448
fog-k3s-master3,1,2026-06-05 16:41:09 UTC,11478532,14493596,1026612,6.42,124616,3078156,2531780,15.84,1079940,3036872,460
fog-k3s-master3,1,2026-06-05 16:41:10 UTC,11478280,14493344,1026848,6.42,124616,3078172,2531780,15.84,1079940,3036872,484
fog-k3s-master3,1,2026-06-05 16:41:11 UTC,11478280,14493368,1026864,6.42,124616,3078188,2531780,15.84,1079940,3036896,312
fog-k3s-master3,1,2026-06-05 16:41:12 UTC,11478280,14493396,1026836,6.42,124624,3078204,2531780,15.84,1079940,3036924,324
fog-k3s-master3,1,2026-06-05 16:41:13 UTC,11477776,14492940,1027308,6.43,124632,3078228,2531780,15.84,1080484,3036972,352
fog-k3s-master3,1,2026-06-05 16:41:14 UTC,11477776,14492956,1027280,6.43,124636,3078252,2531780,15.84,1080504,3036988,364
fog-k3s-master3,1,2026-06-05 16:41:15 UTC,11477272,14492476,1027764,6.43,124648,3078256,2531780,15.84,1081016,3037012,372
fog-k3s-master3,1,2026-06-05 16:41:16 UTC,11476768,14491980,1028232,6.43,124648,3078292,2531780,15.84,1081064,3037020,552
fog-k3s-master3,1,2026-06-05 16:41:17 UTC,11476768,14491992,1028220,6.43,124656,3078296,2531780,15.84,1081104,3037032,488
fog-k3s-master3,1,2026-06-05 16:41:18 UTC,11476768,14492040,1028196,6.43,124656,3078320,2531780,15.84,1081112,3037080,508
fog-k3s-master3,1,2026-06-05 16:41:19 UTC,11476768,14492056,1028176,6.43,124660,3078336,2531780,15.84,1081112,3037096,528
fog-k3s-master3,1,2026-06-05 16:41:20 UTC,11484640,14499944,1020288,6.38,124660,3078352,2531780,15.84,1081084,3037112,396
fog-k3s-master3,1,2026-06-05 16:41:21 UTC,11484140,14499464,1020764,6.39,124664,3078372,2531780,15.84,1081132,3037132,440
fog-k3s-master3,1,2026-06-05 16:41:22 UTC,11483164,14498524,1021716,6.39,124668,3078388,2531780,15.84,1080432,3037164,452
fog-k3s-master3,1,2026-06-05 16:41:23 UTC,11482212,14497576,1022656,6.40,124668,3078400,2531780,15.84,1080432,3037168,464
fog-k3s-master3,1,2026-06-05 16:41:24 UTC,11481960,14497352,1022888,6.40,124672,3078416,2531780,15.84,1080540,3037196,80
fog-k3s-master3,1,2026-06-05 16:41:25 UTC,11481960,14497376,1022872,6.40,124676,3078432,2531780,15.84,1080960,3037220,256
fog-k3s-master3,1,2026-06-05 16:41:26 UTC,11481960,14497376,1022860,6.40,124676,3078444,2531780,15.84,1080960,3037220,104
fog-k3s-master3,1,2026-06-05 16:41:27 UTC,11481960,14497392,1022844,6.40,124676,3078460,2531780,15.84,1081016,3037236,116
fog-k3s-master3,1,2026-06-05 16:41:28 UTC,11481708,14497172,1023076,6.40,124680,3078476,2531780,15.84,1081588,3037268,128
fog-k3s-master3,1,2026-06-05 16:41:29 UTC,11481204,14496684,1023596,6.40,124680,3078492,2531780,15.84,1081628,3037284,140
fog-k3s-master3,1,2026-06-05 16:41:30 UTC,11480980,14496464,1023800,6.41,124684,3078508,2531780,15.84,1081628,3037288,316
fog-k3s-master3,1,2026-06-05 16:41:31 UTC,11480980,14496488,1023816,6.41,124688,3078520,2531780,15.84,1081628,3037312,304
fog-k3s-master3,1,2026-06-05 16:41:32 UTC,11480980,14496512,1023796,6.41,124688,3078536,2531780,15.84,1081628,3037336,316
fog-k3s-master3,1,2026-06-05 16:41:33 UTC,11480980,14496512,1023776,6.41,124692,3078548,2531780,15.84,1081628,3037336,328
fog-k3s-master3,1,2026-06-05 16:41:34 UTC,11480980,14496544,1023764,6.41,124692,3078564,2531780,15.84,1080784,3037368,340
fog-k3s-master3,1,2026-06-05 16:41:35 UTC,11480732,14496304,1023996,6.41,124696,3078576,2531780,15.84,1081064,3037376,208
fog-k3s-master3,1,2026-06-05 16:41:36 UTC,11480732,14496328,1023976,6.41,124700,3078592,2531780,15.84,1080936,3037400,216
fog-k3s-master3,1,2026-06-05 16:41:37 UTC,11480480,14496092,1024208,6.41,124700,3078608,2531780,15.84,1080936,3037416,228
fog-k3s-master3,1,2026-06-05 16:41:38 UTC,11480480,14496108,1024184,6.41,124700,3078632,2531780,15.84,1080184,3037432,252
fog-k3s-master3,1,2026-06-05 16:41:39 UTC,11480480,14496132,1024164,6.41,124704,3078644,2531780,15.84,1080184,3037456,264
fog-k3s-master3,1,2026-06-05 16:41:40 UTC,11480480,14496144,1024160,6.41,124704,3078660,2531780,15.84,1080184,3037468,444
fog-k3s-master3,1,2026-06-05 16:41:41 UTC,11480480,14496156,1024148,6.41,124704,3078672,2531780,15.84,1080184,3037480,292
fog-k3s-master3,1,2026-06-05 16:41:42 UTC,11480480,14496160,1024132,6.41,124704,3078688,2531780,15.84,1080184,3037484,304
fog-k3s-master3,1,2026-06-05 16:41:43 UTC,11480480,14496220,1024092,6.41,124716,3078716,2531780,15.84,1080664,3037544,316
fog-k3s-master3,1,2026-06-05 16:41:44 UTC,11480480,14496264,1024036,6.41,124736,3078752,2531780,15.84,1080772,3037588,316
fog-k3s-master3,1,2026-06-05 16:41:45 UTC,11480480,14496284,1024016,6.41,124740,3078772,2531780,15.84,1081128,3037608,492
fog-k3s-master3,1,2026-06-05 16:41:46 UTC,11480480,14496316,1023976,6.41,124752,3078800,2531780,15.84,1081292,3037640,500
fog-k3s-master3,1,2026-06-05 16:41:47 UTC,11480228,14496084,1024208,6.41,124756,3078812,2531780,15.84,1081332,3037656,512
fog-k3s-master3,1,2026-06-05 16:41:48 UTC,11480228,14496088,1024192,6.41,124756,3078828,2531780,15.84,1081332,3037660,452
fog-k3s-master3,1,2026-06-05 16:41:49 UTC,11480228,14496096,1024172,6.41,124760,3078844,2531780,15.84,1081332,3037668,476
fog-k3s-master3,1,2026-06-05 16:41:50 UTC,11480228,14496100,1024160,6.41,124760,3078856,2531780,15.84,1081332,3037672,488
fog-k3s-master3,1,2026-06-05 16:41:51 UTC,11480228,14496176,1024132,6.41,124768,3078872,2531780,15.84,1081332,3037748,352
fog-k3s-master3,1,2026-06-05 16:41:52 UTC,11479980,14495944,1024360,6.41,124768,3078892,2531780,15.84,1080648,3037764,364
fog-k3s-master3,1,2026-06-05 16:41:53 UTC,11479728,14495712,1024600,6.41,124768,3078904,2531780,15.84,1080648,3037784,376
fog-k3s-master3,1,2026-06-05 16:41:54 UTC,11480148,14496140,1024172,6.41,124768,3078912,2534632,15.86,1081884,3037792,388
fog-k3s-master3,1,2026-06-05 16:41:55 UTC,11482684,14498692,1021620,6.39,124768,3078928,2531780,15.84,1081168,3037808,404
fog-k3s-master3,1,2026-06-05 16:41:56 UTC,11482684,14498696,1021604,6.39,124768,3078944,2531780,15.84,1081224,3037812,328
fog-k3s-master3,1,2026-06-05 16:41:57 UTC,11482460,14498496,1021816,6.39,124768,3078956,2531780,15.84,1081224,3037836,352
fog-k3s-master3,1,2026-06-05 16:41:58 UTC,11483004,14499072,1021236,6.39,124792,3078968,2531780,15.84,1081788,3037868,380
fog-k3s-master3,1,2026-06-05 16:41:59 UTC,11482640,14499144,1021112,6.39,125204,3079028,2531780,15.84,1081912,3038296,392
fog-k3s-master3,1,2026-06-05 16:42:00 UTC,11482640,14499144,1021100,6.39,125204,3079040,2531780,15.84,1081912,3038296,132
fog-k3s-master3,1,2026-06-05 16:42:01 UTC,11482388,14498896,1021232,6.39,125212,3079056,2531780,15.84,1081912,3038300,152
fog-k3s-master3,1,2026-06-05 16:42:02 UTC,11482388,14498952,1021220,6.39,125212,3079068,2531780,15.84,1081912,3038356,164
fog-k3s-master3,1,2026-06-05 16:42:03 UTC,11482388,14498956,1021200,6.39,125220,3079084,2531780,15.84,1081912,3038360,176
fog-k3s-master3,1,2026-06-05 16:42:04 UTC,11482388,14499028,1021184,6.39,125220,3079100,2531780,15.84,1080984,3038432,188
fog-k3s-master3,1,2026-06-05 16:42:05 UTC,11482268,14498908,1021280,6.39,125220,3079124,2531780,15.84,1081476,3038432,384
fog-k3s-master3,1,2026-06-05 16:42:06 UTC,11481768,14498420,1021756,6.39,125224,3079144,2531780,15.84,1081348,3038444,232
fog-k3s-master3,1,2026-06-05 16:42:07 UTC,11481768,14498468,1021744,6.39,125224,3079156,2531780,15.84,1081348,3038492,244
fog-k3s-master3,1,2026-06-05 16:42:08 UTC,11481768,14498472,1021728,6.39,125224,3079172,2531780,15.84,1080348,3038496,256
fog-k3s-master3,1,2026-06-05 16:42:09 UTC,11481768,14498488,1021712,6.39,125224,3079188,2531780,15.84,1080348,3038512,252
fog-k3s-master3,1,2026-06-05 16:42:10 UTC,11481768,14498516,1021692,6.39,125228,3079204,2531780,15.84,1080348,3038540,432
fog-k3s-master3,1,2026-06-05 16:42:11 UTC,11481768,14498524,1021676,6.39,125228,3079216,2531780,15.84,1080348,3038544,440
fog-k3s-master3,1,2026-06-05 16:42:12 UTC,11479528,14496320,1023892,6.41,125236,3079232,2531780,15.84,1080348,3038580,552
fog-k3s-master3,1,2026-06-05 16:42:13 UTC,11479528,14496332,1023872,6.41,125244,3079244,2531780,15.84,1080756,3038592,592
fog-k3s-master3,1,2026-06-05 16:42:14 UTC,11479276,14496112,1024088,6.41,125248,3079272,2531780,15.84,1080852,3038624,600
fog-k3s-master3,1,2026-06-05 16:42:15 UTC,11479024,14495884,1024320,6.41,125248,3079288,2531780,15.84,1081312,3038648,616
fog-k3s-master3,1,2026-06-05 16:42:16 UTC,11479024,14495900,1024316,6.41,125252,3079316,2531780,15.84,1081480,3038664,380
fog-k3s-master3,1,2026-06-05 16:42:17 UTC,11479024,14495900,1024304,6.41,125252,3079328,2531780,15.84,1081504,3038664,388
fog-k3s-master3,1,2026-06-05 16:42:18 UTC,11478772,14495696,1024552,6.41,125256,3079344,2531780,15.84,1081524,3038708,376
fog-k3s-master3,1,2026-06-05 16:42:19 UTC,11478772,14495708,1024540,6.41,125256,3079356,2531780,15.84,1081524,3038720,364
fog-k3s-master3,1,2026-06-05 16:42:20 UTC,11478772,14495708,1024540,6.41,125256,3079356,2531780,15.84,1081524,3038720,364
fog-k3s-master3,1,2026-06-05 16:42:21 UTC,11478772,14495744,1024508,6.41,125256,3079388,2531780,15.84,1081532,3038756,572
fog-k3s-master3,1,2026-06-05 16:42:22 UTC,11478520,14495508,1024744,6.41,125256,3079404,2531780,15.84,1080796,3038772,584
fog-k3s-master3,1,2026-06-05 16:42:23 UTC,11481648,14498656,1021596,6.39,125260,3079420,2531780,15.84,1080812,3038792,596
fog-k3s-master3,1,2026-06-05 16:42:24 UTC,11481292,14498304,1021932,6.39,125264,3079436,2531780,15.84,1080812,3038796,608
fog-k3s-master3,1,2026-06-05 16:42:25 UTC,11481292,14498332,1021952,6.39,125264,3079448,2531780,15.84,1081172,3038824,388
fog-k3s-master3,1,2026-06-05 16:42:26 UTC,11481292,14498336,1021932,6.39,125272,3079460,2531780,15.84,1081188,3038828,564
fog-k3s-master3,1,2026-06-05 16:42:27 UTC,11481040,14498120,1022144,6.40,125280,3079488,2531780,15.84,1081388,3038864,200
fog-k3s-master3,1,2026-06-05 16:42:28 UTC,11480536,14497644,1022636,6.40,125284,3079496,2531780,15.84,1081824,3038892,216
fog-k3s-master3,1,2026-06-05 16:42:29 UTC,11479528,14496668,1023604,6.40,125288,3079532,2531780,15.84,1081900,3038924,228
fog-k3s-master3,1,2026-06-05 16:42:30 UTC,11483940,14501100,1019180,6.38,125292,3079540,2531780,15.84,1081900,3038944,252
fog-k3s-master3,1,2026-06-05 16:42:31 UTC,11483940,14501108,1019192,6.38,125292,3079560,2531780,15.84,1081900,3038952,84
fog-k3s-master3,1,2026-06-05 16:42:32 UTC,11483940,14501144,1019168,6.38,125300,3079576,2531780,15.84,1081928,3038988,96
fog-k3s-master3,1,2026-06-05 16:42:33 UTC,11483940,14501148,1019148,6.38,125300,3079588,2531780,15.84,1081928,3038988,108
fog-k3s-master3,1,2026-06-05 16:42:34 UTC,11483940,14501160,1019128,6.38,125308,3079600,2531780,15.84,1081148,3039000,116
fog-k3s-master3,1,2026-06-05 16:42:35 UTC,11484256,14501508,1018800,6.37,125308,3079612,2532036,15.84,1081400,3039032,300
fog-k3s-master3,1,2026-06-05 16:42:36 UTC,11484004,14501280,1019028,6.38,125312,3079632,2532036,15.84,1081348,3039056,312
fog-k3s-master3,1,2026-06-05 16:42:37 UTC,11484004,14501296,1019012,6.38,125312,3079648,2532036,15.84,1081368,3039072,324
fog-k3s-master3,1,2026-06-05 16:42:38 UTC,11482876,14500196,1020048,6.38,125312,3079676,2532900,15.85,1080728,3039100,352
fog-k3s-master3,1,2026-06-05 16:42:39 UTC,11481112,14498432,1021780,6.39,125312,3079688,2532036,15.84,1081884,3039100,364
fog-k3s-master3,1,2026-06-05 16:42:40 UTC,11481112,14498464,1021760,6.39,125316,3079704,2532036,15.84,1082040,3039132,212
fog-k3s-master3,1,2026-06-05 16:42:41 UTC,11481112,14498464,1021748,6.39,125316,3079716,2532036,15.84,1082040,3039132,220
fog-k3s-master3,1,2026-06-05 16:42:42 UTC,11481112,14498492,1021732,6.39,125316,3079732,2532036,15.84,1082096,3039160,236
fog-k3s-master3,1,2026-06-05 16:42:43 UTC,11481112,14498504,1021720,6.39,125320,3079740,2532036,15.84,1082588,3039172,248
fog-k3s-master3,1,2026-06-05 16:42:44 UTC,11481112,14498548,1021676,6.39,125324,3079780,2532036,15.84,1082652,3039216,244
fog-k3s-master3,1,2026-06-05 16:42:45 UTC,11480860,14498296,1021916,6.39,125324,3079792,2532036,15.84,1083072,3039216,420
fog-k3s-master3,1,2026-06-05 16:42:46 UTC,11480860,14498316,1021900,6.39,125324,3079808,2532036,15.84,1083180,3039236,272
fog-k3s-master3,1,2026-06-05 16:42:47 UTC,11480860,14498320,1021884,6.39,125324,3079824,2532036,15.84,1083204,3039240,284
fog-k3s-master3,1,2026-06-05 16:42:48 UTC,11480860,14498324,1021868,6.39,125324,3079840,2532036,15.84,1083244,3039244,296
fog-k3s-master3,1,2026-06-05 16:42:49 UTC,11480860,14498324,1021856,6.39,125324,3079852,2532036,15.84,1083268,3039244,308
fog-k3s-master3,1,2026-06-05 16:42:50 UTC,11480860,14498384,1021840,6.39,125324,3079868,2532036,15.84,1083284,3039304,320
fog-k3s-master3,1,2026-06-05 16:42:51 UTC,11480608,14498148,1022072,6.39,125324,3079884,2532036,15.84,1083284,3039320,492
fog-k3s-master3,1,2026-06-05 16:42:52 UTC,11480608,14498168,1022056,6.39,125328,3079900,2532036,15.84,1082568,3039340,476
fog-k3s-master3,1,2026-06-05 16:42:53 UTC,11480356,14497916,1022300,6.40,125328,3079908,2532036,15.84,1082568,3039340,484
fog-k3s-master3,1,2026-06-05 16:42:54 UTC,11480356,14497944,1022280,6.40,125328,3079928,2532036,15.84,1082568,3039368,500
fog-k3s-master3,1,2026-06-05 16:42:55 UTC,11480356,14497944,1022268,6.40,125328,3079940,2532036,15.84,1082868,3039368,524
fog-k3s-master3,1,2026-06-05 16:42:56 UTC,11480356,14497948,1022252,6.40,125328,3079956,2532036,15.84,1083072,3039372,376
fog-k3s-master3,1,2026-06-05 16:42:57 UTC,11480356,14497948,1022240,6.40,125328,3079968,2532036,15.84,1083096,3039372,388
fog-k3s-master3,1,2026-06-05 16:42:58 UTC,11480356,14498004,1022216,6.40,125332,3079988,2532036,15.84,1083592,3039428,40
fog-k3s-master3,1,2026-06-05 16:42:59 UTC,11481440,14499100,1021096,6.39,125332,3080004,2532036,15.84,1083708,3039436,212
fog-k3s-master3,1,2026-06-05 16:43:00 UTC,11481164,14498840,1021356,6.39,125332,3080020,2532036,15.84,1083696,3039452,340
fog-k3s-master3,1,2026-06-05 16:43:01 UTC,11480912,14498604,1021576,6.39,125336,3080044,2532036,15.84,1083696,3039468,444
fog-k3s-master3,1,2026-06-05 16:43:02 UTC,11480912,14498608,1021560,6.39,125336,3080060,2532036,15.84,1083700,3039472,456
fog-k3s-master3,1,2026-06-05 16:43:03 UTC,11480912,14498664,1021540,6.39,125336,3080076,2532036,15.84,1083700,3039524,468
fog-k3s-master3,1,2026-06-05 16:43:04 UTC,11480912,14498680,1021524,6.39,125336,3080092,2532036,15.84,1082736,3039540,172
fog-k3s-master3,1,2026-06-05 16:43:05 UTC,11482684,14500452,1019732,6.38,125336,3080112,2532036,15.84,1082764,3039540,340
fog-k3s-master3,1,2026-06-05 16:43:06 UTC,11482208,14500016,1020188,6.38,125336,3080132,2532036,15.84,1082888,3039580,352
fog-k3s-master3,1,2026-06-05 16:43:07 UTC,11482208,14500016,1020176,6.38,125336,3080144,2532036,15.84,1082888,3039580,364
fog-k3s-master3,1,2026-06-05 16:43:08 UTC,11481960,14499796,1020408,6.38,125336,3080160,2532036,15.84,1082200,3039608,380
fog-k3s-master3,1,2026-06-05 16:43:09 UTC,11481960,14499796,1020396,6.38,125336,3080172,2532036,15.84,1082200,3039608,380
fog-k3s-master3,1,2026-06-05 16:43:10 UTC,11481960,14499824,1020376,6.38,125340,3080188,2532036,15.84,1082200,3039636,408
fog-k3s-master3,1,2026-06-05 16:43:11 UTC,11481960,14499840,1020364,6.38,125340,3080204,2532036,15.84,1082200,3039652,244
fog-k3s-master3,1,2026-06-05 16:43:12 UTC,11481960,14499848,1020344,6.38,125344,3080220,2532036,15.84,1082200,3039660,256
fog-k3s-master3,1,2026-06-05 16:43:13 UTC,11481960,14499852,1020324,6.38,125348,3080236,2532036,15.84,1082724,3039664,276
fog-k3s-master3,1,2026-06-05 16:43:14 UTC,11481960,14499896,1020300,6.38,125352,3080256,2532036,15.84,1082816,3039708,288
fog-k3s-master3,1,2026-06-05 16:43:15 UTC,11481708,14499648,1020536,6.39,125352,3080272,2532036,15.84,1082920,3039712,300
fog-k3s-master3,1,2026-06-05 16:43:16 UTC,11480956,14498936,1021256,6.39,125352,3080304,2532036,15.84,1083408,3039752,324
fog-k3s-master3,1,2026-06-05 16:43:17 UTC,11480200,14498208,1021996,6.39,125352,3080316,2532036,15.84,1083440,3039780,336
fog-k3s-master3,1,2026-06-05 16:43:18 UTC,11480200,14498224,1021980,6.39,125352,3080332,2532036,15.84,1083500,3039796,320
fog-k3s-master3,1,2026-06-05 16:43:19 UTC,11480200,14498224,1021968,6.39,125352,3080344,2532036,15.84,1083528,3039796,332
fog-k3s-master3,1,2026-06-05 16:43:20 UTC,11480200,14498228,1021948,6.39,125352,3080364,2532036,15.84,1083528,3039800,352
fog-k3s-master3,1,2026-06-05 16:43:21 UTC,11480200,14498236,1021932,6.39,125352,3080380,2532036,15.84,1083528,3039808,528
fog-k3s-master3,1,2026-06-05 16:43:22 UTC,11480200,14498292,1021912,6.39,125352,3080400,2532036,15.84,1082820,3039864,460
fog-k3s-master3,1,2026-06-05 16:43:23 UTC,11481528,14499632,1020572,6.39,125352,3080412,2532036,15.84,1082820,3039876,472
fog-k3s-master3,1,2026-06-05 16:43:24 UTC,11481024,14499136,1021056,6.39,125352,3080428,2532036,15.84,1082820,3039880,496
fog-k3s-master3,1,2026-06-05 16:43:25 UTC,11480772,14498884,1021296,6.39,125352,3080440,2532036,15.84,1082820,3039880,524
fog-k3s-master3,1,2026-06-05 16:43:26 UTC,11480772,14498920,1021276,6.39,125356,3080456,2532036,15.84,1083296,3039916,368
fog-k3s-master3,1,2026-06-05 16:43:27 UTC,11480772,14498924,1021268,6.39,125356,3080468,2532036,15.84,1083332,3039920,380
fog-k3s-master3,1,2026-06-05 16:43:28 UTC,11480524,14498716,1021492,6.39,125360,3080488,2532036,15.84,1083844,3039960,392
fog-k3s-master3,1,2026-06-05 16:43:29 UTC,11479292,14497488,1022708,6.40,125364,3080500,2532036,15.84,1083892,3039964,144
fog-k3s-master3,1,2026-06-05 16:43:30 UTC,11479040,14497272,1022932,6.40,125368,3080520,2532036,15.84,1083920,3040000,232
fog-k3s-master3,1,2026-06-05 16:43:31 UTC,11479040,14497276,1022916,6.40,125368,3080536,2532036,15.84,1083920,3040004,76
fog-k3s-master3,1,2026-06-05 16:43:32 UTC,11479040,14497304,1022900,6.40,125368,3080552,2532036,15.84,1083920,3040032,96
fog-k3s-master3,1,2026-06-05 16:43:33 UTC,11479040,14497312,1022892,6.40,125368,3080560,2532036,15.84,1083920,3040040,104
fog-k3s-master3,1,2026-06-05 16:43:34 UTC,11478788,14497064,1023132,6.40,125368,3080576,2532036,15.84,1083024,3040044,116
fog-k3s-master3,1,2026-06-05 16:43:35 UTC,11478536,14496812,1023372,6.40,125368,3080588,2532036,15.84,1083204,3040044,56
fog-k3s-master3,1,2026-06-05 16:43:36 UTC,11478536,14496856,1023352,6.40,125368,3080608,2532036,15.84,1083216,3040088,232
fog-k3s-master3,1,2026-06-05 16:43:37 UTC,11478536,14496868,1023344,6.40,125368,3080620,2532036,15.84,1083216,3040100,244
fog-k3s-master3,1,2026-06-05 16:43:38 UTC,11478536,14496888,1023316,6.40,125372,3080644,2532036,15.84,1082372,3040120,268
fog-k3s-master3,1,2026-06-05 16:43:39 UTC,11478536,14496892,1023300,6.40,125372,3080660,2532036,15.84,1082372,3040124,280
fog-k3s-master3,1,2026-06-05 16:43:40 UTC,11478536,14496928,1023268,6.40,125380,3080684,2532036,15.84,1082408,3040160,292
fog-k3s-master3,1,2026-06-05 16:43:41 UTC,11478536,14496948,1023288,6.40,125380,3080696,2532036,15.84,1082408,3040180,68
fog-k3s-master3,1,2026-06-05 16:43:42 UTC,11478536,14496976,1023264,6.40,125384,3080712,2532036,15.84,1082416,3040204,72
fog-k3s-master3,1,2026-06-05 16:43:43 UTC,11478536,14496996,1023248,6.40,125384,3080728,2532036,15.84,1082856,3040224,84
fog-k3s-master3,1,2026-06-05 16:43:44 UTC,11478536,14497004,1023228,6.40,125384,3080748,2532036,15.84,1082904,3040232,96
fog-k3s-master3,1,2026-06-05 16:43:45 UTC,11478536,14497028,1023212,6.40,125384,3080760,2532036,15.84,1083368,3040256,268
fog-k3s-master3,1,2026-06-05 16:43:46 UTC,11478284,14496792,1023448,6.40,125384,3080776,2532036,15.84,1083428,3040272,280
fog-k3s-master3,1,2026-06-05 16:43:47 UTC,11478284,14496808,1023432,6.40,125384,3080792,2532036,15.84,1083480,3040288,292
fog-k3s-master3,1,2026-06-05 16:43:48 UTC,11478284,14496812,1023416,6.40,125384,3080808,2532036,15.84,1083480,3040292,304
fog-k3s-master3,1,2026-06-05 16:43:49 UTC,11478284,14496824,1023404,6.40,125384,3080820,2532036,15.84,1083480,3040304,316
fog-k3s-master3,1,2026-06-05 16:43:50 UTC,11478284,14496856,1023384,6.40,125388,3080836,2532036,15.84,1083500,3040336,156
fog-k3s-master3,1,2026-06-05 16:43:51 UTC,11477780,14496368,1023872,6.41,125388,3080852,2532036,15.84,1083500,3040352,344
fog-k3s-master3,1,2026-06-05 16:43:52 UTC,11477780,14496380,1023860,6.41,125388,3080864,2532036,15.84,1082948,3040364,372
fog-k3s-master3,1,2026-06-05 16:43:53 UTC,11479428,14498044,1022196,6.40,125388,3080880,2532036,15.84,1082948,3040380,384
fog-k3s-master3,1,2026-06-05 16:43:54 UTC,11478672,14497300,1022940,6.40,125388,3080892,2532036,15.84,1082948,3040392,396
fog-k3s-master3,1,2026-06-05 16:43:55 UTC,11480800,14499448,1020788,6.39,125392,3080908,2532036,15.84,1083292,3040412,364
fog-k3s-master3,1,2026-06-05 16:43:56 UTC,11480552,14499216,1021016,6.39,125396,3080924,2532036,15.84,1083456,3040428,220
fog-k3s-master3,1,2026-06-05 16:43:57 UTC,11480328,14499008,1021228,6.39,125396,3080936,2532036,15.84,1083456,3040444,220
fog-k3s-master3,1,2026-06-05 16:43:58 UTC,11479824,14498512,1021716,6.39,125396,3080956,2532036,15.84,1083936,3040452,232
fog-k3s-master3,1,2026-06-05 16:43:59 UTC,11479824,14498540,1021700,6.39,125396,3080972,2532036,15.84,1083940,3040480,244
fog-k3s-master3,1,2026-06-05 16:44:00 UTC,11479572,14498304,1021936,6.39,125396,3080988,2532036,15.84,1083940,3040496,428
fog-k3s-master3,1,2026-06-05 16:44:01 UTC,11479572,14498304,1021924,6.39,125396,3081000,2532036,15.84,1083980,3040496,440
fog-k3s-master3,1,2026-06-05 16:44:02 UTC,11474896,14493664,1026540,6.42,125404,3081020,2532036,15.84,1087212,3040532,464
fog-k3s-master3,1,2026-06-05 16:44:03 UTC,11474424,14493196,1026996,6.43,125404,3081036,2532036,15.84,1087220,3040536,476
fog-k3s-master3,1,2026-06-05 16:44:04 UTC,11474424,14493200,1026984,6.43,125404,3081048,2532036,15.84,1086256,3040540,488
fog-k3s-master3,1,2026-06-05 16:44:05 UTC,11473472,14492292,1027880,6.43,125404,3081072,2532036,15.84,1086344,3040584,332
fog-k3s-master3,1,2026-06-05 16:44:06 UTC,11473472,14492316,1027860,6.43,125404,3081088,2532036,15.84,1086568,3040604,356
fog-k3s-master3,1,2026-06-05 16:44:07 UTC,11473220,14492080,1028092,6.43,125408,3081104,2532036,15.84,1086568,3040620,368
fog-k3s-master3,1,2026-06-05 16:44:08 UTC,11473220,14492104,1028072,6.43,125412,3081120,2532036,15.84,1086056,3040644,380
fog-k3s-master3,1,2026-06-05 16:44:09 UTC,11473220,14492104,1028060,6.43,125412,3081132,2532036,15.84,1087008,3040644,380
fog-k3s-master3,1,2026-06-05 16:44:10 UTC,11472968,14491884,1028288,6.43,125416,3081148,2532036,15.84,1087892,3040676,396
fog-k3s-master3,1,2026-06-05 16:44:11 UTC,11472716,14491636,1028524,6.44,125416,3081164,2532036,15.84,1088892,3040680,408
fog-k3s-master3,1,2026-06-05 16:44:12 UTC,11471456,14490396,1029776,6.44,125416,3081172,2532036,15.84,1090464,3040700,48
fog-k3s-master3,1,2026-06-05 16:44:13 UTC,11463896,14482868,1037304,6.49,125420,3081200,2532036,15.84,1096532,3040732,80
fog-k3s-master3,1,2026-06-05 16:44:14 UTC,11463392,14482384,1037788,6.49,125420,3081220,2532036,15.84,1098860,3040752,92
fog-k3s-master3,1,2026-06-05 16:44:15 UTC,11460620,14479628,1040544,6.51,125420,3081236,2532036,15.84,1100548,3040768,268
fog-k3s-master3,1,2026-06-05 16:44:16 UTC,11458884,14477908,1042252,6.52,125420,3081264,2532036,15.84,1101960,3040784,288
fog-k3s-master3,1,2026-06-05 16:44:17 UTC,11458884,14477920,1042244,6.52,125420,3081276,2532036,15.84,1102160,3040796,300
fog-k3s-master3,1,2026-06-05 16:44:18 UTC,11458884,14477940,1042220,6.52,125424,3081292,2532036,15.84,1102212,3040812,288
fog-k3s-master3,1,2026-06-05 16:44:19 UTC,11458884,14477956,1042208,6.52,125424,3081304,2532036,15.84,1102296,3040828,300
fog-k3s-master3,1,2026-06-05 16:44:20 UTC,11458884,14477984,1042192,6.52,125424,3081320,2532036,15.84,1102304,3040856,328
fog-k3s-master3,1,2026-06-05 16:44:21 UTC,11458884,14477988,1042176,6.52,125424,3081336,2532036,15.84,1102328,3040860,164
fog-k3s-master3,1,2026-06-05 16:44:22 UTC,11458884,14478020,1042156,6.52,125428,3081352,2532036,15.84,1101640,3040892,176
fog-k3s-master3,1,2026-06-05 16:44:23 UTC,11461004,14480160,1040016,6.51,125432,3081368,2532036,15.84,1101648,3040912,188
fog-k3s-master3,1,2026-06-05 16:44:24 UTC,11460752,14479912,1040252,6.51,125432,3081384,2532036,15.84,1101648,3040916,200
fog-k3s-master3,1,2026-06-05 16:44:25 UTC,11460752,14479936,1040240,6.51,125432,3081396,2532036,15.84,1101656,3040940,212
fog-k3s-master3,1,2026-06-05 16:44:26 UTC,11460500,14479700,1040468,6.51,125436,3081412,2532036,15.84,1102116,3040956,364
fog-k3s-master3,1,2026-06-05 16:44:27 UTC,11460500,14479704,1040456,6.51,125436,3081424,2532036,15.84,1102144,3040960,376
fog-k3s-master3,1,2026-06-05 16:44:28 UTC,11460248,14479484,1040684,6.51,125436,3081444,2532036,15.84,1102720,3040992,388
fog-k3s-master3,1,2026-06-05 16:44:29 UTC,11460248,14479484,1040672,6.51,125436,3081456,2532916,15.85,1103028,3040992,400
fog-k3s-master3,1,2026-06-05 16:44:30 UTC,11459492,14478760,1041440,6.52,125436,3081476,2532036,15.84,1102768,3041024,248
fog-k3s-master3,1,2026-06-05 16:44:31 UTC,11459492,14478760,1041424,6.52,125436,3081488,2532036,15.84,1102768,3041024,260
fog-k3s-master3,1,2026-06-05 16:44:32 UTC,11459492,14478784,1041412,6.52,125436,3081500,2532036,15.84,1102800,3041048,268
fog-k3s-master3,1,2026-06-05 16:44:33 UTC,11459244,14478540,1041644,6.52,125436,3081516,2532036,15.84,1102804,3041052,280
fog-k3s-master3,1,2026-06-05 16:44:34 UTC,11459244,14478544,1041628,6.52,125436,3081532,2532036,15.84,1101644,3041056,292
fog-k3s-master3,1,2026-06-05 16:44:35 UTC,11458992,14478320,1041868,6.52,125436,3081544,2532036,15.84,1101676,3041084,468
fog-k3s-master3,1,2026-06-05 16:44:36 UTC,11458992,14478352,1041836,6.52,125448,3081564,2532036,15.84,1101844,3041116,312
fog-k3s-master3,1,2026-06-05 16:44:37 UTC,11458992,14478364,1041824,6.52,125448,3081576,2532036,15.84,1101900,3041128,324
fog-k3s-master3,1,2026-06-05 16:44:38 UTC,11458992,14478404,1041792,6.52,125448,3081608,2532036,15.84,1101124,3041168,352
fog-k3s-master3,1,2026-06-05 16:44:39 UTC,11458992,14478420,1041772,6.52,125452,3081624,2532036,15.84,1101124,3041184,364
fog-k3s-master3,1,2026-06-05 16:44:40 UTC,11458992,14478544,1041624,6.52,125456,3081768,2532036,15.84,1101244,3041188,552
fog-k3s-master3,1,2026-06-05 16:44:41 UTC,11458768,14478344,1041836,6.52,125456,3081780,2532036,15.84,1101244,3041212,564
fog-k3s-master3,1,2026-06-05 16:44:42 UTC,11458768,14478368,1041820,6.52,125456,3081796,2532036,15.84,1101256,3041228,576
fog-k3s-master3,1,2026-06-05 16:44:43 UTC,11458516,14478132,1042052,6.52,125460,3081808,2532036,15.84,1101736,3041240,224
fog-k3s-master3,1,2026-06-05 16:44:44 UTC,11458516,14478168,1042020,6.52,125468,3081832,2532036,15.84,1101804,3041276,228
fog-k3s-master3,1,2026-06-05 16:44:45 UTC,11458516,14478180,1042004,6.52,125468,3081848,2532036,15.84,1101804,3041288,240
fog-k3s-master3,1,2026-06-05 16:44:46 UTC,11458012,14477700,1042496,6.52,125468,3081860,2532036,15.84,1102412,3041312,76
fog-k3s-master3,1,2026-06-05 16:44:47 UTC,11458012,14477712,1042472,6.52,125476,3081876,2532036,15.84,1102412,3041324,92
fog-k3s-master3,1,2026-06-05 16:44:48 UTC,11458012,14477740,1042452,6.52,125480,3081892,2532036,15.84,1102432,3041352,104
fog-k3s-master3,1,2026-06-05 16:44:49 UTC,11458012,14477752,1042440,6.52,125480,3081904,2532036,15.84,1102432,3041364,116
fog-k3s-master3,1,2026-06-05 16:44:50 UTC,11458012,14477756,1042424,6.52,125484,3081920,2532036,15.84,1102432,3041368,300
fog-k3s-master3,1,2026-06-05 16:44:51 UTC,11458012,14477792,1042408,6.52,125484,3081936,2535016,15.86,1103472,3041404,312
fog-k3s-master3,1,2026-06-05 16:44:52 UTC,11459556,14479352,1040844,6.51,125488,3081952,2532036,15.84,1101680,3041420,436
fog-k3s-master3,1,2026-06-05 16:44:53 UTC,11458580,14478392,1041808,6.52,125488,3081964,2532036,15.84,1101680,3041436,448
fog-k3s-master3,1,2026-06-05 16:44:54 UTC,11458580,14478396,1041792,6.52,125488,3081980,2532036,15.84,1101680,3041440,460
fog-k3s-master3,1,2026-06-05 16:44:55 UTC,11458580,14478396,1041780,6.52,125488,3081992,2532036,15.84,1101680,3041440,472
fog-k3s-master3,1,2026-06-05 16:44:56 UTC,11458580,14478436,1041760,6.52,125488,3082008,2532036,15.84,1102192,3041480,232
fog-k3s-master3,1,2026-06-05 16:44:57 UTC,11458328,14478196,1042000,6.52,125488,3082020,2532036,15.84,1102264,3041492,168
fog-k3s-master3,1,2026-06-05 16:44:58 UTC,11458328,14478224,1041972,6.52,125496,3082040,2532036,15.84,1102732,3041520,192
fog-k3s-master3,1,2026-06-05 16:44:59 UTC,11458328,14478240,1041952,6.52,125496,3082056,2532036,15.84,1102732,3041536,208
fog-k3s-master3,1,2026-06-05 16:45:00 UTC,11456976,14476892,1043256,6.53,125496,3082072,2532036,15.84,1104512,3041540,396
fog-k3s-master3,1,2026-06-05 16:45:01 UTC,11456976,14476892,1043244,6.53,125496,3082084,2532036,15.84,1104512,3041540,240
fog-k3s-master3,1,2026-06-05 16:45:02 UTC,11456976,14476900,1043224,6.53,125500,3082100,2532036,15.84,1104512,3041548,460
fog-k3s-master3,1,2026-06-05 16:45:03 UTC,11456976,14476952,1043208,6.53,125500,3082116,2532036,15.84,1104512,3041600,468
fog-k3s-master3,1,2026-06-05 16:45:04 UTC,11457372,14477368,1042792,6.52,125504,3082132,2532036,15.84,1103512,3041620,480
fog-k3s-master3,1,2026-06-05 16:45:05 UTC,11458868,14478864,1041380,6.52,125504,3082144,2532036,15.84,1103512,3041620,492
fog-k3s-master3,1,2026-06-05 16:45:06 UTC,11458616,14478652,1041600,6.52,125508,3082172,2532036,15.84,1103684,3041660,604
fog-k3s-master3,1,2026-06-05 16:45:07 UTC,11458616,14478656,1041588,6.52,125508,3082184,2532036,15.84,1103696,3041664,348
fog-k3s-master3,1,2026-06-05 16:45:08 UTC,11458368,14478416,1041812,6.52,125512,3082200,2532036,15.84,1102976,3041668,364
fog-k3s-master3,1,2026-06-05 16:45:09 UTC,11458368,14478460,1041792,6.52,125516,3082216,2532036,15.84,1102976,3041712,376
fog-k3s-master3,1,2026-06-05 16:45:10 UTC,11458116,14478224,1042028,6.52,125516,3082232,2532036,15.84,1102976,3041728,388
fog-k3s-master3,1,2026-06-05 16:45:11 UTC,11458116,14478232,1042024,6.52,125516,3082240,2532036,15.84,1102976,3041736,552
fog-k3s-master3,1,2026-06-05 16:45:12 UTC,11457864,14478000,1042256,6.52,125516,3082256,2532036,15.84,1102976,3041756,572
fog-k3s-master3,1,2026-06-05 16:45:13 UTC,11456356,14476504,1043732,6.53,125520,3082276,2532036,15.84,1104536,3041768,600
fog-k3s-master3,1,2026-06-05 16:45:14 UTC,11456104,14476292,1043952,6.53,125524,3082300,2532036,15.84,1104544,3041804,352
fog-k3s-master3,1,2026-06-05 16:45:15 UTC,11456104,14476312,1043924,6.53,125524,3082320,2532036,15.84,1104548,3041824,92
fog-k3s-master3,1,2026-06-05 16:45:16 UTC,11455880,14476100,1044112,6.53,125524,3082344,2532036,15.84,1105080,3041836,116
fog-k3s-master3,1,2026-06-05 16:45:17 UTC,11455880,14476104,1044096,6.53,125524,3082360,2532036,15.84,1105108,3041840,128
fog-k3s-master3,1,2026-06-05 16:45:18 UTC,11455880,14476108,1044080,6.53,125524,3082376,2532036,15.84,1105112,3041844,140
fog-k3s-master3,1,2026-06-05 16:45:19 UTC,11455880,14476156,1044068,6.53,125524,3082388,2532036,15.84,1105112,3041892,124
fog-k3s-master3,1,2026-06-05 16:45:20 UTC,11455880,14476172,1044044,6.53,125528,3082404,2532036,15.84,1105112,3041908,304
fog-k3s-master3,1,2026-06-05 16:45:21 UTC,11455656,14475980,1044248,6.53,125536,3082420,2532036,15.84,1105148,3041940,152
fog-k3s-master3,1,2026-06-05 16:45:22 UTC,11454956,14475300,1044928,6.54,125540,3082436,2532036,15.84,1104540,3041960,164
fog-k3s-master3,1,2026-06-05 16:45:23 UTC,11454956,14475304,1044908,6.54,125544,3082452,2532036,15.84,1104584,3041964,176
fog-k3s-master3,1,2026-06-05 16:45:24 UTC,11454704,14475084,1045144,6.54,125544,3082468,2532036,15.84,1104584,3041996,188
fog-k3s-master3,1,2026-06-05 16:45:25 UTC,11454704,14475084,1045132,6.54,125544,3082480,2532036,15.84,1104584,3041996,200
fog-k3s-master3,1,2026-06-05 16:45:26 UTC,11454704,14475112,1045116,6.54,125544,3082496,2532036,15.84,1105100,3042024,380
fog-k3s-master3,1,2026-06-05 16:45:27 UTC,11454704,14475116,1045108,6.54,125548,3082512,2532036,15.84,1105152,3042028,400
fog-k3s-master3,1,2026-06-05 16:45:28 UTC,11454704,14475148,1045092,6.54,125548,3082528,2532036,15.84,1105832,3042060,412
fog-k3s-master3,1,2026-06-05 16:45:29 UTC,11454704,14475152,1045072,6.54,125552,3082544,2532036,15.84,1105844,3042064,352
fog-k3s-master3,1,2026-06-05 16:45:30 UTC,11453948,14474400,1045808,6.54,125556,3082560,2532036,15.84,1105848,3042068,400
fog-k3s-master3,1,2026-06-05 16:45:31 UTC,11453948,14474408,1045768,6.54,125556,3082568,2532036,15.84,1105848,3042076,220
fog-k3s-master3,1,2026-06-05 16:45:32 UTC,11453948,14474456,1045748,6.54,125560,3082584,2532036,15.84,1105848,3042124,248
fog-k3s-master3,1,2026-06-05 16:45:33 UTC,11453696,14474236,1045976,6.54,125568,3082600,2532036,15.84,1105848,3042152,260
fog-k3s-master3,1,2026-06-05 16:45:34 UTC,11453444,14474000,1046212,6.55,125568,3082616,2532036,15.84,1105092,3042168,272
fog-k3s-master3,1,2026-06-05 16:45:35 UTC,11453444,14474000,1046200,6.55,125568,3082628,2532036,15.84,1104884,3042168,284
fog-k3s-master3,1,2026-06-05 16:45:36 UTC,11453444,14474036,1046172,6.55,125576,3082648,2532036,15.84,1105196,3042204,292
fog-k3s-master3,1,2026-06-05 16:45:37 UTC,11453444,14474036,1046160,6.55,125576,3082660,2532036,15.84,1105196,3042204,304
fog-k3s-master3,1,2026-06-05 16:45:38 UTC,11453444,14474068,1046124,6.55,125580,3082688,2532036,15.84,1104240,3042236,332
fog-k3s-master3,1,2026-06-05 16:45:39 UTC,11453444,14474084,1046112,6.55,125580,3082700,2532036,15.84,1104256,3042252,344
fog-k3s-master3,1,2026-06-05 16:45:40 UTC,11453444,14474088,1046092,6.55,125584,3082716,2532036,15.84,1104256,3042256,360
fog-k3s-master3,1,2026-06-05 16:45:41 UTC,11453444,14474092,1046068,6.55,125592,3082732,2532036,15.84,1104260,3042260,540
fog-k3s-master3,1,2026-06-05 16:45:42 UTC,11453444,14474144,1046044,6.54,125600,3082748,2532036,15.84,1104264,3042312,552
fog-k3s-master3,1,2026-06-05 16:45:43 UTC,11453192,14473924,1046284,6.55,125604,3082756,2532036,15.84,1104820,3042344,564
fog-k3s-master3,1,2026-06-05 16:45:44 UTC,11453192,14473948,1046260,6.55,125604,3082780,2532036,15.84,1104908,3042368,568
fog-k3s-master3,1,2026-06-05 16:45:45 UTC,11453192,14473956,1046240,6.55,125608,3082796,2532036,15.84,1104916,3042376,224
fog-k3s-master3,1,2026-06-05 16:45:46 UTC,11452940,14473732,1046472,6.55,125612,3082812,2532036,15.84,1105288,3042404,56
fog-k3s-master3,1,2026-06-05 16:45:47 UTC,11452184,14472980,1047216,6.55,125612,3082824,2532036,15.84,1105368,3042408,68
fog-k3s-master3,1,2026-06-05 16:45:48 UTC,11452184,14472992,1047184,6.55,125620,3082848,2532036,15.84,1105380,3042420,80
fog-k3s-master3,1,2026-06-05 16:45:49 UTC,11452184,14473024,1047164,6.55,125624,3082864,2532036,15.84,1105428,3042452,92
fog-k3s-master3,1,2026-06-05 16:45:50 UTC,11452184,14473040,1047132,6.55,125628,3082888,2532036,15.84,1105464,3042464,348
fog-k3s-master3,1,2026-06-05 16:45:51 UTC,11451932,14472836,1047360,6.55,125632,3082900,2532036,15.84,1106664,3042512,356
fog-k3s-master3,1,2026-06-05 16:45:52 UTC,11451932,14472860,1047340,6.55,125636,3082916,2532036,15.84,1106568,3042536,368
fog-k3s-master3,1,2026-06-05 16:45:53 UTC,11451932,14472872,1047328,6.55,125644,3082920,2532036,15.84,1106580,3042548,380
fog-k3s-master3,1,2026-06-05 16:45:54 UTC,11451680,14472644,1047556,6.55,125644,3082944,2532036,15.84,1106656,3042572,392
fog-k3s-master3,1,2026-06-05 16:45:55 UTC,11451680,14472648,1047540,6.55,125644,3082960,2532036,15.84,1106676,3042576,416
fog-k3s-master3,1,2026-06-05 16:45:56 UTC,11451428,14472424,1047744,6.56,125648,3082972,2532036,15.84,1107200,3042604,172
fog-k3s-master3,1,2026-06-05 16:45:57 UTC,11451428,14472424,1047728,6.56,125648,3082988,2532036,15.84,1107352,3042604,184
fog-k3s-master3,1,2026-06-05 16:45:58 UTC,11451176,14472200,1047964,6.56,125652,3083000,2532036,15.84,1107976,3042632,196
fog-k3s-master3,1,2026-06-05 16:45:59 UTC,11451176,14472228,1047940,6.56,125656,3083020,2532036,15.84,1108072,3042660,208
fog-k3s-master3,1,2026-06-05 16:46:00 UTC,11451176,14472232,1047920,6.56,125660,3083036,2532036,15.84,1108080,3042664,388
fog-k3s-master3,1,2026-06-05 16:46:01 UTC,11451176,14472232,1047912,6.56,125660,3083048,2532036,15.84,1108080,3042664,4
fog-k3s-master3,1,2026-06-05 16:46:02 UTC,11451176,14472256,1047880,6.56,125672,3083068,2532036,15.84,1108088,3042688,52
fog-k3s-master3,1,2026-06-05 16:46:03 UTC,11451176,14472292,1047868,6.56,125672,3083080,2532036,15.84,1108092,3042724,64
fog-k3s-master3,1,2026-06-05 16:46:04 UTC,11451176,14472296,1047852,6.56,125676,3083092,2532036,15.84,1107220,3042728,76
fog-k3s-master3,1,2026-06-05 16:46:05 UTC,11452084,14473220,1046892,6.55,125676,3083108,2532036,15.84,1107220,3042744,88
fog-k3s-master3,1,2026-06-05 16:46:06 UTC,11451832,14473020,1047080,6.55,125680,3083136,2532036,15.84,1107416,3042796,276
fog-k3s-master3,1,2026-06-05 16:46:07 UTC,11451080,14472284,1047820,6.56,125680,3083148,2532036,15.84,1107416,3042812,212
fog-k3s-master3,1,2026-06-05 16:46:08 UTC,11451080,14472300,1047808,6.56,125680,3083164,2532036,15.84,1106564,3042828,228
fog-k3s-master3,1,2026-06-05 16:46:09 UTC,11451080,14472312,1047796,6.56,125684,3083172,2532036,15.84,1106608,3042840,228
fog-k3s-master3,1,2026-06-05 16:46:10 UTC,11451080,14472336,1047768,6.56,125684,3083200,2532036,15.84,1106608,3042864,248
fog-k3s-master3,1,2026-06-05 16:46:11 UTC,11451080,14472352,1047756,6.56,125684,3083212,2532036,15.84,1106608,3042880,88
fog-k3s-master3,1,2026-06-05 16:46:12 UTC,11451080,14472368,1047740,6.56,125684,3083228,2532036,15.84,1106608,3042896,104
fog-k3s-master3,1,2026-06-05 16:46:13 UTC,11451080,14472396,1047712,6.56,125688,3083252,2532036,15.84,1107152,3042924,56
fog-k3s-master3,1,2026-06-05 16:46:14 UTC,11451080,14472412,1047696,6.56,125688,3083268,2532036,15.84,1107172,3042940,72
fog-k3s-master3,1,2026-06-05 16:46:15 UTC,11451080,14472420,1047676,6.56,125688,3083288,2532036,15.84,1107188,3042948,80
fog-k3s-master3,1,2026-06-05 16:46:16 UTC,11450828,14472172,1047888,6.56,125692,3083316,2532036,15.84,1107604,3042952,264
fog-k3s-master3,1,2026-06-05 16:46:17 UTC,11450828,14472176,1047872,6.56,125692,3083328,2532036,15.84,1107668,3042952,276
fog-k3s-master3,1,2026-06-05 16:46:18 UTC,11450828,14472200,1047848,6.56,125696,3083344,2532036,15.84,1107756,3042976,264
fog-k3s-master3,1,2026-06-05 16:46:19 UTC,11450828,14472256,1047836,6.56,125696,3083356,2532036,15.84,1107760,3043032,200
fog-k3s-master3,1,2026-06-05 16:46:20 UTC,11450576,14472008,1048072,6.56,125696,3083372,2532036,15.84,1107760,3043036,44
fog-k3s-master3,1,2026-06-05 16:46:21 UTC,11450100,14471568,1048520,6.56,125700,3083392,2532036,15.84,1108096,3043072,76
fog-k3s-master3,1,2026-06-05 16:46:22 UTC,11448640,14470132,1049832,6.57,125700,3083412,2532036,15.84,1109612,3043096,96
fog-k3s-master3,1,2026-06-05 16:46:23 UTC,11449804,14471308,1048656,6.56,125700,3083424,2532036,15.84,1109616,3043108,108
fog-k3s-master3,1,2026-06-05 16:46:24 UTC,11449552,14471056,1048896,6.56,125700,3083436,2532036,15.84,1109616,3043108,120
fog-k3s-master3,1,2026-06-05 16:46:25 UTC,11449552,14471060,1048884,6.56,125700,3083452,2532036,15.84,1109616,3043112,52
fog-k3s-master3,1,2026-06-05 16:46:26 UTC,11448800,14470348,1049652,6.57,125700,3083468,2532036,15.84,1110104,3043152,68
fog-k3s-master3,1,2026-06-05 16:46:27 UTC,11448800,14470360,1049640,6.57,125700,3083480,2532036,15.84,1110104,3043164,80
fog-k3s-master3,1,2026-06-05 16:46:28 UTC,11448296,14469856,1050144,6.57,125700,3083480,2532036,15.84,1110204,3043164,80
fog-k3s-master3,1,2026-06-05 16:46:29 UTC,11448296,14469896,1050100,6.57,125704,3083520,2532036,15.84,1110580,3043204,104
fog-k3s-master3,1,2026-06-05 16:46:30 UTC,11447540,14469156,1050836,6.57,125704,3083532,2532036,15.84,1110584,3043216,112
fog-k3s-master3,1,2026-06-05 16:46:31 UTC,11447540,14469160,1050820,6.57,125704,3083544,2532036,15.84,1110584,3043220,200
fog-k3s-master3,1,2026-06-05 16:46:32 UTC,11447540,14469184,1050808,6.57,125704,3083556,2532036,15.84,1110584,3043244,216
fog-k3s-master3,1,2026-06-05 16:46:33 UTC,11447316,14468968,1051012,6.58,125704,3083576,2532036,15.84,1110584,3043252,188
fog-k3s-master3,1,2026-06-05 16:46:34 UTC,11447316,14468968,1051000,6.58,125704,3083588,2532036,15.84,1109832,3043252,200
fog-k3s-master3,1,2026-06-05 16:46:35 UTC,11447316,14468972,1050984,6.58,125704,3083604,2532036,15.84,1109664,3043256,0
fog-k3s-master3,1,2026-06-05 16:46:36 UTC,11447316,14468980,1050952,6.58,125708,3083620,2532036,15.84,1109852,3043264,92
fog-k3s-master3,1,2026-06-05 16:46:37 UTC,11447316,14468980,1050952,6.58,125708,3083620,2532036,15.84,1109852,3043264,92
fog-k3s-master3,1,2026-06-05 16:46:38 UTC,11447064,14468820,1051156,6.58,125708,3083664,2532036,15.84,1109116,3043356,76
fog-k3s-master3,1,2026-06-05 16:46:39 UTC,11447064,14468832,1051144,6.58,125708,3083676,2532036,15.84,1109116,3043368,88
fog-k3s-master3,1,2026-06-05 16:46:40 UTC,11447064,14468836,1051128,6.58,125708,3083692,2532036,15.84,1109116,3043372,100
fog-k3s-master3,1,2026-06-05 16:46:41 UTC,11449116,14470912,1049068,6.56,125708,3083704,2532036,15.84,1109116,3043396,276
fog-k3s-master3,1,2026-06-05 16:46:42 UTC,11443856,14465672,1054312,6.60,125708,3083724,2532036,15.84,1109076,3043416,352
fog-k3s-master3,1,2026-06-05 16:46:43 UTC,11443856,14465688,1054296,6.60,125708,3083736,2532036,15.84,1109668,3043428,288
fog-k3s-master3,1,2026-06-05 16:46:44 UTC,11443604,14465452,1054512,6.60,125712,3083764,2532036,15.84,1109712,3043444,288
fog-k3s-master3,1,2026-06-05 16:46:45 UTC,11443604,14465480,1054496,6.60,125712,3083780,2532036,15.84,1109712,3043472,300
fog-k3s-master3,1,2026-06-05 16:46:46 UTC,11443604,14465484,1054480,6.60,125716,3083792,2532036,15.84,1110188,3043476,148
fog-k3s-master3,1,2026-06-05 16:46:47 UTC,11443604,14465500,1054464,6.60,125716,3083808,2532036,15.84,1110232,3043492,112
fog-k3s-master3,1,2026-06-05 16:46:48 UTC,11443604,14465500,1054452,6.60,125720,3083816,2532036,15.84,1110232,3043492,124
fog-k3s-master3,1,2026-06-05 16:46:49 UTC,11443604,14465508,1054432,6.60,125720,3083836,2532036,15.84,1110232,3043500,60
fog-k3s-master3,1,2026-06-05 16:46:50 UTC,11443604,14465508,1054424,6.60,125720,3083844,2532036,15.84,1110232,3043500,240
fog-k3s-master3,1,2026-06-05 16:46:51 UTC,11443604,14465516,1054404,6.60,125720,3083864,2532036,15.84,1110244,3043508,252
fog-k3s-master3,1,2026-06-05 16:46:52 UTC,11443604,14465588,1054392,6.60,125720,3083876,2532036,15.84,1109600,3043580,264
fog-k3s-master3,1,2026-06-05 16:46:53 UTC,11443604,14465608,1054368,6.60,125720,3083896,2532036,15.84,1109600,3043600,276
fog-k3s-master3,1,2026-06-05 16:46:54 UTC,11443604,14465608,1054352,6.60,125724,3083908,2532036,15.84,1109608,3043600,288
fog-k3s-master3,1,2026-06-05 16:46:55 UTC,11443604,14465616,1054332,6.60,125724,3083924,2532036,15.84,1109608,3043604,224
fog-k3s-master3,1,2026-06-05 16:46:56 UTC,11443100,14465156,1054788,6.60,125724,3083940,2532036,15.84,1110032,3043648,76
fog-k3s-master3,1,2026-06-05 16:46:57 UTC,11443100,14465176,1054768,6.60,125728,3083956,2532036,15.84,1110136,3043668,88
fog-k3s-master3,1,2026-06-05 16:46:58 UTC,11443100,14465208,1054728,6.60,125732,3083988,2532036,15.84,1110644,3043700,104
fog-k3s-master3,1,2026-06-05 16:46:59 UTC,11443100,14465240,1054700,6.60,125732,3084016,2532036,15.84,1110732,3043732,116
fog-k3s-master3,1,2026-06-05 16:47:00 UTC,11443100,14465260,1054680,6.60,125740,3084028,2532036,15.84,1110748,3043752,296
fog-k3s-master3,1,2026-06-05 16:47:01 UTC,11442848,14465032,1054904,6.60,125740,3084052,2532036,15.84,1110748,3043776,68
fog-k3s-master3,1,2026-06-05 16:47:02 UTC,11442848,14465032,1054892,6.60,125740,3084064,2532036,15.84,1110748,3043776,84
fog-k3s-master3,1,2026-06-05 16:47:03 UTC,11442848,14465064,1054872,6.60,125740,3084080,2532036,15.84,1110756,3043804,96
fog-k3s-master3,1,2026-06-05 16:47:04 UTC,11442848,14465064,1054860,6.60,125740,3084092,2532036,15.84,1109996,3043804,44
fog-k3s-master3,1,2026-06-05 16:47:05 UTC,11443720,14465940,1054060,6.60,125740,3084116,2532036,15.84,1109852,3043808,244
fog-k3s-master3,1,2026-06-05 16:47:06 UTC,11443468,14465740,1054292,6.60,125740,3084136,2532036,15.84,1110136,3043860,268
fog-k3s-master3,1,2026-06-05 16:47:07 UTC,11443468,14465752,1054280,6.60,125740,3084148,2532036,15.84,1110136,3043872,204
fog-k3s-master3,1,2026-06-05 16:47:08 UTC,11443220,14465504,1054512,6.60,125744,3084160,2532036,15.84,1109240,3043872,228
fog-k3s-master3,1,2026-06-05 16:47:09 UTC,11443220,14465532,1054496,6.60,125744,3084176,2532036,15.84,1109244,3043900,236
fog-k3s-master3,1,2026-06-05 16:47:10 UTC,11443220,14465544,1054484,6.60,125744,3084188,2532036,15.84,1109244,3043912,248
fog-k3s-master3,1,2026-06-05 16:47:11 UTC,11443220,14465552,1054472,6.60,125744,3084204,2532036,15.84,1109244,3043920,88
fog-k3s-master3,1,2026-06-05 16:47:12 UTC,11443220,14465552,1054460,6.60,125744,3084216,2532036,15.84,1109244,3043920,100
fog-k3s-master3,1,2026-06-05 16:47:13 UTC,11443220,14465604,1054408,6.60,125748,3084252,2532036,15.84,1109784,3043972,56
fog-k3s-master3,1,2026-06-05 16:47:14 UTC,11443220,14465620,1054392,6.60,125748,3084268,2532036,15.84,1109788,3043988,72
fog-k3s-master3,1,2026-06-05 16:47:15 UTC,11443220,14465652,1054372,6.60,125752,3084284,2532036,15.84,1109824,3044020,248
fog-k3s-master3,1,2026-06-05 16:47:16 UTC,11442212,14464660,1055340,6.60,125752,3084312,2532036,15.84,1110200,3044036,268
fog-k3s-master3,1,2026-06-05 16:47:17 UTC,11442212,14464684,1055332,6.60,125752,3084324,2532036,15.84,1110332,3044060,280
fog-k3s-master3,1,2026-06-05 16:47:18 UTC,11441960,14464444,1055572,6.60,125752,3084336,2532036,15.84,1110332,3044072,292
fog-k3s-master3,1,2026-06-05 16:47:19 UTC,11441960,14464464,1055552,6.60,125752,3084356,2532036,15.84,1110352,3044092,200
fog-k3s-master3,1,2026-06-05 16:47:20 UTC,11441960,14464476,1055540,6.60,125752,3084368,2532036,15.84,1110352,3044104,216
fog-k3s-master3,1,2026-06-05 16:47:21 UTC,11441960,14464500,1055516,6.60,125756,3084388,2532036,15.84,1110380,3044128,68
fog-k3s-master3,1,2026-06-05 16:47:22 UTC,11441708,14464260,1055756,6.61,125756,3084400,2532036,15.84,1109724,3044140,80
fog-k3s-master3,1,2026-06-05 16:47:23 UTC,11441456,14464012,1055992,6.61,125756,3084416,2532036,15.84,1109724,3044144,92
fog-k3s-master3,1,2026-06-05 16:47:24 UTC,11441456,14464040,1055976,6.61,125756,3084432,2532036,15.84,1109724,3044172,104
fog-k3s-master3,1,2026-06-05 16:47:25 UTC,11441456,14464052,1055964,6.61,125756,3084444,2532036,15.84,1109724,3044184,200
fog-k3s-master3,1,2026-06-05 16:47:26 UTC,11441456,14464072,1055944,6.61,125760,3084460,2532036,15.84,1110040,3044204,52
fog-k3s-master3,1,2026-06-05 16:47:27 UTC,11440728,14463348,1056656,6.61,125760,3084476,2532036,15.84,1110228,3044208,64
fog-k3s-master3,1,2026-06-05 16:47:28 UTC,11440728,14463372,1056656,6.61,125760,3084488,2532036,15.84,1110716,3044232,76
fog-k3s-master3,1,2026-06-05 16:47:29 UTC,11438964,14461640,1058388,6.62,125764,3084516,2535240,15.86,1112468,3044264,252
fog-k3s-master3,1,2026-06-05 16:47:30 UTC,11441160,14463856,1056204,6.61,125764,3084532,2532036,15.84,1110820,3044280,300
fog-k3s-master3,1,2026-06-05 16:47:31 UTC,11440936,14463644,1056432,6.61,125764,3084544,2532036,15.84,1110820,3044292,340
fog-k3s-master3,1,2026-06-05 16:47:32 UTC,11440936,14463664,1056400,6.61,125768,3084572,2532036,15.84,1110844,3044312,356
fog-k3s-master3,1,2026-06-05 16:47:33 UTC,11440936,14463688,1056388,6.61,125768,3084584,2532036,15.84,1110844,3044336,368
fog-k3s-master3,1,2026-06-05 16:47:34 UTC,11440936,14463692,1056372,6.61,125768,3084600,2532036,15.84,1110052,3044340,380
fog-k3s-master3,1,2026-06-05 16:47:35 UTC,11440936,14463692,1056328,6.61,125768,3084612,2532036,15.84,1109896,3044340,220
fog-k3s-master3,1,2026-06-05 16:47:36 UTC,11440936,14463736,1056300,6.61,125772,3084628,2532036,15.84,1110020,3044384,260
fog-k3s-master3,1,2026-06-05 16:47:37 UTC,11440444,14463264,1056752,6.61,125772,3084648,2532036,15.84,1110020,3044404,204
fog-k3s-master3,1,2026-06-05 16:47:38 UTC,11439692,14462524,1057476,6.62,125772,3084668,2532892,15.85,1109588,3044416,232
fog-k3s-master3,1,2026-06-05 16:47:39 UTC,11439188,14462032,1057940,6.62,125772,3084684,2532036,15.84,1109336,3044428,248
fog-k3s-master3,1,2026-06-05 16:47:40 UTC,11439188,14462036,1057924,6.62,125772,3084700,2532036,15.84,1109336,3044432,260
fog-k3s-master3,1,2026-06-05 16:47:41 UTC,11439188,14462036,1057908,6.62,125772,3084712,2532036,15.84,1109336,3044432,104
fog-k3s-master3,1,2026-06-05 16:47:42 UTC,11439188,14462036,1057900,6.62,125776,3084720,2532036,15.84,1109336,3044432,116
fog-k3s-master3,1,2026-06-05 16:47:43 UTC,11439188,14462108,1057876,6.62,125776,3084744,2532036,15.84,1109788,3044504,40
fog-k3s-master3,1,2026-06-05 16:47:44 UTC,11439188,14462140,1057840,6.62,125780,3084772,2532036,15.84,1109848,3044532,56
fog-k3s-master3,1,2026-06-05 16:47:45 UTC,11439188,14462164,1057820,6.62,125784,3084788,2532036,15.84,1109848,3044556,72
fog-k3s-master3,1,2026-06-05 16:47:46 UTC,11438936,14461928,1058056,6.62,125784,3084804,2532036,15.84,1110380,3044572,84
fog-k3s-master3,1,2026-06-05 16:47:47 UTC,11438936,14461944,1058036,6.62,125788,3084820,2532036,15.84,1110460,3044588,100
fog-k3s-master3,1,2026-06-05 16:47:48 UTC,11438936,14461944,1058028,6.62,125788,3084832,2532036,15.84,1110460,3044588,112
fog-k3s-master3,1,2026-06-05 16:47:49 UTC,11438936,14461968,1058016,6.62,125788,3084844,2532036,15.84,1110460,3044612,48
fog-k3s-master3,1,2026-06-05 16:47:50 UTC,11438936,14461984,1058004,6.62,125788,3084856,2532036,15.84,1110464,3044628,228
fog-k3s-master3,1,2026-06-05 16:47:51 UTC,11438936,14461992,1057980,6.62,125788,3084876,2532036,15.84,1110496,3044636,236
fog-k3s-master3,1,2026-06-05 16:47:52 UTC,11438936,14462016,1057968,6.62,125788,3084888,2532036,15.84,1109896,3044660,248
fog-k3s-master3,1,2026-06-05 16:47:53 UTC,11438936,14462020,1057952,6.62,125788,3084904,2532036,15.84,1109904,3044664,260
fog-k3s-master3,1,2026-06-05 16:47:54 UTC,11438936,14462048,1057936,6.62,125788,3084920,2532036,15.84,1109904,3044692,272
fog-k3s-master3,1,2026-06-05 16:47:55 UTC,11438936,14462052,1057920,6.62,125788,3084936,2532036,15.84,1109904,3044696,220
fog-k3s-master3,1,2026-06-05 16:47:56 UTC,11438936,14462076,1057908,6.62,125788,3084948,2532036,15.84,1110120,3044720,64
fog-k3s-master3,1,2026-06-05 16:47:57 UTC,11438936,14462096,1057880,6.62,125792,3084964,2532036,15.84,1110412,3044740,76
fog-k3s-master3,1,2026-06-05 16:47:58 UTC,11438936,14462108,1057868,6.62,125792,3084976,2532036,15.84,1110808,3044752,88
fog-k3s-master3,1,2026-06-05 16:47:59 UTC,11438936,14462120,1057844,6.62,125800,3084992,2532036,15.84,1110984,3044764,100
fog-k3s-master3,1,2026-06-05 16:48:00 UTC,11438936,14462152,1057824,6.62,125800,3085012,2532036,15.84,1111016,3044796,272
fog-k3s-master3,1,2026-06-05 16:48:01 UTC,11438936,14462172,1057804,6.62,125800,3085028,2532036,15.84,1111016,3044812,208
fog-k3s-master3,1,2026-06-05 16:48:02 UTC,11438936,14462188,1057788,6.62,125800,3085044,2532036,15.84,1111016,3044828,224
fog-k3s-master3,1,2026-06-05 16:48:03 UTC,11438936,14462204,1057772,6.62,125800,3085060,2532036,15.84,1111016,3044844,236
fog-k3s-master3,1,2026-06-05 16:48:04 UTC,11438688,14461956,1058008,6.62,125800,3085072,2532036,15.84,1110072,3044844,248
fog-k3s-master3,1,2026-06-05 16:48:05 UTC,11439096,14462392,1057572,6.62,125800,3085100,2532036,15.84,1111056,3044872,276
fog-k3s-master3,1,2026-06-05 16:48:06 UTC,11438848,14462172,1057780,6.62,125804,3085112,2532036,15.84,1111404,3044900,128
fog-k3s-master3,1,2026-06-05 16:48:07 UTC,11438848,14462192,1057760,6.62,125804,3085132,2532036,15.84,1111288,3044920,20
fog-k3s-master3,1,2026-06-05 16:48:08 UTC,11438848,14462192,1057756,6.62,125804,3085140,2532036,15.84,1110512,3044920,32
fog-k3s-master3,1,2026-06-05 16:48:09 UTC,11438848,14462216,1057740,6.62,125804,3085156,2532036,15.84,1110520,3044944,64
fog-k3s-master3,1,2026-06-05 16:48:10 UTC,11438848,14462220,1057724,6.62,125804,3085172,2532036,15.84,1110520,3044948,76
fog-k3s-master3,1,2026-06-05 16:48:11 UTC,11438596,14461972,1057960,6.62,125804,3085188,2532036,15.84,1110600,3044952,84
fog-k3s-master3,1,2026-06-05 16:48:12 UTC,11438596,14462008,1057948,6.62,125804,3085200,2532036,15.84,1110624,3044988,96
fog-k3s-master3,1,2026-06-05 16:48:13 UTC,11437840,14461272,1058676,6.62,125808,3085224,2532036,15.84,1111828,3045008,48
fog-k3s-master3,1,2026-06-05 16:48:14 UTC,11437840,14461276,1058656,6.62,125808,3085240,2532036,15.84,1111940,3045012,64
fog-k3s-master3,1,2026-06-05 16:48:15 UTC,11437840,14461296,1058632,6.62,125808,3085264,2532036,15.84,1112032,3045032,240
fog-k3s-master3,1,2026-06-05 16:48:16 UTC,11437840,14461332,1058608,6.62,125808,3085288,2532036,15.84,1111932,3045068,264
fog-k3s-master3,1,2026-06-05 16:48:17 UTC,11439124,14462644,1057308,6.62,125812,3085300,2532036,15.84,1112328,3045096,276
fog-k3s-master3,1,2026-06-05 16:48:18 UTC,11427080,14450616,1069344,6.69,125812,3085316,2532036,15.84,1119372,3045112,296
fog-k3s-master3,1,2026-06-05 16:48:19 UTC,11426828,14450380,1069580,6.69,125812,3085332,2532036,15.84,1119676,3045128,208
fog-k3s-master3,1,2026-06-05 16:48:20 UTC,11426828,14450380,1069568,6.69,125812,3085344,2532036,15.84,1119676,3045128,48
fog-k3s-master3,1,2026-06-05 16:48:21 UTC,11426828,14450412,1069548,6.69,125812,3085364,2532036,15.84,1119756,3045160,76
fog-k3s-master3,1,2026-06-05 16:48:22 UTC,11426828,14450424,1069536,6.69,125820,3085368,2532036,15.84,1119028,3045172,88
fog-k3s-master3,1,2026-06-05 16:48:23 UTC,11431072,14454696,1065264,6.67,125820,3085396,2532036,15.84,1119060,3045200,100
fog-k3s-master3,1,2026-06-05 16:48:24 UTC,11431072,14454696,1065252,6.67,125820,3085408,2532036,15.84,1119060,3045200,112
fog-k3s-master3,1,2026-06-05 16:48:25 UTC,11430820,14454448,1065488,6.67,125820,3085424,2532036,15.84,1119060,3045204,216
fog-k3s-master3,1,2026-06-05 16:48:26 UTC,11430068,14453696,1066228,6.67,125820,3085436,2532036,15.84,1119180,3045204,68
fog-k3s-master3,1,2026-06-05 16:48:27 UTC,11430068,14453752,1066204,6.67,125820,3085452,2532036,15.84,1119500,3045256,80
fog-k3s-master3,1,2026-06-05 16:48:28 UTC,11430068,14453760,1066196,6.67,125820,3085460,2532036,15.84,1119828,3045264,88
fog-k3s-master3,1,2026-06-05 16:48:29 UTC,11430068,14453780,1066184,6.67,125820,3085480,2532036,15.84,1120168,3045284,100
fog-k3s-master3,1,2026-06-05 16:48:30 UTC,11430068,14453800,1066164,6.67,125820,3085500,2532036,15.84,1120168,3045304,276
fog-k3s-master3,1,2026-06-05 16:48:31 UTC,11429844,14453592,1066372,6.67,125820,3085516,2532036,15.84,1120168,3045320,212
fog-k3s-master3,1,2026-06-05 16:48:32 UTC,11429844,14453592,1066360,6.67,125820,3085528,2532036,15.84,1120168,3045320,228
fog-k3s-master3,1,2026-06-05 16:48:33 UTC,11429620,14453396,1066568,6.67,125820,3085544,2532036,15.84,1120168,3045348,240
fog-k3s-master3,1,2026-06-05 16:48:34 UTC,11429620,14453396,1066556,6.67,125820,3085556,2532036,15.84,1119156,3045348,252
fog-k3s-master3,1,2026-06-05 16:48:35 UTC,11429620,14453412,1066540,6.67,125820,3085572,2532036,15.84,1119160,3045364,280
fog-k3s-master3,1,2026-06-05 16:48:36 UTC,11429620,14453416,1066492,6.67,125820,3085588,2532036,15.84,1118928,3045368,116
fog-k3s-master3,1,2026-06-05 16:48:37 UTC,11429620,14453452,1066472,6.67,125820,3085608,2532036,15.84,1119288,3045404,52
fog-k3s-master3,1,2026-06-05 16:48:38 UTC,11429620,14453452,1066448,6.67,125820,3085632,2532036,15.84,1118472,3045404,84
fog-k3s-master3,1,2026-06-05 16:48:39 UTC,11429620,14453456,1066432,6.67,125820,3085648,2532036,15.84,1118572,3045408,48
fog-k3s-master3,1,2026-06-05 16:48:40 UTC,11429620,14453460,1066416,6.67,125820,3085660,2532036,15.84,1118572,3045408,60
fog-k3s-master3,1,2026-06-05 16:48:41 UTC,11429620,14453464,1066396,6.67,125824,3085676,2532036,15.84,1118572,3045412,260
fog-k3s-master3,1,2026-06-05 16:48:42 UTC,11429620,14453528,1066380,6.67,125824,3085692,2532036,15.84,1118576,3045476,272
fog-k3s-master3,1,2026-06-05 16:48:43 UTC,11429368,14453312,1066624,6.67,125824,3085704,2532036,15.84,1119036,3045512,192
fog-k3s-master3,1,2026-06-05 16:48:44 UTC,11429368,14453332,1066604,6.67,125828,3085720,2532036,15.84,1119060,3045532,220
fog-k3s-master3,1,2026-06-05 16:48:45 UTC,11429368,14453364,1066572,6.67,125828,3085752,2532036,15.84,1119140,3045564,68
fog-k3s-master3,1,2026-06-05 16:48:46 UTC,11429368,14453364,1066560,6.67,125828,3085764,2532036,15.84,1119260,3045564,84
fog-k3s-master3,1,2026-06-05 16:48:47 UTC,11429368,14453388,1066536,6.67,125832,3085780,2532036,15.84,1119652,3045588,96
fog-k3s-master3,1,2026-06-05 16:48:48 UTC,11429368,14453400,1066528,6.67,125832,3085788,2532036,15.84,1119696,3045600,104
fog-k3s-master3,1,2026-06-05 16:48:49 UTC,11429368,14453420,1066512,6.67,125832,3085804,2532036,15.84,1119696,3045620,44
fog-k3s-master3,1,2026-06-05 16:48:50 UTC,11428864,14452992,1066900,6.68,125932,3085816,2532036,15.84,1119696,3045696,228
fog-k3s-master3,1,2026-06-05 16:48:51 UTC,11428864,14453016,1066844,6.67,125964,3085840,2532036,15.84,1119700,3045720,76
fog-k3s-master3,1,2026-06-05 16:48:52 UTC,11428864,14453092,1066824,6.67,125964,3085860,2532036,15.84,1119036,3045796,88
fog-k3s-master3,1,2026-06-05 16:48:53 UTC,11428864,14453124,1066804,6.67,125964,3085876,2532036,15.84,1119040,3045824,100
fog-k3s-master3,1,2026-06-05 16:48:54 UTC,11428360,14452620,1067296,6.68,125964,3085888,2532036,15.84,1119040,3045824,112
fog-k3s-master3,1,2026-06-05 16:48:55 UTC,11428360,14452648,1067280,6.68,125964,3085904,2532036,15.84,1119048,3045852,48
fog-k3s-master3,1,2026-06-05 16:48:56 UTC,11428360,14452648,1067268,6.68,125964,3085916,2532036,15.84,1119228,3045852,232
fog-k3s-master3,1,2026-06-05 16:48:57 UTC,11428360,14452676,1067252,6.68,125964,3085932,2532036,15.84,1119548,3045880,248
fog-k3s-master3,1,2026-06-05 16:48:58 UTC,11428360,14452688,1067236,6.68,125964,3085944,2532036,15.84,1120072,3045892,260
fog-k3s-master3,1,2026-06-05 16:48:59 UTC,11428136,14452484,1067440,6.68,125964,3085964,2532036,15.84,1120180,3045912,272
fog-k3s-master3,1,2026-06-05 16:49:00 UTC,11428136,14452488,1067424,6.68,125964,3085980,2532036,15.84,1120212,3045916,284
fog-k3s-master3,1,2026-06-05 16:49:01 UTC,11428136,14452516,1067408,6.68,125964,3086000,2532036,15.84,1120220,3045944,60
fog-k3s-master3,1,2026-06-05 16:49:02 UTC,11428136,14452532,1067388,6.68,125968,3086016,2532036,15.84,1120220,3045960,76
fog-k3s-master3,1,2026-06-05 16:49:03 UTC,11428136,14452556,1067368,6.68,125972,3086032,2532036,15.84,1120220,3045984,88
fog-k3s-master3,1,2026-06-05 16:49:04 UTC,11428136,14452568,1067356,6.68,125972,3086044,2532036,15.84,1119376,3045996,100
fog-k3s-master3,1,2026-06-05 16:49:05 UTC,11427912,14452360,1067592,6.68,125972,3086060,2532036,15.84,1119240,3046012,280
fog-k3s-master3,1,2026-06-05 16:49:06 UTC,11427912,14452384,1067568,6.68,125972,3086084,2532036,15.84,1119188,3046036,308
fog-k3s-master3,1,2026-06-05 16:49:07 UTC,11427408,14451904,1068056,6.68,125976,3086100,2532036,15.84,1119504,3046060,244
fog-k3s-master3,1,2026-06-05 16:49:08 UTC,11427408,14451912,1068048,6.68,125976,3086108,2532036,15.84,1118632,3046068,256
fog-k3s-master3,1,2026-06-05 16:49:09 UTC,11427408,14451928,1068032,6.68,125976,3086124,2532036,15.84,1118632,3046084,268
fog-k3s-master3,1,2026-06-05 16:49:10 UTC,11428832,14453368,1066588,6.67,125980,3086140,2532036,15.84,1118636,3046100,96
fog-k3s-master3,1,2026-06-05 16:49:11 UTC,11428832,14453368,1066576,6.67,125980,3086152,2532036,15.84,1118636,3046100,48
fog-k3s-master3,1,2026-06-05 16:49:12 UTC,11428580,14453152,1066808,6.67,125984,3086168,2532036,15.84,1118636,3046136,96
fog-k3s-master3,1,2026-06-05 16:49:13 UTC,11427828,14452400,1067560,6.68,125992,3086160,2532036,15.84,1118796,3046136,96
fog-k3s-master3,1,2026-06-05 16:49:14 UTC,11427828,14452436,1067508,6.68,125996,3086208,2532036,15.84,1119072,3046172,64
fog-k3s-master3,1,2026-06-05 16:49:15 UTC,11427828,14452440,1067492,6.68,125996,3086224,2532036,15.84,1119124,3046176,76
fog-k3s-master3,1,2026-06-05 16:49:16 UTC,11427352,14451988,1067944,6.68,125996,3086248,2532036,15.84,1119400,3046200,104
fog-k3s-master3,1,2026-06-05 16:49:17 UTC,11427352,14452036,1067920,6.68,125996,3086264,2532036,15.84,1119644,3046244,116
fog-k3s-master3,1,2026-06-05 16:49:18 UTC,11427352,14452052,1067908,6.68,125996,3086280,2532036,15.84,1119644,3046260,104
fog-k3s-master3,1,2026-06-05 16:49:19 UTC,11427352,14452068,1067892,6.68,125996,3086296,2532036,15.84,1119744,3046276,40
fog-k3s-master3,1,2026-06-05 16:49:20 UTC,11427352,14452068,1067880,6.68,125996,3086308,2532036,15.84,1119744,3046276,56
fog-k3s-master3,1,2026-06-05 16:49:21 UTC,11427352,14452076,1067856,6.68,126000,3086328,2532036,15.84,1119084,3046284,232
fog-k3s-master3,1,2026-06-05 16:49:22 UTC,11427352,14452092,1067844,6.68,126000,3086340,2532036,15.84,1119084,3046300,244
fog-k3s-master3,1,2026-06-05 16:49:23 UTC,11427352,14452132,1067828,6.68,126000,3086356,2532036,15.84,1119084,3046340,256
fog-k3s-master3,1,2026-06-05 16:49:24 UTC,11427352,14452148,1067808,6.68,126004,3086372,2532036,15.84,1119152,3046356,268
fog-k3s-master3,1,2026-06-05 16:49:25 UTC,11427352,14452164,1067792,6.68,126004,3086388,2532036,15.84,1119164,3046372,24
fog-k3s-master3,1,2026-06-05 16:49:26 UTC,11427352,14452180,1067780,6.68,126004,3086400,2532036,15.84,1119224,3046388,56
fog-k3s-master3,1,2026-06-05 16:49:27 UTC,11427352,14452184,1067768,6.68,126004,3086412,2532036,15.84,1119668,3046392,68
fog-k3s-master3,1,2026-06-05 16:49:28 UTC,11427100,14451952,1068008,6.68,126004,3086424,2532036,15.84,1120188,3046412,80
fog-k3s-master3,1,2026-06-05 16:49:29 UTC,11427100,14451972,1067984,6.68,126008,3086444,2532036,15.84,1120312,3046432,92
fog-k3s-master3,1,2026-06-05 16:49:30 UTC,11425868,14450768,1069128,6.69,126012,3086464,2532036,15.84,1120312,3046460,100
fog-k3s-master3,1,2026-06-05 16:49:31 UTC,11425868,14450768,1069116,6.69,126012,3086476,2532036,15.84,1120312,3046460,40
fog-k3s-master3,1,2026-06-05 16:49:32 UTC,11425868,14450792,1069104,6.69,126012,3086488,2532036,15.84,1120312,3046484,56
fog-k3s-master3,1,2026-06-05 16:49:33 UTC,11425868,14450812,1069080,6.69,126016,3086508,2532036,15.84,1120376,3046504,68
fog-k3s-master3,1,2026-06-05 16:49:34 UTC,11425868,14450812,1069080,6.69,126016,3086508,2532036,15.84,1119684,3046504,68
fog-k3s-master3,1,2026-06-05 16:49:35 UTC,11425868,14450828,1069044,6.69,126020,3086536,2532036,15.84,1119592,3046520,260
fog-k3s-master3,1,2026-06-05 16:49:36 UTC,11425868,14450836,1069024,6.69,126024,3086552,2532036,15.84,1120420,3046528,276
fog-k3s-master3,1,2026-06-05 16:49:37 UTC,11425868,14450888,1069000,6.69,126028,3086568,2532036,15.84,1120740,3046580,212
fog-k3s-master3,1,2026-06-05 16:49:38 UTC,11425868,14450888,1068976,6.69,126028,3086592,2532036,15.84,1120040,3046580,244
fog-k3s-master3,1,2026-06-05 16:49:39 UTC,11425868,14450932,1068952,6.69,126032,3086612,2532036,15.84,1120096,3046624,256
fog-k3s-master3,1,2026-06-05 16:49:40 UTC,11425868,14450932,1068940,6.69,126032,3086624,2532036,15.84,1120096,3046624,280
fog-k3s-master3,1,2026-06-05 16:49:41 UTC,11425364,14450460,1069432,6.69,126032,3086640,2532036,15.84,1120104,3046652,108
fog-k3s-master3,1,2026-06-05 16:49:42 UTC,11425364,14450460,1069420,6.69,126032,3086652,2532036,15.84,1120104,3046652,104
fog-k3s-master3,1,2026-06-05 16:49:43 UTC,11425364,14450492,1069404,6.69,126032,3086668,2532036,15.84,1120504,3046684,24
fog-k3s-master3,1,2026-06-05 16:49:44 UTC,11425364,14450496,1069388,6.69,126032,3086684,2532036,15.84,1120580,3046688,40
fog-k3s-master3,1,2026-06-05 16:49:45 UTC,11425364,14450528,1069372,6.69,126032,3086704,2532036,15.84,1120620,3046720,220
fog-k3s-master3,1,2026-06-05 16:49:46 UTC,11425364,14450540,1069348,6.69,126036,3086720,2532036,15.84,1120300,3046728,244
fog-k3s-master3,1,2026-06-05 16:49:47 UTC,11425112,14450312,1069584,6.69,126036,3086732,2532036,15.84,1120832,3046752,252
fog-k3s-master3,1,2026-06-05 16:49:48 UTC,11425112,14450312,1069572,6.69,126036,3086744,2532036,15.84,1120888,3046752,264
fog-k3s-master3,1,2026-06-05 16:49:49 UTC,11425112,14450316,1069556,6.69,126036,3086760,2532036,15.84,1120900,3046756,204
fog-k3s-master3,1,2026-06-05 16:49:50 UTC,11425112,14450356,1069540,6.69,126036,3086776,2532036,15.84,1120900,3046796,220
fog-k3s-master3,1,2026-06-05 16:49:51 UTC,11424860,14450124,1069772,6.69,126040,3086792,2532036,15.84,1120900,3046816,64
fog-k3s-master3,1,2026-06-05 16:49:52 UTC,11424860,14450124,1069760,6.69,126040,3086804,2532036,15.84,1120176,3046816,76
fog-k3s-master3,1,2026-06-05 16:49:53 UTC,11424608,14449904,1069988,6.69,126040,3086824,2532036,15.84,1120176,3046848,88
fog-k3s-master3,1,2026-06-05 16:49:54 UTC,11424608,14449904,1069976,6.69,126040,3086836,2532036,15.84,1120184,3046848,100
fog-k3s-master3,1,2026-06-05 16:49:55 UTC,11424608,14449908,1069960,6.69,126040,3086852,2532036,15.84,1120184,3046852,204
fog-k3s-master3,1,2026-06-05 16:49:56 UTC,11424608,14449908,1069948,6.69,126040,3086864,2532036,15.84,1120200,3046852,56
fog-k3s-master3,1,2026-06-05 16:49:57 UTC,11424608,14449960,1069932,6.69,126040,3086880,2532036,15.84,1120708,3046904,68
fog-k3s-master3,1,2026-06-05 16:49:58 UTC,11429044,14454396,1065484,6.67,126040,3086892,2532036,15.84,1121188,3046904,220
fog-k3s-master3,1,2026-06-05 16:49:59 UTC,11429044,14454428,1065464,6.67,126040,3086912,2532036,15.84,1120848,3046936,232
fog-k3s-master3,1,2026-06-05 16:50:00 UTC,11429044,14454444,1065448,6.67,126044,3086928,2532036,15.84,1120848,3046952,244
fog-k3s-master3,1,2026-06-05 16:50:01 UTC,11429044,14454456,1065432,6.67,126048,3086944,2532036,15.84,1120848,3046964,276
fog-k3s-master3,1,2026-06-05 16:50:02 UTC,11429044,14454460,1065412,6.67,126052,3086960,2532036,15.84,1120848,3046968,292
fog-k3s-master3,1,2026-06-05 16:50:03 UTC,11429044,14454504,1065364,6.67,126052,3086976,2532036,15.84,1120848,3047012,68
fog-k3s-master3,1,2026-06-05 16:50:04 UTC,11429044,14454504,1065352,6.67,126052,3086988,2532036,15.84,1120064,3047012,80
fog-k3s-master3,1,2026-06-05 16:50:05 UTC,11430512,14456000,1063932,6.66,126052,3087004,2532036,15.84,1119864,3047040,264
fog-k3s-master3,1,2026-06-05 16:50:06 UTC,11430008,14455528,1064404,6.66,126052,3087032,2532036,15.84,1119624,3047068,296
fog-k3s-master3,1,2026-06-05 16:50:07 UTC,11429756,14455288,1064644,6.66,126052,3087044,2532036,15.84,1119948,3047080,376
fog-k3s-master3,1,2026-06-05 16:50:08 UTC,11429756,14455288,1064632,6.66,126052,3087056,2532036,15.84,1119180,3047080,392
fog-k3s-master3,1,2026-06-05 16:50:09 UTC,11429756,14455292,1064616,6.66,126052,3087072,2532036,15.84,1119224,3047084,404
fog-k3s-master3,1,2026-06-05 16:50:10 UTC,11429252,14454792,1065104,6.66,126052,3087088,2532036,15.84,1119224,3047088,112
fog-k3s-master3,1,2026-06-05 16:50:11 UTC,11429252,14454844,1065092,6.66,126052,3087104,2532036,15.84,1119248,3047140,108
fog-k3s-master3,1,2026-06-05 16:50:12 UTC,11429004,14454608,1065328,6.67,126052,3087116,2532036,15.84,1119248,3047152,120
fog-k3s-master3,1,2026-06-05 16:50:13 UTC,11428752,14454372,1065564,6.67,126052,3087140,2532036,15.84,1119652,3047168,68
fog-k3s-master3,1,2026-06-05 16:50:14 UTC,11428752,14454388,1065548,6.67,126052,3087156,2532036,15.84,1119732,3047184,36
fog-k3s-master3,1,2026-06-05 16:50:15 UTC,11428752,14454412,1065524,6.67,126056,3087176,2532036,15.84,1119772,3047208,60
fog-k3s-master3,1,2026-06-05 16:50:16 UTC,11428752,14454428,1065492,6.67,126056,3087208,2532036,15.84,1119772,3047224,104
fog-k3s-master3,1,2026-06-05 16:50:17 UTC,11428248,14453968,1065976,6.67,126060,3087224,2532036,15.84,1120248,3047268,124
fog-k3s-master3,1,2026-06-05 16:50:18 UTC,11428248,14453980,1065960,6.67,126060,3087236,2532036,15.84,1120280,3047280,108
fog-k3s-master3,1,2026-06-05 16:50:19 UTC,11428248,14453996,1065940,6.67,126064,3087252,2532036,15.84,1120336,3047296,52
fog-k3s-master3,1,2026-06-05 16:50:20 UTC,11428248,14454012,1065928,6.67,126064,3087264,2532036,15.84,1120336,3047312,68
fog-k3s-master3,1,2026-06-05 16:50:21 UTC,11428248,14454020,1065904,6.67,126072,3087284,2532036,15.84,1119720,3047320,240
fog-k3s-master3,1,2026-06-05 16:50:22 UTC,11429216,14455008,1064924,6.66,126072,3087296,2532036,15.84,1119720,3047340,252
fog-k3s-master3,1,2026-06-05 16:50:23 UTC,11428964,14454788,1065156,6.66,126076,3087312,2532036,15.84,1119720,3047372,264
fog-k3s-master3,1,2026-06-05 16:50:24 UTC,11428964,14454804,1065140,6.66,126076,3087328,2532036,15.84,1119720,3047388,276
fog-k3s-master3,1,2026-06-05 16:50:25 UTC,11428964,14454820,1065124,6.66,126076,3087344,2532036,15.84,1119720,3047404,224
fog-k3s-master3,1,2026-06-05 16:50:26 UTC,11428964,14454820,1065116,6.66,126076,3087352,2532036,15.84,1119720,3047404,64
fog-k3s-master3,1,2026-06-05 16:50:27 UTC,11428460,14454348,1065596,6.67,126076,3087376,2532036,15.84,1120288,3047436,88
fog-k3s-master3,1,2026-06-05 16:50:28 UTC,11427956,14453844,1066100,6.67,126076,3087376,2532036,15.84,1120608,3047436,80
fog-k3s-master3,1,2026-06-05 16:50:29 UTC,11427956,14453872,1066072,6.67,126076,3087404,2532036,15.84,1120792,3047464,116
fog-k3s-master3,1,2026-06-05 16:50:30 UTC,11426224,14452172,1067772,6.68,126084,3087424,2532036,15.84,1120840,3047492,288
fog-k3s-master3,1,2026-06-05 16:50:31 UTC,11426224,14452188,1067756,6.68,126084,3087440,2532036,15.84,1120840,3047508,228
fog-k3s-master3,1,2026-06-05 16:50:32 UTC,11426224,14452200,1067744,6.68,126084,3087452,2532036,15.84,1120840,3047520,244
fog-k3s-master3,1,2026-06-05 16:50:33 UTC,11426224,14452216,1067728,6.68,126084,3087468,2532036,15.84,1120840,3047536,256
fog-k3s-master3,1,2026-06-05 16:50:34 UTC,11426224,14452216,1067716,6.68,126084,3087480,2532036,15.84,1119932,3047536,268
fog-k3s-master3,1,2026-06-05 16:50:35 UTC,11426224,14452220,1067700,6.68,126084,3087496,2532036,15.84,1119932,3047540,280
fog-k3s-master3,1,2026-06-05 16:50:36 UTC,11426224,14452224,1067684,6.68,126084,3087512,2532036,15.84,1119708,3047544,132
fog-k3s-master3,1,2026-06-05 16:50:37 UTC,11426224,14452228,1067664,6.68,126088,3087528,2532036,15.84,1119988,3047548,68
fog-k3s-master3,1,2026-06-05 16:50:38 UTC,11426224,14452304,1067640,6.68,126088,3087552,2532036,15.84,1119416,3047624,96
fog-k3s-master3,1,2026-06-05 16:50:39 UTC,11426224,14452308,1067632,6.68,126088,3087568,2532036,15.84,1119416,3047628,108
fog-k3s-master3,1,2026-06-05 16:50:40 UTC,11426224,14452308,1067620,6.68,126088,3087580,2532036,15.84,1119416,3047628,276
fog-k3s-master3,1,2026-06-05 16:50:41 UTC,11426224,14452348,1067632,6.68,126092,3087596,2532036,15.84,1119452,3047668,128
fog-k3s-master3,1,2026-06-05 16:50:42 UTC,11426224,14452352,1067620,6.68,126092,3087608,2532036,15.84,1119456,3047672,140
fog-k3s-master3,1,2026-06-05 16:50:43 UTC,11426224,14452380,1067600,6.68,126092,3087624,2532036,15.84,1119836,3047700,76
fog-k3s-master3,1,2026-06-05 16:50:44 UTC,11426224,14452384,1067580,6.68,126096,3087640,2532036,15.84,1119836,3047704,80
fog-k3s-master3,1,2026-06-05 16:50:45 UTC,11426224,14452420,1067560,6.68,126096,3087660,2532036,15.84,1119924,3047740,212
fog-k3s-master3,1,2026-06-05 16:50:46 UTC,11426224,14452420,1067552,6.68,126096,3087668,2532036,15.84,1119924,3047740,220
fog-k3s-master3,1,2026-06-05 16:50:47 UTC,11425468,14451688,1068292,6.68,126096,3087684,2532036,15.84,1120468,3047764,244
fog-k3s-master3,1,2026-06-05 16:50:48 UTC,11425468,14451704,1068276,6.68,126096,3087700,2532036,15.84,1120472,3047780,256
fog-k3s-master3,1,2026-06-05 16:50:49 UTC,11425468,14451720,1068256,6.68,126100,3087716,2532036,15.84,1120524,3047796,204
fog-k3s-master3,1,2026-06-05 16:50:50 UTC,11425468,14451720,1068244,6.68,126100,3087728,2532036,15.84,1120576,3047796,236
fog-k3s-master3,1,2026-06-05 16:50:51 UTC,11425468,14451736,1068252,6.68,126104,3087748,2532036,15.84,1120000,3047812,60
fog-k3s-master3,1,2026-06-05 16:50:52 UTC,11425468,14451736,1068240,6.68,126104,3087760,2532036,15.84,1119848,3047812,72
fog-k3s-master3,1,2026-06-05 16:50:53 UTC,11426360,14452684,1067328,6.68,126108,3087776,2532036,15.84,1119852,3047868,84
fog-k3s-master3,1,2026-06-05 16:50:54 UTC,11426108,14452444,1067556,6.68,126108,3087800,2532036,15.84,1119868,3047880,96
fog-k3s-master3,1,2026-06-05 16:50:55 UTC,11426108,14452452,1067536,6.68,126108,3087816,2532036,15.84,1119868,3047884,32
fog-k3s-master3,1,2026-06-05 16:50:56 UTC,11426108,14452452,1067524,6.68,126108,3087828,2532036,15.84,1119872,3047884,52
fog-k3s-master3,1,2026-06-05 16:50:57 UTC,11425604,14452000,1068008,6.68,126108,3087844,2532036,15.84,1120364,3047936,68
fog-k3s-master3,1,2026-06-05 16:50:58 UTC,11425100,14451512,1068496,6.69,126108,3087860,2532036,15.84,1121048,3047952,80
fog-k3s-master3,1,2026-06-05 16:50:59 UTC,11425100,14451528,1068480,6.69,126108,3087876,2532036,15.84,1121048,3047968,92
fog-k3s-master3,1,2026-06-05 16:51:00 UTC,11425100,14451532,1068460,6.69,126112,3087892,2532036,15.84,1121052,3047972,104
fog-k3s-master3,1,2026-06-05 16:51:01 UTC,11425100,14451560,1068444,6.69,126112,3087908,2532036,15.84,1121052,3048000,200
fog-k3s-master3,1,2026-06-05 16:51:02 UTC,11425100,14451580,1068428,6.68,126112,3087924,2532036,15.84,1121060,3048020,216
fog-k3s-master3,1,2026-06-05 16:51:03 UTC,11425100,14451584,1068436,6.68,126112,3087936,2532036,15.84,1121060,3048032,228
fog-k3s-master3,1,2026-06-05 16:51:04 UTC,11425100,14451588,1068420,6.68,126112,3087952,2532036,15.84,1120340,3048036,240
fog-k3s-master3,1,2026-06-05 16:51:05 UTC,11424652,14451144,1068820,6.69,126112,3087968,2532036,15.84,1120184,3048040,252
fog-k3s-master3,1,2026-06-05 16:51:06 UTC,11424428,14450924,1068992,6.69,126116,3087984,2532036,15.84,1119952,3048044,116
fog-k3s-master3,1,2026-06-05 16:51:07 UTC,11424428,14450984,1068968,6.69,126116,3088004,2532036,15.84,1120380,3048104,56
fog-k3s-master3,1,2026-06-05 16:51:08 UTC,11424428,14450984,1068952,6.69,126116,3088016,2532036,15.84,1119504,3048104,72
fog-k3s-master3,1,2026-06-05 16:51:09 UTC,11424428,14450988,1068936,6.69,126116,3088032,2532036,15.84,1119540,3048108,84
fog-k3s-master3,1,2026-06-05 16:51:10 UTC,11424428,14450992,1068920,6.69,126116,3088048,2532036,15.84,1119544,3048112,84
fog-k3s-master3,1,2026-06-05 16:51:11 UTC,11424428,14451044,1068904,6.69,126116,3088064,2532036,15.84,1119544,3048164,256
fog-k3s-master3,1,2026-06-05 16:51:12 UTC,11424428,14451056,1068892,6.69,126116,3088076,2532036,15.84,1119544,3048176,268
fog-k3s-master3,1,2026-06-05 16:51:13 UTC,11424428,14451072,1068860,6.69,126116,3088104,2532036,15.84,1119960,3048192,220
fog-k3s-master3,1,2026-06-05 16:51:14 UTC,11424176,14450840,1069088,6.69,126120,3088120,2532036,15.84,1120096,3048208,236
fog-k3s-master3,1,2026-06-05 16:51:15 UTC,11424176,14450864,1069056,6.69,126132,3088140,2532036,15.84,1120132,3048232,32
fog-k3s-master3,1,2026-06-05 16:51:16 UTC,11424176,14450880,1069024,6.69,126132,3088168,2532036,15.84,1120132,3048248,96
fog-k3s-master3,1,2026-06-05 16:51:17 UTC,11423672,14450424,1069500,6.69,126132,3088180,2532036,15.84,1120640,3048296,108
fog-k3s-master3,1,2026-06-05 16:51:18 UTC,11423672,14450428,1069488,6.69,126132,3088196,2532036,15.84,1120640,3048300,128
fog-k3s-master3,1,2026-06-05 16:51:19 UTC,11423672,14450432,1069464,6.69,126136,3088212,2532036,15.84,1120692,3048304,36
fog-k3s-master3,1,2026-06-05 16:51:20 UTC,11423672,14450472,1069452,6.69,126136,3088224,2532036,15.84,1120712,3048344,228
fog-k3s-master3,1,2026-06-05 16:51:21 UTC,11423168,14449992,1069928,6.69,126140,3088240,2532036,15.84,1120192,3048364,72
fog-k3s-master3,1,2026-06-05 16:51:22 UTC,11422160,14449004,1070916,6.70,126144,3088256,2532036,15.84,1120020,3048384,84
fog-k3s-master3,1,2026-06-05 16:51:23 UTC,11422160,14449020,1070900,6.70,126144,3088272,2532036,15.84,1120020,3048400,96
fog-k3s-master3,1,2026-06-05 16:51:24 UTC,11422160,14449036,1070884,6.70,126144,3088288,2532036,15.84,1120020,3048416,108
fog-k3s-master3,1,2026-06-05 16:51:25 UTC,11422160,14449040,1070868,6.70,126148,3088300,2532036,15.84,1120020,3048420,212
fog-k3s-master3,1,2026-06-05 16:51:26 UTC,11422160,14449040,1070856,6.70,126148,3088312,2532036,15.84,1120020,3048420,228
fog-k3s-master3,1,2026-06-05 16:51:27 UTC,11421908,14448820,1071092,6.70,126152,3088324,2532036,15.84,1120520,3048452,240
fog-k3s-master3,1,2026-06-05 16:51:28 UTC,11421404,14448332,1071580,6.70,126152,3088340,2532036,15.84,1120980,3048468,252
fog-k3s-master3,1,2026-06-05 16:51:29 UTC,11421404,14448356,1071556,6.70,126160,3088356,2532036,15.84,1121124,3048492,264
fog-k3s-master3,1,2026-06-05 16:51:30 UTC,11421152,14448132,1071788,6.71,126160,3088376,2532036,15.84,1121232,3048520,276
fog-k3s-master3,1,2026-06-05 16:51:31 UTC,11421152,14448148,1071768,6.71,126160,3088396,2532036,15.84,1121232,3048536,188
fog-k3s-master3,1,2026-06-05 16:51:32 UTC,11421152,14448160,1071760,6.71,126160,3088408,2532036,15.84,1121232,3048548,204
fog-k3s-master3,1,2026-06-05 16:51:33 UTC,11421152,14448180,1071740,6.71,126164,3088424,2532036,15.84,1121232,3048564,216
fog-k3s-master3,1,2026-06-05 16:51:34 UTC,11421152,14448204,1071724,6.71,126168,3088440,2532036,15.84,1120228,3048588,228
fog-k3s-master3,1,2026-06-05 16:51:35 UTC,11421152,14448204,1071712,6.71,126168,3088452,2532036,15.84,1120228,3048588,344
fog-k3s-master3,1,2026-06-05 16:51:36 UTC,11421152,14448236,1071692,6.71,126172,3088468,2532036,15.84,1120000,3048620,116
fog-k3s-master3,1,2026-06-05 16:51:37 UTC,11421152,14448252,1071672,6.71,126172,3088484,2532036,15.84,1120436,3048636,52
fog-k3s-master3,1,2026-06-05 16:51:38 UTC,11421152,14448260,1071648,6.71,126172,3088508,2532036,15.84,1119532,3048644,80
fog-k3s-master3,1,2026-06-05 16:51:39 UTC,11421152,14448264,1071632,6.70,126172,3088524,2532036,15.84,1119532,3048648,92
fog-k3s-master3,1,2026-06-05 16:51:40 UTC,11421152,14448312,1071616,6.70,126172,3088540,2532036,15.84,1119536,3048696,104
fog-k3s-master3,1,2026-06-05 16:51:41 UTC,11421152,14448312,1071604,6.70,126172,3088552,2532036,15.84,1119536,3048696,288
fog-k3s-master3,1,2026-06-05 16:51:42 UTC,11421152,14448316,1071588,6.70,126172,3088568,2532036,15.84,1119536,3048700,304
fog-k3s-master3,1,2026-06-05 16:51:43 UTC,11423804,14451004,1068920,6.69,126176,3088580,2532036,15.84,1120028,3048736,368
fog-k3s-master3,1,2026-06-05 16:51:44 UTC,11423308,14450536,1069388,6.69,126176,3088608,2532036,15.84,1120092,3048764,372
fog-k3s-master3,1,2026-06-05 16:51:45 UTC,11423308,14450544,1069372,6.69,126176,3088624,2532036,15.84,1120092,3048772,396
fog-k3s-master3,1,2026-06-05 16:51:46 UTC,11423308,14450572,1069356,6.69,126176,3088636,2532036,15.84,1120144,3048796,124
fog-k3s-master3,1,2026-06-05 16:51:47 UTC,11423056,14450324,1069604,6.69,126176,3088640,2532036,15.84,1120384,3048800,152
fog-k3s-master3,1,2026-06-05 16:51:48 UTC,11423056,14450352,1069576,6.69,126180,3088668,2532036,15.84,1120584,3048828,88
fog-k3s-master3,1,2026-06-05 16:51:49 UTC,11423056,14450364,1069564,6.69,126180,3088680,2532036,15.84,1120612,3048840,28
fog-k3s-master3,1,2026-06-05 16:51:50 UTC,11423056,14450368,1069544,6.69,126184,3088696,2532036,15.84,1120652,3048844,220
fog-k3s-master3,1,2026-06-05 16:51:51 UTC,11422804,14450144,1069776,6.69,126188,3088708,2532036,15.84,1120132,3048872,68
fog-k3s-master3,1,2026-06-05 16:51:52 UTC,11422804,14450160,1069752,6.69,126192,3088728,2532036,15.84,1120044,3048888,80
fog-k3s-master3,1,2026-06-05 16:51:53 UTC,11422804,14450160,1069740,6.69,126192,3088740,2532036,15.84,1120044,3048888,92
fog-k3s-master3,1,2026-06-05 16:51:54 UTC,11422552,14449952,1069976,6.69,126192,3088756,2532036,15.84,1120052,3048932,108
fog-k3s-master3,1,2026-06-05 16:51:55 UTC,11422328,14449728,1070188,6.70,126196,3088764,2532036,15.84,1120052,3048932,44
fog-k3s-master3,1,2026-06-05 16:51:56 UTC,11422328,14449736,1070160,6.70,126200,3088788,2532036,15.84,1120052,3048940,220
fog-k3s-master3,1,2026-06-05 16:51:57 UTC,11422076,14449528,1070400,6.70,126200,3088800,2532036,15.84,1120352,3048984,232
fog-k3s-master3,1,2026-06-05 16:51:58 UTC,11422076,14449544,1070384,6.70,126200,3088816,2532036,15.84,1120960,3049000,244
fog-k3s-master3,1,2026-06-05 16:51:59 UTC,11424464,14451948,1067980,6.68,126200,3088832,2532036,15.84,1114236,3049016,256
fog-k3s-master3,1,2026-06-05 16:52:00 UTC,11424464,14451984,1067928,6.68,126216,3088868,2532036,15.84,1114220,3049052,108
fog-k3s-master3,1,2026-06-05 16:52:01 UTC,11424240,14451772,1068140,6.68,126216,3088880,2532036,15.84,1114220,3049064,44
fog-k3s-master3,1,2026-06-05 16:52:02 UTC,11424096,14451688,1068240,6.68,126228,3088912,2532036,15.84,1114220,3049124,60
fog-k3s-master3,1,2026-06-05 16:52:03 UTC,11424352,14451952,1067960,6.68,126232,3088928,2532036,15.84,1114220,3049128,72
fog-k3s-master3,1,2026-06-05 16:52:04 UTC,11424104,14451732,1068192,6.68,126232,3088944,2532036,15.84,1113328,3049156,84
fog-k3s-master3,1,2026-06-05 16:52:05 UTC,11426536,14454172,1065740,6.67,126232,3088964,2532036,15.84,1113328,3049164,108
fog-k3s-master3,1,2026-06-05 16:52:06 UTC,11426092,14453756,1066160,6.67,126236,3088984,2532036,15.84,1113096,3049192,116
fog-k3s-master3,1,2026-06-05 16:52:07 UTC,11426092,14453768,1066148,6.67,126236,3088996,2532036,15.84,1113444,3049204,56
fog-k3s-master3,1,2026-06-05 16:52:08 UTC,11426092,14453800,1066128,6.67,126240,3089012,2532036,15.84,1112804,3049236,72
fog-k3s-master3,1,2026-06-05 16:52:09 UTC,11425840,14453564,1066364,6.67,126244,3089024,2532036,15.84,1112804,3049252,68
fog-k3s-master3,1,2026-06-05 16:52:10 UTC,11425840,14453564,1066348,6.67,126244,3089040,2532036,15.84,1112804,3049252,80
fog-k3s-master3,1,2026-06-05 16:52:11 UTC,11425588,14453316,1066584,6.67,126244,3089056,2532036,15.84,1112804,3049256,260
fog-k3s-master3,1,2026-06-05 16:52:12 UTC,11425588,14453360,1066560,6.67,126248,3089072,2532036,15.84,1112804,3049300,272
fog-k3s-master3,1,2026-06-05 16:52:13 UTC,11425588,14453388,1066536,6.67,126248,3089096,2532036,15.84,1113272,3049328,220
fog-k3s-master3,1,2026-06-05 16:52:14 UTC,11425588,14453404,1066520,6.67,126248,3089112,2532036,15.84,1113364,3049344,236
fog-k3s-master3,1,2026-06-05 16:52:15 UTC,11425588,14453420,1066504,6.67,126248,3089128,2532036,15.84,1113364,3049360,80
fog-k3s-master3,1,2026-06-05 16:52:16 UTC,11425588,14453424,1066476,6.67,126248,3089156,2532036,15.84,1113364,3049364,104
fog-k3s-master3,1,2026-06-05 16:52:17 UTC,11425336,14453212,1066700,6.67,126252,3089180,2532036,15.84,1113872,3049404,116
fog-k3s-master3,1,2026-06-05 16:52:18 UTC,11425336,14453236,1066688,6.67,126252,3089192,2532036,15.84,1113912,3049428,64
fog-k3s-master3,1,2026-06-05 16:52:19 UTC,11425336,14453256,1066668,6.67,126256,3089208,2532036,15.84,1113976,3049448,24
fog-k3s-master3,1,2026-06-05 16:52:20 UTC,11425336,14453260,1066652,6.67,126260,3089220,2532036,15.84,1113988,3049452,180
fog-k3s-master3,1,2026-06-05 16:52:21 UTC,11425336,14453264,1066636,6.67,126260,3089236,2532036,15.84,1113292,3049456,64
fog-k3s-master3,1,2026-06-05 16:52:22 UTC,11424340,14452312,1067608,6.68,126268,3089252,2532036,15.84,1113296,3049500,84
fog-k3s-master3,1,2026-06-05 16:52:23 UTC,11426704,14454684,1065224,6.66,126276,3089264,2532036,15.84,1112596,3049508,96
fog-k3s-master3,1,2026-06-05 16:52:24 UTC,11426756,14454760,1065156,6.66,126276,3089280,2532036,15.84,1112636,3049532,104
fog-k3s-master3,1,2026-06-05 16:52:25 UTC,11427764,14455776,1064128,6.66,126276,3089296,2532036,15.84,1105256,3049536,44
fog-k3s-master3,1,2026-06-05 16:52:26 UTC,11427764,14455808,1064116,6.66,126276,3089308,2532036,15.84,1105256,3049568,224
fog-k3s-master3,1,2026-06-05 16:52:27 UTC,11432776,14460836,1059092,6.63,126276,3089324,2532036,15.84,1105656,3049584,240
fog-k3s-master3,1,2026-06-05 16:52:28 UTC,11432528,14460600,1059324,6.63,126276,3089340,2532036,15.84,1106132,3049596,252
fog-k3s-master3,1,2026-06-05 16:52:29 UTC,11432528,14460636,1059292,6.63,126280,3089368,2532036,15.84,1106292,3049632,264
fog-k3s-master3,1,2026-06-05 16:52:30 UTC,11432052,14460176,1059752,6.63,126280,3089384,2532036,15.84,1106308,3049648,288
fog-k3s-master3,1,2026-06-05 16:52:31 UTC,11432052,14460180,1059748,6.63,126280,3089388,2532036,15.84,1106308,3049652,36
fog-k3s-master3,1,2026-06-05 16:52:32 UTC,11433164,14461316,1058612,6.62,126280,3089412,2532036,15.84,1106308,3049676,60
fog-k3s-master3,1,2026-06-05 16:52:33 UTC,11433164,14461316,1058600,6.62,126284,3089420,2532036,15.84,1106308,3049676,72
fog-k3s-master3,1,2026-06-05 16:52:34 UTC,11433436,14461620,1058308,6.62,126284,3089440,2532036,15.84,1105548,3049708,84
fog-k3s-master3,1,2026-06-05 16:52:35 UTC,11433524,14461708,1058208,6.62,126284,3089452,2532036,15.84,1105388,3049708,96
fog-k3s-master3,1,2026-06-05 16:52:36 UTC,11433776,14461980,1057932,6.62,126288,3089472,2532036,15.84,1105156,3049728,112
fog-k3s-master3,1,2026-06-05 16:52:37 UTC,11433300,14461540,1058384,6.62,126288,3089492,2532036,15.84,1105424,3049764,48
fog-k3s-master3,1,2026-06-05 16:52:38 UTC,11431788,14460048,1059876,6.63,126288,3089512,2533132,15.85,1105388,3049784,64
fog-k3s-master3,1,2026-06-05 16:52:39 UTC,11431536,14459824,1060092,6.63,126288,3089540,2532036,15.84,1104868,3049812,92
fog-k3s-master3,1,2026-06-05 16:52:40 UTC,11431536,14459836,1060080,6.63,126288,3089552,2532036,15.84,1104868,3049824,104
fog-k3s-master3,1,2026-06-05 16:52:41 UTC,11431788,14460092,1059812,6.63,126288,3089568,2532036,15.84,1104868,3049828,280
fog-k3s-master3,1,2026-06-05 16:52:42 UTC,11431788,14460096,1059788,6.63,126296,3089584,2532036,15.84,1104872,3049832,292
fog-k3s-master3,1,2026-06-05 16:52:43 UTC,11431788,14460140,1059776,6.63,126296,3089596,2532036,15.84,1105352,3049876,228
fog-k3s-master3,1,2026-06-05 16:52:44 UTC,11431788,14460156,1059744,6.63,126304,3089620,2532036,15.84,1105404,3049892,224
fog-k3s-master3,1,2026-06-05 16:52:45 UTC,11431788,14460164,1059724,6.63,126308,3089636,2532036,15.84,1105404,3049900,60
fog-k3s-master3,1,2026-06-05 16:52:46 UTC,11431788,14460168,1059708,6.63,126308,3089652,2532036,15.84,1105404,3049904,84
fog-k3s-master3,1,2026-06-05 16:52:47 UTC,11431788,14460172,1059700,6.63,126312,3089656,2532036,15.84,1105576,3049908,84
fog-k3s-master3,1,2026-06-05 16:52:48 UTC,11431788,14460232,1059680,6.63,126312,3089680,2532036,15.84,1105908,3049968,108
fog-k3s-master3,1,2026-06-05 16:52:49 UTC,11431788,14460248,1059664,6.63,126312,3089696,2532036,15.84,1105908,3049984,48
fog-k3s-master3,1,2026-06-05 16:52:50 UTC,11431788,14460252,1059648,6.63,126312,3089712,2532036,15.84,1105908,3049988,32
fog-k3s-master3,1,2026-06-05 16:52:51 UTC,11431788,14460268,1059628,6.63,126312,3089728,2532036,15.84,1105380,3050000,40
fog-k3s-master3,1,2026-06-05 16:52:52 UTC,11431788,14460308,1059608,6.63,126312,3089744,2532036,15.84,1105260,3050040,64
fog-k3s-master3,1,2026-06-05 16:52:53 UTC,11431788,14460312,1059592,6.63,126316,3089756,2532036,15.84,1105260,3050044,80
fog-k3s-master3,1,2026-06-05 16:52:54 UTC,11431788,14460316,1059576,6.63,126316,3089772,2532036,15.84,1105264,3050048,92
fog-k3s-master3,1,2026-06-05 16:52:55 UTC,11431788,14460344,1059560,6.63,126316,3089788,2532036,15.84,1105264,3050076,196
fog-k3s-master3,1,2026-06-05 16:52:56 UTC,11431788,14460348,1059540,6.63,126320,3089804,2532036,15.84,1105268,3050080,224
fog-k3s-master3,1,2026-06-05 16:52:57 UTC,11431788,14460352,1059540,6.63,126320,3089804,2532036,15.84,1105504,3050084,224
fog-k3s-master3,1,2026-06-05 16:52:58 UTC,11431536,14460152,1059764,6.63,126320,3089832,2532036,15.84,1106384,3050136,248
fog-k3s-master3,1,2026-06-05 16:52:59 UTC,11430780,14459416,1060500,6.64,126320,3089852,2534888,15.86,1107536,3050156,260
fog-k3s-master3,1,2026-06-05 16:53:00 UTC,11433628,14462264,1057668,6.62,126320,3089864,2532036,15.84,1106400,3050156,260
fog-k3s-master3,1,2026-06-05 16:53:01 UTC,11433628,14462264,1057656,6.62,126320,3089876,2532036,15.84,1106400,3050156,188
fog-k3s-master3,1,2026-06-05 16:53:02 UTC,11433628,14462268,1057640,6.62,126320,3089892,2532036,15.84,1106400,3050160,224
fog-k3s-master3,1,2026-06-05 16:53:03 UTC,11433628,14462276,1057620,6.62,126320,3089908,2532036,15.84,1106400,3050164,236
fog-k3s-master3,1,2026-06-05 16:53:04 UTC,11433376,14462084,1057860,6.62,126320,3089920,2532036,15.84,1105360,3050224,244
fog-k3s-master3,1,2026-06-05 16:53:05 UTC,11432968,14461676,1058276,6.62,126320,3089940,2532036,15.84,1105360,3050224,268
fog-k3s-master3,1,2026-06-05 16:53:06 UTC,11432968,14461704,1058260,6.62,126320,3089956,2532036,15.84,1105128,3050252,128
fog-k3s-master3,1,2026-06-05 16:53:07 UTC,11432496,14461260,1058712,6.62,126324,3089972,2532036,15.84,1105128,3050280,68
fog-k3s-master3,1,2026-06-05 16:53:08 UTC,11433000,14461780,1058176,6.62,126324,3089988,2532036,15.84,1104748,3050296,72
fog-k3s-master3,1,2026-06-05 16:53:09 UTC,11433000,14461780,1058164,6.62,126324,3090000,2532036,15.84,1104748,3050296,84
fog-k3s-master3,1,2026-06-05 16:53:10 UTC,11433000,14461788,1058140,6.62,126328,3090020,2532036,15.84,1104748,3050304,96
fog-k3s-master3,1,2026-06-05 16:53:11 UTC,11433000,14461788,1058128,6.62,126328,3090032,2532036,15.84,1104748,3050304,124
fog-k3s-master3,1,2026-06-05 16:53:12 UTC,11433000,14461848,1058108,6.62,126332,3090048,2532036,15.84,1104748,3050364,136
fog-k3s-master3,1,2026-06-05 16:53:13 UTC,11433000,14461860,1058088,6.62,126332,3090068,2532036,15.84,1105180,3050376,84
fog-k3s-master3,1,2026-06-05 16:53:14 UTC,11437584,14466476,1053476,6.59,126336,3090088,2532036,15.84,1079500,3050408,100
fog-k3s-master3,1,2026-06-05 16:53:15 UTC,11439348,14468248,1051688,6.58,126340,3090104,2532036,15.84,1073104,3050416,276
fog-k3s-master3,1,2026-06-05 16:53:16 UTC,11439348,14468256,1051652,6.58,126340,3090136,2532036,15.84,1073104,3050420,288
fog-k3s-master3,1,2026-06-05 16:53:17 UTC,11439508,14468432,1051484,6.58,126340,3090148,2532036,15.84,1073304,3050436,300
fog-k3s-master3,1,2026-06-05 16:53:18 UTC,11439260,14468228,1051716,6.58,126340,3090164,2532036,15.84,1073668,3050480,284
fog-k3s-master3,1,2026-06-05 16:53:19 UTC,11439260,14468228,1051704,6.58,126340,3090176,2532036,15.84,1073672,3050480,220
fog-k3s-master3,1,2026-06-05 16:53:20 UTC,11439260,14468268,1051672,6.58,126352,3090196,2532036,15.84,1073716,3050520,76
fog-k3s-master3,1,2026-06-05 16:53:21 UTC,11439260,14468280,1051660,6.58,126352,3090208,2532036,15.84,1073220,3050532,32
fog-k3s-master3,1,2026-06-05 16:53:22 UTC,11441872,14470928,1049024,6.56,126356,3090228,2532036,15.84,1073084,3050568,68
fog-k3s-master3,1,2026-06-05 16:53:23 UTC,11441872,14470940,1049012,6.56,126356,3090240,2532036,15.84,1073084,3050580,80
fog-k3s-master3,1,2026-06-05 16:53:24 UTC,11441872,14470944,1049000,6.56,126356,3090252,2532036,15.84,1073092,3050584,88
fog-k3s-master3,1,2026-06-05 16:53:25 UTC,11441872,14470944,1048988,6.56,126356,3090264,2532036,15.84,1073092,3050584,24
fog-k3s-master3,1,2026-06-05 16:53:26 UTC,11441872,14470948,1048968,6.56,126360,3090280,2532036,15.84,1073092,3050588,48
fog-k3s-master3,1,2026-06-05 16:53:27 UTC,11441872,14470992,1048956,6.56,126360,3090292,2532036,15.84,1073288,3050632,60
fog-k3s-master3,1,2026-06-05 16:53:28 UTC,11441872,14471024,1048928,6.56,126368,3090312,2532036,15.84,1074108,3050664,76
fog-k3s-master3,1,2026-06-05 16:53:29 UTC,11441872,14471040,1048904,6.56,126372,3090328,2532036,15.84,1074264,3050680,88
fog-k3s-master3,1,2026-06-05 16:53:30 UTC,11440640,14469832,1050112,6.57,126376,3090348,2532036,15.84,1074264,3050704,268
fog-k3s-master3,1,2026-06-05 16:53:31 UTC,11440640,14469836,1050100,6.57,126376,3090360,2532036,15.84,1074264,3050708,204
fog-k3s-master3,1,2026-06-05 16:53:32 UTC,11440640,14469840,1050084,6.57,126376,3090376,2532036,15.84,1074264,3050712,224
fog-k3s-master3,1,2026-06-05 16:53:33 UTC,11440640,14469864,1050076,6.57,126376,3090388,2532036,15.84,1074264,3050736,236
fog-k3s-master3,1,2026-06-05 16:53:34 UTC,11440892,14470144,1049808,6.57,126376,3090404,2532036,15.84,1074192,3050764,248
fog-k3s-master3,1,2026-06-05 16:53:35 UTC,11440892,14470144,1049796,6.57,126376,3090416,2532036,15.84,1074160,3050764,272
fog-k3s-master3,1,2026-06-05 16:53:36 UTC,11440136,14469396,1050500,6.57,126380,3090432,2534888,15.86,1075292,3050772,104
fog-k3s-master3,1,2026-06-05 16:53:37 UTC,11441584,14470852,1049024,6.56,126384,3090456,2532036,15.84,1073936,3050780,240
fog-k3s-master3,1,2026-06-05 16:53:38 UTC,11441788,14471132,1048780,6.56,126392,3090484,2532036,15.84,1073508,3050852,284
fog-k3s-master3,1,2026-06-05 16:53:39 UTC,11441564,14470916,1048992,6.56,126392,3090496,2532036,15.84,1074288,3050860,296
fog-k3s-master3,1,2026-06-05 16:53:40 UTC,11441816,14471184,1048720,6.56,126396,3090512,2532036,15.84,1074528,3050876,400
fog-k3s-master3,1,2026-06-05 16:53:41 UTC,11441816,14471184,1048676,6.56,126396,3090524,2532036,15.84,1074528,3050876,160
fog-k3s-master3,1,2026-06-05 16:53:42 UTC,11441816,14471228,1048660,6.56,126396,3090540,2532036,15.84,1074552,3050920,144
fog-k3s-master3,1,2026-06-05 16:53:43 UTC,11441816,14471236,1048652,6.56,126396,3090548,2532036,15.84,1075036,3050928,60
fog-k3s-master3,1,2026-06-05 16:53:44 UTC,11441816,14471244,1048628,6.56,126400,3090568,2532036,15.84,1075140,3050936,100
fog-k3s-master3,1,2026-06-05 16:53:45 UTC,11441816,14471248,1048616,6.56,126400,3090580,2532036,15.84,1075140,3050940,112
fog-k3s-master3,1,2026-06-05 16:53:46 UTC,11441816,14471276,1048596,6.56,126404,3090596,2532036,15.84,1075140,3050968,296
fog-k3s-master3,1,2026-06-05 16:53:47 UTC,11441816,14471304,1048580,6.56,126404,3090612,2532036,15.84,1075200,3050996,308
fog-k3s-master3,1,2026-06-05 16:53:48 UTC,11441816,14471304,1048580,6.56,126408,3090608,2532036,15.84,1075228,3050996,308
fog-k3s-master3,1,2026-06-05 16:53:49 UTC,11441816,14471328,1048560,6.56,126408,3090640,2532036,15.84,1075688,3051020,256
fog-k3s-master3,1,2026-06-05 16:53:50 UTC,11441816,14471344,1048544,6.56,126408,3090656,2532036,15.84,1075688,3051036,268
fog-k3s-master3,1,2026-06-05 16:53:51 UTC,11441816,14471344,1048532,6.56,126408,3090668,2532036,15.84,1075620,3051036,112
fog-k3s-master3,1,2026-06-05 16:53:52 UTC,11441816,14471408,1048492,6.56,126416,3090696,2532036,15.84,1075668,3051096,124
fog-k3s-master3,1,2026-06-05 16:53:53 UTC,11445860,14475468,1044440,6.53,126416,3090712,2532036,15.84,1075668,3051112,52
fog-k3s-master3,1,2026-06-05 16:53:54 UTC,11445608,14475220,1044672,6.54,126420,3090728,2532036,15.84,1075676,3051116,80
fog-k3s-master3,1,2026-06-05 16:53:55 UTC,11445608,14475244,1044660,6.54,126420,3090740,2532036,15.84,1075680,3051140,188
fog-k3s-master3,1,2026-06-05 16:53:56 UTC,11445608,14475264,1044676,6.54,126420,3090756,2532036,15.84,1075680,3051160,52
fog-k3s-master3,1,2026-06-05 16:53:57 UTC,11445608,14475276,1044664,6.54,126420,3090768,2532036,15.84,1075740,3051172,64
fog-k3s-master3,1,2026-06-05 16:53:58 UTC,11445104,14474792,1045144,6.54,126420,3090788,2532036,15.84,1076796,3051192,216
fog-k3s-master3,1,2026-06-05 16:53:59 UTC,11445104,14474800,1045120,6.54,126428,3090804,2532036,15.84,1076796,3051200,228
fog-k3s-master3,1,2026-06-05 16:54:00 UTC,11445104,14474832,1045092,6.54,126436,3090824,2532036,15.84,1076864,3051232,344
fog-k3s-master3,1,2026-06-05 16:54:01 UTC,11445104,14474836,1045076,6.54,126436,3090836,2532036,15.84,1076864,3051232,272
fog-k3s-master3,1,2026-06-05 16:54:02 UTC,11445104,14474840,1045060,6.54,126436,3090852,2532036,15.84,1076864,3051236,296
fog-k3s-master3,1,2026-06-05 16:54:03 UTC,11445104,14474884,1045052,6.54,126436,3090860,2532036,15.84,1076864,3051280,304
fog-k3s-master3,1,2026-06-05 16:54:04 UTC,11445104,14474900,1045032,6.54,126440,3090876,2532036,15.84,1075900,3051296,80
fog-k3s-master3,1,2026-06-05 16:54:05 UTC,11444792,14474588,1045292,6.54,126440,3090896,2532036,15.84,1075900,3051296,276
fog-k3s-master3,1,2026-06-05 16:54:06 UTC,11444540,14474364,1045524,6.54,126444,3090912,2532036,15.84,1075900,3051324,288
fog-k3s-master3,1,2026-06-05 16:54:07 UTC,11443308,14473152,1046740,6.55,126444,3090928,2532036,15.84,1075792,3051344,228
fog-k3s-master3,1,2026-06-05 16:54:08 UTC,11443308,14473180,1046724,6.55,126444,3090944,2532036,15.84,1075176,3051372,244
fog-k3s-master3,1,2026-06-05 16:54:09 UTC,11443308,14473196,1046708,6.55,126444,3090960,2532036,15.84,1075208,3051388,244
fog-k3s-master3,1,2026-06-05 16:54:10 UTC,11443308,14473204,1046688,6.55,126448,3090976,2532036,15.84,1075248,3051396,268
fog-k3s-master3,1,2026-06-05 16:54:11 UTC,11443308,14473204,1046676,6.55,126448,3090988,2532036,15.84,1075248,3051396,96
fog-k3s-master3,1,2026-06-05 16:54:12 UTC,11443308,14473220,1046656,6.55,126452,3091004,2532036,15.84,1075248,3051412,108
fog-k3s-master3,1,2026-06-05 16:54:13 UTC,11443060,14472980,1046868,6.55,126460,3091032,2532036,15.84,1075512,3051420,136
fog-k3s-master3,1,2026-06-05 16:54:14 UTC,11443060,14473056,1046848,6.55,126464,3091048,2532036,15.84,1075832,3051496,76
fog-k3s-master3,1,2026-06-05 16:54:15 UTC,11442808,14472808,1047076,6.55,126472,3091064,2532036,15.84,1075836,3051500,92
fog-k3s-master3,1,2026-06-05 16:54:16 UTC,11442584,14472588,1047264,6.55,126476,3091092,2532036,15.84,1075836,3051504,116
fog-k3s-master3,1,2026-06-05 16:54:17 UTC,11442584,14472648,1047240,6.55,126484,3091108,2532036,15.84,1075836,3051564,128
fog-k3s-master3,1,2026-06-05 16:54:18 UTC,11442332,14472424,1047484,6.55,126484,3091124,2532036,15.84,1076260,3051592,112
fog-k3s-master3,1,2026-06-05 16:54:19 UTC,11442332,14472436,1047472,6.55,126484,3091136,2532036,15.84,1076260,3051604,48
fog-k3s-master3,1,2026-06-05 16:54:20 UTC,11442332,14472452,1047452,6.55,126488,3091152,2532036,15.84,1076308,3051620,232
fog-k3s-master3,1,2026-06-05 16:54:21 UTC,11442592,14472724,1047180,6.55,126488,3091164,2532036,15.84,1075840,3051632,240
fog-k3s-master3,1,2026-06-05 16:54:22 UTC,11442124,14472280,1047628,6.55,126488,3091184,2532036,15.84,1075740,3051656,252
fog-k3s-master3,1,2026-06-05 16:54:23 UTC,11443232,14473400,1046504,6.55,126488,3091196,2532036,15.84,1075740,3051668,260
fog-k3s-master3,1,2026-06-05 16:54:24 UTC,11443232,14473416,1046484,6.55,126492,3091212,2532036,15.84,1075744,3051684,240
fog-k3s-master3,1,2026-06-05 16:54:25 UTC,11442480,14472668,1047224,6.55,126492,3091224,2532036,15.84,1075744,3051688,184
fog-k3s-master3,1,2026-06-05 16:54:26 UTC,11442480,14472696,1047176,6.55,126492,3091240,2532292,15.84,1075784,3051716,56
fog-k3s-master3,1,2026-06-05 16:54:27 UTC,11442480,14472696,1047164,6.55,126492,3091252,2532292,15.84,1075792,3051716,68
fog-k3s-master3,1,2026-06-05 16:54:28 UTC,11442480,14472724,1047144,6.55,126492,3091268,2532292,15.84,1077132,3051744,80
fog-k3s-master3,1,2026-06-05 16:54:29 UTC,11442480,14472736,1047132,6.55,126492,3091280,2532292,15.84,1077172,3051756,92
fog-k3s-master3,1,2026-06-05 16:54:30 UTC,11440996,14471280,1048584,6.56,126496,3091304,2532292,15.84,1077260,3051780,272
fog-k3s-master3,1,2026-06-05 16:54:31 UTC,11440996,14471292,1048572,6.56,126496,3091316,2532292,15.84,1077260,3051792,36
fog-k3s-master3,1,2026-06-05 16:54:32 UTC,11440996,14471308,1048556,6.56,126496,3091332,2532292,15.84,1077260,3051808,52
fog-k3s-master3,1,2026-06-05 16:54:33 UTC,11440996,14471312,1048540,6.56,126496,3091348,2532292,15.84,1077260,3051812,64
fog-k3s-master3,1,2026-06-05 16:54:34 UTC,11440996,14471336,1048524,6.56,126500,3091360,2532292,15.84,1076360,3051836,76
fog-k3s-master3,1,2026-06-05 16:54:35 UTC,11440996,14471344,1048508,6.56,126500,3091376,2532292,15.84,1076364,3051844,256
fog-k3s-master3,1,2026-06-05 16:54:36 UTC,11440996,14471352,1048492,6.56,126504,3091388,2532292,15.84,1076132,3051852,268
fog-k3s-master3,1,2026-06-05 16:54:37 UTC,11440996,14471396,1048472,6.56,126504,3091408,2532292,15.84,1076132,3051896,204
fog-k3s-master3,1,2026-06-05 16:54:38 UTC,11441752,14472168,1047696,6.56,126508,3091424,2532292,15.84,1075740,3051912,220
fog-k3s-master3,1,2026-06-05 16:54:39 UTC,11441752,14472176,1047676,6.56,126508,3091444,2532292,15.84,1075796,3051920,244
fog-k3s-master3,1,2026-06-05 16:54:40 UTC,11441752,14472180,1047660,6.55,126508,3091460,2532292,15.84,1075796,3051924,260
fog-k3s-master3,1,2026-06-05 16:54:41 UTC,11441528,14472004,1047860,6.56,126512,3091476,2532292,15.84,1075800,3051972,104
fog-k3s-master3,1,2026-06-05 16:54:42 UTC,11441528,14472024,1047836,6.56,126516,3091496,2532292,15.84,1075800,3051992,112
fog-k3s-master3,1,2026-06-05 16:54:43 UTC,11441528,14472040,1047824,6.56,126516,3091508,2532292,15.84,1076264,3052008,52
fog-k3s-master3,1,2026-06-05 16:54:44 UTC,11441528,14472060,1047804,6.56,126516,3091524,2532292,15.84,1076352,3052024,56
fog-k3s-master3,1,2026-06-05 16:54:45 UTC,11441528,14472080,1047784,6.56,126516,3091544,2532292,15.84,1076368,3052044,240
fog-k3s-master3,1,2026-06-05 16:54:46 UTC,11441528,14472096,1047764,6.56,126520,3091560,2532292,15.84,1076368,3052060,84
fog-k3s-master3,1,2026-06-05 16:54:47 UTC,11441528,14472100,1047752,6.56,126520,3091572,2532292,15.84,1076368,3052064,96
fog-k3s-master3,1,2026-06-05 16:54:48 UTC,11441528,14472128,1047732,6.56,126520,3091588,2532292,15.84,1076852,3052092,112
fog-k3s-master3,1,2026-06-05 16:54:49 UTC,11441528,14472148,1047712,6.56,126532,3091596,2532292,15.84,1076868,3052112,48
fog-k3s-master3,1,2026-06-05 16:54:50 UTC,11441528,14472148,1047692,6.56,126532,3091616,2532292,15.84,1076868,3052112,68
fog-k3s-master3,1,2026-06-05 16:54:51 UTC,11441528,14472152,1047676,6.56,126532,3091632,2532292,15.84,1076288,3052116,248
fog-k3s-master3,1,2026-06-05 16:54:52 UTC,11441528,14472160,1047648,6.55,126536,3091652,2532292,15.84,1076208,3052124,260
fog-k3s-master3,1,2026-06-05 16:54:53 UTC,11442820,14473512,1046344,6.55,126536,3091664,2532292,15.84,1076208,3052184,272
fog-k3s-master3,1,2026-06-05 16:54:54 UTC,11442568,14473264,1046580,6.55,126536,3091680,2532292,15.84,1076208,3052188,220
fog-k3s-master3,1,2026-06-05 16:54:55 UTC,11442568,14473288,1046568,6.55,126536,3091692,2532292,15.84,1076208,3052212,64
fog-k3s-master3,1,2026-06-05 16:54:56 UTC,11442568,14473304,1046552,6.55,126536,3091708,2532292,15.84,1076208,3052228,64
fog-k3s-master3,1,2026-06-05 16:54:57 UTC,11442568,14473316,1046540,6.55,126536,3091720,2532292,15.84,1076208,3052240,76
fog-k3s-master3,1,2026-06-05 16:54:58 UTC,11442568,14473336,1046492,6.55,126540,3091736,2532292,15.84,1077240,3052260,88
fog-k3s-master3,1,2026-06-05 16:54:59 UTC,11442568,14473340,1046476,6.55,126540,3091752,2532292,15.84,1077280,3052264,100
fog-k3s-master3,1,2026-06-05 16:55:00 UTC,11442316,14473096,1046708,6.55,126540,3091772,2532292,15.84,1077364,3052272,204
fog-k3s-master3,1,2026-06-05 16:55:01 UTC,11442316,14473104,1046688,6.55,126544,3091788,2532292,15.84,1077380,3052280,212
fog-k3s-master3,1,2026-06-05 16:55:02 UTC,11441812,14472604,1047176,6.55,126548,3091800,2532292,15.84,1077364,3052284,248
fog-k3s-master3,1,2026-06-05 16:55:03 UTC,11441812,14472664,1047168,6.55,126548,3091812,2532292,15.84,1077368,3052344,260
fog-k3s-master3,1,2026-06-05 16:55:04 UTC,11441812,14472688,1047144,6.55,126552,3091828,2532292,15.84,1076616,3052364,272
fog-k3s-master3,1,2026-06-05 16:55:05 UTC,11441616,14472492,1047316,6.55,126552,3091852,2532292,15.84,1076416,3052364,388
fog-k3s-master3,1,2026-06-05 16:55:06 UTC,11441144,14472048,1047772,6.56,126552,3091868,2532292,15.84,1076184,3052392,332
fog-k3s-master3,1,2026-06-05 16:55:07 UTC,11441144,14472076,1047724,6.56,126552,3091884,2532292,15.84,1076184,3052420,88
fog-k3s-master3,1,2026-06-05 16:55:08 UTC,11440892,14471840,1047956,6.56,126556,3091900,2532292,15.84,1075724,3052436,100
fog-k3s-master3,1,2026-06-05 16:55:09 UTC,11440892,14471852,1047936,6.56,126560,3091916,2532292,15.84,1075776,3052448,96
fog-k3s-master3,1,2026-06-05 16:55:10 UTC,11440892,14471880,1047920,6.56,126564,3091928,2532292,15.84,1075776,3052476,276
fog-k3s-master3,1,2026-06-05 16:55:11 UTC,11440892,14471896,1047904,6.56,126564,3091944,2532292,15.84,1075776,3052492,288
fog-k3s-master3,1,2026-06-05 16:55:12 UTC,11440892,14471912,1047888,6.56,126564,3091960,2532292,15.84,1075776,3052508,224
fog-k3s-master3,1,2026-06-05 16:55:13 UTC,11440388,14471420,1048372,6.56,126564,3091980,2532292,15.84,1076864,3052520,252
fog-k3s-master3,1,2026-06-05 16:55:14 UTC,11440388,14471444,1048352,6.56,126564,3092000,2532292,15.84,1076992,3052544,264
fog-k3s-master3,1,2026-06-05 16:55:15 UTC,11440388,14471452,1048332,6.56,126568,3092016,2532292,15.84,1076992,3052552,100
fog-k3s-master3,1,2026-06-05 16:55:16 UTC,11440388,14471472,1048300,6.56,126572,3092044,2532292,15.84,1076992,3052572,132
fog-k3s-master3,1,2026-06-05 16:55:17 UTC,11440388,14471476,1048284,6.56,126572,3092056,2532292,15.84,1077044,3052576,144
fog-k3s-master3,1,2026-06-05 16:55:18 UTC,11440388,14471528,1048264,6.56,126576,3092072,2532292,15.84,1077572,3052628,56
fog-k3s-master3,1,2026-06-05 16:55:19 UTC,11440388,14471544,1048248,6.56,126576,3092088,2532292,15.84,1077592,3052644,72
fog-k3s-master3,1,2026-06-05 16:55:20 UTC,11440388,14471560,1048232,6.56,126576,3092104,2532292,15.84,1077592,3052660,88
fog-k3s-master3,1,2026-06-05 16:55:21 UTC,11440388,14471564,1048252,6.56,126576,3092116,2532292,15.84,1076864,3052664,100
fog-k3s-master3,1,2026-06-05 16:55:22 UTC,11440136,14471352,1048476,6.56,126584,3092132,2532292,15.84,1076864,3052700,108
fog-k3s-master3,1,2026-06-05 16:55:23 UTC,11448200,14479428,1040400,6.51,126584,3092144,2532292,15.84,1077164,3052712,120
fog-k3s-master3,1,2026-06-05 16:55:24 UTC,11447224,14478468,1041360,6.52,126584,3092160,2535496,15.86,1078768,3052728,64
fog-k3s-master3,1,2026-06-05 16:55:25 UTC,11456088,14487336,1032476,6.46,126588,3092176,2532292,15.84,1077228,3052732,376
fog-k3s-master3,1,2026-06-05 16:55:26 UTC,11456088,14487352,1032464,6.46,126588,3092188,2532292,15.84,1077352,3052748,380
fog-k3s-master3,1,2026-06-05 16:55:27 UTC,11456088,14487356,1032444,6.46,126592,3092204,2532292,15.84,1077392,3052752,356
fog-k3s-master3,1,2026-06-05 16:55:28 UTC,11455836,14487152,1032676,6.46,126596,3092220,2532292,15.84,1078360,3052800,368
fog-k3s-master3,1,2026-06-05 16:55:29 UTC,11455836,14487168,1032660,6.46,126596,3092236,2532292,15.84,1078444,3052816,380
fog-k3s-master3,1,2026-06-05 16:55:30 UTC,11455092,14486452,1033364,6.47,126600,3092256,2532292,15.84,1078444,3052836,44
fog-k3s-master3,1,2026-06-05 16:55:31 UTC,11455092,14486456,1033352,6.47,126600,3092268,2532292,15.84,1078476,3052840,220
fog-k3s-master3,1,2026-06-05 16:55:32 UTC,11455092,14486460,1033348,6.47,126604,3092268,2532292,15.84,1078476,3052844,220
fog-k3s-master3,1,2026-06-05 16:55:33 UTC,11455092,14486488,1033320,6.47,126604,3092300,2532292,15.84,1078476,3052872,244
fog-k3s-master3,1,2026-06-05 16:55:34 UTC,11455092,14486492,1033300,6.47,126608,3092316,2532292,15.84,1077604,3052876,256
fog-k3s-master3,1,2026-06-05 16:55:35 UTC,11455092,14486492,1033288,6.47,126608,3092328,2532292,15.84,1077604,3052876,268
fog-k3s-master3,1,2026-06-05 16:55:36 UTC,11455092,14486540,1033272,6.46,126608,3092344,2532292,15.84,1077376,3052924,36
fog-k3s-master3,1,2026-06-05 16:55:37 UTC,11455092,14486544,1033256,6.46,126608,3092360,2532292,15.84,1077376,3052928,52
fog-k3s-master3,1,2026-06-05 16:55:38 UTC,11455092,14486544,1033256,6.46,126612,3092356,2532292,15.84,1076900,3052928,52
fog-k3s-master3,1,2026-06-05 16:55:39 UTC,11455092,14486600,1033212,6.46,126612,3092400,2532292,15.84,1076980,3052984,92
fog-k3s-master3,1,2026-06-05 16:55:40 UTC,11455092,14486628,1033196,6.46,126612,3092416,2532292,15.84,1076980,3053012,112
fog-k3s-master3,1,2026-06-05 16:55:41 UTC,11455092,14486768,1033088,6.46,126612,3092556,2532292,15.84,1077112,3053024,120
fog-k3s-master3,1,2026-06-05 16:55:42 UTC,11454844,14486540,1033292,6.47,126620,3092572,2532292,15.84,1077120,3053040,64
fog-k3s-master3,1,2026-06-05 16:55:43 UTC,11454844,14486552,1033280,6.46,126620,3092584,2532292,15.84,1077536,3053052,80
fog-k3s-master3,1,2026-06-05 16:55:44 UTC,11454844,14486568,1033264,6.46,126620,3092600,2532292,15.84,1077640,3053068,76
fog-k3s-master3,1,2026-06-05 16:55:45 UTC,11454844,14486596,1033244,6.46,126620,3092620,2532292,15.84,1077680,3053096,252
fog-k3s-master3,1,2026-06-05 16:55:46 UTC,11454844,14486612,1033228,6.46,126620,3092636,2532292,15.84,1077680,3053112,260
fog-k3s-master3,1,2026-06-05 16:55:47 UTC,11454844,14486624,1033216,6.46,126620,3092648,2532292,15.84,1077680,3053124,272
fog-k3s-master3,1,2026-06-05 16:55:48 UTC,11454844,14486640,1033168,6.46,126628,3092664,2532292,15.84,1078056,3053140,208
fog-k3s-master3,1,2026-06-05 16:55:49 UTC,11454844,14486644,1033152,6.46,126628,3092680,2532292,15.84,1078120,3053144,224
fog-k3s-master3,1,2026-06-05 16:55:50 UTC,11454844,14486660,1033160,6.46,126628,3092692,2532292,15.84,1078164,3053160,240
fog-k3s-master3,1,2026-06-05 16:55:51 UTC,11454844,14486664,1033140,6.46,126632,3092708,2532292,15.84,1077488,3053164,88
fog-k3s-master3,1,2026-06-05 16:55:52 UTC,11454844,14486676,1033116,6.46,126636,3092728,2532292,15.84,1077488,3053176,100
fog-k3s-master3,1,2026-06-05 16:55:53 UTC,11454368,14486212,1033580,6.47,126636,3092740,2532292,15.84,1077524,3053188,112
fog-k3s-master3,1,2026-06-05 16:55:54 UTC,11454368,14486228,1033560,6.47,126636,3092756,2532292,15.84,1077524,3053204,48
fog-k3s-master3,1,2026-06-05 16:55:55 UTC,11454368,14486228,1033548,6.47,126636,3092768,2532292,15.84,1077524,3053204,228
fog-k3s-master3,1,2026-06-05 16:55:56 UTC,11454368,14486276,1033532,6.47,126636,3092784,2532292,15.84,1077540,3053252,72
fog-k3s-master3,1,2026-06-05 16:55:57 UTC,11454368,14486288,1033504,6.47,126640,3092808,2532292,15.84,1077540,3053264,228
fog-k3s-master3,1,2026-06-05 16:55:58 UTC,11454116,14486092,1033736,6.47,126640,3092820,2532292,15.84,1078608,3053316,192
fog-k3s-master3,1,2026-06-05 16:55:59 UTC,11454116,14486100,1033712,6.47,126648,3092836,2532292,15.84,1078692,3053324,228
fog-k3s-master3,1,2026-06-05 16:56:00 UTC,11454116,14486128,1033696,6.47,126648,3092852,2532292,15.84,1078704,3053352,276
fog-k3s-master3,1,2026-06-05 16:56:01 UTC,11454116,14486148,1033684,6.47,126652,3092872,2532292,15.84,1078704,3053372,288
fog-k3s-master3,1,2026-06-05 16:56:02 UTC,11454116,14486172,1033668,6.47,126652,3092888,2532292,15.84,1078716,3053396,300
fog-k3s-master3,1,2026-06-05 16:56:03 UTC,11454116,14486188,1033652,6.47,126652,3092904,2532292,15.84,1078716,3053412,68
fog-k3s-master3,1,2026-06-05 16:56:04 UTC,11454116,14486204,1033636,6.47,126652,3092920,2532292,15.84,1077868,3053428,80
fog-k3s-master3,1,2026-06-05 16:56:05 UTC,11454652,14486740,1033080,6.46,126652,3092932,2532292,15.84,1077752,3053428,260
fog-k3s-master3,1,2026-06-05 16:56:06 UTC,11454152,14486244,1033552,6.47,126656,3092956,2532292,15.84,1077520,3053432,216
fog-k3s-master3,1,2026-06-05 16:56:07 UTC,11454152,14486296,1033536,6.47,126656,3092972,2532292,15.84,1077520,3053484,232
fog-k3s-master3,1,2026-06-05 16:56:08 UTC,11454152,14486312,1033516,6.47,126660,3092988,2532292,15.84,1077184,3053500,244
fog-k3s-master3,1,2026-06-05 16:56:09 UTC,11453900,14486084,1033744,6.47,126664,3093004,2532292,15.84,1077224,3053524,256
fog-k3s-master3,1,2026-06-05 16:56:10 UTC,11453900,14486096,1033732,6.47,126664,3093016,2532292,15.84,1077224,3053536,100
fog-k3s-master3,1,2026-06-05 16:56:11 UTC,11453900,14486112,1033716,6.47,126664,3093032,2532292,15.84,1077224,3053552,100
fog-k3s-master3,1,2026-06-05 16:56:12 UTC,11453900,14486128,1033700,6.47,126664,3093048,2532292,15.84,1077228,3053568,36
fog-k3s-master3,1,2026-06-05 16:56:13 UTC,11453648,14485892,1033924,6.47,126668,3093072,2532292,15.84,1077760,3053584,64
fog-k3s-master3,1,2026-06-05 16:56:14 UTC,11453648,14485916,1033912,6.47,126668,3093084,2532292,15.84,1077768,3053608,76
fog-k3s-master3,1,2026-06-05 16:56:15 UTC,11453648,14485928,1033884,6.47,126672,3093108,2532292,15.84,1077828,3053620,264
fog-k3s-master3,1,2026-06-05 16:56:16 UTC,11453648,14485964,1033852,6.47,126672,3093136,2532292,15.84,1077828,3053652,120
fog-k3s-master3,1,2026-06-05 16:56:17 UTC,11453648,14485964,1033840,6.47,126672,3093148,2532292,15.84,1077828,3053652,132
fog-k3s-master3,1,2026-06-05 16:56:18 UTC,11453144,14485464,1034328,6.47,126672,3093164,2532292,15.84,1078312,3053656,44
fog-k3s-master3,1,2026-06-05 16:56:19 UTC,11453144,14485500,1034316,6.47,126672,3093176,2532292,15.84,1078376,3053692,60
fog-k3s-master3,1,2026-06-05 16:56:20 UTC,11452892,14485264,1034544,6.47,126676,3093192,2532292,15.84,1078376,3053708,236
fog-k3s-master3,1,2026-06-05 16:56:21 UTC,11452892,14485276,1034532,6.47,126676,3093200,2532292,15.84,1077856,3053716,240
fog-k3s-master3,1,2026-06-05 16:56:22 UTC,11452388,14484796,1035012,6.48,126680,3093220,2532292,15.84,1077672,3053740,252
fog-k3s-master3,1,2026-06-05 16:56:23 UTC,11452388,14484832,1034992,6.48,126684,3093236,2532292,15.84,1077672,3053776,264
fog-k3s-master3,1,2026-06-05 16:56:24 UTC,11452388,14484836,1034976,6.48,126684,3093252,2532292,15.84,1077688,3053780,204
fog-k3s-master3,1,2026-06-05 16:56:25 UTC,11452388,14484848,1034952,6.48,126684,3093276,2532292,15.84,1077688,3053792,236
fog-k3s-master3,1,2026-06-05 16:56:26 UTC,11452388,14484888,1034964,6.48,126688,3093292,2532292,15.84,1077692,3053832,72
fog-k3s-master3,1,2026-06-05 16:56:27 UTC,11452388,14484900,1034952,6.48,126688,3093304,2532292,15.84,1077696,3053844,84
fog-k3s-master3,1,2026-06-05 16:56:28 UTC,11450372,14482904,1036940,6.49,126688,3093320,2532292,15.84,1080064,3053864,96
fog-k3s-master3,1,2026-06-05 16:56:29 UTC,11450372,14482916,1036940,6.49,126688,3093332,2532292,15.84,1080128,3053876,108
fog-k3s-master3,1,2026-06-05 16:56:30 UTC,11452368,14484932,1034924,6.48,126688,3093352,2532292,15.84,1080148,3053896,188
fog-k3s-master3,1,2026-06-05 16:56:31 UTC,11452368,14484948,1034900,6.48,126692,3093372,2532292,15.84,1080188,3053912,192
fog-k3s-master3,1,2026-06-05 16:56:32 UTC,11452116,14484700,1035136,6.48,126692,3093388,2532292,15.84,1080216,3053916,204
fog-k3s-master3,1,2026-06-05 16:56:33 UTC,11452116,14484704,1035116,6.48,126696,3093404,2532292,15.84,1080216,3053920,216
fog-k3s-master3,1,2026-06-05 16:56:34 UTC,11452116,14484752,1035104,6.48,126696,3093416,2532292,15.84,1079272,3053968,228
fog-k3s-master3,1,2026-06-05 16:56:35 UTC,11452116,14484756,1035088,6.48,126696,3093432,2532292,15.84,1079272,3053972,344
fog-k3s-master3,1,2026-06-05 16:56:36 UTC,11452116,14484780,1035076,6.48,126696,3093444,2532292,15.84,1079272,3053996,32
fog-k3s-master3,1,2026-06-05 16:56:37 UTC,11451388,14484076,1035776,6.48,126704,3093464,2532292,15.84,1079036,3054020,56
fog-k3s-master3,1,2026-06-05 16:56:38 UTC,11451136,14483848,1035992,6.48,126704,3093492,2532292,15.84,1078728,3054040,84
fog-k3s-master3,1,2026-06-05 16:56:39 UTC,11451136,14483868,1035980,6.48,126704,3093504,2532292,15.84,1078812,3054060,96
fog-k3s-master3,1,2026-06-05 16:56:40 UTC,11451136,14483872,1035968,6.48,126704,3093516,2532292,15.84,1078860,3054064,280
fog-k3s-master3,1,2026-06-05 16:56:41 UTC,11446880,14479616,1040212,6.51,126704,3093528,2532292,15.84,1078812,3054064,296
fog-k3s-master3,1,2026-06-05 16:56:42 UTC,11446880,14479620,1040196,6.51,126704,3093544,2532292,15.84,1078812,3054068,312
fog-k3s-master3,1,2026-06-05 16:56:43 UTC,11446880,14479672,1040180,6.51,126704,3093560,2532292,15.84,1079344,3054120,324
fog-k3s-master3,1,2026-06-05 16:56:44 UTC,11446880,14479680,1040160,6.51,126704,3093580,2532292,15.84,1079508,3054128,320
fog-k3s-master3,1,2026-06-05 16:56:45 UTC,11446632,14479468,1040380,6.51,126708,3093604,2532292,15.84,1079540,3054164,348
fog-k3s-master3,1,2026-06-05 16:56:46 UTC,11446632,14479472,1040368,6.51,126708,3093616,2532292,15.84,1079540,3054168,172
fog-k3s-master3,1,2026-06-05 16:56:47 UTC,11446632,14479476,1040348,6.51,126708,3093632,2532292,15.84,1079544,3054172,184
fog-k3s-master3,1,2026-06-05 16:56:48 UTC,11446632,14479516,1040332,6.51,126708,3093648,2532292,15.84,1080016,3054212,196
fog-k3s-master3,1,2026-06-05 16:56:49 UTC,11446632,14479528,1040320,6.51,126708,3093660,2532292,15.84,1080088,3054224,208
fog-k3s-master3,1,2026-06-05 16:56:50 UTC,11446632,14479528,1040304,6.51,126708,3093672,2532292,15.84,1080088,3054224,388
fog-k3s-master3,1,2026-06-05 16:56:51 UTC,11446632,14479532,1040296,6.51,126708,3093688,2532292,15.84,1079364,3054228,404
fog-k3s-master3,1,2026-06-05 16:56:52 UTC,11446632,14479580,1040292,6.51,126712,3093708,2532292,15.84,1079392,3054276,248
fog-k3s-master3,1,2026-06-05 16:56:53 UTC,11446632,14479600,1040272,6.51,126716,3093724,2532292,15.84,1079136,3054296,260
fog-k3s-master3,1,2026-06-05 16:56:54 UTC,11446632,14479612,1040260,6.51,126716,3093736,2532292,15.84,1079200,3054308,272
fog-k3s-master3,1,2026-06-05 16:56:55 UTC,11446632,14479616,1040244,6.51,126716,3093752,2532292,15.84,1079200,3054312,444
fog-k3s-master3,1,2026-06-05 16:56:56 UTC,11446632,14479644,1040228,6.51,126716,3093768,2532292,15.84,1079200,3054340,456
fog-k3s-master3,1,2026-06-05 16:56:57 UTC,11446632,14479660,1040212,6.51,126716,3093784,2532292,15.84,1079204,3054356,468
fog-k3s-master3,1,2026-06-05 16:56:58 UTC,11445880,14478920,1040924,6.51,126716,3093796,2532292,15.84,1080140,3054368,484
fog-k3s-master3,1,2026-06-05 16:56:59 UTC,11445880,14479080,1040704,6.51,126892,3093832,2532292,15.84,1080276,3054524,500
fog-k3s-master3,1,2026-06-05 16:57:00 UTC,11445880,14479104,1040688,6.51,126892,3093848,2532292,15.84,1080276,3054548,460
fog-k3s-master3,1,2026-06-05 16:57:01 UTC,11445656,14478900,1040932,6.51,126892,3093860,2532292,15.84,1080276,3054568,300
fog-k3s-master3,1,2026-06-05 16:57:02 UTC,11445656,14478912,1040920,6.51,126896,3093868,2532292,15.84,1081056,3054580,312
fog-k3s-master3,1,2026-06-05 16:57:03 UTC,11445656,14478972,1040892,6.51,126900,3093892,2532292,15.84,1081256,3054640,348
fog-k3s-master3,1,2026-06-05 16:57:04 UTC,11445656,14478984,1040876,6.51,126900,3093908,2532292,15.84,1080344,3054652,360
fog-k3s-master3,1,2026-06-05 16:57:05 UTC,11451476,14484828,1035044,6.48,126900,3093920,2532292,15.84,1080344,3054676,536
fog-k3s-master3,1,2026-06-05 16:57:06 UTC,11457512,14490888,1028984,6.44,126900,3093944,2532292,15.84,1080084,3054700,416
fog-k3s-master3,1,2026-06-05 16:57:07 UTC,11457008,14490412,1029488,6.44,126912,3093964,2532292,15.84,1080116,3054728,436
fog-k3s-master3,1,2026-06-05 16:57:08 UTC,11457008,14490440,1029444,6.44,126920,3093992,2532292,15.84,1079600,3054756,76
fog-k3s-master3,1,2026-06-05 16:57:09 UTC,11456760,14490208,1029676,6.44,126920,3094008,2532292,15.84,1079648,3054772,80
fog-k3s-master3,1,2026-06-05 16:57:10 UTC,11456760,14490228,1029632,6.44,126928,3094040,2532292,15.84,1079648,3054792,256
fog-k3s-master3,1,2026-06-05 16:57:11 UTC,11456760,14490228,1029620,6.44,126928,3094052,2532292,15.84,1079660,3054792,272
fog-k3s-master3,1,2026-06-05 16:57:12 UTC,11456760,14490244,1029596,6.44,126928,3094068,2532292,15.84,1079660,3054804,100
fog-k3s-master3,1,2026-06-05 16:57:13 UTC,11456508,14490056,1029812,6.44,126928,3094096,2532292,15.84,1081340,3054868,128
fog-k3s-master3,1,2026-06-05 16:57:14 UTC,11456508,14490068,1029800,6.44,126932,3094108,2532292,15.84,1081460,3054880,140
fog-k3s-master3,1,2026-06-05 16:57:15 UTC,11456256,14489848,1030020,6.44,126940,3094128,2535144,15.86,1082876,3054912,324
fog-k3s-master3,1,2026-06-05 16:57:16 UTC,11463384,14496996,1022860,6.40,126940,3094160,2532292,15.84,1081528,3054932,480
fog-k3s-master3,1,2026-06-05 16:57:17 UTC,11462628,14496256,1023600,6.40,126940,3094176,2532292,15.84,1081528,3054948,500
fog-k3s-master3,1,2026-06-05 16:57:18 UTC,11462628,14496256,1023588,6.40,126944,3094184,2532292,15.84,1081816,3054948,484
fog-k3s-master3,1,2026-06-05 16:57:19 UTC,11462628,14496300,1023568,6.40,126944,3094204,2532292,15.84,1083124,3054992,496
fog-k3s-master3,1,2026-06-05 16:57:20 UTC,11462628,14496304,1023556,6.40,126948,3094212,2532292,15.84,1083196,3054996,252
fog-k3s-master3,1,2026-06-05 16:57:21 UTC,11462404,14496108,1023688,6.40,126952,3094236,2532292,15.84,1082496,3055024,216
fog-k3s-master3,1,2026-06-05 16:57:22 UTC,11461900,14495612,1024172,6.41,126952,3094252,2532292,15.84,1082496,3055028,240
fog-k3s-master3,1,2026-06-05 16:57:23 UTC,11461900,14495664,1024164,6.41,126956,3094268,2532292,15.84,1082496,3055080,252
fog-k3s-master3,1,2026-06-05 16:57:24 UTC,11461900,14495676,1024152,6.41,126960,3094276,2532292,15.84,1082496,3055092,264
fog-k3s-master3,1,2026-06-05 16:57:25 UTC,11461900,14495704,1024124,6.41,126964,3094300,2532292,15.84,1082496,3055120,444
fog-k3s-master3,1,2026-06-05 16:57:26 UTC,11461900,14495704,1024112,6.41,126964,3094312,2532292,15.84,1082496,3055120,292
fog-k3s-master3,1,2026-06-05 16:57:27 UTC,11461200,14495032,1024800,6.41,126964,3094328,2532292,15.84,1082496,3055148,304
fog-k3s-master3,1,2026-06-05 16:57:28 UTC,11463744,14497580,1022236,6.40,126968,3094340,2532292,15.84,1083008,3055152,316
fog-k3s-master3,1,2026-06-05 16:57:29 UTC,11463744,14497604,1022200,6.40,126976,3094368,2532292,15.84,1083284,3055176,328
fog-k3s-master3,1,2026-06-05 16:57:30 UTC,11462988,14496896,1022928,6.40,126984,3094388,2532292,15.84,1083384,3055224,508
fog-k3s-master3,1,2026-06-05 16:57:31 UTC,11462988,14496912,1022916,6.40,126984,3094400,2532292,15.84,1083384,3055240,516
fog-k3s-master3,1,2026-06-05 16:57:32 UTC,11462988,14496924,1022900,6.40,126984,3094412,2532292,15.84,1083384,3055252,528
fog-k3s-master3,1,2026-06-05 16:57:33 UTC,11462988,14496932,1022876,6.40,126988,3094432,2532292,15.84,1083384,3055260,540
fog-k3s-master3,1,2026-06-05 16:57:34 UTC,11462988,14496932,1022864,6.40,126988,3094444,2532292,15.84,1082472,3055260,480
fog-k3s-master3,1,2026-06-05 16:57:35 UTC,11462988,14496976,1022848,6.40,126988,3094460,2532292,15.84,1082464,3055304,524
fog-k3s-master3,1,2026-06-05 16:57:36 UTC,11462988,14496988,1022832,6.40,126992,3094472,2532292,15.84,1082236,3055316,368
fog-k3s-master3,1,2026-06-05 16:57:37 UTC,11462988,14497016,1022808,6.40,126996,3094492,2532292,15.84,1082236,3055344,380
fog-k3s-master3,1,2026-06-05 16:57:38 UTC,11463104,14497168,1022648,6.40,127000,3094516,2532292,15.84,1082812,3055372,408
fog-k3s-master3,1,2026-06-05 16:57:39 UTC,11463104,14497180,1022636,6.40,127000,3094528,2532292,15.84,1082052,3055384,160
fog-k3s-master3,1,2026-06-05 16:57:40 UTC,11463104,14497188,1022628,6.40,127000,3094536,2532292,15.84,1082052,3055392,228
fog-k3s-master3,1,2026-06-05 16:57:41 UTC,11463104,14497192,1022612,6.40,127000,3094552,2532292,15.84,1082056,3055396,240
fog-k3s-master3,1,2026-06-05 16:57:42 UTC,11463104,14497196,1022596,6.40,127000,3094568,2532292,15.84,1082056,3055400,252
fog-k3s-master3,1,2026-06-05 16:57:43 UTC,11463104,14497236,1022580,6.40,127000,3094584,2532292,15.84,1082516,3055440,264
fog-k3s-master3,1,2026-06-05 16:57:44 UTC,11462856,14497028,1022780,6.40,127012,3094616,2532292,15.84,1082652,3055476,264
fog-k3s-master3,1,2026-06-05 16:57:45 UTC,11462856,14497052,1022756,6.40,127016,3094636,2532292,15.84,1082660,3055500,116
fog-k3s-master3,1,2026-06-05 16:57:46 UTC,11462856,14497056,1022740,6.40,127024,3094644,2532292,15.84,1082660,3055504,128
fog-k3s-master3,1,2026-06-05 16:57:47 UTC,11462856,14497068,1022716,6.40,127024,3094668,2532292,15.84,1082660,3055516,140
fog-k3s-master3,1,2026-06-05 16:57:48 UTC,11462856,14497112,1022704,6.40,127024,3094680,2532292,15.84,1083124,3055560,152
fog-k3s-master3,1,2026-06-05 16:57:49 UTC,11462856,14497116,1022692,6.40,127024,3094696,2532292,15.84,1083188,3055564,164
fog-k3s-master3,1,2026-06-05 16:57:50 UTC,11462856,14497116,1022680,6.40,127024,3094708,2532292,15.84,1083188,3055564,348
fog-k3s-master3,1,2026-06-05 16:57:51 UTC,11462856,14497156,1022648,6.40,127028,3094724,2532292,15.84,1082728,3055604,356
fog-k3s-master3,1,2026-06-05 16:57:52 UTC,11462856,14497176,1022632,6.40,127028,3094740,2532292,15.84,1082512,3055624,196
fog-k3s-master3,1,2026-06-05 16:57:53 UTC,11464004,14498344,1021464,6.39,127032,3094756,2532292,15.84,1082512,3055644,208
fog-k3s-master3,1,2026-06-05 16:57:54 UTC,11464004,14498344,1021452,6.39,127032,3094772,2532292,15.84,1082516,3055644,220
fog-k3s-master3,1,2026-06-05 16:57:55 UTC,11463500,14497844,1021940,6.39,127032,3094788,2532292,15.84,1082524,3055648,396
fog-k3s-master3,1,2026-06-05 16:57:56 UTC,11463500,14497844,1021924,6.39,127032,3094800,2532292,15.84,1082524,3055648,412
fog-k3s-master3,1,2026-06-05 16:57:57 UTC,11463500,14497904,1021904,6.39,127036,3094816,2532292,15.84,1082528,3055708,424
fog-k3s-master3,1,2026-06-05 16:57:58 UTC,11463500,14497916,1021892,6.39,127040,3094824,2532292,15.84,1082984,3055720,436
fog-k3s-master3,1,2026-06-05 16:57:59 UTC,11463500,14497940,1021860,6.39,127044,3094844,2532292,15.84,1083456,3055744,444
fog-k3s-master3,1,2026-06-05 16:58:00 UTC,11463500,14497944,1021872,6.39,127052,3094856,2532292,15.84,1083456,3055748,288
fog-k3s-master3,1,2026-06-05 16:58:01 UTC,11463248,14497736,1022096,6.40,127052,3094880,2532292,15.84,1083456,3055788,300
fog-k3s-master3,1,2026-06-05 16:58:02 UTC,11463248,14497736,1022084,6.39,127056,3094888,2532292,15.84,1083468,3055788,312
fog-k3s-master3,1,2026-06-05 16:58:03 UTC,11463000,14497520,1022312,6.40,127056,3094908,2532292,15.84,1083468,3055820,324
fog-k3s-master3,1,2026-06-05 16:58:04 UTC,11463000,14497520,1022300,6.40,127060,3094916,2532292,15.84,1082716,3055820,336
fog-k3s-master3,1,2026-06-05 16:58:05 UTC,11463036,14497600,1022256,6.40,127064,3094952,2532292,15.84,1082520,3055864,528
fog-k3s-master3,1,2026-06-05 16:58:06 UTC,11463036,14497600,1022244,6.40,127064,3094964,2532292,15.84,1082288,3055864,340
fog-k3s-master3,1,2026-06-05 16:58:07 UTC,11463036,14497628,1022224,6.40,127068,3094980,2532548,15.85,1082292,3055892,372
fog-k3s-master3,1,2026-06-05 16:58:08 UTC,11463036,14497648,1022200,6.40,127068,3095000,2532548,15.85,1081576,3055912,384
fog-k3s-master3,1,2026-06-05 16:58:09 UTC,11463036,14497672,1022188,6.40,127068,3095012,2532548,15.85,1081968,3055936,380
fog-k3s-master3,1,2026-06-05 16:58:10 UTC,11462788,14497424,1022424,6.40,127072,3095020,2532548,15.85,1081968,3055936,560
fog-k3s-master3,1,2026-06-05 16:58:11 UTC,11462788,14497456,1022404,6.40,127072,3095040,2532548,15.85,1082096,3055968,204
fog-k3s-master3,1,2026-06-05 16:58:12 UTC,11462788,14497456,1022392,6.40,127072,3095052,2532548,15.85,1082096,3055968,220
fog-k3s-master3,1,2026-06-05 16:58:13 UTC,11462788,14497496,1022360,6.40,127076,3095080,2532548,15.85,1082556,3056008,244
fog-k3s-master3,1,2026-06-05 16:58:14 UTC,11462788,14497508,1022348,6.40,127080,3095088,2532548,15.85,1082652,3056020,256
fog-k3s-master3,1,2026-06-05 16:58:15 UTC,11462788,14497528,1022316,6.40,127084,3095116,2532548,15.85,1082680,3056040,288
fog-k3s-master3,1,2026-06-05 16:58:16 UTC,11462788,14497528,1022292,6.40,127084,3095140,2532548,15.85,1082680,3056040,128
fog-k3s-master3,1,2026-06-05 16:58:17 UTC,11462284,14497080,1022780,6.40,127084,3095156,2532548,15.85,1082680,3056096,144
fog-k3s-master3,1,2026-06-05 16:58:18 UTC,11462284,14497080,1022768,6.40,127088,3095164,2532548,15.85,1082680,3056096,156
fog-k3s-master3,1,2026-06-05 16:58:19 UTC,11462284,14497100,1022748,6.40,127088,3095184,2532548,15.85,1083208,3056116,140
fog-k3s-master3,1,2026-06-05 16:58:20 UTC,11462284,14497104,1022732,6.40,127088,3095196,2532548,15.85,1069596,3056116,320
fog-k3s-master3,1,2026-06-05 16:58:21 UTC,11462284,14497144,1022712,6.40,127092,3095212,2532548,15.85,1069040,3056156,160
fog-k3s-master3,1,2026-06-05 16:58:22 UTC,11467856,14502740,1017120,6.36,127096,3095228,2535756,15.87,1070620,3056180,180
fog-k3s-master3,1,2026-06-05 16:58:23 UTC,11469392,14504280,1015564,6.35,127100,3095244,2532548,15.85,1068936,3056184,380
fog-k3s-master3,1,2026-06-05 16:58:24 UTC,11470496,14505396,1014448,6.35,127100,3095256,2532548,15.85,1068936,3056196,392
fog-k3s-master3,1,2026-06-05 16:58:25 UTC,11470244,14505152,1014680,6.35,127100,3095276,2532548,15.85,1068936,3056204,500
fog-k3s-master3,1,2026-06-05 16:58:26 UTC,11469996,14504944,1014916,6.35,127100,3095288,2532548,15.85,1068940,3056244,512
fog-k3s-master3,1,2026-06-05 16:58:27 UTC,11469492,14504444,1015404,6.35,127100,3095304,2532548,15.85,1068940,3056248,268
fog-k3s-master3,1,2026-06-05 16:58:28 UTC,11468484,14503460,1016400,6.36,127100,3095316,2532548,15.85,1069964,3056272,260
fog-k3s-master3,1,2026-06-05 16:58:29 UTC,11468484,14503464,1016384,6.36,127100,3095332,2532548,15.85,1070104,3056276,272
fog-k3s-master3,1,2026-06-05 16:58:30 UTC,11467756,14502772,1017088,6.36,127100,3095356,2532548,15.85,1070136,3056312,288
fog-k3s-master3,1,2026-06-05 16:58:31 UTC,11467756,14502772,1017076,6.36,127100,3095368,2532548,15.85,1070136,3056312,464
fog-k3s-master3,1,2026-06-05 16:58:32 UTC,11467756,14502800,1017060,6.36,127100,3095384,2532548,15.85,1070136,3056340,476
fog-k3s-master3,1,2026-06-05 16:58:33 UTC,11467756,14502812,1017052,6.36,127100,3095396,2532548,15.85,1070136,3056352,488
fog-k3s-master3,1,2026-06-05 16:58:34 UTC,11467756,14502820,1017032,6.36,127100,3095416,2532548,15.85,1069184,3056360,500
fog-k3s-master3,1,2026-06-05 16:58:35 UTC,11467756,14502820,1017020,6.36,127100,3095428,2532548,15.85,1069184,3056360,512
fog-k3s-master3,1,2026-06-05 16:58:36 UTC,11467756,14502852,1017004,6.36,127100,3095444,2532548,15.85,1068940,3056392,356
fog-k3s-master3,1,2026-06-05 16:58:37 UTC,11467756,14502876,1016988,6.36,127100,3095460,2532548,15.85,1068940,3056416,372
fog-k3s-master3,1,2026-06-05 16:58:38 UTC,11467756,14502892,1016960,6.36,127100,3095488,2532548,15.85,1068180,3056432,356
fog-k3s-master3,1,2026-06-05 16:58:39 UTC,11467756,14502892,1016952,6.36,127100,3095496,2532548,15.85,1068528,3056432,364
fog-k3s-master3,1,2026-06-05 16:58:40 UTC,11467756,14502896,1016936,6.36,127100,3095512,2532548,15.85,1068528,3056436,540
fog-k3s-master3,1,2026-06-05 16:58:41 UTC,11467756,14502900,1016920,6.36,127100,3095528,2532548,15.85,1068544,3056440,392
fog-k3s-master3,1,2026-06-05 16:58:42 UTC,11467756,14502900,1016908,6.36,127100,3095540,2532548,15.85,1069564,3056440,56
fog-k3s-master3,1,2026-06-05 16:58:43 UTC,11467756,14502972,1016892,6.36,127100,3095556,2532548,15.85,1070100,3056512,56
fog-k3s-master3,1,2026-06-05 16:58:44 UTC,11467756,14502988,1016876,6.36,127100,3095572,2532548,15.85,1070320,3056528,68
fog-k3s-master3,1,2026-06-05 16:58:45 UTC,11467756,14502992,1016868,6.36,127100,3095588,2532548,15.85,1070324,3056532,76
fog-k3s-master3,1,2026-06-05 16:58:46 UTC,11467756,14503004,1016836,6.36,127108,3095608,2532548,15.85,1070324,3056540,260
fog-k3s-master3,1,2026-06-05 16:58:47 UTC,11467756,14503008,1016820,6.36,127108,3095624,2532548,15.85,1070324,3056544,272
fog-k3s-master3,1,2026-06-05 16:58:48 UTC,11467252,14502504,1017308,6.37,127108,3095636,2532548,15.85,1070504,3056544,284
fog-k3s-master3,1,2026-06-05 16:58:49 UTC,11467252,14502568,1017292,6.36,127108,3095652,2532548,15.85,1070864,3056608,296
fog-k3s-master3,1,2026-06-05 16:58:50 UTC,11467252,14502568,1017280,6.36,127108,3095664,2532548,15.85,1070864,3056608,312
fog-k3s-master3,1,2026-06-05 16:58:51 UTC,11467252,14502584,1017244,6.36,127112,3095680,2532548,15.85,1070368,3056624,156
fog-k3s-master3,1,2026-06-05 16:58:52 UTC,11467252,14502588,1017228,6.36,127112,3095696,2532548,15.85,1070208,3056628,168
fog-k3s-master3,1,2026-06-05 16:58:53 UTC,11467252,14502644,1017208,6.36,127112,3095716,2532548,15.85,1070208,3056684,180
fog-k3s-master3,1,2026-06-05 16:58:54 UTC,11467252,14502644,1017196,6.36,127112,3095728,2532548,15.85,1070208,3056684,192
fog-k3s-master3,1,2026-06-05 16:58:55 UTC,11467832,14503252,1016596,6.36,127116,3095744,2532548,15.85,1070184,3056712,452
fog-k3s-master3,1,2026-06-05 16:58:56 UTC,11467832,14503256,1016584,6.36,127116,3095756,2532548,15.85,1070184,3056716,232
fog-k3s-master3,1,2026-06-05 16:58:57 UTC,11467580,14503020,1016808,6.36,127120,3095780,2532548,15.85,1070184,3056732,260
fog-k3s-master3,1,2026-06-05 16:58:58 UTC,11467328,14502804,1017044,6.36,127124,3095792,2532548,15.85,1070848,3056768,268
fog-k3s-master3,1,2026-06-05 16:58:59 UTC,11467328,14502820,1017032,6.36,127124,3095804,2532548,15.85,1071164,3056784,280
fog-k3s-master3,1,2026-06-05 16:59:00 UTC,11467076,14502588,1017264,6.36,127124,3095824,2535400,15.86,1072688,3056804,436
fog-k3s-master3,1,2026-06-05 16:59:01 UTC,11467276,14502820,1017028,6.36,127124,3095852,2532548,15.85,1071656,3056832,620
fog-k3s-master3,1,2026-06-05 16:59:02 UTC,11472892,14508452,1011392,6.33,127128,3095868,2532548,15.85,1071308,3056848,632
fog-k3s-master3,1,2026-06-05 16:59:03 UTC,11477428,14513000,1006844,6.30,127128,3095880,2532548,15.85,1071308,3056860,644
fog-k3s-master3,1,2026-06-05 16:59:04 UTC,11477360,14512948,1006896,6.30,127128,3095896,2532548,15.85,1070400,3056876,656
fog-k3s-master3,1,2026-06-05 16:59:05 UTC,11477904,14513508,1006328,6.30,127136,3095912,2532548,15.85,1070400,3056892,408
fog-k3s-master3,1,2026-06-05 16:59:06 UTC,11477176,14512792,1007004,6.30,127136,3095932,2532548,15.85,1070200,3056904,356
fog-k3s-master3,1,2026-06-05 16:59:07 UTC,11475668,14511328,1008488,6.31,127140,3095952,2532548,15.85,1070200,3056948,376
fog-k3s-master3,1,2026-06-05 16:59:08 UTC,11476360,14512036,1007780,6.31,127140,3095968,2532548,15.85,1069300,3056964,388
fog-k3s-master3,1,2026-06-05 16:59:09 UTC,11476108,14511784,1008020,6.31,127140,3095980,2532548,15.85,1069760,3056964,348
fog-k3s-master3,1,2026-06-05 16:59:10 UTC,11476108,14511788,1008004,6.31,127140,3095996,2532548,15.85,1069772,3056968,364
fog-k3s-master3,1,2026-06-05 16:59:11 UTC,11476108,14511792,1007988,6.31,127140,3096012,2532548,15.85,1069772,3056972,388
fog-k3s-master3,1,2026-06-05 16:59:12 UTC,11475608,14511344,1008472,6.31,127140,3096024,2532548,15.85,1069796,3057020,400
fog-k3s-master3,1,2026-06-05 16:59:13 UTC,11475356,14511096,1008700,6.31,127140,3096048,2532548,15.85,1070324,3057024,424
fog-k3s-master3,1,2026-06-05 16:59:14 UTC,11475356,14511096,1008700,6.31,127140,3096048,2532548,15.85,1070412,3057024,164
fog-k3s-master3,1,2026-06-05 16:59:15 UTC,11475356,14511148,1008668,6.31,127140,3096080,2532548,15.85,1070416,3057076,68
fog-k3s-master3,1,2026-06-05 16:59:16 UTC,11475356,14511160,1008640,6.31,127140,3096108,2532548,15.85,1070428,3057088,260
fog-k3s-master3,1,2026-06-05 16:59:17 UTC,11475132,14510968,1008848,6.31,127140,3096124,2532548,15.85,1070428,3057120,272
fog-k3s-master3,1,2026-06-05 16:59:18 UTC,11475132,14510972,1008836,6.31,127140,3096136,2532548,15.85,1070428,3057124,280
fog-k3s-master3,1,2026-06-05 16:59:19 UTC,11474376,14510240,1009572,6.32,127144,3096152,2532548,15.85,1071024,3057148,264
fog-k3s-master3,1,2026-06-05 16:59:20 UTC,11474376,14510244,1009560,6.32,127144,3096164,2532548,15.85,1071028,3057152,292
fog-k3s-master3,1,2026-06-05 16:59:21 UTC,11474376,14510272,1009544,6.32,127144,3096180,2532548,15.85,1070304,3057180,124
fog-k3s-master3,1,2026-06-05 16:59:22 UTC,11474124,14510044,1009768,6.32,127152,3096196,2532548,15.85,1070304,3057204,140
fog-k3s-master3,1,2026-06-05 16:59:23 UTC,11474124,14510064,1009748,6.32,127156,3096212,2532548,15.85,1070304,3057224,152
fog-k3s-master3,1,2026-06-05 16:59:24 UTC,11477484,14513424,1006376,6.30,127156,3096224,2532548,15.85,1070308,3057224,164
fog-k3s-master3,1,2026-06-05 16:59:25 UTC,11476480,14512456,1007356,6.30,127156,3096244,2532548,15.85,1071332,3057256,340
fog-k3s-master3,1,2026-06-05 16:59:26 UTC,11476480,14512468,1007344,6.30,127156,3096256,2532548,15.85,1071332,3057268,184
fog-k3s-master3,1,2026-06-05 16:59:27 UTC,11476480,14512472,1007340,6.30,127156,3096260,2532548,15.85,1071332,3057272,184
fog-k3s-master3,1,2026-06-05 16:59:28 UTC,11475224,14511240,1008576,6.31,127156,3096284,2532548,15.85,1071696,3057296,208
fog-k3s-master3,1,2026-06-05 16:59:29 UTC,11474972,14511004,1008812,6.31,127156,3096300,2532548,15.85,1072248,3057312,220
fog-k3s-master3,1,2026-06-05 16:59:30 UTC,11473744,14509792,1010020,6.32,127156,3096320,2532548,15.85,1072588,3057328,404
fog-k3s-master3,1,2026-06-05 16:59:31 UTC,11473744,14509800,1010004,6.32,127156,3096336,2532548,15.85,1072360,3057336,416
fog-k3s-master3,1,2026-06-05 16:59:32 UTC,11473744,14509828,1009988,6.32,127156,3096352,2532548,15.85,1072108,3057364,428
fog-k3s-master3,1,2026-06-05 16:59:33 UTC,11473744,14509844,1009976,6.32,127156,3096368,2532548,15.85,1072108,3057380,440
fog-k3s-master3,1,2026-06-05 16:59:34 UTC,11473492,14509604,1010216,6.32,127156,3096380,2532548,15.85,1071364,3057392,452
fog-k3s-master3,1,2026-06-05 16:59:35 UTC,11473492,14509620,1010200,6.32,127156,3096396,2532548,15.85,1071244,3057408,480
fog-k3s-master3,1,2026-06-05 16:59:36 UTC,11473240,14509380,1010440,6.32,127156,3096408,2532548,15.85,1071012,3057420,312
fog-k3s-master3,1,2026-06-05 16:59:37 UTC,11473240,14509388,1010404,6.32,127168,3096428,2532548,15.85,1071012,3057428,324
fog-k3s-master3,1,2026-06-05 16:59:38 UTC,11473240,14509412,1010396,6.32,127168,3096436,2532548,15.85,1070124,3057452,332
fog-k3s-master3,1,2026-06-05 16:59:39 UTC,11473240,14509444,1010376,6.32,127168,3096460,2532548,15.85,1070528,3057484,356
fog-k3s-master3,1,2026-06-05 16:59:40 UTC,11473240,14509448,1010360,6.32,127168,3096476,2532548,15.85,1070580,3057488,368
fog-k3s-master3,1,2026-06-05 16:59:41 UTC,11472988,14509200,1010588,6.32,127176,3096488,2532548,15.85,1070584,3057488,364
fog-k3s-master3,1,2026-06-05 16:59:42 UTC,11472988,14509200,1010588,6.32,127176,3096488,2532548,15.85,1070584,3057488,352
fog-k3s-master3,1,2026-06-05 16:59:43 UTC,11472988,14509252,1010548,6.32,127184,3096508,2532548,15.85,1071292,3057540,376
fog-k3s-master3,1,2026-06-05 16:59:45 UTC,11472988,14509264,1010528,6.32,127184,3096532,2532548,15.85,1071732,3057552,400
fog-k3s-master3,1,2026-06-05 16:59:46 UTC,11472988,14509268,1010524,6.32,127192,3096528,2532548,15.85,1071784,3057556,200
fog-k3s-master3,1,2026-06-05 16:59:47 UTC,11472988,14509316,1010484,6.32,127192,3096568,2532548,15.85,1071784,3057604,228
fog-k3s-master3,1,2026-06-05 16:59:48 UTC,11472988,14509340,1010472,6.32,127192,3096580,2532548,15.85,1071784,3057628,240
fog-k3s-master3,1,2026-06-05 16:59:49 UTC,11472988,14509344,1010456,6.32,127192,3096596,2532548,15.85,1071784,3057632,256
fog-k3s-master3,1,2026-06-05 16:59:50 UTC,11472988,14509372,1010436,6.32,127192,3096612,2532548,15.85,1072328,3057660,268
fog-k3s-master3,1,2026-06-05 16:59:51 UTC,11472988,14509372,1010424,6.32,127192,3096624,2532548,15.85,1072336,3057660,280
fog-k3s-master3,1,2026-06-05 16:59:52 UTC,11472232,14508620,1011192,6.33,127196,3096640,2532548,15.85,1072296,3057664,124
fog-k3s-master3,1,2026-06-05 16:59:53 UTC,11472232,14508664,1011176,6.33,127196,3096656,2532548,15.85,1072332,3057708,136
fog-k3s-master3,1,2026-06-05 16:59:54 UTC,11471980,14508428,1011408,6.33,127200,3096672,2532548,15.85,1072332,3057724,148
fog-k3s-master3,1,2026-06-05 16:59:55 UTC,11471980,14508432,1011392,6.33,127200,3096688,2532548,15.85,1072332,3057728,160
fog-k3s-master3,1,2026-06-05 16:59:56 UTC,11471980,14508432,1011380,6.33,127200,3096700,2532548,15.85,1072332,3057728,172
fog-k3s-master3,1,2026-06-05 16:59:57 UTC,11471980,14508468,1011396,6.33,127200,3096716,2532548,15.85,1072368,3057764,180
fog-k3s-master3,1,2026-06-05 16:59:58 UTC,11471728,14508220,1011636,6.33,127200,3096728,2532548,15.85,1072368,3057768,188
fog-k3s-master3,1,2026-06-05 16:59:59 UTC,11472360,14508868,1010992,6.33,127200,3096740,2532548,15.85,1072668,3057784,200
fog-k3s-master3,1,2026-06-05 17:00:00 UTC,11472136,14508672,1011200,6.33,127200,3096756,2532548,15.85,1073032,3057812,212
fog-k3s-master3,1,2026-06-05 17:00:01 UTC,11471884,14508448,1011432,6.33,127208,3096784,2532548,15.85,1073136,3057840,360
fog-k3s-master3,1,2026-06-05 17:00:02 UTC,11471884,14508464,1011408,6.33,127216,3096800,2532548,15.85,1073184,3057856,484
fog-k3s-master3,1,2026-06-05 17:00:03 UTC,11471884,14508488,1011388,6.33,127216,3096816,2532548,15.85,1073192,3057876,496
fog-k3s-master3,1,2026-06-05 17:00:04 UTC,11448148,14493244,1026476,6.42,127232,3105188,2532548,15.85,1086108,3066264,596
fog-k3s-master3,1,2026-06-05 17:00:05 UTC,11447896,14493004,1026716,6.42,127232,3105200,2532548,15.85,1085308,3066276,608
fog-k3s-master3,1,2026-06-05 17:00:06 UTC,11449292,14494428,1025328,6.42,127232,3105224,2532548,15.85,1085468,3066304,496
fog-k3s-master3,1,2026-06-05 17:00:07 UTC,11448288,14493424,1026320,6.42,127232,3105236,2532548,15.85,1085284,3066304,508
fog-k3s-master3,1,2026-06-05 17:00:08 UTC,11447532,14492712,1027044,6.43,127244,3105256,2532548,15.85,1085908,3066348,520
fog-k3s-master3,1,2026-06-05 17:00:09 UTC,11447532,14492740,1027024,6.43,127244,3105272,2532548,15.85,1085364,3066372,532
fog-k3s-master3,1,2026-06-05 17:00:10 UTC,11447028,14492252,1027512,6.43,127244,3105288,2532804,15.85,1085976,3066388,544
fog-k3s-master3,1,2026-06-05 17:00:11 UTC,11447028,14492252,1027500,6.43,127244,3105300,2532804,15.85,1086072,3066388,556
fog-k3s-master3,1,2026-06-05 17:00:12 UTC,11447028,14492256,1027484,6.43,127244,3105316,2532804,15.85,1086104,3066392,380
fog-k3s-master3,1,2026-06-05 17:00:13 UTC,11447028,14492256,1027468,6.43,127244,3105328,2532804,15.85,1086164,3066392,392
fog-k3s-master3,1,2026-06-05 17:00:14 UTC,11446272,14491560,1028192,6.43,127244,3105356,2536900,15.87,1087616,3066452,364
fog-k3s-master3,1,2026-06-05 17:00:15 UTC,11446272,14491576,1028184,6.43,127244,3105368,2536900,15.87,1087680,3066468,376
fog-k3s-master3,1,2026-06-05 17:00:16 UTC,11446020,14491352,1028408,6.43,127248,3105392,2536900,15.87,1087900,3066496,568
fog-k3s-master3,1,2026-06-05 17:00:17 UTC,11446020,14491364,1028352,6.43,127248,3105416,2536900,15.87,1087988,3066508,56
fog-k3s-master3,1,2026-06-05 17:00:18 UTC,11446020,14491392,1028336,6.43,127248,3105428,2536900,15.87,1088044,3066532,80
fog-k3s-master3,1,2026-06-05 17:00:19 UTC,11446020,14491396,1028320,6.43,127248,3105444,2536900,15.87,1088128,3066536,64
fog-k3s-master3,1,2026-06-05 17:00:20 UTC,11444760,14490164,1029564,6.44,127252,3105456,2536900,15.87,1089888,3066564,76
fog-k3s-master3,1,2026-06-05 17:00:21 UTC,11444760,14490164,1029548,6.44,127252,3105472,2536900,15.87,1089988,3066564,256
fog-k3s-master3,1,2026-06-05 17:00:22 UTC,11444760,14490172,1029532,6.44,127256,3105484,2536900,15.87,1089480,3066572,268
fog-k3s-master3,1,2026-06-05 17:00:23 UTC,11443752,14489172,1030520,6.45,127256,3105504,2536900,15.87,1089476,3066580,276
fog-k3s-master3,1,2026-06-05 17:00:24 UTC,11442240,14487716,1032008,6.46,127260,3105524,2536900,15.87,1089468,3066636,444
fog-k3s-master3,1,2026-06-05 17:00:25 UTC,11442240,14487728,1032004,6.46,127260,3105536,2536900,15.87,1089492,3066648,456
fog-k3s-master3,1,2026-06-05 17:00:26 UTC,11442240,14487736,1031984,6.46,127264,3105552,2536900,15.87,1089492,3066656,480
fog-k3s-master3,1,2026-06-05 17:00:27 UTC,11442240,14487748,1031900,6.46,127268,3105568,2536900,15.87,1089492,3066668,172
fog-k3s-master3,1,2026-06-05 17:00:28 UTC,11442240,14487752,1031884,6.46,127268,3105584,2536900,15.87,1089492,3066672,196
fog-k3s-master3,1,2026-06-05 17:00:29 UTC,11442240,14487800,1031872,6.46,127268,3105596,2536900,15.87,1089800,3066720,208
fog-k3s-master3,1,2026-06-05 17:00:30 UTC,11441484,14487048,1032612,6.46,127268,3105612,2536900,15.87,1090120,3066724,212
fog-k3s-master3,1,2026-06-05 17:00:31 UTC,11440980,14486576,1033096,6.46,127272,3105628,2536900,15.87,1090504,3066756,228
fog-k3s-master3,1,2026-06-05 17:00:32 UTC,11440728,14486344,1033320,6.47,127280,3105648,2536900,15.87,1090336,3066776,412
fog-k3s-master3,1,2026-06-05 17:00:33 UTC,11440728,14486368,1033296,6.47,127288,3105664,2536900,15.87,1090336,3066800,424
fog-k3s-master3,1,2026-06-05 17:00:34 UTC,11440728,14486368,1033284,6.47,127288,3105676,2536900,15.87,1090336,3066800,436
fog-k3s-master3,1,2026-06-05 17:00:35 UTC,11440728,14486396,1033264,6.46,127292,3105692,2536900,15.87,1089356,3066828,448
fog-k3s-master3,1,2026-06-05 17:00:36 UTC,11440728,14486396,1033252,6.46,127292,3105704,2536900,15.87,1089356,3066828,288
fog-k3s-master3,1,2026-06-05 17:00:37 UTC,11440728,14486404,1033228,6.46,127296,3105720,2536900,15.87,1089116,3066832,296
fog-k3s-master3,1,2026-06-05 17:00:38 UTC,11440728,14486440,1033216,6.46,127296,3105732,2536900,15.87,1089116,3066868,304
fog-k3s-master3,1,2026-06-05 17:00:39 UTC,11440728,14486480,1033192,6.46,127296,3105756,2536900,15.87,1088588,3066908,328
fog-k3s-master3,1,2026-06-05 17:00:40 UTC,11440728,14486484,1033176,6.46,127296,3105772,2536900,15.87,1089020,3066912,340
fog-k3s-master3,1,2026-06-05 17:00:41 UTC,11440728,14486492,1033156,6.46,127300,3105788,2540088,15.89,1090660,3066920,356
fog-k3s-master3,1,2026-06-05 17:00:42 UTC,11442872,14488636,1031032,6.45,127300,3105800,2536900,15.87,1089068,3066920,384
fog-k3s-master3,1,2026-06-05 17:00:43 UTC,11442872,14488692,1031012,6.45,127304,3105816,2536900,15.87,1089108,3066976,404
fog-k3s-master3,1,2026-06-05 17:00:44 UTC,11442116,14487952,1031752,6.46,127304,3105832,2536900,15.87,1089484,3066992,416
fog-k3s-master3,1,2026-06-05 17:00:45 UTC,11442116,14487964,1031740,6.46,127304,3105844,2536900,15.87,1089580,3067004,360
fog-k3s-master3,1,2026-06-05 17:00:46 UTC,11442116,14487980,1031704,6.46,127320,3105864,2536900,15.87,1089580,3067020,568
fog-k3s-master3,1,2026-06-05 17:00:47 UTC,11442116,14487984,1031684,6.46,127324,3105880,2536900,15.87,1089580,3067024,580
fog-k3s-master3,1,2026-06-05 17:00:48 UTC,11441612,14487520,1032172,6.46,127324,3105896,2536900,15.87,1089580,3067064,216
fog-k3s-master3,1,2026-06-05 17:00:49 UTC,11441612,14487520,1032160,6.46,127324,3105908,2536900,15.87,1089580,3067064,232
fog-k3s-master3,1,2026-06-05 17:00:50 UTC,11441612,14487560,1032140,6.46,127324,3105924,2536900,15.87,1089944,3067104,244
fog-k3s-master3,1,2026-06-05 17:00:51 UTC,11441612,14487576,1032120,6.46,127324,3105940,2536900,15.87,1089984,3067120,280
fog-k3s-master3,1,2026-06-05 17:00:52 UTC,11441612,14487588,1032108,6.46,127324,3105952,2536900,15.87,1089484,3067132,100
fog-k3s-master3,1,2026-06-05 17:00:53 UTC,11441612,14487612,1032084,6.46,127328,3105972,2536900,15.87,1089376,3067156,116
fog-k3s-master3,1,2026-06-05 17:00:54 UTC,11441612,14487616,1032064,6.46,127332,3105988,2536900,15.87,1089424,3067160,128
fog-k3s-master3,1,2026-06-05 17:00:55 UTC,11441612,14487620,1032064,6.46,127332,3105988,2536900,15.87,1089440,3067164,128
fog-k3s-master3,1,2026-06-05 17:00:56 UTC,11441612,14487652,1032028,6.46,127336,3106016,2536900,15.87,1089444,3067192,332
fog-k3s-master3,1,2026-06-05 17:00:57 UTC,11441612,14487660,1032012,6.46,127340,3106028,2536900,15.87,1089444,3067200,168
fog-k3s-master3,1,2026-06-05 17:00:58 UTC,11441612,14487696,1032000,6.46,127340,3106040,2536900,15.87,1089444,3067236,180
fog-k3s-master3,1,2026-06-05 17:00:59 UTC,11441612,14487700,1031984,6.46,127340,3106056,2536900,15.87,1089780,3067240,192
fog-k3s-master3,1,2026-06-05 17:01:00 UTC,11441360,14487468,1032220,6.46,127340,3106072,2536900,15.87,1090416,3067260,204
fog-k3s-master3,1,2026-06-05 17:01:01 UTC,11441360,14487500,1032192,6.46,127344,3106092,2536900,15.87,1090492,3067292,220
fog-k3s-master3,1,2026-06-05 17:01:02 UTC,11441360,14487512,1032180,6.46,127344,3106104,2536900,15.87,1090492,3067304,404
fog-k3s-master3,1,2026-06-05 17:01:03 UTC,11441136,14487292,1032384,6.46,127344,3106120,2536900,15.87,1090492,3067308,416
fog-k3s-master3,1,2026-06-05 17:01:04 UTC,11441136,14487296,1032364,6.46,127348,3106136,2536900,15.87,1090492,3067312,428
fog-k3s-master3,1,2026-06-05 17:01:05 UTC,11441136,14487336,1032352,6.46,127348,3106148,2536900,15.87,1089768,3067352,440
fog-k3s-master3,1,2026-06-05 17:01:06 UTC,11443048,14489252,1030400,6.45,127352,3106176,2536900,15.87,1089564,3067356,468
fog-k3s-master3,1,2026-06-05 17:01:07 UTC,11442796,14489044,1030636,6.45,127352,3106192,2537156,15.87,1089364,3067400,304
fog-k3s-master3,1,2026-06-05 17:01:08 UTC,11442572,14488844,1030836,6.45,127352,3106216,2537156,15.87,1089364,3067424,316
fog-k3s-master3,1,2026-06-05 17:01:09 UTC,11442572,14488848,1030820,6.45,127352,3106232,2537156,15.87,1088500,3067428,328
fog-k3s-master3,1,2026-06-05 17:01:10 UTC,11442072,14488376,1031304,6.45,127352,3106248,2537156,15.87,1088840,3067456,340
fog-k3s-master3,1,2026-06-05 17:01:11 UTC,11442072,14488388,1031292,6.45,127352,3106260,2537156,15.87,1088840,3067468,352
fog-k3s-master3,1,2026-06-05 17:01:12 UTC,11442072,14488392,1031276,6.45,127352,3106276,2537156,15.87,1088940,3067472,352
fog-k3s-master3,1,2026-06-05 17:01:13 UTC,11442072,14488420,1031260,6.45,127352,3106292,2537156,15.87,1088984,3067500,364
fog-k3s-master3,1,2026-06-05 17:01:14 UTC,11441568,14487928,1031740,6.46,127352,3106312,2537156,15.87,1089748,3067512,388
fog-k3s-master3,1,2026-06-05 17:01:15 UTC,11441568,14487956,1031720,6.46,127356,3106328,2537156,15.87,1089884,3067540,400
fog-k3s-master3,1,2026-06-05 17:01:16 UTC,11440812,14487224,1032452,6.46,127360,3106344,2537156,15.87,1089920,3067560,584
fog-k3s-master3,1,2026-06-05 17:01:17 UTC,11440812,14487228,1032424,6.46,127360,3106372,2537156,15.87,1089920,3067564,604
fog-k3s-master3,1,2026-06-05 17:01:18 UTC,11440812,14487240,1032404,6.46,127364,3106388,2537156,15.87,1089920,3067576,616
fog-k3s-master3,1,2026-06-05 17:01:19 UTC,11440812,14487284,1032392,6.46,127364,3106400,2537156,15.87,1089920,3067620,368
fog-k3s-master3,1,2026-06-05 17:01:20 UTC,11440560,14487048,1032632,6.46,127368,3106416,2537156,15.87,1090348,3067636,192
fog-k3s-master3,1,2026-06-05 17:01:21 UTC,11440560,14487052,1032620,6.46,127368,3106428,2537156,15.87,1090348,3067640,16
fog-k3s-master3,1,2026-06-05 17:01:22 UTC,11440560,14487080,1032604,6.46,127368,3106444,2537156,15.87,1089908,3067668,72
fog-k3s-master3,1,2026-06-05 17:01:23 UTC,11440308,14486832,1032840,6.46,127368,3106460,2537156,15.87,1089852,3067672,84
fog-k3s-master3,1,2026-06-05 17:01:24 UTC,11440308,14486836,1032824,6.46,127368,3106476,2537156,15.87,1089860,3067676,96
fog-k3s-master3,1,2026-06-05 17:01:25 UTC,11440308,14486880,1032804,6.46,127372,3106492,2537156,15.87,1089860,3067720,108
fog-k3s-master3,1,2026-06-05 17:01:26 UTC,11440308,14486884,1032784,6.46,127376,3106508,2537156,15.87,1089864,3067724,120
fog-k3s-master3,1,2026-06-05 17:01:27 UTC,11440308,14486884,1032804,6.46,127376,3106520,2537156,15.87,1089864,3067724,128
fog-k3s-master3,1,2026-06-05 17:01:28 UTC,11440308,14486892,1032780,6.46,127380,3106536,2537156,15.87,1089864,3067732,140
fog-k3s-master3,1,2026-06-05 17:01:29 UTC,11439804,14486440,1033272,6.46,127380,3106548,2537156,15.87,1090312,3067784,152
fog-k3s-master3,1,2026-06-05 17:01:30 UTC,11439804,14486460,1033252,6.46,127384,3106564,2537156,15.87,1078580,3067804,164
fog-k3s-master3,1,2026-06-05 17:01:31 UTC,11439060,14485748,1033956,6.47,127384,3106584,2537156,15.87,1078468,3067824,348
fog-k3s-master3,1,2026-06-05 17:01:32 UTC,11439060,14485752,1033968,6.47,127388,3106600,2537156,15.87,1078468,3067828,332
fog-k3s-master3,1,2026-06-05 17:01:33 UTC,11439060,14485784,1033952,6.47,127388,3106616,2537156,15.87,1078468,3067860,344
fog-k3s-master3,1,2026-06-05 17:01:34 UTC,11439060,14485796,1033940,6.47,127388,3106628,2537156,15.87,1079496,3067872,356
fog-k3s-master3,1,2026-06-05 17:01:35 UTC,11439060,14485812,1033924,6.47,127388,3106644,2537156,15.87,1078544,3067888,368
fog-k3s-master3,1,2026-06-05 17:01:36 UTC,11439060,14485816,1033908,6.47,127388,3106660,2537156,15.87,1078552,3067892,380
fog-k3s-master3,1,2026-06-05 17:01:37 UTC,11439060,14485836,1033900,6.47,127388,3106668,2537156,15.87,1078312,3067912,244
fog-k3s-master3,1,2026-06-05 17:01:38 UTC,11438556,14485340,1034376,6.47,127392,3106688,2537156,15.87,1078312,3067920,256
fog-k3s-master3,1,2026-06-05 17:01:39 UTC,11438556,14485368,1034352,6.47,127392,3106712,2537156,15.87,1077596,3067948,284
fog-k3s-master3,1,2026-06-05 17:01:40 UTC,11438556,14485384,1034336,6.47,127392,3106728,2537156,15.87,1077940,3067964,292
fog-k3s-master3,1,2026-06-05 17:01:41 UTC,11438556,14485400,1034320,6.47,127392,3106744,2537156,15.87,1078084,3067980,484
fog-k3s-master3,1,2026-06-05 17:01:42 UTC,11438556,14485424,1034308,6.47,127392,3106756,2537156,15.87,1078144,3068004,320
fog-k3s-master3,1,2026-06-05 17:01:43 UTC,11438556,14485440,1034292,6.47,127392,3106772,2537156,15.87,1078188,3068020,332
fog-k3s-master3,1,2026-06-05 17:01:44 UTC,11438556,14485444,1034268,6.47,127396,3106788,2537156,15.87,1078768,3068024,344
fog-k3s-master3,1,2026-06-05 17:01:45 UTC,11438556,14485452,1034244,6.47,127400,3106808,2537156,15.87,1078844,3068032,356
fog-k3s-master3,1,2026-06-05 17:01:46 UTC,11438556,14485460,1034216,6.47,127408,3106828,2537156,15.87,1078932,3068040,540
fog-k3s-master3,1,2026-06-05 17:01:47 UTC,11438556,14485524,1034188,6.47,127412,3106848,2537156,15.87,1078940,3068100,548
fog-k3s-master3,1,2026-06-05 17:01:48 UTC,11438556,14485524,1034172,6.47,127416,3106860,2537156,15.87,1079000,3068100,560
fog-k3s-master3,1,2026-06-05 17:01:49 UTC,11438556,14485532,1034156,6.47,127416,3106876,2537156,15.87,1079016,3068108,572
fog-k3s-master3,1,2026-06-05 17:01:50 UTC,11438304,14485340,1034388,6.47,127420,3106892,2537156,15.87,1079488,3068168,212
fog-k3s-master3,1,2026-06-05 17:01:51 UTC,11436092,14483140,1036588,6.49,127424,3106900,2537156,15.87,1081476,3068180,244
fog-k3s-master3,1,2026-06-05 17:01:52 UTC,11436092,14483160,1036532,6.49,127424,3106920,2537156,15.87,1080800,3068200,72
fog-k3s-master3,1,2026-06-05 17:01:53 UTC,11436092,14483168,1036512,6.49,127424,3106940,2537156,15.87,1080848,3068208,64
fog-k3s-master3,1,2026-06-05 17:01:54 UTC,11435840,14482940,1036744,6.49,127432,3106952,2537156,15.87,1080908,3068232,76
fog-k3s-master3,1,2026-06-05 17:01:55 UTC,11435588,14482712,1036988,6.49,127432,3106968,2537156,15.87,1080908,3068256,88
fog-k3s-master3,1,2026-06-05 17:01:56 UTC,11435588,14482732,1036968,6.49,127436,3106984,2537156,15.87,1080912,3068276,96
fog-k3s-master3,1,2026-06-05 17:01:57 UTC,11435588,14482732,1036960,6.49,127436,3106992,2537156,15.87,1080912,3068276,276
fog-k3s-master3,1,2026-06-05 17:01:58 UTC,11435588,14482756,1036944,6.49,127440,3107004,2537156,15.87,1080948,3068300,292
fog-k3s-master3,1,2026-06-05 17:01:59 UTC,11435336,14482532,1037168,6.49,127444,3107028,2537156,15.87,1081492,3068328,388
fog-k3s-master3,1,2026-06-05 17:02:00 UTC,11435084,14482292,1037408,6.49,127444,3107040,2537156,15.87,1081832,3068340,400
fog-k3s-master3,1,2026-06-05 17:02:01 UTC,11435084,14482300,1037380,6.49,127456,3107052,2537156,15.87,1082184,3068344,168
fog-k3s-master3,1,2026-06-05 17:02:02 UTC,11434832,14482096,1037600,6.49,127460,3107076,2537156,15.87,1081716,3068392,180
fog-k3s-master3,1,2026-06-05 17:02:03 UTC,11434832,14482100,1037580,6.49,127464,3107092,2537156,15.87,1081716,3068396,192
fog-k3s-master3,1,2026-06-05 17:02:04 UTC,11434832,14482104,1037568,6.49,127464,3107104,2537156,15.87,1081716,3068400,196
fog-k3s-master3,1,2026-06-05 17:02:05 UTC,11434832,14482136,1037552,6.49,127464,3107120,2537156,15.87,1080840,3068432,216
fog-k3s-master3,1,2026-06-05 17:02:06 UTC,11440284,14487608,1032080,6.46,127464,3107132,2537156,15.87,1081000,3068452,400
fog-k3s-master3,1,2026-06-05 17:02:07 UTC,11440284,14487624,1032024,6.46,127464,3107156,2537156,15.87,1080904,3068468,256
fog-k3s-master3,1,2026-06-05 17:02:08 UTC,11440032,14487388,1032260,6.46,127464,3107172,2537156,15.87,1080904,3068484,268
fog-k3s-master3,1,2026-06-05 17:02:09 UTC,11440032,14487408,1032240,6.46,127464,3107192,2537156,15.87,1080196,3068504,288
fog-k3s-master3,1,2026-06-05 17:02:10 UTC,11439784,14487160,1032476,6.46,127464,3107204,2537156,15.87,1080324,3068504,300
fog-k3s-master3,1,2026-06-05 17:02:11 UTC,11439784,14487172,1032452,6.46,127472,3107220,2537156,15.87,1080688,3068516,476
fog-k3s-master3,1,2026-06-05 17:02:12 UTC,11439784,14487176,1032436,6.46,127472,3107236,2537156,15.87,1080700,3068520,484
fog-k3s-master3,1,2026-06-05 17:02:13 UTC,11439784,14487180,1032428,6.46,127472,3107248,2537156,15.87,1080700,3068524,504
fog-k3s-master3,1,2026-06-05 17:02:14 UTC,11439784,14487260,1032400,6.46,127476,3107268,2537156,15.87,1081244,3068600,528
fog-k3s-master3,1,2026-06-05 17:02:15 UTC,11439784,14487260,1032384,6.46,127476,3107284,2537156,15.87,1081244,3068600,540
fog-k3s-master3,1,2026-06-05 17:02:16 UTC,11439784,14487288,1032364,6.46,127480,3107300,2537156,15.87,1081244,3068628,360
fog-k3s-master3,1,2026-06-05 17:02:17 UTC,11439784,14487308,1032328,6.46,127484,3107332,2537156,15.87,1081324,3068648,408
fog-k3s-master3,1,2026-06-05 17:02:18 UTC,11439784,14487324,1032312,6.46,127484,3107348,2537156,15.87,1081324,3068664,420
fog-k3s-master3,1,2026-06-05 17:02:19 UTC,11439784,14487328,1032296,6.46,127484,3107364,2537156,15.87,1081324,3068668,404
fog-k3s-master3,1,2026-06-05 17:02:20 UTC,11439028,14486624,1033036,6.46,127484,3107380,2537156,15.87,1082176,3068720,416
fog-k3s-master3,1,2026-06-05 17:02:21 UTC,11438804,14486436,1033220,6.46,127492,3107408,2537156,15.87,1081432,3068756,188
fog-k3s-master3,1,2026-06-05 17:02:22 UTC,11438552,14486220,1033436,6.47,127500,3107436,2537156,15.87,1080696,3068792,72
fog-k3s-master3,1,2026-06-05 17:02:23 UTC,11438312,14485988,1033660,6.47,127500,3107456,2537156,15.87,1080696,3068800,84
fog-k3s-master3,1,2026-06-05 17:02:24 UTC,11438312,14486012,1033648,6.47,127500,3107468,2537156,15.87,1080696,3068824,40
fog-k3s-master3,1,2026-06-05 17:02:25 UTC,11438312,14486032,1033628,6.47,127500,3107488,2537156,15.87,1080696,3068844,64
fog-k3s-master3,1,2026-06-05 17:02:26 UTC,11438312,14486032,1033616,6.47,127500,3107500,2537156,15.87,1080696,3068844,76
fog-k3s-master3,1,2026-06-05 17:02:27 UTC,11438312,14486064,1033596,6.47,127500,3107516,2537156,15.87,1080696,3068872,276
fog-k3s-master3,1,2026-06-05 17:02:28 UTC,11442160,14489916,1029732,6.44,127504,3107528,2537156,15.87,1080696,3068876,288
fog-k3s-master3,1,2026-06-05 17:02:29 UTC,11441908,14489668,1029964,6.44,127504,3107544,2537156,15.87,1081072,3068880,300
fog-k3s-master3,1,2026-06-05 17:02:30 UTC,11441432,14489196,1030412,6.45,127508,3107556,2537156,15.87,1081480,3068884,312
fog-k3s-master3,1,2026-06-05 17:02:31 UTC,11444040,14491884,1027760,6.43,127516,3107592,2537156,15.87,1081740,3068964,412
fog-k3s-master3,1,2026-06-05 17:02:32 UTC,11443788,14491648,1028008,6.43,127516,3107608,2537156,15.87,1081776,3068980,36
fog-k3s-master3,1,2026-06-05 17:02:33 UTC,11443788,14491648,1027996,6.43,127516,3107620,2537156,15.87,1081776,3068980,76
fog-k3s-master3,1,2026-06-05 17:02:34 UTC,11443788,14491672,1027984,6.43,127516,3107632,2537156,15.87,1081776,3069004,88
fog-k3s-master3,1,2026-06-05 17:02:35 UTC,11443284,14491180,1028464,6.43,127520,3107652,2537156,15.87,1080808,3069016,100
fog-k3s-master3,1,2026-06-05 17:02:36 UTC,11443284,14491180,1028456,6.43,127528,3107652,2537156,15.87,1080808,3069016,108
fog-k3s-master3,1,2026-06-05 17:02:37 UTC,11443036,14490976,1028684,6.44,127528,3107680,2537156,15.87,1080576,3069060,112
fog-k3s-master3,1,2026-06-05 17:02:38 UTC,11443036,14490976,1028672,6.44,127544,3107676,2537156,15.87,1080576,3069060,124
fog-k3s-master3,1,2026-06-05 17:02:39 UTC,11442292,14490296,1029340,6.44,127552,3107724,2537156,15.87,1079792,3069116,148
fog-k3s-master3,1,2026-06-05 17:02:40 UTC,11442292,14490296,1029328,6.44,127552,3107736,2537156,15.87,1079940,3069116,160
fog-k3s-master3,1,2026-06-05 17:02:41 UTC,11442292,14490344,1029304,6.44,127556,3107752,2537156,15.87,1080220,3069164,348
fog-k3s-master3,1,2026-06-05 17:02:42 UTC,11442292,14490344,1029292,6.44,127556,3107764,2537156,15.87,1080308,3069164,348
fog-k3s-master3,1,2026-06-05 17:02:43 UTC,11442292,14490372,1029272,6.44,127560,3107780,2537156,15.87,1080308,3069192,360
fog-k3s-master3,1,2026-06-05 17:02:44 UTC,11442292,14490392,1029252,6.44,127564,3107796,2537156,15.87,1080780,3069212,372
fog-k3s-master3,1,2026-06-05 17:02:45 UTC,11442292,14490412,1029236,6.44,127572,3107808,2537156,15.87,1080848,3069232,384
fog-k3s-master3,1,2026-06-05 17:02:46 UTC,11442292,14490432,1029160,6.44,127588,3107836,2537156,15.87,1080920,3069252,220
fog-k3s-master3,1,2026-06-05 17:02:47 UTC,11442292,14490476,1029136,6.44,127596,3107852,2537156,15.87,1080920,3069296,232
fog-k3s-master3,1,2026-06-05 17:02:48 UTC,11442292,14490480,1029120,6.44,127596,3107868,2537156,15.87,1080920,3069300,244
fog-k3s-master3,1,2026-06-05 17:02:49 UTC,11442292,14490480,1029108,6.44,127600,3107876,2537156,15.87,1080920,3069300,256
fog-k3s-master3,1,2026-06-05 17:02:50 UTC,11441816,14490020,1029556,6.44,127608,3107896,2537156,15.87,1081176,3069316,268
fog-k3s-master3,1,2026-06-05 17:02:51 UTC,11441816,14490080,1029532,6.44,127608,3107920,2537156,15.87,1081424,3069376,456
fog-k3s-master3,1,2026-06-05 17:02:52 UTC,11441060,14489324,1030276,6.45,127612,3107928,2537156,15.87,1081544,3069376,288
fog-k3s-master3,1,2026-06-05 17:02:53 UTC,11441060,14489364,1030244,6.45,127612,3107956,2537156,15.87,1081428,3069412,300
fog-k3s-master3,1,2026-06-05 17:02:54 UTC,11441060,14489368,1030228,6.45,127612,3107972,2537156,15.87,1081428,3069416,312
fog-k3s-master3,1,2026-06-05 17:02:55 UTC,11441060,14489404,1030216,6.45,127612,3107984,2537156,15.87,1081428,3069452,324
fog-k3s-master3,1,2026-06-05 17:02:56 UTC,11441060,14489404,1030208,6.45,127612,3107992,2537156,15.87,1081428,3069452,456
fog-k3s-master3,1,2026-06-05 17:02:57 UTC,11441060,14489416,1030192,6.45,127612,3108008,2537156,15.87,1081428,3069464,492
fog-k3s-master3,1,2026-06-05 17:02:58 UTC,11441060,14489416,1030180,6.45,127616,3108016,2537156,15.87,1081428,3069464,504
fog-k3s-master3,1,2026-06-05 17:02:59 UTC,11441060,14489460,1030160,6.45,127616,3108036,2537156,15.87,1081856,3069508,520
fog-k3s-master3,1,2026-06-05 17:03:00 UTC,11441060,14489464,1030140,6.45,127620,3108052,2537156,15.87,1082092,3069512,532
fog-k3s-master3,1,2026-06-05 17:03:01 UTC,11441060,14489484,1030124,6.45,127624,3108068,2537156,15.87,1082344,3069532,552
fog-k3s-master3,1,2026-06-05 17:03:02 UTC,11441060,14489512,1030108,6.45,127624,3108084,2537156,15.87,1082376,3069560,380
fog-k3s-master3,1,2026-06-05 17:03:03 UTC,11441060,14489524,1030080,6.44,127632,3108104,2537156,15.87,1082376,3069572,132
fog-k3s-master3,1,2026-06-05 17:03:04 UTC,11441060,14489524,1030068,6.44,127632,3108116,2537156,15.87,1082380,3069572,40
fog-k3s-master3,1,2026-06-05 17:03:05 UTC,11441060,14489536,1030048,6.44,127636,3108132,2537156,15.87,1081456,3069584,52
fog-k3s-master3,1,2026-06-05 17:03:06 UTC,11442344,14490820,1028748,6.44,127636,3108144,2537156,15.87,1081392,3069584,216
fog-k3s-master3,1,2026-06-05 17:03:07 UTC,11442092,14490644,1028964,6.44,127644,3108168,2537156,15.87,1081160,3069656,96
fog-k3s-master3,1,2026-06-05 17:03:08 UTC,11442092,14490644,1028952,6.44,127648,3108176,2537156,15.87,1081160,3069656,108
fog-k3s-master3,1,2026-06-05 17:03:09 UTC,11442092,14490696,1028924,6.44,127652,3108200,2537156,15.87,1080440,3069708,120
fog-k3s-master3,1,2026-06-05 17:03:10 UTC,11442092,14490696,1028912,6.44,127656,3108208,2537156,15.87,1080440,3069708,120
fog-k3s-master3,1,2026-06-05 17:03:11 UTC,11441840,14490472,1029140,6.44,127656,3108228,2537156,15.87,1080724,3069736,312
fog-k3s-master3,1,2026-06-05 17:03:12 UTC,11441840,14490472,1029128,6.44,127660,3108236,2537156,15.87,1080724,3069736,320
fog-k3s-master3,1,2026-06-05 17:03:13 UTC,11441840,14490516,1029096,6.44,127664,3108260,2537156,15.87,1080916,3069780,308
fog-k3s-master3,1,2026-06-05 17:03:14 UTC,11441336,14490028,1029560,6.44,127668,3108280,2537156,15.87,1081852,3069796,336
fog-k3s-master3,1,2026-06-05 17:03:15 UTC,11441336,14490032,1029548,6.44,127668,3108296,2537156,15.87,1082016,3069800,348
fog-k3s-master3,1,2026-06-05 17:03:16 UTC,11444204,14492940,1026656,6.42,127672,3108316,2537156,15.87,1069664,3069840,384
fog-k3s-master3,1,2026-06-05 17:03:17 UTC,11444308,14493052,1026568,6.42,127676,3108340,2537156,15.87,1069496,3069848,232
fog-k3s-master3,1,2026-06-05 17:03:18 UTC,11443600,14492392,1027216,6.43,127680,3108360,2537156,15.87,1069572,3069892,224
fog-k3s-master3,1,2026-06-05 17:03:19 UTC,11443600,14492396,1027204,6.43,127680,3108372,2537156,15.87,1069572,3069896,208
fog-k3s-master3,1,2026-06-05 17:03:20 UTC,11443600,14492420,1027192,6.43,127680,3108384,2537156,15.87,1069712,3069920,232
fog-k3s-master3,1,2026-06-05 17:03:21 UTC,11443096,14491920,1027680,6.43,127680,3108400,2537156,15.87,1070012,3069924,416
fog-k3s-master3,1,2026-06-05 17:03:22 UTC,11443096,14491944,1027656,6.43,127688,3108416,2537156,15.87,1069524,3069948,268
fog-k3s-master3,1,2026-06-05 17:03:23 UTC,11442596,14491448,1028140,6.43,127688,3108432,2537156,15.87,1069556,3069952,280
fog-k3s-master3,1,2026-06-05 17:03:24 UTC,11442596,14491488,1028120,6.43,127692,3108448,2537156,15.87,1069560,3069992,252
fog-k3s-master3,1,2026-06-05 17:03:25 UTC,11442596,14491504,1028104,6.43,127692,3108464,2537156,15.87,1069560,3070008,276
fog-k3s-master3,1,2026-06-05 17:03:26 UTC,11442596,14491508,1028088,6.43,127692,3108480,2537156,15.87,1069560,3070012,296
fog-k3s-master3,1,2026-06-05 17:03:27 UTC,11442596,14491532,1028076,6.43,127692,3108492,2537156,15.87,1069560,3070036,484
fog-k3s-master3,1,2026-06-05 17:03:28 UTC,11442596,14491532,1028064,6.43,127692,3108504,2537156,15.87,1069560,3070036,496
fog-k3s-master3,1,2026-06-05 17:03:29 UTC,11442344,14491288,1028300,6.43,127692,3108520,2537156,15.87,1070636,3070044,512
fog-k3s-master3,1,2026-06-05 17:03:30 UTC,11442092,14491040,1028536,6.44,127692,3108536,2537156,15.87,1070804,3070048,500
fog-k3s-master3,1,2026-06-05 17:03:31 UTC,11441588,14490592,1029016,6.44,127696,3108556,2537156,15.87,1071104,3070104,540
fog-k3s-master3,1,2026-06-05 17:03:32 UTC,11441588,14490600,1029004,6.44,127696,3108572,2537156,15.87,1071104,3070112,368
fog-k3s-master3,1,2026-06-05 17:03:33 UTC,11441588,14490616,1028980,6.44,127704,3108588,2537156,15.87,1071136,3070128,388
fog-k3s-master3,1,2026-06-05 17:03:34 UTC,11441588,14490628,1028968,6.44,127704,3108600,2537156,15.87,1071136,3070140,400
fog-k3s-master3,1,2026-06-05 17:03:35 UTC,11441336,14490404,1029196,6.44,127712,3108612,2537156,15.87,1070416,3070164,36
fog-k3s-master3,1,2026-06-05 17:03:36 UTC,11441336,14490420,1029184,6.44,127712,3108624,2537156,15.87,1070220,3070180,20
fog-k3s-master3,1,2026-06-05 17:03:37 UTC,11441336,14490436,1029168,6.44,127712,3108640,2537156,15.87,1069988,3070196,220
fog-k3s-master3,1,2026-06-05 17:03:38 UTC,11441336,14490436,1029156,6.44,127716,3108648,2537156,15.87,1069988,3070196,60
fog-k3s-master3,1,2026-06-05 17:03:39 UTC,11441336,14490472,1029128,6.44,127720,3108672,2537156,15.87,1069308,3070232,80
fog-k3s-master3,1,2026-06-05 17:03:40 UTC,11441084,14490220,1029352,6.44,127720,3108696,2537156,15.87,1069308,3070232,108
fog-k3s-master3,1,2026-06-05 17:03:41 UTC,11441084,14490268,1029328,6.44,127724,3108716,2537156,15.87,1069720,3070280,300
fog-k3s-master3,1,2026-06-05 17:03:42 UTC,11441084,14490280,1029316,6.44,127724,3108728,2537156,15.87,1069816,3070292,284
fog-k3s-master3,1,2026-06-05 17:03:43 UTC,11441084,14490284,1029300,6.44,127724,3108744,2537156,15.87,1069824,3070296,280
fog-k3s-master3,1,2026-06-05 17:03:44 UTC,11440328,14489572,1030040,6.44,127724,3108760,2537156,15.87,1070960,3070340,328
fog-k3s-master3,1,2026-06-05 17:03:45 UTC,11440328,14489572,1030028,6.44,127724,3108772,2537156,15.87,1071032,3070340,340
fog-k3s-master3,1,2026-06-05 17:03:46 UTC,11440328,14489580,1030008,6.44,127732,3108784,2540132,15.89,1072304,3070348,176
fog-k3s-master3,1,2026-06-05 17:03:47 UTC,11442832,14492128,1027472,6.43,127736,3108812,2537156,15.87,1071088,3070392,364
fog-k3s-master3,1,2026-06-05 17:03:48 UTC,11442832,14492128,1027460,6.43,127736,3108824,2537156,15.87,1071088,3070392,384
fog-k3s-master3,1,2026-06-05 17:03:49 UTC,11444488,14493788,1025788,6.42,127736,3108840,2537156,15.87,1071088,3070396,380
fog-k3s-master3,1,2026-06-05 17:03:50 UTC,11443732,14493032,1026532,6.42,127736,3108852,2537156,15.87,1071328,3070396,392
fog-k3s-master3,1,2026-06-05 17:03:51 UTC,11442504,14491876,1027736,6.43,127824,3108788,2537156,15.87,1072720,3070468,504
fog-k3s-master3,1,2026-06-05 17:03:52 UTC,11442252,14491720,1027872,6.43,127828,3108888,2537156,15.87,1072012,3070560,272
fog-k3s-master3,1,2026-06-05 17:03:53 UTC,11442252,14491748,1027856,6.43,127828,3108904,2537156,15.87,1071952,3070588,272
fog-k3s-master3,1,2026-06-05 17:03:54 UTC,11442252,14491764,1027840,6.43,127828,3108920,2537156,15.87,1072012,3070604,296
fog-k3s-master3,1,2026-06-05 17:03:55 UTC,11442000,14491520,1028072,6.43,127832,3108936,2537156,15.87,1072012,3070612,252
fog-k3s-master3,1,2026-06-05 17:03:56 UTC,11442000,14491524,1028064,6.43,127832,3108948,2537156,15.87,1072012,3070616,444
fog-k3s-master3,1,2026-06-05 17:03:57 UTC,11442000,14491528,1028048,6.43,127832,3108964,2537156,15.87,1072020,3070620,460
fog-k3s-master3,1,2026-06-05 17:03:58 UTC,11442000,14491528,1028036,6.43,127832,3108976,2537156,15.87,1072020,3070620,476
fog-k3s-master3,1,2026-06-05 17:03:59 UTC,11442000,14491588,1028020,6.43,127832,3108992,2537156,15.87,1072388,3070680,488
fog-k3s-master3,1,2026-06-05 17:04:00 UTC,11442000,14491604,1028012,6.43,127836,3109004,2537156,15.87,1072532,3070696,476
fog-k3s-master3,1,2026-06-05 17:04:01 UTC,11442000,14491624,1027976,6.43,127844,3109028,2537156,15.87,1072884,3070716,332
fog-k3s-master3,1,2026-06-05 17:04:02 UTC,11442000,14491640,1027956,6.43,127844,3109044,2537156,15.87,1072904,3070732,344
fog-k3s-master3,1,2026-06-05 17:04:03 UTC,11442000,14491664,1027944,6.43,127844,3109056,2537156,15.87,1072904,3070756,360
fog-k3s-master3,1,2026-06-05 17:04:04 UTC,11442000,14491680,1027924,6.43,127848,3109072,2537156,15.87,1072904,3070772,372
fog-k3s-master3,1,2026-06-05 17:04:05 UTC,11442000,14491696,1027912,6.43,127848,3109084,2537156,15.87,1072060,3070788,372
fog-k3s-master3,1,2026-06-05 17:04:06 UTC,11443124,14492840,1026756,6.42,127856,3109108,2537156,15.87,1071936,3070808,188
fog-k3s-master3,1,2026-06-05 17:04:07 UTC,11443124,14492844,1026732,6.42,127856,3109132,2537156,15.87,1071708,3070812,64
fog-k3s-master3,1,2026-06-05 17:04:08 UTC,11442804,14492572,1027036,6.43,127856,3109148,2537156,15.87,1071708,3070860,76
fog-k3s-master3,1,2026-06-05 17:04:09 UTC,11442804,14492576,1027020,6.43,127856,3109164,2537156,15.87,1071012,3070864,92
fog-k3s-master3,1,2026-06-05 17:04:10 UTC,11442300,14492076,1027508,6.43,127856,3109180,2537156,15.87,1071012,3070868,104
fog-k3s-master3,1,2026-06-05 17:04:11 UTC,11442300,14492116,1027492,6.43,127856,3109196,2537156,15.87,1071436,3070908,100
fog-k3s-master3,1,2026-06-05 17:04:12 UTC,11442048,14491868,1027728,6.43,127856,3109208,2537156,15.87,1071504,3070908,248
fog-k3s-master3,1,2026-06-05 17:04:13 UTC,11442048,14491872,1027712,6.43,127856,3109224,2537156,15.87,1071508,3070912,296
fog-k3s-master3,1,2026-06-05 17:04:14 UTC,11442048,14491904,1027680,6.43,127856,3109240,2537156,15.87,1071968,3070944,316
fog-k3s-master3,1,2026-06-05 17:04:15 UTC,11442048,14491908,1027664,6.43,127856,3109256,2537156,15.87,1072072,3070948,328
fog-k3s-master3,1,2026-06-05 17:04:16 UTC,11442048,14491932,1027640,6.43,127860,3109276,2537156,15.87,1072148,3070972,356
fog-k3s-master3,1,2026-06-05 17:04:17 UTC,11442048,14491980,1027612,6.43,127860,3109304,2537156,15.87,1072156,3071020,196
fog-k3s-master3,1,2026-06-05 17:04:18 UTC,11442048,14491980,1027600,6.43,127860,3109316,2537156,15.87,1072156,3071020,172
fog-k3s-master3,1,2026-06-05 17:04:19 UTC,11442048,14491984,1027584,6.43,127860,3109332,2537156,15.87,1072156,3071024,176
fog-k3s-master3,1,2026-06-05 17:04:20 UTC,11442048,14491988,1027568,6.43,127860,3109348,2537156,15.87,1072156,3071028,196
fog-k3s-master3,1,2026-06-05 17:04:21 UTC,11441548,14491536,1028052,6.43,127864,3109360,2537156,15.87,1072528,3071076,380
fog-k3s-master3,1,2026-06-05 17:04:22 UTC,11441548,14491544,1028036,6.43,127864,3109376,2537156,15.87,1071964,3071084,216
fog-k3s-master3,1,2026-06-05 17:04:23 UTC,11442328,14492352,1027240,6.43,127864,3109392,2537156,15.87,1071812,3071112,240
fog-k3s-master3,1,2026-06-05 17:04:24 UTC,11441984,14492012,1027568,6.43,127864,3109408,2537156,15.87,1071804,3071116,364
fog-k3s-master3,1,2026-06-05 17:04:25 UTC,11442464,14492496,1027068,6.43,127864,3109424,2537156,15.87,1071812,3071120,412
fog-k3s-master3,1,2026-06-05 17:04:26 UTC,11442212,14492244,1027308,6.43,127864,3109436,2537156,15.87,1071812,3071120,528
fog-k3s-master3,1,2026-06-05 17:04:27 UTC,11441712,14491748,1027792,6.43,127864,3109452,2537156,15.87,1071812,3071124,560
fog-k3s-master3,1,2026-06-05 17:04:28 UTC,11441712,14491812,1027784,6.43,127864,3109468,2537156,15.87,1071812,3071188,572
fog-k3s-master3,1,2026-06-05 17:04:29 UTC,11440956,14491056,1028528,6.44,127864,3109480,2537156,15.87,1072220,3071188,584
fog-k3s-master3,1,2026-06-05 17:04:30 UTC,11440956,14491060,1028512,6.44,127864,3109496,2537156,15.87,1072336,3071192,288
fog-k3s-master3,1,2026-06-05 17:04:31 UTC,11439756,14489900,1029696,6.44,127864,3109512,2537156,15.87,1072836,3071232,324
fog-k3s-master3,1,2026-06-05 17:04:32 UTC,11439756,14489920,1029676,6.44,127864,3109532,2537156,15.87,1072868,3071252,512
fog-k3s-master3,1,2026-06-05 17:04:33 UTC,11439756,14489936,1029660,6.44,127864,3109548,2537156,15.87,1072868,3071268,528
fog-k3s-master3,1,2026-06-05 17:04:34 UTC,11439756,14489944,1029660,6.44,127864,3109556,2537156,15.87,1072868,3071276,536
fog-k3s-master3,1,2026-06-05 17:04:35 UTC,11440008,14490212,1029392,6.44,127864,3109572,2537156,15.87,1072052,3071292,548
fog-k3s-master3,1,2026-06-05 17:04:36 UTC,11440008,14490224,1029380,6.44,127864,3109584,2537156,15.87,1071948,3071304,532
fog-k3s-master3,1,2026-06-05 17:04:37 UTC,11440008,14490244,1029360,6.44,127864,3109600,2537156,15.87,1071948,3071320,388
fog-k3s-master3,1,2026-06-05 17:04:38 UTC,11440008,14490248,1029344,6.44,127864,3109616,2537156,15.87,1071716,3071324,24
fog-k3s-master3,1,2026-06-05 17:04:39 UTC,11440008,14490276,1029316,6.44,127864,3109644,2537156,15.87,1070840,3071352,64
fog-k3s-master3,1,2026-06-05 17:04:40 UTC,11440008,14490280,1029300,6.44,127864,3109660,2537156,15.87,1070840,3071356,80
fog-k3s-master3,1,2026-06-05 17:04:41 UTC,11440008,14490308,1029284,6.44,127864,3109676,2537156,15.87,1070956,3071384,96
fog-k3s-master3,1,2026-06-05 17:04:42 UTC,11440008,14490332,1029272,6.44,127864,3109688,2537156,15.87,1071324,3071408,244
fog-k3s-master3,1,2026-06-05 17:04:43 UTC,11440008,14490336,1029252,6.44,127868,3109704,2537156,15.87,1071364,3071412,104
fog-k3s-master3,1,2026-06-05 17:04:44 UTC,11440008,14490364,1029240,6.44,127868,3109716,2537156,15.87,1071440,3071440,100
fog-k3s-master3,1,2026-06-05 17:04:45 UTC,11439756,14490116,1029468,6.44,127872,3109728,2537156,15.87,1071904,3071444,124
fog-k3s-master3,1,2026-06-05 17:04:46 UTC,11439756,14490156,1029440,6.44,127872,3109760,2537156,15.87,1071960,3071484,132
fog-k3s-master3,1,2026-06-05 17:04:47 UTC,11439756,14490172,1029420,6.44,127876,3109776,2537156,15.87,1071960,3071500,320
fog-k3s-master3,1,2026-06-05 17:04:48 UTC,11439756,14490180,1029404,6.44,127876,3109788,2537156,15.87,1071960,3071508,296
fog-k3s-master3,1,2026-06-05 17:04:49 UTC,11439756,14490184,1029388,6.44,127876,3109804,2537156,15.87,1071960,3071512,320
fog-k3s-master3,1,2026-06-05 17:04:50 UTC,11439756,14490184,1029388,6.44,127876,3109804,2537156,15.87,1071960,3071512,320
fog-k3s-master3,1,2026-06-05 17:04:51 UTC,11439756,14490240,1029356,6.44,127880,3109832,2537156,15.87,1072324,3071568,348
fog-k3s-master3,1,2026-06-05 17:04:52 UTC,11439756,14490244,1029336,6.44,127884,3109848,2537156,15.87,1071816,3071572,196
fog-k3s-master3,1,2026-06-05 17:04:53 UTC,11439756,14490276,1029320,6.44,127884,3109864,2537156,15.87,1071844,3071604,212
fog-k3s-master3,1,2026-06-05 17:04:54 UTC,11439504,14490028,1029560,6.44,127884,3109876,2537156,15.87,1071844,3071608,196
fog-k3s-master3,1,2026-06-05 17:04:55 UTC,11439504,14490052,1029544,6.44,127884,3109892,2537156,15.87,1071844,3071632,224
fog-k3s-master3,1,2026-06-05 17:04:56 UTC,11439504,14490052,1029528,6.44,127884,3109908,2537156,15.87,1071844,3071632,240
fog-k3s-master3,1,2026-06-05 17:04:57 UTC,11439504,14490056,1029512,6.44,127884,3109924,2537156,15.87,1071844,3071636,260
fog-k3s-master3,1,2026-06-05 17:04:58 UTC,11439000,14489596,1030000,6.44,127884,3109940,2537156,15.87,1071844,3071680,276
fog-k3s-master3,1,2026-06-05 17:04:59 UTC,11439000,14489608,1029988,6.44,127884,3109952,2537156,15.87,1072176,3071692,288
fog-k3s-master3,1,2026-06-05 17:05:00 UTC,11439000,14489624,1029972,6.44,127884,3109968,2537156,15.87,1072284,3071708,264
fog-k3s-master3,1,2026-06-05 17:05:01 UTC,11438760,14489404,1030180,6.45,127884,3109984,2537156,15.87,1072604,3071724,292
fog-k3s-master3,1,2026-06-05 17:05:02 UTC,11438760,14489420,1030164,6.45,127884,3110000,2537156,15.87,1072964,3071740,584
fog-k3s-master3,1,2026-06-05 17:05:03 UTC,11438760,14489436,1030144,6.45,127884,3110016,2537156,15.87,1072760,3071756,616
fog-k3s-master3,1,2026-06-05 17:05:04 UTC,11438760,14489452,1030128,6.45,127884,3110028,2537156,15.87,1072760,3071768,628
fog-k3s-master3,1,2026-06-05 17:05:05 UTC,11438536,14489232,1030336,6.45,127884,3110044,2537156,15.87,1071972,3071772,640
fog-k3s-master3,1,2026-06-05 17:05:06 UTC,11439892,14490604,1029020,6.44,127884,3110068,2537156,15.87,1071760,3071788,404
fog-k3s-master3,1,2026-06-05 17:05:07 UTC,11439892,14490604,1029008,6.44,127884,3110080,2537156,15.87,1071528,3071788,360
fog-k3s-master3,1,2026-06-05 17:05:08 UTC,11439892,14490608,1028992,6.44,127884,3110096,2537156,15.87,1071528,3071792,404
fog-k3s-master3,1,2026-06-05 17:05:09 UTC,11439892,14490668,1028976,6.44,127884,3110112,2537156,15.87,1071044,3071852,44
fog-k3s-master3,1,2026-06-05 17:05:10 UTC,11439892,14490672,1028956,6.44,127884,3110128,2537156,15.87,1071044,3071856,56
fog-k3s-master3,1,2026-06-05 17:05:11 UTC,11439640,14490424,1029192,6.44,127884,3110144,2537156,15.87,1071324,3071860,240
fog-k3s-master3,1,2026-06-05 17:05:12 UTC,11439640,14490464,1029176,6.44,127884,3110160,2537156,15.87,1071736,3071900,84
fog-k3s-master3,1,2026-06-05 17:05:13 UTC,11439136,14489968,1029672,6.44,127884,3110168,2537156,15.87,1071736,3071908,52
fog-k3s-master3,1,2026-06-05 17:05:14 UTC,11439136,14489984,1029624,6.44,127884,3110196,2537156,15.87,1072364,3071924,92
fog-k3s-master3,1,2026-06-05 17:05:15 UTC,11439136,14490004,1029604,6.44,127888,3110212,2537156,15.87,1072468,3071944,108
fog-k3s-master3,1,2026-06-05 17:05:16 UTC,11439136,14490020,1029592,6.44,127888,3110224,2537156,15.87,1072468,3071956,116
fog-k3s-master3,1,2026-06-05 17:05:17 UTC,11438912,14489816,1029784,6.44,127888,3110256,2537156,15.87,1072480,3071976,324
fog-k3s-master3,1,2026-06-05 17:05:18 UTC,11438912,14489816,1029772,6.44,127888,3110268,2537156,15.87,1072488,3071976,336
fog-k3s-master3,1,2026-06-05 17:05:19 UTC,11438912,14489868,1029756,6.44,127888,3110284,2537156,15.87,1072488,3072028,320
fog-k3s-master3,1,2026-06-05 17:05:20 UTC,11438912,14489868,1029744,6.44,127888,3110296,2537156,15.87,1072488,3072028,304
fog-k3s-master3,1,2026-06-05 17:05:21 UTC,11438660,14489644,1029976,6.44,127892,3110312,2537156,15.87,1072884,3072056,352
fog-k3s-master3,1,2026-06-05 17:05:22 UTC,11438660,14489660,1029960,6.44,127892,3110328,2537156,15.87,1072580,3072072,192
fog-k3s-master3,1,2026-06-05 17:05:23 UTC,11438660,14489664,1029948,6.44,127892,3110344,2537156,15.87,1072356,3072076,208
fog-k3s-master3,1,2026-06-05 17:05:24 UTC,11438408,14489444,1030188,6.45,127892,3110360,2537156,15.87,1072356,3072108,220
fog-k3s-master3,1,2026-06-05 17:05:25 UTC,11438408,14489460,1030168,6.45,127896,3110376,2537156,15.87,1072356,3072124,232
fog-k3s-master3,1,2026-06-05 17:05:26 UTC,11438408,14489464,1030156,6.45,127896,3110388,2537156,15.87,1072356,3072128,208
fog-k3s-master3,1,2026-06-05 17:05:27 UTC,11441268,14492328,1027312,6.43,127896,3110404,2537156,15.87,1072356,3072132,244
fog-k3s-master3,1,2026-06-05 17:05:28 UTC,11441508,14492572,1027052,6.43,127896,3110424,2537156,15.87,1072356,3072136,268
fog-k3s-master3,1,2026-06-05 17:05:29 UTC,11441008,14492124,1027536,6.43,127896,3110440,2537156,15.87,1073208,3072188,280
fog-k3s-master3,1,2026-06-05 17:05:30 UTC,11441008,14492140,1027524,6.43,127896,3110452,2537156,15.87,1073340,3072204,284
fog-k3s-master3,1,2026-06-05 17:05:31 UTC,11440756,14491908,1027756,6.43,127896,3110472,2537156,15.87,1073980,3072224,480
fog-k3s-master3,1,2026-06-05 17:05:32 UTC,11440756,14491924,1027740,6.43,127896,3110488,2537156,15.87,1074156,3072240,452
fog-k3s-master3,1,2026-06-05 17:05:33 UTC,11440756,14491936,1027724,6.43,127900,3110500,2537156,15.87,1074184,3072252,480
fog-k3s-master3,1,2026-06-05 17:05:34 UTC,11440504,14491688,1027976,6.43,127900,3110516,2537156,15.87,1074184,3072256,492
fog-k3s-master3,1,2026-06-05 17:05:35 UTC,11440504,14491692,1027964,6.43,127900,3110528,2537156,15.87,1073280,3072260,504
fog-k3s-master3,1,2026-06-05 17:05:36 UTC,11440504,14491696,1027948,6.43,127900,3110544,2537156,15.87,1073220,3072264,512
fog-k3s-master3,1,2026-06-05 17:05:37 UTC,11440504,14491736,1027932,6.43,127900,3110560,2537156,15.87,1072988,3072304,356
fog-k3s-master3,1,2026-06-05 17:05:38 UTC,11440256,14491488,1028180,6.43,127900,3110560,2537156,15.87,1072988,3072304,332
fog-k3s-master3,1,2026-06-05 17:05:39 UTC,11440004,14491284,1028396,6.43,127904,3110592,2537156,15.87,1072240,3072352,372
fog-k3s-master3,1,2026-06-05 17:05:40 UTC,11440004,14491292,1028376,6.43,127904,3110612,2537156,15.87,1072240,3072360,396
fog-k3s-master3,1,2026-06-05 17:05:41 UTC,11439512,14490824,1028828,6.44,127908,3110628,2537156,15.87,1072504,3072380,216
fog-k3s-master3,1,2026-06-05 17:05:42 UTC,11439512,14490824,1028816,6.44,127912,3110636,2537156,15.87,1072608,3072380,60
fog-k3s-master3,1,2026-06-05 17:05:43 UTC,11439512,14490856,1028788,6.44,127916,3110660,2537156,15.87,1072716,3072412,84
fog-k3s-master3,1,2026-06-05 17:05:44 UTC,11439260,14490620,1029028,6.44,127916,3110672,2537156,15.87,1073220,3072428,56
fog-k3s-master3,1,2026-06-05 17:05:45 UTC,11439260,14490624,1029008,6.44,127920,3110688,2537156,15.87,1073260,3072432,80
fog-k3s-master3,1,2026-06-05 17:05:46 UTC,11439260,14490648,1028996,6.44,127924,3110696,2537156,15.87,1073280,3072456,92
fog-k3s-master3,1,2026-06-05 17:05:47 UTC,11439260,14490700,1028960,6.44,127932,3110724,2537156,15.87,1073312,3072508,208
fog-k3s-master3,1,2026-06-05 17:05:48 UTC,11439008,14490460,1029200,6.44,127932,3110736,2537156,15.87,1073356,3072520,224
fog-k3s-master3,1,2026-06-05 17:05:49 UTC,11439008,14490468,1029184,6.44,127932,3110752,2537156,15.87,1073356,3072528,236
fog-k3s-master3,1,2026-06-05 17:05:50 UTC,11439008,14490468,1029172,6.44,127932,3110764,2537156,15.87,1073356,3072528,248
fog-k3s-master3,1,2026-06-05 17:05:51 UTC,11439008,14490508,1029156,6.44,127932,3110780,2537156,15.87,1073792,3072568,68
fog-k3s-master3,1,2026-06-05 17:05:52 UTC,11439008,14490520,1029136,6.44,127932,3110792,2537156,15.87,1073320,3072580,80
fog-k3s-master3,1,2026-06-05 17:05:53 UTC,11439008,14490528,1029116,6.44,127936,3110808,2537156,15.87,1073180,3072588,28
fog-k3s-master3,1,2026-06-05 17:05:54 UTC,11438756,14490300,1029348,6.44,127936,3110824,2537156,15.87,1073224,3072612,52
fog-k3s-master3,1,2026-06-05 17:05:55 UTC,11438756,14490304,1029332,6.44,127940,3110840,2537156,15.87,1073224,3072616,64
fog-k3s-master3,1,2026-06-05 17:05:56 UTC,11438756,14490304,1029320,6.44,127940,3110852,2537156,15.87,1073224,3072616,44
fog-k3s-master3,1,2026-06-05 17:05:57 UTC,11438756,14490308,1029304,6.44,127940,3110868,2537156,15.87,1073224,3072620,76
fog-k3s-master3,1,2026-06-05 17:05:58 UTC,11438756,14490356,1029292,6.44,127940,3110880,2537156,15.87,1073224,3072668,88
fog-k3s-master3,1,2026-06-05 17:05:59 UTC,11438756,14490372,1029276,6.44,127940,3110896,2537156,15.87,1073668,3072684,24
fog-k3s-master3,1,2026-06-05 17:06:00 UTC,11438756,14490376,1029260,6.44,127940,3110912,2537156,15.87,1073720,3072688,48
fog-k3s-master3,1,2026-06-05 17:06:01 UTC,11438756,14490404,1029244,6.44,127940,3110928,2537156,15.87,1074108,3072716,60
fog-k3s-master3,1,2026-06-05 17:06:02 UTC,11438756,14490420,1029224,6.44,127944,3110944,2537156,15.87,1074168,3072732,220
fog-k3s-master3,1,2026-06-05 17:06:03 UTC,11438504,14490172,1029460,6.44,127944,3110960,2537156,15.87,1074224,3072736,240
fog-k3s-master3,1,2026-06-05 17:06:04 UTC,11438504,14490208,1029448,6.44,127944,3110972,2537156,15.87,1074224,3072772,252
fog-k3s-master3,1,2026-06-05 17:06:05 UTC,11446316,14498036,1021620,6.39,127944,3110988,2537156,15.87,1073284,3072788,224
fog-k3s-master3,1,2026-06-05 17:06:06 UTC,11447344,14499068,1020544,6.39,127944,3111004,2537156,15.87,1074308,3072792,372
fog-k3s-master3,1,2026-06-05 17:06:07 UTC,11446336,14498096,1021560,6.39,127944,3111024,2537156,15.87,1074076,3072824,104
fog-k3s-master3,1,2026-06-05 17:06:08 UTC,11445104,14496872,1022772,6.40,127948,3111040,2537156,15.87,1074076,3072832,72
fog-k3s-master3,1,2026-06-05 17:06:09 UTC,11445104,14496904,1022748,6.40,127952,3111056,2537156,15.87,1073556,3072864,96
fog-k3s-master3,1,2026-06-05 17:06:10 UTC,11444856,14496672,1022980,6.40,127952,3111072,2537156,15.87,1073244,3072880,104
fog-k3s-master3,1,2026-06-05 17:06:11 UTC,11444604,14496436,1023208,6.40,127952,3111088,2537156,15.87,1073592,3072896,200
fog-k3s-master3,1,2026-06-05 17:06:12 UTC,11444604,14496436,1023192,6.40,127952,3111100,2537156,15.87,1073668,3072896,40
fog-k3s-master3,1,2026-06-05 17:06:13 UTC,11444604,14496460,1023176,6.40,127956,3111112,2537156,15.87,1073668,3072920,64
fog-k3s-master3,1,2026-06-05 17:06:14 UTC,11444604,14496476,1023132,6.40,127956,3111148,2537156,15.87,1074260,3072936,68
fog-k3s-master3,1,2026-06-05 17:06:15 UTC,11444604,14496484,1023108,6.40,127960,3111164,2537156,15.87,1074316,3072944,84
fog-k3s-master3,1,2026-06-05 17:06:16 UTC,11444604,14496536,1023096,6.40,127964,3111176,2537156,15.87,1074316,3072996,268
fog-k3s-master3,1,2026-06-05 17:06:17 UTC,11444604,14496556,1023064,6.40,127964,3111208,2537156,15.87,1074316,3073016,228
fog-k3s-master3,1,2026-06-05 17:06:18 UTC,11444604,14496564,1023044,6.40,127968,3111224,2537156,15.87,1074324,3073024,256
fog-k3s-master3,1,2026-06-05 17:06:19 UTC,11444604,14496592,1023028,6.40,127968,3111240,2537156,15.87,1074324,3073052,240
fog-k3s-master3,1,2026-06-05 17:06:20 UTC,11444352,14496380,1023248,6.40,127972,3111260,2537156,15.87,1074332,3073088,324
fog-k3s-master3,1,2026-06-05 17:06:21 UTC,11443848,14495896,1023668,6.40,127976,3111276,2537156,15.87,1074872,3073108,136
fog-k3s-master3,1,2026-06-05 17:06:22 UTC,11443848,14495912,1023652,6.40,127980,3111292,2537156,15.87,1074252,3073124,104
fog-k3s-master3,1,2026-06-05 17:06:23 UTC,11443848,14495924,1023640,6.40,127980,3111304,2537156,15.87,1074252,3073136,116
fog-k3s-master3,1,2026-06-05 17:06:24 UTC,11446284,14498384,1021184,6.39,127980,3111324,2537156,15.87,1074228,3073160,64
fog-k3s-master3,1,2026-06-05 17:06:25 UTC,11446036,14498144,1021412,6.39,127984,3111340,2537156,15.87,1074236,3073168,28
fog-k3s-master3,1,2026-06-05 17:06:26 UTC,11446036,14498168,1021400,6.39,127984,3111352,2537156,15.87,1074236,3073192,40
fog-k3s-master3,1,2026-06-05 17:06:27 UTC,11445784,14497920,1021636,6.39,127984,3111368,2537156,15.87,1074236,3073196,80
fog-k3s-master3,1,2026-06-05 17:06:28 UTC,11445784,14497952,1021616,6.39,127984,3111384,2537156,15.87,1074236,3073224,48
fog-k3s-master3,1,2026-06-05 17:06:29 UTC,11444776,14496956,1022612,6.40,127984,3111396,2537156,15.87,1075384,3073236,64
fog-k3s-master3,1,2026-06-05 17:06:30 UTC,11444776,14496972,1022596,6.40,127984,3111412,2537156,15.87,1075424,3073252,76
fog-k3s-master3,1,2026-06-05 17:06:31 UTC,11443796,14496008,1023560,6.40,127984,3111428,2537156,15.87,1075900,3073268,256
fog-k3s-master3,1,2026-06-05 17:06:32 UTC,11443796,14496024,1023540,6.40,127988,3111444,2537156,15.87,1075956,3073284,232
fog-k3s-master3,1,2026-06-05 17:06:33 UTC,11443796,14496024,1023520,6.40,127992,3111456,2537156,15.87,1075956,3073284,176
fog-k3s-master3,1,2026-06-05 17:06:34 UTC,11443572,14495828,1023728,6.41,127992,3111472,2537156,15.87,1075956,3073312,192
fog-k3s-master3,1,2026-06-05 17:06:35 UTC,11443572,14495844,1023712,6.41,127996,3111484,2537156,15.87,1075020,3073328,204
fog-k3s-master3,1,2026-06-05 17:06:36 UTC,11443572,14495868,1023696,6.41,127996,3111500,2537156,15.87,1075020,3073352,216
fog-k3s-master3,1,2026-06-05 17:06:37 UTC,11443572,14495884,1023648,6.40,127996,3111516,2537156,15.87,1074788,3073368,92
fog-k3s-master3,1,2026-06-05 17:06:38 UTC,11443320,14495648,1023876,6.41,127996,3111532,2537156,15.87,1074788,3073384,0
fog-k3s-master3,1,2026-06-05 17:06:39 UTC,11443320,14495684,1023840,6.41,127996,3111568,2537156,15.87,1073908,3073420,44
fog-k3s-master3,1,2026-06-05 17:06:40 UTC,11443320,14495700,1023824,6.41,127996,3111584,2537156,15.87,1073908,3073436,60
fog-k3s-master3,1,2026-06-05 17:06:41 UTC,11443320,14495716,1023808,6.41,127996,3111600,2537156,15.87,1074136,3073452,244
fog-k3s-master3,1,2026-06-05 17:06:42 UTC,11443320,14495716,1023796,6.41,127996,3111612,2537156,15.87,1074192,3073452,88
fog-k3s-master3,1,2026-06-05 17:06:43 UTC,11443320,14495744,1023780,6.41,127996,3111628,2537156,15.87,1074300,3073480,40
fog-k3s-master3,1,2026-06-05 17:06:44 UTC,11443320,14495768,1023756,6.41,128000,3111644,2537156,15.87,1074960,3073500,20
fog-k3s-master3,1,2026-06-05 17:06:45 UTC,11443320,14495792,1023732,6.41,128000,3111668,2537156,15.87,1074968,3073524,44
fog-k3s-master3,1,2026-06-05 17:06:46 UTC,11443320,14495796,1023720,6.41,128000,3111684,2537156,15.87,1075012,3073528,56
fog-k3s-master3,1,2026-06-05 17:06:47 UTC,11443320,14495824,1023704,6.41,128000,3111700,2537156,15.87,1075016,3073556,248
fog-k3s-master3,1,2026-06-05 17:06:48 UTC,11443320,14495840,1023688,6.40,128000,3111716,2537156,15.87,1075016,3073572,196
fog-k3s-master3,1,2026-06-05 17:06:49 UTC,11443320,14495852,1023664,6.40,128008,3111732,2537156,15.87,1075016,3073584,232
fog-k3s-master3,1,2026-06-05 17:06:50 UTC,11443320,14495876,1023652,6.40,128008,3111744,2537156,15.87,1075048,3073608,244
fog-k3s-master3,1,2026-06-05 17:06:51 UTC,11443320,14495884,1023632,6.40,128012,3111760,2537156,15.87,1075048,3073616,228
fog-k3s-master3,1,2026-06-05 17:06:52 UTC,11443320,14495900,1023608,6.40,128016,3111764,2537156,15.87,1074800,3073632,64
fog-k3s-master3,1,2026-06-05 17:06:53 UTC,11443320,14495904,1023592,6.40,128016,3111780,2537156,15.87,1074840,3073636,16
fog-k3s-master3,1,2026-06-05 17:06:54 UTC,11444756,14497380,1022124,6.40,128020,3111804,2537156,15.87,1074892,3073676,64
fog-k3s-master3,1,2026-06-05 17:06:55 UTC,11444756,14497392,1022104,6.40,128024,3111820,2537156,15.87,1074892,3073688,76
fog-k3s-master3,1,2026-06-05 17:06:56 UTC,11444756,14497392,1022096,6.40,128024,3111832,2537156,15.87,1074892,3073688,84
fog-k3s-master3,1,2026-06-05 17:06:57 UTC,11444756,14497396,1022076,6.39,128024,3111848,2537156,15.87,1074892,3073692,248
fog-k3s-master3,1,2026-06-05 17:06:58 UTC,11444756,14497444,1022064,6.39,128028,3111856,2537156,15.87,1074892,3073740,196
fog-k3s-master3,1,2026-06-05 17:06:59 UTC,11444504,14497212,1022296,6.40,128028,3111876,2537156,15.87,1075324,3073760,228
fog-k3s-master3,1,2026-06-05 17:07:00 UTC,11444504,14497216,1022280,6.40,128028,3111892,2537156,15.87,1075344,3073764,240
fog-k3s-master3,1,2026-06-05 17:07:01 UTC,11444504,14497220,1022264,6.40,128032,3111904,2537156,15.87,1075536,3073768,264
fog-k3s-master3,1,2026-06-05 17:07:02 UTC,11444504,14497260,1022240,6.40,128036,3111924,2537156,15.87,1075792,3073808,96
fog-k3s-master3,1,2026-06-05 17:07:03 UTC,11444504,14497280,1022220,6.40,128044,3111940,2537156,15.87,1075880,3073828,16
fog-k3s-master3,1,2026-06-05 17:07:04 UTC,11444504,14497308,1022204,6.40,128044,3111956,2537156,15.87,1075880,3073856,32
fog-k3s-master3,1,2026-06-05 17:07:05 UTC,11444504,14497320,1022192,6.40,128044,3111968,2537156,15.87,1075128,3073868,60
fog-k3s-master3,1,2026-06-05 17:07:06 UTC,11446136,14498956,1020432,6.38,128052,3111992,2537156,15.87,1074988,3073872,84
fog-k3s-master3,1,2026-06-05 17:07:07 UTC,11445132,14497960,1021424,6.39,128052,3112004,2537156,15.87,1074784,3073880,92
fog-k3s-master3,1,2026-06-05 17:07:08 UTC,11444908,14497752,1021628,6.39,128056,3112020,2537156,15.87,1074784,3073896,76
fog-k3s-master3,1,2026-06-05 17:07:09 UTC,11444908,14497756,1021612,6.39,128056,3112036,2537156,15.87,1073964,3073900,40
fog-k3s-master3,1,2026-06-05 17:07:10 UTC,11443900,14496816,1022600,6.40,128056,3112052,2537156,15.87,1073964,3073964,56
fog-k3s-master3,1,2026-06-05 17:07:11 UTC,11443900,14496828,1022588,6.40,128056,3112064,2537156,15.87,1074072,3073976,68
fog-k3s-master3,1,2026-06-05 17:07:12 UTC,11443900,14496840,1022576,6.40,128056,3112076,2537156,15.87,1074376,3073988,240
fog-k3s-master3,1,2026-06-05 17:07:13 UTC,11443900,14496856,1022560,6.40,128056,3112092,2537156,15.87,1074480,3074004,268
fog-k3s-master3,1,2026-06-05 17:07:14 UTC,11443900,14496872,1022548,6.40,128056,3112116,2537156,15.87,1075152,3074020,220
fog-k3s-master3,1,2026-06-05 17:07:15 UTC,11443900,14496876,1022532,6.40,128056,3112132,2537156,15.87,1075180,3074024,236
fog-k3s-master3,1,2026-06-05 17:07:16 UTC,11443900,14496876,1022516,6.40,128056,3112148,2537156,15.87,1075180,3074024,252
fog-k3s-master3,1,2026-06-05 17:07:17 UTC,11443900,14496900,1022480,6.40,128060,3112180,2537156,15.87,1075220,3074048,112
fog-k3s-master3,1,2026-06-05 17:07:18 UTC,11443900,14496912,1022468,6.40,128060,3112192,2537156,15.87,1075220,3074060,124
fog-k3s-master3,1,2026-06-05 17:07:19 UTC,11443900,14496976,1022452,6.40,128060,3112208,2537156,15.87,1075224,3074124,0
fog-k3s-master3,1,2026-06-05 17:07:20 UTC,11443900,14496976,1022440,6.40,128060,3112220,2537156,15.87,1075224,3074124,16
fog-k3s-master3,1,2026-06-05 17:07:21 UTC,11443900,14497004,1022424,6.40,128060,3112236,2537156,15.87,1075652,3074152,228
fog-k3s-master3,1,2026-06-05 17:07:22 UTC,11443900,14497020,1022408,6.40,128060,3112252,2537156,15.87,1075284,3074168,80
fog-k3s-master3,1,2026-06-05 17:07:23 UTC,11443156,14496296,1023124,6.40,128064,3112268,2537156,15.87,1075116,3074188,92
fog-k3s-master3,1,2026-06-05 17:07:24 UTC,11443156,14496312,1023108,6.40,128064,3112284,2537156,15.87,1075116,3074204,48
fog-k3s-master3,1,2026-06-05 17:07:25 UTC,11442904,14496064,1023340,6.40,128064,3112300,2537156,15.87,1075132,3074208,64
fog-k3s-master3,1,2026-06-05 17:07:26 UTC,11442904,14496068,1023324,6.40,128064,3112316,2537156,15.87,1075132,3074212,52
fog-k3s-master3,1,2026-06-05 17:07:27 UTC,11442652,14495832,1023548,6.40,128068,3112336,2537156,15.87,1075132,3074224,236
fog-k3s-master3,1,2026-06-05 17:07:28 UTC,11442148,14495388,1024028,6.41,128068,3112360,2537156,15.87,1075132,3074284,252
fog-k3s-master3,1,2026-06-05 17:07:29 UTC,11441644,14494900,1024516,6.41,128072,3112372,2537156,15.87,1075540,3074300,200
fog-k3s-master3,1,2026-06-05 17:07:30 UTC,11441644,14494928,1024484,6.41,128072,3112404,2537156,15.87,1075688,3074328,232
fog-k3s-master3,1,2026-06-05 17:07:31 UTC,11441644,14494944,1024460,6.41,128072,3112428,2537880,15.88,1076512,3074344,264
fog-k3s-master3,1,2026-06-05 17:07:32 UTC,11441140,14494452,1024952,6.41,128072,3112440,2537156,15.87,1076204,3074356,40
fog-k3s-master3,1,2026-06-05 17:07:33 UTC,11441140,14494480,1024936,6.41,128072,3112456,2537156,15.87,1076204,3074384,76
fog-k3s-master3,1,2026-06-05 17:07:34 UTC,11441140,14494496,1024920,6.41,128072,3112472,2537156,15.87,1076244,3074400,88
fog-k3s-master3,1,2026-06-05 17:07:35 UTC,11441140,14494512,1024904,6.41,128072,3112488,2537156,15.87,1075276,3074416,44
fog-k3s-master3,1,2026-06-05 17:07:36 UTC,11441140,14494524,1024892,6.41,128072,3112500,2537156,15.87,1075276,3074428,72
fog-k3s-master3,1,2026-06-05 17:07:37 UTC,11443348,14496736,1022668,6.40,128072,3112516,2537156,15.87,1075348,3074432,84
fog-k3s-master3,1,2026-06-05 17:07:38 UTC,11441584,14494972,1024416,6.41,128072,3112528,2537156,15.87,1075348,3074432,52
fog-k3s-master3,1,2026-06-05 17:07:39 UTC,11440328,14493764,1025632,6.42,128080,3112560,2537156,15.87,1074512,3074480,28
fog-k3s-master3,1,2026-06-05 17:07:40 UTC,11440328,14493768,1025616,6.42,128080,3112576,2537156,15.87,1074512,3074484,64
fog-k3s-master3,1,2026-06-05 17:07:41 UTC,11442648,14496128,1023284,6.40,128080,3112588,2537156,15.87,1074552,3074524,364
fog-k3s-master3,1,2026-06-05 17:07:42 UTC,11442648,14496136,1023264,6.40,128080,3112608,2537156,15.87,1075228,3074532,396
fog-k3s-master3,1,2026-06-05 17:07:43 UTC,11442648,14496140,1023248,6.40,128084,3112620,2537156,15.87,1075228,3074536,408
fog-k3s-master3,1,2026-06-05 17:07:44 UTC,11442144,14495680,1023732,6.41,128084,3112640,2537156,15.87,1075776,3074580,376
fog-k3s-master3,1,2026-06-05 17:07:45 UTC,11442144,14495680,1023720,6.41,128088,3112648,2537156,15.87,1075812,3074580,312
fog-k3s-master3,1,2026-06-05 17:07:46 UTC,11442144,14495720,1023688,6.40,128092,3112676,2537156,15.87,1075904,3074620,76
fog-k3s-master3,1,2026-06-05 17:07:47 UTC,11442144,14495724,1023704,6.41,128096,3112688,2537156,15.87,1075904,3074624,72
fog-k3s-master3,1,2026-06-05 17:07:48 UTC,11442144,14495740,1023680,6.40,128096,3112712,2537156,15.87,1075960,3074640,96
fog-k3s-master3,1,2026-06-05 17:07:49 UTC,11442144,14495740,1023668,6.40,128096,3112724,2537156,15.87,1075960,3074640,64
fog-k3s-master3,1,2026-06-05 17:07:50 UTC,11442144,14495744,1023648,6.40,128100,3112740,2537156,15.87,1075964,3074644,28
fog-k3s-master3,1,2026-06-05 17:07:51 UTC,11442144,14495808,1023632,6.40,128104,3112748,2537156,15.87,1076024,3074704,40
fog-k3s-master3,1,2026-06-05 17:07:52 UTC,11442144,14495828,1023616,6.40,128104,3112764,2537156,15.87,1075768,3074724,56
fog-k3s-master3,1,2026-06-05 17:07:53 UTC,11442144,14495828,1023604,6.40,128104,3112776,2537156,15.87,1075768,3074724,68
fog-k3s-master3,1,2026-06-05 17:07:54 UTC,11444320,14498036,1021408,6.39,128104,3112796,2537156,15.87,1075828,3074756,92
fog-k3s-master3,1,2026-06-05 17:07:55 UTC,11443564,14497296,1022148,6.40,128104,3112812,2537156,15.87,1075828,3074772,4
fog-k3s-master3,1,2026-06-05 17:07:56 UTC,11443564,14497300,1022132,6.40,128104,3112828,2537156,15.87,1075828,3074776,196
fog-k3s-master3,1,2026-06-05 17:07:57 UTC,11443564,14497312,1022104,6.40,128108,3112852,2537156,15.87,1075832,3074788,224
fog-k3s-master3,1,2026-06-05 17:07:58 UTC,11443564,14497320,1022084,6.39,128112,3112868,2537156,15.87,1075832,3074796,240
fog-k3s-master3,1,2026-06-05 17:07:59 UTC,11443312,14497196,1022196,6.40,128112,3113008,2537156,15.87,1076360,3074796,332
fog-k3s-master3,1,2026-06-05 17:08:00 UTC,11443312,14497260,1022184,6.40,128112,3113020,2537156,15.87,1076360,3074860,280
fog-k3s-master3,1,2026-06-05 17:08:01 UTC,11443312,14497276,1022136,6.40,128112,3113036,2537156,15.87,1076860,3074876,32
fog-k3s-master3,1,2026-06-05 17:08:02 UTC,11443060,14497036,1022364,6.40,128116,3113056,2537156,15.87,1076996,3074888,60
fog-k3s-master3,1,2026-06-05 17:08:03 UTC,11443060,14497060,1022352,6.40,128116,3113068,2537156,15.87,1077032,3074912,72
fog-k3s-master3,1,2026-06-05 17:08:04 UTC,11442808,14496812,1022584,6.40,128116,3113084,2537156,15.87,1077084,3074916,80
fog-k3s-master3,1,2026-06-05 17:08:05 UTC,11442808,14496840,1022568,6.40,128116,3113096,2537156,15.87,1076204,3074940,44
fog-k3s-master3,1,2026-06-05 17:08:06 UTC,11444352,14498404,1021028,6.39,128116,3113124,2537412,15.88,1076204,3074960,32
fog-k3s-master3,1,2026-06-05 17:08:07 UTC,11443372,14497436,1021996,6.39,128116,3113136,2537412,15.88,1075964,3074972,44
fog-k3s-master3,1,2026-06-05 17:08:08 UTC,11443148,14497212,1022208,6.40,128120,3113144,2537412,15.88,1075964,3074972,56
fog-k3s-master3,1,2026-06-05 17:08:09 UTC,11443148,14497256,1022184,6.40,128120,3113168,2537412,15.88,1075492,3075016,96
fog-k3s-master3,1,2026-06-05 17:08:10 UTC,11443148,14497272,1022168,6.40,128120,3113184,2537412,15.88,1075492,3075032,44
fog-k3s-master3,1,2026-06-05 17:08:11 UTC,11442900,14497036,1022404,6.40,128128,3113188,2537412,15.88,1075492,3075044,56
fog-k3s-master3,1,2026-06-05 17:08:12 UTC,11442900,14497048,1022384,6.40,128128,3113208,2537412,15.88,1075936,3075056,244
fog-k3s-master3,1,2026-06-05 17:08:13 UTC,11442900,14497052,1022368,6.40,128132,3113220,2537412,15.88,1075936,3075060,256
fog-k3s-master3,1,2026-06-05 17:08:14 UTC,11442648,14496840,1022584,6.40,128132,3113252,2537412,15.88,1076500,3075100,272
fog-k3s-master3,1,2026-06-05 17:08:15 UTC,11442648,14496852,1022568,6.40,128132,3113264,2537412,15.88,1076540,3075112,292
fog-k3s-master3,1,2026-06-05 17:08:16 UTC,11442396,14496620,1022796,6.40,128136,3113280,2537412,15.88,1076540,3075132,252
fog-k3s-master3,1,2026-06-05 17:08:17 UTC,11442396,14496636,1022764,6.40,128136,3113308,2537412,15.88,1076460,3075148,104
fog-k3s-master3,1,2026-06-05 17:08:18 UTC,11442144,14496428,1022996,6.40,128136,3113328,2537412,15.88,1076460,3075192,116
fog-k3s-master3,1,2026-06-05 17:08:19 UTC,11443708,14497996,1021416,6.39,128136,3113344,2537412,15.88,1070740,3075196,84
fog-k3s-master3,1,2026-06-05 17:08:20 UTC,11443460,14497772,1021652,6.39,128136,3113356,2537412,15.88,1070700,3075220,92
fog-k3s-master3,1,2026-06-05 17:08:21 UTC,11443208,14497532,1021892,6.39,128136,3113368,2537412,15.88,1070988,3075232,208
fog-k3s-master3,1,2026-06-05 17:08:22 UTC,11442956,14497296,1022128,6.40,128136,3113384,2537412,15.88,1070728,3075248,236
fog-k3s-master3,1,2026-06-05 17:08:23 UTC,11441976,14496328,1023096,6.40,128136,3113396,2537412,15.88,1071228,3075260,248
fog-k3s-master3,1,2026-06-05 17:08:24 UTC,11441976,14496348,1023076,6.40,128140,3113416,2537412,15.88,1071228,3075280,220
fog-k3s-master3,1,2026-06-05 17:08:25 UTC,11441976,14496372,1023056,6.40,128144,3113432,2537412,15.88,1071252,3075304,244
fog-k3s-master3,1,2026-06-05 17:08:26 UTC,11441976,14496388,1023044,6.40,128148,3113448,2537412,15.88,1071252,3075320,48
fog-k3s-master3,1,2026-06-05 17:08:27 UTC,11441976,14496388,1023032,6.40,128148,3113460,2537412,15.88,1071252,3075320,60
fog-k3s-master3,1,2026-06-05 17:08:28 UTC,11441976,14496400,1023012,6.40,128148,3113476,2537412,15.88,1071252,3075328,84
fog-k3s-master3,1,2026-06-05 17:08:29 UTC,11441472,14495896,1023508,6.40,128152,3113484,2537412,15.88,1072292,3075328,96
fog-k3s-master3,1,2026-06-05 17:08:30 UTC,11441472,14495900,1023492,6.40,128152,3113500,2537412,15.88,1072396,3075332,64
fog-k3s-master3,1,2026-06-05 17:08:31 UTC,11441472,14495908,1023468,6.40,128160,3113516,2537412,15.88,1072396,3075340,32
fog-k3s-master3,1,2026-06-05 17:08:32 UTC,11440716,14495240,1024192,6.41,128168,3113540,2537412,15.88,1072832,3075428,64
fog-k3s-master3,1,2026-06-05 17:08:33 UTC,11440716,14495240,1024180,6.41,128168,3113552,2537412,15.88,1072872,3075428,76
fog-k3s-master3,1,2026-06-05 17:08:34 UTC,11440716,14495268,1024172,6.41,128168,3113568,2537412,15.88,1072872,3075456,88
fog-k3s-master3,1,2026-06-05 17:08:35 UTC,11440716,14495280,1024160,6.41,128172,3113576,2537412,15.88,1072136,3075468,100
fog-k3s-master3,1,2026-06-05 17:08:36 UTC,11440464,14495048,1024388,6.41,128180,3113592,2537412,15.88,1072056,3075488,172
fog-k3s-master3,1,2026-06-05 17:08:37 UTC,11440464,14495048,1024364,6.41,128180,3113612,2537412,15.88,1071824,3075488,228
fog-k3s-master3,1,2026-06-05 17:08:38 UTC,11440464,14495088,1024348,6.41,128184,3113624,2537412,15.88,1071824,3075528,240
fog-k3s-master3,1,2026-06-05 17:08:39 UTC,11439988,14494628,1024792,6.41,128184,3113652,2537412,15.88,1070924,3075540,268
fog-k3s-master3,1,2026-06-05 17:08:40 UTC,11439988,14494632,1024776,6.41,128184,3113668,2537412,15.88,1070924,3075544,284
fog-k3s-master3,1,2026-06-05 17:08:41 UTC,11439988,14494632,1024760,6.41,128188,3113676,2537412,15.88,1071044,3075544,244
fog-k3s-master3,1,2026-06-05 17:08:42 UTC,11439988,14494648,1024772,6.41,128188,3113696,2537412,15.88,1071304,3075560,16
fog-k3s-master3,1,2026-06-05 17:08:43 UTC,11439988,14494712,1024756,6.41,128192,3113708,2537412,15.88,1071324,3075624,28
fog-k3s-master3,1,2026-06-05 17:08:44 UTC,11439988,14494724,1024744,6.41,128192,3113720,2537412,15.88,1071632,3075636,40
fog-k3s-master3,1,2026-06-05 17:08:45 UTC,11439988,14494744,1024720,6.41,128196,3113740,2537412,15.88,1071948,3075656,84
fog-k3s-master3,1,2026-06-05 17:08:46 UTC,11439988,14494768,1024692,6.41,128204,3113760,2537412,15.88,1071980,3075680,224
fog-k3s-master3,1,2026-06-05 17:08:47 UTC,11439988,14494772,1024708,6.41,128204,3113776,2537412,15.88,1071980,3075684,64
fog-k3s-master3,1,2026-06-05 17:08:48 UTC,11439988,14494808,1024696,6.41,128208,3113784,2537412,15.88,1071980,3075720,76
fog-k3s-master3,1,2026-06-05 17:08:49 UTC,11439988,14494812,1024676,6.41,128208,3113804,2537412,15.88,1071980,3075724,44
fog-k3s-master3,1,2026-06-05 17:08:50 UTC,11439988,14494816,1024664,6.41,128208,3113816,2537412,15.88,1071980,3075728,64
fog-k3s-master3,1,2026-06-05 17:08:51 UTC,11439988,14494848,1024652,6.41,128212,3113824,2537412,15.88,1071980,3075760,188
fog-k3s-master3,1,2026-06-05 17:08:52 UTC,11439988,14494864,1024612,6.41,128212,3113844,2537412,15.88,1072508,3075776,224
fog-k3s-master3,1,2026-06-05 17:08:53 UTC,11439988,14494872,1024600,6.41,128216,3113852,2537412,15.88,1072348,3075784,236
fog-k3s-master3,1,2026-06-05 17:08:54 UTC,11439988,14494892,1024568,6.41,128220,3113876,2537412,15.88,1072348,3075800,252
fog-k3s-master3,1,2026-06-05 17:08:55 UTC,11439988,14494932,1024556,6.41,128220,3113892,2537412,15.88,1072356,3075840,224
fog-k3s-master3,1,2026-06-05 17:08:56 UTC,11439988,14494944,1024552,6.41,128220,3113904,2537412,15.88,1072356,3075852,276
fog-k3s-master3,1,2026-06-05 17:08:57 UTC,11439988,14494948,1024568,6.41,128220,3113920,2537412,15.88,1072356,3075856,56
fog-k3s-master3,1,2026-06-05 17:08:58 UTC,11439988,14494976,1024552,6.41,128220,3113936,2537412,15.88,1072356,3075884,72
fog-k3s-master3,1,2026-06-05 17:08:59 UTC,11438740,14493744,1025784,6.42,128220,3113952,2537412,15.88,1073364,3075900,84
fog-k3s-master3,1,2026-06-05 17:09:00 UTC,11438740,14493756,1025772,6.42,128220,3113964,2537412,15.88,1073428,3075912,96
fog-k3s-master3,1,2026-06-05 17:09:01 UTC,11438740,14493768,1025760,6.42,128224,3113972,2537412,15.88,1073428,3075924,104
fog-k3s-master3,1,2026-06-05 17:09:02 UTC,11432692,14487732,1031784,6.46,128224,3113996,2537412,15.88,1073936,3075936,20
fog-k3s-master3,1,2026-06-05 17:09:03 UTC,11432692,14487768,1031760,6.46,128232,3114012,2537412,15.88,1073980,3075972,56
fog-k3s-master3,1,2026-06-05 17:09:04 UTC,11432692,14487780,1031748,6.46,128232,3114024,2537412,15.88,1073980,3075984,68
fog-k3s-master3,1,2026-06-05 17:09:05 UTC,11432692,14487788,1031728,6.46,128236,3114040,2537412,15.88,1073048,3075992,80
fog-k3s-master3,1,2026-06-05 17:09:06 UTC,11433328,14488448,1031064,6.45,128236,3114068,2537412,15.88,1073048,3076016,44
fog-k3s-master3,1,2026-06-05 17:09:07 UTC,11431316,14486456,1033060,6.46,128248,3114072,2537412,15.88,1072860,3076036,236
fog-k3s-master3,1,2026-06-05 17:09:08 UTC,11431316,14486480,1033048,6.46,128248,3114084,2537412,15.88,1072860,3076060,248
fog-k3s-master3,1,2026-06-05 17:09:09 UTC,11431064,14486252,1033260,6.46,128252,3114116,2537412,15.88,1071904,3076080,232
fog-k3s-master3,1,2026-06-05 17:09:10 UTC,11430308,14485520,1034000,6.47,128256,3114124,2540392,15.89,1073272,3076104,252
fog-k3s-master3,1,2026-06-05 17:09:11 UTC,11432728,14487972,1031552,6.45,128260,3114148,2537412,15.88,1071904,3076136,320
fog-k3s-master3,1,2026-06-05 17:09:12 UTC,11432224,14487484,1032040,6.46,128260,3114164,2537412,15.88,1072204,3076152,88
fog-k3s-master3,1,2026-06-05 17:09:13 UTC,11431976,14487252,1032272,6.46,128268,3114172,2537412,15.88,1072348,3076168,100
fog-k3s-master3,1,2026-06-05 17:09:14 UTC,11430968,14486264,1033248,6.46,128268,3114200,2537412,15.88,1073496,3076188,72
fog-k3s-master3,1,2026-06-05 17:09:15 UTC,11430968,14486280,1033232,6.46,128268,3114216,2537412,15.88,1073588,3076204,84
fog-k3s-master3,1,2026-06-05 17:09:16 UTC,11430968,14486300,1033212,6.46,128272,3114224,2537412,15.88,1073632,3076224,116
fog-k3s-master3,1,2026-06-05 17:09:17 UTC,11430968,14486312,1033188,6.46,128276,3114260,2537412,15.88,1073664,3076236,252
fog-k3s-master3,1,2026-06-05 17:09:18 UTC,11430968,14486352,1033172,6.46,128276,3114276,2537412,15.88,1074208,3076276,88
fog-k3s-master3,1,2026-06-05 17:09:19 UTC,11430968,14486360,1033156,6.46,128276,3114292,2537412,15.88,1074260,3076284,100
fog-k3s-master3,1,2026-06-05 17:09:20 UTC,11430716,14486140,1033388,6.47,128276,3114308,2537412,15.88,1074264,3076312,88
fog-k3s-master3,1,2026-06-05 17:09:21 UTC,11430716,14486152,1033376,6.47,128280,3114316,2537412,15.88,1074264,3076324,72
fog-k3s-master3,1,2026-06-05 17:09:22 UTC,11429960,14485416,1034108,6.47,128280,3114336,2537412,15.88,1074112,3076344,188
fog-k3s-master3,1,2026-06-05 17:09:23 UTC,11429484,14484940,1034568,6.47,128284,3114348,2537412,15.88,1074128,3076344,228
fog-k3s-master3,1,2026-06-05 17:09:24 UTC,11438632,14494092,1025408,6.42,128284,3114360,2537412,15.88,1074128,3076348,240
fog-k3s-master3,1,2026-06-05 17:09:25 UTC,11438456,14493928,1025560,6.42,128284,3114384,2537412,15.88,1074132,3076360,252
fog-k3s-master3,1,2026-06-05 17:09:26 UTC,11438204,14493724,1025800,6.42,128288,3114392,2537412,15.88,1073680,3076408,80
fog-k3s-master3,1,2026-06-05 17:09:27 UTC,11444164,14499708,1019812,6.38,128288,3114420,2537412,15.88,1073328,3076432,212
fog-k3s-master3,1,2026-06-05 17:09:28 UTC,11443912,14499456,1020052,6.38,128288,3114432,2537412,15.88,1073332,3076432,228
fog-k3s-master3,1,2026-06-05 17:09:29 UTC,11443408,14498972,1020548,6.39,128288,3114440,2537412,15.88,1073740,3076452,236
fog-k3s-master3,1,2026-06-05 17:09:30 UTC,11443408,14498992,1020532,6.39,128288,3114456,2537412,15.88,1073856,3076472,248
fog-k3s-master3,1,2026-06-05 17:09:31 UTC,11443408,14499008,1020516,6.39,128292,3114468,2537412,15.88,1073868,3076488,368
fog-k3s-master3,1,2026-06-05 17:09:32 UTC,11442680,14498304,1021216,6.39,128296,3114492,2537412,15.88,1074420,3076512,56
fog-k3s-master3,1,2026-06-05 17:09:33 UTC,11442680,14498316,1021200,6.39,128296,3114504,2537412,15.88,1074420,3076524,16
fog-k3s-master3,1,2026-06-05 17:09:34 UTC,11442680,14498320,1021188,6.39,128296,3114520,2537412,15.88,1074452,3076528,40
fog-k3s-master3,1,2026-06-05 17:09:35 UTC,11442680,14498348,1021180,6.39,128296,3114532,2537412,15.88,1073740,3076556,52
fog-k3s-master3,1,2026-06-05 17:09:36 UTC,11442680,14498368,1021156,6.39,128300,3114552,2537412,15.88,1073552,3076576,76
fog-k3s-master3,1,2026-06-05 17:09:37 UTC,11442680,14498372,1021144,6.39,128300,3114564,2537412,15.88,1073312,3076580,204
fog-k3s-master3,1,2026-06-05 17:09:38 UTC,11442680,14498400,1021128,6.39,128300,3114580,2537412,15.88,1073312,3076608,240
fog-k3s-master3,1,2026-06-05 17:09:39 UTC,11442680,14498416,1021120,6.39,128300,3114596,2537412,15.88,1072448,3076624,224
fog-k3s-master3,1,2026-06-05 17:09:40 UTC,11442680,14498432,1021092,6.39,128300,3114624,2537412,15.88,1072448,3076640,256
fog-k3s-master3,1,2026-06-05 17:09:41 UTC,11442680,14498432,1021080,6.39,128300,3114636,2537412,15.88,1072472,3076640,268
fog-k3s-master3,1,2026-06-05 17:09:42 UTC,11442456,14498248,1021288,6.39,128300,3114652,2537412,15.88,1072932,3076680,40
fog-k3s-master3,1,2026-06-05 17:09:43 UTC,11442456,14498248,1021276,6.39,128300,3114664,2537412,15.88,1072948,3076680,56
fog-k3s-master3,1,2026-06-05 17:09:44 UTC,11440692,14496528,1023000,6.40,128308,3114684,2540620,15.90,1075148,3076720,204
fog-k3s-master3,1,2026-06-05 17:09:45 UTC,11449984,14505832,1013696,6.34,128308,3114696,2537412,15.88,1073540,3076732,248
fog-k3s-master3,1,2026-06-05 17:09:46 UTC,11449984,14505848,1013680,6.34,128308,3114712,2537412,15.88,1073540,3076748,292
fog-k3s-master3,1,2026-06-05 17:09:47 UTC,11449984,14505864,1013664,6.34,128308,3114728,2537412,15.88,1073540,3076764,412
fog-k3s-master3,1,2026-06-05 17:09:48 UTC,11449760,14505660,1013868,6.34,128312,3114744,2537412,15.88,1073540,3076784,372
fog-k3s-master3,1,2026-06-05 17:09:49 UTC,11449760,14505660,1013860,6.34,128312,3114752,2537412,15.88,1073540,3076784,380
fog-k3s-master3,1,2026-06-05 17:09:50 UTC,11450080,14506004,1013524,6.34,128312,3114768,2537412,15.88,1073540,3076808,52
fog-k3s-master3,1,2026-06-05 17:09:51 UTC,11450080,14506008,1013508,6.34,128312,3114784,2537412,15.88,1073540,3076812,60
fog-k3s-master3,1,2026-06-05 17:09:52 UTC,11449328,14505280,1014248,6.35,128312,3114796,2537412,15.88,1073712,3076836,188
fog-k3s-master3,1,2026-06-05 17:09:53 UTC,11448824,14504780,1014736,6.35,128312,3114812,2537412,15.88,1073756,3076840,216
fog-k3s-master3,1,2026-06-05 17:09:54 UTC,11448600,14504596,1014928,6.35,128320,3114832,2537412,15.88,1073756,3076880,244
fog-k3s-master3,1,2026-06-05 17:09:55 UTC,11448600,14504596,1014916,6.35,128320,3114844,2537412,15.88,1073756,3076880,256
fog-k3s-master3,1,2026-06-05 17:09:56 UTC,11448348,14504352,1015148,6.35,128324,3114860,2537412,15.88,1073764,3076888,248
fog-k3s-master3,1,2026-06-05 17:09:57 UTC,11448348,14504388,1015136,6.35,128328,3114868,2537412,15.88,1073764,3076924,64
fog-k3s-master3,1,2026-06-05 17:09:58 UTC,11447620,14503684,1015832,6.36,128332,3114888,2537412,15.88,1073764,3076944,44
fog-k3s-master3,1,2026-06-05 17:09:59 UTC,11447368,14503440,1016068,6.36,128332,3114904,2537412,15.88,1074184,3076952,60
fog-k3s-master3,1,2026-06-05 17:10:00 UTC,11447368,14503440,1016052,6.36,128336,3114916,2537412,15.88,1074288,3076952,72
fog-k3s-master3,1,2026-06-05 17:10:01 UTC,11447368,14503444,1016028,6.36,128336,3114932,2537412,15.88,1074312,3076956,260
fog-k3s-master3,1,2026-06-05 17:10:02 UTC,11446864,14503000,1016512,6.36,128344,3114944,2537412,15.88,1074844,3077016,272
fog-k3s-master3,1,2026-06-05 17:10:03 UTC,11446864,14503024,1016488,6.36,128344,3114968,2537412,15.88,1074952,3077040,4
fog-k3s-master3,1,2026-06-05 17:10:04 UTC,11446864,14503028,1016468,6.36,128348,3114984,2537412,15.88,1074984,3077044,48
fog-k3s-master3,1,2026-06-05 17:10:05 UTC,11446864,14503056,1016460,6.36,128348,3114996,2537412,15.88,1074084,3077072,60
fog-k3s-master3,1,2026-06-05 17:10:06 UTC,11447796,14504004,1015576,6.35,128348,3115012,2537412,15.88,1074028,3077088,68
fog-k3s-master3,1,2026-06-05 17:10:07 UTC,11446592,14502808,1016760,6.36,128348,3115032,2537412,15.88,1073800,3077096,264
fog-k3s-master3,1,2026-06-05 17:10:08 UTC,11446592,14502812,1016752,6.36,128352,3115044,2537412,15.88,1073800,3077100,228
fog-k3s-master3,1,2026-06-05 17:10:09 UTC,11446344,14502576,1016980,6.36,128352,3115064,2537412,15.88,1072848,3077112,208
fog-k3s-master3,1,2026-06-05 17:10:10 UTC,11446344,14502624,1016964,6.36,128352,3115080,2537412,15.88,1072848,3077160,220
fog-k3s-master3,1,2026-06-05 17:10:11 UTC,11445840,14502132,1017452,6.37,128352,3115092,2537412,15.88,1072848,3077172,232
fog-k3s-master3,1,2026-06-05 17:10:12 UTC,11445840,14502140,1017436,6.37,128352,3115112,2537412,15.88,1073240,3077180,88
fog-k3s-master3,1,2026-06-05 17:10:13 UTC,11445840,14502164,1017424,6.37,128352,3115124,2537412,15.88,1073288,3077204,40
fog-k3s-master3,1,2026-06-05 17:10:14 UTC,11445840,14502192,1017396,6.37,128356,3115148,2537412,15.88,1073900,3077232,36
fog-k3s-master3,1,2026-06-05 17:10:15 UTC,11445840,14502208,1017376,6.37,128360,3115164,2537412,15.88,1073912,3077248,64
fog-k3s-master3,1,2026-06-05 17:10:16 UTC,11445840,14502224,1017360,6.37,128360,3115180,2537412,15.88,1073912,3077264,252
fog-k3s-master3,1,2026-06-05 17:10:17 UTC,11444844,14501260,1018308,6.37,128360,3115212,2537412,15.88,1073948,3077288,124
fog-k3s-master3,1,2026-06-05 17:10:18 UTC,11444592,14501040,1018532,6.37,128368,3115228,2537412,15.88,1073980,3077316,276
fog-k3s-master3,1,2026-06-05 17:10:19 UTC,11444592,14501044,1018508,6.37,128376,3115244,2537412,15.88,1073980,3077320,280
fog-k3s-master3,1,2026-06-05 17:10:20 UTC,11444592,14501068,1018496,6.37,128376,3115256,2537412,15.88,1073980,3077344,228
fog-k3s-master3,1,2026-06-05 17:10:21 UTC,11444592,14501088,1018480,6.37,128376,3115272,2537412,15.88,1073980,3077364,280
fog-k3s-master3,1,2026-06-05 17:10:22 UTC,11444088,14500616,1018964,6.38,128380,3115288,2537412,15.88,1073876,3077396,420
fog-k3s-master3,1,2026-06-05 17:10:23 UTC,11443584,14500124,1019360,6.38,128380,3115300,2537412,15.88,1073960,3077408,116
fog-k3s-master3,1,2026-06-05 17:10:24 UTC,11444884,14501444,1018040,6.37,128384,3115316,2537412,15.88,1074124,3077428,68
fog-k3s-master3,1,2026-06-05 17:10:25 UTC,11444940,14501516,1017968,6.37,128384,3115332,2537412,15.88,1073944,3077444,88
fog-k3s-master3,1,2026-06-05 17:10:26 UTC,11444716,14501296,1018176,6.37,128384,3115348,2537412,15.88,1073944,3077448,40
fog-k3s-master3,1,2026-06-05 17:10:27 UTC,11444716,14501304,1018156,6.37,128388,3115364,2537412,15.88,1073944,3077456,252
fog-k3s-master3,1,2026-06-05 17:10:28 UTC,11444716,14501344,1018140,6.37,128388,3115380,2537412,15.88,1073752,3077496,208
fog-k3s-master3,1,2026-06-05 17:10:29 UTC,11444464,14501104,1018368,6.37,128392,3115392,2537412,15.88,1074164,3077508,236
fog-k3s-master3,1,2026-06-05 17:10:30 UTC,11444464,14501108,1018352,6.37,128392,3115404,2537412,15.88,1074244,3077512,248
fog-k3s-master3,1,2026-06-05 17:10:31 UTC,11444464,14501112,1018336,6.37,128396,3115416,2537412,15.88,1074244,3077516,260
fog-k3s-master3,1,2026-06-05 17:10:32 UTC,11446088,14502788,1016684,6.36,128400,3115440,2537412,15.88,1074708,3077568,48
fog-k3s-master3,1,2026-06-05 17:10:33 UTC,11445856,14502572,1016900,6.36,128400,3115456,2537412,15.88,1074756,3077584,76
fog-k3s-master3,1,2026-06-05 17:10:34 UTC,11445856,14502572,1016892,6.36,128400,3115468,2537412,15.88,1074760,3077584,32
fog-k3s-master3,1,2026-06-05 17:10:35 UTC,11445604,14502348,1017128,6.36,128400,3115484,2537412,15.88,1074264,3077612,60
fog-k3s-master3,1,2026-06-05 17:10:36 UTC,11445604,14502352,1017108,6.36,128404,3115500,2537412,15.88,1073820,3077616,72
fog-k3s-master3,1,2026-06-05 17:10:37 UTC,11445604,14502356,1017104,6.36,128404,3115512,2537412,15.88,1073580,3077620,88
fog-k3s-master3,1,2026-06-05 17:10:38 UTC,11445604,14502360,1017088,6.36,128404,3115528,2537412,15.88,1073580,3077624,4
fog-k3s-master3,1,2026-06-05 17:10:39 UTC,11445352,14502168,1017304,6.37,128412,3115556,2537412,15.88,1072756,3077684,64
fog-k3s-master3,1,2026-06-05 17:10:40 UTC,11445352,14502172,1017284,6.36,128416,3115572,2537412,15.88,1072756,3077688,80
fog-k3s-master3,1,2026-06-05 17:10:41 UTC,11445352,14502180,1017268,6.36,128416,3115588,2537412,15.88,1072756,3077696,92
fog-k3s-master3,1,2026-06-05 17:10:42 UTC,11445352,14502232,1017252,6.36,128416,3115600,2537412,15.88,1073128,3077744,276
fog-k3s-master3,1,2026-06-05 17:10:43 UTC,11445128,14502016,1017460,6.37,128416,3115616,2537412,15.88,1073304,3077752,284
fog-k3s-master3,1,2026-06-05 17:10:44 UTC,11445128,14502024,1017436,6.37,128420,3115632,2537412,15.88,1073852,3077760,176
fog-k3s-master3,1,2026-06-05 17:10:45 UTC,11445128,14502024,1017424,6.37,128420,3115644,2537412,15.88,1073852,3077760,192
fog-k3s-master3,1,2026-06-05 17:10:46 UTC,11445128,14502028,1017408,6.37,128420,3115660,2537412,15.88,1073852,3077764,220
fog-k3s-master3,1,2026-06-05 17:10:47 UTC,11445128,14502088,1017356,6.37,128420,3115676,2537412,15.88,1073912,3077824,64
fog-k3s-master3,1,2026-06-05 17:10:48 UTC,11445128,14502092,1017352,6.37,128420,3115688,2537412,15.88,1073912,3077828,76
fog-k3s-master3,1,2026-06-05 17:10:49 UTC,11444876,14501864,1017588,6.37,128420,3115704,2537412,15.88,1073912,3077852,28
fog-k3s-master3,1,2026-06-05 17:10:50 UTC,11444876,14501880,1017568,6.37,128424,3115720,2537412,15.88,1073912,3077868,60
fog-k3s-master3,1,2026-06-05 17:10:51 UTC,11444876,14501884,1017556,6.37,128424,3115732,2537412,15.88,1073912,3077872,28
fog-k3s-master3,1,2026-06-05 17:10:52 UTC,11444624,14501660,1017792,6.37,128424,3115748,2537412,15.88,1073656,3077900,236
fog-k3s-master3,1,2026-06-05 17:10:53 UTC,11444624,14501672,1017780,6.37,128424,3115760,2537412,15.88,1073740,3077912,248
fog-k3s-master3,1,2026-06-05 17:10:54 UTC,11444624,14501696,1017756,6.37,128428,3115780,2537412,15.88,1073768,3077936,212
fog-k3s-master3,1,2026-06-05 17:10:55 UTC,11444624,14501700,1017732,6.37,128432,3115796,2537412,15.88,1073768,3077940,232
fog-k3s-master3,1,2026-06-05 17:10:56 UTC,11444624,14501704,1017720,6.37,128432,3115808,2537412,15.88,1073768,3077944,64
fog-k3s-master3,1,2026-06-05 17:10:57 UTC,11444624,14501708,1017700,6.37,128436,3115824,2537412,15.88,1073792,3077948,44
fog-k3s-master3,1,2026-06-05 17:10:58 UTC,11444624,14501712,1017684,6.37,128436,3115840,2537412,15.88,1073792,3077952,76
fog-k3s-master3,1,2026-06-05 17:10:59 UTC,11444624,14501776,1017676,6.37,128436,3115852,2537412,15.88,1074236,3078016,24
fog-k3s-master3,1,2026-06-05 17:11:00 UTC,11444624,14501780,1017660,6.37,128436,3115868,2537412,15.88,1074260,3078020,56
fog-k3s-master3,1,2026-06-05 17:11:01 UTC,11444624,14501780,1017648,6.37,128436,3115880,2537412,15.88,1074288,3078020,68
fog-k3s-master3,1,2026-06-05 17:11:02 UTC,11444120,14501320,1018132,6.37,128436,3115900,2537412,15.88,1074636,3078064,80
fog-k3s-master3,1,2026-06-05 17:11:03 UTC,11444120,14501324,1018116,6.37,128436,3115916,2537412,15.88,1074696,3078068,96
fog-k3s-master3,1,2026-06-05 17:11:04 UTC,11444120,14501352,1018100,6.37,128436,3115932,2537412,15.88,1074696,3078096,12
fog-k3s-master3,1,2026-06-05 17:11:05 UTC,11444120,14501364,1018088,6.37,128436,3115944,2537412,15.88,1073908,3078108,28
fog-k3s-master3,1,2026-06-05 17:11:06 UTC,11443420,14500668,1018740,6.37,128436,3115960,2537412,15.88,1073728,3078112,60
fog-k3s-master3,1,2026-06-05 17:11:07 UTC,11445112,14502368,1017028,6.36,128436,3115980,2537412,15.88,1073488,3078120,260
fog-k3s-master3,1,2026-06-05 17:11:08 UTC,11445112,14502372,1017048,6.36,128436,3115992,2537412,15.88,1073488,3078124,284
fog-k3s-master3,1,2026-06-05 17:11:09 UTC,11445112,14502424,1017028,6.36,128436,3116008,2537412,15.88,1072980,3078172,236
fog-k3s-master3,1,2026-06-05 17:11:10 UTC,11445112,14502440,1017020,6.36,128436,3116024,2537412,15.88,1072980,3078188,224
fog-k3s-master3,1,2026-06-05 17:11:11 UTC,11445112,14502444,1017016,6.36,128436,3116028,2537412,15.88,1072980,3078192,224
fog-k3s-master3,1,2026-06-05 17:11:12 UTC,11445112,14502472,1016988,6.36,128436,3116056,2537412,15.88,1073508,3078220,84
fog-k3s-master3,1,2026-06-05 17:11:13 UTC,11445112,14502484,1016976,6.36,128436,3116068,2537412,15.88,1073548,3078232,96
fog-k3s-master3,1,2026-06-05 17:11:14 UTC,11445112,14502508,1016944,6.36,128436,3116092,2537412,15.88,1074128,3078256,56
fog-k3s-master3,1,2026-06-05 17:11:15 UTC,11445112,14502524,1016928,6.36,128436,3116108,2537412,15.88,1074136,3078272,28
fog-k3s-master3,1,2026-06-05 17:11:16 UTC,11447088,14504500,1014936,6.35,128436,3116120,2537412,15.88,1074216,3078272,360
fog-k3s-master3,1,2026-06-05 17:11:17 UTC,11446332,14503780,1015652,6.35,128440,3116156,2537412,15.88,1074236,3078308,156
fog-k3s-master3,1,2026-06-05 17:11:18 UTC,11446332,14503780,1015640,6.35,128440,3116168,2537412,15.88,1074236,3078308,168
fog-k3s-master3,1,2026-06-05 17:11:19 UTC,11446332,14503832,1015616,6.35,128444,3116188,2537412,15.88,1074236,3078360,88
fog-k3s-master3,1,2026-06-05 17:11:20 UTC,11446080,14503604,1015832,6.36,128452,3116212,2537412,15.88,1074236,3078384,104
fog-k3s-master3,1,2026-06-05 17:11:21 UTC,11446080,14503612,1015820,6.36,128452,3116224,2537412,15.88,1074236,3078392,216
fog-k3s-master3,1,2026-06-05 17:11:22 UTC,11445856,14503416,1016028,6.36,128452,3116240,2537412,15.88,1073916,3078420,240
fog-k3s-master3,1,2026-06-05 17:11:23 UTC,11445380,14502952,1016492,6.36,128452,3116252,2537412,15.88,1074064,3078432,252
fog-k3s-master3,1,2026-06-05 17:11:24 UTC,11446560,14504140,1015288,6.35,128452,3116272,2537412,15.88,1074064,3078440,264
fog-k3s-master3,1,2026-06-05 17:11:25 UTC,11446560,14504168,1015272,6.35,128452,3116288,2537412,15.88,1074072,3078468,216
fog-k3s-master3,1,2026-06-05 17:11:26 UTC,11446560,14504168,1015260,6.35,128452,3116300,2537412,15.88,1074072,3078468,232
fog-k3s-master3,1,2026-06-05 17:11:27 UTC,11446308,14503920,1015492,6.35,128456,3116316,2537412,15.88,1074072,3078472,28
fog-k3s-master3,1,2026-06-05 17:11:28 UTC,11445804,14503456,1015980,6.36,128456,3116328,2537412,15.88,1074072,3078508,52
fog-k3s-master3,1,2026-06-05 17:11:29 UTC,11445804,14503468,1015968,6.36,128456,3116340,2537412,15.88,1074556,3078520,64
fog-k3s-master3,1,2026-06-05 17:11:30 UTC,11445300,14502968,1016452,6.36,128456,3116356,2537412,15.88,1074576,3078524,32
fog-k3s-master3,1,2026-06-05 17:11:31 UTC,11445300,14502996,1016436,6.36,128456,3116372,2537412,15.88,1074576,3078552,48
fog-k3s-master3,1,2026-06-05 17:11:32 UTC,11445204,14502928,1016540,6.36,128460,3116392,2537412,15.88,1074936,3078580,80
fog-k3s-master3,1,2026-06-05 17:11:33 UTC,11444448,14502176,1017280,6.36,128460,3116408,2540264,15.89,1076296,3078584,92
fog-k3s-master3,1,2026-06-05 17:11:34 UTC,11446932,14504664,1014784,6.35,128460,3116424,2537412,15.88,1075044,3078588,272
fog-k3s-master3,1,2026-06-05 17:11:35 UTC,11446932,14504664,1014772,6.35,128460,3116436,2537412,15.88,1074276,3078588,220
fog-k3s-master3,1,2026-06-05 17:11:36 UTC,11446680,14504420,1015004,6.35,128460,3116452,2537412,15.88,1074144,3078592,360
fog-k3s-master3,1,2026-06-05 17:11:37 UTC,11446428,14504228,1015244,6.35,128460,3116464,2537412,15.88,1073912,3078652,112
fog-k3s-master3,1,2026-06-05 17:11:38 UTC,11445924,14503740,1015700,6.36,128460,3116480,2537412,15.88,1073920,3078668,120
fog-k3s-master3,1,2026-06-05 17:11:39 UTC,11445924,14503756,1015676,6.35,128460,3116504,2537412,15.88,1072944,3078684,80
fog-k3s-master3,1,2026-06-05 17:11:40 UTC,11445924,14503788,1015648,6.35,128464,3116524,2537412,15.88,1072944,3078716,28
fog-k3s-master3,1,2026-06-05 17:11:41 UTC,11445924,14503788,1015636,6.35,128464,3116536,2537412,15.88,1073964,3078716,220
fog-k3s-master3,1,2026-06-05 17:11:42 UTC,11445924,14503820,1015616,6.35,128468,3116552,2537412,15.88,1074064,3078748,260
fog-k3s-master3,1,2026-06-05 17:11:43 UTC,11445924,14503832,1015604,6.35,128468,3116564,2537412,15.88,1074416,3078760,272
fog-k3s-master3,1,2026-06-05 17:11:44 UTC,11445168,14503092,1016344,6.36,128468,3116580,2537412,15.88,1075572,3078776,284
fog-k3s-master3,1,2026-06-05 17:11:45 UTC,11445168,14503104,1016320,6.36,128472,3116600,2537412,15.88,1075748,3078788,200
fog-k3s-master3,1,2026-06-05 17:11:46 UTC,11445168,14503128,1016308,6.36,128476,3116608,2537412,15.88,1075748,3078812,216
fog-k3s-master3,1,2026-06-05 17:11:47 UTC,11445168,14503160,1016272,6.36,128484,3116636,2537412,15.88,1075776,3078844,68
fog-k3s-master3,1,2026-06-05 17:11:48 UTC,11445168,14503168,1016256,6.36,128484,3116652,2537412,15.88,1075776,3078852,80
fog-k3s-master3,1,2026-06-05 17:11:49 UTC,11445168,14503192,1016244,6.36,128484,3116664,2537412,15.88,1075776,3078876,92
fog-k3s-master3,1,2026-06-05 17:11:50 UTC,11445168,14503200,1016220,6.36,128488,3116684,2537412,15.88,1075780,3078884,60
fog-k3s-master3,1,2026-06-05 17:11:51 UTC,11445168,14503200,1016208,6.36,128488,3116696,2537412,15.88,1075780,3078884,248
fog-k3s-master3,1,2026-06-05 17:11:52 UTC,11445168,14503208,1016224,6.36,128488,3116712,2537412,15.88,1075556,3078892,116
fog-k3s-master3,1,2026-06-05 17:11:53 UTC,11445168,14503256,1016212,6.36,128488,3116724,2537412,15.88,1075668,3078940,128
fog-k3s-master3,1,2026-06-05 17:11:54 UTC,11445832,14503932,1015520,6.35,128496,3116740,2537412,15.88,1075708,3078948,140
fog-k3s-master3,1,2026-06-05 17:11:55 UTC,11445580,14503692,1015748,6.36,128496,3116760,2537412,15.88,1075756,3078960,152
fog-k3s-master3,1,2026-06-05 17:11:56 UTC,11445080,14503192,1016236,6.36,128496,3116772,2537412,15.88,1075756,3078960,164
fog-k3s-master3,1,2026-06-05 17:11:57 UTC,11445080,14503232,1016220,6.36,128496,3116788,2537412,15.88,1075756,3079000,316
fog-k3s-master3,1,2026-06-05 17:11:58 UTC,11445080,14503236,1016204,6.36,128500,3116800,2537412,15.88,1075756,3079004,328
fog-k3s-master3,1,2026-06-05 17:11:59 UTC,11444576,14502744,1016688,6.36,128504,3116816,2537412,15.88,1076188,3079016,428
fog-k3s-master3,1,2026-06-05 17:12:00 UTC,11444324,14502828,1016580,6.36,128824,3116852,2537412,15.88,1076200,3079348,464
fog-k3s-master3,1,2026-06-05 17:12:01 UTC,11444324,14502828,1016596,6.36,128824,3116864,2537412,15.88,1076200,3079348,236
fog-k3s-master3,1,2026-06-05 17:12:02 UTC,11444072,14502672,1016816,6.36,128832,3116884,2537412,15.88,1076440,3079444,248
fog-k3s-master3,1,2026-06-05 17:12:03 UTC,11444072,14502688,1016792,6.36,128832,3116900,2537412,15.88,1076564,3079460,220
fog-k3s-master3,1,2026-06-05 17:12:04 UTC,11444072,14502692,1016772,6.36,128836,3116916,2537412,15.88,1076620,3079464,244
fog-k3s-master3,1,2026-06-05 17:12:05 UTC,11444072,14502720,1016756,6.36,128840,3116928,2537412,15.88,1075812,3079492,252
fog-k3s-master3,1,2026-06-05 17:12:06 UTC,11445548,14504200,1015264,6.35,128840,3116944,2537412,15.88,1075624,3079496,444
fog-k3s-master3,1,2026-06-05 17:12:07 UTC,11444568,14503264,1016248,6.36,128848,3116964,2537412,15.88,1075360,3079540,304
fog-k3s-master3,1,2026-06-05 17:12:08 UTC,11444316,14503012,1016484,6.36,128848,3116976,2537412,15.88,1075360,3079540,316
fog-k3s-master3,1,2026-06-05 17:12:09 UTC,11444316,14503044,1016456,6.36,128856,3116996,2537412,15.88,1074620,3079572,336
fog-k3s-master3,1,2026-06-05 17:12:10 UTC,11444316,14503056,1016444,6.36,128860,3117004,2537412,15.88,1074620,3079584,320
fog-k3s-master3,1,2026-06-05 17:12:11 UTC,11444316,14503072,1016420,6.36,128860,3117028,2537412,15.88,1074620,3079600,340
fog-k3s-master3,1,2026-06-05 17:12:12 UTC,11444064,14502852,1016652,6.36,128860,3117044,2537412,15.88,1074836,3079628,536
fog-k3s-master3,1,2026-06-05 17:12:13 UTC,11444064,14502868,1016640,6.36,128860,3117056,2537412,15.88,1075040,3079644,548
fog-k3s-master3,1,2026-06-05 17:12:14 UTC,11443812,14502644,1016864,6.36,128860,3117084,2537412,15.88,1075572,3079672,532
fog-k3s-master3,1,2026-06-05 17:12:15 UTC,11443812,14502656,1016840,6.36,128868,3117100,2537412,15.88,1075596,3079684,560
fog-k3s-master3,1,2026-06-05 17:12:16 UTC,11443812,14502664,1016820,6.36,128872,3117116,2537412,15.88,1075620,3079692,40
fog-k3s-master3,1,2026-06-05 17:12:17 UTC,11443812,14502704,1016788,6.36,128876,3117144,2537412,15.88,1075664,3079732,92
fog-k3s-master3,1,2026-06-05 17:12:18 UTC,11443812,14502716,1016768,6.36,128880,3117160,2537412,15.88,1075664,3079744,104
fog-k3s-master3,1,2026-06-05 17:12:19 UTC,11443812,14502744,1016752,6.36,128880,3117176,2537412,15.88,1075664,3079772,116
fog-k3s-master3,1,2026-06-05 17:12:20 UTC,11443812,14502760,1016728,6.36,128888,3117192,2537412,15.88,1075664,3079788,80
fog-k3s-master3,1,2026-06-05 17:12:21 UTC,11443812,14502784,1016712,6.36,128888,3117204,2537412,15.88,1075676,3079812,220
fog-k3s-master3,1,2026-06-05 17:12:22 UTC,11443812,14502796,1016688,6.36,128896,3117220,2537412,15.88,1075400,3079824,116
fog-k3s-master3,1,2026-06-05 17:12:23 UTC,11445116,14504136,1015360,6.35,128904,3117236,2537412,15.88,1075552,3079860,128
fog-k3s-master3,1,2026-06-05 17:12:24 UTC,11445808,14504840,1014656,6.35,128904,3117248,2537412,15.88,1075812,3079872,140
fog-k3s-master3,1,2026-06-05 17:12:25 UTC,11445564,14504620,1014876,6.35,128912,3117264,2537412,15.88,1075584,3079896,152
fog-k3s-master3,1,2026-06-05 17:12:26 UTC,11445564,14504636,1014856,6.35,128920,3117280,2537412,15.88,1075584,3079912,136
fog-k3s-master3,1,2026-06-05 17:12:27 UTC,11445316,14504408,1015092,6.35,128920,3117292,2537412,15.88,1075584,3079932,324
fog-k3s-master3,1,2026-06-05 17:12:28 UTC,11444812,14503932,1015584,6.35,128924,3117308,2537412,15.88,1075648,3079960,348
fog-k3s-master3,1,2026-06-05 17:12:29 UTC,11445496,14504632,1014884,6.35,128924,3117320,2537412,15.88,1076116,3079972,360
fog-k3s-master3,1,2026-06-05 17:12:30 UTC,11445024,14504184,1015332,6.35,128924,3117344,2537412,15.88,1076176,3079996,372
fog-k3s-master3,1,2026-06-05 17:12:31 UTC,11445024,14504188,1015316,6.35,128924,3117360,2537412,15.88,1076196,3080000,360
fog-k3s-master3,1,2026-06-05 17:12:32 UTC,11442812,14502012,1017468,6.37,128932,3117380,2537412,15.88,1076632,3080036,216
fog-k3s-master3,1,2026-06-05 17:12:33 UTC,11442812,14502040,1017432,6.37,128940,3117408,2537412,15.88,1076784,3080064,228
fog-k3s-master3,1,2026-06-05 17:12:34 UTC,11442812,14502052,1017408,6.37,128944,3117428,2537412,15.88,1076784,3080076,240
fog-k3s-master3,1,2026-06-05 17:12:35 UTC,11442812,14502112,1017372,6.37,128952,3117456,2537412,15.88,1075764,3080136,252
fog-k3s-master3,1,2026-06-05 17:12:36 UTC,11442812,14502116,1017356,6.37,128952,3117472,2537412,15.88,1075764,3080140,444
fog-k3s-master3,1,2026-06-05 17:12:37 UTC,11442560,14501888,1017596,6.37,128952,3117484,2537412,15.88,1075536,3080164,432
fog-k3s-master3,1,2026-06-05 17:12:38 UTC,11442560,14501892,1017580,6.37,128952,3117500,2537412,15.88,1075536,3080168,472
fog-k3s-master3,1,2026-06-05 17:12:39 UTC,11441556,14500904,1018556,6.37,128960,3117520,2537412,15.88,1074980,3080184,488
fog-k3s-master3,1,2026-06-05 17:12:40 UTC,11441052,14500448,1019032,6.38,128964,3117540,2537412,15.88,1074724,3080232,512
fog-k3s-master3,1,2026-06-05 17:12:41 UTC,11441052,14500464,1019016,6.38,128964,3117556,2537412,15.88,1074724,3080248,536
fog-k3s-master3,1,2026-06-05 17:12:42 UTC,11441052,14500480,1018992,6.38,128968,3117572,2537412,15.88,1075032,3080264,324
fog-k3s-master3,1,2026-06-05 17:12:43 UTC,11441052,14500480,1018980,6.38,128968,3117584,2537412,15.88,1075136,3080264,336
fog-k3s-master3,1,2026-06-05 17:12:44 UTC,11441052,14500508,1018964,6.38,128968,3117600,2537412,15.88,1076032,3080292,348
fog-k3s-master3,1,2026-06-05 17:12:45 UTC,11440800,14500268,1019196,6.38,128968,3117616,2537412,15.88,1076064,3080300,360
fog-k3s-master3,1,2026-06-05 17:12:46 UTC,11440548,14500032,1019420,6.38,128972,3117636,2537412,15.88,1076104,3080316,124
fog-k3s-master3,1,2026-06-05 17:12:47 UTC,11440548,14500072,1019400,6.38,128972,3117652,2537412,15.88,1076104,3080352,64
fog-k3s-master3,1,2026-06-05 17:12:48 UTC,11440324,14499852,1019608,6.38,128972,3117668,2537412,15.88,1075844,3080356,76
fog-k3s-master3,1,2026-06-05 17:12:49 UTC,11440324,14499876,1019596,6.38,128972,3117680,2537412,15.88,1075812,3080380,56
fog-k3s-master3,1,2026-06-05 17:12:50 UTC,11440324,14499888,1019572,6.38,128972,3117704,2537412,15.88,1075812,3080392,68
fog-k3s-master3,1,2026-06-05 17:12:51 UTC,11440324,14499888,1019560,6.38,128976,3117712,2537412,15.88,1075812,3080392,80
fog-k3s-master3,1,2026-06-05 17:12:52 UTC,11440324,14499928,1019540,6.38,128976,3117732,2537412,15.88,1075532,3080432,268
fog-k3s-master3,1,2026-06-05 17:12:53 UTC,11440100,14499708,1019748,6.38,128976,3117748,2537412,15.88,1075704,3080436,284
fog-k3s-master3,1,2026-06-05 17:12:54 UTC,11442636,14502280,1017188,6.36,128980,3117768,2537412,15.88,1075744,3080472,296
fog-k3s-master3,1,2026-06-05 17:12:55 UTC,11442636,14502296,1017176,6.36,128980,3117780,2537412,15.88,1075744,3080488,284
fog-k3s-master3,1,2026-06-05 17:12:56 UTC,11442636,14502296,1017164,6.36,128980,3117792,2537412,15.88,1075744,3080488,300
fog-k3s-master3,1,2026-06-05 17:12:57 UTC,11441872,14501564,1017940,6.37,128980,3117812,2537412,15.88,1075744,3080520,336
fog-k3s-master3,1,2026-06-05 17:12:58 UTC,11441368,14501076,1018428,6.37,128980,3117828,2537412,15.88,1075744,3080536,376
fog-k3s-master3,1,2026-06-05 17:12:59 UTC,11441368,14501076,1018416,6.37,128980,3117840,2537412,15.88,1076168,3080536,388
fog-k3s-master3,1,2026-06-05 17:13:00 UTC,11441368,14501108,1018392,6.37,128984,3117860,2537412,15.88,1076288,3080568,400
fog-k3s-master3,1,2026-06-05 17:13:01 UTC,11441368,14501120,1018380,6.37,128984,3117872,2537412,15.88,1076320,3080580,404
fog-k3s-master3,1,2026-06-05 17:13:02 UTC,11441368,14501152,1018348,6.37,128984,3117900,2537412,15.88,1076444,3080612,228
fog-k3s-master3,1,2026-06-05 17:13:03 UTC,11441116,14500920,1018580,6.37,128984,3117916,2537412,15.88,1076700,3080628,236
fog-k3s-master3,1,2026-06-05 17:13:04 UTC,11440864,14500680,1018820,6.37,128984,3117928,2537412,15.88,1076700,3080640,264
fog-k3s-master3,1,2026-06-05 17:13:05 UTC,11440864,14500696,1018804,6.37,128984,3117944,2537412,15.88,1075992,3080656,276
fog-k3s-master3,1,2026-06-05 17:13:06 UTC,11441552,14501396,1018096,6.37,128984,3117964,2537412,15.88,1075584,3080668,476
fog-k3s-master3,1,2026-06-05 17:13:07 UTC,11441552,14501424,1018076,6.37,128988,3117980,2537412,15.88,1075652,3080696,448
fog-k3s-master3,1,2026-06-05 17:13:08 UTC,11441328,14501216,1018284,6.37,128988,3117996,2537412,15.88,1075656,3080712,460
fog-k3s-master3,1,2026-06-05 17:13:09 UTC,11441328,14501216,1018272,6.37,128988,3118008,2537412,15.88,1075172,3080712,484
fog-k3s-master3,1,2026-06-05 17:13:10 UTC,11441328,14501236,1018252,6.37,128988,3118028,2537412,15.88,1075172,3080732,496
fog-k3s-master3,1,2026-06-05 17:13:11 UTC,11441328,14501236,1018240,6.37,128988,3118040,2537412,15.88,1075172,3080732,508
fog-k3s-master3,1,2026-06-05 17:13:12 UTC,11441328,14501276,1018224,6.37,128988,3118056,2537412,15.88,1075400,3080772,348
fog-k3s-master3,1,2026-06-05 17:13:13 UTC,11441076,14501044,1018456,6.37,128992,3118072,2537412,15.88,1075644,3080792,360
fog-k3s-master3,1,2026-06-05 17:13:14 UTC,11440824,14500816,1018668,6.37,128992,3118096,2537412,15.88,1076268,3080816,364
fog-k3s-master3,1,2026-06-05 17:13:15 UTC,11440824,14500816,1018656,6.37,128992,3118108,2537412,15.88,1076276,3080816,376
fog-k3s-master3,1,2026-06-05 17:13:16 UTC,11440824,14500832,1018640,6.37,128992,3118124,2537412,15.88,1076276,3080832,560
fog-k3s-master3,1,2026-06-05 17:13:17 UTC,11440068,14500120,1019364,6.38,128996,3118152,2540264,15.89,1077384,3080876,56
fog-k3s-master3,1,2026-06-05 17:13:18 UTC,11441264,14501328,1018152,6.37,128996,3118164,2537412,15.88,1076288,3080888,272
fog-k3s-master3,1,2026-06-05 17:13:19 UTC,11441264,14501348,1018132,6.37,128996,3118184,2537412,15.88,1076288,3080908,216
fog-k3s-master3,1,2026-06-05 17:13:20 UTC,11441264,14501348,1018120,6.37,128996,3118196,2537412,15.88,1076288,3080908,252
fog-k3s-master3,1,2026-06-05 17:13:21 UTC,11441264,14501376,1018104,6.37,128996,3118212,2537412,15.88,1076288,3080936,360
fog-k3s-master3,1,2026-06-05 17:13:22 UTC,11441264,14501376,1018092,6.37,128996,3118224,2537412,15.88,1076040,3080936,384
fog-k3s-master3,1,2026-06-05 17:13:23 UTC,11441264,14501404,1018076,6.37,128996,3118240,2537412,15.88,1076280,3080964,116
fog-k3s-master3,1,2026-06-05 17:13:24 UTC,11441264,14501412,1018056,6.37,128996,3118260,2537412,15.88,1076540,3080972,124
fog-k3s-master3,1,2026-06-05 17:13:25 UTC,11441264,14501440,1018040,6.37,128996,3118276,2537412,15.88,1076880,3081000,112
fog-k3s-master3,1,2026-06-05 17:13:26 UTC,11441264,14501448,1018032,6.37,128996,3118284,2537412,15.88,1076880,3081008,296
fog-k3s-master3,1,2026-06-05 17:13:27 UTC,11441264,14501464,1018016,6.37,128996,3118300,2537412,15.88,1076880,3081024,320
fog-k3s-master3,1,2026-06-05 17:13:28 UTC,11441264,14501476,1018004,6.37,128996,3118312,2537412,15.88,1076884,3081036,332
fog-k3s-master3,1,2026-06-05 17:13:29 UTC,11441264,14501492,1017988,6.37,128996,3118328,2537412,15.88,1078020,3081052,344
fog-k3s-master3,1,2026-06-05 17:13:30 UTC,11440508,14500748,1018736,6.37,129000,3118340,2537412,15.88,1079000,3081064,356
fog-k3s-master3,1,2026-06-05 17:13:31 UTC,11439500,14499752,1019724,6.38,129000,3118356,2537412,15.88,1080472,3081072,344
fog-k3s-master3,1,2026-06-05 17:13:32 UTC,11437736,14498016,1021468,6.39,129004,3118372,2537412,15.88,1081248,3081100,208
fog-k3s-master3,1,2026-06-05 17:13:33 UTC,11437736,14498040,1021448,6.39,129004,3118392,2537412,15.88,1081692,3081124,220
fog-k3s-master3,1,2026-06-05 17:13:34 UTC,11437512,14497828,1021660,6.39,129004,3118404,2537412,15.88,1081728,3081136,232
fog-k3s-master3,1,2026-06-05 17:13:35 UTC,11437512,14497832,1021644,6.39,129004,3118420,2537412,15.88,1080944,3081140,244
fog-k3s-master3,1,2026-06-05 17:13:36 UTC,11437512,14497860,1021628,6.39,129004,3118436,2537412,15.88,1080832,3081168,428
fog-k3s-master3,1,2026-06-05 17:13:37 UTC,11437512,14497872,1021616,6.39,129004,3118448,2537412,15.88,1080604,3081180,272
fog-k3s-master3,1,2026-06-05 17:13:38 UTC,11437512,14497872,1021600,6.39,129008,3118460,2537412,15.88,1080604,3081180,276
fog-k3s-master3,1,2026-06-05 17:13:39 UTC,11437288,14497652,1021808,6.39,129008,3118476,2537412,15.88,1079856,3081184,288
fog-k3s-master3,1,2026-06-05 17:13:40 UTC,11437288,14497708,1021780,6.39,129008,3118504,2537412,15.88,1079856,3081240,320
fog-k3s-master3,1,2026-06-05 17:13:41 UTC,11437288,14497712,1021764,6.39,129008,3118520,2537412,15.88,1079856,3081244,328
fog-k3s-master3,1,2026-06-05 17:13:42 UTC,11437288,14497740,1021744,6.39,129012,3118532,2537412,15.88,1079856,3081272,500
fog-k3s-master3,1,2026-06-05 17:13:43 UTC,11437036,14497512,1021972,6.39,129012,3118552,2537412,15.88,1080168,3081292,484
fog-k3s-master3,1,2026-06-05 17:13:44 UTC,11436784,14497260,1022208,6.40,129012,3118564,2537412,15.88,1080676,3081292,496
fog-k3s-master3,1,2026-06-05 17:13:45 UTC,11436784,14497284,1022196,6.40,129012,3118576,2537412,15.88,1080740,3081316,516
fog-k3s-master3,1,2026-06-05 17:13:46 UTC,11436784,14497284,1022180,6.40,129012,3118588,2537412,15.88,1080740,3081316,348
fog-k3s-master3,1,2026-06-05 17:13:47 UTC,11436784,14497320,1022152,6.40,129016,3118612,2537412,15.88,1080740,3081352,388
fog-k3s-master3,1,2026-06-05 17:13:48 UTC,11436784,14497336,1022140,6.40,129028,3118612,2537412,15.88,1080740,3081368,32
fog-k3s-master3,1,2026-06-05 17:13:49 UTC,11436784,14497352,1022112,6.40,129028,3118640,2537412,15.88,1080744,3081384,20
fog-k3s-master3,1,2026-06-05 17:13:50 UTC,11436784,14497356,1022092,6.39,129032,3118656,2537412,15.88,1080744,3081388,44
fog-k3s-master3,1,2026-06-05 17:13:51 UTC,11436784,14497372,1022076,6.39,129036,3118668,2537412,15.88,1080744,3081404,244
fog-k3s-master3,1,2026-06-05 17:13:52 UTC,11436280,14496872,1022532,6.40,129036,3118684,2537412,15.88,1080428,3081408,72
fog-k3s-master3,1,2026-06-05 17:13:53 UTC,11436280,14496928,1022516,6.40,129036,3118700,2537412,15.88,1080628,3081464,92
fog-k3s-master3,1,2026-06-05 17:13:54 UTC,11436028,14496680,1022752,6.40,129040,3118712,2537412,15.88,1081148,3081468,104
fog-k3s-master3,1,2026-06-05 17:13:55 UTC,11437208,14497900,1021544,6.39,129048,3118732,2537412,15.88,1080704,3081508,88
fog-k3s-master3,1,2026-06-05 17:13:56 UTC,11437208,14497900,1021528,6.39,129052,3118744,2537412,15.88,1080704,3081508,120
fog-k3s-master3,1,2026-06-05 17:13:57 UTC,11437208,14497932,1021512,6.39,129052,3118760,2537412,15.88,1080704,3081540,308
fog-k3s-master3,1,2026-06-05 17:13:58 UTC,11437208,14497948,1021496,6.39,129052,3118776,2537412,15.88,1080704,3081556,320
fog-k3s-master3,1,2026-06-05 17:13:59 UTC,11436956,14497700,1021732,6.39,129052,3118792,2537412,15.88,1081076,3081560,336
fog-k3s-master3,1,2026-06-05 17:14:00 UTC,11436956,14497700,1021720,6.39,129052,3118804,2537412,15.88,1081132,3081560,348
fog-k3s-master3,1,2026-06-05 17:14:01 UTC,11436456,14497204,1022200,6.40,129052,3118820,2537412,15.88,1081132,3081564,356
fog-k3s-master3,1,2026-06-05 17:14:02 UTC,11436456,14497260,1022148,6.40,129052,3118840,2537412,15.88,1081224,3081620,196
fog-k3s-master3,1,2026-06-05 17:14:03 UTC,11436456,14497276,1022132,6.40,129052,3118856,2537412,15.88,1081516,3081636,208
fog-k3s-master3,1,2026-06-05 17:14:04 UTC,11436456,14497276,1022120,6.40,129052,3118868,2537412,15.88,1081516,3081636,220
fog-k3s-master3,1,2026-06-05 17:14:05 UTC,11436456,14497300,1022108,6.40,129052,3118880,2537412,15.88,1080732,3081660,228
fog-k3s-master3,1,2026-06-05 17:14:06 UTC,11437184,14498028,1021360,6.39,129056,3118896,2537412,15.88,1080732,3081660,256
fog-k3s-master3,1,2026-06-05 17:14:07 UTC,11436456,14497336,1022068,6.39,129056,3118916,2537412,15.88,1080544,3081696,244
fog-k3s-master3,1,2026-06-05 17:14:08 UTC,11435956,14496852,1022552,6.40,129056,3118932,2537412,15.88,1080544,3081712,256
fog-k3s-master3,1,2026-06-05 17:14:09 UTC,11435956,14496868,1022540,6.40,129056,3118944,2537412,15.88,1080112,3081728,276
fog-k3s-master3,1,2026-06-05 17:14:10 UTC,11435956,14496880,1022516,6.40,129060,3118964,2537412,15.88,1080112,3081740,300
fog-k3s-master3,1,2026-06-05 17:14:11 UTC,11435956,14496904,1022504,6.40,129060,3118976,2537412,15.88,1080112,3081764,480
fog-k3s-master3,1,2026-06-05 17:14:12 UTC,11435956,14496920,1022488,6.40,129060,3118992,2537412,15.88,1080112,3081780,496
fog-k3s-master3,1,2026-06-05 17:14:13 UTC,11435704,14496684,1022724,6.40,129060,3119008,2537412,15.88,1080552,3081796,508
fog-k3s-master3,1,2026-06-05 17:14:14 UTC,11435204,14496200,1023204,6.40,129060,3119028,2537412,15.88,1080952,3081808,512
fog-k3s-master3,1,2026-06-05 17:14:15 UTC,11435204,14496204,1023188,6.40,129060,3119044,2537412,15.88,1081040,3081812,524
fog-k3s-master3,1,2026-06-05 17:14:16 UTC,11435204,14496216,1023172,6.40,129060,3119060,2537412,15.88,1081080,3081824,536
fog-k3s-master3,1,2026-06-05 17:14:17 UTC,11435204,14496260,1023136,6.40,129060,3119096,2537412,15.88,1081088,3081868,408
fog-k3s-master3,1,2026-06-05 17:14:18 UTC,11435204,14496292,1023108,6.40,129060,3119120,2537412,15.88,1081092,3081896,420
fog-k3s-master3,1,2026-06-05 17:14:19 UTC,11435204,14496292,1023096,6.40,129060,3119132,2537412,15.88,1081092,3081896,32
fog-k3s-master3,1,2026-06-05 17:14:20 UTC,11435204,14496300,1023072,6.40,129064,3119152,2537412,15.88,1081092,3081904,28
fog-k3s-master3,1,2026-06-05 17:14:21 UTC,11435204,14496336,1023060,6.40,129064,3119164,2537412,15.88,1081092,3081940,36
fog-k3s-master3,1,2026-06-05 17:14:22 UTC,11434980,14496112,1023272,6.40,129064,3119176,2537412,15.88,1080368,3081940,188
fog-k3s-master3,1,2026-06-05 17:14:23 UTC,11434728,14495916,1023496,6.40,129064,3119204,2537412,15.88,1081116,3081996,236
fog-k3s-master3,1,2026-06-05 17:14:24 UTC,11434476,14495680,1023728,6.41,129068,3119220,2537412,15.88,1081120,3082012,248
fog-k3s-master3,1,2026-06-05 17:14:25 UTC,11434476,14495696,1023712,6.41,129072,3119232,2537412,15.88,1081120,3082028,256
fog-k3s-master3,1,2026-06-05 17:14:26 UTC,11434476,14495696,1023696,6.41,129072,3119248,2537412,15.88,1081120,3082028,336
fog-k3s-master3,1,2026-06-05 17:14:27 UTC,11434476,14495696,1023684,6.40,129072,3119260,2537412,15.88,1081120,3082028,348
fog-k3s-master3,1,2026-06-05 17:14:28 UTC,11434476,14495736,1023700,6.41,129072,3119276,2537412,15.88,1081164,3082068,132
fog-k3s-master3,1,2026-06-05 17:14:29 UTC,11434476,14495760,1023680,6.40,129072,3119292,2537412,15.88,1081460,3082092,144
fog-k3s-master3,1,2026-06-05 17:14:30 UTC,11434476,14495768,1023672,6.40,129072,3119300,2537412,15.88,1081528,3082100,304
fog-k3s-master3,1,2026-06-05 17:14:31 UTC,11434476,14495768,1023660,6.40,129072,3119312,2537412,15.88,1081528,3082100,320
fog-k3s-master3,1,2026-06-05 17:14:32 UTC,11433480,14494816,1024584,6.41,129076,3119332,2537412,15.88,1081572,3082136,404
fog-k3s-master3,1,2026-06-05 17:14:33 UTC,11434836,14496180,1023204,6.40,129080,3119348,2537412,15.88,1081944,3082144,428
fog-k3s-master3,1,2026-06-05 17:14:34 UTC,11434836,14496184,1023192,6.40,129080,3119364,2537412,15.88,1081972,3082148,440
fog-k3s-master3,1,2026-06-05 17:14:35 UTC,11434084,14495432,1023932,6.41,129080,3119376,2537412,15.88,1081096,3082148,452
fog-k3s-master3,1,2026-06-05 17:14:36 UTC,11434084,14495484,1023916,6.41,129080,3119392,2537412,15.88,1080976,3082200,388
fog-k3s-master3,1,2026-06-05 17:14:37 UTC,11434084,14495488,1023900,6.41,129080,3119408,2537412,15.88,1080784,3082204,404
fog-k3s-master3,1,2026-06-05 17:14:38 UTC,11434084,14495512,1023888,6.41,129080,3119420,2537412,15.88,1080784,3082228,428
fog-k3s-master3,1,2026-06-05 17:14:39 UTC,11434084,14495532,1023868,6.41,129084,3119444,2537412,15.88,1080344,3082248,428
fog-k3s-master3,1,2026-06-05 17:14:40 UTC,11434084,14495548,1023848,6.41,129084,3119464,2537412,15.88,1080584,3082264,456
fog-k3s-master3,1,2026-06-05 17:14:41 UTC,11435740,14497208,1022160,6.40,129084,3119476,2540264,15.89,1082000,3082264,468
fog-k3s-master3,1,2026-06-05 17:14:42 UTC,11437124,14498592,1020732,6.39,129084,3119488,2537412,15.88,1080888,3082264,352
fog-k3s-master3,1,2026-06-05 17:14:43 UTC,11436620,14498140,1021220,6.39,129084,3119504,2537412,15.88,1081200,3082316,364
fog-k3s-master3,1,2026-06-05 17:14:44 UTC,11436372,14497908,1021452,6.39,129084,3119520,2537412,15.88,1081904,3082332,320
fog-k3s-master3,1,2026-06-05 17:14:45 UTC,11435896,14497444,1021916,6.39,129084,3119532,2537412,15.88,1081948,3082344,340
fog-k3s-master3,1,2026-06-05 17:14:46 UTC,11433656,14495224,1024136,6.41,129088,3119548,2537412,15.88,1083088,3082364,528
fog-k3s-master3,1,2026-06-05 17:14:47 UTC,11433656,14495232,1024116,6.41,129088,3119568,2537412,15.88,1083132,3082372,352
fog-k3s-master3,1,2026-06-05 17:14:48 UTC,11433656,14495240,1024096,6.41,129088,3119588,2537412,15.88,1083132,3082380,376
fog-k3s-master3,1,2026-06-05 17:14:49 UTC,11433656,14495240,1024084,6.41,129088,3119600,2537412,15.88,1083132,3082380,32
fog-k3s-master3,1,2026-06-05 17:14:50 UTC,11433656,14495244,1024068,6.41,129088,3119616,2537412,15.88,1083132,3082384,24
fog-k3s-master3,1,2026-06-05 17:14:51 UTC,11433656,14495308,1024048,6.41,129092,3119632,2537412,15.88,1083132,3082448,48
fog-k3s-master3,1,2026-06-05 17:14:52 UTC,11433656,14495324,1024032,6.41,129092,3119648,2537412,15.88,1082612,3082464,224
fog-k3s-master3,1,2026-06-05 17:14:53 UTC,11433656,14495340,1024024,6.41,129092,3119660,2537412,15.88,1083008,3082480,256
fog-k3s-master3,1,2026-06-05 17:14:54 UTC,11433656,14495344,1024008,6.41,129092,3119676,2537412,15.88,1083024,3082484,280
fog-k3s-master3,1,2026-06-05 17:14:55 UTC,11433656,14495360,1023992,6.41,129092,3119692,2537412,15.88,1083024,3082500,296
fog-k3s-master3,1,2026-06-05 17:14:56 UTC,11433656,14495364,1023976,6.41,129092,3119708,2537412,15.88,1083024,3082504,276
fog-k3s-master3,1,2026-06-05 17:14:57 UTC,11433656,14495364,1023964,6.41,129092,3119720,2537412,15.88,1083084,3082504,116
fog-k3s-master3,1,2026-06-05 17:14:58 UTC,11432900,14494624,1024704,6.41,129092,3119736,2537412,15.88,1083212,3082520,156
fog-k3s-master3,1,2026-06-05 17:14:59 UTC,11431388,14493164,1026192,6.42,129096,3119752,2537412,15.88,1086120,3082572,156
fog-k3s-master3,1,2026-06-05 17:15:00 UTC,11431388,14493164,1026180,6.42,129096,3119764,2537412,15.88,1086408,3082572,168
fog-k3s-master3,1,2026-06-05 17:15:01 UTC,11431388,14493196,1026160,6.42,129100,3119780,2537412,15.88,1086504,3082604,180
fog-k3s-master3,1,2026-06-05 17:15:02 UTC,11429652,14491484,1027872,6.43,129104,3119800,2537412,15.88,1086588,3082628,368
fog-k3s-master3,1,2026-06-05 17:15:03 UTC,11429652,14491500,1027852,6.43,129104,3119816,2537412,15.88,1086868,3082644,392
fog-k3s-master3,1,2026-06-05 17:15:04 UTC,11429652,14491524,1027840,6.43,129104,3119836,2537412,15.88,1087004,3082668,400
fog-k3s-master3,1,2026-06-05 17:15:05 UTC,11429404,14491284,1028068,6.43,129108,3119848,2537412,15.88,1086216,3082672,412
fog-k3s-master3,1,2026-06-05 17:15:06 UTC,11430588,14492472,1026860,6.42,129108,3119872,2537412,15.88,1086196,3082676,532
fog-k3s-master3,1,2026-06-05 17:15:07 UTC,11428320,14490220,1029108,6.44,129112,3119888,2540264,15.89,1087316,3082692,548
fog-k3s-master3,1,2026-06-05 17:15:08 UTC,11430632,14492580,1026752,6.42,129112,3119900,2537412,15.88,1085952,3082740,260
fog-k3s-master3,1,2026-06-05 17:15:09 UTC,11430128,14492080,1027236,6.43,129116,3119916,2537412,15.88,1084916,3082744,312
fog-k3s-master3,1,2026-06-05 17:15:10 UTC,11430128,14492112,1027216,6.43,129120,3119932,2537412,15.88,1084932,3082776,324
fog-k3s-master3,1,2026-06-05 17:15:11 UTC,11429876,14491876,1027452,6.43,129120,3119948,2537412,15.88,1084932,3082792,336
fog-k3s-master3,1,2026-06-05 17:15:12 UTC,11429876,14491880,1027436,6.43,129120,3119964,2537412,15.88,1084932,3082796,532
fog-k3s-master3,1,2026-06-05 17:15:13 UTC,11429372,14491404,1027924,6.43,129120,3119976,2537412,15.88,1085416,3082824,348
fog-k3s-master3,1,2026-06-05 17:15:14 UTC,11429124,14491172,1028144,6.43,129120,3120004,2537412,15.88,1085980,3082840,320
fog-k3s-master3,1,2026-06-05 17:15:15 UTC,11429124,14491188,1028128,6.43,129120,3120020,2537412,15.88,1085988,3082856,348
fog-k3s-master3,1,2026-06-05 17:15:16 UTC,11429124,14491212,1028120,6.43,129120,3120032,2537412,15.88,1086052,3082880,528
fog-k3s-master3,1,2026-06-05 17:15:17 UTC,11428900,14491008,1028308,6.43,129120,3120064,2537412,15.88,1086052,3082900,564
fog-k3s-master3,1,2026-06-05 17:15:18 UTC,11428900,14491024,1028292,6.43,129120,3120080,2537412,15.88,1086052,3082916,576
fog-k3s-master3,1,2026-06-05 17:15:19 UTC,11428900,14491028,1028276,6.43,129120,3120096,2537412,15.88,1086052,3082920,560
fog-k3s-master3,1,2026-06-05 17:15:20 UTC,11428900,14491052,1028264,6.43,129120,3120108,2537412,15.88,1086052,3082944,284
fog-k3s-master3,1,2026-06-05 17:15:21 UTC,11428900,14491056,1028248,6.43,129120,3120124,2537412,15.88,1086052,3082948,224
fog-k3s-master3,1,2026-06-05 17:15:22 UTC,11428676,14490836,1028456,6.43,129120,3120140,2537412,15.88,1085380,3082952,76
fog-k3s-master3,1,2026-06-05 17:15:23 UTC,11428424,14490632,1028696,6.44,129120,3120152,2537412,15.88,1085864,3083000,88
fog-k3s-master3,1,2026-06-05 17:15:24 UTC,11428424,14490644,1028684,6.44,129120,3120164,2537412,15.88,1085956,3083012,96
fog-k3s-master3,1,2026-06-05 17:15:25 UTC,11428424,14490648,1028668,6.44,129124,3120176,2537412,15.88,1086020,3083016,108
fog-k3s-master3,1,2026-06-05 17:15:26 UTC,11428424,14490676,1028648,6.44,129124,3120196,2537412,15.88,1086020,3083044,72
fog-k3s-master3,1,2026-06-05 17:15:27 UTC,11428172,14490448,1028876,6.44,129128,3120212,2537412,15.88,1086020,3083064,104
fog-k3s-master3,1,2026-06-05 17:15:28 UTC,11428172,14490448,1028864,6.44,129132,3120220,2537412,15.88,1086020,3083064,120
fog-k3s-master3,1,2026-06-05 17:15:29 UTC,11428172,14490484,1028844,6.44,129132,3120240,2537412,15.88,1086356,3083100,144
fog-k3s-master3,1,2026-06-05 17:15:30 UTC,11428172,14490488,1028824,6.44,129132,3120256,2537412,15.88,1086500,3083104,156
fog-k3s-master3,1,2026-06-05 17:15:31 UTC,11428172,14490492,1028804,6.44,129136,3120272,2537412,15.88,1086500,3083108,344
fog-k3s-master3,1,2026-06-05 17:15:32 UTC,11428280,14490620,1028728,6.44,129144,3120292,2537412,15.88,1086512,3083124,348
fog-k3s-master3,1,2026-06-05 17:15:33 UTC,11428280,14490676,1028708,6.44,129144,3120308,2537412,15.88,1086828,3083180,360
fog-k3s-master3,1,2026-06-05 17:15:34 UTC,11428280,14490676,1028696,6.44,129144,3120320,2537412,15.88,1086852,3083180,368
fog-k3s-master3,1,2026-06-05 17:15:35 UTC,11428280,14490704,1028680,6.44,129144,3120336,2537412,15.88,1085992,3083208,380
fog-k3s-master3,1,2026-06-05 17:15:36 UTC,11428280,14490708,1028700,6.44,129144,3120340,2537412,15.88,1085992,3083212,208
fog-k3s-master3,1,2026-06-05 17:15:37 UTC,11428280,14490736,1028672,6.44,129144,3120368,2537412,15.88,1085752,3083240,228
fog-k3s-master3,1,2026-06-05 17:15:38 UTC,11428280,14490748,1028660,6.44,129144,3120380,2537412,15.88,1085752,3083252,240
fog-k3s-master3,1,2026-06-05 17:15:39 UTC,11428280,14490752,1028644,6.44,129144,3120396,2537412,15.88,1085060,3083256,252
fog-k3s-master3,1,2026-06-05 17:15:40 UTC,11428028,14490528,1028872,6.44,129144,3120420,2537412,15.88,1085060,3083284,280
fog-k3s-master3,1,2026-06-05 17:15:41 UTC,11428028,14490540,1028856,6.44,129144,3120436,2537412,15.88,1085060,3083296,296
fog-k3s-master3,1,2026-06-05 17:15:42 UTC,11428028,14490540,1028840,6.44,129144,3120448,2537412,15.88,1085060,3083296,480
fog-k3s-master3,1,2026-06-05 17:15:43 UTC,11428028,14490580,1028848,6.44,129144,3120464,2537412,15.88,1085448,3083336,316
fog-k3s-master3,1,2026-06-05 17:15:44 UTC,11428028,14490592,1028828,6.44,129144,3120476,2537412,15.88,1086036,3083348,312
fog-k3s-master3,1,2026-06-05 17:15:45 UTC,11428028,14490608,1028804,6.44,129148,3120488,2537412,15.88,1086060,3083364,324
fog-k3s-master3,1,2026-06-05 17:15:46 UTC,11428028,14490624,1028792,6.44,129148,3120504,2537412,15.88,1086120,3083380,524
fog-k3s-master3,1,2026-06-05 17:15:47 UTC,11428028,14490644,1028768,6.44,129152,3120524,2537412,15.88,1086172,3083400,532
fog-k3s-master3,1,2026-06-05 17:15:48 UTC,11427776,14490412,1029004,6.44,129152,3120540,2537412,15.88,1086236,3083420,520
fog-k3s-master3,1,2026-06-05 17:15:49 UTC,11427020,14489656,1029748,6.44,129152,3120552,2537412,15.88,1086236,3083420,532
fog-k3s-master3,1,2026-06-05 17:15:50 UTC,11427020,14489684,1029732,6.44,129152,3120568,2537412,15.88,1086236,3083448,544
fog-k3s-master3,1,2026-06-05 17:15:51 UTC,11427020,14489688,1029716,6.44,129152,3120584,2537412,15.88,1086236,3083452,0
fog-k3s-master3,1,2026-06-05 17:15:52 UTC,11427020,14489688,1029704,6.44,129152,3120596,2537412,15.88,1085716,3083452,32
fog-k3s-master3,1,2026-06-05 17:15:53 UTC,11427020,14489728,1029680,6.44,129160,3120612,2537412,15.88,1085984,3083492,32
fog-k3s-master3,1,2026-06-05 17:15:54 UTC,11427020,14489752,1029664,6.44,129160,3120628,2537412,15.88,1086180,3083516,56
fog-k3s-master3,1,2026-06-05 17:15:55 UTC,11427020,14489772,1029644,6.44,129160,3120644,2537412,15.88,1086220,3083532,68
fog-k3s-master3,1,2026-06-05 17:15:56 UTC,11427020,14489776,1029628,6.44,129160,3120660,2537412,15.88,1086220,3083536,248
fog-k3s-master3,1,2026-06-05 17:15:57 UTC,11427020,14489800,1029616,6.44,129160,3120672,2537412,15.88,1086220,3083560,88
fog-k3s-master3,1,2026-06-05 17:15:58 UTC,11427020,14489816,1029600,6.44,129160,3120688,2537412,15.88,1086220,3083576,112
fog-k3s-master3,1,2026-06-05 17:15:59 UTC,11427020,14489820,1029584,6.44,129160,3120704,2537412,15.88,1086608,3083580,100
fog-k3s-master3,1,2026-06-05 17:16:00 UTC,11427020,14489844,1029572,6.44,129160,3120716,2537412,15.88,1086692,3083604,112
fog-k3s-master3,1,2026-06-05 17:16:01 UTC,11427020,14489860,1029556,6.44,129160,3120732,2537412,15.88,1086744,3083620,16
fog-k3s-master3,1,2026-06-05 17:16:02 UTC,11427020,14489864,1029540,6.44,129160,3120748,2537412,15.88,1086748,3083624,232
fog-k3s-master3,1,2026-06-05 17:16:03 UTC,11427020,14489892,1029520,6.44,129164,3120764,2537412,15.88,1087052,3083652,240
fog-k3s-master3,1,2026-06-05 17:16:04 UTC,11427020,14489908,1029512,6.44,129164,3120776,2537412,15.88,1087124,3083668,252
fog-k3s-master3,1,2026-06-05 17:16:05 UTC,11427020,14489912,1029492,6.44,129168,3120792,2537412,15.88,1086240,3083672,264
fog-k3s-master3,1,2026-06-05 17:16:06 UTC,11430384,14493280,1026100,6.42,129168,3120820,2537412,15.88,1086644,3083676,232
fog-k3s-master3,1,2026-06-05 17:16:07 UTC,11430384,14493320,1026024,6.42,129168,3120832,2537412,15.88,1086404,3083716,32
fog-k3s-master3,1,2026-06-05 17:16:08 UTC,11430384,14493324,1026000,6.42,129172,3120848,2537412,15.88,1086448,3083720,96
fog-k3s-master3,1,2026-06-05 17:16:09 UTC,11430132,14493076,1026236,6.42,129172,3120864,2537412,15.88,1085628,3083724,108
fog-k3s-master3,1,2026-06-05 17:16:10 UTC,11427932,14490944,1028472,6.43,129180,3120884,2537412,15.88,1088644,3083792,128
fog-k3s-master3,1,2026-06-05 17:16:11 UTC,11427432,14490456,1028948,6.44,129188,3120900,2537412,15.88,1088644,3083804,296
fog-k3s-master3,1,2026-06-05 17:16:12 UTC,11427432,14490460,1028944,6.44,129192,3120900,2537412,15.88,1088644,3083808,296
fog-k3s-master3,1,2026-06-05 17:16:13 UTC,11426928,14489996,1029420,6.44,129192,3120928,2537412,15.88,1088996,3083848,204
fog-k3s-master3,1,2026-06-05 17:16:14 UTC,11426928,14490012,1029388,6.44,129192,3120952,2537412,15.88,1089588,3083864,240
fog-k3s-master3,1,2026-06-05 17:16:15 UTC,11426452,14489552,1029848,6.44,129192,3120968,2537412,15.88,1089636,3083880,252
fog-k3s-master3,1,2026-06-05 17:16:16 UTC,11426452,14489564,1029836,6.44,129192,3120980,2537412,15.88,1089708,3083892,28
fog-k3s-master3,1,2026-06-05 17:16:17 UTC,11426228,14489372,1030024,6.44,129192,3121016,2537412,15.88,1089756,3083924,84
fog-k3s-master3,1,2026-06-05 17:16:18 UTC,11426228,14489400,1030012,6.44,129192,3121032,2537412,15.88,1089768,3083952,96
fog-k3s-master3,1,2026-06-05 17:16:19 UTC,11425976,14489148,1030252,6.45,129192,3121044,2537412,15.88,1089768,3083952,40
fog-k3s-master3,1,2026-06-05 17:16:20 UTC,11425976,14489176,1030236,6.45,129192,3121060,2537412,15.88,1089768,3083980,76
fog-k3s-master3,1,2026-06-05 17:16:21 UTC,11425976,14489196,1030212,6.45,129196,3121076,2537412,15.88,1089768,3083996,92
fog-k3s-master3,1,2026-06-05 17:16:22 UTC,11425976,14489212,1030200,6.45,129196,3121088,2537412,15.88,1089056,3084012,28
fog-k3s-master3,1,2026-06-05 17:16:23 UTC,11425976,14489216,1030188,6.45,129196,3121100,2537412,15.88,1089496,3084016,60
fog-k3s-master3,1,2026-06-05 17:16:24 UTC,11423716,14486980,1032432,6.46,129196,3121116,2537412,15.88,1092460,3084040,80
fog-k3s-master3,1,2026-06-05 17:16:25 UTC,11423240,14486516,1032852,6.46,129196,3121140,2537412,15.88,1092868,3084052,44
fog-k3s-master3,1,2026-06-05 17:16:26 UTC,11422988,14486292,1033088,6.46,129196,3121156,2537412,15.88,1093656,3084080,240
fog-k3s-master3,1,2026-06-05 17:16:27 UTC,11422232,14485540,1033828,6.47,129196,3121172,2537412,15.88,1095000,3084084,216
fog-k3s-master3,1,2026-06-05 17:16:28 UTC,11422232,14485560,1033824,6.47,129196,3121184,2537412,15.88,1095144,3084104,232
fog-k3s-master3,1,2026-06-05 17:16:29 UTC,11422232,14485572,1033812,6.47,129204,3121188,2537412,15.88,1095684,3084116,232
fog-k3s-master3,1,2026-06-05 17:16:30 UTC,11421980,14485336,1034040,6.47,129204,3121212,2537412,15.88,1095932,3084132,256
fog-k3s-master3,1,2026-06-05 17:16:31 UTC,11421980,14485368,1034020,6.47,129208,3121228,2537412,15.88,1095956,3084164,260
fog-k3s-master3,1,2026-06-05 17:16:32 UTC,11420468,14483888,1035496,6.48,129216,3121252,2537412,15.88,1096080,3084196,188
fog-k3s-master3,1,2026-06-05 17:16:33 UTC,11419976,14483420,1035964,6.48,129224,3121268,2537412,15.88,1096328,3084220,204
fog-k3s-master3,1,2026-06-05 17:16:34 UTC,11419976,14483420,1035956,6.48,129224,3121280,2537412,15.88,1096440,3084220,216
fog-k3s-master3,1,2026-06-05 17:16:35 UTC,11420852,14484324,1035060,6.48,129228,3121296,2537412,15.88,1095832,3084248,236
fog-k3s-master3,1,2026-06-05 17:16:36 UTC,11420852,14484344,1035040,6.48,129232,3121312,2537412,15.88,1095524,3084268,440
fog-k3s-master3,1,2026-06-05 17:16:37 UTC,11420352,14483844,1035560,6.48,129232,3121324,2537412,15.88,1095312,3084268,60
fog-k3s-master3,1,2026-06-05 17:16:38 UTC,11420352,14483880,1035540,6.48,129236,3121340,2537412,15.88,1095316,3084304,96
fog-k3s-master3,1,2026-06-05 17:16:39 UTC,11419596,14483128,1036268,6.48,129236,3121368,2537412,15.88,1094600,3084308,124
fog-k3s-master3,1,2026-06-05 17:16:40 UTC,11419596,14483156,1036252,6.48,129236,3121384,2537412,15.88,1094608,3084336,124
fog-k3s-master3,1,2026-06-05 17:16:41 UTC,11419596,14483160,1036236,6.48,129236,3121400,2537412,15.88,1094632,3084340,136
fog-k3s-master3,1,2026-06-05 17:16:42 UTC,11419596,14483172,1036224,6.48,129236,3121412,2537412,15.88,1094668,3084352,192
fog-k3s-master3,1,2026-06-05 17:16:43 UTC,11419596,14483220,1036200,6.48,129244,3121424,2537412,15.88,1094988,3084396,244
fog-k3s-master3,1,2026-06-05 17:16:44 UTC,11419596,14483240,1036176,6.48,129248,3121440,2537412,15.88,1095684,3084416,256
fog-k3s-master3,1,2026-06-05 17:16:45 UTC,11419596,14483252,1036156,6.48,129256,3121452,2537412,15.88,1095792,3084428,256
fog-k3s-master3,1,2026-06-05 17:16:46 UTC,11419596,14483264,1036132,6.48,129256,3121476,2537412,15.88,1095792,3084440,268
fog-k3s-master3,1,2026-06-05 17:16:47 UTC,11419596,14483320,1036092,6.48,129264,3121508,2537412,15.88,1095852,3084496,180
fog-k3s-master3,1,2026-06-05 17:16:48 UTC,11419596,14483332,1036080,6.48,129264,3121520,2537412,15.88,1095852,3084508,196
fog-k3s-master3,1,2026-06-05 17:16:49 UTC,11419596,14483340,1036060,6.48,129268,3121536,2537412,15.88,1095852,3084516,176
fog-k3s-master3,1,2026-06-05 17:16:50 UTC,11419596,14483340,1036048,6.48,129268,3121548,2537412,15.88,1095852,3084516,188
fog-k3s-master3,1,2026-06-05 17:16:51 UTC,11419596,14483344,1036024,6.48,129276,3121564,2537412,15.88,1095852,3084520,200
fog-k3s-master3,1,2026-06-05 17:16:52 UTC,11419596,14483408,1036000,6.48,129280,3121580,2537412,15.88,1095128,3084584,28
fog-k3s-master3,1,2026-06-05 17:16:53 UTC,11419372,14483220,1036192,6.48,129288,3121604,2537412,15.88,1095308,3084620,60
fog-k3s-master3,1,2026-06-05 17:16:54 UTC,11419120,14482984,1036428,6.48,129292,3121616,2537412,15.88,1095596,3084636,28
fog-k3s-master3,1,2026-06-05 17:16:55 UTC,11418140,14482012,1037380,6.49,129300,3121636,2540264,15.89,1097032,3084644,52
fog-k3s-master3,1,2026-06-05 17:16:56 UTC,11415736,14479612,1039764,6.51,129304,3121652,2537412,15.88,1095764,3084648,376
fog-k3s-master3,1,2026-06-05 17:16:57 UTC,11415736,14479664,1039744,6.51,129308,3121668,2537412,15.88,1095708,3084700,444
fog-k3s-master3,1,2026-06-05 17:16:58 UTC,11415736,14479664,1039732,6.51,129308,3121680,2537412,15.88,1095708,3084700,396
fog-k3s-master3,1,2026-06-05 17:16:59 UTC,11414728,14478688,1040712,6.51,129320,3121696,2537412,15.88,1096028,3084732,428
fog-k3s-master3,1,2026-06-05 17:17:00 UTC,11414728,14478712,1040700,6.51,129320,3121708,2537412,15.88,1096120,3084756,380
fog-k3s-master3,1,2026-06-05 17:17:01 UTC,11414228,14478228,1041180,6.51,129324,3121724,2537412,15.88,1096120,3084772,240
fog-k3s-master3,1,2026-06-05 17:17:02 UTC,11413724,14477732,1041664,6.52,129328,3121740,2537412,15.88,1096120,3084780,364
fog-k3s-master3,1,2026-06-05 17:17:03 UTC,11413472,14477516,1041872,6.52,129340,3121764,2537412,15.88,1096364,3084812,348
fog-k3s-master3,1,2026-06-05 17:17:04 UTC,11413472,14477516,1041860,6.52,129340,3121776,2537412,15.88,1096492,3084812,360
fog-k3s-master3,1,2026-06-05 17:17:05 UTC,11413472,14477544,1041840,6.52,129344,3121792,2537412,15.88,1095584,3084840,372
fog-k3s-master3,1,2026-06-05 17:17:06 UTC,11414484,14478592,1040816,6.51,129344,3121804,2537412,15.88,1095584,3084876,344
fog-k3s-master3,1,2026-06-05 17:17:07 UTC,11414260,14478380,1041016,6.51,129344,3121828,2537412,15.88,1095344,3084888,116
fog-k3s-master3,1,2026-06-05 17:17:08 UTC,11414008,14478132,1041248,6.51,129348,3121844,2537412,15.88,1095344,3084892,64
fog-k3s-master3,1,2026-06-05 17:17:09 UTC,11413760,14477920,1041484,6.52,129348,3121856,2537412,15.88,1094808,3084928,80
fog-k3s-master3,1,2026-06-05 17:17:10 UTC,11413760,14477944,1041464,6.52,129348,3121876,2537412,15.88,1094808,3084952,92
fog-k3s-master3,1,2026-06-05 17:17:11 UTC,11413760,14477956,1041452,6.52,129348,3121888,2537412,15.88,1094816,3084964,108
fog-k3s-master3,1,2026-06-05 17:17:12 UTC,11413256,14477468,1041940,6.52,129348,3121904,2537412,15.88,1094816,3084980,56
fog-k3s-master3,1,2026-06-05 17:17:13 UTC,11413256,14477484,1041924,6.52,129348,3121920,2537412,15.88,1094968,3084996,32
fog-k3s-master3,1,2026-06-05 17:17:14 UTC,11413004,14477248,1042152,6.52,129348,3121944,2537412,15.88,1095852,3085012,64
fog-k3s-master3,1,2026-06-05 17:17:15 UTC,11413004,14477268,1042140,6.52,129348,3121956,2537412,15.88,1095884,3085032,76
fog-k3s-master3,1,2026-06-05 17:17:16 UTC,11413004,14477288,1042120,6.52,129348,3121972,2537412,15.88,1095884,3085048,88
fog-k3s-master3,1,2026-06-05 17:17:17 UTC,11413004,14477288,1042096,6.52,129348,3121996,2537412,15.88,1095884,3085048,292
fog-k3s-master3,1,2026-06-05 17:17:18 UTC,11413004,14477332,1042080,6.52,129348,3122016,2537412,15.88,1095884,3085092,196
fog-k3s-master3,1,2026-06-05 17:17:19 UTC,11413004,14477336,1042068,6.52,129348,3122032,2537412,15.88,1095884,3085096,224
fog-k3s-master3,1,2026-06-05 17:17:20 UTC,11413004,14477348,1042056,6.52,129348,3122044,2537412,15.88,1095884,3085108,212
fog-k3s-master3,1,2026-06-05 17:17:21 UTC,11412504,14476876,1042540,6.52,129348,3122060,2537412,15.88,1096240,3085136,64
fog-k3s-master3,1,2026-06-05 17:17:22 UTC,11412504,14476884,1042532,6.52,129348,3122068,2537412,15.88,1095692,3085144,76
fog-k3s-master3,1,2026-06-05 17:17:23 UTC,11412252,14476648,1042768,6.52,129348,3122084,2537412,15.88,1096044,3085160,48
fog-k3s-master3,1,2026-06-05 17:17:24 UTC,11412000,14476412,1043000,6.53,129348,3122100,2537412,15.88,1096240,3085176,20
fog-k3s-master3,1,2026-06-05 17:17:25 UTC,11415124,14479556,1039852,6.51,129352,3122120,2537412,15.88,1096352,3085196,44
fog-k3s-master3,1,2026-06-05 17:17:26 UTC,11415124,14479556,1039840,6.51,129352,3122132,2537412,15.88,1096352,3085196,56
fog-k3s-master3,1,2026-06-05 17:17:27 UTC,11414624,14479060,1040320,6.51,129356,3122148,2537412,15.88,1096352,3085200,248
fog-k3s-master3,1,2026-06-05 17:17:28 UTC,11413644,14478120,1041292,6.52,129356,3122160,2537412,15.88,1096360,3085240,24
fog-k3s-master3,1,2026-06-05 17:17:29 UTC,11414436,14478932,1040480,6.51,129356,3122176,2537412,15.88,1096796,3085260,56
fog-k3s-master3,1,2026-06-05 17:17:30 UTC,11414436,14478932,1040468,6.51,129356,3122188,2537412,15.88,1096856,3085260,40
fog-k3s-master3,1,2026-06-05 17:17:31 UTC,11413932,14478464,1040948,6.51,129356,3122212,2537412,15.88,1096856,3085296,228
fog-k3s-master3,1,2026-06-05 17:17:32 UTC,11413932,14478488,1040924,6.51,129360,3122232,2537412,15.88,1096860,3085320,252
fog-k3s-master3,1,2026-06-05 17:17:33 UTC,11413932,14478504,1040908,6.51,129360,3122248,2537412,15.88,1096996,3085336,264
fog-k3s-master3,1,2026-06-05 17:17:34 UTC,11413932,14478516,1040892,6.51,129360,3122264,2537412,15.88,1097464,3085348,232
fog-k3s-master3,1,2026-06-05 17:17:35 UTC,11413680,14478284,1041128,6.51,129360,3122280,2537412,15.88,1096516,3085368,244
fog-k3s-master3,1,2026-06-05 17:17:36 UTC,11413680,14478296,1041116,6.51,129360,3122292,2537412,15.88,1096536,3085380,228
fog-k3s-master3,1,2026-06-05 17:17:37 UTC,11413680,14478312,1041100,6.51,129360,3122308,2537412,15.88,1096336,3085396,76
fog-k3s-master3,1,2026-06-05 17:17:38 UTC,11413680,14478316,1041080,6.51,129364,3122324,2537412,15.88,1096352,3085400,88
fog-k3s-master3,1,2026-06-05 17:17:39 UTC,11413176,14477840,1041560,6.52,129364,3122348,2537412,15.88,1095384,3085428,56
fog-k3s-master3,1,2026-06-05 17:17:40 UTC,11412952,14477644,1041760,6.52,129364,3122364,2537412,15.88,1095388,3085456,88
fog-k3s-master3,1,2026-06-05 17:17:41 UTC,11412700,14477412,1041992,6.52,129364,3122380,2537412,15.88,1095400,3085472,280
fog-k3s-master3,1,2026-06-05 17:17:42 UTC,11412700,14477428,1041976,6.52,129368,3122392,2537412,15.88,1095400,3085488,68
fog-k3s-master3,1,2026-06-05 17:17:43 UTC,11412700,14477444,1041960,6.52,129368,3122408,2537412,15.88,1095464,3085504,80
fog-k3s-master3,1,2026-06-05 17:17:44 UTC,11412700,14477444,1041948,6.52,129368,3122420,2537412,15.88,1096456,3085504,56
fog-k3s-master3,1,2026-06-05 17:17:45 UTC,11411440,14476224,1043160,6.53,129372,3122448,2537412,15.88,1096576,3085544,72
fog-k3s-master3,1,2026-06-05 17:17:46 UTC,11411440,14476260,1043128,6.53,129376,3122476,2537412,15.88,1096580,3085580,80
fog-k3s-master3,1,2026-06-05 17:17:47 UTC,11411440,14476284,1043104,6.53,129380,3122496,2537412,15.88,1096584,3085604,276
fog-k3s-master3,1,2026-06-05 17:17:48 UTC,11411440,14476320,1043064,6.53,129388,3122528,2537412,15.88,1096600,3085640,240
fog-k3s-master3,1,2026-06-05 17:17:49 UTC,11411440,14476324,1043052,6.53,129388,3122540,2537412,15.88,1096600,3085644,176
fog-k3s-master3,1,2026-06-05 17:17:50 UTC,11411440,14476340,1043036,6.53,129388,3122556,2537412,15.88,1096612,3085660,220
fog-k3s-master3,1,2026-06-05 17:17:51 UTC,11411440,14476368,1043016,6.53,129392,3122572,2537412,15.88,1096612,3085688,248
fog-k3s-master3,1,2026-06-05 17:17:52 UTC,11411440,14476384,1042972,6.53,129392,3122584,2537412,15.88,1096092,3085704,72
fog-k3s-master3,1,2026-06-05 17:17:53 UTC,11411188,14476156,1043200,6.53,129396,3122600,2537412,15.88,1096128,3085724,96
fog-k3s-master3,1,2026-06-05 17:17:54 UTC,11411188,14476172,1043180,6.53,129396,3122616,2537412,15.88,1096388,3085740,44
fog-k3s-master3,1,2026-06-05 17:17:55 UTC,11411188,14476188,1043164,6.53,129396,3122632,2537412,15.88,1096452,3085756,20
fog-k3s-master3,1,2026-06-05 17:17:56 UTC,11411188,14476204,1043148,6.53,129396,3122648,2537412,15.88,1096504,3085772,216
fog-k3s-master3,1,2026-06-05 17:17:57 UTC,11411188,14476216,1043136,6.53,129396,3122660,2537412,15.88,1096512,3085784,224
fog-k3s-master3,1,2026-06-05 17:17:58 UTC,11411188,14476232,1043120,6.53,129396,3122676,2537412,15.88,1096520,3085800,248
fog-k3s-master3,1,2026-06-05 17:17:59 UTC,11411188,14476236,1043100,6.53,129408,3122684,2537412,15.88,1097024,3085804,212
fog-k3s-master3,1,2026-06-05 17:18:00 UTC,11411188,14476272,1043080,6.53,129412,3122700,2537412,15.88,1097052,3085840,228
fog-k3s-master3,1,2026-06-05 17:18:01 UTC,11411188,14476288,1043052,6.53,129412,3122724,2537412,15.88,1097224,3085852,52
fog-k3s-master3,1,2026-06-05 17:18:02 UTC,11411188,14476292,1043036,6.53,129412,3122740,2537412,15.88,1097260,3085856,40
fog-k3s-master3,1,2026-06-05 17:18:03 UTC,11411188,14476336,1043012,6.53,129416,3122760,2537412,15.88,1097380,3085900,76
fog-k3s-master3,1,2026-06-05 17:18:04 UTC,11411188,14476336,1043000,6.53,129416,3122772,2537412,15.88,1097640,3085900,28
fog-k3s-master3,1,2026-06-05 17:18:05 UTC,11411188,14476368,1042984,6.53,129416,3122788,2537412,15.88,1096764,3085932,60
fog-k3s-master3,1,2026-06-05 17:18:06 UTC,11411968,14477152,1042216,6.52,129416,3122808,2537412,15.88,1097060,3085936,84
fog-k3s-master3,1,2026-06-05 17:18:07 UTC,11411496,14476712,1042640,6.52,129416,3122824,2537412,15.88,1097132,3085968,52
fog-k3s-master3,1,2026-06-05 17:18:08 UTC,11411496,14476716,1042616,6.52,129420,3122840,2537412,15.88,1096900,3085972,84
fog-k3s-master3,1,2026-06-05 17:18:09 UTC,11411496,14476728,1042588,6.52,129424,3122864,2537412,15.88,1096084,3085984,48
fog-k3s-master3,1,2026-06-05 17:18:10 UTC,11411244,14476484,1042816,6.52,129424,3122880,2537412,15.88,1096092,3085988,64
fog-k3s-master3,1,2026-06-05 17:18:11 UTC,11410992,14476280,1043020,6.53,129424,3122896,2537412,15.88,1096092,3086036,68
fog-k3s-master3,1,2026-06-05 17:18:12 UTC,11410992,14476280,1043008,6.53,129424,3122908,2537412,15.88,1096092,3086036,256
fog-k3s-master3,1,2026-06-05 17:18:13 UTC,11410992,14476320,1042992,6.53,129424,3122924,2537412,15.88,1096396,3086076,232
fog-k3s-master3,1,2026-06-05 17:18:14 UTC,11410752,14476096,1043188,6.53,129424,3122952,2537412,15.88,1097204,3086092,212
fog-k3s-master3,1,2026-06-05 17:18:15 UTC,11410752,14476120,1043176,6.53,129424,3122964,2537412,15.88,1097244,3086116,228
fog-k3s-master3,1,2026-06-05 17:18:16 UTC,11410752,14476124,1043160,6.53,129424,3122980,2537412,15.88,1097248,3086120,64
fog-k3s-master3,1,2026-06-05 17:18:17 UTC,11410752,14476156,1043128,6.53,129428,3123008,2537412,15.88,1097252,3086152,100
fog-k3s-master3,1,2026-06-05 17:18:18 UTC,11410752,14476164,1043108,6.53,129428,3123028,2537412,15.88,1097268,3086160,124
fog-k3s-master3,1,2026-06-05 17:18:19 UTC,11410752,14476192,1043092,6.53,129428,3123044,2537412,15.88,1097268,3086188,64
fog-k3s-master3,1,2026-06-05 17:18:20 UTC,11410752,14476196,1043076,6.53,129428,3123060,2537412,15.88,1097268,3086192,48
fog-k3s-master3,1,2026-06-05 17:18:21 UTC,11415492,14480964,1038320,6.50,129432,3123072,2537412,15.88,1097256,3086220,352
fog-k3s-master3,1,2026-06-05 17:18:22 UTC,11415152,14480632,1038648,6.50,129432,3123084,2537412,15.88,1096728,3086228,96
fog-k3s-master3,1,2026-06-05 17:18:23 UTC,11415152,14480664,1038632,6.50,129432,3123100,2537412,15.88,1096784,3086260,140
fog-k3s-master3,1,2026-06-05 17:18:24 UTC,11408652,14474164,1045120,6.54,129432,3123112,2537412,15.88,1102068,3086260,164
fog-k3s-master3,1,2026-06-05 17:18:25 UTC,11408148,14473692,1045604,6.54,129432,3123132,2537412,15.88,1102236,3086292,52
fog-k3s-master3,1,2026-06-05 17:18:26 UTC,11408148,14473700,1045584,6.54,129432,3123148,2537412,15.88,1102236,3086296,244
fog-k3s-master3,1,2026-06-05 17:18:27 UTC,11408148,14473724,1045572,6.54,129432,3123160,2537412,15.88,1102268,3086320,60
fog-k3s-master3,1,2026-06-05 17:18:28 UTC,11407896,14473476,1045804,6.54,129432,3123176,2537412,15.88,1102272,3086324,88
fog-k3s-master3,1,2026-06-05 17:18:29 UTC,11407644,14473252,1046044,6.54,129432,3123192,2537412,15.88,1102616,3086352,36
fog-k3s-master3,1,2026-06-05 17:18:30 UTC,11407644,14473252,1046028,6.54,129436,3123204,2537412,15.88,1102704,3086352,68
fog-k3s-master3,1,2026-06-05 17:18:31 UTC,11407644,14473256,1046004,6.54,129436,3123220,2537412,15.88,1102760,3086356,32
fog-k3s-master3,1,2026-06-05 17:18:32 UTC,11407392,14473008,1046244,6.55,129436,3123232,2537412,15.88,1102768,3086360,248
fog-k3s-master3,1,2026-06-05 17:18:33 UTC,11407140,14472800,1046472,6.55,129436,3123252,2537412,15.88,1102948,3086404,260
fog-k3s-master3,1,2026-06-05 17:18:34 UTC,11407140,14472820,1046456,6.55,129436,3123268,2537412,15.88,1103116,3086424,272
fog-k3s-master3,1,2026-06-05 17:18:35 UTC,11407140,14472820,1046436,6.55,129440,3123276,2537412,15.88,1102364,3086424,208
fog-k3s-master3,1,2026-06-05 17:18:36 UTC,11407140,14472848,1046416,6.55,129440,3123296,2537412,15.88,1102252,3086452,240
fog-k3s-master3,1,2026-06-05 17:18:37 UTC,11407140,14472872,1046364,6.55,129440,3123308,2537412,15.88,1102016,3086476,28
fog-k3s-master3,1,2026-06-05 17:18:38 UTC,11407140,14472880,1046344,6.55,129440,3123324,2537412,15.88,1102016,3086480,40
fog-k3s-master3,1,2026-06-05 17:18:39 UTC,11407140,14472884,1046328,6.55,129440,3123340,2537412,15.88,1101596,3086484,64
fog-k3s-master3,1,2026-06-05 17:18:40 UTC,11407140,14472936,1046292,6.55,129448,3123368,2537412,15.88,1101600,3086536,44
fog-k3s-master3,1,2026-06-05 17:18:41 UTC,11407140,14472936,1046284,6.55,129448,3123376,2537412,15.88,1101600,3086536,60
fog-k3s-master3,1,2026-06-05 17:18:42 UTC,11407140,14472940,1046268,6.55,129448,3123392,2537412,15.88,1101600,3086540,244
fog-k3s-master3,1,2026-06-05 17:18:43 UTC,11407140,14472948,1046256,6.55,129448,3123404,2537412,15.88,1101780,3086548,256
fog-k3s-master3,1,2026-06-05 17:18:44 UTC,11407140,14472996,1046236,6.55,129448,3123420,2537412,15.88,1102580,3086596,224
fog-k3s-master3,1,2026-06-05 17:18:45 UTC,11407140,14473012,1046216,6.55,129452,3123436,2537412,15.88,1102624,3086612,204
fog-k3s-master3,1,2026-06-05 17:18:46 UTC,11407140,14473016,1046204,6.55,129452,3123448,2537412,15.88,1102624,3086616,32
fog-k3s-master3,1,2026-06-05 17:18:47 UTC,11407140,14473032,1046176,6.55,129456,3123472,2537412,15.88,1102632,3086632,72
fog-k3s-master3,1,2026-06-05 17:18:48 UTC,11407140,14473032,1046164,6.55,129456,3123484,2537412,15.88,1102660,3086632,84
fog-k3s-master3,1,2026-06-05 17:18:49 UTC,11407140,14473036,1046148,6.55,129456,3123500,2537412,15.88,1102660,3086636,96
fog-k3s-master3,1,2026-06-05 17:18:50 UTC,11407140,14473096,1046136,6.55,129456,3123512,2537412,15.88,1102660,3086696,44
fog-k3s-master3,1,2026-06-05 17:18:51 UTC,11407140,14473128,1046088,6.55,129528,3123484,2537412,15.88,1102660,3086728,240
fog-k3s-master3,1,2026-06-05 17:18:52 UTC,11406888,14472912,1046272,6.55,129528,3123552,2537412,15.88,1102128,3086764,80
fog-k3s-master3,1,2026-06-05 17:18:53 UTC,11406888,14472912,1046260,6.55,129532,3123560,2537412,15.88,1102320,3086764,92
fog-k3s-master3,1,2026-06-05 17:18:54 UTC,11406636,14472736,1046492,6.55,129532,3123580,2537412,15.88,1102668,3086840,104
fog-k3s-master3,1,2026-06-05 17:18:55 UTC,11405488,14471596,1047616,6.55,129536,3123600,2537412,15.88,1102856,3086848,60
fog-k3s-master3,1,2026-06-05 17:18:56 UTC,11405488,14471596,1047616,6.55,129536,3123600,2537412,15.88,1102932,3086848,184
fog-k3s-master3,1,2026-06-05 17:18:57 UTC,11405488,14471636,1047588,6.55,129536,3123628,2537412,15.88,1102988,3086888,232
fog-k3s-master3,1,2026-06-05 17:18:58 UTC,11405488,14471652,1047576,6.55,129540,3123636,2537412,15.88,1102988,3086904,244
fog-k3s-master3,1,2026-06-05 17:18:59 UTC,11405488,14471676,1047552,6.55,129540,3123660,2537412,15.88,1103432,3086928,260
fog-k3s-master3,1,2026-06-05 17:19:00 UTC,11405488,14471676,1047540,6.55,129540,3123672,2537412,15.88,1103432,3086928,272
fog-k3s-master3,1,2026-06-05 17:19:01 UTC,11405488,14471700,1047528,6.55,129540,3123684,2537412,15.88,1103436,3086952,36
fog-k3s-master3,1,2026-06-05 17:19:02 UTC,11405488,14471704,1047512,6.55,129544,3123696,2537412,15.88,1103436,3086956,32
fog-k3s-master3,1,2026-06-05 17:19:03 UTC,11405488,14471736,1047492,6.55,129544,3123716,2537412,15.88,1103860,3086988,60
fog-k3s-master3,1,2026-06-05 17:19:04 UTC,11405488,14471736,1047488,6.55,129544,3123728,2537412,15.88,1103864,3086988,72
fog-k3s-master3,1,2026-06-05 17:19:05 UTC,11405488,14471768,1047468,6.55,129544,3123748,2537412,15.88,1102984,3087020,84
fog-k3s-master3,1,2026-06-05 17:19:06 UTC,11405012,14471292,1047932,6.56,129544,3123760,2537412,15.88,1102984,3087020,36
fog-k3s-master3,1,2026-06-05 17:19:07 UTC,11406416,14472732,1046496,6.55,129544,3123784,2537412,15.88,1102832,3087056,20
fog-k3s-master3,1,2026-06-05 17:19:08 UTC,11406416,14472736,1046480,6.55,129544,3123800,2537412,15.88,1102512,3087060,56
fog-k3s-master3,1,2026-06-05 17:19:09 UTC,11406164,14472496,1046720,6.55,129544,3123812,2537412,15.88,1101452,3087072,68
fog-k3s-master3,1,2026-06-05 17:19:10 UTC,11406164,14472532,1046696,6.55,129544,3123832,2537412,15.88,1101452,3087104,92
fog-k3s-master3,1,2026-06-05 17:19:11 UTC,11406164,14472544,1046684,6.55,129544,3123844,2537412,15.88,1101452,3087116,56
fog-k3s-master3,1,2026-06-05 17:19:12 UTC,11406164,14472548,1046668,6.55,129544,3123860,2537412,15.88,1101456,3087120,240
fog-k3s-master3,1,2026-06-05 17:19:13 UTC,11405912,14472324,1046904,6.55,129544,3123876,2537412,15.88,1101696,3087148,260
fog-k3s-master3,1,2026-06-05 17:19:14 UTC,11405912,14472336,1046892,6.55,129544,3123888,2537412,15.88,1102052,3087160,272
fog-k3s-master3,1,2026-06-05 17:19:15 UTC,11405912,14472364,1046864,6.55,129544,3123916,2537412,15.88,1102540,3087188,252
fog-k3s-master3,1,2026-06-05 17:19:16 UTC,11405912,14472364,1046848,6.55,129544,3123928,2537412,15.88,1102540,3087188,212
fog-k3s-master3,1,2026-06-05 17:19:17 UTC,11405912,14472396,1046816,6.55,129548,3123956,2537412,15.88,1102564,3087220,52
fog-k3s-master3,1,2026-06-05 17:19:18 UTC,11405912,14472428,1046796,6.55,129548,3123976,2537412,15.88,1102568,3087252,96
fog-k3s-master3,1,2026-06-05 17:19:19 UTC,11405912,14472444,1046788,6.55,129548,3123992,2537412,15.88,1102568,3087268,84
fog-k3s-master3,1,2026-06-05 17:19:20 UTC,11405912,14472448,1046776,6.55,129548,3124004,2537412,15.88,1102568,3087272,92
fog-k3s-master3,1,2026-06-05 17:19:21 UTC,11405912,14472472,1046760,6.55,129548,3124020,2537412,15.88,1102568,3087296,4
fog-k3s-master3,1,2026-06-05 17:19:22 UTC,11405912,14472472,1046748,6.55,129548,3124032,2537412,15.88,1102048,3087296,56
fog-k3s-master3,1,2026-06-05 17:19:23 UTC,11408040,14474636,1044592,6.54,129548,3124056,2537412,15.88,1101836,3087332,68
fog-k3s-master3,1,2026-06-05 17:19:24 UTC,11408032,14474632,1044584,6.54,129548,3124072,2537412,15.88,1102436,3087336,84
fog-k3s-master3,1,2026-06-05 17:19:25 UTC,11408032,14474660,1044568,6.54,129548,3124088,2537412,15.88,1102448,3087364,96
fog-k3s-master3,1,2026-06-05 17:19:26 UTC,11408032,14474664,1044552,6.54,129548,3124104,2537412,15.88,1102448,3087368,44
fog-k3s-master3,1,2026-06-05 17:19:27 UTC,11408032,14474668,1044536,6.54,129548,3124120,2537412,15.88,1102452,3087372,192
fog-k3s-master3,1,2026-06-05 17:19:28 UTC,11408032,14474668,1044528,6.54,129548,3124132,2537412,15.88,1102452,3087372,244
fog-k3s-master3,1,2026-06-05 17:19:29 UTC,11407528,14474216,1045020,6.54,129548,3124148,2537412,15.88,1102904,3087424,256
fog-k3s-master3,1,2026-06-05 17:19:30 UTC,11407528,14474228,1045008,6.54,129548,3124160,2537412,15.88,1102908,3087436,268
fog-k3s-master3,1,2026-06-05 17:19:31 UTC,11407528,14474244,1044992,6.54,129548,3124176,2537412,15.88,1102908,3087452,220
fog-k3s-master3,1,2026-06-05 17:19:32 UTC,11407024,14473748,1045476,6.54,129548,3124196,2537412,15.88,1103208,3087460,64
fog-k3s-master3,1,2026-06-05 17:19:33 UTC,11407024,14473776,1045460,6.54,129548,3124212,2537412,15.88,1102952,3087488,32
fog-k3s-master3,1,2026-06-05 17:19:34 UTC,11407024,14473792,1045448,6.54,129548,3124224,2537412,15.88,1103324,3087500,56
fog-k3s-master3,1,2026-06-05 17:19:35 UTC,11407024,14473808,1045432,6.54,129548,3124240,2537412,15.88,1102684,3087516,68
fog-k3s-master3,1,2026-06-05 17:19:36 UTC,11407024,14473824,1045416,6.54,129548,3124256,2537412,15.88,1102292,3087532,188
fog-k3s-master3,1,2026-06-05 17:19:37 UTC,11407024,14473828,1045396,6.54,129548,3124272,2537412,15.88,1102060,3087536,232
fog-k3s-master3,1,2026-06-05 17:19:38 UTC,11407024,14473852,1045416,6.54,129548,3124284,2537412,15.88,1102064,3087560,72
fog-k3s-master3,1,2026-06-05 17:19:39 UTC,11407024,14473868,1045400,6.54,129548,3124300,2537412,15.88,1101376,3087576,56
fog-k3s-master3,1,2026-06-05 17:19:40 UTC,11407024,14473892,1045400,6.54,129548,3124324,2537412,15.88,1101380,3087600,80
fog-k3s-master3,1,2026-06-05 17:19:41 UTC,11407024,14473908,1045380,6.54,129552,3124340,2537412,15.88,1101380,3087616,268
fog-k3s-master3,1,2026-06-05 17:19:42 UTC,11407024,14473912,1045360,6.54,129556,3124356,2537412,15.88,1101380,3087620,252
fog-k3s-master3,1,2026-06-05 17:19:43 UTC,11407024,14473936,1045348,6.54,129556,3124368,2537412,15.88,1101380,3087644,264
fog-k3s-master3,1,2026-06-05 17:19:44 UTC,11406520,14473456,1045828,6.54,129556,3124384,2537412,15.88,1102612,3087668,260
fog-k3s-master3,1,2026-06-05 17:19:45 UTC,11406520,14473456,1045812,6.54,129556,3124396,2537412,15.88,1102680,3087668,228
fog-k3s-master3,1,2026-06-05 17:19:46 UTC,11406520,14473464,1045792,6.54,129556,3124412,2537412,15.88,1102736,3087672,208
fog-k3s-master3,1,2026-06-05 17:19:47 UTC,11406520,14473504,1045804,6.54,129556,3124428,2537412,15.88,1102736,3087712,60
fog-k3s-master3,1,2026-06-05 17:19:48 UTC,11406520,14473508,1045788,6.54,129556,3124444,2537412,15.88,1102736,3087716,72
fog-k3s-master3,1,2026-06-05 17:19:49 UTC,11406520,14473536,1045772,6.54,129556,3124460,2537412,15.88,1102740,3087744,84
fog-k3s-master3,1,2026-06-05 17:19:50 UTC,11406520,14473536,1045760,6.54,129556,3124472,2537412,15.88,1102740,3087744,96
fog-k3s-master3,1,2026-06-05 17:19:51 UTC,11406520,14473544,1045740,6.54,129556,3124492,2537412,15.88,1102740,3087752,260
fog-k3s-master3,1,2026-06-05 17:19:52 UTC,11406520,14473544,1045740,6.54,129556,3124492,2537412,15.88,1102112,3087752,260
fog-k3s-master3,1,2026-06-05 17:19:53 UTC,11406520,14473592,1045716,6.54,129556,3124516,2537412,15.88,1102112,3087800,52
fog-k3s-master3,1,2026-06-05 17:19:54 UTC,11406020,14473104,1046204,6.55,129556,3124528,2537412,15.88,1102496,3087812,64
fog-k3s-master3,1,2026-06-05 17:19:55 UTC,11408064,14475168,1044136,6.53,129560,3124548,2537412,15.88,1102668,3087832,96
fog-k3s-master3,1,2026-06-05 17:19:56 UTC,11408064,14475180,1044116,6.53,129560,3124568,2537412,15.88,1102700,3087844,108
fog-k3s-master3,1,2026-06-05 17:19:57 UTC,11407812,14474928,1044356,6.53,129560,3124580,2537412,15.88,1102700,3087844,208
fog-k3s-master3,1,2026-06-05 17:19:58 UTC,11406832,14473988,1045320,6.54,129560,3124596,2540264,15.89,1103756,3087884,224
fog-k3s-master3,1,2026-06-05 17:19:59 UTC,11409172,14476348,1042960,6.53,129560,3124616,2540620,15.90,1104540,3087904,360
fog-k3s-master3,1,2026-06-05 17:20:00 UTC,11412200,14479380,1039920,6.51,129560,3124624,2537412,15.88,1103228,3087904,416
fog-k3s-master3,1,2026-06-05 17:20:01 UTC,11412200,14479384,1039904,6.51,129564,3124636,2537412,15.88,1103332,3087908,448
fog-k3s-master3,1,2026-06-05 17:20:02 UTC,11412200,14479392,1039884,6.51,129568,3124652,2537412,15.88,1103344,3087916,88
fog-k3s-master3,1,2026-06-05 17:20:03 UTC,11410972,14478172,1041092,6.51,129572,3124668,2537412,15.88,1103456,3087924,60
fog-k3s-master3,1,2026-06-05 17:20:04 UTC,11410972,14478236,1041076,6.51,129576,3124684,2537412,15.88,1103860,3087988,56
fog-k3s-master3,1,2026-06-05 17:20:05 UTC,11410972,14478252,1041060,6.51,129576,3124700,2537412,15.88,1103172,3088004,68
fog-k3s-master3,1,2026-06-05 17:20:06 UTC,11412236,14479520,1039768,6.51,129580,3124724,2537412,15.88,1102924,3088008,96
fog-k3s-master3,1,2026-06-05 17:20:07 UTC,11411788,14479104,1040200,6.51,129580,3124740,2537412,15.88,1102952,3088040,224
fog-k3s-master3,1,2026-06-05 17:20:08 UTC,11411788,14479124,1040188,6.51,129580,3124752,2537412,15.88,1102696,3088060,264
fog-k3s-master3,1,2026-06-05 17:20:09 UTC,11411788,14479140,1040172,6.51,129580,3124768,2537412,15.88,1102004,3088076,224
fog-k3s-master3,1,2026-06-05 17:20:10 UTC,11411788,14479156,1040156,6.51,129580,3124784,2537412,15.88,1102004,3088092,248
fog-k3s-master3,1,2026-06-05 17:20:11 UTC,11411788,14479172,1040140,6.51,129580,3124800,2537412,15.88,1102004,3088108,268
fog-k3s-master3,1,2026-06-05 17:20:12 UTC,11411788,14479188,1040120,6.51,129584,3124816,2537412,15.88,1102056,3088124,60
fog-k3s-master3,1,2026-06-05 17:20:13 UTC,11411788,14479200,1040104,6.51,129584,3124828,2537412,15.88,1102084,3088136,76
fog-k3s-master3,1,2026-06-05 17:20:14 UTC,11411284,14478716,1040572,6.51,129584,3124852,2537412,15.88,1103200,3088156,52
fog-k3s-master3,1,2026-06-05 17:20:15 UTC,11411284,14478716,1040560,6.51,129584,3124864,2537412,15.88,1103208,3088156,64
fog-k3s-master3,1,2026-06-05 17:20:16 UTC,11411284,14478752,1040544,6.51,129584,3124880,2537412,15.88,1103348,3088192,96
fog-k3s-master3,1,2026-06-05 17:20:17 UTC,11411060,14478548,1040756,6.51,129592,3124912,2537412,15.88,1103348,3088212,72
fog-k3s-master3,1,2026-06-05 17:20:18 UTC,11411060,14478560,1040740,6.51,129592,3124928,2537412,15.88,1103416,3088224,88
fog-k3s-master3,1,2026-06-05 17:20:19 UTC,11411060,14478560,1040732,6.51,129596,3124936,2537412,15.88,1103416,3088224,72
fog-k3s-master3,1,2026-06-05 17:20:20 UTC,11411060,14478608,1040716,6.51,129596,3124952,2537412,15.88,1103416,3088272,84
fog-k3s-master3,1,2026-06-05 17:20:21 UTC,11410808,14478368,1040948,6.51,129596,3124972,2537412,15.88,1103424,3088284,248
fog-k3s-master3,1,2026-06-05 17:20:22 UTC,11410336,14477900,1041404,6.52,129600,3124984,2537412,15.88,1102856,3088288,192
fog-k3s-master3,1,2026-06-05 17:20:23 UTC,11410084,14477692,1041636,6.52,129600,3125004,2537412,15.88,1102856,3088332,240
fog-k3s-master3,1,2026-06-05 17:20:24 UTC,11408320,14475940,1043384,6.53,129600,3125016,2537412,15.88,1103448,3088344,392
fog-k3s-master3,1,2026-06-05 17:20:25 UTC,11408320,14475948,1043364,6.53,129600,3125032,2537412,15.88,1103516,3088348,408
fog-k3s-master3,1,2026-06-05 17:20:26 UTC,11408320,14475952,1043348,6.53,129600,3125048,2537412,15.88,1102996,3088352,44
fog-k3s-master3,1,2026-06-05 17:20:27 UTC,11408320,14475952,1043336,6.53,129600,3125060,2537412,15.88,1102980,3088352,68
fog-k3s-master3,1,2026-06-05 17:20:28 UTC,11408320,14475992,1043316,6.53,129600,3125080,2537412,15.88,1102988,3088392,76
fog-k3s-master3,1,2026-06-05 17:20:29 UTC,11408320,14476024,1043300,6.53,129600,3125096,2537412,15.88,1103520,3088424,88
fog-k3s-master3,1,2026-06-05 17:20:30 UTC,11408320,14476028,1043284,6.53,129600,3125112,2537412,15.88,1103568,3088428,96
fog-k3s-master3,1,2026-06-05 17:20:31 UTC,11408320,14476032,1043268,6.53,129600,3125128,2537412,15.88,1103568,3088432,108
fog-k3s-master3,1,2026-06-05 17:20:32 UTC,11408320,14476040,1043248,6.53,129600,3125148,2537412,15.88,1103860,3088440,76
fog-k3s-master3,1,2026-06-05 17:20:33 UTC,11408320,14476092,1043204,6.53,129600,3125164,2537412,15.88,1103608,3088492,56
fog-k3s-master3,1,2026-06-05 17:20:34 UTC,11408320,14476108,1043188,6.53,129600,3125180,2537412,15.88,1103828,3088508,68
fog-k3s-master3,1,2026-06-05 17:20:35 UTC,11408320,14476120,1043176,6.53,129600,3125192,2537412,15.88,1103040,3088520,80
fog-k3s-master3,1,2026-06-05 17:20:36 UTC,11408320,14476136,1043160,6.53,129600,3125208,2537412,15.88,1103040,3088536,92
fog-k3s-master3,1,2026-06-05 17:20:37 UTC,11408320,14476152,1043144,6.53,129600,3125224,2537412,15.88,1102812,3088552,220
fog-k3s-master3,1,2026-06-05 17:20:38 UTC,11408320,14476152,1043132,6.53,129600,3125236,2537412,15.88,1102812,3088552,196
fog-k3s-master3,1,2026-06-05 17:20:39 UTC,11408068,14475924,1043360,6.53,129600,3125260,2537412,15.88,1102112,3088576,248
fog-k3s-master3,1,2026-06-05 17:20:40 UTC,11408068,14475956,1043344,6.53,129600,3125280,2537412,15.88,1102112,3088608,264
fog-k3s-master3,1,2026-06-05 17:20:41 UTC,11408068,14475956,1043332,6.53,129600,3125292,2537412,15.88,1102112,3088608,280
fog-k3s-master3,1,2026-06-05 17:20:42 UTC,11408068,14475960,1043316,6.53,129600,3125308,2537412,15.88,1102112,3088612,132
fog-k3s-master3,1,2026-06-05 17:20:43 UTC,11408068,14475960,1043300,6.53,129604,3125320,2537412,15.88,1102112,3088612,76
fog-k3s-master3,1,2026-06-05 17:20:44 UTC,11408068,14476016,1043264,6.53,129604,3125336,2537412,15.88,1102952,3088668,20
fog-k3s-master3,1,2026-06-05 17:20:45 UTC,11407816,14475768,1043504,6.53,129604,3125352,2537412,15.88,1103024,3088672,56
fog-k3s-master3,1,2026-06-05 17:20:46 UTC,11407816,14475796,1043504,6.53,129608,3125364,2537412,15.88,1103100,3088700,240
fog-k3s-master3,1,2026-06-05 17:20:47 UTC,11407816,14475796,1043488,6.53,129608,3125380,2537412,15.88,1103100,3088700,92
fog-k3s-master3,1,2026-06-05 17:20:48 UTC,11407564,14475580,1043720,6.53,129608,3125400,2537412,15.88,1103104,3088736,40
fog-k3s-master3,1,2026-06-05 17:20:49 UTC,11407312,14475332,1043956,6.53,129608,3125416,2537412,15.88,1103104,3088740,64
fog-k3s-master3,1,2026-06-05 17:20:50 UTC,11407312,14475360,1043940,6.53,129608,3125432,2537412,15.88,1103104,3088768,28
fog-k3s-master3,1,2026-06-05 17:20:51 UTC,11407312,14475360,1043940,6.53,129608,3125432,2537412,15.88,1103104,3088768,208
fog-k3s-master3,1,2026-06-05 17:20:52 UTC,11407312,14475380,1043908,6.53,129608,3125460,2537412,15.88,1102392,3088784,252
fog-k3s-master3,1,2026-06-05 17:20:53 UTC,11407312,14475384,1043904,6.53,129608,3125464,2537412,15.88,1102400,3088788,208
fog-k3s-master3,1,2026-06-05 17:20:54 UTC,11407312,14475420,1043880,6.53,129608,3125488,2537412,15.88,1102904,3088824,236
fog-k3s-master3,1,2026-06-05 17:20:55 UTC,11407312,14475440,1043860,6.53,129612,3125504,2537412,15.88,1102984,3088844,252
fog-k3s-master3,1,2026-06-05 17:20:56 UTC,11407312,14475448,1043836,6.53,129612,3125524,2537412,15.88,1103036,3088852,88
fog-k3s-master3,1,2026-06-05 17:20:57 UTC,11408416,14476552,1042720,6.52,129612,3125536,2537412,15.88,1103096,3088852,52
fog-k3s-master3,1,2026-06-05 17:20:58 UTC,11408416,14476556,1042724,6.52,129612,3125540,2537412,15.88,1103128,3088856,8
fog-k3s-master3,1,2026-06-05 17:20:59 UTC,11408164,14476348,1042956,6.53,129612,3125560,2537412,15.88,1103580,3088900,32
fog-k3s-master3,1,2026-06-05 17:21:00 UTC,11408164,14476364,1042940,6.53,129612,3125576,2537412,15.88,1103760,3088916,60
fog-k3s-master3,1,2026-06-05 17:21:01 UTC,11408164,14476376,1042928,6.53,129612,3125588,2537412,15.88,1103800,3088928,76
fog-k3s-master3,1,2026-06-05 17:21:02 UTC,11408164,14476404,1042900,6.53,129616,3125612,2537412,15.88,1103832,3088956,92
fog-k3s-master3,1,2026-06-05 17:21:03 UTC,11408164,14476404,1042888,6.53,129616,3125624,2537412,15.88,1103836,3088956,104
fog-k3s-master3,1,2026-06-05 17:21:04 UTC,11407912,14476180,1043124,6.53,129616,3125640,2537412,15.88,1104184,3088984,48
fog-k3s-master3,1,2026-06-05 17:21:05 UTC,11407412,14475692,1043608,6.53,129616,3125652,2537412,15.88,1103488,3088996,60
fog-k3s-master3,1,2026-06-05 17:21:06 UTC,11408944,14477228,1042052,6.52,129616,3125676,2537412,15.88,1103356,3089000,256
fog-k3s-master3,1,2026-06-05 17:21:07 UTC,11407740,14476052,1043240,6.53,129616,3125692,2537412,15.88,1103124,3089028,276
fog-k3s-master3,1,2026-06-05 17:21:08 UTC,11407740,14476076,1043224,6.53,129616,3125708,2537412,15.88,1103164,3089052,292
fog-k3s-master3,1,2026-06-05 17:21:09 UTC,11407740,14476088,1043212,6.53,129616,3125720,2537412,15.88,1102312,3089064,260
fog-k3s-master3,1,2026-06-05 17:21:10 UTC,11407492,14475860,1043440,6.53,129616,3125740,2537412,15.88,1102312,3089084,284
fog-k3s-master3,1,2026-06-05 17:21:11 UTC,11407244,14475612,1043676,6.53,129616,3125752,2537412,15.88,1102312,3089084,296
fog-k3s-master3,1,2026-06-05 17:21:12 UTC,11407244,14475616,1043624,6.53,129620,3125768,2537412,15.88,1102312,3089088,152
fog-k3s-master3,1,2026-06-05 17:21:13 UTC,11407244,14475648,1043608,6.53,129620,3125784,2537412,15.88,1102312,3089120,164
fog-k3s-master3,1,2026-06-05 17:21:14 UTC,11407244,14475680,1043564,6.53,129620,3125812,2537412,15.88,1103184,3089152,192
fog-k3s-master3,1,2026-06-05 17:21:15 UTC,11407244,14475688,1043552,6.53,129620,3125824,2537412,15.88,1103344,3089160,168
fog-k3s-master3,1,2026-06-05 17:21:16 UTC,11407244,14475696,1043544,6.53,129624,3125828,2537412,15.88,1103048,3089168,352
fog-k3s-master3,1,2026-06-05 17:21:17 UTC,11407244,14475736,1043504,6.53,129624,3125868,2537412,15.88,1103056,3089208,212
fog-k3s-master3,1,2026-06-05 17:21:18 UTC,11407244,14475756,1043480,6.53,129624,3125880,2537412,15.88,1103056,3089224,236
fog-k3s-master3,1,2026-06-05 17:21:19 UTC,11407244,14475760,1043476,6.53,129624,3125896,2537412,15.88,1103056,3089228,220
fog-k3s-master3,1,2026-06-05 17:21:20 UTC,11406992,14475516,1043708,6.53,129624,3125912,2537412,15.88,1103104,3089232,240
fog-k3s-master3,1,2026-06-05 17:21:21 UTC,11406992,14475548,1043696,6.53,129624,3125924,2537412,15.88,1103104,3089264,216
fog-k3s-master3,1,2026-06-05 17:21:22 UTC,11406992,14475552,1043676,6.53,129628,3125940,2537412,15.88,1102584,3089268,428
fog-k3s-master3,1,2026-06-05 17:21:23 UTC,11408176,14476740,1042480,6.52,129628,3125952,2537412,15.88,1102516,3089272,528
fog-k3s-master3,1,2026-06-05 17:21:24 UTC,11406668,14475288,1043968,6.53,129628,3125972,2537412,15.88,1102960,3089328,548
fog-k3s-master3,1,2026-06-05 17:21:25 UTC,11409868,14478500,1040760,6.51,129628,3125984,2537412,15.88,1103012,3089340,560
fog-k3s-master3,1,2026-06-05 17:21:26 UTC,11409616,14478252,1040996,6.51,129628,3126000,2537412,15.88,1103012,3089344,584
fog-k3s-master3,1,2026-06-05 17:21:27 UTC,11409616,14478256,1040980,6.51,129628,3126016,2537412,15.88,1103044,3089348,300
fog-k3s-master3,1,2026-06-05 17:21:28 UTC,11409364,14478008,1041212,6.51,129632,3126032,2537412,15.88,1103044,3089352,324
fog-k3s-master3,1,2026-06-05 17:21:29 UTC,11409364,14478012,1041200,6.51,129632,3126044,2537412,15.88,1103504,3089356,336
fog-k3s-master3,1,2026-06-05 17:21:30 UTC,11409364,14478076,1041180,6.51,129632,3126060,2537412,15.88,1103552,3089420,348
fog-k3s-master3,1,2026-06-05 17:21:31 UTC,11409112,14477840,1041404,6.52,129636,3126084,2537412,15.88,1103556,3089436,364
fog-k3s-master3,1,2026-06-05 17:21:32 UTC,11406620,14475392,1043864,6.53,129644,3126104,2537412,15.88,1103560,3089476,516
fog-k3s-master3,1,2026-06-05 17:21:33 UTC,11406368,14475144,1044096,6.53,129648,3126120,2537412,15.88,1103560,3089480,500
fog-k3s-master3,1,2026-06-05 17:21:34 UTC,11406368,14475176,1044080,6.53,129648,3126136,2537412,15.88,1103872,3089512,152
fog-k3s-master3,1,2026-06-05 17:21:35 UTC,11406368,14475188,1044068,6.53,129648,3126148,2537412,15.88,1103240,3089524,168
fog-k3s-master3,1,2026-06-05 17:21:36 UTC,11406368,14475192,1044020,6.53,129648,3126164,2537412,15.88,1103024,3089528,0
fog-k3s-master3,1,2026-06-05 17:21:37 UTC,11406368,14475192,1044008,6.53,129648,3126176,2537412,15.88,1102848,3089528,68
fog-k3s-master3,1,2026-06-05 17:21:38 UTC,11406116,14474972,1044248,6.53,129648,3126188,2537412,15.88,1102848,3089560,88
fog-k3s-master3,1,2026-06-05 17:21:39 UTC,11406116,14474972,1044236,6.53,129648,3126200,2537412,15.88,1102192,3089560,76
fog-k3s-master3,1,2026-06-05 17:21:40 UTC,11406116,14475008,1044208,6.53,129652,3126228,2537412,15.88,1102192,3089596,100
fog-k3s-master3,1,2026-06-05 17:21:41 UTC,11406116,14475016,1044188,6.53,129656,3126244,2537412,15.88,1102192,3089604,116
fog-k3s-master3,1,2026-06-05 17:21:42 UTC,11408300,14477244,1041984,6.52,129660,3126260,2537412,15.88,1102188,3089648,296
fog-k3s-master3,1,2026-06-05 17:21:43 UTC,11408476,14477436,1041792,6.52,129660,3126272,2537412,15.88,1102192,3089660,324
fog-k3s-master3,1,2026-06-05 17:21:44 UTC,11407724,14476700,1042528,6.52,129660,3126288,2537412,15.88,1103000,3089676,344
fog-k3s-master3,1,2026-06-05 17:21:45 UTC,11407220,14476212,1043016,6.53,129660,3126304,2537412,15.88,1103128,3089692,332
fog-k3s-master3,1,2026-06-05 17:21:46 UTC,11407220,14476236,1042984,6.53,129664,3126328,2537412,15.88,1103148,3089716,344
fog-k3s-master3,1,2026-06-05 17:21:47 UTC,11407220,14476248,1042980,6.53,129664,3126340,2537412,15.88,1103148,3089728,464
fog-k3s-master3,1,2026-06-05 17:21:48 UTC,11407220,14476268,1042960,6.53,129664,3126360,2537412,15.88,1103148,3089748,208
fog-k3s-master3,1,2026-06-05 17:21:49 UTC,11407220,14476272,1042940,6.53,129668,3126376,2537412,15.88,1103148,3089752,220
fog-k3s-master3,1,2026-06-05 17:21:50 UTC,11407220,14476312,1042920,6.53,129672,3126392,2537412,15.88,1103148,3089792,192
fog-k3s-master3,1,2026-06-05 17:21:51 UTC,11407220,14476312,1042908,6.53,129672,3126404,2537412,15.88,1103148,3089792,380
fog-k3s-master3,1,2026-06-05 17:21:52 UTC,11407220,14476340,1042892,6.53,129672,3126420,2537412,15.88,1102628,3089820,416
fog-k3s-master3,1,2026-06-05 17:21:53 UTC,11407220,14476356,1042876,6.53,129672,3126436,2537412,15.88,1102528,3089836,428
fog-k3s-master3,1,2026-06-05 17:21:54 UTC,11407220,14476372,1042864,6.52,129672,3126452,2537412,15.88,1102864,3089852,440
fog-k3s-master3,1,2026-06-05 17:21:55 UTC,11406968,14476124,1043096,6.53,129676,3126464,2537412,15.88,1102840,3089856,452
fog-k3s-master3,1,2026-06-05 17:21:56 UTC,11406968,14476152,1043080,6.53,129676,3126480,2537412,15.88,1102848,3089884,472
fog-k3s-master3,1,2026-06-05 17:21:57 UTC,11406716,14475916,1043312,6.53,129680,3126496,2537412,15.88,1102848,3089900,276
fog-k3s-master3,1,2026-06-05 17:21:58 UTC,11406716,14475932,1043300,6.53,129680,3126508,2537412,15.88,1102848,3089916,300
fog-k3s-master3,1,2026-06-05 17:21:59 UTC,11406716,14475944,1043284,6.53,129680,3126520,2537412,15.88,1103304,3089928,312
fog-k3s-master3,1,2026-06-05 17:22:00 UTC,11406716,14475960,1043268,6.53,129680,3126536,2537412,15.88,1103412,3089944,324
fog-k3s-master3,1,2026-06-05 17:22:01 UTC,11406716,14475960,1043252,6.53,129684,3126548,2537412,15.88,1103416,3089944,344
fog-k3s-master3,1,2026-06-05 17:22:02 UTC,11406716,14475992,1043268,6.53,129684,3126564,2537412,15.88,1103420,3089976,364
fog-k3s-master3,1,2026-06-05 17:22:03 UTC,11406716,14476008,1043252,6.53,129684,3126580,2537412,15.88,1094920,3089992,360
fog-k3s-master3,1,2026-06-05 17:22:04 UTC,11406464,14475776,1043484,6.53,129684,3126600,2537412,15.88,1095280,3090012,372
fog-k3s-master3,1,2026-06-05 17:22:05 UTC,11406464,14475788,1043480,6.53,129684,3126612,2537412,15.88,1094692,3090024,16
fog-k3s-master3,1,2026-06-05 17:22:06 UTC,11406464,14475792,1043448,6.53,129692,3126636,2537412,15.88,1094500,3090028,232
fog-k3s-master3,1,2026-06-05 17:22:07 UTC,11405792,14475144,1044108,6.53,129692,3126648,2537412,15.88,1094500,3090052,240
fog-k3s-master3,1,2026-06-05 17:22:08 UTC,11405792,14475152,1044088,6.53,129692,3126664,2537412,15.88,1094312,3090056,268
fog-k3s-master3,1,2026-06-05 17:22:09 UTC,11405792,14475196,1044072,6.53,129696,3126676,2537412,15.88,1093428,3090100,248
fog-k3s-master3,1,2026-06-05 17:22:10 UTC,11405792,14475220,1044048,6.53,129700,3126696,2537412,15.88,1093428,3090124,260
fog-k3s-master3,1,2026-06-05 17:22:11 UTC,11405792,14475236,1044028,6.53,129704,3126712,2537412,15.88,1093436,3090140,264
fog-k3s-master3,1,2026-06-05 17:22:12 UTC,11405792,14475244,1044012,6.53,129704,3126728,2537412,15.88,1093436,3090148,128
fog-k3s-master3,1,2026-06-05 17:22:13 UTC,11405792,14475244,1044008,6.53,129704,3126740,2537412,15.88,1093436,3090148,140
fog-k3s-master3,1,2026-06-05 17:22:14 UTC,11405300,14474804,1044444,6.53,129708,3126768,2537412,15.88,1094252,3090192,168
fog-k3s-master3,1,2026-06-05 17:22:15 UTC,11405052,14474568,1044680,6.54,129708,3126780,2537412,15.88,1094348,3090204,144
fog-k3s-master3,1,2026-06-05 17:22:16 UTC,11405052,14474584,1044664,6.54,129708,3126796,2537412,15.88,1094348,3090220,168
fog-k3s-master3,1,2026-06-05 17:22:17 UTC,11405052,14474592,1044644,6.54,129720,3126812,2537412,15.88,1093928,3090228,188
fog-k3s-master3,1,2026-06-05 17:22:18 UTC,11405052,14474652,1044616,6.54,129720,3126840,2537412,15.88,1093932,3090288,212
fog-k3s-master3,1,2026-06-05 17:22:19 UTC,11405052,14474656,1044600,6.54,129720,3126856,2537412,15.88,1093932,3090292,224
fog-k3s-master3,1,2026-06-05 17:22:20 UTC,11404800,14474436,1044828,6.54,129724,3126872,2537412,15.88,1093936,3090324,180
fog-k3s-master3,1,2026-06-05 17:22:21 UTC,11401020,14470668,1048596,6.56,129724,3126884,2537412,15.88,1102788,3090336,328
fog-k3s-master3,1,2026-06-05 17:22:22 UTC,11401020,14470672,1048580,6.56,129724,3126900,2537412,15.88,1102080,3090340,476
fog-k3s-master3,1,2026-06-05 17:22:23 UTC,11400768,14470424,1048812,6.56,129728,3126916,2537412,15.88,1102084,3090344,488
fog-k3s-master3,1,2026-06-05 17:22:24 UTC,11400768,14470472,1048792,6.56,129732,3126932,2537412,15.88,1096868,3090392,500
fog-k3s-master3,1,2026-06-05 17:22:25 UTC,11400768,14470488,1048772,6.56,129736,3126948,2537412,15.88,1096908,3090408,512
fog-k3s-master3,1,2026-06-05 17:22:26 UTC,11400768,14470512,1048784,6.56,129740,3126964,2537412,15.88,1096908,3090432,520
fog-k3s-master3,1,2026-06-05 17:22:27 UTC,11400768,14470524,1048772,6.56,129740,3126976,2537412,15.88,1096908,3090444,440
fog-k3s-master3,1,2026-06-05 17:22:28 UTC,11400264,14470024,1049260,6.56,129740,3126992,2537412,15.88,1096912,3090448,480
fog-k3s-master3,1,2026-06-05 17:22:29 UTC,11400264,14470052,1049256,6.56,129744,3127004,2537412,15.88,1097288,3090476,492
fog-k3s-master3,1,2026-06-05 17:22:30 UTC,11400264,14470068,1049232,6.56,129748,3127024,2537412,15.88,1097444,3090492,504
fog-k3s-master3,1,2026-06-05 17:22:31 UTC,11400264,14470076,1049208,6.56,129752,3127044,2537412,15.88,1097444,3090500,516
fog-k3s-master3,1,2026-06-05 17:22:32 UTC,11400012,14469872,1049436,6.57,129752,3127064,2537412,15.88,1097484,3090544,356
fog-k3s-master3,1,2026-06-05 17:22:33 UTC,11400012,14469888,1049416,6.57,129756,3127080,2537412,15.88,1097484,3090560,368
fog-k3s-master3,1,2026-06-05 17:22:34 UTC,11400012,14469908,1049396,6.57,129760,3127096,2537412,15.88,1097772,3090580,360
fog-k3s-master3,1,2026-06-05 17:22:35 UTC,11400012,14469924,1049380,6.57,129760,3127108,2537412,15.88,1097040,3090596,112
fog-k3s-master3,1,2026-06-05 17:22:36 UTC,11400012,14469928,1049360,6.57,129760,3127124,2537412,15.88,1097040,3090600,48
fog-k3s-master3,1,2026-06-05 17:22:37 UTC,11400012,14469928,1049348,6.57,129760,3127132,2537412,15.88,1097040,3090600,228
fog-k3s-master3,1,2026-06-05 17:22:38 UTC,11400012,14469964,1049328,6.57,129764,3127148,2537412,15.88,1096812,3090636,252
fog-k3s-master3,1,2026-06-05 17:22:39 UTC,11400012,14469980,1049304,6.57,129768,3127172,2537412,15.88,1096032,3090652,280
fog-k3s-master3,1,2026-06-05 17:22:40 UTC,11399760,14469764,1049532,6.57,129772,3127192,2537412,15.88,1096032,3090688,268
fog-k3s-master3,1,2026-06-05 17:22:41 UTC,11399760,14469780,1049508,6.57,129776,3127212,2537412,15.88,1096032,3090704,284
fog-k3s-master3,1,2026-06-05 17:22:42 UTC,11401664,14471696,1047584,6.55,129780,3127228,2537412,15.88,1096032,3090716,120
fog-k3s-master3,1,2026-06-05 17:22:43 UTC,11401664,14471724,1047572,6.55,129780,3127240,2537412,15.88,1096032,3090744,132
fog-k3s-master3,1,2026-06-05 17:22:44 UTC,11401160,14471244,1048044,6.56,129780,3127256,2537412,15.88,1096968,3090764,152
fog-k3s-master3,1,2026-06-05 17:22:45 UTC,11401160,14471256,1048032,6.56,129780,3127268,2537412,15.88,1097072,3090776,164
fog-k3s-master3,1,2026-06-05 17:22:46 UTC,11400660,14470784,1048504,6.56,129784,3127296,2537412,15.88,1097076,3090804,148
fog-k3s-master3,1,2026-06-05 17:22:47 UTC,11400156,14470280,1048992,6.56,129788,3127308,2537412,15.88,1097088,3090804,172
fog-k3s-master3,1,2026-06-05 17:22:48 UTC,11400156,14470320,1048964,6.56,129788,3127332,2537412,15.88,1097128,3090844,184
fog-k3s-master3,1,2026-06-05 17:22:49 UTC,11400156,14470332,1048952,6.56,129788,3127344,2537412,15.88,1097128,3090856,196
fog-k3s-master3,1,2026-06-05 17:22:50 UTC,11400156,14470340,1048944,6.56,129788,3127360,2537412,15.88,1097128,3090864,208
fog-k3s-master3,1,2026-06-05 17:22:51 UTC,11399904,14470092,1049176,6.56,129792,3127376,2537412,15.88,1097128,3090868,208
fog-k3s-master3,1,2026-06-05 17:22:52 UTC,11399904,14470136,1049156,6.56,129796,3127392,2537412,15.88,1096528,3090912,404
fog-k3s-master3,1,2026-06-05 17:22:53 UTC,11399904,14470148,1049144,6.56,129796,3127404,2537412,15.88,1096528,3090924,416
fog-k3s-master3,1,2026-06-05 17:22:54 UTC,11399904,14470164,1049124,6.56,129800,3127420,2537412,15.88,1096764,3090940,428
fog-k3s-master3,1,2026-06-05 17:22:55 UTC,11399652,14469924,1049364,6.57,129804,3127428,2537412,15.88,1096976,3090952,440
fog-k3s-master3,1,2026-06-05 17:22:56 UTC,11399428,14469736,1049560,6.57,129808,3127452,2537412,15.88,1096976,3090988,232
fog-k3s-master3,1,2026-06-05 17:22:57 UTC,11399428,14469876,1049428,6.57,129812,3127592,2537412,15.88,1096940,3091000,292
fog-k3s-master3,1,2026-06-05 17:22:58 UTC,11399428,14469880,1049416,6.57,129812,3127604,2537412,15.88,1096940,3091004,304
fog-k3s-master3,1,2026-06-05 17:22:59 UTC,11399428,14469884,1049392,6.57,129820,3127620,2537412,15.88,1097472,3091008,316
fog-k3s-master3,1,2026-06-05 17:23:00 UTC,11399428,14469936,1049372,6.57,129824,3127636,2537412,15.88,1097472,3091060,328
fog-k3s-master3,1,2026-06-05 17:23:01 UTC,11399428,14469948,1049356,6.57,129824,3127648,2537412,15.88,1097472,3091072,340
fog-k3s-master3,1,2026-06-05 17:23:02 UTC,11399428,14469992,1049328,6.57,129844,3127688,2537412,15.88,1097572,3091116,328
fog-k3s-master3,1,2026-06-05 17:23:03 UTC,11399428,14470020,1049288,6.57,129856,3127716,2537412,15.88,1097572,3091144,344
fog-k3s-master3,1,2026-06-05 17:23:04 UTC,11399428,14470040,1049268,6.57,129856,3127736,2537412,15.88,1097812,3091164,356
fog-k3s-master3,1,2026-06-05 17:23:05 UTC,11399428,14470080,1049252,6.56,129856,3127748,2537412,15.88,1097040,3091204,368
fog-k3s-master3,1,2026-06-05 17:23:06 UTC,11402328,14473000,1046332,6.55,129860,3127764,2537412,15.88,1097092,3091224,200
fog-k3s-master3,1,2026-06-05 17:23:07 UTC,11402080,14472764,1046532,6.55,129860,3127784,2537412,15.88,1096860,3091232,204
fog-k3s-master3,1,2026-06-05 17:23:08 UTC,11401828,14472516,1046772,6.55,129860,3127800,2537412,15.88,1096904,3091236,248
fog-k3s-master3,1,2026-06-05 17:23:09 UTC,11401324,14472040,1047264,6.55,129860,3127812,2537412,15.88,1096100,3091264,260
fog-k3s-master3,1,2026-06-05 17:23:10 UTC,11401324,14472052,1047244,6.55,129868,3127828,2537412,15.88,1096100,3091276,260
fog-k3s-master3,1,2026-06-05 17:23:11 UTC,11401324,14472060,1047224,6.55,129868,3127848,2537412,15.88,1096100,3091284,280
fog-k3s-master3,1,2026-06-05 17:23:12 UTC,11401324,14472060,1047212,6.55,129872,3127856,2537412,15.88,1096100,3091284,116
fog-k3s-master3,1,2026-06-05 17:23:13 UTC,11401324,14472124,1047180,6.55,129880,3127876,2537412,15.88,1096100,3091348,100
fog-k3s-master3,1,2026-06-05 17:23:14 UTC,11401072,14471912,1047384,6.55,129884,3127912,2537412,15.88,1096624,3091388,124
fog-k3s-master3,1,2026-06-05 17:23:15 UTC,11400820,14471672,1047612,6.55,129884,3127928,2537412,15.88,1097008,3091400,140
fog-k3s-master3,1,2026-06-05 17:23:16 UTC,11400568,14471424,1047844,6.56,129888,3127944,2537412,15.88,1097116,3091404,324
fog-k3s-master3,1,2026-06-05 17:23:17 UTC,11400568,14471424,1047820,6.56,129888,3127968,2537412,15.88,1097116,3091404,352
fog-k3s-master3,1,2026-06-05 17:23:18 UTC,11399868,14470820,1048476,6.56,129904,3127992,2537412,15.88,1097156,3091496,376
fog-k3s-master3,1,2026-06-05 17:23:19 UTC,11399616,14470580,1048720,6.56,129904,3128004,2537412,15.88,1097156,3091508,332
fog-k3s-master3,1,2026-06-05 17:23:20 UTC,11399616,14470584,1048704,6.56,129904,3128020,2537412,15.88,1097156,3091512,368
fog-k3s-master3,1,2026-06-05 17:23:21 UTC,11399616,14470584,1048704,6.56,129904,3128032,2537412,15.88,1097156,3091512,380
fog-k3s-master3,1,2026-06-05 17:23:22 UTC,11399616,14470612,1048688,6.56,129904,3128048,2537412,15.88,1096480,3091540,232
fog-k3s-master3,1,2026-06-05 17:23:23 UTC,11399392,14470392,1048896,6.56,129904,3128064,2537412,15.88,1096480,3091544,244
fog-k3s-master3,1,2026-06-05 17:23:24 UTC,11400844,14471844,1047432,6.55,129908,3128072,2537412,15.88,1096728,3091544,256
fog-k3s-master3,1,2026-06-05 17:23:25 UTC,11400844,14471904,1047408,6.55,129908,3128096,2537412,15.88,1096992,3091604,240
fog-k3s-master3,1,2026-06-05 17:23:26 UTC,11403444,14474516,1044796,6.54,129916,3128100,2537412,15.88,1071160,3091616,428
fog-k3s-master3,1,2026-06-05 17:23:27 UTC,11410720,14481816,1037496,6.49,129916,3128124,2537412,15.88,1071032,3091640,268
fog-k3s-master3,1,2026-06-05 17:23:28 UTC,11410720,14481832,1037472,6.49,129924,3128140,2537412,15.88,1071032,3091656,292
fog-k3s-master3,1,2026-06-05 17:23:29 UTC,11410720,14481856,1037448,6.49,129932,3128156,2537412,15.88,1071576,3091680,304
fog-k3s-master3,1,2026-06-05 17:23:30 UTC,11410720,14481880,1037420,6.49,129940,3128172,2537412,15.88,1071624,3091704,316
fog-k3s-master3,1,2026-06-05 17:23:31 UTC,11410720,14481892,1037408,6.49,129940,3128184,2537412,15.88,1071884,3091716,564
fog-k3s-master3,1,2026-06-05 17:23:32 UTC,11412348,14483544,1035756,6.48,129948,3128196,2537412,15.88,1071628,3091736,636
fog-k3s-master3,1,2026-06-05 17:23:33 UTC,11412348,14483584,1035724,6.48,129956,3128220,2537412,15.88,1071632,3091776,648
fog-k3s-master3,1,2026-06-05 17:23:34 UTC,11412096,14483348,1035960,6.48,129956,3128236,2537412,15.88,1071756,3091792,660
fog-k3s-master3,1,2026-06-05 17:23:35 UTC,11412096,14483348,1035932,6.48,129956,3128248,2537412,15.88,1071432,3091792,672
fog-k3s-master3,1,2026-06-05 17:23:36 UTC,11412096,14483364,1035920,6.48,129964,3128252,2537412,15.88,1071292,3091808,680
fog-k3s-master3,1,2026-06-05 17:23:37 UTC,11412096,14483372,1035836,6.48,129964,3128272,2537412,15.88,1071072,3091816,44
fog-k3s-master3,1,2026-06-05 17:23:38 UTC,11411844,14483144,1036068,6.48,129964,3128288,2537412,15.88,1071072,3091840,64
fog-k3s-master3,1,2026-06-05 17:23:39 UTC,11418732,14490060,1029156,6.44,129964,3128312,2537412,15.88,1070088,3091868,248
fog-k3s-master3,1,2026-06-05 17:23:40 UTC,11420040,14491388,1027828,6.43,129968,3128328,2537412,15.88,1070088,3091888,280
fog-k3s-master3,1,2026-06-05 17:23:41 UTC,11420040,14491416,1027808,6.43,129968,3128348,2537412,15.88,1070088,3091916,392
fog-k3s-master3,1,2026-06-05 17:23:42 UTC,11419564,14490944,1028268,6.43,129968,3128360,2537412,15.88,1070088,3091916,404
fog-k3s-master3,1,2026-06-05 17:23:43 UTC,11419564,14490948,1028252,6.43,129968,3128376,2537412,15.88,1070088,3091920,356
fog-k3s-master3,1,2026-06-05 17:23:44 UTC,11418556,14489980,1029240,6.44,129972,3128392,2537412,15.88,1070796,3091960,396
fog-k3s-master3,1,2026-06-05 17:23:45 UTC,11418556,14489984,1029192,6.44,129972,3128404,2537412,15.88,1071176,3091964,116
fog-k3s-master3,1,2026-06-05 17:23:46 UTC,11418556,14490012,1029176,6.44,129972,3128420,2537412,15.88,1071176,3091992,156
fog-k3s-master3,1,2026-06-05 17:23:47 UTC,11418556,14490028,1029160,6.44,129972,3128436,2537412,15.88,1071176,3092008,360
fog-k3s-master3,1,2026-06-05 17:23:48 UTC,11418556,14490048,1029140,6.44,129976,3128452,2537412,15.88,1071224,3092028,372
fog-k3s-master3,1,2026-06-05 17:23:49 UTC,11418556,14490052,1029124,6.44,129976,3128468,2537412,15.88,1071224,3092032,384
fog-k3s-master3,1,2026-06-05 17:23:50 UTC,11418556,14490084,1029100,6.44,129988,3128480,2537412,15.88,1071224,3092064,352
fog-k3s-master3,1,2026-06-05 17:23:51 UTC,11418556,14490096,1029080,6.44,129988,3128500,2537412,15.88,1071224,3092076,364
fog-k3s-master3,1,2026-06-05 17:23:52 UTC,11418556,14490100,1029064,6.44,129992,3128512,2537412,15.88,1070704,3092080,196
fog-k3s-master3,1,2026-06-05 17:23:53 UTC,11418556,14490104,1029048,6.44,129992,3128528,2537412,15.88,1070516,3092084,224
fog-k3s-master3,1,2026-06-05 17:23:54 UTC,11418556,14490160,1029024,6.44,129996,3128544,2537412,15.88,1070704,3092140,236
fog-k3s-master3,1,2026-06-05 17:23:55 UTC,11418304,14489912,1029260,6.44,129996,3128560,2537412,15.88,1070964,3092144,216
fog-k3s-master3,1,2026-06-05 17:23:56 UTC,11418304,14489940,1029244,6.44,130000,3128572,2537412,15.88,1071080,3092172,240
fog-k3s-master3,1,2026-06-05 17:23:57 UTC,11418304,14489944,1029260,6.44,130000,3128588,2537412,15.88,1071080,3092176,268
fog-k3s-master3,1,2026-06-05 17:23:58 UTC,11418304,14489956,1029248,6.44,130004,3128596,2537412,15.88,1071080,3092188,280
fog-k3s-master3,1,2026-06-05 17:23:59 UTC,11417800,14489480,1029720,6.44,130004,3128616,2537412,15.88,1071564,3092216,432
fog-k3s-master3,1,2026-06-05 17:24:00 UTC,11417576,14489256,1029936,6.44,130004,3128628,2537412,15.88,1072712,3092216,444
fog-k3s-master3,1,2026-06-05 17:24:01 UTC,11417576,14489264,1029920,6.44,130004,3128644,2537412,15.88,1072716,3092224,428
fog-k3s-master3,1,2026-06-05 17:24:02 UTC,11417576,14489300,1029908,6.44,130008,3128652,2537412,15.88,1072720,3092260,552
fog-k3s-master3,1,2026-06-05 17:24:03 UTC,11417576,14489316,1029876,6.44,130016,3128676,2537412,15.88,1072764,3092276,588
fog-k3s-master3,1,2026-06-05 17:24:04 UTC,11417324,14489100,1030140,6.45,130016,3128696,2537412,15.88,1073160,3092312,348
fog-k3s-master3,1,2026-06-05 17:24:05 UTC,11417072,14488848,1030372,6.45,130016,3128708,2537412,15.88,1072448,3092312,360
fog-k3s-master3,1,2026-06-05 17:24:06 UTC,11417832,14489612,1029604,6.44,130016,3128724,2537412,15.88,1072508,3092316,552
fog-k3s-master3,1,2026-06-05 17:24:07 UTC,11417584,14489364,1029832,6.44,130016,3128744,2537412,15.88,1072276,3092316,288
fog-k3s-master3,1,2026-06-05 17:24:08 UTC,11417080,14488932,1030308,6.45,130028,3128756,2537412,15.88,1072316,3092384,240
fog-k3s-master3,1,2026-06-05 17:24:09 UTC,11416828,14488684,1030540,6.45,130028,3128772,2537412,15.88,1071368,3092388,240
fog-k3s-master3,1,2026-06-05 17:24:10 UTC,11416576,14488436,1030772,6.45,130036,3128784,2537412,15.88,1071628,3092392,252
fog-k3s-master3,1,2026-06-05 17:24:11 UTC,11416576,14488444,1030752,6.45,130036,3128804,2537412,15.88,1071676,3092400,280
fog-k3s-master3,1,2026-06-05 17:24:12 UTC,11416576,14488500,1030736,6.45,130036,3128820,2537412,15.88,1071676,3092456,108
fog-k3s-master3,1,2026-06-05 17:24:13 UTC,11416576,14488504,1030720,6.45,130036,3128836,2537412,15.88,1071676,3092460,120
fog-k3s-master3,1,2026-06-05 17:24:14 UTC,11416576,14488528,1030700,6.45,130036,3128860,2537412,15.88,1072328,3092484,120
fog-k3s-master3,1,2026-06-05 17:24:15 UTC,11416576,14488532,1030680,6.45,130036,3128876,2537412,15.88,1072788,3092488,132
fog-k3s-master3,1,2026-06-05 17:24:16 UTC,11416576,14488568,1030668,6.45,130040,3128884,2537412,15.88,1072844,3092524,328
fog-k3s-master3,1,2026-06-05 17:24:17 UTC,11416576,14488576,1030632,6.45,130040,3128916,2537412,15.88,1072880,3092532,176
fog-k3s-master3,1,2026-06-05 17:24:18 UTC,11416576,14488592,1030616,6.45,130040,3128932,2537412,15.88,1072884,3092548,200
fog-k3s-master3,1,2026-06-05 17:24:19 UTC,11416324,14488380,1030856,6.45,130040,3128948,2537412,15.88,1072884,3092588,184
fog-k3s-master3,1,2026-06-05 17:24:20 UTC,11416324,14488400,1030828,6.45,130048,3128964,2537412,15.88,1072884,3092604,184
fog-k3s-master3,1,2026-06-05 17:24:21 UTC,11416324,14488404,1030812,6.45,130048,3128980,2537412,15.88,1072884,3092608,196
fog-k3s-master3,1,2026-06-05 17:24:22 UTC,11416324,14488424,1030800,6.45,130048,3128992,2537412,15.88,1072364,3092628,384
fog-k3s-master3,1,2026-06-05 17:24:23 UTC,11416324,14488456,1030780,6.45,130052,3129008,2537412,15.88,1072216,3092660,400
fog-k3s-master3,1,2026-06-05 17:24:24 UTC,11416324,14488456,1030768,6.45,130056,3129016,2537412,15.88,1072456,3092660,412
fog-k3s-master3,1,2026-06-05 17:24:25 UTC,11416324,14488492,1030744,6.45,130060,3129036,2537412,15.88,1072796,3092696,388
fog-k3s-master3,1,2026-06-05 17:24:26 UTC,11416324,14488492,1030728,6.45,130064,3129048,2537412,15.88,1072892,3092696,404
fog-k3s-master3,1,2026-06-05 17:24:27 UTC,11416324,14488524,1030712,6.45,130064,3129068,2537412,15.88,1072892,3092728,264
fog-k3s-master3,1,2026-06-05 17:24:28 UTC,11416324,14488532,1030696,6.45,130064,3129084,2537412,15.88,1072892,3092736,280
fog-k3s-master3,1,2026-06-05 17:24:29 UTC,11416072,14488308,1030932,6.45,130068,3129096,2537412,15.88,1073204,3092764,292
fog-k3s-master3,1,2026-06-05 17:24:30 UTC,11416072,14488320,1030908,6.45,130068,3129120,2537412,15.88,1073248,3092776,304
fog-k3s-master3,1,2026-06-05 17:24:31 UTC,11416072,14488348,1030892,6.45,130068,3129136,2537412,15.88,1073488,3092804,292
fog-k3s-master3,1,2026-06-05 17:24:32 UTC,11415316,14487596,1031632,6.45,130068,3129152,2537412,15.88,1073488,3092808,504
fog-k3s-master3,1,2026-06-05 17:24:33 UTC,11415064,14487384,1031856,6.46,130072,3129172,2537412,15.88,1073492,3092844,340
fog-k3s-master3,1,2026-06-05 17:24:34 UTC,11415064,14487404,1031832,6.46,130080,3129188,2537412,15.88,1073536,3092864,352
fog-k3s-master3,1,2026-06-05 17:24:35 UTC,11415064,14487420,1031820,6.46,130080,3129200,2537412,15.88,1073076,3092880,360
fog-k3s-master3,1,2026-06-05 17:24:36 UTC,11415064,14487420,1031808,6.46,130080,3129212,2537412,15.88,1072928,3092880,548
fog-k3s-master3,1,2026-06-05 17:24:37 UTC,11415064,14487424,1031792,6.46,130080,3129228,2537412,15.88,1072708,3092884,560
fog-k3s-master3,1,2026-06-05 17:24:38 UTC,11415064,14487464,1031772,6.46,130080,3129244,2537412,15.88,1072752,3092924,304
fog-k3s-master3,1,2026-06-05 17:24:39 UTC,11415568,14487968,1031248,6.45,130080,3129264,2537412,15.88,1072008,3092924,224
fog-k3s-master3,1,2026-06-05 17:24:40 UTC,11415316,14487760,1031476,6.45,130080,3129284,2537412,15.88,1072008,3092964,256
fog-k3s-master3,1,2026-06-05 17:24:41 UTC,11415316,14487760,1031432,6.45,130080,3129296,2537412,15.88,1072008,3092964,80
fog-k3s-master3,1,2026-06-05 17:24:42 UTC,11415316,14487788,1031416,6.45,130080,3129312,2537412,15.88,1072008,3092992,96
fog-k3s-master3,1,2026-06-05 17:24:43 UTC,11415316,14487804,1031400,6.45,130080,3129328,2537412,15.88,1072008,3093008,108
fog-k3s-master3,1,2026-06-05 17:24:44 UTC,11414560,14487052,1032140,6.46,130080,3129344,2537412,15.88,1072804,3093012,88
fog-k3s-master3,1,2026-06-05 17:24:45 UTC,11414560,14487076,1032124,6.46,130080,3129356,2537412,15.88,1073288,3093036,100
fog-k3s-master3,1,2026-06-05 17:24:46 UTC,11414560,14487092,1032108,6.46,130080,3129372,2537412,15.88,1073388,3093052,116
fog-k3s-master3,1,2026-06-05 17:24:47 UTC,11414560,14487104,1032096,6.46,130080,3129384,2537412,15.88,1073388,3093064,128
fog-k3s-master3,1,2026-06-05 17:24:48 UTC,11414560,14487124,1032076,6.46,130080,3129404,2537412,15.88,1073504,3093084,152
fog-k3s-master3,1,2026-06-05 17:24:49 UTC,11414560,14487124,1032064,6.46,130080,3129416,2537412,15.88,1073504,3093084,164
fog-k3s-master3,1,2026-06-05 17:24:50 UTC,11414560,14487144,1032040,6.46,130080,3129436,2537412,15.88,1073512,3093104,164
fog-k3s-master3,1,2026-06-05 17:24:51 UTC,11414560,14487144,1032012,6.46,130080,3129448,2537412,15.88,1073512,3093104,344
fog-k3s-master3,1,2026-06-05 17:24:52 UTC,11414560,14487168,1032000,6.46,130080,3129460,2537412,15.88,1072904,3093128,368
fog-k3s-master3,1,2026-06-05 17:24:53 UTC,11414308,14486920,1032236,6.46,130080,3129476,2537412,15.88,1072836,3093132,380
fog-k3s-master3,1,2026-06-05 17:24:54 UTC,11414056,14486716,1032464,6.46,130088,3129492,2537412,15.88,1072836,3093180,392
fog-k3s-master3,1,2026-06-05 17:24:55 UTC,11414056,14486728,1032452,6.46,130088,3129504,2537412,15.88,1073308,3093192,400
fog-k3s-master3,1,2026-06-05 17:24:56 UTC,11414056,14486732,1032436,6.46,130088,3129520,2537412,15.88,1073348,3093196,404
fog-k3s-master3,1,2026-06-05 17:24:57 UTC,11414056,14486760,1032420,6.46,130088,3129536,2537412,15.88,1073424,3093224,260
fog-k3s-master3,1,2026-06-05 17:24:58 UTC,11414056,14486772,1032408,6.46,130092,3129544,2537412,15.88,1073684,3093236,272
fog-k3s-master3,1,2026-06-05 17:24:59 UTC,11414056,14486780,1032388,6.46,130092,3129564,2537412,15.88,1073996,3093244,284
fog-k3s-master3,1,2026-06-05 17:25:00 UTC,11413832,14486560,1032604,6.46,130092,3129580,2537412,15.88,1074004,3093248,296
fog-k3s-master3,1,2026-06-05 17:25:01 UTC,11413832,14486596,1032592,6.46,130092,3129592,2537412,15.88,1074020,3093284,280
fog-k3s-master3,1,2026-06-05 17:25:02 UTC,11412320,14485092,1034084,6.47,130092,3129608,2537412,15.88,1074020,3093288,484
fog-k3s-master3,1,2026-06-05 17:25:03 UTC,11412320,14485124,1034064,6.47,130092,3129628,2537412,15.88,1074040,3093320,512
fog-k3s-master3,1,2026-06-05 17:25:04 UTC,11412320,14485128,1034048,6.47,130092,3129644,2537412,15.88,1074040,3093324,524
fog-k3s-master3,1,2026-06-05 17:25:05 UTC,11412320,14485156,1034032,6.47,130092,3129660,2537412,15.88,1073756,3093352,536
fog-k3s-master3,1,2026-06-05 17:25:06 UTC,11414584,14487420,1031756,6.46,130092,3129676,2537412,15.88,1073568,3093352,552
fog-k3s-master3,1,2026-06-05 17:25:07 UTC,11414360,14487216,1031976,6.46,130092,3129704,2537412,15.88,1073380,3093372,636
fog-k3s-master3,1,2026-06-05 17:25:08 UTC,11413884,14486780,1032436,6.46,130092,3129720,2537412,15.88,1073380,3093412,376
fog-k3s-master3,1,2026-06-05 17:25:09 UTC,11413884,14486792,1032424,6.46,130092,3129732,2537412,15.88,1072612,3093424,40
fog-k3s-master3,1,2026-06-05 17:25:10 UTC,11413884,14486808,1032408,6.46,130096,3129744,2537412,15.88,1072612,3093440,56
fog-k3s-master3,1,2026-06-05 17:25:11 UTC,11413884,14486828,1032388,6.46,130096,3129764,2537412,15.88,1072612,3093460,68
fog-k3s-master3,1,2026-06-05 17:25:12 UTC,11413884,14486844,1032372,6.46,130096,3129780,2537412,15.88,1072612,3093476,252
fog-k3s-master3,1,2026-06-05 17:25:13 UTC,11413884,14486848,1032356,6.46,130096,3129796,2537412,15.88,1072640,3093480,228
fog-k3s-master3,1,2026-06-05 17:25:14 UTC,11412372,14485372,1033844,6.47,130100,3129816,2540616,15.90,1074632,3093516,252
fog-k3s-master3,1,2026-06-05 17:25:15 UTC,11414340,14487344,1031856,6.46,130100,3129828,2537412,15.88,1073572,3093520,344
fog-k3s-master3,1,2026-06-05 17:25:16 UTC,11414340,14487348,1031836,6.46,130100,3129844,2537412,15.88,1073644,3093524,356
fog-k3s-master3,1,2026-06-05 17:25:17 UTC,11414340,14487348,1031808,6.46,130100,3129868,2537412,15.88,1073696,3093524,140
fog-k3s-master3,1,2026-06-05 17:25:18 UTC,11414340,14487412,1031780,6.46,130104,3129888,2537412,15.88,1073696,3093588,156
fog-k3s-master3,1,2026-06-05 17:25:19 UTC,11414340,14487420,1031764,6.46,130108,3129900,2537412,15.88,1073696,3093596,84
fog-k3s-master3,1,2026-06-05 17:25:20 UTC,11414088,14487204,1032004,6.46,130108,3129924,2537412,15.88,1073696,3093632,16
fog-k3s-master3,1,2026-06-05 17:25:21 UTC,11414088,14487208,1031988,6.46,130108,3129940,2537412,15.88,1073696,3093636,44
fog-k3s-master3,1,2026-06-05 17:25:22 UTC,11414088,14487224,1031972,6.46,130108,3129956,2537412,15.88,1073208,3093652,56
fog-k3s-master3,1,2026-06-05 17:25:23 UTC,11414084,14487244,1031964,6.46,130108,3129968,2537412,15.88,1073156,3093676,80
fog-k3s-master3,1,2026-06-05 17:25:24 UTC,11413584,14486760,1032448,6.46,130108,3129984,2537412,15.88,1073160,3093692,28
fog-k3s-master3,1,2026-06-05 17:25:25 UTC,11413080,14486272,1032936,6.46,130108,3130000,2537412,15.88,1073668,3093708,60
fog-k3s-master3,1,2026-06-05 17:25:26 UTC,11412576,14485788,1033420,6.47,130108,3130016,2540264,15.89,1074924,3093724,212
fog-k3s-master3,1,2026-06-05 17:25:27 UTC,11415072,14488284,1030912,6.45,130108,3130028,2537412,15.88,1073940,3093724,356
fog-k3s-master3,1,2026-06-05 17:25:28 UTC,11415100,14488344,1030864,6.45,130108,3130048,2537412,15.88,1073736,3093756,372
fog-k3s-master3,1,2026-06-05 17:25:29 UTC,11414624,14487868,1031328,6.45,130108,3130060,2537412,15.88,1074824,3093756,332
fog-k3s-master3,1,2026-06-05 17:25:30 UTC,11414624,14487884,1031312,6.45,130108,3130076,2537412,15.88,1074892,3093772,348
fog-k3s-master3,1,2026-06-05 17:25:31 UTC,11414624,14487888,1031296,6.45,130108,3130092,2537412,15.88,1074892,3093776,48
fog-k3s-master3,1,2026-06-05 17:25:32 UTC,11414372,14487636,1031536,6.45,130108,3130104,2537412,15.88,1075152,3093776,52
fog-k3s-master3,1,2026-06-05 17:25:33 UTC,11414120,14487440,1031768,6.46,130108,3130124,2537412,15.88,1074912,3093832,80
fog-k3s-master3,1,2026-06-05 17:25:34 UTC,11414120,14487444,1031752,6.46,130112,3130136,2537412,15.88,1074912,3093836,28
fog-k3s-master3,1,2026-06-05 17:25:35 UTC,11414120,14487468,1031740,6.46,130112,3130148,2537412,15.88,1074276,3093860,60
fog-k3s-master3,1,2026-06-05 17:25:36 UTC,11414120,14487472,1031724,6.46,130112,3130164,2537412,15.88,1074280,3093864,76
fog-k3s-master3,1,2026-06-05 17:25:37 UTC,11414120,14487488,1031708,6.46,130112,3130180,2537412,15.88,1074048,3093880,264
fog-k3s-master3,1,2026-06-05 17:25:38 UTC,11414120,14487492,1031656,6.45,130116,3130196,2537412,15.88,1074048,3093884,68
fog-k3s-master3,1,2026-06-05 17:25:39 UTC,11414120,14487548,1031628,6.45,130116,3130220,2537412,15.88,1073300,3093936,96
fog-k3s-master3,1,2026-06-05 17:25:40 UTC,11414120,14487568,1031612,6.45,130120,3130236,2537412,15.88,1073308,3093956,52
fog-k3s-master3,1,2026-06-05 17:25:41 UTC,11414120,14487572,1031596,6.45,130120,3130252,2537412,15.88,1073308,3093960,68
fog-k3s-master3,1,2026-06-05 17:25:42 UTC,11414120,14487600,1031580,6.45,130120,3130268,2537412,15.88,1073308,3093988,232
fog-k3s-master3,1,2026-06-05 17:25:43 UTC,11414120,14487600,1031568,6.45,130120,3130280,2537412,15.88,1073308,3093988,256
fog-k3s-master3,1,2026-06-05 17:25:44 UTC,11414120,14487632,1031548,6.45,130120,3130300,2537412,15.88,1073812,3094020,236
fog-k3s-master3,1,2026-06-05 17:25:45 UTC,11414120,14487644,1031536,6.45,130120,3130312,2537412,15.88,1074252,3094032,184
fog-k3s-master3,1,2026-06-05 17:25:46 UTC,11414120,14487660,1031488,6.45,130120,3130328,2537412,15.88,1074348,3094048,32
fog-k3s-master3,1,2026-06-05 17:25:47 UTC,11414120,14487660,1031476,6.45,130120,3130340,2537412,15.88,1074364,3094048,68
fog-k3s-master3,1,2026-06-05 17:25:48 UTC,11413868,14487440,1031708,6.46,130120,3130360,2537412,15.88,1074452,3094080,84
fog-k3s-master3,1,2026-06-05 17:25:49 UTC,11415684,14489256,1029880,6.44,130120,3130372,2537412,15.88,1074452,3094080,96
fog-k3s-master3,1,2026-06-05 17:25:50 UTC,11414928,14488528,1030616,6.45,130124,3130388,2537412,15.88,1074452,3094108,32
fog-k3s-master3,1,2026-06-05 17:25:51 UTC,11414928,14488528,1030604,6.45,130124,3130400,2537412,15.88,1074452,3094108,220
fog-k3s-master3,1,2026-06-05 17:25:52 UTC,11414704,14488336,1030808,6.45,130124,3130416,2537412,15.88,1074712,3094140,68
fog-k3s-master3,1,2026-06-05 17:25:53 UTC,11414704,14488352,1030792,6.45,130124,3130432,2537412,15.88,1074656,3094156,80
fog-k3s-master3,1,2026-06-05 17:25:54 UTC,11414232,14487880,1031256,6.45,130124,3130440,2537412,15.88,1074656,3094156,88
fog-k3s-master3,1,2026-06-05 17:25:55 UTC,11415220,14488892,1030252,6.45,130124,3130456,2537412,15.88,1075208,3094180,40
fog-k3s-master3,1,2026-06-05 17:25:56 UTC,11415220,14488896,1030236,6.45,130124,3130472,2537412,15.88,1075208,3094184,20
fog-k3s-master3,1,2026-06-05 17:25:57 UTC,11414464,14488144,1030972,6.45,130128,3130488,2537412,15.88,1075208,3094188,228
fog-k3s-master3,1,2026-06-05 17:25:58 UTC,11414464,14488184,1030956,6.45,130128,3130504,2537412,15.88,1075208,3094228,240
fog-k3s-master3,1,2026-06-05 17:25:59 UTC,11414216,14487952,1031184,6.45,130128,3130516,2537412,15.88,1075616,3094244,256
fog-k3s-master3,1,2026-06-05 17:26:00 UTC,11414216,14487968,1031168,6.45,130128,3130532,2537412,15.88,1075620,3094260,204
fog-k3s-master3,1,2026-06-05 17:26:01 UTC,11414216,14487972,1031152,6.45,130128,3130548,2537412,15.88,1075668,3094264,248
fog-k3s-master3,1,2026-06-05 17:26:02 UTC,11414216,14487984,1031140,6.45,130128,3130560,2537412,15.88,1075708,3094276,28
fog-k3s-master3,1,2026-06-05 17:26:03 UTC,11413992,14487792,1031344,6.45,130132,3130576,2537412,15.88,1075804,3094308,64
fog-k3s-master3,1,2026-06-05 17:26:04 UTC,11413992,14487808,1031324,6.45,130132,3130592,2537412,15.88,1075832,3094320,76
fog-k3s-master3,1,2026-06-05 17:26:05 UTC,11417684,14491516,1027596,6.43,130140,3130608,2537412,15.88,1075336,3094336,184
fog-k3s-master3,1,2026-06-05 17:26:06 UTC,11418192,14492036,1027044,6.43,130140,3130624,2537412,15.88,1075276,3094348,248
fog-k3s-master3,1,2026-06-05 17:26:07 UTC,11417944,14491800,1027268,6.43,130140,3130648,2537412,15.88,1075036,3094360,128
fog-k3s-master3,1,2026-06-05 17:26:08 UTC,11417944,14491800,1027256,6.43,130140,3130660,2537412,15.88,1075036,3094360,80
fog-k3s-master3,1,2026-06-05 17:26:09 UTC,11417692,14491600,1027492,6.43,130140,3130676,2537412,15.88,1074348,3094412,116
fog-k3s-master3,1,2026-06-05 17:26:10 UTC,11417692,14491616,1027476,6.43,130148,3130684,2537412,15.88,1074348,3094428,128
fog-k3s-master3,1,2026-06-05 17:26:11 UTC,11417692,14491632,1027452,6.43,130148,3130708,2537412,15.88,1074348,3094444,232
fog-k3s-master3,1,2026-06-05 17:26:12 UTC,11417692,14491632,1027440,6.43,130148,3130720,2537412,15.88,1074348,3094444,244
fog-k3s-master3,1,2026-06-05 17:26:13 UTC,11417692,14491676,1027420,6.43,130152,3130736,2537412,15.88,1074356,3094488,264
fog-k3s-master3,1,2026-06-05 17:26:14 UTC,11417692,14491688,1027400,6.43,130152,3130756,2537412,15.88,1074804,3094500,252
fog-k3s-master3,1,2026-06-05 17:26:15 UTC,11417692,14491712,1027372,6.43,130156,3130772,2537412,15.88,1075424,3094524,204
fog-k3s-master3,1,2026-06-05 17:26:16 UTC,11417692,14491724,1027360,6.43,130156,3130784,2537412,15.88,1075424,3094536,216
fog-k3s-master3,1,2026-06-05 17:26:17 UTC,11416964,14491016,1028052,6.43,130156,3130816,2537412,15.88,1075452,3094556,100
fog-k3s-master3,1,2026-06-05 17:26:18 UTC,11416964,14491032,1028036,6.43,130156,3130832,2537412,15.88,1075496,3094572,112
fog-k3s-master3,1,2026-06-05 17:26:19 UTC,11416716,14490816,1028260,6.43,130164,3130848,2537412,15.88,1075496,3094604,52
fog-k3s-master3,1,2026-06-05 17:26:20 UTC,11416716,14490828,1028248,6.43,130172,3130852,2537412,15.88,1075496,3094616,0
fog-k3s-master3,1,2026-06-05 17:26:21 UTC,11416464,14490588,1028464,6.43,130176,3130880,2537412,15.88,1075496,3094624,228
fog-k3s-master3,1,2026-06-05 17:26:22 UTC,11416464,14490588,1028484,6.43,130176,3130892,2537412,15.88,1074808,3094624,72
fog-k3s-master3,1,2026-06-05 17:26:23 UTC,11415988,14490168,1028948,6.44,130176,3130904,2537412,15.88,1074808,3094680,88
fog-k3s-master3,1,2026-06-05 17:26:24 UTC,11416556,14490752,1028364,6.43,130176,3130920,2537412,15.88,1074808,3094696,100
fog-k3s-master3,1,2026-06-05 17:26:25 UTC,11415548,14489768,1029348,6.44,130180,3130940,2537412,15.88,1075356,3094720,76
fog-k3s-master3,1,2026-06-05 17:26:26 UTC,11415548,14489768,1029336,6.44,130184,3130948,2537412,15.88,1075356,3094720,12
fog-k3s-master3,1,2026-06-05 17:26:27 UTC,11415548,14489776,1029316,6.44,130184,3130968,2537412,15.88,1075356,3094728,224
fog-k3s-master3,1,2026-06-05 17:26:28 UTC,11415548,14489780,1029300,6.44,130184,3130984,2537412,15.88,1075356,3094732,236
fog-k3s-master3,1,2026-06-05 17:26:29 UTC,11415548,14489780,1029284,6.44,130188,3130996,2537412,15.88,1075884,3094732,252
fog-k3s-master3,1,2026-06-05 17:26:30 UTC,11415548,14489844,1029264,6.44,130188,3131012,2537412,15.88,1075884,3094796,264
fog-k3s-master3,1,2026-06-05 17:26:31 UTC,11415548,14489872,1029240,6.44,130196,3131028,2537412,15.88,1075916,3094824,192
fog-k3s-master3,1,2026-06-05 17:26:32 UTC,11415296,14489632,1029512,6.44,130196,3131040,2537412,15.88,1076176,3094836,192
fog-k3s-master3,1,2026-06-05 17:26:33 UTC,11415044,14489400,1029760,6.44,130196,3131060,2537412,15.88,1075920,3094856,208
fog-k3s-master3,1,2026-06-05 17:26:34 UTC,11415044,14489400,1029748,6.44,130196,3131072,2537412,15.88,1075920,3094856,220
fog-k3s-master3,1,2026-06-05 17:26:35 UTC,11415044,14489404,1029732,6.44,130196,3131088,2537412,15.88,1075504,3094860,232
fog-k3s-master3,1,2026-06-05 17:26:36 UTC,11414792,14489200,1029956,6.44,130200,3131112,2537412,15.88,1075564,3094908,292
fog-k3s-master3,1,2026-06-05 17:26:37 UTC,11414792,14489224,1029936,6.44,130204,3131128,2537412,15.88,1075336,3094932,16
fog-k3s-master3,1,2026-06-05 17:26:38 UTC,11414792,14489224,1029924,6.44,130204,3131140,2537412,15.88,1075144,3094932,28
fog-k3s-master3,1,2026-06-05 17:26:39 UTC,11414792,14489256,1029904,6.44,130208,3131156,2537412,15.88,1074212,3094964,64
fog-k3s-master3,1,2026-06-05 17:26:40 UTC,11414792,14489256,1029884,6.44,130208,3131176,2537412,15.88,1074212,3094964,88
fog-k3s-master3,1,2026-06-05 17:26:41 UTC,11414792,14489288,1029864,6.44,130208,3131196,2537412,15.88,1074212,3094996,44
fog-k3s-master3,1,2026-06-05 17:26:42 UTC,11414792,14489300,1029848,6.44,130208,3131212,2537412,15.88,1074216,3095008,228
fog-k3s-master3,1,2026-06-05 17:26:43 UTC,11414792,14489328,1029832,6.44,130208,3131224,2537412,15.88,1074216,3095032,264
fog-k3s-master3,1,2026-06-05 17:26:44 UTC,11414540,14489092,1030068,6.44,130208,3131240,2537412,15.88,1075284,3095048,276
fog-k3s-master3,1,2026-06-05 17:26:45 UTC,11414540,14489108,1030044,6.44,130208,3131256,2537412,15.88,1075920,3095064,248
fog-k3s-master3,1,2026-06-05 17:26:46 UTC,11413784,14488376,1030776,6.45,130208,3131280,2537412,15.88,1076472,3095088,196
fog-k3s-master3,1,2026-06-05 17:26:47 UTC,11413784,14488392,1030760,6.45,130208,3131296,2537412,15.88,1076504,3095104,40
fog-k3s-master3,1,2026-06-05 17:26:48 UTC,11413784,14488416,1030736,6.45,130216,3131312,2537412,15.88,1076504,3095128,72
fog-k3s-master3,1,2026-06-05 17:26:49 UTC,11413784,14488420,1030728,6.45,130216,3131328,2537412,15.88,1076504,3095132,84
fog-k3s-master3,1,2026-06-05 17:26:50 UTC,11413784,14488444,1030716,6.45,130216,3131340,2537412,15.88,1076504,3095156,64
fog-k3s-master3,1,2026-06-05 17:26:51 UTC,11413784,14488448,1030700,6.45,130216,3131356,2537412,15.88,1077024,3095160,252
fog-k3s-master3,1,2026-06-05 17:26:52 UTC,11413784,14488452,1030680,6.45,130220,3131372,2537412,15.88,1076588,3095164,228
fog-k3s-master3,1,2026-06-05 17:26:53 UTC,11415440,14490108,1029016,6.44,130220,3131380,2537412,15.88,1076460,3095164,236
fog-k3s-master3,1,2026-06-05 17:26:54 UTC,11415440,14490164,1028996,6.44,130224,3131396,2537412,15.88,1076460,3095220,252
fog-k3s-master3,1,2026-06-05 17:26:55 UTC,11415188,14489936,1029220,6.44,130228,3131416,2537412,15.88,1076888,3095244,268
fog-k3s-master3,1,2026-06-05 17:26:56 UTC,11415556,14490316,1028840,6.44,130228,3131428,2537412,15.88,1077348,3095256,36
fog-k3s-master3,1,2026-06-05 17:26:57 UTC,11415556,14490332,1028824,6.44,130228,3131444,2537412,15.88,1076980,3095272,84
fog-k3s-master3,1,2026-06-05 17:26:58 UTC,11415556,14490332,1028812,6.44,130228,3131456,2537412,15.88,1077024,3095272,96
fog-k3s-master3,1,2026-06-05 17:26:59 UTC,11415552,14490356,1028792,6.44,130228,3131472,2537412,15.88,1077464,3095300,260
fog-k3s-master3,1,2026-06-05 17:27:00 UTC,11415076,14490084,1029064,6.44,130384,3131516,2537412,15.88,1077684,3095500,276
fog-k3s-master3,1,2026-06-05 17:27:01 UTC,11415076,14490088,1029048,6.44,130384,3131532,2537412,15.88,1077684,3095504,220
fog-k3s-master3,1,2026-06-05 17:27:02 UTC,11414828,14489864,1029284,6.44,130384,3131544,2537412,15.88,1077684,3095528,20
fog-k3s-master3,1,2026-06-05 17:27:03 UTC,11414828,14489872,1029260,6.44,130388,3131564,2537412,15.88,1077688,3095536,72
fog-k3s-master3,1,2026-06-05 17:27:04 UTC,11414828,14489880,1029240,6.44,130392,3131580,2537412,15.88,1077688,3095544,80
fog-k3s-master3,1,2026-06-05 17:27:05 UTC,11414828,14489924,1029220,6.44,130396,3131596,2537412,15.88,1077048,3095588,92
fog-k3s-master3,1,2026-06-05 17:27:06 UTC,11416320,14491424,1027776,6.43,130400,3131608,2537412,15.88,1077048,3095596,284
fog-k3s-master3,1,2026-06-05 17:27:07 UTC,11415596,14490728,1028476,6.43,130400,3131632,2537412,15.88,1076864,3095624,232
fog-k3s-master3,1,2026-06-05 17:27:08 UTC,11415596,14490744,1028456,6.43,130400,3131648,2537412,15.88,1076864,3095640,248
fog-k3s-master3,1,2026-06-05 17:27:09 UTC,11415596,14490764,1028448,6.43,130400,3131660,2537412,15.88,1076168,3095660,216
fog-k3s-master3,1,2026-06-05 17:27:10 UTC,11415596,14490772,1028424,6.43,130404,3131680,2537412,15.88,1076168,3095668,240
fog-k3s-master3,1,2026-06-05 17:27:11 UTC,11415596,14490776,1028408,6.43,130404,3131696,2537412,15.88,1076168,3095672,260
fog-k3s-master3,1,2026-06-05 17:27:12 UTC,11415596,14490820,1028392,6.43,130404,3131708,2537412,15.88,1076168,3095712,32
fog-k3s-master3,1,2026-06-05 17:27:13 UTC,11415372,14490600,1028600,6.44,130408,3131720,2537412,15.88,1076168,3095716,56
fog-k3s-master3,1,2026-06-05 17:27:14 UTC,11415372,14490640,1028568,6.44,130412,3131748,2537412,15.88,1076880,3095756,84
fog-k3s-master3,1,2026-06-05 17:27:15 UTC,11415372,14490656,1028556,6.44,130412,3131760,2537412,15.88,1077184,3095772,52
fog-k3s-master3,1,2026-06-05 17:27:16 UTC,11415372,14490668,1028540,6.44,130412,3131776,2537412,15.88,1077348,3095784,252
fog-k3s-master3,1,2026-06-05 17:27:17 UTC,11415372,14490676,1028512,6.44,130412,3131804,2537412,15.88,1077364,3095792,56
fog-k3s-master3,1,2026-06-05 17:27:18 UTC,11415372,14490704,1028492,6.44,130412,3131824,2537412,15.88,1077452,3095820,92
fog-k3s-master3,1,2026-06-05 17:27:19 UTC,11415372,14490716,1028492,6.44,130412,3131824,2537412,15.88,1077484,3095832,92
fog-k3s-master3,1,2026-06-05 17:27:20 UTC,11415372,14490720,1028460,6.43,130416,3131852,2537412,15.88,1077484,3095836,88
fog-k3s-master3,1,2026-06-05 17:27:21 UTC,11411592,14486944,1032224,6.46,130416,3131868,2537412,15.88,1080968,3095840,228
fog-k3s-master3,1,2026-06-05 17:27:22 UTC,11411592,14487012,1032200,6.46,130416,3131892,2537412,15.88,1080344,3095908,216
fog-k3s-master3,1,2026-06-05 17:27:23 UTC,11411592,14487016,1032180,6.46,130420,3131908,2537412,15.88,1080372,3095912,232
fog-k3s-master3,1,2026-06-05 17:27:24 UTC,11410876,14486304,1032880,6.46,130420,3131924,2537412,15.88,1080376,3095916,244
fog-k3s-master3,1,2026-06-05 17:27:25 UTC,11410624,14486096,1033116,6.46,130420,3131940,2537412,15.88,1080888,3095960,256
fog-k3s-master3,1,2026-06-05 17:27:26 UTC,11410624,14486096,1033100,6.46,130424,3131952,2537412,15.88,1080832,3095960,284
fog-k3s-master3,1,2026-06-05 17:27:27 UTC,11410624,14486104,1033072,6.46,130428,3131972,2537412,15.88,1080928,3095968,88
fog-k3s-master3,1,2026-06-05 17:27:28 UTC,11410624,14486148,1033060,6.46,130428,3131984,2537412,15.88,1080932,3096012,40
fog-k3s-master3,1,2026-06-05 17:27:29 UTC,11411332,14486872,1032336,6.46,130428,3132000,2537412,15.88,1081268,3096028,68
fog-k3s-master3,1,2026-06-05 17:27:30 UTC,11411332,14486884,1032320,6.46,130428,3132012,2537412,15.88,1081348,3096040,80
fog-k3s-master3,1,2026-06-05 17:27:31 UTC,11411332,14486912,1032292,6.46,130432,3132036,2537412,15.88,1081436,3096068,268
fog-k3s-master3,1,2026-06-05 17:27:32 UTC,11410604,14486200,1032996,6.46,130440,3132052,2537412,15.88,1081488,3096084,64
fog-k3s-master3,1,2026-06-05 17:27:33 UTC,11415404,14491012,1028176,6.43,130448,3132064,2537412,15.88,1081488,3096096,48
fog-k3s-master3,1,2026-06-05 17:27:34 UTC,11415404,14491036,1028160,6.43,130448,3132080,2537412,15.88,1081488,3096120,60
fog-k3s-master3,1,2026-06-05 17:27:35 UTC,11415152,14490808,1028392,6.43,130452,3132096,2537412,15.88,1081148,3096144,72
fog-k3s-master3,1,2026-06-05 17:27:36 UTC,11415152,14490824,1028376,6.43,130452,3132112,2537412,15.88,1081028,3096160,264
fog-k3s-master3,1,2026-06-05 17:27:37 UTC,11415152,14490848,1028356,6.43,130456,3132128,2537412,15.88,1080828,3096184,280
fog-k3s-master3,1,2026-06-05 17:27:38 UTC,11415152,14490856,1028328,6.43,130464,3132144,2537412,15.88,1080828,3096188,240
fog-k3s-master3,1,2026-06-05 17:27:39 UTC,11415308,14491020,1028152,6.43,130464,3132156,2537412,15.88,1080040,3096196,208
fog-k3s-master3,1,2026-06-05 17:27:40 UTC,11416492,14492252,1026936,6.43,130468,3132180,2537412,15.88,1080040,3096244,248
fog-k3s-master3,1,2026-06-05 17:27:41 UTC,11416240,14492016,1027196,6.43,130472,3132200,2537412,15.88,1080044,3096260,76
fog-k3s-master3,1,2026-06-05 17:27:42 UTC,11415768,14491544,1027656,6.43,130472,3132212,2537412,15.88,1080044,3096260,36
fog-k3s-master3,1,2026-06-05 17:27:43 UTC,11415768,14491548,1027636,6.43,130476,3132228,2537412,15.88,1080048,3096264,76
fog-k3s-master3,1,2026-06-05 17:27:44 UTC,11415264,14491044,1028124,6.43,130476,3132240,2537412,15.88,1080508,3096264,88
fog-k3s-master3,1,2026-06-05 17:27:45 UTC,11415264,14491112,1028104,6.43,130476,3132256,2537412,15.88,1080724,3096332,40
fog-k3s-master3,1,2026-06-05 17:27:46 UTC,11415264,14491124,1028072,6.43,130484,3132280,2537412,15.88,1081116,3096344,68
fog-k3s-master3,1,2026-06-05 17:27:47 UTC,11415264,14491128,1028052,6.43,130488,3132296,2537412,15.88,1081156,3096348,92
fog-k3s-master3,1,2026-06-05 17:27:48 UTC,11415264,14491140,1028028,6.43,130488,3132312,2537412,15.88,1081164,3096356,48
fog-k3s-master3,1,2026-06-05 17:27:49 UTC,11415264,14491192,1028012,6.43,130488,3132328,2537412,15.88,1081180,3096408,64
fog-k3s-master3,1,2026-06-05 17:27:50 UTC,11415264,14491192,1028004,6.43,130488,3132340,2537412,15.88,1081180,3096408,76
fog-k3s-master3,1,2026-06-05 17:27:51 UTC,11415264,14491196,1027988,6.43,130488,3132356,2537412,15.88,1081180,3096412,216
fog-k3s-master3,1,2026-06-05 17:27:52 UTC,11415264,14491200,1027976,6.43,130488,3132368,2537412,15.88,1080460,3096416,244
fog-k3s-master3,1,2026-06-05 17:27:53 UTC,11415264,14491204,1027956,6.43,130488,3132384,2537412,15.88,1080460,3096420,212
fog-k3s-master3,1,2026-06-05 17:27:54 UTC,11415264,14491264,1027944,6.43,130488,3132396,2537412,15.88,1080460,3096480,228
fog-k3s-master3,1,2026-06-05 17:27:55 UTC,11415012,14491032,1028176,6.43,130492,3132412,2537412,15.88,1080700,3096500,240
fog-k3s-master3,1,2026-06-05 17:27:56 UTC,11415012,14491052,1028160,6.43,130492,3132428,2537412,15.88,1080956,3096520,268
fog-k3s-master3,1,2026-06-05 17:27:57 UTC,11415012,14491056,1028140,6.43,130500,3132440,2537412,15.88,1081004,3096524,80
fog-k3s-master3,1,2026-06-05 17:27:58 UTC,11415012,14491084,1028120,6.43,130500,3132460,2537412,15.88,1081004,3096552,28
fog-k3s-master3,1,2026-06-05 17:27:59 UTC,11414760,14490844,1028360,6.43,130504,3132468,2537412,15.88,1081408,3096564,44
fog-k3s-master3,1,2026-06-05 17:28:00 UTC,11414760,14490872,1028340,6.43,130504,3132488,2537412,15.88,1081488,3096592,72
fog-k3s-master3,1,2026-06-05 17:28:01 UTC,11414256,14490372,1028828,6.44,130504,3132504,2537412,15.88,1081500,3096596,84
fog-k3s-master3,1,2026-06-05 17:28:02 UTC,11414256,14490372,1028816,6.44,130504,3132516,2537412,15.88,1081500,3096596,92
fog-k3s-master3,1,2026-06-05 17:28:03 UTC,11414256,14490420,1028792,6.44,130504,3132536,2537412,15.88,1081500,3096640,40
fog-k3s-master3,1,2026-06-05 17:28:04 UTC,11414256,14490424,1028776,6.44,130504,3132552,2537412,15.88,1081500,3096644,56
fog-k3s-master3,1,2026-06-05 17:28:05 UTC,11414256,14490448,1028756,6.44,130504,3132564,2537412,15.88,1081108,3096668,68
fog-k3s-master3,1,2026-06-05 17:28:06 UTC,11414840,14491036,1028152,6.43,130504,3132580,2537412,15.88,1081168,3096672,84
fog-k3s-master3,1,2026-06-05 17:28:07 UTC,11414340,14490552,1028624,6.44,130504,3132608,2537412,15.88,1081012,3096688,288
fog-k3s-master3,1,2026-06-05 17:28:08 UTC,11414340,14490588,1028612,6.44,130504,3132620,2537412,15.88,1081036,3096724,192
fog-k3s-master3,1,2026-06-05 17:28:09 UTC,11414340,14490604,1028600,6.44,130504,3132636,2537412,15.88,1080152,3096740,236
fog-k3s-master3,1,2026-06-05 17:28:10 UTC,11414340,14490608,1028584,6.44,130504,3132652,2537412,15.88,1080152,3096744,248
fog-k3s-master3,1,2026-06-05 17:28:11 UTC,11414340,14490612,1028564,6.44,130508,3132668,2537412,15.88,1080152,3096748,260
fog-k3s-master3,1,2026-06-05 17:28:12 UTC,11414340,14490652,1028552,6.44,130508,3132680,2537412,15.88,1080152,3096788,96
fog-k3s-master3,1,2026-06-05 17:28:13 UTC,11414340,14490656,1028536,6.44,130508,3132696,2537412,15.88,1080152,3096792,48
fog-k3s-master3,1,2026-06-05 17:28:14 UTC,11414340,14490700,1028500,6.44,130512,3132728,2537412,15.88,1080716,3096836,60
fog-k3s-master3,1,2026-06-05 17:28:15 UTC,11414088,14490484,1028704,6.44,130520,3132752,2537412,15.88,1081152,3096872,72
fog-k3s-master3,1,2026-06-05 17:28:16 UTC,11414088,14490488,1028688,6.44,130532,3132756,2537412,15.88,1081184,3096876,264
fog-k3s-master3,1,2026-06-05 17:28:17 UTC,11414088,14490540,1028632,6.44,130532,3132808,2537412,15.88,1081244,3096928,300
fog-k3s-master3,1,2026-06-05 17:28:18 UTC,11413612,14490084,1029104,6.44,130536,3132828,2538052,15.88,1081244,3096948,248
fog-k3s-master3,1,2026-06-05 17:28:19 UTC,11414784,14491284,1027892,6.43,130552,3132852,2537412,15.88,1081244,3096976,264
fog-k3s-master3,1,2026-06-05 17:28:20 UTC,11414532,14491036,1028128,6.43,130552,3132868,2537412,15.88,1081364,3096980,232
fog-k3s-master3,1,2026-06-05 17:28:21 UTC,11414532,14491036,1028116,6.43,130552,3132880,2537412,15.88,1081400,3096980,244
fog-k3s-master3,1,2026-06-05 17:28:22 UTC,11414532,14491040,1028096,6.43,130556,3132896,2537412,15.88,1080880,3096984,88
fog-k3s-master3,1,2026-06-05 17:28:23 UTC,11414032,14490592,1028576,6.44,130560,3132912,2537412,15.88,1080780,3097036,36
fog-k3s-master3,1,2026-06-05 17:28:24 UTC,11415260,14491844,1027336,6.43,130560,3132924,2537412,15.88,1080780,3097060,52
fog-k3s-master3,1,2026-06-05 17:28:25 UTC,11415008,14491640,1027556,6.43,130572,3132944,2537412,15.88,1081080,3097108,56
fog-k3s-master3,1,2026-06-05 17:28:26 UTC,11414504,14491156,1028048,6.43,130572,3132956,2537412,15.88,1081392,3097128,244
fog-k3s-master3,1,2026-06-05 17:28:27 UTC,11414504,14491180,1028024,6.43,130576,3132972,2537412,15.88,1081396,3097148,96
fog-k3s-master3,1,2026-06-05 17:28:28 UTC,11413780,14490476,1028728,6.44,130580,3132988,2537412,15.88,1081672,3097168,44
fog-k3s-master3,1,2026-06-05 17:28:29 UTC,11411764,14488476,1030728,6.45,130580,3133004,2537412,15.88,1083704,3097184,60
fog-k3s-master3,1,2026-06-05 17:28:30 UTC,11411764,14488488,1030716,6.45,130580,3133016,2537412,15.88,1084312,3097196,72
fog-k3s-master3,1,2026-06-05 17:28:31 UTC,11410760,14487504,1031696,6.46,130588,3133032,2537412,15.88,1085520,3097216,64
fog-k3s-master3,1,2026-06-05 17:28:32 UTC,11409512,14486276,1032928,6.46,130588,3133048,2537412,15.88,1087196,3097236,244
fog-k3s-master3,1,2026-06-05 17:28:33 UTC,11408252,14485048,1034144,6.47,130592,3133072,2537412,15.88,1088316,3097260,256
fog-k3s-master3,1,2026-06-05 17:28:34 UTC,11408000,14484812,1034384,6.47,130592,3133084,2537412,15.88,1089608,3097276,196
fog-k3s-master3,1,2026-06-05 17:28:35 UTC,11408100,14484928,1034268,6.47,130592,3133100,2537412,15.88,1090296,3097292,220
fog-k3s-master3,1,2026-06-05 17:28:36 UTC,11407596,14484424,1034760,6.47,130592,3133112,2537412,15.88,1090560,3097292,108
fog-k3s-master3,1,2026-06-05 17:28:37 UTC,11407344,14484204,1034992,6.48,130596,3133128,2537412,15.88,1090368,3097324,164
fog-k3s-master3,1,2026-06-05 17:28:38 UTC,11407344,14484220,1034944,6.48,130596,3133144,2537412,15.88,1090504,3097340,124
fog-k3s-master3,1,2026-06-05 17:28:39 UTC,11406592,14483484,1035680,6.48,130600,3133156,2537412,15.88,1089672,3097356,72
fog-k3s-master3,1,2026-06-05 17:28:40 UTC,11406340,14483264,1035892,6.48,130600,3133188,2537412,15.88,1089748,3097384,112
fog-k3s-master3,1,2026-06-05 17:28:41 UTC,11406340,14483284,1035876,6.48,130600,3133204,2537412,15.88,1089764,3097404,112
fog-k3s-master3,1,2026-06-05 17:28:42 UTC,11406340,14483284,1035864,6.48,130600,3133216,2537412,15.88,1089768,3097404,60
fog-k3s-master3,1,2026-06-05 17:28:43 UTC,11406340,14483292,1035848,6.48,130604,3133232,2537412,15.88,1089796,3097412,96
fog-k3s-master3,1,2026-06-05 17:28:44 UTC,11406340,14483296,1035832,6.48,130604,3133248,2537412,15.88,1090216,3097416,60
fog-k3s-master3,1,2026-06-05 17:28:45 UTC,11406340,14483344,1035820,6.48,130604,3133260,2537412,15.88,1090248,3097464,60
fog-k3s-master3,1,2026-06-05 17:28:46 UTC,11406340,14483360,1035804,6.48,130604,3133276,2537412,15.88,1090796,3097480,244
fog-k3s-master3,1,2026-06-05 17:28:47 UTC,11406340,14483360,1035792,6.48,130604,3133288,2537412,15.88,1090796,3097480,256
fog-k3s-master3,1,2026-06-05 17:28:48 UTC,11406340,14483372,1035768,6.48,130604,3133312,2537412,15.88,1090960,3097492,232
fog-k3s-master3,1,2026-06-05 17:28:49 UTC,11409684,14486752,1032412,6.46,130608,3133320,2537412,15.88,1090968,3097528,324
fog-k3s-master3,1,2026-06-05 17:28:50 UTC,11409432,14486508,1032644,6.46,130608,3133340,2537412,15.88,1090984,3097536,316
fog-k3s-master3,1,2026-06-05 17:28:51 UTC,11409432,14486508,1032636,6.46,130608,3133348,2537412,15.88,1090996,3097536,324
fog-k3s-master3,1,2026-06-05 17:28:52 UTC,11409432,14486512,1032652,6.46,130608,3133364,2537412,15.88,1090300,3097540,100
fog-k3s-master3,1,2026-06-05 17:28:53 UTC,11409432,14486564,1032628,6.46,130612,3133380,2537412,15.88,1090300,3097588,68
fog-k3s-master3,1,2026-06-05 17:28:54 UTC,11409432,14486572,1032612,6.46,130612,3133396,2537412,15.88,1090300,3097596,32
fog-k3s-master3,1,2026-06-05 17:28:55 UTC,11409432,14486572,1032600,6.46,130612,3133408,2537412,15.88,1090428,3097596,28
fog-k3s-master3,1,2026-06-05 17:28:56 UTC,11409432,14486604,1032580,6.46,130612,3133428,2537412,15.88,1090792,3097628,240
fog-k3s-master3,1,2026-06-05 17:28:57 UTC,11409432,14486604,1032568,6.46,130612,3133440,2537412,15.88,1090792,3097628,80
fog-k3s-master3,1,2026-06-05 17:28:58 UTC,11409432,14486608,1032552,6.46,130612,3133456,2537412,15.88,1090808,3097632,100
fog-k3s-master3,1,2026-06-05 17:28:59 UTC,11408928,14486152,1033036,6.46,130616,3133472,2537412,15.88,1091372,3097680,4
fog-k3s-master3,1,2026-06-05 17:29:00 UTC,11408928,14486152,1033020,6.46,130616,3133484,2537412,15.88,1091372,3097680,20
fog-k3s-master3,1,2026-06-05 17:29:01 UTC,11408928,14486184,1033000,6.46,130620,3133500,2537412,15.88,1091372,3097712,228
fog-k3s-master3,1,2026-06-05 17:29:02 UTC,11408676,14485932,1033240,6.46,130620,3133512,2537412,15.88,1091372,3097712,240
fog-k3s-master3,1,2026-06-05 17:29:03 UTC,11408676,14485936,1033224,6.46,130620,3133528,2537412,15.88,1091420,3097716,264
fog-k3s-master3,1,2026-06-05 17:29:04 UTC,11408172,14485472,1033708,6.47,130620,3133548,2537412,15.88,1091464,3097756,276
fog-k3s-master3,1,2026-06-05 17:29:05 UTC,11408172,14485496,1033688,6.47,130620,3133560,2537412,15.88,1091092,3097780,228
fog-k3s-master3,1,2026-06-05 17:29:06 UTC,11408556,14485892,1033312,6.47,130620,3133584,2537412,15.88,1090984,3097792,32
fog-k3s-master3,1,2026-06-05 17:29:07 UTC,11408332,14485672,1033520,6.47,130620,3133600,2537412,15.88,1090804,3097796,84
fog-k3s-master3,1,2026-06-05 17:29:08 UTC,11408084,14485464,1033752,6.47,130620,3133616,2537412,15.88,1090804,3097836,96
fog-k3s-master3,1,2026-06-05 17:29:09 UTC,11406576,14483972,1035244,6.48,130620,3133632,2537412,15.88,1089868,3097852,44
fog-k3s-master3,1,2026-06-05 17:29:10 UTC,11407712,14485108,1034096,6.47,130620,3133644,2537412,15.88,1089868,3097852,60
fog-k3s-master3,1,2026-06-05 17:29:11 UTC,11407460,14484868,1034328,6.47,130624,3133660,2537412,15.88,1089868,3097864,252
fog-k3s-master3,1,2026-06-05 17:29:12 UTC,11407460,14484900,1034316,6.47,130624,3133672,2537412,15.88,1089868,3097896,80
fog-k3s-master3,1,2026-06-05 17:29:13 UTC,11407460,14484916,1034300,6.47,130624,3133688,2537412,15.88,1089868,3097912,84
fog-k3s-master3,1,2026-06-05 17:29:14 UTC,11407460,14484928,1034276,6.47,130624,3133708,2537412,15.88,1090284,3097924,108
fog-k3s-master3,1,2026-06-05 17:29:15 UTC,11407208,14484700,1034512,6.47,130624,3133724,2537412,15.88,1090632,3097948,56
fog-k3s-master3,1,2026-06-05 17:29:16 UTC,11407208,14484700,1034496,6.47,130624,3133736,2537412,15.88,1090848,3097948,76
fog-k3s-master3,1,2026-06-05 17:29:17 UTC,11406736,14484256,1034936,6.48,130624,3133768,2537412,15.88,1090928,3097976,280
fog-k3s-master3,1,2026-06-05 17:29:18 UTC,11406736,14484296,1034908,6.48,130624,3133788,2537412,15.88,1090948,3098012,292
fog-k3s-master3,1,2026-06-05 17:29:19 UTC,11406484,14484052,1035140,6.48,130624,3133808,2537412,15.88,1091000,3098020,240
fog-k3s-master3,1,2026-06-05 17:29:20 UTC,11406484,14484064,1035128,6.48,130624,3133820,2537412,15.88,1091000,3098032,200
fog-k3s-master3,1,2026-06-05 17:29:21 UTC,11406484,14484092,1035112,6.48,130624,3133836,2537412,15.88,1091000,3098060,216
fog-k3s-master3,1,2026-06-05 17:29:22 UTC,11406484,14484092,1035100,6.48,130624,3133848,2537412,15.88,1090480,3098060,68
fog-k3s-master3,1,2026-06-05 17:29:23 UTC,11406484,14484120,1035084,6.48,130624,3133864,2537412,15.88,1090292,3098088,80
fog-k3s-master3,1,2026-06-05 17:29:24 UTC,11406236,14483884,1035320,6.48,130624,3133876,2537412,15.88,1090292,3098100,96
fog-k3s-master3,1,2026-06-05 17:29:25 UTC,11405984,14483648,1035556,6.48,130624,3133892,2537412,15.88,1090760,3098116,28
fog-k3s-master3,1,2026-06-05 17:29:26 UTC,11405984,14483660,1035544,6.48,130624,3133908,2537412,15.88,1090868,3098128,48
fog-k3s-master3,1,2026-06-05 17:29:27 UTC,11405984,14483660,1035532,6.48,130628,3133916,2537412,15.88,1090868,3098128,60
fog-k3s-master3,1,2026-06-05 17:29:28 UTC,11405984,14483672,1035508,6.48,130628,3133940,2537412,15.88,1090868,3098140,84
fog-k3s-master3,1,2026-06-05 17:29:29 UTC,11405984,14483672,1035496,6.48,130628,3133952,2537412,15.88,1091300,3098140,96
fog-k3s-master3,1,2026-06-05 17:29:30 UTC,11405984,14483716,1035480,6.48,130628,3133968,2537412,15.88,1091336,3098184,68
fog-k3s-master3,1,2026-06-05 17:29:31 UTC,11405984,14483716,1035472,6.48,130628,3133976,2537412,15.88,1091352,3098184,16
fog-k3s-master3,1,2026-06-05 17:29:32 UTC,11405480,14483216,1035960,6.48,130628,3133992,2538268,15.88,1091612,3098188,240
fog-k3s-master3,1,2026-06-05 17:29:33 UTC,11404976,14482764,1036440,6.48,130632,3134008,2537412,15.88,1091376,3098236,256
fog-k3s-master3,1,2026-06-05 17:29:34 UTC,11404976,14482784,1036420,6.48,130632,3134028,2537412,15.88,1091380,3098256,268
fog-k3s-master3,1,2026-06-05 17:29:35 UTC,11404976,14482800,1036408,6.48,130632,3134040,2537412,15.88,1090764,3098272,280
fog-k3s-master3,1,2026-06-05 17:29:36 UTC,11404484,14482320,1036856,6.49,130632,3134064,2537412,15.88,1090752,3098284,252
fog-k3s-master3,1,2026-06-05 17:29:37 UTC,11404484,14482344,1036804,6.49,130632,3134084,2537412,15.88,1090588,3098308,56
fog-k3s-master3,1,2026-06-05 17:29:38 UTC,11404484,14482344,1036792,6.49,130632,3134096,2537412,15.88,1090588,3098308,68
fog-k3s-master3,1,2026-06-05 17:29:39 UTC,11404484,14482376,1036776,6.49,130632,3134108,2537412,15.88,1089840,3098340,84
fog-k3s-master3,1,2026-06-05 17:29:40 UTC,11404484,14482388,1036752,6.49,130632,3134132,2537412,15.88,1089840,3098352,44
fog-k3s-master3,1,2026-06-05 17:29:41 UTC,11404484,14482424,1036728,6.49,130632,3134152,2537412,15.88,1089872,3098384,72
fog-k3s-master3,1,2026-06-05 17:29:42 UTC,11404484,14482424,1036716,6.49,130632,3134164,2537412,15.88,1089684,3098384,256
fog-k3s-master3,1,2026-06-05 17:29:43 UTC,11404484,14482452,1036708,6.49,130632,3134180,2537412,15.88,1089684,3098412,244
fog-k3s-master3,1,2026-06-05 17:29:44 UTC,11404484,14482468,1036692,6.49,130632,3134196,2537412,15.88,1090140,3098428,256
fog-k3s-master3,1,2026-06-05 17:29:45 UTC,11404484,14482472,1036676,6.49,130632,3134212,2537412,15.88,1090312,3098432,192
fog-k3s-master3,1,2026-06-05 17:29:46 UTC,11404484,14482472,1036664,6.49,130632,3134224,2537412,15.88,1090560,3098432,236
fog-k3s-master3,1,2026-06-05 17:29:47 UTC,11404484,14482500,1036648,6.49,130632,3134240,2537412,15.88,1090600,3098460,64
fog-k3s-master3,1,2026-06-05 17:29:48 UTC,11404484,14482528,1036644,6.49,130632,3134256,2537412,15.88,1090732,3098488,44
fog-k3s-master3,1,2026-06-05 17:29:49 UTC,11404484,14482536,1036624,6.49,130632,3134276,2537412,15.88,1090784,3098496,68
fog-k3s-master3,1,2026-06-05 17:29:50 UTC,11404484,14482536,1036616,6.49,130632,3134284,2537412,15.88,1090788,3098496,16
fog-k3s-master3,1,2026-06-05 17:29:51 UTC,11404484,14482536,1036604,6.49,130632,3134296,2537412,15.88,1090788,3098496,32
fog-k3s-master3,1,2026-06-05 17:29:52 UTC,11404484,14482540,1036588,6.49,130632,3134312,2537412,15.88,1090240,3098500,56
fog-k3s-master3,1,2026-06-05 17:29:53 UTC,11404484,14482596,1036576,6.49,130632,3134324,2537412,15.88,1090244,3098556,68
fog-k3s-master3,1,2026-06-05 17:29:54 UTC,11404484,14482604,1036556,6.49,130632,3134344,2537412,15.88,1090248,3098564,64
fog-k3s-master3,1,2026-06-05 17:29:55 UTC,11404484,14482616,1036544,6.49,130632,3134356,2537412,15.88,1090364,3098576,76
fog-k3s-master3,1,2026-06-05 17:29:56 UTC,11404484,14482624,1036524,6.49,130632,3134376,2537412,15.88,1090736,3098584,32
fog-k3s-master3,1,2026-06-05 17:29:57 UTC,11404484,14482624,1036512,6.49,130632,3134388,2537412,15.88,1090736,3098584,224
fog-k3s-master3,1,2026-06-05 17:29:58 UTC,11404484,14482628,1036496,6.49,130632,3134404,2537412,15.88,1090784,3098588,248
fog-k3s-master3,1,2026-06-05 17:29:59 UTC,11403740,14481948,1037196,6.49,130636,3134416,2537412,15.88,1091276,3098652,260
fog-k3s-master3,1,2026-06-05 17:30:00 UTC,11403740,14481968,1037176,6.49,130636,3134436,2537412,15.88,1091348,3098672,244
fog-k3s-master3,1,2026-06-05 17:30:01 UTC,11403740,14481972,1037172,6.49,130640,3134448,2537412,15.88,1091356,3098676,192
fog-k3s-master3,1,2026-06-05 17:30:02 UTC,11403740,14481972,1037156,6.49,130640,3134464,2537412,15.88,1091356,3098676,52
fog-k3s-master3,1,2026-06-05 17:30:03 UTC,11403740,14482008,1037144,6.49,130644,3134472,2537412,15.88,1091356,3098712,64
fog-k3s-master3,1,2026-06-05 17:30:04 UTC,11403740,14482020,1037120,6.49,130644,3134496,2537412,15.88,1091364,3098724,80
fog-k3s-master3,1,2026-06-05 17:30:05 UTC,11403740,14482044,1037108,6.49,130644,3134508,2537412,15.88,1090612,3098748,52
fog-k3s-master3,1,2026-06-05 17:30:06 UTC,11404920,14483232,1035908,6.48,130644,3134532,2537412,15.88,1090796,3098756,28
fog-k3s-master3,1,2026-06-05 17:30:07 UTC,11403156,14481492,1037660,6.49,130644,3134544,2537412,15.88,1090416,3098780,212
fog-k3s-master3,1,2026-06-05 17:30:08 UTC,11403156,14481500,1037632,6.49,130644,3134564,2537412,15.88,1090616,3098788,300
fog-k3s-master3,1,2026-06-05 17:30:09 UTC,11403156,14481524,1037620,6.49,130644,3134576,2537412,15.88,1089720,3098812,312
fog-k3s-master3,1,2026-06-05 17:30:10 UTC,11403156,14481548,1037604,6.49,130644,3134592,2537412,15.88,1089720,3098836,320
fog-k3s-master3,1,2026-06-05 17:30:11 UTC,11403156,14481568,1037584,6.49,130652,3134604,2537412,15.88,1089720,3098856,336
fog-k3s-master3,1,2026-06-05 17:30:12 UTC,11403156,14481572,1037560,6.49,130652,3134624,2537412,15.88,1089720,3098856,108
fog-k3s-master3,1,2026-06-05 17:30:13 UTC,11403156,14481572,1037516,6.49,130652,3134636,2537412,15.88,1089720,3098856,76
fog-k3s-master3,1,2026-06-05 17:30:14 UTC,11403156,14481624,1037484,6.49,130652,3134664,2537412,15.88,1090168,3098908,112
fog-k3s-master3,1,2026-06-05 17:30:15 UTC,11402904,14481388,1037720,6.49,130652,3134680,2537412,15.88,1090168,3098924,124
fog-k3s-master3,1,2026-06-05 17:30:16 UTC,11402904,14481408,1037696,6.49,130660,3134692,2537412,15.88,1090696,3098944,344
fog-k3s-master3,1,2026-06-05 17:30:17 UTC,11402904,14481436,1037668,6.49,130660,3134720,2537412,15.88,1090748,3098972,252
fog-k3s-master3,1,2026-06-05 17:30:18 UTC,11402904,14481464,1037648,6.49,130660,3134740,2537412,15.88,1090836,3099000,280
fog-k3s-master3,1,2026-06-05 17:30:19 UTC,11402904,14481464,1037636,6.49,130664,3134748,2537412,15.88,1090836,3099000,264
fog-k3s-master3,1,2026-06-05 17:30:20 UTC,11402680,14481272,1037840,6.49,130664,3134768,2537412,15.88,1090836,3099032,276
fog-k3s-master3,1,2026-06-05 17:30:21 UTC,11402680,14481276,1037824,6.49,130664,3134784,2537412,15.88,1090836,3099036,236
fog-k3s-master3,1,2026-06-05 17:30:22 UTC,11402680,14481304,1037808,6.49,130664,3134800,2537412,15.88,1090316,3099064,16
fog-k3s-master3,1,2026-06-05 17:30:23 UTC,11402680,14481304,1037796,6.49,130664,3134812,2537412,15.88,1090280,3099064,28
fog-k3s-master3,1,2026-06-05 17:30:24 UTC,11402680,14481332,1037780,6.49,130664,3134828,2537412,15.88,1090280,3099092,64
fog-k3s-master3,1,2026-06-05 17:30:25 UTC,11402680,14481336,1037764,6.49,130664,3134844,2537412,15.88,1090280,3099096,76
fog-k3s-master3,1,2026-06-05 17:30:26 UTC,11402428,14481112,1038000,6.49,130664,3134860,2537412,15.88,1090928,3099124,92
fog-k3s-master3,1,2026-06-05 17:30:27 UTC,11402428,14481120,1037976,6.49,130668,3134876,2537412,15.88,1090928,3099128,240
fog-k3s-master3,1,2026-06-05 17:30:28 UTC,11402428,14481124,1037960,6.49,130672,3134888,2537412,15.88,1090928,3099132,252
fog-k3s-master3,1,2026-06-05 17:30:29 UTC,11402428,14481168,1037936,6.49,130672,3134908,2537412,15.88,1091448,3099176,224
fog-k3s-master3,1,2026-06-05 17:30:30 UTC,11402428,14481180,1037924,6.49,130672,3134916,2537412,15.88,1091496,3099188,248
fog-k3s-master3,1,2026-06-05 17:30:31 UTC,11402428,14481188,1037904,6.49,130672,3134936,2537412,15.88,1091548,3099196,212
fog-k3s-master3,1,2026-06-05 17:30:32 UTC,11402428,14481188,1037892,6.49,130672,3134948,2537412,15.88,1091548,3099196,56
fog-k3s-master3,1,2026-06-05 17:30:33 UTC,11401420,14480188,1038880,6.50,130672,3134968,2537412,15.88,1091548,3099204,76
fog-k3s-master3,1,2026-06-05 17:30:34 UTC,11401420,14480228,1038864,6.50,130672,3134984,2537412,15.88,1091548,3099244,88
fog-k3s-master3,1,2026-06-05 17:30:35 UTC,11401420,14480232,1038848,6.50,130672,3135000,2537412,15.88,1090620,3099248,64
fog-k3s-master3,1,2026-06-05 17:30:36 UTC,11401420,14480268,1038836,6.50,130672,3135012,2537412,15.88,1090884,3099284,76
fog-k3s-master3,1,2026-06-05 17:30:37 UTC,11401168,14480020,1039068,6.50,130676,3135028,2537412,15.88,1090832,3099288,60
fog-k3s-master3,1,2026-06-05 17:30:38 UTC,11401168,14480024,1039056,6.50,130676,3135040,2537412,15.88,1090832,3099292,72
fog-k3s-master3,1,2026-06-05 17:30:39 UTC,11401168,14480056,1039040,6.50,130680,3135052,2537412,15.88,1089932,3099324,88
fog-k3s-master3,1,2026-06-05 17:30:40 UTC,11399180,14478080,1041004,6.51,130684,3135072,2540576,15.90,1091560,3099336,116
fog-k3s-master3,1,2026-06-05 17:30:41 UTC,11403040,14481984,1037112,6.49,130688,3135096,2537412,15.88,1089940,3099380,400
fog-k3s-master3,1,2026-06-05 17:30:42 UTC,11402788,14481752,1037344,6.49,130688,3135116,2537412,15.88,1089956,3099400,316
fog-k3s-master3,1,2026-06-05 17:30:43 UTC,11402788,14481768,1037328,6.49,130688,3135132,2537412,15.88,1089956,3099416,332
fog-k3s-master3,1,2026-06-05 17:30:44 UTC,11402284,14481276,1037816,6.49,130688,3135144,2537412,15.88,1090468,3099428,368
fog-k3s-master3,1,2026-06-05 17:30:45 UTC,11402284,14481288,1037804,6.49,130692,3135152,2537412,15.88,1090496,3099440,380
fog-k3s-master3,1,2026-06-05 17:30:46 UTC,11401780,14480808,1038276,6.50,130692,3135176,2537412,15.88,1090928,3099460,256
fog-k3s-master3,1,2026-06-05 17:30:47 UTC,11401780,14480820,1038260,6.50,130692,3135188,2537412,15.88,1090928,3099472,204
fog-k3s-master3,1,2026-06-05 17:30:48 UTC,11401780,14480832,1038252,6.50,130692,3135200,2537412,15.88,1090980,3099484,240
fog-k3s-master3,1,2026-06-05 17:30:49 UTC,11401780,14480844,1038248,6.50,130692,3135212,2537412,15.88,1091064,3099496,248
fog-k3s-master3,1,2026-06-05 17:30:50 UTC,11401780,14480872,1038228,6.50,130692,3135232,2537412,15.88,1091064,3099524,260
fog-k3s-master3,1,2026-06-05 17:30:51 UTC,11401528,14480620,1038436,6.50,130692,3135244,2537412,15.88,1091064,3099524,76
fog-k3s-master3,1,2026-06-05 17:30:52 UTC,11400776,14479896,1039180,6.50,130692,3135260,2537412,15.88,1090404,3099552,0
fog-k3s-master3,1,2026-06-05 17:30:53 UTC,11400776,14479908,1039168,6.50,130692,3135272,2537412,15.88,1090336,3099564,56
fog-k3s-master3,1,2026-06-05 17:30:54 UTC,11400524,14479664,1039396,6.50,130696,3135288,2537412,15.88,1090336,3099572,68
fog-k3s-master3,1,2026-06-05 17:30:55 UTC,11404612,14483760,1035288,6.48,130700,3135304,2537412,15.88,1090336,3099580,80
fog-k3s-master3,1,2026-06-05 17:30:56 UTC,11403352,14482540,1036532,6.49,130700,3135320,2540388,15.89,1092124,3099620,272
fog-k3s-master3,1,2026-06-05 17:30:57 UTC,11404940,14484136,1034924,6.48,130700,3135340,2537412,15.88,1090888,3099628,300
fog-k3s-master3,1,2026-06-05 17:30:58 UTC,11404504,14483724,1035348,6.48,130700,3135352,2537412,15.88,1090904,3099652,200
fog-k3s-master3,1,2026-06-05 17:30:59 UTC,11404504,14483736,1035336,6.48,130700,3135364,2537412,15.88,1091284,3099664,240
fog-k3s-master3,1,2026-06-05 17:31:00 UTC,11404504,14483752,1035320,6.48,130700,3135380,2537412,15.88,1091436,3099680,252
fog-k3s-master3,1,2026-06-05 17:31:01 UTC,11402488,14481752,1037320,6.49,130700,3135396,2537412,15.88,1091428,3099696,276
fog-k3s-master3,1,2026-06-05 17:31:02 UTC,11402016,14481284,1037776,6.49,130700,3135412,2537412,15.88,1091500,3099700,356
fog-k3s-master3,1,2026-06-05 17:31:03 UTC,11404836,14484132,1034940,6.48,130700,3135428,2537412,15.88,1091500,3099728,76
fog-k3s-master3,1,2026-06-05 17:31:04 UTC,11404836,14484152,1034920,6.48,130700,3135448,2537412,15.88,1091500,3099748,88
fog-k3s-master3,1,2026-06-05 17:31:05 UTC,11404836,14484164,1034908,6.48,130700,3135460,2537412,15.88,1090752,3099760,52
fog-k3s-master3,1,2026-06-05 17:31:06 UTC,11405100,14484436,1034612,6.47,130700,3135488,2537412,15.88,1090932,3099764,84
fog-k3s-master3,1,2026-06-05 17:31:07 UTC,11404624,14484000,1035036,6.48,130704,3135504,2537412,15.88,1090756,3099804,240
fog-k3s-master3,1,2026-06-05 17:31:08 UTC,11404400,14483780,1035252,6.48,130704,3135516,2537412,15.88,1090796,3099808,256
fog-k3s-master3,1,2026-06-05 17:31:09 UTC,11404176,14483556,1035468,6.48,130704,3135524,2537412,15.88,1089936,3099808,280
fog-k3s-master3,1,2026-06-05 17:31:10 UTC,11404176,14483580,1035452,6.48,130704,3135540,2537412,15.88,1090000,3099832,292
fog-k3s-master3,1,2026-06-05 17:31:11 UTC,11404176,14483608,1035432,6.48,130704,3135556,2537412,15.88,1090008,3099860,284
fog-k3s-master3,1,2026-06-05 17:31:12 UTC,11404176,14483620,1035408,6.48,130708,3135576,2537412,15.88,1090008,3099872,48
fog-k3s-master3,1,2026-06-05 17:31:13 UTC,11404176,14483620,1035400,6.48,130708,3135588,2537412,15.88,1090008,3099872,64
fog-k3s-master3,1,2026-06-05 17:31:14 UTC,11403676,14483160,1035872,6.48,130712,3135612,2537412,15.88,1090440,3099912,84
fog-k3s-master3,1,2026-06-05 17:31:15 UTC,11403676,14483164,1035860,6.48,130712,3135624,2537412,15.88,1090488,3099916,96
fog-k3s-master3,1,2026-06-05 17:31:16 UTC,11403424,14482952,1036092,6.48,130716,3135640,2537412,15.88,1091096,3099956,244
fog-k3s-master3,1,2026-06-05 17:31:17 UTC,11403424,14482960,1036068,6.48,130716,3135664,2537412,15.88,1091148,3099964,92
fog-k3s-master3,1,2026-06-05 17:31:18 UTC,11402932,14482516,1036508,6.49,130720,3135688,2537412,15.88,1091236,3100008,92
fog-k3s-master3,1,2026-06-05 17:31:19 UTC,11402932,14482516,1036496,6.49,130720,3135700,2537412,15.88,1091236,3100008,80
fog-k3s-master3,1,2026-06-05 17:31:20 UTC,11402932,14482544,1036480,6.49,130720,3135716,2537412,15.88,1091236,3100036,92
fog-k3s-master3,1,2026-06-05 17:31:21 UTC,11402932,14482544,1036468,6.48,130720,3135728,2537412,15.88,1091236,3100036,104
fog-k3s-master3,1,2026-06-05 17:31:22 UTC,11402932,14482552,1036448,6.48,130720,3135748,2537412,15.88,1090620,3100044,284
fog-k3s-master3,1,2026-06-05 17:31:23 UTC,11402176,14481832,1037192,6.49,130720,3135760,2537412,15.88,1090624,3100080,172
fog-k3s-master3,1,2026-06-05 17:31:24 UTC,11402580,14482252,1036772,6.49,130720,3135776,2537412,15.88,1090708,3100096,224
fog-k3s-master3,1,2026-06-05 17:31:25 UTC,11402580,14482252,1036760,6.49,130720,3135788,2537412,15.88,1090708,3100096,236
fog-k3s-master3,1,2026-06-05 17:31:26 UTC,11402580,14482288,1036744,6.49,130724,3135808,2537412,15.88,1091108,3100132,264
fog-k3s-master3,1,2026-06-05 17:31:27 UTC,11402580,14482300,1036732,6.49,130724,3135820,2537412,15.88,1091172,3100144,92
fog-k3s-master3,1,2026-06-05 17:31:28 UTC,11402328,14482068,1036964,6.49,130728,3135836,2537412,15.88,1091268,3100164,44
fog-k3s-master3,1,2026-06-05 17:31:29 UTC,11402328,14482076,1036944,6.49,130728,3135844,2537412,15.88,1091712,3100172,16
fog-k3s-master3,1,2026-06-05 17:31:30 UTC,11402328,14482096,1036924,6.49,130728,3135864,2537412,15.88,1091772,3100192,56
fog-k3s-master3,1,2026-06-05 17:31:31 UTC,11402328,14482100,1036908,6.49,130728,3135876,2537412,15.88,1091776,3100192,64
fog-k3s-master3,1,2026-06-05 17:31:32 UTC,11402328,14482128,1036920,6.49,130732,3135892,2537412,15.88,1091776,3100220,232
fog-k3s-master3,1,2026-06-05 17:31:33 UTC,11402968,14482772,1036268,6.48,130732,3135904,2537412,15.88,1091776,3100224,184
fog-k3s-master3,1,2026-06-05 17:31:34 UTC,11402968,14482792,1036248,6.48,130732,3135924,2537412,15.88,1091776,3100244,200
fog-k3s-master3,1,2026-06-05 17:31:35 UTC,11402716,14482540,1036488,6.49,130732,3135936,2537412,15.88,1090992,3100244,172
fog-k3s-master3,1,2026-06-05 17:31:36 UTC,11402464,14482328,1036724,6.49,130732,3135952,2537412,15.88,1091132,3100284,56
