# hostname,interval,timestamp,kbmemfree,kbavail,kbmemused,%memused,kbbuffers,kbcached,kbcommit,%commit,kbactive,kbinact,kbdirty
fog-k3s-master1,1,2026-06-06 08:07:15 UTC,15019388,15407416,219972,1.38,45960,595020,239404,1.50,211440,488400,704
fog-k3s-master1,1,2026-06-06 08:07:16 UTC,15021712,15409740,217636,1.36,45960,595032,239404,1.50,211440,488400,752
fog-k3s-master1,1,2026-06-06 08:07:17 UTC,15022808,15410836,216528,1.35,45960,595044,239404,1.50,211484,488400,708
fog-k3s-master1,1,2026-06-06 08:07:18 UTC,15024652,15412720,214676,1.34,45960,595052,239404,1.50,211504,488440,708
fog-k3s-master1,1,2026-06-06 08:07:19 UTC,15026268,15414336,213036,1.33,45972,595064,239404,1.50,211504,488440,812
fog-k3s-master1,1,2026-06-06 08:07:20 UTC,15027680,15415772,211616,1.32,45972,595072,239404,1.50,211504,488464,812
fog-k3s-master1,1,2026-06-06 08:07:21 UTC,15028308,15416400,210976,1.32,45972,595084,239404,1.50,211504,488464,824
fog-k3s-master1,1,2026-06-06 08:07:22 UTC,15028308,15416400,210968,1.32,45972,595092,239404,1.50,211504,488464,832
fog-k3s-master1,1,2026-06-06 08:07:23 UTC,15029036,15417128,210228,1.32,45972,595104,239404,1.50,211504,488464,844
fog-k3s-master1,1,2026-06-06 08:07:24 UTC,15029036,15417128,210212,1.32,45980,595112,239404,1.50,211520,488464,792
fog-k3s-master1,1,2026-06-06 08:07:25 UTC,15032472,15420564,206764,1.29,45980,595124,239404,1.50,211520,488464,568
fog-k3s-master1,1,2026-06-06 08:07:26 UTC,15034776,15422928,204452,1.28,45980,595132,239404,1.50,211520,488524,576
fog-k3s-master1,1,2026-06-06 08:07:27 UTC,15037900,15426052,201316,1.26,45980,595144,239404,1.50,211520,488524,588
fog-k3s-master1,1,2026-06-06 08:07:28 UTC,15039664,15427816,199540,1.25,45980,595156,239404,1.50,211520,488524,600
fog-k3s-master1,1,2026-06-06 08:07:29 UTC,15042560,15430744,196628,1.23,45988,595164,239404,1.50,211520,488556,740
fog-k3s-master1,1,2026-06-06 08:07:30 UTC,15042560,15430744,196616,1.23,45988,595176,239404,1.50,211520,488556,752
fog-k3s-master1,1,2026-06-06 08:07:31 UTC,15042768,15430952,196400,1.23,45988,595184,239404,1.50,211520,488556,760
fog-k3s-master1,1,2026-06-06 08:07:32 UTC,15042768,15430952,196388,1.23,45988,595196,239404,1.50,211520,488556,772
fog-k3s-master1,1,2026-06-06 08:07:33 UTC,15042768,15430952,196380,1.23,45988,595204,239404,1.50,211520,488556,780
fog-k3s-master1,1,2026-06-06 08:07:34 UTC,15042768,15430988,196360,1.23,45996,595216,239404,1.50,211528,488592,796
fog-k3s-master1,1,2026-06-06 08:07:35 UTC,15042768,15431048,196352,1.23,45996,595224,239404,1.50,211528,488652,804
fog-k3s-master1,1,2026-06-06 08:07:36 UTC,15042768,15431048,196340,1.23,45996,595236,239404,1.50,211528,488652,816
fog-k3s-master1,1,2026-06-06 08:07:37 UTC,15042768,15431048,196332,1.23,45996,595244,239404,1.50,211528,488652,824
fog-k3s-master1,1,2026-06-06 08:07:38 UTC,15042768,15431048,196320,1.23,45996,595256,239404,1.50,211528,488652,836
fog-k3s-master1,1,2026-06-06 08:07:39 UTC,15042768,15431048,196304,1.23,46004,595264,239404,1.50,211528,488652,868
fog-k3s-master1,1,2026-06-06 08:07:40 UTC,15042768,15431056,196292,1.23,46004,595276,239404,1.50,211528,488660,876
fog-k3s-master1,1,2026-06-06 08:07:41 UTC,15042768,15431116,196280,1.23,46004,595288,239404,1.50,211528,488720,888
fog-k3s-master1,1,2026-06-06 08:07:42 UTC,15042768,15431116,196272,1.23,46004,595296,239404,1.50,211528,488720,896
fog-k3s-master1,1,2026-06-06 08:07:43 UTC,15042768,15431116,196260,1.23,46004,595308,239404,1.50,211528,488720,908
fog-k3s-master1,1,2026-06-06 08:07:44 UTC,15042768,15431116,196252,1.23,46012,595308,239404,1.50,211528,488720,916
fog-k3s-master1,1,2026-06-06 08:07:45 UTC,15042768,15431244,196104,1.23,46012,595456,239404,1.50,211648,488728,936
fog-k3s-master1,1,2026-06-06 08:07:46 UTC,15042768,15431244,196096,1.23,46012,595464,239404,1.50,211648,488728,944
fog-k3s-master1,1,2026-06-06 08:07:47 UTC,15042768,15431304,196084,1.23,46012,595476,239404,1.50,211648,488788,176
fog-k3s-master1,1,2026-06-06 08:07:48 UTC,15043020,15431556,195824,1.23,46012,595484,239404,1.50,211648,488788,180
fog-k3s-master1,1,2026-06-06 08:07:49 UTC,15043272,15431808,195552,1.22,46020,595496,239404,1.50,211648,488788,240
fog-k3s-master1,1,2026-06-06 08:07:50 UTC,15043272,15431816,195544,1.22,46020,595504,239404,1.50,211648,488796,244
fog-k3s-master1,1,2026-06-06 08:07:51 UTC,15043272,15431816,195532,1.22,46020,595516,239404,1.50,211648,488796,256
fog-k3s-master1,1,2026-06-06 08:07:52 UTC,15043272,15431816,195520,1.22,46020,595528,239404,1.50,211648,488796,268
fog-k3s-master1,1,2026-06-06 08:07:53 UTC,15043020,15431624,195764,1.22,46020,595536,239404,1.50,211648,488856,276
fog-k3s-master1,1,2026-06-06 08:07:54 UTC,15043020,15431624,195744,1.22,46028,595548,239404,1.50,211648,488856,272
fog-k3s-master1,1,2026-06-06 08:07:55 UTC,15043020,15431624,195736,1.22,46028,595556,239404,1.50,211648,488856,280
fog-k3s-master1,1,2026-06-06 08:07:56 UTC,15043020,15431624,195724,1.22,46028,595568,239404,1.50,211648,488856,292
fog-k3s-master1,1,2026-06-06 08:07:57 UTC,15043020,15431624,195716,1.22,46028,595576,239404,1.50,211648,488856,300
fog-k3s-master1,1,2026-06-06 08:07:58 UTC,15043020,15431624,195704,1.22,46028,595588,239404,1.50,211648,488856,312
fog-k3s-master1,1,2026-06-06 08:07:59 UTC,15043020,15431684,195688,1.22,46036,595596,239404,1.50,211648,488916,344
fog-k3s-master1,1,2026-06-06 08:08:00 UTC,15043020,15431684,195676,1.22,46036,595608,239404,1.50,211648,488916,148
fog-k3s-master1,1,2026-06-06 08:08:01 UTC,15043020,15431684,195668,1.22,46036,595616,239404,1.50,211648,488916,156
fog-k3s-master1,1,2026-06-06 08:08:02 UTC,15043020,15431684,195656,1.22,46036,595628,239404,1.50,211648,488916,168
fog-k3s-master1,1,2026-06-06 08:08:03 UTC,15043020,15431684,195648,1.22,46036,595636,239404,1.50,211648,488916,176
fog-k3s-master1,1,2026-06-06 08:08:04 UTC,15043020,15431684,195636,1.22,46044,595640,239404,1.50,211648,488916,188
fog-k3s-master1,1,2026-06-06 08:08:05 UTC,15043020,15431744,195616,1.22,46044,595660,239404,1.50,211648,488976,316
fog-k3s-master1,1,2026-06-06 08:08:06 UTC,15043020,15431744,195608,1.22,46044,595668,239404,1.50,211648,488976,324
fog-k3s-master1,1,2026-06-06 08:08:07 UTC,15043020,15431744,195596,1.22,46044,595680,239404,1.50,211648,488976,336
fog-k3s-master1,1,2026-06-06 08:08:08 UTC,15043020,15431744,195588,1.22,46044,595688,239404,1.50,211648,488976,344
fog-k3s-master1,1,2026-06-06 08:08:09 UTC,15043020,15431744,195576,1.22,46052,595692,239404,1.50,211648,488976,356
fog-k3s-master1,1,2026-06-06 08:08:10 UTC,15043020,15431744,195560,1.22,46052,595708,239404,1.50,211648,488976,384
fog-k3s-master1,1,2026-06-06 08:08:11 UTC,15051084,15439868,187480,1.17,46052,595720,239404,1.50,211648,489036,396
fog-k3s-master1,1,2026-06-06 08:08:12 UTC,15051084,15439868,187472,1.17,46052,595728,239404,1.50,211648,489036,404
fog-k3s-master1,1,2026-06-06 08:08:13 UTC,15051336,15440120,187208,1.17,46052,595740,239404,1.50,211648,489036,416
fog-k3s-master1,1,2026-06-06 08:08:14 UTC,15060512,15449332,178020,1.11,46060,595748,236572,1.48,209036,489072,520
fog-k3s-master1,1,2026-06-06 08:08:15 UTC,15059756,15448576,178764,1.12,46060,595760,236572,1.48,209036,489072,532
fog-k3s-master1,1,2026-06-06 08:08:16 UTC,15059756,15448576,178752,1.12,46060,595772,236572,1.48,209036,489072,544
fog-k3s-master1,1,2026-06-06 08:08:17 UTC,15059532,15448352,178968,1.12,46060,595780,236572,1.48,209036,489072,552
fog-k3s-master1,1,2026-06-06 08:08:18 UTC,15059532,15448396,178956,1.12,46060,595792,236572,1.48,209036,489116,244
fog-k3s-master1,1,2026-06-06 08:08:19 UTC,15059532,15448404,178940,1.12,46068,595800,236572,1.48,209036,489124,284
fog-k3s-master1,1,2026-06-06 08:08:20 UTC,15059784,15448656,178676,1.12,46068,595812,236572,1.48,209036,489124,296
fog-k3s-master1,1,2026-06-06 08:08:21 UTC,15059784,15448656,178668,1.12,46068,595820,236572,1.48,209036,489124,304
fog-k3s-master1,1,2026-06-06 08:08:22 UTC,15059784,15448656,178656,1.12,46068,595832,236572,1.48,209036,489124,316
fog-k3s-master1,1,2026-06-06 08:08:23 UTC,15059784,15448656,178648,1.12,46068,595840,236572,1.48,209036,489124,324
fog-k3s-master1,1,2026-06-06 08:08:24 UTC,15059532,15448404,178880,1.12,46076,595852,236572,1.48,209036,489124,356
fog-k3s-master1,1,2026-06-06 08:08:25 UTC,15059532,15448464,178872,1.12,46076,595860,236572,1.48,209036,489184,344
fog-k3s-master1,1,2026-06-06 08:08:26 UTC,15058524,15447456,179864,1.13,46076,595872,236572,1.48,209036,489184,356
fog-k3s-master1,1,2026-06-06 08:08:27 UTC,15058524,15447456,179856,1.13,46076,595880,236572,1.48,209036,489184,364
fog-k3s-master1,1,2026-06-06 08:08:28 UTC,15058524,15447456,179844,1.13,46076,595892,236572,1.48,209036,489184,376
fog-k3s-master1,1,2026-06-06 08:08:29 UTC,15058524,15447520,179816,1.13,46084,595908,236572,1.48,209036,489244,416
fog-k3s-master1,1,2026-06-06 08:08:30 UTC,15058524,15447572,179808,1.13,46084,595916,236572,1.48,209036,489296,416
fog-k3s-master1,1,2026-06-06 08:08:31 UTC,15058524,15447572,179796,1.12,46084,595928,236572,1.48,209036,489296,428
fog-k3s-master1,1,2026-06-06 08:08:32 UTC,15058524,15447572,179788,1.12,46084,595936,236572,1.48,209036,489296,436
fog-k3s-master1,1,2026-06-06 08:08:33 UTC,15058524,15447572,179776,1.12,46084,595948,236572,1.48,209036,489296,448
fog-k3s-master1,1,2026-06-06 08:08:34 UTC,15058524,15447572,179760,1.12,46092,595956,236572,1.48,209036,489296,460
fog-k3s-master1,1,2026-06-06 08:08:35 UTC,15058524,15447572,179748,1.12,46092,595968,236572,1.48,209036,489296,180
fog-k3s-master1,1,2026-06-06 08:08:36 UTC,15058524,15447632,179740,1.12,46092,595976,236572,1.48,209036,489356,188
fog-k3s-master1,1,2026-06-06 08:08:37 UTC,15058524,15447632,179728,1.12,46092,595988,236572,1.48,209036,489356,200
fog-k3s-master1,1,2026-06-06 08:08:38 UTC,15058524,15447632,179720,1.12,46092,595996,236572,1.48,209036,489356,208
fog-k3s-master1,1,2026-06-06 08:08:39 UTC,15058524,15447632,179700,1.12,46100,596008,236572,1.48,209036,489356,364
fog-k3s-master1,1,2026-06-06 08:08:40 UTC,15058524,15447632,179688,1.12,46100,596020,236572,1.48,209036,489356,376
fog-k3s-master1,1,2026-06-06 08:08:41 UTC,15058524,15447632,179680,1.12,46100,596028,236572,1.48,209036,489356,384
fog-k3s-master1,1,2026-06-06 08:08:42 UTC,15058524,15447692,179664,1.12,46100,596040,236572,1.48,209036,489416,396
fog-k3s-master1,1,2026-06-06 08:08:43 UTC,15058524,15447692,179656,1.12,46100,596048,236572,1.48,209036,489416,404
fog-k3s-master1,1,2026-06-06 08:08:44 UTC,15056508,15445676,181660,1.14,46108,596052,236572,1.48,209036,489416,416
fog-k3s-master1,1,2026-06-06 08:08:45 UTC,15052000,15441228,186148,1.16,46108,596068,239424,1.50,210356,489476,280
fog-k3s-master1,1,2026-06-06 08:08:46 UTC,15051496,15440724,186636,1.17,46108,596080,240024,1.50,210676,489476,456
fog-k3s-master1,1,2026-06-06 08:08:47 UTC,15051496,15440724,186628,1.17,46108,596088,240024,1.50,210676,489476,464
fog-k3s-master1,1,2026-06-06 08:08:48 UTC,15051496,15440748,186616,1.17,46108,596100,240024,1.50,210712,489500,476
fog-k3s-master1,1,2026-06-06 08:08:49 UTC,15059004,15448272,179100,1.12,46116,596100,236572,1.48,209096,489516,224
fog-k3s-master1,1,2026-06-06 08:08:50 UTC,15058752,15448020,179348,1.12,46116,596120,236572,1.48,209012,489524,300
fog-k3s-master1,1,2026-06-06 08:08:51 UTC,15058752,15448020,179340,1.12,46116,596128,236572,1.48,209012,489524,308
fog-k3s-master1,1,2026-06-06 08:08:52 UTC,15058248,15447516,179832,1.13,46116,596140,236572,1.48,209012,489524,316
fog-k3s-master1,1,2026-06-06 08:08:53 UTC,15058248,15447516,179820,1.13,46116,596152,236572,1.48,209012,489524,328
fog-k3s-master1,1,2026-06-06 08:08:54 UTC,15058248,15447516,179804,1.12,46124,596160,236572,1.48,209012,489524,352
fog-k3s-master1,1,2026-06-06 08:08:55 UTC,15058248,15447584,179792,1.12,46124,596172,236572,1.48,209012,489592,332
fog-k3s-master1,1,2026-06-06 08:08:56 UTC,15058248,15447584,179784,1.12,46124,596180,236572,1.48,209012,489592,340
fog-k3s-master1,1,2026-06-06 08:08:57 UTC,15057240,15446580,180776,1.13,46124,596192,236572,1.48,209012,489592,352
fog-k3s-master1,1,2026-06-06 08:08:58 UTC,15057240,15446580,180768,1.13,46124,596200,236572,1.48,209012,489592,360
fog-k3s-master1,1,2026-06-06 08:08:59 UTC,15057240,15446580,180748,1.13,46132,596212,236572,1.48,209012,489592,392
fog-k3s-master1,1,2026-06-06 08:09:00 UTC,15057240,15446580,180740,1.13,46132,596220,236572,1.48,209012,489592,400
fog-k3s-master1,1,2026-06-06 08:09:01 UTC,15057240,15446640,180728,1.13,46132,596232,236572,1.48,209012,489652,412
fog-k3s-master1,1,2026-06-06 08:09:02 UTC,15057240,15446640,180720,1.13,46132,596240,236572,1.48,209012,489652,420
fog-k3s-master1,1,2026-06-06 08:09:03 UTC,15057240,15446640,180708,1.13,46132,596252,236572,1.48,209012,489652,432
fog-k3s-master1,1,2026-06-06 08:09:04 UTC,15057240,15446640,180688,1.13,46140,596264,236572,1.48,209012,489652,460
fog-k3s-master1,1,2026-06-06 08:09:05 UTC,15057240,15446640,180680,1.13,46140,596272,236572,1.48,209036,489652,456
fog-k3s-master1,1,2026-06-06 08:09:06 UTC,15057240,15446640,180668,1.13,46140,596284,236572,1.48,209036,489652,468
fog-k3s-master1,1,2026-06-06 08:09:07 UTC,15057240,15446700,180660,1.13,46140,596292,236572,1.48,209036,489712,476
fog-k3s-master1,1,2026-06-06 08:09:08 UTC,15057240,15446700,180648,1.13,46140,596304,236572,1.48,209036,489712,488
fog-k3s-master1,1,2026-06-06 08:09:09 UTC,15057240,15446700,180632,1.13,46148,596312,236572,1.48,209036,489712,520
fog-k3s-master1,1,2026-06-06 08:09:10 UTC,15057492,15446952,180368,1.13,46148,596324,236572,1.48,209036,489712,528
fog-k3s-master1,1,2026-06-06 08:09:11 UTC,15057492,15446952,180360,1.13,46148,596332,236572,1.48,209036,489712,536
fog-k3s-master1,1,2026-06-06 08:09:12 UTC,15057492,15446952,180344,1.13,46148,596344,236572,1.48,209036,489712,548
fog-k3s-master1,1,2026-06-06 08:09:13 UTC,15057492,15447012,180336,1.13,46148,596352,236572,1.48,209036,489772,556
fog-k3s-master1,1,2026-06-06 08:09:14 UTC,15055476,15444996,182340,1.14,46156,596356,236572,1.48,209036,489772,568
fog-k3s-master1,1,2026-06-06 08:09:15 UTC,15055476,15444996,182320,1.14,46156,596376,236572,1.48,209036,489772,276
fog-k3s-master1,1,2026-06-06 08:09:16 UTC,15055476,15444996,182312,1.14,46156,596384,236572,1.48,209036,489772,284
fog-k3s-master1,1,2026-06-06 08:09:17 UTC,15055476,15444996,182300,1.14,46156,596396,236572,1.48,209036,489772,296
fog-k3s-master1,1,2026-06-06 08:09:18 UTC,15055476,15444996,182292,1.14,46156,596404,236572,1.48,209036,489772,304
fog-k3s-master1,1,2026-06-06 08:09:19 UTC,15055476,15445056,182272,1.14,46164,596416,236572,1.48,209036,489832,464
fog-k3s-master1,1,2026-06-06 08:09:20 UTC,15055476,15445056,182264,1.14,46164,596424,236572,1.48,209036,489832,212
fog-k3s-master1,1,2026-06-06 08:09:21 UTC,15055476,15445056,182252,1.14,46164,596436,236572,1.48,209036,489832,168
fog-k3s-master1,1,2026-06-06 08:09:22 UTC,15055476,15445056,182244,1.14,46164,596444,236572,1.48,209036,489832,176
fog-k3s-master1,1,2026-06-06 08:09:23 UTC,15055476,15445056,182232,1.14,46164,596456,236572,1.48,209036,489832,188
fog-k3s-master1,1,2026-06-06 08:09:24 UTC,15055476,15445056,182216,1.14,46172,596464,236572,1.48,209036,489832,196
fog-k3s-master1,1,2026-06-06 08:09:25 UTC,15055476,15445116,182204,1.14,46172,596476,236572,1.48,209036,489892,208
fog-k3s-master1,1,2026-06-06 08:09:26 UTC,15055476,15445116,182196,1.14,46172,596484,236572,1.48,209036,489892,152
fog-k3s-master1,1,2026-06-06 08:09:27 UTC,15055476,15445116,182184,1.14,46172,596496,236572,1.48,209036,489892,168
fog-k3s-master1,1,2026-06-06 08:09:28 UTC,15055476,15445120,182168,1.14,46172,596508,236572,1.48,209036,489892,180
fog-k3s-master1,1,2026-06-06 08:09:29 UTC,15055476,15445120,182152,1.14,46180,596516,236572,1.48,209036,489892,224
fog-k3s-master1,1,2026-06-06 08:09:30 UTC,15055476,15445180,182140,1.14,46180,596528,236572,1.48,209036,489952,232
fog-k3s-master1,1,2026-06-06 08:09:31 UTC,15055476,15445180,182132,1.14,46180,596536,236572,1.48,209036,489952,240
fog-k3s-master1,1,2026-06-06 08:09:32 UTC,15055476,15445180,182120,1.14,46180,596548,236572,1.48,209036,489952,252
fog-k3s-master1,1,2026-06-06 08:09:33 UTC,15055476,15445180,182112,1.14,46180,596556,236572,1.48,209036,489952,196
fog-k3s-master1,1,2026-06-06 08:09:34 UTC,15055476,15445240,182092,1.14,46188,596568,236572,1.48,209036,490012,224
fog-k3s-master1,1,2026-06-06 08:09:35 UTC,15055476,15445240,182084,1.14,46188,596576,236572,1.48,209036,490012,212
fog-k3s-master1,1,2026-06-06 08:09:36 UTC,15055476,15445304,182056,1.14,46204,596588,236572,1.48,209044,490076,68
fog-k3s-master1,1,2026-06-06 08:09:37 UTC,15055476,15445304,182048,1.14,46204,596596,236572,1.48,209044,490076,76
fog-k3s-master1,1,2026-06-06 08:09:38 UTC,15055476,15445304,182036,1.14,46204,596608,236572,1.48,209044,490076,88
fog-k3s-master1,1,2026-06-06 08:09:39 UTC,15055476,15445332,182016,1.14,46212,596620,236572,1.48,209052,490096,172
fog-k3s-master1,1,2026-06-06 08:09:40 UTC,15055476,15445332,182008,1.14,46212,596628,236572,1.48,209052,490096,180
fog-k3s-master1,1,2026-06-06 08:09:41 UTC,15055476,15445332,181996,1.14,46212,596640,236572,1.48,209052,490096,164
fog-k3s-master1,1,2026-06-06 08:09:42 UTC,15055476,15445392,181988,1.14,46212,596648,236572,1.48,209052,490156,172
fog-k3s-master1,1,2026-06-06 08:09:43 UTC,15055476,15445392,181972,1.14,46212,596660,236572,1.48,209052,490156,184
fog-k3s-master1,1,2026-06-06 08:09:44 UTC,15055476,15445392,181964,1.14,46212,596668,236572,1.48,209052,490156,192
fog-k3s-master1,1,2026-06-06 08:09:45 UTC,15055728,15445644,181692,1.14,46220,596680,236572,1.48,209052,490156,184
fog-k3s-master1,1,2026-06-06 08:09:46 UTC,15055728,15445644,181684,1.14,46220,596688,236572,1.48,209052,490156,192
fog-k3s-master1,1,2026-06-06 08:09:47 UTC,15055728,15445644,181672,1.14,46220,596700,236572,1.48,209052,490156,204
fog-k3s-master1,1,2026-06-06 08:09:48 UTC,15055728,15445704,181664,1.14,46220,596708,236572,1.48,209052,490216,212
fog-k3s-master1,1,2026-06-06 08:09:49 UTC,15055728,15445704,181652,1.14,46220,596720,236572,1.48,209052,490216,236
fog-k3s-master1,1,2026-06-06 08:09:50 UTC,15055728,15445704,181644,1.14,46228,596720,236572,1.48,209052,490216,244
fog-k3s-master1,1,2026-06-06 08:09:51 UTC,15055728,15445728,181624,1.14,46228,596740,236572,1.48,209052,490240,16
fog-k3s-master1,1,2026-06-06 08:09:52 UTC,15055728,15445728,181612,1.14,46228,596752,236572,1.48,209052,490240,28
fog-k3s-master1,1,2026-06-06 08:09:53 UTC,15055728,15445728,181604,1.14,46228,596760,236572,1.48,209052,490240,36
fog-k3s-master1,1,2026-06-06 08:09:54 UTC,15055728,15445788,181592,1.14,46228,596772,236572,1.48,209052,490300,184
fog-k3s-master1,1,2026-06-06 08:09:55 UTC,15051696,15441756,185616,1.16,46228,596780,236572,1.48,209052,490300,192
fog-k3s-master1,1,2026-06-06 08:09:56 UTC,15051696,15441756,185604,1.16,46236,596784,236572,1.48,209052,490300,204
fog-k3s-master1,1,2026-06-06 08:09:57 UTC,15051696,15441768,185584,1.16,46236,596800,236572,1.48,209052,490308,176
fog-k3s-master1,1,2026-06-06 08:09:58 UTC,15051696,15441768,185600,1.16,46236,596812,236572,1.48,209052,490308,188
fog-k3s-master1,1,2026-06-06 08:09:59 UTC,15051472,15441596,185820,1.16,46236,596820,239552,1.50,210364,490360,60
fog-k3s-master1,1,2026-06-06 08:10:00 UTC,15054212,15444348,183076,1.15,46236,596832,236572,1.48,209148,490372,72
fog-k3s-master1,1,2026-06-06 08:10:01 UTC,15054212,15444348,183068,1.15,46244,596832,236572,1.48,209148,490372,80
fog-k3s-master1,1,2026-06-06 08:10:02 UTC,15054396,15444568,182856,1.14,46244,596856,236572,1.48,209040,490404,236
fog-k3s-master1,1,2026-06-06 08:10:03 UTC,15054396,15444568,182844,1.14,46244,596868,236572,1.48,209040,490404,252
fog-k3s-master1,1,2026-06-06 08:10:04 UTC,15054396,15444568,182836,1.14,46244,596876,236572,1.48,209040,490404,352
fog-k3s-master1,1,2026-06-06 08:10:05 UTC,15054396,15444568,182824,1.14,46244,596888,236572,1.48,209064,490404,348
fog-k3s-master1,1,2026-06-06 08:10:06 UTC,15054396,15444568,182816,1.14,46244,596896,236572,1.48,209064,490404,356
fog-k3s-master1,1,2026-06-06 08:10:07 UTC,15054396,15444568,182796,1.14,46252,596908,236572,1.48,209064,490404,400
fog-k3s-master1,1,2026-06-06 08:10:08 UTC,15054396,15444628,182788,1.14,46252,596916,236572,1.48,209064,490464,408
fog-k3s-master1,1,2026-06-06 08:10:09 UTC,15054396,15444636,182776,1.14,46252,596928,236572,1.48,209064,490472,376
fog-k3s-master1,1,2026-06-06 08:10:10 UTC,15054396,15444636,182768,1.14,46252,596936,236572,1.48,209064,490472,384
fog-k3s-master1,1,2026-06-06 08:10:11 UTC,15054396,15444636,182756,1.14,46252,596948,236572,1.48,209064,490472,396
fog-k3s-master1,1,2026-06-06 08:10:12 UTC,15054396,15444636,182748,1.14,46252,596956,236572,1.48,209064,490472,404
fog-k3s-master1,1,2026-06-06 08:10:13 UTC,15054648,15444888,182476,1.14,46260,596968,236572,1.48,209064,490472,408
fog-k3s-master1,1,2026-06-06 08:10:14 UTC,15054648,15444948,182464,1.14,46260,596976,236572,1.48,209064,490532,416
fog-k3s-master1,1,2026-06-06 08:10:15 UTC,15054648,15444948,182452,1.14,46260,596988,236572,1.48,209064,490532,380
fog-k3s-master1,1,2026-06-06 08:10:16 UTC,15054648,15444948,182440,1.14,46260,597000,236572,1.48,209064,490532,392
fog-k3s-master1,1,2026-06-06 08:10:17 UTC,15054648,15444948,182432,1.14,46260,597008,236572,1.48,209064,490532,400
fog-k3s-master1,1,2026-06-06 08:10:18 UTC,15054648,15444948,182420,1.14,46260,597020,236572,1.48,209064,490532,388
fog-k3s-master1,1,2026-06-06 08:10:19 UTC,15054396,15444696,182656,1.14,46268,597028,236572,1.48,209064,490532,436
fog-k3s-master1,1,2026-06-06 08:10:20 UTC,15054396,15444756,182644,1.14,46268,597040,236572,1.48,209064,490592,380
fog-k3s-master1,1,2026-06-06 08:10:21 UTC,15054396,15444756,182636,1.14,46268,597048,236572,1.48,209064,490592,392
fog-k3s-master1,1,2026-06-06 08:10:22 UTC,15054396,15444756,182624,1.14,46268,597060,236572,1.48,209064,490592,404
fog-k3s-master1,1,2026-06-06 08:10:23 UTC,15054396,15444756,182616,1.14,46268,597068,236572,1.48,209064,490592,412
fog-k3s-master1,1,2026-06-06 08:10:24 UTC,15054396,15444756,182604,1.14,46276,597072,236572,1.48,209064,490592,424
fog-k3s-master1,1,2026-06-06 08:10:25 UTC,15054396,15444756,182588,1.14,46276,597088,236572,1.48,209064,490592,444
fog-k3s-master1,1,2026-06-06 08:10:26 UTC,15054396,15444816,182576,1.14,46276,597100,236572,1.48,209064,490652,456
fog-k3s-master1,1,2026-06-06 08:10:27 UTC,15054396,15444816,182564,1.14,46276,597112,236572,1.48,209064,490652,408
fog-k3s-master1,1,2026-06-06 08:10:28 UTC,15054396,15444816,182556,1.14,46276,597120,236572,1.48,209064,490652,416
fog-k3s-master1,1,2026-06-06 08:10:29 UTC,15054144,15444568,182784,1.14,46284,597132,236572,1.48,209064,490652,444
fog-k3s-master1,1,2026-06-06 08:10:30 UTC,15054144,15444568,182776,1.14,46284,597140,236572,1.48,209064,490652,452
fog-k3s-master1,1,2026-06-06 08:10:31 UTC,15054144,15444568,182764,1.14,46284,597152,236572,1.48,209064,490652,60
fog-k3s-master1,1,2026-06-06 08:10:32 UTC,15054144,15444628,182756,1.14,46284,597160,236572,1.48,209064,490712,4
fog-k3s-master1,1,2026-06-06 08:10:33 UTC,15054144,15444628,182744,1.14,46284,597172,236572,1.48,209064,490712,20
fog-k3s-master1,1,2026-06-06 08:10:34 UTC,15054144,15444628,182736,1.14,46292,597172,236572,1.48,209064,490712,28
fog-k3s-master1,1,2026-06-06 08:10:35 UTC,15054144,15444628,182716,1.14,46292,597192,236572,1.48,209064,490712,192
fog-k3s-master1,1,2026-06-06 08:10:36 UTC,15054144,15444628,182708,1.14,46292,597200,236572,1.48,209064,490712,200
fog-k3s-master1,1,2026-06-06 08:10:37 UTC,15054144,15444628,182696,1.14,46292,597212,236572,1.48,209064,490712,212
fog-k3s-master1,1,2026-06-06 08:10:38 UTC,15054144,15444688,182688,1.14,46292,597220,236572,1.48,209064,490772,220
fog-k3s-master1,1,2026-06-06 08:10:39 UTC,15054136,15444680,182672,1.14,46304,597232,236572,1.48,209064,490772,192
fog-k3s-master1,1,2026-06-06 08:10:40 UTC,15052708,15443280,184088,1.15,46304,597244,239424,1.50,210396,490800,32
fog-k3s-master1,1,2026-06-06 08:10:41 UTC,15052708,15443280,184076,1.15,46304,597252,240024,1.50,210712,490800,196
fog-k3s-master1,1,2026-06-06 08:10:42 UTC,15052708,15443280,184064,1.15,46304,597264,240024,1.50,210712,490800,208
fog-k3s-master1,1,2026-06-06 08:10:43 UTC,15052708,15443280,184056,1.15,46304,597272,240024,1.50,210712,490800,176
fog-k3s-master1,1,2026-06-06 08:10:44 UTC,15052708,15443340,184040,1.15,46316,597272,240024,1.50,210712,490860,240
fog-k3s-master1,1,2026-06-06 08:10:45 UTC,15060772,15451404,175956,1.10,46316,597292,236572,1.48,209036,490860,304
fog-k3s-master1,1,2026-06-06 08:10:46 UTC,15060772,15451404,175944,1.10,46316,597304,236572,1.48,209036,490860,312
fog-k3s-master1,1,2026-06-06 08:10:47 UTC,15060772,15451404,175936,1.10,46316,597312,236572,1.48,209036,490860,80
fog-k3s-master1,1,2026-06-06 08:10:48 UTC,15060772,15451452,175924,1.10,46316,597324,236572,1.48,209036,490908,36
fog-k3s-master1,1,2026-06-06 08:10:49 UTC,15060772,15451460,175904,1.10,46328,597332,236572,1.48,209036,490916,156
fog-k3s-master1,1,2026-06-06 08:10:50 UTC,15060772,15451472,175892,1.10,46328,597344,236572,1.48,209036,490928,160
fog-k3s-master1,1,2026-06-06 08:10:51 UTC,15060772,15451472,175880,1.10,46328,597356,236572,1.48,209036,490928,172
fog-k3s-master1,1,2026-06-06 08:10:52 UTC,15060772,15451472,175872,1.10,46328,597364,236572,1.48,209036,490928,180
fog-k3s-master1,1,2026-06-06 08:10:53 UTC,15060772,15451472,175860,1.10,46328,597376,236572,1.48,209036,490928,136
fog-k3s-master1,1,2026-06-06 08:10:54 UTC,15060772,15451472,175852,1.10,46340,597372,236572,1.48,209036,490928,160
fog-k3s-master1,1,2026-06-06 08:10:55 UTC,15060772,15451532,175828,1.10,46340,597396,236572,1.48,209036,490988,52
fog-k3s-master1,1,2026-06-06 08:10:56 UTC,15060772,15451592,175820,1.10,46340,597404,236572,1.48,209036,491048,60
fog-k3s-master1,1,2026-06-06 08:10:57 UTC,15060772,15451592,175808,1.10,46340,597416,236572,1.48,209036,491048,72
fog-k3s-master1,1,2026-06-06 08:10:58 UTC,15060772,15451592,175800,1.10,46340,597424,236572,1.48,209036,491048,80
fog-k3s-master1,1,2026-06-06 08:10:59 UTC,15060772,15451592,175776,1.10,46352,597436,236572,1.48,209036,491048,180
fog-k3s-master1,1,2026-06-06 08:11:00 UTC,15060772,15451596,175764,1.10,46352,597444,236572,1.48,209036,491048,160
fog-k3s-master1,1,2026-06-06 08:11:01 UTC,15060784,15451616,175724,1.10,46352,597456,236572,1.48,209036,491048,172
fog-k3s-master1,1,2026-06-06 08:11:02 UTC,15060784,15451676,175716,1.10,46352,597464,236572,1.48,209036,491108,180
fog-k3s-master1,1,2026-06-06 08:11:03 UTC,15060784,15451676,175704,1.10,46352,597476,236572,1.48,209036,491108,136
fog-k3s-master1,1,2026-06-06 08:11:04 UTC,15060784,15451676,175680,1.10,46364,597488,236572,1.48,209036,491108,44
fog-k3s-master1,1,2026-06-06 08:11:05 UTC,15060784,15451676,175672,1.10,46364,597496,236572,1.48,209036,491108,52
fog-k3s-master1,1,2026-06-06 08:11:06 UTC,15060784,15451676,175660,1.10,46364,597508,236572,1.48,209036,491108,64
fog-k3s-master1,1,2026-06-06 08:11:07 UTC,15060784,15451676,175652,1.10,46364,597516,236572,1.48,209036,491108,72
fog-k3s-master1,1,2026-06-06 08:11:08 UTC,15060784,15451736,175640,1.10,46364,597528,236572,1.48,209036,491168,84
fog-k3s-master1,1,2026-06-06 08:11:09 UTC,15060784,15451736,175620,1.10,46376,597536,236572,1.48,209036,491168,152
fog-k3s-master1,1,2026-06-06 08:11:10 UTC,15060784,15451736,175608,1.10,46376,597548,236572,1.48,209036,491168,164
fog-k3s-master1,1,2026-06-06 08:11:11 UTC,15060784,15451736,175600,1.10,46376,597556,236572,1.48,209036,491168,172
fog-k3s-master1,1,2026-06-06 08:11:12 UTC,15060784,15451736,175588,1.10,46376,597568,236572,1.48,209036,491168,184
fog-k3s-master1,1,2026-06-06 08:11:13 UTC,15060784,15451736,175580,1.10,46376,597576,236572,1.48,209036,491168,192
fog-k3s-master1,1,2026-06-06 08:11:14 UTC,15060784,15451796,175568,1.10,46388,597576,236572,1.48,209036,491228,204
fog-k3s-master1,1,2026-06-06 08:11:15 UTC,15060784,15451796,175540,1.10,46388,597600,236572,1.48,209036,491228,192
fog-k3s-master1,1,2026-06-06 08:11:16 UTC,15060784,15451796,175532,1.10,46388,597608,236572,1.48,209036,491228,200
fog-k3s-master1,1,2026-06-06 08:11:17 UTC,15060784,15451796,175520,1.10,46388,597620,236572,1.48,209036,491228,212
fog-k3s-master1,1,2026-06-06 08:11:18 UTC,15060784,15451796,175512,1.10,46388,597628,236572,1.48,209036,491228,220
fog-k3s-master1,1,2026-06-06 08:11:19 UTC,15060784,15451856,175488,1.10,46400,597640,236572,1.48,209036,491288,196
fog-k3s-master1,1,2026-06-06 08:11:20 UTC,15060784,15451916,175480,1.10,46400,597648,236572,1.48,209036,491348,176
fog-k3s-master1,1,2026-06-06 08:11:21 UTC,15060784,15451916,175468,1.10,46400,597660,236572,1.48,209036,491348,188
fog-k3s-master1,1,2026-06-06 08:11:22 UTC,15060784,15451916,175460,1.10,46400,597668,236572,1.48,209036,491348,196
fog-k3s-master1,1,2026-06-06 08:11:23 UTC,15060784,15451916,175448,1.10,46400,597680,236572,1.48,209036,491348,208
fog-k3s-master1,1,2026-06-06 08:11:24 UTC,15060784,15451916,175436,1.10,46400,597692,236572,1.48,209036,491348,184
fog-k3s-master1,1,2026-06-06 08:11:25 UTC,15060532,15451664,175664,1.10,46412,597704,236572,1.48,209036,491348,228
fog-k3s-master1,1,2026-06-06 08:11:26 UTC,15060532,15451724,175652,1.10,46412,597716,236572,1.48,209036,491408,240
fog-k3s-master1,1,2026-06-06 08:11:27 UTC,15060532,15451724,175644,1.10,46412,597724,236572,1.48,209036,491408,248
fog-k3s-master1,1,2026-06-06 08:11:28 UTC,15060532,15451724,175632,1.10,46412,597736,236572,1.48,209036,491408,260
fog-k3s-master1,1,2026-06-06 08:11:29 UTC,15060532,15451724,175624,1.10,46412,597744,236572,1.48,209036,491408,216
fog-k3s-master1,1,2026-06-06 08:11:30 UTC,15060532,15451728,175596,1.10,46424,597756,236572,1.48,209036,491408,204
fog-k3s-master1,1,2026-06-06 08:11:31 UTC,15060532,15451728,175588,1.10,46424,597764,236572,1.48,209036,491408,212
fog-k3s-master1,1,2026-06-06 08:11:32 UTC,15060532,15451788,175576,1.10,46424,597776,236572,1.48,209036,491468,224
fog-k3s-master1,1,2026-06-06 08:11:33 UTC,15060956,15452212,175144,1.10,46424,597784,236572,1.48,209036,491468,232
fog-k3s-master1,1,2026-06-06 08:11:34 UTC,15060956,15452212,175132,1.10,46424,597796,236572,1.48,209036,491468,204
fog-k3s-master1,1,2026-06-06 08:11:35 UTC,15060956,15452212,175124,1.10,46424,597804,236572,1.48,209036,491468,216
fog-k3s-master1,1,2026-06-06 08:11:36 UTC,15060956,15452212,175112,1.10,46436,597804,236572,1.48,209036,491468,228
fog-k3s-master1,1,2026-06-06 08:11:37 UTC,15060956,15452212,175092,1.10,46436,597824,236572,1.48,209036,491468,68
fog-k3s-master1,1,2026-06-06 08:11:38 UTC,15060956,15452272,175080,1.10,46436,597836,236572,1.48,209036,491528,80
fog-k3s-master1,1,2026-06-06 08:11:39 UTC,15060956,15452272,175068,1.10,46436,597848,236572,1.48,209036,491528,172
fog-k3s-master1,1,2026-06-06 08:11:40 UTC,15060956,15452272,175060,1.10,46436,597856,236572,1.48,209036,491528,180
fog-k3s-master1,1,2026-06-06 08:11:41 UTC,15060956,15452272,175048,1.10,46436,597868,236572,1.48,209036,491528,160
fog-k3s-master1,1,2026-06-06 08:11:42 UTC,15060956,15452272,175028,1.10,46448,597876,236572,1.48,209036,491528,200
fog-k3s-master1,1,2026-06-06 08:11:43 UTC,15060956,15452332,175016,1.10,46448,597888,236572,1.48,209036,491588,212
fog-k3s-master1,1,2026-06-06 08:11:44 UTC,15060956,15452332,175008,1.09,46448,597896,236572,1.48,209036,491588,220
fog-k3s-master1,1,2026-06-06 08:11:45 UTC,15060956,15452332,174996,1.09,46448,597908,236572,1.48,209036,491588,52
fog-k3s-master1,1,2026-06-06 08:11:46 UTC,15060716,15452092,175208,1.10,46448,597916,236572,1.48,209036,491588,60
fog-k3s-master1,1,2026-06-06 08:11:47 UTC,15060716,15452092,175196,1.10,46448,597928,236572,1.48,209036,491588,40
fog-k3s-master1,1,2026-06-06 08:11:48 UTC,15060716,15452152,175176,1.10,46460,597936,236572,1.48,209036,491648,76
fog-k3s-master1,1,2026-06-06 08:11:49 UTC,15060716,15452212,175164,1.10,46460,597948,236572,1.48,209036,491708,164
fog-k3s-master1,1,2026-06-06 08:11:50 UTC,15060716,15452212,175152,1.10,46460,597960,236572,1.48,209036,491708,180
fog-k3s-master1,1,2026-06-06 08:11:51 UTC,15060716,15452212,175144,1.10,46460,597968,236572,1.48,209036,491708,188
fog-k3s-master1,1,2026-06-06 08:11:52 UTC,15060716,15452212,175132,1.10,46460,597980,236572,1.48,209036,491708,200
fog-k3s-master1,1,2026-06-06 08:11:53 UTC,15060716,15452212,175112,1.10,46472,597988,236572,1.48,209036,491708,180
fog-k3s-master1,1,2026-06-06 08:11:54 UTC,15060716,15452212,175100,1.10,46472,598000,236572,1.48,209036,491708,4
fog-k3s-master1,1,2026-06-06 08:11:55 UTC,15064616,15456172,171192,1.07,46472,598008,199952,1.25,206176,491768,16
fog-k3s-master1,1,2026-06-06 08:11:56 UTC,15073556,15465116,162408,1.02,46472,598016,199948,1.25,206220,491772,176
fog-k3s-master1,1,2026-06-06 08:11:57 UTC,15073572,15465132,162384,1.02,46472,598024,199948,1.25,206012,491772,184
fog-k3s-master1,1,2026-06-06 08:11:58 UTC,15073572,15465132,162360,1.02,46484,598036,199948,1.25,206012,491772,224
fog-k3s-master1,1,2026-06-06 08:11:59 UTC,15073572,15465132,162352,1.02,46484,598044,199948,1.25,206012,491772,300
fog-k3s-master1,1,2026-06-06 08:12:00 UTC,15073572,15465184,162340,1.02,46484,598056,199948,1.25,206012,491824,244
fog-k3s-master1,1,2026-06-06 08:12:01 UTC,15073572,15465188,162328,1.02,46484,598064,199948,1.25,206012,491824,40
fog-k3s-master1,1,2026-06-06 08:12:02 UTC,15073572,15465188,162316,1.02,46484,598076,199948,1.25,206012,491824,52
fog-k3s-master1,1,2026-06-06 08:12:03 UTC,15073572,15465188,162304,1.02,46484,598088,199948,1.25,206012,491824,36
fog-k3s-master1,1,2026-06-06 08:12:04 UTC,15073572,15465188,162284,1.02,46496,598096,199948,1.25,206012,491824,212
fog-k3s-master1,1,2026-06-06 08:12:05 UTC,15073572,15465188,162272,1.02,46496,598108,199948,1.25,206012,491824,224
fog-k3s-master1,1,2026-06-06 08:12:06 UTC,15073572,15465248,162264,1.02,46496,598116,199948,1.25,206012,491884,180
fog-k3s-master1,1,2026-06-06 08:12:07 UTC,15073572,15465248,162252,1.02,46496,598128,199948,1.25,206012,491884,192
fog-k3s-master1,1,2026-06-06 08:12:08 UTC,15073572,15465248,162244,1.02,46496,598136,199948,1.25,206012,491884,200
fog-k3s-master1,1,2026-06-06 08:12:09 UTC,15073572,15465248,162220,1.01,46508,598148,199948,1.25,206068,491884,68
fog-k3s-master1,1,2026-06-06 08:12:10 UTC,15073572,15465248,162212,1.01,46508,598156,199948,1.25,206068,491884,24
fog-k3s-master1,1,2026-06-06 08:12:11 UTC,15073572,15465248,162200,1.01,46508,598168,199948,1.25,206068,491884,40
fog-k3s-master1,1,2026-06-06 08:12:12 UTC,15073572,15465308,162192,1.01,46508,598176,199948,1.25,206068,491944,48
fog-k3s-master1,1,2026-06-06 08:12:13 UTC,15073572,15465308,162180,1.01,46508,598188,199948,1.25,206068,491944,60
fog-k3s-master1,1,2026-06-06 08:12:14 UTC,15073572,15465308,162168,1.01,46520,598188,199948,1.25,206068,491944,72
fog-k3s-master1,1,2026-06-06 08:12:15 UTC,15073572,15465368,162148,1.01,46520,598208,199948,1.25,206068,492004,4
fog-k3s-master1,1,2026-06-06 08:12:16 UTC,15073572,15465368,162132,1.01,46520,598220,199948,1.25,206068,492004,20
fog-k3s-master1,1,2026-06-06 08:12:17 UTC,15073572,15465368,162124,1.01,46520,598228,199948,1.25,206068,492004,28
fog-k3s-master1,1,2026-06-06 08:12:18 UTC,15073572,15465428,162112,1.01,46520,598240,199948,1.25,206068,492064,40
fog-k3s-master1,1,2026-06-06 08:12:19 UTC,15073572,15465428,162092,1.01,46532,598248,199948,1.25,206068,492064,212
fog-k3s-master1,1,2026-06-06 08:12:20 UTC,15073572,15465452,162080,1.01,46532,598260,199948,1.25,206068,492088,164
fog-k3s-master1,1,2026-06-06 08:12:21 UTC,15073572,15465452,162072,1.01,46532,598268,199948,1.25,206068,492088,176
fog-k3s-master1,1,2026-06-06 08:12:22 UTC,15073572,15465452,162060,1.01,46532,598280,199948,1.25,206068,492088,188
fog-k3s-master1,1,2026-06-06 08:12:23 UTC,15073572,15465452,162052,1.01,46532,598288,199948,1.25,206068,492088,196
fog-k3s-master1,1,2026-06-06 08:12:24 UTC,15073068,15464948,162532,1.02,46544,598300,199948,1.25,206068,492088,224
fog-k3s-master1,1,2026-06-06 08:12:25 UTC,15073068,15464996,162524,1.02,46544,598308,199948,1.25,206068,492136,4
fog-k3s-master1,1,2026-06-06 08:12:26 UTC,15073068,15464996,162512,1.02,46544,598320,199948,1.25,206068,492136,20
fog-k3s-master1,1,2026-06-06 08:12:27 UTC,15073068,15464996,162500,1.02,46544,598332,199948,1.25,206068,492136,32
fog-k3s-master1,1,2026-06-06 08:12:28 UTC,15073068,15464996,162492,1.02,46544,598340,199948,1.25,206068,492136,40
fog-k3s-master1,1,2026-06-06 08:12:29 UTC,15073068,15464996,162468,1.02,46556,598352,199948,1.25,206068,492136,212
fog-k3s-master1,1,2026-06-06 08:12:30 UTC,15073068,15464996,162460,1.02,46556,598360,199948,1.25,206068,492136,164
fog-k3s-master1,1,2026-06-06 08:12:31 UTC,15073068,15465056,162448,1.02,46556,598372,199948,1.25,206068,492196,180
fog-k3s-master1,1,2026-06-06 08:12:32 UTC,15073068,15465060,162436,1.02,46556,598380,199948,1.25,206068,492196,188
fog-k3s-master1,1,2026-06-06 08:12:33 UTC,15073324,15465316,162168,1.01,46556,598392,199948,1.25,206068,492196,200
fog-k3s-master1,1,2026-06-06 08:12:34 UTC,15073324,15465348,162148,1.01,46568,598400,199948,1.25,206068,492228,48
fog-k3s-master1,1,2026-06-06 08:12:35 UTC,15073324,15465348,162136,1.01,46568,598412,199948,1.25,206068,492228,4
fog-k3s-master1,1,2026-06-06 08:12:36 UTC,15073324,15465348,162128,1.01,46568,598420,199948,1.25,206068,492228,16
fog-k3s-master1,1,2026-06-06 08:12:37 UTC,15073324,15465348,162116,1.01,46568,598432,199948,1.25,206068,492228,28
fog-k3s-master1,1,2026-06-06 08:12:38 UTC,15073324,15465348,162104,1.01,46568,598444,199948,1.25,206068,492228,40
fog-k3s-master1,1,2026-06-06 08:12:39 UTC,15073324,15465348,162096,1.01,46580,598440,199948,1.25,206068,492228,48
fog-k3s-master1,1,2026-06-06 08:12:40 UTC,15073324,15465472,162072,1.01,46580,598464,199948,1.25,206068,492352,80
fog-k3s-master1,1,2026-06-06 08:12:41 UTC,15073324,15465480,162064,1.01,46580,598472,199948,1.25,206068,492360,24
fog-k3s-master1,1,2026-06-06 08:12:42 UTC,15073324,15465480,162052,1.01,46580,598484,199948,1.25,206068,492360,40
fog-k3s-master1,1,2026-06-06 08:12:43 UTC,15070864,15463020,164504,1.03,46580,598492,202924,1.27,207404,492360,48
fog-k3s-master1,1,2026-06-06 08:12:44 UTC,15070864,15463020,164480,1.03,46592,598504,203396,1.27,207736,492360,296
fog-k3s-master1,1,2026-06-06 08:12:45 UTC,15070864,15463060,164472,1.03,46592,598512,203396,1.27,207736,492400,268
fog-k3s-master1,1,2026-06-06 08:12:46 UTC,15070864,15463072,164460,1.03,46592,598524,203396,1.27,207736,492412,236
fog-k3s-master1,1,2026-06-06 08:12:47 UTC,15073484,15465692,161828,1.01,46592,598532,199948,1.25,206176,492412,268
fog-k3s-master1,1,2026-06-06 08:12:48 UTC,15073128,15465336,162176,1.01,46592,598544,199948,1.25,206044,492412,280
fog-k3s-master1,1,2026-06-06 08:12:49 UTC,15073128,15465364,162156,1.01,46604,598552,199948,1.25,206044,492440,208
fog-k3s-master1,1,2026-06-06 08:12:50 UTC,15073128,15465364,162144,1.01,46604,598564,199948,1.25,206044,492440,220
fog-k3s-master1,1,2026-06-06 08:12:51 UTC,15072876,15465112,162384,1.02,46604,598576,199948,1.25,206044,492440,176
fog-k3s-master1,1,2026-06-06 08:12:52 UTC,15072876,15465112,162376,1.02,46604,598584,199948,1.25,206044,492440,188
fog-k3s-master1,1,2026-06-06 08:12:53 UTC,15072876,15465112,162364,1.02,46604,598596,199948,1.25,206044,492440,200
fog-k3s-master1,1,2026-06-06 08:12:54 UTC,15072876,15465164,162344,1.02,46616,598604,199948,1.25,206044,492492,72
fog-k3s-master1,1,2026-06-06 08:12:55 UTC,15072876,15465164,162332,1.02,46616,598616,199948,1.25,206044,492492,44
fog-k3s-master1,1,2026-06-06 08:12:56 UTC,15072876,15465184,162324,1.02,46616,598624,199948,1.25,206044,492512,0
fog-k3s-master1,1,2026-06-06 08:12:57 UTC,15072876,15465184,162312,1.02,46616,598636,199948,1.25,206044,492512,16
fog-k3s-master1,1,2026-06-06 08:12:58 UTC,15072876,15465184,162304,1.02,46616,598644,199948,1.25,206044,492512,24
fog-k3s-master1,1,2026-06-06 08:12:59 UTC,15072876,15465184,162280,1.02,46628,598656,199948,1.25,206044,492512,204
fog-k3s-master1,1,2026-06-06 08:13:00 UTC,15072876,15465184,162272,1.02,46628,598664,199948,1.25,206044,492512,76
fog-k3s-master1,1,2026-06-06 08:13:01 UTC,15073128,15465436,162008,1.01,46628,598676,199948,1.25,206044,492512,32
fog-k3s-master1,1,2026-06-06 08:13:02 UTC,15073128,15465500,161992,1.01,46628,598688,199948,1.25,206044,492572,48
fog-k3s-master1,1,2026-06-06 08:13:03 UTC,15073128,15465500,161984,1.01,46628,598696,199948,1.25,206044,492572,56
fog-k3s-master1,1,2026-06-06 08:13:04 UTC,15073128,15465560,161960,1.01,46640,598708,199948,1.25,206044,492632,204
fog-k3s-master1,1,2026-06-06 08:13:05 UTC,15073128,15465560,161952,1.01,46640,598716,199948,1.25,206044,492632,180
fog-k3s-master1,1,2026-06-06 08:13:06 UTC,15073128,15465560,161940,1.01,46640,598728,199948,1.25,206044,492632,136
fog-k3s-master1,1,2026-06-06 08:13:07 UTC,15073128,15465560,161932,1.01,46640,598736,199948,1.25,206044,492632,148
fog-k3s-master1,1,2026-06-06 08:13:08 UTC,15073128,15465620,161920,1.01,46640,598748,199948,1.25,206044,492692,160
fog-k3s-master1,1,2026-06-06 08:13:09 UTC,15073128,15465620,161912,1.01,46640,598756,199948,1.25,206044,492692,188
fog-k3s-master1,1,2026-06-06 08:13:10 UTC,15073128,15465620,161888,1.01,46652,598768,199948,1.25,206044,492692,76
fog-k3s-master1,1,2026-06-06 08:13:11 UTC,15073128,15465620,161880,1.01,46652,598776,199948,1.25,206044,492692,32
fog-k3s-master1,1,2026-06-06 08:13:12 UTC,15073128,15465620,161868,1.01,46652,598788,199948,1.25,206044,492692,48
fog-k3s-master1,1,2026-06-06 08:13:13 UTC,15073128,15465620,161856,1.01,46652,598800,199948,1.25,206044,492692,60
fog-k3s-master1,1,2026-06-06 08:13:14 UTC,15073128,15465680,161848,1.01,46652,598808,199948,1.25,206044,492752,68
fog-k3s-master1,1,2026-06-06 08:13:15 UTC,15073128,15465696,161824,1.01,46664,598820,199948,1.25,206044,492768,48
fog-k3s-master1,1,2026-06-06 08:13:16 UTC,15073128,15465696,161816,1.01,46664,598828,199948,1.25,206044,492768,0
fog-k3s-master1,1,2026-06-06 08:13:17 UTC,15073128,15465696,161804,1.01,46664,598840,199948,1.25,206044,492768,16
fog-k3s-master1,1,2026-06-06 08:13:18 UTC,15073128,15465696,161792,1.01,46664,598848,199948,1.25,206044,492768,24
fog-k3s-master1,1,2026-06-06 08:13:19 UTC,15073128,15465696,161780,1.01,46664,598860,199948,1.25,206044,492768,184
fog-k3s-master1,1,2026-06-06 08:13:20 UTC,15073128,15465696,161772,1.01,46664,598868,199948,1.25,206044,492768,192
fog-k3s-master1,1,2026-06-06 08:13:21 UTC,15073128,15465756,161748,1.01,46676,598880,199948,1.25,206044,492828,232
fog-k3s-master1,1,2026-06-06 08:13:22 UTC,15073128,15465764,161740,1.01,46676,598888,199948,1.25,206044,492836,176
fog-k3s-master1,1,2026-06-06 08:13:23 UTC,15073128,15465764,161728,1.01,46676,598900,199948,1.25,206044,492836,192
fog-k3s-master1,1,2026-06-06 08:13:24 UTC,15073128,15465764,161720,1.01,46676,598908,199948,1.25,206044,492836,212
fog-k3s-master1,1,2026-06-06 08:13:25 UTC,15073128,15465796,161708,1.01,46676,598920,199948,1.25,206044,492868,64
fog-k3s-master1,1,2026-06-06 08:13:26 UTC,15073128,15465796,161696,1.01,46676,598932,199948,1.25,206044,492868,76
fog-k3s-master1,1,2026-06-06 08:13:27 UTC,15073128,15465796,161676,1.01,46688,598940,199948,1.25,206044,492868,32
fog-k3s-master1,1,2026-06-06 08:13:28 UTC,15073128,15465796,161664,1.01,46688,598952,199948,1.25,206044,492868,48
fog-k3s-master1,1,2026-06-06 08:13:29 UTC,15073128,15465796,161656,1.01,46688,598960,199948,1.25,206044,492868,200
fog-k3s-master1,1,2026-06-06 08:13:30 UTC,15073128,15465796,161644,1.01,46688,598972,199948,1.25,206044,492868,72
fog-k3s-master1,1,2026-06-06 08:13:31 UTC,15073128,15465856,161636,1.01,46688,598980,199948,1.25,206044,492928,80
fog-k3s-master1,1,2026-06-06 08:13:32 UTC,15073128,15465928,161612,1.01,46700,598992,199948,1.25,206044,493000,20
fog-k3s-master1,1,2026-06-06 08:13:33 UTC,15073128,15465932,161600,1.01,46700,599000,199948,1.25,206044,493000,32
fog-k3s-master1,1,2026-06-06 08:13:34 UTC,15073128,15465932,161588,1.01,46700,599012,199948,1.25,206044,493000,180
fog-k3s-master1,1,2026-06-06 08:13:35 UTC,15073128,15465932,161580,1.01,46700,599020,199948,1.25,206044,493000,188
fog-k3s-master1,1,2026-06-06 08:13:36 UTC,15073128,15465932,161568,1.01,46700,599032,199948,1.25,206044,493000,200
fog-k3s-master1,1,2026-06-06 08:13:37 UTC,15073128,15465984,161544,1.01,46712,599044,199948,1.25,206044,493052,156
fog-k3s-master1,1,2026-06-06 08:13:38 UTC,15072120,15464976,162544,1.02,46712,599052,199948,1.25,206044,493052,168
fog-k3s-master1,1,2026-06-06 08:13:39 UTC,15072120,15464976,162532,1.02,46712,599064,199948,1.25,206044,493052,44
fog-k3s-master1,1,2026-06-06 08:13:40 UTC,15072120,15464976,162524,1.02,46712,599072,199948,1.25,206044,493052,52
fog-k3s-master1,1,2026-06-06 08:13:41 UTC,15072120,15464976,162512,1.02,46712,599084,199948,1.25,206044,493052,64
fog-k3s-master1,1,2026-06-06 08:13:42 UTC,15072120,15465024,162492,1.02,46724,599092,199948,1.25,206044,493100,20
fog-k3s-master1,1,2026-06-06 08:13:43 UTC,15072120,15465024,162480,1.02,46724,599104,199948,1.25,206044,493100,36
fog-k3s-master1,1,2026-06-06 08:13:44 UTC,15072120,15465024,162472,1.02,46724,599112,199948,1.25,206044,493100,44
fog-k3s-master1,1,2026-06-06 08:13:45 UTC,15072120,15465024,162460,1.02,46724,599124,199948,1.25,206044,493100,52
fog-k3s-master1,1,2026-06-06 08:13:46 UTC,15072120,15465024,162452,1.02,46724,599132,199948,1.25,206044,493100,60
fog-k3s-master1,1,2026-06-06 08:13:47 UTC,15072120,15465024,162428,1.02,46736,599144,199948,1.25,206044,493100,16
fog-k3s-master1,1,2026-06-06 08:13:48 UTC,15072120,15465084,162420,1.02,46736,599152,199948,1.25,206044,493160,28
fog-k3s-master1,1,2026-06-06 08:13:49 UTC,15072120,15465084,162404,1.02,46736,599164,199948,1.25,206044,493160,188
fog-k3s-master1,1,2026-06-06 08:13:50 UTC,15072120,15465084,162392,1.02,46736,599176,199948,1.25,206044,493160,200
fog-k3s-master1,1,2026-06-06 08:13:51 UTC,15072120,15465084,162384,1.02,46736,599184,199948,1.25,206044,493160,208
fog-k3s-master1,1,2026-06-06 08:13:52 UTC,15072120,15465128,162360,1.02,46748,599196,199948,1.25,206044,493204,160
fog-k3s-master1,1,2026-06-06 08:13:53 UTC,15072120,15465128,162352,1.02,46748,599204,199948,1.25,206044,493204,172
fog-k3s-master1,1,2026-06-06 08:13:54 UTC,15072120,15465128,162340,1.02,46748,599216,199948,1.25,206044,493204,184
fog-k3s-master1,1,2026-06-06 08:13:55 UTC,15072120,15465128,162332,1.02,46748,599224,199948,1.25,206044,493204,44
fog-k3s-master1,1,2026-06-06 08:13:56 UTC,15072120,15465128,162320,1.02,46748,599236,199948,1.25,206044,493204,56
fog-k3s-master1,1,2026-06-06 08:13:57 UTC,15072120,15465128,162312,1.02,46760,599232,199948,1.25,206044,493204,64
fog-k3s-master1,1,2026-06-06 08:13:58 UTC,15072120,15465188,162300,1.02,46760,599244,199948,1.25,206044,493264,80
fog-k3s-master1,1,2026-06-06 08:13:59 UTC,15072120,15465248,162280,1.02,46760,599264,199948,1.25,206044,493324,44
fog-k3s-master1,1,2026-06-06 08:14:00 UTC,15072120,15465248,162268,1.02,46760,599276,199948,1.25,206044,493324,56
fog-k3s-master1,1,2026-06-06 08:14:01 UTC,15072120,15465248,162256,1.02,46760,599288,199948,1.25,206044,493324,72
fog-k3s-master1,1,2026-06-06 08:14:02 UTC,15072120,15465248,162248,1.02,46760,599296,199948,1.25,206044,493324,80
fog-k3s-master1,1,2026-06-06 08:14:03 UTC,15072120,15465248,162236,1.02,46768,599300,199948,1.25,206044,493324,4
fog-k3s-master1,1,2026-06-06 08:14:04 UTC,15072120,15465312,162224,1.01,46768,599308,199948,1.25,206044,493384,16
fog-k3s-master1,1,2026-06-06 08:14:05 UTC,15072120,15465312,162204,1.01,46768,599328,199948,1.25,206044,493384,204
fog-k3s-master1,1,2026-06-06 08:14:06 UTC,15072120,15465312,162196,1.01,46768,599336,199948,1.25,206044,493384,212
fog-k3s-master1,1,2026-06-06 08:14:07 UTC,15072120,15465312,162184,1.01,46768,599348,199948,1.25,206044,493384,220
fog-k3s-master1,1,2026-06-06 08:14:08 UTC,15072120,15465312,162176,1.01,46768,599356,199948,1.25,206044,493384,196
fog-k3s-master1,1,2026-06-06 08:14:09 UTC,15072120,15465312,162164,1.01,46776,599360,199948,1.25,206044,493384,208
fog-k3s-master1,1,2026-06-06 08:14:10 UTC,15072120,15465372,162156,1.01,46776,599368,199948,1.25,206044,493444,220
fog-k3s-master1,1,2026-06-06 08:14:11 UTC,15072120,15465372,162136,1.01,46776,599388,199948,1.25,206044,493444,56
fog-k3s-master1,1,2026-06-06 08:14:12 UTC,15072120,15465372,162128,1.01,46776,599396,199948,1.25,206044,493444,64
fog-k3s-master1,1,2026-06-06 08:14:13 UTC,15072120,15465372,162116,1.01,46776,599408,199948,1.25,206044,493444,76
fog-k3s-master1,1,2026-06-06 08:14:14 UTC,15072120,15465372,162104,1.01,46784,599412,199948,1.25,206044,493444,88
fog-k3s-master1,1,2026-06-06 08:14:15 UTC,15072120,15465372,162088,1.01,46784,599428,199948,1.25,206044,493444,236
fog-k3s-master1,1,2026-06-06 08:14:16 UTC,15072120,15465432,162076,1.01,46784,599440,199948,1.25,206044,493504,252
fog-k3s-master1,1,2026-06-06 08:14:17 UTC,15072120,15465432,162068,1.01,46784,599448,199948,1.25,206044,493504,52
fog-k3s-master1,1,2026-06-06 08:14:18 UTC,15072120,15465432,162056,1.01,46784,599460,199948,1.25,206044,493504,64
fog-k3s-master1,1,2026-06-06 08:14:19 UTC,15072120,15465432,162044,1.01,46792,599460,199948,1.25,206044,493504,72
fog-k3s-master1,1,2026-06-06 08:14:20 UTC,15071868,15465180,162276,1.02,46792,599480,199948,1.25,206044,493504,204
fog-k3s-master1,1,2026-06-06 08:14:21 UTC,15071868,15465232,162268,1.02,46792,599488,199948,1.25,206044,493556,148
fog-k3s-master1,1,2026-06-06 08:14:22 UTC,15071868,15465232,162256,1.02,46792,599500,199948,1.25,206044,493556,164
fog-k3s-master1,1,2026-06-06 08:14:23 UTC,15071868,15465232,162248,1.02,46792,599508,199948,1.25,206044,493556,172
fog-k3s-master1,1,2026-06-06 08:14:24 UTC,15071868,15465264,162228,1.02,46800,599520,199948,1.25,206044,493588,64
fog-k3s-master1,1,2026-06-06 08:14:25 UTC,15071868,15465264,162216,1.01,46800,599532,199948,1.25,206044,493588,72
fog-k3s-master1,1,2026-06-06 08:14:26 UTC,15071868,15465264,162208,1.01,46800,599540,199948,1.25,206044,493588,80
fog-k3s-master1,1,2026-06-06 08:14:27 UTC,15071868,15465296,162196,1.01,46800,599552,199948,1.25,206044,493620,24
fog-k3s-master1,1,2026-06-06 08:14:28 UTC,15071868,15465296,162188,1.01,46800,599560,199948,1.25,206044,493620,36
fog-k3s-master1,1,2026-06-06 08:14:29 UTC,15071868,15465296,162168,1.01,46808,599572,199948,1.25,206044,493620,204
fog-k3s-master1,1,2026-06-06 08:14:30 UTC,15071868,15465324,162160,1.01,46808,599580,199948,1.25,206044,493648,36
fog-k3s-master1,1,2026-06-06 08:14:31 UTC,15071868,15465324,162148,1.01,46808,599592,199948,1.25,206044,493648,48
fog-k3s-master1,1,2026-06-06 08:14:32 UTC,15071868,15465324,162140,1.01,46808,599600,199948,1.25,206044,493648,56
fog-k3s-master1,1,2026-06-06 08:14:33 UTC,15071868,15465324,162128,1.01,46808,599612,199948,1.25,206044,493648,4
fog-k3s-master1,1,2026-06-06 08:14:34 UTC,15071868,15465324,162112,1.01,46816,599620,199948,1.25,206044,493648,192
fog-k3s-master1,1,2026-06-06 08:14:35 UTC,15069248,15463292,164208,1.03,47272,599636,199948,1.25,206024,494212,300
fog-k3s-master1,1,2026-06-06 08:14:36 UTC,15069248,15463292,164200,1.03,47272,599644,199948,1.25,206024,494212,308
fog-k3s-master1,1,2026-06-06 08:14:37 UTC,15069248,15463308,164188,1.03,47272,599656,199948,1.25,206068,494228,320
fog-k3s-master1,1,2026-06-06 08:14:38 UTC,15069248,15463308,164176,1.03,47272,599668,199948,1.25,206068,494228,332
fog-k3s-master1,1,2026-06-06 08:14:39 UTC,15069248,15463308,164168,1.03,47284,599664,199948,1.25,206068,494228,340
fog-k3s-master1,1,2026-06-06 08:14:40 UTC,15069248,15463308,164156,1.03,47284,599676,199948,1.25,206068,494228,356
fog-k3s-master1,1,2026-06-06 08:14:41 UTC,15069500,15463572,163884,1.03,47284,599696,199948,1.25,206068,494240,24
fog-k3s-master1,1,2026-06-06 08:14:42 UTC,15069500,15463572,163872,1.03,47284,599708,199948,1.25,206068,494240,36
fog-k3s-master1,1,2026-06-06 08:14:43 UTC,15069500,15463632,163864,1.03,47284,599716,199948,1.25,206068,494300,44
fog-k3s-master1,1,2026-06-06 08:14:44 UTC,15069500,15463632,163852,1.03,47292,599720,199948,1.25,206068,494300,56
fog-k3s-master1,1,2026-06-06 08:14:45 UTC,15069500,15463664,163836,1.03,47292,599736,199948,1.25,206068,494332,20
fog-k3s-master1,1,2026-06-06 08:14:46 UTC,15069500,15463664,163824,1.02,47292,599748,199948,1.25,206068,494332,36
fog-k3s-master1,1,2026-06-06 08:14:47 UTC,15069500,15463664,163816,1.02,47292,599756,199948,1.25,206068,494332,44
fog-k3s-master1,1,2026-06-06 08:14:48 UTC,15069500,15463664,163804,1.02,47292,599768,199948,1.25,206068,494332,56
fog-k3s-master1,1,2026-06-06 08:14:49 UTC,15069500,15463664,163784,1.02,47300,599780,199948,1.25,206068,494332,220
fog-k3s-master1,1,2026-06-06 08:14:50 UTC,15069500,15463676,163772,1.02,47300,599788,199948,1.25,206068,494340,200
fog-k3s-master1,1,2026-06-06 08:14:51 UTC,15069500,15463736,163760,1.02,47300,599800,199948,1.25,206068,494400,212
fog-k3s-master1,1,2026-06-06 08:14:52 UTC,15069500,15463736,163752,1.02,47300,599808,199948,1.25,206068,494400,224
fog-k3s-master1,1,2026-06-06 08:14:53 UTC,15069500,15463736,163740,1.02,47300,599820,199948,1.25,206068,494400,168
fog-k3s-master1,1,2026-06-06 08:14:54 UTC,15069500,15463736,163732,1.02,47308,599820,199948,1.25,206068,494400,192
fog-k3s-master1,1,2026-06-06 08:14:55 UTC,15067992,15462240,165220,1.03,47308,599840,202800,1.27,207344,494412,72
fog-k3s-master1,1,2026-06-06 08:14:56 UTC,15066760,15461008,166444,1.04,47308,599848,203136,1.27,207604,494412,84
fog-k3s-master1,1,2026-06-06 08:14:57 UTC,15066512,15460820,166680,1.04,47308,599860,203136,1.27,207668,494472,156
fog-k3s-master1,1,2026-06-06 08:14:58 UTC,15069444,15463756,163736,1.02,47308,599872,199948,1.25,206084,494476,172
fog-k3s-master1,1,2026-06-06 08:14:59 UTC,15069444,15463756,163724,1.02,47316,599876,199948,1.25,206040,494476,288
fog-k3s-master1,1,2026-06-06 08:15:00 UTC,15069444,15463756,163716,1.02,47316,599884,199948,1.25,206040,494476,296
fog-k3s-master1,1,2026-06-06 08:15:01 UTC,15069444,15463764,163696,1.02,47316,599904,199948,1.25,206040,494484,48
fog-k3s-master1,1,2026-06-06 08:15:02 UTC,15067428,15461804,165700,1.04,47316,599916,199948,1.25,206040,494540,60
fog-k3s-master1,1,2026-06-06 08:15:03 UTC,15067180,15461556,165940,1.04,47316,599924,199948,1.25,206020,494540,168
fog-k3s-master1,1,2026-06-06 08:15:04 UTC,15067180,15461556,165920,1.04,47324,599936,199948,1.25,206020,494540,304
fog-k3s-master1,1,2026-06-06 08:15:05 UTC,15067180,15461556,165908,1.04,47324,599944,199948,1.25,206020,494540,312
fog-k3s-master1,1,2026-06-06 08:15:06 UTC,15067180,15461556,165896,1.04,47324,599956,199948,1.25,206020,494540,324
fog-k3s-master1,1,2026-06-06 08:15:07 UTC,15067180,15461556,165888,1.04,47324,599964,199948,1.25,206020,494540,332
fog-k3s-master1,1,2026-06-06 08:15:08 UTC,15067180,15461616,165876,1.04,47324,599976,199948,1.25,206020,494600,104
fog-k3s-master1,1,2026-06-06 08:15:09 UTC,15067180,15461624,165860,1.04,47332,599984,199948,1.25,206020,494608,196
fog-k3s-master1,1,2026-06-06 08:15:10 UTC,15067180,15461624,165848,1.04,47332,599996,199948,1.25,206020,494608,216
fog-k3s-master1,1,2026-06-06 08:15:11 UTC,15067180,15461632,165840,1.04,47332,600004,199948,1.25,206020,494616,176
fog-k3s-master1,1,2026-06-06 08:15:12 UTC,15067180,15461632,165828,1.04,47332,600016,199948,1.25,206020,494616,188
fog-k3s-master1,1,2026-06-06 08:15:13 UTC,15067180,15461632,165816,1.04,47332,600028,199948,1.25,206020,494616,200
fog-k3s-master1,1,2026-06-06 08:15:14 UTC,15067180,15461692,165808,1.04,47340,600028,199948,1.25,206020,494676,208
fog-k3s-master1,1,2026-06-06 08:15:15 UTC,15067180,15461692,165796,1.04,47340,600040,199948,1.25,206020,494676,220
fog-k3s-master1,1,2026-06-06 08:15:16 UTC,15067180,15461692,165780,1.04,47340,600056,199948,1.25,206020,494676,24
fog-k3s-master1,1,2026-06-06 08:15:17 UTC,15067180,15461692,165768,1.04,47340,600068,199948,1.25,206020,494676,36
fog-k3s-master1,1,2026-06-06 08:15:18 UTC,15067180,15461692,165760,1.04,47340,600076,199948,1.25,206020,494676,44
fog-k3s-master1,1,2026-06-06 08:15:19 UTC,15067180,15461692,165740,1.04,47348,600088,199948,1.25,206020,494676,224
fog-k3s-master1,1,2026-06-06 08:15:20 UTC,15067180,15461768,165732,1.04,47348,600096,199948,1.25,206020,494752,56
fog-k3s-master1,1,2026-06-06 08:15:21 UTC,15067432,15462024,165464,1.04,47348,600108,199948,1.25,206020,494752,68
fog-k3s-master1,1,2026-06-06 08:15:22 UTC,15067432,15462024,165456,1.04,47348,600116,199948,1.25,206020,494752,16
fog-k3s-master1,1,2026-06-06 08:15:23 UTC,15067432,15462024,165444,1.04,47348,600128,199948,1.25,206020,494752,28
fog-k3s-master1,1,2026-06-06 08:15:24 UTC,15067432,15462024,165432,1.04,47356,600132,199948,1.25,206020,494752,40
fog-k3s-master1,1,2026-06-06 08:15:25 UTC,15067432,15462024,165416,1.03,47356,600148,199948,1.25,206020,494752,212
fog-k3s-master1,1,2026-06-06 08:15:26 UTC,15067432,15462084,165404,1.03,47356,600160,199948,1.25,206020,494812,224
fog-k3s-master1,1,2026-06-06 08:15:27 UTC,15067432,15462092,165396,1.03,47356,600168,199948,1.25,206020,494820,168
fog-k3s-master1,1,2026-06-06 08:15:28 UTC,15067432,15462092,165384,1.03,47356,600180,199948,1.25,206020,494820,184
fog-k3s-master1,1,2026-06-06 08:15:29 UTC,15067432,15462092,165368,1.03,47364,600188,199948,1.25,206020,494820,216
fog-k3s-master1,1,2026-06-06 08:15:30 UTC,15067432,15462100,165356,1.03,47364,600200,199948,1.25,206020,494828,40
fog-k3s-master1,1,2026-06-06 08:15:31 UTC,15067432,15462100,165348,1.03,47364,600208,199948,1.25,206020,494828,48
fog-k3s-master1,1,2026-06-06 08:15:32 UTC,15067432,15462160,165336,1.03,47364,600220,199948,1.25,206020,494888,60
fog-k3s-master1,1,2026-06-06 08:15:33 UTC,15067432,15462160,165328,1.03,47364,600228,199948,1.25,206020,494888,68
fog-k3s-master1,1,2026-06-06 08:15:34 UTC,15067432,15462160,165308,1.03,47372,600240,199948,1.25,206020,494888,196
fog-k3s-master1,1,2026-06-06 08:15:35 UTC,15067432,15462160,165300,1.03,47372,600248,199948,1.25,206020,494888,48
fog-k3s-master1,1,2026-06-06 08:15:36 UTC,15067432,15462160,165284,1.03,47372,600260,199948,1.25,206020,494888,60
fog-k3s-master1,1,2026-06-06 08:15:37 UTC,15067432,15462160,165272,1.03,47372,600272,199948,1.25,206020,494888,72
fog-k3s-master1,1,2026-06-06 08:15:38 UTC,15067180,15461968,165516,1.04,47372,600280,199948,1.25,206020,494948,80
fog-k3s-master1,1,2026-06-06 08:15:39 UTC,15067180,15461968,165504,1.04,47380,600284,199948,1.25,206020,494948,92
fog-k3s-master1,1,2026-06-06 08:15:40 UTC,15067180,15461968,165488,1.04,47380,600300,199948,1.25,206020,494948,164
fog-k3s-master1,1,2026-06-06 08:15:41 UTC,15067180,15461968,165476,1.04,47380,600312,199948,1.25,206020,494948,176
fog-k3s-master1,1,2026-06-06 08:15:42 UTC,15067180,15461968,165468,1.04,47380,600320,199948,1.25,206020,494948,184
fog-k3s-master1,1,2026-06-06 08:15:43 UTC,15067180,15461968,165456,1.04,47380,600332,199948,1.25,206020,494948,196
fog-k3s-master1,1,2026-06-06 08:15:44 UTC,15067180,15462028,165448,1.04,47388,600332,199948,1.25,206020,495008,204
fog-k3s-master1,1,2026-06-06 08:15:45 UTC,15067180,15462052,165428,1.04,47388,600352,199948,1.25,206020,495032,8
fog-k3s-master1,1,2026-06-06 08:15:46 UTC,15067180,15462052,165420,1.03,47388,600360,199948,1.25,206020,495032,20
fog-k3s-master1,1,2026-06-06 08:15:47 UTC,15067180,15462052,165408,1.03,47388,600372,199948,1.25,206020,495032,32
fog-k3s-master1,1,2026-06-06 08:15:48 UTC,15067180,15462052,165396,1.03,47388,600384,199948,1.25,206020,495032,44
fog-k3s-master1,1,2026-06-06 08:15:49 UTC,15067180,15462052,165388,1.03,47396,600384,199948,1.25,206020,495032,52
fog-k3s-master1,1,2026-06-06 08:15:50 UTC,15067180,15462112,165376,1.03,47396,600396,199948,1.25,206020,495092,64
fog-k3s-master1,1,2026-06-06 08:15:51 UTC,15067180,15462116,165352,1.03,47396,600412,199948,1.25,206020,495092,4
fog-k3s-master1,1,2026-06-06 08:15:52 UTC,15067180,15462116,165340,1.03,47396,600424,199948,1.25,206020,495092,20
fog-k3s-master1,1,2026-06-06 08:15:53 UTC,15067180,15462116,165332,1.03,47396,600432,199948,1.25,206020,495092,28
fog-k3s-master1,1,2026-06-06 08:15:54 UTC,15067180,15462116,165320,1.03,47396,600444,199948,1.25,206020,495092,188
fog-k3s-master1,1,2026-06-06 08:15:55 UTC,15067180,15462116,165312,1.03,47404,600444,199948,1.25,206020,495092,192
fog-k3s-master1,1,2026-06-06 08:15:56 UTC,15067180,15462176,165300,1.03,47404,600456,199948,1.25,206020,495152,204
fog-k3s-master1,1,2026-06-06 08:15:57 UTC,15067180,15462192,165284,1.03,47404,600472,199948,1.25,206020,495168,176
fog-k3s-master1,1,2026-06-06 08:15:58 UTC,15067180,15462192,165272,1.03,47404,600484,199948,1.25,206020,495168,192
fog-k3s-master1,1,2026-06-06 08:15:59 UTC,15067180,15462192,165264,1.03,47404,600492,199948,1.25,206020,495168,200
fog-k3s-master1,1,2026-06-06 08:16:00 UTC,15067180,15462192,165244,1.03,47412,600504,199948,1.25,206020,495168,68
fog-k3s-master1,1,2026-06-06 08:16:01 UTC,15067180,15462252,165232,1.03,47412,600516,199948,1.25,206020,495228,80
fog-k3s-master1,1,2026-06-06 08:16:02 UTC,15067180,15462252,165224,1.03,47412,600524,199948,1.25,206020,495228,88
fog-k3s-master1,1,2026-06-06 08:16:03 UTC,15066676,15461748,165716,1.04,47412,600536,199948,1.25,206020,495228,100
fog-k3s-master1,1,2026-06-06 08:16:04 UTC,15066676,15461756,165708,1.04,47412,600544,199948,1.25,206020,495236,192
fog-k3s-master1,1,2026-06-06 08:16:05 UTC,15066676,15461756,165696,1.04,47412,600556,199948,1.25,206020,495236,24
fog-k3s-master1,1,2026-06-06 08:16:06 UTC,15066676,15461756,165680,1.04,47420,600564,199948,1.25,206020,495236,60
fog-k3s-master1,1,2026-06-06 08:16:07 UTC,15066676,15461820,165664,1.04,47420,600576,199948,1.25,206020,495296,72
fog-k3s-master1,1,2026-06-06 08:16:08 UTC,15066676,15461820,165656,1.04,47420,600584,199948,1.25,206020,495296,80
fog-k3s-master1,1,2026-06-06 08:16:09 UTC,15066676,15461820,165644,1.04,47420,600596,199948,1.25,206020,495296,180
fog-k3s-master1,1,2026-06-06 08:16:10 UTC,15066676,15461820,165636,1.04,47420,600604,199948,1.25,206020,495296,192
fog-k3s-master1,1,2026-06-06 08:16:11 UTC,15066676,15461820,165624,1.04,47420,600616,199948,1.25,206020,495296,204
fog-k3s-master1,1,2026-06-06 08:16:12 UTC,15066676,15461820,165612,1.04,47428,600620,199948,1.25,206020,495296,216
fog-k3s-master1,1,2026-06-06 08:16:13 UTC,15066676,15461888,165596,1.04,47428,600636,199948,1.25,206020,495364,220
fog-k3s-master1,1,2026-06-06 08:16:14 UTC,15066676,15461888,165584,1.04,47428,600648,199948,1.25,206020,495364,232
fog-k3s-master1,1,2026-06-06 08:16:15 UTC,15066676,15461888,165576,1.04,47428,600656,199948,1.25,206020,495364,252
fog-k3s-master1,1,2026-06-06 08:16:16 UTC,15066676,15461888,165564,1.04,47428,600668,199948,1.25,206020,495364,268
fog-k3s-master1,1,2026-06-06 08:16:17 UTC,15066676,15461896,165556,1.04,47428,600676,199948,1.25,206020,495372,24
fog-k3s-master1,1,2026-06-06 08:16:18 UTC,15066676,15461896,165536,1.04,47436,600688,199948,1.25,206020,495372,68
fog-k3s-master1,1,2026-06-06 08:16:19 UTC,15066676,15461956,165528,1.04,47436,600696,199948,1.25,206020,495432,76
fog-k3s-master1,1,2026-06-06 08:16:20 UTC,15066676,15461956,165516,1.04,47436,600708,199948,1.25,206020,495432,88
fog-k3s-master1,1,2026-06-06 08:16:21 UTC,15066676,15461956,165508,1.04,47436,600716,199948,1.25,206020,495432,36
fog-k3s-master1,1,2026-06-06 08:16:22 UTC,15066676,15461956,165492,1.04,47436,600728,199948,1.25,206020,495432,52
fog-k3s-master1,1,2026-06-06 08:16:23 UTC,15066676,15461956,165484,1.04,47436,600736,199948,1.25,206020,495432,60
fog-k3s-master1,1,2026-06-06 08:16:24 UTC,15066676,15461972,165464,1.04,47444,600748,199948,1.25,206020,495448,216
fog-k3s-master1,1,2026-06-06 08:16:25 UTC,15066676,15462032,165452,1.04,47444,600760,199948,1.25,206020,495508,228
fog-k3s-master1,1,2026-06-06 08:16:26 UTC,15066676,15462032,165444,1.04,47444,600768,199948,1.25,206020,495508,236
fog-k3s-master1,1,2026-06-06 08:16:27 UTC,15066676,15462032,165432,1.04,47444,600780,199948,1.25,206020,495508,248
fog-k3s-master1,1,2026-06-06 08:16:28 UTC,15066676,15462032,165424,1.04,47444,600788,199948,1.25,206020,495508,192
fog-k3s-master1,1,2026-06-06 08:16:29 UTC,15066676,15462032,165404,1.03,47452,600800,199948,1.25,206020,495508,200
fog-k3s-master1,1,2026-06-06 08:16:30 UTC,15066676,15462032,165396,1.03,47452,600808,199948,1.25,206020,495508,60
fog-k3s-master1,1,2026-06-06 08:16:31 UTC,15066676,15462092,165384,1.03,47452,600820,199948,1.25,206020,495568,72
fog-k3s-master1,1,2026-06-06 08:16:32 UTC,15066676,15462092,165376,1.03,47452,600828,199948,1.25,206020,495568,80
fog-k3s-master1,1,2026-06-06 08:16:33 UTC,15066676,15462092,165364,1.03,47452,600840,199948,1.25,206020,495568,92
fog-k3s-master1,1,2026-06-06 08:16:34 UTC,15066676,15462100,165348,1.03,47460,600848,199948,1.25,206020,495576,192
fog-k3s-master1,1,2026-06-06 08:16:35 UTC,15066676,15462108,165336,1.03,47460,600860,199948,1.25,206020,495584,24
fog-k3s-master1,1,2026-06-06 08:16:36 UTC,15066676,15462108,165320,1.03,47460,600872,199948,1.25,206020,495584,36
fog-k3s-master1,1,2026-06-06 08:16:37 UTC,15066676,15462172,165308,1.03,47460,600880,199948,1.25,206020,495644,44
fog-k3s-master1,1,2026-06-06 08:16:38 UTC,15066676,15462172,165296,1.03,47460,600892,199948,1.25,206020,495644,56
fog-k3s-master1,1,2026-06-06 08:16:39 UTC,15066676,15462172,165288,1.03,47468,600892,199948,1.25,206020,495644,64
fog-k3s-master1,1,2026-06-06 08:16:40 UTC,15066676,15462172,165268,1.03,47468,600912,199948,1.25,206020,495644,192
fog-k3s-master1,1,2026-06-06 08:16:41 UTC,15066676,15462172,165260,1.03,47468,600920,199948,1.25,206020,495644,200
fog-k3s-master1,1,2026-06-06 08:16:42 UTC,15066676,15462172,165248,1.03,47468,600932,199948,1.25,206020,495644,212
fog-k3s-master1,1,2026-06-06 08:16:43 UTC,15066676,15462232,165240,1.03,47468,600940,199948,1.25,206020,495704,220
fog-k3s-master1,1,2026-06-06 08:16:44 UTC,15066676,15462232,165228,1.03,47476,600944,199948,1.25,206020,495704,232
fog-k3s-master1,1,2026-06-06 08:16:45 UTC,15066676,15462232,165212,1.03,47476,600960,199948,1.25,206020,495704,252
fog-k3s-master1,1,2026-06-06 08:16:46 UTC,15066676,15462232,165200,1.03,47476,600972,199948,1.25,206020,495704,268
fog-k3s-master1,1,2026-06-06 08:16:47 UTC,15066676,15462232,165192,1.03,47476,600980,199948,1.25,206020,495704,24
fog-k3s-master1,1,2026-06-06 08:16:48 UTC,15066676,15462288,165180,1.03,47476,600992,199948,1.25,206024,495760,36
fog-k3s-master1,1,2026-06-06 08:16:49 UTC,15066676,15462288,165168,1.03,47484,600996,199948,1.25,206024,495760,48
fog-k3s-master1,1,2026-06-06 08:16:50 UTC,15066676,15462288,165152,1.03,47484,601012,199948,1.25,206024,495760,228
fog-k3s-master1,1,2026-06-06 08:16:51 UTC,15066676,15462288,165140,1.03,47484,601024,199948,1.25,206024,495760,172
fog-k3s-master1,1,2026-06-06 08:16:52 UTC,15066172,15461784,165636,1.04,47484,601032,199948,1.25,206024,495760,184
fog-k3s-master1,1,2026-06-06 08:16:53 UTC,15066172,15461784,165620,1.04,47484,601044,199948,1.25,206024,495760,196
fog-k3s-master1,1,2026-06-06 08:16:54 UTC,15066172,15461844,165612,1.04,47492,601044,199948,1.25,206024,495820,204
fog-k3s-master1,1,2026-06-06 08:16:55 UTC,15066172,15461844,165592,1.04,47492,601064,199948,1.25,206024,495820,44
fog-k3s-master1,1,2026-06-06 08:16:56 UTC,15066172,15461844,165584,1.04,47492,601072,199948,1.25,206024,495820,52
fog-k3s-master1,1,2026-06-06 08:16:57 UTC,15066172,15461844,165572,1.04,47492,601084,199948,1.25,206024,495820,0
fog-k3s-master1,1,2026-06-06 08:16:58 UTC,15066172,15461844,165564,1.04,47492,601092,199948,1.25,206024,495820,12
fog-k3s-master1,1,2026-06-06 08:16:59 UTC,15066172,15461844,165544,1.04,47500,601104,199948,1.25,206024,495820,200
fog-k3s-master1,1,2026-06-06 08:17:00 UTC,15066172,15461944,165532,1.04,47500,601116,199948,1.25,206024,495920,68
fog-k3s-master1,1,2026-06-06 08:17:01 UTC,15066172,15461944,165524,1.04,47500,601124,199948,1.25,206024,495920,76
fog-k3s-master1,1,2026-06-06 08:17:02 UTC,15066172,15461968,165512,1.04,47504,601132,199948,1.25,206020,495944,92
fog-k3s-master1,1,2026-06-06 08:17:03 UTC,15066172,15461980,165500,1.04,47504,601144,199948,1.25,206060,495956,196
fog-k3s-master1,1,2026-06-06 08:17:04 UTC,15065948,15461756,165704,1.04,47512,601156,203400,1.27,207264,495956,292
fog-k3s-master1,1,2026-06-06 08:17:05 UTC,15065696,15461504,165936,1.04,47512,601164,203400,1.27,207724,495956,368
fog-k3s-master1,1,2026-06-06 08:17:06 UTC,15065696,15461512,165924,1.04,47512,601176,203400,1.27,207724,495964,328
fog-k3s-master1,1,2026-06-06 08:17:07 UTC,15066140,15461956,165480,1.04,47512,601184,199948,1.25,206032,495964,176
fog-k3s-master1,1,2026-06-06 08:17:08 UTC,15066140,15461960,165464,1.04,47512,601196,199948,1.25,206032,495964,188
fog-k3s-master1,1,2026-06-06 08:17:09 UTC,15066140,15462020,165456,1.04,47520,601196,199948,1.25,206032,496024,196
fog-k3s-master1,1,2026-06-06 08:17:10 UTC,15066140,15462020,165436,1.04,47520,601216,199948,1.25,206032,496024,256
fog-k3s-master1,1,2026-06-06 08:17:11 UTC,15066140,15462020,165428,1.04,47520,601224,199948,1.25,206032,496024,264
fog-k3s-master1,1,2026-06-06 08:17:12 UTC,15066140,15462020,165416,1.03,47520,601236,199948,1.25,206032,496024,68
fog-k3s-master1,1,2026-06-06 08:17:13 UTC,15066140,15462020,165404,1.03,47520,601248,199948,1.25,206032,496024,80
fog-k3s-master1,1,2026-06-06 08:17:14 UTC,15066140,15462020,165396,1.03,47528,601248,199948,1.25,206032,496024,196
fog-k3s-master1,1,2026-06-06 08:17:15 UTC,15066140,15462080,165376,1.03,47528,601268,199948,1.25,206032,496084,152
fog-k3s-master1,1,2026-06-06 08:17:16 UTC,15066140,15462080,165368,1.03,47528,601276,199948,1.25,206032,496084,164
fog-k3s-master1,1,2026-06-06 08:17:17 UTC,15066140,15462080,165356,1.03,47528,601288,199948,1.25,206032,496084,176
fog-k3s-master1,1,2026-06-06 08:17:18 UTC,15066140,15462080,165348,1.03,47528,601296,199948,1.25,206032,496084,184
fog-k3s-master1,1,2026-06-06 08:17:19 UTC,15066140,15462080,165336,1.03,47528,601308,199948,1.25,206032,496084,196
fog-k3s-master1,1,2026-06-06 08:17:20 UTC,15066140,15462080,165328,1.03,47536,601308,199948,1.25,206032,496084,204
fog-k3s-master1,1,2026-06-06 08:17:21 UTC,15066140,15462164,165308,1.03,47536,601328,199948,1.25,206032,496168,88
fog-k3s-master1,1,2026-06-06 08:17:22 UTC,15066140,15462164,165300,1.03,47536,601336,199948,1.25,206032,496168,36
fog-k3s-master1,1,2026-06-06 08:17:23 UTC,15066140,15462164,165284,1.03,47536,601348,199948,1.25,206032,496168,48
fog-k3s-master1,1,2026-06-06 08:17:24 UTC,15066140,15462164,165272,1.03,47536,601360,199948,1.25,206032,496168,212
fog-k3s-master1,1,2026-06-06 08:17:25 UTC,15066140,15462164,165264,1.03,47544,601360,199948,1.25,206032,496168,220
fog-k3s-master1,1,2026-06-06 08:17:26 UTC,15066140,15462164,165252,1.03,47544,601372,199948,1.25,206032,496168,232
fog-k3s-master1,1,2026-06-06 08:17:27 UTC,15065916,15462008,165460,1.04,47544,601388,199948,1.25,206032,496236,4
fog-k3s-master1,1,2026-06-06 08:17:28 UTC,15065916,15462008,165448,1.04,47544,601400,199948,1.25,206032,496236,20
fog-k3s-master1,1,2026-06-06 08:17:29 UTC,15065916,15462008,165440,1.04,47544,601408,199948,1.25,206032,496236,28
fog-k3s-master1,1,2026-06-06 08:17:30 UTC,15065916,15462012,165412,1.03,47552,601424,199948,1.25,206032,496236,216
fog-k3s-master1,1,2026-06-06 08:17:31 UTC,15065916,15462012,165404,1.03,47552,601432,199948,1.25,206032,496236,224
fog-k3s-master1,1,2026-06-06 08:17:32 UTC,15065916,15462012,165392,1.03,47552,601444,199948,1.25,206032,496236,236
fog-k3s-master1,1,2026-06-06 08:17:33 UTC,15065916,15462072,165384,1.03,47552,601452,199948,1.25,206032,496296,244
fog-k3s-master1,1,2026-06-06 08:17:34 UTC,15065916,15462072,165372,1.03,47552,601464,199948,1.25,206032,496296,52
fog-k3s-master1,1,2026-06-06 08:17:35 UTC,15065916,15462072,165360,1.03,47552,601476,199948,1.25,206032,496296,32
fog-k3s-master1,1,2026-06-06 08:17:36 UTC,15065916,15462072,165352,1.03,47560,601476,199948,1.25,206032,496296,40
fog-k3s-master1,1,2026-06-06 08:17:37 UTC,15065916,15462072,165340,1.03,47560,601488,199948,1.25,206032,496296,52
fog-k3s-master1,1,2026-06-06 08:17:38 UTC,15065916,15462072,165324,1.03,47560,601504,199948,1.25,206032,496296,88
fog-k3s-master1,1,2026-06-06 08:17:39 UTC,15065916,15462132,165308,1.03,47560,601516,199948,1.25,206032,496356,100
fog-k3s-master1,1,2026-06-06 08:17:40 UTC,15065916,15462132,165300,1.03,47560,601524,199948,1.25,206032,496356,192
fog-k3s-master1,1,2026-06-06 08:17:41 UTC,15065916,15462132,165288,1.03,47560,601536,199948,1.25,206032,496356,204
fog-k3s-master1,1,2026-06-06 08:17:42 UTC,15065664,15461880,165532,1.04,47568,601536,199948,1.25,206032,496356,32
fog-k3s-master1,1,2026-06-06 08:17:43 UTC,15065664,15461880,165512,1.04,47568,601556,199948,1.25,206032,496356,44
fog-k3s-master1,1,2026-06-06 08:17:44 UTC,15065664,15461880,165504,1.04,47568,601564,199948,1.25,206032,496356,52
fog-k3s-master1,1,2026-06-06 08:17:45 UTC,15065664,15461940,165492,1.04,47568,601576,199948,1.25,206032,496416,64
fog-k3s-master1,1,2026-06-06 08:17:46 UTC,15065664,15461940,165484,1.04,47568,601584,199948,1.25,206032,496416,176
fog-k3s-master1,1,2026-06-06 08:17:47 UTC,15065664,15461940,165472,1.04,47568,601596,199948,1.25,206032,496416,188
fog-k3s-master1,1,2026-06-06 08:17:48 UTC,15065664,15461940,165460,1.04,47576,601600,199948,1.25,206032,496416,200
fog-k3s-master1,1,2026-06-06 08:17:49 UTC,15065664,15461944,165444,1.04,47576,601616,199948,1.25,206032,496420,76
fog-k3s-master1,1,2026-06-06 08:17:50 UTC,15065664,15462004,165432,1.04,47576,601628,199948,1.25,206032,496480,88
fog-k3s-master1,1,2026-06-06 08:17:51 UTC,15065664,15462004,165424,1.04,47576,601636,199948,1.25,206032,496480,32
fog-k3s-master1,1,2026-06-06 08:17:52 UTC,15065664,15462004,165412,1.03,47576,601648,199948,1.25,206032,496480,48
fog-k3s-master1,1,2026-06-06 08:17:53 UTC,15065664,15462004,165404,1.03,47576,601656,199948,1.25,206032,496480,24
fog-k3s-master1,1,2026-06-06 08:17:54 UTC,15065664,15462008,165388,1.03,47584,601660,199948,1.25,206032,496480,184
fog-k3s-master1,1,2026-06-06 08:17:55 UTC,15065664,15462008,165372,1.03,47584,601676,199948,1.25,206032,496480,76
fog-k3s-master1,1,2026-06-06 08:17:56 UTC,15065664,15462068,165360,1.03,47584,601688,199948,1.25,206032,496540,88
fog-k3s-master1,1,2026-06-06 08:17:57 UTC,15065664,15462068,165352,1.03,47584,601696,199948,1.25,206032,496540,32
fog-k3s-master1,1,2026-06-06 08:17:58 UTC,15065664,15462068,165340,1.03,47584,601708,199948,1.25,206032,496540,48
fog-k3s-master1,1,2026-06-06 08:17:59 UTC,15065664,15462068,165328,1.03,47592,601712,199948,1.25,206032,496540,60
fog-k3s-master1,1,2026-06-06 08:18:00 UTC,15065160,15461564,165816,1.04,47592,601728,199948,1.25,206032,496540,184
fog-k3s-master1,1,2026-06-06 08:18:01 UTC,15065160,15461564,165804,1.04,47592,601740,199948,1.25,206032,496540,196
fog-k3s-master1,1,2026-06-06 08:18:02 UTC,15065160,15461624,165796,1.04,47592,601748,199948,1.25,206032,496600,204
fog-k3s-master1,1,2026-06-06 08:18:03 UTC,15065160,15461624,165784,1.04,47592,601760,199948,1.25,206032,496600,216
fog-k3s-master1,1,2026-06-06 08:18:04 UTC,15065160,15461624,165776,1.04,47600,601760,199948,1.25,206032,496600,172
fog-k3s-master1,1,2026-06-06 08:18:05 UTC,15065160,15461624,165756,1.04,47600,601780,199948,1.25,206032,496600,52
fog-k3s-master1,1,2026-06-06 08:18:06 UTC,15065160,15461624,165748,1.04,47600,601788,199948,1.25,206032,496600,60
fog-k3s-master1,1,2026-06-06 08:18:07 UTC,15064152,15460616,166744,1.04,47600,601800,199948,1.25,206032,496600,72
fog-k3s-master1,1,2026-06-06 08:18:08 UTC,15064152,15460676,166736,1.04,47600,601808,199948,1.25,206032,496660,80
fog-k3s-master1,1,2026-06-06 08:18:09 UTC,15064152,15460676,166720,1.04,47608,601812,199948,1.25,206032,496660,92
fog-k3s-master1,1,2026-06-06 08:18:10 UTC,15064152,15460736,166704,1.04,47608,601828,199948,1.25,206032,496720,164
fog-k3s-master1,1,2026-06-06 08:18:11 UTC,15064152,15460736,166692,1.04,47608,601840,199948,1.25,206032,496720,24
fog-k3s-master1,1,2026-06-06 08:18:12 UTC,15064152,15460736,166680,1.04,47608,601852,199948,1.25,206032,496720,36
fog-k3s-master1,1,2026-06-06 08:18:13 UTC,15064152,15460736,166672,1.04,47608,601860,199948,1.25,206032,496720,44
fog-k3s-master1,1,2026-06-06 08:18:14 UTC,15064152,15460796,166660,1.04,47616,601864,199948,1.25,206032,496780,56
fog-k3s-master1,1,2026-06-06 08:18:15 UTC,15064152,15460808,166644,1.04,47616,601880,199948,1.25,206032,496792,160
fog-k3s-master1,1,2026-06-06 08:18:16 UTC,15064152,15460808,166632,1.04,47616,601892,199948,1.25,206032,496792,176
fog-k3s-master1,1,2026-06-06 08:18:17 UTC,15064152,15460808,166624,1.04,47616,601900,199948,1.25,206032,496792,184
fog-k3s-master1,1,2026-06-06 08:18:18 UTC,15064152,15460808,166612,1.04,47616,601912,199948,1.25,206032,496792,196
fog-k3s-master1,1,2026-06-06 08:18:19 UTC,15064404,15461100,166344,1.04,47624,601920,199948,1.25,206032,496832,44
fog-k3s-master1,1,2026-06-06 08:18:20 UTC,15064404,15461100,166332,1.04,47624,601932,199948,1.25,206032,496832,56
fog-k3s-master1,1,2026-06-06 08:18:21 UTC,15064404,15461100,166324,1.04,47624,601940,199948,1.25,206032,496832,64
fog-k3s-master1,1,2026-06-06 08:18:22 UTC,15064404,15461100,166312,1.04,47624,601952,199948,1.25,206032,496832,16
fog-k3s-master1,1,2026-06-06 08:18:23 UTC,15064404,15461100,166300,1.04,47624,601964,199948,1.25,206032,496832,28
fog-k3s-master1,1,2026-06-06 08:18:24 UTC,15064404,15461100,166292,1.04,47632,601964,199948,1.25,206032,496832,36
fog-k3s-master1,1,2026-06-06 08:18:25 UTC,15064404,15461164,166268,1.04,47632,601984,199948,1.25,206032,496892,76
fog-k3s-master1,1,2026-06-06 08:18:26 UTC,15064152,15460912,166512,1.04,47632,601992,199948,1.25,206032,496892,84
fog-k3s-master1,1,2026-06-06 08:18:27 UTC,15064192,15460952,166460,1.04,47632,602004,199948,1.25,206032,496892,28
fog-k3s-master1,1,2026-06-06 08:18:28 UTC,15064192,15460952,166452,1.04,47632,602012,199948,1.25,206032,496892,40
fog-k3s-master1,1,2026-06-06 08:18:29 UTC,15064192,15460952,166432,1.04,47640,602024,199948,1.25,206032,496892,204
fog-k3s-master1,1,2026-06-06 08:18:30 UTC,15064192,15461040,166424,1.04,47640,602032,199948,1.25,206032,496980,180
fog-k3s-master1,1,2026-06-06 08:18:31 UTC,15064192,15461040,166412,1.04,47640,602044,199948,1.25,206032,496980,192
fog-k3s-master1,1,2026-06-06 08:18:32 UTC,15064192,15461040,166404,1.04,47640,602052,199948,1.25,206032,496980,200
fog-k3s-master1,1,2026-06-06 08:18:33 UTC,15064192,15461072,166392,1.04,47640,602064,199948,1.25,206032,497012,148
fog-k3s-master1,1,2026-06-06 08:18:34 UTC,15064192,15461072,166384,1.04,47648,602064,199948,1.25,206032,497012,160
fog-k3s-master1,1,2026-06-06 08:18:35 UTC,15064192,15461080,166364,1.04,47648,602084,199948,1.25,206032,497020,48
fog-k3s-master1,1,2026-06-06 08:18:36 UTC,15064192,15461080,166352,1.04,47648,602096,199948,1.25,206032,497020,60
fog-k3s-master1,1,2026-06-06 08:18:37 UTC,15064192,15461080,166344,1.04,47648,602104,199948,1.25,206032,497020,68
fog-k3s-master1,1,2026-06-06 08:18:38 UTC,15064192,15461080,166332,1.04,47648,602116,199948,1.25,206032,497020,80
fog-k3s-master1,1,2026-06-06 08:18:39 UTC,15064192,15461148,166316,1.04,47656,602124,199948,1.25,206032,497088,152
fog-k3s-master1,1,2026-06-06 08:18:40 UTC,15064192,15461148,166300,1.04,47656,602136,199948,1.25,206032,497088,16
fog-k3s-master1,1,2026-06-06 08:18:41 UTC,15064192,15461148,166292,1.04,47656,602144,199948,1.25,206032,497088,24
fog-k3s-master1,1,2026-06-06 08:18:42 UTC,15064192,15461148,166280,1.04,47656,602156,199948,1.25,206032,497088,36
fog-k3s-master1,1,2026-06-06 08:18:43 UTC,15064668,15461624,165796,1.04,47656,602164,199948,1.25,206032,497088,44
fog-k3s-master1,1,2026-06-06 08:18:44 UTC,15064668,15461624,165776,1.04,47664,602176,199948,1.25,206032,497088,220
fog-k3s-master1,1,2026-06-06 08:18:45 UTC,15064668,15461684,165768,1.04,47664,602184,199948,1.25,206032,497148,164
fog-k3s-master1,1,2026-06-06 08:18:46 UTC,15064668,15461684,165756,1.04,47664,602196,199948,1.25,206032,497148,180
fog-k3s-master1,1,2026-06-06 08:18:47 UTC,15064668,15461684,165744,1.04,47664,602208,199948,1.25,206032,497148,192
fog-k3s-master1,1,2026-06-06 08:18:48 UTC,15064668,15461684,165736,1.04,47664,602216,199948,1.25,206032,497148,200
fog-k3s-master1,1,2026-06-06 08:18:49 UTC,15064668,15461684,165724,1.04,47672,602220,199948,1.25,206032,497148,212
fog-k3s-master1,1,2026-06-06 08:18:50 UTC,15064668,15461736,165708,1.04,47672,602236,199948,1.25,206032,497200,56
fog-k3s-master1,1,2026-06-06 08:18:51 UTC,15064668,15461736,165696,1.04,47672,602248,199948,1.25,206032,497200,0
fog-k3s-master1,1,2026-06-06 08:18:52 UTC,15064668,15461736,165688,1.04,47672,602256,199948,1.25,206032,497200,12
fog-k3s-master1,1,2026-06-06 08:18:53 UTC,15064668,15461736,165676,1.04,47672,602268,199948,1.25,206032,497200,24
fog-k3s-master1,1,2026-06-06 08:18:54 UTC,15064668,15461736,165668,1.04,47680,602268,199948,1.25,206032,497200,32
fog-k3s-master1,1,2026-06-06 08:18:55 UTC,15064668,15461740,165644,1.04,47680,602288,199948,1.25,206032,497200,76
fog-k3s-master1,1,2026-06-06 08:18:56 UTC,15064668,15461800,165636,1.04,47680,602296,199948,1.25,206032,497260,84
fog-k3s-master1,1,2026-06-06 08:18:57 UTC,15064668,15461800,165624,1.04,47680,602308,199948,1.25,206032,497260,96
fog-k3s-master1,1,2026-06-06 08:18:58 UTC,15062652,15459784,167632,1.05,47680,602316,199948,1.25,206032,497260,44
fog-k3s-master1,1,2026-06-06 08:18:59 UTC,15062652,15459784,167620,1.05,47688,602320,199948,1.25,206032,497260,204
fog-k3s-master1,1,2026-06-06 08:19:00 UTC,15062652,15459784,167600,1.05,47688,602340,199948,1.25,206032,497260,188
fog-k3s-master1,1,2026-06-06 08:19:01 UTC,15062652,15459784,167592,1.05,47688,602348,199948,1.25,206032,497260,196
fog-k3s-master1,1,2026-06-06 08:19:02 UTC,15062652,15459844,167580,1.05,47688,602360,199948,1.25,206032,497320,208
fog-k3s-master1,1,2026-06-06 08:19:03 UTC,15062652,15459856,167572,1.05,47688,602368,199948,1.25,206032,497332,152
fog-k3s-master1,1,2026-06-06 08:19:04 UTC,15062652,15459856,167552,1.05,47696,602380,199948,1.25,206032,497332,208
fog-k3s-master1,1,2026-06-06 08:19:05 UTC,15062652,15459856,167544,1.05,47696,602388,199948,1.25,206032,497332,216
fog-k3s-master1,1,2026-06-06 08:19:06 UTC,15062652,15459856,167532,1.05,47696,602400,199948,1.25,206032,497332,64
fog-k3s-master1,1,2026-06-06 08:19:07 UTC,15062652,15459856,167524,1.05,47696,602408,199948,1.25,206032,497332,72
fog-k3s-master1,1,2026-06-06 08:19:08 UTC,15062652,15459856,167512,1.05,47696,602420,199948,1.25,206032,497332,84
fog-k3s-master1,1,2026-06-06 08:19:09 UTC,15062652,15459916,167504,1.05,47704,602420,199948,1.25,206032,497392,28
fog-k3s-master1,1,2026-06-06 08:19:10 UTC,15062652,15459928,167480,1.05,47704,602440,199948,1.25,206032,497404,44
fog-k3s-master1,1,2026-06-06 08:19:11 UTC,15062652,15459932,167464,1.05,47704,602452,199948,1.25,206032,497404,28
fog-k3s-master1,1,2026-06-06 08:19:12 UTC,15062652,15459932,167456,1.05,47704,602460,199948,1.25,206032,497404,36
fog-k3s-master1,1,2026-06-06 08:19:13 UTC,15062652,15459932,167444,1.05,47704,602472,199948,1.25,206032,497404,48
fog-k3s-master1,1,2026-06-06 08:19:14 UTC,15062652,15459932,167436,1.05,47712,602472,199948,1.25,206032,497404,56
fog-k3s-master1,1,2026-06-06 08:19:15 UTC,15062652,15459932,167416,1.05,47712,602492,202800,1.27,207252,497404,232
fog-k3s-master1,1,2026-06-06 08:19:16 UTC,15062652,15459996,167400,1.05,47712,602504,203400,1.27,207760,497468,272
fog-k3s-master1,1,2026-06-06 08:19:17 UTC,15062652,15459996,167388,1.05,47712,602516,203400,1.27,207760,497468,284
fog-k3s-master1,1,2026-06-06 08:19:18 UTC,15062652,15459996,167380,1.05,47712,602524,203400,1.27,207760,497468,292
fog-k3s-master1,1,2026-06-06 08:19:19 UTC,15062652,15460056,167372,1.05,47720,602536,199948,1.25,206068,497528,116
fog-k3s-master1,1,2026-06-06 08:19:20 UTC,15062652,15460056,167364,1.05,47720,602544,199948,1.25,206068,497528,124
fog-k3s-master1,1,2026-06-06 08:19:21 UTC,15062652,15460056,167352,1.05,47720,602556,199948,1.25,206068,497528,0
fog-k3s-master1,1,2026-06-06 08:19:22 UTC,15062908,15460372,167088,1.05,47720,602564,199948,1.25,206068,497588,12
fog-k3s-master1,1,2026-06-06 08:19:23 UTC,15062908,15460372,167076,1.05,47720,602576,199948,1.25,206068,497588,24
fog-k3s-master1,1,2026-06-06 08:19:24 UTC,15062908,15460372,167056,1.05,47728,602588,199948,1.25,206068,497588,224
fog-k3s-master1,1,2026-06-06 08:19:25 UTC,15062908,15460372,167048,1.05,47728,602596,199948,1.25,206068,497588,232
fog-k3s-master1,1,2026-06-06 08:19:26 UTC,15062908,15460372,167032,1.05,47728,602608,199948,1.25,206068,497588,244
fog-k3s-master1,1,2026-06-06 08:19:27 UTC,15062908,15460372,167024,1.05,47728,602616,199948,1.25,206068,497588,36
fog-k3s-master1,1,2026-06-06 08:19:28 UTC,15062908,15460432,167012,1.04,47728,602628,199948,1.25,206068,497648,52
fog-k3s-master1,1,2026-06-06 08:19:29 UTC,15062908,15460432,166996,1.04,47736,602636,199948,1.25,206068,497648,208
fog-k3s-master1,1,2026-06-06 08:19:30 UTC,15062908,15460456,166984,1.04,47736,602648,199948,1.25,206068,497672,184
fog-k3s-master1,1,2026-06-06 08:19:31 UTC,15062908,15460456,166976,1.04,47736,602656,199948,1.25,206068,497672,192
fog-k3s-master1,1,2026-06-06 08:19:32 UTC,15062908,15460456,166964,1.04,47736,602668,199948,1.25,206068,497672,204
fog-k3s-master1,1,2026-06-06 08:19:33 UTC,15062908,15460456,166956,1.04,47736,602676,199948,1.25,206068,497672,212
fog-k3s-master1,1,2026-06-06 08:19:34 UTC,15062908,15460456,166944,1.04,47744,602680,199948,1.25,206068,497672,164
fog-k3s-master1,1,2026-06-06 08:19:35 UTC,15062908,15460508,166924,1.04,47744,602700,199948,1.25,206068,497724,56
fog-k3s-master1,1,2026-06-06 08:19:36 UTC,15062908,15460508,166916,1.04,47744,602708,199948,1.25,206068,497724,64
fog-k3s-master1,1,2026-06-06 08:19:37 UTC,15062684,15460284,167128,1.05,47744,602720,199948,1.25,206068,497724,76
fog-k3s-master1,1,2026-06-06 08:19:38 UTC,15062684,15460284,167120,1.05,47744,602728,199948,1.25,206068,497724,84
fog-k3s-master1,1,2026-06-06 08:19:39 UTC,15062684,15460324,167108,1.05,47752,602732,199948,1.25,206068,497764,4
fog-k3s-master1,1,2026-06-06 08:19:40 UTC,15062684,15460332,167092,1.05,47752,602748,199948,1.25,206068,497772,12
fog-k3s-master1,1,2026-06-06 08:19:41 UTC,15062684,15460336,167076,1.05,47752,602760,199948,1.25,206068,497772,24
fog-k3s-master1,1,2026-06-06 08:19:42 UTC,15062684,15460336,167068,1.05,47752,602768,199948,1.25,206068,497772,32
fog-k3s-master1,1,2026-06-06 08:19:43 UTC,15062684,15460336,167056,1.05,47752,602780,199948,1.25,206068,497772,44
fog-k3s-master1,1,2026-06-06 08:19:44 UTC,15062684,15460336,167040,1.05,47760,602788,199948,1.25,206068,497772,220
fog-k3s-master1,1,2026-06-06 08:19:45 UTC,15062684,15460388,167028,1.05,47760,602800,199948,1.25,206068,497824,168
fog-k3s-master1,1,2026-06-06 08:19:46 UTC,15058652,15456356,171048,1.07,47760,602812,199948,1.25,206068,497824,184
fog-k3s-master1,1,2026-06-06 08:19:47 UTC,15058652,15456356,171040,1.07,47760,602820,199948,1.25,206068,497824,192
fog-k3s-master1,1,2026-06-06 08:19:48 UTC,15061192,15458896,168520,1.05,47760,602832,199948,1.25,206068,497824,204
fog-k3s-master1,1,2026-06-06 08:19:49 UTC,15060952,15458664,168728,1.06,47768,602840,199948,1.25,206068,497824,240
fog-k3s-master1,1,2026-06-06 08:19:50 UTC,15060952,15458716,168716,1.06,47768,602852,199948,1.25,206068,497876,220
fog-k3s-master1,1,2026-06-06 08:19:51 UTC,15060952,15458776,168708,1.06,47768,602860,199948,1.25,206068,497936,228
fog-k3s-master1,1,2026-06-06 08:19:52 UTC,15060952,15458776,168696,1.06,47768,602872,199948,1.25,206076,497936,16
fog-k3s-master1,1,2026-06-06 08:19:53 UTC,15060952,15458776,168688,1.06,47768,602880,199948,1.25,206076,497936,24
fog-k3s-master1,1,2026-06-06 08:19:54 UTC,15060952,15458776,168676,1.06,47776,602884,199948,1.25,206076,497936,36
fog-k3s-master1,1,2026-06-06 08:19:55 UTC,15060952,15458776,168660,1.06,47776,602900,199948,1.25,206076,497936,76
fog-k3s-master1,1,2026-06-06 08:19:56 UTC,15060952,15458776,168648,1.06,47776,602912,199948,1.25,206076,497936,88
fog-k3s-master1,1,2026-06-06 08:19:57 UTC,15060952,15458836,168620,1.06,47776,602920,199948,1.25,206076,497996,32
fog-k3s-master1,1,2026-06-06 08:19:58 UTC,15060952,15458836,168608,1.05,47776,602932,199948,1.25,206076,497996,48
fog-k3s-master1,1,2026-06-06 08:19:59 UTC,15060952,15458860,168596,1.05,47784,602936,199948,1.25,206076,498020,56
fog-k3s-master1,1,2026-06-06 08:20:00 UTC,15060952,15458860,168580,1.05,47784,602952,199948,1.25,206076,498020,184
fog-k3s-master1,1,2026-06-06 08:20:01 UTC,15060952,15458860,168568,1.05,47784,602964,199948,1.25,206076,498020,196
fog-k3s-master1,1,2026-06-06 08:20:02 UTC,15060952,15458860,168560,1.05,47784,602972,199948,1.25,206076,498020,204
fog-k3s-master1,1,2026-06-06 08:20:03 UTC,15060952,15458900,168548,1.05,47784,602984,201556,1.26,207116,498060,148
fog-k3s-master1,1,2026-06-06 08:20:04 UTC,15061204,15459184,168276,1.05,47792,602992,199948,1.25,206068,498084,48
fog-k3s-master1,1,2026-06-06 08:20:05 UTC,15061204,15459184,168264,1.05,47792,603004,199948,1.25,206068,498084,60
fog-k3s-master1,1,2026-06-06 08:20:06 UTC,15061456,15459436,168004,1.05,47792,603012,199948,1.25,206068,498084,68
fog-k3s-master1,1,2026-06-06 08:20:07 UTC,15061456,15459436,167992,1.05,47792,603024,199948,1.25,206068,498084,80
fog-k3s-master1,1,2026-06-06 08:20:08 UTC,15061456,15459436,167984,1.05,47792,603032,199948,1.25,206068,498084,88
fog-k3s-master1,1,2026-06-06 08:20:09 UTC,15061456,15459488,167972,1.05,47792,603044,199948,1.25,206068,498136,184
fog-k3s-master1,1,2026-06-06 08:20:10 UTC,15061456,15459500,167952,1.05,47800,603056,199948,1.25,206068,498148,20
fog-k3s-master1,1,2026-06-06 08:20:11 UTC,15061456,15459500,167944,1.05,47800,603064,199948,1.25,206068,498148,28
fog-k3s-master1,1,2026-06-06 08:20:12 UTC,15061456,15459504,167928,1.05,47800,603076,199948,1.25,206068,498148,40
fog-k3s-master1,1,2026-06-06 08:20:13 UTC,15061456,15459504,167920,1.05,47800,603084,199948,1.25,206068,498148,48
fog-k3s-master1,1,2026-06-06 08:20:14 UTC,15061456,15459504,167908,1.05,47800,603096,199948,1.25,206068,498148,60
fog-k3s-master1,1,2026-06-06 08:20:15 UTC,15061456,15459504,167900,1.05,47808,603096,199948,1.25,206068,498148,68
fog-k3s-master1,1,2026-06-06 08:20:16 UTC,15061456,15459700,167752,1.05,47808,603244,199948,1.25,206196,498224,196
fog-k3s-master1,1,2026-06-06 08:20:17 UTC,15061456,15459700,167744,1.05,47808,603252,199948,1.25,206196,498224,204
fog-k3s-master1,1,2026-06-06 08:20:18 UTC,15061456,15459700,167732,1.05,47808,603264,199948,1.25,206196,498224,216
fog-k3s-master1,1,2026-06-06 08:20:19 UTC,15061456,15459708,167724,1.05,47808,603272,199948,1.25,206196,498232,76
fog-k3s-master1,1,2026-06-06 08:20:20 UTC,15061456,15459708,167712,1.05,47808,603284,199948,1.25,206196,498232,60
fog-k3s-master1,1,2026-06-06 08:20:21 UTC,15061456,15459716,167696,1.05,47816,603292,199948,1.25,206196,498240,24
fog-k3s-master1,1,2026-06-06 08:20:22 UTC,15061456,15459776,167684,1.05,47816,603304,199948,1.25,206196,498300,40
fog-k3s-master1,1,2026-06-06 08:20:23 UTC,15061456,15459776,167672,1.05,47816,603316,199948,1.25,206196,498300,52
fog-k3s-master1,1,2026-06-06 08:20:24 UTC,15061456,15459776,167664,1.05,47816,603324,199948,1.25,206196,498300,60
fog-k3s-master1,1,2026-06-06 08:20:25 UTC,15061456,15459776,167652,1.05,47816,603336,199948,1.25,206196,498300,68
fog-k3s-master1,1,2026-06-06 08:20:26 UTC,15061456,15459816,167636,1.05,47824,603344,199948,1.25,206196,498340,84
fog-k3s-master1,1,2026-06-06 08:20:27 UTC,15061456,15459816,167620,1.05,47824,603356,199948,1.25,206196,498340,96
fog-k3s-master1,1,2026-06-06 08:20:28 UTC,15061456,15459816,167612,1.05,47824,603364,199948,1.25,206196,498340,40
fog-k3s-master1,1,2026-06-06 08:20:29 UTC,15061456,15459816,167600,1.05,47824,603376,199948,1.25,206196,498340,204
fog-k3s-master1,1,2026-06-06 08:20:30 UTC,15061456,15459816,167592,1.05,47824,603384,199948,1.25,206196,498340,212
fog-k3s-master1,1,2026-06-06 08:20:31 UTC,15061456,15459816,167580,1.05,47824,603396,199948,1.25,206196,498340,224
fog-k3s-master1,1,2026-06-06 08:20:32 UTC,15061456,15459876,167564,1.05,47832,603404,199948,1.25,206196,498400,204
fog-k3s-master1,1,2026-06-06 08:20:33 UTC,15061456,15459888,167552,1.05,47832,603416,199948,1.25,206196,498412,152
fog-k3s-master1,1,2026-06-06 08:20:34 UTC,15061456,15459888,167536,1.05,47832,603432,199948,1.25,206196,498412,184
fog-k3s-master1,1,2026-06-06 08:20:35 UTC,15061456,15459908,167528,1.05,47832,603440,199948,1.25,206196,498432,24
fog-k3s-master1,1,2026-06-06 08:20:36 UTC,15061456,15459908,167516,1.05,47832,603452,199948,1.25,206196,498432,36
fog-k3s-master1,1,2026-06-06 08:20:37 UTC,15061716,15460168,167248,1.05,47832,603460,199948,1.25,206196,498432,44
fog-k3s-master1,1,2026-06-06 08:20:38 UTC,15061752,15460204,167192,1.05,47840,603472,199948,1.25,206196,498432,88
fog-k3s-master1,1,2026-06-06 08:20:39 UTC,15061752,15460228,167184,1.05,47840,603480,199948,1.25,206196,498456,32
fog-k3s-master1,1,2026-06-06 08:20:40 UTC,15061752,15460228,167172,1.05,47840,603492,199948,1.25,206196,498456,200
fog-k3s-master1,1,2026-06-06 08:20:41 UTC,15061752,15460288,167164,1.05,47840,603500,199948,1.25,206196,498516,60
fog-k3s-master1,1,2026-06-06 08:20:42 UTC,15061752,15460288,167152,1.05,47840,603512,199948,1.25,206196,498516,72
fog-k3s-master1,1,2026-06-06 08:20:43 UTC,15061752,15460292,167140,1.05,47840,603520,199948,1.25,206196,498516,48
fog-k3s-master1,1,2026-06-06 08:20:44 UTC,15061500,15460048,167372,1.05,47848,603532,199948,1.25,206196,498524,84
fog-k3s-master1,1,2026-06-06 08:20:45 UTC,15061500,15460048,167364,1.05,47848,603540,199948,1.25,206196,498524,92
fog-k3s-master1,1,2026-06-06 08:20:46 UTC,15061500,15460048,167352,1.05,47848,603552,199948,1.25,206196,498524,192
fog-k3s-master1,1,2026-06-06 08:20:47 UTC,15061500,15460108,167340,1.05,47848,603564,199948,1.25,206196,498584,204
fog-k3s-master1,1,2026-06-06 08:20:48 UTC,15061760,15460368,167072,1.05,47848,603572,199948,1.25,206196,498584,212
fog-k3s-master1,1,2026-06-06 08:20:49 UTC,15061844,15460460,166968,1.04,47856,603584,199948,1.25,206196,498592,76
fog-k3s-master1,1,2026-06-06 08:20:50 UTC,15061844,15460460,166960,1.04,47856,603592,199948,1.25,206196,498592,84
fog-k3s-master1,1,2026-06-06 08:20:51 UTC,15061844,15460460,166948,1.04,47856,603604,199948,1.25,206196,498592,28
fog-k3s-master1,1,2026-06-06 08:20:52 UTC,15061844,15460460,166940,1.04,47856,603612,199948,1.25,206196,498592,40
fog-k3s-master1,1,2026-06-06 08:20:53 UTC,15061844,15460520,166928,1.04,47856,603624,199948,1.25,206196,498652,52
fog-k3s-master1,1,2026-06-06 08:20:54 UTC,15061844,15460520,166908,1.04,47864,603632,199948,1.25,206196,498652,212
fog-k3s-master1,1,2026-06-06 08:20:55 UTC,15061844,15460552,166896,1.04,47864,603644,199948,1.25,206196,498684,44
fog-k3s-master1,1,2026-06-06 08:20:56 UTC,15061844,15460552,166888,1.04,47864,603652,199948,1.25,206196,498684,52
fog-k3s-master1,1,2026-06-06 08:20:57 UTC,15061844,15460572,166876,1.04,47864,603664,199948,1.25,206196,498704,0
fog-k3s-master1,1,2026-06-06 08:20:58 UTC,15061844,15460576,166860,1.04,47864,603676,199948,1.25,206196,498704,16
fog-k3s-master1,1,2026-06-06 08:20:59 UTC,15061844,15460576,166852,1.04,47872,603676,199948,1.25,206196,498704,24
fog-k3s-master1,1,2026-06-06 08:21:00 UTC,15061844,15460576,166832,1.04,47872,603696,199948,1.25,206196,498704,216
fog-k3s-master1,1,2026-06-06 08:21:01 UTC,15061844,15460576,166824,1.04,47872,603704,199948,1.25,206196,498704,224
fog-k3s-master1,1,2026-06-06 08:21:02 UTC,15061844,15460576,166812,1.04,47872,603716,199948,1.25,206196,498704,236
fog-k3s-master1,1,2026-06-06 08:21:03 UTC,15061844,15460636,166804,1.04,47872,603724,199948,1.25,206196,498764,180
fog-k3s-master1,1,2026-06-06 08:21:04 UTC,15061844,15460664,166784,1.04,47880,603736,199948,1.25,206196,498792,16
fog-k3s-master1,1,2026-06-06 08:21:05 UTC,15061844,15460664,166776,1.04,47880,603744,199948,1.25,206196,498792,24
fog-k3s-master1,1,2026-06-06 08:21:06 UTC,15061844,15460664,166764,1.04,47880,603756,199948,1.25,206196,498792,36
fog-k3s-master1,1,2026-06-06 08:21:07 UTC,15061844,15460664,166756,1.04,47880,603764,199948,1.25,206196,498792,44
fog-k3s-master1,1,2026-06-06 08:21:08 UTC,15061844,15460664,166744,1.04,47880,603776,199948,1.25,206196,498792,56
fog-k3s-master1,1,2026-06-06 08:21:09 UTC,15061844,15460664,166736,1.04,47888,603776,199948,1.25,206196,498792,64
fog-k3s-master1,1,2026-06-06 08:21:10 UTC,15061844,15460732,166716,1.04,47888,603796,199948,1.25,206204,498852,44
fog-k3s-master1,1,2026-06-06 08:21:11 UTC,15061844,15460732,166704,1.04,47888,603808,199948,1.25,206204,498852,56
fog-k3s-master1,1,2026-06-06 08:21:12 UTC,15061844,15460732,166696,1.04,47888,603816,199948,1.25,206204,498852,64
fog-k3s-master1,1,2026-06-06 08:21:13 UTC,15061844,15460732,166680,1.04,47888,603828,199948,1.25,206204,498852,76
fog-k3s-master1,1,2026-06-06 08:21:14 UTC,15062364,15461252,166152,1.04,47896,603828,199948,1.25,206204,498852,84
fog-k3s-master1,1,2026-06-06 08:21:15 UTC,15062364,15461304,166140,1.04,47896,603840,199948,1.25,206204,498904,68
fog-k3s-master1,1,2026-06-06 08:21:16 UTC,15062436,15461392,166052,1.04,47896,603856,199948,1.25,206204,498920,160
fog-k3s-master1,1,2026-06-06 08:21:17 UTC,15062436,15461392,166040,1.04,47896,603868,199948,1.25,206204,498920,172
fog-k3s-master1,1,2026-06-06 08:21:18 UTC,15062436,15461392,166032,1.04,47896,603876,199948,1.25,206204,498920,180
fog-k3s-master1,1,2026-06-06 08:21:19 UTC,15062436,15461392,166012,1.04,47904,603888,199948,1.25,206204,498920,236
fog-k3s-master1,1,2026-06-06 08:21:20 UTC,15062436,15461440,166004,1.04,47904,603896,199948,1.25,206204,498968,80
fog-k3s-master1,1,2026-06-06 08:21:21 UTC,15062436,15461440,165992,1.04,47904,603908,199948,1.25,206204,498968,28
fog-k3s-master1,1,2026-06-06 08:21:22 UTC,15062436,15461440,165980,1.04,47904,603920,199948,1.25,206204,498968,44
fog-k3s-master1,1,2026-06-06 08:21:23 UTC,15062436,15461440,165972,1.04,47904,603928,199948,1.25,206204,498968,52
fog-k3s-master1,1,2026-06-06 08:21:24 UTC,15062436,15461440,165960,1.04,47912,603932,199948,1.25,206204,498968,64
fog-k3s-master1,1,2026-06-06 08:21:25 UTC,15062436,15461508,165944,1.04,47912,603948,199948,1.25,206204,499036,44
fog-k3s-master1,1,2026-06-06 08:21:26 UTC,15062436,15461508,165932,1.04,47912,603960,199948,1.25,206204,499036,56
fog-k3s-master1,1,2026-06-06 08:21:27 UTC,15062436,15461528,165924,1.04,47912,603968,199948,1.25,206204,499056,0
fog-k3s-master1,1,2026-06-06 08:21:28 UTC,15062436,15461528,165912,1.04,47912,603980,199948,1.25,206204,499056,16
fog-k3s-master1,1,2026-06-06 08:21:29 UTC,15062436,15461532,165892,1.04,47920,603988,199948,1.25,206204,499056,196
fog-k3s-master1,1,2026-06-06 08:21:30 UTC,15062436,15461532,165880,1.04,47920,604000,199948,1.25,206204,499056,208
fog-k3s-master1,1,2026-06-06 08:21:31 UTC,15062436,15461532,165872,1.04,47920,604008,199948,1.25,206204,499056,216
fog-k3s-master1,1,2026-06-06 08:21:32 UTC,15062436,15461532,165860,1.04,47920,604020,199948,1.25,206204,499056,228
fog-k3s-master1,1,2026-06-06 08:21:33 UTC,15062436,15461592,165852,1.04,47920,604028,199948,1.25,206204,499116,236
fog-k3s-master1,1,2026-06-06 08:21:34 UTC,15062436,15461592,165840,1.04,47928,604032,199948,1.25,206204,499116,208
fog-k3s-master1,1,2026-06-06 08:21:35 UTC,15059444,15458628,168812,1.06,47928,604052,203132,1.27,207780,499144,32
fog-k3s-master1,1,2026-06-06 08:21:36 UTC,15059444,15458628,168804,1.06,47928,604060,203132,1.27,207780,499144,156
fog-k3s-master1,1,2026-06-06 08:21:37 UTC,15059444,15458628,168792,1.06,47928,604072,203132,1.27,207780,499144,192
fog-k3s-master1,1,2026-06-06 08:21:38 UTC,15062324,15461508,165904,1.04,47928,604080,199948,1.25,206184,499144,228
fog-k3s-master1,1,2026-06-06 08:21:39 UTC,15062452,15461676,165756,1.04,47936,604092,199948,1.25,206184,499184,288
fog-k3s-master1,1,2026-06-06 08:21:40 UTC,15062452,15461684,165748,1.04,47936,604100,199948,1.25,206184,499192,60
fog-k3s-master1,1,2026-06-06 08:21:41 UTC,15062452,15461696,165736,1.04,47936,604112,199948,1.25,206184,499204,64
fog-k3s-master1,1,2026-06-06 08:21:42 UTC,15062452,15461704,165728,1.04,47936,604120,199948,1.25,206184,499212,68
fog-k3s-master1,1,2026-06-06 08:21:43 UTC,15062452,15461704,165716,1.04,47936,604132,199948,1.25,206184,499212,80
fog-k3s-master1,1,2026-06-06 08:21:44 UTC,15062452,15461704,165704,1.04,47944,604132,199948,1.25,206184,499212,88
fog-k3s-master1,1,2026-06-06 08:21:45 UTC,15062452,15461768,165684,1.04,47944,604152,199948,1.25,206184,499276,156
fog-k3s-master1,1,2026-06-06 08:21:46 UTC,15062452,15461768,165672,1.04,47944,604164,199948,1.25,206184,499276,172
fog-k3s-master1,1,2026-06-06 08:21:47 UTC,15062452,15461768,165664,1.04,47944,604172,199948,1.25,206184,499276,180
fog-k3s-master1,1,2026-06-06 08:21:48 UTC,15062452,15461768,165652,1.04,47944,604184,199948,1.25,206184,499276,192
fog-k3s-master1,1,2026-06-06 08:21:49 UTC,15062452,15461816,165636,1.04,47952,604192,199948,1.25,206184,499324,68
fog-k3s-master1,1,2026-06-06 08:21:50 UTC,15062452,15461816,165624,1.04,47952,604204,199948,1.25,206184,499324,80
fog-k3s-master1,1,2026-06-06 08:21:51 UTC,15062452,15461836,165616,1.04,47952,604212,199948,1.25,206184,499344,24
fog-k3s-master1,1,2026-06-06 08:21:52 UTC,15062452,15461836,165604,1.04,47952,604224,199948,1.25,206184,499344,40
fog-k3s-master1,1,2026-06-06 08:21:53 UTC,15062452,15461836,165596,1.04,47952,604232,199948,1.25,206184,499344,48
fog-k3s-master1,1,2026-06-06 08:21:54 UTC,15062452,15461844,165576,1.04,47960,604244,199948,1.25,206184,499352,192
fog-k3s-master1,1,2026-06-06 08:21:55 UTC,15062452,15461844,165568,1.04,47960,604252,199948,1.25,206184,499352,48
fog-k3s-master1,1,2026-06-06 08:21:56 UTC,15062452,15461844,165556,1.04,47960,604264,199948,1.25,206184,499352,60
fog-k3s-master1,1,2026-06-06 08:21:57 UTC,15062452,15461904,165544,1.04,47960,604276,199948,1.25,206184,499412,72
fog-k3s-master1,1,2026-06-06 08:21:58 UTC,15062452,15461904,165536,1.04,47960,604284,199948,1.25,206184,499412,16
fog-k3s-master1,1,2026-06-06 08:21:59 UTC,15062452,15461908,165512,1.04,47968,604296,199948,1.25,206184,499412,56
fog-k3s-master1,1,2026-06-06 08:22:00 UTC,15062452,15461916,165504,1.04,47968,604304,199948,1.25,206184,499420,208
fog-k3s-master1,1,2026-06-06 08:22:01 UTC,15062452,15461916,165492,1.04,47968,604316,199948,1.25,206184,499420,220
fog-k3s-master1,1,2026-06-06 08:22:02 UTC,15062452,15461916,165484,1.04,47968,604324,199948,1.25,206184,499420,228
fog-k3s-master1,1,2026-06-06 08:22:03 UTC,15062452,15461976,165472,1.04,47968,604336,199948,1.25,206184,499480,240
fog-k3s-master1,1,2026-06-06 08:22:04 UTC,15062452,15461976,165456,1.04,47976,604344,199948,1.25,206184,499480,204
fog-k3s-master1,1,2026-06-06 08:22:05 UTC,15062452,15461984,165444,1.04,47976,604356,199948,1.25,206184,499488,28
fog-k3s-master1,1,2026-06-06 08:22:06 UTC,15062452,15461984,165436,1.04,47976,604364,199948,1.25,206184,499488,36
fog-k3s-master1,1,2026-06-06 08:22:07 UTC,15062452,15461984,165424,1.04,47976,604376,199948,1.25,206184,499488,48
fog-k3s-master1,1,2026-06-06 08:22:08 UTC,15062452,15461984,165416,1.03,47976,604384,199948,1.25,206184,499488,56
fog-k3s-master1,1,2026-06-06 08:22:09 UTC,15062452,15462044,165404,1.03,47984,604388,199948,1.25,206184,499548,68
fog-k3s-master1,1,2026-06-06 08:22:10 UTC,15062452,15462044,165392,1.03,47984,604400,199948,1.25,206184,499548,84
fog-k3s-master1,1,2026-06-06 08:22:11 UTC,15062452,15462052,165376,1.03,47984,604416,199948,1.25,206184,499556,192
fog-k3s-master1,1,2026-06-06 08:22:12 UTC,15062452,15462052,165364,1.03,47984,604428,199948,1.25,206184,499556,204
fog-k3s-master1,1,2026-06-06 08:22:13 UTC,15062452,15462052,165356,1.03,47984,604436,199948,1.25,206184,499556,212
fog-k3s-master1,1,2026-06-06 08:22:14 UTC,15062452,15462052,165344,1.03,47992,604440,199948,1.25,206184,499556,224
fog-k3s-master1,1,2026-06-06 08:22:15 UTC,15062452,15462120,165324,1.03,47992,604456,199948,1.25,206184,499624,4
fog-k3s-master1,1,2026-06-06 08:22:16 UTC,15062452,15462120,165312,1.03,47992,604468,199948,1.25,206184,499624,20
fog-k3s-master1,1,2026-06-06 08:22:17 UTC,15062452,15462120,165304,1.03,47992,604476,199948,1.25,206184,499624,28
fog-k3s-master1,1,2026-06-06 08:22:18 UTC,15062452,15462120,165292,1.03,47992,604488,199948,1.25,206184,499624,40
fog-k3s-master1,1,2026-06-06 08:22:19 UTC,15062452,15462120,165284,1.03,48000,604488,199948,1.25,206184,499624,48
fog-k3s-master1,1,2026-06-06 08:22:20 UTC,15062452,15462120,165264,1.03,48000,604508,199948,1.25,206184,499624,80
fog-k3s-master1,1,2026-06-06 08:22:21 UTC,15062452,15462188,165236,1.03,48000,604520,199948,1.25,206184,499684,24
fog-k3s-master1,1,2026-06-06 08:22:22 UTC,15062452,15462188,165228,1.03,48000,604528,199948,1.25,206184,499684,36
fog-k3s-master1,1,2026-06-06 08:22:23 UTC,15062452,15462188,165216,1.03,48000,604540,199948,1.25,206184,499684,48
fog-k3s-master1,1,2026-06-06 08:22:24 UTC,15062452,15462188,165208,1.03,48008,604540,199948,1.25,206184,499684,56
fog-k3s-master1,1,2026-06-06 08:22:25 UTC,15062452,15462188,165196,1.03,48008,604552,199948,1.25,206184,499684,68
fog-k3s-master1,1,2026-06-06 08:22:26 UTC,15062452,15462204,165180,1.03,48008,604568,199948,1.25,206184,499700,208
fog-k3s-master1,1,2026-06-06 08:22:27 UTC,15062452,15462264,165168,1.03,48008,604580,199948,1.25,206184,499760,156
fog-k3s-master1,1,2026-06-06 08:22:28 UTC,15062452,15462264,165160,1.03,48008,604588,199948,1.25,206184,499760,168
fog-k3s-master1,1,2026-06-06 08:22:29 UTC,15062452,15462264,165148,1.03,48016,604592,199948,1.25,206184,499760,180
fog-k3s-master1,1,2026-06-06 08:22:30 UTC,15062452,15462276,165124,1.03,48016,604608,199948,1.25,206184,499768,56
fog-k3s-master1,1,2026-06-06 08:22:31 UTC,15062452,15462276,165112,1.03,48016,604620,199948,1.25,206184,499768,68
fog-k3s-master1,1,2026-06-06 08:22:32 UTC,15062452,15462276,165104,1.03,48016,604628,199948,1.25,206184,499768,76
fog-k3s-master1,1,2026-06-06 08:22:33 UTC,15062452,15462344,165092,1.03,48016,604640,199948,1.25,206184,499836,24
fog-k3s-master1,1,2026-06-06 08:22:34 UTC,15062452,15462344,165080,1.03,48024,604644,199948,1.25,206184,499836,40
fog-k3s-master1,1,2026-06-06 08:22:35 UTC,15062452,15462344,165072,1.03,48024,604652,199948,1.25,206184,499836,48
fog-k3s-master1,1,2026-06-06 08:22:36 UTC,15062452,15462352,165052,1.03,48024,604672,199948,1.25,206184,499844,40
fog-k3s-master1,1,2026-06-06 08:22:37 UTC,15062452,15462352,165044,1.03,48024,604680,199948,1.25,206184,499844,48
fog-k3s-master1,1,2026-06-06 08:22:38 UTC,15062452,15462352,165032,1.03,48024,604692,199948,1.25,206184,499844,60
fog-k3s-master1,1,2026-06-06 08:22:39 UTC,15062452,15462412,165024,1.03,48032,604692,199948,1.25,206184,499904,68
fog-k3s-master1,1,2026-06-06 08:22:40 UTC,15062452,15462420,165004,1.03,48032,604712,199948,1.25,206184,499912,192
fog-k3s-master1,1,2026-06-06 08:22:41 UTC,15062452,15462420,164996,1.03,48032,604720,199948,1.25,206184,499912,200
fog-k3s-master1,1,2026-06-06 08:22:42 UTC,15062452,15462420,164984,1.03,48032,604732,199948,1.25,206184,499912,212
fog-k3s-master1,1,2026-06-06 08:22:43 UTC,15062452,15462420,164976,1.03,48032,604740,199948,1.25,206184,499912,220
fog-k3s-master1,1,2026-06-06 08:22:44 UTC,15062452,15462420,164964,1.03,48040,604744,199948,1.25,206184,499912,232
fog-k3s-master1,1,2026-06-06 08:22:45 UTC,15062452,15462488,164948,1.03,48040,604756,199948,1.25,206184,499976,88
fog-k3s-master1,1,2026-06-06 08:22:46 UTC,15062452,15462496,164932,1.03,48040,604772,199948,1.25,206184,499984,16
fog-k3s-master1,1,2026-06-06 08:22:47 UTC,15062452,15462496,164920,1.03,48040,604784,199948,1.25,206184,499984,28
fog-k3s-master1,1,2026-06-06 08:22:48 UTC,15062972,15463016,164392,1.03,48040,604792,199948,1.25,206184,499984,36
fog-k3s-master1,1,2026-06-06 08:22:49 UTC,15063036,15463080,164308,1.03,48048,604804,199948,1.25,206184,499984,212
fog-k3s-master1,1,2026-06-06 08:22:50 UTC,15063036,15463080,164300,1.03,48048,604812,199948,1.25,206184,499984,72
fog-k3s-master1,1,2026-06-06 08:22:51 UTC,15054972,15455076,172352,1.08,48048,604824,199948,1.25,206184,500044,20
fog-k3s-master1,1,2026-06-06 08:22:52 UTC,15054972,15455076,172344,1.08,48048,604832,199948,1.25,206184,500044,32
fog-k3s-master1,1,2026-06-06 08:22:53 UTC,15054972,15455076,172332,1.08,48048,604844,199948,1.25,206184,500044,44
fog-k3s-master1,1,2026-06-06 08:22:54 UTC,15054972,15455076,172324,1.08,48056,604844,199948,1.25,206184,500044,52
fog-k3s-master1,1,2026-06-06 08:22:55 UTC,15054972,15455092,172304,1.08,48056,604864,199948,1.25,206184,500060,196
fog-k3s-master1,1,2026-06-06 08:22:56 UTC,15055156,15455276,172112,1.08,48056,604872,199948,1.25,206184,500060,204
fog-k3s-master1,1,2026-06-06 08:22:57 UTC,15055156,15455336,172100,1.08,48056,604884,199948,1.25,206184,500120,152
fog-k3s-master1,1,2026-06-06 08:22:58 UTC,15056572,15456752,170672,1.07,48056,604896,199948,1.25,206184,500120,168
fog-k3s-master1,1,2026-06-06 08:22:59 UTC,15057352,15457540,169876,1.06,48064,604904,199948,1.25,206184,500128,132
fog-k3s-master1,1,2026-06-06 08:23:00 UTC,15057432,15457620,169784,1.06,48064,604916,199948,1.25,206184,500128,60
fog-k3s-master1,1,2026-06-06 08:23:01 UTC,15057432,15457620,169772,1.06,48064,604924,199948,1.25,206184,500128,68
fog-k3s-master1,1,2026-06-06 08:23:02 UTC,15057432,15457620,169760,1.06,48064,604936,199948,1.25,206184,500128,80
fog-k3s-master1,1,2026-06-06 08:23:03 UTC,15057432,15457680,169752,1.06,48064,604944,199948,1.25,206184,500188,88
fog-k3s-master1,1,2026-06-06 08:23:04 UTC,15057432,15457680,169740,1.06,48072,604948,199948,1.25,206184,500188,40
fog-k3s-master1,1,2026-06-06 08:23:05 UTC,15057432,15457680,169732,1.06,48072,604956,199948,1.25,206184,500188,48
fog-k3s-master1,1,2026-06-06 08:23:06 UTC,15057180,15457432,169964,1.06,48072,604976,199948,1.25,206184,500192,40
fog-k3s-master1,1,2026-06-06 08:23:07 UTC,15057180,15457432,169956,1.06,48072,604984,199948,1.25,206184,500192,48
fog-k3s-master1,1,2026-06-06 08:23:08 UTC,15057180,15457432,169944,1.06,48072,604996,199948,1.25,206184,500192,60
fog-k3s-master1,1,2026-06-06 08:23:09 UTC,15057180,15457492,169924,1.06,48080,605008,199948,1.25,206184,500252,92
fog-k3s-master1,1,2026-06-06 08:23:10 UTC,15057180,15457492,169916,1.06,48080,605016,199948,1.25,206184,500252,180
fog-k3s-master1,1,2026-06-06 08:23:11 UTC,15057180,15457492,169904,1.06,48080,605028,199948,1.25,206184,500252,192
fog-k3s-master1,1,2026-06-06 08:23:12 UTC,15057180,15457492,169896,1.06,48080,605036,199948,1.25,206184,500252,200
fog-k3s-master1,1,2026-06-06 08:23:13 UTC,15057180,15457492,169884,1.06,48080,605048,199948,1.25,206184,500252,212
fog-k3s-master1,1,2026-06-06 08:23:14 UTC,15057180,15457544,169876,1.06,48088,605048,199948,1.25,206184,500304,212
fog-k3s-master1,1,2026-06-06 08:23:15 UTC,15057180,15457544,169864,1.06,48088,605060,199948,1.25,206184,500304,224
fog-k3s-master1,1,2026-06-06 08:23:16 UTC,15057180,15457548,169844,1.06,48088,605076,199948,1.25,206184,500304,16
fog-k3s-master1,1,2026-06-06 08:23:17 UTC,15057180,15457548,169832,1.06,48088,605088,199948,1.25,206184,500304,28
fog-k3s-master1,1,2026-06-06 08:23:18 UTC,15057180,15457548,169824,1.06,48088,605096,199948,1.25,206184,500304,36
fog-k3s-master1,1,2026-06-06 08:23:19 UTC,15057180,15457548,169812,1.06,48096,605100,199948,1.25,206184,500304,48
fog-k3s-master1,1,2026-06-06 08:23:20 UTC,15057180,15457608,169796,1.06,48096,605116,199948,1.25,206184,500364,80
fog-k3s-master1,1,2026-06-06 08:23:21 UTC,15057180,15457608,169784,1.06,48096,605128,199948,1.25,206184,500364,92
fog-k3s-master1,1,2026-06-06 08:23:22 UTC,15057180,15457608,169772,1.06,48096,605140,199948,1.25,206184,500364,44
fog-k3s-master1,1,2026-06-06 08:23:23 UTC,15057180,15457608,169764,1.06,48096,605148,199948,1.25,206184,500364,52
fog-k3s-master1,1,2026-06-06 08:23:24 UTC,15057180,15457608,169752,1.06,48104,605152,199948,1.25,206184,500364,64
fog-k3s-master1,1,2026-06-06 08:23:25 UTC,15057180,15457608,169736,1.06,48104,605168,199948,1.25,206184,500364,196
fog-k3s-master1,1,2026-06-06 08:23:26 UTC,15057180,15457668,169724,1.06,48104,605180,199948,1.25,206184,500424,208
fog-k3s-master1,1,2026-06-06 08:23:27 UTC,15057180,15457668,169716,1.06,48104,605188,199948,1.25,206184,500424,152
fog-k3s-master1,1,2026-06-06 08:23:28 UTC,15057180,15457668,169704,1.06,48104,605200,199948,1.25,206184,500424,168
fog-k3s-master1,1,2026-06-06 08:23:29 UTC,15057180,15457668,169688,1.06,48112,605208,199948,1.25,206184,500424,212
fog-k3s-master1,1,2026-06-06 08:23:30 UTC,15057180,15457668,169676,1.06,48112,605220,199948,1.25,206184,500424,224
fog-k3s-master1,1,2026-06-06 08:23:31 UTC,15057180,15457668,169668,1.06,48112,605228,199948,1.25,206184,500424,68
fog-k3s-master1,1,2026-06-06 08:23:32 UTC,15057180,15457728,169652,1.06,48112,605240,199948,1.25,206184,500484,80
fog-k3s-master1,1,2026-06-06 08:23:33 UTC,15057180,15457728,169640,1.06,48112,605252,199948,1.25,206184,500484,24
fog-k3s-master1,1,2026-06-06 08:23:34 UTC,15057180,15457728,169632,1.06,48120,605252,199948,1.25,206184,500484,36
fog-k3s-master1,1,2026-06-06 08:23:35 UTC,15057180,15457728,169612,1.06,48120,605272,199948,1.25,206184,500484,28
fog-k3s-master1,1,2026-06-06 08:23:36 UTC,15057180,15457728,169604,1.06,48120,605280,199948,1.25,206184,500484,36
fog-k3s-master1,1,2026-06-06 08:23:37 UTC,15057180,15457728,169592,1.06,48120,605292,199948,1.25,206184,500484,48
fog-k3s-master1,1,2026-06-06 08:23:38 UTC,15057180,15457788,169584,1.06,48120,605300,199948,1.25,206184,500544,56
fog-k3s-master1,1,2026-06-06 08:23:39 UTC,15057180,15457864,169564,1.06,48128,605312,199948,1.25,206184,500620,172
fog-k3s-master1,1,2026-06-06 08:23:40 UTC,15057180,15457864,169556,1.06,48128,605320,199948,1.25,206184,500620,184
fog-k3s-master1,1,2026-06-06 08:23:41 UTC,15057180,15457864,169544,1.06,48128,605332,199948,1.25,206184,500620,196
fog-k3s-master1,1,2026-06-06 08:23:42 UTC,15057180,15457864,169536,1.06,48128,605340,199948,1.25,206184,500620,204
fog-k3s-master1,1,2026-06-06 08:23:43 UTC,15057180,15457864,169524,1.06,48128,605352,199948,1.25,206184,500620,216
fog-k3s-master1,1,2026-06-06 08:23:44 UTC,15057180,15457864,169516,1.06,48136,605352,199948,1.25,206184,500620,224
fog-k3s-master1,1,2026-06-06 08:23:45 UTC,15057180,15457924,169504,1.06,48136,605364,199948,1.25,206184,500680,72
fog-k3s-master1,1,2026-06-06 08:23:46 UTC,15057180,15457924,169484,1.06,48136,605384,199948,1.25,206184,500680,20
fog-k3s-master1,1,2026-06-06 08:23:47 UTC,15057180,15457928,169472,1.06,48136,605392,199948,1.25,206184,500680,28
fog-k3s-master1,1,2026-06-06 08:23:48 UTC,15057180,15457928,169460,1.06,48136,605404,199948,1.25,206184,500680,40
fog-k3s-master1,1,2026-06-06 08:23:49 UTC,15055192,15455940,171432,1.07,48144,605412,203136,1.27,207792,500680,280
fog-k3s-master1,1,2026-06-06 08:23:50 UTC,15055192,15455940,171420,1.07,48144,605424,203136,1.27,207796,500680,80
fog-k3s-master1,1,2026-06-06 08:23:51 UTC,15055192,15456000,171412,1.07,48144,605432,203136,1.27,207796,500740,32
fog-k3s-master1,1,2026-06-06 08:23:52 UTC,15055192,15456000,171400,1.07,48144,605444,199948,1.25,206156,500740,168
fog-k3s-master1,1,2026-06-06 08:23:53 UTC,15055192,15456000,171392,1.07,48144,605452,199948,1.25,206156,500740,176
fog-k3s-master1,1,2026-06-06 08:23:54 UTC,15057520,15458332,169036,1.06,48152,605468,199948,1.25,206156,500744,252
fog-k3s-master1,1,2026-06-06 08:23:55 UTC,15057520,15458332,169028,1.06,48152,605476,199948,1.25,206156,500744,260
fog-k3s-master1,1,2026-06-06 08:23:56 UTC,15057016,15457880,169520,1.06,48152,605488,199948,1.25,206156,500796,268
fog-k3s-master1,1,2026-06-06 08:23:57 UTC,15057016,15457880,169508,1.06,48152,605500,199948,1.25,206156,500796,280
fog-k3s-master1,1,2026-06-06 08:23:58 UTC,15057016,15457880,169500,1.06,48152,605508,199948,1.25,206156,500796,12
fog-k3s-master1,1,2026-06-06 08:23:59 UTC,15057016,15457880,169480,1.06,48160,605520,199948,1.25,206156,500796,208
fog-k3s-master1,1,2026-06-06 08:24:00 UTC,15057016,15457880,169472,1.06,48160,605528,199948,1.25,206156,500796,216
fog-k3s-master1,1,2026-06-06 08:24:01 UTC,15057016,15457880,169460,1.06,48160,605540,199948,1.25,206156,500796,228
fog-k3s-master1,1,2026-06-06 08:24:02 UTC,15057016,15457944,169448,1.06,48160,605548,199948,1.25,206156,500856,236
fog-k3s-master1,1,2026-06-06 08:24:03 UTC,15057016,15457944,169436,1.06,48160,605560,199948,1.25,206156,500856,248
fog-k3s-master1,1,2026-06-06 08:24:04 UTC,15057268,15458196,169176,1.06,48168,605560,199948,1.25,206156,500856,196
fog-k3s-master1,1,2026-06-06 08:24:05 UTC,15057268,15458228,169156,1.06,48168,605580,199948,1.25,206156,500888,24
fog-k3s-master1,1,2026-06-06 08:24:06 UTC,15057268,15458228,169148,1.06,48168,605588,199948,1.25,206156,500888,32
fog-k3s-master1,1,2026-06-06 08:24:07 UTC,15057268,15458228,169136,1.06,48168,605600,199948,1.25,206156,500888,44
fog-k3s-master1,1,2026-06-06 08:24:08 UTC,15057268,15458228,169124,1.06,48168,605612,199948,1.25,206156,500888,56
fog-k3s-master1,1,2026-06-06 08:24:09 UTC,15057268,15458268,169108,1.06,48176,605620,199948,1.25,206156,500928,24
fog-k3s-master1,1,2026-06-06 08:24:10 UTC,15057268,15458268,169096,1.06,48176,605632,199948,1.25,206156,500928,44
fog-k3s-master1,1,2026-06-06 08:24:11 UTC,15057268,15458268,169088,1.06,48176,605640,199948,1.25,206156,500928,52
fog-k3s-master1,1,2026-06-06 08:24:12 UTC,15057268,15458268,169076,1.06,48176,605652,199948,1.25,206156,500928,64
fog-k3s-master1,1,2026-06-06 08:24:13 UTC,15057268,15458268,169068,1.06,48176,605660,199948,1.25,206156,500928,72
fog-k3s-master1,1,2026-06-06 08:24:14 UTC,15057268,15458320,169048,1.06,48184,605672,199948,1.25,206156,500980,204
fog-k3s-master1,1,2026-06-06 08:24:15 UTC,15057268,15458320,169040,1.06,48184,605680,199948,1.25,206156,500980,148
fog-k3s-master1,1,2026-06-06 08:24:16 UTC,15057268,15458320,169028,1.06,48184,605692,199948,1.25,206156,500980,164
fog-k3s-master1,1,2026-06-06 08:24:17 UTC,15057268,15458320,169020,1.06,48184,605700,199948,1.25,206156,500980,172
fog-k3s-master1,1,2026-06-06 08:24:18 UTC,15057268,15458320,169004,1.06,48184,605712,199948,1.25,206156,500980,184
fog-k3s-master1,1,2026-06-06 08:24:19 UTC,15057268,15458320,168996,1.06,48192,605712,199948,1.25,206156,500980,192
fog-k3s-master1,1,2026-06-06 08:24:20 UTC,15057268,15458380,168984,1.06,48192,605724,199948,1.25,206156,501040,204
fog-k3s-master1,1,2026-06-06 08:24:21 UTC,15057528,15458700,168704,1.06,48192,605744,199948,1.25,206156,501100,28
fog-k3s-master1,1,2026-06-06 08:24:22 UTC,15057528,15458700,168696,1.06,48192,605752,199948,1.25,206156,501100,40
fog-k3s-master1,1,2026-06-06 08:24:23 UTC,15057528,15458700,168684,1.06,48192,605764,199948,1.25,206156,501100,52
fog-k3s-master1,1,2026-06-06 08:24:24 UTC,15057528,15458740,168676,1.06,48200,605764,199948,1.25,206156,501140,36
fog-k3s-master1,1,2026-06-06 08:24:25 UTC,15057528,15458740,168656,1.06,48200,605784,199948,1.25,206156,501140,44
fog-k3s-master1,1,2026-06-06 08:24:26 UTC,15057528,15458740,168648,1.06,48200,605792,199948,1.25,206156,501140,52
fog-k3s-master1,1,2026-06-06 08:24:27 UTC,15057528,15458740,168636,1.06,48200,605804,199948,1.25,206156,501140,64
fog-k3s-master1,1,2026-06-06 08:24:28 UTC,15057528,15458740,168628,1.06,48200,605812,199948,1.25,206156,501140,12
fog-k3s-master1,1,2026-06-06 08:24:29 UTC,15057528,15458740,168616,1.05,48208,605816,199948,1.25,206156,501140,24
fog-k3s-master1,1,2026-06-06 08:24:30 UTC,15057528,15458800,168600,1.05,48208,605832,199948,1.25,206156,501200,204
fog-k3s-master1,1,2026-06-06 08:24:31 UTC,15057528,15458800,168588,1.05,48208,605844,199948,1.25,206156,501200,216
fog-k3s-master1,1,2026-06-06 08:24:32 UTC,15057528,15458800,168576,1.05,48208,605856,199948,1.25,206156,501200,228
fog-k3s-master1,1,2026-06-06 08:24:33 UTC,15057528,15458836,168564,1.05,48208,605864,199948,1.25,206156,501232,172
fog-k3s-master1,1,2026-06-06 08:24:34 UTC,15057528,15458836,168552,1.05,48216,605868,199948,1.25,206156,501232,188
fog-k3s-master1,1,2026-06-06 08:24:35 UTC,15057528,15458856,168536,1.05,48216,605884,199948,1.25,206156,501252,24
fog-k3s-master1,1,2026-06-06 08:24:36 UTC,15057528,15458856,168524,1.05,48216,605896,199948,1.25,206156,501252,36
fog-k3s-master1,1,2026-06-06 08:24:37 UTC,15057528,15458856,168516,1.05,48216,605904,199948,1.25,206156,501252,44
fog-k3s-master1,1,2026-06-06 08:24:38 UTC,15054508,15455836,171524,1.07,48216,605916,202924,1.27,207196,501252,56
fog-k3s-master1,1,2026-06-06 08:24:39 UTC,15054060,15455424,171952,1.08,48224,605924,203396,1.27,207892,501288,32
fog-k3s-master1,1,2026-06-06 08:24:40 UTC,15054060,15455424,171940,1.08,48224,605936,203396,1.27,207892,501288,288
fog-k3s-master1,1,2026-06-06 08:24:41 UTC,15054060,15455484,171932,1.08,48224,605944,203396,1.27,207892,501348,296
fog-k3s-master1,1,2026-06-06 08:24:42 UTC,15054060,15455484,171920,1.08,48224,605956,203396,1.27,207892,501348,320
fog-k3s-master1,1,2026-06-06 08:24:43 UTC,15057904,15459328,168068,1.05,48224,605964,199948,1.25,206244,501348,328
fog-k3s-master1,1,2026-06-06 08:24:44 UTC,15057652,15459116,168300,1.05,48232,605976,199948,1.25,206192,501388,56
fog-k3s-master1,1,2026-06-06 08:24:45 UTC,15057148,15458612,168792,1.06,48232,605988,199948,1.25,206192,501388,0
fog-k3s-master1,1,2026-06-06 08:24:46 UTC,15057148,15458612,168784,1.06,48232,605996,199948,1.25,206192,501388,12
fog-k3s-master1,1,2026-06-06 08:24:47 UTC,15057148,15458612,168772,1.06,48232,606008,199948,1.25,206192,501388,24
fog-k3s-master1,1,2026-06-06 08:24:48 UTC,15057148,15458612,168760,1.06,48232,606016,199948,1.25,206192,501388,32
fog-k3s-master1,1,2026-06-06 08:24:49 UTC,15057148,15458612,168748,1.06,48240,606020,199948,1.25,206192,501388,44
fog-k3s-master1,1,2026-06-06 08:24:50 UTC,15057148,15458672,168740,1.06,48240,606028,199948,1.25,206192,501448,52
fog-k3s-master1,1,2026-06-06 08:24:51 UTC,15057148,15458672,168720,1.06,48240,606048,199948,1.25,206192,501448,28
fog-k3s-master1,1,2026-06-06 08:24:52 UTC,15057148,15458672,168712,1.06,48240,606056,199948,1.25,206192,501448,40
fog-k3s-master1,1,2026-06-06 08:24:53 UTC,15057148,15458672,168700,1.06,48240,606068,199948,1.25,206192,501448,52
fog-k3s-master1,1,2026-06-06 08:24:54 UTC,15057148,15458672,168684,1.06,48248,606076,199948,1.25,206192,501448,216
fog-k3s-master1,1,2026-06-06 08:24:55 UTC,15057148,15458672,168672,1.06,48248,606088,199948,1.25,206192,501448,228
fog-k3s-master1,1,2026-06-06 08:24:56 UTC,15057148,15458732,168660,1.06,48248,606100,199948,1.25,206192,501508,240
fog-k3s-master1,1,2026-06-06 08:24:57 UTC,15057148,15458732,168652,1.06,48248,606108,199948,1.25,206192,501508,152
fog-k3s-master1,1,2026-06-06 08:24:58 UTC,15057148,15458732,168640,1.06,48248,606120,199948,1.25,206192,501508,168
fog-k3s-master1,1,2026-06-06 08:24:59 UTC,15057148,15458732,168632,1.06,48256,606120,199948,1.25,206192,501508,176
fog-k3s-master1,1,2026-06-06 08:25:00 UTC,15057148,15458732,168612,1.05,48256,606140,199948,1.25,206192,501508,64
fog-k3s-master1,1,2026-06-06 08:25:01 UTC,15057148,15458732,168604,1.05,48256,606148,199948,1.25,206192,501508,72
fog-k3s-master1,1,2026-06-06 08:25:02 UTC,15055892,15457564,169844,1.06,48256,606164,199948,1.25,206172,501596,252
fog-k3s-master1,1,2026-06-06 08:25:03 UTC,15055892,15457564,169836,1.06,48256,606172,199948,1.25,206172,501596,260
fog-k3s-master1,1,2026-06-06 08:25:04 UTC,15055892,15457572,169812,1.06,48264,606184,199948,1.25,206172,501600,244
fog-k3s-master1,1,2026-06-06 08:25:05 UTC,15055892,15457572,169804,1.06,48264,606192,199948,1.25,206172,501600,24
fog-k3s-master1,1,2026-06-06 08:25:06 UTC,15055892,15457572,169792,1.06,48264,606204,199948,1.25,206172,501600,36
fog-k3s-master1,1,2026-06-06 08:25:07 UTC,15055892,15457572,169784,1.06,48264,606212,199948,1.25,206172,501600,44
fog-k3s-master1,1,2026-06-06 08:25:08 UTC,15055892,15457632,169772,1.06,48264,606224,199948,1.25,206172,501660,56
fog-k3s-master1,1,2026-06-06 08:25:09 UTC,15055892,15457632,169760,1.06,48272,606228,199948,1.25,206172,501660,68
fog-k3s-master1,1,2026-06-06 08:25:10 UTC,15055892,15457632,169744,1.06,48272,606244,199948,1.25,206172,501660,196
fog-k3s-master1,1,2026-06-06 08:25:11 UTC,15055892,15457632,169732,1.06,48272,606256,199948,1.25,206172,501660,208
fog-k3s-master1,1,2026-06-06 08:25:12 UTC,15055892,15457632,169724,1.06,48272,606264,199948,1.25,206172,501660,216
fog-k3s-master1,1,2026-06-06 08:25:13 UTC,15055892,15457632,169712,1.06,48272,606276,199948,1.25,206172,501660,228
fog-k3s-master1,1,2026-06-06 08:25:14 UTC,15055892,15457692,169704,1.06,48280,606276,199948,1.25,206172,501720,236
fog-k3s-master1,1,2026-06-06 08:25:15 UTC,15055892,15457704,169684,1.06,48280,606296,199948,1.25,206172,501732,228
fog-k3s-master1,1,2026-06-06 08:25:16 UTC,15055892,15457704,169676,1.06,48280,606304,199948,1.25,206172,501732,12
fog-k3s-master1,1,2026-06-06 08:25:17 UTC,15055892,15457704,169664,1.06,48280,606316,199948,1.25,206172,501732,24
fog-k3s-master1,1,2026-06-06 08:25:18 UTC,15055892,15457704,169656,1.06,48280,606324,199948,1.25,206172,501732,32
fog-k3s-master1,1,2026-06-06 08:25:19 UTC,15055892,15457704,169632,1.06,48288,606336,199948,1.25,206172,501732,220
fog-k3s-master1,1,2026-06-06 08:25:20 UTC,15055892,15457704,169620,1.06,48288,606348,199948,1.25,206172,501732,84
fog-k3s-master1,1,2026-06-06 08:25:21 UTC,15055892,15457764,169612,1.06,48288,606356,199948,1.25,206172,501792,92
fog-k3s-master1,1,2026-06-06 08:25:22 UTC,15055892,15457764,169600,1.06,48288,606368,199948,1.25,206172,501792,44
fog-k3s-master1,1,2026-06-06 08:25:23 UTC,15055892,15457764,169592,1.06,48288,606376,199948,1.25,206172,501792,52
fog-k3s-master1,1,2026-06-06 08:25:24 UTC,15055892,15457764,169572,1.06,48296,606388,199948,1.25,206172,501792,192
fog-k3s-master1,1,2026-06-06 08:25:25 UTC,15055892,15457764,169564,1.06,48296,606396,199948,1.25,206172,501792,196
fog-k3s-master1,1,2026-06-06 08:25:26 UTC,15056144,15458016,169300,1.06,48296,606408,199948,1.25,206172,501792,208
fog-k3s-master1,1,2026-06-06 08:25:27 UTC,15056144,15458076,169292,1.06,48296,606416,199948,1.25,206172,501852,216
fog-k3s-master1,1,2026-06-06 08:25:28 UTC,15056144,15458116,169280,1.06,48296,606428,199948,1.25,206172,501892,168
fog-k3s-master1,1,2026-06-06 08:25:29 UTC,15056144,15458116,169264,1.06,48304,606436,199948,1.25,206172,501892,52
fog-k3s-master1,1,2026-06-06 08:25:30 UTC,15056144,15458116,169252,1.06,48304,606448,199948,1.25,206172,501892,64
fog-k3s-master1,1,2026-06-06 08:25:31 UTC,15056144,15458116,169244,1.06,48304,606456,199948,1.25,206172,501892,72
fog-k3s-master1,1,2026-06-06 08:25:32 UTC,15056144,15458116,169232,1.06,48304,606468,199948,1.25,206172,501892,84
fog-k3s-master1,1,2026-06-06 08:25:33 UTC,15056144,15458176,169220,1.06,48304,606480,199948,1.25,206172,501952,96
fog-k3s-master1,1,2026-06-06 08:25:34 UTC,15056144,15458180,169208,1.06,48312,606480,199948,1.25,206172,501952,40
fog-k3s-master1,1,2026-06-06 08:25:35 UTC,15056144,15458180,169188,1.06,48312,606500,199948,1.25,206172,501952,24
fog-k3s-master1,1,2026-06-06 08:25:36 UTC,15056144,15458180,169180,1.06,48312,606508,199948,1.25,206172,501952,32
fog-k3s-master1,1,2026-06-06 08:25:37 UTC,15056144,15458180,169168,1.06,48312,606520,199948,1.25,206172,501952,44
fog-k3s-master1,1,2026-06-06 08:25:38 UTC,15056144,15458180,169160,1.06,48312,606528,199948,1.25,206172,501952,52
fog-k3s-master1,1,2026-06-06 08:25:39 UTC,15056144,15458240,169148,1.06,48320,606532,199948,1.25,206172,502012,64
fog-k3s-master1,1,2026-06-06 08:25:40 UTC,15056144,15458240,169132,1.06,48320,606548,199948,1.25,206172,502012,188
fog-k3s-master1,1,2026-06-06 08:25:41 UTC,15056144,15458240,169120,1.06,48320,606560,199948,1.25,206172,502012,200
fog-k3s-master1,1,2026-06-06 08:25:42 UTC,15056144,15458240,169112,1.06,48320,606568,199948,1.25,206172,502012,208
fog-k3s-master1,1,2026-06-06 08:25:43 UTC,15056144,15458240,169100,1.06,48320,606580,199948,1.25,206172,502012,220
fog-k3s-master1,1,2026-06-06 08:25:44 UTC,15056144,15458240,169088,1.06,48328,606584,199948,1.25,206172,502012,232
fog-k3s-master1,1,2026-06-06 08:25:45 UTC,15056144,15458300,169080,1.06,48328,606592,199948,1.25,206172,502072,240
fog-k3s-master1,1,2026-06-06 08:25:46 UTC,15056144,15458300,169060,1.06,48328,606612,199948,1.25,206172,502072,16
fog-k3s-master1,1,2026-06-06 08:25:47 UTC,15056144,15458300,169052,1.06,48328,606620,199948,1.25,206172,502072,24
fog-k3s-master1,1,2026-06-06 08:25:48 UTC,15056144,15458300,169040,1.06,48328,606632,199948,1.25,206172,502072,36
fog-k3s-master1,1,2026-06-06 08:25:49 UTC,15056144,15458300,169020,1.06,48336,606640,199948,1.25,206172,502072,216
fog-k3s-master1,1,2026-06-06 08:25:50 UTC,15056144,15458304,169004,1.06,48336,606652,199948,1.25,206172,502072,80
fog-k3s-master1,1,2026-06-06 08:25:51 UTC,15056144,15458364,168996,1.06,48336,606660,199948,1.25,206172,502132,88
fog-k3s-master1,1,2026-06-06 08:25:52 UTC,15056144,15458404,168984,1.06,48336,606672,199948,1.25,206172,502172,40
fog-k3s-master1,1,2026-06-06 08:25:53 UTC,15056144,15458404,168976,1.06,48336,606680,199948,1.25,206172,502172,48
fog-k3s-master1,1,2026-06-06 08:25:54 UTC,15056144,15458404,168956,1.06,48344,606692,199948,1.25,206172,502172,216
fog-k3s-master1,1,2026-06-06 08:25:55 UTC,15056144,15458412,168948,1.06,48344,606700,199948,1.25,206172,502180,192
fog-k3s-master1,1,2026-06-06 08:25:56 UTC,15056144,15458412,168936,1.06,48344,606712,199948,1.25,206172,502180,204
fog-k3s-master1,1,2026-06-06 08:25:57 UTC,15056580,15458916,168488,1.05,48344,606724,199948,1.25,206172,502248,148
fog-k3s-master1,1,2026-06-06 08:25:58 UTC,15056580,15458916,168480,1.05,48344,606732,199948,1.25,206172,502248,160
fog-k3s-master1,1,2026-06-06 08:25:59 UTC,15056904,15459240,168136,1.05,48352,606744,199948,1.25,206172,502248,216
fog-k3s-master1,1,2026-06-06 08:26:00 UTC,15056904,15459268,168128,1.05,48352,606752,199948,1.25,206172,502276,60
fog-k3s-master1,1,2026-06-06 08:26:01 UTC,15056904,15459268,168116,1.05,48352,606764,199948,1.25,206172,502276,72
fog-k3s-master1,1,2026-06-06 08:26:02 UTC,15056904,15459268,168108,1.05,48352,606772,199948,1.25,206172,502276,80
fog-k3s-master1,1,2026-06-06 08:26:03 UTC,15056904,15459300,168096,1.05,48352,606784,199948,1.25,206172,502308,28
fog-k3s-master1,1,2026-06-06 08:26:04 UTC,15056904,15459324,168080,1.05,48360,606792,199948,1.25,206172,502332,164
fog-k3s-master1,1,2026-06-06 08:26:05 UTC,15056904,15459324,168064,1.05,48360,606804,199948,1.25,206172,502332,176
fog-k3s-master1,1,2026-06-06 08:26:06 UTC,15056148,15458568,168812,1.06,48360,606812,202800,1.27,207212,502332,184
fog-k3s-master1,1,2026-06-06 08:26:07 UTC,15055140,15457560,169808,1.06,48360,606824,203400,1.27,207860,502332,204
fog-k3s-master1,1,2026-06-06 08:26:08 UTC,15055140,15457560,169796,1.06,48360,606836,203400,1.27,207860,502332,300
fog-k3s-master1,1,2026-06-06 08:26:09 UTC,15055140,15457560,169780,1.06,48368,606844,203400,1.27,207860,502332,44
fog-k3s-master1,1,2026-06-06 08:26:10 UTC,15056700,15459188,168208,1.05,48368,606856,199948,1.25,206252,502400,60
fog-k3s-master1,1,2026-06-06 08:26:11 UTC,15064944,15467432,159956,1.00,48368,606864,199948,1.25,206204,502400,188
fog-k3s-master1,1,2026-06-06 08:26:12 UTC,15064944,15467456,159944,1.00,48368,606876,199948,1.25,206204,502424,188
fog-k3s-master1,1,2026-06-06 08:26:13 UTC,15064944,15467456,159936,1.00,48368,606884,199948,1.25,206204,502424,196
fog-k3s-master1,1,2026-06-06 08:26:14 UTC,15064944,15467456,159924,1.00,48376,606888,199948,1.25,206204,502424,208
fog-k3s-master1,1,2026-06-06 08:26:15 UTC,15064944,15467484,159908,1.00,48376,606904,199948,1.25,206204,502452,4
fog-k3s-master1,1,2026-06-06 08:26:16 UTC,15064944,15467484,159896,1.00,48376,606916,199948,1.25,206204,502452,20
fog-k3s-master1,1,2026-06-06 08:26:17 UTC,15064944,15467484,159888,1.00,48376,606924,199948,1.25,206204,502452,28
fog-k3s-master1,1,2026-06-06 08:26:18 UTC,15064944,15467484,159876,1.00,48376,606936,199948,1.25,206204,502452,40
fog-k3s-master1,1,2026-06-06 08:26:19 UTC,15064944,15467484,159864,1.00,48384,606940,199948,1.25,206204,502452,52
fog-k3s-master1,1,2026-06-06 08:26:20 UTC,15064944,15467488,159844,1.00,48384,606956,199948,1.25,206204,502452,232
fog-k3s-master1,1,2026-06-06 08:26:21 UTC,15064944,15467548,159832,1.00,48384,606968,199948,1.25,206204,502512,172
fog-k3s-master1,1,2026-06-06 08:26:22 UTC,15064944,15467548,159824,1.00,48384,606976,199948,1.25,206204,502512,184
fog-k3s-master1,1,2026-06-06 08:26:23 UTC,15064692,15467296,160064,1.00,48384,606988,199948,1.25,206204,502512,196
fog-k3s-master1,1,2026-06-06 08:26:24 UTC,15064692,15467328,160048,1.00,48392,606996,199948,1.25,206204,502544,36
fog-k3s-master1,1,2026-06-06 08:26:25 UTC,15064692,15467328,160036,1.00,48392,607008,199948,1.25,206204,502544,48
fog-k3s-master1,1,2026-06-06 08:26:26 UTC,15064692,15467328,160028,1.00,48392,607016,199948,1.25,206204,502544,56
fog-k3s-master1,1,2026-06-06 08:26:27 UTC,15064692,15467328,160016,1.00,48392,607028,199948,1.25,206204,502544,68
fog-k3s-master1,1,2026-06-06 08:26:28 UTC,15064692,15467328,160008,1.00,48392,607036,199948,1.25,206204,502544,16
fog-k3s-master1,1,2026-06-06 08:26:29 UTC,15064692,15467328,159988,1.00,48400,607048,199948,1.25,206204,502544,196
fog-k3s-master1,1,2026-06-06 08:26:30 UTC,15064692,15467420,159980,1.00,48400,607056,199948,1.25,206204,502636,56
fog-k3s-master1,1,2026-06-06 08:26:31 UTC,15064692,15467420,159968,1.00,48400,607068,199948,1.25,206204,502636,68
fog-k3s-master1,1,2026-06-06 08:26:32 UTC,15064692,15467420,159956,1.00,48400,607080,199948,1.25,206204,502636,80
fog-k3s-master1,1,2026-06-06 08:26:33 UTC,15064692,15467452,159948,1.00,48400,607088,199948,1.25,206204,502668,24
fog-k3s-master1,1,2026-06-06 08:26:34 UTC,15064692,15467452,159936,1.00,48408,607092,199948,1.25,206204,502668,40
fog-k3s-master1,1,2026-06-06 08:26:35 UTC,15064692,15467472,159920,1.00,48408,607108,199948,1.25,206204,502688,176
fog-k3s-master1,1,2026-06-06 08:26:36 UTC,15064692,15467472,159904,1.00,48408,607120,199948,1.25,206204,502688,188
fog-k3s-master1,1,2026-06-06 08:26:37 UTC,15064692,15467472,159896,1.00,48408,607128,199948,1.25,206204,502688,196
fog-k3s-master1,1,2026-06-06 08:26:38 UTC,15064692,15467472,159884,1.00,48408,607140,199948,1.25,206204,502688,208
fog-k3s-master1,1,2026-06-06 08:26:39 UTC,15064692,15467512,159876,1.00,48416,607140,199948,1.25,206204,502728,152
fog-k3s-master1,1,2026-06-06 08:26:40 UTC,15064692,15467540,159856,1.00,48416,607160,199948,1.25,206204,502756,40
fog-k3s-master1,1,2026-06-06 08:26:41 UTC,15064692,15467540,159848,1.00,48416,607168,199948,1.25,206204,502756,48
fog-k3s-master1,1,2026-06-06 08:26:42 UTC,15064692,15467540,159836,1.00,48416,607180,199948,1.25,206204,502756,60
fog-k3s-master1,1,2026-06-06 08:26:43 UTC,15064692,15467540,159824,1.00,48416,607192,199948,1.25,206204,502756,72
fog-k3s-master1,1,2026-06-06 08:26:44 UTC,15064692,15467540,159816,1.00,48424,607192,199948,1.25,206204,502756,80
fog-k3s-master1,1,2026-06-06 08:26:45 UTC,15064692,15467540,159804,1.00,48424,607204,199948,1.25,206204,502756,92
fog-k3s-master1,1,2026-06-06 08:26:46 UTC,15064692,15467608,159788,1.00,48424,607220,199948,1.25,206204,502824,16
fog-k3s-master1,1,2026-06-06 08:26:47 UTC,15064188,15467104,160280,1.00,48424,607232,199948,1.25,206204,502824,28
fog-k3s-master1,1,2026-06-06 08:26:48 UTC,15064188,15467104,160272,1.00,48424,607240,199948,1.25,206204,502824,36
fog-k3s-master1,1,2026-06-06 08:26:49 UTC,15064188,15467104,160260,1.00,48432,607244,199948,1.25,206204,502824,48
fog-k3s-master1,1,2026-06-06 08:26:50 UTC,15064188,15467104,160252,1.00,48432,607252,199948,1.25,206204,502824,56
fog-k3s-master1,1,2026-06-06 08:26:51 UTC,15064188,15467116,160228,1.00,48432,607272,199948,1.25,206204,502832,236
fog-k3s-master1,1,2026-06-06 08:26:52 UTC,15064188,15467176,160220,1.00,48432,607280,199948,1.25,206204,502892,248
fog-k3s-master1,1,2026-06-06 08:26:53 UTC,15064188,15467176,160208,1.00,48432,607292,199948,1.25,206204,502892,196
fog-k3s-master1,1,2026-06-06 08:26:54 UTC,15064188,15467176,160200,1.00,48440,607292,199948,1.25,206204,502892,204
fog-k3s-master1,1,2026-06-06 08:26:55 UTC,15064188,15467176,160180,1.00,48440,607312,199948,1.25,206204,502892,48
fog-k3s-master1,1,2026-06-06 08:26:56 UTC,15064188,15467176,160168,1.00,48440,607324,199948,1.25,206204,502892,60
fog-k3s-master1,1,2026-06-06 08:26:57 UTC,15064188,15467176,160160,1.00,48440,607332,199948,1.25,206204,502892,68
fog-k3s-master1,1,2026-06-06 08:26:58 UTC,15064188,15467236,160148,1.00,48440,607344,199948,1.25,206204,502952,20
fog-k3s-master1,1,2026-06-06 08:26:59 UTC,15064188,15467236,160132,1.00,48448,607352,199948,1.25,206204,502952,212
fog-k3s-master1,1,2026-06-06 08:27:00 UTC,15064188,15467236,160120,1.00,48448,607364,199948,1.25,206204,502952,224
fog-k3s-master1,1,2026-06-06 08:27:01 UTC,15064188,15467236,160112,1.00,48448,607372,199948,1.25,206204,502952,72
fog-k3s-master1,1,2026-06-06 08:27:02 UTC,15064188,15467236,160100,1.00,48448,607384,199948,1.25,206204,502952,84
fog-k3s-master1,1,2026-06-06 08:27:03 UTC,15064188,15467236,160092,1.00,48448,607392,199948,1.25,206204,502952,92
fog-k3s-master1,1,2026-06-06 08:27:04 UTC,15064188,15467296,160080,1.00,48456,607396,199948,1.25,206204,503012,108
fog-k3s-master1,1,2026-06-06 08:27:05 UTC,15064188,15467296,160064,1.00,48456,607412,199948,1.25,206204,503012,184
fog-k3s-master1,1,2026-06-06 08:27:06 UTC,15064188,15467296,160048,1.00,48456,607424,199948,1.25,206204,503012,196
fog-k3s-master1,1,2026-06-06 08:27:07 UTC,15064188,15467296,160036,1.00,48456,607436,199948,1.25,206204,503012,208
fog-k3s-master1,1,2026-06-06 08:27:08 UTC,15064188,15467296,160028,1.00,48456,607444,199948,1.25,206204,503012,216
fog-k3s-master1,1,2026-06-06 08:27:09 UTC,15064188,15467296,160016,1.00,48464,607448,199948,1.25,206204,503012,228
fog-k3s-master1,1,2026-06-06 08:27:10 UTC,15064188,15467360,159996,1.00,48464,607468,199948,1.25,206204,503076,36
fog-k3s-master1,1,2026-06-06 08:27:11 UTC,15064188,15467360,159984,1.00,48464,607480,199948,1.25,206204,503076,48
fog-k3s-master1,1,2026-06-06 08:27:12 UTC,15064188,15467360,159976,1.00,48464,607488,199948,1.25,206204,503076,56
fog-k3s-master1,1,2026-06-06 08:27:13 UTC,15064188,15467360,159964,1.00,48464,607500,199948,1.25,206204,503076,68
fog-k3s-master1,1,2026-06-06 08:27:14 UTC,15064188,15467360,159956,1.00,48464,607508,199948,1.25,206204,503076,232
fog-k3s-master1,1,2026-06-06 08:27:15 UTC,15064188,15467360,159944,1.00,48472,607512,199948,1.25,206204,503076,244
fog-k3s-master1,1,2026-06-06 08:27:16 UTC,15064188,15467420,159928,1.00,48472,607528,199948,1.25,206204,503136,40
fog-k3s-master1,1,2026-06-06 08:27:17 UTC,15064188,15467420,159916,1.00,48472,607540,199948,1.25,206204,503136,52
fog-k3s-master1,1,2026-06-06 08:27:18 UTC,15064188,15467420,159908,1.00,48472,607548,199948,1.25,206204,503136,60
fog-k3s-master1,1,2026-06-06 08:27:19 UTC,15064188,15467420,159896,1.00,48472,607560,199948,1.25,206204,503136,228
fog-k3s-master1,1,2026-06-06 08:27:20 UTC,15064188,15467420,159884,1.00,48480,607564,199948,1.25,206204,503136,240
fog-k3s-master1,1,2026-06-06 08:27:21 UTC,15064188,15467420,159868,1.00,48480,607580,199948,1.25,206204,503136,184
fog-k3s-master1,1,2026-06-06 08:27:22 UTC,15064188,15467484,159852,1.00,48480,607592,199948,1.25,206204,503196,200
fog-k3s-master1,1,2026-06-06 08:27:23 UTC,15064188,15467484,159844,1.00,48480,607600,199948,1.25,206204,503196,208
fog-k3s-master1,1,2026-06-06 08:27:24 UTC,15064188,15467484,159832,1.00,48480,607612,199948,1.25,206204,503196,220
fog-k3s-master1,1,2026-06-06 08:27:25 UTC,15064188,15467484,159824,1.00,48480,607620,199948,1.25,206204,503196,216
fog-k3s-master1,1,2026-06-06 08:27:26 UTC,15064188,15467484,159804,1.00,48488,607632,199948,1.25,206204,503196,84
fog-k3s-master1,1,2026-06-06 08:27:27 UTC,15064188,15467484,159796,1.00,48488,607640,199948,1.25,206204,503196,92
fog-k3s-master1,1,2026-06-06 08:27:28 UTC,15064188,15467544,159784,1.00,48488,607652,199948,1.25,206204,503256,44
fog-k3s-master1,1,2026-06-06 08:27:29 UTC,15064188,15467544,159776,1.00,48488,607660,199948,1.25,206204,503256,208
fog-k3s-master1,1,2026-06-06 08:27:30 UTC,15064188,15467544,159764,1.00,48488,607672,199948,1.25,206204,503256,220
fog-k3s-master1,1,2026-06-06 08:27:31 UTC,15064188,15467604,159740,1.00,48496,607684,199948,1.25,206204,503316,208
fog-k3s-master1,1,2026-06-06 08:27:32 UTC,15064188,15467604,159732,1.00,48496,607692,199948,1.25,206204,503316,216
fog-k3s-master1,1,2026-06-06 08:27:33 UTC,15064188,15467664,159720,1.00,48496,607704,199948,1.25,206204,503376,228
fog-k3s-master1,1,2026-06-06 08:27:34 UTC,15064188,15467664,159712,1.00,48496,607712,199948,1.25,206204,503376,184
fog-k3s-master1,1,2026-06-06 08:27:35 UTC,15064188,15467664,159700,1.00,48496,607724,199948,1.25,206204,503376,196
fog-k3s-master1,1,2026-06-06 08:27:36 UTC,15064188,15467664,159692,1.00,48504,607724,199948,1.25,206204,503376,36
fog-k3s-master1,1,2026-06-06 08:27:37 UTC,15063180,15466660,160684,1.01,48504,607736,199948,1.25,206204,503376,48
fog-k3s-master1,1,2026-06-06 08:27:38 UTC,15063180,15466660,160668,1.01,48504,607752,199948,1.25,206204,503376,84
fog-k3s-master1,1,2026-06-06 08:27:39 UTC,15063180,15466720,160656,1.01,48504,607764,199948,1.25,206204,503436,96
fog-k3s-master1,1,2026-06-06 08:27:40 UTC,15063180,15466720,160648,1.01,48504,607772,199948,1.25,206204,503436,208
fog-k3s-master1,1,2026-06-06 08:27:41 UTC,15063180,15466732,160636,1.01,48504,607784,199948,1.25,206204,503448,52
fog-k3s-master1,1,2026-06-06 08:27:42 UTC,15063180,15466740,160620,1.00,48512,607792,199948,1.25,206204,503456,32
fog-k3s-master1,1,2026-06-06 08:27:43 UTC,15063180,15466740,160608,1.00,48512,607804,199948,1.25,206204,503456,44
fog-k3s-master1,1,2026-06-06 08:27:44 UTC,15063180,15466740,160596,1.00,48512,607816,199948,1.25,206204,503456,56
fog-k3s-master1,1,2026-06-06 08:27:45 UTC,15063180,15466800,160588,1.00,48512,607824,199948,1.25,206204,503516,224
fog-k3s-master1,1,2026-06-06 08:27:46 UTC,15063180,15466800,160576,1.00,48512,607836,199948,1.25,206204,503516,176
fog-k3s-master1,1,2026-06-06 08:27:47 UTC,15063180,15466800,160568,1.00,48520,607836,199948,1.25,206204,503516,184
fog-k3s-master1,1,2026-06-06 08:27:48 UTC,15063180,15466800,160548,1.00,48520,607856,199948,1.25,206204,503516,224
fog-k3s-master1,1,2026-06-06 08:27:49 UTC,15063180,15466808,160540,1.00,48520,607864,199948,1.25,206204,503524,72
fog-k3s-master1,1,2026-06-06 08:27:50 UTC,15063180,15466808,160528,1.00,48520,607876,199948,1.25,206204,503524,84
fog-k3s-master1,1,2026-06-06 08:27:51 UTC,15063180,15466868,160520,1.00,48520,607884,199948,1.25,206204,503584,28
fog-k3s-master1,1,2026-06-06 08:27:52 UTC,15063180,15466868,160504,1.00,48520,607896,199948,1.25,206204,503584,16
fog-k3s-master1,1,2026-06-06 08:27:53 UTC,15063180,15466868,160496,1.00,48528,607896,199948,1.25,206204,503584,24
fog-k3s-master1,1,2026-06-06 08:27:54 UTC,15063180,15466868,160484,1.00,48528,607908,199948,1.25,206204,503584,36
fog-k3s-master1,1,2026-06-06 08:27:55 UTC,15063180,15466868,160464,1.00,48528,607928,199948,1.25,206204,503584,80
fog-k3s-master1,1,2026-06-06 08:27:56 UTC,15063180,15466868,160456,1.00,48528,607936,199948,1.25,206204,503584,88
fog-k3s-master1,1,2026-06-06 08:27:57 UTC,15063180,15466932,160444,1.00,48528,607948,199948,1.25,206204,503648,32
fog-k3s-master1,1,2026-06-06 08:27:58 UTC,15063180,15466940,160436,1.00,48528,607956,199948,1.25,206204,503656,16
fog-k3s-master1,1,2026-06-06 08:27:59 UTC,15063180,15466952,160416,1.00,48536,607968,199948,1.25,206204,503668,208
fog-k3s-master1,1,2026-06-06 08:28:00 UTC,15063180,15466952,160408,1.00,48536,607976,199948,1.25,206204,503668,216
fog-k3s-master1,1,2026-06-06 08:28:01 UTC,15063180,15466952,160396,1.00,48536,607988,199948,1.25,206204,503668,228
fog-k3s-master1,1,2026-06-06 08:28:02 UTC,15063180,15466952,160388,1.00,48536,607996,199948,1.25,206204,503668,236
fog-k3s-master1,1,2026-06-06 08:28:03 UTC,15063180,15466992,160376,1.00,48536,608008,199948,1.25,206204,503708,184
fog-k3s-master1,1,2026-06-06 08:28:04 UTC,15063180,15467000,160360,1.00,48544,608016,199948,1.25,206204,503716,208
fog-k3s-master1,1,2026-06-06 08:28:05 UTC,15063180,15467012,160348,1.00,48544,608028,199948,1.25,206204,503728,52
fog-k3s-master1,1,2026-06-06 08:28:06 UTC,15063180,15467012,160340,1.00,48544,608036,199948,1.25,206204,503728,60
fog-k3s-master1,1,2026-06-06 08:28:07 UTC,15063180,15467012,160328,1.00,48544,608048,199948,1.25,206204,503728,72
fog-k3s-master1,1,2026-06-06 08:28:08 UTC,15063180,15467016,160296,1.00,48544,608060,199948,1.25,206204,503728,84
fog-k3s-master1,1,2026-06-06 08:28:09 UTC,15063180,15467016,160288,1.00,48552,608060,199948,1.25,206204,503728,92
fog-k3s-master1,1,2026-06-06 08:28:10 UTC,15063180,15467068,160268,1.00,48552,608080,199948,1.25,206204,503780,16
fog-k3s-master1,1,2026-06-06 08:28:11 UTC,15063180,15467068,160260,1.00,48552,608088,199948,1.25,206204,503780,24
fog-k3s-master1,1,2026-06-06 08:28:12 UTC,15063180,15467068,160248,1.00,48552,608100,199948,1.25,206204,503780,36
fog-k3s-master1,1,2026-06-06 08:28:13 UTC,15063180,15467068,160240,1.00,48552,608108,199948,1.25,206204,503780,44
fog-k3s-master1,1,2026-06-06 08:28:14 UTC,15063180,15467068,160228,1.00,48560,608112,199948,1.25,206204,503780,56
fog-k3s-master1,1,2026-06-06 08:28:15 UTC,15063180,15467116,160212,1.00,48560,608128,199948,1.25,206204,503828,176
fog-k3s-master1,1,2026-06-06 08:28:16 UTC,15063180,15467116,160200,1.00,48560,608140,199948,1.25,206204,503828,192
fog-k3s-master1,1,2026-06-06 08:28:17 UTC,15063180,15467116,160192,1.00,48560,608148,199948,1.25,206204,503828,200
fog-k3s-master1,1,2026-06-06 08:28:18 UTC,15063180,15467116,160180,1.00,48560,608160,199948,1.25,206204,503828,212
fog-k3s-master1,1,2026-06-06 08:28:19 UTC,15063180,15467116,160168,1.00,48568,608164,199948,1.25,206204,503828,236
fog-k3s-master1,1,2026-06-06 08:28:20 UTC,15063180,15467164,160152,1.00,48568,608180,199948,1.25,206204,503876,56
fog-k3s-master1,1,2026-06-06 08:28:21 UTC,15062424,15466472,160896,1.01,48568,608192,202800,1.27,207260,503940,0
fog-k3s-master1,1,2026-06-06 08:28:22 UTC,15061672,15465728,161640,1.01,48568,608200,203400,1.27,207876,503948,180
fog-k3s-master1,1,2026-06-06 08:28:23 UTC,15061672,15465728,161624,1.01,48568,608212,203400,1.27,207876,503948,192
fog-k3s-master1,1,2026-06-06 08:28:24 UTC,15061672,15465748,161620,1.01,48568,608220,199948,1.25,206236,503968,200
fog-k3s-master1,1,2026-06-06 08:28:25 UTC,15061672,15465760,161604,1.01,48576,608232,199948,1.25,206204,503980,96
fog-k3s-master1,1,2026-06-06 08:28:26 UTC,15061672,15465760,161596,1.01,48576,608240,199948,1.25,206204,503980,104
fog-k3s-master1,1,2026-06-06 08:28:27 UTC,15061672,15465780,161584,1.01,48576,608252,199948,1.25,206204,504000,52
fog-k3s-master1,1,2026-06-06 08:28:28 UTC,15061672,15465788,161576,1.01,48576,608260,199948,1.25,206204,504008,52
fog-k3s-master1,1,2026-06-06 08:28:29 UTC,15061672,15465788,161564,1.01,48576,608272,199948,1.25,206204,504008,224
fog-k3s-master1,1,2026-06-06 08:28:30 UTC,15061672,15465788,161552,1.01,48584,608276,199948,1.25,206204,504008,196
fog-k3s-master1,1,2026-06-06 08:28:31 UTC,15061672,15465788,161544,1.01,48584,608284,199948,1.25,206204,504008,204
fog-k3s-master1,1,2026-06-06 08:28:32 UTC,15061672,15465788,161524,1.01,48584,608304,199948,1.25,206204,504008,248
fog-k3s-master1,1,2026-06-06 08:28:33 UTC,15061672,15465788,161516,1.01,48584,608312,199948,1.25,206204,504008,256
fog-k3s-master1,1,2026-06-06 08:28:34 UTC,15061672,15465852,161504,1.01,48584,608324,199948,1.25,206204,504072,36
fog-k3s-master1,1,2026-06-06 08:28:35 UTC,15061672,15465860,161496,1.01,48584,608332,199948,1.25,206204,504080,24
fog-k3s-master1,1,2026-06-06 08:28:36 UTC,15061672,15465860,161476,1.01,48592,608344,199948,1.25,206204,504080,64
fog-k3s-master1,1,2026-06-06 08:28:37 UTC,15061672,15465860,161468,1.01,48592,608352,199948,1.25,206204,504080,72
fog-k3s-master1,1,2026-06-06 08:28:38 UTC,15061672,15465864,161452,1.01,48592,608364,199948,1.25,206204,504080,84
fog-k3s-master1,1,2026-06-06 08:28:39 UTC,15061672,15465904,161444,1.01,48592,608372,199948,1.25,206204,504120,28
fog-k3s-master1,1,2026-06-06 08:28:40 UTC,15061672,15465916,161432,1.01,48592,608384,199948,1.25,206204,504132,48
fog-k3s-master1,1,2026-06-06 08:28:41 UTC,15061672,15465916,161424,1.01,48592,608392,199948,1.25,206204,504132,56
fog-k3s-master1,1,2026-06-06 08:28:42 UTC,15061672,15465940,161404,1.01,48600,608404,199948,1.25,206204,504156,68
fog-k3s-master1,1,2026-06-06 08:28:43 UTC,15061672,15465940,161392,1.01,48600,608416,199948,1.25,206204,504156,80
fog-k3s-master1,1,2026-06-06 08:28:44 UTC,15061672,15465940,161384,1.01,48600,608424,199948,1.25,206204,504156,88
fog-k3s-master1,1,2026-06-06 08:28:45 UTC,15062192,15466460,160852,1.01,48600,608436,199948,1.25,206204,504156,100
fog-k3s-master1,1,2026-06-06 08:28:46 UTC,15062320,15466656,160716,1.01,48600,608444,199948,1.25,206204,504224,196
fog-k3s-master1,1,2026-06-06 08:28:47 UTC,15062320,15466656,160704,1.01,48600,608456,199948,1.25,206204,504224,180
fog-k3s-master1,1,2026-06-06 08:28:48 UTC,15062320,15466656,160696,1.01,48608,608456,199948,1.25,206204,504224,188
fog-k3s-master1,1,2026-06-06 08:28:49 UTC,15062320,15466656,160676,1.01,48608,608476,199948,1.25,206204,504224,248
fog-k3s-master1,1,2026-06-06 08:28:50 UTC,15062320,15466664,160668,1.01,48608,608484,199948,1.25,206204,504232,84
fog-k3s-master1,1,2026-06-06 08:28:51 UTC,15062320,15466664,160656,1.01,48608,608496,199948,1.25,206204,504232,96
fog-k3s-master1,1,2026-06-06 08:28:52 UTC,15062320,15466724,160648,1.01,48608,608504,199948,1.25,206204,504292,44
fog-k3s-master1,1,2026-06-06 08:28:53 UTC,15062320,15466724,160636,1.01,48608,608516,199948,1.25,206204,504292,28
fog-k3s-master1,1,2026-06-06 08:28:54 UTC,15062320,15466724,160620,1.00,48616,608520,199948,1.25,206204,504292,40
fog-k3s-master1,1,2026-06-06 08:28:55 UTC,15062320,15466724,160604,1.00,48616,608536,199948,1.25,206204,504292,72
fog-k3s-master1,1,2026-06-06 08:28:56 UTC,15062320,15466724,160592,1.00,48616,608548,199948,1.25,206204,504292,84
fog-k3s-master1,1,2026-06-06 08:28:57 UTC,15062320,15466724,160584,1.00,48616,608556,199948,1.25,206204,504292,28
fog-k3s-master1,1,2026-06-06 08:28:58 UTC,15062320,15466784,160572,1.00,48616,608568,199948,1.25,206204,504352,44
fog-k3s-master1,1,2026-06-06 08:28:59 UTC,15062320,15466784,160564,1.00,48624,608568,199948,1.25,206204,504352,52
fog-k3s-master1,1,2026-06-06 08:29:00 UTC,15062320,15466784,160544,1.00,48624,608588,199948,1.25,206204,504352,220
fog-k3s-master1,1,2026-06-06 08:29:01 UTC,15062320,15466784,160536,1.00,48624,608596,199948,1.25,206204,504352,228
fog-k3s-master1,1,2026-06-06 08:29:02 UTC,15062320,15466784,160524,1.00,48624,608608,199948,1.25,206204,504352,240
fog-k3s-master1,1,2026-06-06 08:29:03 UTC,15062320,15466836,160516,1.00,48624,608616,199948,1.25,206204,504404,184
fog-k3s-master1,1,2026-06-06 08:29:04 UTC,15062320,15466836,160496,1.00,48632,608628,199948,1.25,206204,504404,212
fog-k3s-master1,1,2026-06-06 08:29:05 UTC,15062320,15466856,160488,1.00,48632,608636,199948,1.25,206204,504424,24
fog-k3s-master1,1,2026-06-06 08:29:06 UTC,15062320,15466856,160476,1.00,48632,608648,199948,1.25,206204,504424,36
fog-k3s-master1,1,2026-06-06 08:29:07 UTC,15062320,15466856,160464,1.00,48632,608660,199948,1.25,206204,504424,48
fog-k3s-master1,1,2026-06-06 08:29:08 UTC,15062320,15466856,160456,1.00,48632,608668,199948,1.25,206204,504424,56
fog-k3s-master1,1,2026-06-06 08:29:09 UTC,15062320,15466904,160432,1.00,48640,608680,199948,1.25,206204,504468,180
fog-k3s-master1,1,2026-06-06 08:29:10 UTC,15062320,15466904,160424,1.00,48640,608688,199948,1.25,206204,504468,36
fog-k3s-master1,1,2026-06-06 08:29:11 UTC,15062320,15466904,160412,1.00,48640,608700,199948,1.25,206204,504468,48
fog-k3s-master1,1,2026-06-06 08:29:12 UTC,15062320,15466904,160404,1.00,48640,608708,199948,1.25,206204,504468,56
fog-k3s-master1,1,2026-06-06 08:29:13 UTC,15062320,15466904,160392,1.00,48640,608720,199948,1.25,206204,504468,68
fog-k3s-master1,1,2026-06-06 08:29:14 UTC,15062320,15466952,160376,1.00,48648,608728,199948,1.25,206204,504516,212
fog-k3s-master1,1,2026-06-06 08:29:15 UTC,15062320,15466952,160364,1.00,48648,608740,199948,1.25,206204,504516,160
fog-k3s-master1,1,2026-06-06 08:29:16 UTC,15062320,15466952,160356,1.00,48648,608748,199948,1.25,206204,504516,172
fog-k3s-master1,1,2026-06-06 08:29:17 UTC,15062320,15466952,160344,1.00,48648,608760,199948,1.25,206204,504516,184
fog-k3s-master1,1,2026-06-06 08:29:18 UTC,15062320,15466952,160332,1.00,48648,608772,199948,1.25,206204,504516,196
fog-k3s-master1,1,2026-06-06 08:29:19 UTC,15062320,15466952,160324,1.00,48656,608772,199948,1.25,206204,504516,204
fog-k3s-master1,1,2026-06-06 08:29:20 UTC,15062320,15467012,160312,1.00,48656,608784,199948,1.25,206204,504576,216
fog-k3s-master1,1,2026-06-06 08:29:21 UTC,15062320,15467012,160292,1.00,48656,608800,199948,1.25,206204,504576,32
fog-k3s-master1,1,2026-06-06 08:29:22 UTC,15062320,15467012,160280,1.00,48656,608812,199948,1.25,206204,504576,48
fog-k3s-master1,1,2026-06-06 08:29:23 UTC,15062320,15467012,160272,1.00,48656,608820,199948,1.25,206204,504576,56
fog-k3s-master1,1,2026-06-06 08:29:24 UTC,15062320,15467016,160256,1.00,48656,608832,199948,1.25,206204,504576,192
fog-k3s-master1,1,2026-06-06 08:29:25 UTC,15062320,15467016,160248,1.00,48664,608832,199948,1.25,206204,504576,44
fog-k3s-master1,1,2026-06-06 08:29:26 UTC,15067304,15472064,155244,0.97,48664,608852,199948,1.25,206180,504640,212
fog-k3s-master1,1,2026-06-06 08:29:27 UTC,15066768,15471536,155772,0.97,48664,608860,199948,1.25,206180,504648,156
fog-k3s-master1,1,2026-06-06 08:29:28 UTC,15066768,15471536,155760,0.97,48664,608872,199948,1.25,206180,504648,172
fog-k3s-master1,1,2026-06-06 08:29:29 UTC,15066768,15471536,155752,0.97,48664,608880,199948,1.25,206180,504648,180
fog-k3s-master1,1,2026-06-06 08:29:30 UTC,15066768,15471596,155732,0.97,48672,608892,199948,1.25,206180,504708,280
fog-k3s-master1,1,2026-06-06 08:29:31 UTC,15066768,15471596,155720,0.97,48672,608904,199948,1.25,206180,504708,292
fog-k3s-master1,1,2026-06-06 08:29:32 UTC,15066768,15471596,155712,0.97,48672,608912,199948,1.25,206180,504708,88
fog-k3s-master1,1,2026-06-06 08:29:33 UTC,15066768,15471656,155700,0.97,48672,608924,199948,1.25,206180,504768,100
fog-k3s-master1,1,2026-06-06 08:29:34 UTC,15066768,15471660,155692,0.97,48672,608932,199948,1.25,206180,504772,200
fog-k3s-master1,1,2026-06-06 08:29:35 UTC,15066768,15471660,155680,0.97,48672,608944,199948,1.25,206180,504772,180
fog-k3s-master1,1,2026-06-06 08:29:36 UTC,15066768,15471660,155664,0.97,48680,608952,199948,1.25,206180,504772,216
fog-k3s-master1,1,2026-06-06 08:29:37 UTC,15066768,15471660,155652,0.97,48680,608964,199948,1.25,206180,504772,228
fog-k3s-master1,1,2026-06-06 08:29:38 UTC,15066768,15471660,155644,0.97,48680,608972,199948,1.25,206180,504772,236
fog-k3s-master1,1,2026-06-06 08:29:39 UTC,15066768,15471720,155632,0.97,48688,608976,199948,1.25,206180,504832,248
fog-k3s-master1,1,2026-06-06 08:29:40 UTC,15065760,15470712,156620,0.98,48688,608992,199948,1.25,206204,504832,40
fog-k3s-master1,1,2026-06-06 08:29:41 UTC,15065760,15470728,156608,0.98,48688,609004,199948,1.25,206204,504848,24
fog-k3s-master1,1,2026-06-06 08:29:42 UTC,15065760,15470728,156596,0.98,48688,609016,199948,1.25,206204,504848,36
fog-k3s-master1,1,2026-06-06 08:29:43 UTC,15065760,15470728,156588,0.98,48688,609024,199948,1.25,206204,504848,44
fog-k3s-master1,1,2026-06-06 08:29:44 UTC,15065760,15470728,156576,0.98,48688,609036,199948,1.25,206204,504848,56
fog-k3s-master1,1,2026-06-06 08:29:45 UTC,15065760,15470788,156568,0.98,48696,609036,199948,1.25,206204,504908,68
fog-k3s-master1,1,2026-06-06 08:29:46 UTC,15065760,15470796,156548,0.98,48696,609056,199948,1.25,206204,504916,36
fog-k3s-master1,1,2026-06-06 08:29:47 UTC,15065760,15470796,156540,0.98,48696,609064,199948,1.25,206204,504916,44
fog-k3s-master1,1,2026-06-06 08:29:48 UTC,15065036,15470072,157252,0.98,48696,609076,202928,1.27,207564,504916,56
fog-k3s-master1,1,2026-06-06 08:29:49 UTC,15064784,15469820,157492,0.99,48696,609084,203156,1.27,207852,504916,64
fog-k3s-master1,1,2026-06-06 08:29:50 UTC,15067148,15472184,155116,0.97,48704,609088,199948,1.25,206180,504916,80
fog-k3s-master1,1,2026-06-06 08:29:51 UTC,15067148,15472244,155100,0.97,48704,609104,199948,1.25,206180,504976,312
fog-k3s-master1,1,2026-06-06 08:29:52 UTC,15067148,15472244,155088,0.97,48704,609116,199948,1.25,206180,504976,328
fog-k3s-master1,1,2026-06-06 08:29:53 UTC,15067148,15472244,155080,0.97,48704,609124,199948,1.25,206180,504976,272
fog-k3s-master1,1,2026-06-06 08:29:54 UTC,15067148,15472244,155068,0.97,48704,609136,199948,1.25,206180,504976,300
fog-k3s-master1,1,2026-06-06 08:29:55 UTC,15067148,15472248,155052,0.97,48704,609148,199948,1.25,206180,504976,52
fog-k3s-master1,1,2026-06-06 08:29:56 UTC,15067148,15472248,155044,0.97,48712,609148,199948,1.25,206180,504976,60
fog-k3s-master1,1,2026-06-06 08:29:57 UTC,15067148,15472324,155024,0.97,48712,609168,199948,1.25,206180,505052,36
fog-k3s-master1,1,2026-06-06 08:29:58 UTC,15065132,15470308,157032,0.98,48712,609176,199948,1.25,206180,505052,48
fog-k3s-master1,1,2026-06-06 08:29:59 UTC,15065132,15470308,157020,0.98,48712,609188,199948,1.25,206180,505052,60
fog-k3s-master1,1,2026-06-06 08:30:00 UTC,15065132,15470308,157012,0.98,48712,609196,199948,1.25,206180,505052,216
fog-k3s-master1,1,2026-06-06 08:30:01 UTC,15065132,15470308,157000,0.98,48712,609208,199948,1.25,206180,505052,196
fog-k3s-master1,1,2026-06-06 08:30:02 UTC,15065132,15470308,156984,0.98,48720,609216,199948,1.25,206180,505052,232
fog-k3s-master1,1,2026-06-06 08:30:03 UTC,15065132,15470376,156972,0.98,48720,609228,199948,1.25,205996,505120,244
fog-k3s-master1,1,2026-06-06 08:30:04 UTC,15065132,15470376,156964,0.98,48720,609236,199948,1.25,205996,505120,256
fog-k3s-master1,1,2026-06-06 08:30:05 UTC,15065132,15470388,156948,0.98,48720,609252,199948,1.25,206176,505132,64
fog-k3s-master1,1,2026-06-06 08:30:06 UTC,15065132,15470388,156936,0.98,48720,609264,199948,1.25,206176,505132,76
fog-k3s-master1,1,2026-06-06 08:30:07 UTC,15065132,15470388,156928,0.98,48720,609272,199948,1.25,206176,505132,84
fog-k3s-master1,1,2026-06-06 08:30:08 UTC,15065132,15470388,156916,0.98,48728,609276,199948,1.25,206176,505132,96
fog-k3s-master1,1,2026-06-06 08:30:09 UTC,15065132,15470448,156900,0.98,48728,609292,199948,1.25,206176,505192,40
fog-k3s-master1,1,2026-06-06 08:30:10 UTC,15065132,15470448,156884,0.98,48728,609304,199948,1.25,206176,505192,56
fog-k3s-master1,1,2026-06-06 08:30:11 UTC,15065132,15470448,156876,0.98,48728,609312,199948,1.25,206176,505192,64
fog-k3s-master1,1,2026-06-06 08:30:12 UTC,15065132,15470448,156864,0.98,48728,609324,199948,1.25,206176,505192,76
fog-k3s-master1,1,2026-06-06 08:30:13 UTC,15065132,15470448,156856,0.98,48728,609332,199948,1.25,206176,505192,84
fog-k3s-master1,1,2026-06-06 08:30:14 UTC,15065132,15470448,156844,0.98,48736,609336,199948,1.25,206176,505192,96
fog-k3s-master1,1,2026-06-06 08:30:15 UTC,15065132,15470512,156824,0.98,48736,609356,199948,1.25,206176,505256,192
fog-k3s-master1,1,2026-06-06 08:30:16 UTC,15064880,15470260,157064,0.98,48736,609368,199948,1.25,206176,505256,208
fog-k3s-master1,1,2026-06-06 08:30:17 UTC,15064880,15470260,157052,0.98,48736,609380,199948,1.25,206176,505256,220
fog-k3s-master1,1,2026-06-06 08:30:18 UTC,15064880,15470260,157044,0.98,48736,609388,199948,1.25,206176,505256,228
fog-k3s-master1,1,2026-06-06 08:30:19 UTC,15064880,15470260,157032,0.98,48744,609392,199948,1.25,206176,505256,240
fog-k3s-master1,1,2026-06-06 08:30:20 UTC,15064880,15470260,157024,0.98,48744,609400,199948,1.25,206176,505256,248
fog-k3s-master1,1,2026-06-06 08:30:21 UTC,15064880,15470320,157004,0.98,48744,609420,199948,1.25,206176,505316,32
fog-k3s-master1,1,2026-06-06 08:30:22 UTC,15064880,15470320,156996,0.98,48744,609428,199948,1.25,206176,505316,44
fog-k3s-master1,1,2026-06-06 08:30:23 UTC,15064880,15470320,156984,0.98,48744,609440,199948,1.25,206176,505316,56
fog-k3s-master1,1,2026-06-06 08:30:24 UTC,15064880,15470320,156968,0.98,48752,609448,199948,1.25,206176,505316,188
fog-k3s-master1,1,2026-06-06 08:30:25 UTC,15064880,15470320,156956,0.98,48752,609460,199948,1.25,206176,505316,44
fog-k3s-master1,1,2026-06-06 08:30:26 UTC,15064880,15470324,156944,0.98,48752,609468,199948,1.25,206176,505316,52
fog-k3s-master1,1,2026-06-06 08:30:27 UTC,15064880,15470384,156932,0.98,48752,609480,199948,1.25,206176,505376,64
fog-k3s-master1,1,2026-06-06 08:30:28 UTC,15064880,15470384,156924,0.98,48752,609488,199948,1.25,206176,505376,12
fog-k3s-master1,1,2026-06-06 08:30:29 UTC,15064880,15470384,156912,0.98,48760,609492,199948,1.25,206176,505376,24
fog-k3s-master1,1,2026-06-06 08:30:30 UTC,15064152,15469692,157616,0.99,48760,609512,202800,1.27,207492,505412,220
fog-k3s-master1,1,2026-06-06 08:30:31 UTC,15063648,15469188,158112,0.99,48760,609520,203400,1.27,207808,505412,320
fog-k3s-master1,1,2026-06-06 08:30:32 UTC,15063648,15469208,158100,0.99,48760,609532,203400,1.27,207848,505432,332
fog-k3s-master1,1,2026-06-06 08:30:33 UTC,15063648,15469208,158088,0.99,48760,609544,203400,1.27,207848,505432,356
fog-k3s-master1,1,2026-06-06 08:30:34 UTC,15063648,15469228,158068,0.99,48768,609556,199948,1.25,206232,505452,348
fog-k3s-master1,1,2026-06-06 08:30:35 UTC,15063648,15469232,158060,0.99,48768,609564,199948,1.25,206152,505456,32
fog-k3s-master1,1,2026-06-06 08:30:36 UTC,15063648,15469232,158048,0.99,48768,609576,199948,1.25,206152,505456,44
fog-k3s-master1,1,2026-06-06 08:30:37 UTC,15063648,15469232,158040,0.99,48768,609584,199948,1.25,206152,505456,52
fog-k3s-master1,1,2026-06-06 08:30:38 UTC,15063648,15469232,158028,0.99,48768,609596,199948,1.25,206152,505456,56
fog-k3s-master1,1,2026-06-06 08:30:39 UTC,15063648,15469232,158020,0.99,48776,609596,199948,1.25,206152,505456,4
fog-k3s-master1,1,2026-06-06 08:30:40 UTC,15063648,15469348,158000,0.99,48776,609616,199948,1.25,206156,505572,216
fog-k3s-master1,1,2026-06-06 08:30:41 UTC,15063648,15469348,157984,0.99,48776,609628,199948,1.25,206156,505572,72
fog-k3s-master1,1,2026-06-06 08:30:42 UTC,15063648,15469348,157976,0.99,48776,609636,199948,1.25,206156,505572,80
fog-k3s-master1,1,2026-06-06 08:30:43 UTC,15063648,15469348,157964,0.99,48776,609648,199948,1.25,206156,505572,92
fog-k3s-master1,1,2026-06-06 08:30:44 UTC,15063648,15469348,157956,0.99,48784,609648,199948,1.25,206156,505572,100
fog-k3s-master1,1,2026-06-06 08:30:45 UTC,15063648,15469400,157944,0.99,48784,609660,199948,1.25,206156,505624,44
fog-k3s-master1,1,2026-06-06 08:30:46 UTC,15063648,15469400,157928,0.99,48784,609676,199948,1.25,206156,505624,168
fog-k3s-master1,1,2026-06-06 08:30:47 UTC,15063648,15469400,157916,0.99,48784,609688,199948,1.25,206156,505624,180
fog-k3s-master1,1,2026-06-06 08:30:48 UTC,15063648,15469400,157908,0.99,48784,609696,199948,1.25,206156,505624,188
fog-k3s-master1,1,2026-06-06 08:30:49 UTC,15065236,15471028,156308,0.98,48792,609700,199948,1.25,206156,505664,32
fog-k3s-master1,1,2026-06-06 08:30:50 UTC,15065236,15471028,156300,0.98,48792,609708,199948,1.25,206156,505664,40
fog-k3s-master1,1,2026-06-06 08:30:51 UTC,15065352,15471144,156164,0.98,48792,609728,199948,1.25,206156,505664,92
fog-k3s-master1,1,2026-06-06 08:30:52 UTC,15065352,15471144,156156,0.98,48792,609736,199948,1.25,206156,505664,40
fog-k3s-master1,1,2026-06-06 08:30:53 UTC,15065352,15471144,156144,0.98,48792,609748,199948,1.25,206156,505664,52
fog-k3s-master1,1,2026-06-06 08:30:54 UTC,15065352,15471144,156124,0.98,48800,609760,199948,1.25,206156,505664,224
fog-k3s-master1,1,2026-06-06 08:30:55 UTC,15065352,15471220,156116,0.98,48800,609768,199948,1.25,206156,505740,208
fog-k3s-master1,1,2026-06-06 08:30:56 UTC,15065352,15471224,156100,0.98,48800,609780,199948,1.25,206156,505740,220
fog-k3s-master1,1,2026-06-06 08:30:57 UTC,15065352,15471224,156092,0.98,48800,609788,199948,1.25,206156,505740,0
fog-k3s-master1,1,2026-06-06 08:30:58 UTC,15065352,15471224,156080,0.98,48800,609800,199948,1.25,206156,505740,16
fog-k3s-master1,1,2026-06-06 08:30:59 UTC,15065352,15471224,156072,0.98,48808,609800,199948,1.25,206156,505740,24
fog-k3s-master1,1,2026-06-06 08:31:00 UTC,15065352,15471224,156052,0.98,48808,609820,199948,1.25,206156,505740,228
fog-k3s-master1,1,2026-06-06 08:31:01 UTC,15065352,15471284,156044,0.98,48808,609828,199948,1.25,206156,505800,236
fog-k3s-master1,1,2026-06-06 08:31:02 UTC,15065100,15471032,156284,0.98,48808,609840,199948,1.25,206156,505800,248
fog-k3s-master1,1,2026-06-06 08:31:03 UTC,15065100,15471032,156276,0.98,48808,609848,199948,1.25,206156,505800,256
fog-k3s-master1,1,2026-06-06 08:31:04 UTC,15065100,15471032,156264,0.98,48816,609852,199948,1.25,206156,505800,272
fog-k3s-master1,1,2026-06-06 08:31:05 UTC,15065100,15471048,156244,0.98,48816,609872,199948,1.25,206156,505816,28
fog-k3s-master1,1,2026-06-06 08:31:06 UTC,15064848,15470796,156488,0.98,48816,609880,199948,1.25,206156,505816,36
fog-k3s-master1,1,2026-06-06 08:31:07 UTC,15064848,15470856,156476,0.98,48816,609892,199948,1.25,206156,505876,48
fog-k3s-master1,1,2026-06-06 08:31:08 UTC,15064848,15470856,156468,0.98,48816,609900,199948,1.25,206156,505876,56
fog-k3s-master1,1,2026-06-06 08:31:09 UTC,15064848,15470856,156456,0.98,48824,609904,199948,1.25,206156,505876,68
fog-k3s-master1,1,2026-06-06 08:31:10 UTC,15064848,15470856,156440,0.98,48824,609920,199948,1.25,206156,505876,40
fog-k3s-master1,1,2026-06-06 08:31:11 UTC,15064848,15470856,156428,0.98,48824,609932,199948,1.25,206156,505876,52
fog-k3s-master1,1,2026-06-06 08:31:12 UTC,15064848,15470856,156416,0.98,48824,609940,199948,1.25,206156,505876,60
fog-k3s-master1,1,2026-06-06 08:31:13 UTC,15064848,15470916,156404,0.98,48824,609952,199948,1.25,206156,505936,72
fog-k3s-master1,1,2026-06-06 08:31:14 UTC,15064848,15470916,156396,0.98,48832,609952,199948,1.25,206156,505936,80
fog-k3s-master1,1,2026-06-06 08:31:15 UTC,15064848,15470916,156376,0.98,48832,609972,199948,1.25,206156,505936,248
fog-k3s-master1,1,2026-06-06 08:31:16 UTC,15064848,15470920,156368,0.98,48832,609980,199948,1.25,206156,505940,168
fog-k3s-master1,1,2026-06-06 08:31:17 UTC,15064848,15470920,156356,0.98,48832,609992,199948,1.25,206156,505940,180
fog-k3s-master1,1,2026-06-06 08:31:18 UTC,15064848,15470920,156344,0.98,48832,610004,199948,1.25,206156,505940,192
fog-k3s-master1,1,2026-06-06 08:31:19 UTC,15064848,15470980,156336,0.98,48840,610004,199948,1.25,206156,506000,200
fog-k3s-master1,1,2026-06-06 08:31:20 UTC,15064848,15470980,156324,0.98,48840,610016,199948,1.25,206156,506000,212
fog-k3s-master1,1,2026-06-06 08:31:21 UTC,15064848,15470984,156304,0.98,48840,610032,199948,1.25,206156,506000,28
fog-k3s-master1,1,2026-06-06 08:31:22 UTC,15064848,15470984,156292,0.98,48840,610044,199948,1.25,206156,506000,44
fog-k3s-master1,1,2026-06-06 08:31:23 UTC,15064848,15470984,156284,0.98,48840,610052,199948,1.25,206156,506000,52
fog-k3s-master1,1,2026-06-06 08:31:24 UTC,15064848,15470984,156264,0.98,48848,610064,199948,1.25,206156,506000,216
fog-k3s-master1,1,2026-06-06 08:31:25 UTC,15064848,15471044,156256,0.98,48848,610072,199948,1.25,206156,506060,200
fog-k3s-master1,1,2026-06-06 08:31:26 UTC,15064848,15471044,156244,0.98,48848,610084,199948,1.25,206156,506060,212
fog-k3s-master1,1,2026-06-06 08:31:27 UTC,15064848,15471044,156232,0.98,48848,610092,199948,1.25,206156,506060,220
fog-k3s-master1,1,2026-06-06 08:31:28 UTC,15064848,15471044,156220,0.98,48848,610104,199948,1.25,206156,506060,172
fog-k3s-master1,1,2026-06-06 08:31:29 UTC,15064848,15471044,156208,0.98,48856,610108,200868,1.26,206156,506060,188
fog-k3s-master1,1,2026-06-06 08:31:30 UTC,15063620,15469816,157428,0.98,48856,610116,202928,1.27,207212,506060,196
fog-k3s-master1,1,2026-06-06 08:31:31 UTC,15062612,15468912,158416,0.99,48856,610136,203400,1.27,207844,506164,236
fog-k3s-master1,1,2026-06-06 08:31:32 UTC,15062612,15468912,158408,0.99,48856,610144,203400,1.27,207844,506164,244
fog-k3s-master1,1,2026-06-06 08:31:33 UTC,15062612,15468912,158396,0.99,48856,610156,203400,1.27,207844,506164,272
fog-k3s-master1,1,2026-06-06 08:31:34 UTC,15064720,15471020,156272,0.98,48864,610164,199948,1.25,206276,506164,300
fog-k3s-master1,1,2026-06-06 08:31:35 UTC,15064764,15471064,156216,0.98,48864,610176,199948,1.25,206192,506164,28
fog-k3s-master1,1,2026-06-06 08:31:36 UTC,15064764,15471064,156208,0.98,48864,610184,199948,1.25,206192,506164,32
fog-k3s-master1,1,2026-06-06 08:31:37 UTC,15064764,15471124,156196,0.98,48864,610196,199948,1.25,206192,506224,44
fog-k3s-master1,1,2026-06-06 08:31:38 UTC,15064764,15471124,156188,0.98,48864,610204,199948,1.25,206192,506224,52
fog-k3s-master1,1,2026-06-06 08:31:39 UTC,15064764,15471124,156176,0.98,48872,610208,199948,1.25,206192,506224,224
fog-k3s-master1,1,2026-06-06 08:31:40 UTC,15064764,15471124,156160,0.98,48872,610224,199948,1.25,206192,506224,200
fog-k3s-master1,1,2026-06-06 08:31:41 UTC,15064764,15471124,156148,0.98,48872,610236,199948,1.25,206192,506224,212
fog-k3s-master1,1,2026-06-06 08:31:42 UTC,15064764,15471188,156132,0.98,48872,610248,199948,1.25,206192,506284,224
fog-k3s-master1,1,2026-06-06 08:31:43 UTC,15064764,15471188,156124,0.98,48872,610256,199948,1.25,206192,506284,232
fog-k3s-master1,1,2026-06-06 08:31:44 UTC,15064764,15471188,156112,0.98,48880,610260,199948,1.25,206192,506284,244
fog-k3s-master1,1,2026-06-06 08:31:45 UTC,15064764,15471188,156096,0.98,48880,610276,199948,1.25,206192,506284,0
fog-k3s-master1,1,2026-06-06 08:31:46 UTC,15064764,15471188,156084,0.98,48880,610288,199948,1.25,206192,506284,16
fog-k3s-master1,1,2026-06-06 08:31:47 UTC,15064764,15471188,156076,0.98,48880,610296,199948,1.25,206192,506284,24
fog-k3s-master1,1,2026-06-06 08:31:48 UTC,15064764,15471248,156064,0.98,48880,610308,199948,1.25,206192,506344,36
fog-k3s-master1,1,2026-06-06 08:31:49 UTC,15064764,15471248,156056,0.98,48888,610308,199948,1.25,206192,506344,44
fog-k3s-master1,1,2026-06-06 08:31:50 UTC,15064764,15471248,156044,0.98,48888,610320,199948,1.25,206192,506344,56
fog-k3s-master1,1,2026-06-06 08:31:51 UTC,15064764,15471248,156028,0.98,48888,610336,199948,1.25,206192,506344,32
fog-k3s-master1,1,2026-06-06 08:31:52 UTC,15064764,15471248,156016,0.98,48888,610348,199948,1.25,206192,506344,48
fog-k3s-master1,1,2026-06-06 08:31:53 UTC,15064764,15471248,156004,0.98,48888,610360,199948,1.25,206192,506344,60
fog-k3s-master1,1,2026-06-06 08:31:54 UTC,15064764,15471308,155988,0.98,48896,610368,199948,1.25,206192,506404,192
fog-k3s-master1,1,2026-06-06 08:31:55 UTC,15064764,15471308,155976,0.98,48896,610380,199948,1.25,206192,506404,204
fog-k3s-master1,1,2026-06-06 08:31:56 UTC,15064764,15471308,155968,0.98,48896,610388,199948,1.25,206192,506404,212
fog-k3s-master1,1,2026-06-06 08:31:57 UTC,15064764,15471308,155956,0.98,48896,610400,199948,1.25,206192,506404,224
fog-k3s-master1,1,2026-06-06 08:31:58 UTC,15064764,15471308,155944,0.98,48896,610408,199948,1.25,206192,506404,168
fog-k3s-master1,1,2026-06-06 08:31:59 UTC,15064764,15471308,155932,0.98,48904,610412,199948,1.25,206192,506404,192
fog-k3s-master1,1,2026-06-06 08:32:00 UTC,15064764,15471368,155916,0.98,48904,610428,199948,1.25,206192,506464,60
fog-k3s-master1,1,2026-06-06 08:32:01 UTC,15064764,15471368,155904,0.98,48904,610440,199948,1.25,206192,506464,72
fog-k3s-master1,1,2026-06-06 08:32:02 UTC,15064764,15471368,155896,0.98,48904,610448,199948,1.25,206192,506464,80
fog-k3s-master1,1,2026-06-06 08:32:03 UTC,15064764,15471368,155884,0.98,48904,610460,199948,1.25,206192,506464,92
fog-k3s-master1,1,2026-06-06 08:32:04 UTC,15064764,15471368,155868,0.98,48912,610468,199948,1.25,206192,506464,196
fog-k3s-master1,1,2026-06-06 08:32:05 UTC,15064764,15471368,155856,0.98,48912,610480,199948,1.25,206192,506464,24
fog-k3s-master1,1,2026-06-06 08:32:06 UTC,15064764,15471428,155844,0.98,48912,610492,199948,1.25,206192,506524,36
fog-k3s-master1,1,2026-06-06 08:32:07 UTC,15064764,15471428,155836,0.98,48912,610500,199948,1.25,206192,506524,44
fog-k3s-master1,1,2026-06-06 08:32:08 UTC,15064764,15471428,155824,0.97,48912,610512,199948,1.25,206192,506524,56
fog-k3s-master1,1,2026-06-06 08:32:09 UTC,15064764,15471428,155816,0.97,48920,610512,199948,1.25,206192,506524,64
fog-k3s-master1,1,2026-06-06 08:32:10 UTC,15064764,15471488,155796,0.97,48920,610532,199948,1.25,206192,506584,204
fog-k3s-master1,1,2026-06-06 08:32:11 UTC,15064764,15471488,155788,0.97,48920,610540,199948,1.25,206192,506584,212
fog-k3s-master1,1,2026-06-06 08:32:12 UTC,15064764,15471548,155776,0.97,48920,610552,199948,1.25,206192,506644,224
fog-k3s-master1,1,2026-06-06 08:32:13 UTC,15064764,15471552,155764,0.97,48920,610560,199948,1.25,206192,506644,232
fog-k3s-master1,1,2026-06-06 08:32:14 UTC,15064764,15471552,155752,0.97,48928,610564,199948,1.25,206192,506644,244
fog-k3s-master1,1,2026-06-06 08:32:15 UTC,15064764,15471552,155744,0.97,48928,610572,199948,1.25,206192,506644,252
fog-k3s-master1,1,2026-06-06 08:32:16 UTC,15064764,15471552,155724,0.97,48928,610592,199948,1.25,206192,506644,16
fog-k3s-master1,1,2026-06-06 08:32:17 UTC,15064764,15471552,155712,0.97,48928,610604,199948,1.25,206192,506644,28
fog-k3s-master1,1,2026-06-06 08:32:18 UTC,15064764,15471612,155704,0.97,48928,610612,199948,1.25,206192,506704,36
fog-k3s-master1,1,2026-06-06 08:32:19 UTC,15064764,15471612,155680,0.97,48936,610624,199948,1.25,206192,506704,236
fog-k3s-master1,1,2026-06-06 08:32:20 UTC,15064764,15471612,155672,0.97,48936,610632,199948,1.25,206192,506704,84
fog-k3s-master1,1,2026-06-06 08:32:21 UTC,15063756,15470604,156668,0.98,48936,610644,199948,1.25,206192,506704,96
fog-k3s-master1,1,2026-06-06 08:32:22 UTC,15063504,15470352,156912,0.98,48936,610652,199948,1.25,206192,506704,40
fog-k3s-master1,1,2026-06-06 08:32:23 UTC,15063504,15470352,156900,0.98,48936,610664,199948,1.25,206192,506704,52
fog-k3s-master1,1,2026-06-06 08:32:24 UTC,15063504,15470412,156892,0.98,48936,610672,199948,1.25,206192,506764,216
fog-k3s-master1,1,2026-06-06 08:32:25 UTC,15063504,15470412,156880,0.98,48944,610676,199948,1.25,206192,506764,192
fog-k3s-master1,1,2026-06-06 08:32:26 UTC,15063504,15470412,156872,0.98,48944,610684,199948,1.25,206192,506764,200
fog-k3s-master1,1,2026-06-06 08:32:27 UTC,15063504,15470412,156852,0.98,48944,610704,199948,1.25,206192,506764,220
fog-k3s-master1,1,2026-06-06 08:32:28 UTC,15063504,15470416,156836,0.98,48944,610716,199948,1.25,206192,506764,172
fog-k3s-master1,1,2026-06-06 08:32:29 UTC,15063504,15470416,156828,0.98,48944,610724,199948,1.25,206192,506764,24
fog-k3s-master1,1,2026-06-06 08:32:30 UTC,15063504,15470476,156808,0.98,48952,610736,199948,1.25,206192,506824,68
fog-k3s-master1,1,2026-06-06 08:32:31 UTC,15063504,15470476,156800,0.98,48952,610744,199948,1.25,206192,506824,76
fog-k3s-master1,1,2026-06-06 08:32:32 UTC,15063504,15470476,156788,0.98,48952,610756,199948,1.25,206192,506824,88
fog-k3s-master1,1,2026-06-06 08:32:33 UTC,15063504,15470476,156780,0.98,48952,610764,199948,1.25,206192,506824,96
fog-k3s-master1,1,2026-06-06 08:32:34 UTC,15063504,15470476,156768,0.98,48952,610776,199948,1.25,206192,506824,204
fog-k3s-master1,1,2026-06-06 08:32:35 UTC,15063504,15470476,156760,0.98,48952,610784,199948,1.25,206192,506824,24
fog-k3s-master1,1,2026-06-06 08:32:36 UTC,15063504,15470536,156748,0.98,48960,610788,199948,1.25,206192,506884,36
fog-k3s-master1,1,2026-06-06 08:32:37 UTC,15063504,15470536,156740,0.98,48960,610796,199948,1.25,206192,506884,44
fog-k3s-master1,1,2026-06-06 08:32:38 UTC,15063504,15470536,156728,0.98,48960,610808,199948,1.25,206192,506884,56
fog-k3s-master1,1,2026-06-06 08:32:39 UTC,15063504,15470536,156712,0.98,48960,610824,199948,1.25,206192,506884,96
fog-k3s-master1,1,2026-06-06 08:32:40 UTC,15063504,15470536,156700,0.98,48960,610836,199948,1.25,206192,506884,208
fog-k3s-master1,1,2026-06-06 08:32:41 UTC,15063504,15470596,156688,0.98,48960,610848,199948,1.25,206192,506944,220
fog-k3s-master1,1,2026-06-06 08:32:42 UTC,15063504,15470596,156672,0.98,48968,610856,199948,1.25,206192,506944,196
fog-k3s-master1,1,2026-06-06 08:32:43 UTC,15061996,15469108,158168,0.99,48968,610868,202800,1.27,207452,506964,208
fog-k3s-master1,1,2026-06-06 08:32:44 UTC,15061268,15468380,158884,0.99,48968,610876,203400,1.27,207832,506964,316
fog-k3s-master1,1,2026-06-06 08:32:45 UTC,15061268,15468380,158872,0.99,48968,610888,203400,1.27,207832,506964,320
fog-k3s-master1,1,2026-06-06 08:32:46 UTC,15063116,15470256,157012,0.98,48968,610900,199948,1.25,206248,506992,168
fog-k3s-master1,1,2026-06-06 08:32:47 UTC,15063116,15470256,157000,0.98,48968,610912,199948,1.25,206248,506992,180
fog-k3s-master1,1,2026-06-06 08:32:48 UTC,15063268,15470408,156840,0.98,48976,610912,199948,1.25,206164,506992,188
fog-k3s-master1,1,2026-06-06 08:32:49 UTC,15063268,15470468,156820,0.98,48976,610932,199948,1.25,206164,507052,328
fog-k3s-master1,1,2026-06-06 08:32:50 UTC,15063268,15470468,156812,0.98,48976,610940,199948,1.25,206164,507052,336
fog-k3s-master1,1,2026-06-06 08:32:51 UTC,15063268,15470468,156800,0.98,48976,610952,199948,1.25,206164,507052,284
fog-k3s-master1,1,2026-06-06 08:32:52 UTC,15063268,15470528,156788,0.98,48976,610964,199948,1.25,206164,507112,48
fog-k3s-master1,1,2026-06-06 08:32:53 UTC,15063268,15470532,156768,0.98,48984,610972,199948,1.25,206164,507112,24
fog-k3s-master1,1,2026-06-06 08:32:54 UTC,15063268,15470532,156756,0.98,48984,610984,199948,1.25,206164,507112,36
fog-k3s-master1,1,2026-06-06 08:32:55 UTC,15063268,15470652,156620,0.98,48984,611120,199948,1.25,206284,507112,204
fog-k3s-master1,1,2026-06-06 08:32:56 UTC,15063268,15470652,156608,0.98,48984,611132,199948,1.25,206284,507112,216
fog-k3s-master1,1,2026-06-06 08:32:57 UTC,15063268,15470652,156600,0.98,48984,611140,199948,1.25,206284,507112,224
fog-k3s-master1,1,2026-06-06 08:32:58 UTC,15063268,15470712,156588,0.98,48984,611152,199948,1.25,206284,507172,176
fog-k3s-master1,1,2026-06-06 08:32:59 UTC,15063268,15470712,156568,0.98,48992,611160,199948,1.25,206284,507172,228
fog-k3s-master1,1,2026-06-06 08:33:00 UTC,15063268,15470712,156556,0.98,48992,611172,199948,1.25,206284,507172,68
fog-k3s-master1,1,2026-06-06 08:33:01 UTC,15063268,15470712,156548,0.98,48992,611180,199948,1.25,206284,507172,76
fog-k3s-master1,1,2026-06-06 08:33:02 UTC,15063268,15470712,156536,0.98,48992,611192,199948,1.25,206284,507172,88
fog-k3s-master1,1,2026-06-06 08:33:03 UTC,15063268,15470712,156528,0.98,48992,611200,199948,1.25,206284,507172,96
fog-k3s-master1,1,2026-06-06 08:33:04 UTC,15063268,15470772,156508,0.98,49000,611212,199948,1.25,206284,507232,208
fog-k3s-master1,1,2026-06-06 08:33:05 UTC,15063268,15470772,156496,0.98,49000,611224,199948,1.25,206284,507232,60
fog-k3s-master1,1,2026-06-06 08:33:06 UTC,15063268,15470772,156488,0.98,49000,611232,199948,1.25,206284,507232,68
fog-k3s-master1,1,2026-06-06 08:33:07 UTC,15063268,15470772,156476,0.98,49000,611244,199948,1.25,206284,507232,80
fog-k3s-master1,1,2026-06-06 08:33:08 UTC,15063268,15470772,156468,0.98,49000,611252,199948,1.25,206284,507232,88
fog-k3s-master1,1,2026-06-06 08:33:09 UTC,15063268,15470772,156456,0.98,49008,611256,199948,1.25,206284,507232,100
fog-k3s-master1,1,2026-06-06 08:33:10 UTC,15063268,15470840,156440,0.98,49008,611272,199948,1.25,206292,507292,168
fog-k3s-master1,1,2026-06-06 08:33:11 UTC,15063268,15470840,156428,0.98,49008,611284,199948,1.25,206292,507292,180
fog-k3s-master1,1,2026-06-06 08:33:12 UTC,15063268,15470840,156420,0.98,49008,611292,199948,1.25,206292,507292,188
fog-k3s-master1,1,2026-06-06 08:33:13 UTC,15060780,15468480,158772,0.99,49008,611428,203400,1.27,208112,507332,208
fog-k3s-master1,1,2026-06-06 08:33:14 UTC,15060780,15468480,158764,0.99,49016,611428,203400,1.27,208112,507332,220
fog-k3s-master1,1,2026-06-06 08:33:15 UTC,15060780,15468484,158740,0.99,49016,611448,203400,1.27,208112,507332,32
fog-k3s-master1,1,2026-06-06 08:33:16 UTC,15060780,15468552,158728,0.99,49016,611460,199948,1.25,206540,507364,160
fog-k3s-master1,1,2026-06-06 08:33:17 UTC,15064160,15471932,155340,0.97,49016,611468,199948,1.25,206540,507364,168
fog-k3s-master1,1,2026-06-06 08:33:18 UTC,15064160,15471932,155328,0.97,49016,611480,199948,1.25,206540,507364,180
fog-k3s-master1,1,2026-06-06 08:33:19 UTC,15064160,15471932,155320,0.97,49024,611480,199948,1.25,206456,507364,280
fog-k3s-master1,1,2026-06-06 08:33:20 UTC,15064160,15471932,155308,0.97,49024,611492,199948,1.25,206456,507364,292
fog-k3s-master1,1,2026-06-06 08:33:21 UTC,15064160,15471932,155292,0.97,49024,611508,199948,1.25,206456,507364,4
fog-k3s-master1,1,2026-06-06 08:33:22 UTC,15064160,15471992,155280,0.97,49024,611520,199948,1.25,206456,507424,20
fog-k3s-master1,1,2026-06-06 08:33:23 UTC,15064160,15471992,155272,0.97,49024,611528,199948,1.25,206456,507424,28
fog-k3s-master1,1,2026-06-06 08:33:24 UTC,15064160,15471992,155252,0.97,49032,611540,199948,1.25,206456,507424,228
fog-k3s-master1,1,2026-06-06 08:33:25 UTC,15064160,15471992,155244,0.97,49032,611548,199948,1.25,206456,507424,232
fog-k3s-master1,1,2026-06-06 08:33:26 UTC,15064160,15471992,155232,0.97,49032,611560,199948,1.25,206456,507424,244
fog-k3s-master1,1,2026-06-06 08:33:27 UTC,15064160,15471992,155224,0.97,49032,611568,199948,1.25,206456,507424,252
fog-k3s-master1,1,2026-06-06 08:33:28 UTC,15063908,15471800,155464,0.97,49032,611580,199948,1.25,206456,507484,204
fog-k3s-master1,1,2026-06-06 08:33:29 UTC,15063908,15471800,155452,0.97,49032,611592,199948,1.25,206456,507484,216
fog-k3s-master1,1,2026-06-06 08:33:30 UTC,15063908,15471860,155432,0.97,49040,611600,199948,1.25,206456,507544,40
fog-k3s-master1,1,2026-06-06 08:33:31 UTC,15063908,15471860,155420,0.97,49040,611612,199948,1.25,206456,507544,52
fog-k3s-master1,1,2026-06-06 08:33:32 UTC,15063908,15471860,155412,0.97,49040,611620,199948,1.25,206456,507544,60
fog-k3s-master1,1,2026-06-06 08:33:33 UTC,15063908,15471860,155400,0.97,49040,611632,199948,1.25,206456,507544,72
fog-k3s-master1,1,2026-06-06 08:33:34 UTC,15063908,15471920,155392,0.97,49040,611640,199948,1.25,206456,507604,168
fog-k3s-master1,1,2026-06-06 08:33:35 UTC,15063908,15471920,155380,0.97,49048,611644,199948,1.25,206456,507604,180
fog-k3s-master1,1,2026-06-06 08:33:36 UTC,15063908,15471920,155364,0.97,49048,611660,199948,1.25,206456,507604,216
fog-k3s-master1,1,2026-06-06 08:33:37 UTC,15063908,15471920,155352,0.97,49048,611672,199948,1.25,206456,507604,228
fog-k3s-master1,1,2026-06-06 08:33:38 UTC,15063908,15471920,155344,0.97,49048,611680,199948,1.25,206456,507604,236
fog-k3s-master1,1,2026-06-06 08:33:39 UTC,15063908,15471920,155332,0.97,49048,611692,199948,1.25,206456,507604,248
fog-k3s-master1,1,2026-06-06 08:33:40 UTC,15063908,15471980,155320,0.97,49048,611704,199948,1.25,206456,507664,4
fog-k3s-master1,1,2026-06-06 08:33:41 UTC,15063908,15471980,155308,0.97,49056,611708,199948,1.25,206456,507664,32
fog-k3s-master1,1,2026-06-06 08:33:42 UTC,15061892,15470012,157304,0.98,49056,611728,202800,1.27,207808,507712,72
fog-k3s-master1,1,2026-06-06 08:33:43 UTC,15061892,15470020,157296,0.98,49056,611736,203400,1.27,208120,507720,88
fog-k3s-master1,1,2026-06-06 08:33:44 UTC,15061892,15470020,157284,0.98,49056,611748,203400,1.27,208120,507720,100
fog-k3s-master1,1,2026-06-06 08:33:45 UTC,15061892,15470044,157272,0.98,49056,611756,203400,1.27,208160,507740,200
fog-k3s-master1,1,2026-06-06 08:33:46 UTC,15065272,15473436,153880,0.96,49056,611768,199948,1.25,206452,507752,188
fog-k3s-master1,1,2026-06-06 08:33:47 UTC,15064736,15472900,154400,0.97,49064,611776,199948,1.25,206452,507752,168
fog-k3s-master1,1,2026-06-06 08:33:48 UTC,15064736,15472900,154388,0.97,49064,611788,199948,1.25,206452,507752,180
fog-k3s-master1,1,2026-06-06 08:33:49 UTC,15064736,15472900,154380,0.97,49064,611796,199948,1.25,206452,507752,188
fog-k3s-master1,1,2026-06-06 08:33:50 UTC,15064736,15472900,154368,0.97,49064,611808,199948,1.25,206452,507752,200
fog-k3s-master1,1,2026-06-06 08:33:51 UTC,15064736,15472900,154360,0.97,49064,611816,199948,1.25,206452,507752,64
fog-k3s-master1,1,2026-06-06 08:33:52 UTC,15064736,15472960,154348,0.97,49064,611828,199948,1.25,206452,507812,16
fog-k3s-master1,1,2026-06-06 08:33:53 UTC,15064736,15472960,154336,0.97,49072,611832,199948,1.25,206452,507812,28
fog-k3s-master1,1,2026-06-06 08:33:54 UTC,15064736,15472960,154320,0.97,49072,611848,199948,1.25,206452,507812,68
fog-k3s-master1,1,2026-06-06 08:33:55 UTC,15064736,15472960,154308,0.97,49072,611860,199948,1.25,206452,507812,240
fog-k3s-master1,1,2026-06-06 08:33:56 UTC,15064736,15472960,154300,0.97,49072,611868,199948,1.25,206452,507812,248
fog-k3s-master1,1,2026-06-06 08:33:57 UTC,15064736,15472960,154288,0.97,49072,611880,199948,1.25,206452,507812,260
fog-k3s-master1,1,2026-06-06 08:33:58 UTC,15064736,15473020,154280,0.97,49072,611888,199948,1.25,206452,507872,172
fog-k3s-master1,1,2026-06-06 08:33:59 UTC,15064736,15473020,154260,0.97,49080,611900,199948,1.25,206452,507872,220
fog-k3s-master1,1,2026-06-06 08:34:00 UTC,15064736,15473020,154252,0.97,49080,611908,199948,1.25,206452,507872,228
fog-k3s-master1,1,2026-06-06 08:34:01 UTC,15063728,15472012,155244,0.97,49080,611920,199948,1.25,206452,507872,240
fog-k3s-master1,1,2026-06-06 08:34:02 UTC,15063728,15472012,155236,0.97,49080,611928,199948,1.25,206452,507872,76
fog-k3s-master1,1,2026-06-06 08:34:03 UTC,15063728,15472012,155224,0.97,49080,611940,199948,1.25,206452,507872,24
fog-k3s-master1,1,2026-06-06 08:34:04 UTC,15063728,15472072,155212,0.97,49088,611944,199948,1.25,206452,507932,40
fog-k3s-master1,1,2026-06-06 08:34:05 UTC,15063728,15472072,155196,0.97,49088,611960,199948,1.25,206452,507932,28
fog-k3s-master1,1,2026-06-06 08:34:06 UTC,15063488,15471840,155408,0.97,49088,611972,199948,1.25,206452,507932,40
fog-k3s-master1,1,2026-06-06 08:34:07 UTC,15063488,15471840,155400,0.97,49088,611980,199948,1.25,206452,507932,48
fog-k3s-master1,1,2026-06-06 08:34:08 UTC,15063488,15471840,155388,0.97,49088,611992,199948,1.25,206452,507932,60
fog-k3s-master1,1,2026-06-06 08:34:09 UTC,15063488,15471840,155380,0.97,49088,612000,199948,1.25,206452,507932,68
fog-k3s-master1,1,2026-06-06 08:34:10 UTC,15063488,15471900,155368,0.97,49096,612004,199948,1.25,206452,507992,172
fog-k3s-master1,1,2026-06-06 08:34:11 UTC,15063488,15471900,155352,0.97,49096,612020,199948,1.25,206452,507992,216
fog-k3s-master1,1,2026-06-06 08:34:12 UTC,15063488,15471900,155340,0.97,49096,612032,199948,1.25,206452,507992,228
fog-k3s-master1,1,2026-06-06 08:34:13 UTC,15063488,15471900,155332,0.97,49096,612040,199948,1.25,206452,507992,236
fog-k3s-master1,1,2026-06-06 08:34:14 UTC,15063488,15471900,155320,0.97,49096,612052,199948,1.25,206452,507992,248
fog-k3s-master1,1,2026-06-06 08:34:15 UTC,15063488,15471900,155312,0.97,49104,612052,199948,1.25,206452,507992,256
fog-k3s-master1,1,2026-06-06 08:34:16 UTC,15063488,15471964,155288,0.97,49104,612072,199948,1.25,206452,508052,20
fog-k3s-master1,1,2026-06-06 08:34:17 UTC,15063488,15471964,155276,0.97,49104,612084,199948,1.25,206452,508052,32
fog-k3s-master1,1,2026-06-06 08:34:18 UTC,15061472,15469948,157284,0.98,49104,612092,199948,1.25,206452,508052,40
fog-k3s-master1,1,2026-06-06 08:34:19 UTC,15061472,15469948,157272,0.98,49104,612104,199948,1.25,206452,508052,48
fog-k3s-master1,1,2026-06-06 08:34:20 UTC,15061472,15469948,157264,0.98,49112,612104,199948,1.25,206452,508052,56
fog-k3s-master1,1,2026-06-06 08:34:21 UTC,15061472,15469948,157252,0.98,49112,612116,199948,1.25,206452,508052,0
fog-k3s-master1,1,2026-06-06 08:34:22 UTC,15061472,15470008,157236,0.98,49112,612132,199948,1.25,206452,508112,40
fog-k3s-master1,1,2026-06-06 08:34:23 UTC,15061472,15470008,157224,0.98,49112,612144,199948,1.25,206452,508112,52
fog-k3s-master1,1,2026-06-06 08:34:24 UTC,15061472,15470008,157216,0.98,49112,612152,199948,1.25,206452,508112,60
fog-k3s-master1,1,2026-06-06 08:34:25 UTC,15061472,15470008,157204,0.98,49112,612164,199948,1.25,206452,508112,208
fog-k3s-master1,1,2026-06-06 08:34:26 UTC,15061472,15470008,157196,0.98,49120,612164,199948,1.25,206452,508112,216
fog-k3s-master1,1,2026-06-06 08:34:27 UTC,15061472,15470008,157184,0.98,49120,612176,199948,1.25,206452,508112,164
fog-k3s-master1,1,2026-06-06 08:34:28 UTC,15061472,15470128,157164,0.98,49120,612196,199948,1.25,206452,508232,208
fog-k3s-master1,1,2026-06-06 08:34:29 UTC,15061472,15470128,157156,0.98,49120,612204,199948,1.25,206452,508232,216
fog-k3s-master1,1,2026-06-06 08:34:30 UTC,15061472,15470128,157144,0.98,49120,612216,199948,1.25,206452,508232,240
fog-k3s-master1,1,2026-06-06 08:34:31 UTC,15061472,15470128,157132,0.98,49120,612224,199948,1.25,206452,508232,248
fog-k3s-master1,1,2026-06-06 08:34:32 UTC,15061472,15470128,157120,0.98,49128,612228,199948,1.25,206452,508232,56
fog-k3s-master1,1,2026-06-06 08:34:33 UTC,15061472,15470128,157112,0.98,49128,612236,199948,1.25,206452,508232,0
fog-k3s-master1,1,2026-06-06 08:34:34 UTC,15061472,15470188,157092,0.98,49128,612256,199948,1.25,206452,508292,40
fog-k3s-master1,1,2026-06-06 08:34:35 UTC,15061472,15470188,157084,0.98,49128,612264,199948,1.25,206452,508292,52
fog-k3s-master1,1,2026-06-06 08:34:36 UTC,15057440,15466156,161104,1.01,49128,612276,199948,1.25,206452,508292,64
fog-k3s-master1,1,2026-06-06 08:34:37 UTC,15057440,15466156,161088,1.01,49136,612284,199948,1.25,206452,508292,48
fog-k3s-master1,1,2026-06-06 08:34:38 UTC,15057440,15466156,161076,1.01,49136,612296,199948,1.25,206452,508292,60
fog-k3s-master1,1,2026-06-06 08:34:39 UTC,15057440,15466216,161064,1.01,49136,612308,199948,1.25,206452,508352,72
fog-k3s-master1,1,2026-06-06 08:34:40 UTC,15057440,15466216,161056,1.01,49136,612316,199948,1.25,206452,508352,176
fog-k3s-master1,1,2026-06-06 08:34:41 UTC,15057440,15466216,161044,1.01,49136,612328,199948,1.25,206452,508352,188
fog-k3s-master1,1,2026-06-06 08:34:42 UTC,15057440,15466216,161036,1.01,49144,612328,199948,1.25,206452,508352,196
fog-k3s-master1,1,2026-06-06 08:34:43 UTC,15057440,15466216,161016,1.01,49144,612348,199948,1.25,206452,508352,236
fog-k3s-master1,1,2026-06-06 08:34:44 UTC,15057440,15466216,161008,1.01,49144,612356,199948,1.25,206452,508352,244
fog-k3s-master1,1,2026-06-06 08:34:45 UTC,15057440,15466276,160996,1.01,49144,612368,199948,1.25,206452,508412,256
fog-k3s-master1,1,2026-06-06 08:34:46 UTC,15057440,15466276,160988,1.01,49144,612376,199948,1.25,206452,508412,44
fog-k3s-master1,1,2026-06-06 08:34:47 UTC,15057440,15466280,160972,1.01,49144,612388,199948,1.25,206452,508412,56
fog-k3s-master1,1,2026-06-06 08:34:48 UTC,15057440,15466280,160964,1.01,49152,612388,199948,1.25,206452,508412,36
fog-k3s-master1,1,2026-06-06 08:34:49 UTC,15057440,15466280,160940,1.01,49152,612408,199948,1.25,206452,508412,244
fog-k3s-master1,1,2026-06-06 08:34:50 UTC,15057440,15466280,160932,1.01,49152,612416,199948,1.25,206452,508412,252
fog-k3s-master1,1,2026-06-06 08:34:51 UTC,15057440,15466340,160920,1.01,49152,612428,199948,1.25,206452,508472,32
fog-k3s-master1,1,2026-06-06 08:34:52 UTC,15057440,15466340,160908,1.01,49152,612440,199948,1.25,206452,508472,48
fog-k3s-master1,1,2026-06-06 08:34:53 UTC,15057440,15466360,160900,1.01,49152,612448,199948,1.25,206452,508492,24
fog-k3s-master1,1,2026-06-06 08:34:54 UTC,15056684,15465648,161636,1.01,49160,612460,202800,1.27,207504,508536,68
fog-k3s-master1,1,2026-06-06 08:34:55 UTC,15055676,15464640,162636,1.02,49160,612468,203400,1.27,208112,508536,352
fog-k3s-master1,1,2026-06-06 08:34:56 UTC,15055676,15464640,162624,1.02,49160,612480,203400,1.27,208112,508536,364
fog-k3s-master1,1,2026-06-06 08:34:57 UTC,15056068,15465032,162224,1.01,49160,612488,199948,1.25,206424,508536,344
fog-k3s-master1,1,2026-06-06 08:34:58 UTC,15056068,15465032,162212,1.01,49160,612500,199948,1.25,206424,508536,360
fog-k3s-master1,1,2026-06-06 08:34:59 UTC,15056068,15465092,162204,1.01,49168,612500,199948,1.25,206424,508596,108
fog-k3s-master1,1,2026-06-06 08:35:00 UTC,15056068,15465092,162184,1.01,49168,612520,199948,1.25,206424,508596,68
fog-k3s-master1,1,2026-06-06 08:35:01 UTC,15056068,15465092,162176,1.01,49168,612528,199948,1.25,206424,508596,76
fog-k3s-master1,1,2026-06-06 08:35:02 UTC,15053556,15462616,164672,1.03,49168,612540,199948,1.25,206420,508628,248
fog-k3s-master1,1,2026-06-06 08:35:03 UTC,15053308,15462380,164908,1.03,49168,612552,199948,1.25,206404,508640,200
fog-k3s-master1,1,2026-06-06 08:35:04 UTC,15053308,15462380,164900,1.03,49176,612552,199948,1.25,206404,508640,212
fog-k3s-master1,1,2026-06-06 08:35:05 UTC,15053308,15462380,164880,1.03,49176,612572,199948,1.25,206424,508640,32
fog-k3s-master1,1,2026-06-06 08:35:06 UTC,15053308,15462380,164872,1.03,49176,612580,199948,1.25,206424,508640,40
fog-k3s-master1,1,2026-06-06 08:35:07 UTC,15053308,15462420,164860,1.03,49176,612592,199948,1.25,206424,508680,44
fog-k3s-master1,1,2026-06-06 08:35:08 UTC,15053308,15462420,164852,1.03,49176,612600,199948,1.25,206424,508680,52
fog-k3s-master1,1,2026-06-06 08:35:09 UTC,15053308,15462420,164840,1.03,49184,612604,199948,1.25,206424,508680,64
fog-k3s-master1,1,2026-06-06 08:35:10 UTC,15053308,15462420,164824,1.03,49184,612620,199948,1.25,206424,508680,208
fog-k3s-master1,1,2026-06-06 08:35:11 UTC,15053308,15462420,164812,1.03,49184,612632,199948,1.25,206424,508680,220
fog-k3s-master1,1,2026-06-06 08:35:12 UTC,15053308,15462420,164804,1.03,49184,612640,199948,1.25,206424,508680,228
fog-k3s-master1,1,2026-06-06 08:35:13 UTC,15053308,15462480,164792,1.03,49184,612652,199948,1.25,206424,508740,240
fog-k3s-master1,1,2026-06-06 08:35:14 UTC,15053308,15462480,164784,1.03,49192,612652,199948,1.25,206424,508740,248
fog-k3s-master1,1,2026-06-06 08:35:15 UTC,15053308,15462480,164764,1.03,49192,612672,199948,1.25,206424,508740,272
fog-k3s-master1,1,2026-06-06 08:35:16 UTC,15053308,15462480,164752,1.03,49192,612684,199948,1.25,206424,508740,16
fog-k3s-master1,1,2026-06-06 08:35:17 UTC,15053308,15462480,164740,1.03,49192,612692,199948,1.25,206424,508740,24
fog-k3s-master1,1,2026-06-06 08:35:18 UTC,15053308,15462480,164728,1.03,49192,612704,199948,1.25,206424,508740,36
fog-k3s-master1,1,2026-06-06 08:35:19 UTC,15053308,15462540,164720,1.03,49200,612704,199948,1.25,206424,508800,44
fog-k3s-master1,1,2026-06-06 08:35:20 UTC,15053308,15462540,164708,1.03,49200,612716,199948,1.25,206424,508800,56
fog-k3s-master1,1,2026-06-06 08:35:21 UTC,15053308,15462540,164692,1.03,49200,612732,199948,1.25,206424,508800,256
fog-k3s-master1,1,2026-06-06 08:35:22 UTC,15053308,15462540,164680,1.03,49200,612744,199948,1.25,206424,508800,208
fog-k3s-master1,1,2026-06-06 08:35:23 UTC,15053308,15462540,164672,1.03,49200,612752,199948,1.25,206424,508800,216
fog-k3s-master1,1,2026-06-06 08:35:24 UTC,15053308,15462548,164652,1.03,49208,612764,199948,1.25,206424,508808,36
fog-k3s-master1,1,2026-06-06 08:35:25 UTC,15053308,15462608,164644,1.03,49208,612772,199948,1.25,206424,508868,44
fog-k3s-master1,1,2026-06-06 08:35:26 UTC,15053308,15462608,164632,1.03,49208,612784,199948,1.25,206424,508868,56
fog-k3s-master1,1,2026-06-06 08:35:27 UTC,15053308,15462608,164620,1.03,49208,612796,199948,1.25,206424,508868,68
fog-k3s-master1,1,2026-06-06 08:35:28 UTC,15053308,15462608,164612,1.03,49208,612804,199948,1.25,206424,508868,12
fog-k3s-master1,1,2026-06-06 08:35:29 UTC,15053308,15462608,164592,1.03,49216,612816,199948,1.25,206424,508868,52
fog-k3s-master1,1,2026-06-06 08:35:30 UTC,15053308,15462616,164584,1.03,49216,612824,199948,1.25,206424,508876,64
fog-k3s-master1,1,2026-06-06 08:35:31 UTC,15053308,15462676,164572,1.03,49216,612836,199948,1.25,206424,508936,76
fog-k3s-master1,1,2026-06-06 08:35:32 UTC,15053308,15462676,164564,1.03,49216,612844,199948,1.25,206424,508936,84
fog-k3s-master1,1,2026-06-06 08:35:33 UTC,15053308,15462680,164548,1.03,49216,612856,199948,1.25,206424,508936,96
fog-k3s-master1,1,2026-06-06 08:35:34 UTC,15053308,15462680,164532,1.03,49224,612864,199948,1.25,206424,508936,212
fog-k3s-master1,1,2026-06-06 08:35:35 UTC,15053308,15462688,164520,1.03,49224,612876,199948,1.25,206424,508944,192
fog-k3s-master1,1,2026-06-06 08:35:36 UTC,15053308,15462688,164512,1.03,49224,612884,199948,1.25,206424,508944,200
fog-k3s-master1,1,2026-06-06 08:35:37 UTC,15053308,15462748,164500,1.03,49224,612896,199948,1.25,206424,509004,212
fog-k3s-master1,1,2026-06-06 08:35:38 UTC,15053308,15462748,164492,1.03,49224,612904,199948,1.25,206424,509004,220
fog-k3s-master1,1,2026-06-06 08:35:39 UTC,15053308,15462748,164480,1.03,49232,612908,199948,1.25,206424,509004,244
fog-k3s-master1,1,2026-06-06 08:35:40 UTC,15053308,15462748,164460,1.03,49232,612928,199948,1.25,206424,509004,44
fog-k3s-master1,1,2026-06-06 08:35:41 UTC,15053308,15462748,164452,1.03,49232,612936,199948,1.25,206424,509004,52
fog-k3s-master1,1,2026-06-06 08:35:42 UTC,15053308,15462748,164440,1.03,49232,612948,199948,1.25,206424,509004,64
fog-k3s-master1,1,2026-06-06 08:35:43 UTC,15053308,15462808,164432,1.03,49232,612956,199948,1.25,206424,509064,72
fog-k3s-master1,1,2026-06-06 08:35:44 UTC,15053308,15462808,164420,1.03,49240,612960,199948,1.25,206424,509064,84
fog-k3s-master1,1,2026-06-06 08:35:45 UTC,15053308,15462824,164404,1.03,49240,612976,199948,1.25,206424,509080,168
fog-k3s-master1,1,2026-06-06 08:35:46 UTC,15053308,15462824,164392,1.03,49240,612988,199948,1.25,206424,509080,16
fog-k3s-master1,1,2026-06-06 08:35:47 UTC,15053308,15462824,164384,1.03,49240,612996,199948,1.25,206424,509080,24
fog-k3s-master1,1,2026-06-06 08:35:48 UTC,15053308,15462824,164368,1.03,49240,613008,199948,1.25,206424,509080,36
fog-k3s-master1,1,2026-06-06 08:35:49 UTC,15053308,15462884,164360,1.03,49248,613008,199948,1.25,206424,509140,44
fog-k3s-master1,1,2026-06-06 08:35:50 UTC,15053308,15462884,164348,1.03,49248,613020,203396,1.27,207724,509140,316
fog-k3s-master1,1,2026-06-06 08:35:51 UTC,15052804,15462428,164820,1.03,49248,613044,203396,1.27,208092,509184,368
fog-k3s-master1,1,2026-06-06 08:35:52 UTC,15056748,15466408,160860,1.01,49248,613052,202924,1.27,207788,509220,332
fog-k3s-master1,1,2026-06-06 08:35:53 UTC,15056748,15466420,160848,1.01,49248,613064,203132,1.27,208056,509232,344
fog-k3s-master1,1,2026-06-06 08:35:54 UTC,15056748,15466424,160832,1.01,49256,613072,203132,1.27,208112,509236,404
fog-k3s-master1,1,2026-06-06 08:35:55 UTC,15056244,15465936,161328,1.01,49256,613084,199948,1.25,206436,509252,164
fog-k3s-master1,1,2026-06-06 08:35:56 UTC,15056244,15465936,161320,1.01,49256,613092,199948,1.25,206436,509252,172
fog-k3s-master1,1,2026-06-06 08:35:57 UTC,15056244,15465936,161308,1.01,49256,613104,199948,1.25,206436,509252,120
fog-k3s-master1,1,2026-06-06 08:35:58 UTC,15056244,15465936,161300,1.01,49256,613112,199948,1.25,206436,509252,152
fog-k3s-master1,1,2026-06-06 08:35:59 UTC,15056244,15465936,161280,1.01,49264,613124,199948,1.25,206436,509252,312
fog-k3s-master1,1,2026-06-06 08:36:00 UTC,15056244,15465936,161272,1.01,49264,613132,199948,1.25,206436,509252,320
fog-k3s-master1,1,2026-06-06 08:36:01 UTC,15056244,15465996,161260,1.01,49264,613144,199948,1.25,206436,509312,84
fog-k3s-master1,1,2026-06-06 08:36:02 UTC,15056244,15465996,161252,1.01,49264,613152,199948,1.25,206436,509312,92
fog-k3s-master1,1,2026-06-06 08:36:03 UTC,15056244,15465996,161236,1.01,49264,613164,199948,1.25,206436,509312,40
fog-k3s-master1,1,2026-06-06 08:36:04 UTC,15056244,15465996,161224,1.01,49272,613168,199948,1.25,206436,509312,56
fog-k3s-master1,1,2026-06-06 08:36:05 UTC,15056244,15465996,161208,1.01,49272,613184,199948,1.25,206436,509312,196
fog-k3s-master1,1,2026-06-06 08:36:06 UTC,15056244,15465996,161196,1.01,49272,613196,199948,1.25,206436,509312,208
fog-k3s-master1,1,2026-06-06 08:36:07 UTC,15056244,15466056,161188,1.01,49272,613204,199948,1.25,206436,509372,216
fog-k3s-master1,1,2026-06-06 08:36:08 UTC,15056244,15466056,161176,1.01,49272,613216,199948,1.25,206436,509372,228
fog-k3s-master1,1,2026-06-06 08:36:09 UTC,15056244,15466056,161168,1.01,49280,613216,199948,1.25,206436,509372,236
fog-k3s-master1,1,2026-06-06 08:36:10 UTC,15056244,15466096,161148,1.01,49280,613236,199948,1.25,206436,509412,40
fog-k3s-master1,1,2026-06-06 08:36:11 UTC,15056244,15466096,161140,1.01,49280,613244,199948,1.25,206436,509412,48
fog-k3s-master1,1,2026-06-06 08:36:12 UTC,15056244,15466096,161128,1.01,49280,613256,199948,1.25,206436,509412,60
fog-k3s-master1,1,2026-06-06 08:36:13 UTC,15056244,15466156,161120,1.01,49280,613264,199948,1.25,206436,509472,68
fog-k3s-master1,1,2026-06-06 08:36:14 UTC,15056244,15466156,161108,1.01,49288,613268,199948,1.25,206436,509472,80
fog-k3s-master1,1,2026-06-06 08:36:15 UTC,15056244,15466156,161096,1.01,49288,613280,199948,1.25,206436,509472,92
fog-k3s-master1,1,2026-06-06 08:36:16 UTC,15056244,15466164,161080,1.01,49288,613296,199948,1.25,206436,509480,16
fog-k3s-master1,1,2026-06-06 08:36:17 UTC,15056244,15466164,161068,1.01,49288,613308,199948,1.25,206436,509480,28
fog-k3s-master1,1,2026-06-06 08:36:18 UTC,15056244,15466164,161060,1.01,49288,613316,199948,1.25,206436,509480,36
fog-k3s-master1,1,2026-06-06 08:36:19 UTC,15056004,15465988,161260,1.01,49296,613328,199948,1.25,206436,509540,244
fog-k3s-master1,1,2026-06-06 08:36:20 UTC,15056004,15465988,161252,1.01,49296,613336,199948,1.25,206436,509540,252
fog-k3s-master1,1,2026-06-06 08:36:21 UTC,15056004,15465988,161240,1.01,49296,613348,199948,1.25,206436,509540,264
fog-k3s-master1,1,2026-06-06 08:36:22 UTC,15056004,15465988,161232,1.01,49296,613356,199948,1.25,206456,509540,208
fog-k3s-master1,1,2026-06-06 08:36:23 UTC,15056004,15465988,161220,1.01,49296,613368,199948,1.25,206456,509540,220
fog-k3s-master1,1,2026-06-06 08:36:24 UTC,15056004,15465988,161212,1.01,49304,613368,199948,1.25,206456,509540,228
fog-k3s-master1,1,2026-06-06 08:36:25 UTC,15056004,15466064,161192,1.01,49304,613388,199948,1.25,206456,509616,48
fog-k3s-master1,1,2026-06-06 08:36:26 UTC,15056004,15466064,161184,1.01,49304,613396,199948,1.25,206456,509616,56
fog-k3s-master1,1,2026-06-06 08:36:27 UTC,15056004,15466064,161172,1.01,49304,613408,199948,1.25,206456,509616,4
fog-k3s-master1,1,2026-06-06 08:36:28 UTC,15056264,15466324,160900,1.01,49304,613420,199948,1.25,206456,509616,20
fog-k3s-master1,1,2026-06-06 08:36:29 UTC,15056476,15466536,160672,1.01,49312,613428,199948,1.25,206456,509616,220
fog-k3s-master1,1,2026-06-06 08:36:30 UTC,15056476,15466536,160660,1.01,49312,613440,199948,1.25,206456,509616,64
fog-k3s-master1,1,2026-06-06 08:36:31 UTC,15056476,15466596,160652,1.01,49312,613448,199948,1.25,206456,509676,72
fog-k3s-master1,1,2026-06-06 08:36:32 UTC,15056476,15466596,160640,1.01,49312,613460,199948,1.25,206456,509676,84
fog-k3s-master1,1,2026-06-06 08:36:33 UTC,15056476,15466596,160632,1.01,49312,613468,199948,1.25,206456,509676,92
fog-k3s-master1,1,2026-06-06 08:36:34 UTC,15056476,15466596,160616,1.00,49320,613472,199948,1.25,206456,509676,20
fog-k3s-master1,1,2026-06-06 08:36:35 UTC,15056476,15466596,160608,1.00,49320,613480,199948,1.25,206456,509676,28
fog-k3s-master1,1,2026-06-06 08:36:36 UTC,15056476,15466596,160588,1.00,49320,613500,199948,1.25,206456,509676,208
fog-k3s-master1,1,2026-06-06 08:36:37 UTC,15056476,15466656,160580,1.00,49320,613508,199948,1.25,206456,509736,216
fog-k3s-master1,1,2026-06-06 08:36:38 UTC,15056476,15466656,160568,1.00,49320,613520,199948,1.25,206456,509736,228
fog-k3s-master1,1,2026-06-06 08:36:39 UTC,15056476,15466656,160556,1.00,49328,613524,199948,1.25,206456,509736,240
fog-k3s-master1,1,2026-06-06 08:36:40 UTC,15056476,15466656,160540,1.00,49328,613540,199948,1.25,206456,509736,220
fog-k3s-master1,1,2026-06-06 08:36:41 UTC,15056476,15466656,160528,1.00,49328,613552,199948,1.25,206456,509736,232
fog-k3s-master1,1,2026-06-06 08:36:42 UTC,15056476,15466656,160520,1.00,49328,613560,199948,1.25,206456,509736,56
fog-k3s-master1,1,2026-06-06 08:36:43 UTC,15056476,15466716,160508,1.00,49328,613572,199948,1.25,206456,509796,68
fog-k3s-master1,1,2026-06-06 08:36:44 UTC,15056476,15466716,160500,1.00,49336,613572,199948,1.25,206456,509796,76
fog-k3s-master1,1,2026-06-06 08:36:45 UTC,15056476,15466716,160488,1.00,49336,613584,199948,1.25,206456,509796,88
fog-k3s-master1,1,2026-06-06 08:36:46 UTC,15056476,15466748,160472,1.00,49336,613600,199948,1.25,206456,509828,184
fog-k3s-master1,1,2026-06-06 08:36:47 UTC,15056476,15466748,160460,1.00,49336,613612,199948,1.25,206456,509828,196
fog-k3s-master1,1,2026-06-06 08:36:48 UTC,15056476,15466748,160452,1.00,49336,613620,199948,1.25,206456,509828,204
fog-k3s-master1,1,2026-06-06 08:36:49 UTC,15056476,15466820,160428,1.00,49344,613632,199948,1.25,206456,509896,68
fog-k3s-master1,1,2026-06-06 08:36:50 UTC,15056476,15466820,160416,1.00,49344,613644,199948,1.25,206456,509896,80
fog-k3s-master1,1,2026-06-06 08:36:51 UTC,15056476,15466820,160408,1.00,49344,613652,199948,1.25,206456,509896,24
fog-k3s-master1,1,2026-06-06 08:36:52 UTC,15056476,15466820,160396,1.00,49344,613664,199948,1.25,206456,509896,40
fog-k3s-master1,1,2026-06-06 08:36:53 UTC,15056476,15466820,160388,1.00,49344,613672,199948,1.25,206456,509896,48
fog-k3s-master1,1,2026-06-06 08:36:54 UTC,15056476,15466880,160376,1.00,49352,613676,199948,1.25,206456,509956,60
fog-k3s-master1,1,2026-06-06 08:36:55 UTC,15056476,15466884,160356,1.00,49352,613696,199948,1.25,206456,509960,52
fog-k3s-master1,1,2026-06-06 08:36:56 UTC,15056476,15466884,160344,1.00,49352,613708,199948,1.25,206456,509960,64
fog-k3s-master1,1,2026-06-06 08:36:57 UTC,15056476,15466884,160336,1.00,49352,613716,199948,1.25,206456,509960,8
fog-k3s-master1,1,2026-06-06 08:36:58 UTC,15056476,15466884,160324,1.00,49352,613728,199948,1.25,206456,509960,24
fog-k3s-master1,1,2026-06-06 08:36:59 UTC,15056476,15466884,160308,1.00,49360,613736,199948,1.25,206456,509960,224
fog-k3s-master1,1,2026-06-06 08:37:00 UTC,15056476,15466944,160296,1.00,49360,613748,199948,1.25,206456,510020,236
fog-k3s-master1,1,2026-06-06 08:37:01 UTC,15056476,15466944,160288,1.00,49360,613756,199948,1.25,206456,510020,236
fog-k3s-master1,1,2026-06-06 08:37:02 UTC,15056476,15466944,160276,1.00,49360,613768,199948,1.25,206456,510020,248
fog-k3s-master1,1,2026-06-06 08:37:03 UTC,15056476,15466944,160264,1.00,49360,613780,199948,1.25,206456,510020,260
fog-k3s-master1,1,2026-06-06 08:37:04 UTC,15056476,15466944,160256,1.00,49368,613780,199948,1.25,206456,510020,16
fog-k3s-master1,1,2026-06-06 08:37:05 UTC,15054712,15465180,161988,1.01,49368,613804,203136,1.27,208076,510020,172
fog-k3s-master1,1,2026-06-06 08:37:06 UTC,15054712,15465240,161980,1.01,49368,613812,203136,1.27,208076,510080,180
fog-k3s-master1,1,2026-06-06 08:37:07 UTC,15054460,15464988,162220,1.01,49368,613824,203136,1.27,208076,510080,196
fog-k3s-master1,1,2026-06-06 08:37:08 UTC,15054460,15464988,162212,1.01,49368,613832,199948,1.25,206516,510080,252
fog-k3s-master1,1,2026-06-06 08:37:09 UTC,15054460,15465020,162192,1.01,49376,613844,199948,1.25,206432,510112,320
fog-k3s-master1,1,2026-06-06 08:37:10 UTC,15054460,15465028,162120,1.01,49376,613852,199948,1.25,206432,510120,52
fog-k3s-master1,1,2026-06-06 08:37:11 UTC,15054460,15465028,162108,1.01,49376,613864,199948,1.25,206432,510120,64
fog-k3s-master1,1,2026-06-06 08:37:12 UTC,15062524,15473112,154036,0.96,49376,613872,199948,1.25,206432,510140,68
fog-k3s-master1,1,2026-06-06 08:37:13 UTC,15065472,15476060,151076,0.95,49376,613884,199948,1.25,206432,510140,80
fog-k3s-master1,1,2026-06-06 08:37:14 UTC,15065472,15476060,151056,0.95,49384,613896,199948,1.25,206432,510140,56
fog-k3s-master1,1,2026-06-06 08:37:15 UTC,15065220,15475808,151300,0.95,49384,613904,199948,1.25,206432,510140,176
fog-k3s-master1,1,2026-06-06 08:37:16 UTC,15065220,15475808,151288,0.95,49384,613916,199948,1.25,206432,510140,192
fog-k3s-master1,1,2026-06-06 08:37:17 UTC,15065220,15475808,151280,0.95,49384,613924,199948,1.25,206432,510140,200
fog-k3s-master1,1,2026-06-06 08:37:18 UTC,15065220,15475868,151268,0.95,49384,613936,199948,1.25,206432,510200,212
fog-k3s-master1,1,2026-06-06 08:37:19 UTC,15065220,15475868,151260,0.95,49392,613936,199948,1.25,206432,510200,220
fog-k3s-master1,1,2026-06-06 08:37:20 UTC,15065220,15475872,151244,0.95,49392,613948,199948,1.25,206432,510200,232
fog-k3s-master1,1,2026-06-06 08:37:21 UTC,15065220,15475876,151228,0.95,49392,613964,199948,1.25,206456,510204,24
fog-k3s-master1,1,2026-06-06 08:37:22 UTC,15065220,15475876,151216,0.95,49392,613976,199948,1.25,206456,510204,40
fog-k3s-master1,1,2026-06-06 08:37:23 UTC,15065220,15475876,151208,0.95,49392,613984,199948,1.25,206456,510204,48
fog-k3s-master1,1,2026-06-06 08:37:24 UTC,15065220,15475936,151184,0.95,49400,613996,199948,1.25,206456,510264,236
fog-k3s-master1,1,2026-06-06 08:37:25 UTC,15065220,15475948,151176,0.95,49400,614004,199948,1.25,206456,510276,216
fog-k3s-master1,1,2026-06-06 08:37:26 UTC,15065220,15475948,151164,0.95,49400,614016,199948,1.25,206456,510276,60
fog-k3s-master1,1,2026-06-06 08:37:27 UTC,15065220,15475972,151152,0.95,49400,614028,199948,1.25,206456,510300,4
fog-k3s-master1,1,2026-06-06 08:37:28 UTC,15065220,15475972,151144,0.95,49400,614036,199948,1.25,206456,510300,16
fog-k3s-master1,1,2026-06-06 08:37:29 UTC,15065220,15476032,151124,0.95,49408,614048,199948,1.25,206456,510360,52
fog-k3s-master1,1,2026-06-06 08:37:30 UTC,15065220,15476032,151116,0.95,49408,614056,199948,1.25,206456,510360,60
fog-k3s-master1,1,2026-06-06 08:37:31 UTC,15065220,15476032,151104,0.95,49408,614068,199948,1.25,206456,510360,236
fog-k3s-master1,1,2026-06-06 08:37:32 UTC,15065220,15476032,151096,0.95,49408,614076,199948,1.25,206456,510360,244
fog-k3s-master1,1,2026-06-06 08:37:33 UTC,15065220,15476092,151084,0.95,49408,614088,199948,1.25,206456,510420,256
fog-k3s-master1,1,2026-06-06 08:37:34 UTC,15065220,15476100,151068,0.95,49416,614096,199948,1.25,206456,510428,16
fog-k3s-master1,1,2026-06-06 08:37:35 UTC,15065220,15476104,151052,0.95,49416,614108,199948,1.25,206456,510428,28
fog-k3s-master1,1,2026-06-06 08:37:36 UTC,15065220,15476104,151044,0.95,49416,614116,199948,1.25,206456,510428,36
fog-k3s-master1,1,2026-06-06 08:37:37 UTC,15065220,15476104,151032,0.94,49416,614128,199948,1.25,206456,510428,48
fog-k3s-master1,1,2026-06-06 08:37:38 UTC,15065220,15476104,151020,0.94,49416,614140,199948,1.25,206456,510428,60
fog-k3s-master1,1,2026-06-06 08:37:39 UTC,15065220,15476156,151004,0.94,49424,614148,199948,1.25,206456,510480,196
fog-k3s-master1,1,2026-06-06 08:37:40 UTC,15065220,15476168,150992,0.94,49424,614160,199948,1.25,206456,510492,40
fog-k3s-master1,1,2026-06-06 08:37:41 UTC,15065220,15476168,150984,0.94,49424,614168,199948,1.25,206456,510492,48
fog-k3s-master1,1,2026-06-06 08:37:42 UTC,15065220,15476168,150972,0.94,49424,614180,199948,1.25,206456,510492,60
fog-k3s-master1,1,2026-06-06 08:37:43 UTC,15065220,15476168,150964,0.94,49424,614188,199948,1.25,206456,510492,68
fog-k3s-master1,1,2026-06-06 08:37:44 UTC,15065220,15476168,150944,0.94,49432,614200,199948,1.25,206456,510492,80
fog-k3s-master1,1,2026-06-06 08:37:45 UTC,15065220,15476216,150936,0.94,49432,614208,199948,1.25,206456,510540,172
fog-k3s-master1,1,2026-06-06 08:37:46 UTC,15065220,15476216,150924,0.94,49432,614220,199948,1.25,206456,510540,188
fog-k3s-master1,1,2026-06-06 08:37:47 UTC,15065220,15476216,150916,0.94,49432,614228,199948,1.25,206456,510540,196
fog-k3s-master1,1,2026-06-06 08:37:48 UTC,15065220,15476216,150904,0.94,49432,614240,199948,1.25,206456,510540,208
fog-k3s-master1,1,2026-06-06 08:37:49 UTC,15065220,15476256,150888,0.94,49440,614248,199948,1.25,206456,510580,68
fog-k3s-master1,1,2026-06-06 08:37:50 UTC,15065220,15476256,150876,0.94,49440,614260,199948,1.25,206456,510580,80
fog-k3s-master1,1,2026-06-06 08:37:51 UTC,15065220,15476256,150860,0.94,49440,614272,199948,1.25,206456,510580,92
fog-k3s-master1,1,2026-06-06 08:37:52 UTC,15065220,15476292,150852,0.94,49440,614280,199948,1.25,206456,510616,36
fog-k3s-master1,1,2026-06-06 08:37:53 UTC,15064464,15475580,151596,0.95,49440,614292,202924,1.27,207496,510660,48
fog-k3s-master1,1,2026-06-06 08:37:54 UTC,15064240,15475364,151800,0.95,49448,614300,203132,1.27,208120,510668,268
fog-k3s-master1,1,2026-06-06 08:37:55 UTC,15064240,15475376,151788,0.95,49448,614312,203132,1.27,208120,510680,52
fog-k3s-master1,1,2026-06-06 08:37:56 UTC,15064240,15475376,151780,0.95,49448,614320,203132,1.27,208120,510680,64
fog-k3s-master1,1,2026-06-06 08:37:57 UTC,15068192,15479348,147816,0.92,49448,614332,199948,1.25,206432,510700,152
fog-k3s-master1,1,2026-06-06 08:37:58 UTC,15067564,15478720,148436,0.93,49448,614340,199948,1.25,206432,510700,164
fog-k3s-master1,1,2026-06-06 08:37:59 UTC,15067564,15478740,148416,0.93,49456,614352,199948,1.25,206432,510720,308
fog-k3s-master1,1,2026-06-06 08:38:00 UTC,15067564,15478740,148408,0.93,49456,614360,199948,1.25,206432,510720,316
fog-k3s-master1,1,2026-06-06 08:38:01 UTC,15067564,15478740,148396,0.93,49456,614372,199948,1.25,206432,510720,328
fog-k3s-master1,1,2026-06-06 08:38:02 UTC,15067564,15478740,148384,0.93,49456,614384,199948,1.25,206432,510720,340
fog-k3s-master1,1,2026-06-06 08:38:03 UTC,15067564,15478756,148376,0.93,49456,614392,199948,1.25,206456,510736,36
fog-k3s-master1,1,2026-06-06 08:38:04 UTC,15067564,15478756,148356,0.93,49464,614404,199948,1.25,206456,510736,56
fog-k3s-master1,1,2026-06-06 08:38:05 UTC,15067564,15478824,148348,0.93,49464,614412,199948,1.25,206456,510804,196
fog-k3s-master1,1,2026-06-06 08:38:06 UTC,15066556,15477820,149340,0.93,49464,614424,199948,1.25,206456,510804,208
fog-k3s-master1,1,2026-06-06 08:38:07 UTC,15066556,15477820,149332,0.93,49464,614432,199948,1.25,206456,510804,216
fog-k3s-master1,1,2026-06-06 08:38:08 UTC,15066556,15477820,149320,0.93,49464,614444,199948,1.25,206456,510804,228
fog-k3s-master1,1,2026-06-06 08:38:09 UTC,15066556,15477860,149312,0.93,49472,614444,199948,1.25,206456,510844,0
fog-k3s-master1,1,2026-06-06 08:38:10 UTC,15066556,15477868,149292,0.93,49472,614464,199948,1.25,206456,510852,40
fog-k3s-master1,1,2026-06-06 08:38:11 UTC,15066556,15477868,149284,0.93,49472,614472,199948,1.25,206456,510852,48
fog-k3s-master1,1,2026-06-06 08:38:12 UTC,15066556,15477868,149272,0.93,49472,614484,199948,1.25,206456,510852,60
fog-k3s-master1,1,2026-06-06 08:38:13 UTC,15066556,15477868,149264,0.93,49472,614492,199948,1.25,206456,510852,68
fog-k3s-master1,1,2026-06-06 08:38:14 UTC,15066556,15477920,149244,0.93,49480,614504,199948,1.25,206456,510904,232
fog-k3s-master1,1,2026-06-06 08:38:15 UTC,15066556,15477940,149232,0.93,49480,614516,199948,1.25,206456,510924,4
fog-k3s-master1,1,2026-06-06 08:38:16 UTC,15066556,15477940,149224,0.93,49480,614524,199948,1.25,206456,510924,16
fog-k3s-master1,1,2026-06-06 08:38:17 UTC,15066556,15477940,149212,0.93,49480,614536,199948,1.25,206456,510924,28
fog-k3s-master1,1,2026-06-06 08:38:18 UTC,15066556,15477940,149204,0.93,49480,614544,199948,1.25,206456,510924,36
fog-k3s-master1,1,2026-06-06 08:38:19 UTC,15066556,15477940,149192,0.93,49488,614548,199948,1.25,206456,510924,48
fog-k3s-master1,1,2026-06-06 08:38:20 UTC,15066556,15477948,149176,0.93,49488,614564,199948,1.25,206456,510932,248
fog-k3s-master1,1,2026-06-06 08:38:21 UTC,15066556,15478008,149160,0.93,49488,614576,199948,1.25,206456,510992,196
fog-k3s-master1,1,2026-06-06 08:38:22 UTC,15066556,15478008,149152,0.93,49488,614584,199948,1.25,206456,510992,208
fog-k3s-master1,1,2026-06-06 08:38:23 UTC,15066556,15478008,149140,0.93,49488,614596,199948,1.25,206456,510992,220
fog-k3s-master1,1,2026-06-06 08:38:24 UTC,15066556,15478008,149132,0.93,49496,614596,199948,1.25,206456,510992,228
fog-k3s-master1,1,2026-06-06 08:38:25 UTC,15066556,15478056,149112,0.93,49496,614616,199948,1.25,206456,511040,48
fog-k3s-master1,1,2026-06-06 08:38:26 UTC,15064540,15476040,151116,0.95,49496,614628,199948,1.25,206456,511040,60
fog-k3s-master1,1,2026-06-06 08:38:27 UTC,15064540,15476060,151108,0.95,49496,614636,199948,1.25,206456,511060,4
fog-k3s-master1,1,2026-06-06 08:38:28 UTC,15064540,15476060,151096,0.95,49496,614648,199948,1.25,206456,511060,20
fog-k3s-master1,1,2026-06-06 08:38:29 UTC,15062304,15473844,153324,0.96,49504,614648,203400,1.27,207824,511080,292
fog-k3s-master1,1,2026-06-06 08:38:30 UTC,15062304,15473844,153312,0.96,49504,614660,203400,1.27,207824,511080,304
fog-k3s-master1,1,2026-06-06 08:38:31 UTC,15067524,15479072,148072,0.93,49504,614676,199948,1.25,206564,511088,216
fog-k3s-master1,1,2026-06-06 08:38:32 UTC,15066932,15478500,148652,0.93,49504,614688,199948,1.25,206428,511108,228
fog-k3s-master1,1,2026-06-06 08:38:33 UTC,15066932,15478500,148644,0.93,49504,614696,199948,1.25,206428,511108,236
fog-k3s-master1,1,2026-06-06 08:38:34 UTC,15066932,15478540,148624,0.93,49512,614708,199948,1.25,206428,511148,256
fog-k3s-master1,1,2026-06-06 08:38:35 UTC,15066932,15478540,148616,0.93,49512,614716,199948,1.25,206428,511148,264
fog-k3s-master1,1,2026-06-06 08:38:36 UTC,15066932,15478540,148604,0.93,49512,614728,199948,1.25,206428,511148,276
fog-k3s-master1,1,2026-06-06 08:38:37 UTC,15065924,15477536,149600,0.94,49512,614736,199948,1.25,206428,511148,284
fog-k3s-master1,1,2026-06-06 08:38:38 UTC,15065924,15477536,149588,0.94,49512,614748,199948,1.25,206456,511148,56
fog-k3s-master1,1,2026-06-06 08:38:39 UTC,15065924,15477536,149568,0.94,49520,614760,199948,1.25,206456,511148,196
fog-k3s-master1,1,2026-06-06 08:38:40 UTC,15065924,15477596,149560,0.94,49520,614768,199948,1.25,206456,511208,208
fog-k3s-master1,1,2026-06-06 08:38:41 UTC,15065924,15477596,149548,0.94,49520,614780,199948,1.25,206456,511208,220
fog-k3s-master1,1,2026-06-06 08:38:42 UTC,15065924,15477596,149540,0.94,49520,614788,199948,1.25,206456,511208,228
fog-k3s-master1,1,2026-06-06 08:38:43 UTC,15065924,15477596,149528,0.94,49520,614800,199948,1.25,206456,511208,240
fog-k3s-master1,1,2026-06-06 08:38:44 UTC,15065924,15477596,149520,0.94,49528,614800,199948,1.25,206456,511208,248
fog-k3s-master1,1,2026-06-06 08:38:45 UTC,15065924,15477648,149500,0.94,49528,614820,199948,1.25,206456,511260,0
fog-k3s-master1,1,2026-06-06 08:38:46 UTC,15065924,15477648,149492,0.94,49528,614828,199948,1.25,206456,511260,12
fog-k3s-master1,1,2026-06-06 08:38:47 UTC,15065924,15477648,149480,0.94,49528,614840,199948,1.25,206456,511260,24
fog-k3s-master1,1,2026-06-06 08:38:48 UTC,15065924,15477648,149472,0.94,49528,614848,199948,1.25,206456,511260,32
fog-k3s-master1,1,2026-06-06 08:38:49 UTC,15065924,15477648,149460,0.94,49536,614852,199948,1.25,206456,511260,44
fog-k3s-master1,1,2026-06-06 08:38:50 UTC,15065924,15477648,149440,0.93,49536,614872,199948,1.25,206456,511260,252
fog-k3s-master1,1,2026-06-06 08:38:51 UTC,15065924,15477708,149432,0.93,49536,614880,199948,1.25,206456,511320,28
fog-k3s-master1,1,2026-06-06 08:38:52 UTC,15065924,15477708,149416,0.93,49536,614892,199948,1.25,206456,511320,44
fog-k3s-master1,1,2026-06-06 08:38:53 UTC,15065924,15477708,149408,0.93,49536,614900,199948,1.25,206456,511320,52
fog-k3s-master1,1,2026-06-06 08:38:54 UTC,15065924,15477740,149396,0.93,49544,614904,199948,1.25,206456,511352,60
fog-k3s-master1,1,2026-06-06 08:38:55 UTC,15065924,15477740,149380,0.93,49544,614920,199948,1.25,206456,511352,216
fog-k3s-master1,1,2026-06-06 08:38:56 UTC,15065924,15477740,149368,0.93,49544,614932,199948,1.25,206456,511352,228
fog-k3s-master1,1,2026-06-06 08:38:57 UTC,15065924,15477768,149360,0.93,49544,614940,199948,1.25,206456,511380,172
fog-k3s-master1,1,2026-06-06 08:38:58 UTC,15065924,15477768,149348,0.93,49544,614952,199948,1.25,206456,511380,188
fog-k3s-master1,1,2026-06-06 08:38:59 UTC,15065924,15477768,149332,0.93,49552,614960,199948,1.25,206456,511380,236
fog-k3s-master1,1,2026-06-06 08:39:00 UTC,15065924,15477768,149320,0.93,49552,614972,199948,1.25,206456,511380,248
fog-k3s-master1,1,2026-06-06 08:39:01 UTC,15065924,15477768,149308,0.93,49552,614984,199948,1.25,206456,511380,76
fog-k3s-master1,1,2026-06-06 08:39:02 UTC,15063908,15475752,151316,0.95,49552,614992,199948,1.25,206456,511380,84
fog-k3s-master1,1,2026-06-06 08:39:03 UTC,15063908,15475812,151304,0.95,49552,615004,199948,1.25,206456,511440,28
fog-k3s-master1,1,2026-06-06 08:39:04 UTC,15063908,15475824,151288,0.95,49560,615012,199948,1.25,206456,511452,180
fog-k3s-master1,1,2026-06-06 08:39:05 UTC,15063908,15475824,151276,0.95,49560,615024,199948,1.25,206456,511452,24
fog-k3s-master1,1,2026-06-06 08:39:06 UTC,15063908,15475824,151268,0.95,49560,615032,199948,1.25,206456,511452,32
fog-k3s-master1,1,2026-06-06 08:39:07 UTC,15063908,15475828,151252,0.95,49560,615044,199948,1.25,206456,511452,44
fog-k3s-master1,1,2026-06-06 08:39:08 UTC,15063908,15475828,151244,0.95,49560,615052,199948,1.25,206456,511452,52
fog-k3s-master1,1,2026-06-06 08:39:09 UTC,15063908,15475828,151232,0.95,49568,615056,199948,1.25,206456,511452,64
fog-k3s-master1,1,2026-06-06 08:39:10 UTC,15063908,15475888,151216,0.95,49568,615072,199948,1.25,206456,511512,212
fog-k3s-master1,1,2026-06-06 08:39:11 UTC,15063908,15475888,151204,0.95,49568,615084,199948,1.25,206456,511512,224
fog-k3s-master1,1,2026-06-06 08:39:12 UTC,15063908,15475888,151196,0.95,49568,615092,199948,1.25,206456,511512,232
fog-k3s-master1,1,2026-06-06 08:39:13 UTC,15063908,15475888,151184,0.95,49568,615104,199948,1.25,206456,511512,244
fog-k3s-master1,1,2026-06-06 08:39:14 UTC,15063908,15475888,151172,0.95,49576,615108,199948,1.25,206456,511512,256
fog-k3s-master1,1,2026-06-06 08:39:15 UTC,15063908,15475896,151156,0.95,49576,615124,199948,1.25,206456,511520,0
fog-k3s-master1,1,2026-06-06 08:39:16 UTC,15061640,15473744,153416,0.96,49576,615136,199948,1.25,206436,511636,164
fog-k3s-master1,1,2026-06-06 08:39:17 UTC,15061640,15473744,153408,0.96,49576,615144,199948,1.25,206436,511636,172
fog-k3s-master1,1,2026-06-06 08:39:18 UTC,15061640,15473744,153396,0.96,49576,615156,199948,1.25,206436,511636,184
fog-k3s-master1,1,2026-06-06 08:39:19 UTC,15061640,15473744,153388,0.96,49584,615156,199948,1.25,206436,511636,192
fog-k3s-master1,1,2026-06-06 08:39:20 UTC,15061640,15473744,153376,0.96,49584,615168,199948,1.25,206436,511636,204
fog-k3s-master1,1,2026-06-06 08:39:21 UTC,15057608,15469712,157392,0.98,49584,615184,199948,1.25,206436,511636,32
fog-k3s-master1,1,2026-06-06 08:39:22 UTC,15057608,15469772,157380,0.98,49584,615196,199948,1.25,206436,511696,48
fog-k3s-master1,1,2026-06-06 08:39:23 UTC,15057608,15469772,157368,0.98,49584,615204,199948,1.25,206436,511696,56
fog-k3s-master1,1,2026-06-06 08:39:24 UTC,15057136,15469340,157820,0.99,49592,615216,202800,1.27,207816,511736,208
fog-k3s-master1,1,2026-06-06 08:39:25 UTC,15057136,15469352,157808,0.99,49592,615228,203136,1.27,208084,511748,288
fog-k3s-master1,1,2026-06-06 08:39:26 UTC,15057136,15469352,157800,0.99,49592,615236,203136,1.27,208084,511748,296
fog-k3s-master1,1,2026-06-06 08:39:27 UTC,15057136,15469372,157788,0.99,49592,615248,203136,1.27,208132,511768,244
fog-k3s-master1,1,2026-06-06 08:39:28 UTC,15057136,15469372,157780,0.99,49592,615256,203136,1.27,208132,511768,284
fog-k3s-master1,1,2026-06-06 08:39:29 UTC,15057136,15469372,157760,0.99,49600,615268,203136,1.27,208132,511768,340
fog-k3s-master1,1,2026-06-06 08:39:30 UTC,15064176,15476448,150720,0.94,49600,615276,199948,1.25,206456,511804,220
fog-k3s-master1,1,2026-06-06 08:39:31 UTC,15063568,15475840,151316,0.95,49600,615288,199948,1.25,206456,511804,232
fog-k3s-master1,1,2026-06-06 08:39:32 UTC,15063568,15475840,151308,0.95,49600,615296,199948,1.25,206456,511804,224
fog-k3s-master1,1,2026-06-06 08:39:33 UTC,15063568,15475840,151296,0.95,49600,615308,199948,1.25,206456,511804,168
fog-k3s-master1,1,2026-06-06 08:39:34 UTC,15063568,15475840,151288,0.95,49600,615316,199948,1.25,206456,511804,180
fog-k3s-master1,1,2026-06-06 08:39:35 UTC,15063568,15475840,151268,0.95,49608,615328,199948,1.25,206456,511804,64
fog-k3s-master1,1,2026-06-06 08:39:36 UTC,15063568,15475900,151260,0.95,49608,615336,199948,1.25,206456,511864,72
fog-k3s-master1,1,2026-06-06 08:39:37 UTC,15063568,15475900,151248,0.95,49608,615348,199948,1.25,206456,511864,84
fog-k3s-master1,1,2026-06-06 08:39:38 UTC,15062560,15474896,152240,0.95,49608,615360,199948,1.25,206456,511864,96
fog-k3s-master1,1,2026-06-06 08:39:39 UTC,15062560,15474928,152224,0.95,49616,615368,199948,1.25,206456,511896,212
fog-k3s-master1,1,2026-06-06 08:39:40 UTC,15062560,15474928,152212,0.95,49616,615380,199948,1.25,206456,511896,188
fog-k3s-master1,1,2026-06-06 08:39:41 UTC,15062560,15474928,152204,0.95,49616,615388,199948,1.25,206456,511896,196
fog-k3s-master1,1,2026-06-06 08:39:42 UTC,15062560,15474928,152192,0.95,49616,615400,199948,1.25,206456,511896,208
fog-k3s-master1,1,2026-06-06 08:39:43 UTC,15062560,15474928,152184,0.95,49616,615408,199948,1.25,206456,511896,216
fog-k3s-master1,1,2026-06-06 08:39:44 UTC,15062560,15474980,152172,0.95,49624,615412,199948,1.25,206456,511948,224
fog-k3s-master1,1,2026-06-06 08:39:45 UTC,15062560,15474988,152156,0.95,49624,615428,199948,1.25,206456,511956,12
fog-k3s-master1,1,2026-06-06 08:39:46 UTC,15062560,15474988,152144,0.95,49624,615440,199948,1.25,206456,511956,28
fog-k3s-master1,1,2026-06-06 08:39:47 UTC,15062560,15474988,152136,0.95,49624,615448,199948,1.25,206456,511956,36
fog-k3s-master1,1,2026-06-06 08:39:48 UTC,15062560,15474988,152124,0.95,49624,615460,199948,1.25,206456,511956,48
fog-k3s-master1,1,2026-06-06 08:39:49 UTC,15062308,15474740,152348,0.95,49632,615472,199948,1.25,206456,511956,248
fog-k3s-master1,1,2026-06-06 08:39:50 UTC,15062308,15474792,152340,0.95,49632,615480,199948,1.25,206456,512008,60
fog-k3s-master1,1,2026-06-06 08:39:51 UTC,15062308,15474804,152328,0.95,49632,615492,199948,1.25,206456,512020,4
fog-k3s-master1,1,2026-06-06 08:39:52 UTC,15062308,15474804,152320,0.95,49632,615500,199948,1.25,206456,512020,16
fog-k3s-master1,1,2026-06-06 08:39:53 UTC,15062308,15474804,152304,0.95,49632,615512,199948,1.25,206456,512020,28
fog-k3s-master1,1,2026-06-06 08:39:54 UTC,15062308,15474804,152296,0.95,49640,615512,199948,1.25,206456,512020,36
fog-k3s-master1,1,2026-06-06 08:39:55 UTC,15062308,15474804,152284,0.95,49640,615524,199948,1.25,206456,512020,48
fog-k3s-master1,1,2026-06-06 08:39:56 UTC,15062308,15474804,152268,0.95,49640,615540,199948,1.25,206456,512020,248
fog-k3s-master1,1,2026-06-06 08:39:57 UTC,15062308,15474864,152256,0.95,49640,615552,199948,1.25,206456,512080,196
fog-k3s-master1,1,2026-06-06 08:39:58 UTC,15058056,15470620,156500,0.98,49640,615560,202800,1.27,207512,512088,208
fog-k3s-master1,1,2026-06-06 08:39:59 UTC,15058056,15470672,156480,0.98,49648,615572,203400,1.27,208108,512140,36
fog-k3s-master1,1,2026-06-06 08:40:00 UTC,15058056,15470672,156472,0.98,49648,615580,203400,1.27,208108,512140,44
fog-k3s-master1,1,2026-06-06 08:40:01 UTC,15058056,15470672,156460,0.98,49648,615592,203400,1.27,208108,512140,56
fog-k3s-master1,1,2026-06-06 08:40:02 UTC,15058056,15470696,156448,0.98,49648,615604,203400,1.27,208144,512164,192
fog-k3s-master1,1,2026-06-06 08:40:03 UTC,15060692,15473492,153660,0.96,49648,615740,199948,1.25,206568,512188,244
fog-k3s-master1,1,2026-06-06 08:40:04 UTC,15060692,15473492,153636,0.96,49656,615756,199948,1.25,206568,512188,68
fog-k3s-master1,1,2026-06-06 08:40:05 UTC,15060692,15473492,153628,0.96,49656,615764,199948,1.25,206568,512188,76
fog-k3s-master1,1,2026-06-06 08:40:06 UTC,15060692,15473492,153616,0.96,49656,615776,199948,1.25,206568,512188,88
fog-k3s-master1,1,2026-06-06 08:40:07 UTC,15060692,15473492,153608,0.96,49656,615784,199948,1.25,206568,512188,84
fog-k3s-master1,1,2026-06-06 08:40:08 UTC,15060692,15473492,153596,0.96,49656,615796,199948,1.25,206568,512188,96
fog-k3s-master1,1,2026-06-06 08:40:09 UTC,15060440,15473304,153836,0.96,49664,615796,199948,1.25,206568,512248,36
fog-k3s-master1,1,2026-06-06 08:40:10 UTC,15060440,15473304,153816,0.96,49664,615816,199948,1.25,206568,512248,20
fog-k3s-master1,1,2026-06-06 08:40:11 UTC,15060440,15473304,153808,0.96,49664,615824,199948,1.25,206568,512248,28
fog-k3s-master1,1,2026-06-06 08:40:12 UTC,15060440,15473304,153796,0.96,49664,615836,199948,1.25,206568,512248,40
fog-k3s-master1,1,2026-06-06 08:40:13 UTC,15060440,15473304,153784,0.96,49664,615848,199948,1.25,206568,512248,52
fog-k3s-master1,1,2026-06-06 08:40:14 UTC,15060440,15473304,153776,0.96,49672,615848,199948,1.25,206568,512248,60
fog-k3s-master1,1,2026-06-06 08:40:15 UTC,15060440,15473364,153756,0.96,49672,615868,199948,1.25,206568,512308,252
fog-k3s-master1,1,2026-06-06 08:40:16 UTC,15060440,15473364,153748,0.96,49672,615876,199948,1.25,206568,512308,264
fog-k3s-master1,1,2026-06-06 08:40:17 UTC,15060440,15473364,153736,0.96,49672,615888,199948,1.25,206568,512308,204
fog-k3s-master1,1,2026-06-06 08:40:18 UTC,15060440,15473364,153728,0.96,49672,615896,199948,1.25,206568,512308,212
fog-k3s-master1,1,2026-06-06 08:40:19 UTC,15060440,15473364,153716,0.96,49680,615900,199948,1.25,206568,512308,200
fog-k3s-master1,1,2026-06-06 08:40:20 UTC,15060440,15473364,153708,0.96,49680,615908,199948,1.25,206568,512308,208
fog-k3s-master1,1,2026-06-06 08:40:21 UTC,15060440,15473424,153688,0.96,49680,615928,199948,1.25,206568,512368,4
fog-k3s-master1,1,2026-06-06 08:40:22 UTC,15060440,15473424,153680,0.96,49680,615936,199948,1.25,206568,512368,16
fog-k3s-master1,1,2026-06-06 08:40:23 UTC,15060440,15473424,153668,0.96,49680,615948,199948,1.25,206568,512368,28
fog-k3s-master1,1,2026-06-06 08:40:24 UTC,15060440,15473424,153648,0.96,49688,615956,199948,1.25,206568,512368,224
fog-k3s-master1,1,2026-06-06 08:40:25 UTC,15060440,15473424,153636,0.96,49688,615968,199948,1.25,206568,512368,64
fog-k3s-master1,1,2026-06-06 08:40:26 UTC,15060440,15473424,153624,0.96,49688,615980,199948,1.25,206568,512368,76
fog-k3s-master1,1,2026-06-06 08:40:27 UTC,15060440,15473484,153616,0.96,49688,615988,199948,1.25,206568,512428,20
fog-k3s-master1,1,2026-06-06 08:40:28 UTC,15060440,15473484,153604,0.96,49688,616000,199948,1.25,206568,512428,36
fog-k3s-master1,1,2026-06-06 08:40:29 UTC,15060440,15473484,153596,0.96,49696,616000,199948,1.25,206568,512428,44
fog-k3s-master1,1,2026-06-06 08:40:30 UTC,15060440,15473528,153576,0.96,49696,616020,199948,1.25,206584,512472,208
fog-k3s-master1,1,2026-06-06 08:40:31 UTC,15060440,15473528,153568,0.96,49696,616028,199948,1.25,206584,512472,216
fog-k3s-master1,1,2026-06-06 08:40:32 UTC,15060440,15473528,153556,0.96,49696,616040,199948,1.25,206584,512472,228
fog-k3s-master1,1,2026-06-06 08:40:33 UTC,15060440,15473588,153548,0.96,49696,616048,199948,1.25,206584,512532,236
fog-k3s-master1,1,2026-06-06 08:40:34 UTC,15060440,15473588,153528,0.96,49704,616060,199948,1.25,206584,512532,224
fog-k3s-master1,1,2026-06-06 08:40:35 UTC,15060440,15473588,153520,0.96,49704,616068,199948,1.25,206584,512532,52
fog-k3s-master1,1,2026-06-06 08:40:36 UTC,15060440,15473588,153508,0.96,49704,616080,199948,1.25,206584,512532,64
fog-k3s-master1,1,2026-06-06 08:40:37 UTC,15060440,15473588,153496,0.96,49704,616092,199948,1.25,206584,512532,72
fog-k3s-master1,1,2026-06-06 08:40:38 UTC,15060440,15473588,153488,0.96,49704,616100,199948,1.25,206584,512532,80
fog-k3s-master1,1,2026-06-06 08:40:39 UTC,15060440,15473652,153472,0.96,49712,616104,199948,1.25,206584,512592,92
fog-k3s-master1,1,2026-06-06 08:40:40 UTC,15060440,15473652,153464,0.96,49712,616112,199948,1.25,206584,512592,104
fog-k3s-master1,1,2026-06-06 08:40:41 UTC,15060440,15473652,153444,0.96,49712,616132,199948,1.25,206584,512592,196
fog-k3s-master1,1,2026-06-06 08:40:42 UTC,15060440,15473652,153436,0.96,49712,616140,199948,1.25,206584,512592,204
fog-k3s-master1,1,2026-06-06 08:40:43 UTC,15060440,15473652,153424,0.96,49712,616152,199948,1.25,206584,512592,216
fog-k3s-master1,1,2026-06-06 08:40:44 UTC,15060440,15473652,153416,0.96,49720,616152,199948,1.25,206584,512592,224
fog-k3s-master1,1,2026-06-06 08:40:45 UTC,15060440,15473712,153396,0.96,49720,616172,199948,1.25,206584,512652,16
fog-k3s-master1,1,2026-06-06 08:40:46 UTC,15060440,15473712,153388,0.96,49720,616180,199948,1.25,206584,512652,28
fog-k3s-master1,1,2026-06-06 08:40:47 UTC,15060440,15473712,153376,0.96,49720,616192,199948,1.25,206584,512652,40
fog-k3s-master1,1,2026-06-06 08:40:48 UTC,15060440,15473712,153368,0.96,49720,616200,199948,1.25,206584,512652,48
fog-k3s-master1,1,2026-06-06 08:40:49 UTC,15060440,15473712,153356,0.96,49728,616204,199948,1.25,206584,512652,60
fog-k3s-master1,1,2026-06-06 08:40:50 UTC,15060440,15473772,153344,0.96,49728,616216,199948,1.25,206584,512712,72
fog-k3s-master1,1,2026-06-06 08:40:51 UTC,15060440,15473772,153328,0.96,49728,616232,199948,1.25,206584,512712,4
fog-k3s-master1,1,2026-06-06 08:40:52 UTC,15060440,15473772,153316,0.96,49728,616244,199948,1.25,206584,512712,20
fog-k3s-master1,1,2026-06-06 08:40:53 UTC,15060440,15473772,153308,0.96,49728,616252,199948,1.25,206584,512712,28
fog-k3s-master1,1,2026-06-06 08:40:54 UTC,15059936,15473268,153800,0.96,49736,616256,199948,1.25,206584,512712,40
fog-k3s-master1,1,2026-06-06 08:40:55 UTC,15059936,15473268,153780,0.96,49736,616272,199948,1.25,206584,512712,240
fog-k3s-master1,1,2026-06-06 08:40:56 UTC,15059936,15473328,153768,0.96,49736,616284,199948,1.25,206584,512772,252
fog-k3s-master1,1,2026-06-06 08:40:57 UTC,15059936,15473328,153760,0.96,49736,616292,199948,1.25,206584,512772,260
fog-k3s-master1,1,2026-06-06 08:40:58 UTC,15059936,15473328,153748,0.96,49736,616304,199948,1.25,206584,512772,276
fog-k3s-master1,1,2026-06-06 08:40:59 UTC,15059936,15473328,153740,0.96,49744,616304,199948,1.25,206584,512772,48
fog-k3s-master1,1,2026-06-06 08:41:00 UTC,15059936,15473328,153728,0.96,49744,616316,199948,1.25,206584,512772,60
fog-k3s-master1,1,2026-06-06 08:41:01 UTC,15059936,15473328,153708,0.96,49744,616336,199948,1.25,206584,512772,52
fog-k3s-master1,1,2026-06-06 08:41:02 UTC,15059936,15473388,153700,0.96,49744,616344,199948,1.25,206584,512832,60
fog-k3s-master1,1,2026-06-06 08:41:03 UTC,15059936,15473388,153688,0.96,49744,616356,199948,1.25,206584,512832,72
fog-k3s-master1,1,2026-06-06 08:41:04 UTC,15059432,15472944,154172,0.96,49752,616368,203400,1.27,208256,512892,340
fog-k3s-master1,1,2026-06-06 08:41:05 UTC,15059432,15472944,154160,0.96,49752,616380,203400,1.27,208256,512892,64
fog-k3s-master1,1,2026-06-06 08:41:06 UTC,15059432,15472952,154160,0.96,49752,616388,199948,1.25,206568,512900,228
fog-k3s-master1,1,2026-06-06 08:41:07 UTC,15059432,15472952,154148,0.96,49752,616400,199948,1.25,206568,512900,240
fog-k3s-master1,1,2026-06-06 08:41:08 UTC,15059432,15473012,154140,0.96,49752,616408,199948,1.25,206568,512960,248
fog-k3s-master1,1,2026-06-06 08:41:09 UTC,15059432,15473016,154116,0.96,49760,616420,199948,1.25,206568,512960,260
fog-k3s-master1,1,2026-06-06 08:41:10 UTC,15059432,15473016,154104,0.96,49760,616428,199948,1.25,206568,512960,272
fog-k3s-master1,1,2026-06-06 08:41:11 UTC,15059432,15473016,154092,0.96,49760,616440,199948,1.25,206568,512960,24
fog-k3s-master1,1,2026-06-06 08:41:12 UTC,15059432,15473016,154080,0.96,49760,616452,199948,1.25,206568,512960,36
fog-k3s-master1,1,2026-06-06 08:41:13 UTC,15059432,15473016,154072,0.96,49760,616460,199948,1.25,206568,512960,44
fog-k3s-master1,1,2026-06-06 08:41:14 UTC,15059432,15473076,154060,0.96,49768,616464,199948,1.25,206568,513020,56
fog-k3s-master1,1,2026-06-06 08:41:15 UTC,15059432,15473076,154044,0.96,49768,616480,199948,1.25,206568,513020,188
fog-k3s-master1,1,2026-06-06 08:41:16 UTC,15059432,15473076,154032,0.96,49768,616492,199948,1.25,206568,513020,204
fog-k3s-master1,1,2026-06-06 08:41:17 UTC,15059432,15473076,154024,0.96,49768,616500,199948,1.25,206568,513020,212
fog-k3s-master1,1,2026-06-06 08:41:18 UTC,15058424,15472068,155020,0.97,49768,616512,199948,1.25,206568,513020,224
fog-k3s-master1,1,2026-06-06 08:41:19 UTC,15058424,15472068,155004,0.97,49776,616520,199948,1.25,206568,513020,256
fog-k3s-master1,1,2026-06-06 08:41:20 UTC,15058424,15472152,154992,0.97,49776,616532,199948,1.25,206568,513104,80
fog-k3s-master1,1,2026-06-06 08:41:21 UTC,15058424,15472152,154984,0.97,49776,616540,199948,1.25,206568,513104,0
fog-k3s-master1,1,2026-06-06 08:41:22 UTC,15058424,15472152,154972,0.97,49776,616552,199948,1.25,206568,513104,16
fog-k3s-master1,1,2026-06-06 08:41:23 UTC,15058424,15472152,154964,0.97,49776,616560,199948,1.25,206568,513104,24
fog-k3s-master1,1,2026-06-06 08:41:24 UTC,15058424,15472152,154952,0.97,49784,616564,199948,1.25,206568,513104,36
fog-k3s-master1,1,2026-06-06 08:41:25 UTC,15058424,15472156,154928,0.97,49784,616584,199948,1.25,206568,513104,248
fog-k3s-master1,1,2026-06-06 08:41:26 UTC,15058424,15472216,154920,0.97,49784,616592,199948,1.25,206568,513164,256
fog-k3s-master1,1,2026-06-06 08:41:27 UTC,15058424,15472224,154908,0.97,49784,616604,199948,1.25,206568,513172,200
fog-k3s-master1,1,2026-06-06 08:41:28 UTC,15058424,15472224,154900,0.97,49784,616612,199948,1.25,206568,513172,212
fog-k3s-master1,1,2026-06-06 08:41:29 UTC,15058424,15472224,154888,0.97,49792,616616,199948,1.25,206568,513172,224
fog-k3s-master1,1,2026-06-06 08:41:30 UTC,15058424,15472232,154872,0.97,49792,616632,199948,1.25,206568,513180,32
fog-k3s-master1,1,2026-06-06 08:41:31 UTC,15058424,15472232,154860,0.97,49792,616644,199948,1.25,206568,513180,44
fog-k3s-master1,1,2026-06-06 08:41:32 UTC,15058424,15472292,154852,0.97,49792,616652,199948,1.25,206568,513240,52
fog-k3s-master1,1,2026-06-06 08:41:33 UTC,15058424,15472292,154840,0.97,49792,616664,199948,1.25,206568,513240,0
fog-k3s-master1,1,2026-06-06 08:41:34 UTC,15058424,15472292,154824,0.97,49800,616672,199948,1.25,206568,513240,36
fog-k3s-master1,1,2026-06-06 08:41:35 UTC,15058424,15472300,154812,0.97,49800,616684,199948,1.25,206568,513248,0
fog-k3s-master1,1,2026-06-06 08:41:36 UTC,15058424,15472300,154800,0.97,49800,616696,199948,1.25,206568,513248,64
fog-k3s-master1,1,2026-06-06 08:41:37 UTC,15058424,15472300,154792,0.97,49800,616704,199948,1.25,206568,513248,72
fog-k3s-master1,1,2026-06-06 08:41:38 UTC,15058424,15472360,154780,0.97,49800,616716,199948,1.25,206568,513308,84
fog-k3s-master1,1,2026-06-06 08:41:39 UTC,15058424,15472360,154764,0.97,49808,616724,199948,1.25,206568,513308,196
fog-k3s-master1,1,2026-06-06 08:41:40 UTC,15058424,15472368,154752,0.97,49808,616736,199948,1.25,206568,513316,184
fog-k3s-master1,1,2026-06-06 08:41:41 UTC,15058424,15472368,154740,0.97,49808,616744,199948,1.25,206568,513316,192
fog-k3s-master1,1,2026-06-06 08:41:42 UTC,15058424,15472368,154728,0.97,49808,616756,199948,1.25,206568,513316,204
fog-k3s-master1,1,2026-06-06 08:41:43 UTC,15056408,15470352,156736,0.98,49808,616764,199948,1.25,206568,513316,212
fog-k3s-master1,1,2026-06-06 08:41:44 UTC,15056408,15470412,156724,0.98,49816,616768,199948,1.25,206568,513376,224
fog-k3s-master1,1,2026-06-06 08:41:45 UTC,15055932,15469960,157184,0.98,49816,616784,202924,1.27,207896,513400,16
fog-k3s-master1,1,2026-06-06 08:41:46 UTC,15055932,15469972,157168,0.98,49816,616800,203396,1.27,208232,513412,224
fog-k3s-master1,1,2026-06-06 08:41:47 UTC,15055932,15469972,157160,0.98,49816,616808,203396,1.27,208232,513412,232
fog-k3s-master1,1,2026-06-06 08:41:48 UTC,15055932,15469972,157148,0.98,49816,616820,203396,1.27,208232,513412,244
fog-k3s-master1,1,2026-06-06 08:41:49 UTC,15059052,15473124,154016,0.96,49824,616824,199948,1.25,206592,513444,368
fog-k3s-master1,1,2026-06-06 08:41:50 UTC,15058340,15472412,154712,0.97,49824,616840,199948,1.25,206548,513444,60
fog-k3s-master1,1,2026-06-06 08:41:51 UTC,15058340,15472412,154700,0.97,49824,616852,199948,1.25,206548,513444,72
fog-k3s-master1,1,2026-06-06 08:41:52 UTC,15058340,15472412,154692,0.97,49824,616860,199948,1.25,206548,513444,84
fog-k3s-master1,1,2026-06-06 08:41:53 UTC,15058340,15472412,154680,0.97,49824,616872,199948,1.25,206548,513444,24
fog-k3s-master1,1,2026-06-06 08:41:54 UTC,15058340,15472412,154672,0.97,49832,616872,199948,1.25,206548,513444,32
fog-k3s-master1,1,2026-06-06 08:41:55 UTC,15058340,15472472,154652,0.97,49832,616892,199948,1.25,206548,513504,264
fog-k3s-master1,1,2026-06-06 08:41:56 UTC,15057332,15471468,155648,0.97,49832,616900,199948,1.25,206548,513504,272
fog-k3s-master1,1,2026-06-06 08:41:57 UTC,15057332,15471468,155636,0.97,49832,616912,199948,1.25,206548,513504,284
fog-k3s-master1,1,2026-06-06 08:41:58 UTC,15057332,15471484,155628,0.97,49832,616920,199948,1.25,206548,513520,232
fog-k3s-master1,1,2026-06-06 08:41:59 UTC,15056104,15470296,156844,0.98,49832,616932,202924,1.27,207760,513560,244
fog-k3s-master1,1,2026-06-06 08:42:00 UTC,15055096,15469312,157832,0.99,49840,616944,203132,1.27,208204,513584,180
fog-k3s-master1,1,2026-06-06 08:42:01 UTC,15054844,15469068,158076,0.99,49840,616952,203132,1.27,208316,513592,212
fog-k3s-master1,1,2026-06-06 08:42:02 UTC,15054844,15469068,158064,0.99,49840,616964,203132,1.27,208316,513592,240
fog-k3s-master1,1,2026-06-06 08:42:03 UTC,15058280,15472524,154620,0.97,49840,616972,199948,1.25,206552,513612,248
fog-k3s-master1,1,2026-06-06 08:42:04 UTC,15057620,15471864,155268,0.97,49840,616984,199948,1.25,206552,513612,320
fog-k3s-master1,1,2026-06-06 08:42:05 UTC,15057620,15471864,155252,0.97,49848,616992,199948,1.25,206552,513612,364
fog-k3s-master1,1,2026-06-06 08:42:06 UTC,15057620,15471864,155240,0.97,49848,617004,199948,1.25,206552,513612,84
fog-k3s-master1,1,2026-06-06 08:42:07 UTC,15057620,15471864,155232,0.97,49848,617012,199948,1.25,206552,513612,84
fog-k3s-master1,1,2026-06-06 08:42:08 UTC,15057620,15471864,155220,0.97,49848,617024,199948,1.25,206552,513612,92
fog-k3s-master1,1,2026-06-06 08:42:09 UTC,15057620,15471924,155212,0.97,49848,617032,199948,1.25,206552,513672,204
fog-k3s-master1,1,2026-06-06 08:42:10 UTC,15057620,15471936,155200,0.97,49848,617044,199948,1.25,206552,513684,188
fog-k3s-master1,1,2026-06-06 08:42:11 UTC,15057620,15471936,155184,0.97,49856,617052,199948,1.25,206552,513684,228
fog-k3s-master1,1,2026-06-06 08:42:12 UTC,15056612,15470928,156176,0.98,49856,617064,199948,1.25,206552,513684,240
fog-k3s-master1,1,2026-06-06 08:42:13 UTC,15056612,15470928,156164,0.98,49856,617076,199948,1.25,206552,513684,252
fog-k3s-master1,1,2026-06-06 08:42:14 UTC,15056612,15470968,156156,0.98,49856,617084,199948,1.25,206552,513724,256
fog-k3s-master1,1,2026-06-06 08:42:15 UTC,15056612,15470980,156144,0.98,49856,617096,199948,1.25,206584,513736,32
fog-k3s-master1,1,2026-06-06 08:42:16 UTC,15056612,15470980,156136,0.98,49856,617104,199948,1.25,206584,513736,12
fog-k3s-master1,1,2026-06-06 08:42:17 UTC,15056612,15470980,156124,0.98,49864,617108,199948,1.25,206584,513736,24
fog-k3s-master1,1,2026-06-06 08:42:18 UTC,15056612,15470980,156116,0.98,49864,617116,199948,1.25,206584,513736,32
fog-k3s-master1,1,2026-06-06 08:42:19 UTC,15056612,15470980,156096,0.98,49864,617136,199948,1.25,206584,513736,76
fog-k3s-master1,1,2026-06-06 08:42:20 UTC,15056612,15470980,156088,0.98,49864,617144,199948,1.25,206584,513736,88
fog-k3s-master1,1,2026-06-06 08:42:21 UTC,15056612,15471040,156076,0.98,49864,617156,199948,1.25,206584,513796,36
fog-k3s-master1,1,2026-06-06 08:42:22 UTC,15056864,15471292,155816,0.97,49864,617164,199948,1.25,206584,513796,16
fog-k3s-master1,1,2026-06-06 08:42:23 UTC,15056864,15471292,155804,0.97,49872,617168,199948,1.25,206584,513796,28
fog-k3s-master1,1,2026-06-06 08:42:24 UTC,15056864,15471292,155792,0.97,49872,617180,199948,1.25,206584,513796,40
fog-k3s-master1,1,2026-06-06 08:42:25 UTC,15056864,15471292,155776,0.97,49872,617196,199948,1.25,206584,513796,244
fog-k3s-master1,1,2026-06-06 08:42:26 UTC,15056864,15471292,155764,0.97,49872,617208,199948,1.25,206584,513796,252
fog-k3s-master1,1,2026-06-06 08:42:27 UTC,15056864,15471356,155752,0.97,49872,617216,199948,1.25,206584,513856,196
fog-k3s-master1,1,2026-06-06 08:42:28 UTC,15056864,15471396,155732,0.97,49880,617228,199948,1.25,206584,513896,188
fog-k3s-master1,1,2026-06-06 08:42:29 UTC,15056864,15471396,155724,0.97,49880,617236,199948,1.25,206584,513896,12
fog-k3s-master1,1,2026-06-06 08:42:30 UTC,15056864,15471396,155712,0.97,49880,617248,199948,1.25,206584,513896,24
fog-k3s-master1,1,2026-06-06 08:42:31 UTC,15056864,15471396,155704,0.97,49880,617256,199948,1.25,206584,513896,48
fog-k3s-master1,1,2026-06-06 08:42:32 UTC,15056864,15471396,155692,0.97,49880,617268,199948,1.25,206584,513896,60
fog-k3s-master1,1,2026-06-06 08:42:33 UTC,15056864,15471456,155684,0.97,49880,617276,199948,1.25,206584,513956,68
fog-k3s-master1,1,2026-06-06 08:42:34 UTC,15054848,15469440,157680,0.99,49888,617288,199948,1.25,206584,513956,212
fog-k3s-master1,1,2026-06-06 08:42:35 UTC,15054848,15469440,157672,0.99,49888,617296,199948,1.25,206584,513956,220
fog-k3s-master1,1,2026-06-06 08:42:36 UTC,15054848,15469440,157660,0.99,49888,617308,199948,1.25,206584,513956,232
fog-k3s-master1,1,2026-06-06 08:42:37 UTC,15054848,15469440,157648,0.99,49888,617320,199948,1.25,206584,513956,76
fog-k3s-master1,1,2026-06-06 08:42:38 UTC,15054848,15469440,157640,0.99,49888,617328,199948,1.25,206584,513956,84
fog-k3s-master1,1,2026-06-06 08:42:39 UTC,15054848,15469500,157628,0.99,49896,617332,199948,1.25,206584,514016,96
fog-k3s-master1,1,2026-06-06 08:42:40 UTC,15054848,15469500,157612,0.99,49896,617348,199948,1.25,206584,514016,212
fog-k3s-master1,1,2026-06-06 08:42:41 UTC,15054848,15469500,157600,0.99,49896,617360,199948,1.25,206584,514016,224
fog-k3s-master1,1,2026-06-06 08:42:42 UTC,15054848,15469500,157588,0.99,49896,617368,199948,1.25,206584,514016,232
fog-k3s-master1,1,2026-06-06 08:42:43 UTC,15054848,15469500,157576,0.99,49896,617380,199948,1.25,206584,514016,244
fog-k3s-master1,1,2026-06-06 08:42:44 UTC,15054848,15469500,157560,0.99,49904,617388,199948,1.25,206584,514016,264
fog-k3s-master1,1,2026-06-06 08:42:45 UTC,15054848,15469584,157548,0.99,49904,617400,199948,1.25,206584,514100,212
fog-k3s-master1,1,2026-06-06 08:42:46 UTC,15054848,15469584,157540,0.99,49904,617408,199948,1.25,206584,514100,12
fog-k3s-master1,1,2026-06-06 08:42:47 UTC,15054848,15469584,157528,0.99,49904,617420,199948,1.25,206584,514100,24
fog-k3s-master1,1,2026-06-06 08:42:48 UTC,15054848,15469584,157516,0.99,49904,617432,199948,1.25,206584,514100,36
fog-k3s-master1,1,2026-06-06 08:42:49 UTC,15054848,15469584,157508,0.99,49912,617432,199948,1.25,206584,514100,44
fog-k3s-master1,1,2026-06-06 08:42:50 UTC,15054848,15469584,157496,0.99,49912,617444,199948,1.25,206584,514100,56
fog-k3s-master1,1,2026-06-06 08:42:51 UTC,15054848,15469644,157480,0.99,49912,617460,199948,1.25,206584,514160,192
fog-k3s-master1,1,2026-06-06 08:42:52 UTC,15054848,15469644,157468,0.99,49912,617472,199948,1.25,206584,514160,208
fog-k3s-master1,1,2026-06-06 08:42:53 UTC,15050816,15465612,161492,1.01,49912,617480,199948,1.25,206584,514160,216
fog-k3s-master1,1,2026-06-06 08:42:54 UTC,15050816,15465664,161472,1.01,49920,617492,199948,1.25,206584,514212,108
fog-k3s-master1,1,2026-06-06 08:42:55 UTC,15050816,15465664,161464,1.01,49920,617500,199948,1.25,206584,514212,116
fog-k3s-master1,1,2026-06-06 08:42:56 UTC,15050816,15465664,161452,1.01,49920,617512,199948,1.25,206584,514212,128
fog-k3s-master1,1,2026-06-06 08:42:57 UTC,15050816,15465664,161444,1.01,49920,617520,199948,1.25,206584,514212,64
fog-k3s-master1,1,2026-06-06 08:42:58 UTC,15050816,15465668,161428,1.01,49920,617532,199948,1.25,206584,514212,16
fog-k3s-master1,1,2026-06-06 08:42:59 UTC,15050816,15465668,161420,1.01,49928,617532,199948,1.25,206584,514212,24
fog-k3s-master1,1,2026-06-06 08:43:00 UTC,15050816,15465728,161408,1.01,49928,617544,199948,1.25,206584,514272,36
fog-k3s-master1,1,2026-06-06 08:43:01 UTC,15050816,15465728,161384,1.01,49928,617564,199948,1.25,206584,514272,80
fog-k3s-master1,1,2026-06-06 08:43:02 UTC,15050816,15465728,161376,1.01,49928,617572,199948,1.25,206584,514272,88
fog-k3s-master1,1,2026-06-06 08:43:03 UTC,15049868,15464812,162304,1.02,49928,617584,205776,1.29,208420,514304,32
fog-k3s-master1,1,2026-06-06 08:43:04 UTC,15049616,15465184,161876,1.01,49936,618200,206376,1.29,209524,514928,336
fog-k3s-master1,1,2026-06-06 08:43:05 UTC,15049616,15465184,161864,1.01,49936,618212,206376,1.29,209572,514928,304
fog-k3s-master1,1,2026-06-06 08:43:06 UTC,15049616,15465184,161856,1.01,49936,618220,206376,1.29,209572,514928,328
fog-k3s-master1,1,2026-06-06 08:43:07 UTC,15049616,15465224,161872,1.01,49936,618232,202924,1.27,207888,514968,332
fog-k3s-master1,1,2026-06-06 08:43:08 UTC,15049364,15464980,162116,1.01,49936,618240,202924,1.27,207924,514976,380
fog-k3s-master1,1,2026-06-06 08:43:09 UTC,15049364,15464992,162104,1.01,49944,618244,202924,1.27,207948,514988,172
fog-k3s-master1,1,2026-06-06 08:43:10 UTC,15049364,15464992,162088,1.01,49944,618260,202924,1.27,207948,514988,224
fog-k3s-master1,1,2026-06-06 08:43:11 UTC,15049364,15464992,162076,1.01,49944,618272,202924,1.27,207948,514988,228
fog-k3s-master1,1,2026-06-06 08:43:12 UTC,15049364,15464992,162064,1.01,49944,618284,202924,1.27,207948,514988,240
fog-k3s-master1,1,2026-06-06 08:43:13 UTC,15049364,15464996,162052,1.01,49944,618292,202924,1.27,207948,514988,248
fog-k3s-master1,1,2026-06-06 08:43:14 UTC,15049364,15465048,162032,1.01,49952,618304,202924,1.27,207948,515040,96
fog-k3s-master1,1,2026-06-06 08:43:15 UTC,15049112,15464820,162248,1.02,49952,618312,206132,1.29,209596,515064,8
fog-k3s-master1,1,2026-06-06 08:43:16 UTC,15049112,15464832,162260,1.02,49952,618324,202924,1.27,207952,515076,24
fog-k3s-master1,1,2026-06-06 08:43:17 UTC,15055380,15471108,155980,0.98,49952,618332,202924,1.27,207896,515084,200
fog-k3s-master1,1,2026-06-06 08:43:18 UTC,15053052,15468792,158296,0.99,49952,618344,201436,1.26,207576,515096,252
fog-k3s-master1,1,2026-06-06 08:43:19 UTC,15063916,15479664,147456,0.92,49960,618344,199948,1.25,206552,515104,440
fog-k3s-master1,1,2026-06-06 08:43:20 UTC,15061852,15477608,149492,0.94,49960,618364,199948,1.25,206584,515104,96
fog-k3s-master1,1,2026-06-06 08:43:21 UTC,15061852,15477608,149484,0.94,49960,618372,199948,1.25,206584,515104,104
fog-k3s-master1,1,2026-06-06 08:43:22 UTC,15061852,15477616,149472,0.94,49960,618384,203400,1.27,208252,515112,228
fog-k3s-master1,1,2026-06-06 08:43:23 UTC,15061852,15477616,149456,0.94,49960,618400,203400,1.27,208252,515112,244
fog-k3s-master1,1,2026-06-06 08:43:24 UTC,15061852,15477616,149436,0.93,49968,618412,203400,1.27,208252,515112,364
fog-k3s-master1,1,2026-06-06 08:43:25 UTC,15061852,15477684,149424,0.93,49968,618424,199948,1.25,206608,515180,332
fog-k3s-master1,1,2026-06-06 08:43:26 UTC,15061852,15477684,149416,0.93,49968,618432,199948,1.25,206608,515180,60
fog-k3s-master1,1,2026-06-06 08:43:27 UTC,15061852,15477684,149404,0.93,49968,618444,199948,1.25,206560,515180,72
fog-k3s-master1,1,2026-06-06 08:43:28 UTC,15060844,15476676,150400,0.94,49968,618452,199948,1.25,206560,515180,84
fog-k3s-master1,1,2026-06-06 08:43:29 UTC,15060844,15476676,150388,0.94,49976,618456,199948,1.25,206560,515180,24
fog-k3s-master1,1,2026-06-06 08:43:30 UTC,15060844,15476676,150372,0.94,49976,618472,199948,1.25,206560,515180,248
fog-k3s-master1,1,2026-06-06 08:43:31 UTC,15060844,15476736,150360,0.94,49976,618484,199948,1.25,206560,515240,260
fog-k3s-master1,1,2026-06-06 08:43:32 UTC,15060844,15476736,150352,0.94,49976,618492,199948,1.25,206560,515240,268
fog-k3s-master1,1,2026-06-06 08:43:33 UTC,15060844,15476760,150340,0.94,49976,618504,199948,1.25,206560,515264,216
fog-k3s-master1,1,2026-06-06 08:43:34 UTC,15060844,15476784,150324,0.94,49984,618512,199948,1.25,206560,515288,0
fog-k3s-master1,1,2026-06-06 08:43:35 UTC,15060844,15476784,150312,0.94,49984,618524,199948,1.25,206560,515288,12
fog-k3s-master1,1,2026-06-06 08:43:36 UTC,15060844,15476784,150300,0.94,49984,618536,199948,1.25,206584,515288,36
fog-k3s-master1,1,2026-06-06 08:43:37 UTC,15060844,15476784,150292,0.94,49984,618544,199948,1.25,206584,515288,44
fog-k3s-master1,1,2026-06-06 08:43:38 UTC,15060844,15476784,150280,0.94,49984,618556,199948,1.25,206584,515288,56
fog-k3s-master1,1,2026-06-06 08:43:39 UTC,15060844,15476784,150264,0.94,49992,618564,199948,1.25,206584,515288,196
fog-k3s-master1,1,2026-06-06 08:43:40 UTC,15060844,15476844,150252,0.94,49992,618576,199948,1.25,206584,515348,44
fog-k3s-master1,1,2026-06-06 08:43:41 UTC,15060844,15476844,150244,0.94,49992,618584,199948,1.25,206584,515348,52
fog-k3s-master1,1,2026-06-06 08:43:42 UTC,15060844,15476844,150232,0.94,49992,618596,199948,1.25,206584,515348,64
fog-k3s-master1,1,2026-06-06 08:43:43 UTC,15060844,15476844,150224,0.94,49992,618604,199948,1.25,206584,515348,72
fog-k3s-master1,1,2026-06-06 08:43:44 UTC,15060844,15476848,150200,0.94,50000,618616,199948,1.25,206584,515348,84
fog-k3s-master1,1,2026-06-06 08:43:45 UTC,15060844,15476916,150192,0.94,50000,618624,199948,1.25,206584,515416,168
fog-k3s-master1,1,2026-06-06 08:43:46 UTC,15060844,15476916,150180,0.94,50000,618636,199948,1.25,206584,515416,184
fog-k3s-master1,1,2026-06-06 08:43:47 UTC,15060844,15476916,150168,0.94,50000,618648,199948,1.25,206584,515416,196
fog-k3s-master1,1,2026-06-06 08:43:48 UTC,15060844,15476916,150160,0.94,50000,618656,199948,1.25,206584,515416,204
fog-k3s-master1,1,2026-06-06 08:43:49 UTC,15058828,15474900,152152,0.95,50008,618668,199948,1.25,206584,515416,256
fog-k3s-master1,1,2026-06-06 08:43:50 UTC,15058828,15474900,152144,0.95,50008,618676,199948,1.25,206584,515416,84
fog-k3s-master1,1,2026-06-06 08:43:51 UTC,15058828,15474960,152132,0.95,50008,618688,199948,1.25,206584,515476,28
fog-k3s-master1,1,2026-06-06 08:43:52 UTC,15058828,15474960,152124,0.95,50008,618696,199948,1.25,206584,515476,40
fog-k3s-master1,1,2026-06-06 08:43:53 UTC,15058828,15474960,152112,0.95,50008,618708,199948,1.25,206584,515476,52
fog-k3s-master1,1,2026-06-06 08:43:54 UTC,15058828,15474960,152096,0.95,50016,618716,199948,1.25,206584,515476,64
fog-k3s-master1,1,2026-06-06 08:43:55 UTC,15058828,15474960,152084,0.95,50016,618728,199948,1.25,206584,515476,212
fog-k3s-master1,1,2026-06-06 08:43:56 UTC,15058828,15474960,152076,0.95,50016,618736,199948,1.25,206584,515476,220
fog-k3s-master1,1,2026-06-06 08:43:57 UTC,15058828,15475020,152064,0.95,50016,618748,199948,1.25,206584,515536,168
fog-k3s-master1,1,2026-06-06 08:43:58 UTC,15058828,15475020,152056,0.95,50016,618756,199948,1.25,206584,515536,180
fog-k3s-master1,1,2026-06-06 08:43:59 UTC,15056592,15472812,154268,0.97,50024,618768,202800,1.27,207932,515560,56
fog-k3s-master1,1,2026-06-06 08:44:00 UTC,15059724,15475956,151124,0.95,50024,618780,203400,1.27,208248,515572,244
fog-k3s-master1,1,2026-06-06 08:44:01 UTC,15059740,15475972,151100,0.95,50024,618788,203400,1.27,208248,515572,252
fog-k3s-master1,1,2026-06-06 08:44:02 UTC,15060968,15477232,149804,0.94,50024,618804,202800,1.27,207912,515604,312
fog-k3s-master1,1,2026-06-06 08:44:03 UTC,15060424,15476696,150336,0.94,50024,618812,203136,1.27,208172,515612,280
fog-k3s-master1,1,2026-06-06 08:44:04 UTC,15060424,15476708,150324,0.94,50024,618824,203136,1.27,208172,515624,288
fog-k3s-master1,1,2026-06-06 08:44:05 UTC,15060424,15476716,150308,0.94,50032,618832,203136,1.27,208172,515632,184
fog-k3s-master1,1,2026-06-06 08:44:06 UTC,15060424,15476716,150296,0.94,50032,618844,203136,1.27,208172,515632,200
fog-k3s-master1,1,2026-06-06 08:44:07 UTC,15060424,15476716,150288,0.94,50032,618852,203136,1.27,208172,515632,208
fog-k3s-master1,1,2026-06-06 08:44:08 UTC,15060424,15476716,150276,0.94,50032,618864,199948,1.25,206612,515632,220
fog-k3s-master1,1,2026-06-06 08:44:09 UTC,15060424,15476716,150292,0.94,50032,618872,199948,1.25,206540,515632,280
fog-k3s-master1,1,2026-06-06 08:44:10 UTC,15060424,15476716,150272,0.94,50040,618884,199948,1.25,206540,515632,260
fog-k3s-master1,1,2026-06-06 08:44:11 UTC,15061204,15477556,149480,0.94,50040,618896,199948,1.25,206588,515692,268
fog-k3s-master1,1,2026-06-06 08:44:12 UTC,15061204,15477556,149472,0.94,50040,618904,199948,1.25,206588,515692,276
fog-k3s-master1,1,2026-06-06 08:44:13 UTC,15061264,15477656,149400,0.93,50040,618916,199948,1.25,206588,515732,48
fog-k3s-master1,1,2026-06-06 08:44:14 UTC,15060256,15476648,150396,0.94,50040,618924,199948,1.25,206588,515732,228
fog-k3s-master1,1,2026-06-06 08:44:15 UTC,15060256,15476648,150384,0.94,50040,618936,199948,1.25,206588,515732,240
fog-k3s-master1,1,2026-06-06 08:44:16 UTC,15060256,15476648,150376,0.94,50048,618936,199948,1.25,206588,515732,252
fog-k3s-master1,1,2026-06-06 08:44:17 UTC,15060256,15476708,150356,0.94,50048,618956,199948,1.25,206588,515792,228
fog-k3s-master1,1,2026-06-06 08:44:18 UTC,15060256,15476708,150348,0.94,50048,618964,199948,1.25,206588,515792,236
fog-k3s-master1,1,2026-06-06 08:44:19 UTC,15060256,15476708,150336,0.94,50048,618976,199948,1.25,206588,515792,248
fog-k3s-master1,1,2026-06-06 08:44:20 UTC,15060256,15476708,150328,0.94,50048,618984,199948,1.25,206588,515792,256
fog-k3s-master1,1,2026-06-06 08:44:21 UTC,15060256,15476716,150316,0.94,50048,618996,199948,1.25,206588,515800,0
fog-k3s-master1,1,2026-06-06 08:44:22 UTC,15060256,15476716,150300,0.94,50056,619004,199948,1.25,206588,515800,44
fog-k3s-master1,1,2026-06-06 08:44:23 UTC,15060256,15476776,150288,0.94,50056,619016,199948,1.25,206588,515860,56
fog-k3s-master1,1,2026-06-06 08:44:24 UTC,15060256,15476776,150276,0.94,50056,619028,199948,1.25,206588,515860,68
fog-k3s-master1,1,2026-06-06 08:44:25 UTC,15060256,15476776,150268,0.94,50056,619036,199948,1.25,206588,515860,80
fog-k3s-master1,1,2026-06-06 08:44:26 UTC,15060256,15476776,150256,0.94,50056,619048,199948,1.25,206588,515860,92
fog-k3s-master1,1,2026-06-06 08:44:27 UTC,15060256,15476776,150248,0.94,50056,619056,199948,1.25,206588,515860,100
fog-k3s-master1,1,2026-06-06 08:44:28 UTC,15060256,15476784,150228,0.94,50064,619068,199948,1.25,206588,515868,48
fog-k3s-master1,1,2026-06-06 08:44:29 UTC,15060016,15476608,150440,0.94,50064,619076,199948,1.25,206588,515928,220
fog-k3s-master1,1,2026-06-06 08:44:30 UTC,15060016,15476616,150428,0.94,50064,619088,199948,1.25,206588,515936,228
fog-k3s-master1,1,2026-06-06 08:44:31 UTC,15060016,15476616,150420,0.94,50064,619096,199948,1.25,206588,515936,236
fog-k3s-master1,1,2026-06-06 08:44:32 UTC,15060016,15476616,150408,0.94,50064,619108,199948,1.25,206588,515936,248
fog-k3s-master1,1,2026-06-06 08:44:33 UTC,15058000,15474600,152416,0.95,50064,619116,199948,1.25,206588,515936,256
fog-k3s-master1,1,2026-06-06 08:44:34 UTC,15058000,15474600,152404,0.95,50072,619120,199948,1.25,206588,515936,272
fog-k3s-master1,1,2026-06-06 08:44:35 UTC,15058000,15474660,152384,0.95,50072,619140,199948,1.25,206588,515996,60
fog-k3s-master1,1,2026-06-06 08:44:36 UTC,15058000,15474660,152376,0.95,50072,619148,199948,1.25,206588,515996,68
fog-k3s-master1,1,2026-06-06 08:44:37 UTC,15058000,15474660,152364,0.95,50072,619160,199948,1.25,206588,515996,80
fog-k3s-master1,1,2026-06-06 08:44:38 UTC,15058000,15474660,152356,0.95,50072,619168,199948,1.25,206588,515996,88
fog-k3s-master1,1,2026-06-06 08:44:39 UTC,15058000,15474660,152344,0.95,50080,619172,199948,1.25,206588,515996,100
fog-k3s-master1,1,2026-06-06 08:44:40 UTC,15058000,15474676,152328,0.95,50080,619188,199948,1.25,206588,516012,32
fog-k3s-master1,1,2026-06-06 08:44:41 UTC,15058000,15474736,152316,0.95,50080,619200,199948,1.25,206588,516072,44
fog-k3s-master1,1,2026-06-06 08:44:42 UTC,15058000,15474736,152308,0.95,50080,619208,199948,1.25,206588,516072,52
fog-k3s-master1,1,2026-06-06 08:44:43 UTC,15058000,15474736,152296,0.95,50080,619220,199948,1.25,206588,516072,64
fog-k3s-master1,1,2026-06-06 08:44:44 UTC,15058000,15474736,152288,0.95,50088,619220,199948,1.25,206588,516072,72
fog-k3s-master1,1,2026-06-06 08:44:45 UTC,15058000,15474744,152264,0.95,50088,619240,199948,1.25,206588,516080,168
fog-k3s-master1,1,2026-06-06 08:44:46 UTC,15058000,15474744,152256,0.95,50088,619248,199948,1.25,206588,516080,180
fog-k3s-master1,1,2026-06-06 08:44:47 UTC,15058000,15474804,152244,0.95,50088,619260,199948,1.25,206588,516140,192
fog-k3s-master1,1,2026-06-06 08:44:48 UTC,15058000,15474804,152232,0.95,50088,619272,199948,1.25,206588,516140,204
fog-k3s-master1,1,2026-06-06 08:44:49 UTC,15058000,15474804,152224,0.95,50096,619272,199948,1.25,206588,516140,212
fog-k3s-master1,1,2026-06-06 08:44:50 UTC,15058000,15474844,152204,0.95,50096,619292,199948,1.25,206588,516180,256
fog-k3s-master1,1,2026-06-06 08:44:51 UTC,15058000,15474852,152196,0.95,50096,619300,199948,1.25,206588,516188,24
fog-k3s-master1,1,2026-06-06 08:44:52 UTC,15053968,15470820,156216,0.98,50096,619312,199948,1.25,206588,516188,40
fog-k3s-master1,1,2026-06-06 08:44:53 UTC,15053968,15470820,156208,0.98,50096,619320,199948,1.25,206588,516188,48
fog-k3s-master1,1,2026-06-06 08:44:54 UTC,15053968,15470820,156196,0.98,50104,619324,199948,1.25,206588,516188,60
fog-k3s-master1,1,2026-06-06 08:44:55 UTC,15053968,15470820,156180,0.98,50104,619340,199948,1.25,206588,516188,48
fog-k3s-master1,1,2026-06-06 08:44:56 UTC,15053968,15470820,156168,0.98,50104,619352,199948,1.25,206588,516188,60
fog-k3s-master1,1,2026-06-06 08:44:57 UTC,15053968,15470880,156160,0.98,50104,619360,199948,1.25,206588,516248,4
fog-k3s-master1,1,2026-06-06 08:44:58 UTC,15053968,15470880,156148,0.98,50104,619372,199948,1.25,206588,516248,20
fog-k3s-master1,1,2026-06-06 08:44:59 UTC,15053968,15470904,156128,0.98,50112,619384,199948,1.25,206588,516272,220
fog-k3s-master1,1,2026-06-06 08:45:00 UTC,15053968,15470908,156116,0.98,50112,619392,199948,1.25,206588,516272,228
fog-k3s-master1,1,2026-06-06 08:45:01 UTC,15053968,15470908,156104,0.98,50112,619404,199948,1.25,206588,516272,240
fog-k3s-master1,1,2026-06-06 08:45:02 UTC,15053968,15470908,156096,0.98,50112,619412,199948,1.25,206588,516272,248
fog-k3s-master1,1,2026-06-06 08:45:03 UTC,15053968,15470932,156084,0.98,50112,619424,199948,1.25,206568,516296,352
fog-k3s-master1,1,2026-06-06 08:45:04 UTC,15053968,15470932,156068,0.98,50120,619432,199948,1.25,206568,516296,128
fog-k3s-master1,1,2026-06-06 08:45:05 UTC,15053968,15470992,156056,0.98,50120,619444,199948,1.25,206568,516356,32
fog-k3s-master1,1,2026-06-06 08:45:06 UTC,15053968,15470992,156048,0.98,50120,619452,199948,1.25,206568,516356,40
fog-k3s-master1,1,2026-06-06 08:45:07 UTC,15053968,15470992,156036,0.98,50120,619464,199948,1.25,206568,516356,52
fog-k3s-master1,1,2026-06-06 08:45:08 UTC,15053968,15470992,156028,0.98,50120,619472,199948,1.25,206568,516356,60
fog-k3s-master1,1,2026-06-06 08:45:09 UTC,15053968,15471040,156008,0.98,50128,619484,199948,1.25,206568,516404,20
fog-k3s-master1,1,2026-06-06 08:45:10 UTC,15053968,15471048,156000,0.98,50128,619492,199948,1.25,206568,516412,36
fog-k3s-master1,1,2026-06-06 08:45:11 UTC,15053968,15471048,155988,0.98,50128,619504,199948,1.25,206568,516412,48
fog-k3s-master1,1,2026-06-06 08:45:12 UTC,15053968,15471048,155976,0.98,50128,619516,199948,1.25,206568,516412,60
fog-k3s-master1,1,2026-06-06 08:45:13 UTC,15053968,15471048,155968,0.98,50128,619524,199948,1.25,206568,516412,68
fog-k3s-master1,1,2026-06-06 08:45:14 UTC,15053968,15471048,155948,0.98,50136,619536,199948,1.25,206568,516412,260
fog-k3s-master1,1,2026-06-06 08:45:15 UTC,15053968,15471116,155936,0.98,50136,619544,199948,1.25,206568,516480,172
fog-k3s-master1,1,2026-06-06 08:45:16 UTC,15053968,15471116,155924,0.98,50136,619556,199948,1.25,206568,516480,188
fog-k3s-master1,1,2026-06-06 08:45:17 UTC,15053968,15471116,155916,0.98,50136,619564,199948,1.25,206568,516480,196
fog-k3s-master1,1,2026-06-06 08:45:18 UTC,15053968,15471116,155904,0.98,50136,619576,199948,1.25,206568,516480,208
fog-k3s-master1,1,2026-06-06 08:45:19 UTC,15053968,15471116,155896,0.98,50136,619584,199948,1.25,206568,516480,216
fog-k3s-master1,1,2026-06-06 08:45:20 UTC,15053968,15471116,155876,0.98,50144,619596,199948,1.25,206568,516480,88
fog-k3s-master1,1,2026-06-06 08:45:21 UTC,15053968,15471176,155868,0.98,50144,619604,199948,1.25,206568,516540,32
fog-k3s-master1,1,2026-06-06 08:45:22 UTC,15053968,15471176,155856,0.98,50144,619616,199948,1.25,206568,516540,48
fog-k3s-master1,1,2026-06-06 08:45:23 UTC,15053968,15471176,155844,0.98,50144,619628,199948,1.25,206568,516540,60
fog-k3s-master1,1,2026-06-06 08:45:24 UTC,15053968,15471176,155836,0.98,50144,619636,199948,1.25,206568,516540,68
fog-k3s-master1,1,2026-06-06 08:45:25 UTC,15053968,15471192,155816,0.97,50152,619648,199948,1.25,206568,516556,48
fog-k3s-master1,1,2026-06-06 08:45:26 UTC,15053968,15471192,155808,0.97,50152,619656,199948,1.25,206568,516556,56
fog-k3s-master1,1,2026-06-06 08:45:27 UTC,15053968,15471252,155796,0.97,50152,619668,199948,1.25,206568,516616,0
fog-k3s-master1,1,2026-06-06 08:45:28 UTC,15053968,15471252,155788,0.97,50152,619676,199948,1.25,206568,516616,12
fog-k3s-master1,1,2026-06-06 08:45:29 UTC,15053968,15471252,155776,0.97,50152,619688,199948,1.25,206568,516616,24
fog-k3s-master1,1,2026-06-06 08:45:30 UTC,15053968,15471252,155760,0.97,50160,619696,199948,1.25,206568,516616,228
fog-k3s-master1,1,2026-06-06 08:45:31 UTC,15053968,15471256,155744,0.97,50160,619708,199948,1.25,206568,516616,240
fog-k3s-master1,1,2026-06-06 08:45:32 UTC,15053968,15471256,155736,0.97,50160,619716,199948,1.25,206568,516616,248
fog-k3s-master1,1,2026-06-06 08:45:33 UTC,15053968,15471316,155724,0.97,50160,619728,199948,1.25,206568,516676,260
fog-k3s-master1,1,2026-06-06 08:45:34 UTC,15053968,15471316,155712,0.97,50160,619740,199948,1.25,206568,516676,212
fog-k3s-master1,1,2026-06-06 08:45:35 UTC,15053968,15471340,155704,0.97,50160,619748,199948,1.25,206568,516700,12
fog-k3s-master1,1,2026-06-06 08:45:36 UTC,15053968,15471340,155692,0.97,50168,619752,199948,1.25,206568,516700,36
fog-k3s-master1,1,2026-06-06 08:45:37 UTC,15053968,15471340,155672,0.97,50168,619768,199948,1.25,206568,516700,72
fog-k3s-master1,1,2026-06-06 08:45:38 UTC,15053968,15471340,155660,0.97,50168,619780,199948,1.25,206568,516700,84
fog-k3s-master1,1,2026-06-06 08:45:39 UTC,15053968,15471340,155652,0.97,50168,619788,199948,1.25,206568,516700,92
fog-k3s-master1,1,2026-06-06 08:45:40 UTC,15053968,15471340,155640,0.97,50168,619800,199948,1.25,206568,516700,212
fog-k3s-master1,1,2026-06-06 08:45:41 UTC,15053968,15471400,155632,0.97,50168,619808,199948,1.25,206568,516760,220
fog-k3s-master1,1,2026-06-06 08:45:42 UTC,15053968,15471400,155620,0.97,50176,619812,199948,1.25,206568,516760,232
fog-k3s-master1,1,2026-06-06 08:45:43 UTC,15053968,15471400,155604,0.97,50176,619828,199948,1.25,206568,516760,240
fog-k3s-master1,1,2026-06-06 08:45:44 UTC,15053968,15471400,155592,0.97,50176,619840,199948,1.25,206568,516760,252
fog-k3s-master1,1,2026-06-06 08:45:45 UTC,15053968,15471400,155584,0.97,50176,619848,199948,1.25,206568,516760,28
fog-k3s-master1,1,2026-06-06 08:45:46 UTC,15053968,15471404,155568,0.97,50176,619860,199948,1.25,206568,516760,44
fog-k3s-master1,1,2026-06-06 08:45:47 UTC,15053968,15471468,155556,0.97,50176,619872,199948,1.25,206568,516824,28
fog-k3s-master1,1,2026-06-06 08:45:48 UTC,15053968,15471468,155548,0.97,50184,619872,199948,1.25,206568,516824,36
fog-k3s-master1,1,2026-06-06 08:45:49 UTC,15053968,15471468,155528,0.97,50184,619892,199948,1.25,206568,516824,72
fog-k3s-master1,1,2026-06-06 08:45:50 UTC,15053968,15471496,155520,0.97,50184,619900,199948,1.25,206568,516852,84
fog-k3s-master1,1,2026-06-06 08:45:51 UTC,15053496,15471036,155984,0.98,50184,619912,203400,1.27,208240,516864,208
fog-k3s-master1,1,2026-06-06 08:45:52 UTC,15053496,15471036,155976,0.98,50184,619920,203400,1.27,208240,516864,220
fog-k3s-master1,1,2026-06-06 08:45:53 UTC,15053496,15471056,155956,0.98,50192,619932,199948,1.25,206596,516884,208
fog-k3s-master1,1,2026-06-06 08:45:54 UTC,15053496,15471056,155944,0.98,50192,619940,199948,1.25,206548,516884,328
fog-k3s-master1,1,2026-06-06 08:45:55 UTC,15053496,15471056,155932,0.98,50192,619952,199948,1.25,206548,516884,332
fog-k3s-master1,1,2026-06-06 08:45:56 UTC,15055176,15472776,154244,0.97,50192,619960,199948,1.25,206548,516924,56
fog-k3s-master1,1,2026-06-06 08:45:57 UTC,15055176,15472812,154232,0.96,50192,619972,199948,1.25,206572,516960,68
fog-k3s-master1,1,2026-06-06 08:45:58 UTC,15055176,15472812,154212,0.96,50200,619984,199948,1.25,206592,516960,56
fog-k3s-master1,1,2026-06-06 08:45:59 UTC,15054924,15472560,154456,0.97,50200,619992,199948,1.25,206592,516960,68
fog-k3s-master1,1,2026-06-06 08:46:00 UTC,15054924,15472560,154444,0.97,50200,620004,199948,1.25,206592,516960,248
fog-k3s-master1,1,2026-06-06 08:46:01 UTC,15054924,15472560,154436,0.97,50200,620012,199948,1.25,206592,516960,256
fog-k3s-master1,1,2026-06-06 08:46:02 UTC,15054924,15472560,154436,0.97,50200,620012,199948,1.25,206592,516960,256
fog-k3s-master1,1,2026-06-06 08:46:03 UTC,15054924,15472560,154436,0.97,50200,620012,199948,1.25,206592,516960,256
fog-k3s-master1,1,2026-06-06 08:46:04 UTC,15054924,15472560,154436,0.97,50208,620004,199948,1.25,206592,516960,256
fog-k3s-master1,1,2026-06-06 08:46:05 UTC,15054924,15472560,154436,0.97,50208,620004,199948,1.25,206592,516960,256
fog-k3s-master1,1,2026-06-06 08:46:06 UTC,15054924,15472636,154376,0.97,50208,620064,199948,1.25,206592,517036,60
fog-k3s-master1,1,2026-06-06 08:46:07 UTC,15054924,15472636,154368,0.97,50208,620072,199948,1.25,206592,517036,68
fog-k3s-master1,1,2026-06-06 08:46:08 UTC,15054924,15472636,154368,0.97,50208,620072,199948,1.25,206592,517036,68
fog-k3s-master1,1,2026-06-06 08:46:09 UTC,15054924,15472696,154340,0.97,50216,620092,199948,1.25,206592,517096,28
fog-k3s-master1,1,2026-06-06 08:46:10 UTC,15054924,15472696,154328,0.97,50216,620104,199948,1.25,206592,517096,44
fog-k3s-master1,1,2026-06-06 08:46:11 UTC,15054924,15472696,154328,0.97,50216,620104,199948,1.25,206592,517096,44
fog-k3s-master1,1,2026-06-06 08:46:12 UTC,15054924,15472696,154308,0.97,50216,620124,199948,1.25,206592,517096,40
fog-k3s-master1,1,2026-06-06 08:46:13 UTC,15058348,15476120,150872,0.94,50216,620136,202924,1.27,207680,517096,52
fog-k3s-master1,1,2026-06-06 08:46:14 UTC,15058348,15476120,150864,0.94,50224,620136,203396,1.27,208252,517096,64
fog-k3s-master1,1,2026-06-06 08:46:15 UTC,15057848,15475680,151328,0.95,50224,620156,206248,1.29,209664,517156,300
fog-k3s-master1,1,2026-06-06 08:46:16 UTC,15057848,15475680,151288,0.95,50224,620164,206584,1.29,209928,517156,360
fog-k3s-master1,1,2026-06-06 08:46:17 UTC,15057848,15475680,151276,0.95,50224,620176,206584,1.29,209928,517156,372
fog-k3s-master1,1,2026-06-06 08:46:18 UTC,15057848,15475680,151308,0.95,50224,620184,199948,1.25,206564,517156,436
fog-k3s-master1,1,2026-06-06 08:46:19 UTC,15057848,15475696,151288,0.95,50232,620200,199948,1.25,206564,517172,256
fog-k3s-master1,1,2026-06-06 08:46:20 UTC,15057848,15475696,151280,0.95,50232,620208,199948,1.25,206564,517172,264
fog-k3s-master1,1,2026-06-06 08:46:21 UTC,15057848,15475764,151268,0.95,50232,620220,199948,1.25,206564,517240,200
fog-k3s-master1,1,2026-06-06 08:46:22 UTC,15057848,15475764,151256,0.95,50232,620232,199948,1.25,206564,517240,216
fog-k3s-master1,1,2026-06-06 08:46:23 UTC,15057848,15475764,151248,0.95,50232,620240,199948,1.25,206564,517240,224
fog-k3s-master1,1,2026-06-06 08:46:24 UTC,15057848,15475772,151228,0.95,50240,620252,199948,1.25,206564,517248,40
fog-k3s-master1,1,2026-06-06 08:46:25 UTC,15057848,15475772,151220,0.95,50240,620260,199948,1.25,206564,517248,48
fog-k3s-master1,1,2026-06-06 08:46:26 UTC,15057848,15475832,151208,0.95,50240,620272,199948,1.25,206564,517308,60
fog-k3s-master1,1,2026-06-06 08:46:27 UTC,15057848,15475832,151200,0.95,50240,620280,199948,1.25,206564,517308,68
fog-k3s-master1,1,2026-06-06 08:46:28 UTC,15057848,15475832,151200,0.95,50240,620280,199948,1.25,206564,517308,68
fog-k3s-master1,1,2026-06-06 08:46:29 UTC,15057848,15475832,151200,0.95,50248,620272,199948,1.25,206564,517308,68
fog-k3s-master1,1,2026-06-06 08:46:30 UTC,15057344,15475328,151704,0.95,50248,620272,199948,1.25,206564,517308,68
fog-k3s-master1,1,2026-06-06 08:46:31 UTC,15057344,15475328,151704,0.95,50248,620272,199948,1.25,206564,517308,68
fog-k3s-master1,1,2026-06-06 08:46:32 UTC,15057344,15475328,151704,0.95,50248,620272,199948,1.25,206564,517308,68
fog-k3s-master1,1,2026-06-06 08:46:33 UTC,15057344,15475392,151636,0.95,50248,620340,199948,1.25,206592,517372,20
fog-k3s-master1,1,2026-06-06 08:46:34 UTC,15057344,15475392,151624,0.95,50248,620352,199948,1.25,206592,517372,208
fog-k3s-master1,1,2026-06-06 08:46:35 UTC,15057344,15475400,151604,0.95,50256,620364,199948,1.25,206592,517380,232
fog-k3s-master1,1,2026-06-06 08:46:36 UTC,15057344,15475400,151596,0.95,50256,620372,199948,1.25,206592,517380,240
fog-k3s-master1,1,2026-06-06 08:46:37 UTC,15057344,15475400,151584,0.95,50256,620384,199948,1.25,206592,517380,252
fog-k3s-master1,1,2026-06-06 08:46:38 UTC,15057344,15475460,151576,0.95,50256,620392,199948,1.25,206592,517440,260
fog-k3s-master1,1,2026-06-06 08:46:39 UTC,15057344,15475460,151560,0.95,50256,620408,199948,1.25,206592,517440,208
fog-k3s-master1,1,2026-06-06 08:46:40 UTC,15057344,15475464,151560,0.95,50264,620400,199948,1.25,206592,517444,0
fog-k3s-master1,1,2026-06-06 08:46:41 UTC,15057344,15475464,151560,0.95,50264,620400,199948,1.25,206592,517444,0
fog-k3s-master1,1,2026-06-06 08:46:42 UTC,15056336,15474456,152568,0.95,50264,620400,199948,1.25,206592,517444,0
fog-k3s-master1,1,2026-06-06 08:46:43 UTC,15056336,15474456,152568,0.95,50264,620400,199948,1.25,206592,517444,0
fog-k3s-master1,1,2026-06-06 08:46:44 UTC,15056336,15474516,152512,0.95,50264,620456,199948,1.25,206592,517504,216
fog-k3s-master1,1,2026-06-06 08:46:45 UTC,15056336,15474532,152500,0.95,50272,620460,199948,1.25,206592,517520,164
fog-k3s-master1,1,2026-06-06 08:46:46 UTC,15056336,15474532,152500,0.95,50272,620460,199948,1.25,206592,517520,164
fog-k3s-master1,1,2026-06-06 08:46:47 UTC,15056336,15474532,152500,0.95,50272,620460,199948,1.25,206592,517520,164
fog-k3s-master1,1,2026-06-06 08:46:48 UTC,15056336,15474532,152460,0.95,50272,620500,199948,1.25,206592,517520,232
fog-k3s-master1,1,2026-06-06 08:46:49 UTC,15056336,15474532,152452,0.95,50272,620508,199948,1.25,206592,517520,236
fog-k3s-master1,1,2026-06-06 08:46:50 UTC,15056336,15474592,152432,0.95,50280,620520,199948,1.25,206592,517580,76
fog-k3s-master1,1,2026-06-06 08:46:51 UTC,15056336,15474592,152424,0.95,50280,620528,199948,1.25,206592,517580,20
fog-k3s-master1,1,2026-06-06 08:46:52 UTC,15056336,15474592,152412,0.95,50280,620540,199948,1.25,206592,517580,36
fog-k3s-master1,1,2026-06-06 08:46:53 UTC,15056336,15474592,152404,0.95,50280,620548,199948,1.25,206592,517580,44
fog-k3s-master1,1,2026-06-06 08:46:54 UTC,15056336,15474592,152392,0.95,50280,620560,199948,1.25,206592,517580,228
fog-k3s-master1,1,2026-06-06 08:46:55 UTC,15056336,15474592,152384,0.95,50280,620568,199948,1.25,206592,517580,216
fog-k3s-master1,1,2026-06-06 08:46:56 UTC,15056336,15474652,152364,0.95,50288,620580,199948,1.25,206592,517640,88
fog-k3s-master1,1,2026-06-06 08:46:57 UTC,15054320,15472636,154368,0.97,50288,620588,199948,1.25,206592,517640,32
fog-k3s-master1,1,2026-06-06 08:46:58 UTC,15054320,15472636,154356,0.97,50288,620600,199948,1.25,206592,517640,48
fog-k3s-master1,1,2026-06-06 08:46:59 UTC,15054320,15472636,154344,0.97,50288,620612,199948,1.25,206592,517640,60
fog-k3s-master1,1,2026-06-06 08:47:00 UTC,15054320,15472636,154336,0.97,50288,620620,199948,1.25,206592,517640,232
fog-k3s-master1,1,2026-06-06 08:47:01 UTC,15054320,15472636,154336,0.97,50288,620620,199948,1.25,206592,517640,204
fog-k3s-master1,1,2026-06-06 08:47:02 UTC,15054320,15472636,154336,0.97,50296,620612,199948,1.25,206592,517640,204
fog-k3s-master1,1,2026-06-06 08:47:03 UTC,15054320,15472636,154336,0.97,50296,620612,199948,1.25,206592,517640,204
fog-k3s-master1,1,2026-06-06 08:47:04 UTC,15054320,15472696,154288,0.97,50296,620660,199948,1.25,206592,517700,44
fog-k3s-master1,1,2026-06-06 08:47:05 UTC,15054320,15472696,154276,0.97,50296,620672,199948,1.25,206592,517700,56
fog-k3s-master1,1,2026-06-06 08:47:06 UTC,15054320,15472696,154268,0.97,50296,620680,199948,1.25,206592,517700,64
fog-k3s-master1,1,2026-06-06 08:47:07 UTC,15054320,15472696,154256,0.97,50296,620692,199948,1.25,206592,517700,48
fog-k3s-master1,1,2026-06-06 08:47:08 UTC,15054320,15472756,154240,0.97,50304,620700,199948,1.25,206592,517760,84
fog-k3s-master1,1,2026-06-06 08:47:09 UTC,15054320,15472756,154228,0.96,50304,620712,199948,1.25,206592,517760,28
fog-k3s-master1,1,2026-06-06 08:47:10 UTC,15054320,15472756,154216,0.96,50304,620724,199948,1.25,206592,517760,44
fog-k3s-master1,1,2026-06-06 08:47:11 UTC,15054320,15472756,154208,0.96,50304,620732,199948,1.25,206592,517760,52
fog-k3s-master1,1,2026-06-06 08:47:12 UTC,15054320,15472760,154192,0.96,50304,620744,199948,1.25,206592,517760,64
fog-k3s-master1,1,2026-06-06 08:47:13 UTC,15054320,15472760,154184,0.96,50304,620752,199948,1.25,206592,517760,44
fog-k3s-master1,1,2026-06-06 08:47:14 UTC,15054320,15472820,154164,0.96,50312,620764,199948,1.25,206592,517820,252
fog-k3s-master1,1,2026-06-06 08:47:15 UTC,15054320,15472820,154156,0.96,50312,620772,199948,1.25,206592,517820,196
fog-k3s-master1,1,2026-06-06 08:47:16 UTC,15054320,15472820,154144,0.96,50312,620784,199948,1.25,206592,517820,212
fog-k3s-master1,1,2026-06-06 08:47:17 UTC,15054320,15472820,154136,0.96,50312,620792,199948,1.25,206592,517820,220
fog-k3s-master1,1,2026-06-06 08:47:18 UTC,15054320,15472820,154136,0.96,50312,620792,199948,1.25,206592,517820,220
fog-k3s-master1,1,2026-06-06 08:47:19 UTC,15054320,15472820,154108,0.96,50320,620812,199948,1.25,206592,517820,216
fog-k3s-master1,1,2026-06-06 08:47:20 UTC,15054320,15472880,154096,0.96,50320,620824,199948,1.25,206592,517880,44
fog-k3s-master1,1,2026-06-06 08:47:21 UTC,15054320,15472880,154084,0.96,50320,620836,199948,1.25,206592,517880,0
fog-k3s-master1,1,2026-06-06 08:47:22 UTC,15054320,15472880,154076,0.96,50320,620844,199948,1.25,206592,517880,12
fog-k3s-master1,1,2026-06-06 08:47:23 UTC,15054320,15472880,154064,0.96,50320,620856,199948,1.25,206592,517880,24
fog-k3s-master1,1,2026-06-06 08:47:24 UTC,15054320,15472940,154048,0.96,50328,620864,199948,1.25,206592,517940,228
fog-k3s-master1,1,2026-06-06 08:47:25 UTC,15054320,15472940,154048,0.96,50328,620864,199948,1.25,206592,517940,228
fog-k3s-master1,1,2026-06-06 08:47:26 UTC,15054320,15472940,154048,0.96,50328,620864,199948,1.25,206592,517940,228
fog-k3s-master1,1,2026-06-06 08:47:27 UTC,15054320,15473000,154012,0.96,50328,620896,199948,1.25,206592,518000,196
fog-k3s-master1,1,2026-06-06 08:47:28 UTC,15054320,15473000,154004,0.96,50328,620904,199948,1.25,206592,518000,208
fog-k3s-master1,1,2026-06-06 08:47:29 UTC,15054320,15473000,153992,0.96,50336,620908,199948,1.25,206592,518000,44
fog-k3s-master1,1,2026-06-06 08:47:30 UTC,15054320,15473000,153984,0.96,50336,620916,199948,1.25,206592,518000,52
fog-k3s-master1,1,2026-06-06 08:47:31 UTC,15054320,15473000,153984,0.96,50336,620916,199948,1.25,206592,518000,52
fog-k3s-master1,1,2026-06-06 08:47:32 UTC,15054320,15473060,153956,0.96,50336,620944,199948,1.25,206592,518060,52
fog-k3s-master1,1,2026-06-06 08:47:33 UTC,15050288,15469028,157976,0.99,50336,620956,199948,1.25,206592,518060,0
fog-k3s-master1,1,2026-06-06 08:47:34 UTC,15050288,15469028,157956,0.99,50344,620968,199948,1.25,206592,518060,208
fog-k3s-master1,1,2026-06-06 08:47:35 UTC,15050288,15469028,157948,0.99,50344,620976,199948,1.25,206592,518060,52
fog-k3s-master1,1,2026-06-06 08:47:36 UTC,15050288,15469028,157936,0.99,50344,620988,199948,1.25,206592,518060,64
fog-k3s-master1,1,2026-06-06 08:47:37 UTC,15050288,15469088,157928,0.99,50344,620996,199948,1.25,206592,518120,72
fog-k3s-master1,1,2026-06-06 08:47:38 UTC,15050288,15469088,157916,0.99,50344,621008,199948,1.25,206592,518120,84
fog-k3s-master1,1,2026-06-06 08:47:39 UTC,15050288,15469108,157908,0.99,50352,621008,199948,1.25,206592,518140,28
fog-k3s-master1,1,2026-06-06 08:47:40 UTC,15050288,15469120,157896,0.99,50352,621020,199948,1.25,206592,518152,20
fog-k3s-master1,1,2026-06-06 08:47:41 UTC,15050288,15469120,157896,0.99,50352,621020,199948,1.25,206592,518152,20
fog-k3s-master1,1,2026-06-06 08:47:42 UTC,15050288,15469120,157896,0.99,50352,621020,199948,1.25,206592,518152,20
fog-k3s-master1,1,2026-06-06 08:47:43 UTC,15050288,15469124,157856,0.99,50352,621056,199948,1.25,206592,518152,208
fog-k3s-master1,1,2026-06-06 08:47:44 UTC,15050288,15469124,157836,0.99,50360,621068,199948,1.25,206592,518152,252
fog-k3s-master1,1,2026-06-06 08:47:45 UTC,15050288,15469176,157824,0.99,50360,621080,199948,1.25,206592,518204,20
fog-k3s-master1,1,2026-06-06 08:47:46 UTC,15050288,15469176,157824,0.99,50360,621080,199948,1.25,206592,518204,20
fog-k3s-master1,1,2026-06-06 08:47:47 UTC,15050288,15469176,157824,0.99,50360,621080,199948,1.25,206592,518204,20
fog-k3s-master1,1,2026-06-06 08:47:48 UTC,15050288,15469176,157824,0.99,50360,621080,199948,1.25,206592,518204,20
fog-k3s-master1,1,2026-06-06 08:47:49 UTC,15050288,15469260,157776,0.99,50368,621120,199948,1.25,206592,518288,44
fog-k3s-master1,1,2026-06-06 08:47:50 UTC,15050288,15469260,157768,0.99,50368,621128,199948,1.25,206592,518288,52
fog-k3s-master1,1,2026-06-06 08:47:51 UTC,15050288,15469260,157768,0.99,50368,621128,199948,1.25,206592,518288,52
fog-k3s-master1,1,2026-06-06 08:47:52 UTC,15050288,15469260,157768,0.99,50368,621128,199948,1.25,206592,518288,52
fog-k3s-master1,1,2026-06-06 08:47:53 UTC,15050288,15469260,157768,0.99,50368,621128,199948,1.25,206592,518288,52
fog-k3s-master1,1,2026-06-06 08:47:54 UTC,15050288,15469260,157768,0.99,50376,621120,199948,1.25,206592,518288,52
fog-k3s-master1,1,2026-06-06 08:47:55 UTC,15050288,15469260,157768,0.99,50376,621120,199948,1.25,206592,518288,52
fog-k3s-master1,1,2026-06-06 08:47:56 UTC,15050288,15469260,157768,0.99,50376,621120,199948,1.25,206592,518288,52
fog-k3s-master1,1,2026-06-06 08:47:57 UTC,15050288,15469260,157768,0.99,50376,621120,199948,1.25,206592,518288,52
fog-k3s-master1,1,2026-06-06 08:47:58 UTC,15050288,15469260,157768,0.99,50376,621120,199948,1.25,206592,518288,52
fog-k3s-master1,1,2026-06-06 08:47:59 UTC,15050288,15469260,157768,0.99,50384,621112,199948,1.25,206592,518288,312
fog-k3s-master1,1,2026-06-06 08:48:00 UTC,15050288,15469260,157768,0.99,50384,621112,199948,1.25,206592,518288,312
fog-k3s-master1,1,2026-06-06 08:48:01 UTC,15050288,15469260,157768,0.99,50384,621112,199948,1.25,206592,518288,312
fog-k3s-master1,1,2026-06-06 08:48:02 UTC,15050288,15469260,157768,0.99,50384,621112,199948,1.25,206592,518288,312
fog-k3s-master1,1,2026-06-06 08:48:03 UTC,15050288,15469260,157768,0.99,50384,621112,199948,1.25,206592,518288,312
fog-k3s-master1,1,2026-06-06 08:48:04 UTC,15050288,15469260,157768,0.99,50392,621104,199948,1.25,206592,518288,312
fog-k3s-master1,1,2026-06-06 08:48:05 UTC,15050288,15469260,157768,0.99,50392,621104,199948,1.25,206592,518288,312
fog-k3s-master1,1,2026-06-06 08:48:06 UTC,15050036,15469180,157824,0.99,50392,621292,199948,1.25,206592,518456,232
fog-k3s-master1,1,2026-06-06 08:48:07 UTC,15050036,15469180,157816,0.99,50392,621300,199948,1.25,206592,518456,240
fog-k3s-master1,1,2026-06-06 08:48:08 UTC,15050036,15469180,157804,0.99,50392,621312,199948,1.25,206592,518456,252
fog-k3s-master1,1,2026-06-06 08:48:09 UTC,15050036,15469180,157784,0.99,50400,621324,199948,1.25,206592,518456,0
fog-k3s-master1,1,2026-06-06 08:48:10 UTC,15050036,15469180,157776,0.99,50400,621332,199948,1.25,206592,518456,12
fog-k3s-master1,1,2026-06-06 08:48:11 UTC,15050036,15469240,157764,0.99,50400,621344,199948,1.25,206592,518516,24
fog-k3s-master1,1,2026-06-06 08:48:12 UTC,15050036,15469240,157756,0.99,50400,621352,199948,1.25,206592,518516,32
fog-k3s-master1,1,2026-06-06 08:48:13 UTC,15050036,15469240,157756,0.99,50400,621352,199948,1.25,206592,518516,32
fog-k3s-master1,1,2026-06-06 08:48:14 UTC,15050036,15469240,157756,0.99,50408,621344,199948,1.25,206592,518516,32
fog-k3s-master1,1,2026-06-06 08:48:15 UTC,15050036,15469272,157712,0.99,50408,621384,203400,1.27,208200,518548,192
fog-k3s-master1,1,2026-06-06 08:48:16 UTC,15050036,15469272,157704,0.99,50408,621392,203400,1.27,208200,518548,204
fog-k3s-master1,1,2026-06-06 08:48:17 UTC,15050036,15469332,157692,0.99,50408,621404,203400,1.27,208200,518608,216
fog-k3s-master1,1,2026-06-06 08:48:18 UTC,15050036,15469332,157700,0.99,50408,621412,199948,1.25,206568,518608,252
fog-k3s-master1,1,2026-06-06 08:48:19 UTC,15050036,15469332,157692,0.99,50416,621412,199948,1.25,206568,518608,364
fog-k3s-master1,1,2026-06-06 08:48:20 UTC,15050036,15469332,157672,0.99,50416,621432,199948,1.25,206592,518608,52
fog-k3s-master1,1,2026-06-06 08:48:21 UTC,15041216,15460520,166480,1.04,50416,621444,205652,1.29,209000,518616,0
fog-k3s-master1,1,2026-06-06 08:48:22 UTC,15042048,15461352,165612,1.04,50416,621456,206852,1.29,209572,518616,20
fog-k3s-master1,1,2026-06-06 08:48:23 UTC,15043688,15463052,163964,1.03,50416,621464,206852,1.29,209572,518676,28
fog-k3s-master1,1,2026-06-06 08:48:24 UTC,15045120,15464484,162492,1.02,50424,621472,206852,1.29,209888,518676,368
fog-k3s-master1,1,2026-06-06 08:48:25 UTC,15037308,15456676,170324,1.07,50424,621480,199948,1.25,206860,518680,408
fog-k3s-master1,1,2026-06-06 08:48:26 UTC,15039296,15458664,168324,1.05,50424,621492,199948,1.25,206860,518680,420
fog-k3s-master1,1,2026-06-06 08:48:27 UTC,15039296,15458672,168308,1.05,50424,621508,199948,1.25,206592,518688,124
fog-k3s-master1,1,2026-06-06 08:48:28 UTC,15041252,15460628,166340,1.04,50424,621520,199948,1.25,206592,518688,140
fog-k3s-master1,1,2026-06-06 08:48:29 UTC,15041252,15460692,166320,1.04,50432,621528,199948,1.25,206592,518748,156
fog-k3s-master1,1,2026-06-06 08:48:30 UTC,15042956,15462396,164604,1.03,50432,621540,199948,1.25,206592,518748,168
fog-k3s-master1,1,2026-06-06 08:48:31 UTC,15042956,15462396,164596,1.03,50432,621548,199948,1.25,206592,518748,212
fog-k3s-master1,1,2026-06-06 08:48:32 UTC,15042956,15462396,164584,1.03,50432,621560,199948,1.25,206592,518748,224
fog-k3s-master1,1,2026-06-06 08:48:33 UTC,15044444,15463884,163084,1.02,50432,621572,199948,1.25,206592,518748,236
fog-k3s-master1,1,2026-06-06 08:48:34 UTC,15044444,15463884,163068,1.02,50440,621580,199948,1.25,206592,518748,32
fog-k3s-master1,1,2026-06-06 08:48:35 UTC,15037932,15457432,169568,1.06,50440,621592,199948,1.25,206592,518808,44
fog-k3s-master1,1,2026-06-06 08:48:36 UTC,15037932,15457432,169560,1.06,50440,621600,199948,1.25,206592,518808,52
fog-k3s-master1,1,2026-06-06 08:48:37 UTC,15039820,15459320,167660,1.05,50440,621612,199948,1.25,206592,518808,64
fog-k3s-master1,1,2026-06-06 08:48:38 UTC,15039820,15459320,167652,1.05,50440,621620,199948,1.25,206592,518808,72
fog-k3s-master1,1,2026-06-06 08:48:39 UTC,15042208,15461708,165252,1.03,50448,621624,199948,1.25,206592,518808,84
fog-k3s-master1,1,2026-06-06 08:48:40 UTC,15042208,15461708,165244,1.03,50448,621632,199948,1.25,206592,518808,96
fog-k3s-master1,1,2026-06-06 08:48:41 UTC,15043876,15463436,163588,1.02,50448,621652,199948,1.25,206592,518868,28
fog-k3s-master1,1,2026-06-06 08:48:42 UTC,15043876,15463436,163580,1.02,50448,621660,199948,1.25,206592,518868,36
fog-k3s-master1,1,2026-06-06 08:48:43 UTC,15045276,15464836,162168,1.01,50448,621672,199948,1.25,206592,518868,48
fog-k3s-master1,1,2026-06-06 08:48:44 UTC,15045276,15464836,162156,1.01,50456,621672,199948,1.25,206592,518868,56
fog-k3s-master1,1,2026-06-06 08:48:45 UTC,15046204,15465764,161216,1.01,50456,621684,199948,1.25,206592,518868,68
fog-k3s-master1,1,2026-06-06 08:48:46 UTC,15046204,15465856,161196,1.01,50456,621704,199948,1.25,206592,518960,192
fog-k3s-master1,1,2026-06-06 08:48:47 UTC,15038352,15458004,169048,1.06,50456,621704,199948,1.25,206592,518960,192
fog-k3s-master1,1,2026-06-06 08:48:48 UTC,15040228,15459880,167152,1.05,50456,621724,199948,1.25,206592,518960,212
fog-k3s-master1,1,2026-06-06 08:48:49 UTC,15042108,15461760,165264,1.03,50464,621724,199948,1.25,206592,518960,220
fog-k3s-master1,1,2026-06-06 08:48:50 UTC,15043744,15463396,163616,1.02,50464,621736,199948,1.25,206592,518960,232
fog-k3s-master1,1,2026-06-06 08:48:51 UTC,15043744,15463404,163600,1.02,50464,621752,199948,1.25,206592,518968,4
fog-k3s-master1,1,2026-06-06 08:48:52 UTC,15045160,15464880,162172,1.01,50464,621764,199948,1.25,206592,519028,20
fog-k3s-master1,1,2026-06-06 08:48:53 UTC,15045160,15464880,162164,1.01,50464,621772,199948,1.25,206592,519028,28
fog-k3s-master1,1,2026-06-06 08:48:54 UTC,15046020,15465740,161292,1.01,50472,621776,199948,1.25,206592,519028,40
fog-k3s-master1,1,2026-06-06 08:48:55 UTC,15046020,15465740,161276,1.01,50472,621792,199948,1.25,206592,519028,72
fog-k3s-master1,1,2026-06-06 08:48:56 UTC,15046020,15465740,161264,1.01,50472,621804,199948,1.25,206592,519028,84
fog-k3s-master1,1,2026-06-06 08:48:57 UTC,15046020,15465740,161264,1.01,50472,621804,199948,1.25,206592,519028,16
fog-k3s-master1,1,2026-06-06 08:48:58 UTC,15046020,15465800,161244,1.01,50472,621824,199948,1.25,206592,519088,40
fog-k3s-master1,1,2026-06-06 08:48:59 UTC,15046020,15465804,161228,1.01,50480,621828,199948,1.25,206592,519088,52
fog-k3s-master1,1,2026-06-06 08:49:00 UTC,15046020,15465804,161228,1.01,50480,621828,199948,1.25,206592,519088,52
fog-k3s-master1,1,2026-06-06 08:49:01 UTC,15046020,15465820,161200,1.01,50480,621856,199948,1.25,206592,519104,216
fog-k3s-master1,1,2026-06-06 08:49:02 UTC,15046020,15465820,161192,1.01,50480,621864,199948,1.25,206592,519104,224
fog-k3s-master1,1,2026-06-06 08:49:03 UTC,15046020,15465820,161192,1.01,50480,621864,199948,1.25,206592,519104,224
fog-k3s-master1,1,2026-06-06 08:49:04 UTC,15046020,15465820,161192,1.01,50488,621856,199948,1.25,206592,519104,224
fog-k3s-master1,1,2026-06-06 08:49:05 UTC,15046020,15465820,161192,1.01,50488,621856,199948,1.25,206592,519104,224
fog-k3s-master1,1,2026-06-06 08:49:06 UTC,15046020,15465880,161144,1.01,50488,621904,199948,1.25,206592,519164,56
fog-k3s-master1,1,2026-06-06 08:49:07 UTC,15046020,15465880,161132,1.01,50488,621916,199948,1.25,206592,519164,68
fog-k3s-master1,1,2026-06-06 08:49:08 UTC,15046020,15465880,161124,1.01,50488,621924,199948,1.25,206592,519164,76
fog-k3s-master1,1,2026-06-06 08:49:09 UTC,15046020,15465880,161112,1.01,50496,621928,199948,1.25,206592,519164,88
fog-k3s-master1,1,2026-06-06 08:49:10 UTC,15037956,15457816,169176,1.06,50496,621928,199948,1.25,206592,519164,88
fog-k3s-master1,1,2026-06-06 08:49:11 UTC,15039808,15459728,167328,1.05,50496,621956,199948,1.25,206592,519224,28
fog-k3s-master1,1,2026-06-06 08:49:12 UTC,15041684,15461604,165440,1.04,50496,621968,199948,1.25,206592,519224,40
fog-k3s-master1,1,2026-06-06 08:49:13 UTC,15043324,15463244,163792,1.02,50496,621976,199948,1.25,206592,519224,48
fog-k3s-master1,1,2026-06-06 08:49:14 UTC,15044756,15464676,162348,1.02,50504,621980,199948,1.25,206592,519224,60
fog-k3s-master1,1,2026-06-06 08:49:15 UTC,15045632,15465552,161460,1.01,50504,621988,199948,1.25,206592,519224,68
fog-k3s-master1,1,2026-06-06 08:49:16 UTC,15045632,15465612,161440,1.01,50504,622008,199948,1.25,206592,519284,192
fog-k3s-master1,1,2026-06-06 08:49:17 UTC,15045632,15465612,161440,1.01,50504,622008,199948,1.25,206592,519284,192
fog-k3s-master1,1,2026-06-06 08:49:18 UTC,15045632,15465612,161420,1.01,50504,622028,199948,1.25,206592,519284,212
fog-k3s-master1,1,2026-06-06 08:49:19 UTC,15045632,15465612,161412,1.01,50512,622028,199948,1.25,206592,519284,220
fog-k3s-master1,1,2026-06-06 08:49:20 UTC,15045632,15465612,161412,1.01,50512,622028,199948,1.25,206592,519284,220
fog-k3s-master1,1,2026-06-06 08:49:21 UTC,15045632,15465668,161380,1.01,50512,622060,199948,1.25,206592,519340,4
fog-k3s-master1,1,2026-06-06 08:49:22 UTC,15045632,15465668,161372,1.01,50512,622068,199948,1.25,206592,519340,16
fog-k3s-master1,1,2026-06-06 08:49:23 UTC,15045632,15465668,161372,1.01,50512,622068,199948,1.25,206592,519340,16
fog-k3s-master1,1,2026-06-06 08:49:24 UTC,15045632,15465668,161372,1.01,50520,622060,199948,1.25,206592,519340,16
fog-k3s-master1,1,2026-06-06 08:49:25 UTC,15045632,15465668,161372,1.01,50520,622060,199948,1.25,206592,519340,16
fog-k3s-master1,1,2026-06-06 08:49:26 UTC,15045632,15465708,161324,1.01,50520,622108,199948,1.25,206592,519380,76
fog-k3s-master1,1,2026-06-06 08:49:27 UTC,15045632,15465708,161312,1.01,50520,622120,199948,1.25,206592,519380,92
fog-k3s-master1,1,2026-06-06 08:49:28 UTC,15045632,15465708,161304,1.01,50520,622128,199948,1.25,206592,519380,40
fog-k3s-master1,1,2026-06-06 08:49:29 UTC,15045632,15465708,161292,1.01,50528,622132,199948,1.25,206592,519380,52
fog-k3s-master1,1,2026-06-06 08:49:30 UTC,15045632,15465708,161292,1.01,50528,622132,199948,1.25,206592,519380,52
fog-k3s-master1,1,2026-06-06 08:49:31 UTC,15045632,15465760,161260,1.01,50528,622160,199948,1.25,206592,519428,216
fog-k3s-master1,1,2026-06-06 08:49:32 UTC,15045632,15465760,161248,1.01,50528,622172,199948,1.25,206592,519428,168
fog-k3s-master1,1,2026-06-06 08:49:33 UTC,15045632,15465760,161248,1.01,50528,622172,199948,1.25,206592,519428,168
fog-k3s-master1,1,2026-06-06 08:49:34 UTC,15045632,15465760,161248,1.01,50536,622164,199948,1.25,206592,519428,168
fog-k3s-master1,1,2026-06-06 08:49:35 UTC,15045632,15465760,161248,1.01,50536,622164,199948,1.25,206592,519428,168
fog-k3s-master1,1,2026-06-06 08:49:36 UTC,15045632,15465804,161196,1.01,50536,622212,199948,1.25,206592,519472,68
fog-k3s-master1,1,2026-06-06 08:49:37 UTC,15045632,15465804,161188,1.01,50536,622220,199948,1.25,206592,519472,76
fog-k3s-master1,1,2026-06-06 08:49:38 UTC,15045632,15465804,161176,1.01,50536,622232,199948,1.25,206592,519472,88
fog-k3s-master1,1,2026-06-06 08:49:39 UTC,15045632,15465804,161168,1.01,50544,622232,199948,1.25,206592,519472,100
fog-k3s-master1,1,2026-06-06 08:49:40 UTC,15045632,15465804,161168,1.01,50544,622232,199948,1.25,206592,519472,100
fog-k3s-master1,1,2026-06-06 08:49:41 UTC,15045632,15465924,161140,1.01,50544,622260,199948,1.25,206592,519592,36
fog-k3s-master1,1,2026-06-06 08:49:42 UTC,15045632,15465924,161128,1.01,50544,622272,199948,1.25,206592,519592,48
fog-k3s-master1,1,2026-06-06 08:49:43 UTC,15045632,15465924,161128,1.01,50544,622272,199948,1.25,206592,519592,48
fog-k3s-master1,1,2026-06-06 08:49:44 UTC,15045632,15465924,161128,1.01,50552,622264,199948,1.25,206592,519592,48
fog-k3s-master1,1,2026-06-06 08:49:45 UTC,15045632,15465924,161128,1.01,50552,622264,199948,1.25,206592,519592,48
fog-k3s-master1,1,2026-06-06 08:49:46 UTC,15046672,15466964,160088,1.00,50552,622264,199948,1.25,206592,519592,48
fog-k3s-master1,1,2026-06-06 08:49:47 UTC,15046672,15466964,160088,1.00,50552,622264,199948,1.25,206592,519592,48
fog-k3s-master1,1,2026-06-06 08:49:48 UTC,15046672,15466964,160088,1.00,50552,622264,199948,1.25,206592,519592,48
fog-k3s-master1,1,2026-06-06 08:49:49 UTC,15046672,15466964,160088,1.00,50560,622256,199948,1.25,206592,519592,48
fog-k3s-master1,1,2026-06-06 08:49:50 UTC,15046672,15466964,160088,1.00,50560,622256,199948,1.25,206592,519592,48
fog-k3s-master1,1,2026-06-06 08:49:51 UTC,15046744,15467220,159776,1.00,50560,622492,199948,1.25,206712,519652,20
fog-k3s-master1,1,2026-06-06 08:49:52 UTC,15046744,15467280,159768,1.00,50560,622500,199948,1.25,206712,519712,28
fog-k3s-master1,1,2026-06-06 08:49:53 UTC,15046744,15467280,159768,1.00,50560,622500,199948,1.25,206712,519712,28
fog-k3s-master1,1,2026-06-06 08:49:54 UTC,15046744,15467280,159768,1.00,50568,622492,199948,1.25,206712,519712,28
fog-k3s-master1,1,2026-06-06 08:49:55 UTC,15038680,15459216,167832,1.05,50568,622492,199948,1.25,206712,519712,28
fog-k3s-master1,1,2026-06-06 08:49:56 UTC,15040060,15460596,166400,1.04,50568,622544,199948,1.25,206712,519712,192
fog-k3s-master1,1,2026-06-06 08:49:57 UTC,15040060,15460596,166392,1.04,50568,622552,199948,1.25,206712,519712,204
fog-k3s-master1,1,2026-06-06 08:49:58 UTC,15041920,15462516,164520,1.03,50568,622564,199948,1.25,206712,519772,216
fog-k3s-master1,1,2026-06-06 08:49:59 UTC,15041920,15462516,164512,1.03,50576,622564,199948,1.25,206712,519772,224
fog-k3s-master1,1,2026-06-06 08:50:00 UTC,15043560,15464156,162860,1.02,50576,622576,199948,1.25,206712,519772,236
fog-k3s-master1,1,2026-06-06 08:50:01 UTC,15043560,15464156,162840,1.02,50576,622592,199948,1.25,206712,519772,56
fog-k3s-master1,1,2026-06-06 08:50:02 UTC,15044972,15465568,161416,1.01,50576,622604,199948,1.25,206712,519772,4
fog-k3s-master1,1,2026-06-06 08:50:03 UTC,15046360,15467044,160028,1.00,50576,622612,199948,1.25,206708,519860,16
fog-k3s-master1,1,2026-06-06 08:50:04 UTC,15046360,15467044,160008,1.00,50584,622624,199948,1.25,206708,519860,320
fog-k3s-master1,1,2026-06-06 08:50:05 UTC,15046108,15466808,160252,1.00,50584,622640,199948,1.25,206716,519868,72
fog-k3s-master1,1,2026-06-06 08:50:06 UTC,15046108,15466808,160240,1.00,50584,622652,199948,1.25,206716,519868,84
fog-k3s-master1,1,2026-06-06 08:50:07 UTC,15046108,15466808,160232,1.00,50584,622660,199948,1.25,206716,519868,92
fog-k3s-master1,1,2026-06-06 08:50:08 UTC,15046108,15466808,160220,1.00,50584,622672,199948,1.25,206716,519868,32
fog-k3s-master1,1,2026-06-06 08:50:09 UTC,15046108,15466868,160208,1.00,50592,622676,199948,1.25,206716,519928,48
fog-k3s-master1,1,2026-06-06 08:50:10 UTC,15046108,15466868,160200,1.00,50592,622684,199948,1.25,206716,519928,56
fog-k3s-master1,1,2026-06-06 08:50:11 UTC,15046108,15466868,160180,1.00,50592,622704,199948,1.25,206716,519928,208
fog-k3s-master1,1,2026-06-06 08:50:12 UTC,15046108,15466868,160172,1.00,50592,622712,199948,1.25,206716,519928,216
fog-k3s-master1,1,2026-06-06 08:50:13 UTC,15046108,15466868,160172,1.00,50592,622712,199948,1.25,206716,519928,216
fog-k3s-master1,1,2026-06-06 08:50:14 UTC,15046108,15466868,160172,1.00,50600,622704,199948,1.25,206716,519928,216
fog-k3s-master1,1,2026-06-06 08:50:15 UTC,15046108,15466868,160172,1.00,50600,622704,199948,1.25,206716,519928,216
fog-k3s-master1,1,2026-06-06 08:50:16 UTC,15046108,15466932,160120,1.00,50600,622752,199948,1.25,206716,519988,48
fog-k3s-master1,1,2026-06-06 08:50:17 UTC,15046108,15466932,160108,1.00,50600,622764,199948,1.25,206716,519988,60
fog-k3s-master1,1,2026-06-06 08:50:18 UTC,15046108,15466932,160100,1.00,50600,622772,199948,1.25,206716,519988,68
fog-k3s-master1,1,2026-06-06 08:50:19 UTC,15046108,15466932,160088,1.00,50608,622776,199948,1.25,206716,519988,80
fog-k3s-master1,1,2026-06-06 08:50:20 UTC,15046108,15466932,160076,1.00,50608,622788,199948,1.25,206716,519988,92
fog-k3s-master1,1,2026-06-06 08:50:21 UTC,15046108,15466992,160060,1.00,50608,622804,199948,1.25,206716,520048,180
fog-k3s-master1,1,2026-06-06 08:50:22 UTC,15046108,15466992,160048,1.00,50608,622816,199948,1.25,206716,520048,192
fog-k3s-master1,1,2026-06-06 08:50:23 UTC,15046108,15466992,160040,1.00,50608,622824,199948,1.25,206716,520048,200
fog-k3s-master1,1,2026-06-06 08:50:24 UTC,15046108,15466992,160028,1.00,50616,622828,199948,1.25,206716,520048,212
fog-k3s-master1,1,2026-06-06 08:50:25 UTC,15046108,15466992,160020,1.00,50616,622836,199948,1.25,206716,520048,220
fog-k3s-master1,1,2026-06-06 08:50:26 UTC,15046108,15466992,160000,1.00,50616,622856,199948,1.25,206716,520048,24
fog-k3s-master1,1,2026-06-06 08:50:27 UTC,15046108,15467052,159992,1.00,50616,622864,199948,1.25,206716,520108,36
fog-k3s-master1,1,2026-06-06 08:50:28 UTC,15046108,15467052,159980,1.00,50616,622876,199948,1.25,206716,520108,48
fog-k3s-master1,1,2026-06-06 08:50:29 UTC,15046108,15467052,159980,1.00,50624,622876,202800,1.27,207828,520108,60
fog-k3s-master1,1,2026-06-06 08:50:30 UTC,15046108,15467052,159980,1.00,50624,622876,203400,1.27,208144,520108,328
fog-k3s-master1,1,2026-06-06 08:50:31 UTC,15046108,15467092,159952,1.00,50624,622904,203400,1.27,208344,520148,236
fog-k3s-master1,1,2026-06-06 08:50:32 UTC,15046108,15467092,159936,1.00,50624,622916,203400,1.27,208344,520148,264
fog-k3s-master1,1,2026-06-06 08:50:33 UTC,15045352,15466396,160660,1.01,50624,622928,206252,1.29,209756,520208,216
fog-k3s-master1,1,2026-06-06 08:50:34 UTC,15045100,15466144,160864,1.01,50632,622928,203400,1.27,208428,520208,224
fog-k3s-master1,1,2026-06-06 08:50:35 UTC,15045100,15466152,160844,1.01,50632,622948,203400,1.27,208412,520216,72
fog-k3s-master1,1,2026-06-06 08:50:36 UTC,15047192,15468252,158792,0.99,50632,622956,199948,1.25,206672,520224,228
fog-k3s-master1,1,2026-06-06 08:50:37 UTC,15047192,15468252,158792,0.99,50632,622956,199948,1.25,206672,520224,228
fog-k3s-master1,1,2026-06-06 08:50:38 UTC,15047192,15468252,158792,0.99,50632,622956,199948,1.25,206672,520224,228
fog-k3s-master1,1,2026-06-06 08:50:39 UTC,15047192,15468252,158792,0.99,50640,622948,199948,1.25,206672,520224,228
fog-k3s-master1,1,2026-06-06 08:50:40 UTC,15047192,15468252,158792,0.99,50640,622948,199948,1.25,206672,520224,228
fog-k3s-master1,1,2026-06-06 08:50:41 UTC,15047192,15468348,158732,0.99,50640,623008,199948,1.25,206672,520320,272
fog-k3s-master1,1,2026-06-06 08:50:42 UTC,15047192,15468348,158724,0.99,50640,623016,199948,1.25,206672,520320,280
fog-k3s-master1,1,2026-06-06 08:50:43 UTC,15047192,15468348,158724,0.99,50640,623016,199948,1.25,206672,520320,280
fog-k3s-master1,1,2026-06-06 08:50:44 UTC,15047192,15468348,158724,0.99,50648,623008,199948,1.25,206672,520320,20
fog-k3s-master1,1,2026-06-06 08:50:45 UTC,15047192,15468348,158724,0.99,50648,623008,199948,1.25,206672,520320,20
fog-k3s-master1,1,2026-06-06 08:50:46 UTC,15046940,15468104,158920,0.99,50648,623064,203400,1.27,208392,520328,332
fog-k3s-master1,1,2026-06-06 08:50:47 UTC,15046940,15468168,158908,0.99,50648,623072,203400,1.27,208392,520388,340
fog-k3s-master1,1,2026-06-06 08:50:48 UTC,15046940,15468168,158896,0.99,50648,623084,203400,1.27,208392,520388,352
fog-k3s-master1,1,2026-06-06 08:50:49 UTC,15046940,15468168,158888,0.99,50648,623092,203400,1.27,208392,520388,124
fog-k3s-master1,1,2026-06-06 08:50:50 UTC,15046940,15468168,158884,0.99,50656,623096,199948,1.25,206744,520388,252
fog-k3s-master1,1,2026-06-06 08:50:51 UTC,15046940,15468176,158876,0.99,50656,623112,199948,1.25,206708,520396,172
fog-k3s-master1,1,2026-06-06 08:50:52 UTC,15046940,15468176,158864,0.99,50656,623124,199948,1.25,206708,520396,184
fog-k3s-master1,1,2026-06-06 08:50:53 UTC,15046940,15468236,158856,0.99,50656,623132,199948,1.25,206708,520456,192
fog-k3s-master1,1,2026-06-06 08:50:54 UTC,15046940,15468236,158844,0.99,50656,623144,199948,1.25,206708,520456,204
fog-k3s-master1,1,2026-06-06 08:50:55 UTC,15046940,15468236,158844,0.99,50664,623136,199948,1.25,206708,520456,204
fog-k3s-master1,1,2026-06-06 08:50:56 UTC,15046940,15468236,158844,0.99,50664,623136,199948,1.25,206708,520456,204
fog-k3s-master1,1,2026-06-06 08:50:57 UTC,15046940,15468236,158844,0.99,50664,623136,199948,1.25,206708,520456,204
fog-k3s-master1,1,2026-06-06 08:50:58 UTC,15046940,15468236,158844,0.99,50664,623136,199948,1.25,206708,520456,204
fog-k3s-master1,1,2026-06-06 08:50:59 UTC,15046940,15468236,158844,0.99,50664,623136,199948,1.25,206708,520456,204
fog-k3s-master1,1,2026-06-06 08:51:00 UTC,15046940,15468236,158844,0.99,50664,623136,199948,1.25,206708,520456,204
fog-k3s-master1,1,2026-06-06 08:51:01 UTC,15046940,15468236,158844,0.99,50672,623128,199948,1.25,206708,520456,204
fog-k3s-master1,1,2026-06-06 08:51:02 UTC,15046940,15468236,158844,0.99,50672,623128,199948,1.25,206708,520456,204
fog-k3s-master1,1,2026-06-06 08:51:03 UTC,15046940,15468236,158844,0.99,50672,623128,199948,1.25,206708,520456,204
fog-k3s-master1,1,2026-06-06 08:51:04 UTC,15046940,15468236,158844,0.99,50672,623128,199948,1.25,206708,520456,204
fog-k3s-master1,1,2026-06-06 08:51:05 UTC,15046940,15468236,158844,0.99,50672,623128,199948,1.25,206708,520456,204
fog-k3s-master1,1,2026-06-06 08:51:06 UTC,15046940,15468236,158844,0.99,50672,623128,199948,1.25,206708,520456,204
fog-k3s-master1,1,2026-06-06 08:51:07 UTC,15046940,15468236,158844,0.99,50680,623120,199948,1.25,206708,520456,204
fog-k3s-master1,1,2026-06-06 08:51:08 UTC,15046940,15468236,158844,0.99,50680,623120,199948,1.25,206708,520456,204
fog-k3s-master1,1,2026-06-06 08:51:09 UTC,15046940,15468236,158844,0.99,50680,623120,199948,1.25,206708,520456,204
fog-k3s-master1,1,2026-06-06 08:51:10 UTC,15046940,15468236,158844,0.99,50680,623120,199948,1.25,206708,520456,0
fog-k3s-master1,1,2026-06-06 08:51:11 UTC,15046940,15468236,158844,0.99,50680,623120,199948,1.25,206708,520456,0
fog-k3s-master1,1,2026-06-06 08:51:12 UTC,15046940,15468236,158844,0.99,50680,623120,199948,1.25,206708,520456,0
fog-k3s-master1,1,2026-06-06 08:51:13 UTC,15046940,15468444,158612,0.99,50688,623336,199948,1.25,206708,520660,84
fog-k3s-master1,1,2026-06-06 08:51:14 UTC,15046940,15468444,158600,0.99,50688,623348,199948,1.25,206708,520660,192
fog-k3s-master1,1,2026-06-06 08:51:15 UTC,15046940,15468444,158592,0.99,50688,623356,199948,1.25,206708,520660,200
fog-k3s-master1,1,2026-06-06 08:51:16 UTC,15046940,15468444,158592,0.99,50688,623356,199948,1.25,206708,520660,200
fog-k3s-master1,1,2026-06-06 08:51:17 UTC,15046940,15468444,158592,0.99,50688,623356,199948,1.25,206708,520660,200
fog-k3s-master1,1,2026-06-06 08:51:18 UTC,15046940,15468444,158592,0.99,50688,623356,199948,1.25,206708,520660,200
fog-k3s-master1,1,2026-06-06 08:51:19 UTC,15046940,15468520,158540,0.99,50696,623396,199948,1.25,206708,520736,68
fog-k3s-master1,1,2026-06-06 08:51:20 UTC,15046940,15468520,158528,0.99,50696,623408,199948,1.25,206708,520736,16
fog-k3s-master1,1,2026-06-06 08:51:21 UTC,15046940,15468520,158528,0.99,50696,623408,199948,1.25,206708,520736,16
fog-k3s-master1,1,2026-06-06 08:51:22 UTC,15046940,15468520,158528,0.99,50696,623408,199948,1.25,206708,520736,16
fog-k3s-master1,1,2026-06-06 08:51:23 UTC,15046940,15468520,158528,0.99,50696,623408,199948,1.25,206708,520736,16
fog-k3s-master1,1,2026-06-06 08:51:24 UTC,15046940,15468520,158528,0.99,50704,623400,199948,1.25,206708,520736,16
fog-k3s-master1,1,2026-06-06 08:51:25 UTC,15046940,15468520,158528,0.99,50704,623400,199948,1.25,206708,520736,16
fog-k3s-master1,1,2026-06-06 08:51:26 UTC,15046940,15468520,158528,0.99,50704,623400,199948,1.25,206708,520736,0
fog-k3s-master1,1,2026-06-06 08:51:27 UTC,15046940,15468520,158528,0.99,50704,623400,199948,1.25,206708,520736,0
fog-k3s-master1,1,2026-06-06 08:51:28 UTC,15046940,15468520,158528,0.99,50704,623400,199948,1.25,206708,520736,0
fog-k3s-master1,1,2026-06-06 08:51:29 UTC,15046940,15468520,158528,0.99,50712,623392,199948,1.25,206708,520736,16
fog-k3s-master1,1,2026-06-06 08:51:30 UTC,15046940,15468520,158528,0.99,50712,623392,199948,1.25,206708,520736,16
fog-k3s-master1,1,2026-06-06 08:51:31 UTC,15046940,15468520,158528,0.99,50712,623392,199948,1.25,206708,520736,16
fog-k3s-master1,1,2026-06-06 08:51:32 UTC,15046940,15468520,158528,0.99,50712,623392,199948,1.25,206708,520736,16
fog-k3s-master1,1,2026-06-06 08:51:33 UTC,15046940,15468520,158528,0.99,50712,623392,199948,1.25,206708,520736,16
fog-k3s-master1,1,2026-06-06 08:51:34 UTC,15046940,15468520,158528,0.99,50720,623384,199948,1.25,206708,520736,0
fog-k3s-master1,1,2026-06-06 08:51:35 UTC,15046940,15468520,158528,0.99,50720,623384,199948,1.25,206708,520736,0
fog-k3s-master1,1,2026-06-06 08:51:36 UTC,15046940,15468520,158528,0.99,50720,623384,199948,1.25,206708,520736,0
fog-k3s-master1,1,2026-06-06 08:51:37 UTC,15046940,15468520,158528,0.99,50720,623384,199948,1.25,206708,520736,0
fog-k3s-master1,1,2026-06-06 08:51:38 UTC,15046940,15468520,158528,0.99,50720,623384,199948,1.25,206708,520736,0
fog-k3s-master1,1,2026-06-06 08:51:39 UTC,15046940,15468520,158528,0.99,50728,623376,199948,1.25,206708,520736,16
fog-k3s-master1,1,2026-06-06 08:51:40 UTC,15046940,15468520,158528,0.99,50728,623376,199948,1.25,206708,520736,16
fog-k3s-master1,1,2026-06-06 08:51:41 UTC,15046940,15468520,158528,0.99,50728,623376,199948,1.25,206708,520736,16
fog-k3s-master1,1,2026-06-06 08:51:42 UTC,15046940,15468520,158528,0.99,50728,623376,199948,1.25,206708,520736,16
fog-k3s-master1,1,2026-06-06 08:51:43 UTC,15046940,15468520,158528,0.99,50728,623376,199948,1.25,206708,520736,16
fog-k3s-master1,1,2026-06-06 08:51:44 UTC,15046940,15468520,158528,0.99,50736,623368,199948,1.25,206708,520736,0
fog-k3s-master1,1,2026-06-06 08:51:45 UTC,15046688,15468512,158480,0.99,50736,623664,199948,1.25,206708,520976,200
fog-k3s-master1,1,2026-06-06 08:51:46 UTC,15046688,15468572,158472,0.99,50736,623672,199948,1.25,206708,521036,208
fog-k3s-master1,1,2026-06-06 08:51:47 UTC,15046688,15468572,158460,0.99,50736,623684,199948,1.25,206708,521036,220
fog-k3s-master1,1,2026-06-06 08:51:48 UTC,15046688,15468572,158448,0.99,50736,623692,199948,1.25,206708,521036,228
fog-k3s-master1,1,2026-06-06 08:51:49 UTC,15046688,15468572,158428,0.99,50744,623704,199948,1.25,206708,521036,256
fog-k3s-master1,1,2026-06-06 08:51:50 UTC,15046688,15468572,158420,0.99,50744,623712,199948,1.25,206708,521036,4
fog-k3s-master1,1,2026-06-06 08:51:51 UTC,15046688,15468572,158420,0.99,50744,623712,199948,1.25,206708,521036,4
fog-k3s-master1,1,2026-06-06 08:51:52 UTC,15046688,15468572,158420,0.99,50744,623712,199948,1.25,206708,521036,4
fog-k3s-master1,1,2026-06-06 08:51:53 UTC,15046688,15468632,158388,0.99,50744,623744,199948,1.25,206708,521096,40
fog-k3s-master1,1,2026-06-06 08:51:54 UTC,15046184,15468128,158884,0.99,50752,623744,199948,1.25,206708,521096,48
fog-k3s-master1,1,2026-06-06 08:51:55 UTC,15046184,15468128,158872,0.99,50752,623756,199948,1.25,206708,521096,60
fog-k3s-master1,1,2026-06-06 08:51:56 UTC,15046184,15468128,158872,0.99,50752,623756,199948,1.25,206708,521096,60
fog-k3s-master1,1,2026-06-06 08:51:57 UTC,15046184,15468128,158872,0.99,50752,623756,199948,1.25,206708,521096,60
fog-k3s-master1,1,2026-06-06 08:51:58 UTC,15046184,15468128,158872,0.99,50752,623756,199948,1.25,206708,521096,60
fog-k3s-master1,1,2026-06-06 08:51:59 UTC,15046184,15468248,158816,0.99,50760,623804,199948,1.25,206708,521216,220
fog-k3s-master1,1,2026-06-06 08:52:00 UTC,15046184,15468248,158804,0.99,50760,623816,199948,1.25,206708,521216,212
fog-k3s-master1,1,2026-06-06 08:52:01 UTC,15046184,15468248,158796,0.99,50760,623824,199948,1.25,206708,521216,220
fog-k3s-master1,1,2026-06-06 08:52:02 UTC,15046184,15468292,158784,0.99,50760,623836,199948,1.25,206708,521260,168
fog-k3s-master1,1,2026-06-06 08:52:03 UTC,15046184,15468292,158776,0.99,50760,623844,199948,1.25,206708,521260,180
fog-k3s-master1,1,2026-06-06 08:52:04 UTC,15046184,15468292,158776,0.99,50768,623836,199948,1.25,206708,521260,180
fog-k3s-master1,1,2026-06-06 08:52:05 UTC,15046184,15468292,158776,0.99,50768,623836,199948,1.25,206708,521260,180
fog-k3s-master1,1,2026-06-06 08:52:06 UTC,15048264,15470372,156696,0.98,50768,623836,199948,1.25,206708,521260,180
fog-k3s-master1,1,2026-06-06 08:52:07 UTC,15048264,15470372,156696,0.98,50768,623836,199948,1.25,206708,521260,180
fog-k3s-master1,1,2026-06-06 08:52:08 UTC,15048264,15470372,156696,0.98,50768,623836,199948,1.25,206708,521260,180
fog-k3s-master1,1,2026-06-06 08:52:09 UTC,15048264,15470372,156696,0.98,50776,623828,199948,1.25,206708,521260,180
fog-k3s-master1,1,2026-06-06 08:52:10 UTC,15048264,15470372,156696,0.98,50776,623828,199948,1.25,206708,521260,180
fog-k3s-master1,1,2026-06-06 08:52:11 UTC,15048264,15470372,156696,0.98,50776,623828,199948,1.25,206708,521260,180
fog-k3s-master1,1,2026-06-06 08:52:12 UTC,15048264,15470372,156696,0.98,50776,623828,199948,1.25,206708,521260,180
fog-k3s-master1,1,2026-06-06 08:52:13 UTC,15048264,15470372,156696,0.98,50776,623828,199948,1.25,206708,521260,180
fog-k3s-master1,1,2026-06-06 08:52:14 UTC,15048264,15470372,156696,0.98,50776,623828,199948,1.25,206708,521260,180
fog-k3s-master1,1,2026-06-06 08:52:15 UTC,15048264,15470372,156696,0.98,50784,623820,199948,1.25,206708,521260,180
fog-k3s-master1,1,2026-06-06 08:52:16 UTC,15048264,15470372,156696,0.98,50784,623820,199948,1.25,206708,521260,180
fog-k3s-master1,1,2026-06-06 08:52:17 UTC,15048264,15470372,156696,0.98,50784,623820,199948,1.25,206708,521260,180
fog-k3s-master1,1,2026-06-06 08:52:18 UTC,15048264,15470372,156696,0.98,50784,623820,199948,1.25,206708,521260,180
fog-k3s-master1,1,2026-06-06 08:52:19 UTC,15048264,15470372,156696,0.98,50784,623820,199948,1.25,206708,521260,180
fog-k3s-master1,1,2026-06-06 08:52:20 UTC,15048264,15470372,156696,0.98,50784,623820,199948,1.25,206708,521260,0
fog-k3s-master1,1,2026-06-06 08:52:21 UTC,15048264,15470372,156696,0.98,50792,623812,199948,1.25,206708,521260,0
fog-k3s-master1,1,2026-06-06 08:52:22 UTC,15048264,15470372,156696,0.98,50792,623812,199948,1.25,206708,521260,0
fog-k3s-master1,1,2026-06-06 08:52:23 UTC,15048408,15470720,156308,0.98,50792,624048,199948,1.25,206708,521460,64
fog-k3s-master1,1,2026-06-06 08:52:24 UTC,15048408,15470720,156296,0.98,50792,624060,199948,1.25,206708,521460,232
fog-k3s-master1,1,2026-06-06 08:52:25 UTC,15048408,15470720,156288,0.98,50792,624068,199948,1.25,206708,521460,240
fog-k3s-master1,1,2026-06-06 08:52:26 UTC,15048408,15470720,156288,0.98,50792,624068,199948,1.25,206708,521460,240
fog-k3s-master1,1,2026-06-06 08:52:27 UTC,15048408,15470720,156288,0.98,50800,624060,199948,1.25,206708,521460,240
fog-k3s-master1,1,2026-06-06 08:52:28 UTC,15048408,15470720,156288,0.98,50800,624060,199948,1.25,206708,521460,240
fog-k3s-master1,1,2026-06-06 08:52:29 UTC,15048156,15470528,156492,0.98,50800,624108,199948,1.25,206708,521520,52
fog-k3s-master1,1,2026-06-06 08:52:30 UTC,15048156,15470528,156480,0.98,50800,624120,199948,1.25,206708,521520,64
fog-k3s-master1,1,2026-06-06 08:52:31 UTC,15048156,15470528,156480,0.98,50800,624120,199948,1.25,206708,521520,64
fog-k3s-master1,1,2026-06-06 08:52:32 UTC,15048156,15470528,156480,0.98,50800,624120,199948,1.25,206708,521520,64
fog-k3s-master1,1,2026-06-06 08:52:33 UTC,15048156,15470528,156480,0.98,50808,624112,199948,1.25,206708,521520,64
fog-k3s-master1,1,2026-06-06 08:52:34 UTC,15048156,15470528,156480,0.98,50808,624112,199948,1.25,206708,521520,64
fog-k3s-master1,1,2026-06-06 08:52:35 UTC,15048156,15470528,156480,0.98,50808,624112,199948,1.25,206708,521520,64
fog-k3s-master1,1,2026-06-06 08:52:36 UTC,15048156,15470528,156480,0.98,50808,624112,199948,1.25,206708,521520,64
fog-k3s-master1,1,2026-06-06 08:52:37 UTC,15048156,15470528,156480,0.98,50808,624112,199948,1.25,206708,521520,64
fog-k3s-master1,1,2026-06-06 08:52:38 UTC,15048156,15470528,156480,0.98,50816,624104,199948,1.25,206708,521520,0
fog-k3s-master1,1,2026-06-06 08:52:39 UTC,15048156,15470656,156368,0.98,50816,624212,202924,1.27,207656,521644,184
fog-k3s-master1,1,2026-06-06 08:52:40 UTC,15048156,15470716,156356,0.98,50816,624220,203396,1.27,208368,521704,296
fog-k3s-master1,1,2026-06-06 08:52:41 UTC,15048156,15470716,156344,0.98,50816,624232,203396,1.27,208368,521704,308
fog-k3s-master1,1,2026-06-06 08:52:42 UTC,15048156,15470716,156344,0.98,50816,624232,203396,1.27,208368,521704,308
fog-k3s-master1,1,2026-06-06 08:52:43 UTC,15048156,15470716,156324,0.98,50824,624244,199948,1.25,206724,521704,328
fog-k3s-master1,1,2026-06-06 08:52:44 UTC,15048156,15470716,156312,0.98,50824,624256,199948,1.25,206724,521704,340
fog-k3s-master1,1,2026-06-06 08:52:45 UTC,15048156,15470716,156312,0.98,50824,624256,199948,1.25,206724,521704,80
fog-k3s-master1,1,2026-06-06 08:52:46 UTC,15048156,15470784,156288,0.98,50824,624284,199948,1.25,206680,521772,60
fog-k3s-master1,1,2026-06-06 08:52:47 UTC,15048156,15470784,156280,0.98,50824,624292,199948,1.25,206680,521772,68
fog-k3s-master1,1,2026-06-06 08:52:48 UTC,15046776,15469404,157648,0.99,50824,624304,202924,1.27,207832,521772,80
fog-k3s-master1,1,2026-06-06 08:52:49 UTC,15046776,15469404,157640,0.99,50832,624304,203132,1.27,208156,521772,96
fog-k3s-master1,1,2026-06-06 08:52:50 UTC,15046776,15469408,157608,0.99,50832,624328,203132,1.27,208396,521772,296
fog-k3s-master1,1,2026-06-06 08:52:51 UTC,15046776,15469420,157600,0.99,50832,624336,199948,1.25,206712,521784,328
fog-k3s-master1,1,2026-06-06 08:52:52 UTC,15046776,15469420,157600,0.99,50832,624336,199948,1.25,206712,521784,328
fog-k3s-master1,1,2026-06-06 08:52:53 UTC,15046776,15469420,157600,0.99,50832,624336,199948,1.25,206712,521784,328
fog-k3s-master1,1,2026-06-06 08:52:54 UTC,15046776,15469420,157600,0.99,50840,624328,199948,1.25,206712,521784,68
fog-k3s-master1,1,2026-06-06 08:52:55 UTC,15046776,15469480,157544,0.99,50840,624380,199948,1.25,206720,521844,256
fog-k3s-master1,1,2026-06-06 08:52:56 UTC,15046776,15469480,157536,0.99,50840,624388,199948,1.25,206720,521844,200
fog-k3s-master1,1,2026-06-06 08:52:57 UTC,15045768,15468472,158544,0.99,50840,624388,199948,1.25,206720,521844,200
fog-k3s-master1,1,2026-06-06 08:52:58 UTC,15045768,15468472,158544,0.99,50840,624388,199948,1.25,206720,521844,200
fog-k3s-master1,1,2026-06-06 08:52:59 UTC,15045768,15468472,158544,0.99,50848,624380,199948,1.25,206720,521844,200
fog-k3s-master1,1,2026-06-06 08:53:00 UTC,15045768,15468472,158544,0.99,50848,624380,199948,1.25,206720,521844,200
fog-k3s-master1,1,2026-06-06 08:53:01 UTC,15045768,15468472,158544,0.99,50848,624380,199948,1.25,206720,521844,200
fog-k3s-master1,1,2026-06-06 08:53:02 UTC,15045768,15468532,158476,0.99,50848,624448,199948,1.25,206720,521904,44
fog-k3s-master1,1,2026-06-06 08:53:03 UTC,15045768,15468592,158464,0.99,50848,624460,199948,1.25,206720,521964,60
fog-k3s-master1,1,2026-06-06 08:53:04 UTC,15045768,15468592,158464,0.99,50856,624452,199948,1.25,206720,521964,60
fog-k3s-master1,1,2026-06-06 08:53:05 UTC,15045768,15468592,158464,0.99,50856,624452,199948,1.25,206720,521964,60
fog-k3s-master1,1,2026-06-06 08:53:06 UTC,15045768,15468592,158464,0.99,50856,624452,199948,1.25,206720,521964,60
fog-k3s-master1,1,2026-06-06 08:53:07 UTC,15045768,15468592,158464,0.99,50856,624452,199948,1.25,206720,521964,60
fog-k3s-master1,1,2026-06-06 08:53:08 UTC,15045768,15468592,158464,0.99,50856,624452,199948,1.25,206720,521964,0
fog-k3s-master1,1,2026-06-06 08:53:09 UTC,15045768,15468592,158464,0.99,50864,624444,199948,1.25,206720,521964,60
fog-k3s-master1,1,2026-06-06 08:53:10 UTC,15045768,15468592,158464,0.99,50864,624444,199948,1.25,206720,521964,60
fog-k3s-master1,1,2026-06-06 08:53:11 UTC,15045768,15468592,158464,0.99,50864,624444,199948,1.25,206720,521964,60
fog-k3s-master1,1,2026-06-06 08:53:12 UTC,15045768,15468592,158464,0.99,50864,624444,199948,1.25,206720,521964,60
fog-k3s-master1,1,2026-06-06 08:53:13 UTC,15045768,15468592,158464,0.99,50864,624444,199948,1.25,206720,521964,60
fog-k3s-master1,1,2026-06-06 08:53:14 UTC,15045768,15468592,158464,0.99,50872,624436,199948,1.25,206720,521964,0
fog-k3s-master1,1,2026-06-06 08:53:15 UTC,15045768,15468592,158464,0.99,50872,624436,199948,1.25,206720,521964,0
fog-k3s-master1,1,2026-06-06 08:53:16 UTC,15045768,15468592,158464,0.99,50872,624436,199948,1.25,206720,521964,0
fog-k3s-master1,1,2026-06-06 08:53:17 UTC,15045768,15468592,158464,0.99,50872,624436,199948,1.25,206720,521964,0
fog-k3s-master1,1,2026-06-06 08:53:18 UTC,15045768,15468592,158464,0.99,50872,624436,199948,1.25,206720,521964,0
fog-k3s-master1,1,2026-06-06 08:53:19 UTC,15045768,15468592,158464,0.99,50880,624428,199948,1.25,206720,521964,0
fog-k3s-master1,1,2026-06-06 08:53:20 UTC,15045768,15468592,158464,0.99,50880,624428,199948,1.25,206720,521964,0
fog-k3s-master1,1,2026-06-06 08:53:21 UTC,15045768,15468592,158464,0.99,50880,624428,199948,1.25,206720,521964,0
fog-k3s-master1,1,2026-06-06 08:53:22 UTC,15045768,15468592,158464,0.99,50880,624428,199948,1.25,206720,521964,0
fog-k3s-master1,1,2026-06-06 08:53:23 UTC,15045768,15468592,158464,0.99,50880,624428,199948,1.25,206720,521964,0
fog-k3s-master1,1,2026-06-06 08:53:24 UTC,15045768,15468592,158464,0.99,50888,624420,199948,1.25,206720,521964,60
fog-k3s-master1,1,2026-06-06 08:53:25 UTC,15045768,15468592,158464,0.99,50888,624420,199948,1.25,206720,521964,60
fog-k3s-master1,1,2026-06-06 08:53:26 UTC,15045768,15468592,158464,0.99,50888,624420,199948,1.25,206720,521964,60
fog-k3s-master1,1,2026-06-06 08:53:27 UTC,15045768,15468592,158464,0.99,50888,624420,199948,1.25,206720,521964,320
fog-k3s-master1,1,2026-06-06 08:53:28 UTC,15045784,15468912,158136,0.99,50888,624716,203396,1.27,208320,522264,320
fog-k3s-master1,1,2026-06-06 08:53:29 UTC,15045784,15468912,158124,0.99,50896,624720,203396,1.27,208320,522264,76
fog-k3s-master1,1,2026-06-06 08:53:30 UTC,15045784,15468912,158124,0.99,50896,624720,203396,1.27,208320,522264,76
fog-k3s-master1,1,2026-06-06 08:53:31 UTC,15045784,15468920,158096,0.99,50896,624748,199948,1.25,206688,522272,96
fog-k3s-master1,1,2026-06-06 08:53:32 UTC,15045784,15468920,158084,0.99,50896,624760,199948,1.25,206688,522272,40
fog-k3s-master1,1,2026-06-06 08:53:33 UTC,15048788,15471984,155072,0.97,50896,624768,199948,1.25,206688,522332,188
fog-k3s-master1,1,2026-06-06 08:53:34 UTC,15048788,15471984,155060,0.97,50896,624780,199948,1.25,206688,522332,296
fog-k3s-master1,1,2026-06-06 08:53:35 UTC,15048788,15471984,155076,0.97,50904,624788,199948,1.25,206688,522332,40
fog-k3s-master1,1,2026-06-06 08:53:36 UTC,15048788,15471984,155076,0.97,50904,624788,199948,1.25,206688,522332,32
fog-k3s-master1,1,2026-06-06 08:53:37 UTC,15048788,15471984,155076,0.97,50904,624788,199948,1.25,206688,522332,32
fog-k3s-master1,1,2026-06-06 08:53:38 UTC,15048788,15471988,155040,0.97,50904,624820,199948,1.25,206688,522332,0
fog-k3s-master1,1,2026-06-06 08:53:39 UTC,15048788,15472048,155032,0.97,50904,624828,199948,1.25,206688,522392,12
fog-k3s-master1,1,2026-06-06 08:53:40 UTC,15048788,15472048,155020,0.97,50912,624832,199948,1.25,206688,522392,24
fog-k3s-master1,1,2026-06-06 08:53:41 UTC,15048788,15472048,155020,0.97,50912,624832,199948,1.25,206688,522392,24
fog-k3s-master1,1,2026-06-06 08:53:42 UTC,15048788,15472048,155020,0.97,50912,624832,199948,1.25,206688,522392,24
fog-k3s-master1,1,2026-06-06 08:53:43 UTC,15048788,15472048,155020,0.97,50912,624832,199948,1.25,206688,522392,24
fog-k3s-master1,1,2026-06-06 08:53:44 UTC,15048788,15472048,155020,0.97,50912,624832,199948,1.25,206688,522392,24
fog-k3s-master1,1,2026-06-06 08:53:45 UTC,15048788,15472048,155020,0.97,50912,624832,199948,1.25,206688,522392,24
fog-k3s-master1,1,2026-06-06 08:53:46 UTC,15045544,15468880,158188,0.99,50920,624900,202928,1.27,208080,522468,52
fog-k3s-master1,1,2026-06-06 08:53:47 UTC,15045544,15468880,158172,0.99,50920,624912,199948,1.25,206808,522468,68
fog-k3s-master1,1,2026-06-06 08:53:48 UTC,15045544,15468880,158176,0.99,50920,624912,199948,1.25,206740,522468,68
fog-k3s-master1,1,2026-06-06 08:53:49 UTC,15045544,15468880,158176,0.99,50920,624912,199948,1.25,206740,522468,68
fog-k3s-master1,1,2026-06-06 08:53:50 UTC,15045544,15468880,158176,0.99,50920,624912,199948,1.25,206740,522468,68
fog-k3s-master1,1,2026-06-06 08:53:51 UTC,15045544,15468880,158176,0.99,50920,624912,199948,1.25,206740,522468,68
fog-k3s-master1,1,2026-06-06 08:53:52 UTC,15045544,15468880,158176,0.99,50928,624904,199948,1.25,206740,522468,68
fog-k3s-master1,1,2026-06-06 08:53:53 UTC,15045544,15468880,158176,0.99,50928,624904,199948,1.25,206740,522468,0
fog-k3s-master1,1,2026-06-06 08:53:54 UTC,15045544,15468880,158176,0.99,50928,624904,199948,1.25,206740,522468,68
fog-k3s-master1,1,2026-06-06 08:53:55 UTC,15045544,15468880,158176,0.99,50928,624904,199948,1.25,206740,522468,68
fog-k3s-master1,1,2026-06-06 08:53:56 UTC,15045544,15468880,158176,0.99,50928,624904,199948,1.25,206740,522468,68
fog-k3s-master1,1,2026-06-06 08:53:57 UTC,15045544,15468880,158176,0.99,50936,624896,199948,1.25,206740,522468,68
fog-k3s-master1,1,2026-06-06 08:53:58 UTC,15045544,15468880,158176,0.99,50936,624896,199948,1.25,206740,522468,68
fog-k3s-master1,1,2026-06-06 08:53:59 UTC,15045544,15468880,158176,0.99,50936,624896,199948,1.25,206740,522468,68
fog-k3s-master1,1,2026-06-06 08:54:00 UTC,15045544,15468880,158176,0.99,50936,624896,199948,1.25,206740,522468,68
fog-k3s-master1,1,2026-06-06 08:54:01 UTC,15045544,15468880,158176,0.99,50936,624896,199948,1.25,206740,522468,68
fog-k3s-master1,1,2026-06-06 08:54:02 UTC,15045544,15468880,158176,0.99,50936,624896,199948,1.25,206740,522468,0
fog-k3s-master1,1,2026-06-06 08:54:03 UTC,15045544,15468880,158176,0.99,50944,624888,199948,1.25,206740,522468,0
fog-k3s-master1,1,2026-06-06 08:54:04 UTC,15045544,15468880,158176,0.99,50944,624888,199948,1.25,206740,522468,68
fog-k3s-master1,1,2026-06-06 08:54:05 UTC,15045544,15468880,158176,0.99,50944,624888,199948,1.25,206740,522468,68
fog-k3s-master1,1,2026-06-06 08:54:06 UTC,15045544,15468880,158176,0.99,50944,624888,199948,1.25,206740,522468,68
fog-k3s-master1,1,2026-06-06 08:54:07 UTC,15045544,15468880,158176,0.99,50944,624888,199948,1.25,206740,522468,68
fog-k3s-master1,1,2026-06-06 08:54:08 UTC,15045544,15468880,158176,0.99,50944,624888,199948,1.25,206740,522468,68
fog-k3s-master1,1,2026-06-06 08:54:09 UTC,15045544,15468880,158176,0.99,50952,624880,199948,1.25,206740,522468,68
fog-k3s-master1,1,2026-06-06 08:54:10 UTC,15045544,15469140,158176,0.99,50952,624880,199948,1.25,206740,522728,68
fog-k3s-master1,1,2026-06-06 08:54:11 UTC,15045544,15469144,157892,0.99,50952,625156,199948,1.25,206692,522728,224
fog-k3s-master1,1,2026-06-06 08:54:12 UTC,15045544,15469144,157884,0.99,50952,625164,199948,1.25,206692,522728,232
fog-k3s-master1,1,2026-06-06 08:54:13 UTC,15045544,15469144,157884,0.99,50952,625164,199948,1.25,206692,522728,232
fog-k3s-master1,1,2026-06-06 08:54:14 UTC,15045544,15469144,157884,0.99,50960,625156,199948,1.25,206692,522728,232
fog-k3s-master1,1,2026-06-06 08:54:15 UTC,15045544,15469144,157884,0.99,50960,625156,199948,1.25,206692,522728,232
fog-k3s-master1,1,2026-06-06 08:54:16 UTC,15045544,15469144,157884,0.99,50960,625156,199948,1.25,206692,522728,232
fog-k3s-master1,1,2026-06-06 08:54:17 UTC,15045544,15469144,157884,0.99,50960,625156,199948,1.25,206692,522728,232
fog-k3s-master1,1,2026-06-06 08:54:18 UTC,15045544,15469144,157884,0.99,50960,625156,199948,1.25,206692,522728,232
fog-k3s-master1,1,2026-06-06 08:54:19 UTC,15045544,15469144,157884,0.99,50968,625148,199948,1.25,206692,522728,232
fog-k3s-master1,1,2026-06-06 08:54:20 UTC,15045544,15469144,157884,0.99,50968,625148,199948,1.25,206692,522728,232
fog-k3s-master1,1,2026-06-06 08:54:21 UTC,15045544,15469144,157884,0.99,50968,625148,199948,1.25,206692,522728,232
fog-k3s-master1,1,2026-06-06 08:54:22 UTC,15045544,15469144,157884,0.99,50968,625148,199948,1.25,206692,522728,232
fog-k3s-master1,1,2026-06-06 08:54:23 UTC,15045544,15469144,157884,0.99,50968,625148,199948,1.25,206692,522728,232
fog-k3s-master1,1,2026-06-06 08:54:24 UTC,15045544,15469144,157884,0.99,50976,625140,199948,1.25,206692,522728,492
fog-k3s-master1,1,2026-06-06 08:54:25 UTC,15045544,15469144,157884,0.99,50976,625140,199948,1.25,206692,522728,492
fog-k3s-master1,1,2026-06-06 08:54:26 UTC,15045544,15469364,157712,0.99,50976,625308,199948,1.25,206692,522948,184
fog-k3s-master1,1,2026-06-06 08:54:27 UTC,15045544,15469364,157704,0.99,50976,625316,199948,1.25,206692,522948,196
fog-k3s-master1,1,2026-06-06 08:54:28 UTC,15045544,15469364,157692,0.99,50976,625328,199948,1.25,206692,522948,208
fog-k3s-master1,1,2026-06-06 08:54:29 UTC,15045544,15469364,157684,0.99,50984,625328,199948,1.25,206692,522948,216
fog-k3s-master1,1,2026-06-06 08:54:30 UTC,15045544,15469380,157664,0.99,50984,625348,199948,1.25,206692,522964,44
fog-k3s-master1,1,2026-06-06 08:54:31 UTC,15045544,15469380,157652,0.99,50984,625360,199948,1.25,206692,522964,56
fog-k3s-master1,1,2026-06-06 08:54:32 UTC,15045544,15469440,157644,0.99,50984,625368,199948,1.25,206692,523024,0
fog-k3s-master1,1,2026-06-06 08:54:33 UTC,15045544,15469440,157632,0.99,50984,625380,199948,1.25,206692,523024,16
fog-k3s-master1,1,2026-06-06 08:54:34 UTC,15045544,15469440,157632,0.99,50992,625372,199948,1.25,206692,523024,16
fog-k3s-master1,1,2026-06-06 08:54:35 UTC,15045544,15469440,157604,0.99,50992,625400,199948,1.25,206692,523024,232
fog-k3s-master1,1,2026-06-06 08:54:36 UTC,15045544,15469440,157596,0.99,50992,625408,199948,1.25,206692,523024,240
fog-k3s-master1,1,2026-06-06 08:54:37 UTC,15045544,15469444,157580,0.99,50992,625420,199948,1.25,206692,523024,252
fog-k3s-master1,1,2026-06-06 08:54:38 UTC,15045544,15469504,157572,0.99,50992,625428,199948,1.25,206692,523084,260
fog-k3s-master1,1,2026-06-06 08:54:39 UTC,15048552,15472524,154552,0.97,51000,625432,202924,1.27,207472,523096,0
fog-k3s-master1,1,2026-06-06 08:54:40 UTC,15048300,15472288,154784,0.97,51000,625448,203396,1.27,208352,523112,196
fog-k3s-master1,1,2026-06-06 08:54:41 UTC,15048300,15472288,154772,0.97,51000,625460,203396,1.27,208352,523112,208
fog-k3s-master1,1,2026-06-06 08:54:42 UTC,15048300,15472288,154760,0.97,51000,625472,203396,1.27,208352,523112,220
fog-k3s-master1,1,2026-06-06 08:54:43 UTC,15048300,15472288,154760,0.97,51000,625472,203396,1.27,208352,523112,220
fog-k3s-master1,1,2026-06-06 08:54:44 UTC,15048300,15472288,154760,0.97,51008,625464,203396,1.27,208352,523112,220
fog-k3s-master1,1,2026-06-06 08:54:45 UTC,15048300,15472356,154732,0.97,51008,625500,199948,1.25,206664,523180,44
fog-k3s-master1,1,2026-06-06 08:54:46 UTC,15048300,15472356,154720,0.97,51008,625512,199948,1.25,206664,523180,56
fog-k3s-master1,1,2026-06-06 08:54:47 UTC,15048300,15472356,154712,0.97,51008,625520,199948,1.25,206664,523180,64
fog-k3s-master1,1,2026-06-06 08:54:48 UTC,15048300,15472356,154700,0.97,51008,625532,199948,1.25,206664,523180,76
fog-k3s-master1,1,2026-06-06 08:54:49 UTC,15048300,15472356,154692,0.97,51016,625532,199948,1.25,206664,523180,84
fog-k3s-master1,1,2026-06-06 08:54:50 UTC,15048300,15472416,154672,0.97,51016,625552,199948,1.25,206664,523240,4
fog-k3s-master1,1,2026-06-06 08:54:51 UTC,15048300,15472416,154664,0.97,51016,625560,199948,1.25,206664,523240,16
fog-k3s-master1,1,2026-06-06 08:54:52 UTC,15048300,15472420,154648,0.97,51016,625572,199948,1.25,206664,523240,28
fog-k3s-master1,1,2026-06-06 08:54:53 UTC,15048300,15472420,154640,0.97,51016,625580,199948,1.25,206664,523240,36
fog-k3s-master1,1,2026-06-06 08:54:54 UTC,15048300,15472420,154628,0.97,51024,625584,199948,1.25,206664,523240,48
fog-k3s-master1,1,2026-06-06 08:54:55 UTC,15048300,15472420,154608,0.97,51024,625604,199948,1.25,206664,523240,248
fog-k3s-master1,1,2026-06-06 08:54:56 UTC,15048300,15472480,154600,0.97,51024,625612,199948,1.25,206664,523300,192
fog-k3s-master1,1,2026-06-06 08:54:57 UTC,15048300,15472480,154600,0.97,51024,625612,199948,1.25,206664,523300,192
fog-k3s-master1,1,2026-06-06 08:54:58 UTC,15048300,15472480,154580,0.97,51024,625632,199948,1.25,206664,523300,216
fog-k3s-master1,1,2026-06-06 08:54:59 UTC,15048300,15472480,154568,0.97,51032,625636,199948,1.25,206664,523300,228
fog-k3s-master1,1,2026-06-06 08:55:00 UTC,15046284,15470464,156584,0.98,51032,625636,199948,1.25,206664,523300,228
fog-k3s-master1,1,2026-06-06 08:55:01 UTC,15043292,15467488,159548,1.00,51032,625664,202800,1.27,207828,523316,60
fog-k3s-master1,1,2026-06-06 08:55:02 UTC,15043040,15467296,159784,1.00,51032,625676,203400,1.27,208164,523376,248
fog-k3s-master1,1,2026-06-06 08:55:03 UTC,15043040,15467296,159752,1.00,51032,625688,203400,1.27,208388,523376,268
fog-k3s-master1,1,2026-06-06 08:55:04 UTC,15043040,15467296,159744,1.00,51040,625688,199948,1.25,206700,523376,276
fog-k3s-master1,1,2026-06-06 08:55:05 UTC,15043040,15467296,159724,1.00,51040,625708,199948,1.25,206700,523376,80
fog-k3s-master1,1,2026-06-06 08:55:06 UTC,15043040,15467296,159724,1.00,51040,625708,199948,1.25,206700,523376,80
fog-k3s-master1,1,2026-06-06 08:55:07 UTC,15043040,15467344,159704,1.00,51040,625728,199948,1.25,206720,523424,96
fog-k3s-master1,1,2026-06-06 08:55:08 UTC,15043040,15467344,159688,1.00,51040,625740,199948,1.25,206720,523424,40
fog-k3s-master1,1,2026-06-06 08:55:09 UTC,15043040,15467344,159688,1.00,51048,625732,199948,1.25,206720,523424,40
fog-k3s-master1,1,2026-06-06 08:55:10 UTC,15043040,15467344,159688,1.00,51048,625732,199948,1.25,206720,523424,40
fog-k3s-master1,1,2026-06-06 08:55:11 UTC,15043040,15467344,159688,1.00,51048,625732,199948,1.25,206720,523424,40
fog-k3s-master1,1,2026-06-06 08:55:12 UTC,15043040,15467344,159688,1.00,51048,625732,199948,1.25,206720,523424,40
fog-k3s-master1,1,2026-06-06 08:55:13 UTC,15043040,15467344,159688,1.00,51048,625732,199948,1.25,206720,523424,40
fog-k3s-master1,1,2026-06-06 08:55:14 UTC,15043040,15467344,159688,1.00,51056,625724,199948,1.25,206720,523424,40
fog-k3s-master1,1,2026-06-06 08:55:15 UTC,15043040,15467344,159688,1.00,51056,625724,199948,1.25,206720,523424,40
fog-k3s-master1,1,2026-06-06 08:55:16 UTC,15043040,15467344,159688,1.00,51056,625724,199948,1.25,206720,523424,40
fog-k3s-master1,1,2026-06-06 08:55:17 UTC,15043040,15467344,159688,1.00,51056,625724,199948,1.25,206720,523424,40
fog-k3s-master1,1,2026-06-06 08:55:18 UTC,15043040,15467344,159688,1.00,51056,625724,199948,1.25,206720,523424,40
fog-k3s-master1,1,2026-06-06 08:55:19 UTC,15043040,15467344,159688,1.00,51064,625716,199948,1.25,206720,523424,300
fog-k3s-master1,1,2026-06-06 08:55:20 UTC,15043040,15467488,159544,1.00,51064,625860,199948,1.25,206720,523568,4
fog-k3s-master1,1,2026-06-06 08:55:21 UTC,15043040,15467488,159532,1.00,51064,625872,199948,1.25,206720,523568,20
fog-k3s-master1,1,2026-06-06 08:55:22 UTC,15043040,15467488,159532,1.00,51064,625872,199948,1.25,206720,523568,20
fog-k3s-master1,1,2026-06-06 08:55:23 UTC,15043040,15467488,159532,1.00,51064,625872,199948,1.25,206720,523568,20
fog-k3s-master1,1,2026-06-06 08:55:24 UTC,15043040,15467552,159500,1.00,51072,625892,199948,1.25,206720,523628,48
fog-k3s-master1,1,2026-06-06 08:55:25 UTC,15043040,15467552,159488,1.00,51072,625904,199948,1.25,206720,523628,60
fog-k3s-master1,1,2026-06-06 08:55:26 UTC,15043040,15467552,159488,1.00,51072,625904,199948,1.25,206720,523628,60
fog-k3s-master1,1,2026-06-06 08:55:27 UTC,15043040,15467560,159460,1.00,51072,625932,199948,1.25,206720,523636,200
fog-k3s-master1,1,2026-06-06 08:55:28 UTC,15043040,15467560,159452,1.00,51072,625940,199948,1.25,206720,523636,208
fog-k3s-master1,1,2026-06-06 08:55:29 UTC,15043040,15467568,159432,1.00,51080,625952,199948,1.25,206720,523644,40
fog-k3s-master1,1,2026-06-06 08:55:30 UTC,15043040,15467628,159420,1.00,51080,625964,199948,1.25,206720,523704,52
fog-k3s-master1,1,2026-06-06 08:55:31 UTC,15043040,15467628,159412,1.00,51080,625972,199948,1.25,206720,523704,60
fog-k3s-master1,1,2026-06-06 08:55:32 UTC,15043040,15467628,159400,1.00,51080,625984,199948,1.25,206720,523704,4
fog-k3s-master1,1,2026-06-06 08:55:33 UTC,15043040,15467628,159392,1.00,51080,625992,199948,1.25,206720,523704,16
fog-k3s-master1,1,2026-06-06 08:55:34 UTC,15043040,15467628,159372,1.00,51088,626004,199948,1.25,206720,523704,216
fog-k3s-master1,1,2026-06-06 08:55:35 UTC,15043040,15467636,159364,1.00,51088,626012,199948,1.25,206720,523712,60
fog-k3s-master1,1,2026-06-06 08:55:36 UTC,15043040,15467696,159352,1.00,51088,626024,199948,1.25,206720,523772,72
fog-k3s-master1,1,2026-06-06 08:55:37 UTC,15043040,15467696,159344,1.00,51088,626032,199948,1.25,206720,523772,80
fog-k3s-master1,1,2026-06-06 08:55:38 UTC,15043040,15467696,159328,1.00,51088,626044,199948,1.25,206720,523772,28
fog-k3s-master1,1,2026-06-06 08:55:39 UTC,15043040,15467696,159320,1.00,51096,626044,199948,1.25,206720,523772,40
fog-k3s-master1,1,2026-06-06 08:55:40 UTC,15043040,15467696,159300,1.00,51096,626064,199948,1.25,206720,523772,216
fog-k3s-master1,1,2026-06-06 08:55:41 UTC,15043040,15467696,159292,1.00,51096,626072,199948,1.25,206720,523772,224
fog-k3s-master1,1,2026-06-06 08:55:42 UTC,15043040,15467696,159292,1.00,51096,626072,199948,1.25,206720,523772,224
fog-k3s-master1,1,2026-06-06 08:55:43 UTC,15043040,15467756,159268,1.00,51096,626096,199948,1.25,206720,523832,248
fog-k3s-master1,1,2026-06-06 08:55:44 UTC,15043040,15467756,159260,1.00,51096,626104,199948,1.25,206720,523832,188
fog-k3s-master1,1,2026-06-06 08:55:45 UTC,15043040,15467756,159240,1.00,51104,626116,199948,1.25,206720,523832,16
fog-k3s-master1,1,2026-06-06 08:55:46 UTC,15043040,15467756,159232,1.00,51104,626124,199948,1.25,206720,523832,24
fog-k3s-master1,1,2026-06-06 08:55:47 UTC,15043040,15467816,159220,1.00,51104,626136,199948,1.25,206720,523892,36
fog-k3s-master1,1,2026-06-06 08:55:48 UTC,15043040,15467816,159212,1.00,51104,626144,199948,1.25,206720,523892,44
fog-k3s-master1,1,2026-06-06 08:55:49 UTC,15043040,15467816,159200,1.00,51104,626156,199948,1.25,206720,523892,220
fog-k3s-master1,1,2026-06-06 08:55:50 UTC,15043040,15467832,159192,1.00,51104,626164,199948,1.25,206720,523908,4
fog-k3s-master1,1,2026-06-06 08:55:51 UTC,15043040,15467832,159172,1.00,51112,626176,199948,1.25,206720,523908,48
fog-k3s-master1,1,2026-06-06 08:55:52 UTC,15043040,15467832,159164,1.00,51112,626184,199948,1.25,206720,523908,56
fog-k3s-master1,1,2026-06-06 08:55:53 UTC,15043040,15467892,159152,1.00,51112,626196,199948,1.25,206720,523968,68
fog-k3s-master1,1,2026-06-06 08:55:54 UTC,15043040,15467896,159136,1.00,51112,626208,199948,1.25,206720,523968,80
fog-k3s-master1,1,2026-06-06 08:55:55 UTC,15043040,15467904,159128,1.00,51112,626216,199948,1.25,206720,523976,244
fog-k3s-master1,1,2026-06-06 08:55:56 UTC,15043040,15467904,159128,1.00,51112,626216,202928,1.27,207972,523976,216
fog-k3s-master1,1,2026-06-06 08:55:57 UTC,15043040,15467908,159120,1.00,51120,626216,203400,1.27,208332,523980,352
fog-k3s-master1,1,2026-06-06 08:55:58 UTC,15043040,15467912,159088,1.00,51120,626248,203400,1.27,208388,523984,324
fog-k3s-master1,1,2026-06-06 08:55:59 UTC,15043040,15467972,159084,1.00,51120,626256,199948,1.25,206744,524044,76
fog-k3s-master1,1,2026-06-06 08:56:00 UTC,15043040,15467972,159072,1.00,51120,626268,199948,1.25,206744,524044,88
fog-k3s-master1,1,2026-06-06 08:56:01 UTC,15042788,15467724,159316,1.00,51120,626276,199948,1.25,206672,524048,224
fog-k3s-master1,1,2026-06-06 08:56:02 UTC,15042788,15467724,159296,1.00,51128,626288,199948,1.25,206672,524048,196
fog-k3s-master1,1,2026-06-06 08:56:03 UTC,15042788,15467724,159296,1.00,51128,626288,199948,1.25,206672,524048,196
fog-k3s-master1,1,2026-06-06 08:56:04 UTC,15042788,15467724,159296,1.00,51128,626288,199948,1.25,206672,524048,196
fog-k3s-master1,1,2026-06-06 08:56:05 UTC,15042788,15467724,159296,1.00,51128,626288,199948,1.25,206672,524048,196
fog-k3s-master1,1,2026-06-06 08:56:06 UTC,15042788,15467724,159296,1.00,51128,626288,199948,1.25,206672,524048,196
fog-k3s-master1,1,2026-06-06 08:56:07 UTC,15042788,15467724,159296,1.00,51136,626280,199948,1.25,206672,524048,196
fog-k3s-master1,1,2026-06-06 08:56:08 UTC,15042788,15467724,159296,1.00,51136,626280,199948,1.25,206672,524048,196
fog-k3s-master1,1,2026-06-06 08:56:09 UTC,15042788,15467724,159296,1.00,51136,626280,199948,1.25,206672,524048,196
fog-k3s-master1,1,2026-06-06 08:56:10 UTC,15042788,15467724,159296,1.00,51136,626280,199948,1.25,206672,524048,196
fog-k3s-master1,1,2026-06-06 08:56:11 UTC,15042788,15467724,159296,1.00,51136,626280,199948,1.25,206672,524048,196
fog-k3s-master1,1,2026-06-06 08:56:12 UTC,15042788,15467724,159296,1.00,51136,626280,199948,1.25,206672,524048,196
fog-k3s-master1,1,2026-06-06 08:56:13 UTC,15042788,15467724,159296,1.00,51144,626272,199948,1.25,206672,524048,196
fog-k3s-master1,1,2026-06-06 08:56:14 UTC,15042788,15467724,159296,1.00,51144,626272,199948,1.25,206672,524048,196
fog-k3s-master1,1,2026-06-06 08:56:15 UTC,15042788,15467724,159296,1.00,51144,626272,199948,1.25,206672,524048,196
fog-k3s-master1,1,2026-06-06 08:56:16 UTC,15042788,15467724,159296,1.00,51144,626272,199948,1.25,206672,524048,196
fog-k3s-master1,1,2026-06-06 08:56:17 UTC,15042788,15467724,159296,1.00,51144,626272,199948,1.25,206672,524048,196
fog-k3s-master1,1,2026-06-06 08:56:18 UTC,15042788,15467724,159296,1.00,51144,626272,199948,1.25,206672,524048,196
fog-k3s-master1,1,2026-06-06 08:56:19 UTC,15042788,15467724,159296,1.00,51152,626264,199948,1.25,206672,524048,196
fog-k3s-master1,1,2026-06-06 08:56:20 UTC,15042788,15467724,159296,1.00,51152,626264,199948,1.25,206672,524048,196
fog-k3s-master1,1,2026-06-06 08:56:21 UTC,15042788,15467724,159296,1.00,51152,626264,199948,1.25,206672,524048,196
fog-k3s-master1,1,2026-06-06 08:56:22 UTC,15042788,15467724,159296,1.00,51152,626264,199948,1.25,206672,524048,196
fog-k3s-master1,1,2026-06-06 08:56:23 UTC,15042788,15467724,159296,1.00,51152,626264,199948,1.25,206672,524048,196
fog-k3s-master1,1,2026-06-06 08:56:24 UTC,15042788,15467724,159296,1.00,51160,626256,199948,1.25,206672,524048,456
fog-k3s-master1,1,2026-06-06 08:56:25 UTC,15042788,15467984,159296,1.00,51160,626256,199948,1.25,206672,524308,196
fog-k3s-master1,1,2026-06-06 08:56:26 UTC,15042788,15467984,159296,1.00,51160,626256,199948,1.25,206672,524308,196
fog-k3s-master1,1,2026-06-06 08:56:27 UTC,15042788,15467984,159296,1.00,51160,626256,199948,1.25,206672,524308,196
fog-k3s-master1,1,2026-06-06 08:56:28 UTC,15042788,15467984,159036,1.00,51160,626516,199948,1.25,206672,524308,196
fog-k3s-master1,1,2026-06-06 08:56:29 UTC,15042788,15467984,159036,1.00,51168,626508,199948,1.25,206672,524308,196
fog-k3s-master1,1,2026-06-06 08:56:30 UTC,15042788,15467984,159036,1.00,51168,626508,199948,1.25,206672,524308,196
fog-k3s-master1,1,2026-06-06 08:56:31 UTC,15042788,15467984,159036,1.00,51168,626508,199948,1.25,206672,524308,196
fog-k3s-master1,1,2026-06-06 08:56:32 UTC,15042788,15467984,159036,1.00,51168,626508,199948,1.25,206672,524308,196
fog-k3s-master1,1,2026-06-06 08:56:33 UTC,15042788,15467984,159036,1.00,51168,626508,199948,1.25,206672,524308,196
fog-k3s-master1,1,2026-06-06 08:56:34 UTC,15042788,15467984,159036,1.00,51176,626500,199948,1.25,206672,524308,0
fog-k3s-master1,1,2026-06-06 08:56:35 UTC,15042788,15467984,159036,1.00,51176,626500,199948,1.25,206672,524308,0
fog-k3s-master1,1,2026-06-06 08:56:36 UTC,15042788,15467984,159036,1.00,51176,626500,199948,1.25,206672,524308,0
fog-k3s-master1,1,2026-06-06 08:56:37 UTC,15042788,15467984,159036,1.00,51176,626500,199948,1.25,206672,524308,0
fog-k3s-master1,1,2026-06-06 08:56:38 UTC,15042788,15467984,159036,1.00,51176,626500,199948,1.25,206672,524308,0
fog-k3s-master1,1,2026-06-06 08:56:39 UTC,15042788,15467984,159036,1.00,51184,626492,199948,1.25,206672,524308,196
fog-k3s-master1,1,2026-06-06 08:56:40 UTC,15042788,15467984,159036,1.00,51184,626492,199948,1.25,206672,524308,196
fog-k3s-master1,1,2026-06-06 08:56:41 UTC,15042788,15467984,159036,1.00,51184,626492,199948,1.25,206672,524308,196
fog-k3s-master1,1,2026-06-06 08:56:42 UTC,15042788,15467984,159036,1.00,51184,626492,199948,1.25,206672,524308,196
fog-k3s-master1,1,2026-06-06 08:56:43 UTC,15042788,15468236,158800,0.99,51184,626708,202800,1.27,208020,524552,244
fog-k3s-master1,1,2026-06-06 08:56:44 UTC,15042788,15468252,158780,0.99,51192,626720,203400,1.27,208400,524568,176
fog-k3s-master1,1,2026-06-06 08:56:45 UTC,15042548,15468020,158996,0.99,51192,626728,203400,1.27,208400,524568,188
fog-k3s-master1,1,2026-06-06 08:56:46 UTC,15042548,15468020,158984,0.99,51192,626740,203400,1.27,208400,524568,200
fog-k3s-master1,1,2026-06-06 08:56:47 UTC,15042548,15468020,158980,0.99,51192,626748,199948,1.25,206752,524568,208
fog-k3s-master1,1,2026-06-06 08:56:48 UTC,15042548,15468020,158968,0.99,51192,626760,199948,1.25,206752,524568,220
fog-k3s-master1,1,2026-06-06 08:56:49 UTC,15042548,15468020,158968,0.99,51200,626752,199948,1.25,206752,524568,220
fog-k3s-master1,1,2026-06-06 08:56:50 UTC,15042548,15468080,158908,0.99,51200,626780,199948,1.25,206700,524628,28
fog-k3s-master1,1,2026-06-06 08:56:51 UTC,15042548,15468080,158900,0.99,51200,626788,199948,1.25,206700,524628,40
fog-k3s-master1,1,2026-06-06 08:56:52 UTC,15042548,15468080,158900,0.99,51200,626788,199948,1.25,206700,524628,40
fog-k3s-master1,1,2026-06-06 08:56:53 UTC,15042548,15468080,158900,0.99,51200,626788,199948,1.25,206700,524628,40
fog-k3s-master1,1,2026-06-06 08:56:54 UTC,15042548,15468080,158900,0.99,51200,626788,199948,1.25,206700,524628,40
fog-k3s-master1,1,2026-06-06 08:56:55 UTC,15042548,15468080,158900,0.99,51208,626780,199948,1.25,206700,524628,40
fog-k3s-master1,1,2026-06-06 08:56:56 UTC,15042548,15468080,158900,0.99,51208,626780,199948,1.25,206700,524628,40
fog-k3s-master1,1,2026-06-06 08:56:57 UTC,15042548,15468080,158900,0.99,51208,626780,199948,1.25,206700,524628,40
fog-k3s-master1,1,2026-06-06 08:56:58 UTC,15042548,15468080,158900,0.99,51208,626780,199948,1.25,206700,524628,40
fog-k3s-master1,1,2026-06-06 08:56:59 UTC,15042548,15468080,158900,0.99,51208,626780,199948,1.25,206700,524628,40
fog-k3s-master1,1,2026-06-06 08:57:00 UTC,15042548,15468080,158900,0.99,51208,626780,199948,1.25,206700,524628,40
fog-k3s-master1,1,2026-06-06 08:57:01 UTC,15042548,15468080,158900,0.99,51216,626772,199948,1.25,206700,524628,40
fog-k3s-master1,1,2026-06-06 08:57:02 UTC,15042548,15468080,158900,0.99,51216,626772,199948,1.25,206700,524628,0
fog-k3s-master1,1,2026-06-06 08:57:03 UTC,15045956,15471588,155348,0.97,51216,626912,199948,1.25,206700,524728,44
fog-k3s-master1,1,2026-06-06 08:57:04 UTC,15045956,15471588,155340,0.97,51216,626920,199948,1.25,206700,524728,216
fog-k3s-master1,1,2026-06-06 08:57:05 UTC,15045956,15471588,155328,0.97,51216,626932,199948,1.25,206700,524728,228
fog-k3s-master1,1,2026-06-06 08:57:06 UTC,15045956,15471588,155328,0.97,51216,626932,199948,1.25,206700,524728,228
fog-k3s-master1,1,2026-06-06 08:57:07 UTC,15045956,15471588,155328,0.97,51224,626924,199948,1.25,206700,524728,228
fog-k3s-master1,1,2026-06-06 08:57:08 UTC,15045956,15471672,155288,0.97,51224,626964,199948,1.25,206700,524812,196
fog-k3s-master1,1,2026-06-06 08:57:09 UTC,15045956,15471680,155280,0.97,51224,626972,199948,1.25,206700,524820,32
fog-k3s-master1,1,2026-06-06 08:57:10 UTC,15045956,15471684,155264,0.97,51224,626984,199948,1.25,206700,524820,44
fog-k3s-master1,1,2026-06-06 08:57:11 UTC,15045956,15471684,155256,0.97,51224,626992,199948,1.25,206700,524820,64
fog-k3s-master1,1,2026-06-06 08:57:12 UTC,15045956,15471684,155244,0.97,51224,627004,199948,1.25,206700,524820,44
fog-k3s-master1,1,2026-06-06 08:57:13 UTC,15045704,15471432,155480,0.97,51232,627012,199948,1.25,206700,524820,80
fog-k3s-master1,1,2026-06-06 08:57:14 UTC,15045704,15471432,155468,0.97,51232,627024,199948,1.25,206700,524820,28
fog-k3s-master1,1,2026-06-06 08:57:15 UTC,15045704,15471492,155460,0.97,51232,627032,199948,1.25,206700,524880,44
fog-k3s-master1,1,2026-06-06 08:57:16 UTC,15043972,15469760,157180,0.98,51232,627044,202800,1.27,207812,524880,56
fog-k3s-master1,1,2026-06-06 08:57:17 UTC,15042964,15468808,158176,0.99,51232,627056,203136,1.27,208316,524936,68
fog-k3s-master1,1,2026-06-06 08:57:18 UTC,15042964,15468808,158168,0.99,51232,627064,203136,1.27,208372,524936,188
fog-k3s-master1,1,2026-06-06 08:57:19 UTC,15042964,15468808,158168,0.99,51240,627056,203136,1.27,208372,524936,188
fog-k3s-master1,1,2026-06-06 08:57:20 UTC,15042964,15468808,158136,0.99,51240,627088,203136,1.27,208372,524936,284
fog-k3s-master1,1,2026-06-06 08:57:21 UTC,15042964,15468868,158124,0.99,51240,627100,203136,1.27,208372,524996,304
fog-k3s-master1,1,2026-06-06 08:57:22 UTC,15042964,15468880,158120,0.99,51240,627108,199948,1.25,206672,525008,332
fog-k3s-master1,1,2026-06-06 08:57:23 UTC,15042964,15468880,158108,0.99,51240,627120,199948,1.25,206672,525008,84
fog-k3s-master1,1,2026-06-06 08:57:24 UTC,15042964,15468880,158100,0.99,51248,627120,199948,1.25,206672,525008,92
fog-k3s-master1,1,2026-06-06 08:57:25 UTC,15042964,15468880,158080,0.99,51248,627140,199948,1.25,206672,525008,252
fog-k3s-master1,1,2026-06-06 08:57:26 UTC,15042964,15468880,158068,0.99,51248,627148,199948,1.25,206672,525008,196
fog-k3s-master1,1,2026-06-06 08:57:27 UTC,15042964,15468940,158056,0.99,51248,627160,199948,1.25,206672,525068,212
fog-k3s-master1,1,2026-06-06 08:57:28 UTC,15042964,15468940,158048,0.99,51248,627168,199948,1.25,206672,525068,220
fog-k3s-master1,1,2026-06-06 08:57:29 UTC,15042964,15468940,158036,0.99,51256,627172,199948,1.25,206672,525068,60
fog-k3s-master1,1,2026-06-06 08:57:30 UTC,15042964,15468940,158024,0.99,51256,627184,199948,1.25,206672,525068,72
fog-k3s-master1,1,2026-06-06 08:57:31 UTC,15042964,15468940,158008,0.99,51256,627200,199948,1.25,206672,525068,60
fog-k3s-master1,1,2026-06-06 08:57:32 UTC,15042964,15468940,157996,0.99,51256,627212,199948,1.25,206672,525068,4
fog-k3s-master1,1,2026-06-06 08:57:33 UTC,15042964,15468940,157996,0.99,51256,627212,199948,1.25,206672,525068,4
fog-k3s-master1,1,2026-06-06 08:57:34 UTC,15042964,15468940,157996,0.99,51264,627204,199948,1.25,206672,525068,4
fog-k3s-master1,1,2026-06-06 08:57:35 UTC,15042964,15468940,157996,0.99,51264,627204,199948,1.25,206672,525068,4
fog-k3s-master1,1,2026-06-06 08:57:36 UTC,15043216,15469252,157696,0.99,51264,627252,199948,1.25,206672,525128,68
fog-k3s-master1,1,2026-06-06 08:57:37 UTC,15043216,15469252,157688,0.99,51264,627260,199948,1.25,206672,525128,76
fog-k3s-master1,1,2026-06-06 08:57:38 UTC,15043216,15469252,157676,0.99,51264,627272,199948,1.25,206672,525128,24
fog-k3s-master1,1,2026-06-06 08:57:39 UTC,15043216,15469312,157660,0.99,51272,627280,199948,1.25,206672,525188,176
fog-k3s-master1,1,2026-06-06 08:57:40 UTC,15043216,15469312,157648,0.99,51272,627292,199948,1.25,206672,525188,188
fog-k3s-master1,1,2026-06-06 08:57:41 UTC,15043216,15469316,157632,0.99,51272,627304,199948,1.25,206672,525188,200
fog-k3s-master1,1,2026-06-06 08:57:42 UTC,15043216,15469316,157624,0.99,51272,627312,199948,1.25,206672,525188,208
fog-k3s-master1,1,2026-06-06 08:57:43 UTC,15043216,15469316,157624,0.99,51272,627312,199948,1.25,206672,525188,208
fog-k3s-master1,1,2026-06-06 08:57:44 UTC,15043216,15469316,157596,0.99,51280,627332,199948,1.25,206672,525188,24
fog-k3s-master1,1,2026-06-06 08:57:45 UTC,15043216,15469376,157584,0.99,51280,627344,199948,1.25,206672,525248,40
fog-k3s-master1,1,2026-06-06 08:57:46 UTC,15043216,15469376,157576,0.99,51280,627352,199948,1.25,206672,525248,48
fog-k3s-master1,1,2026-06-06 08:57:47 UTC,15043216,15469376,157564,0.99,51280,627364,199948,1.25,206672,525248,60
fog-k3s-master1,1,2026-06-06 08:57:48 UTC,15043216,15469376,157564,0.99,51280,627364,199948,1.25,206672,525248,60
fog-k3s-master1,1,2026-06-06 08:57:49 UTC,15043216,15469376,157564,0.99,51288,627356,199948,1.25,206672,525248,60
fog-k3s-master1,1,2026-06-06 08:57:50 UTC,15043216,15469376,157528,0.99,51288,627392,199948,1.25,206672,525248,4
fog-k3s-master1,1,2026-06-06 08:57:51 UTC,15043216,15469436,157516,0.99,51288,627404,199948,1.25,206672,525308,20
fog-k3s-master1,1,2026-06-06 08:57:52 UTC,15043216,15469436,157516,0.99,51288,627404,199948,1.25,206672,525308,20
fog-k3s-master1,1,2026-06-06 08:57:53 UTC,15043216,15469436,157516,0.99,51288,627404,199948,1.25,206672,525308,20
fog-k3s-master1,1,2026-06-06 08:57:54 UTC,15043216,15469436,157516,0.99,51296,627396,199948,1.25,206672,525308,20
fog-k3s-master1,1,2026-06-06 08:57:55 UTC,15043216,15469436,157516,0.99,51296,627396,199948,1.25,206672,525308,20
fog-k3s-master1,1,2026-06-06 08:57:56 UTC,15043216,15469436,157516,0.99,51296,627396,199948,1.25,206672,525308,20
fog-k3s-master1,1,2026-06-06 08:57:57 UTC,15043216,15469436,157516,0.99,51296,627396,199948,1.25,206672,525308,20
fog-k3s-master1,1,2026-06-06 08:57:58 UTC,15043216,15469436,157516,0.99,51296,627396,199948,1.25,206672,525308,20
fog-k3s-master1,1,2026-06-06 08:57:59 UTC,15043216,15469556,157416,0.98,51304,627484,199948,1.25,206672,525428,124
fog-k3s-master1,1,2026-06-06 08:58:00 UTC,15043216,15469556,157404,0.98,51304,627496,199948,1.25,206672,525428,136
fog-k3s-master1,1,2026-06-06 08:58:01 UTC,15043216,15469556,157396,0.98,51304,627504,199948,1.25,206672,525428,144
fog-k3s-master1,1,2026-06-06 08:58:02 UTC,15043216,15469556,157396,0.98,51304,627504,199948,1.25,206672,525428,144
fog-k3s-master1,1,2026-06-06 08:58:03 UTC,15043216,15469556,157396,0.98,51304,627504,199948,1.25,206672,525428,144
fog-k3s-master1,1,2026-06-06 08:58:04 UTC,15043216,15469556,157396,0.98,51312,627496,199948,1.25,206672,525428,144
fog-k3s-master1,1,2026-06-06 08:58:05 UTC,15043216,15469556,157396,0.98,51312,627496,199948,1.25,206672,525428,144
fog-k3s-master1,1,2026-06-06 08:58:06 UTC,15043216,15469556,157396,0.98,51312,627496,199948,1.25,206672,525428,144
fog-k3s-master1,1,2026-06-06 08:58:07 UTC,15043476,15469816,157136,0.98,51312,627496,199948,1.25,206672,525428,144
fog-k3s-master1,1,2026-06-06 08:58:08 UTC,15043476,15469816,157136,0.98,51312,627496,199948,1.25,206672,525428,144
fog-k3s-master1,1,2026-06-06 08:58:09 UTC,15043476,15469816,157136,0.98,51320,627488,199948,1.25,206672,525428,144
fog-k3s-master1,1,2026-06-06 08:58:10 UTC,15043476,15469816,157136,0.98,51320,627488,199948,1.25,206672,525428,144
fog-k3s-master1,1,2026-06-06 08:58:11 UTC,15043568,15470044,156920,0.98,51320,627608,199948,1.25,206672,525560,40
fog-k3s-master1,1,2026-06-06 08:58:12 UTC,15043568,15470044,156908,0.98,51320,627616,199948,1.25,206672,525560,48
fog-k3s-master1,1,2026-06-06 08:58:13 UTC,15043568,15470044,156896,0.98,51320,627628,199948,1.25,206672,525560,60
fog-k3s-master1,1,2026-06-06 08:58:14 UTC,15043568,15470044,156888,0.98,51328,627628,199948,1.25,206672,525560,68
fog-k3s-master1,1,2026-06-06 08:58:15 UTC,15043568,15470104,156868,0.98,51328,627648,199948,1.25,206672,525620,44
fog-k3s-master1,1,2026-06-06 08:58:16 UTC,15043568,15470132,156868,0.98,51328,627648,202928,1.27,207948,525648,44
fog-k3s-master1,1,2026-06-06 08:58:17 UTC,15043568,15470132,156868,0.98,51328,627648,203400,1.27,208252,525648,216
fog-k3s-master1,1,2026-06-06 08:58:18 UTC,15043316,15469880,157088,0.98,51328,627680,203400,1.27,208372,525648,252
fog-k3s-master1,1,2026-06-06 08:58:19 UTC,15043316,15469880,157080,0.98,51336,627680,199948,1.25,206724,525648,228
fog-k3s-master1,1,2026-06-06 08:58:20 UTC,15043316,15469880,157060,0.98,51336,627700,199948,1.25,206704,525648,288
fog-k3s-master1,1,2026-06-06 08:58:21 UTC,15043316,15469940,157052,0.98,51336,627708,199948,1.25,206704,525708,300
fog-k3s-master1,1,2026-06-06 08:58:22 UTC,15043316,15469952,157040,0.98,51336,627720,199948,1.25,206704,525720,24
fog-k3s-master1,1,2026-06-06 08:58:23 UTC,15043316,15469952,157032,0.98,51336,627728,199948,1.25,206704,525720,32
fog-k3s-master1,1,2026-06-06 08:58:24 UTC,15043316,15469952,157020,0.98,51344,627732,199948,1.25,206704,525720,44
fog-k3s-master1,1,2026-06-06 08:58:25 UTC,15043316,15469952,157012,0.98,51344,627740,199948,1.25,206704,525720,52
fog-k3s-master1,1,2026-06-06 08:58:26 UTC,15043316,15469952,156992,0.98,51344,627760,199948,1.25,206704,525720,192
fog-k3s-master1,1,2026-06-06 08:58:27 UTC,15043316,15469956,156980,0.98,51344,627768,199948,1.25,206704,525720,204
fog-k3s-master1,1,2026-06-06 08:58:28 UTC,15043316,15470016,156968,0.98,51344,627780,199948,1.25,206704,525780,216
fog-k3s-master1,1,2026-06-06 08:58:29 UTC,15043316,15470016,156956,0.98,51352,627784,199948,1.25,206704,525780,52
fog-k3s-master1,1,2026-06-06 08:58:30 UTC,15043316,15470016,156956,0.98,51352,627784,199948,1.25,206704,525780,52
fog-k3s-master1,1,2026-06-06 08:58:31 UTC,15043316,15470016,156928,0.98,51352,627812,201048,1.26,207224,525780,56
fog-k3s-master1,1,2026-06-06 08:58:32 UTC,15043316,15470040,156920,0.98,51352,627820,203400,1.27,208284,525804,176
fog-k3s-master1,1,2026-06-06 08:58:33 UTC,15043064,15469788,157160,0.98,51352,627832,203400,1.27,208344,525804,196
fog-k3s-master1,1,2026-06-06 08:58:34 UTC,15043064,15469848,157152,0.98,51360,627832,203400,1.27,208344,525864,208
fog-k3s-master1,1,2026-06-06 08:58:35 UTC,15043064,15469848,157152,0.98,51360,627832,203400,1.27,208344,525864,0
fog-k3s-master1,1,2026-06-06 08:58:36 UTC,15043064,15469856,157124,0.98,51360,627860,199948,1.25,206676,525872,208
fog-k3s-master1,1,2026-06-06 08:58:37 UTC,15043064,15469856,157112,0.98,51360,627872,199948,1.25,206720,525872,208
fog-k3s-master1,1,2026-06-06 08:58:38 UTC,15043064,15469856,157104,0.98,51360,627880,199948,1.25,206720,525872,152
fog-k3s-master1,1,2026-06-06 08:58:39 UTC,15043064,15469856,157092,0.98,51368,627884,199948,1.25,206720,525872,168
fog-k3s-master1,1,2026-06-06 08:58:40 UTC,15043064,15469856,157092,0.98,51368,627884,199948,1.25,206720,525872,168
fog-k3s-master1,1,2026-06-06 08:58:41 UTC,15043064,15469916,157064,0.98,51368,627912,199948,1.25,206720,525932,40
fog-k3s-master1,1,2026-06-06 08:58:42 UTC,15043064,15469916,157048,0.98,51368,627924,199948,1.25,206720,525932,52
fog-k3s-master1,1,2026-06-06 08:58:43 UTC,15043064,15469916,157040,0.98,51368,627932,199948,1.25,206720,525932,60
fog-k3s-master1,1,2026-06-06 08:58:44 UTC,15043052,15469912,157032,0.98,51376,627944,203152,1.27,208384,525940,28
fog-k3s-master1,1,2026-06-06 08:58:45 UTC,15042800,15469672,157276,0.98,51376,627952,199948,1.25,206784,525948,272
fog-k3s-master1,1,2026-06-06 08:58:46 UTC,15042800,15469732,157264,0.98,51376,627964,199948,1.25,206784,526008,284
fog-k3s-master1,1,2026-06-06 08:58:47 UTC,15042800,15469732,157264,0.98,51376,627964,199948,1.25,206784,526008,284
fog-k3s-master1,1,2026-06-06 08:58:48 UTC,15042800,15469732,157264,0.98,51376,627964,199948,1.25,206784,526008,284
fog-k3s-master1,1,2026-06-06 08:58:49 UTC,15042800,15469732,157264,0.98,51384,627956,199948,1.25,206784,526008,284
fog-k3s-master1,1,2026-06-06 08:58:50 UTC,15042548,15469528,157464,0.99,51384,628008,202800,1.27,208044,526056,0
fog-k3s-master1,1,2026-06-06 08:58:51 UTC,15041036,15468016,158968,0.99,51384,628016,203136,1.27,208304,526056,148
fog-k3s-master1,1,2026-06-06 08:58:52 UTC,15041036,15468016,158968,0.99,51384,628016,203136,1.27,208304,526056,148
fog-k3s-master1,1,2026-06-06 08:58:53 UTC,15041036,15468016,158968,0.99,51384,628016,203136,1.27,208304,526056,168
fog-k3s-master1,1,2026-06-06 08:58:54 UTC,15040784,15467764,159192,1.00,51392,628040,199948,1.25,206708,526056,316
fog-k3s-master1,1,2026-06-06 08:58:55 UTC,15040784,15467812,159180,1.00,51392,628052,199948,1.25,206720,526104,68
fog-k3s-master1,1,2026-06-06 08:58:56 UTC,15040784,15467812,159180,1.00,51392,628052,199948,1.25,206720,526104,68
fog-k3s-master1,1,2026-06-06 08:58:57 UTC,15040784,15467812,159180,1.00,51392,628052,199948,1.25,206720,526104,68
fog-k3s-master1,1,2026-06-06 08:58:58 UTC,15040784,15467812,159180,1.00,51392,628052,199948,1.25,206720,526104,68
fog-k3s-master1,1,2026-06-06 08:58:59 UTC,15040784,15467812,159180,1.00,51400,628044,199948,1.25,206720,526104,68
fog-k3s-master1,1,2026-06-06 08:59:00 UTC,15040784,15467812,159180,1.00,51400,628044,199948,1.25,206720,526104,68
fog-k3s-master1,1,2026-06-06 08:59:01 UTC,15040796,15467892,159072,1.00,51400,628120,199948,1.25,206720,526164,228
fog-k3s-master1,1,2026-06-06 08:59:02 UTC,15040796,15467892,159064,1.00,51400,628128,199948,1.25,206720,526164,172
fog-k3s-master1,1,2026-06-06 08:59:03 UTC,15040796,15467892,159064,1.00,51400,628128,199948,1.25,206720,526164,172
fog-k3s-master1,1,2026-06-06 08:59:04 UTC,15040796,15467892,159064,1.00,51408,628120,199948,1.25,206720,526164,172
fog-k3s-master1,1,2026-06-06 08:59:05 UTC,15040796,15467892,159064,1.00,51408,628120,199948,1.25,206720,526164,172
fog-k3s-master1,1,2026-06-06 08:59:06 UTC,15040796,15467892,159012,0.99,51408,628172,199948,1.25,206720,526164,72
fog-k3s-master1,1,2026-06-06 08:59:07 UTC,15040796,15467952,159004,0.99,51408,628180,199948,1.25,206720,526224,80
fog-k3s-master1,1,2026-06-06 08:59:08 UTC,15040796,15467952,158992,0.99,51408,628192,199948,1.25,206720,526224,24
fog-k3s-master1,1,2026-06-06 08:59:09 UTC,15040796,15467952,158984,0.99,51416,628192,199948,1.25,206720,526224,4
fog-k3s-master1,1,2026-06-06 08:59:10 UTC,15040796,15467952,158964,0.99,51416,628212,199948,1.25,206720,526224,188
fog-k3s-master1,1,2026-06-06 08:59:11 UTC,15040796,15467952,158956,0.99,51416,628220,199948,1.25,206720,526224,196
fog-k3s-master1,1,2026-06-06 08:59:12 UTC,15040796,15467952,158944,0.99,51416,628232,199948,1.25,206720,526224,208
fog-k3s-master1,1,2026-06-06 08:59:13 UTC,15040796,15468016,158932,0.99,51416,628240,199948,1.25,206720,526284,216
fog-k3s-master1,1,2026-06-06 08:59:14 UTC,15040796,15468016,158932,0.99,51424,628232,199948,1.25,206720,526284,216
fog-k3s-master1,1,2026-06-06 08:59:15 UTC,15040796,15468016,158904,0.99,51424,628260,199948,1.25,206720,526284,40
fog-k3s-master1,1,2026-06-06 08:59:16 UTC,15040796,15468016,158892,0.99,51424,628272,199948,1.25,206720,526284,52
fog-k3s-master1,1,2026-06-06 08:59:17 UTC,15040796,15468016,158880,0.99,51424,628284,199948,1.25,206720,526284,64
fog-k3s-master1,1,2026-06-06 08:59:18 UTC,15040796,15468016,158872,0.99,51424,628292,199948,1.25,206720,526284,72
fog-k3s-master1,1,2026-06-06 08:59:19 UTC,15040796,15468016,158872,0.99,51424,628292,199948,1.25,206720,526284,72
fog-k3s-master1,1,2026-06-06 08:59:20 UTC,15040796,15468076,158844,0.99,51432,628312,199948,1.25,206720,526344,164
fog-k3s-master1,1,2026-06-06 08:59:21 UTC,15040796,15468076,158832,0.99,51432,628324,199948,1.25,206720,526344,20
fog-k3s-master1,1,2026-06-06 08:59:22 UTC,15040796,15468076,158832,0.99,51432,628324,199948,1.25,206720,526344,20
fog-k3s-master1,1,2026-06-06 08:59:23 UTC,15040796,15468076,158812,0.99,51432,628344,199948,1.25,206720,526344,40
fog-k3s-master1,1,2026-06-06 08:59:24 UTC,15040796,15468076,158804,0.99,51432,628352,199948,1.25,206720,526344,48
fog-k3s-master1,1,2026-06-06 08:59:25 UTC,15040796,15468196,158784,0.99,51440,628364,199948,1.25,206720,526464,248
fog-k3s-master1,1,2026-06-06 08:59:26 UTC,15041056,15468456,158524,0.99,51440,628364,199948,1.25,206720,526464,184
fog-k3s-master1,1,2026-06-06 08:59:27 UTC,15041056,15468456,158524,0.99,51440,628364,199948,1.25,206720,526464,184
fog-k3s-master1,1,2026-06-06 08:59:28 UTC,15041212,15468612,158332,0.99,51440,628396,199948,1.25,206720,526464,220
fog-k3s-master1,1,2026-06-06 08:59:29 UTC,15041212,15468612,158324,0.99,51440,628404,199948,1.25,206720,526464,240
fog-k3s-master1,1,2026-06-06 08:59:30 UTC,15041212,15468612,158324,0.99,51440,628404,199948,1.25,206720,526464,240
fog-k3s-master1,1,2026-06-06 08:59:31 UTC,15041212,15468672,158296,0.99,51448,628424,199948,1.25,206720,526524,84
fog-k3s-master1,1,2026-06-06 08:59:32 UTC,15041212,15468672,158284,0.99,51448,628436,199948,1.25,206720,526524,28
fog-k3s-master1,1,2026-06-06 08:59:33 UTC,15041212,15468672,158284,0.99,51448,628436,199948,1.25,206720,526524,28
fog-k3s-master1,1,2026-06-06 08:59:34 UTC,15041212,15468672,158284,0.99,51448,628436,199948,1.25,206720,526524,28
fog-k3s-master1,1,2026-06-06 08:59:35 UTC,15041212,15468672,158284,0.99,51448,628436,199948,1.25,206720,526524,28
fog-k3s-master1,1,2026-06-06 08:59:36 UTC,15040708,15468228,158740,0.99,51456,628476,199948,1.25,206720,526584,204
fog-k3s-master1,1,2026-06-06 08:59:37 UTC,15040708,15468228,158732,0.99,51456,628484,202800,1.27,207760,526584,212
fog-k3s-master1,1,2026-06-06 08:59:38 UTC,15040708,15468236,158696,0.99,51456,628496,203400,1.27,208384,526592,264
fog-k3s-master1,1,2026-06-06 08:59:39 UTC,15040708,15468236,158688,0.99,51464,628496,203400,1.27,208384,526592,276
fog-k3s-master1,1,2026-06-06 08:59:40 UTC,15040708,15468272,158676,0.99,51464,628516,199948,1.25,206768,526624,216
fog-k3s-master1,1,2026-06-06 08:59:41 UTC,15040708,15468272,158664,0.99,51464,628528,199948,1.25,206720,526624,228
fog-k3s-master1,1,2026-06-06 08:59:42 UTC,15040708,15468272,158656,0.99,51464,628536,199948,1.25,206720,526624,236
fog-k3s-master1,1,2026-06-06 08:59:43 UTC,15040708,15468272,158644,0.99,51464,628548,199948,1.25,206720,526624,240
fog-k3s-master1,1,2026-06-06 08:59:44 UTC,15040708,15468272,158624,0.99,51472,628556,199948,1.25,206720,526624,272
fog-k3s-master1,1,2026-06-06 08:59:45 UTC,15040708,15468272,158592,0.99,51472,628556,199948,1.25,206720,526624,40
fog-k3s-master1,1,2026-06-06 08:59:46 UTC,15040708,15468332,158572,0.99,51472,628576,199948,1.25,206720,526684,64
fog-k3s-master1,1,2026-06-06 08:59:47 UTC,15040708,15468332,158560,0.99,51472,628588,199948,1.25,206720,526684,76
fog-k3s-master1,1,2026-06-06 08:59:48 UTC,15040708,15468332,158552,0.99,51472,628596,199948,1.25,206720,526684,84
fog-k3s-master1,1,2026-06-06 08:59:49 UTC,15040708,15468332,158552,0.99,51472,628596,199948,1.25,206720,526684,84
fog-k3s-master1,1,2026-06-06 08:59:50 UTC,15040708,15468332,158520,0.99,51480,628620,199948,1.25,206720,526684,188
fog-k3s-master1,1,2026-06-06 08:59:51 UTC,15040708,15468332,158508,0.99,51480,628632,199948,1.25,206720,526684,204
fog-k3s-master1,1,2026-06-06 08:59:52 UTC,15040708,15468392,158496,0.99,51480,628644,199948,1.25,206720,526744,216
fog-k3s-master1,1,2026-06-06 08:59:53 UTC,15040708,15468392,158488,0.99,51480,628652,199948,1.25,206720,526744,224
fog-k3s-master1,1,2026-06-06 08:59:54 UTC,15040708,15468392,158476,0.99,51480,628664,199948,1.25,206720,526744,76
fog-k3s-master1,1,2026-06-06 08:59:55 UTC,15040708,15468392,158468,0.99,51488,628664,199948,1.25,206720,526744,60
fog-k3s-master1,1,2026-06-06 08:59:56 UTC,15040708,15468392,158448,0.99,51488,628684,199948,1.25,206720,526744,24
fog-k3s-master1,1,2026-06-06 08:59:57 UTC,15040708,15468392,158440,0.99,51488,628692,199948,1.25,206720,526744,36
fog-k3s-master1,1,2026-06-06 08:59:58 UTC,15040708,15468452,158428,0.99,51488,628704,199948,1.25,206720,526804,48
fog-k3s-master1,1,2026-06-06 08:59:59 UTC,15040708,15468456,158416,0.99,51488,628712,199948,1.25,206720,526804,56
fog-k3s-master1,1,2026-06-06 09:00:00 UTC,15040708,15468456,158416,0.99,51488,628712,199948,1.25,206720,526804,56
fog-k3s-master1,1,2026-06-06 09:00:01 UTC,15040708,15468516,158388,0.99,51496,628732,199948,1.25,206720,526864,80
fog-k3s-master1,1,2026-06-06 09:00:02 UTC,15040708,15468516,158376,0.99,51496,628744,199948,1.25,206720,526864,92
fog-k3s-master1,1,2026-06-06 09:00:03 UTC,15040708,15468520,158368,0.99,51496,628752,199948,1.25,206800,526868,204
fog-k3s-master1,1,2026-06-06 09:00:04 UTC,15040708,15468580,158356,0.99,51496,628764,199948,1.25,206800,526928,312
fog-k3s-master1,1,2026-06-06 09:00:05 UTC,15040708,15468580,158344,0.99,51496,628776,199948,1.25,206708,526928,328
fog-k3s-master1,1,2026-06-06 09:00:06 UTC,15040708,15468580,158344,0.99,51496,628776,199948,1.25,206708,526928,328
fog-k3s-master1,1,2026-06-06 09:00:07 UTC,15040708,15468580,158344,0.99,51504,628768,199948,1.25,206708,526928,328
fog-k3s-master1,1,2026-06-06 09:00:08 UTC,15040708,15468580,158344,0.99,51504,628768,199948,1.25,206708,526928,68
fog-k3s-master1,1,2026-06-06 09:00:09 UTC,15040708,15468580,158344,0.99,51504,628768,199948,1.25,206708,526928,68
fog-k3s-master1,1,2026-06-06 09:00:10 UTC,15040708,15468580,158344,0.99,51504,628768,199948,1.25,206708,526928,68
fog-k3s-master1,1,2026-06-06 09:00:11 UTC,15040708,15468640,158276,0.99,51504,628836,199948,1.25,206708,526988,236
fog-k3s-master1,1,2026-06-06 09:00:12 UTC,15040708,15468640,158268,0.99,51504,628844,199948,1.25,206708,526988,212
fog-k3s-master1,1,2026-06-06 09:00:13 UTC,15040708,15468640,158248,0.99,51512,628856,199948,1.25,206708,526988,252
fog-k3s-master1,1,2026-06-06 09:00:14 UTC,15040204,15468180,158744,0.99,51512,628864,203400,1.27,208084,527032,192
fog-k3s-master1,1,2026-06-06 09:00:15 UTC,15040204,15468180,158724,0.99,51512,628876,203400,1.27,208336,527032,212
fog-k3s-master1,1,2026-06-06 09:00:16 UTC,15040204,15468180,158712,0.99,51512,628888,203400,1.27,208336,527032,224
fog-k3s-master1,1,2026-06-06 09:00:17 UTC,15040652,15468628,158256,0.99,51512,628896,199948,1.25,207036,527032,260
fog-k3s-master1,1,2026-06-06 09:00:18 UTC,15040652,15468628,158248,0.99,51512,628908,199948,1.25,206700,527032,244
fog-k3s-master1,1,2026-06-06 09:00:19 UTC,15040652,15468680,158240,0.99,51520,628908,199948,1.25,206708,527084,252
fog-k3s-master1,1,2026-06-06 09:00:20 UTC,15040652,15468680,158220,0.99,51520,628928,199948,1.25,206708,527084,36
fog-k3s-master1,1,2026-06-06 09:00:21 UTC,15040652,15468680,158212,0.99,51520,628936,199948,1.25,206708,527084,48
fog-k3s-master1,1,2026-06-06 09:00:22 UTC,15040652,15468680,158212,0.99,51520,628936,199948,1.25,206708,527084,48
fog-k3s-master1,1,2026-06-06 09:00:23 UTC,15040652,15468680,158192,0.99,51520,628956,199948,1.25,206708,527084,68
fog-k3s-master1,1,2026-06-06 09:00:24 UTC,15040652,15468680,158180,0.99,51528,628960,199948,1.25,206708,527084,80
fog-k3s-master1,1,2026-06-06 09:00:25 UTC,15040652,15468740,158164,0.99,51528,628976,199948,1.25,206708,527144,216
fog-k3s-master1,1,2026-06-06 09:00:26 UTC,15040652,15468740,158152,0.99,51528,628988,199948,1.25,206708,527144,164
fog-k3s-master1,1,2026-06-06 09:00:27 UTC,15040652,15468740,158140,0.99,51528,629000,199948,1.25,206708,527144,180
fog-k3s-master1,1,2026-06-06 09:00:28 UTC,15040652,15468740,158140,0.99,51528,629000,199948,1.25,206708,527144,180
fog-k3s-master1,1,2026-06-06 09:00:29 UTC,15040652,15468740,158112,0.99,51536,629020,199948,1.25,206708,527144,64
fog-k3s-master1,1,2026-06-06 09:00:30 UTC,15040652,15468744,158100,0.99,51536,629028,199948,1.25,206708,527144,72
fog-k3s-master1,1,2026-06-06 09:00:31 UTC,15040652,15468804,158088,0.99,51536,629040,199948,1.25,206708,527204,80
fog-k3s-master1,1,2026-06-06 09:00:32 UTC,15040652,15468804,158080,0.99,51536,629048,199948,1.25,206708,527204,24
fog-k3s-master1,1,2026-06-06 09:00:33 UTC,15040652,15468804,158068,0.99,51536,629060,199948,1.25,206708,527204,40
fog-k3s-master1,1,2026-06-06 09:00:34 UTC,15040652,15468804,158060,0.99,51544,629060,199948,1.25,206708,527204,48
fog-k3s-master1,1,2026-06-06 09:00:35 UTC,15040652,15468852,158040,0.99,51544,629080,199948,1.25,206720,527252,204
fog-k3s-master1,1,2026-06-06 09:00:36 UTC,15040652,15468852,158032,0.99,51544,629088,199948,1.25,206720,527252,212
fog-k3s-master1,1,2026-06-06 09:00:37 UTC,15040652,15468912,158020,0.99,51544,629100,199948,1.25,206720,527312,224
fog-k3s-master1,1,2026-06-06 09:00:38 UTC,15040652,15468912,158012,0.99,51544,629108,199948,1.25,206720,527312,168
fog-k3s-master1,1,2026-06-06 09:00:39 UTC,15040148,15468408,158504,0.99,51552,629112,199948,1.25,206720,527312,4
fog-k3s-master1,1,2026-06-06 09:00:40 UTC,15040148,15468408,158504,0.99,51552,629112,199948,1.25,206720,527312,4
fog-k3s-master1,1,2026-06-06 09:00:41 UTC,15040148,15468408,158476,0.99,51552,629140,199948,1.25,206720,527312,60
fog-k3s-master1,1,2026-06-06 09:00:42 UTC,15040148,15468408,158464,0.99,51552,629152,199948,1.25,206720,527312,72
fog-k3s-master1,1,2026-06-06 09:00:43 UTC,15040148,15468468,158456,0.99,51552,629160,199948,1.25,206720,527372,80
fog-k3s-master1,1,2026-06-06 09:00:44 UTC,15040148,15468468,158444,0.99,51560,629164,199948,1.25,206720,527372,0
fog-k3s-master1,1,2026-06-06 09:00:45 UTC,15040148,15468468,158424,0.99,51560,629180,199948,1.25,206720,527372,16
fog-k3s-master1,1,2026-06-06 09:00:46 UTC,15040148,15468468,158412,0.99,51560,629192,199948,1.25,206720,527372,28
fog-k3s-master1,1,2026-06-06 09:00:47 UTC,15040148,15468468,158412,0.99,51560,629192,199948,1.25,206720,527372,28
fog-k3s-master1,1,2026-06-06 09:00:48 UTC,15040148,15468468,158392,0.99,51560,629212,199948,1.25,206720,527372,48
fog-k3s-master1,1,2026-06-06 09:00:49 UTC,15040148,15468528,158384,0.99,51568,629212,199948,1.25,206720,527432,56
fog-k3s-master1,1,2026-06-06 09:00:50 UTC,15040148,15468528,158364,0.99,51568,629232,199948,1.25,206720,527432,232
fog-k3s-master1,1,2026-06-06 09:00:51 UTC,15040148,15468528,158352,0.99,51568,629244,199948,1.25,206720,527432,184
fog-k3s-master1,1,2026-06-06 09:00:52 UTC,15040148,15468528,158352,0.99,51568,629244,199948,1.25,206720,527432,184
fog-k3s-master1,1,2026-06-06 09:00:53 UTC,15039140,15467520,159360,1.00,51568,629244,202800,1.27,207760,527432,184
fog-k3s-master1,1,2026-06-06 09:00:54 UTC,15039140,15467520,159360,1.00,51576,629236,203400,1.27,208020,527432,184
fog-k3s-master1,1,2026-06-06 09:00:55 UTC,15038160,15466608,160252,1.00,51576,629284,206376,1.29,209752,527500,68
fog-k3s-master1,1,2026-06-06 09:00:56 UTC,15037152,15465732,161072,1.01,51576,629424,206848,1.29,210256,527512,188
fog-k3s-master1,1,2026-06-06 09:00:57 UTC,15040044,15468624,158168,0.99,51576,629436,203396,1.27,208612,527512,256
fog-k3s-master1,1,2026-06-06 09:00:58 UTC,15039792,15468372,158456,0.99,51576,629444,199948,1.25,206884,527512,272
fog-k3s-master1,1,2026-06-06 09:00:59 UTC,15039792,15468372,158436,0.99,51584,629456,199948,1.25,206840,527512,400
fog-k3s-master1,1,2026-06-06 09:01:00 UTC,15039792,15468372,158428,0.99,51584,629464,199948,1.25,206840,527512,80
fog-k3s-master1,1,2026-06-06 09:01:01 UTC,15039792,15468376,158412,0.99,51584,629476,199948,1.25,206840,527512,92
fog-k3s-master1,1,2026-06-06 09:01:02 UTC,15039792,15468436,158404,0.99,51584,629484,199948,1.25,206840,527572,36
fog-k3s-master1,1,2026-06-06 09:01:03 UTC,15039792,15468436,158392,0.99,51584,629496,199948,1.25,206840,527572,52
fog-k3s-master1,1,2026-06-06 09:01:04 UTC,15039792,15468472,158372,0.99,51592,629508,199948,1.25,206840,527608,192
fog-k3s-master1,1,2026-06-06 09:01:05 UTC,15039792,15468472,158364,0.99,51592,629516,199948,1.25,206840,527608,200
fog-k3s-master1,1,2026-06-06 09:01:06 UTC,15039792,15468472,158364,0.99,51592,629516,199948,1.25,206840,527608,200
fog-k3s-master1,1,2026-06-06 09:01:07 UTC,15039792,15468472,158364,0.99,51592,629516,199948,1.25,206840,527608,200
fog-k3s-master1,1,2026-06-06 09:01:08 UTC,15039792,15468472,158364,0.99,51592,629516,199948,1.25,206840,527608,200
fog-k3s-master1,1,2026-06-06 09:01:09 UTC,15039792,15468532,158316,0.99,51600,629556,199948,1.25,206840,527668,36
fog-k3s-master1,1,2026-06-06 09:01:10 UTC,15039792,15468532,158304,0.99,51600,629568,199948,1.25,206840,527668,48
fog-k3s-master1,1,2026-06-06 09:01:11 UTC,15039792,15468532,158296,0.99,51600,629576,199948,1.25,206840,527668,56
fog-k3s-master1,1,2026-06-06 09:01:12 UTC,15039792,15468532,158284,0.99,51600,629588,199948,1.25,206840,527668,68
fog-k3s-master1,1,2026-06-06 09:01:13 UTC,15039792,15468532,158276,0.99,51600,629596,199948,1.25,206840,527668,76
fog-k3s-master1,1,2026-06-06 09:01:14 UTC,15039792,15468592,158264,0.99,51608,629600,199948,1.25,206840,527728,88
fog-k3s-master1,1,2026-06-06 09:01:15 UTC,15039792,15468592,158244,0.99,51608,629620,199948,1.25,206840,527728,20
fog-k3s-master1,1,2026-06-06 09:01:16 UTC,15039792,15468592,158232,0.99,51608,629628,199948,1.25,206840,527728,28
fog-k3s-master1,1,2026-06-06 09:01:17 UTC,15040044,15468844,157968,0.99,51608,629640,199948,1.25,206840,527728,40
fog-k3s-master1,1,2026-06-06 09:01:18 UTC,15040044,15468844,157960,0.99,51608,629648,199948,1.25,206840,527728,48
fog-k3s-master1,1,2026-06-06 09:01:19 UTC,15040044,15468844,157948,0.99,51616,629652,199948,1.25,206840,527728,60
fog-k3s-master1,1,2026-06-06 09:01:20 UTC,15040044,15468904,157940,0.99,51616,629660,199948,1.25,206840,527788,68
fog-k3s-master1,1,2026-06-06 09:01:21 UTC,15040044,15468904,157920,0.99,51616,629680,199948,1.25,206840,527788,192
fog-k3s-master1,1,2026-06-06 09:01:22 UTC,15040044,15468904,157912,0.99,51616,629688,199948,1.25,206840,527788,200
fog-k3s-master1,1,2026-06-06 09:01:23 UTC,15040044,15468904,157900,0.99,51616,629700,199948,1.25,206840,527788,212
fog-k3s-master1,1,2026-06-06 09:01:24 UTC,15040044,15468904,157892,0.99,51624,629700,199948,1.25,206840,527788,220
fog-k3s-master1,1,2026-06-06 09:01:25 UTC,15039792,15468696,158124,0.99,51624,629720,199948,1.25,206840,527832,60
fog-k3s-master1,1,2026-06-06 09:01:26 UTC,15039792,15468756,158116,0.99,51624,629728,199948,1.25,206840,527892,68
fog-k3s-master1,1,2026-06-06 09:01:27 UTC,15039792,15468756,158104,0.99,51624,629740,199948,1.25,206840,527892,20
fog-k3s-master1,1,2026-06-06 09:01:28 UTC,15039792,15468756,158092,0.99,51624,629752,199948,1.25,206840,527892,32
fog-k3s-master1,1,2026-06-06 09:01:29 UTC,15039792,15468756,158084,0.99,51632,629752,199948,1.25,206840,527892,40
fog-k3s-master1,1,2026-06-06 09:01:30 UTC,15039792,15468756,158072,0.99,51632,629764,199948,1.25,206840,527892,52
fog-k3s-master1,1,2026-06-06 09:01:31 UTC,15039792,15468760,158052,0.99,51632,629780,199948,1.25,206840,527892,80
fog-k3s-master1,1,2026-06-06 09:01:32 UTC,15039792,15468820,158040,0.99,51632,629792,199948,1.25,206840,527952,24
fog-k3s-master1,1,2026-06-06 09:01:33 UTC,15039792,15468820,158032,0.99,51632,629800,199948,1.25,206840,527952,36
fog-k3s-master1,1,2026-06-06 09:01:34 UTC,15039792,15468820,158020,0.99,51640,629804,199948,1.25,206840,527952,48
fog-k3s-master1,1,2026-06-06 09:01:35 UTC,15039792,15468820,158020,0.99,51640,629804,199948,1.25,206840,527952,48
fog-k3s-master1,1,2026-06-06 09:01:36 UTC,15039792,15468820,158020,0.99,51640,629804,199948,1.25,206840,527952,48
fog-k3s-master1,1,2026-06-06 09:01:37 UTC,15039792,15468820,158020,0.99,51640,629804,199948,1.25,206840,527952,48
fog-k3s-master1,1,2026-06-06 09:01:38 UTC,15039792,15468820,158020,0.99,51640,629804,199948,1.25,206840,527952,48
fog-k3s-master1,1,2026-06-06 09:01:39 UTC,15039792,15468896,157952,0.99,51648,629864,199948,1.25,206840,528028,40
fog-k3s-master1,1,2026-06-06 09:01:40 UTC,15039792,15468896,157944,0.99,51648,629872,199948,1.25,206840,528028,48
fog-k3s-master1,1,2026-06-06 09:01:41 UTC,15039792,15468896,157932,0.99,51648,629884,199948,1.25,206840,528028,60
fog-k3s-master1,1,2026-06-06 09:01:42 UTC,15039792,15468896,157924,0.99,51648,629892,199948,1.25,206840,528028,68
fog-k3s-master1,1,2026-06-06 09:01:43 UTC,15039792,15468896,157924,0.99,51648,629892,199948,1.25,206840,528028,68
fog-k3s-master1,1,2026-06-06 09:01:44 UTC,15039792,15468956,157904,0.99,51656,629904,199948,1.25,206840,528088,0
fog-k3s-master1,1,2026-06-06 09:01:45 UTC,15039792,15468956,157884,0.99,51656,629924,199948,1.25,206840,528088,20
fog-k3s-master1,1,2026-06-06 09:01:46 UTC,15039792,15468956,157876,0.99,51656,629932,199948,1.25,206840,528088,28
fog-k3s-master1,1,2026-06-06 09:01:47 UTC,15039288,15468452,158364,0.99,51656,629944,202924,1.27,207880,528088,40
fog-k3s-master1,1,2026-06-06 09:01:48 UTC,15039288,15468492,158356,0.99,51656,629952,203132,1.27,208468,528128,48
fog-k3s-master1,1,2026-06-06 09:01:49 UTC,15039288,15468492,158336,0.99,51664,629964,203132,1.27,208468,528128,300
fog-k3s-master1,1,2026-06-06 09:01:50 UTC,15039288,15468492,158328,0.99,51664,629972,203132,1.27,208524,528128,244
fog-k3s-master1,1,2026-06-06 09:01:51 UTC,15039540,15468744,158064,0.99,51664,629984,203132,1.27,208524,528128,292
fog-k3s-master1,1,2026-06-06 09:01:52 UTC,15039540,15468744,158064,0.99,51664,629984,203132,1.27,208524,528128,292
fog-k3s-master1,1,2026-06-06 09:01:53 UTC,15039540,15468828,158064,0.99,51664,630004,199948,1.25,206840,528212,60
fog-k3s-master1,1,2026-06-06 09:01:54 UTC,15039540,15468828,158044,0.99,51672,630016,199948,1.25,206840,528212,56
fog-k3s-master1,1,2026-06-06 09:01:55 UTC,15039540,15468828,158036,0.99,51672,630024,199948,1.25,206840,528212,64
fog-k3s-master1,1,2026-06-06 09:01:56 UTC,15039540,15468828,158036,0.99,51672,630024,199948,1.25,206840,528212,64
fog-k3s-master1,1,2026-06-06 09:01:57 UTC,15039540,15468828,158036,0.99,51672,630024,199948,1.25,206840,528212,64
fog-k3s-master1,1,2026-06-06 09:01:58 UTC,15039540,15468828,158036,0.99,51672,630024,199948,1.25,206840,528212,64
fog-k3s-master1,1,2026-06-06 09:01:59 UTC,15039540,15468828,158036,0.99,51680,630016,199948,1.25,206840,528212,324
fog-k3s-master1,1,2026-06-06 09:02:00 UTC,15039540,15468828,158036,0.99,51680,630016,199948,1.25,206840,528212,324
fog-k3s-master1,1,2026-06-06 09:02:01 UTC,15039540,15468828,158036,0.99,51680,630016,199948,1.25,206840,528212,324
fog-k3s-master1,1,2026-06-06 09:02:02 UTC,15039540,15468828,158036,0.99,51680,630016,199948,1.25,206840,528212,324
fog-k3s-master1,1,2026-06-06 09:02:03 UTC,15039540,15468828,158036,0.99,51680,630016,199948,1.25,206840,528212,324
fog-k3s-master1,1,2026-06-06 09:02:04 UTC,15039540,15468828,158036,0.99,51688,630008,199948,1.25,206840,528212,64
fog-k3s-master1,1,2026-06-06 09:02:05 UTC,15039540,15468828,158036,0.99,51688,630008,199948,1.25,206840,528212,64
fog-k3s-master1,1,2026-06-06 09:02:06 UTC,15039540,15468828,158036,0.99,51688,630008,199948,1.25,206840,528212,64
fog-k3s-master1,1,2026-06-06 09:02:07 UTC,15039540,15468828,158036,0.99,51688,630008,199948,1.25,206840,528212,64
fog-k3s-master1,1,2026-06-06 09:02:08 UTC,15039540,15468828,158036,0.99,51688,630008,199948,1.25,206840,528212,64
fog-k3s-master1,1,2026-06-06 09:02:09 UTC,15039540,15468828,158036,0.99,51696,630000,199948,1.25,206840,528212,64
fog-k3s-master1,1,2026-06-06 09:02:10 UTC,15039540,15468828,158036,0.99,51696,630000,199948,1.25,206840,528212,0
fog-k3s-master1,1,2026-06-06 09:02:11 UTC,15039036,15468324,158540,0.99,51696,630000,203400,1.27,208140,528212,64
fog-k3s-master1,1,2026-06-06 09:02:12 UTC,15039036,15468324,158540,0.99,51696,630000,203400,1.27,208140,528212,64
fog-k3s-master1,1,2026-06-06 09:02:13 UTC,15039036,15468324,158540,0.99,51696,630000,203400,1.27,208140,528212,64
fog-k3s-master1,1,2026-06-06 09:02:14 UTC,15039036,15468324,158540,0.99,51704,629992,199948,1.25,206840,528212,64
fog-k3s-master1,1,2026-06-06 09:02:15 UTC,15039036,15468324,158540,0.99,51704,629992,199948,1.25,206840,528212,64
fog-k3s-master1,1,2026-06-06 09:02:16 UTC,15039036,15468324,158540,0.99,51704,629992,199948,1.25,206840,528212,0
fog-k3s-master1,1,2026-06-06 09:02:17 UTC,15039036,15468324,158540,0.99,51704,629992,199948,1.25,206840,528212,0
fog-k3s-master1,1,2026-06-06 09:02:18 UTC,15039036,15468324,158540,0.99,51704,629992,199948,1.25,206840,528212,0
fog-k3s-master1,1,2026-06-06 09:02:19 UTC,15039036,15468324,158540,0.99,51712,629984,199948,1.25,206840,528212,64
fog-k3s-master1,1,2026-06-06 09:02:20 UTC,15039036,15468584,158540,0.99,51712,629984,199948,1.25,206840,528472,324
fog-k3s-master1,1,2026-06-06 09:02:21 UTC,15039036,15468652,158224,0.99,51712,630292,199948,1.25,206840,528536,208
fog-k3s-master1,1,2026-06-06 09:02:22 UTC,15039036,15468652,158212,0.99,51712,630304,199948,1.25,206840,528536,220
fog-k3s-master1,1,2026-06-06 09:02:23 UTC,15039036,15468652,158204,0.99,51712,630312,199948,1.25,206840,528536,228
fog-k3s-master1,1,2026-06-06 09:02:24 UTC,15039288,15468904,157932,0.99,51720,630324,199948,1.25,206840,528536,44
fog-k3s-master1,1,2026-06-06 09:02:25 UTC,15039288,15468904,157924,0.99,51720,630332,199948,1.25,206840,528536,52
fog-k3s-master1,1,2026-06-06 09:02:26 UTC,15039288,15468964,157912,0.99,51720,630344,199948,1.25,206840,528596,0
fog-k3s-master1,1,2026-06-06 09:02:27 UTC,15039288,15468964,157912,0.99,51720,630344,199948,1.25,206840,528596,0
fog-k3s-master1,1,2026-06-06 09:02:28 UTC,15039288,15468964,157912,0.99,51720,630344,199948,1.25,206840,528596,0
fog-k3s-master1,1,2026-06-06 09:02:29 UTC,15039288,15468964,157880,0.99,51728,630368,199948,1.25,206840,528596,36
fog-k3s-master1,1,2026-06-06 09:02:30 UTC,15039288,15468964,157872,0.99,51728,630376,199948,1.25,206840,528596,44
fog-k3s-master1,1,2026-06-06 09:02:31 UTC,15039288,15468964,157852,0.99,51728,630396,199948,1.25,206840,528596,84
fog-k3s-master1,1,2026-06-06 09:02:32 UTC,15039288,15469024,157844,0.99,51728,630404,199948,1.25,206840,528656,28
fog-k3s-master1,1,2026-06-06 09:02:33 UTC,15039288,15469028,157828,0.99,51728,630416,199948,1.25,206840,528656,44
fog-k3s-master1,1,2026-06-06 09:02:34 UTC,15039288,15469028,157820,0.99,51736,630416,199948,1.25,206840,528656,28
fog-k3s-master1,1,2026-06-06 09:02:35 UTC,15039288,15469028,157808,0.99,51736,630428,199948,1.25,206840,528656,40
fog-k3s-master1,1,2026-06-06 09:02:36 UTC,15039288,15469028,157808,0.99,51736,630428,199948,1.25,206840,528656,40
fog-k3s-master1,1,2026-06-06 09:02:37 UTC,15039288,15469028,157808,0.99,51736,630428,199948,1.25,206840,528656,40
fog-k3s-master1,1,2026-06-06 09:02:38 UTC,15039288,15469112,157764,0.99,51736,630468,199948,1.25,206840,528740,164
fog-k3s-master1,1,2026-06-06 09:02:39 UTC,15039288,15469112,157748,0.99,51744,630476,199948,1.25,206840,528740,24
fog-k3s-master1,1,2026-06-06 09:02:40 UTC,15039288,15469112,157736,0.99,51744,630488,199948,1.25,206840,528740,52
fog-k3s-master1,1,2026-06-06 09:02:41 UTC,15039288,15469112,157728,0.99,51744,630496,199948,1.25,206840,528740,60
fog-k3s-master1,1,2026-06-06 09:02:42 UTC,15038784,15468608,158220,0.99,51744,630508,199948,1.25,206840,528740,72
fog-k3s-master1,1,2026-06-06 09:02:43 UTC,15038784,15468608,158212,0.99,51744,630516,199948,1.25,206840,528740,80
fog-k3s-master1,1,2026-06-06 09:02:44 UTC,15038784,15468668,158200,0.99,51752,630520,199948,1.25,206840,528800,24
fog-k3s-master1,1,2026-06-06 09:02:45 UTC,15038784,15468672,158184,0.99,51752,630536,199948,1.25,206840,528804,176
fog-k3s-master1,1,2026-06-06 09:02:46 UTC,15038784,15468672,158172,0.99,51752,630548,199948,1.25,206840,528804,188
fog-k3s-master1,1,2026-06-06 09:02:47 UTC,15038784,15468672,158164,0.99,51752,630556,199948,1.25,206840,528804,196
fog-k3s-master1,1,2026-06-06 09:02:48 UTC,15038784,15468672,158164,0.99,51752,630556,199948,1.25,206840,528804,196
fog-k3s-master1,1,2026-06-06 09:02:49 UTC,15038784,15468676,158140,0.99,51760,630568,199948,1.25,206840,528804,216
fog-k3s-master1,1,2026-06-06 09:02:50 UTC,15038784,15468736,158120,0.99,51760,630588,199948,1.25,206840,528864,20
fog-k3s-master1,1,2026-06-06 09:02:51 UTC,15038784,15468736,158120,0.99,51760,630588,199948,1.25,206840,528864,20
fog-k3s-master1,1,2026-06-06 09:02:52 UTC,15038784,15468736,158120,0.99,51760,630588,199948,1.25,206840,528864,20
fog-k3s-master1,1,2026-06-06 09:02:53 UTC,15039148,15469100,157724,0.99,51760,630620,199948,1.25,206840,528864,56
fog-k3s-master1,1,2026-06-06 09:02:54 UTC,15039148,15469100,157716,0.99,51760,630628,199948,1.25,206840,528864,64
fog-k3s-master1,1,2026-06-06 09:02:55 UTC,15039148,15469104,157700,0.99,51768,630636,199948,1.25,206840,528868,56
fog-k3s-master1,1,2026-06-06 09:02:56 UTC,15038140,15468156,158692,0.99,51768,630652,199948,1.25,206840,528928,36
fog-k3s-master1,1,2026-06-06 09:02:57 UTC,15038140,15468156,158680,0.99,51768,630664,199948,1.25,206840,528928,52
fog-k3s-master1,1,2026-06-06 09:02:58 UTC,15038140,15468156,158672,0.99,51768,630672,199948,1.25,206840,528928,60
fog-k3s-master1,1,2026-06-06 09:02:59 UTC,15038140,15468156,158660,0.99,51768,630684,199948,1.25,206840,528928,72
fog-k3s-master1,1,2026-06-06 09:03:00 UTC,15038140,15468156,158652,0.99,51768,630692,199948,1.25,206840,528928,212
fog-k3s-master1,1,2026-06-06 09:03:01 UTC,15038140,15468212,158640,0.99,51776,630696,202924,1.27,208124,528984,224
fog-k3s-master1,1,2026-06-06 09:03:02 UTC,15038140,15468212,158624,0.99,51776,630716,203132,1.27,208460,528984,200
fog-k3s-master1,1,2026-06-06 09:03:03 UTC,15038140,15468212,158612,0.99,51776,630724,203132,1.27,208460,528984,272
fog-k3s-master1,1,2026-06-06 09:03:04 UTC,15038140,15468212,158600,0.99,51776,630736,203132,1.27,208460,528984,176
fog-k3s-master1,1,2026-06-06 09:03:05 UTC,15039956,15470028,156776,0.98,51776,630744,199948,1.25,206824,528984,204
fog-k3s-master1,1,2026-06-06 09:03:06 UTC,15039956,15470072,156764,0.98,51776,630756,199948,1.25,206840,529028,216
fog-k3s-master1,1,2026-06-06 09:03:07 UTC,15039956,15470072,156764,0.98,51784,630748,199948,1.25,206840,529028,216
fog-k3s-master1,1,2026-06-06 09:03:08 UTC,15039956,15470072,156764,0.98,51784,630748,199948,1.25,206840,529028,216
fog-k3s-master1,1,2026-06-06 09:03:09 UTC,15039704,15469820,156980,0.98,51784,630784,199948,1.25,206840,529028,196
fog-k3s-master1,1,2026-06-06 09:03:10 UTC,15039704,15469820,156968,0.98,51784,630796,199948,1.25,206840,529028,0
fog-k3s-master1,1,2026-06-06 09:03:11 UTC,15039704,15469820,156960,0.98,51784,630804,199948,1.25,206840,529028,68
fog-k3s-master1,1,2026-06-06 09:03:12 UTC,15039704,15469880,156948,0.98,51784,630816,199948,1.25,206840,529088,80
fog-k3s-master1,1,2026-06-06 09:03:13 UTC,15039704,15469880,156948,0.98,51792,630808,199948,1.25,206840,529088,80
fog-k3s-master1,1,2026-06-06 09:03:14 UTC,15039704,15469880,156948,0.98,51792,630808,199948,1.25,206840,529088,80
fog-k3s-master1,1,2026-06-06 09:03:15 UTC,15039704,15469880,156948,0.98,51792,630808,199948,1.25,206840,529088,80
fog-k3s-master1,1,2026-06-06 09:03:16 UTC,15039704,15469880,156948,0.98,51792,630808,199948,1.25,206840,529088,80
fog-k3s-master1,1,2026-06-06 09:03:17 UTC,15039704,15469908,156888,0.98,51792,630868,199948,1.25,206840,529116,232
fog-k3s-master1,1,2026-06-06 09:03:18 UTC,15039704,15469908,156880,0.98,51792,630876,199948,1.25,206840,529116,208
fog-k3s-master1,1,2026-06-06 09:03:19 UTC,15039704,15469972,156856,0.98,51800,630888,199948,1.25,206840,529176,76
fog-k3s-master1,1,2026-06-06 09:03:20 UTC,15039704,15470032,156848,0.98,51800,630896,199948,1.25,206840,529236,28
fog-k3s-master1,1,2026-06-06 09:03:21 UTC,15039704,15470032,156836,0.98,51800,630908,199948,1.25,206840,529236,44
fog-k3s-master1,1,2026-06-06 09:03:22 UTC,15039704,15470032,156828,0.98,51800,630916,199948,1.25,206840,529236,52
fog-k3s-master1,1,2026-06-06 09:03:23 UTC,15037468,15467828,159052,1.00,51800,630928,203400,1.27,208416,529268,244
fog-k3s-master1,1,2026-06-06 09:03:24 UTC,15037468,15467836,159044,1.00,51808,630928,203400,1.27,208472,529276,224
fog-k3s-master1,1,2026-06-06 09:03:25 UTC,15039828,15470196,156692,0.98,51808,630928,199948,1.25,206920,529276,224
fog-k3s-master1,1,2026-06-06 09:03:26 UTC,15039828,15470196,156692,0.98,51808,630928,199948,1.25,206920,529276,224
fog-k3s-master1,1,2026-06-06 09:03:27 UTC,15039828,15470196,156692,0.98,51808,630928,199948,1.25,206920,529276,224
fog-k3s-master1,1,2026-06-06 09:03:28 UTC,15039692,15470116,156776,0.98,51808,630980,199948,1.25,206840,529332,56
fog-k3s-master1,1,2026-06-06 09:03:29 UTC,15039692,15470116,156760,0.98,51816,630988,199948,1.25,206840,529332,232
fog-k3s-master1,1,2026-06-06 09:03:30 UTC,15039692,15470116,156748,0.98,51816,631000,199948,1.25,206840,529332,244
fog-k3s-master1,1,2026-06-06 09:03:31 UTC,15039692,15470116,156748,0.98,51816,631000,199948,1.25,206840,529332,244
fog-k3s-master1,1,2026-06-06 09:03:32 UTC,15039692,15470116,156748,0.98,51816,631000,199948,1.25,206840,529332,244
fog-k3s-master1,1,2026-06-06 09:03:33 UTC,15039692,15470116,156748,0.98,51816,631000,199948,1.25,206840,529332,244
fog-k3s-master1,1,2026-06-06 09:03:34 UTC,15039692,15470116,156748,0.98,51824,630992,199948,1.25,206840,529332,244
fog-k3s-master1,1,2026-06-06 09:03:35 UTC,15039692,15470116,156748,0.98,51824,630992,199948,1.25,206840,529332,244
fog-k3s-master1,1,2026-06-06 09:03:36 UTC,15039692,15470116,156748,0.98,51824,630992,199948,1.25,206840,529332,244
fog-k3s-master1,1,2026-06-06 09:03:37 UTC,15039692,15470116,156748,0.98,51824,630992,199948,1.25,206840,529332,244
fog-k3s-master1,1,2026-06-06 09:03:38 UTC,15039692,15470116,156748,0.98,51824,630992,199948,1.25,206840,529332,244
fog-k3s-master1,1,2026-06-06 09:03:39 UTC,15039692,15470116,156748,0.98,51832,630984,199948,1.25,206840,529332,244
fog-k3s-master1,1,2026-06-06 09:03:40 UTC,15039692,15470116,156748,0.98,51832,630984,199948,1.25,206840,529332,0
fog-k3s-master1,1,2026-06-06 09:03:41 UTC,15039692,15470116,156748,0.98,51832,630984,199948,1.25,206840,529332,0
fog-k3s-master1,1,2026-06-06 09:03:42 UTC,15039692,15470116,156748,0.98,51832,630984,199948,1.25,206840,529332,0
fog-k3s-master1,1,2026-06-06 09:03:43 UTC,15039692,15470116,156748,0.98,51832,630984,199948,1.25,206840,529332,0
fog-k3s-master1,1,2026-06-06 09:03:44 UTC,15039692,15470116,156748,0.98,51840,630976,199948,1.25,206840,529332,244
fog-k3s-master1,1,2026-06-06 09:03:45 UTC,15039692,15470116,156748,0.98,51840,630976,199948,1.25,206840,529332,244
fog-k3s-master1,1,2026-06-06 09:03:46 UTC,15039692,15470116,156748,0.98,51840,630976,199948,1.25,206840,529332,244
fog-k3s-master1,1,2026-06-06 09:03:47 UTC,15039692,15470116,156748,0.98,51840,630976,199948,1.25,206840,529332,244
fog-k3s-master1,1,2026-06-06 09:03:48 UTC,15039944,15470540,156288,0.98,51840,631180,199948,1.25,206840,529504,228
fog-k3s-master1,1,2026-06-06 09:03:49 UTC,15039944,15470584,156264,0.98,51848,631192,199948,1.25,206840,529544,60
fog-k3s-master1,1,2026-06-06 09:03:50 UTC,15039944,15470584,156252,0.98,51848,631204,199948,1.25,206840,529544,4
fog-k3s-master1,1,2026-06-06 09:03:51 UTC,15039944,15470644,156244,0.98,51848,631212,199948,1.25,206840,529604,16
fog-k3s-master1,1,2026-06-06 09:03:52 UTC,15039944,15470644,156232,0.98,51848,631224,199948,1.25,206840,529604,28
fog-k3s-master1,1,2026-06-06 09:03:53 UTC,15036448,15467168,159720,1.00,51848,631232,202928,1.27,208188,529624,36
fog-k3s-master1,1,2026-06-06 09:03:54 UTC,15036448,15467168,159708,1.00,51856,631236,203156,1.27,208476,529624,48
fog-k3s-master1,1,2026-06-06 09:03:55 UTC,15039328,15470048,156828,0.98,51856,631236,199948,1.25,206796,529624,48
fog-k3s-master1,1,2026-06-06 09:03:56 UTC,15039328,15470048,156828,0.98,51856,631236,199948,1.25,206796,529624,48
fog-k3s-master1,1,2026-06-06 09:03:57 UTC,15039328,15470048,156828,0.98,51856,631236,199948,1.25,206796,529624,48
fog-k3s-master1,1,2026-06-06 09:03:58 UTC,15039328,15470048,156828,0.98,51856,631236,199948,1.25,206796,529624,48
fog-k3s-master1,1,2026-06-06 09:03:59 UTC,15039328,15470048,156828,0.98,51864,631228,199948,1.25,206796,529624,48
fog-k3s-master1,1,2026-06-06 09:04:00 UTC,15039328,15470048,156828,0.98,51864,631228,199948,1.25,206796,529624,48
fog-k3s-master1,1,2026-06-06 09:04:01 UTC,15036964,15467788,159108,1.00,51864,631312,203400,1.27,208516,529720,228
fog-k3s-master1,1,2026-06-06 09:04:02 UTC,15036964,15467788,159096,1.00,51864,631324,203400,1.27,208516,529720,176
fog-k3s-master1,1,2026-06-06 09:04:03 UTC,15036712,15467536,159336,1.00,51864,631336,203400,1.27,208516,529720,192
fog-k3s-master1,1,2026-06-06 09:04:04 UTC,15039192,15470052,156836,0.98,51872,631348,199948,1.25,206848,529756,384
fog-k3s-master1,1,2026-06-06 09:04:05 UTC,15039192,15470052,156836,0.98,51872,631348,199948,1.25,206848,529756,384
fog-k3s-master1,1,2026-06-06 09:04:06 UTC,15039192,15470052,156812,0.98,51872,631368,199948,1.25,206848,529756,404
fog-k3s-master1,1,2026-06-06 09:04:07 UTC,15039192,15470052,156800,0.98,51872,631380,199948,1.25,206848,529756,96
fog-k3s-master1,1,2026-06-06 09:04:08 UTC,15039192,15470052,156792,0.98,51872,631388,199948,1.25,206848,529756,40
fog-k3s-master1,1,2026-06-06 09:04:09 UTC,15039192,15470052,156780,0.98,51880,631392,199948,1.25,206848,529756,56
fog-k3s-master1,1,2026-06-06 09:04:10 UTC,15039192,15470052,156780,0.98,51880,631392,199948,1.25,206848,529756,56
fog-k3s-master1,1,2026-06-06 09:04:11 UTC,15039192,15470116,156748,0.98,51880,631420,199948,1.25,206848,529816,200
fog-k3s-master1,1,2026-06-06 09:04:12 UTC,15039576,15470500,156356,0.98,51880,631428,199948,1.25,206848,529816,208
fog-k3s-master1,1,2026-06-06 09:04:13 UTC,15036808,15467764,159112,1.00,51880,631440,203156,1.27,208236,529848,220
fog-k3s-master1,1,2026-06-06 09:04:14 UTC,15036584,15467540,159324,1.00,51888,631444,203400,1.27,208484,529848,24
fog-k3s-master1,1,2026-06-06 09:04:15 UTC,15036584,15467552,159308,1.00,51888,631460,203400,1.27,208484,529860,44
fog-k3s-master1,1,2026-06-06 09:04:16 UTC,15039464,15470432,156416,0.98,51888,631472,199948,1.25,206848,529860,196
fog-k3s-master1,1,2026-06-06 09:04:17 UTC,15039464,15470432,156416,0.98,51888,631472,199948,1.25,206848,529860,196
fog-k3s-master1,1,2026-06-06 09:04:18 UTC,15039464,15470432,156416,0.98,51888,631472,199948,1.25,206848,529860,196
fog-k3s-master1,1,2026-06-06 09:04:19 UTC,15039340,15470308,156512,0.98,51896,631492,199948,1.25,206848,529860,224
fog-k3s-master1,1,2026-06-06 09:04:20 UTC,15039340,15470368,156496,0.98,51896,631504,199948,1.25,206848,529920,236
fog-k3s-master1,1,2026-06-06 09:04:21 UTC,15039340,15470368,156496,0.98,51896,631504,199948,1.25,206848,529920,236
fog-k3s-master1,1,2026-06-06 09:04:22 UTC,15039340,15470368,156496,0.98,51896,631504,199948,1.25,206848,529920,236
fog-k3s-master1,1,2026-06-06 09:04:23 UTC,15039340,15470368,156496,0.98,51896,631504,199948,1.25,206848,529920,236
fog-k3s-master1,1,2026-06-06 09:04:24 UTC,15039340,15470400,156416,0.98,51896,631552,199948,1.25,206848,529952,236
fog-k3s-master1,1,2026-06-06 09:04:25 UTC,15039340,15470400,156396,0.98,51904,631564,199948,1.25,206848,529952,272
fog-k3s-master1,1,2026-06-06 09:04:26 UTC,15039340,15470400,156396,0.98,51904,631564,199948,1.25,206848,529952,272
fog-k3s-master1,1,2026-06-06 09:04:27 UTC,15039340,15470400,156396,0.98,51904,631564,199948,1.25,206848,529952,272
fog-k3s-master1,1,2026-06-06 09:04:28 UTC,15039340,15470400,156396,0.98,51904,631564,199948,1.25,206848,529952,272
fog-k3s-master1,1,2026-06-06 09:04:29 UTC,15039340,15470400,156396,0.98,51904,631564,199948,1.25,206848,529952,272
fog-k3s-master1,1,2026-06-06 09:04:30 UTC,15039088,15470208,156592,0.98,51912,631612,199948,1.25,206848,530012,44
fog-k3s-master1,1,2026-06-06 09:04:31 UTC,15038584,15469704,157084,0.98,51912,631624,199948,1.25,206848,530012,56
fog-k3s-master1,1,2026-06-06 09:04:32 UTC,15038584,15469704,157084,0.98,51912,631624,199948,1.25,206848,530012,56
fog-k3s-master1,1,2026-06-06 09:04:33 UTC,15038584,15469704,157084,0.98,51912,631624,199948,1.25,206848,530012,56
fog-k3s-master1,1,2026-06-06 09:04:34 UTC,15038584,15469704,157084,0.98,51912,631624,199948,1.25,206848,530012,56
fog-k3s-master1,1,2026-06-06 09:04:35 UTC,15038584,15469704,157084,0.98,51912,631624,199948,1.25,206848,530012,56
fog-k3s-master1,1,2026-06-06 09:04:36 UTC,15038584,15469704,157084,0.98,51920,631616,199948,1.25,206848,530012,56
fog-k3s-master1,1,2026-06-06 09:04:37 UTC,15038584,15469704,157084,0.98,51920,631616,199948,1.25,206848,530012,56
fog-k3s-master1,1,2026-06-06 09:04:38 UTC,15038584,15469704,157084,0.98,51920,631616,199948,1.25,206848,530012,56
fog-k3s-master1,1,2026-06-06 09:04:39 UTC,15038584,15469704,157084,0.98,51928,631608,199948,1.25,206848,530012,56
fog-k3s-master1,1,2026-06-06 09:04:40 UTC,15038584,15469860,156972,0.98,51928,631716,199948,1.25,206848,530164,56
fog-k3s-master1,1,2026-06-06 09:04:41 UTC,15038584,15469860,156964,0.98,51928,631724,199948,1.25,206848,530164,32
fog-k3s-master1,1,2026-06-06 09:04:42 UTC,15038584,15469860,156964,0.98,51928,631724,199948,1.25,206848,530164,32
fog-k3s-master1,1,2026-06-06 09:04:43 UTC,15038584,15469860,156944,0.98,51928,631744,199948,1.25,206848,530164,52
fog-k3s-master1,1,2026-06-06 09:04:44 UTC,15037576,15468912,157940,0.99,51936,631748,199948,1.25,206848,530224,0
fog-k3s-master1,1,2026-06-06 09:04:45 UTC,15037576,15468912,157924,0.99,51936,631764,199948,1.25,206848,530224,44
fog-k3s-master1,1,2026-06-06 09:04:46 UTC,15037576,15468912,157912,0.99,51936,631776,199948,1.25,206848,530224,56
fog-k3s-master1,1,2026-06-06 09:04:47 UTC,15037576,15468912,157904,0.99,51936,631784,199948,1.25,206848,530224,64
fog-k3s-master1,1,2026-06-06 09:04:48 UTC,15037576,15468912,157892,0.99,51936,631796,199948,1.25,206848,530224,76
fog-k3s-master1,1,2026-06-06 09:04:49 UTC,15037576,15468912,157880,0.99,51936,631808,199948,1.25,206848,530224,88
fog-k3s-master1,1,2026-06-06 09:04:50 UTC,15037576,15468988,157864,0.99,51944,631816,199948,1.25,206848,530300,160
fog-k3s-master1,1,2026-06-06 09:04:51 UTC,15037576,15468988,157848,0.99,51944,631828,199948,1.25,206848,530300,176
fog-k3s-master1,1,2026-06-06 09:04:52 UTC,15037576,15468988,157840,0.99,51944,631836,199948,1.25,206848,530300,184
fog-k3s-master1,1,2026-06-06 09:04:53 UTC,15037576,15468988,157828,0.99,51944,631848,199948,1.25,206848,530300,196
fog-k3s-master1,1,2026-06-06 09:04:54 UTC,15037576,15468988,157828,0.99,51944,631848,199948,1.25,206848,530300,196
fog-k3s-master1,1,2026-06-06 09:04:55 UTC,15037576,15468988,157808,0.99,51952,631860,199948,1.25,206848,530300,60
fog-k3s-master1,1,2026-06-06 09:04:56 UTC,15037576,15469048,157800,0.99,51952,631868,199948,1.25,206848,530360,68
fog-k3s-master1,1,2026-06-06 09:04:57 UTC,15037576,15469048,157788,0.99,51952,631880,199948,1.25,206848,530360,84
fog-k3s-master1,1,2026-06-06 09:04:58 UTC,15038096,15469568,157268,0.98,51952,631880,199948,1.25,206848,530360,84
fog-k3s-master1,1,2026-06-06 09:04:59 UTC,15038096,15469568,157268,0.98,51952,631880,199948,1.25,206848,530360,84
fog-k3s-master1,1,2026-06-06 09:05:00 UTC,15038096,15469568,157268,0.98,51952,631880,199948,1.25,206848,530360,84
fog-k3s-master1,1,2026-06-06 09:05:01 UTC,15038096,15469568,157268,0.98,51960,631872,199948,1.25,206848,530360,84
fog-k3s-master1,1,2026-06-06 09:05:02 UTC,15036384,15467932,158912,0.99,51960,631940,199948,1.25,206828,530436,200
fog-k3s-master1,1,2026-06-06 09:05:03 UTC,15036384,15467932,158904,0.99,51960,631948,199948,1.25,206828,530436,212
fog-k3s-master1,1,2026-06-06 09:05:04 UTC,15036384,15467932,158904,0.99,51960,631948,199948,1.25,206828,530436,212
fog-k3s-master1,1,2026-06-06 09:05:05 UTC,15036384,15467932,158904,0.99,51960,631948,199948,1.25,206828,530436,212
fog-k3s-master1,1,2026-06-06 09:05:06 UTC,15036384,15467976,158868,0.99,51960,631980,199948,1.25,206848,530476,300
fog-k3s-master1,1,2026-06-06 09:05:07 UTC,15036384,15467976,158860,0.99,51968,631980,199948,1.25,206848,530476,308
fog-k3s-master1,1,2026-06-06 09:05:08 UTC,15036384,15467976,158848,0.99,51968,631992,199948,1.25,206848,530476,320
fog-k3s-master1,1,2026-06-06 09:05:09 UTC,15036384,15467976,158848,0.99,51968,631992,199948,1.25,206848,530476,320
fog-k3s-master1,1,2026-06-06 09:05:10 UTC,15036384,15467976,158848,0.99,51968,631992,199948,1.25,206848,530476,320
fog-k3s-master1,1,2026-06-06 09:05:11 UTC,15036384,15467976,158848,0.99,51968,631992,199948,1.25,206848,530476,320
fog-k3s-master1,1,2026-06-06 09:05:12 UTC,15036384,15467976,158848,0.99,51976,631984,199948,1.25,206848,530476,320
fog-k3s-master1,1,2026-06-06 09:05:13 UTC,15036384,15468044,158780,0.99,51976,632052,199948,1.25,206848,530544,252
fog-k3s-master1,1,2026-06-06 09:05:14 UTC,15036160,15467856,158996,0.99,51976,632060,202800,1.27,207944,530580,32
fog-k3s-master1,1,2026-06-06 09:05:15 UTC,15036160,15467864,158964,0.99,51976,632076,203400,1.27,208540,530588,244
fog-k3s-master1,1,2026-06-06 09:05:16 UTC,15036160,15467864,158964,0.99,51976,632076,203400,1.27,208540,530588,244
fog-k3s-master1,1,2026-06-06 09:05:17 UTC,15034144,15465848,160980,1.01,51976,632076,203400,1.27,208540,530588,244
fog-k3s-master1,1,2026-06-06 09:05:18 UTC,15034144,15465848,160956,1.01,51984,632104,199948,1.25,206848,530588,320
fog-k3s-master1,1,2026-06-06 09:05:19 UTC,15034144,15465848,160944,1.01,51984,632116,199948,1.25,206848,530588,420
fog-k3s-master1,1,2026-06-06 09:05:20 UTC,15034144,15465848,160936,1.01,51984,632124,199948,1.25,206848,530588,40
fog-k3s-master1,1,2026-06-06 09:05:21 UTC,15034144,15465848,160936,1.01,51984,632124,199948,1.25,206848,530588,40
fog-k3s-master1,1,2026-06-06 09:05:22 UTC,15034144,15465908,160912,1.01,51984,632144,199948,1.25,206848,530648,64
fog-k3s-master1,1,2026-06-06 09:05:23 UTC,15034144,15465932,160900,1.01,51984,632156,199948,1.25,206848,530672,36
fog-k3s-master1,1,2026-06-06 09:05:24 UTC,15034144,15465932,160884,1.01,51992,632164,199948,1.25,206848,530672,252
fog-k3s-master1,1,2026-06-06 09:05:25 UTC,15034144,15465932,160884,1.01,51992,632164,199948,1.25,206848,530672,252
fog-k3s-master1,1,2026-06-06 09:05:26 UTC,15034144,15465964,160860,1.01,51992,632188,199948,1.25,206848,530704,208
fog-k3s-master1,1,2026-06-06 09:05:27 UTC,15034144,15465964,160852,1.01,51992,632196,199948,1.25,206848,530704,220
fog-k3s-master1,1,2026-06-06 09:05:28 UTC,15034144,15465964,160840,1.01,51992,632208,199948,1.25,206848,530704,232
fog-k3s-master1,1,2026-06-06 09:05:29 UTC,15034144,15465964,160832,1.01,52000,632208,199948,1.25,206848,530704,20
fog-k3s-master1,1,2026-06-06 09:05:30 UTC,15034144,15465964,160812,1.01,52000,632228,199948,1.25,206848,530704,68
fog-k3s-master1,1,2026-06-06 09:05:31 UTC,15034144,15465964,160804,1.01,52000,632236,199948,1.25,206848,530704,76
fog-k3s-master1,1,2026-06-06 09:05:32 UTC,15034144,15466024,160792,1.01,52000,632248,199948,1.25,206848,530764,88
fog-k3s-master1,1,2026-06-06 09:05:33 UTC,15034144,15466024,160784,1.01,52000,632256,199948,1.25,206848,530764,36
fog-k3s-master1,1,2026-06-06 09:05:34 UTC,15034144,15466024,160772,1.01,52008,632260,199948,1.25,206848,530764,48
fog-k3s-master1,1,2026-06-06 09:05:35 UTC,15034144,15466024,160772,1.01,52008,632260,199948,1.25,206848,530764,48
fog-k3s-master1,1,2026-06-06 09:05:36 UTC,15034144,15466024,160772,1.01,52008,632260,199948,1.25,206848,530764,48
fog-k3s-master1,1,2026-06-06 09:05:37 UTC,15034144,15466024,160772,1.01,52008,632260,199948,1.25,206848,530764,48
fog-k3s-master1,1,2026-06-06 09:05:38 UTC,15034144,15466024,160772,1.01,52008,632260,199948,1.25,206848,530764,48
fog-k3s-master1,1,2026-06-06 09:05:39 UTC,15034144,15466024,160772,1.01,52016,632252,199948,1.25,206848,530764,48
fog-k3s-master1,1,2026-06-06 09:05:40 UTC,15034144,15466024,160772,1.01,52016,632252,199948,1.25,206848,530764,48
fog-k3s-master1,1,2026-06-06 09:05:41 UTC,15034144,15466024,160772,1.01,52016,632252,199948,1.25,206848,530764,48
fog-k3s-master1,1,2026-06-06 09:05:42 UTC,15034144,15466024,160772,1.01,52016,632252,199948,1.25,206848,530764,48
fog-k3s-master1,1,2026-06-06 09:05:43 UTC,15034144,15466024,160772,1.01,52016,632252,199948,1.25,206848,530764,48
fog-k3s-master1,1,2026-06-06 09:05:44 UTC,15034144,15466024,160772,1.01,52024,632244,199948,1.25,206848,530764,308
fog-k3s-master1,1,2026-06-06 09:05:45 UTC,15034144,15466024,160772,1.01,52024,632244,199948,1.25,206848,530764,48
fog-k3s-master1,1,2026-06-06 09:05:46 UTC,15034144,15466024,160772,1.01,52024,632244,199948,1.25,206848,530764,48
fog-k3s-master1,1,2026-06-06 09:05:47 UTC,15034144,15466024,160772,1.01,52024,632244,199948,1.25,206848,530764,48
fog-k3s-master1,1,2026-06-06 09:05:48 UTC,15034144,15466024,160772,1.01,52024,632244,199948,1.25,206848,530764,48
fog-k3s-master1,1,2026-06-06 09:05:49 UTC,15034144,15466024,160772,1.01,52032,632236,199948,1.25,206848,530764,48
fog-k3s-master1,1,2026-06-06 09:05:50 UTC,15034144,15466024,160772,1.01,52032,632236,199948,1.25,206848,530764,0
fog-k3s-master1,1,2026-06-06 09:05:51 UTC,15034144,15466024,160772,1.01,52032,632236,199948,1.25,206848,530764,0
fog-k3s-master1,1,2026-06-06 09:05:52 UTC,15034144,15466024,160772,1.01,52032,632236,199948,1.25,206848,530764,0
fog-k3s-master1,1,2026-06-06 09:05:53 UTC,15034144,15466024,160772,1.01,52032,632236,199948,1.25,206848,530764,0
fog-k3s-master1,1,2026-06-06 09:05:54 UTC,15034144,15466024,160772,1.01,52040,632228,199948,1.25,206848,530764,0
fog-k3s-master1,1,2026-06-06 09:05:55 UTC,15034144,15466024,160772,1.01,52040,632228,199948,1.25,206848,530764,0
fog-k3s-master1,1,2026-06-06 09:05:56 UTC,15034144,15466024,160772,1.01,52040,632228,199948,1.25,206848,530764,0
fog-k3s-master1,1,2026-06-06 09:05:57 UTC,15034144,15466024,160772,1.01,52040,632228,199948,1.25,206848,530764,0
fog-k3s-master1,1,2026-06-06 09:05:58 UTC,15034144,15466356,160480,1.00,52040,632512,203396,1.27,208252,531092,212
fog-k3s-master1,1,2026-06-06 09:05:59 UTC,15034144,15466360,160460,1.00,52048,632520,203396,1.27,208492,531092,340
fog-k3s-master1,1,2026-06-06 09:06:00 UTC,15034144,15466372,160448,1.00,52048,632532,203396,1.27,208540,531104,364
fog-k3s-master1,1,2026-06-06 09:06:01 UTC,15034144,15466372,160448,1.00,52048,632532,203396,1.27,208540,531104,364
fog-k3s-master1,1,2026-06-06 09:06:02 UTC,15034144,15466384,160432,1.00,52048,632552,199948,1.25,206848,531116,332
fog-k3s-master1,1,2026-06-06 09:06:03 UTC,15034144,15466424,160420,1.00,52048,632564,199948,1.25,206848,531156,56
fog-k3s-master1,1,2026-06-06 09:06:04 UTC,15033640,15465920,160908,1.01,52056,632572,199948,1.25,206848,531156,228
fog-k3s-master1,1,2026-06-06 09:06:05 UTC,15033640,15465920,160908,1.01,52056,632572,199948,1.25,206848,531156,228
fog-k3s-master1,1,2026-06-06 09:06:06 UTC,15033640,15465948,160884,1.01,52056,632592,203400,1.27,208200,531184,204
fog-k3s-master1,1,2026-06-06 09:06:07 UTC,15033640,15465948,160860,1.01,52056,632604,203400,1.27,208508,531184,324
fog-k3s-master1,1,2026-06-06 09:06:08 UTC,15033640,15465968,160852,1.01,52056,632612,203400,1.27,208540,531204,284
fog-k3s-master1,1,2026-06-06 09:06:09 UTC,15033640,15465968,160832,1.01,52064,632624,203400,1.27,208540,531204,60
fog-k3s-master1,1,2026-06-06 09:06:10 UTC,15035860,15468188,158612,0.99,52064,632632,199948,1.25,206848,531204,192
fog-k3s-master1,1,2026-06-06 09:06:11 UTC,15035860,15468188,158600,0.99,52064,632644,199948,1.25,206848,531204,192
fog-k3s-master1,1,2026-06-06 09:06:12 UTC,15035860,15468188,158600,0.99,52064,632644,199948,1.25,206848,531204,192
fog-k3s-master1,1,2026-06-06 09:06:13 UTC,15036112,15468492,158328,0.99,52064,632664,202800,1.27,207956,531256,212
fog-k3s-master1,1,2026-06-06 09:06:14 UTC,15035860,15468240,158556,0.99,52072,632680,203400,1.27,208528,531256,328
fog-k3s-master1,1,2026-06-06 09:06:15 UTC,15035860,15468244,158548,0.99,52072,632688,203400,1.27,208528,531260,28
fog-k3s-master1,1,2026-06-06 09:06:16 UTC,15035860,15468244,158536,0.99,52072,632700,203400,1.27,208528,531260,168
fog-k3s-master1,1,2026-06-06 09:06:17 UTC,15035860,15468244,158528,0.99,52072,632708,199948,1.25,206968,531260,176
fog-k3s-master1,1,2026-06-06 09:06:18 UTC,15035860,15468244,158528,0.99,52072,632708,199948,1.25,206968,531260,176
fog-k3s-master1,1,2026-06-06 09:06:19 UTC,15035860,15468288,158508,0.99,52080,632720,199948,1.25,206848,531304,296
fog-k3s-master1,1,2026-06-06 09:06:20 UTC,15035860,15468288,158496,0.99,52080,632732,199948,1.25,206848,531304,244
fog-k3s-master1,1,2026-06-06 09:06:21 UTC,15035860,15468288,158480,0.99,52080,632748,199948,1.25,206848,531304,288
fog-k3s-master1,1,2026-06-06 09:06:22 UTC,15035860,15468288,158468,0.99,52080,632760,199948,1.25,206848,531304,300
fog-k3s-master1,1,2026-06-06 09:06:23 UTC,15035860,15468292,158456,0.99,52080,632768,199948,1.25,206848,531304,68
fog-k3s-master1,1,2026-06-06 09:06:24 UTC,15035860,15468352,158444,0.99,52088,632772,199948,1.25,206848,531364,80
fog-k3s-master1,1,2026-06-06 09:06:25 UTC,15035860,15468352,158424,0.99,52088,632792,199948,1.25,206848,531364,220
fog-k3s-master1,1,2026-06-06 09:06:26 UTC,15035860,15468352,158416,0.99,52088,632800,199948,1.25,206848,531364,164
fog-k3s-master1,1,2026-06-06 09:06:27 UTC,15035860,15468352,158404,0.99,52088,632812,199948,1.25,206848,531364,180
fog-k3s-master1,1,2026-06-06 09:06:28 UTC,15035860,15468352,158396,0.99,52088,632820,199948,1.25,206848,531364,188
fog-k3s-master1,1,2026-06-06 09:06:29 UTC,15035860,15468412,158384,0.99,52096,632824,199948,1.25,206848,531424,24
fog-k3s-master1,1,2026-06-06 09:06:30 UTC,15035860,15468412,158368,0.99,52096,632840,199948,1.25,206848,531424,72
fog-k3s-master1,1,2026-06-06 09:06:31 UTC,15035860,15468412,158356,0.99,52096,632852,199948,1.25,206848,531424,84
fog-k3s-master1,1,2026-06-06 09:06:32 UTC,15035860,15468460,158348,0.99,52096,632860,199948,1.25,206848,531472,28
fog-k3s-master1,1,2026-06-06 09:06:33 UTC,15035860,15468460,158336,0.99,52096,632872,199948,1.25,206848,531472,44
fog-k3s-master1,1,2026-06-06 09:06:34 UTC,15035860,15468460,158320,0.99,52104,632880,199948,1.25,206848,531472,24
fog-k3s-master1,1,2026-06-06 09:06:35 UTC,15035860,15468520,158308,0.99,52104,632892,199948,1.25,206848,531532,36
fog-k3s-master1,1,2026-06-06 09:06:36 UTC,15035860,15468520,158296,0.99,52104,632904,199948,1.25,206848,531532,48
fog-k3s-master1,1,2026-06-06 09:06:37 UTC,15035608,15468268,158540,0.99,52104,632912,199948,1.25,206848,531532,56
fog-k3s-master1,1,2026-06-06 09:06:38 UTC,15035608,15468268,158524,0.99,52104,632924,199948,1.25,206848,531532,0
fog-k3s-master1,1,2026-06-06 09:06:39 UTC,15035608,15468268,158516,0.99,52112,632924,199948,1.25,206848,531532,12
fog-k3s-master1,1,2026-06-06 09:06:40 UTC,15035608,15468268,158496,0.99,52112,632944,199948,1.25,206848,531532,216
fog-k3s-master1,1,2026-06-06 09:06:41 UTC,15035608,15468328,158488,0.99,52112,632952,199948,1.25,206848,531592,224
fog-k3s-master1,1,2026-06-06 09:06:42 UTC,15035608,15468328,158476,0.99,52112,632964,199948,1.25,206848,531592,236
fog-k3s-master1,1,2026-06-06 09:06:43 UTC,15035608,15468328,158476,0.99,52112,632964,199948,1.25,206848,531592,236
fog-k3s-master1,1,2026-06-06 09:06:44 UTC,15035868,15468588,158196,0.99,52120,632976,199948,1.25,206848,531592,256
fog-k3s-master1,1,2026-06-06 09:06:45 UTC,15035868,15468588,158188,0.99,52120,632984,199948,1.25,206848,531592,268
fog-k3s-master1,1,2026-06-06 09:06:46 UTC,15036136,15468856,157932,0.99,52120,633004,199948,1.25,206848,531592,24
fog-k3s-master1,1,2026-06-06 09:06:47 UTC,15036136,15468916,157924,0.99,52120,633012,199948,1.25,206848,531652,32
fog-k3s-master1,1,2026-06-06 09:06:48 UTC,15036136,15468916,157912,0.99,52120,633024,199948,1.25,206848,531652,44
fog-k3s-master1,1,2026-06-06 09:06:49 UTC,15036136,15468916,157900,0.99,52128,633028,199948,1.25,206848,531652,56
fog-k3s-master1,1,2026-06-06 09:06:50 UTC,15036136,15468916,157900,0.99,52128,633028,199948,1.25,206848,531652,56
fog-k3s-master1,1,2026-06-06 09:06:51 UTC,15035884,15468664,158124,0.99,52128,633056,199948,1.25,206848,531652,28
fog-k3s-master1,1,2026-06-06 09:06:52 UTC,15035884,15468664,158116,0.99,52128,633064,199948,1.25,206848,531652,36
fog-k3s-master1,1,2026-06-06 09:06:53 UTC,15035884,15468728,158100,0.99,52128,633076,199948,1.25,206848,531712,48
fog-k3s-master1,1,2026-06-06 09:06:54 UTC,15035884,15468728,158084,0.99,52136,633084,199948,1.25,206848,531712,204
fog-k3s-master1,1,2026-06-06 09:06:55 UTC,15035884,15468728,158072,0.99,52136,633096,199948,1.25,206848,531712,216
fog-k3s-master1,1,2026-06-06 09:06:56 UTC,15035884,15468728,158064,0.99,52136,633104,199948,1.25,206848,531712,160
fog-k3s-master1,1,2026-06-06 09:06:57 UTC,15035884,15468728,158064,0.99,52136,633104,199948,1.25,206848,531712,160
fog-k3s-master1,1,2026-06-06 09:06:58 UTC,15035884,15468728,158044,0.99,52136,633124,199948,1.25,206848,531712,184
fog-k3s-master1,1,2026-06-06 09:06:59 UTC,15035884,15468788,158032,0.99,52144,633128,199948,1.25,206848,531772,196
fog-k3s-master1,1,2026-06-06 09:07:00 UTC,15035884,15468788,158032,0.99,52144,633128,199948,1.25,206848,531772,196
fog-k3s-master1,1,2026-06-06 09:07:01 UTC,15035884,15468788,158004,0.99,52144,633156,199948,1.25,206848,531772,84
fog-k3s-master1,1,2026-06-06 09:07:02 UTC,15035380,15468284,158496,0.99,52144,633168,199948,1.25,206848,531772,28
fog-k3s-master1,1,2026-06-06 09:07:03 UTC,15035380,15468284,158496,0.99,52144,633168,199948,1.25,206848,531772,28
fog-k3s-master1,1,2026-06-06 09:07:04 UTC,15035380,15468284,158476,0.99,52152,633180,199948,1.25,206848,531772,48
fog-k3s-master1,1,2026-06-06 09:07:05 UTC,15035380,15468344,158460,0.99,52152,633196,199948,1.25,206848,531832,196
fog-k3s-master1,1,2026-06-06 09:07:06 UTC,15035380,15468344,158448,0.99,52152,633208,199948,1.25,206848,531832,208
fog-k3s-master1,1,2026-06-06 09:07:07 UTC,15035380,15468344,158440,0.99,52152,633216,199948,1.25,206848,531832,216
fog-k3s-master1,1,2026-06-06 09:07:08 UTC,15035380,15468344,158428,0.99,52152,633228,199948,1.25,206848,531832,164
fog-k3s-master1,1,2026-06-06 09:07:09 UTC,15035380,15468404,158408,0.99,52160,633236,199948,1.25,206848,531892,40
fog-k3s-master1,1,2026-06-06 09:07:10 UTC,15035380,15468404,158408,0.99,52160,633236,199948,1.25,206848,531892,40
fog-k3s-master1,1,2026-06-06 09:07:11 UTC,15035380,15468464,158388,0.99,52160,633256,199948,1.25,206848,531952,60
fog-k3s-master1,1,2026-06-06 09:07:12 UTC,15035380,15468464,158376,0.99,52160,633268,199948,1.25,206848,531952,72
fog-k3s-master1,1,2026-06-06 09:07:13 UTC,15035380,15468464,158364,0.99,52160,633280,199948,1.25,206848,531952,84
fog-k3s-master1,1,2026-06-06 09:07:14 UTC,15035380,15468464,158356,0.99,52168,633280,199948,1.25,206848,531952,28
