# hostname,interval,timestamp,kbmemfree,kbavail,kbmemused,%memused,kbbuffers,kbcached,kbcommit,%commit,kbactive,kbinact,kbdirty
cloud-k3s-master1,1,2026-06-06 08:07:13 UTC,7039644,7437168,186332,2.35,34336,585508,239080,3.01,210988,467524,1084
cloud-k3s-master1,1,2026-06-06 08:07:14 UTC,7040964,7438488,185008,2.33,34336,585512,239080,3.01,210988,467524,1088
cloud-k3s-master1,1,2026-06-06 08:07:15 UTC,7040964,7438512,185000,2.33,34336,585520,239080,3.01,211004,467548,948
cloud-k3s-master1,1,2026-06-06 08:07:16 UTC,7040964,7438512,184992,2.33,34336,585528,239080,3.01,211004,467548,956
cloud-k3s-master1,1,2026-06-06 08:07:17 UTC,7040964,7438524,184976,2.33,34348,585532,239080,3.01,211008,467560,552
cloud-k3s-master1,1,2026-06-06 08:07:18 UTC,7040964,7438524,184968,2.33,34348,585540,239080,3.01,211016,467560,560
cloud-k3s-master1,1,2026-06-06 08:07:19 UTC,7040964,7438524,184960,2.33,34348,585548,239080,3.01,211016,467560,568
cloud-k3s-master1,1,2026-06-06 08:07:20 UTC,7040964,7438524,184956,2.33,34348,585552,239080,3.01,211016,467560,92
cloud-k3s-master1,1,2026-06-06 08:07:21 UTC,7040964,7438524,184956,2.33,34348,585552,239080,3.01,211016,467560,92
cloud-k3s-master1,1,2026-06-06 08:07:22 UTC,7040964,7438524,184932,2.33,34356,585568,239080,3.01,211016,467560,124
cloud-k3s-master1,1,2026-06-06 08:07:23 UTC,7040964,7438564,184928,2.33,34356,585572,239080,3.01,211036,467600,128
cloud-k3s-master1,1,2026-06-06 08:07:24 UTC,7040964,7438564,184920,2.33,34356,585580,239080,3.01,211036,467600,256
cloud-k3s-master1,1,2026-06-06 08:07:25 UTC,7040964,7438564,184912,2.33,34356,585588,239080,3.01,211036,467600,264
cloud-k3s-master1,1,2026-06-06 08:07:26 UTC,7040964,7438564,184908,2.33,34356,585592,239080,3.01,211036,467600,268
cloud-k3s-master1,1,2026-06-06 08:07:27 UTC,7040964,7438564,184892,2.33,34364,585600,239080,3.01,211036,467600,292
cloud-k3s-master1,1,2026-06-06 08:07:28 UTC,7040964,7438564,184884,2.33,34364,585608,239080,3.01,211036,467600,296
cloud-k3s-master1,1,2026-06-06 08:07:29 UTC,7040964,7438564,184876,2.33,34364,585616,239080,3.01,211036,467600,304
cloud-k3s-master1,1,2026-06-06 08:07:30 UTC,7040964,7438564,184872,2.33,34364,585620,239080,3.01,211036,467600,308
cloud-k3s-master1,1,2026-06-06 08:07:31 UTC,7040964,7438564,184864,2.33,34364,585628,239080,3.01,211036,467600,316
cloud-k3s-master1,1,2026-06-06 08:07:32 UTC,7040964,7438624,184864,2.33,34372,585628,239080,3.01,211036,467660,324
cloud-k3s-master1,1,2026-06-06 08:07:33 UTC,7040964,7438624,184852,2.33,34372,585640,239080,3.01,211036,467660,348
cloud-k3s-master1,1,2026-06-06 08:07:34 UTC,7040964,7438624,184844,2.33,34372,585648,239080,3.01,211036,467660,356
cloud-k3s-master1,1,2026-06-06 08:07:35 UTC,7040964,7438624,184836,2.33,34372,585656,239080,3.01,211036,467660,364
cloud-k3s-master1,1,2026-06-06 08:07:36 UTC,7040964,7438624,184832,2.33,34372,585660,239080,3.01,211036,467660,368
cloud-k3s-master1,1,2026-06-06 08:07:37 UTC,7040964,7438624,184816,2.33,34380,585668,239080,3.01,211036,467660,388
cloud-k3s-master1,1,2026-06-06 08:07:38 UTC,7040964,7438624,184808,2.33,34380,585676,239080,3.01,211036,467660,392
cloud-k3s-master1,1,2026-06-06 08:07:39 UTC,7040964,7438624,184804,2.33,34380,585680,239080,3.01,211036,467660,396
cloud-k3s-master1,1,2026-06-06 08:07:40 UTC,7040964,7438624,184796,2.33,34380,585688,239080,3.01,211036,467660,404
cloud-k3s-master1,1,2026-06-06 08:07:41 UTC,7040964,7438684,184788,2.33,34380,585696,239080,3.01,211036,467720,412
cloud-k3s-master1,1,2026-06-06 08:07:42 UTC,7040964,7438684,184784,2.33,34388,585692,239080,3.01,211036,467720,416
cloud-k3s-master1,1,2026-06-06 08:07:43 UTC,7040964,7438684,184768,2.33,34388,585708,239080,3.01,211036,467720,264
cloud-k3s-master1,1,2026-06-06 08:07:44 UTC,7040964,7438684,184760,2.33,34388,585716,239080,3.01,211036,467720,272
cloud-k3s-master1,1,2026-06-06 08:07:45 UTC,7040964,7438684,184756,2.33,34388,585720,239080,3.01,211036,467720,276
cloud-k3s-master1,1,2026-06-06 08:07:46 UTC,7040964,7438684,184748,2.33,34388,585728,239080,3.01,211036,467720,284
cloud-k3s-master1,1,2026-06-06 08:07:47 UTC,7040964,7438684,184740,2.33,34396,585728,239080,3.01,211036,467720,292
cloud-k3s-master1,1,2026-06-06 08:07:48 UTC,7040964,7438788,184728,2.33,34396,585740,239080,3.01,211036,467824,128
cloud-k3s-master1,1,2026-06-06 08:07:49 UTC,7040964,7438788,184720,2.33,34396,585748,239080,3.01,211036,467824,136
cloud-k3s-master1,1,2026-06-06 08:07:50 UTC,7040964,7438788,184712,2.33,34396,585756,239080,3.01,211036,467824,144
cloud-k3s-master1,1,2026-06-06 08:07:51 UTC,7040964,7438788,184704,2.33,34396,585764,239080,3.01,211036,467824,152
cloud-k3s-master1,1,2026-06-06 08:07:52 UTC,7040964,7438788,184700,2.33,34404,585760,239080,3.01,211036,467824,156
cloud-k3s-master1,1,2026-06-06 08:07:53 UTC,7040964,7438788,184684,2.33,34404,585776,239080,3.01,211036,467824,200
cloud-k3s-master1,1,2026-06-06 08:07:54 UTC,7040964,7438788,184676,2.33,34404,585784,239080,3.01,211036,467824,208
cloud-k3s-master1,1,2026-06-06 08:07:55 UTC,7040964,7438788,184672,2.33,34404,585788,239080,3.01,211036,467824,212
cloud-k3s-master1,1,2026-06-06 08:07:56 UTC,7040964,7438848,184664,2.33,34404,585796,239080,3.01,211036,467884,220
cloud-k3s-master1,1,2026-06-06 08:07:57 UTC,7040964,7438848,184656,2.33,34412,585796,239080,3.01,211036,467884,228
cloud-k3s-master1,1,2026-06-06 08:07:58 UTC,7040964,7438848,184640,2.33,34412,585812,239080,3.01,211076,467884,240
cloud-k3s-master1,1,2026-06-06 08:07:59 UTC,7040964,7438848,184632,2.33,34412,585820,239080,3.01,211076,467884,248
cloud-k3s-master1,1,2026-06-06 08:08:00 UTC,7040964,7438848,184620,2.33,34412,585828,239080,3.01,211076,467884,256
cloud-k3s-master1,1,2026-06-06 08:08:01 UTC,7040964,7438848,184616,2.33,34412,585832,239080,3.01,211076,467884,260
cloud-k3s-master1,1,2026-06-06 08:08:02 UTC,7040964,7438848,184608,2.33,34420,585832,239080,3.01,211076,467884,268
cloud-k3s-master1,1,2026-06-06 08:08:03 UTC,7040964,7438848,184592,2.33,34420,585848,239080,3.01,211076,467884,300
cloud-k3s-master1,1,2026-06-06 08:08:04 UTC,7040964,7438848,184588,2.33,34420,585852,239080,3.01,211076,467884,304
cloud-k3s-master1,1,2026-06-06 08:08:05 UTC,7040964,7438908,184580,2.33,34420,585860,239080,3.01,211076,467944,312
cloud-k3s-master1,1,2026-06-06 08:08:06 UTC,7040964,7438908,184572,2.33,34420,585868,239080,3.01,211076,467944,320
cloud-k3s-master1,1,2026-06-06 08:08:07 UTC,7040964,7438908,184568,2.33,34428,585864,239080,3.01,211076,467944,324
cloud-k3s-master1,1,2026-06-06 08:08:08 UTC,7040964,7438940,184552,2.33,34428,585880,239080,3.01,211076,467976,344
cloud-k3s-master1,1,2026-06-06 08:08:09 UTC,7040964,7438940,184544,2.33,34428,585888,239080,3.01,211076,467976,352
cloud-k3s-master1,1,2026-06-06 08:08:10 UTC,7040964,7438940,184536,2.33,34428,585896,239080,3.01,211076,467976,360
cloud-k3s-master1,1,2026-06-06 08:08:11 UTC,7040964,7438940,184532,2.33,34428,585900,239080,3.01,211076,467976,364
cloud-k3s-master1,1,2026-06-06 08:08:12 UTC,7059032,7457056,166488,2.10,34436,585908,235988,2.98,208328,468028,468
cloud-k3s-master1,1,2026-06-06 08:08:13 UTC,7059032,7457056,166480,2.10,34436,585916,235988,2.98,208328,468028,476
cloud-k3s-master1,1,2026-06-06 08:08:14 UTC,7059032,7457056,166476,2.10,34436,585920,235988,2.98,208328,468028,480
cloud-k3s-master1,1,2026-06-06 08:08:15 UTC,7059032,7457056,166468,2.10,34436,585928,235988,2.98,208328,468028,488
cloud-k3s-master1,1,2026-06-06 08:08:16 UTC,7059032,7457056,166460,2.10,34436,585936,235988,2.98,208328,468028,496
cloud-k3s-master1,1,2026-06-06 08:08:17 UTC,7059032,7457056,166448,2.10,34444,585940,235988,2.98,208328,468028,512
cloud-k3s-master1,1,2026-06-06 08:08:18 UTC,7059032,7457104,166440,2.10,34444,585948,235988,2.98,208328,468076,236
cloud-k3s-master1,1,2026-06-06 08:08:19 UTC,7059032,7457112,166432,2.10,34444,585956,235988,2.98,208328,468084,32
cloud-k3s-master1,1,2026-06-06 08:08:20 UTC,7059032,7457112,166428,2.10,34444,585960,235988,2.98,208328,468084,40
cloud-k3s-master1,1,2026-06-06 08:08:21 UTC,7059032,7457116,166416,2.10,34444,585968,235988,2.98,208328,468084,48
cloud-k3s-master1,1,2026-06-06 08:08:22 UTC,7059032,7457124,166400,2.10,34452,585976,235988,2.98,208328,468092,196
cloud-k3s-master1,1,2026-06-06 08:08:23 UTC,7059032,7457124,166396,2.10,34452,585980,235988,2.98,208328,468092,164
cloud-k3s-master1,1,2026-06-06 08:08:24 UTC,7059032,7457124,166388,2.10,34452,585988,235988,2.98,208328,468092,172
cloud-k3s-master1,1,2026-06-06 08:08:25 UTC,7059032,7457124,166380,2.10,34452,585996,235988,2.98,208328,468092,180
cloud-k3s-master1,1,2026-06-06 08:08:26 UTC,7059032,7457124,166376,2.10,34452,586000,235988,2.98,208328,468092,184
cloud-k3s-master1,1,2026-06-06 08:08:27 UTC,7058780,7456932,166612,2.10,34460,586008,235988,2.98,208328,468152,216
cloud-k3s-master1,1,2026-06-06 08:08:28 UTC,7058780,7456932,166604,2.10,34460,586016,235988,2.98,208328,468152,76
cloud-k3s-master1,1,2026-06-06 08:08:29 UTC,7058780,7456932,166600,2.10,34460,586020,235988,2.98,208328,468152,80
cloud-k3s-master1,1,2026-06-06 08:08:30 UTC,7058528,7456680,166844,2.10,34460,586028,235988,2.98,208328,468152,88
cloud-k3s-master1,1,2026-06-06 08:08:31 UTC,7058528,7456680,166836,2.10,34460,586036,235988,2.98,208328,468152,96
cloud-k3s-master1,1,2026-06-06 08:08:32 UTC,7058528,7456680,166820,2.10,34468,586044,235988,2.98,208328,468152,104
cloud-k3s-master1,1,2026-06-06 08:08:33 UTC,7058528,7456680,166816,2.10,34468,586048,235988,2.98,208328,468152,248
cloud-k3s-master1,1,2026-06-06 08:08:34 UTC,7058528,7456740,166808,2.10,34468,586056,235988,2.98,208328,468212,256
cloud-k3s-master1,1,2026-06-06 08:08:35 UTC,7058528,7456740,166800,2.10,34468,586064,235988,2.98,208328,468212,264
cloud-k3s-master1,1,2026-06-06 08:08:36 UTC,7058528,7456740,166796,2.10,34468,586068,235988,2.98,208328,468212,268
cloud-k3s-master1,1,2026-06-06 08:08:37 UTC,7058528,7456740,166780,2.10,34476,586076,235988,2.98,208328,468212,288
cloud-k3s-master1,1,2026-06-06 08:08:38 UTC,7058528,7456740,166772,2.10,34476,586084,235988,2.98,208328,468212,144
cloud-k3s-master1,1,2026-06-06 08:08:39 UTC,7058528,7456740,166768,2.10,34476,586088,235988,2.98,208328,468212,148
cloud-k3s-master1,1,2026-06-06 08:08:40 UTC,7058528,7456740,166756,2.10,34476,586096,235988,2.98,208328,468212,156
cloud-k3s-master1,1,2026-06-06 08:08:41 UTC,7058528,7456800,166748,2.10,34476,586104,235988,2.98,208328,468272,164
cloud-k3s-master1,1,2026-06-06 08:08:42 UTC,7058528,7456800,166736,2.10,34484,586108,235988,2.98,208328,468272,304
cloud-k3s-master1,1,2026-06-06 08:08:43 UTC,7058528,7456800,166728,2.10,34484,586116,235988,2.98,208328,468272,184
cloud-k3s-master1,1,2026-06-06 08:08:44 UTC,7058528,7456800,166720,2.10,34484,586124,235988,2.98,208328,468272,192
cloud-k3s-master1,1,2026-06-06 08:08:45 UTC,7058528,7456800,166716,2.10,34484,586128,235988,2.98,208328,468272,196
cloud-k3s-master1,1,2026-06-06 08:08:46 UTC,7058528,7456800,166708,2.10,34484,586136,235988,2.98,208328,468272,204
cloud-k3s-master1,1,2026-06-06 08:08:47 UTC,7058528,7456800,166692,2.10,34492,586144,235988,2.98,208328,468272,212
cloud-k3s-master1,1,2026-06-06 08:08:48 UTC,7058528,7456860,166688,2.10,34492,586148,235988,2.98,208328,468332,340
cloud-k3s-master1,1,2026-06-06 08:08:49 UTC,7058528,7456860,166680,2.10,34492,586156,235988,2.98,208328,468332,348
cloud-k3s-master1,1,2026-06-06 08:08:50 UTC,7058304,7456636,166896,2.10,34492,586164,235988,2.98,208328,468332,184
cloud-k3s-master1,1,2026-06-06 08:08:51 UTC,7058304,7456636,166888,2.10,34492,586172,235988,2.98,208328,468332,156
cloud-k3s-master1,1,2026-06-06 08:08:52 UTC,7058304,7456636,166872,2.10,34504,586176,235988,2.98,208328,468332,44
cloud-k3s-master1,1,2026-06-06 08:08:53 UTC,7058304,7456636,166864,2.10,34504,586184,235988,2.98,208328,468332,56
cloud-k3s-master1,1,2026-06-06 08:08:54 UTC,7058304,7456636,166856,2.10,34504,586192,235988,2.98,208328,468332,64
cloud-k3s-master1,1,2026-06-06 08:08:55 UTC,7058304,7456696,166852,2.10,34504,586196,235988,2.98,208328,468392,68
cloud-k3s-master1,1,2026-06-06 08:08:56 UTC,7058304,7456696,166844,2.10,34504,586204,235988,2.98,208328,468392,76
cloud-k3s-master1,1,2026-06-06 08:08:57 UTC,7058304,7456700,166824,2.10,34512,586212,235988,2.98,208328,468392,84
cloud-k3s-master1,1,2026-06-06 08:08:58 UTC,7058304,7456700,166820,2.10,34512,586216,235988,2.98,208328,468392,56
cloud-k3s-master1,1,2026-06-06 08:08:59 UTC,7058304,7456700,166812,2.10,34512,586224,235988,2.98,208328,468392,64
cloud-k3s-master1,1,2026-06-06 08:09:00 UTC,7058304,7456700,166804,2.10,34512,586232,235988,2.98,208328,468392,72
cloud-k3s-master1,1,2026-06-06 08:09:01 UTC,7058304,7456700,166800,2.10,34512,586236,235988,2.98,208328,468392,76
cloud-k3s-master1,1,2026-06-06 08:09:02 UTC,7058304,7456760,166784,2.10,34520,586244,235988,2.98,208328,468452,232
cloud-k3s-master1,1,2026-06-06 08:09:03 UTC,7058304,7456760,166776,2.10,34520,586252,235988,2.98,208328,468452,240
cloud-k3s-master1,1,2026-06-06 08:09:04 UTC,7058304,7456760,166772,2.10,34520,586256,235988,2.98,208328,468452,244
cloud-k3s-master1,1,2026-06-06 08:09:05 UTC,7058304,7456760,166764,2.10,34520,586264,235988,2.98,208328,468452,252
cloud-k3s-master1,1,2026-06-06 08:09:06 UTC,7058304,7456760,166756,2.10,34520,586272,235988,2.98,208328,468452,260
cloud-k3s-master1,1,2026-06-06 08:09:07 UTC,7058304,7456760,166744,2.10,34528,586276,235988,2.98,208328,468452,276
cloud-k3s-master1,1,2026-06-06 08:09:08 UTC,7058304,7456812,166736,2.10,34528,586284,235988,2.98,208328,468504,136
cloud-k3s-master1,1,2026-06-06 08:09:09 UTC,7058304,7456812,166728,2.10,34528,586292,235988,2.98,208328,468504,144
cloud-k3s-master1,1,2026-06-06 08:09:10 UTC,7058304,7456812,166724,2.10,34528,586296,235988,2.98,208328,468504,148
cloud-k3s-master1,1,2026-06-06 08:09:11 UTC,7058304,7456812,166716,2.10,34528,586304,235988,2.98,208328,468504,156
cloud-k3s-master1,1,2026-06-06 08:09:12 UTC,7058304,7456812,166700,2.10,34536,586312,235988,2.98,208328,468504,300
cloud-k3s-master1,1,2026-06-06 08:09:13 UTC,7058304,7456812,166692,2.10,34536,586320,235988,2.98,208328,468504,308
cloud-k3s-master1,1,2026-06-06 08:09:14 UTC,7058304,7456812,166688,2.10,34536,586324,235988,2.98,208328,468504,312
cloud-k3s-master1,1,2026-06-06 08:09:15 UTC,7058304,7456812,166680,2.10,34536,586332,235988,2.98,208328,468504,320
cloud-k3s-master1,1,2026-06-06 08:09:16 UTC,7058304,7456872,166672,2.10,34536,586340,235988,2.98,208328,468564,328
cloud-k3s-master1,1,2026-06-06 08:09:17 UTC,7058304,7456888,166656,2.10,34544,586344,235988,2.98,208328,468580,192
cloud-k3s-master1,1,2026-06-06 08:09:18 UTC,7058304,7456888,166648,2.10,34544,586352,235988,2.98,208328,468580,208
cloud-k3s-master1,1,2026-06-06 08:09:19 UTC,7058304,7456888,166640,2.10,34544,586360,235988,2.98,208328,468580,216
cloud-k3s-master1,1,2026-06-06 08:09:20 UTC,7058304,7456888,166636,2.10,34544,586364,235988,2.98,208328,468580,220
cloud-k3s-master1,1,2026-06-06 08:09:21 UTC,7058304,7456888,166628,2.10,34544,586372,235988,2.98,208328,468580,16
cloud-k3s-master1,1,2026-06-06 08:09:22 UTC,7058304,7456888,166608,2.10,34556,586380,235988,2.98,208328,468580,40
cloud-k3s-master1,1,2026-06-06 08:09:23 UTC,7058304,7456888,166604,2.10,34556,586384,235988,2.98,208328,468580,48
cloud-k3s-master1,1,2026-06-06 08:09:24 UTC,7058304,7456948,166596,2.10,34556,586392,235988,2.98,208328,468640,56
cloud-k3s-master1,1,2026-06-06 08:09:25 UTC,7058052,7456696,166840,2.10,34556,586400,235988,2.98,208328,468640,64
cloud-k3s-master1,1,2026-06-06 08:09:26 UTC,7058052,7456696,166840,2.10,34556,586400,235988,2.98,208328,468640,64
cloud-k3s-master1,1,2026-06-06 08:09:27 UTC,7058052,7456696,166840,2.10,34564,586392,235988,2.98,208328,468640,64
cloud-k3s-master1,1,2026-06-06 08:09:28 UTC,7058052,7456696,166812,2.10,34564,586420,235988,2.98,208328,468640,216
cloud-k3s-master1,1,2026-06-06 08:09:29 UTC,7058052,7456696,166808,2.10,34564,586424,235988,2.98,208328,468640,220
cloud-k3s-master1,1,2026-06-06 08:09:30 UTC,7058052,7456696,166800,2.10,34564,586432,235988,2.98,208328,468640,224
cloud-k3s-master1,1,2026-06-06 08:09:31 UTC,7058052,7456696,166792,2.10,34564,586440,235988,2.98,208328,468640,232
cloud-k3s-master1,1,2026-06-06 08:09:32 UTC,7058052,7456756,166780,2.10,34572,586444,235988,2.98,208328,468700,236
cloud-k3s-master1,1,2026-06-06 08:09:33 UTC,7058052,7456756,166772,2.10,34572,586452,235988,2.98,208328,468700,88
cloud-k3s-master1,1,2026-06-06 08:09:34 UTC,7058052,7456756,166772,2.10,34572,586452,235988,2.98,208328,468700,88
cloud-k3s-master1,1,2026-06-06 08:09:35 UTC,7058052,7456756,166772,2.10,34572,586452,235988,2.98,208328,468700,88
cloud-k3s-master1,1,2026-06-06 08:09:36 UTC,7058052,7456796,166748,2.10,34572,586472,235988,2.98,208328,468736,4
cloud-k3s-master1,1,2026-06-06 08:09:37 UTC,7058052,7456816,166728,2.10,34584,586480,235988,2.98,208328,468756,168
cloud-k3s-master1,1,2026-06-06 08:09:38 UTC,7058052,7456816,166720,2.10,34584,586488,235988,2.98,208328,468756,176
cloud-k3s-master1,1,2026-06-06 08:09:39 UTC,7058052,7456816,166720,2.10,34584,586488,235988,2.98,208328,468756,176
cloud-k3s-master1,1,2026-06-06 08:09:40 UTC,7058052,7456816,166708,2.10,34584,586500,235988,2.98,208328,468756,188
cloud-k3s-master1,1,2026-06-06 08:09:41 UTC,7058052,7456816,166700,2.10,34584,586508,235988,2.98,208328,468756,196
cloud-k3s-master1,1,2026-06-06 08:09:42 UTC,7058052,7456816,166700,2.10,34592,586500,235988,2.98,208328,468756,196
cloud-k3s-master1,1,2026-06-06 08:09:43 UTC,7058052,7456816,166700,2.10,34592,586500,235988,2.98,208328,468756,196
cloud-k3s-master1,1,2026-06-06 08:09:44 UTC,7058052,7456816,166672,2.10,34592,586528,235988,2.98,208328,468756,92
cloud-k3s-master1,1,2026-06-06 08:09:45 UTC,7058052,7456876,166668,2.10,34592,586532,235988,2.98,208328,468816,96
cloud-k3s-master1,1,2026-06-06 08:09:46 UTC,7058052,7456876,166668,2.10,34592,586532,235988,2.98,208328,468816,96
cloud-k3s-master1,1,2026-06-06 08:09:47 UTC,7058052,7456876,166644,2.10,34600,586548,235988,2.98,208328,468816,240
cloud-k3s-master1,1,2026-06-06 08:09:48 UTC,7058052,7456876,166640,2.10,34600,586552,235988,2.98,208328,468816,112
cloud-k3s-master1,1,2026-06-06 08:09:49 UTC,7058052,7456876,166696,2.10,34600,586560,235988,2.98,208328,468816,120
cloud-k3s-master1,1,2026-06-06 08:09:50 UTC,7058052,7456876,166688,2.10,34600,586568,235988,2.98,208328,468816,128
cloud-k3s-master1,1,2026-06-06 08:09:51 UTC,7058052,7456876,166684,2.10,34600,586572,235988,2.98,208328,468816,132
cloud-k3s-master1,1,2026-06-06 08:09:52 UTC,7058052,7456936,166664,2.10,34608,586580,235988,2.98,208328,468876,140
cloud-k3s-master1,1,2026-06-06 08:09:53 UTC,7058052,7456936,166656,2.10,34608,586588,235988,2.98,208328,468876,280
cloud-k3s-master1,1,2026-06-06 08:09:54 UTC,7058052,7456936,166656,2.10,34608,586588,235988,2.98,208328,468876,280
cloud-k3s-master1,1,2026-06-06 08:09:55 UTC,7058052,7456936,166656,2.10,34608,586588,235988,2.98,208328,468876,280
cloud-k3s-master1,1,2026-06-06 08:09:56 UTC,7058052,7456936,166636,2.10,34608,586608,235988,2.98,208328,468876,300
cloud-k3s-master1,1,2026-06-06 08:09:57 UTC,7058052,7456984,166620,2.10,34616,586616,235988,2.98,208328,468924,176
cloud-k3s-master1,1,2026-06-06 08:09:58 UTC,7058052,7456984,166616,2.10,34616,586620,235988,2.98,208328,468924,180
cloud-k3s-master1,1,2026-06-06 08:09:59 UTC,7058052,7456984,166616,2.10,34616,586620,235988,2.98,208328,468924,180
cloud-k3s-master1,1,2026-06-06 08:10:00 UTC,7058052,7456984,166600,2.10,34616,586636,235988,2.98,208328,468924,196
cloud-k3s-master1,1,2026-06-06 08:10:01 UTC,7058052,7456984,166596,2.10,34616,586640,235988,2.98,208328,468924,200
cloud-k3s-master1,1,2026-06-06 08:10:02 UTC,7058052,7456984,166596,2.10,34624,586632,235988,2.98,208328,468924,200
cloud-k3s-master1,1,2026-06-06 08:10:03 UTC,7058052,7456984,166572,2.10,34624,586656,235988,2.98,208328,468924,220
cloud-k3s-master1,1,2026-06-06 08:10:04 UTC,7058052,7456984,166568,2.10,34624,586660,235988,2.98,208328,468924,224
cloud-k3s-master1,1,2026-06-06 08:10:05 UTC,7058052,7456984,166568,2.10,34624,586660,235988,2.98,208328,468924,224
cloud-k3s-master1,1,2026-06-06 08:10:06 UTC,7058052,7457044,166552,2.10,34624,586676,235988,2.98,208328,468984,240
cloud-k3s-master1,1,2026-06-06 08:10:07 UTC,7058052,7457056,166548,2.10,34632,586672,235988,2.98,208328,468996,32
cloud-k3s-master1,1,2026-06-06 08:10:08 UTC,7058052,7457072,166532,2.10,34632,586688,235988,2.98,208328,469012,140
cloud-k3s-master1,1,2026-06-06 08:10:09 UTC,7058052,7457072,166524,2.10,34632,586696,235988,2.98,208328,469012,148
cloud-k3s-master1,1,2026-06-06 08:10:10 UTC,7058052,7457072,166520,2.10,34632,586700,235988,2.98,208328,469012,152
cloud-k3s-master1,1,2026-06-06 08:10:11 UTC,7058052,7457072,166512,2.10,34632,586708,235988,2.98,208328,469012,160
cloud-k3s-master1,1,2026-06-06 08:10:12 UTC,7058052,7457076,166492,2.10,34640,586716,235988,2.98,208328,469012,196
cloud-k3s-master1,1,2026-06-06 08:10:13 UTC,7058052,7457076,166488,2.10,34640,586720,235988,2.98,208328,469012,60
cloud-k3s-master1,1,2026-06-06 08:10:14 UTC,7058052,7457076,166488,2.10,34640,586720,235988,2.98,208328,469012,60
cloud-k3s-master1,1,2026-06-06 08:10:15 UTC,7058052,7457076,166488,2.10,34640,586720,235988,2.98,208328,469012,60
cloud-k3s-master1,1,2026-06-06 08:10:16 UTC,7058052,7457136,166464,2.10,34640,586744,235988,2.98,208328,469072,84
cloud-k3s-master1,1,2026-06-06 08:10:17 UTC,7058052,7457136,166452,2.10,34648,586748,235988,2.98,208328,469072,212
cloud-k3s-master1,1,2026-06-06 08:10:18 UTC,7058052,7457136,166444,2.10,34648,586756,235988,2.98,208328,469072,220
cloud-k3s-master1,1,2026-06-06 08:10:19 UTC,7057552,7456672,166928,2.10,34648,586768,235988,2.98,208300,469108,340
cloud-k3s-master1,1,2026-06-06 08:10:20 UTC,7057552,7456672,166924,2.10,34648,586772,235988,2.98,208300,469108,344
cloud-k3s-master1,1,2026-06-06 08:10:21 UTC,7057552,7456672,166916,2.10,34648,586780,235988,2.98,208300,469108,352
cloud-k3s-master1,1,2026-06-06 08:10:22 UTC,7057552,7456672,166900,2.10,34656,586788,235988,2.98,208300,469108,204
cloud-k3s-master1,1,2026-06-06 08:10:23 UTC,7057552,7456672,166900,2.10,34656,586788,235988,2.98,208300,469108,204
cloud-k3s-master1,1,2026-06-06 08:10:24 UTC,7057552,7456672,166888,2.10,34656,586800,235988,2.98,208328,469108,148
cloud-k3s-master1,1,2026-06-06 08:10:25 UTC,7057552,7456720,166880,2.10,34656,586808,235988,2.98,208328,469156,144
cloud-k3s-master1,1,2026-06-06 08:10:26 UTC,7057552,7456720,166880,2.10,34656,586808,235988,2.98,208328,469156,144
cloud-k3s-master1,1,2026-06-06 08:10:27 UTC,7057552,7456720,166856,2.10,34664,586820,235988,2.98,208328,469156,304
cloud-k3s-master1,1,2026-06-06 08:10:28 UTC,7057552,7456720,166848,2.10,34664,586828,235988,2.98,208328,469156,184
cloud-k3s-master1,1,2026-06-06 08:10:29 UTC,7057552,7456720,166844,2.10,34664,586832,235988,2.98,208328,469156,188
cloud-k3s-master1,1,2026-06-06 08:10:30 UTC,7057552,7456720,166836,2.10,34664,586840,235988,2.98,208328,469156,196
cloud-k3s-master1,1,2026-06-06 08:10:31 UTC,7057552,7456720,166828,2.10,34664,586848,235988,2.98,208328,469156,204
cloud-k3s-master1,1,2026-06-06 08:10:32 UTC,7057552,7456780,166816,2.10,34672,586852,235988,2.98,208328,469216,208
cloud-k3s-master1,1,2026-06-06 08:10:33 UTC,7057552,7456780,166808,2.10,34672,586860,235988,2.98,208328,469216,340
cloud-k3s-master1,1,2026-06-06 08:10:34 UTC,7057552,7456780,166808,2.10,34672,586860,235988,2.98,208328,469216,340
cloud-k3s-master1,1,2026-06-06 08:10:35 UTC,7057552,7456780,166808,2.10,34672,586860,235988,2.98,208328,469216,340
cloud-k3s-master1,1,2026-06-06 08:10:36 UTC,7057552,7456780,166788,2.10,34672,586880,235988,2.98,208328,469216,448
cloud-k3s-master1,1,2026-06-06 08:10:37 UTC,7057552,7456780,166772,2.10,34680,586888,235988,2.98,208328,469216,244
cloud-k3s-master1,1,2026-06-06 08:10:38 UTC,7057552,7456780,166764,2.10,34680,586896,235988,2.98,208328,469216,80
cloud-k3s-master1,1,2026-06-06 08:10:39 UTC,7057552,7456780,166760,2.10,34680,586900,235988,2.98,208328,469216,44
cloud-k3s-master1,1,2026-06-06 08:10:40 UTC,7057552,7456840,166752,2.10,34680,586908,235988,2.98,208328,469276,48
cloud-k3s-master1,1,2026-06-06 08:10:41 UTC,7057552,7456840,166744,2.10,34680,586916,235988,2.98,208328,469276,56
cloud-k3s-master1,1,2026-06-06 08:10:42 UTC,7057552,7456840,166732,2.10,34688,586920,235988,2.98,208328,469276,68
cloud-k3s-master1,1,2026-06-06 08:10:43 UTC,7057552,7456844,166720,2.10,34688,586932,235988,2.98,208332,469280,44
cloud-k3s-master1,1,2026-06-06 08:10:44 UTC,7057552,7456844,166712,2.10,34688,586940,235988,2.98,208332,469280,8
cloud-k3s-master1,1,2026-06-06 08:10:45 UTC,7057552,7456844,166708,2.10,34688,586944,235988,2.98,208332,469280,16
cloud-k3s-master1,1,2026-06-06 08:10:46 UTC,7057552,7456844,166704,2.10,34688,586952,235988,2.98,208332,469280,24
cloud-k3s-master1,1,2026-06-06 08:10:47 UTC,7057552,7456908,166684,2.10,34696,586960,235988,2.98,208332,469340,192
cloud-k3s-master1,1,2026-06-06 08:10:48 UTC,7057552,7456908,166680,2.10,34696,586964,235988,2.98,208332,469340,188
cloud-k3s-master1,1,2026-06-06 08:10:49 UTC,7057552,7456908,166672,2.10,34696,586972,235988,2.98,208332,469340,196
cloud-k3s-master1,1,2026-06-06 08:10:50 UTC,7057552,7456908,166664,2.10,34696,586980,235988,2.98,208332,469340,160
cloud-k3s-master1,1,2026-06-06 08:10:51 UTC,7057552,7456908,166660,2.10,34696,586984,235988,2.98,208332,469340,168
cloud-k3s-master1,1,2026-06-06 08:10:52 UTC,7057552,7456908,166644,2.10,34704,586992,235988,2.98,208332,469340,192
cloud-k3s-master1,1,2026-06-06 08:10:53 UTC,7057552,7456908,166636,2.10,34704,587000,235988,2.98,208332,469340,60
cloud-k3s-master1,1,2026-06-06 08:10:54 UTC,7057552,7456908,166632,2.10,34704,587004,235988,2.98,208332,469340,64
cloud-k3s-master1,1,2026-06-06 08:10:55 UTC,7057552,7456968,166624,2.10,34704,587012,235988,2.98,208332,469400,72
cloud-k3s-master1,1,2026-06-06 08:10:56 UTC,7057552,7456968,166624,2.10,34704,587012,235988,2.98,208332,469400,72
cloud-k3s-master1,1,2026-06-06 08:10:57 UTC,7057552,7456968,166600,2.10,34712,587028,235988,2.98,208332,469400,180
cloud-k3s-master1,1,2026-06-06 08:10:58 UTC,7057552,7456968,166596,2.10,34712,587032,235988,2.98,208332,469400,180
cloud-k3s-master1,1,2026-06-06 08:10:59 UTC,7057552,7456968,166596,2.10,34712,587032,235988,2.98,208332,469400,180
cloud-k3s-master1,1,2026-06-06 08:11:00 UTC,7057312,7456736,166804,2.10,34712,587048,235988,2.98,208332,469400,196
cloud-k3s-master1,1,2026-06-06 08:11:01 UTC,7057312,7456736,166800,2.10,34712,587052,235988,2.98,208332,469400,200
cloud-k3s-master1,1,2026-06-06 08:11:02 UTC,7057312,7456800,166784,2.10,34720,587060,235988,2.98,208332,469464,20
cloud-k3s-master1,1,2026-06-06 08:11:03 UTC,7057312,7456800,166776,2.10,34720,587068,235988,2.98,208332,469464,48
cloud-k3s-master1,1,2026-06-06 08:11:04 UTC,7057312,7456800,166772,2.10,34720,587072,235988,2.98,208332,469464,52
cloud-k3s-master1,1,2026-06-06 08:11:05 UTC,7057312,7456800,166764,2.10,34720,587080,235988,2.98,208332,469464,60
cloud-k3s-master1,1,2026-06-06 08:11:06 UTC,7057312,7456800,166756,2.10,34720,587088,235988,2.98,208332,469464,68
cloud-k3s-master1,1,2026-06-06 08:11:07 UTC,7057312,7456800,166756,2.10,34728,587080,235988,2.98,208332,469464,68
cloud-k3s-master1,1,2026-06-06 08:11:08 UTC,7057312,7456848,166724,2.10,34728,587100,235988,2.98,208332,469512,76
cloud-k3s-master1,1,2026-06-06 08:11:09 UTC,7057312,7456848,166716,2.10,34728,587108,235988,2.98,208332,469512,88
cloud-k3s-master1,1,2026-06-06 08:11:10 UTC,7057312,7456856,166712,2.10,34728,587112,235988,2.98,208332,469520,48
cloud-k3s-master1,1,2026-06-06 08:11:11 UTC,7057312,7456856,166704,2.10,34728,587120,235988,2.98,208332,469520,56
cloud-k3s-master1,1,2026-06-06 08:11:12 UTC,7057312,7456856,166688,2.10,34736,587128,235988,2.98,208332,469520,64
cloud-k3s-master1,1,2026-06-06 08:11:13 UTC,7057312,7456856,166684,2.10,34736,587132,235988,2.98,208332,469520,68
cloud-k3s-master1,1,2026-06-06 08:11:14 UTC,7057312,7456856,166676,2.10,34736,587140,235988,2.98,208332,469520,168
cloud-k3s-master1,1,2026-06-06 08:11:15 UTC,7057312,7456856,166668,2.10,34736,587148,235988,2.98,208332,469520,180
cloud-k3s-master1,1,2026-06-06 08:11:16 UTC,7057312,7456916,166664,2.10,34736,587152,235988,2.98,208332,469580,184
cloud-k3s-master1,1,2026-06-06 08:11:17 UTC,7057312,7456916,166648,2.10,34744,587160,235988,2.98,208332,469580,192
cloud-k3s-master1,1,2026-06-06 08:11:18 UTC,7057312,7456940,166640,2.10,34744,587168,235988,2.98,208332,469604,176
cloud-k3s-master1,1,2026-06-06 08:11:19 UTC,7057312,7456940,166632,2.10,34744,587176,235988,2.98,208332,469604,184
cloud-k3s-master1,1,2026-06-06 08:11:20 UTC,7057312,7456952,166628,2.10,34744,587180,235988,2.98,208332,469616,0
cloud-k3s-master1,1,2026-06-06 08:11:21 UTC,7057312,7456952,166620,2.10,34744,587188,235988,2.98,208332,469616,12
cloud-k3s-master1,1,2026-06-06 08:11:22 UTC,7057312,7456952,166620,2.10,34752,587180,235988,2.98,208332,469616,12
cloud-k3s-master1,1,2026-06-06 08:11:23 UTC,7057312,7456952,166620,2.10,34752,587180,235988,2.98,208332,469616,12
cloud-k3s-master1,1,2026-06-06 08:11:24 UTC,7057312,7456952,166592,2.10,34752,587208,235988,2.98,208332,469616,196
cloud-k3s-master1,1,2026-06-06 08:11:25 UTC,7057312,7456952,166584,2.10,34752,587216,235988,2.98,208332,469616,204
cloud-k3s-master1,1,2026-06-06 08:11:26 UTC,7057312,7456952,166580,2.10,34752,587220,235988,2.98,208332,469616,208
cloud-k3s-master1,1,2026-06-06 08:11:27 UTC,7057312,7457016,166560,2.10,34760,587228,235988,2.98,208332,469676,188
cloud-k3s-master1,1,2026-06-06 08:11:28 UTC,7057312,7457016,166552,2.10,34760,587236,235988,2.98,208332,469676,44
cloud-k3s-master1,1,2026-06-06 08:11:29 UTC,7057312,7457016,166552,2.10,34760,587236,235988,2.98,208332,469676,44
cloud-k3s-master1,1,2026-06-06 08:11:30 UTC,7057312,7457016,166540,2.10,34760,587248,235988,2.98,208332,469676,56
cloud-k3s-master1,1,2026-06-06 08:11:31 UTC,7057312,7457016,166532,2.10,34760,587256,235988,2.98,208332,469676,64
cloud-k3s-master1,1,2026-06-06 08:11:32 UTC,7057312,7457016,166528,2.10,34760,587260,235988,2.98,208332,469676,28
cloud-k3s-master1,1,2026-06-06 08:11:33 UTC,7057312,7457016,166520,2.10,34768,587260,235988,2.98,208332,469676,40
cloud-k3s-master1,1,2026-06-06 08:11:34 UTC,7057312,7457024,166504,2.10,34768,587276,235988,2.98,208332,469684,56
cloud-k3s-master1,1,2026-06-06 08:11:35 UTC,7057312,7457024,166500,2.10,34768,587280,235988,2.98,208332,469684,60
cloud-k3s-master1,1,2026-06-06 08:11:36 UTC,7057312,7457084,166492,2.10,34768,587288,235988,2.98,208332,469744,68
cloud-k3s-master1,1,2026-06-06 08:11:37 UTC,7057312,7457084,166484,2.10,34768,587296,235988,2.98,208332,469744,76
cloud-k3s-master1,1,2026-06-06 08:11:38 UTC,7057312,7457092,166468,2.10,34776,587304,235988,2.98,208332,469752,172
cloud-k3s-master1,1,2026-06-06 08:11:39 UTC,7057312,7457092,166464,2.10,34776,587308,235988,2.98,208332,469752,180
cloud-k3s-master1,1,2026-06-06 08:11:40 UTC,7057312,7457092,166456,2.10,34776,587316,235988,2.98,208332,469752,188
cloud-k3s-master1,1,2026-06-06 08:11:41 UTC,7057312,7457092,166448,2.10,34776,587324,235988,2.98,208332,469752,196
cloud-k3s-master1,1,2026-06-06 08:11:42 UTC,7057060,7456840,166696,2.10,34776,587328,235988,2.98,208332,469752,200
cloud-k3s-master1,1,2026-06-06 08:11:43 UTC,7057060,7456840,166688,2.10,34784,587328,235988,2.98,208332,469752,76
cloud-k3s-master1,1,2026-06-06 08:11:44 UTC,7057060,7456908,166672,2.10,34784,587344,235988,2.98,208332,469820,40
cloud-k3s-master1,1,2026-06-06 08:11:45 UTC,7057060,7456908,166668,2.10,34784,587348,235988,2.98,208332,469820,48
cloud-k3s-master1,1,2026-06-06 08:11:46 UTC,7057060,7456908,166660,2.10,34784,587356,235988,2.98,208332,469820,56
cloud-k3s-master1,1,2026-06-06 08:11:47 UTC,7057060,7456908,166652,2.10,34784,587364,235988,2.98,208332,469820,192
cloud-k3s-master1,1,2026-06-06 08:11:48 UTC,7057060,7456908,166652,2.10,34784,587364,235988,2.98,208332,469820,60
cloud-k3s-master1,1,2026-06-06 08:11:49 UTC,7057060,7456908,166632,2.10,34792,587376,235988,2.98,208332,469820,72
cloud-k3s-master1,1,2026-06-06 08:11:50 UTC,7057060,7456908,166620,2.10,34792,587384,235988,2.98,208332,469820,36
cloud-k3s-master1,1,2026-06-06 08:11:51 UTC,7057060,7456908,166616,2.10,34792,587388,235988,2.98,208332,469820,44
cloud-k3s-master1,1,2026-06-06 08:11:52 UTC,7057060,7456908,166640,2.10,34792,587396,235988,2.98,208332,469820,184
cloud-k3s-master1,1,2026-06-06 08:11:53 UTC,7057060,7456968,166632,2.10,34792,587404,235988,2.98,208332,469880,160
cloud-k3s-master1,1,2026-06-06 08:11:54 UTC,7064992,7464900,158696,2.00,34792,587408,199364,2.51,205408,469880,164
cloud-k3s-master1,1,2026-06-06 08:11:55 UTC,7064992,7464900,158696,2.00,34800,587400,199364,2.51,205408,469880,164
cloud-k3s-master1,1,2026-06-06 08:11:56 UTC,7065124,7465060,158596,2.00,34800,587420,199364,2.51,205280,469908,248
cloud-k3s-master1,1,2026-06-06 08:11:57 UTC,7065124,7465060,158592,2.00,34800,587424,199364,2.51,205280,469908,256
cloud-k3s-master1,1,2026-06-06 08:11:58 UTC,7065124,7465060,158584,2.00,34800,587432,199364,2.51,205328,469908,44
cloud-k3s-master1,1,2026-06-06 08:11:59 UTC,7065124,7465060,158576,2.00,34800,587440,199364,2.51,205328,469908,52
cloud-k3s-master1,1,2026-06-06 08:12:00 UTC,7065124,7465060,158568,2.00,34808,587440,199364,2.51,205328,469908,60
cloud-k3s-master1,1,2026-06-06 08:12:01 UTC,7065124,7465060,158564,2.00,34808,587444,199364,2.51,205328,469908,64
cloud-k3s-master1,1,2026-06-06 08:12:02 UTC,7065124,7465060,158548,2.00,34808,587460,199364,2.51,205328,469908,80
cloud-k3s-master1,1,2026-06-06 08:12:03 UTC,7065124,7465060,158540,2.00,34808,587468,199364,2.51,205328,469908,180
cloud-k3s-master1,1,2026-06-06 08:12:04 UTC,7065124,7465060,158536,2.00,34808,587472,199364,2.51,205328,469908,184
cloud-k3s-master1,1,2026-06-06 08:12:05 UTC,7065124,7465120,158528,2.00,34808,587480,199364,2.51,205328,469968,192
cloud-k3s-master1,1,2026-06-06 08:12:06 UTC,7065124,7465120,158512,2.00,34816,587488,199364,2.51,205328,469968,200
cloud-k3s-master1,1,2026-06-06 08:12:07 UTC,7065124,7465120,158508,2.00,34816,587492,199364,2.51,205328,469968,204
cloud-k3s-master1,1,2026-06-06 08:12:08 UTC,7065124,7465140,158500,2.00,34816,587500,199364,2.51,205328,469988,32
cloud-k3s-master1,1,2026-06-06 08:12:09 UTC,7065124,7465140,158492,2.00,34816,587508,199364,2.51,205328,469988,44
cloud-k3s-master1,1,2026-06-06 08:12:10 UTC,7065124,7465140,158488,2.00,34816,587512,199364,2.51,205328,469988,48
cloud-k3s-master1,1,2026-06-06 08:12:11 UTC,7065124,7465140,158480,2.00,34816,587520,199364,2.51,205328,469988,56
cloud-k3s-master1,1,2026-06-06 08:12:12 UTC,7065124,7465144,158460,2.00,34824,587528,199364,2.51,205328,469988,68
cloud-k3s-master1,1,2026-06-06 08:12:13 UTC,7065124,7465144,158456,2.00,34824,587532,199364,2.51,205328,469988,72
cloud-k3s-master1,1,2026-06-06 08:12:14 UTC,7065124,7465144,158448,2.00,34824,587540,199364,2.51,205328,469988,36
cloud-k3s-master1,1,2026-06-06 08:12:15 UTC,7065124,7465144,158440,2.00,34824,587548,199364,2.51,205328,469988,48
cloud-k3s-master1,1,2026-06-06 08:12:16 UTC,7065124,7465144,158436,2.00,34824,587552,199364,2.51,205328,469988,52
cloud-k3s-master1,1,2026-06-06 08:12:17 UTC,7065124,7465204,158420,2.00,34832,587560,199364,2.51,205328,470048,192
cloud-k3s-master1,1,2026-06-06 08:12:18 UTC,7065124,7465204,158412,2.00,34832,587568,199364,2.51,205328,470048,196
cloud-k3s-master1,1,2026-06-06 08:12:19 UTC,7064648,7464780,158888,2.00,34832,587572,202216,2.55,206648,470100,200
cloud-k3s-master1,1,2026-06-06 08:12:20 UTC,7064648,7464788,158880,2.00,34832,587580,202816,2.56,206972,470108,256
cloud-k3s-master1,1,2026-06-06 08:12:21 UTC,7064648,7464788,158872,2.00,34832,587588,202816,2.56,206972,470108,268
cloud-k3s-master1,1,2026-06-06 08:12:22 UTC,7072460,7472616,151044,1.90,34840,587596,199364,2.51,205416,470124,284
cloud-k3s-master1,1,2026-06-06 08:12:23 UTC,7071956,7472112,151544,1.91,34840,587600,199364,2.51,205276,470124,76
cloud-k3s-master1,1,2026-06-06 08:12:24 UTC,7071956,7472112,151536,1.91,34840,587608,199364,2.51,205276,470124,84
cloud-k3s-master1,1,2026-06-06 08:12:25 UTC,7071956,7472112,151528,1.91,34840,587616,199364,2.51,205276,470124,92
cloud-k3s-master1,1,2026-06-06 08:12:26 UTC,7071956,7472144,151524,1.91,34840,587620,199364,2.51,205276,470156,0
cloud-k3s-master1,1,2026-06-06 08:12:27 UTC,7071956,7472144,151508,1.91,34848,587628,199364,2.51,205276,470156,172
cloud-k3s-master1,1,2026-06-06 08:12:28 UTC,7071956,7472144,151500,1.91,34848,587636,199364,2.51,205276,470156,180
cloud-k3s-master1,1,2026-06-06 08:12:29 UTC,7071956,7472144,151496,1.91,34848,587640,199364,2.51,205276,470156,184
cloud-k3s-master1,1,2026-06-06 08:12:30 UTC,7071956,7472144,151488,1.91,34848,587648,199364,2.51,205276,470156,192
cloud-k3s-master1,1,2026-06-06 08:12:31 UTC,7072208,7472396,151228,1.91,34848,587656,199364,2.51,205276,470156,200
cloud-k3s-master1,1,2026-06-06 08:12:32 UTC,7072208,7472396,151228,1.91,34856,587648,199364,2.51,205276,470156,200
cloud-k3s-master1,1,2026-06-06 08:12:33 UTC,7072208,7472460,151204,1.91,34856,587668,199364,2.51,205276,470220,40
cloud-k3s-master1,1,2026-06-06 08:12:34 UTC,7072208,7472460,151196,1.91,34856,587676,199364,2.51,205276,470220,48
cloud-k3s-master1,1,2026-06-06 08:12:35 UTC,7072208,7472460,151192,1.91,34856,587680,199364,2.51,205276,470220,52
cloud-k3s-master1,1,2026-06-06 08:12:36 UTC,7072208,7472460,151192,1.91,34856,587680,199364,2.51,205276,470220,52
cloud-k3s-master1,1,2026-06-06 08:12:37 UTC,7072208,7472460,151168,1.91,34864,587696,199364,2.51,205276,470220,204
cloud-k3s-master1,1,2026-06-06 08:12:38 UTC,7072208,7472500,151164,1.91,34864,587700,199364,2.51,205276,470260,32
cloud-k3s-master1,1,2026-06-06 08:12:39 UTC,7072208,7472500,151156,1.91,34864,587708,199364,2.51,205276,470260,44
cloud-k3s-master1,1,2026-06-06 08:12:40 UTC,7072208,7472500,151156,1.91,34864,587708,199364,2.51,205276,470260,44
cloud-k3s-master1,1,2026-06-06 08:12:41 UTC,7072208,7472500,151140,1.91,34864,587724,199364,2.51,205276,470260,60
cloud-k3s-master1,1,2026-06-06 08:12:42 UTC,7072208,7472500,151128,1.91,34872,587728,199364,2.51,205276,470260,64
cloud-k3s-master1,1,2026-06-06 08:12:43 UTC,7072208,7472500,151120,1.91,34872,587736,199364,2.51,205328,470260,200
cloud-k3s-master1,1,2026-06-06 08:12:44 UTC,7072208,7472500,151120,1.91,34872,587736,199364,2.51,205328,470260,152
cloud-k3s-master1,1,2026-06-06 08:12:45 UTC,7072208,7472500,151108,1.91,34872,587748,199364,2.51,205328,470260,168
cloud-k3s-master1,1,2026-06-06 08:12:46 UTC,7072208,7472560,151100,1.91,34872,587756,199364,2.51,205328,470320,176
cloud-k3s-master1,1,2026-06-06 08:12:47 UTC,7072208,7472564,151080,1.90,34880,587764,199364,2.51,205328,470320,60
cloud-k3s-master1,1,2026-06-06 08:12:48 UTC,7072208,7472564,151076,1.90,34880,587768,199364,2.51,205328,470320,64
cloud-k3s-master1,1,2026-06-06 08:12:49 UTC,7072208,7472564,151068,1.90,34880,587776,199364,2.51,205328,470320,72
cloud-k3s-master1,1,2026-06-06 08:12:50 UTC,7072208,7472564,151060,1.90,34880,587784,199364,2.51,205328,470320,36
cloud-k3s-master1,1,2026-06-06 08:12:51 UTC,7072208,7472564,151056,1.90,34880,587788,199364,2.51,205328,470320,44
cloud-k3s-master1,1,2026-06-06 08:12:52 UTC,7070948,7471304,152316,1.92,34888,587780,199364,2.51,205328,470320,44
cloud-k3s-master1,1,2026-06-06 08:12:53 UTC,7070948,7471364,152292,1.92,34888,587804,199364,2.51,205328,470380,56
cloud-k3s-master1,1,2026-06-06 08:12:54 UTC,7070948,7471364,152288,1.92,34888,587808,199364,2.51,205328,470380,60
cloud-k3s-master1,1,2026-06-06 08:12:55 UTC,7070948,7471364,152280,1.92,34888,587816,199364,2.51,205328,470380,68
cloud-k3s-master1,1,2026-06-06 08:12:56 UTC,7070948,7471364,152280,1.92,34888,587816,199364,2.51,205328,470380,68
cloud-k3s-master1,1,2026-06-06 08:12:57 UTC,7070948,7471364,152260,1.92,34896,587828,199364,2.51,205328,470380,176
cloud-k3s-master1,1,2026-06-06 08:12:58 UTC,7070948,7471364,152252,1.92,34896,587836,199364,2.51,205328,470380,152
cloud-k3s-master1,1,2026-06-06 08:12:59 UTC,7070948,7471364,152244,1.92,34896,587844,199364,2.51,205328,470380,160
cloud-k3s-master1,1,2026-06-06 08:13:00 UTC,7070948,7471424,152240,1.92,34896,587848,199364,2.51,205328,470440,164
cloud-k3s-master1,1,2026-06-06 08:13:01 UTC,7070948,7471424,152232,1.92,34896,587856,199364,2.51,205328,470440,172
cloud-k3s-master1,1,2026-06-06 08:13:02 UTC,7070948,7471424,152232,1.92,34904,587848,199364,2.51,205328,470440,172
cloud-k3s-master1,1,2026-06-06 08:13:03 UTC,7070948,7471440,152208,1.92,34904,587872,199364,2.51,205328,470456,36
cloud-k3s-master1,1,2026-06-06 08:13:04 UTC,7070948,7471440,152204,1.92,34904,587876,199364,2.51,205328,470456,40
cloud-k3s-master1,1,2026-06-06 08:13:05 UTC,7070948,7471440,152196,1.92,34904,587884,199364,2.51,205328,470456,48
cloud-k3s-master1,1,2026-06-06 08:13:06 UTC,7070948,7471440,152188,1.92,34904,587892,199364,2.51,205328,470456,56
cloud-k3s-master1,1,2026-06-06 08:13:07 UTC,7070948,7471440,152176,1.92,34912,587896,199364,2.51,205328,470456,196
cloud-k3s-master1,1,2026-06-06 08:13:08 UTC,7070948,7471440,152176,1.92,34912,587896,199364,2.51,205328,470456,152
cloud-k3s-master1,1,2026-06-06 08:13:09 UTC,7070948,7471500,152156,1.92,34912,587912,199364,2.51,205328,470516,172
cloud-k3s-master1,1,2026-06-06 08:13:10 UTC,7070948,7471500,152152,1.92,34912,587916,199364,2.51,205328,470516,176
cloud-k3s-master1,1,2026-06-06 08:13:11 UTC,7070948,7471500,152144,1.92,34912,587924,199364,2.51,205328,470516,184
cloud-k3s-master1,1,2026-06-06 08:13:12 UTC,7070948,7471500,152128,1.92,34920,587932,199364,2.51,205328,470516,192
cloud-k3s-master1,1,2026-06-06 08:13:13 UTC,7070948,7471504,152124,1.92,34920,587936,199364,2.51,205328,470520,60
cloud-k3s-master1,1,2026-06-06 08:13:14 UTC,7070948,7471504,152116,1.92,34920,587944,199364,2.51,205328,470520,24
cloud-k3s-master1,1,2026-06-06 08:13:15 UTC,7070948,7471504,152108,1.92,34920,587952,199364,2.51,205328,470520,36
cloud-k3s-master1,1,2026-06-06 08:13:16 UTC,7070948,7471504,152108,1.92,34920,587952,199364,2.51,205328,470520,36
cloud-k3s-master1,1,2026-06-06 08:13:17 UTC,7070948,7471564,152088,1.92,34928,587964,199364,2.51,205328,470580,188
cloud-k3s-master1,1,2026-06-06 08:13:18 UTC,7070948,7471568,152080,1.92,34928,587972,199364,2.51,205328,470584,64
cloud-k3s-master1,1,2026-06-06 08:13:19 UTC,7070948,7471568,152076,1.92,34928,587976,199364,2.51,205328,470584,68
cloud-k3s-master1,1,2026-06-06 08:13:20 UTC,7070948,7471568,152076,1.92,34928,587976,199364,2.51,205328,470584,68
cloud-k3s-master1,1,2026-06-06 08:13:21 UTC,7070948,7471568,152060,1.92,34928,587992,199364,2.51,205328,470584,44
cloud-k3s-master1,1,2026-06-06 08:13:22 UTC,7068960,7470116,153508,1.94,35392,587992,199364,2.51,205288,471080,168
cloud-k3s-master1,1,2026-06-06 08:13:23 UTC,7068960,7470120,153472,1.93,35392,588004,199364,2.51,205280,471084,288
cloud-k3s-master1,1,2026-06-06 08:13:24 UTC,7068960,7470120,153472,1.93,35392,588004,199364,2.51,205280,471084,288
cloud-k3s-master1,1,2026-06-06 08:13:25 UTC,7068960,7470120,153456,1.93,35392,588020,199364,2.51,205280,471084,304
cloud-k3s-master1,1,2026-06-06 08:13:26 UTC,7068960,7470120,153452,1.93,35392,588024,199364,2.51,205328,471084,264
cloud-k3s-master1,1,2026-06-06 08:13:27 UTC,7068960,7470120,153444,1.93,35404,588020,199364,2.51,205328,471084,292
cloud-k3s-master1,1,2026-06-06 08:13:28 UTC,7068960,7470120,153424,1.93,35404,588040,199364,2.51,205328,471084,128
cloud-k3s-master1,1,2026-06-06 08:13:29 UTC,7068960,7470120,153420,1.93,35404,588044,199364,2.51,205328,471084,132
cloud-k3s-master1,1,2026-06-06 08:13:30 UTC,7068960,7470120,153408,1.93,35404,588052,199364,2.51,205328,471084,140
cloud-k3s-master1,1,2026-06-06 08:13:31 UTC,7068960,7470180,153400,1.93,35404,588060,199364,2.51,205328,471144,148
cloud-k3s-master1,1,2026-06-06 08:13:32 UTC,7068960,7470180,153396,1.93,35412,588056,199364,2.51,205328,471144,240
cloud-k3s-master1,1,2026-06-06 08:13:33 UTC,7068960,7470180,153380,1.93,35412,588072,199364,2.51,205328,471144,148
cloud-k3s-master1,1,2026-06-06 08:13:34 UTC,7068960,7470180,153372,1.93,35412,588080,199364,2.51,205328,471144,156
cloud-k3s-master1,1,2026-06-06 08:13:35 UTC,7068960,7470180,153368,1.93,35412,588084,199364,2.51,205328,471144,160
cloud-k3s-master1,1,2026-06-06 08:13:36 UTC,7068960,7470180,153360,1.93,35412,588092,199364,2.51,205328,471144,168
cloud-k3s-master1,1,2026-06-06 08:13:37 UTC,7068960,7470180,153340,1.93,35420,588104,199364,2.51,205328,471144,208
cloud-k3s-master1,1,2026-06-06 08:13:38 UTC,7068960,7470260,153336,1.93,35420,588108,199364,2.51,205328,471224,20
cloud-k3s-master1,1,2026-06-06 08:13:39 UTC,7068960,7470260,153328,1.93,35420,588116,199364,2.51,205328,471224,32
cloud-k3s-master1,1,2026-06-06 08:13:40 UTC,7068960,7470260,153320,1.93,35420,588124,199364,2.51,205328,471224,40
cloud-k3s-master1,1,2026-06-06 08:13:41 UTC,7068960,7470260,153316,1.93,35420,588128,199364,2.51,205328,471224,44
cloud-k3s-master1,1,2026-06-06 08:13:42 UTC,7068960,7470260,153308,1.93,35428,588128,199364,2.51,205328,471224,52
cloud-k3s-master1,1,2026-06-06 08:13:43 UTC,7068960,7470304,153292,1.93,35428,588144,199364,2.51,205328,471268,64
cloud-k3s-master1,1,2026-06-06 08:13:44 UTC,7067508,7468852,154744,1.95,35428,588144,202212,2.55,206592,471268,16
cloud-k3s-master1,1,2026-06-06 08:13:45 UTC,7066500,7467856,155740,1.96,35428,588156,202548,2.55,206912,471280,156
cloud-k3s-master1,1,2026-06-06 08:13:46 UTC,7066500,7467864,155732,1.96,35428,588164,202548,2.55,206964,471288,164
cloud-k3s-master1,1,2026-06-06 08:13:47 UTC,7066500,7467864,155724,1.96,35436,588164,202548,2.55,206964,471288,276
cloud-k3s-master1,1,2026-06-06 08:13:48 UTC,7066500,7467876,155716,1.96,35436,588176,199364,2.51,205312,471300,300
cloud-k3s-master1,1,2026-06-06 08:13:49 UTC,7066500,7467876,155708,1.96,35436,588184,199364,2.51,205312,471300,308
cloud-k3s-master1,1,2026-06-06 08:13:50 UTC,7066500,7467884,155700,1.96,35436,588192,199364,2.51,205328,471308,92
cloud-k3s-master1,1,2026-06-06 08:13:51 UTC,7066500,7467884,155696,1.96,35436,588196,199364,2.51,205328,471308,100
cloud-k3s-master1,1,2026-06-06 08:13:52 UTC,7066500,7467888,155684,1.96,35444,588196,199364,2.51,205328,471308,196
cloud-k3s-master1,1,2026-06-06 08:13:53 UTC,7066500,7467896,155668,1.96,35444,588212,199364,2.51,205328,471316,204
cloud-k3s-master1,1,2026-06-06 08:13:54 UTC,7066500,7467896,155664,1.96,35444,588216,199364,2.51,205328,471316,208
cloud-k3s-master1,1,2026-06-06 08:13:55 UTC,7066500,7467896,155656,1.96,35444,588224,199364,2.51,205328,471316,216
cloud-k3s-master1,1,2026-06-06 08:13:56 UTC,7066500,7467896,155648,1.96,35444,588232,199364,2.51,205328,471316,180
cloud-k3s-master1,1,2026-06-06 08:13:57 UTC,7066500,7467956,155636,1.96,35452,588236,199364,2.51,205328,471376,192
cloud-k3s-master1,1,2026-06-06 08:13:58 UTC,7066500,7467956,155628,1.96,35452,588244,199364,2.51,205328,471376,60
cloud-k3s-master1,1,2026-06-06 08:13:59 UTC,7066500,7467956,155620,1.96,35452,588252,199364,2.51,205328,471376,68
cloud-k3s-master1,1,2026-06-06 08:14:00 UTC,7066500,7467956,155616,1.96,35452,588256,199364,2.51,205328,471376,72
cloud-k3s-master1,1,2026-06-06 08:14:01 UTC,7066500,7467956,155608,1.96,35452,588264,199364,2.51,205328,471376,80
cloud-k3s-master1,1,2026-06-06 08:14:02 UTC,7066500,7467956,155592,1.96,35460,588272,199364,2.51,205328,471376,48
cloud-k3s-master1,1,2026-06-06 08:14:03 UTC,7066500,7467956,155588,1.96,35460,588276,199364,2.51,205328,471376,56
cloud-k3s-master1,1,2026-06-06 08:14:04 UTC,7066500,7468016,155580,1.96,35460,588284,199364,2.51,205328,471436,64
cloud-k3s-master1,1,2026-06-06 08:14:05 UTC,7066500,7468016,155572,1.96,35460,588292,199364,2.51,205328,471436,72
cloud-k3s-master1,1,2026-06-06 08:14:06 UTC,7066500,7468016,155564,1.96,35460,588300,199364,2.51,205328,471436,80
cloud-k3s-master1,1,2026-06-06 08:14:07 UTC,7066500,7468016,155552,1.96,35468,588304,199364,2.51,205328,471436,84
cloud-k3s-master1,1,2026-06-06 08:14:08 UTC,7066500,7468016,155544,1.96,35468,588312,199364,2.51,205328,471436,180
cloud-k3s-master1,1,2026-06-06 08:14:09 UTC,7066500,7468016,155536,1.96,35468,588320,199364,2.51,205328,471436,148
cloud-k3s-master1,1,2026-06-06 08:14:10 UTC,7066500,7468016,155532,1.96,35468,588324,199364,2.51,205328,471436,152
cloud-k3s-master1,1,2026-06-06 08:14:11 UTC,7066500,7468076,155524,1.96,35468,588332,199364,2.51,205328,471496,160
cloud-k3s-master1,1,2026-06-06 08:14:12 UTC,7066500,7468076,155512,1.96,35476,588332,199364,2.51,205328,471496,172
cloud-k3s-master1,1,2026-06-06 08:14:13 UTC,7066248,7467824,155752,1.96,35476,588344,199364,2.51,205328,471496,64
cloud-k3s-master1,1,2026-06-06 08:14:14 UTC,7066248,7467824,155744,1.96,35476,588352,199364,2.51,205328,471496,28
cloud-k3s-master1,1,2026-06-06 08:14:15 UTC,7066248,7467824,155736,1.96,35476,588360,199364,2.51,205328,471496,40
cloud-k3s-master1,1,2026-06-06 08:14:16 UTC,7066248,7467824,155732,1.96,35476,588364,199364,2.51,205328,471496,44
cloud-k3s-master1,1,2026-06-06 08:14:17 UTC,7066248,7467872,155716,1.96,35484,588372,199364,2.51,205328,471544,192
cloud-k3s-master1,1,2026-06-06 08:14:18 UTC,7066248,7467872,155708,1.96,35484,588380,199364,2.51,205328,471544,56
cloud-k3s-master1,1,2026-06-06 08:14:19 UTC,7066248,7467872,155704,1.96,35484,588384,199364,2.51,205328,471544,60
cloud-k3s-master1,1,2026-06-06 08:14:20 UTC,7066248,7467892,155696,1.96,35484,588392,199364,2.51,205328,471564,24
cloud-k3s-master1,1,2026-06-06 08:14:21 UTC,7066248,7467892,155696,1.96,35484,588392,199364,2.51,205328,471564,24
cloud-k3s-master1,1,2026-06-06 08:14:22 UTC,7066248,7467892,155680,1.96,35492,588400,199364,2.51,205328,471564,44
cloud-k3s-master1,1,2026-06-06 08:14:23 UTC,7066248,7467892,155668,1.96,35492,588412,199364,2.51,205328,471564,192
cloud-k3s-master1,1,2026-06-06 08:14:24 UTC,7066248,7467892,155660,1.96,35492,588420,199364,2.51,205328,471564,200
cloud-k3s-master1,1,2026-06-06 08:14:25 UTC,7066248,7467892,155656,1.96,35492,588424,199364,2.51,205328,471564,204
cloud-k3s-master1,1,2026-06-06 08:14:26 UTC,7066248,7467892,155648,1.96,35492,588432,199364,2.51,205328,471564,168
cloud-k3s-master1,1,2026-06-06 08:14:27 UTC,7066248,7467952,155632,1.96,35500,588440,199364,2.51,205328,471624,192
cloud-k3s-master1,1,2026-06-06 08:14:28 UTC,7066248,7467960,155624,1.96,35500,588448,199364,2.51,205328,471632,48
cloud-k3s-master1,1,2026-06-06 08:14:29 UTC,7066248,7467960,155620,1.96,35500,588452,199364,2.51,205328,471632,52
cloud-k3s-master1,1,2026-06-06 08:14:30 UTC,7066248,7467960,155612,1.96,35500,588460,199364,2.51,205328,471632,60
cloud-k3s-master1,1,2026-06-06 08:14:31 UTC,7066248,7467960,155604,1.96,35500,588468,199364,2.51,205328,471632,68
cloud-k3s-master1,1,2026-06-06 08:14:32 UTC,7066248,7467988,155588,1.96,35508,588472,199364,2.51,205328,471656,172
cloud-k3s-master1,1,2026-06-06 08:14:33 UTC,7066248,7467988,155580,1.96,35508,588480,199364,2.51,205328,471656,184
cloud-k3s-master1,1,2026-06-06 08:14:34 UTC,7066248,7467988,155572,1.96,35508,588488,199364,2.51,205328,471656,192
cloud-k3s-master1,1,2026-06-06 08:14:35 UTC,7066248,7467988,155568,1.96,35508,588492,199364,2.51,205328,471656,196
cloud-k3s-master1,1,2026-06-06 08:14:36 UTC,7066248,7467988,155560,1.96,35508,588500,199364,2.51,205328,471656,204
cloud-k3s-master1,1,2026-06-06 08:14:37 UTC,7066248,7467992,155544,1.96,35516,588508,199364,2.51,205328,471660,220
cloud-k3s-master1,1,2026-06-06 08:14:38 UTC,7066248,7468004,155540,1.96,35516,588512,199364,2.51,205328,471672,28
cloud-k3s-master1,1,2026-06-06 08:14:39 UTC,7066500,7468316,155280,1.96,35516,588520,199364,2.51,205328,471732,40
cloud-k3s-master1,1,2026-06-06 08:14:40 UTC,7066500,7468316,155272,1.96,35516,588528,199364,2.51,205328,471732,48
cloud-k3s-master1,1,2026-06-06 08:14:41 UTC,7066500,7468316,155272,1.96,35516,588528,199364,2.51,205328,471732,48
cloud-k3s-master1,1,2026-06-06 08:14:42 UTC,7066500,7468316,155252,1.96,35524,588540,199364,2.51,205328,471732,60
cloud-k3s-master1,1,2026-06-06 08:14:43 UTC,7066500,7468316,155244,1.96,35524,588548,199364,2.51,205328,471732,44
cloud-k3s-master1,1,2026-06-06 08:14:44 UTC,7066500,7468316,155240,1.96,35524,588552,199364,2.51,205328,471732,4
cloud-k3s-master1,1,2026-06-06 08:14:45 UTC,7066500,7468316,155232,1.96,35524,588560,199364,2.51,205328,471732,16
cloud-k3s-master1,1,2026-06-06 08:14:46 UTC,7066500,7468316,155232,1.96,35524,588560,199364,2.51,205328,471732,16
cloud-k3s-master1,1,2026-06-06 08:14:47 UTC,7066500,7468376,155204,1.96,35532,588576,199364,2.51,205328,471792,196
cloud-k3s-master1,1,2026-06-06 08:14:48 UTC,7066500,7468376,155200,1.96,35532,588580,199364,2.51,205328,471792,196
cloud-k3s-master1,1,2026-06-06 08:14:49 UTC,7066500,7468376,155192,1.96,35532,588588,199364,2.51,205328,471792,204
cloud-k3s-master1,1,2026-06-06 08:14:50 UTC,7066500,7468376,155184,1.96,35532,588596,199364,2.51,205328,471792,164
cloud-k3s-master1,1,2026-06-06 08:14:51 UTC,7066500,7468376,155180,1.96,35532,588600,199364,2.51,205328,471792,172
cloud-k3s-master1,1,2026-06-06 08:14:52 UTC,7066500,7468376,155164,1.96,35540,588608,199364,2.51,205328,471792,180
cloud-k3s-master1,1,2026-06-06 08:14:53 UTC,7066500,7468436,155156,1.96,35540,588616,199364,2.51,205328,471852,52
cloud-k3s-master1,1,2026-06-06 08:14:54 UTC,7066500,7468436,155152,1.96,35540,588620,199364,2.51,205328,471852,56
cloud-k3s-master1,1,2026-06-06 08:14:55 UTC,7066500,7468436,155144,1.96,35540,588628,199364,2.51,205328,471852,64
cloud-k3s-master1,1,2026-06-06 08:14:56 UTC,7066500,7468436,155136,1.96,35540,588636,199364,2.51,205328,471852,28
cloud-k3s-master1,1,2026-06-06 08:14:57 UTC,7066500,7468436,155124,1.96,35548,588640,199364,2.51,205328,471852,36
cloud-k3s-master1,1,2026-06-06 08:14:58 UTC,7066500,7468436,155116,1.96,35548,588648,199364,2.51,205328,471852,176
cloud-k3s-master1,1,2026-06-06 08:14:59 UTC,7066500,7468436,155108,1.96,35548,588656,199364,2.51,205328,471852,184
cloud-k3s-master1,1,2026-06-06 08:15:00 UTC,7066500,7468436,155104,1.96,35548,588660,199364,2.51,205328,471852,188
cloud-k3s-master1,1,2026-06-06 08:15:01 UTC,7066248,7468244,155348,1.96,35548,588668,199364,2.51,205312,471912,276
cloud-k3s-master1,1,2026-06-06 08:15:02 UTC,7066248,7468244,155332,1.96,35556,588676,199364,2.51,205328,471912,252
cloud-k3s-master1,1,2026-06-06 08:15:03 UTC,7066248,7468244,155328,1.96,35556,588680,199364,2.51,205328,471912,52
cloud-k3s-master1,1,2026-06-06 08:15:04 UTC,7066248,7468244,155320,1.96,35556,588688,199364,2.51,205328,471912,60
cloud-k3s-master1,1,2026-06-06 08:15:05 UTC,7066248,7468244,155312,1.96,35556,588696,199364,2.51,205328,471912,68
cloud-k3s-master1,1,2026-06-06 08:15:06 UTC,7066248,7468244,155308,1.96,35556,588700,199364,2.51,205328,471912,72
cloud-k3s-master1,1,2026-06-06 08:15:07 UTC,7066248,7468296,155288,1.96,35564,588708,199364,2.51,205328,471960,216
cloud-k3s-master1,1,2026-06-06 08:15:08 UTC,7066248,7468312,155280,1.96,35564,588716,199364,2.51,205328,471976,48
cloud-k3s-master1,1,2026-06-06 08:15:09 UTC,7066248,7468312,155272,1.96,35564,588724,199364,2.51,205328,471976,60
cloud-k3s-master1,1,2026-06-06 08:15:10 UTC,7066248,7468312,155268,1.96,35564,588728,199364,2.51,205328,471976,64
cloud-k3s-master1,1,2026-06-06 08:15:11 UTC,7066248,7468312,155268,1.96,35564,588728,199364,2.51,205328,471976,64
cloud-k3s-master1,1,2026-06-06 08:15:12 UTC,7066248,7468312,155244,1.96,35572,588744,199364,2.51,205328,471976,80
cloud-k3s-master1,1,2026-06-06 08:15:13 UTC,7066248,7468312,155240,1.96,35572,588748,199364,2.51,205328,471976,84
cloud-k3s-master1,1,2026-06-06 08:15:14 UTC,7066248,7468312,155232,1.96,35572,588756,199364,2.51,205328,471976,180
cloud-k3s-master1,1,2026-06-06 08:15:15 UTC,7066248,7468312,155224,1.96,35572,588764,199364,2.51,205328,471976,192
cloud-k3s-master1,1,2026-06-06 08:15:16 UTC,7066248,7468372,155220,1.96,35572,588768,199364,2.51,205328,472036,196
cloud-k3s-master1,1,2026-06-06 08:15:17 UTC,7066248,7468372,155204,1.96,35580,588776,199364,2.51,205328,472036,216
cloud-k3s-master1,1,2026-06-06 08:15:18 UTC,7066248,7468372,155196,1.96,35580,588784,199364,2.51,205328,472036,80
cloud-k3s-master1,1,2026-06-06 08:15:19 UTC,7066248,7468396,155192,1.96,35580,588788,199364,2.51,205328,472060,40
cloud-k3s-master1,1,2026-06-06 08:15:20 UTC,7066248,7468408,155184,1.96,35580,588796,199364,2.51,205328,472072,4
cloud-k3s-master1,1,2026-06-06 08:15:21 UTC,7066248,7468408,155184,1.96,35580,588796,199364,2.51,205328,472072,4
cloud-k3s-master1,1,2026-06-06 08:15:22 UTC,7066248,7468408,155168,1.96,35588,588804,199364,2.51,205328,472072,44
cloud-k3s-master1,1,2026-06-06 08:15:23 UTC,7066248,7468408,155168,1.96,35588,588804,199364,2.51,205328,472072,44
cloud-k3s-master1,1,2026-06-06 08:15:24 UTC,7066248,7468408,155148,1.96,35588,588824,199364,2.51,205328,472072,60
cloud-k3s-master1,1,2026-06-06 08:15:25 UTC,7066248,7468408,155144,1.96,35588,588828,199364,2.51,205328,472072,64
cloud-k3s-master1,1,2026-06-06 08:15:26 UTC,7066248,7468408,155144,1.96,35588,588828,199364,2.51,205328,472072,64
cloud-k3s-master1,1,2026-06-06 08:15:27 UTC,7066248,7468424,155128,1.96,35588,588844,199364,2.51,205328,472088,180
cloud-k3s-master1,1,2026-06-06 08:15:28 UTC,7066248,7468424,155112,1.96,35596,588852,199364,2.51,205328,472088,188
cloud-k3s-master1,1,2026-06-06 08:15:29 UTC,7066248,7468424,155108,1.96,35596,588856,199364,2.51,205328,472088,192
cloud-k3s-master1,1,2026-06-06 08:15:30 UTC,7066248,7468480,155100,1.96,35596,588864,199364,2.51,205332,472144,200
cloud-k3s-master1,1,2026-06-06 08:15:31 UTC,7066248,7468480,155100,1.96,35596,588864,199364,2.51,205332,472144,200
cloud-k3s-master1,1,2026-06-06 08:15:32 UTC,7066248,7468480,155088,1.96,35596,588876,199364,2.51,205332,472144,224
cloud-k3s-master1,1,2026-06-06 08:15:33 UTC,7066248,7468480,155080,1.96,35604,588876,199364,2.51,205332,472144,64
cloud-k3s-master1,1,2026-06-06 08:15:34 UTC,7066248,7468496,155064,1.96,35604,588892,199364,2.51,205336,472160,52
cloud-k3s-master1,1,2026-06-06 08:15:35 UTC,7066248,7468496,155060,1.95,35604,588896,199364,2.51,205336,472160,56
cloud-k3s-master1,1,2026-06-06 08:15:36 UTC,7066248,7468496,155060,1.95,35604,588896,199364,2.51,205336,472160,56
cloud-k3s-master1,1,2026-06-06 08:15:37 UTC,7066248,7468496,155044,1.95,35604,588912,199364,2.51,205336,472160,212
cloud-k3s-master1,1,2026-06-06 08:15:38 UTC,7066248,7468496,155040,1.95,35604,588916,199364,2.51,205336,472160,172
cloud-k3s-master1,1,2026-06-06 08:15:39 UTC,7066248,7468556,155024,1.95,35612,588924,199364,2.51,205336,472220,184
cloud-k3s-master1,1,2026-06-06 08:15:40 UTC,7066248,7468556,155016,1.95,35612,588932,199364,2.51,205336,472220,192
cloud-k3s-master1,1,2026-06-06 08:15:41 UTC,7066248,7468556,155016,1.95,35612,588932,199364,2.51,205336,472220,192
cloud-k3s-master1,1,2026-06-06 08:15:42 UTC,7066248,7468556,155004,1.95,35612,588944,199364,2.51,205336,472220,220
cloud-k3s-master1,1,2026-06-06 08:15:43 UTC,7066248,7468556,154996,1.95,35612,588952,199364,2.51,205336,472220,228
cloud-k3s-master1,1,2026-06-06 08:15:44 UTC,7066248,7468564,154996,1.95,35612,588952,199364,2.51,205336,472228,28
cloud-k3s-master1,1,2026-06-06 08:15:45 UTC,7066248,7468564,154984,1.95,35620,588952,199364,2.51,205336,472228,32
cloud-k3s-master1,1,2026-06-06 08:15:46 UTC,7066248,7468564,154964,1.95,35620,588972,199364,2.51,205336,472228,56
cloud-k3s-master1,1,2026-06-06 08:15:47 UTC,7066248,7468564,154960,1.95,35620,588976,199364,2.51,205336,472228,200
cloud-k3s-master1,1,2026-06-06 08:15:48 UTC,7066248,7468624,154952,1.95,35620,588984,199364,2.51,205336,472288,72
cloud-k3s-master1,1,2026-06-06 08:15:49 UTC,7066248,7468624,155072,1.96,35620,588992,199364,2.51,205336,472288,80
cloud-k3s-master1,1,2026-06-06 08:15:50 UTC,7066248,7468624,155064,1.96,35620,589000,199364,2.51,205336,472288,40
cloud-k3s-master1,1,2026-06-06 08:15:51 UTC,7066248,7468624,155056,1.95,35628,589000,199364,2.51,205336,472288,40
cloud-k3s-master1,1,2026-06-06 08:15:52 UTC,7066248,7468624,155044,1.95,35628,589012,199364,2.51,205336,472288,192
cloud-k3s-master1,1,2026-06-06 08:15:53 UTC,7066248,7468624,155036,1.95,35628,589020,199364,2.51,205336,472288,200
cloud-k3s-master1,1,2026-06-06 08:15:54 UTC,7066248,7468624,155036,1.95,35628,589020,199364,2.51,205336,472288,160
cloud-k3s-master1,1,2026-06-06 08:15:55 UTC,7066248,7468624,155036,1.95,35628,589020,199364,2.51,205336,472288,160
cloud-k3s-master1,1,2026-06-06 08:15:56 UTC,7066248,7468684,155016,1.95,35636,589032,199364,2.51,205336,472348,180
cloud-k3s-master1,1,2026-06-06 08:15:57 UTC,7066248,7468684,155004,1.95,35636,589044,199364,2.51,205336,472348,176
cloud-k3s-master1,1,2026-06-06 08:15:58 UTC,7066248,7468684,154996,1.95,35636,589052,199364,2.51,205336,472348,36
cloud-k3s-master1,1,2026-06-06 08:15:59 UTC,7066248,7468684,154988,1.95,35636,589060,199364,2.51,205336,472348,44
cloud-k3s-master1,1,2026-06-06 08:16:00 UTC,7066248,7468684,154984,1.95,35636,589064,199364,2.51,205336,472348,48
cloud-k3s-master1,1,2026-06-06 08:16:01 UTC,7066248,7468684,154984,1.95,35644,589056,199364,2.51,205336,472348,48
cloud-k3s-master1,1,2026-06-06 08:16:02 UTC,7066248,7468716,154960,1.95,35644,589080,199364,2.51,205336,472380,164
cloud-k3s-master1,1,2026-06-06 08:16:03 UTC,7066248,7468716,154956,1.95,35644,589084,199364,2.51,205336,472380,172
cloud-k3s-master1,1,2026-06-06 08:16:04 UTC,7066248,7468716,154948,1.95,35644,589092,199364,2.51,205336,472380,180
cloud-k3s-master1,1,2026-06-06 08:16:05 UTC,7066248,7468776,154940,1.95,35644,589100,199364,2.51,205336,472440,188
cloud-k3s-master1,1,2026-06-06 08:16:06 UTC,7066248,7468776,154940,1.95,35644,589100,199364,2.51,205336,472440,188
cloud-k3s-master1,1,2026-06-06 08:16:07 UTC,7066248,7468776,154920,1.95,35652,589112,199364,2.51,205336,472440,216
cloud-k3s-master1,1,2026-06-06 08:16:08 UTC,7066248,7468796,154912,1.95,35652,589120,199364,2.51,205336,472460,32
cloud-k3s-master1,1,2026-06-06 08:16:09 UTC,7066248,7468796,154908,1.95,35652,589124,199364,2.51,205336,472460,40
cloud-k3s-master1,1,2026-06-06 08:16:10 UTC,7066248,7468796,154900,1.95,35652,589132,199364,2.51,205336,472460,48
cloud-k3s-master1,1,2026-06-06 08:16:11 UTC,7066248,7468796,154892,1.95,35652,589140,199364,2.51,205336,472460,56
cloud-k3s-master1,1,2026-06-06 08:16:12 UTC,7066248,7468800,154872,1.95,35660,589148,199364,2.51,205336,472460,200
cloud-k3s-master1,1,2026-06-06 08:16:13 UTC,7066248,7468808,154868,1.95,35660,589152,199364,2.51,205336,472468,64
cloud-k3s-master1,1,2026-06-06 08:16:14 UTC,7066248,7468808,154860,1.95,35660,589160,199364,2.51,205336,472468,28
cloud-k3s-master1,1,2026-06-06 08:16:15 UTC,7066248,7468808,154852,1.95,35660,589168,199364,2.51,205336,472468,40
cloud-k3s-master1,1,2026-06-06 08:16:16 UTC,7066248,7468808,154852,1.95,35660,589168,199364,2.51,205336,472468,40
cloud-k3s-master1,1,2026-06-06 08:16:17 UTC,7066248,7468868,154832,1.95,35668,589180,199364,2.51,205336,472528,188
cloud-k3s-master1,1,2026-06-06 08:16:18 UTC,7066248,7468868,154824,1.95,35668,589188,199364,2.51,205336,472528,200
cloud-k3s-master1,1,2026-06-06 08:16:19 UTC,7066248,7468868,154820,1.95,35668,589192,199364,2.51,205336,472528,204
cloud-k3s-master1,1,2026-06-06 08:16:20 UTC,7066248,7468868,154812,1.95,35668,589200,199364,2.51,205336,472528,168
cloud-k3s-master1,1,2026-06-06 08:16:21 UTC,7066248,7468868,154804,1.95,35668,589208,199364,2.51,205336,472528,180
cloud-k3s-master1,1,2026-06-06 08:16:22 UTC,7066248,7468868,154792,1.95,35676,589212,199364,2.51,205336,472528,200
cloud-k3s-master1,1,2026-06-06 08:16:23 UTC,7066248,7468868,154784,1.95,35676,589220,199364,2.51,205336,472528,52
cloud-k3s-master1,1,2026-06-06 08:16:24 UTC,7066248,7468868,154776,1.95,35676,589228,199364,2.51,205336,472528,60
cloud-k3s-master1,1,2026-06-06 08:16:25 UTC,7066248,7468868,154772,1.95,35676,589232,199364,2.51,205336,472528,64
cloud-k3s-master1,1,2026-06-06 08:16:26 UTC,7066248,7468952,154764,1.95,35676,589240,199364,2.51,205336,472612,0
cloud-k3s-master1,1,2026-06-06 08:16:27 UTC,7066248,7468952,154748,1.95,35684,589248,199364,2.51,205336,472612,176
cloud-k3s-master1,1,2026-06-06 08:16:28 UTC,7066248,7468960,154744,1.95,35684,589252,199364,2.51,205336,472620,48
cloud-k3s-master1,1,2026-06-06 08:16:29 UTC,7066248,7468960,154736,1.95,35684,589260,199364,2.51,205336,472620,56
cloud-k3s-master1,1,2026-06-06 08:16:30 UTC,7066248,7468960,154728,1.95,35684,589268,199364,2.51,205336,472620,64
cloud-k3s-master1,1,2026-06-06 08:16:31 UTC,7066248,7468960,154720,1.95,35684,589276,199364,2.51,205336,472620,72
cloud-k3s-master1,1,2026-06-06 08:16:32 UTC,7066248,7468960,154716,1.95,35692,589272,199364,2.51,205336,472620,212
cloud-k3s-master1,1,2026-06-06 08:16:33 UTC,7066248,7468960,154700,1.95,35692,589288,199364,2.51,205336,472620,176
cloud-k3s-master1,1,2026-06-06 08:16:34 UTC,7066248,7468960,154700,1.95,35692,589288,199364,2.51,205336,472620,176
cloud-k3s-master1,1,2026-06-06 08:16:35 UTC,7066248,7469020,154688,1.95,35692,589300,199364,2.51,205336,472680,188
cloud-k3s-master1,1,2026-06-06 08:16:36 UTC,7066248,7469020,154680,1.95,35692,589308,199364,2.51,205336,472680,196
cloud-k3s-master1,1,2026-06-06 08:16:37 UTC,7066248,7469020,154672,1.95,35700,589308,199364,2.51,205336,472680,220
cloud-k3s-master1,1,2026-06-06 08:16:38 UTC,7066248,7469036,154660,1.95,35700,589320,199364,2.51,205336,472696,36
cloud-k3s-master1,1,2026-06-06 08:16:39 UTC,7066248,7469036,154652,1.95,35700,589328,199364,2.51,205336,472696,48
cloud-k3s-master1,1,2026-06-06 08:16:40 UTC,7066248,7469036,154644,1.95,35700,589336,199364,2.51,205336,472696,56
cloud-k3s-master1,1,2026-06-06 08:16:41 UTC,7066248,7469036,154644,1.95,35700,589336,199364,2.51,205336,472696,56
cloud-k3s-master1,1,2026-06-06 08:16:42 UTC,7066248,7469036,154632,1.95,35708,589340,199364,2.51,205336,472696,200
cloud-k3s-master1,1,2026-06-06 08:16:43 UTC,7066248,7469036,154624,1.95,35708,589348,199364,2.51,205336,472696,208
cloud-k3s-master1,1,2026-06-06 08:16:44 UTC,7066248,7469036,154616,1.95,35708,589356,199364,2.51,205336,472696,160
cloud-k3s-master1,1,2026-06-06 08:16:45 UTC,7066248,7469036,154616,1.95,35708,589356,199364,2.51,205336,472696,160
cloud-k3s-master1,1,2026-06-06 08:16:46 UTC,7066248,7469096,154596,1.95,35708,589376,199364,2.51,205336,472756,184
cloud-k3s-master1,1,2026-06-06 08:16:47 UTC,7066248,7469096,154584,1.95,35716,589380,199364,2.51,205336,472756,200
cloud-k3s-master1,1,2026-06-06 08:16:48 UTC,7066248,7469096,154572,1.95,35716,589392,199364,2.51,205336,472756,72
cloud-k3s-master1,1,2026-06-06 08:16:49 UTC,7066248,7469096,154564,1.95,35716,589400,199364,2.51,205336,472756,80
cloud-k3s-master1,1,2026-06-06 08:16:50 UTC,7066248,7469096,154560,1.95,35716,589404,199364,2.51,205336,472756,40
cloud-k3s-master1,1,2026-06-06 08:16:51 UTC,7066248,7469096,154560,1.95,35716,589404,199364,2.51,205336,472756,40
cloud-k3s-master1,1,2026-06-06 08:16:52 UTC,7066248,7469096,154544,1.95,35724,589412,199364,2.51,205336,472756,196
cloud-k3s-master1,1,2026-06-06 08:16:53 UTC,7066248,7469156,154536,1.95,35724,589420,199364,2.51,205336,472816,204
cloud-k3s-master1,1,2026-06-06 08:16:54 UTC,7066248,7469160,154528,1.95,35724,589428,199364,2.51,205336,472820,60
cloud-k3s-master1,1,2026-06-06 08:16:55 UTC,7066248,7469160,154528,1.95,35724,589428,199364,2.51,205336,472820,60
cloud-k3s-master1,1,2026-06-06 08:16:56 UTC,7066248,7469160,154508,1.95,35724,589448,199364,2.51,205336,472820,80
cloud-k3s-master1,1,2026-06-06 08:16:57 UTC,7066248,7469160,154496,1.95,35732,589452,199364,2.51,205336,472820,176
cloud-k3s-master1,1,2026-06-06 08:16:58 UTC,7066248,7469160,154488,1.95,35732,589460,199364,2.51,205336,472820,152
cloud-k3s-master1,1,2026-06-06 08:16:59 UTC,7066248,7469160,154480,1.95,35732,589468,199364,2.51,205336,472820,160
cloud-k3s-master1,1,2026-06-06 08:17:00 UTC,7066248,7469160,154476,1.95,35732,589472,199364,2.51,205336,472820,164
cloud-k3s-master1,1,2026-06-06 08:17:01 UTC,7066248,7469216,154468,1.95,35736,589476,199364,2.51,205328,472876,244
cloud-k3s-master1,1,2026-06-06 08:17:02 UTC,7066248,7469260,154448,1.95,35744,589488,199364,2.51,205324,472920,36
cloud-k3s-master1,1,2026-06-06 08:17:03 UTC,7066248,7469260,154444,1.95,35744,589492,199364,2.51,205324,472920,44
cloud-k3s-master1,1,2026-06-06 08:17:04 UTC,7066248,7469260,154436,1.95,35744,589500,199364,2.51,205324,472920,52
cloud-k3s-master1,1,2026-06-06 08:17:05 UTC,7066248,7469260,154428,1.95,35744,589508,199364,2.51,205324,472920,60
cloud-k3s-master1,1,2026-06-06 08:17:06 UTC,7066248,7469260,154424,1.95,35744,589512,199364,2.51,205324,472920,64
cloud-k3s-master1,1,2026-06-06 08:17:07 UTC,7066248,7469260,154404,1.95,35752,589520,199364,2.51,205324,472920,208
cloud-k3s-master1,1,2026-06-06 08:17:08 UTC,7066248,7469308,154396,1.95,35752,589528,199364,2.51,205336,472968,40
cloud-k3s-master1,1,2026-06-06 08:17:09 UTC,7066248,7469308,154392,1.95,35752,589532,199364,2.51,205336,472968,48
cloud-k3s-master1,1,2026-06-06 08:17:10 UTC,7066248,7469308,154384,1.95,35752,589540,199364,2.51,205336,472968,56
cloud-k3s-master1,1,2026-06-06 08:17:11 UTC,7066248,7469308,154384,1.95,35752,589540,199364,2.51,205336,472968,56
cloud-k3s-master1,1,2026-06-06 08:17:12 UTC,7066248,7469308,154372,1.95,35760,589544,199364,2.51,205336,472968,204
cloud-k3s-master1,1,2026-06-06 08:17:13 UTC,7066248,7469308,154364,1.95,35760,589552,199364,2.51,205336,472968,212
cloud-k3s-master1,1,2026-06-06 08:17:14 UTC,7066248,7469308,154356,1.95,35760,589560,199364,2.51,205336,472968,168
cloud-k3s-master1,1,2026-06-06 08:17:15 UTC,7066248,7469308,154356,1.95,35760,589560,199364,2.51,205336,472968,168
cloud-k3s-master1,1,2026-06-06 08:17:16 UTC,7066248,7469308,154336,1.95,35760,589580,199364,2.51,205336,472968,192
cloud-k3s-master1,1,2026-06-06 08:17:17 UTC,7066248,7469368,154320,1.95,35768,589588,199364,2.51,205336,473028,212
cloud-k3s-master1,1,2026-06-06 08:17:18 UTC,7066248,7469368,154312,1.95,35768,589596,199364,2.51,205336,473028,76
cloud-k3s-master1,1,2026-06-06 08:17:19 UTC,7066248,7469368,154308,1.95,35768,589600,199364,2.51,205336,473028,80
cloud-k3s-master1,1,2026-06-06 08:17:20 UTC,7066248,7469368,154300,1.95,35768,589608,199364,2.51,205336,473028,44
cloud-k3s-master1,1,2026-06-06 08:17:21 UTC,7066248,7469368,154300,1.95,35768,589608,199364,2.51,205336,473028,44
cloud-k3s-master1,1,2026-06-06 08:17:22 UTC,7066248,7469368,154288,1.95,35776,589612,199364,2.51,205336,473028,196
cloud-k3s-master1,1,2026-06-06 08:17:23 UTC,7066248,7469368,154272,1.95,35776,589628,199364,2.51,205336,473028,200
cloud-k3s-master1,1,2026-06-06 08:17:24 UTC,7066248,7469368,154264,1.94,35776,589636,199364,2.51,205336,473028,208
cloud-k3s-master1,1,2026-06-06 08:17:25 UTC,7066248,7469368,154260,1.94,35776,589640,199364,2.51,205336,473028,212
cloud-k3s-master1,1,2026-06-06 08:17:26 UTC,7066248,7469368,154260,1.94,35776,589640,199364,2.51,205336,473028,212
cloud-k3s-master1,1,2026-06-06 08:17:27 UTC,7066248,7469472,154232,1.94,35784,589656,199364,2.51,205336,473128,52
cloud-k3s-master1,1,2026-06-06 08:17:28 UTC,7066248,7469472,154228,1.94,35784,589660,199364,2.51,205336,473128,60
cloud-k3s-master1,1,2026-06-06 08:17:29 UTC,7066248,7469472,154216,1.94,35784,589668,199364,2.51,205336,473128,68
cloud-k3s-master1,1,2026-06-06 08:17:30 UTC,7066248,7469472,154208,1.94,35784,589676,199364,2.51,205336,473128,76
cloud-k3s-master1,1,2026-06-06 08:17:31 UTC,7066248,7469472,154204,1.94,35784,589680,199364,2.51,205336,473128,80
cloud-k3s-master1,1,2026-06-06 08:17:32 UTC,7066248,7469512,154196,1.94,35792,589680,199364,2.51,205336,473168,44
cloud-k3s-master1,1,2026-06-06 08:17:33 UTC,7066248,7469520,154180,1.94,35792,589696,199364,2.51,205336,473176,12
cloud-k3s-master1,1,2026-06-06 08:17:34 UTC,7066248,7469520,154172,1.94,35792,589704,199364,2.51,205336,473176,20
cloud-k3s-master1,1,2026-06-06 08:17:35 UTC,7066248,7469520,154168,1.94,35792,589708,199364,2.51,205336,473176,24
cloud-k3s-master1,1,2026-06-06 08:17:36 UTC,7066248,7469520,154160,1.94,35792,589716,199364,2.51,205336,473176,32
cloud-k3s-master1,1,2026-06-06 08:17:37 UTC,7066248,7469520,154144,1.94,35800,589724,199364,2.51,205336,473176,188
cloud-k3s-master1,1,2026-06-06 08:17:38 UTC,7066248,7469520,154140,1.94,35800,589728,199364,2.51,205336,473176,152
cloud-k3s-master1,1,2026-06-06 08:17:39 UTC,7066248,7469520,154132,1.94,35800,589736,199364,2.51,205336,473176,164
cloud-k3s-master1,1,2026-06-06 08:17:40 UTC,7066248,7469520,154124,1.94,35800,589744,199364,2.51,205336,473176,172
cloud-k3s-master1,1,2026-06-06 08:17:41 UTC,7066248,7469520,154124,1.94,35800,589744,199364,2.51,205336,473176,172
cloud-k3s-master1,1,2026-06-06 08:17:42 UTC,7066248,7469580,154104,1.94,35808,589756,199364,2.51,205336,473236,212
cloud-k3s-master1,1,2026-06-06 08:17:43 UTC,7066248,7469612,154096,1.94,35808,589764,202816,2.56,206984,473268,228
cloud-k3s-master1,1,2026-06-06 08:17:44 UTC,7066248,7469612,154092,1.94,35808,589768,202816,2.56,206992,473268,188
cloud-k3s-master1,1,2026-06-06 08:17:45 UTC,7066248,7469612,154084,1.94,35808,589776,202816,2.56,206992,473268,212
cloud-k3s-master1,1,2026-06-06 08:17:46 UTC,7066248,7469612,154076,1.94,35808,589784,202816,2.56,206992,473268,220
cloud-k3s-master1,1,2026-06-06 08:17:47 UTC,7066248,7469612,154072,1.94,35816,589780,199364,2.51,205616,473268,300
cloud-k3s-master1,1,2026-06-06 08:17:48 UTC,7066248,7469612,154064,1.94,35816,589796,199364,2.51,205336,473268,84
cloud-k3s-master1,1,2026-06-06 08:17:49 UTC,7066248,7469612,154064,1.94,35816,589796,199364,2.51,205336,473268,84
cloud-k3s-master1,1,2026-06-06 08:17:50 UTC,7066248,7469656,154052,1.94,35816,589808,199364,2.51,205336,473312,40
cloud-k3s-master1,1,2026-06-06 08:17:51 UTC,7066248,7469656,154044,1.94,35816,589816,199364,2.51,205336,473312,52
cloud-k3s-master1,1,2026-06-06 08:17:52 UTC,7066248,7469660,154032,1.94,35824,589816,199364,2.51,205336,473312,196
cloud-k3s-master1,1,2026-06-06 08:17:53 UTC,7066248,7469660,154020,1.94,35824,589828,199364,2.51,205336,473312,204
cloud-k3s-master1,1,2026-06-06 08:17:54 UTC,7066248,7469660,154012,1.94,35824,589836,199364,2.51,205336,473312,212
cloud-k3s-master1,1,2026-06-06 08:17:55 UTC,7066248,7469660,154004,1.94,35824,589844,199364,2.51,205336,473312,220
cloud-k3s-master1,1,2026-06-06 08:17:56 UTC,7066248,7469704,153996,1.94,35824,589852,199364,2.51,205336,473356,180
cloud-k3s-master1,1,2026-06-06 08:17:57 UTC,7066248,7469704,153992,1.94,35824,589856,199364,2.51,205336,473356,188
cloud-k3s-master1,1,2026-06-06 08:17:58 UTC,7066248,7469864,153848,1.94,35832,589992,199364,2.51,205464,473388,60
cloud-k3s-master1,1,2026-06-06 08:17:59 UTC,7066248,7469864,153840,1.94,35832,590000,199364,2.51,205464,473388,68
cloud-k3s-master1,1,2026-06-06 08:18:00 UTC,7066248,7469864,153836,1.94,35832,590004,199364,2.51,205464,473388,72
cloud-k3s-master1,1,2026-06-06 08:18:01 UTC,7066248,7469864,153828,1.94,35832,590012,199364,2.51,205464,473388,80
cloud-k3s-master1,1,2026-06-06 08:18:02 UTC,7066248,7469864,153828,1.94,35832,590012,199364,2.51,205464,473388,80
cloud-k3s-master1,1,2026-06-06 08:18:03 UTC,7066248,7469868,153808,1.94,35840,590024,199364,2.51,205464,473392,192
cloud-k3s-master1,1,2026-06-06 08:18:04 UTC,7066248,7469868,153800,1.94,35840,590032,199364,2.51,205464,473392,200
cloud-k3s-master1,1,2026-06-06 08:18:05 UTC,7066248,7469868,153800,1.94,35840,590032,199364,2.51,205464,473392,200
cloud-k3s-master1,1,2026-06-06 08:18:06 UTC,7066248,7469868,153788,1.94,35840,590044,199364,2.51,205464,473392,212
cloud-k3s-master1,1,2026-06-06 08:18:07 UTC,7066248,7469928,153780,1.94,35840,590052,199364,2.51,205464,473452,220
cloud-k3s-master1,1,2026-06-06 08:18:08 UTC,7066248,7469936,153772,1.94,35840,590060,199364,2.51,205464,473460,0
cloud-k3s-master1,1,2026-06-06 08:18:09 UTC,7066248,7469936,153760,1.94,35848,590064,199364,2.51,205464,473460,36
cloud-k3s-master1,1,2026-06-06 08:18:10 UTC,7066248,7469936,153752,1.94,35848,590072,199364,2.51,205464,473460,44
cloud-k3s-master1,1,2026-06-06 08:18:11 UTC,7066248,7469936,153744,1.94,35848,590080,199364,2.51,205464,473460,52
cloud-k3s-master1,1,2026-06-06 08:18:12 UTC,7066248,7469936,153740,1.94,35848,590084,199364,2.51,205464,473460,192
cloud-k3s-master1,1,2026-06-06 08:18:13 UTC,7066248,7469936,153732,1.94,35848,590092,199364,2.51,205464,473460,200
cloud-k3s-master1,1,2026-06-06 08:18:14 UTC,7066248,7469952,153732,1.94,35848,590092,199364,2.51,205464,473476,24
cloud-k3s-master1,1,2026-06-06 08:18:15 UTC,7066248,7469952,153724,1.94,35856,590092,199364,2.51,205464,473476,24
cloud-k3s-master1,1,2026-06-06 08:18:16 UTC,7066248,7469952,153700,1.94,35856,590112,199364,2.51,205464,473476,48
cloud-k3s-master1,1,2026-06-06 08:18:17 UTC,7066248,7470012,153692,1.94,35856,590120,199364,2.51,205464,473536,192
cloud-k3s-master1,1,2026-06-06 08:18:18 UTC,7066248,7470012,153684,1.94,35856,590128,199364,2.51,205464,473536,196
cloud-k3s-master1,1,2026-06-06 08:18:19 UTC,7066248,7470012,153684,1.94,35856,590128,199364,2.51,205464,473536,196
cloud-k3s-master1,1,2026-06-06 08:18:20 UTC,7066248,7470020,153672,1.94,35856,590140,199364,2.51,205464,473544,164
cloud-k3s-master1,1,2026-06-06 08:18:21 UTC,7066248,7470020,153656,1.94,35864,590148,199364,2.51,205464,473544,176
cloud-k3s-master1,1,2026-06-06 08:18:22 UTC,7066248,7470020,153644,1.94,35872,590152,199364,2.51,205464,473544,180
cloud-k3s-master1,1,2026-06-06 08:18:23 UTC,7066248,7470020,153644,1.94,35872,590152,199364,2.51,205464,473544,8
cloud-k3s-master1,1,2026-06-06 08:18:24 UTC,7066248,7470020,153628,1.94,35872,590168,199364,2.51,205464,473544,64
cloud-k3s-master1,1,2026-06-06 08:18:25 UTC,7066248,7470020,153624,1.94,35872,590172,199364,2.51,205464,473544,68
cloud-k3s-master1,1,2026-06-06 08:18:26 UTC,7066248,7470020,153624,1.94,35872,590172,199364,2.51,205464,473544,68
cloud-k3s-master1,1,2026-06-06 08:18:27 UTC,7066248,7470080,153608,1.94,35872,590188,199364,2.51,205464,473604,176
cloud-k3s-master1,1,2026-06-06 08:18:28 UTC,7066248,7470080,153596,1.94,35880,590192,199364,2.51,205464,473604,180
cloud-k3s-master1,1,2026-06-06 08:18:29 UTC,7066248,7470080,153596,1.94,35880,590192,199364,2.51,205464,473604,180
cloud-k3s-master1,1,2026-06-06 08:18:30 UTC,7066248,7470080,153580,1.94,35880,590208,199364,2.51,205464,473604,196
cloud-k3s-master1,1,2026-06-06 08:18:31 UTC,7066248,7470080,153576,1.94,35880,590212,199364,2.51,205464,473604,200
cloud-k3s-master1,1,2026-06-06 08:18:32 UTC,7066248,7470080,153576,1.94,35880,590212,199364,2.51,205464,473604,28
cloud-k3s-master1,1,2026-06-06 08:18:33 UTC,7066248,7470080,153576,1.94,35888,590204,199364,2.51,205464,473604,28
cloud-k3s-master1,1,2026-06-06 08:18:34 UTC,7066248,7470104,153548,1.94,35888,590232,199364,2.51,205464,473628,48
cloud-k3s-master1,1,2026-06-06 08:18:35 UTC,7066248,7470164,153540,1.94,35888,590240,199364,2.51,205464,473688,56
cloud-k3s-master1,1,2026-06-06 08:18:36 UTC,7066248,7470164,153540,1.94,35888,590240,199364,2.51,205464,473688,56
cloud-k3s-master1,1,2026-06-06 08:18:37 UTC,7066248,7470168,153520,1.94,35888,590256,199364,2.51,205464,473688,212
cloud-k3s-master1,1,2026-06-06 08:18:38 UTC,7066248,7470176,153516,1.94,35888,590260,199364,2.51,205464,473696,28
cloud-k3s-master1,1,2026-06-06 08:18:39 UTC,7066248,7470176,153500,1.94,35896,590268,199364,2.51,205464,473696,44
cloud-k3s-master1,1,2026-06-06 08:18:40 UTC,7066248,7470212,153492,1.94,35896,590276,199364,2.51,205464,473732,20
cloud-k3s-master1,1,2026-06-06 08:18:41 UTC,7066248,7470212,153488,1.94,35896,590280,199364,2.51,205464,473732,24
cloud-k3s-master1,1,2026-06-06 08:18:42 UTC,7066248,7470212,153480,1.94,35896,590288,199364,2.51,205464,473732,32
cloud-k3s-master1,1,2026-06-06 08:18:43 UTC,7066248,7470212,153480,1.94,35896,590288,199364,2.51,205464,473732,32
cloud-k3s-master1,1,2026-06-06 08:18:44 UTC,7066248,7470236,153468,1.93,35904,590292,199364,2.51,205464,473756,140
cloud-k3s-master1,1,2026-06-06 08:18:45 UTC,7066248,7470236,153452,1.93,35904,590308,199364,2.51,205464,473756,172
cloud-k3s-master1,1,2026-06-06 08:18:46 UTC,7066248,7470236,153444,1.93,35904,590316,199364,2.51,205464,473756,180
cloud-k3s-master1,1,2026-06-06 08:18:47 UTC,7066248,7470236,153440,1.93,35904,590320,199364,2.51,205464,473756,184
cloud-k3s-master1,1,2026-06-06 08:18:48 UTC,7066248,7470280,153432,1.93,35904,590328,199364,2.51,205464,473800,52
cloud-k3s-master1,1,2026-06-06 08:18:49 UTC,7066248,7470280,153424,1.93,35912,590328,199364,2.51,205464,473800,60
cloud-k3s-master1,1,2026-06-06 08:18:50 UTC,7066248,7470280,153412,1.93,35912,590340,199364,2.51,205464,473800,28
cloud-k3s-master1,1,2026-06-06 08:18:51 UTC,7066248,7470280,153404,1.93,35912,590348,199364,2.51,205464,473800,40
cloud-k3s-master1,1,2026-06-06 08:18:52 UTC,7066248,7470280,153396,1.93,35912,590356,199364,2.51,205464,473800,188
cloud-k3s-master1,1,2026-06-06 08:18:53 UTC,7066248,7470280,153392,1.93,35912,590360,199364,2.51,205464,473800,192
cloud-k3s-master1,1,2026-06-06 08:18:54 UTC,7066248,7470280,153392,1.93,35912,590360,199364,2.51,205464,473800,192
cloud-k3s-master1,1,2026-06-06 08:18:55 UTC,7066248,7470280,153392,1.93,35920,590352,199364,2.51,205464,473800,192
cloud-k3s-master1,1,2026-06-06 08:18:56 UTC,7066248,7470332,153364,1.93,35920,590380,199364,2.51,205464,473852,172
cloud-k3s-master1,1,2026-06-06 08:18:57 UTC,7066248,7470340,153356,1.93,35920,590388,199364,2.51,205464,473860,196
cloud-k3s-master1,1,2026-06-06 08:18:58 UTC,7066248,7470340,153348,1.93,35920,590396,199364,2.51,205464,473860,52
cloud-k3s-master1,1,2026-06-06 08:18:59 UTC,7066248,7470340,153348,1.93,35920,590396,199364,2.51,205464,473860,52
cloud-k3s-master1,1,2026-06-06 08:19:00 UTC,7066248,7470340,153332,1.93,35920,590408,199364,2.51,205464,473860,64
cloud-k3s-master1,1,2026-06-06 08:19:01 UTC,7066248,7470340,153324,1.93,35920,590416,199364,2.51,205464,473860,72
cloud-k3s-master1,1,2026-06-06 08:19:02 UTC,7066248,7470376,153308,1.93,35928,590424,199364,2.51,205464,473896,32
cloud-k3s-master1,1,2026-06-06 08:19:03 UTC,7066248,7470380,153304,1.93,35928,590428,199364,2.51,205464,473900,44
cloud-k3s-master1,1,2026-06-06 08:19:04 UTC,7066248,7470380,153296,1.93,35928,590436,199364,2.51,205464,473900,52
cloud-k3s-master1,1,2026-06-06 08:19:05 UTC,7066248,7470380,153296,1.93,35928,590436,199364,2.51,205464,473900,52
cloud-k3s-master1,1,2026-06-06 08:19:06 UTC,7066248,7470380,153284,1.93,35928,590448,199364,2.51,205464,473900,64
cloud-k3s-master1,1,2026-06-06 08:19:07 UTC,7066248,7470380,153276,1.93,35936,590448,199364,2.51,205464,473900,72
cloud-k3s-master1,1,2026-06-06 08:19:08 UTC,7066248,7470420,153256,1.93,35936,590464,199364,2.51,205464,473936,172
cloud-k3s-master1,1,2026-06-06 08:19:09 UTC,7066248,7470420,153252,1.93,35936,590468,199364,2.51,205464,473936,180
cloud-k3s-master1,1,2026-06-06 08:19:10 UTC,7066248,7470420,153244,1.93,35936,590476,199364,2.51,205464,473936,188
cloud-k3s-master1,1,2026-06-06 08:19:11 UTC,7066248,7470420,153236,1.93,35936,590484,199364,2.51,205464,473936,196
cloud-k3s-master1,1,2026-06-06 08:19:12 UTC,7066248,7470420,153224,1.93,35944,590488,199364,2.51,205464,473936,216
cloud-k3s-master1,1,2026-06-06 08:19:13 UTC,7066248,7470420,153216,1.93,35944,590496,199364,2.51,205464,473936,72
cloud-k3s-master1,1,2026-06-06 08:19:14 UTC,7066248,7470460,153208,1.93,35944,590504,199364,2.51,205464,473976,4
cloud-k3s-master1,1,2026-06-06 08:19:15 UTC,7066248,7470460,153208,1.93,35944,590504,199364,2.51,205464,473976,4
cloud-k3s-master1,1,2026-06-06 08:19:16 UTC,7066248,7470460,153196,1.93,35944,590516,199364,2.51,205464,473976,20
cloud-k3s-master1,1,2026-06-06 08:19:17 UTC,7066248,7470520,153188,1.93,35952,590516,199364,2.51,205464,474036,28
cloud-k3s-master1,1,2026-06-06 08:19:18 UTC,7066248,7470528,153172,1.93,35952,590532,199364,2.51,205464,474044,52
cloud-k3s-master1,1,2026-06-06 08:19:19 UTC,7066248,7470528,153172,1.93,35952,590532,199364,2.51,205464,474044,52
cloud-k3s-master1,1,2026-06-06 08:19:20 UTC,7066248,7470528,153160,1.93,35952,590544,199364,2.51,205464,474044,20
cloud-k3s-master1,1,2026-06-06 08:19:21 UTC,7066248,7470528,153152,1.93,35952,590552,199364,2.51,205464,474044,32
cloud-k3s-master1,1,2026-06-06 08:19:22 UTC,7066248,7470528,153140,1.93,35960,590556,199364,2.51,205464,474044,184
cloud-k3s-master1,1,2026-06-06 08:19:23 UTC,7066248,7470528,153140,1.93,35960,590556,199364,2.51,205464,474044,184
cloud-k3s-master1,1,2026-06-06 08:19:24 UTC,7066248,7470528,153120,1.93,35960,590572,199364,2.51,205464,474044,200
cloud-k3s-master1,1,2026-06-06 08:19:25 UTC,7066248,7470528,153116,1.93,35960,590576,199364,2.51,205464,474044,204
cloud-k3s-master1,1,2026-06-06 08:19:26 UTC,7066248,7470596,153108,1.93,35960,590584,199364,2.51,205464,474112,168
cloud-k3s-master1,1,2026-06-06 08:19:27 UTC,7066248,7470596,153100,1.93,35968,590584,199364,2.51,205464,474112,168
cloud-k3s-master1,1,2026-06-06 08:19:28 UTC,7066248,7470604,153088,1.93,35968,590596,199364,2.51,205464,474120,44
cloud-k3s-master1,1,2026-06-06 08:19:29 UTC,7066248,7470604,153080,1.93,35968,590604,199364,2.51,205464,474120,52
cloud-k3s-master1,1,2026-06-06 08:19:30 UTC,7066248,7470604,153072,1.93,35968,590612,199364,2.51,205464,474120,60
cloud-k3s-master1,1,2026-06-06 08:19:31 UTC,7066248,7470604,153072,1.93,35968,590612,199364,2.51,205464,474120,60
cloud-k3s-master1,1,2026-06-06 08:19:32 UTC,7066248,7470604,153052,1.93,35976,590624,199364,2.51,205464,474120,168
cloud-k3s-master1,1,2026-06-06 08:19:33 UTC,7066248,7470604,153044,1.93,35976,590632,199364,2.51,205464,474120,180
cloud-k3s-master1,1,2026-06-06 08:19:34 UTC,7066248,7470604,153040,1.93,35976,590636,199364,2.51,205464,474120,184
cloud-k3s-master1,1,2026-06-06 08:19:35 UTC,7066248,7470604,153040,1.93,35976,590636,199364,2.51,205464,474120,184
cloud-k3s-master1,1,2026-06-06 08:19:36 UTC,7066248,7470664,153024,1.93,35976,590652,199364,2.51,205464,474180,200
cloud-k3s-master1,1,2026-06-06 08:19:37 UTC,7066248,7470676,153020,1.93,35984,590648,199364,2.51,205464,474192,56
cloud-k3s-master1,1,2026-06-06 08:19:38 UTC,7066248,7470684,153004,1.93,35984,590664,199364,2.51,205464,474200,28
cloud-k3s-master1,1,2026-06-06 08:19:39 UTC,7066248,7470684,153004,1.93,35984,590664,199364,2.51,205464,474200,28
cloud-k3s-master1,1,2026-06-06 08:19:40 UTC,7066248,7470684,152988,1.93,35984,590680,199364,2.51,205464,474200,48
cloud-k3s-master1,1,2026-06-06 08:19:41 UTC,7066248,7470684,152984,1.93,35984,590684,199364,2.51,205464,474200,52
cloud-k3s-master1,1,2026-06-06 08:19:42 UTC,7066248,7470684,152968,1.93,35992,590692,199364,2.51,205464,474200,200
cloud-k3s-master1,1,2026-06-06 08:19:43 UTC,7066248,7470684,152960,1.93,35992,590700,199364,2.51,205464,474200,208
cloud-k3s-master1,1,2026-06-06 08:19:44 UTC,7066248,7470684,152960,1.93,35992,590700,199364,2.51,205464,474200,72
cloud-k3s-master1,1,2026-06-06 08:19:45 UTC,7066248,7470684,152960,1.93,35992,590700,199364,2.51,205464,474200,72
cloud-k3s-master1,1,2026-06-06 08:19:46 UTC,7066248,7470688,152936,1.93,35992,590720,199364,2.51,205464,474200,52
cloud-k3s-master1,1,2026-06-06 08:19:47 UTC,7066248,7470748,152932,1.93,36000,590716,199364,2.51,205464,474260,192
cloud-k3s-master1,1,2026-06-06 08:19:48 UTC,7066248,7470748,152924,1.93,36000,590724,199364,2.51,205464,474260,192
cloud-k3s-master1,1,2026-06-06 08:19:49 UTC,7066248,7470748,152924,1.93,36000,590724,199364,2.51,205464,474260,192
cloud-k3s-master1,1,2026-06-06 08:19:50 UTC,7066248,7470748,152904,1.93,36000,590744,199364,2.51,205464,474260,136
cloud-k3s-master1,1,2026-06-06 08:19:51 UTC,7066248,7470748,152896,1.93,36000,590752,199364,2.51,205464,474260,148
cloud-k3s-master1,1,2026-06-06 08:19:52 UTC,7066248,7470748,152896,1.93,36008,590744,199364,2.51,205464,474260,148
cloud-k3s-master1,1,2026-06-06 08:19:53 UTC,7066248,7470748,152896,1.93,36008,590744,199364,2.51,205464,474260,148
cloud-k3s-master1,1,2026-06-06 08:19:54 UTC,7066248,7470748,152868,1.93,36008,590772,199364,2.51,205464,474260,60
cloud-k3s-master1,1,2026-06-06 08:19:55 UTC,7066248,7470748,152860,1.93,36008,590780,199364,2.51,205464,474260,68
cloud-k3s-master1,1,2026-06-06 08:19:56 UTC,7066248,7470748,152860,1.93,36008,590780,199364,2.51,205464,474260,68
cloud-k3s-master1,1,2026-06-06 08:19:57 UTC,7066248,7470808,152840,1.93,36016,590792,199364,2.51,205464,474320,176
cloud-k3s-master1,1,2026-06-06 08:19:58 UTC,7066248,7470808,152832,1.93,36016,590800,199364,2.51,205464,474320,184
cloud-k3s-master1,1,2026-06-06 08:19:59 UTC,7066248,7470808,152828,1.93,36016,590804,199364,2.51,205464,474320,188
cloud-k3s-master1,1,2026-06-06 08:20:00 UTC,7066248,7470808,152828,1.93,36016,590804,199364,2.51,205464,474320,188
cloud-k3s-master1,1,2026-06-06 08:20:01 UTC,7066248,7470808,152828,1.93,36016,590804,199364,2.51,205464,474320,188
cloud-k3s-master1,1,2026-06-06 08:20:02 UTC,7066248,7470808,152800,1.93,36024,590824,199364,2.51,205464,474320,220
cloud-k3s-master1,1,2026-06-06 08:20:03 UTC,7066248,7470808,152756,1.93,36024,590836,199364,2.51,205464,474320,40
cloud-k3s-master1,1,2026-06-06 08:20:04 UTC,7065492,7470168,153504,1.94,36024,590844,199364,2.51,205416,474436,52
cloud-k3s-master1,1,2026-06-06 08:20:05 UTC,7065492,7470168,153496,1.94,36024,590852,199364,2.51,205416,474436,60
cloud-k3s-master1,1,2026-06-06 08:20:06 UTC,7065492,7470168,153496,1.94,36024,590852,199364,2.51,205416,474436,220
cloud-k3s-master1,1,2026-06-06 08:20:07 UTC,7065492,7470168,153484,1.94,36032,590856,199364,2.51,205416,474436,304
cloud-k3s-master1,1,2026-06-06 08:20:08 UTC,7065492,7470204,153468,1.93,36032,590872,199364,2.51,205464,474472,36
cloud-k3s-master1,1,2026-06-06 08:20:09 UTC,7065492,7470204,153468,1.93,36032,590872,199364,2.51,205464,474472,36
cloud-k3s-master1,1,2026-06-06 08:20:10 UTC,7065492,7470204,153452,1.93,36032,590884,199364,2.51,205464,474472,52
cloud-k3s-master1,1,2026-06-06 08:20:11 UTC,7065492,7470204,153444,1.93,36032,590892,199364,2.51,205464,474472,60
cloud-k3s-master1,1,2026-06-06 08:20:12 UTC,7065492,7470204,153440,1.93,36040,590888,199364,2.51,205464,474472,68
cloud-k3s-master1,1,2026-06-06 08:20:13 UTC,7065492,7470204,153424,1.93,36040,590904,199364,2.51,205464,474472,220
cloud-k3s-master1,1,2026-06-06 08:20:14 UTC,7065492,7470244,153416,1.93,36040,590912,199364,2.51,205464,474512,184
cloud-k3s-master1,1,2026-06-06 08:20:15 UTC,7065492,7470244,153412,1.93,36040,590916,199364,2.51,205464,474512,192
cloud-k3s-master1,1,2026-06-06 08:20:16 UTC,7065492,7470244,153412,1.93,36040,590916,199364,2.51,205464,474512,192
cloud-k3s-master1,1,2026-06-06 08:20:17 UTC,7065492,7470260,153388,1.93,36048,590932,199364,2.51,205464,474528,64
cloud-k3s-master1,1,2026-06-06 08:20:18 UTC,7065492,7470260,153384,1.93,36048,590936,199364,2.51,205464,474528,68
cloud-k3s-master1,1,2026-06-06 08:20:19 UTC,7065492,7470260,153384,1.93,36048,590936,199364,2.51,205464,474528,68
cloud-k3s-master1,1,2026-06-06 08:20:20 UTC,7065492,7470300,153368,1.93,36048,590952,199364,2.51,205440,474568,168
cloud-k3s-master1,1,2026-06-06 08:20:21 UTC,7065492,7470300,153360,1.93,36048,590960,199364,2.51,205440,474568,180
cloud-k3s-master1,1,2026-06-06 08:20:22 UTC,7065492,7470300,153356,1.93,36056,590956,199364,2.51,205440,474568,252
cloud-k3s-master1,1,2026-06-06 08:20:23 UTC,7065492,7470320,153340,1.93,36056,590972,199364,2.51,205440,474588,32
cloud-k3s-master1,1,2026-06-06 08:20:24 UTC,7065492,7470320,153332,1.93,36056,590980,199364,2.51,205440,474588,40
cloud-k3s-master1,1,2026-06-06 08:20:25 UTC,7065492,7470320,153332,1.93,36056,590980,199364,2.51,205440,474588,40
cloud-k3s-master1,1,2026-06-06 08:20:26 UTC,7065492,7470320,153320,1.93,36056,590992,199364,2.51,205440,474588,0
cloud-k3s-master1,1,2026-06-06 08:20:27 UTC,7065492,7470320,153312,1.93,36064,590992,199364,2.51,205440,474588,152
cloud-k3s-master1,1,2026-06-06 08:20:28 UTC,7065492,7470320,153300,1.93,36064,591004,199364,2.51,205440,474588,184
cloud-k3s-master1,1,2026-06-06 08:20:29 UTC,7065492,7470320,153300,1.93,36064,591004,199364,2.51,205440,474588,184
cloud-k3s-master1,1,2026-06-06 08:20:30 UTC,7065492,7470320,153284,1.93,36064,591020,199364,2.51,205440,474588,200
cloud-k3s-master1,1,2026-06-06 08:20:31 UTC,7065492,7470320,153280,1.93,36064,591024,199364,2.51,205440,474588,204
cloud-k3s-master1,1,2026-06-06 08:20:32 UTC,7065492,7470384,153260,1.93,36072,591032,199364,2.51,205440,474648,180
cloud-k3s-master1,1,2026-06-06 08:20:33 UTC,7065492,7470384,153260,1.93,36072,591032,199364,2.51,205440,474648,176
cloud-k3s-master1,1,2026-06-06 08:20:34 UTC,7065492,7470392,153248,1.93,36072,591044,199364,2.51,205440,474656,44
cloud-k3s-master1,1,2026-06-06 08:20:35 UTC,7065492,7470392,153240,1.93,36072,591052,199364,2.51,205440,474656,52
cloud-k3s-master1,1,2026-06-06 08:20:36 UTC,7065492,7470392,153240,1.93,36072,591052,199364,2.51,205440,474656,52
cloud-k3s-master1,1,2026-06-06 08:20:37 UTC,7065492,7470392,153228,1.93,36080,591056,199364,2.51,205440,474656,68
cloud-k3s-master1,1,2026-06-06 08:20:38 UTC,7065492,7470424,153212,1.93,36080,591072,199364,2.51,205464,474688,168
cloud-k3s-master1,1,2026-06-06 08:20:39 UTC,7065492,7470424,153212,1.93,36080,591072,199364,2.51,205464,474688,168
cloud-k3s-master1,1,2026-06-06 08:20:40 UTC,7065492,7470424,153200,1.93,36080,591084,199364,2.51,205464,474688,184
cloud-k3s-master1,1,2026-06-06 08:20:41 UTC,7065492,7470424,153192,1.93,36080,591092,199364,2.51,205464,474688,192
cloud-k3s-master1,1,2026-06-06 08:20:42 UTC,7065492,7470484,153176,1.93,36088,591100,199364,2.51,205464,474748,64
cloud-k3s-master1,1,2026-06-06 08:20:43 UTC,7065492,7470484,153168,1.93,36088,591108,199364,2.51,205464,474748,68
cloud-k3s-master1,1,2026-06-06 08:20:44 UTC,7065492,7470484,153164,1.93,36088,591112,199364,2.51,205464,474748,28
cloud-k3s-master1,1,2026-06-06 08:20:45 UTC,7065492,7470484,153164,1.93,36088,591112,199364,2.51,205464,474748,28
cloud-k3s-master1,1,2026-06-06 08:20:46 UTC,7065492,7470484,153148,1.93,36088,591128,199364,2.51,205464,474748,48
cloud-k3s-master1,1,2026-06-06 08:20:47 UTC,7065492,7470484,153136,1.93,36096,591132,199364,2.51,205464,474748,52
cloud-k3s-master1,1,2026-06-06 08:20:48 UTC,7065492,7470492,153128,1.93,36096,591140,199364,2.51,205464,474756,64
cloud-k3s-master1,1,2026-06-06 08:20:49 UTC,7065492,7470492,153128,1.93,36096,591140,199364,2.51,205464,474756,64
cloud-k3s-master1,1,2026-06-06 08:20:50 UTC,7065492,7470552,153116,1.93,36096,591152,199364,2.51,205464,474816,32
cloud-k3s-master1,1,2026-06-06 08:20:51 UTC,7065492,7470552,153108,1.93,36096,591160,199364,2.51,205464,474816,44
cloud-k3s-master1,1,2026-06-06 08:20:52 UTC,7065492,7470552,153088,1.93,36104,591168,199364,2.51,205464,474816,52
cloud-k3s-master1,1,2026-06-06 08:20:53 UTC,7065492,7470552,153084,1.93,36104,591172,199364,2.51,205464,474816,188
cloud-k3s-master1,1,2026-06-06 08:20:54 UTC,7065492,7470552,153076,1.93,36104,591180,199364,2.51,205464,474816,196
cloud-k3s-master1,1,2026-06-06 08:20:55 UTC,7065492,7470552,153068,1.93,36104,591188,199364,2.51,205464,474816,204
cloud-k3s-master1,1,2026-06-06 08:20:56 UTC,7065492,7470552,153064,1.93,36104,591192,199364,2.51,205464,474816,164
cloud-k3s-master1,1,2026-06-06 08:20:57 UTC,7065492,7470552,153064,1.93,36112,591184,199364,2.51,205464,474816,60
cloud-k3s-master1,1,2026-06-06 08:20:58 UTC,7065492,7470616,153040,1.93,36112,591208,199364,2.51,205464,474880,24
cloud-k3s-master1,1,2026-06-06 08:20:59 UTC,7065492,7470616,153036,1.93,36112,591212,199364,2.51,205464,474880,28
cloud-k3s-master1,1,2026-06-06 08:21:00 UTC,7065492,7470616,153036,1.93,36112,591212,199364,2.51,205464,474880,28
cloud-k3s-master1,1,2026-06-06 08:21:01 UTC,7065492,7470616,153020,1.93,36112,591228,199364,2.51,205464,474880,44
cloud-k3s-master1,1,2026-06-06 08:21:02 UTC,7065492,7470616,153008,1.93,36120,591232,199364,2.51,205464,474880,164
cloud-k3s-master1,1,2026-06-06 08:21:03 UTC,7065492,7470616,153008,1.93,36120,591232,199364,2.51,205464,474880,164
cloud-k3s-master1,1,2026-06-06 08:21:04 UTC,7065492,7470616,152992,1.93,36120,591248,199364,2.51,205464,474880,48
cloud-k3s-master1,1,2026-06-06 08:21:05 UTC,7065492,7470676,152984,1.93,36120,591256,199364,2.51,205464,474940,56
cloud-k3s-master1,1,2026-06-06 08:21:06 UTC,7065492,7470676,152980,1.93,36120,591260,199364,2.51,205464,474940,60
cloud-k3s-master1,1,2026-06-06 08:21:07 UTC,7065492,7470676,152980,1.93,36128,591252,199364,2.51,205464,474940,60
cloud-k3s-master1,1,2026-06-06 08:21:08 UTC,7065492,7470676,152956,1.93,36128,591276,199364,2.51,205464,474940,172
cloud-k3s-master1,1,2026-06-06 08:21:09 UTC,7065492,7470676,152952,1.93,36128,591280,199364,2.51,205464,474940,180
cloud-k3s-master1,1,2026-06-06 08:21:10 UTC,7065492,7470676,152944,1.93,36128,591288,199364,2.51,205464,474940,188
cloud-k3s-master1,1,2026-06-06 08:21:11 UTC,7065492,7470676,152944,1.93,36128,591288,199364,2.51,205464,474940,188
cloud-k3s-master1,1,2026-06-06 08:21:12 UTC,7065492,7470740,152920,1.93,36136,591300,199364,2.51,205464,475000,216
cloud-k3s-master1,1,2026-06-06 08:21:13 UTC,7065492,7470740,152912,1.93,36136,591308,199364,2.51,205464,475000,224
cloud-k3s-master1,1,2026-06-06 08:21:14 UTC,7065492,7470740,152904,1.93,36136,591316,199364,2.51,205464,475000,28
cloud-k3s-master1,1,2026-06-06 08:21:15 UTC,7065492,7470740,152900,1.93,36136,591320,199364,2.51,205464,475000,36
cloud-k3s-master1,1,2026-06-06 08:21:16 UTC,7065492,7470740,152892,1.93,36136,591328,199364,2.51,205464,475000,44
cloud-k3s-master1,1,2026-06-06 08:21:17 UTC,7065492,7470740,152876,1.93,36144,591336,199364,2.51,205464,475000,200
cloud-k3s-master1,1,2026-06-06 08:21:18 UTC,7065492,7470740,152872,1.93,36144,591340,199364,2.51,205464,475000,204
cloud-k3s-master1,1,2026-06-06 08:21:19 UTC,7065492,7470740,152872,1.93,36144,591340,199364,2.51,205464,475000,204
cloud-k3s-master1,1,2026-06-06 08:21:20 UTC,7065492,7470800,152856,1.93,36144,591356,199364,2.51,205464,475060,176
cloud-k3s-master1,1,2026-06-06 08:21:21 UTC,7065492,7470800,152852,1.93,36144,591360,199364,2.51,205464,475060,184
cloud-k3s-master1,1,2026-06-06 08:21:22 UTC,7065492,7470828,152836,1.93,36152,591368,199364,2.51,205464,475088,188
cloud-k3s-master1,1,2026-06-06 08:21:23 UTC,7065492,7470828,152828,1.93,36152,591376,199364,2.51,205464,475088,56
cloud-k3s-master1,1,2026-06-06 08:21:24 UTC,7065492,7470828,152828,1.93,36152,591376,199364,2.51,205464,475088,56
cloud-k3s-master1,1,2026-06-06 08:21:25 UTC,7065492,7470828,152816,1.93,36152,591388,199364,2.51,205464,475088,68
cloud-k3s-master1,1,2026-06-06 08:21:26 UTC,7065492,7470828,152808,1.93,36152,591396,199364,2.51,205464,475088,32
cloud-k3s-master1,1,2026-06-06 08:21:27 UTC,7065492,7470828,152788,1.93,36160,591404,199364,2.51,205464,475088,184
cloud-k3s-master1,1,2026-06-06 08:21:28 UTC,7065492,7470828,152784,1.93,36160,591408,199364,2.51,205464,475088,52
cloud-k3s-master1,1,2026-06-06 08:21:29 UTC,7065492,7470828,152776,1.93,36160,591416,199364,2.51,205464,475088,60
cloud-k3s-master1,1,2026-06-06 08:21:30 UTC,7065492,7470888,152768,1.93,36160,591424,199364,2.51,205464,475148,68
cloud-k3s-master1,1,2026-06-06 08:21:31 UTC,7065492,7470888,152768,1.93,36160,591424,199364,2.51,205464,475148,68
cloud-k3s-master1,1,2026-06-06 08:21:32 UTC,7065492,7470888,152748,1.93,36168,591436,199364,2.51,205464,475148,172
cloud-k3s-master1,1,2026-06-06 08:21:33 UTC,7065492,7470888,152740,1.93,36168,591444,199364,2.51,205464,475148,148
cloud-k3s-master1,1,2026-06-06 08:21:34 UTC,7065492,7470888,152736,1.93,36168,591448,199364,2.51,205464,475148,152
cloud-k3s-master1,1,2026-06-06 08:21:35 UTC,7065492,7470888,152728,1.93,36168,591456,199364,2.51,205464,475148,160
cloud-k3s-master1,1,2026-06-06 08:21:36 UTC,7065492,7470888,152720,1.93,36168,591464,199364,2.51,205464,475148,168
cloud-k3s-master1,1,2026-06-06 08:21:37 UTC,7065492,7470948,152708,1.93,36176,591468,199364,2.51,205464,475208,184
cloud-k3s-master1,1,2026-06-06 08:21:38 UTC,7065492,7470948,152700,1.93,36176,591476,199364,2.51,205464,475208,16
cloud-k3s-master1,1,2026-06-06 08:21:39 UTC,7065492,7470948,152692,1.93,36176,591484,199364,2.51,205464,475208,28
cloud-k3s-master1,1,2026-06-06 08:21:40 UTC,7065492,7470948,152688,1.93,36176,591488,199364,2.51,205464,475208,32
cloud-k3s-master1,1,2026-06-06 08:21:41 UTC,7065492,7470948,152680,1.92,36176,591496,199364,2.51,205464,475208,40
cloud-k3s-master1,1,2026-06-06 08:21:42 UTC,7065492,7470996,152664,1.92,36184,591504,199364,2.51,205464,475256,196
cloud-k3s-master1,1,2026-06-06 08:21:43 UTC,7065492,7470996,152660,1.92,36184,591508,199364,2.51,205464,475256,200
cloud-k3s-master1,1,2026-06-06 08:21:44 UTC,7065492,7470996,152652,1.92,36184,591516,199364,2.51,205464,475256,164
cloud-k3s-master1,1,2026-06-06 08:21:45 UTC,7065492,7470996,152644,1.92,36184,591524,199364,2.51,205464,475256,176
cloud-k3s-master1,1,2026-06-06 08:21:46 UTC,7065492,7470996,152636,1.92,36184,591532,199364,2.51,205464,475256,184
cloud-k3s-master1,1,2026-06-06 08:21:47 UTC,7065492,7471000,152620,1.92,36192,591536,199364,2.51,205464,475256,204
cloud-k3s-master1,1,2026-06-06 08:21:48 UTC,7065492,7471040,152612,1.92,36192,591544,199364,2.51,205464,475296,64
cloud-k3s-master1,1,2026-06-06 08:21:49 UTC,7065492,7471040,152604,1.92,36192,591552,199364,2.51,205464,475296,72
cloud-k3s-master1,1,2026-06-06 08:21:50 UTC,7065492,7471040,152600,1.92,36192,591556,199364,2.51,205464,475296,32
cloud-k3s-master1,1,2026-06-06 08:21:51 UTC,7065492,7471040,152592,1.92,36192,591564,199364,2.51,205464,475296,44
cloud-k3s-master1,1,2026-06-06 08:21:52 UTC,7065492,7471040,152576,1.92,36200,591572,199364,2.51,205464,475296,188
cloud-k3s-master1,1,2026-06-06 08:21:53 UTC,7065492,7471040,152572,1.92,36200,591576,199364,2.51,205464,475296,52
cloud-k3s-master1,1,2026-06-06 08:21:54 UTC,7065492,7471040,152564,1.92,36200,591584,199364,2.51,205464,475296,60
cloud-k3s-master1,1,2026-06-06 08:21:55 UTC,7065492,7471100,152556,1.92,36200,591592,199364,2.51,205464,475356,68
cloud-k3s-master1,1,2026-06-06 08:21:56 UTC,7065492,7471100,152552,1.92,36200,591596,199364,2.51,205464,475356,28
cloud-k3s-master1,1,2026-06-06 08:21:57 UTC,7065492,7471100,152552,1.92,36208,591588,199364,2.51,205464,475356,164
cloud-k3s-master1,1,2026-06-06 08:21:58 UTC,7065492,7471100,152528,1.92,36208,591612,199364,2.51,205464,475356,188
cloud-k3s-master1,1,2026-06-06 08:21:59 UTC,7065492,7471100,152524,1.92,36208,591616,199364,2.51,205464,475356,192
cloud-k3s-master1,1,2026-06-06 08:22:00 UTC,7065492,7471100,152516,1.92,36208,591624,199364,2.51,205464,475356,200
cloud-k3s-master1,1,2026-06-06 08:22:01 UTC,7065492,7471100,152508,1.92,36208,591632,199364,2.51,205464,475356,208
cloud-k3s-master1,1,2026-06-06 08:22:02 UTC,7065492,7471164,152496,1.92,36216,591636,199364,2.51,205464,475420,28
cloud-k3s-master1,1,2026-06-06 08:22:03 UTC,7065492,7471164,152488,1.92,36216,591644,199364,2.51,205464,475420,40
cloud-k3s-master1,1,2026-06-06 08:22:04 UTC,7065492,7471164,152480,1.92,36216,591652,199364,2.51,205464,475420,48
cloud-k3s-master1,1,2026-06-06 08:22:05 UTC,7065492,7471164,152472,1.92,36216,591660,199364,2.51,205464,475420,56
cloud-k3s-master1,1,2026-06-06 08:22:06 UTC,7065492,7471164,152468,1.92,36216,591664,199364,2.51,205464,475420,60
cloud-k3s-master1,1,2026-06-06 08:22:07 UTC,7065492,7471164,152468,1.92,36224,591656,199364,2.51,205464,475420,60
cloud-k3s-master1,1,2026-06-06 08:22:08 UTC,7065492,7471216,152440,1.92,36224,591680,199364,2.51,205464,475472,4
cloud-k3s-master1,1,2026-06-06 08:22:09 UTC,7065492,7471216,152436,1.92,36224,591684,199364,2.51,205464,475472,12
cloud-k3s-master1,1,2026-06-06 08:22:10 UTC,7065492,7471216,152428,1.92,36224,591692,199364,2.51,205464,475472,20
cloud-k3s-master1,1,2026-06-06 08:22:11 UTC,7065492,7471216,152420,1.92,36224,591700,199364,2.51,205464,475472,28
cloud-k3s-master1,1,2026-06-06 08:22:12 UTC,7065492,7471216,152416,1.92,36232,591696,199364,2.51,205464,475472,32
cloud-k3s-master1,1,2026-06-06 08:22:13 UTC,7065492,7471256,152400,1.92,36232,591712,199364,2.51,205464,475512,196
cloud-k3s-master1,1,2026-06-06 08:22:14 UTC,7065492,7471264,152392,1.92,36232,591720,199364,2.51,205464,475520,160
cloud-k3s-master1,1,2026-06-06 08:22:15 UTC,7065492,7471264,152388,1.92,36232,591724,199364,2.51,205464,475520,168
cloud-k3s-master1,1,2026-06-06 08:22:16 UTC,7065492,7471264,152380,1.92,36232,591732,199364,2.51,205464,475520,176
cloud-k3s-master1,1,2026-06-06 08:22:17 UTC,7065492,7471264,152364,1.92,36240,591740,199364,2.51,205464,475520,204
cloud-k3s-master1,1,2026-06-06 08:22:18 UTC,7065492,7471264,152360,1.92,36240,591744,199364,2.51,205464,475520,56
cloud-k3s-master1,1,2026-06-06 08:22:19 UTC,7065492,7471264,152360,1.92,36240,591744,199364,2.51,205464,475520,56
cloud-k3s-master1,1,2026-06-06 08:22:20 UTC,7065492,7471264,152344,1.92,36240,591760,199364,2.51,205464,475520,28
cloud-k3s-master1,1,2026-06-06 08:22:21 UTC,7065492,7471264,152340,1.92,36240,591764,199364,2.51,205464,475520,36
cloud-k3s-master1,1,2026-06-06 08:22:22 UTC,7065492,7471324,152328,1.92,36248,591768,199364,2.51,205464,475580,44
cloud-k3s-master1,1,2026-06-06 08:22:23 UTC,7065492,7471336,152316,1.92,36248,591780,199364,2.51,205464,475592,188
cloud-k3s-master1,1,2026-06-06 08:22:24 UTC,7065492,7471336,152312,1.92,36248,591784,199364,2.51,205464,475592,192
cloud-k3s-master1,1,2026-06-06 08:22:25 UTC,7065492,7471336,152304,1.92,36248,591792,199364,2.51,205464,475592,200
cloud-k3s-master1,1,2026-06-06 08:22:26 UTC,7065492,7471336,152296,1.92,36248,591800,199364,2.51,205464,475592,164
cloud-k3s-master1,1,2026-06-06 08:22:27 UTC,7065492,7471336,152296,1.92,36256,591792,199364,2.51,205464,475592,28
cloud-k3s-master1,1,2026-06-06 08:22:28 UTC,7065492,7471340,152272,1.92,36256,591812,199364,2.51,205464,475592,52
cloud-k3s-master1,1,2026-06-06 08:22:29 UTC,7065492,7471340,152264,1.92,36256,591820,199364,2.51,205464,475592,60
cloud-k3s-master1,1,2026-06-06 08:22:30 UTC,7065492,7471340,152256,1.92,36256,591828,199364,2.51,205464,475592,68
cloud-k3s-master1,1,2026-06-06 08:22:31 UTC,7065492,7471340,152256,1.92,36256,591828,199364,2.51,205464,475592,68
cloud-k3s-master1,1,2026-06-06 08:22:32 UTC,7065492,7471400,152236,1.92,36264,591840,199364,2.51,205464,475652,172
cloud-k3s-master1,1,2026-06-06 08:22:33 UTC,7065492,7471400,152228,1.92,36264,591848,199364,2.51,205464,475652,44
cloud-k3s-master1,1,2026-06-06 08:22:34 UTC,7065492,7471400,152224,1.92,36264,591852,199364,2.51,205464,475652,48
cloud-k3s-master1,1,2026-06-06 08:22:35 UTC,7065492,7471400,152216,1.92,36264,591860,199364,2.51,205464,475652,56
cloud-k3s-master1,1,2026-06-06 08:22:36 UTC,7065492,7471400,152208,1.92,36264,591868,199364,2.51,205464,475652,64
cloud-k3s-master1,1,2026-06-06 08:22:37 UTC,7065492,7471400,152204,1.92,36272,591864,199364,2.51,205464,475652,68
cloud-k3s-master1,1,2026-06-06 08:22:38 UTC,7065492,7471460,152188,1.92,36272,591880,199364,2.51,205464,475712,172
cloud-k3s-master1,1,2026-06-06 08:22:39 UTC,7065492,7471460,152180,1.92,36272,591888,199364,2.51,205464,475712,184
cloud-k3s-master1,1,2026-06-06 08:22:40 UTC,7065492,7471460,152176,1.92,36272,591892,199364,2.51,205464,475712,188
cloud-k3s-master1,1,2026-06-06 08:22:41 UTC,7065492,7471460,152168,1.92,36272,591900,199364,2.51,205464,475712,196
cloud-k3s-master1,1,2026-06-06 08:22:42 UTC,7065492,7471460,152152,1.92,36280,591908,199364,2.51,205464,475712,216
cloud-k3s-master1,1,2026-06-06 08:22:43 UTC,7065492,7471460,152152,1.92,36280,591908,199364,2.51,205464,475712,180
cloud-k3s-master1,1,2026-06-06 08:22:44 UTC,7065492,7471460,152140,1.92,36280,591920,199364,2.51,205464,475712,0
cloud-k3s-master1,1,2026-06-06 08:22:45 UTC,7065492,7471520,152132,1.92,36280,591928,199364,2.51,205464,475772,12
cloud-k3s-master1,1,2026-06-06 08:22:46 UTC,7065492,7471520,152128,1.92,36280,591932,199364,2.51,205464,475772,16
cloud-k3s-master1,1,2026-06-06 08:22:47 UTC,7065492,7471520,152108,1.92,36288,591940,199364,2.51,205464,475772,192
cloud-k3s-master1,1,2026-06-06 08:22:48 UTC,7065492,7471520,152100,1.92,36288,591948,199364,2.51,205464,475772,200
cloud-k3s-master1,1,2026-06-06 08:22:49 UTC,7065492,7471520,152100,1.92,36288,591948,199364,2.51,205464,475772,200
cloud-k3s-master1,1,2026-06-06 08:22:50 UTC,7065492,7471524,152088,1.92,36288,591960,199364,2.51,205464,475776,168
cloud-k3s-master1,1,2026-06-06 08:22:51 UTC,7065492,7471524,152080,1.92,36288,591968,199364,2.51,205464,475776,180
cloud-k3s-master1,1,2026-06-06 08:22:52 UTC,7065492,7471584,152064,1.92,36296,591976,199364,2.51,205464,475836,196
cloud-k3s-master1,1,2026-06-06 08:22:53 UTC,7065492,7471584,152060,1.92,36296,591980,199364,2.51,205464,475836,48
cloud-k3s-master1,1,2026-06-06 08:22:54 UTC,7065492,7471584,152052,1.92,36296,591988,199364,2.51,205464,475836,56
cloud-k3s-master1,1,2026-06-06 08:22:55 UTC,7065492,7471584,152044,1.92,36296,591996,199364,2.51,205464,475836,64
cloud-k3s-master1,1,2026-06-06 08:22:56 UTC,7065492,7471584,152044,1.92,36296,591996,199364,2.51,205464,475836,64
cloud-k3s-master1,1,2026-06-06 08:22:57 UTC,7065492,7471584,152024,1.92,36304,592008,199364,2.51,205464,475836,180
cloud-k3s-master1,1,2026-06-06 08:22:58 UTC,7065492,7471584,152016,1.92,36304,592016,199364,2.51,205464,475836,48
cloud-k3s-master1,1,2026-06-06 08:22:59 UTC,7065492,7471584,152016,1.92,36304,592016,199364,2.51,205464,475836,48
cloud-k3s-master1,1,2026-06-06 08:23:00 UTC,7065492,7471644,152004,1.92,36304,592028,199364,2.51,205464,475896,60
cloud-k3s-master1,1,2026-06-06 08:23:01 UTC,7065492,7471644,151996,1.92,36304,592036,199364,2.51,205464,475896,68
cloud-k3s-master1,1,2026-06-06 08:23:02 UTC,7065492,7471644,151980,1.92,36312,592044,199364,2.51,205464,475896,172
cloud-k3s-master1,1,2026-06-06 08:23:03 UTC,7065492,7471644,151972,1.92,36312,592052,199364,2.51,205464,475896,176
cloud-k3s-master1,1,2026-06-06 08:23:04 UTC,7065492,7471644,151964,1.92,36312,592060,199364,2.51,205464,475896,184
cloud-k3s-master1,1,2026-06-06 08:23:05 UTC,7065492,7471644,151960,1.92,36312,592064,199364,2.51,205464,475896,188
cloud-k3s-master1,1,2026-06-06 08:23:06 UTC,7065492,7471644,151952,1.92,36312,592072,199364,2.51,205464,475896,196
cloud-k3s-master1,1,2026-06-06 08:23:07 UTC,7065492,7471644,151952,1.92,36320,592064,199364,2.51,205464,475896,196
cloud-k3s-master1,1,2026-06-06 08:23:08 UTC,7065492,7471724,151924,1.92,36320,592088,199364,2.51,205464,475972,36
cloud-k3s-master1,1,2026-06-06 08:23:09 UTC,7065492,7471724,151920,1.92,36320,592092,199364,2.51,205464,475972,44
cloud-k3s-master1,1,2026-06-06 08:23:10 UTC,7065492,7471724,151912,1.92,36320,592100,199364,2.51,205464,475972,52
cloud-k3s-master1,1,2026-06-06 08:23:11 UTC,7065240,7471492,152156,1.92,36320,592108,202340,2.55,206768,475992,60
cloud-k3s-master1,1,2026-06-06 08:23:12 UTC,7065240,7471508,152136,1.92,36328,592116,202812,2.56,207124,476008,224
cloud-k3s-master1,1,2026-06-06 08:23:13 UTC,7065240,7471516,152128,1.92,36328,592124,202812,2.56,207124,476016,204
cloud-k3s-master1,1,2026-06-06 08:23:14 UTC,7073184,7479476,144172,1.82,36328,592136,199364,2.51,205436,476032,184
cloud-k3s-master1,1,2026-06-06 08:23:15 UTC,7073052,7479344,144300,1.82,36328,592140,199364,2.51,205436,476032,192
cloud-k3s-master1,1,2026-06-06 08:23:16 UTC,7073052,7479344,144300,1.82,36328,592140,199364,2.51,205436,476032,192
cloud-k3s-master1,1,2026-06-06 08:23:17 UTC,7073052,7479364,144276,1.82,36336,592156,199364,2.51,205436,476052,204
cloud-k3s-master1,1,2026-06-06 08:23:18 UTC,7073052,7479376,144272,1.82,36336,592160,199364,2.51,205436,476064,236
cloud-k3s-master1,1,2026-06-06 08:23:19 UTC,7073052,7479384,144264,1.82,36336,592168,199364,2.51,205436,476072,36
cloud-k3s-master1,1,2026-06-06 08:23:20 UTC,7073052,7479384,144256,1.82,36336,592176,199364,2.51,205436,476072,0
cloud-k3s-master1,1,2026-06-06 08:23:21 UTC,7073052,7479384,144252,1.82,36336,592180,199364,2.51,205436,476072,8
cloud-k3s-master1,1,2026-06-06 08:23:22 UTC,7073052,7479384,144232,1.82,36344,592188,199364,2.51,205436,476072,180
cloud-k3s-master1,1,2026-06-06 08:23:23 UTC,7073052,7479384,144224,1.82,36344,592196,199364,2.51,205436,476072,188
cloud-k3s-master1,1,2026-06-06 08:23:24 UTC,7073052,7479384,144224,1.82,36344,592196,199364,2.51,205436,476072,188
cloud-k3s-master1,1,2026-06-06 08:23:25 UTC,7073052,7479384,144212,1.82,36344,592208,199364,2.51,205436,476072,200
cloud-k3s-master1,1,2026-06-06 08:23:26 UTC,7073052,7479384,144204,1.82,36344,592216,199364,2.51,205436,476072,164
cloud-k3s-master1,1,2026-06-06 08:23:27 UTC,7073052,7479384,144204,1.82,36352,592208,199364,2.51,205436,476072,20
cloud-k3s-master1,1,2026-06-06 08:23:28 UTC,7073052,7479452,144184,1.82,36352,592228,199364,2.51,205436,476140,44
cloud-k3s-master1,1,2026-06-06 08:23:29 UTC,7073052,7479452,144176,1.82,36352,592236,199364,2.51,205436,476140,52
cloud-k3s-master1,1,2026-06-06 08:23:30 UTC,7073052,7479452,144168,1.82,36352,592244,199364,2.51,205436,476140,60
cloud-k3s-master1,1,2026-06-06 08:23:31 UTC,7073052,7479452,144164,1.82,36352,592248,199364,2.51,205436,476140,64
cloud-k3s-master1,1,2026-06-06 08:23:32 UTC,7073052,7479452,144148,1.82,36360,592256,199364,2.51,205436,476140,164
cloud-k3s-master1,1,2026-06-06 08:23:33 UTC,7073052,7479452,144140,1.82,36360,592264,199364,2.51,205436,476140,180
cloud-k3s-master1,1,2026-06-06 08:23:34 UTC,7073052,7479452,144136,1.82,36360,592268,199364,2.51,205436,476140,184
cloud-k3s-master1,1,2026-06-06 08:23:35 UTC,7073052,7479512,144128,1.82,36360,592276,199364,2.51,205436,476200,192
cloud-k3s-master1,1,2026-06-06 08:23:36 UTC,7073052,7479512,144120,1.82,36360,592284,199364,2.51,205436,476200,200
cloud-k3s-master1,1,2026-06-06 08:23:37 UTC,7073052,7479512,144116,1.82,36368,592280,199364,2.51,205436,476200,204
cloud-k3s-master1,1,2026-06-06 08:23:38 UTC,7073052,7479512,144100,1.82,36368,592296,199364,2.51,205464,476200,184
cloud-k3s-master1,1,2026-06-06 08:23:39 UTC,7073052,7479512,144092,1.82,36368,592304,199364,2.51,205464,476200,196
cloud-k3s-master1,1,2026-06-06 08:23:40 UTC,7073052,7479512,144088,1.82,36368,592308,199364,2.51,205464,476200,200
cloud-k3s-master1,1,2026-06-06 08:23:41 UTC,7073052,7479512,144080,1.82,36368,592316,199364,2.51,205464,476200,208
cloud-k3s-master1,1,2026-06-06 08:23:42 UTC,7073052,7479576,144060,1.82,36376,592324,199364,2.51,205464,476260,216
cloud-k3s-master1,1,2026-06-06 08:23:43 UTC,7073052,7479576,144056,1.82,36376,592328,199364,2.51,205464,476260,236
cloud-k3s-master1,1,2026-06-06 08:23:44 UTC,7073052,7479576,144048,1.82,36376,592336,199364,2.51,205464,476260,200
cloud-k3s-master1,1,2026-06-06 08:23:45 UTC,7073052,7479576,144040,1.82,36376,592344,199364,2.51,205464,476260,212
cloud-k3s-master1,1,2026-06-06 08:23:46 UTC,7073052,7479576,144036,1.82,36376,592348,199364,2.51,205464,476260,216
cloud-k3s-master1,1,2026-06-06 08:23:47 UTC,7073052,7479576,144020,1.82,36384,592356,199364,2.51,205464,476260,236
cloud-k3s-master1,1,2026-06-06 08:23:48 UTC,7073052,7479576,144012,1.82,36384,592364,199364,2.51,205464,476260,240
cloud-k3s-master1,1,2026-06-06 08:23:49 UTC,7073052,7479636,144008,1.82,36384,592368,199364,2.51,205464,476320,244
cloud-k3s-master1,1,2026-06-06 08:23:50 UTC,7073052,7479636,144000,1.82,36384,592376,199364,2.51,205464,476320,208
cloud-k3s-master1,1,2026-06-06 08:23:51 UTC,7073052,7479636,143992,1.82,36384,592384,199364,2.51,205464,476320,220
cloud-k3s-master1,1,2026-06-06 08:23:52 UTC,7073052,7479636,143976,1.82,36392,592392,199364,2.51,205464,476320,244
cloud-k3s-master1,1,2026-06-06 08:23:53 UTC,7073052,7479672,143972,1.82,36392,592396,199364,2.51,205464,476356,216
cloud-k3s-master1,1,2026-06-06 08:23:54 UTC,7073052,7479672,143964,1.82,36392,592404,199364,2.51,205464,476356,224
cloud-k3s-master1,1,2026-06-06 08:23:55 UTC,7073052,7479672,143956,1.81,36392,592412,199364,2.51,205464,476356,232
cloud-k3s-master1,1,2026-06-06 08:23:56 UTC,7073052,7479672,143952,1.81,36392,592416,199364,2.51,205464,476356,192
cloud-k3s-master1,1,2026-06-06 08:23:57 UTC,7073052,7479672,143952,1.81,36400,592408,199364,2.51,205464,476356,200
cloud-k3s-master1,1,2026-06-06 08:23:58 UTC,7073052,7479672,143928,1.81,36400,592432,199364,2.51,205464,476356,244
cloud-k3s-master1,1,2026-06-06 08:23:59 UTC,7073052,7479672,143924,1.81,36400,592436,199364,2.51,205464,476356,76
cloud-k3s-master1,1,2026-06-06 08:24:00 UTC,7073052,7479672,143916,1.81,36400,592444,199364,2.51,205464,476356,56
cloud-k3s-master1,1,2026-06-06 08:24:01 UTC,7073052,7479732,143908,1.81,36400,592452,199364,2.51,205464,476416,64
cloud-k3s-master1,1,2026-06-06 08:24:02 UTC,7073052,7479740,143904,1.81,36408,592448,199364,2.51,205464,476424,24
cloud-k3s-master1,1,2026-06-06 08:24:03 UTC,7073052,7479740,143884,1.81,36408,592464,199364,2.51,205464,476424,188
cloud-k3s-master1,1,2026-06-06 08:24:04 UTC,7073052,7479740,143876,1.81,36408,592472,199364,2.51,205464,476424,196
cloud-k3s-master1,1,2026-06-06 08:24:05 UTC,7073052,7479740,143876,1.81,36408,592472,199364,2.51,205464,476424,196
cloud-k3s-master1,1,2026-06-06 08:24:06 UTC,7073052,7479740,143864,1.81,36408,592484,199364,2.51,205464,476424,208
cloud-k3s-master1,1,2026-06-06 08:24:07 UTC,7073052,7479740,143856,1.81,36408,592492,199364,2.51,205464,476424,216
cloud-k3s-master1,1,2026-06-06 08:24:08 UTC,7073052,7479796,143844,1.81,36416,592496,199364,2.51,205464,476480,32
cloud-k3s-master1,1,2026-06-06 08:24:09 UTC,7073052,7479796,143836,1.81,36416,592504,199364,2.51,205464,476480,44
cloud-k3s-master1,1,2026-06-06 08:24:10 UTC,7073052,7479796,143828,1.81,36416,592512,199364,2.51,205464,476480,52
cloud-k3s-master1,1,2026-06-06 08:24:11 UTC,7073052,7479796,143820,1.81,36416,592520,199364,2.51,205464,476480,60
cloud-k3s-master1,1,2026-06-06 08:24:12 UTC,7073052,7479796,143816,1.81,36416,592524,199364,2.51,205464,476480,64
cloud-k3s-master1,1,2026-06-06 08:24:13 UTC,7073052,7479796,143800,1.81,36424,592532,199364,2.51,205464,476480,212
cloud-k3s-master1,1,2026-06-06 08:24:14 UTC,7073052,7479796,143792,1.81,36424,592540,199364,2.51,205464,476480,172
cloud-k3s-master1,1,2026-06-06 08:24:15 UTC,7073052,7479796,143788,1.81,36424,592544,199364,2.51,205464,476480,180
cloud-k3s-master1,1,2026-06-06 08:24:16 UTC,7073052,7479856,143780,1.81,36424,592552,199364,2.51,205464,476540,188
cloud-k3s-master1,1,2026-06-06 08:24:17 UTC,7073052,7479856,143772,1.81,36424,592560,199364,2.51,205464,476540,208
cloud-k3s-master1,1,2026-06-06 08:24:18 UTC,7073052,7479856,143768,1.81,36424,592564,199364,2.51,205464,476540,60
cloud-k3s-master1,1,2026-06-06 08:24:19 UTC,7073052,7479856,143760,1.81,36424,592572,199364,2.51,205464,476540,68
cloud-k3s-master1,1,2026-06-06 08:24:20 UTC,7073052,7479856,143760,1.81,36432,592564,199364,2.51,205464,476540,68
cloud-k3s-master1,1,2026-06-06 08:24:21 UTC,7073052,7479864,143740,1.81,36432,592584,199364,2.51,205464,476548,40
cloud-k3s-master1,1,2026-06-06 08:24:22 UTC,7073052,7479864,143732,1.81,36432,592592,199364,2.51,205464,476548,188
cloud-k3s-master1,1,2026-06-06 08:24:23 UTC,7073052,7479864,143732,1.81,36432,592592,199364,2.51,205464,476548,188
cloud-k3s-master1,1,2026-06-06 08:24:24 UTC,7073052,7479868,143716,1.81,36432,592604,199364,2.51,205464,476548,64
cloud-k3s-master1,1,2026-06-06 08:24:25 UTC,7073052,7479928,143708,1.81,36440,592604,199364,2.51,205464,476608,72
cloud-k3s-master1,1,2026-06-06 08:24:26 UTC,7073052,7479928,143692,1.81,36440,592620,199364,2.51,205464,476608,36
cloud-k3s-master1,1,2026-06-06 08:24:27 UTC,7073052,7479928,143692,1.81,36440,592620,199364,2.51,205464,476608,172
cloud-k3s-master1,1,2026-06-06 08:24:28 UTC,7073052,7479952,143680,1.81,36440,592632,199364,2.51,205464,476632,152
cloud-k3s-master1,1,2026-06-06 08:24:29 UTC,7073052,7479952,143672,1.81,36440,592640,199364,2.51,205464,476632,160
cloud-k3s-master1,1,2026-06-06 08:24:30 UTC,7073052,7479952,143668,1.81,36440,592644,199364,2.51,205464,476632,164
cloud-k3s-master1,1,2026-06-06 08:24:31 UTC,7073052,7479952,143652,1.81,36448,592652,199364,2.51,205464,476632,200
cloud-k3s-master1,1,2026-06-06 08:24:32 UTC,7073052,7479980,143644,1.81,36448,592660,199364,2.51,205464,476660,16
cloud-k3s-master1,1,2026-06-06 08:24:33 UTC,7073052,7479980,143636,1.81,36448,592668,199364,2.51,205464,476660,44
cloud-k3s-master1,1,2026-06-06 08:24:34 UTC,7073052,7479980,143632,1.81,36448,592672,199364,2.51,205464,476660,48
cloud-k3s-master1,1,2026-06-06 08:24:35 UTC,7073052,7479980,143624,1.81,36448,592680,199364,2.51,205464,476660,56
cloud-k3s-master1,1,2026-06-06 08:24:36 UTC,7073052,7479980,143616,1.81,36448,592688,199364,2.51,205464,476660,64
cloud-k3s-master1,1,2026-06-06 08:24:37 UTC,7073052,7479980,143612,1.81,36456,592684,199364,2.51,205464,476660,68
cloud-k3s-master1,1,2026-06-06 08:24:38 UTC,7073052,7479980,143604,1.81,36456,592692,199364,2.51,205464,476660,76
cloud-k3s-master1,1,2026-06-06 08:24:39 UTC,7073052,7480004,143596,1.81,36456,592700,199364,2.51,205464,476684,28
cloud-k3s-master1,1,2026-06-06 08:24:40 UTC,7073052,7480004,143584,1.81,36456,592712,199364,2.51,205464,476684,44
cloud-k3s-master1,1,2026-06-06 08:24:41 UTC,7073052,7480064,143576,1.81,36456,592720,199364,2.51,205464,476744,52
cloud-k3s-master1,1,2026-06-06 08:24:42 UTC,7073052,7480064,143556,1.81,36464,592728,199364,2.51,205464,476744,200
cloud-k3s-master1,1,2026-06-06 08:24:43 UTC,7073052,7480064,143552,1.81,36464,592732,199364,2.51,205464,476744,204
cloud-k3s-master1,1,2026-06-06 08:24:44 UTC,7073052,7480064,143552,1.81,36464,592732,199364,2.51,205464,476744,204
cloud-k3s-master1,1,2026-06-06 08:24:45 UTC,7073052,7480064,143536,1.81,36464,592748,199364,2.51,205464,476744,180
cloud-k3s-master1,1,2026-06-06 08:24:46 UTC,7073052,7480064,143532,1.81,36464,592752,199364,2.51,205464,476744,184
cloud-k3s-master1,1,2026-06-06 08:24:47 UTC,7073052,7480064,143516,1.81,36472,592760,199364,2.51,205464,476744,208
cloud-k3s-master1,1,2026-06-06 08:24:48 UTC,7073052,7480124,143508,1.81,36472,592768,199364,2.51,205464,476804,64
cloud-k3s-master1,1,2026-06-06 08:24:49 UTC,7073052,7480124,143508,1.81,36472,592768,199364,2.51,205464,476804,64
cloud-k3s-master1,1,2026-06-06 08:24:50 UTC,7073052,7480140,143496,1.81,36472,592780,199364,2.51,205464,476820,32
cloud-k3s-master1,1,2026-06-06 08:24:51 UTC,7073052,7480140,143488,1.81,36472,592788,199364,2.51,205464,476820,44
cloud-k3s-master1,1,2026-06-06 08:24:52 UTC,7073052,7480140,143476,1.81,36480,592792,199364,2.51,205464,476820,192
cloud-k3s-master1,1,2026-06-06 08:24:53 UTC,7072800,7479888,143720,1.81,36480,592800,199364,2.51,205464,476820,200
cloud-k3s-master1,1,2026-06-06 08:24:54 UTC,7072800,7479888,143712,1.81,36480,592808,199364,2.51,205464,476820,208
cloud-k3s-master1,1,2026-06-06 08:24:55 UTC,7072800,7479888,143708,1.81,36480,592816,199364,2.51,205464,476820,216
cloud-k3s-master1,1,2026-06-06 08:24:56 UTC,7072800,7479936,143704,1.81,36480,592820,199364,2.51,205464,476868,176
cloud-k3s-master1,1,2026-06-06 08:24:57 UTC,7072800,7479936,143696,1.81,36488,592820,199364,2.51,205464,476868,188
cloud-k3s-master1,1,2026-06-06 08:24:58 UTC,7072800,7479936,143696,1.81,36488,592820,199364,2.51,205464,476868,188
cloud-k3s-master1,1,2026-06-06 08:24:59 UTC,7072800,7479936,143676,1.81,36488,592840,199364,2.51,205464,476868,56
cloud-k3s-master1,1,2026-06-06 08:25:00 UTC,7072800,7479936,143668,1.81,36488,592848,199364,2.51,205464,476868,64
cloud-k3s-master1,1,2026-06-06 08:25:01 UTC,7071544,7478680,144924,1.83,36488,592848,199364,2.51,205464,476868,64
cloud-k3s-master1,1,2026-06-06 08:25:02 UTC,7071544,7478724,144900,1.83,36496,592860,199364,2.51,205460,476912,248
cloud-k3s-master1,1,2026-06-06 08:25:03 UTC,7071544,7478724,144892,1.83,36496,592868,199364,2.51,205460,476912,60
cloud-k3s-master1,1,2026-06-06 08:25:04 UTC,7071544,7478724,144892,1.83,36496,592868,199364,2.51,205460,476912,60
cloud-k3s-master1,1,2026-06-06 08:25:05 UTC,7071544,7478724,144880,1.83,36496,592880,199364,2.51,205460,476912,72
cloud-k3s-master1,1,2026-06-06 08:25:06 UTC,7071544,7478728,144868,1.83,36496,592888,199364,2.51,205460,476912,80
cloud-k3s-master1,1,2026-06-06 08:25:07 UTC,7071544,7478728,144868,1.83,36504,592880,199364,2.51,205460,476912,80
cloud-k3s-master1,1,2026-06-06 08:25:08 UTC,7071544,7478728,144868,1.83,36504,592880,199364,2.51,205460,476912,80
cloud-k3s-master1,1,2026-06-06 08:25:09 UTC,7071544,7478744,144840,1.83,36504,592908,199364,2.51,205460,476928,192
cloud-k3s-master1,1,2026-06-06 08:25:10 UTC,7071544,7478800,144832,1.83,36504,592916,199364,2.51,205464,476984,200
cloud-k3s-master1,1,2026-06-06 08:25:11 UTC,7071544,7478800,144828,1.83,36504,592920,199364,2.51,205464,476984,204
cloud-k3s-master1,1,2026-06-06 08:25:12 UTC,7071544,7478800,144820,1.83,36512,592920,199364,2.51,205464,476984,224
cloud-k3s-master1,1,2026-06-06 08:25:13 UTC,7071544,7478824,144804,1.83,36512,592936,199364,2.51,205464,477008,80
cloud-k3s-master1,1,2026-06-06 08:25:14 UTC,7071544,7478832,144796,1.83,36512,592944,199364,2.51,205464,477016,40
cloud-k3s-master1,1,2026-06-06 08:25:15 UTC,7071544,7478832,144792,1.83,36512,592948,199364,2.51,205464,477016,48
cloud-k3s-master1,1,2026-06-06 08:25:16 UTC,7071544,7478832,144784,1.83,36512,592956,199364,2.51,205464,477016,56
cloud-k3s-master1,1,2026-06-06 08:25:17 UTC,7071544,7478832,144776,1.83,36520,592956,199364,2.51,205464,477016,64
cloud-k3s-master1,1,2026-06-06 08:25:18 UTC,7071544,7478832,144764,1.83,36520,592968,199364,2.51,205464,477016,212
cloud-k3s-master1,1,2026-06-06 08:25:19 UTC,7071544,7478832,144756,1.83,36520,592976,199364,2.51,205464,477016,220
cloud-k3s-master1,1,2026-06-06 08:25:20 UTC,7071544,7478832,144756,1.83,36520,592976,199364,2.51,205464,477016,220
cloud-k3s-master1,1,2026-06-06 08:25:21 UTC,7071544,7478848,144744,1.82,36520,592988,199364,2.51,205464,477032,192
cloud-k3s-master1,1,2026-06-06 08:25:22 UTC,7071544,7478900,144736,1.82,36528,592988,199364,2.51,205464,477084,60
cloud-k3s-master1,1,2026-06-06 08:25:23 UTC,7071544,7478908,144720,1.82,36528,593004,199364,2.51,205464,477092,64
cloud-k3s-master1,1,2026-06-06 08:25:24 UTC,7071544,7478908,144720,1.82,36528,593004,199364,2.51,205464,477092,64
cloud-k3s-master1,1,2026-06-06 08:25:25 UTC,7071544,7478908,144708,1.82,36528,593016,199364,2.51,205464,477092,76
cloud-k3s-master1,1,2026-06-06 08:25:26 UTC,7071544,7478908,144700,1.82,36528,593024,199364,2.51,205464,477092,84
cloud-k3s-master1,1,2026-06-06 08:25:27 UTC,7071544,7478908,144692,1.82,36536,593024,199364,2.51,205464,477092,40
cloud-k3s-master1,1,2026-06-06 08:25:28 UTC,7071544,7478908,144692,1.82,36536,593024,199364,2.51,205464,477092,40
cloud-k3s-master1,1,2026-06-06 08:25:29 UTC,7071544,7478908,144668,1.82,36536,593044,199364,2.51,205464,477092,68
cloud-k3s-master1,1,2026-06-06 08:25:30 UTC,7071544,7478908,144664,1.82,36536,593048,199364,2.51,205464,477092,72
cloud-k3s-master1,1,2026-06-06 08:25:31 UTC,7071544,7478968,144656,1.82,36536,593056,199364,2.51,205464,477152,80
cloud-k3s-master1,1,2026-06-06 08:25:32 UTC,7071544,7478968,144648,1.82,36544,593056,199364,2.51,205464,477152,228
cloud-k3s-master1,1,2026-06-06 08:25:33 UTC,7071544,7478984,144636,1.82,36544,593068,199364,2.51,205464,477168,148
cloud-k3s-master1,1,2026-06-06 08:25:34 UTC,7071544,7478984,144628,1.82,36544,593076,199364,2.51,205464,477168,156
cloud-k3s-master1,1,2026-06-06 08:25:35 UTC,7071544,7478984,144620,1.82,36544,593084,199364,2.51,205464,477168,164
cloud-k3s-master1,1,2026-06-06 08:25:36 UTC,7071544,7478984,144620,1.82,36544,593084,199364,2.51,205464,477168,164
cloud-k3s-master1,1,2026-06-06 08:25:37 UTC,7071544,7478992,144600,1.82,36552,593096,199364,2.51,205464,477176,48
cloud-k3s-master1,1,2026-06-06 08:25:38 UTC,7071544,7478992,144592,1.82,36552,593104,199364,2.51,205464,477176,16
cloud-k3s-master1,1,2026-06-06 08:25:39 UTC,7071544,7478992,144584,1.82,36552,593112,199364,2.51,205464,477176,28
cloud-k3s-master1,1,2026-06-06 08:25:40 UTC,7071544,7479052,144580,1.82,36552,593116,199364,2.51,205464,477236,32
cloud-k3s-master1,1,2026-06-06 08:25:41 UTC,7071544,7479052,144572,1.82,36552,593124,199364,2.51,205464,477236,40
cloud-k3s-master1,1,2026-06-06 08:25:42 UTC,7071544,7479052,144564,1.82,36560,593124,199364,2.51,205464,477236,48
cloud-k3s-master1,1,2026-06-06 08:25:43 UTC,7071544,7479056,144548,1.82,36560,593136,199364,2.51,205464,477236,60
cloud-k3s-master1,1,2026-06-06 08:25:44 UTC,7071544,7479056,144540,1.82,36560,593144,199364,2.51,205464,477236,24
cloud-k3s-master1,1,2026-06-06 08:25:45 UTC,7071544,7479056,144532,1.82,36560,593152,199364,2.51,205464,477236,36
cloud-k3s-master1,1,2026-06-06 08:25:46 UTC,7071544,7479056,144528,1.82,36560,593156,199364,2.51,205464,477236,40
cloud-k3s-master1,1,2026-06-06 08:25:47 UTC,7071544,7479056,144520,1.82,36568,593156,199364,2.51,205464,477236,48
cloud-k3s-master1,1,2026-06-06 08:25:48 UTC,7071544,7479056,144504,1.82,36568,593172,199364,2.51,205464,477236,196
cloud-k3s-master1,1,2026-06-06 08:25:49 UTC,7071544,7479116,144500,1.82,36568,593176,199364,2.51,205464,477296,200
cloud-k3s-master1,1,2026-06-06 08:25:50 UTC,7071544,7479132,144492,1.82,36568,593184,199364,2.51,205464,477312,164
cloud-k3s-master1,1,2026-06-06 08:25:51 UTC,7071544,7479132,144480,1.82,36568,593192,199364,2.51,205464,477312,176
cloud-k3s-master1,1,2026-06-06 08:25:52 UTC,7071544,7479132,144476,1.82,36576,593188,199364,2.51,205464,477312,200
cloud-k3s-master1,1,2026-06-06 08:25:53 UTC,7071544,7479140,144460,1.82,36576,593204,199364,2.51,205464,477320,48
cloud-k3s-master1,1,2026-06-06 08:25:54 UTC,7071544,7479140,144452,1.82,36576,593212,199364,2.51,205464,477320,56
cloud-k3s-master1,1,2026-06-06 08:25:55 UTC,7071544,7479140,144444,1.82,36576,593220,199364,2.51,205464,477320,64
cloud-k3s-master1,1,2026-06-06 08:25:56 UTC,7071544,7479188,144440,1.82,36576,593224,199364,2.51,205464,477368,24
cloud-k3s-master1,1,2026-06-06 08:25:57 UTC,7071544,7479188,144424,1.82,36584,593232,199364,2.51,205464,477368,188
cloud-k3s-master1,1,2026-06-06 08:25:58 UTC,7071544,7479188,144416,1.82,36584,593240,199364,2.51,205464,477368,200
cloud-k3s-master1,1,2026-06-06 08:25:59 UTC,7071544,7479188,144412,1.82,36584,593244,199364,2.51,205464,477368,204
cloud-k3s-master1,1,2026-06-06 08:26:00 UTC,7071544,7479188,144404,1.82,36584,593252,199364,2.51,205464,477368,212
cloud-k3s-master1,1,2026-06-06 08:26:01 UTC,7071544,7479188,144396,1.82,36584,593260,199364,2.51,205464,477368,220
cloud-k3s-master1,1,2026-06-06 08:26:02 UTC,7071544,7479204,144384,1.82,36592,593264,199364,2.51,205464,477384,32
cloud-k3s-master1,1,2026-06-06 08:26:03 UTC,7071544,7479204,144376,1.82,36592,593272,199364,2.51,205464,477384,44
cloud-k3s-master1,1,2026-06-06 08:26:04 UTC,7071544,7479204,144368,1.82,36592,593280,199364,2.51,205464,477384,52
cloud-k3s-master1,1,2026-06-06 08:26:05 UTC,7071544,7479264,144364,1.82,36592,593284,199364,2.51,205464,477444,56
cloud-k3s-master1,1,2026-06-06 08:26:06 UTC,7071544,7479264,144356,1.82,36592,593292,199364,2.51,205464,477444,64
cloud-k3s-master1,1,2026-06-06 08:26:07 UTC,7071544,7479264,144348,1.82,36600,593292,199364,2.51,205464,477444,216
cloud-k3s-master1,1,2026-06-06 08:26:08 UTC,7071544,7479272,144336,1.82,36600,593304,199364,2.51,205464,477452,4
cloud-k3s-master1,1,2026-06-06 08:26:09 UTC,7071544,7479272,144336,1.82,36600,593304,199364,2.51,205464,477452,4
cloud-k3s-master1,1,2026-06-06 08:26:10 UTC,7071544,7479272,144320,1.82,36600,593320,199364,2.51,205464,477452,24
cloud-k3s-master1,1,2026-06-06 08:26:11 UTC,7071292,7479020,144568,1.82,36600,593324,199364,2.51,205464,477452,28
cloud-k3s-master1,1,2026-06-06 08:26:12 UTC,7071292,7479020,144560,1.82,36608,593324,199364,2.51,205464,477452,36
cloud-k3s-master1,1,2026-06-06 08:26:13 UTC,7071292,7479080,144536,1.82,36608,593344,199364,2.51,205464,477508,212
cloud-k3s-master1,1,2026-06-06 08:26:14 UTC,7071292,7479088,144532,1.82,36608,593348,199364,2.51,205464,477516,172
cloud-k3s-master1,1,2026-06-06 08:26:15 UTC,7071292,7479088,144524,1.82,36608,593356,199364,2.51,205464,477516,184
cloud-k3s-master1,1,2026-06-06 08:26:16 UTC,7071292,7479088,144516,1.82,36608,593364,199364,2.51,205464,477516,192
cloud-k3s-master1,1,2026-06-06 08:26:17 UTC,7071292,7479088,144508,1.82,36608,593372,199364,2.51,205464,477516,212
cloud-k3s-master1,1,2026-06-06 08:26:18 UTC,7071292,7479096,144496,1.82,36616,593376,199364,2.51,205464,477524,72
cloud-k3s-master1,1,2026-06-06 08:26:19 UTC,7071292,7479096,144488,1.82,36616,593384,199364,2.51,205464,477524,80
cloud-k3s-master1,1,2026-06-06 08:26:20 UTC,7071292,7479096,144480,1.82,36616,593392,199364,2.51,205464,477524,40
cloud-k3s-master1,1,2026-06-06 08:26:21 UTC,7071292,7479096,144480,1.82,36616,593392,199364,2.51,205464,477524,40
cloud-k3s-master1,1,2026-06-06 08:26:22 UTC,7071292,7479156,144468,1.82,36616,593404,199364,2.51,205464,477584,192
cloud-k3s-master1,1,2026-06-06 08:26:23 UTC,7071292,7479156,144452,1.82,36624,593412,199364,2.51,205464,477584,200
cloud-k3s-master1,1,2026-06-06 08:26:24 UTC,7071292,7479156,144448,1.82,36624,593416,199364,2.51,205464,477584,204
cloud-k3s-master1,1,2026-06-06 08:26:25 UTC,7071292,7479156,144440,1.82,36624,593424,199364,2.51,205464,477584,212
cloud-k3s-master1,1,2026-06-06 08:26:26 UTC,7071292,7479156,144440,1.82,36624,593424,199364,2.51,205464,477584,212
cloud-k3s-master1,1,2026-06-06 08:26:27 UTC,7071292,7479160,144428,1.82,36624,593436,199364,2.51,205464,477588,196
cloud-k3s-master1,1,2026-06-06 08:26:28 UTC,7071292,7479160,144420,1.82,36624,593444,199364,2.51,205464,477588,204
cloud-k3s-master1,1,2026-06-06 08:26:29 UTC,7071292,7479168,144412,1.82,36632,593444,199364,2.51,205464,477596,56
cloud-k3s-master1,1,2026-06-06 08:26:30 UTC,7071292,7479168,144412,1.82,36632,593444,199364,2.51,205464,477596,56
cloud-k3s-master1,1,2026-06-06 08:26:31 UTC,7071292,7479228,144392,1.82,36632,593464,199364,2.51,205464,477656,76
cloud-k3s-master1,1,2026-06-06 08:26:32 UTC,7071292,7479228,144384,1.82,36632,593472,199364,2.51,205464,477656,180
cloud-k3s-master1,1,2026-06-06 08:26:33 UTC,7071292,7479236,144380,1.82,36632,593476,199364,2.51,205464,477664,44
cloud-k3s-master1,1,2026-06-06 08:26:34 UTC,7071292,7479236,144372,1.82,36632,593484,199364,2.51,205464,477664,52
cloud-k3s-master1,1,2026-06-06 08:26:35 UTC,7071292,7479236,144356,1.82,36640,593492,199364,2.51,205464,477664,60
cloud-k3s-master1,1,2026-06-06 08:26:36 UTC,7071292,7479236,144356,1.82,36640,593492,199364,2.51,205464,477664,60
cloud-k3s-master1,1,2026-06-06 08:26:37 UTC,7071292,7479236,144340,1.82,36640,593504,199364,2.51,205464,477664,216
cloud-k3s-master1,1,2026-06-06 08:26:38 UTC,7071292,7479236,144332,1.82,36640,593512,199364,2.51,205464,477664,224
cloud-k3s-master1,1,2026-06-06 08:26:39 UTC,7071292,7479236,144332,1.82,36640,593512,199364,2.51,205464,477664,180
cloud-k3s-master1,1,2026-06-06 08:26:40 UTC,7071292,7479236,144332,1.82,36640,593512,199364,2.51,205464,477664,180
cloud-k3s-master1,1,2026-06-06 08:26:41 UTC,7071292,7479296,144312,1.82,36648,593524,199364,2.51,205464,477724,204
cloud-k3s-master1,1,2026-06-06 08:26:42 UTC,7071292,7479296,144296,1.82,36648,593540,199364,2.51,205464,477724,224
cloud-k3s-master1,1,2026-06-06 08:26:43 UTC,7071292,7479296,144292,1.82,36648,593544,199364,2.51,205464,477724,36
cloud-k3s-master1,1,2026-06-06 08:26:44 UTC,7071292,7479296,144292,1.82,36648,593544,199364,2.51,205464,477724,36
cloud-k3s-master1,1,2026-06-06 08:26:45 UTC,7071292,7479324,144276,1.82,36648,593560,199364,2.51,205464,477752,12
cloud-k3s-master1,1,2026-06-06 08:26:46 UTC,7071292,7479324,144264,1.82,36656,593564,199364,2.51,205464,477752,44
cloud-k3s-master1,1,2026-06-06 08:26:47 UTC,7071292,7479324,144256,1.82,36656,593572,199364,2.51,205464,477752,200
cloud-k3s-master1,1,2026-06-06 08:26:48 UTC,7071292,7479324,144248,1.82,36656,593580,199364,2.51,205464,477752,208
cloud-k3s-master1,1,2026-06-06 08:26:49 UTC,7071292,7479324,144248,1.82,36656,593580,199364,2.51,205464,477752,64
cloud-k3s-master1,1,2026-06-06 08:26:50 UTC,7071292,7479364,144236,1.82,36656,593592,199364,2.51,205464,477792,32
cloud-k3s-master1,1,2026-06-06 08:26:51 UTC,7071292,7479364,144228,1.82,36656,593600,199364,2.51,205464,477792,44
cloud-k3s-master1,1,2026-06-06 08:26:52 UTC,7071292,7479364,144216,1.82,36664,593604,199364,2.51,205464,477792,204
cloud-k3s-master1,1,2026-06-06 08:26:53 UTC,7071292,7479384,144208,1.82,36664,593612,199364,2.51,205464,477812,208
cloud-k3s-master1,1,2026-06-06 08:26:54 UTC,7071292,7479384,144200,1.82,36664,593620,199364,2.51,205464,477812,216
cloud-k3s-master1,1,2026-06-06 08:26:55 UTC,7071292,7479384,144196,1.82,36664,593624,199364,2.51,205464,477812,220
cloud-k3s-master1,1,2026-06-06 08:26:56 UTC,7071292,7479384,144196,1.82,36664,593624,199364,2.51,205464,477812,220
cloud-k3s-master1,1,2026-06-06 08:26:57 UTC,7071292,7479388,144176,1.82,36672,593632,199364,2.51,205464,477812,208
cloud-k3s-master1,1,2026-06-06 08:26:58 UTC,7071292,7479388,144168,1.82,36672,593640,199364,2.51,205464,477812,52
cloud-k3s-master1,1,2026-06-06 08:26:59 UTC,7071292,7479388,144160,1.82,36672,593648,199364,2.51,205464,477812,56
cloud-k3s-master1,1,2026-06-06 08:27:00 UTC,7071292,7479388,144148,1.82,36672,593660,199364,2.51,205464,477812,68
cloud-k3s-master1,1,2026-06-06 08:27:01 UTC,7071292,7479388,144140,1.82,36672,593668,199364,2.51,205464,477812,76
cloud-k3s-master1,1,2026-06-06 08:27:02 UTC,7071292,7479448,144136,1.82,36680,593664,199364,2.51,205464,477872,180
cloud-k3s-master1,1,2026-06-06 08:27:03 UTC,7071292,7479448,144120,1.82,36680,593680,199364,2.51,205464,477872,192
cloud-k3s-master1,1,2026-06-06 08:27:04 UTC,7071292,7479448,144112,1.82,36680,593688,199364,2.51,205464,477872,200
cloud-k3s-master1,1,2026-06-06 08:27:05 UTC,7071292,7479448,144108,1.82,36680,593692,199364,2.51,205464,477872,204
cloud-k3s-master1,1,2026-06-06 08:27:06 UTC,7071292,7479448,144100,1.82,36680,593700,199364,2.51,205464,477872,212
cloud-k3s-master1,1,2026-06-06 08:27:07 UTC,7071292,7479448,144084,1.82,36688,593708,199364,2.51,205464,477872,240
cloud-k3s-master1,1,2026-06-06 08:27:08 UTC,7071292,7479448,144080,1.82,36688,593712,199364,2.51,205464,477872,40
cloud-k3s-master1,1,2026-06-06 08:27:09 UTC,7071292,7479448,144072,1.82,36688,593720,199364,2.51,205464,477872,52
cloud-k3s-master1,1,2026-06-06 08:27:10 UTC,7071292,7479448,144064,1.82,36688,593728,199364,2.51,205464,477872,60
cloud-k3s-master1,1,2026-06-06 08:27:11 UTC,7071292,7479508,144060,1.82,36688,593732,199364,2.51,205464,477932,64
cloud-k3s-master1,1,2026-06-06 08:27:12 UTC,7071292,7479508,144052,1.82,36696,593732,199364,2.51,205464,477932,220
cloud-k3s-master1,1,2026-06-06 08:27:13 UTC,7071292,7479568,144036,1.82,36696,593748,199364,2.51,205464,477992,76
cloud-k3s-master1,1,2026-06-06 08:27:14 UTC,7071292,7479568,144032,1.82,36696,593752,199364,2.51,205464,477992,36
cloud-k3s-master1,1,2026-06-06 08:27:15 UTC,7071292,7479568,144024,1.82,36696,593760,199364,2.51,205464,477992,48
cloud-k3s-master1,1,2026-06-06 08:27:16 UTC,7071292,7479568,144024,1.82,36696,593760,199364,2.51,205464,477992,48
cloud-k3s-master1,1,2026-06-06 08:27:17 UTC,7071292,7479568,144000,1.82,36704,593772,199364,2.51,205464,477992,196
cloud-k3s-master1,1,2026-06-06 08:27:18 UTC,7071292,7479568,143992,1.82,36704,593780,199364,2.51,205464,477992,208
cloud-k3s-master1,1,2026-06-06 08:27:19 UTC,7071292,7479568,143992,1.82,36704,593780,199364,2.51,205464,477992,208
cloud-k3s-master1,1,2026-06-06 08:27:20 UTC,7071292,7479632,143972,1.82,36704,593796,199364,2.51,205464,478052,176
cloud-k3s-master1,1,2026-06-06 08:27:21 UTC,7071292,7479632,143968,1.82,36704,593800,199364,2.51,205464,478052,184
cloud-k3s-master1,1,2026-06-06 08:27:22 UTC,7071292,7479652,143952,1.81,36712,593808,199364,2.51,205464,478072,44
cloud-k3s-master1,1,2026-06-06 08:27:23 UTC,7071292,7479652,143944,1.81,36712,593816,199364,2.51,205464,478072,48
cloud-k3s-master1,1,2026-06-06 08:27:24 UTC,7071292,7479652,143944,1.81,36712,593816,199364,2.51,205464,478072,48
cloud-k3s-master1,1,2026-06-06 08:27:25 UTC,7071292,7479652,143932,1.81,36712,593828,199364,2.51,205464,478072,60
cloud-k3s-master1,1,2026-06-06 08:27:26 UTC,7071292,7479652,143924,1.81,36712,593836,199364,2.51,205464,478072,24
cloud-k3s-master1,1,2026-06-06 08:27:27 UTC,7071292,7479652,143924,1.81,36720,593828,199364,2.51,205464,478072,28
cloud-k3s-master1,1,2026-06-06 08:27:28 UTC,7071292,7479652,143924,1.81,36720,593828,199364,2.51,205464,478072,0
cloud-k3s-master1,1,2026-06-06 08:27:29 UTC,7071052,7479480,144120,1.82,36720,593856,199364,2.51,205464,478132,52
cloud-k3s-master1,1,2026-06-06 08:27:30 UTC,7071052,7479480,144116,1.82,36720,593860,199364,2.51,205464,478132,56
cloud-k3s-master1,1,2026-06-06 08:27:31 UTC,7071052,7479480,144116,1.82,36720,593860,199364,2.51,205464,478132,56
cloud-k3s-master1,1,2026-06-06 08:27:32 UTC,7071052,7479488,144092,1.82,36728,593876,199364,2.51,205464,478140,180
cloud-k3s-master1,1,2026-06-06 08:27:33 UTC,7071052,7479496,144088,1.82,36728,593880,199364,2.51,205464,478148,184
cloud-k3s-master1,1,2026-06-06 08:27:34 UTC,7071052,7479496,144080,1.82,36728,593888,199364,2.51,205464,478148,192
cloud-k3s-master1,1,2026-06-06 08:27:35 UTC,7071052,7479496,144072,1.82,36728,593896,199364,2.51,205464,478148,200
cloud-k3s-master1,1,2026-06-06 08:27:36 UTC,7071052,7479496,144072,1.82,36728,593896,199364,2.51,205464,478148,200
cloud-k3s-master1,1,2026-06-06 08:27:37 UTC,7071052,7479496,144052,1.82,36736,593908,199364,2.51,205464,478148,232
cloud-k3s-master1,1,2026-06-06 08:27:38 UTC,7071052,7479564,144044,1.82,36736,593916,199364,2.51,205464,478216,32
cloud-k3s-master1,1,2026-06-06 08:27:39 UTC,7071052,7479564,144040,1.82,36736,593920,199364,2.51,205464,478216,40
cloud-k3s-master1,1,2026-06-06 08:27:40 UTC,7071052,7479564,144032,1.82,36736,593928,199364,2.51,205464,478216,48
cloud-k3s-master1,1,2026-06-06 08:27:41 UTC,7071052,7479564,144032,1.82,36736,593928,199364,2.51,205464,478216,48
cloud-k3s-master1,1,2026-06-06 08:27:42 UTC,7071052,7479564,144012,1.82,36744,593936,199364,2.51,205464,478216,216
cloud-k3s-master1,1,2026-06-06 08:27:43 UTC,7071052,7479564,144000,1.82,36744,593948,199364,2.51,205464,478216,220
cloud-k3s-master1,1,2026-06-06 08:27:44 UTC,7071052,7479564,143992,1.82,36744,593956,199364,2.51,205464,478216,184
cloud-k3s-master1,1,2026-06-06 08:27:45 UTC,7071052,7479564,143984,1.82,36744,593964,199364,2.51,205464,478216,196
cloud-k3s-master1,1,2026-06-06 08:27:46 UTC,7071052,7479564,143980,1.82,36744,593968,199364,2.51,205464,478216,200
cloud-k3s-master1,1,2026-06-06 08:27:47 UTC,7071052,7479624,143972,1.82,36752,593968,199364,2.51,205464,478276,208
cloud-k3s-master1,1,2026-06-06 08:27:48 UTC,7071052,7479624,143956,1.81,36752,593984,199364,2.51,205464,478276,36
cloud-k3s-master1,1,2026-06-06 08:27:49 UTC,7071052,7479624,143952,1.81,36752,593988,199364,2.51,205464,478276,40
cloud-k3s-master1,1,2026-06-06 08:27:50 UTC,7071052,7479640,143944,1.81,36752,593996,199364,2.51,205464,478292,4
cloud-k3s-master1,1,2026-06-06 08:27:51 UTC,7071052,7479640,143936,1.81,36752,594004,199364,2.51,205464,478292,16
cloud-k3s-master1,1,2026-06-06 08:27:52 UTC,7071052,7479640,143932,1.81,36760,594000,199364,2.51,205464,478292,168
cloud-k3s-master1,1,2026-06-06 08:27:53 UTC,7071052,7479648,143916,1.81,36760,594016,199364,2.51,205464,478300,48
cloud-k3s-master1,1,2026-06-06 08:27:54 UTC,7071052,7479648,143908,1.81,36760,594024,199364,2.51,205464,478300,56
cloud-k3s-master1,1,2026-06-06 08:27:55 UTC,7071052,7479648,143904,1.81,36760,594028,199364,2.51,205464,478300,60
cloud-k3s-master1,1,2026-06-06 08:27:56 UTC,7071052,7479708,143896,1.81,36760,594036,199364,2.51,205464,478360,24
cloud-k3s-master1,1,2026-06-06 08:27:57 UTC,7071052,7479708,143880,1.81,36768,594044,199364,2.51,205464,478360,36
cloud-k3s-master1,1,2026-06-06 08:27:58 UTC,7071052,7479708,143876,1.81,36768,594048,199364,2.51,205464,478360,192
cloud-k3s-master1,1,2026-06-06 08:27:59 UTC,7070800,7479456,144120,1.82,36768,594056,199364,2.51,205464,478360,200
cloud-k3s-master1,1,2026-06-06 08:28:00 UTC,7070800,7479456,144112,1.82,36768,594064,199364,2.51,205464,478360,208
cloud-k3s-master1,1,2026-06-06 08:28:01 UTC,7070800,7479456,144104,1.82,36768,594072,199364,2.51,205464,478360,216
cloud-k3s-master1,1,2026-06-06 08:28:02 UTC,7070800,7479464,144092,1.82,36776,594076,199364,2.51,205464,478368,188
cloud-k3s-master1,1,2026-06-06 08:28:03 UTC,7070800,7479524,144084,1.82,36776,594084,199364,2.51,205464,478428,36
cloud-k3s-master1,1,2026-06-06 08:28:04 UTC,7070800,7479524,144076,1.82,36776,594092,199364,2.51,205464,478428,44
cloud-k3s-master1,1,2026-06-06 08:28:05 UTC,7070800,7479524,144072,1.82,36776,594096,199364,2.51,205464,478428,48
cloud-k3s-master1,1,2026-06-06 08:28:06 UTC,7070800,7479528,144060,1.82,36776,594104,199364,2.51,205464,478428,56
cloud-k3s-master1,1,2026-06-06 08:28:07 UTC,7070800,7479528,144044,1.82,36784,594112,199364,2.51,205464,478428,212
cloud-k3s-master1,1,2026-06-06 08:28:08 UTC,7070800,7479560,144040,1.82,36784,594116,199364,2.51,205464,478460,176
cloud-k3s-master1,1,2026-06-06 08:28:09 UTC,7070800,7479560,144032,1.82,36784,594124,199364,2.51,205464,478460,188
cloud-k3s-master1,1,2026-06-06 08:28:10 UTC,7070800,7479560,144024,1.82,36784,594132,199364,2.51,205464,478460,196
cloud-k3s-master1,1,2026-06-06 08:28:11 UTC,7070800,7479560,144024,1.82,36784,594132,199364,2.51,205464,478460,196
cloud-k3s-master1,1,2026-06-06 08:28:12 UTC,7070800,7479576,144004,1.82,36792,594144,199364,2.51,205464,478476,60
cloud-k3s-master1,1,2026-06-06 08:28:13 UTC,7070800,7479576,143996,1.82,36792,594152,199364,2.51,205464,478476,64
cloud-k3s-master1,1,2026-06-06 08:28:14 UTC,7070800,7479576,143992,1.82,36792,594156,199364,2.51,205464,478476,24
cloud-k3s-master1,1,2026-06-06 08:28:15 UTC,7070800,7479576,143984,1.82,36792,594164,199364,2.51,205464,478476,36
cloud-k3s-master1,1,2026-06-06 08:28:16 UTC,7070800,7479576,143984,1.82,36792,594164,199364,2.51,205464,478476,36
cloud-k3s-master1,1,2026-06-06 08:28:17 UTC,7070800,7479636,143964,1.82,36800,594176,199364,2.51,205464,478536,204
cloud-k3s-master1,1,2026-06-06 08:28:18 UTC,7070800,7479644,143956,1.81,36800,594184,199364,2.51,205464,478544,64
cloud-k3s-master1,1,2026-06-06 08:28:19 UTC,7070800,7479644,143956,1.81,36800,594184,199364,2.51,205464,478544,64
cloud-k3s-master1,1,2026-06-06 08:28:20 UTC,7070800,7479644,143944,1.81,36800,594196,199364,2.51,205464,478544,32
cloud-k3s-master1,1,2026-06-06 08:28:21 UTC,7070800,7479644,143936,1.81,36800,594204,199364,2.51,205464,478544,44
cloud-k3s-master1,1,2026-06-06 08:28:22 UTC,7070800,7479644,143920,1.81,36808,594212,199364,2.51,205464,478544,204
cloud-k3s-master1,1,2026-06-06 08:28:23 UTC,7070800,7479644,143912,1.81,36808,594220,199364,2.51,205464,478544,176
cloud-k3s-master1,1,2026-06-06 08:28:24 UTC,7070800,7479644,143912,1.81,36808,594220,199364,2.51,205464,478544,176
cloud-k3s-master1,1,2026-06-06 08:28:25 UTC,7070800,7479644,143900,1.81,36808,594232,199364,2.51,205464,478544,188
cloud-k3s-master1,1,2026-06-06 08:28:26 UTC,7070800,7479704,143892,1.81,36808,594240,199364,2.51,205464,478604,148
cloud-k3s-master1,1,2026-06-06 08:28:27 UTC,7070800,7479704,143888,1.81,36816,594236,199364,2.51,205464,478604,168
cloud-k3s-master1,1,2026-06-06 08:28:28 UTC,7070800,7479704,143868,1.81,36816,594252,199364,2.51,205464,478604,44
cloud-k3s-master1,1,2026-06-06 08:28:29 UTC,7070800,7479704,143860,1.81,36816,594260,199364,2.51,205464,478604,52
cloud-k3s-master1,1,2026-06-06 08:28:30 UTC,7070800,7479704,143856,1.81,36816,594264,199364,2.51,205464,478604,56
cloud-k3s-master1,1,2026-06-06 08:28:31 UTC,7070800,7479704,143848,1.81,36816,594272,199364,2.51,205464,478604,64
cloud-k3s-master1,1,2026-06-06 08:28:32 UTC,7070800,7479704,143840,1.81,36824,594272,199364,2.51,205464,478604,24
cloud-k3s-master1,1,2026-06-06 08:28:33 UTC,7070800,7479752,143828,1.81,36824,594284,199364,2.51,205464,478652,32
cloud-k3s-master1,1,2026-06-06 08:28:34 UTC,7070800,7479752,143820,1.81,36824,594292,199364,2.51,205464,478652,40
cloud-k3s-master1,1,2026-06-06 08:28:35 UTC,7070800,7479752,143812,1.81,36824,594300,199364,2.51,205464,478652,48
cloud-k3s-master1,1,2026-06-06 08:28:36 UTC,7070800,7479752,143808,1.81,36824,594304,199364,2.51,205464,478652,52
cloud-k3s-master1,1,2026-06-06 08:28:37 UTC,7070800,7479752,143800,1.81,36832,594304,199364,2.51,205464,478652,208
cloud-k3s-master1,1,2026-06-06 08:28:38 UTC,7070800,7479752,143784,1.81,36832,594320,199364,2.51,205464,478652,176
cloud-k3s-master1,1,2026-06-06 08:28:39 UTC,7070800,7479752,143784,1.81,36832,594320,199364,2.51,205464,478652,176
cloud-k3s-master1,1,2026-06-06 08:28:40 UTC,7070800,7479752,143772,1.81,36832,594332,199364,2.51,205464,478652,192
cloud-k3s-master1,1,2026-06-06 08:28:41 UTC,7070800,7479752,143764,1.81,36832,594340,199364,2.51,205464,478652,200
cloud-k3s-master1,1,2026-06-06 08:28:42 UTC,7070800,7479812,143756,1.81,36840,594340,199364,2.51,205464,478712,220
cloud-k3s-master1,1,2026-06-06 08:28:43 UTC,7070324,7479384,144220,1.82,36840,594352,202812,2.56,207124,478760,68
cloud-k3s-master1,1,2026-06-06 08:28:44 UTC,7070324,7479384,144212,1.82,36840,594360,202812,2.56,207124,478760,192
cloud-k3s-master1,1,2026-06-06 08:28:45 UTC,7070324,7479384,144204,1.82,36840,594368,202812,2.56,207124,478760,204
cloud-k3s-master1,1,2026-06-06 08:28:46 UTC,7070324,7479384,144200,1.82,36840,594372,202812,2.56,207124,478760,228
cloud-k3s-master1,1,2026-06-06 08:28:47 UTC,7070324,7479384,144200,1.82,36848,594364,199364,2.51,205576,478760,228
cloud-k3s-master1,1,2026-06-06 08:28:48 UTC,7070324,7479384,144200,1.82,36848,594364,199364,2.51,205576,478760,228
cloud-k3s-master1,1,2026-06-06 08:28:49 UTC,7070324,7479392,144180,1.82,36848,594392,199364,2.51,205436,478768,168
cloud-k3s-master1,1,2026-06-06 08:28:50 UTC,7070324,7479444,144168,1.82,36848,594400,199364,2.51,205464,478816,32
cloud-k3s-master1,1,2026-06-06 08:28:51 UTC,7070324,7479444,144160,1.82,36848,594408,199364,2.51,205464,478816,44
cloud-k3s-master1,1,2026-06-06 08:28:52 UTC,7070324,7479444,144156,1.82,36856,594404,199364,2.51,205464,478816,196
cloud-k3s-master1,1,2026-06-06 08:28:53 UTC,7070324,7479444,144140,1.82,36856,594420,199364,2.51,205464,478816,212
cloud-k3s-master1,1,2026-06-06 08:28:54 UTC,7070324,7479444,144132,1.82,36856,594428,199364,2.51,205464,478816,220
cloud-k3s-master1,1,2026-06-06 08:28:55 UTC,7070324,7479444,144128,1.82,36856,594432,199364,2.51,205464,478816,224
cloud-k3s-master1,1,2026-06-06 08:28:56 UTC,7070324,7479444,144128,1.82,36856,594432,199364,2.51,205464,478816,224
cloud-k3s-master1,1,2026-06-06 08:28:57 UTC,7070324,7479460,144104,1.82,36864,594448,199364,2.51,205464,478832,48
cloud-k3s-master1,1,2026-06-06 08:28:58 UTC,7070324,7479460,144100,1.82,36864,594452,199364,2.51,205464,478832,16
cloud-k3s-master1,1,2026-06-06 08:28:59 UTC,7070324,7479520,144092,1.82,36864,594460,199364,2.51,205464,478892,24
cloud-k3s-master1,1,2026-06-06 08:29:00 UTC,7070324,7479520,144084,1.82,36864,594468,199364,2.51,205464,478892,32
cloud-k3s-master1,1,2026-06-06 08:29:01 UTC,7070324,7479520,144080,1.82,36864,594472,199364,2.51,205464,478892,36
cloud-k3s-master1,1,2026-06-06 08:29:02 UTC,7070072,7479268,144324,1.82,36872,594472,199364,2.51,205464,478892,0
cloud-k3s-master1,1,2026-06-06 08:29:03 UTC,7070072,7479268,144304,1.82,36872,594488,199364,2.51,205464,478892,40
cloud-k3s-master1,1,2026-06-06 08:29:04 UTC,7070072,7479268,144296,1.82,36872,594496,199364,2.51,205464,478892,48
cloud-k3s-master1,1,2026-06-06 08:29:05 UTC,7070072,7479268,144292,1.82,36872,594500,199364,2.51,205464,478892,52
cloud-k3s-master1,1,2026-06-06 08:29:06 UTC,7070072,7479268,144284,1.82,36872,594508,199364,2.51,205464,478892,60
cloud-k3s-master1,1,2026-06-06 08:29:07 UTC,7070072,7479268,144276,1.82,36880,594508,199364,2.51,205464,478892,224
cloud-k3s-master1,1,2026-06-06 08:29:08 UTC,7070072,7479328,144264,1.82,36880,594520,199364,2.51,205464,478952,180
cloud-k3s-master1,1,2026-06-06 08:29:09 UTC,7070072,7479328,144256,1.82,36880,594528,199364,2.51,205464,478952,192
cloud-k3s-master1,1,2026-06-06 08:29:10 UTC,7070072,7479328,144248,1.82,36880,594536,199364,2.51,205464,478952,200
cloud-k3s-master1,1,2026-06-06 08:29:11 UTC,7070072,7479328,144244,1.82,36880,594540,199364,2.51,205464,478952,204
cloud-k3s-master1,1,2026-06-06 08:29:12 UTC,7070072,7479328,144236,1.82,36888,594540,199364,2.51,205464,478952,40
cloud-k3s-master1,1,2026-06-06 08:29:13 UTC,7070072,7479356,144216,1.82,36888,594556,199364,2.51,205464,478976,68
cloud-k3s-master1,1,2026-06-06 08:29:14 UTC,7070072,7479356,144212,1.82,36888,594560,199364,2.51,205464,478976,28
cloud-k3s-master1,1,2026-06-06 08:29:15 UTC,7070072,7479356,144212,1.82,36888,594560,199364,2.51,205464,478976,28
cloud-k3s-master1,1,2026-06-06 08:29:16 UTC,7070072,7479356,144212,1.82,36888,594560,199364,2.51,205464,478976,28
cloud-k3s-master1,1,2026-06-06 08:29:17 UTC,7070072,7479416,144192,1.82,36896,594572,199364,2.51,205464,479036,52
cloud-k3s-master1,1,2026-06-06 08:29:18 UTC,7070072,7479424,144176,1.82,36896,594588,199364,2.51,205464,479044,60
cloud-k3s-master1,1,2026-06-06 08:29:19 UTC,7070072,7479424,144176,1.82,36896,594588,199364,2.51,205464,479044,60
cloud-k3s-master1,1,2026-06-06 08:29:20 UTC,7070072,7479424,144176,1.82,36896,594588,199364,2.51,205464,479044,16
cloud-k3s-master1,1,2026-06-06 08:29:21 UTC,7070072,7479424,144156,1.82,36896,594608,199364,2.51,205464,479044,40
cloud-k3s-master1,1,2026-06-06 08:29:22 UTC,7070072,7479424,144148,1.82,36904,594608,199364,2.51,205464,479044,52
cloud-k3s-master1,1,2026-06-06 08:29:23 UTC,7070072,7479424,144140,1.82,36904,594616,199364,2.51,205464,479044,208
cloud-k3s-master1,1,2026-06-06 08:29:24 UTC,7070072,7479424,144128,1.82,36904,594628,199364,2.51,205464,479044,220
cloud-k3s-master1,1,2026-06-06 08:29:25 UTC,7070072,7479424,144120,1.82,36904,594636,199364,2.51,205464,479044,228
cloud-k3s-master1,1,2026-06-06 08:29:26 UTC,7070072,7479484,144112,1.82,36904,594644,199364,2.51,205464,479104,188
cloud-k3s-master1,1,2026-06-06 08:29:27 UTC,7070072,7479484,144100,1.82,36912,594648,199364,2.51,205464,479104,216
cloud-k3s-master1,1,2026-06-06 08:29:28 UTC,7070072,7479500,144100,1.82,36912,594648,199364,2.51,205464,479120,40
cloud-k3s-master1,1,2026-06-06 08:29:29 UTC,7070072,7479500,144084,1.82,36912,594664,199364,2.51,205464,479120,56
cloud-k3s-master1,1,2026-06-06 08:29:30 UTC,7069820,7479248,144332,1.82,36912,594668,199364,2.51,205464,479120,60
cloud-k3s-master1,1,2026-06-06 08:29:31 UTC,7069820,7479248,144332,1.82,36912,594668,199364,2.51,205464,479120,60
cloud-k3s-master1,1,2026-06-06 08:29:32 UTC,7069820,7479292,144312,1.82,36920,594680,199364,2.51,205464,479164,40
cloud-k3s-master1,1,2026-06-06 08:29:33 UTC,7069820,7479292,144300,1.82,36920,594692,199364,2.51,205464,479164,200
cloud-k3s-master1,1,2026-06-06 08:29:34 UTC,7069820,7479300,144292,1.82,36920,594700,199364,2.51,205464,479172,176
cloud-k3s-master1,1,2026-06-06 08:29:35 UTC,7069820,7479300,144280,1.82,36920,594708,199364,2.51,205464,479172,184
cloud-k3s-master1,1,2026-06-06 08:29:36 UTC,7069820,7479300,144280,1.82,36920,594708,199364,2.51,205464,479172,184
cloud-k3s-master1,1,2026-06-06 08:29:37 UTC,7069820,7479316,144260,1.82,36928,594720,199364,2.51,205464,479188,56
cloud-k3s-master1,1,2026-06-06 08:29:38 UTC,7069820,7479316,144252,1.82,36928,594728,199364,2.51,205464,479188,64
cloud-k3s-master1,1,2026-06-06 08:29:39 UTC,7069820,7479316,144252,1.82,36928,594728,199364,2.51,205464,479188,12
cloud-k3s-master1,1,2026-06-06 08:29:40 UTC,7069820,7479316,144252,1.82,36928,594728,199364,2.51,205464,479188,12
cloud-k3s-master1,1,2026-06-06 08:29:41 UTC,7069820,7479316,144232,1.82,36928,594748,199364,2.51,205464,479188,36
cloud-k3s-master1,1,2026-06-06 08:29:42 UTC,7069820,7479376,144220,1.82,36936,594752,199364,2.51,205464,479248,216
cloud-k3s-master1,1,2026-06-06 08:29:43 UTC,7069820,7479376,144212,1.82,36936,594760,199364,2.51,205464,479248,72
cloud-k3s-master1,1,2026-06-06 08:29:44 UTC,7069820,7479376,144212,1.82,36936,594760,199364,2.51,205464,479248,28
cloud-k3s-master1,1,2026-06-06 08:29:45 UTC,7069820,7479376,144196,1.82,36936,594776,199364,2.51,205464,479248,48
cloud-k3s-master1,1,2026-06-06 08:29:46 UTC,7069820,7479376,144192,1.82,36936,594780,199364,2.51,205464,479248,52
cloud-k3s-master1,1,2026-06-06 08:29:47 UTC,7069820,7479376,144192,1.82,36944,594772,199364,2.51,205464,479248,52
cloud-k3s-master1,1,2026-06-06 08:29:48 UTC,7069820,7479376,144192,1.82,36944,594772,199364,2.51,205464,479248,52
cloud-k3s-master1,1,2026-06-06 08:29:49 UTC,7069820,7479392,144164,1.82,36944,594800,199364,2.51,205464,479264,220
cloud-k3s-master1,1,2026-06-06 08:29:50 UTC,7069820,7479448,144156,1.82,36944,594808,199364,2.51,205464,479320,184
cloud-k3s-master1,1,2026-06-06 08:29:51 UTC,7069820,7479448,144148,1.82,36944,594816,199364,2.51,205464,479320,196
cloud-k3s-master1,1,2026-06-06 08:29:52 UTC,7069820,7479448,144144,1.82,36944,594820,199364,2.51,205464,479320,200
cloud-k3s-master1,1,2026-06-06 08:29:53 UTC,7069820,7479460,144128,1.82,36952,594828,199364,2.51,205464,479332,64
cloud-k3s-master1,1,2026-06-06 08:29:54 UTC,7069820,7479460,144120,1.82,36952,594836,199364,2.51,205464,479332,72
cloud-k3s-master1,1,2026-06-06 08:29:55 UTC,7069820,7479460,144116,1.82,36952,594840,199364,2.51,205464,479332,76
cloud-k3s-master1,1,2026-06-06 08:29:56 UTC,7069820,7479488,144108,1.82,36952,594848,199364,2.51,205464,479360,40
cloud-k3s-master1,1,2026-06-06 08:29:57 UTC,7069820,7479496,144100,1.82,36952,594856,199364,2.51,205464,479368,48
cloud-k3s-master1,1,2026-06-06 08:29:58 UTC,7069820,7479500,144096,1.82,36952,594860,199364,2.51,205464,479372,52
cloud-k3s-master1,1,2026-06-06 08:29:59 UTC,7069820,7479504,144076,1.82,36960,594868,199364,2.51,205464,479372,60
cloud-k3s-master1,1,2026-06-06 08:30:00 UTC,7069820,7479504,144068,1.82,36960,594876,199364,2.51,205464,479372,68
cloud-k3s-master1,1,2026-06-06 08:30:01 UTC,7069820,7479504,144064,1.82,36960,594880,199364,2.51,205464,479372,72
cloud-k3s-master1,1,2026-06-06 08:30:02 UTC,7069568,7479252,144308,1.82,36960,594888,199364,2.51,205464,479372,192
cloud-k3s-master1,1,2026-06-06 08:30:03 UTC,7069568,7479252,144308,1.82,36960,594888,199364,2.51,205464,479372,192
cloud-k3s-master1,1,2026-06-06 08:30:04 UTC,7069568,7479252,144296,1.82,36960,594900,199364,2.51,205464,479372,208
cloud-k3s-master1,1,2026-06-06 08:30:05 UTC,7069568,7479252,144288,1.82,36968,594900,199364,2.51,205464,479372,216
cloud-k3s-master1,1,2026-06-06 08:30:06 UTC,7069568,7479252,144268,1.82,36968,594916,199364,2.51,205464,479372,224
cloud-k3s-master1,1,2026-06-06 08:30:07 UTC,7069568,7479312,144260,1.82,36968,594924,199364,2.51,205464,479432,232
cloud-k3s-master1,1,2026-06-06 08:30:08 UTC,7069568,7479320,144256,1.82,36968,594928,199364,2.51,205464,479440,0
cloud-k3s-master1,1,2026-06-06 08:30:09 UTC,7069568,7479320,144248,1.82,36968,594936,199364,2.51,205464,479440,12
cloud-k3s-master1,1,2026-06-06 08:30:10 UTC,7069568,7479320,144240,1.82,36968,594944,199364,2.51,205464,479440,20
cloud-k3s-master1,1,2026-06-06 08:30:11 UTC,7069568,7479320,144228,1.82,36976,594948,199364,2.51,205464,479440,48
cloud-k3s-master1,1,2026-06-06 08:30:12 UTC,7069568,7479320,144220,1.82,36976,594956,199364,2.51,205464,479440,212
cloud-k3s-master1,1,2026-06-06 08:30:13 UTC,7069568,7479320,144212,1.82,36976,594964,199364,2.51,205464,479440,220
cloud-k3s-master1,1,2026-06-06 08:30:14 UTC,7069568,7479320,144212,1.82,36976,594964,199364,2.51,205464,479440,220
cloud-k3s-master1,1,2026-06-06 08:30:15 UTC,7069568,7479320,144200,1.82,36976,594976,199364,2.51,205464,479440,192
cloud-k3s-master1,1,2026-06-06 08:30:16 UTC,7069568,7479320,144192,1.82,36984,594976,199364,2.51,205464,479440,200
cloud-k3s-master1,1,2026-06-06 08:30:17 UTC,7069568,7479320,144184,1.82,36984,594984,199364,2.51,205464,479440,216
cloud-k3s-master1,1,2026-06-06 08:30:18 UTC,7069568,7479320,144184,1.82,36984,594984,199364,2.51,205464,479440,216
cloud-k3s-master1,1,2026-06-06 08:30:19 UTC,7069316,7479144,144416,1.82,36984,595004,199364,2.51,205312,479516,240
cloud-k3s-master1,1,2026-06-06 08:30:20 UTC,7069316,7479188,144412,1.82,36984,595008,199364,2.51,205428,479560,204
cloud-k3s-master1,1,2026-06-06 08:30:21 UTC,7069316,7479192,144400,1.82,36984,595016,199364,2.51,205428,479560,216
cloud-k3s-master1,1,2026-06-06 08:30:22 UTC,7069316,7479192,144384,1.82,36992,595024,199364,2.51,205428,479560,312
cloud-k3s-master1,1,2026-06-06 08:30:23 UTC,7069316,7479192,144380,1.82,36992,595028,199364,2.51,205464,479560,64
cloud-k3s-master1,1,2026-06-06 08:30:24 UTC,7069316,7479192,144380,1.82,36992,595028,199364,2.51,205464,479560,64
cloud-k3s-master1,1,2026-06-06 08:30:25 UTC,7069316,7479228,144364,1.82,36992,595044,199364,2.51,205464,479596,72
cloud-k3s-master1,1,2026-06-06 08:30:26 UTC,7069316,7479228,144360,1.82,36992,595048,199364,2.51,205464,479596,76
cloud-k3s-master1,1,2026-06-06 08:30:27 UTC,7069316,7479236,144352,1.82,37000,595048,199364,2.51,205464,479604,36
cloud-k3s-master1,1,2026-06-06 08:30:28 UTC,7069316,7479236,144352,1.82,37000,595048,199364,2.51,205464,479604,36
cloud-k3s-master1,1,2026-06-06 08:30:29 UTC,7069316,7479236,144328,1.82,37000,595072,199364,2.51,205464,479604,216
cloud-k3s-master1,1,2026-06-06 08:30:30 UTC,7069316,7479236,144324,1.82,37000,595076,199364,2.51,205464,479604,220
cloud-k3s-master1,1,2026-06-06 08:30:31 UTC,7069316,7479236,144324,1.82,37000,595076,199364,2.51,205464,479604,220
cloud-k3s-master1,1,2026-06-06 08:30:32 UTC,7069316,7479284,144308,1.82,37008,595084,199364,2.51,205464,479652,204
cloud-k3s-master1,1,2026-06-06 08:30:33 UTC,7069316,7479288,144296,1.82,37008,595096,199364,2.51,205464,479656,44
cloud-k3s-master1,1,2026-06-06 08:30:34 UTC,7069316,7479288,144288,1.82,37008,595104,199364,2.51,205464,479656,52
cloud-k3s-master1,1,2026-06-06 08:30:35 UTC,7069316,7479288,144280,1.82,37008,595112,199364,2.51,205464,479656,60
cloud-k3s-master1,1,2026-06-06 08:30:36 UTC,7069316,7479288,144276,1.82,37008,595116,199364,2.51,205464,479656,64
cloud-k3s-master1,1,2026-06-06 08:30:37 UTC,7069316,7479288,144268,1.82,37016,595116,199364,2.51,205464,479656,72
cloud-k3s-master1,1,2026-06-06 08:30:38 UTC,7069316,7479324,144252,1.82,37016,595132,199364,2.51,205464,479692,44
cloud-k3s-master1,1,2026-06-06 08:30:39 UTC,7069316,7479324,144248,1.82,37016,595136,199364,2.51,205464,479692,52
cloud-k3s-master1,1,2026-06-06 08:30:40 UTC,7069316,7479324,144248,1.82,37016,595136,199364,2.51,205464,479692,52
cloud-k3s-master1,1,2026-06-06 08:30:41 UTC,7069316,7479324,144232,1.82,37016,595152,199364,2.51,205464,479692,68
cloud-k3s-master1,1,2026-06-06 08:30:42 UTC,7069316,7479324,144220,1.82,37024,595156,199364,2.51,205464,479692,200
cloud-k3s-master1,1,2026-06-06 08:30:43 UTC,7069316,7479324,144212,1.82,37024,595164,199364,2.51,205464,479692,208
cloud-k3s-master1,1,2026-06-06 08:30:44 UTC,7069316,7479364,144200,1.82,37024,595172,199364,2.51,205464,479732,172
cloud-k3s-master1,1,2026-06-06 08:30:45 UTC,7069316,7479364,144196,1.82,37024,595176,199364,2.51,205464,479732,180
cloud-k3s-master1,1,2026-06-06 08:30:46 UTC,7069316,7479364,144188,1.82,37024,595184,199364,2.51,205464,479732,188
cloud-k3s-master1,1,2026-06-06 08:30:47 UTC,7069316,7479364,144180,1.82,37032,595184,199364,2.51,205464,479732,196
cloud-k3s-master1,1,2026-06-06 08:30:48 UTC,7069316,7479392,144164,1.82,37032,595200,199364,2.51,205464,479760,60
cloud-k3s-master1,1,2026-06-06 08:30:49 UTC,7069316,7479392,144160,1.82,37032,595204,199364,2.51,205464,479760,64
cloud-k3s-master1,1,2026-06-06 08:30:50 UTC,7069316,7479404,144152,1.82,37032,595212,199364,2.51,205464,479772,28
cloud-k3s-master1,1,2026-06-06 08:30:51 UTC,7069316,7479404,144144,1.82,37032,595220,199364,2.51,205464,479772,40
cloud-k3s-master1,1,2026-06-06 08:30:52 UTC,7069316,7479404,144144,1.82,37040,595212,199364,2.51,205464,479772,40
cloud-k3s-master1,1,2026-06-06 08:30:53 UTC,7069316,7479452,144124,1.82,37040,595232,199364,2.51,205464,479820,48
cloud-k3s-master1,1,2026-06-06 08:30:54 UTC,7069316,7479452,144116,1.82,37040,595240,199364,2.51,205464,479820,56
cloud-k3s-master1,1,2026-06-06 08:30:55 UTC,7069316,7479452,144112,1.82,37040,595244,199364,2.51,205464,479820,60
cloud-k3s-master1,1,2026-06-06 08:30:56 UTC,7069316,7479492,144104,1.82,37040,595252,199364,2.51,205464,479860,24
cloud-k3s-master1,1,2026-06-06 08:30:57 UTC,7069316,7479492,144088,1.82,37048,595260,199364,2.51,205464,479860,188
cloud-k3s-master1,1,2026-06-06 08:30:58 UTC,7069316,7479492,144084,1.82,37048,595264,199364,2.51,205464,479860,192
cloud-k3s-master1,1,2026-06-06 08:30:59 UTC,7069316,7479492,144076,1.82,37048,595272,199364,2.51,205464,479860,204
cloud-k3s-master1,1,2026-06-06 08:31:00 UTC,7069316,7479492,144068,1.82,37048,595280,199364,2.51,205464,479860,212
cloud-k3s-master1,1,2026-06-06 08:31:01 UTC,7069316,7479492,144068,1.82,37048,595280,199364,2.51,205464,479860,212
cloud-k3s-master1,1,2026-06-06 08:31:02 UTC,7069064,7479280,144308,1.82,37056,595284,199364,2.51,205464,479900,28
cloud-k3s-master1,1,2026-06-06 08:31:03 UTC,7069064,7479296,144292,1.82,37056,595300,199364,2.51,205464,479916,36
cloud-k3s-master1,1,2026-06-06 08:31:04 UTC,7069064,7479296,144288,1.82,37056,595304,199364,2.51,205464,479916,40
cloud-k3s-master1,1,2026-06-06 08:31:05 UTC,7069064,7479296,144280,1.82,37056,595312,199364,2.51,205464,479916,48
cloud-k3s-master1,1,2026-06-06 08:31:06 UTC,7069064,7479300,144268,1.82,37056,595320,199364,2.51,205464,479916,56
cloud-k3s-master1,1,2026-06-06 08:31:07 UTC,7069064,7479300,144264,1.82,37064,595316,199364,2.51,205464,479916,60
cloud-k3s-master1,1,2026-06-06 08:31:08 UTC,7069064,7479348,144248,1.82,37064,595332,199364,2.51,205464,479964,32
cloud-k3s-master1,1,2026-06-06 08:31:09 UTC,7069064,7479348,144240,1.82,37064,595340,199364,2.51,205464,479964,44
cloud-k3s-master1,1,2026-06-06 08:31:10 UTC,7069064,7479348,144232,1.82,37064,595348,199364,2.51,205464,479964,52
cloud-k3s-master1,1,2026-06-06 08:31:11 UTC,7069064,7479348,144228,1.82,37064,595352,199364,2.51,205464,479964,56
cloud-k3s-master1,1,2026-06-06 08:31:12 UTC,7069064,7479348,144220,1.82,37072,595352,199364,2.51,205464,479964,212
cloud-k3s-master1,1,2026-06-06 08:31:13 UTC,7069064,7479384,144204,1.82,37072,595368,199364,2.51,205464,480000,188
cloud-k3s-master1,1,2026-06-06 08:31:14 UTC,7069064,7479384,144200,1.82,37072,595372,199364,2.51,205464,480000,148
cloud-k3s-master1,1,2026-06-06 08:31:15 UTC,7069064,7479384,144192,1.82,37072,595380,199364,2.51,205464,480000,160
cloud-k3s-master1,1,2026-06-06 08:31:16 UTC,7069064,7479384,144184,1.82,37072,595388,199364,2.51,205464,480000,168
cloud-k3s-master1,1,2026-06-06 08:31:17 UTC,7069064,7479408,144180,1.82,37080,595384,199364,2.51,205464,480024,24
cloud-k3s-master1,1,2026-06-06 08:31:18 UTC,7069064,7479408,144160,1.82,37080,595400,199364,2.51,205464,480024,60
cloud-k3s-master1,1,2026-06-06 08:31:19 UTC,7069064,7479408,144152,1.82,37080,595408,199364,2.51,205464,480024,68
cloud-k3s-master1,1,2026-06-06 08:31:20 UTC,7069064,7479408,144148,1.82,37080,595412,199364,2.51,205464,480024,72
cloud-k3s-master1,1,2026-06-06 08:31:21 UTC,7069064,7479408,144140,1.82,37080,595420,199364,2.51,205464,480024,40
cloud-k3s-master1,1,2026-06-06 08:31:22 UTC,7069064,7479408,144132,1.82,37088,595420,199364,2.51,205464,480024,192
cloud-k3s-master1,1,2026-06-06 08:31:23 UTC,7069064,7479408,144120,1.82,37088,595432,199364,2.51,205464,480024,48
cloud-k3s-master1,1,2026-06-06 08:31:24 UTC,7069064,7479408,144120,1.82,37088,595432,199364,2.51,205464,480024,48
cloud-k3s-master1,1,2026-06-06 08:31:25 UTC,7069064,7479408,144104,1.82,37088,595448,199364,2.51,205464,480024,64
cloud-k3s-master1,1,2026-06-06 08:31:26 UTC,7069064,7479476,144100,1.82,37088,595452,199364,2.51,205464,480092,24
cloud-k3s-master1,1,2026-06-06 08:31:27 UTC,7069064,7479476,144084,1.82,37096,595460,199364,2.51,205464,480092,184
cloud-k3s-master1,1,2026-06-06 08:31:28 UTC,7069064,7479476,144076,1.82,37096,595468,199364,2.51,205464,480092,196
cloud-k3s-master1,1,2026-06-06 08:31:29 UTC,7069064,7479476,144076,1.82,37096,595468,199364,2.51,205464,480092,196
cloud-k3s-master1,1,2026-06-06 08:31:30 UTC,7069064,7479480,144060,1.82,37096,595480,199364,2.51,205464,480092,208
cloud-k3s-master1,1,2026-06-06 08:31:31 UTC,7069064,7479480,144052,1.82,37096,595488,199364,2.51,205464,480092,216
cloud-k3s-master1,1,2026-06-06 08:31:32 UTC,7068812,7479272,144296,1.82,37104,595488,199364,2.51,205464,480136,188
cloud-k3s-master1,1,2026-06-06 08:31:33 UTC,7068812,7479272,144284,1.82,37104,595500,199364,2.51,205464,480136,32
cloud-k3s-master1,1,2026-06-06 08:31:34 UTC,7068812,7479272,144276,1.82,37104,595508,199364,2.51,205464,480136,40
cloud-k3s-master1,1,2026-06-06 08:31:35 UTC,7068812,7479272,144268,1.82,37104,595516,199364,2.51,205464,480136,48
cloud-k3s-master1,1,2026-06-06 08:31:36 UTC,7068812,7479272,144268,1.82,37104,595516,199364,2.51,205464,480136,48
cloud-k3s-master1,1,2026-06-06 08:31:37 UTC,7068812,7479272,144252,1.82,37112,595524,199364,2.51,205464,480136,216
cloud-k3s-master1,1,2026-06-06 08:31:38 UTC,7068812,7479276,144240,1.82,37112,595536,199364,2.51,205464,480140,180
cloud-k3s-master1,1,2026-06-06 08:31:39 UTC,7068812,7479276,144236,1.82,37112,595540,199364,2.51,205464,480140,36
cloud-k3s-master1,1,2026-06-06 08:31:40 UTC,7068560,7479024,144480,1.82,37112,595548,199364,2.51,205464,480140,44
cloud-k3s-master1,1,2026-06-06 08:31:41 UTC,7068560,7479024,144480,1.82,37112,595548,199364,2.51,205464,480140,44
cloud-k3s-master1,1,2026-06-06 08:31:42 UTC,7068560,7479084,144460,1.82,37120,595560,199364,2.51,205464,480200,208
cloud-k3s-master1,1,2026-06-06 08:31:43 UTC,7068560,7479084,144452,1.82,37120,595568,199364,2.51,205464,480200,212
cloud-k3s-master1,1,2026-06-06 08:31:44 UTC,7068560,7479084,144452,1.82,37120,595568,199364,2.51,205464,480200,168
cloud-k3s-master1,1,2026-06-06 08:31:45 UTC,7068560,7479084,144440,1.82,37120,595580,199364,2.51,205464,480200,184
cloud-k3s-master1,1,2026-06-06 08:31:46 UTC,7068560,7479084,144432,1.82,37120,595588,199364,2.51,205464,480200,192
cloud-k3s-master1,1,2026-06-06 08:31:47 UTC,7068560,7479084,144420,1.82,37128,595592,199364,2.51,205464,480200,216
cloud-k3s-master1,1,2026-06-06 08:31:48 UTC,7068560,7479084,144416,1.82,37128,595596,199364,2.51,205464,480200,48
cloud-k3s-master1,1,2026-06-06 08:31:49 UTC,7068560,7479084,144412,1.82,37128,595600,199364,2.51,205464,480200,32
cloud-k3s-master1,1,2026-06-06 08:31:50 UTC,7068560,7479084,144412,1.82,37128,595600,199364,2.51,205464,480200,0
cloud-k3s-master1,1,2026-06-06 08:31:51 UTC,7068560,7479144,144384,1.82,37128,595624,199364,2.51,205464,480260,16
cloud-k3s-master1,1,2026-06-06 08:31:52 UTC,7068560,7479144,144372,1.82,37136,595628,199364,2.51,205464,480260,188
cloud-k3s-master1,1,2026-06-06 08:31:53 UTC,7068560,7479144,144364,1.82,37136,595636,199364,2.51,205464,480260,192
cloud-k3s-master1,1,2026-06-06 08:31:54 UTC,7068560,7479144,144356,1.82,37136,595644,199364,2.51,205464,480260,52
cloud-k3s-master1,1,2026-06-06 08:31:55 UTC,7068560,7479144,144352,1.82,37136,595648,199364,2.51,205464,480260,56
cloud-k3s-master1,1,2026-06-06 08:31:56 UTC,7068560,7479144,144344,1.82,37136,595656,199364,2.51,205464,480260,64
cloud-k3s-master1,1,2026-06-06 08:31:57 UTC,7068560,7479200,144336,1.82,37144,595656,199364,2.51,205464,480316,24
cloud-k3s-master1,1,2026-06-06 08:31:58 UTC,7068560,7479200,144336,1.82,37144,595656,199364,2.51,205464,480316,24
cloud-k3s-master1,1,2026-06-06 08:31:59 UTC,7068560,7479260,144316,1.82,37144,595676,199364,2.51,205464,480376,200
cloud-k3s-master1,1,2026-06-06 08:32:00 UTC,7068560,7479260,144308,1.82,37144,595684,199364,2.51,205464,480376,208
cloud-k3s-master1,1,2026-06-06 08:32:01 UTC,7068560,7479260,144308,1.82,37144,595684,199364,2.51,205464,480376,208
cloud-k3s-master1,1,2026-06-06 08:32:02 UTC,7068560,7479276,144288,1.82,37152,595696,199364,2.51,205464,480392,184
cloud-k3s-master1,1,2026-06-06 08:32:03 UTC,7068560,7479276,144280,1.82,37152,595704,199364,2.51,205464,480392,36
cloud-k3s-master1,1,2026-06-06 08:32:04 UTC,7068560,7479276,144276,1.82,37152,595708,199364,2.51,205464,480392,40
cloud-k3s-master1,1,2026-06-06 08:32:05 UTC,7068560,7479276,144268,1.82,37152,595716,199364,2.51,205464,480392,48
cloud-k3s-master1,1,2026-06-06 08:32:06 UTC,7068560,7479276,144260,1.82,37152,595724,199364,2.51,205464,480392,56
cloud-k3s-master1,1,2026-06-06 08:32:07 UTC,7068560,7479276,144260,1.82,37160,595716,199364,2.51,205464,480392,56
cloud-k3s-master1,1,2026-06-06 08:32:08 UTC,7068560,7479340,144240,1.82,37160,595736,199364,2.51,205464,480456,28
cloud-k3s-master1,1,2026-06-06 08:32:09 UTC,7068560,7479340,144232,1.82,37160,595744,199364,2.51,205464,480456,40
cloud-k3s-master1,1,2026-06-06 08:32:10 UTC,7068560,7479340,144232,1.82,37160,595744,199364,2.51,205464,480456,40
cloud-k3s-master1,1,2026-06-06 08:32:11 UTC,7068560,7479340,144220,1.82,37160,595756,199364,2.51,205464,480456,52
cloud-k3s-master1,1,2026-06-06 08:32:12 UTC,7068560,7479340,144204,1.82,37168,595764,199364,2.51,205464,480456,212
cloud-k3s-master1,1,2026-06-06 08:32:13 UTC,7068560,7479340,144196,1.82,37168,595772,199364,2.51,205464,480456,216
cloud-k3s-master1,1,2026-06-06 08:32:14 UTC,7068560,7479384,144188,1.82,37168,595776,199364,2.51,205464,480496,176
cloud-k3s-master1,1,2026-06-06 08:32:15 UTC,7068560,7479384,144180,1.82,37168,595784,199364,2.51,205464,480496,188
cloud-k3s-master1,1,2026-06-06 08:32:16 UTC,7068308,7479132,144432,1.82,37168,595784,199364,2.51,205464,480496,188
cloud-k3s-master1,1,2026-06-06 08:32:17 UTC,7068308,7479132,144412,1.82,37176,595796,199364,2.51,205464,480496,216
cloud-k3s-master1,1,2026-06-06 08:32:18 UTC,7068308,7479160,144404,1.82,37176,595804,199364,2.51,205464,480524,60
cloud-k3s-master1,1,2026-06-06 08:32:19 UTC,7068308,7479160,144396,1.82,37176,595812,199364,2.51,205464,480524,68
cloud-k3s-master1,1,2026-06-06 08:32:20 UTC,7068308,7479160,144392,1.82,37176,595816,199364,2.51,205464,480524,72
cloud-k3s-master1,1,2026-06-06 08:32:21 UTC,7068308,7479184,144392,1.82,37176,595816,199364,2.51,205464,480548,28
cloud-k3s-master1,1,2026-06-06 08:32:22 UTC,7068308,7479184,144368,1.82,37184,595832,199364,2.51,205464,480548,204
cloud-k3s-master1,1,2026-06-06 08:32:23 UTC,7068308,7479184,144364,1.82,37184,595836,199364,2.51,205464,480548,24
cloud-k3s-master1,1,2026-06-06 08:32:24 UTC,7068308,7479184,144364,1.82,37184,595836,199364,2.51,205464,480548,24
cloud-k3s-master1,1,2026-06-06 08:32:25 UTC,7068308,7479184,144348,1.82,37184,595852,199364,2.51,205464,480548,40
cloud-k3s-master1,1,2026-06-06 08:32:26 UTC,7068308,7479236,144344,1.82,37184,595856,199364,2.51,205464,480600,0
cloud-k3s-master1,1,2026-06-06 08:32:27 UTC,7068308,7479236,144336,1.82,37192,595856,199364,2.51,205464,480600,164
cloud-k3s-master1,1,2026-06-06 08:32:28 UTC,7068308,7479236,144320,1.82,37192,595872,199364,2.51,205464,480600,200
cloud-k3s-master1,1,2026-06-06 08:32:29 UTC,7068308,7479236,144316,1.82,37192,595876,199364,2.51,205464,480600,204
cloud-k3s-master1,1,2026-06-06 08:32:30 UTC,7068308,7479236,144308,1.82,37192,595884,199364,2.51,205464,480600,212
cloud-k3s-master1,1,2026-06-06 08:32:31 UTC,7068308,7479236,144300,1.82,37192,595892,199364,2.51,205464,480600,220
cloud-k3s-master1,1,2026-06-06 08:32:32 UTC,7068308,7479280,144292,1.82,37200,595892,199364,2.51,205464,480644,180
cloud-k3s-master1,1,2026-06-06 08:32:33 UTC,7068308,7479304,144276,1.82,37200,595908,199364,2.51,205464,480668,32
cloud-k3s-master1,1,2026-06-06 08:32:34 UTC,7068308,7479304,144268,1.82,37200,595916,199364,2.51,205464,480668,40
cloud-k3s-master1,1,2026-06-06 08:32:35 UTC,7068308,7479304,144260,1.82,37200,595924,199364,2.51,205464,480668,48
cloud-k3s-master1,1,2026-06-06 08:32:36 UTC,7068308,7479304,144256,1.82,37200,595928,199364,2.51,205464,480668,52
cloud-k3s-master1,1,2026-06-06 08:32:37 UTC,7068308,7479304,144236,1.82,37208,595936,199364,2.51,205464,480668,220
cloud-k3s-master1,1,2026-06-06 08:32:38 UTC,7068308,7479312,144228,1.82,37208,595944,199364,2.51,205464,480676,40
cloud-k3s-master1,1,2026-06-06 08:32:39 UTC,7068308,7479312,144224,1.82,37208,595948,199364,2.51,205464,480676,48
cloud-k3s-master1,1,2026-06-06 08:32:40 UTC,7068308,7479312,144216,1.82,37208,595956,199364,2.51,205464,480676,56
cloud-k3s-master1,1,2026-06-06 08:32:41 UTC,7068308,7479372,144208,1.82,37208,595964,199364,2.51,205464,480736,64
cloud-k3s-master1,1,2026-06-06 08:32:42 UTC,7068308,7479372,144204,1.82,37216,595960,199364,2.51,205464,480736,220
cloud-k3s-master1,1,2026-06-06 08:32:43 UTC,7068308,7479384,144188,1.82,37216,595976,199364,2.51,205464,480748,224
cloud-k3s-master1,1,2026-06-06 08:32:44 UTC,7068308,7479392,144180,1.82,37216,595984,199364,2.51,205464,480756,188
cloud-k3s-master1,1,2026-06-06 08:32:45 UTC,7068308,7479392,144176,1.82,37216,595988,199364,2.51,205464,480756,196
cloud-k3s-master1,1,2026-06-06 08:32:46 UTC,7068308,7479392,144168,1.82,37216,595996,199364,2.51,205464,480756,204
cloud-k3s-master1,1,2026-06-06 08:32:47 UTC,7068308,7479412,144152,1.82,37224,596004,199364,2.51,205464,480776,112
cloud-k3s-master1,1,2026-06-06 08:32:48 UTC,7068308,7479412,144148,1.82,37224,596008,199364,2.51,205464,480776,116
cloud-k3s-master1,1,2026-06-06 08:32:49 UTC,7068308,7479412,144148,1.82,37224,596008,199364,2.51,205464,480776,68
cloud-k3s-master1,1,2026-06-06 08:32:50 UTC,7068308,7479432,144132,1.82,37224,596024,199364,2.51,205464,480796,40
cloud-k3s-master1,1,2026-06-06 08:32:51 UTC,7068308,7479432,144128,1.82,37224,596028,199364,2.51,205464,480796,48
cloud-k3s-master1,1,2026-06-06 08:32:52 UTC,7068056,7479320,144244,1.82,37232,596156,199364,2.51,205592,480808,208
cloud-k3s-master1,1,2026-06-06 08:32:53 UTC,7068056,7479332,144224,1.82,37232,596172,199364,2.51,205592,480816,60
cloud-k3s-master1,1,2026-06-06 08:32:54 UTC,7068056,7479332,144216,1.82,37232,596180,199364,2.51,205592,480816,68
cloud-k3s-master1,1,2026-06-06 08:32:55 UTC,7068056,7479332,144212,1.82,37232,596184,199364,2.51,205592,480816,72
cloud-k3s-master1,1,2026-06-06 08:32:56 UTC,7068056,7479332,144212,1.82,37232,596184,199364,2.51,205592,480816,72
cloud-k3s-master1,1,2026-06-06 08:32:57 UTC,7068056,7479356,144188,1.82,37240,596200,199364,2.51,205592,480840,200
cloud-k3s-master1,1,2026-06-06 08:32:58 UTC,7068056,7479388,144184,1.82,37240,596204,199364,2.51,205592,480872,172
cloud-k3s-master1,1,2026-06-06 08:32:59 UTC,7068056,7479388,144172,1.82,37240,596212,199364,2.51,205592,480872,180
cloud-k3s-master1,1,2026-06-06 08:33:00 UTC,7068056,7479388,144164,1.82,37240,596220,199364,2.51,205592,480872,188
cloud-k3s-master1,1,2026-06-06 08:33:01 UTC,7068056,7479388,144160,1.82,37240,596224,199364,2.51,205592,480872,192
cloud-k3s-master1,1,2026-06-06 08:33:02 UTC,7068056,7479416,144152,1.82,37248,596224,199364,2.51,205592,480900,156
cloud-k3s-master1,1,2026-06-06 08:33:03 UTC,7067804,7479168,144388,1.82,37248,596240,199364,2.51,205592,480904,36
cloud-k3s-master1,1,2026-06-06 08:33:04 UTC,7067804,7479168,144384,1.82,37248,596244,199364,2.51,205592,480904,40
cloud-k3s-master1,1,2026-06-06 08:33:05 UTC,7067804,7479168,144376,1.82,37248,596252,199364,2.51,205592,480904,48
cloud-k3s-master1,1,2026-06-06 08:33:06 UTC,7067804,7479168,144368,1.82,37248,596260,199364,2.51,205592,480904,56
cloud-k3s-master1,1,2026-06-06 08:33:07 UTC,7067804,7479168,144368,1.82,37256,596252,199364,2.51,205592,480904,56
cloud-k3s-master1,1,2026-06-06 08:33:08 UTC,7067804,7479168,144368,1.82,37256,596252,199364,2.51,205592,480904,56
cloud-k3s-master1,1,2026-06-06 08:33:09 UTC,7067804,7479192,144340,1.82,37256,596280,199364,2.51,205592,480928,40
cloud-k3s-master1,1,2026-06-06 08:33:10 UTC,7067804,7479192,144336,1.82,37256,596284,199364,2.51,205592,480928,44
cloud-k3s-master1,1,2026-06-06 08:33:11 UTC,7067804,7479252,144328,1.82,37256,596292,199364,2.51,205592,480988,52
cloud-k3s-master1,1,2026-06-06 08:33:12 UTC,7067552,7479000,144572,1.82,37264,596292,199364,2.51,205592,480988,60
cloud-k3s-master1,1,2026-06-06 08:33:13 UTC,7067552,7479008,144560,1.82,37264,596304,199364,2.51,205592,480996,212
cloud-k3s-master1,1,2026-06-06 08:33:14 UTC,7067552,7479008,144552,1.82,37264,596312,199364,2.51,205592,480996,176
cloud-k3s-master1,1,2026-06-06 08:33:15 UTC,7067552,7479008,144552,1.82,37264,596312,199364,2.51,205592,480996,176
cloud-k3s-master1,1,2026-06-06 08:33:16 UTC,7067552,7479008,144552,1.82,37264,596312,199364,2.51,205592,480996,176
cloud-k3s-master1,1,2026-06-06 08:33:17 UTC,7067552,7479008,144532,1.82,37272,596324,199364,2.51,205592,480996,212
cloud-k3s-master1,1,2026-06-06 08:33:18 UTC,7067552,7479056,144516,1.82,37272,596340,199364,2.51,205592,481044,60
cloud-k3s-master1,1,2026-06-06 08:33:19 UTC,7067552,7479056,144508,1.82,37272,596348,199364,2.51,205592,481044,68
cloud-k3s-master1,1,2026-06-06 08:33:20 UTC,7067552,7479056,144504,1.82,37272,596352,199364,2.51,205592,481044,72
cloud-k3s-master1,1,2026-06-06 08:33:21 UTC,7067552,7479056,144496,1.82,37272,596360,199364,2.51,205592,481044,40
cloud-k3s-master1,1,2026-06-06 08:33:22 UTC,7067552,7479088,144460,1.82,37296,596368,199364,2.51,205592,481072,204
cloud-k3s-master1,1,2026-06-06 08:33:23 UTC,7067552,7479088,144456,1.82,37296,596372,199364,2.51,205592,481072,204
cloud-k3s-master1,1,2026-06-06 08:33:24 UTC,7067552,7479120,144448,1.82,37296,596380,199364,2.51,205592,481104,60
cloud-k3s-master1,1,2026-06-06 08:33:25 UTC,7067552,7479120,144440,1.82,37296,596388,199364,2.51,205592,481104,68
cloud-k3s-master1,1,2026-06-06 08:33:26 UTC,7067552,7479120,144436,1.82,37296,596392,199364,2.51,205592,481104,28
cloud-k3s-master1,1,2026-06-06 08:33:27 UTC,7067552,7479120,144436,1.82,37304,596384,199364,2.51,205592,481104,28
cloud-k3s-master1,1,2026-06-06 08:33:28 UTC,7067552,7479120,144404,1.82,37304,596408,199364,2.51,205592,481104,204
cloud-k3s-master1,1,2026-06-06 08:33:29 UTC,7067552,7479120,144400,1.82,37304,596412,199364,2.51,205592,481104,208
cloud-k3s-master1,1,2026-06-06 08:33:30 UTC,7067552,7479120,144400,1.82,37304,596412,199364,2.51,205592,481104,208
cloud-k3s-master1,1,2026-06-06 08:33:31 UTC,7067552,7479180,144384,1.82,37304,596428,199364,2.51,205592,481164,224
cloud-k3s-master1,1,2026-06-06 08:33:32 UTC,7067552,7479196,144372,1.82,37312,596432,199364,2.51,205592,481180,196
cloud-k3s-master1,1,2026-06-06 08:33:33 UTC,7067552,7479196,144364,1.82,37312,596440,199364,2.51,205592,481180,12
cloud-k3s-master1,1,2026-06-06 08:33:34 UTC,7067552,7479196,144356,1.82,37312,596448,199364,2.51,205592,481180,20
cloud-k3s-master1,1,2026-06-06 08:33:35 UTC,7067552,7479196,144348,1.82,37312,596456,199364,2.51,205592,481180,28
cloud-k3s-master1,1,2026-06-06 08:33:36 UTC,7067552,7479196,144348,1.82,37312,596456,199364,2.51,205592,481180,28
cloud-k3s-master1,1,2026-06-06 08:33:37 UTC,7067552,7479196,144328,1.82,37320,596468,199364,2.51,205592,481180,208
cloud-k3s-master1,1,2026-06-06 08:33:38 UTC,7067552,7479204,144320,1.82,37320,596476,199364,2.51,205592,481188,172
cloud-k3s-master1,1,2026-06-06 08:33:39 UTC,7067552,7479204,144316,1.82,37320,596480,199364,2.51,205592,481188,180
cloud-k3s-master1,1,2026-06-06 08:33:40 UTC,7067552,7479264,144308,1.82,37320,596488,199364,2.51,205592,481248,188
cloud-k3s-master1,1,2026-06-06 08:33:41 UTC,7067552,7479264,144308,1.82,37320,596488,199364,2.51,205592,481248,188
cloud-k3s-master1,1,2026-06-06 08:33:42 UTC,7067552,7479264,144292,1.82,37328,596496,199364,2.51,205592,481248,216
cloud-k3s-master1,1,2026-06-06 08:33:43 UTC,7067552,7479272,144280,1.82,37328,596508,199364,2.51,205592,481256,72
cloud-k3s-master1,1,2026-06-06 08:33:44 UTC,7067552,7479272,144280,1.82,37328,596508,199364,2.51,205592,481256,28
cloud-k3s-master1,1,2026-06-06 08:33:45 UTC,7067552,7479272,144264,1.82,37328,596520,199364,2.51,205592,481256,44
cloud-k3s-master1,1,2026-06-06 08:33:46 UTC,7067552,7479272,144256,1.82,37328,596528,199364,2.51,205592,481256,52
cloud-k3s-master1,1,2026-06-06 08:33:47 UTC,7067552,7479272,144248,1.82,37328,596536,199364,2.51,205592,481256,212
cloud-k3s-master1,1,2026-06-06 08:33:48 UTC,7067552,7479272,144236,1.82,37336,596540,199364,2.51,205592,481256,220
cloud-k3s-master1,1,2026-06-06 08:33:49 UTC,7067552,7479272,144236,1.82,37336,596540,199364,2.51,205592,481256,220
cloud-k3s-master1,1,2026-06-06 08:33:50 UTC,7067300,7479088,144472,1.82,37336,596556,199364,2.51,205592,481324,192
cloud-k3s-master1,1,2026-06-06 08:33:51 UTC,7067300,7479088,144468,1.82,37336,596560,199364,2.51,205592,481324,200
cloud-k3s-master1,1,2026-06-06 08:33:52 UTC,7067300,7479100,144460,1.82,37336,596568,199364,2.51,205592,481336,216
cloud-k3s-master1,1,2026-06-06 08:33:53 UTC,7067300,7479108,144452,1.82,37336,596576,199364,2.51,205592,481344,60
cloud-k3s-master1,1,2026-06-06 08:33:54 UTC,7067300,7479108,144440,1.82,37344,596580,199364,2.51,205592,481344,64
cloud-k3s-master1,1,2026-06-06 08:33:55 UTC,7067300,7479108,144432,1.82,37344,596588,199364,2.51,205592,481344,72
cloud-k3s-master1,1,2026-06-06 08:33:56 UTC,7067300,7479108,144424,1.82,37344,596596,199364,2.51,205592,481344,80
cloud-k3s-master1,1,2026-06-06 08:33:57 UTC,7067300,7479116,144424,1.82,37344,596596,199364,2.51,205592,481352,36
cloud-k3s-master1,1,2026-06-06 08:33:58 UTC,7067300,7479116,144424,1.82,37344,596596,199364,2.51,205592,481352,0
cloud-k3s-master1,1,2026-06-06 08:33:59 UTC,7067300,7479116,144404,1.82,37344,596616,199364,2.51,205592,481352,64
cloud-k3s-master1,1,2026-06-06 08:34:00 UTC,7067300,7479116,144388,1.82,37352,596624,199364,2.51,205592,481352,72
cloud-k3s-master1,1,2026-06-06 08:34:01 UTC,7067300,7479176,144384,1.82,37352,596628,199364,2.51,205592,481412,76
cloud-k3s-master1,1,2026-06-06 08:34:02 UTC,7067300,7479184,144376,1.82,37352,596636,199364,2.51,205592,481420,40
cloud-k3s-master1,1,2026-06-06 08:34:03 UTC,7067300,7479184,144368,1.82,37352,596644,199364,2.51,205592,481420,200
cloud-k3s-master1,1,2026-06-06 08:34:04 UTC,7067300,7479184,144364,1.82,37352,596648,199364,2.51,205592,481420,204
cloud-k3s-master1,1,2026-06-06 08:34:05 UTC,7067300,7479184,144364,1.82,37352,596648,199364,2.51,205592,481420,204
cloud-k3s-master1,1,2026-06-06 08:34:06 UTC,7067300,7479184,144340,1.82,37360,596664,199364,2.51,205592,481420,220
cloud-k3s-master1,1,2026-06-06 08:34:07 UTC,7067300,7479184,144336,1.82,37360,596668,199364,2.51,205592,481420,236
cloud-k3s-master1,1,2026-06-06 08:34:08 UTC,7063520,7475424,148104,1.87,37360,596676,202216,2.55,206864,481436,4
cloud-k3s-master1,1,2026-06-06 08:34:09 UTC,7063520,7475472,148092,1.87,37360,596684,202816,2.56,207256,481484,196
cloud-k3s-master1,1,2026-06-06 08:34:10 UTC,7063520,7475472,148088,1.87,37360,596688,202816,2.56,207256,481484,200
cloud-k3s-master1,1,2026-06-06 08:34:11 UTC,7063520,7475472,148080,1.87,37360,596696,202816,2.56,207256,481484,208
cloud-k3s-master1,1,2026-06-06 08:34:12 UTC,7063520,7475472,148064,1.87,37368,596704,202816,2.56,207256,481484,344
cloud-k3s-master1,1,2026-06-06 08:34:13 UTC,7063520,7475492,148060,1.87,37368,596708,199364,2.51,205564,481504,352
cloud-k3s-master1,1,2026-06-06 08:34:14 UTC,7063520,7475492,148052,1.87,37368,596716,199364,2.51,205564,481504,144
cloud-k3s-master1,1,2026-06-06 08:34:15 UTC,7063520,7475500,148044,1.87,37368,596724,199364,2.51,205592,481512,52
cloud-k3s-master1,1,2026-06-06 08:34:16 UTC,7063520,7475500,148040,1.87,37368,596728,199364,2.51,205592,481512,56
cloud-k3s-master1,1,2026-06-06 08:34:17 UTC,7063520,7475500,148024,1.87,37376,596736,199364,2.51,205592,481512,224
cloud-k3s-master1,1,2026-06-06 08:34:18 UTC,7063520,7475500,148016,1.87,37376,596744,199364,2.51,205592,481512,224
cloud-k3s-master1,1,2026-06-06 08:34:19 UTC,7063520,7475500,148008,1.87,37376,596752,199364,2.51,205592,481512,232
cloud-k3s-master1,1,2026-06-06 08:34:20 UTC,7063520,7475560,148004,1.87,37376,596756,199364,2.51,205592,481572,192
cloud-k3s-master1,1,2026-06-06 08:34:21 UTC,7063520,7475560,148004,1.87,37376,596756,199364,2.51,205592,481572,192
cloud-k3s-master1,1,2026-06-06 08:34:22 UTC,7063520,7475560,147980,1.87,37384,596772,199364,2.51,205592,481572,232
cloud-k3s-master1,1,2026-06-06 08:34:23 UTC,7063520,7475560,147976,1.87,37384,596776,199364,2.51,205592,481572,68
cloud-k3s-master1,1,2026-06-06 08:34:24 UTC,7063520,7475560,147968,1.87,37384,596784,199364,2.51,205592,481572,76
cloud-k3s-master1,1,2026-06-06 08:34:25 UTC,7063520,7475560,147960,1.87,37384,596792,199364,2.51,205592,481572,84
cloud-k3s-master1,1,2026-06-06 08:34:26 UTC,7063520,7475608,147956,1.87,37384,596796,199364,2.51,205592,481620,44
cloud-k3s-master1,1,2026-06-06 08:34:27 UTC,7063520,7475608,147936,1.87,37392,596804,199364,2.51,205592,481620,212
cloud-k3s-master1,1,2026-06-06 08:34:28 UTC,7063520,7475632,147928,1.87,37392,596812,199364,2.51,205592,481644,216
cloud-k3s-master1,1,2026-06-06 08:34:29 UTC,7063520,7475632,147924,1.86,37392,596816,199364,2.51,205592,481644,220
cloud-k3s-master1,1,2026-06-06 08:34:30 UTC,7063520,7475632,147916,1.86,37392,596824,199364,2.51,205592,481644,228
cloud-k3s-master1,1,2026-06-06 08:34:31 UTC,7063520,7475632,147908,1.86,37392,596832,199364,2.51,205592,481644,236
cloud-k3s-master1,1,2026-06-06 08:34:32 UTC,7063520,7475656,147904,1.86,37400,596828,199364,2.51,205592,481668,196
cloud-k3s-master1,1,2026-06-06 08:34:33 UTC,7063520,7475672,147888,1.86,37400,596844,199364,2.51,205592,481684,56
cloud-k3s-master1,1,2026-06-06 08:34:34 UTC,7063520,7475672,147880,1.86,37400,596852,199364,2.51,205592,481684,64
cloud-k3s-master1,1,2026-06-06 08:34:35 UTC,7063520,7475672,147876,1.86,37400,596856,199364,2.51,205592,481684,68
cloud-k3s-master1,1,2026-06-06 08:34:36 UTC,7063520,7475672,147868,1.86,37400,596864,199364,2.51,205592,481684,76
cloud-k3s-master1,1,2026-06-06 08:34:37 UTC,7063520,7475672,147852,1.86,37408,596872,199364,2.51,205592,481684,240
cloud-k3s-master1,1,2026-06-06 08:34:38 UTC,7063520,7475672,147844,1.86,37408,596880,199364,2.51,205592,481684,196
cloud-k3s-master1,1,2026-06-06 08:34:39 UTC,7063520,7475672,147844,1.86,37408,596880,199364,2.51,205592,481684,196
cloud-k3s-master1,1,2026-06-06 08:34:40 UTC,7063520,7475672,147844,1.86,37408,596880,199364,2.51,205592,481684,196
cloud-k3s-master1,1,2026-06-06 08:34:41 UTC,7063520,7475732,147824,1.86,37408,596900,199364,2.51,205592,481744,220
cloud-k3s-master1,1,2026-06-06 08:34:42 UTC,7063520,7475732,147812,1.86,37416,596904,199364,2.51,205592,481744,248
cloud-k3s-master1,1,2026-06-06 08:34:43 UTC,7063520,7475732,147804,1.86,37416,596912,199364,2.51,205592,481744,216
cloud-k3s-master1,1,2026-06-06 08:34:44 UTC,7063520,7475732,147804,1.86,37416,596912,199364,2.51,205592,481744,216
cloud-k3s-master1,1,2026-06-06 08:34:45 UTC,7063520,7475732,147792,1.86,37416,596924,199364,2.51,205592,481744,188
cloud-k3s-master1,1,2026-06-06 08:34:46 UTC,7063520,7475732,147784,1.86,37416,596932,199364,2.51,205592,481744,196
cloud-k3s-master1,1,2026-06-06 08:34:47 UTC,7063520,7475796,147764,1.86,37424,596940,199364,2.51,205592,481804,232
cloud-k3s-master1,1,2026-06-06 08:34:48 UTC,7063520,7475800,147760,1.86,37424,596944,199364,2.51,205592,481808,248
cloud-k3s-master1,1,2026-06-06 08:34:49 UTC,7063268,7475548,148004,1.87,37424,596952,199364,2.51,205592,481808,256
cloud-k3s-master1,1,2026-06-06 08:34:50 UTC,7063268,7475548,147996,1.87,37424,596960,199364,2.51,205592,481808,264
cloud-k3s-master1,1,2026-06-06 08:34:51 UTC,7063268,7475548,147996,1.87,37424,596960,199364,2.51,205592,481808,220
cloud-k3s-master1,1,2026-06-06 08:34:52 UTC,7063268,7475548,147976,1.87,37432,596972,199364,2.51,205592,481808,256
cloud-k3s-master1,1,2026-06-06 08:34:53 UTC,7063268,7475548,147968,1.87,37432,596980,199364,2.51,205592,481808,264
cloud-k3s-master1,1,2026-06-06 08:34:54 UTC,7063268,7475548,147968,1.87,37432,596980,199364,2.51,205592,481808,264
cloud-k3s-master1,1,2026-06-06 08:34:55 UTC,7063268,7475548,147956,1.87,37432,596992,199364,2.51,205592,481808,276
cloud-k3s-master1,1,2026-06-06 08:34:56 UTC,7063268,7475608,147948,1.87,37432,597000,199364,2.51,205592,481868,284
cloud-k3s-master1,1,2026-06-06 08:34:57 UTC,7063268,7475608,147948,1.87,37440,596992,199364,2.51,205592,481868,236
cloud-k3s-master1,1,2026-06-06 08:34:58 UTC,7063268,7475608,147948,1.87,37440,596992,199364,2.51,205592,481868,236
cloud-k3s-master1,1,2026-06-06 08:34:59 UTC,7063268,7475608,147920,1.86,37440,597020,199364,2.51,205592,481868,272
cloud-k3s-master1,1,2026-06-06 08:35:00 UTC,7063268,7475608,147912,1.86,37440,597028,199364,2.51,205592,481868,280
cloud-k3s-master1,1,2026-06-06 08:35:01 UTC,7063268,7475608,147912,1.86,37440,597028,199364,2.51,205592,481868,280
cloud-k3s-master1,1,2026-06-06 08:35:02 UTC,7063268,7475660,147892,1.86,37448,597040,199364,2.51,205592,481920,356
cloud-k3s-master1,1,2026-06-06 08:35:03 UTC,7063268,7475660,147884,1.86,37448,597048,199364,2.51,205592,481920,368
cloud-k3s-master1,1,2026-06-06 08:35:04 UTC,7063268,7475660,147880,1.86,37448,597052,199364,2.51,205592,481920,372
cloud-k3s-master1,1,2026-06-06 08:35:05 UTC,7063268,7475660,147872,1.86,37448,597060,199364,2.51,205592,481920,380
cloud-k3s-master1,1,2026-06-06 08:35:06 UTC,7063268,7475660,147872,1.86,37448,597060,199364,2.51,205592,481920,380
cloud-k3s-master1,1,2026-06-06 08:35:07 UTC,7063268,7475664,147856,1.86,37456,597064,199364,2.51,205592,481920,404
cloud-k3s-master1,1,2026-06-06 08:35:08 UTC,7063016,7475420,148092,1.87,37456,597080,199364,2.51,205592,481928,44
cloud-k3s-master1,1,2026-06-06 08:35:09 UTC,7063016,7475420,148084,1.87,37456,597088,199364,2.51,205592,481928,56
cloud-k3s-master1,1,2026-06-06 08:35:10 UTC,7063016,7475420,148080,1.87,37456,597092,199364,2.51,205592,481928,60
cloud-k3s-master1,1,2026-06-06 08:35:11 UTC,7063016,7475420,148080,1.87,37456,597092,199364,2.51,205592,481928,60
cloud-k3s-master1,1,2026-06-06 08:35:12 UTC,7063016,7475480,148056,1.87,37464,597108,199364,2.51,205592,481988,240
cloud-k3s-master1,1,2026-06-06 08:35:13 UTC,7063016,7475480,148052,1.87,37464,597112,199364,2.51,205592,481988,240
cloud-k3s-master1,1,2026-06-06 08:35:14 UTC,7063016,7475480,148044,1.87,37464,597120,199364,2.51,205592,481988,204
cloud-k3s-master1,1,2026-06-06 08:35:15 UTC,7063016,7475480,148036,1.87,37464,597128,199364,2.51,205592,481988,216
cloud-k3s-master1,1,2026-06-06 08:35:16 UTC,7063016,7475480,148032,1.87,37464,597132,199364,2.51,205592,481988,220
cloud-k3s-master1,1,2026-06-06 08:35:17 UTC,7063016,7475480,148032,1.87,37472,597124,199364,2.51,205592,481988,220
cloud-k3s-master1,1,2026-06-06 08:35:18 UTC,7063016,7475480,148032,1.87,37472,597124,199364,2.51,205592,481988,220
cloud-k3s-master1,1,2026-06-06 08:35:19 UTC,7063016,7475480,148000,1.87,37472,597156,199364,2.51,205592,481988,220
cloud-k3s-master1,1,2026-06-06 08:35:20 UTC,7063016,7475540,147996,1.87,37472,597160,199364,2.51,205592,482048,180
cloud-k3s-master1,1,2026-06-06 08:35:21 UTC,7063016,7475540,147996,1.87,37472,597160,199364,2.51,205592,482048,180
cloud-k3s-master1,1,2026-06-06 08:35:22 UTC,7063016,7475540,147972,1.87,37480,597176,199364,2.51,205592,482048,236
cloud-k3s-master1,1,2026-06-06 08:35:23 UTC,7063016,7475540,147968,1.87,37480,597180,199364,2.51,205592,482048,236
cloud-k3s-master1,1,2026-06-06 08:35:24 UTC,7063016,7475540,147968,1.87,37480,597180,199364,2.51,205592,482048,236
cloud-k3s-master1,1,2026-06-06 08:35:25 UTC,7063016,7475540,147952,1.87,37480,597196,199364,2.51,205592,482048,252
cloud-k3s-master1,1,2026-06-06 08:35:26 UTC,7063016,7475580,147948,1.87,37480,597200,199364,2.51,205592,482088,212
cloud-k3s-master1,1,2026-06-06 08:35:27 UTC,7063016,7475580,147940,1.87,37488,597200,199364,2.51,205592,482088,236
cloud-k3s-master1,1,2026-06-06 08:35:28 UTC,7063016,7475580,147932,1.87,37488,597208,199364,2.51,205592,482088,244
cloud-k3s-master1,1,2026-06-06 08:35:29 UTC,7063016,7475580,147924,1.86,37488,597216,199364,2.51,205592,482088,248
cloud-k3s-master1,1,2026-06-06 08:35:30 UTC,7063016,7475580,147924,1.86,37488,597216,199364,2.51,205592,482088,248
cloud-k3s-master1,1,2026-06-06 08:35:31 UTC,7063016,7475580,147900,1.86,37488,597236,199364,2.51,205592,482088,268
cloud-k3s-master1,1,2026-06-06 08:35:32 UTC,7063016,7475612,147896,1.86,37496,597232,199364,2.51,205592,482120,244
cloud-k3s-master1,1,2026-06-06 08:35:33 UTC,7063016,7475616,147876,1.86,37496,597248,199364,2.51,205592,482120,256
cloud-k3s-master1,1,2026-06-06 08:35:34 UTC,7063016,7475616,147868,1.86,37496,597256,199364,2.51,205592,482120,264
cloud-k3s-master1,1,2026-06-06 08:35:35 UTC,7063016,7475676,147864,1.86,37496,597260,199364,2.51,205592,482180,268
cloud-k3s-master1,1,2026-06-06 08:35:36 UTC,7063016,7475676,147856,1.86,37496,597268,199364,2.51,205592,482180,276
cloud-k3s-master1,1,2026-06-06 08:35:37 UTC,7063016,7475676,147848,1.86,37496,597276,199364,2.51,205592,482180,296
cloud-k3s-master1,1,2026-06-06 08:35:38 UTC,7063016,7475676,147836,1.86,37504,597280,199364,2.51,205592,482180,260
cloud-k3s-master1,1,2026-06-06 08:35:39 UTC,7063016,7475676,147828,1.86,37504,597288,199364,2.51,205592,482180,272
cloud-k3s-master1,1,2026-06-06 08:35:40 UTC,7063016,7475676,147820,1.86,37504,597296,199364,2.51,205592,482180,280
cloud-k3s-master1,1,2026-06-06 08:35:41 UTC,7063016,7475676,147812,1.86,37504,597304,199364,2.51,205592,482180,288
cloud-k3s-master1,1,2026-06-06 08:35:42 UTC,7063016,7475676,147808,1.86,37504,597308,199364,2.51,205592,482180,300
cloud-k3s-master1,1,2026-06-06 08:35:43 UTC,7063016,7475676,147792,1.86,37512,597316,199364,2.51,205592,482180,68
cloud-k3s-master1,1,2026-06-06 08:35:44 UTC,7063016,7475736,147784,1.86,37512,597324,199364,2.51,205592,482240,28
cloud-k3s-master1,1,2026-06-06 08:35:45 UTC,7063016,7475736,147780,1.86,37512,597328,199364,2.51,205592,482240,36
cloud-k3s-master1,1,2026-06-06 08:35:46 UTC,7062764,7475484,148024,1.87,37512,597336,199364,2.51,205592,482240,44
cloud-k3s-master1,1,2026-06-06 08:35:47 UTC,7062764,7475484,148016,1.87,37512,597344,199364,2.51,205592,482240,208
cloud-k3s-master1,1,2026-06-06 08:35:48 UTC,7062764,7475484,148000,1.87,37520,597352,199364,2.51,205592,482240,224
cloud-k3s-master1,1,2026-06-06 08:35:49 UTC,7062764,7475484,148000,1.87,37520,597352,199364,2.51,205592,482240,224
cloud-k3s-master1,1,2026-06-06 08:35:50 UTC,7062764,7475484,147984,1.87,37520,597368,199364,2.51,205592,482240,196
cloud-k3s-master1,1,2026-06-06 08:35:51 UTC,7062764,7475484,147980,1.87,37520,597372,199364,2.51,205592,482240,204
cloud-k3s-master1,1,2026-06-06 08:35:52 UTC,7062764,7475484,147968,1.87,37520,597380,199364,2.51,205592,482240,220
cloud-k3s-master1,1,2026-06-06 08:35:53 UTC,7062764,7475544,147960,1.87,37520,597388,199364,2.51,205592,482300,188
cloud-k3s-master1,1,2026-06-06 08:35:54 UTC,7062764,7475544,147948,1.87,37528,597392,199364,2.51,205592,482300,224
cloud-k3s-master1,1,2026-06-06 08:35:55 UTC,7062764,7475544,147940,1.87,37528,597400,199364,2.51,205592,482300,232
cloud-k3s-master1,1,2026-06-06 08:35:56 UTC,7062764,7475544,147932,1.87,37528,597408,199364,2.51,205592,482300,196
cloud-k3s-master1,1,2026-06-06 08:35:57 UTC,7062764,7475544,147928,1.87,37528,597412,199364,2.51,205592,482300,224
cloud-k3s-master1,1,2026-06-06 08:35:58 UTC,7062764,7475544,147920,1.86,37528,597420,199364,2.51,205592,482300,232
cloud-k3s-master1,1,2026-06-06 08:35:59 UTC,7062764,7475544,147920,1.86,37528,597420,199364,2.51,205592,482300,236
cloud-k3s-master1,1,2026-06-06 08:36:00 UTC,7062764,7475544,147920,1.86,37536,597412,199364,2.51,205592,482300,236
cloud-k3s-master1,1,2026-06-06 08:36:01 UTC,7062764,7475544,147892,1.86,37536,597440,199364,2.51,205592,482300,260
cloud-k3s-master1,1,2026-06-06 08:36:02 UTC,7062764,7475604,147884,1.86,37536,597448,199364,2.51,205592,482360,232
cloud-k3s-master1,1,2026-06-06 08:36:03 UTC,7062764,7475604,147876,1.86,37536,597456,199364,2.51,205592,482360,244
cloud-k3s-master1,1,2026-06-06 08:36:04 UTC,7062764,7475604,147872,1.86,37536,597460,199364,2.51,205592,482360,248
cloud-k3s-master1,1,2026-06-06 08:36:05 UTC,7062764,7475604,147864,1.86,37536,597468,199364,2.51,205592,482360,256
cloud-k3s-master1,1,2026-06-06 08:36:06 UTC,7062764,7475604,147856,1.86,37544,597468,199364,2.51,205592,482360,264
cloud-k3s-master1,1,2026-06-06 08:36:07 UTC,7062764,7475664,147848,1.86,37544,597476,199364,2.51,205592,482420,264
cloud-k3s-master1,1,2026-06-06 08:36:08 UTC,7062764,7475664,147848,1.86,37544,597476,199364,2.51,205592,482420,264
cloud-k3s-master1,1,2026-06-06 08:36:09 UTC,7062764,7475664,147828,1.86,37544,597496,199364,2.51,205592,482420,260
cloud-k3s-master1,1,2026-06-06 08:36:10 UTC,7062764,7475664,147824,1.86,37544,597500,199364,2.51,205592,482420,264
cloud-k3s-master1,1,2026-06-06 08:36:11 UTC,7062764,7475664,147824,1.86,37544,597500,199364,2.51,205592,482420,264
cloud-k3s-master1,1,2026-06-06 08:36:12 UTC,7062764,7475724,147800,1.86,37552,597516,199364,2.51,205592,482480,296
cloud-k3s-master1,1,2026-06-06 08:36:13 UTC,7062764,7475736,147796,1.86,37552,597520,199364,2.51,205592,482492,296
cloud-k3s-master1,1,2026-06-06 08:36:14 UTC,7062764,7475764,147784,1.86,37552,597528,199364,2.51,205592,482516,260
cloud-k3s-master1,1,2026-06-06 08:36:15 UTC,7062764,7475764,147776,1.86,37552,597536,199364,2.51,205592,482516,272
cloud-k3s-master1,1,2026-06-06 08:36:16 UTC,7062764,7475764,147776,1.86,37552,597536,199364,2.51,205592,482516,272
cloud-k3s-master1,1,2026-06-06 08:36:17 UTC,7062764,7475764,147764,1.86,37560,597540,199364,2.51,205592,482516,296
cloud-k3s-master1,1,2026-06-06 08:36:18 UTC,7062764,7475764,147748,1.86,37560,597556,199364,2.51,205592,482516,136
cloud-k3s-master1,1,2026-06-06 08:36:19 UTC,7062764,7475792,147744,1.86,37560,597560,199364,2.51,205592,482544,76
cloud-k3s-master1,1,2026-06-06 08:36:20 UTC,7062764,7475792,147736,1.86,37560,597568,199364,2.51,205592,482544,84
cloud-k3s-master1,1,2026-06-06 08:36:21 UTC,7062764,7475804,147736,1.86,37560,597568,199364,2.51,205592,482556,40
cloud-k3s-master1,1,2026-06-06 08:36:22 UTC,7062764,7475812,147712,1.86,37568,597584,199364,2.51,205592,482564,216
cloud-k3s-master1,1,2026-06-06 08:36:23 UTC,7062512,7475560,147960,1.87,37568,597588,199364,2.51,205592,482564,220
cloud-k3s-master1,1,2026-06-06 08:36:24 UTC,7062512,7475560,147952,1.87,37568,597596,199364,2.51,205592,482564,228
cloud-k3s-master1,1,2026-06-06 08:36:25 UTC,7062512,7475560,147944,1.87,37568,597604,199364,2.51,205592,482564,196
cloud-k3s-master1,1,2026-06-06 08:36:26 UTC,7062512,7475560,147944,1.87,37568,597604,199364,2.51,205592,482564,152
cloud-k3s-master1,1,2026-06-06 08:36:27 UTC,7062512,7475620,147932,1.87,37576,597608,199364,2.51,205592,482624,184
cloud-k3s-master1,1,2026-06-06 08:36:28 UTC,7062512,7475620,147924,1.86,37576,597616,199364,2.51,205592,482624,192
cloud-k3s-master1,1,2026-06-06 08:36:29 UTC,7062512,7475628,147916,1.86,37576,597624,199364,2.51,205592,482632,48
cloud-k3s-master1,1,2026-06-06 08:36:30 UTC,7062512,7475628,147916,1.86,37576,597624,199364,2.51,205592,482632,48
cloud-k3s-master1,1,2026-06-06 08:36:31 UTC,7062512,7475628,147896,1.86,37576,597644,199364,2.51,205592,482632,68
cloud-k3s-master1,1,2026-06-06 08:36:32 UTC,7062512,7475628,147884,1.86,37584,597648,199364,2.51,205592,482632,192
cloud-k3s-master1,1,2026-06-06 08:36:33 UTC,7062512,7475628,147876,1.86,37584,597656,199364,2.51,205592,482632,200
cloud-k3s-master1,1,2026-06-06 08:36:34 UTC,7062512,7475628,147868,1.86,37584,597664,199364,2.51,205592,482632,48
cloud-k3s-master1,1,2026-06-06 08:36:35 UTC,7062512,7475628,147864,1.86,37584,597668,199364,2.51,205592,482632,52
cloud-k3s-master1,1,2026-06-06 08:36:36 UTC,7062512,7475688,147856,1.86,37584,597676,199364,2.51,205592,482692,60
cloud-k3s-master1,1,2026-06-06 08:36:37 UTC,7062512,7475688,147844,1.86,37592,597676,199364,2.51,205592,482692,224
cloud-k3s-master1,1,2026-06-06 08:36:38 UTC,7062512,7475688,147840,1.86,37592,597680,199364,2.51,205592,482692,228
cloud-k3s-master1,1,2026-06-06 08:36:39 UTC,7062512,7475688,147832,1.86,37592,597688,199364,2.51,205592,482692,188
cloud-k3s-master1,1,2026-06-06 08:36:40 UTC,7062512,7475688,147832,1.86,37592,597688,199364,2.51,205592,482692,188
cloud-k3s-master1,1,2026-06-06 08:36:41 UTC,7062512,7475688,147812,1.86,37592,597708,199364,2.51,205592,482692,212
cloud-k3s-master1,1,2026-06-06 08:36:42 UTC,7062512,7475728,147796,1.86,37600,597716,199364,2.51,205592,482732,64
cloud-k3s-master1,1,2026-06-06 08:36:43 UTC,7062512,7475728,147788,1.86,37600,597724,199364,2.51,205592,482732,68
cloud-k3s-master1,1,2026-06-06 08:36:44 UTC,7062512,7475728,147780,1.86,37600,597732,199364,2.51,205592,482732,28
cloud-k3s-master1,1,2026-06-06 08:36:45 UTC,7062512,7475728,147776,1.86,37600,597736,199364,2.51,205592,482732,36
cloud-k3s-master1,1,2026-06-06 08:36:46 UTC,7062512,7475728,147768,1.86,37600,597744,199364,2.51,205592,482732,44
cloud-k3s-master1,1,2026-06-06 08:36:47 UTC,7062512,7475728,147768,1.86,37608,597736,199364,2.51,205592,482732,44
cloud-k3s-master1,1,2026-06-06 08:36:48 UTC,7062512,7475728,147768,1.86,37608,597736,199364,2.51,205592,482732,216
cloud-k3s-master1,1,2026-06-06 08:36:49 UTC,7062512,7475728,147740,1.86,37608,597764,199364,2.51,205592,482732,68
cloud-k3s-master1,1,2026-06-06 08:36:50 UTC,7062512,7475728,147732,1.86,37608,597772,199364,2.51,205592,482732,76
cloud-k3s-master1,1,2026-06-06 08:36:51 UTC,7062512,7475784,147728,1.86,37608,597776,199364,2.51,205592,482788,40
cloud-k3s-master1,1,2026-06-06 08:36:52 UTC,7062512,7475784,147720,1.86,37616,597776,199364,2.51,205592,482788,48
cloud-k3s-master1,1,2026-06-06 08:36:53 UTC,7062512,7475804,147704,1.86,37616,597792,199364,2.51,205592,482808,208
cloud-k3s-master1,1,2026-06-06 08:36:54 UTC,7062512,7475804,147700,1.86,37616,597796,199364,2.51,205592,482808,212
cloud-k3s-master1,1,2026-06-06 08:36:55 UTC,7062512,7475804,147692,1.86,37616,597804,199364,2.51,205592,482808,220
cloud-k3s-master1,1,2026-06-06 08:36:56 UTC,7062512,7475824,147684,1.86,37616,597812,199364,2.51,205592,482828,184
cloud-k3s-master1,1,2026-06-06 08:36:57 UTC,7062512,7475824,147680,1.86,37624,597808,199364,2.51,205592,482828,208
cloud-k3s-master1,1,2026-06-06 08:36:58 UTC,7062512,7475824,147664,1.86,37624,597824,199364,2.51,205592,482828,48
cloud-k3s-master1,1,2026-06-06 08:36:59 UTC,7062512,7475828,147652,1.86,37624,597832,199364,2.51,205592,482828,28
cloud-k3s-master1,1,2026-06-06 08:37:00 UTC,7062512,7475828,147648,1.86,37624,597836,199364,2.51,205592,482828,32
cloud-k3s-master1,1,2026-06-06 08:37:01 UTC,7062260,7475576,147892,1.86,37624,597844,199364,2.51,205592,482828,40
cloud-k3s-master1,1,2026-06-06 08:37:02 UTC,7062260,7475632,147876,1.86,37632,597852,199364,2.51,205592,482884,28
cloud-k3s-master1,1,2026-06-06 08:37:03 UTC,7062260,7475632,147872,1.86,37632,597856,199364,2.51,205592,482884,36
cloud-k3s-master1,1,2026-06-06 08:37:04 UTC,7062260,7475632,147864,1.86,37632,597864,199364,2.51,205592,482884,44
cloud-k3s-master1,1,2026-06-06 08:37:05 UTC,7062260,7475692,147856,1.86,37632,597872,199364,2.51,205592,482944,52
cloud-k3s-master1,1,2026-06-06 08:37:06 UTC,7062260,7475692,147848,1.86,37632,597880,199364,2.51,205592,482944,60
cloud-k3s-master1,1,2026-06-06 08:37:07 UTC,7062260,7475692,147844,1.86,37640,597876,199364,2.51,205592,482944,220
cloud-k3s-master1,1,2026-06-06 08:37:08 UTC,7062260,7475700,147828,1.86,37640,597892,199364,2.51,205592,482952,192
cloud-k3s-master1,1,2026-06-06 08:37:09 UTC,7062260,7475700,147828,1.86,37640,597892,199364,2.51,205592,482952,192
cloud-k3s-master1,1,2026-06-06 08:37:10 UTC,7062260,7475700,147816,1.86,37640,597904,199364,2.51,205592,482952,208
cloud-k3s-master1,1,2026-06-06 08:37:11 UTC,7062260,7475700,147808,1.86,37640,597912,199364,2.51,205592,482952,216
cloud-k3s-master1,1,2026-06-06 08:37:12 UTC,7062260,7475700,147800,1.86,37648,597912,199364,2.51,205592,482952,240
cloud-k3s-master1,1,2026-06-06 08:37:13 UTC,7062260,7475708,147788,1.86,37648,597924,199364,2.51,205592,482960,68
cloud-k3s-master1,1,2026-06-06 08:37:14 UTC,7062260,7475768,147780,1.86,37648,597932,199364,2.51,205592,483020,32
cloud-k3s-master1,1,2026-06-06 08:37:15 UTC,7062260,7475768,147772,1.86,37648,597940,199364,2.51,205592,483020,44
cloud-k3s-master1,1,2026-06-06 08:37:16 UTC,7062260,7475768,147768,1.86,37648,597944,199364,2.51,205592,483020,48
cloud-k3s-master1,1,2026-06-06 08:37:17 UTC,7062260,7475768,147760,1.86,37656,597944,199364,2.51,205592,483020,212
cloud-k3s-master1,1,2026-06-06 08:37:18 UTC,7062260,7475768,147744,1.86,37656,597960,199364,2.51,205592,483020,224
cloud-k3s-master1,1,2026-06-06 08:37:19 UTC,7062260,7475796,147740,1.86,37656,597964,199364,2.51,205592,483048,72
cloud-k3s-master1,1,2026-06-06 08:37:20 UTC,7062260,7475808,147732,1.86,37656,597972,199364,2.51,205592,483060,36
cloud-k3s-master1,1,2026-06-06 08:37:21 UTC,7062260,7475808,147724,1.86,37656,597980,199364,2.51,205592,483060,48
cloud-k3s-master1,1,2026-06-06 08:37:22 UTC,7062260,7475820,147712,1.86,37664,597984,199364,2.51,205592,483072,204
cloud-k3s-master1,1,2026-06-06 08:37:23 UTC,7062260,7475820,147700,1.86,37664,597992,199364,2.51,205592,483072,212
cloud-k3s-master1,1,2026-06-06 08:37:24 UTC,7062260,7475820,147692,1.86,37664,598000,199364,2.51,205592,483072,220
cloud-k3s-master1,1,2026-06-06 08:37:25 UTC,7062260,7475820,147684,1.86,37664,598008,199364,2.51,205592,483072,228
cloud-k3s-master1,1,2026-06-06 08:37:26 UTC,7062260,7475820,147680,1.86,37664,598012,199364,2.51,205592,483072,232
cloud-k3s-master1,1,2026-06-06 08:37:27 UTC,7062260,7475820,147680,1.86,37672,598004,199364,2.51,205592,483072,192
cloud-k3s-master1,1,2026-06-06 08:37:28 UTC,7062260,7475844,147656,1.86,37672,598028,199364,2.51,205592,483096,60
cloud-k3s-master1,1,2026-06-06 08:37:29 UTC,7062260,7475844,147652,1.86,37672,598032,199364,2.51,205592,483096,64
cloud-k3s-master1,1,2026-06-06 08:37:30 UTC,7062260,7475844,147652,1.86,37672,598032,199364,2.51,205592,483096,64
cloud-k3s-master1,1,2026-06-06 08:37:31 UTC,7062260,7475904,147636,1.86,37672,598048,199364,2.51,205592,483156,80
cloud-k3s-master1,1,2026-06-06 08:37:32 UTC,7062260,7475904,147632,1.86,37672,598052,199364,2.51,205592,483156,196
cloud-k3s-master1,1,2026-06-06 08:37:33 UTC,7062260,7475912,147616,1.86,37680,598060,199364,2.51,205592,483164,12
cloud-k3s-master1,1,2026-06-06 08:37:34 UTC,7062260,7475912,147608,1.86,37680,598068,199364,2.51,205592,483164,20
cloud-k3s-master1,1,2026-06-06 08:37:35 UTC,7062260,7475912,147604,1.86,37680,598072,199364,2.51,205592,483164,24
cloud-k3s-master1,1,2026-06-06 08:37:36 UTC,7062260,7475912,147592,1.86,37680,598080,199364,2.51,205592,483164,32
cloud-k3s-master1,1,2026-06-06 08:37:37 UTC,7062260,7475912,147584,1.86,37680,598088,199364,2.51,205592,483164,40
cloud-k3s-master1,1,2026-06-06 08:37:38 UTC,7062008,7475664,147820,1.86,37688,598092,199364,2.51,205592,483164,192
cloud-k3s-master1,1,2026-06-06 08:37:39 UTC,7062008,7475664,147812,1.86,37688,598100,199364,2.51,205592,483164,204
cloud-k3s-master1,1,2026-06-06 08:37:40 UTC,7062008,7475664,147812,1.86,37688,598100,199364,2.51,205592,483164,204
cloud-k3s-master1,1,2026-06-06 08:37:41 UTC,7062008,7475724,147800,1.86,37688,598112,199364,2.51,205592,483224,216
cloud-k3s-master1,1,2026-06-06 08:37:42 UTC,7062008,7475724,147792,1.86,37688,598120,199364,2.51,205592,483224,64
cloud-k3s-master1,1,2026-06-06 08:37:43 UTC,7062008,7475732,147784,1.86,37688,598128,199364,2.51,205592,483232,68
cloud-k3s-master1,1,2026-06-06 08:37:44 UTC,7062008,7475740,147772,1.86,37696,598132,199364,2.51,205592,483240,32
cloud-k3s-master1,1,2026-06-06 08:37:45 UTC,7062008,7475740,147760,1.86,37696,598140,199364,2.51,205592,483240,44
cloud-k3s-master1,1,2026-06-06 08:37:46 UTC,7062008,7475740,147752,1.86,37696,598148,199364,2.51,205592,483240,52
cloud-k3s-master1,1,2026-06-06 08:37:47 UTC,7062008,7475740,147752,1.86,37696,598148,199364,2.51,205592,483240,52
cloud-k3s-master1,1,2026-06-06 08:37:48 UTC,7062008,7475740,147752,1.86,37696,598148,199364,2.51,205592,483240,224
cloud-k3s-master1,1,2026-06-06 08:37:49 UTC,7062008,7475800,147724,1.86,37704,598168,199364,2.51,205592,483300,76
cloud-k3s-master1,1,2026-06-06 08:37:50 UTC,7062008,7475808,147716,1.86,37704,598176,199364,2.51,205592,483308,36
cloud-k3s-master1,1,2026-06-06 08:37:51 UTC,7062008,7475808,147716,1.86,37704,598176,199364,2.51,205592,483308,36
cloud-k3s-master1,1,2026-06-06 08:37:52 UTC,7062008,7475808,147704,1.86,37704,598188,199364,2.51,205592,483308,208
cloud-k3s-master1,1,2026-06-06 08:37:53 UTC,7062008,7475808,147696,1.86,37704,598196,199364,2.51,205592,483308,212
cloud-k3s-master1,1,2026-06-06 08:37:54 UTC,7062008,7475808,147692,1.86,37704,598200,199364,2.51,205592,483308,216
cloud-k3s-master1,1,2026-06-06 08:37:55 UTC,7062008,7475808,147684,1.86,37712,598200,199364,2.51,205592,483308,224
cloud-k3s-master1,1,2026-06-06 08:37:56 UTC,7062008,7475808,147676,1.86,37712,598208,199364,2.51,205592,483308,232
cloud-k3s-master1,1,2026-06-06 08:37:57 UTC,7062008,7475808,147668,1.86,37712,598216,199364,2.51,205592,483308,192
cloud-k3s-master1,1,2026-06-06 08:37:58 UTC,7062008,7475808,147668,1.86,37712,598216,199364,2.51,205592,483308,20
cloud-k3s-master1,1,2026-06-06 08:37:59 UTC,7062008,7475868,147648,1.86,37712,598236,199364,2.51,205592,483368,60
cloud-k3s-master1,1,2026-06-06 08:38:00 UTC,7062008,7475868,147644,1.86,37712,598240,199364,2.51,205592,483368,64
cloud-k3s-master1,1,2026-06-06 08:38:01 UTC,7062008,7475868,147644,1.86,37720,598232,199364,2.51,205592,483368,64
cloud-k3s-master1,1,2026-06-06 08:38:02 UTC,7062008,7475900,147620,1.86,37720,598256,199364,2.51,205592,483400,196
cloud-k3s-master1,1,2026-06-06 08:38:03 UTC,7062008,7475920,147616,1.86,37720,598260,199364,2.51,205592,483420,40
cloud-k3s-master1,1,2026-06-06 08:38:04 UTC,7062008,7475920,147608,1.86,37720,598268,199364,2.51,205592,483420,48
cloud-k3s-master1,1,2026-06-06 08:38:05 UTC,7062008,7475920,147600,1.86,37720,598276,199364,2.51,205592,483420,56
cloud-k3s-master1,1,2026-06-06 08:38:06 UTC,7062008,7475920,147596,1.86,37720,598280,199364,2.51,205592,483420,60
cloud-k3s-master1,1,2026-06-06 08:38:07 UTC,7062008,7475920,147580,1.86,37728,598288,199364,2.51,205592,483420,228
cloud-k3s-master1,1,2026-06-06 08:38:08 UTC,7062008,7475932,147568,1.86,37728,598296,199364,2.51,205592,483428,192
cloud-k3s-master1,1,2026-06-06 08:38:09 UTC,7062008,7475932,147568,1.86,37728,598296,199364,2.51,205592,483428,160
cloud-k3s-master1,1,2026-06-06 08:38:10 UTC,7062008,7475932,147556,1.86,37728,598308,199364,2.51,205592,483428,176
cloud-k3s-master1,1,2026-06-06 08:38:11 UTC,7062008,7475932,147548,1.86,37728,598316,199364,2.51,205592,483428,184
cloud-k3s-master1,1,2026-06-06 08:38:12 UTC,7062008,7475992,147540,1.86,37736,598316,199364,2.51,205592,483488,192
cloud-k3s-master1,1,2026-06-06 08:38:13 UTC,7062008,7475996,147528,1.86,37736,598328,199364,2.51,205592,483492,60
cloud-k3s-master1,1,2026-06-06 08:38:14 UTC,7062008,7475996,147520,1.86,37736,598336,199364,2.51,205592,483492,24
cloud-k3s-master1,1,2026-06-06 08:38:15 UTC,7061756,7475744,147764,1.86,37736,598344,199364,2.51,205592,483492,36
cloud-k3s-master1,1,2026-06-06 08:38:16 UTC,7061756,7475744,147760,1.86,37736,598348,199364,2.51,205592,483492,40
cloud-k3s-master1,1,2026-06-06 08:38:17 UTC,7061756,7475744,147752,1.86,37744,598348,199364,2.51,205592,483492,208
cloud-k3s-master1,1,2026-06-06 08:38:18 UTC,7061756,7475784,147736,1.86,37744,598364,199364,2.51,205592,483532,64
cloud-k3s-master1,1,2026-06-06 08:38:19 UTC,7061756,7475784,147732,1.86,37744,598368,199364,2.51,205592,483532,68
cloud-k3s-master1,1,2026-06-06 08:38:20 UTC,7061756,7475796,147724,1.86,37744,598376,199364,2.51,205592,483544,32
cloud-k3s-master1,1,2026-06-06 08:38:21 UTC,7061756,7475796,147716,1.86,37744,598384,199364,2.51,205592,483544,44
cloud-k3s-master1,1,2026-06-06 08:38:22 UTC,7061756,7475796,147712,1.86,37752,598380,199364,2.51,205592,483544,204
cloud-k3s-master1,1,2026-06-06 08:38:23 UTC,7061756,7475796,147696,1.86,37752,598396,199364,2.51,205592,483544,212
cloud-k3s-master1,1,2026-06-06 08:38:24 UTC,7061756,7475796,147688,1.86,37752,598404,199364,2.51,205592,483544,220
cloud-k3s-master1,1,2026-06-06 08:38:25 UTC,7061756,7475796,147684,1.86,37752,598408,199364,2.51,205592,483544,224
cloud-k3s-master1,1,2026-06-06 08:38:26 UTC,7061756,7475796,147676,1.86,37752,598416,199364,2.51,205592,483544,188
cloud-k3s-master1,1,2026-06-06 08:38:27 UTC,7061756,7475796,147668,1.86,37760,598416,199364,2.51,205592,483544,200
cloud-k3s-master1,1,2026-06-06 08:38:28 UTC,7061756,7475820,147652,1.86,37760,598432,199364,2.51,205592,483568,56
cloud-k3s-master1,1,2026-06-06 08:38:29 UTC,7061756,7475880,147648,1.86,37760,598436,199364,2.51,205592,483628,60
cloud-k3s-master1,1,2026-06-06 08:38:30 UTC,7061756,7475880,147636,1.86,37760,598444,199364,2.51,205592,483628,68
cloud-k3s-master1,1,2026-06-06 08:38:31 UTC,7061756,7475880,147628,1.86,37760,598452,199364,2.51,205592,483628,76
cloud-k3s-master1,1,2026-06-06 08:38:32 UTC,7061756,7475900,147624,1.86,37768,598448,199364,2.51,205592,483648,188
cloud-k3s-master1,1,2026-06-06 08:38:33 UTC,7061756,7475908,147608,1.86,37768,598464,199364,2.51,205592,483656,44
cloud-k3s-master1,1,2026-06-06 08:38:34 UTC,7061756,7475908,147600,1.86,37768,598472,199364,2.51,205592,483656,52
cloud-k3s-master1,1,2026-06-06 08:38:35 UTC,7061756,7475908,147596,1.86,37768,598476,199364,2.51,205592,483656,56
cloud-k3s-master1,1,2026-06-06 08:38:36 UTC,7061756,7475908,147588,1.86,37768,598484,199364,2.51,205592,483656,64
cloud-k3s-master1,1,2026-06-06 08:38:37 UTC,7061756,7475908,147588,1.86,37776,598476,199364,2.51,205592,483656,64
cloud-k3s-master1,1,2026-06-06 08:38:38 UTC,7061756,7475908,147568,1.86,37776,598496,199364,2.51,205592,483656,192
cloud-k3s-master1,1,2026-06-06 08:38:39 UTC,7061756,7475908,147560,1.86,37776,598504,199364,2.51,205592,483656,204
cloud-k3s-master1,1,2026-06-06 08:38:40 UTC,7061756,7475908,147552,1.86,37776,598512,199364,2.51,205592,483656,212
cloud-k3s-master1,1,2026-06-06 08:38:41 UTC,7061756,7475908,147548,1.86,37776,598516,199364,2.51,205592,483656,216
cloud-k3s-master1,1,2026-06-06 08:38:42 UTC,7061756,7475968,147540,1.86,37784,598516,199364,2.51,205592,483716,224
cloud-k3s-master1,1,2026-06-06 08:38:43 UTC,7061756,7475996,147524,1.86,37784,598532,199364,2.51,205592,483744,40
cloud-k3s-master1,1,2026-06-06 08:38:44 UTC,7061756,7475996,147520,1.86,37784,598536,199364,2.51,205592,483744,0
cloud-k3s-master1,1,2026-06-06 08:38:45 UTC,7061756,7475996,147520,1.86,37784,598536,199364,2.51,205592,483744,0
cloud-k3s-master1,1,2026-06-06 08:38:46 UTC,7061756,7475996,147520,1.86,37784,598536,199364,2.51,205592,483744,0
cloud-k3s-master1,1,2026-06-06 08:38:47 UTC,7061756,7475996,147500,1.86,37792,598548,199364,2.51,205592,483744,180
cloud-k3s-master1,1,2026-06-06 08:38:48 UTC,7061756,7475996,147492,1.86,37792,598556,199364,2.51,205592,483744,188
cloud-k3s-master1,1,2026-06-06 08:38:49 UTC,7061756,7475996,147476,1.86,37792,598572,199364,2.51,205592,483744,68
cloud-k3s-master1,1,2026-06-06 08:38:50 UTC,7061756,7475996,147468,1.86,37792,598580,199364,2.51,205592,483744,28
cloud-k3s-master1,1,2026-06-06 08:38:51 UTC,7061756,7475996,147468,1.86,37792,598580,199364,2.51,205592,483744,28
cloud-k3s-master1,1,2026-06-06 08:38:52 UTC,7061756,7476056,147448,1.86,37800,598592,199364,2.51,205592,483804,200
cloud-k3s-master1,1,2026-06-06 08:38:53 UTC,7061504,7475808,147688,1.86,37800,598600,199364,2.51,205592,483804,204
cloud-k3s-master1,1,2026-06-06 08:38:54 UTC,7061504,7475808,147684,1.86,37800,598604,199364,2.51,205592,483804,208
cloud-k3s-master1,1,2026-06-06 08:38:55 UTC,7061504,7475808,147676,1.86,37800,598612,199364,2.51,205592,483804,216
cloud-k3s-master1,1,2026-06-06 08:38:56 UTC,7061504,7475808,147676,1.86,37800,598612,199364,2.51,205592,483804,216
cloud-k3s-master1,1,2026-06-06 08:38:57 UTC,7061504,7475832,147656,1.86,37808,598624,199364,2.51,205592,483828,32
cloud-k3s-master1,1,2026-06-06 08:38:58 UTC,7061504,7475832,147648,1.86,37808,598632,199364,2.51,205592,483828,40
cloud-k3s-master1,1,2026-06-06 08:38:59 UTC,7061504,7475832,147648,1.86,37808,598632,199364,2.51,205592,483828,44
cloud-k3s-master1,1,2026-06-06 08:39:00 UTC,7061504,7475832,147648,1.86,37808,598632,199364,2.51,205592,483828,44
cloud-k3s-master1,1,2026-06-06 08:39:01 UTC,7061504,7475892,147628,1.86,37808,598652,199364,2.51,205592,483888,64
cloud-k3s-master1,1,2026-06-06 08:39:02 UTC,7061504,7475896,147612,1.86,37816,598660,199364,2.51,205592,483892,188
cloud-k3s-master1,1,2026-06-06 08:39:03 UTC,7061504,7475900,147604,1.86,37816,598668,199364,2.51,205592,483896,36
cloud-k3s-master1,1,2026-06-06 08:39:04 UTC,7061504,7475900,147596,1.86,37816,598676,199364,2.51,205592,483896,44
cloud-k3s-master1,1,2026-06-06 08:39:05 UTC,7061504,7475900,147588,1.86,37816,598684,199364,2.51,205592,483896,52
cloud-k3s-master1,1,2026-06-06 08:39:06 UTC,7061504,7475900,147584,1.86,37816,598688,199364,2.51,205592,483896,56
cloud-k3s-master1,1,2026-06-06 08:39:07 UTC,7061504,7475900,147584,1.86,37824,598680,199364,2.51,205592,483896,56
cloud-k3s-master1,1,2026-06-06 08:39:08 UTC,7061504,7475900,147584,1.86,37824,598680,199364,2.51,205592,483896,228
cloud-k3s-master1,1,2026-06-06 08:39:09 UTC,7061504,7475960,147552,1.86,37824,598712,199364,2.51,205592,483956,204
cloud-k3s-master1,1,2026-06-06 08:39:10 UTC,7061504,7475960,147548,1.86,37824,598716,199364,2.51,205592,483956,208
cloud-k3s-master1,1,2026-06-06 08:39:11 UTC,7061504,7475960,147548,1.86,37824,598716,199364,2.51,205592,483956,208
cloud-k3s-master1,1,2026-06-06 08:39:12 UTC,7061504,7475984,147532,1.86,37832,598732,199364,2.51,205592,483980,64
cloud-k3s-master1,1,2026-06-06 08:39:13 UTC,7061504,7475984,147528,1.86,37832,598736,199364,2.51,205592,483980,68
cloud-k3s-master1,1,2026-06-06 08:39:14 UTC,7061504,7475984,147520,1.86,37832,598744,199364,2.51,205592,483980,32
cloud-k3s-master1,1,2026-06-06 08:39:15 UTC,7061504,7475984,147512,1.86,37832,598752,199364,2.51,205592,483980,44
cloud-k3s-master1,1,2026-06-06 08:39:16 UTC,7061504,7475984,147504,1.86,37832,598756,199364,2.51,205592,483980,48
cloud-k3s-master1,1,2026-06-06 08:39:17 UTC,7061504,7475984,147504,1.86,37840,598748,199364,2.51,205592,483980,48
cloud-k3s-master1,1,2026-06-06 08:39:18 UTC,7061504,7475984,147504,1.86,37840,598748,199364,2.51,205592,483980,220
cloud-k3s-master1,1,2026-06-06 08:39:19 UTC,7061504,7476044,147476,1.86,37840,598776,199364,2.51,205592,484040,196
cloud-k3s-master1,1,2026-06-06 08:39:20 UTC,7061504,7476052,147468,1.86,37840,598784,199364,2.51,205592,484048,160
cloud-k3s-master1,1,2026-06-06 08:39:21 UTC,7061504,7476052,147460,1.86,37840,598792,199364,2.51,205592,484048,172
cloud-k3s-master1,1,2026-06-06 08:39:22 UTC,7061504,7476052,147448,1.86,37848,598796,199364,2.51,205592,484048,212
cloud-k3s-master1,1,2026-06-06 08:39:23 UTC,7061504,7476088,147432,1.86,37848,598804,199364,2.51,205592,484084,216
cloud-k3s-master1,1,2026-06-06 08:39:24 UTC,7061504,7476088,147424,1.86,37848,598812,199364,2.51,205592,484084,224
cloud-k3s-master1,1,2026-06-06 08:39:25 UTC,7061504,7476088,147420,1.86,37848,598816,199364,2.51,205592,484084,228
cloud-k3s-master1,1,2026-06-06 08:39:26 UTC,7061504,7476096,147412,1.86,37848,598824,199364,2.51,205592,484092,192
cloud-k3s-master1,1,2026-06-06 08:39:27 UTC,7061504,7476096,147404,1.86,37856,598824,199364,2.51,205592,484092,204
cloud-k3s-master1,1,2026-06-06 08:39:28 UTC,7061504,7476096,147392,1.86,37856,598836,199364,2.51,205592,484092,228
cloud-k3s-master1,1,2026-06-06 08:39:29 UTC,7061504,7476096,147384,1.86,37856,598844,199364,2.51,205592,484092,236
cloud-k3s-master1,1,2026-06-06 08:39:30 UTC,7061252,7475844,147636,1.86,37856,598844,199364,2.51,205592,484092,236
cloud-k3s-master1,1,2026-06-06 08:39:31 UTC,7059248,7473896,149624,1.89,37856,598860,202340,2.55,206804,484148,252
cloud-k3s-master1,1,2026-06-06 08:39:32 UTC,7059248,7473916,149604,1.89,37864,598856,202812,2.56,207280,484160,316
cloud-k3s-master1,1,2026-06-06 08:39:33 UTC,7059248,7473916,149588,1.89,37864,598872,202812,2.56,207280,484160,336
cloud-k3s-master1,1,2026-06-06 08:39:34 UTC,7062984,7477676,145844,1.84,37864,598880,199364,2.51,205592,484184,364
cloud-k3s-master1,1,2026-06-06 08:39:35 UTC,7062228,7476920,146596,1.85,37864,598884,199364,2.51,205592,484184,368
cloud-k3s-master1,1,2026-06-06 08:39:36 UTC,7062228,7476920,146588,1.85,37864,598892,199364,2.51,205592,484184,376
cloud-k3s-master1,1,2026-06-06 08:39:37 UTC,7062228,7476920,146580,1.85,37872,598892,199364,2.51,205592,484184,384
cloud-k3s-master1,1,2026-06-06 08:39:38 UTC,7062228,7476920,146568,1.85,37872,598904,199364,2.51,205592,484184,356
cloud-k3s-master1,1,2026-06-06 08:39:39 UTC,7061976,7476704,146808,1.85,37872,598912,199364,2.51,205592,484216,360
cloud-k3s-master1,1,2026-06-06 08:39:40 UTC,7061976,7476704,146808,1.85,37872,598912,199364,2.51,205592,484216,360
cloud-k3s-master1,1,2026-06-06 08:39:41 UTC,7061976,7476704,146796,1.85,37872,598924,199364,2.51,205592,484216,372
cloud-k3s-master1,1,2026-06-06 08:39:42 UTC,7061976,7476704,146788,1.85,37880,598924,199364,2.51,205592,484216,380
cloud-k3s-master1,1,2026-06-06 08:39:43 UTC,7061976,7476704,146772,1.85,37880,598940,199364,2.51,205592,484216,404
cloud-k3s-master1,1,2026-06-06 08:39:44 UTC,7061976,7476736,146768,1.85,37880,598944,199364,2.51,205592,484248,40
cloud-k3s-master1,1,2026-06-06 08:39:45 UTC,7061976,7476736,146760,1.85,37880,598952,199364,2.51,205592,484248,52
cloud-k3s-master1,1,2026-06-06 08:39:46 UTC,7061976,7476736,146752,1.85,37880,598960,199364,2.51,205592,484248,60
cloud-k3s-master1,1,2026-06-06 08:39:47 UTC,7061976,7476736,146752,1.85,37888,598952,199364,2.51,205592,484248,60
cloud-k3s-master1,1,2026-06-06 08:39:48 UTC,7061976,7476736,146732,1.85,37888,598972,199364,2.51,205592,484248,228
cloud-k3s-master1,1,2026-06-06 08:39:49 UTC,7061976,7476736,146724,1.85,37888,598980,199364,2.51,205592,484248,236
cloud-k3s-master1,1,2026-06-06 08:39:50 UTC,7061976,7476736,146720,1.85,37888,598984,199364,2.51,205592,484248,196
cloud-k3s-master1,1,2026-06-06 08:39:51 UTC,7061976,7476736,146712,1.85,37888,598992,199364,2.51,205592,484248,208
cloud-k3s-master1,1,2026-06-06 08:39:52 UTC,7061976,7476736,146704,1.85,37896,598992,199364,2.51,205592,484248,220
cloud-k3s-master1,1,2026-06-06 08:39:53 UTC,7061976,7476796,146688,1.85,37896,599008,199364,2.51,205592,484308,32
cloud-k3s-master1,1,2026-06-06 08:39:54 UTC,7061976,7476796,146684,1.85,37896,599012,199364,2.51,205592,484308,36
cloud-k3s-master1,1,2026-06-06 08:39:55 UTC,7061976,7476796,146676,1.85,37896,599020,199364,2.51,205592,484308,44
cloud-k3s-master1,1,2026-06-06 08:39:56 UTC,7061976,7476828,146668,1.85,37896,599028,199364,2.51,205592,484340,4
cloud-k3s-master1,1,2026-06-06 08:39:57 UTC,7061976,7476828,146664,1.85,37904,599024,199364,2.51,205592,484340,12
cloud-k3s-master1,1,2026-06-06 08:39:58 UTC,7061976,7476836,146648,1.85,37904,599040,199364,2.51,205592,484348,196
cloud-k3s-master1,1,2026-06-06 08:39:59 UTC,7061976,7476836,146640,1.85,37904,599048,199364,2.51,205592,484348,204
cloud-k3s-master1,1,2026-06-06 08:40:00 UTC,7061976,7476836,146636,1.85,37904,599052,199364,2.51,205592,484348,208
cloud-k3s-master1,1,2026-06-06 08:40:01 UTC,7061976,7476836,146628,1.85,37904,599060,199364,2.51,205592,484348,216
cloud-k3s-master1,1,2026-06-06 08:40:02 UTC,7061976,7476900,146616,1.85,37912,599060,199364,2.51,205592,484412,184
cloud-k3s-master1,1,2026-06-06 08:40:03 UTC,7061976,7476900,146604,1.85,37912,599072,199364,2.51,205592,484412,204
cloud-k3s-master1,1,2026-06-06 08:40:04 UTC,7061976,7476900,146596,1.85,37912,599080,199364,2.51,205592,484412,212
cloud-k3s-master1,1,2026-06-06 08:40:05 UTC,7061976,7476900,146588,1.85,37912,599088,199364,2.51,205592,484412,220
cloud-k3s-master1,1,2026-06-06 08:40:06 UTC,7061976,7476900,146584,1.85,37912,599092,199364,2.51,205592,484412,224
cloud-k3s-master1,1,2026-06-06 08:40:07 UTC,7061976,7476900,146584,1.85,37920,599084,199364,2.51,205592,484412,224
cloud-k3s-master1,1,2026-06-06 08:40:08 UTC,7061976,7476916,146560,1.85,37920,599108,199364,2.51,205592,484428,204
cloud-k3s-master1,1,2026-06-06 08:40:09 UTC,7061976,7476916,146556,1.85,37920,599112,199364,2.51,205592,484428,212
cloud-k3s-master1,1,2026-06-06 08:40:10 UTC,7061976,7476916,146556,1.85,37920,599112,199364,2.51,205592,484428,212
cloud-k3s-master1,1,2026-06-06 08:40:11 UTC,7061976,7476976,146540,1.85,37920,599128,199364,2.51,205592,484488,228
cloud-k3s-master1,1,2026-06-06 08:40:12 UTC,7061976,7476976,146532,1.85,37928,599128,199364,2.51,205592,484488,240
cloud-k3s-master1,1,2026-06-06 08:40:13 UTC,7061976,7476976,146524,1.85,37928,599136,199364,2.51,205592,484488,252
cloud-k3s-master1,1,2026-06-06 08:40:14 UTC,7061976,7476976,146524,1.85,37928,599136,199364,2.51,205592,484488,252
cloud-k3s-master1,1,2026-06-06 08:40:15 UTC,7061976,7476976,146504,1.85,37928,599156,199364,2.51,205592,484488,232
cloud-k3s-master1,1,2026-06-06 08:40:16 UTC,7061976,7476976,146500,1.85,37928,599160,199364,2.51,205592,484488,236
cloud-k3s-master1,1,2026-06-06 08:40:17 UTC,7061976,7476976,146500,1.85,37936,599152,199364,2.51,205592,484488,236
cloud-k3s-master1,1,2026-06-06 08:40:18 UTC,7061976,7476976,146500,1.85,37936,599152,199364,2.51,205592,484488,236
cloud-k3s-master1,1,2026-06-06 08:40:19 UTC,7059964,7475040,148476,1.87,37936,599184,199364,2.51,205576,484560,376
cloud-k3s-master1,1,2026-06-06 08:40:20 UTC,7059964,7475040,148468,1.87,37936,599192,199364,2.51,205576,484560,384
cloud-k3s-master1,1,2026-06-06 08:40:21 UTC,7059964,7475040,148468,1.87,37936,599192,199364,2.51,205576,484560,340
cloud-k3s-master1,1,2026-06-06 08:40:22 UTC,7059964,7475040,148448,1.87,37944,599204,199364,2.51,205576,484560,372
cloud-k3s-master1,1,2026-06-06 08:40:23 UTC,7059964,7475040,148440,1.87,37944,599212,199364,2.51,205576,484560,208
cloud-k3s-master1,1,2026-06-06 08:40:24 UTC,7059964,7475076,148432,1.87,37944,599220,199364,2.51,205576,484596,64
cloud-k3s-master1,1,2026-06-06 08:40:25 UTC,7059964,7475076,148424,1.87,37944,599224,199364,2.51,205576,484596,64
cloud-k3s-master1,1,2026-06-06 08:40:26 UTC,7059964,7475076,148424,1.87,37944,599224,199364,2.51,205576,484596,20
cloud-k3s-master1,1,2026-06-06 08:40:27 UTC,7059964,7475076,148408,1.87,37952,599232,199364,2.51,205576,484596,44
cloud-k3s-master1,1,2026-06-06 08:40:28 UTC,7059964,7475076,148404,1.87,37952,599236,199364,2.51,205576,484596,48
cloud-k3s-master1,1,2026-06-06 08:40:29 UTC,7059964,7475076,148396,1.87,37952,599244,199364,2.51,205576,484596,176
cloud-k3s-master1,1,2026-06-06 08:40:30 UTC,7059964,7475076,148380,1.87,37952,599260,199364,2.51,205576,484596,192
cloud-k3s-master1,1,2026-06-06 08:40:31 UTC,7059964,7475076,148376,1.87,37952,599264,199364,2.51,205576,484596,196
cloud-k3s-master1,1,2026-06-06 08:40:32 UTC,7059964,7475128,148368,1.87,37960,599264,199364,2.51,205576,484648,160
cloud-k3s-master1,1,2026-06-06 08:40:33 UTC,7059964,7475128,148352,1.87,37960,599280,199364,2.51,205576,484648,204
cloud-k3s-master1,1,2026-06-06 08:40:34 UTC,7059964,7475128,148344,1.87,37960,599288,199364,2.51,205576,484648,212
cloud-k3s-master1,1,2026-06-06 08:40:35 UTC,7059964,7475128,148340,1.87,37960,599292,199364,2.51,205576,484648,216
cloud-k3s-master1,1,2026-06-06 08:40:36 UTC,7059964,7475128,148332,1.87,37960,599300,199364,2.51,205576,484648,224
cloud-k3s-master1,1,2026-06-06 08:40:37 UTC,7059964,7475128,148324,1.87,37968,599300,199364,2.51,205576,484648,236
cloud-k3s-master1,1,2026-06-06 08:40:38 UTC,7059964,7475168,148312,1.87,37968,599312,199364,2.51,205576,484688,212
cloud-k3s-master1,1,2026-06-06 08:40:39 UTC,7059964,7475168,148304,1.87,37968,599320,199364,2.51,205576,484688,224
cloud-k3s-master1,1,2026-06-06 08:40:40 UTC,7059964,7475168,148296,1.87,37968,599328,199364,2.51,205576,484688,232
cloud-k3s-master1,1,2026-06-06 08:40:41 UTC,7059964,7475168,148296,1.87,37968,599328,199364,2.51,205576,484688,232
cloud-k3s-master1,1,2026-06-06 08:40:42 UTC,7059964,7475196,148276,1.87,37976,599340,199364,2.51,205576,484716,252
cloud-k3s-master1,1,2026-06-06 08:40:43 UTC,7059964,7475196,148268,1.87,37976,599348,199364,2.51,205576,484716,260
cloud-k3s-master1,1,2026-06-06 08:40:44 UTC,7059964,7475204,148264,1.87,37976,599352,199364,2.51,205576,484724,220
cloud-k3s-master1,1,2026-06-06 08:40:45 UTC,7059964,7475204,148264,1.87,37976,599352,199364,2.51,205576,484724,220
cloud-k3s-master1,1,2026-06-06 08:40:46 UTC,7059964,7475204,148248,1.87,37976,599368,199364,2.51,205576,484724,240
cloud-k3s-master1,1,2026-06-06 08:40:47 UTC,7059964,7475204,148244,1.87,37984,599364,199364,2.51,205576,484724,244
cloud-k3s-master1,1,2026-06-06 08:40:48 UTC,7059964,7475208,148224,1.87,37984,599380,199364,2.51,205576,484724,268
cloud-k3s-master1,1,2026-06-06 08:40:49 UTC,7059964,7475208,148216,1.87,37984,599388,199364,2.51,205576,484724,276
cloud-k3s-master1,1,2026-06-06 08:40:50 UTC,7059964,7475260,148212,1.87,37984,599392,199364,2.51,205576,484776,236
cloud-k3s-master1,1,2026-06-06 08:40:51 UTC,7059964,7475260,148204,1.87,37984,599400,199364,2.51,205576,484776,248
cloud-k3s-master1,1,2026-06-06 08:40:52 UTC,7059964,7475260,148196,1.87,37992,599400,199364,2.51,205576,484776,256
cloud-k3s-master1,1,2026-06-06 08:40:53 UTC,7059964,7475308,148184,1.87,37992,599412,199364,2.51,205592,484824,268
cloud-k3s-master1,1,2026-06-06 08:40:54 UTC,7059964,7475308,148184,1.87,37992,599412,199364,2.51,205592,484824,268
cloud-k3s-master1,1,2026-06-06 08:40:55 UTC,7059964,7475308,148168,1.87,37992,599428,199364,2.51,205592,484824,284
cloud-k3s-master1,1,2026-06-06 08:40:56 UTC,7059964,7475308,148160,1.87,37992,599436,199364,2.51,205592,484824,292
cloud-k3s-master1,1,2026-06-06 08:40:57 UTC,7059964,7475308,148152,1.87,38000,599436,199364,2.51,205592,484824,248
cloud-k3s-master1,1,2026-06-06 08:40:58 UTC,7059964,7475364,148140,1.87,38000,599448,199364,2.51,205592,484880,52
cloud-k3s-master1,1,2026-06-06 08:40:59 UTC,7059964,7475364,148132,1.87,38000,599456,199364,2.51,205592,484880,60
cloud-k3s-master1,1,2026-06-06 08:41:00 UTC,7059964,7475364,148132,1.87,38000,599456,199364,2.51,205592,484880,60
cloud-k3s-master1,1,2026-06-06 08:41:01 UTC,7059964,7475364,148120,1.87,38000,599468,199364,2.51,205592,484880,72
cloud-k3s-master1,1,2026-06-06 08:41:02 UTC,7059964,7475372,148112,1.87,38000,599476,199364,2.51,205592,484888,192
cloud-k3s-master1,1,2026-06-06 08:41:03 UTC,7059964,7475372,148112,1.87,38008,599468,199364,2.51,205592,484888,192
cloud-k3s-master1,1,2026-06-06 08:41:04 UTC,7059964,7475380,148092,1.87,38008,599488,199364,2.51,205592,484896,172
cloud-k3s-master1,1,2026-06-06 08:41:05 UTC,7059964,7475380,148084,1.87,38008,599496,199364,2.51,205592,484896,180
cloud-k3s-master1,1,2026-06-06 08:41:06 UTC,7059964,7475380,148080,1.87,38008,599500,199364,2.51,205592,484896,184
cloud-k3s-master1,1,2026-06-06 08:41:07 UTC,7059964,7475440,148072,1.87,38008,599508,199364,2.51,205592,484956,196
cloud-k3s-master1,1,2026-06-06 08:41:08 UTC,7059964,7475440,148052,1.87,38016,599516,199364,2.51,205592,484956,224
cloud-k3s-master1,1,2026-06-06 08:41:09 UTC,7059964,7475440,148052,1.87,38016,599516,199364,2.51,205592,484956,24
cloud-k3s-master1,1,2026-06-06 08:41:10 UTC,7059964,7475440,148052,1.87,38016,599516,199364,2.51,205592,484956,24
cloud-k3s-master1,1,2026-06-06 08:41:11 UTC,7059964,7475440,148032,1.87,38016,599536,199364,2.51,205592,484956,48
cloud-k3s-master1,1,2026-06-06 08:41:12 UTC,7059964,7475440,148028,1.87,38016,599540,199364,2.51,205592,484956,52
cloud-k3s-master1,1,2026-06-06 08:41:13 UTC,7059964,7475440,148028,1.87,38024,599532,199364,2.51,205592,484956,208
cloud-k3s-master1,1,2026-06-06 08:41:14 UTC,7059964,7475500,148004,1.87,38024,599556,199364,2.51,205592,485016,176
cloud-k3s-master1,1,2026-06-06 08:41:15 UTC,7059964,7475500,147996,1.87,38024,599564,199364,2.51,205592,485016,188
cloud-k3s-master1,1,2026-06-06 08:41:16 UTC,7059964,7475500,147992,1.87,38024,599568,199364,2.51,205592,485016,192
cloud-k3s-master1,1,2026-06-06 08:41:17 UTC,7059964,7475500,147984,1.87,38024,599576,199364,2.51,205592,485016,200
cloud-k3s-master1,1,2026-06-06 08:41:18 UTC,7059964,7475500,147976,1.87,38024,599584,199364,2.51,205592,485016,208
cloud-k3s-master1,1,2026-06-06 08:41:19 UTC,7059964,7475500,147964,1.87,38032,599588,199364,2.51,205592,485016,240
cloud-k3s-master1,1,2026-06-06 08:41:20 UTC,7059964,7475500,147956,1.87,38032,599596,199364,2.51,205592,485016,204
cloud-k3s-master1,1,2026-06-06 08:41:21 UTC,7059964,7475500,147948,1.87,38032,599604,199364,2.51,205592,485016,216
cloud-k3s-master1,1,2026-06-06 08:41:22 UTC,7059964,7475500,147944,1.87,38032,599608,199364,2.51,205592,485016,220
cloud-k3s-master1,1,2026-06-06 08:41:23 UTC,7059964,7475568,147936,1.87,38032,599616,199364,2.51,205592,485084,236
cloud-k3s-master1,1,2026-06-06 08:41:24 UTC,7059964,7475568,147928,1.87,38032,599624,199364,2.51,205592,485084,216
cloud-k3s-master1,1,2026-06-06 08:41:25 UTC,7059964,7475568,147924,1.86,38040,599620,199364,2.51,205592,485084,220
cloud-k3s-master1,1,2026-06-06 08:41:26 UTC,7059964,7475568,147908,1.86,38040,599636,199364,2.51,205592,485084,212
cloud-k3s-master1,1,2026-06-06 08:41:27 UTC,7059964,7475568,147908,1.86,38040,599636,199364,2.51,205592,485084,212
cloud-k3s-master1,1,2026-06-06 08:41:28 UTC,7059964,7475568,147896,1.86,38040,599648,199364,2.51,205592,485084,248
cloud-k3s-master1,1,2026-06-06 08:41:29 UTC,7059964,7475568,147888,1.86,38040,599656,199364,2.51,205592,485084,256
cloud-k3s-master1,1,2026-06-06 08:41:30 UTC,7059964,7475620,147880,1.86,38040,599664,199364,2.51,205592,485136,236
cloud-k3s-master1,1,2026-06-06 08:41:31 UTC,7059964,7475620,147868,1.86,38048,599668,199364,2.51,205592,485136,268
cloud-k3s-master1,1,2026-06-06 08:41:32 UTC,7059964,7475636,147856,1.86,38048,599676,199364,2.51,205592,485148,232
cloud-k3s-master1,1,2026-06-06 08:41:33 UTC,7059964,7475652,147848,1.86,38048,599684,199364,2.51,205592,485164,252
cloud-k3s-master1,1,2026-06-06 08:41:34 UTC,7059964,7475652,147844,1.86,38048,599688,199364,2.51,205592,485164,256
cloud-k3s-master1,1,2026-06-06 08:41:35 UTC,7059964,7475652,147836,1.86,38048,599696,199364,2.51,205592,485164,264
cloud-k3s-master1,1,2026-06-06 08:41:36 UTC,7059964,7475652,147828,1.86,38048,599704,199364,2.51,205592,485164,272
cloud-k3s-master1,1,2026-06-06 08:41:37 UTC,7059712,7475400,148080,1.87,38056,599696,199364,2.51,205592,485164,256
cloud-k3s-master1,1,2026-06-06 08:41:38 UTC,7059712,7475400,148080,1.87,38056,599696,199364,2.51,205592,485164,256
cloud-k3s-master1,1,2026-06-06 08:41:39 UTC,7059712,7475408,148052,1.87,38056,599724,199364,2.51,205592,485172,44
cloud-k3s-master1,1,2026-06-06 08:41:40 UTC,7059712,7475408,148044,1.87,38056,599732,199364,2.51,205592,485172,52
cloud-k3s-master1,1,2026-06-06 08:41:41 UTC,7059712,7475408,148044,1.87,38056,599732,199364,2.51,205592,485172,52
cloud-k3s-master1,1,2026-06-06 08:41:42 UTC,7059712,7475468,148024,1.87,38064,599744,199364,2.51,205592,485232,216
cloud-k3s-master1,1,2026-06-06 08:41:43 UTC,7059712,7475468,148016,1.87,38064,599752,199364,2.51,205592,485232,224
cloud-k3s-master1,1,2026-06-06 08:41:44 UTC,7059712,7475468,148016,1.87,38064,599752,199364,2.51,205592,485232,224
cloud-k3s-master1,1,2026-06-06 08:41:45 UTC,7059712,7475468,148004,1.87,38064,599764,199364,2.51,205592,485232,196
cloud-k3s-master1,1,2026-06-06 08:41:46 UTC,7059712,7475468,147996,1.87,38064,599772,199364,2.51,205592,485232,204
cloud-k3s-master1,1,2026-06-06 08:41:47 UTC,7059712,7475468,147996,1.87,38072,599764,199364,2.51,205592,485232,204
cloud-k3s-master1,1,2026-06-06 08:41:48 UTC,7059712,7475468,147996,1.87,38072,599764,199364,2.51,205592,485232,204
cloud-k3s-master1,1,2026-06-06 08:41:49 UTC,7059712,7475532,147968,1.87,38072,599792,199364,2.51,205592,485296,212
cloud-k3s-master1,1,2026-06-06 08:41:50 UTC,7059712,7475532,147964,1.87,38072,599796,199364,2.51,205592,485296,172
cloud-k3s-master1,1,2026-06-06 08:41:51 UTC,7059712,7475532,147956,1.87,38072,599804,199364,2.51,205592,485296,184
cloud-k3s-master1,1,2026-06-06 08:41:52 UTC,7059712,7475532,147948,1.87,38080,599804,199364,2.51,205592,485296,192
cloud-k3s-master1,1,2026-06-06 08:41:53 UTC,7059460,7475280,148184,1.87,38080,599816,199364,2.51,205592,485296,228
cloud-k3s-master1,1,2026-06-06 08:41:54 UTC,7059460,7475280,148176,1.87,38080,599824,199364,2.51,205592,485296,236
cloud-k3s-master1,1,2026-06-06 08:41:55 UTC,7059460,7475280,148176,1.87,38080,599824,199364,2.51,205592,485296,236
cloud-k3s-master1,1,2026-06-06 08:41:56 UTC,7059460,7475280,148176,1.87,38080,599824,199364,2.51,205592,485296,236
cloud-k3s-master1,1,2026-06-06 08:41:57 UTC,7059460,7475340,148148,1.87,38088,599844,199364,2.51,205592,485356,216
cloud-k3s-master1,1,2026-06-06 08:41:58 UTC,7059460,7475340,148140,1.87,38088,599852,199364,2.51,205592,485356,200
cloud-k3s-master1,1,2026-06-06 08:41:59 UTC,7059460,7475340,148140,1.87,38088,599852,199364,2.51,205592,485356,212
cloud-k3s-master1,1,2026-06-06 08:42:00 UTC,7059460,7475340,148140,1.87,38088,599852,199364,2.51,205592,485356,212
cloud-k3s-master1,1,2026-06-06 08:42:01 UTC,7059460,7475340,148120,1.87,38088,599872,199364,2.51,205592,485356,232
cloud-k3s-master1,1,2026-06-06 08:42:02 UTC,7059460,7475400,148104,1.87,38096,599880,199364,2.51,205592,485416,228
cloud-k3s-master1,1,2026-06-06 08:42:03 UTC,7059460,7475400,148100,1.87,38096,599884,199364,2.51,205592,485416,236
cloud-k3s-master1,1,2026-06-06 08:42:04 UTC,7059220,7475168,148312,1.87,38096,599892,199364,2.51,205592,485416,244
cloud-k3s-master1,1,2026-06-06 08:42:05 UTC,7059220,7475168,148304,1.87,38096,599900,199364,2.51,205592,485416,252
cloud-k3s-master1,1,2026-06-06 08:42:06 UTC,7059220,7475168,148304,1.87,38096,599900,199364,2.51,205592,485416,252
cloud-k3s-master1,1,2026-06-06 08:42:07 UTC,7059220,7475168,148284,1.87,38104,599912,199364,2.51,205592,485416,264
cloud-k3s-master1,1,2026-06-06 08:42:08 UTC,7059220,7475168,148276,1.87,38104,599920,199364,2.51,205592,485416,272
cloud-k3s-master1,1,2026-06-06 08:42:09 UTC,7059220,7475172,148272,1.87,38104,599924,199364,2.51,205592,485420,228
cloud-k3s-master1,1,2026-06-06 08:42:10 UTC,7059220,7475232,148260,1.87,38104,599936,199364,2.51,205592,485480,244
cloud-k3s-master1,1,2026-06-06 08:42:11 UTC,7059220,7475232,148252,1.87,38104,599944,199364,2.51,205592,485480,252
cloud-k3s-master1,1,2026-06-06 08:42:12 UTC,7059220,7475232,148252,1.87,38112,599936,199364,2.51,205592,485480,252
cloud-k3s-master1,1,2026-06-06 08:42:13 UTC,7059220,7475236,148228,1.87,38112,599956,199364,2.51,205592,485480,128
cloud-k3s-master1,1,2026-06-06 08:42:14 UTC,7059220,7475236,148220,1.87,38112,599964,199364,2.51,205592,485480,136
cloud-k3s-master1,1,2026-06-06 08:42:15 UTC,7059220,7475236,148220,1.87,38112,599964,199364,2.51,205592,485480,24
cloud-k3s-master1,1,2026-06-06 08:42:16 UTC,7059220,7475236,148220,1.87,38112,599964,199364,2.51,205592,485480,24
cloud-k3s-master1,1,2026-06-06 08:42:17 UTC,7059220,7475296,148192,1.87,38120,599984,199364,2.51,205592,485540,56
cloud-k3s-master1,1,2026-06-06 08:42:18 UTC,7059220,7475296,148184,1.87,38120,599992,199364,2.51,205592,485540,64
cloud-k3s-master1,1,2026-06-06 08:42:19 UTC,7059220,7475296,148184,1.87,38120,599992,199364,2.51,205592,485540,192
cloud-k3s-master1,1,2026-06-06 08:42:20 UTC,7059220,7475320,148172,1.87,38120,600004,199364,2.51,205592,485564,160
cloud-k3s-master1,1,2026-06-06 08:42:21 UTC,7059220,7475320,148164,1.87,38120,600012,199364,2.51,205592,485564,172
cloud-k3s-master1,1,2026-06-06 08:42:22 UTC,7059220,7475332,148160,1.87,38128,600008,199364,2.51,205592,485576,172
cloud-k3s-master1,1,2026-06-06 08:42:23 UTC,7059220,7475332,148144,1.87,38128,600024,199364,2.51,205592,485576,220
cloud-k3s-master1,1,2026-06-06 08:42:24 UTC,7059220,7475332,148144,1.87,38128,600024,199364,2.51,205592,485576,220
cloud-k3s-master1,1,2026-06-06 08:42:25 UTC,7059220,7475332,148132,1.87,38128,600036,199364,2.51,205592,485576,232
cloud-k3s-master1,1,2026-06-06 08:42:26 UTC,7059220,7475332,148124,1.87,38128,600044,199364,2.51,205592,485576,240
cloud-k3s-master1,1,2026-06-06 08:42:27 UTC,7059220,7475332,148124,1.87,38136,600036,199364,2.51,205592,485576,184
cloud-k3s-master1,1,2026-06-06 08:42:28 UTC,7059220,7475332,148124,1.87,38136,600036,199364,2.51,205592,485576,184
cloud-k3s-master1,1,2026-06-06 08:42:29 UTC,7059220,7475332,148096,1.87,38136,600064,199364,2.51,205592,485576,212
cloud-k3s-master1,1,2026-06-06 08:42:30 UTC,7059220,7475392,148088,1.87,38136,600072,199364,2.51,205592,485636,220
cloud-k3s-master1,1,2026-06-06 08:42:31 UTC,7059220,7475392,148088,1.87,38136,600072,199364,2.51,205592,485636,220
cloud-k3s-master1,1,2026-06-06 08:42:32 UTC,7059220,7475416,148064,1.87,38144,600084,199364,2.51,205592,485660,208
cloud-k3s-master1,1,2026-06-06 08:42:33 UTC,7059220,7475416,148056,1.87,38144,600092,199364,2.51,205592,485660,232
cloud-k3s-master1,1,2026-06-06 08:42:34 UTC,7059220,7475416,148052,1.87,38144,600096,199364,2.51,205592,485660,236
cloud-k3s-master1,1,2026-06-06 08:42:35 UTC,7059220,7475416,148044,1.87,38144,600104,199364,2.51,205592,485660,244
cloud-k3s-master1,1,2026-06-06 08:42:36 UTC,7059220,7475416,148044,1.87,38144,600104,199364,2.51,205592,485660,244
cloud-k3s-master1,1,2026-06-06 08:42:37 UTC,7059220,7475416,148024,1.87,38152,600116,199364,2.51,205592,485660,256
cloud-k3s-master1,1,2026-06-06 08:42:38 UTC,7059220,7475464,148016,1.87,38152,600124,199364,2.51,205592,485708,212
cloud-k3s-master1,1,2026-06-06 08:42:39 UTC,7059220,7475464,148008,1.87,38152,600132,199364,2.51,205592,485708,224
cloud-k3s-master1,1,2026-06-06 08:42:40 UTC,7059220,7475464,148000,1.87,38152,600140,199364,2.51,205592,485708,232
cloud-k3s-master1,1,2026-06-06 08:42:41 UTC,7059220,7475464,147996,1.87,38152,600144,199364,2.51,205592,485708,236
cloud-k3s-master1,1,2026-06-06 08:42:42 UTC,7059220,7475464,147988,1.87,38160,600144,199364,2.51,205592,485708,244
cloud-k3s-master1,1,2026-06-06 08:42:43 UTC,7059220,7475472,147972,1.87,38160,600160,199364,2.51,205592,485716,280
cloud-k3s-master1,1,2026-06-06 08:42:44 UTC,7059220,7475520,147968,1.87,38160,600164,199364,2.51,205592,485764,240
cloud-k3s-master1,1,2026-06-06 08:42:45 UTC,7059220,7475520,147960,1.87,38160,600172,199364,2.51,205592,485764,252
cloud-k3s-master1,1,2026-06-06 08:42:46 UTC,7059220,7475520,147952,1.87,38160,600180,199364,2.51,205592,485764,260
cloud-k3s-master1,1,2026-06-06 08:42:47 UTC,7059220,7475552,147936,1.87,38168,600184,199364,2.51,205592,485792,240
cloud-k3s-master1,1,2026-06-06 08:42:48 UTC,7059220,7475560,147928,1.87,38168,600192,199364,2.51,205592,485800,36
cloud-k3s-master1,1,2026-06-06 08:42:49 UTC,7059220,7475560,147920,1.86,38168,600200,199364,2.51,205592,485800,44
cloud-k3s-master1,1,2026-06-06 08:42:50 UTC,7059220,7475560,147916,1.86,38168,600204,199364,2.51,205592,485800,4
cloud-k3s-master1,1,2026-06-06 08:42:51 UTC,7059220,7475560,147908,1.86,38168,600212,199364,2.51,205592,485800,16
cloud-k3s-master1,1,2026-06-06 08:42:52 UTC,7059220,7475560,147892,1.86,38176,600220,199364,2.51,205592,485800,212
cloud-k3s-master1,1,2026-06-06 08:42:53 UTC,7059220,7475560,147888,1.86,38176,600224,199364,2.51,205592,485800,212
cloud-k3s-master1,1,2026-06-06 08:42:54 UTC,7059220,7475560,147880,1.86,38176,600232,199364,2.51,205592,485800,220
cloud-k3s-master1,1,2026-06-06 08:42:55 UTC,7059220,7475560,147872,1.86,38176,600240,199364,2.51,205592,485800,228
cloud-k3s-master1,1,2026-06-06 08:42:56 UTC,7059220,7475620,147868,1.86,38176,600244,199364,2.51,205592,485860,188
cloud-k3s-master1,1,2026-06-06 08:42:57 UTC,7059220,7475620,147852,1.86,38184,600252,199364,2.51,205592,485860,204
cloud-k3s-master1,1,2026-06-06 08:42:58 UTC,7059220,7475620,147844,1.86,38184,600260,199364,2.51,205592,485860,196
cloud-k3s-master1,1,2026-06-06 08:42:59 UTC,7059220,7475620,147844,1.86,38184,600260,199364,2.51,205592,485860,196
cloud-k3s-master1,1,2026-06-06 08:43:00 UTC,7059220,7475620,147832,1.86,38184,600272,199364,2.51,205592,485860,208
cloud-k3s-master1,1,2026-06-06 08:43:01 UTC,7059220,7475620,147824,1.86,38184,600280,199364,2.51,205592,485860,216
cloud-k3s-master1,1,2026-06-06 08:43:02 UTC,7059220,7475672,147816,1.86,38192,600280,199364,2.51,205592,485912,176
cloud-k3s-master1,1,2026-06-06 08:43:03 UTC,7059220,7475684,147804,1.86,38192,600292,199364,2.51,205592,485924,216
cloud-k3s-master1,1,2026-06-06 08:43:04 UTC,7059220,7475684,147796,1.86,38192,600300,199364,2.51,205592,485924,224
cloud-k3s-master1,1,2026-06-06 08:43:05 UTC,7059220,7475684,147788,1.86,38192,600308,199364,2.51,205592,485924,232
cloud-k3s-master1,1,2026-06-06 08:43:06 UTC,7059220,7475684,147784,1.86,38192,600312,199364,2.51,205592,485924,236
cloud-k3s-master1,1,2026-06-06 08:43:07 UTC,7059220,7475684,147784,1.86,38200,600304,199364,2.51,205592,485924,236
cloud-k3s-master1,1,2026-06-06 08:43:08 UTC,7059220,7475728,147756,1.86,38200,600328,199364,2.51,205592,485968,204
cloud-k3s-master1,1,2026-06-06 08:43:09 UTC,7059220,7475728,147752,1.86,38200,600332,199364,2.51,205592,485968,212
cloud-k3s-master1,1,2026-06-06 08:43:10 UTC,7059220,7475728,147752,1.86,38200,600332,199364,2.51,205592,485968,212
cloud-k3s-master1,1,2026-06-06 08:43:11 UTC,7059220,7475728,147736,1.86,38200,600348,199364,2.51,205592,485968,228
cloud-k3s-master1,1,2026-06-06 08:43:12 UTC,7059220,7475728,147724,1.86,38208,600352,199364,2.51,205592,485968,268
cloud-k3s-master1,1,2026-06-06 08:43:13 UTC,7059220,7475728,147716,1.86,38208,600360,199364,2.51,205592,485968,276
cloud-k3s-master1,1,2026-06-06 08:43:14 UTC,7059220,7475776,147708,1.86,38208,600368,199364,2.51,205592,486016,240
cloud-k3s-master1,1,2026-06-06 08:43:15 UTC,7059220,7475776,147704,1.86,38208,600372,199364,2.51,205592,486016,248
cloud-k3s-master1,1,2026-06-06 08:43:16 UTC,7059220,7475776,147696,1.86,38208,600380,199364,2.51,205592,486016,256
cloud-k3s-master1,1,2026-06-06 08:43:17 UTC,7059220,7475776,147688,1.86,38208,600388,199364,2.51,205592,486016,264
cloud-k3s-master1,1,2026-06-06 08:43:18 UTC,7059220,7475776,147688,1.86,38216,600380,199364,2.51,205592,486016,264
cloud-k3s-master1,1,2026-06-06 08:43:19 UTC,7059220,7475784,147668,1.86,38216,600400,199364,2.51,205592,486024,264
cloud-k3s-master1,1,2026-06-06 08:43:20 UTC,7059220,7475784,147660,1.86,38216,600408,199364,2.51,205592,486024,228
cloud-k3s-master1,1,2026-06-06 08:43:21 UTC,7059220,7475784,147652,1.86,38216,600416,199364,2.51,205592,486024,240
cloud-k3s-master1,1,2026-06-06 08:43:22 UTC,7058716,7475336,148148,1.87,38224,600412,199364,2.51,205592,486076,180
cloud-k3s-master1,1,2026-06-06 08:43:23 UTC,7058716,7475336,148128,1.87,38224,600428,199364,2.51,205592,486076,212
cloud-k3s-master1,1,2026-06-06 08:43:24 UTC,7058716,7475336,148120,1.87,38224,600436,199364,2.51,205592,486076,60
cloud-k3s-master1,1,2026-06-06 08:43:25 UTC,7058716,7475336,148116,1.87,38224,600440,199364,2.51,205592,486076,64
cloud-k3s-master1,1,2026-06-06 08:43:26 UTC,7058716,7475336,148116,1.87,38224,600440,199364,2.51,205592,486076,64
cloud-k3s-master1,1,2026-06-06 08:43:27 UTC,7058464,7475084,148352,1.87,38224,600456,199364,2.51,205592,486076,16
cloud-k3s-master1,1,2026-06-06 08:43:28 UTC,7058464,7475084,148340,1.87,38232,600460,199364,2.51,205592,486076,208
cloud-k3s-master1,1,2026-06-06 08:43:29 UTC,7058464,7475084,148340,1.87,38232,600460,199364,2.51,205592,486076,208
cloud-k3s-master1,1,2026-06-06 08:43:30 UTC,7058464,7475084,148340,1.87,38232,600460,199364,2.51,205592,486076,208
cloud-k3s-master1,1,2026-06-06 08:43:31 UTC,7058464,7475148,148316,1.87,38232,600480,199364,2.51,205592,486136,228
cloud-k3s-master1,1,2026-06-06 08:43:32 UTC,7058464,7475148,148308,1.87,38232,600488,199364,2.51,205592,486136,236
cloud-k3s-master1,1,2026-06-06 08:43:33 UTC,7058464,7475172,148300,1.87,38240,600488,199364,2.51,205592,486160,0
cloud-k3s-master1,1,2026-06-06 08:43:34 UTC,7058464,7475172,148288,1.87,38240,600500,199364,2.51,205592,486160,16
cloud-k3s-master1,1,2026-06-06 08:43:35 UTC,7058464,7475172,148280,1.87,38240,600508,199364,2.51,205592,486160,24
cloud-k3s-master1,1,2026-06-06 08:43:36 UTC,7058464,7475172,148272,1.87,38240,600516,199364,2.51,205592,486160,32
cloud-k3s-master1,1,2026-06-06 08:43:37 UTC,7058464,7475172,148268,1.87,38240,600520,199364,2.51,205592,486160,36
cloud-k3s-master1,1,2026-06-06 08:43:38 UTC,7058464,7475172,148260,1.87,38240,600528,199364,2.51,205592,486160,164
cloud-k3s-master1,1,2026-06-06 08:43:39 UTC,7058464,7475172,148244,1.87,38248,600536,199364,2.51,205592,486160,204
cloud-k3s-master1,1,2026-06-06 08:43:40 UTC,7058464,7475232,148240,1.87,38248,600540,199364,2.51,205592,486220,208
cloud-k3s-master1,1,2026-06-06 08:43:41 UTC,7058464,7475232,148240,1.87,38248,600540,199364,2.51,205592,486220,208
cloud-k3s-master1,1,2026-06-06 08:43:42 UTC,7058464,7475232,148240,1.87,38248,600540,199364,2.51,205592,486220,208
cloud-k3s-master1,1,2026-06-06 08:43:43 UTC,7058464,7475232,148216,1.87,38248,600564,199364,2.51,205592,486220,240
cloud-k3s-master1,1,2026-06-06 08:43:44 UTC,7058464,7475232,148212,1.87,38248,600568,199364,2.51,205592,486220,244
cloud-k3s-master1,1,2026-06-06 08:43:45 UTC,7058464,7475240,148204,1.87,38256,600568,199364,2.51,205592,486228,196
cloud-k3s-master1,1,2026-06-06 08:43:46 UTC,7058464,7475240,148204,1.87,38256,600568,199364,2.51,205592,486228,196
cloud-k3s-master1,1,2026-06-06 08:43:47 UTC,7058464,7475240,148184,1.87,38256,600588,199364,2.51,205592,486228,224
cloud-k3s-master1,1,2026-06-06 08:43:48 UTC,7058464,7475240,148176,1.87,38256,600596,199364,2.51,205592,486228,232
cloud-k3s-master1,1,2026-06-06 08:43:49 UTC,7058464,7475240,148176,1.87,38256,600596,199364,2.51,205592,486228,244
cloud-k3s-master1,1,2026-06-06 08:43:50 UTC,7058464,7475240,148176,1.87,38256,600596,199364,2.51,205592,486228,244
cloud-k3s-master1,1,2026-06-06 08:43:51 UTC,7058464,7475308,148148,1.87,38264,600616,199364,2.51,205592,486296,220
cloud-k3s-master1,1,2026-06-06 08:43:52 UTC,7058464,7475308,148140,1.87,38264,600624,199364,2.51,205592,486296,240
cloud-k3s-master1,1,2026-06-06 08:43:53 UTC,7058464,7475308,148140,1.87,38264,600624,199364,2.51,205592,486296,240
cloud-k3s-master1,1,2026-06-06 08:43:54 UTC,7058464,7475308,148140,1.87,38264,600624,199364,2.51,205592,486296,240
cloud-k3s-master1,1,2026-06-06 08:43:55 UTC,7058464,7475308,148116,1.87,38264,600644,199364,2.51,205592,486296,256
cloud-k3s-master1,1,2026-06-06 08:43:56 UTC,7058464,7475308,148112,1.87,38272,600640,199364,2.51,205592,486296,260
cloud-k3s-master1,1,2026-06-06 08:43:57 UTC,7058464,7475324,148104,1.87,38272,600648,199364,2.51,205592,486312,204
cloud-k3s-master1,1,2026-06-06 08:43:58 UTC,7058464,7475324,148104,1.87,38272,600648,199364,2.51,205592,486312,204
cloud-k3s-master1,1,2026-06-06 08:43:59 UTC,7058464,7475384,148084,1.87,38272,600668,199364,2.51,205592,486372,232
cloud-k3s-master1,1,2026-06-06 08:44:00 UTC,7058464,7475384,148076,1.87,38272,600676,199364,2.51,205592,486372,240
cloud-k3s-master1,1,2026-06-06 08:44:01 UTC,7058464,7475384,148076,1.87,38272,600676,199364,2.51,205592,486372,240
cloud-k3s-master1,1,2026-06-06 08:44:02 UTC,7058464,7475384,148076,1.87,38280,600668,199364,2.51,205592,486372,240
cloud-k3s-master1,1,2026-06-06 08:44:03 UTC,7058464,7475392,148048,1.87,38280,600696,199364,2.51,205592,486380,256
cloud-k3s-master1,1,2026-06-06 08:44:04 UTC,7058464,7475392,148040,1.87,38280,600704,199364,2.51,205592,486380,44
cloud-k3s-master1,1,2026-06-06 08:44:05 UTC,7058464,7475392,148040,1.87,38280,600704,199364,2.51,205592,486380,44
cloud-k3s-master1,1,2026-06-06 08:44:06 UTC,7058464,7475392,148028,1.87,38280,600716,199364,2.51,205592,486380,56
cloud-k3s-master1,1,2026-06-06 08:44:07 UTC,7058464,7475456,148020,1.87,38288,600716,199364,2.51,205592,486444,36
cloud-k3s-master1,1,2026-06-06 08:44:08 UTC,7058464,7475456,148004,1.87,38288,600732,199364,2.51,205592,486444,196
cloud-k3s-master1,1,2026-06-06 08:44:09 UTC,7058464,7475456,148000,1.87,38288,600736,199364,2.51,205592,486444,204
cloud-k3s-master1,1,2026-06-06 08:44:10 UTC,7058464,7475456,147992,1.87,38288,600744,199364,2.51,205592,486444,212
cloud-k3s-master1,1,2026-06-06 08:44:11 UTC,7058464,7475456,147984,1.87,38288,600752,199364,2.51,205592,486444,220
cloud-k3s-master1,1,2026-06-06 08:44:12 UTC,7058464,7475460,147968,1.87,38296,600756,199364,2.51,205592,486444,52
cloud-k3s-master1,1,2026-06-06 08:44:13 UTC,7058464,7475468,147960,1.87,38296,600764,199364,2.51,205592,486452,36
cloud-k3s-master1,1,2026-06-06 08:44:14 UTC,7058464,7475468,147952,1.87,38296,600772,199364,2.51,205592,486452,0
cloud-k3s-master1,1,2026-06-06 08:44:15 UTC,7058464,7475528,147948,1.87,38296,600776,199364,2.51,205592,486512,8
cloud-k3s-master1,1,2026-06-06 08:44:16 UTC,7058464,7475528,147940,1.87,38296,600784,199364,2.51,205592,486512,16
cloud-k3s-master1,1,2026-06-06 08:44:17 UTC,7058464,7475528,147924,1.86,38304,600792,199364,2.51,205592,486512,52
cloud-k3s-master1,1,2026-06-06 08:44:18 UTC,7058464,7475528,147920,1.86,38304,600796,199364,2.51,205592,486512,60
cloud-k3s-master1,1,2026-06-06 08:44:19 UTC,7058464,7475528,147912,1.86,38304,600804,199364,2.51,205592,486512,68
cloud-k3s-master1,1,2026-06-06 08:44:20 UTC,7058464,7475528,147904,1.86,38304,600812,199364,2.51,205592,486512,76
cloud-k3s-master1,1,2026-06-06 08:44:21 UTC,7058464,7475528,147900,1.86,38304,600816,199364,2.51,205592,486512,40
cloud-k3s-master1,1,2026-06-06 08:44:22 UTC,7058464,7475528,147892,1.86,38304,600824,199364,2.51,205592,486512,204
cloud-k3s-master1,1,2026-06-06 08:44:23 UTC,7058464,7475528,147892,1.86,38312,600816,199364,2.51,205592,486512,200
cloud-k3s-master1,1,2026-06-06 08:44:24 UTC,7058464,7475596,147868,1.86,38312,600840,199364,2.51,205592,486580,188
cloud-k3s-master1,1,2026-06-06 08:44:25 UTC,7058464,7475596,147864,1.86,38312,600844,199364,2.51,205592,486580,192
cloud-k3s-master1,1,2026-06-06 08:44:26 UTC,7058464,7475596,147856,1.86,38312,600852,199364,2.51,205592,486580,156
cloud-k3s-master1,1,2026-06-06 08:44:27 UTC,7058464,7475596,147856,1.86,38312,600852,199364,2.51,205592,486580,156
cloud-k3s-master1,1,2026-06-06 08:44:28 UTC,7058464,7475596,147856,1.86,38320,600844,199364,2.51,205592,486580,156
cloud-k3s-master1,1,2026-06-06 08:44:29 UTC,7058464,7475604,147828,1.86,38320,600872,199364,2.51,205592,486588,56
cloud-k3s-master1,1,2026-06-06 08:44:30 UTC,7058464,7475604,147820,1.86,38320,600880,199364,2.51,205592,486588,64
cloud-k3s-master1,1,2026-06-06 08:44:31 UTC,7058464,7475604,147820,1.86,38320,600880,199364,2.51,205592,486588,64
cloud-k3s-master1,1,2026-06-06 08:44:32 UTC,7058464,7475604,147820,1.86,38320,600880,199364,2.51,205592,486588,64
cloud-k3s-master1,1,2026-06-06 08:44:33 UTC,7058464,7475664,147800,1.86,38320,600900,199364,2.51,205592,486648,168
cloud-k3s-master1,1,2026-06-06 08:44:34 UTC,7058464,7475664,147788,1.86,38328,600904,199364,2.51,205592,486648,200
cloud-k3s-master1,1,2026-06-06 08:44:35 UTC,7058464,7475664,147780,1.86,38328,600912,199364,2.51,205592,486648,208
cloud-k3s-master1,1,2026-06-06 08:44:36 UTC,7058464,7475664,147772,1.86,38328,600920,199364,2.51,205592,486648,216
cloud-k3s-master1,1,2026-06-06 08:44:37 UTC,7058464,7475664,147772,1.86,38328,600920,199364,2.51,205592,486648,216
cloud-k3s-master1,1,2026-06-06 08:44:38 UTC,7058464,7475672,147756,1.86,38328,600932,199364,2.51,205592,486656,32
cloud-k3s-master1,1,2026-06-06 08:44:39 UTC,7058464,7475672,147748,1.86,38328,600940,199364,2.51,205592,486656,16
cloud-k3s-master1,1,2026-06-06 08:44:40 UTC,7058464,7475672,147736,1.86,38336,600944,199364,2.51,205592,486656,48
cloud-k3s-master1,1,2026-06-06 08:44:41 UTC,7058464,7475732,147728,1.86,38336,600952,199364,2.51,205592,486716,56
cloud-k3s-master1,1,2026-06-06 08:44:42 UTC,7058464,7475852,147592,1.86,38336,601088,199364,2.51,205712,486716,224
cloud-k3s-master1,1,2026-06-06 08:44:43 UTC,7058464,7475852,147592,1.86,38336,601088,199364,2.51,205712,486716,224
cloud-k3s-master1,1,2026-06-06 08:44:44 UTC,7058464,7475852,147580,1.86,38336,601100,199364,2.51,205712,486716,28
cloud-k3s-master1,1,2026-06-06 08:44:45 UTC,7058464,7475852,147572,1.86,38336,601108,199364,2.51,205712,486716,40
cloud-k3s-master1,1,2026-06-06 08:44:46 UTC,7058464,7475860,147556,1.86,38344,601116,199364,2.51,205720,486716,52
cloud-k3s-master1,1,2026-06-06 08:44:47 UTC,7058464,7475860,147552,1.86,38344,601120,199364,2.51,205720,486716,60
cloud-k3s-master1,1,2026-06-06 08:44:48 UTC,7058464,7475860,147544,1.86,38344,601128,199364,2.51,205720,486716,224
cloud-k3s-master1,1,2026-06-06 08:44:49 UTC,7058464,7475920,147536,1.86,38344,601136,199364,2.51,205720,486776,232
cloud-k3s-master1,1,2026-06-06 08:44:50 UTC,7058464,7475920,147532,1.86,38344,601140,199364,2.51,205720,486776,192
cloud-k3s-master1,1,2026-06-06 08:44:51 UTC,7058464,7475920,147532,1.86,38344,601140,199364,2.51,205720,486776,192
cloud-k3s-master1,1,2026-06-06 08:44:52 UTC,7058464,7475920,147508,1.86,38352,601156,199364,2.51,205720,486776,48
cloud-k3s-master1,1,2026-06-06 08:44:53 UTC,7058464,7475920,147504,1.86,38352,601160,199364,2.51,205720,486776,52
cloud-k3s-master1,1,2026-06-06 08:44:54 UTC,7058464,7475920,147496,1.86,38352,601168,199364,2.51,205720,486776,60
cloud-k3s-master1,1,2026-06-06 08:44:55 UTC,7058464,7475920,147488,1.86,38352,601176,199364,2.51,205720,486776,68
cloud-k3s-master1,1,2026-06-06 08:44:56 UTC,7058464,7475920,147484,1.86,38352,601180,199364,2.51,205720,486776,28
cloud-k3s-master1,1,2026-06-06 08:44:57 UTC,7054460,7471916,151480,1.91,38360,601180,202344,2.55,206924,486776,12
cloud-k3s-master1,1,2026-06-06 08:44:58 UTC,7054460,7472008,151464,1.91,38360,601196,202816,2.56,207416,486868,56
cloud-k3s-master1,1,2026-06-06 08:44:59 UTC,7054460,7472008,151460,1.91,38360,601200,202816,2.56,207416,486868,60
cloud-k3s-master1,1,2026-06-06 08:45:00 UTC,7054460,7472008,151452,1.91,38360,601208,202816,2.56,207416,486868,188
cloud-k3s-master1,1,2026-06-06 08:45:01 UTC,7054460,7472032,151428,1.91,38360,601216,202816,2.56,207440,486888,284
cloud-k3s-master1,1,2026-06-06 08:45:02 UTC,7059116,7476692,146768,1.85,38368,601212,199364,2.51,205720,486892,244
cloud-k3s-master1,1,2026-06-06 08:45:03 UTC,7058376,7475960,147492,1.86,38368,601228,199364,2.51,205720,486900,304
cloud-k3s-master1,1,2026-06-06 08:45:04 UTC,7058376,7475960,147484,1.86,38368,601236,199364,2.51,205720,486900,20
cloud-k3s-master1,1,2026-06-06 08:45:05 UTC,7058376,7475960,147476,1.86,38368,601244,199364,2.51,205720,486900,28
cloud-k3s-master1,1,2026-06-06 08:45:06 UTC,7058376,7475960,147472,1.86,38368,601248,199364,2.51,205720,486900,32
cloud-k3s-master1,1,2026-06-06 08:45:07 UTC,7058376,7475960,147456,1.86,38376,601256,199364,2.51,205720,486900,56
cloud-k3s-master1,1,2026-06-06 08:45:08 UTC,7058376,7475960,147448,1.86,38376,601264,199364,2.51,205720,486900,176
cloud-k3s-master1,1,2026-06-06 08:45:09 UTC,7058376,7475960,147448,1.86,38376,601264,199364,2.51,205720,486900,176
cloud-k3s-master1,1,2026-06-06 08:45:10 UTC,7058376,7476020,147436,1.86,38376,601276,199364,2.51,205720,486960,192
cloud-k3s-master1,1,2026-06-06 08:45:11 UTC,7058376,7476020,147428,1.86,38376,601284,199364,2.51,205720,486960,200
cloud-k3s-master1,1,2026-06-06 08:45:12 UTC,7058376,7476020,147416,1.86,38384,601288,199364,2.51,205720,486960,44
cloud-k3s-master1,1,2026-06-06 08:45:13 UTC,7058376,7476020,147408,1.86,38384,601296,199364,2.51,205720,486960,36
cloud-k3s-master1,1,2026-06-06 08:45:14 UTC,7058376,7476020,147400,1.86,38384,601304,199364,2.51,205720,486960,0
cloud-k3s-master1,1,2026-06-06 08:45:15 UTC,7058376,7476020,147396,1.86,38384,601308,199364,2.51,205720,486960,8
cloud-k3s-master1,1,2026-06-06 08:45:16 UTC,7058376,7476020,147388,1.86,38384,601316,199364,2.51,205720,486960,16
cloud-k3s-master1,1,2026-06-06 08:45:17 UTC,7058124,7475768,147640,1.86,38392,601308,199364,2.51,205720,486960,16
cloud-k3s-master1,1,2026-06-06 08:45:18 UTC,7058124,7475840,147612,1.86,38392,601332,199364,2.51,205720,487032,64
cloud-k3s-master1,1,2026-06-06 08:45:19 UTC,7058124,7475840,147604,1.86,38392,601340,199364,2.51,205720,487032,72
cloud-k3s-master1,1,2026-06-06 08:45:20 UTC,7058124,7475856,147596,1.86,38392,601348,199364,2.51,205720,487048,36
cloud-k3s-master1,1,2026-06-06 08:45:21 UTC,7058124,7475856,147592,1.86,38392,601352,199364,2.51,205720,487048,44
cloud-k3s-master1,1,2026-06-06 08:45:22 UTC,7058124,7475876,147576,1.86,38400,601360,199364,2.51,205720,487068,172
cloud-k3s-master1,1,2026-06-06 08:45:23 UTC,7058124,7475876,147568,1.86,38400,601368,199364,2.51,205720,487068,180
cloud-k3s-master1,1,2026-06-06 08:45:24 UTC,7058124,7475876,147564,1.86,38400,601372,199364,2.51,205720,487068,184
cloud-k3s-master1,1,2026-06-06 08:45:25 UTC,7058124,7475876,147556,1.86,38400,601380,199364,2.51,205720,487068,192
cloud-k3s-master1,1,2026-06-06 08:45:26 UTC,7058124,7475880,147548,1.86,38400,601388,199364,2.51,205720,487072,156
cloud-k3s-master1,1,2026-06-06 08:45:27 UTC,7058124,7475880,147532,1.86,38408,601396,199364,2.51,205720,487072,196
cloud-k3s-master1,1,2026-06-06 08:45:28 UTC,7058124,7475880,147528,1.86,38408,601400,199364,2.51,205720,487072,200
cloud-k3s-master1,1,2026-06-06 08:45:29 UTC,7058124,7475880,147528,1.86,38408,601400,199364,2.51,205720,487072,48
cloud-k3s-master1,1,2026-06-06 08:45:30 UTC,7058124,7475940,147512,1.86,38408,601416,199364,2.51,205720,487132,64
cloud-k3s-master1,1,2026-06-06 08:45:31 UTC,7058124,7475940,147508,1.86,38408,601420,199364,2.51,205720,487132,68
cloud-k3s-master1,1,2026-06-06 08:45:32 UTC,7058124,7475940,147492,1.86,38416,601428,199364,2.51,205720,487132,156
cloud-k3s-master1,1,2026-06-06 08:45:33 UTC,7058124,7475940,147484,1.86,38416,601436,199364,2.51,205720,487132,12
cloud-k3s-master1,1,2026-06-06 08:45:34 UTC,7058124,7475940,147480,1.86,38416,601440,199364,2.51,205720,487132,16
cloud-k3s-master1,1,2026-06-06 08:45:35 UTC,7058124,7475940,147472,1.86,38416,601448,199364,2.51,205720,487132,24
cloud-k3s-master1,1,2026-06-06 08:45:36 UTC,7058124,7475940,147464,1.86,38416,601456,199364,2.51,205720,487132,32
cloud-k3s-master1,1,2026-06-06 08:45:37 UTC,7058124,7475940,147460,1.86,38424,601452,199364,2.51,205720,487132,36
cloud-k3s-master1,1,2026-06-06 08:45:38 UTC,7058124,7476004,147440,1.86,38424,601468,199364,2.51,205720,487192,168
cloud-k3s-master1,1,2026-06-06 08:45:39 UTC,7058124,7476004,147432,1.86,38424,601476,199364,2.51,205720,487192,180
cloud-k3s-master1,1,2026-06-06 08:45:40 UTC,7058124,7476004,147428,1.86,38424,601480,199364,2.51,205720,487192,184
cloud-k3s-master1,1,2026-06-06 08:45:41 UTC,7058124,7476004,147420,1.86,38424,601488,199364,2.51,205720,487192,192
cloud-k3s-master1,1,2026-06-06 08:45:42 UTC,7058124,7476004,147404,1.86,38432,601496,199364,2.51,205720,487192,56
cloud-k3s-master1,1,2026-06-06 08:45:43 UTC,7058124,7476004,147400,1.86,38432,601500,199364,2.51,205720,487192,36
cloud-k3s-master1,1,2026-06-06 08:45:44 UTC,7058124,7476064,147392,1.86,38432,601508,199364,2.51,205720,487252,44
cloud-k3s-master1,1,2026-06-06 08:45:45 UTC,7058124,7476064,147384,1.86,38432,601516,199364,2.51,205720,487252,12
cloud-k3s-master1,1,2026-06-06 08:45:46 UTC,7058124,7476064,147376,1.86,38432,601524,199364,2.51,205720,487252,20
cloud-k3s-master1,1,2026-06-06 08:45:47 UTC,7058124,7476064,147364,1.86,38440,601528,199364,2.51,205720,487252,48
cloud-k3s-master1,1,2026-06-06 08:45:48 UTC,7058124,7476064,147356,1.86,38440,601536,199364,2.51,205720,487252,60
cloud-k3s-master1,1,2026-06-06 08:45:49 UTC,7058124,7476064,147356,1.86,38440,601536,199364,2.51,205720,487252,60
cloud-k3s-master1,1,2026-06-06 08:45:50 UTC,7058124,7476064,147344,1.86,38440,601548,199364,2.51,205720,487252,28
cloud-k3s-master1,1,2026-06-06 08:45:51 UTC,7058124,7476064,147336,1.86,38440,601556,199364,2.51,205720,487252,40
cloud-k3s-master1,1,2026-06-06 08:45:52 UTC,7058124,7476124,147352,1.86,38448,601564,199364,2.51,205720,487312,208
cloud-k3s-master1,1,2026-06-06 08:45:53 UTC,7058124,7476124,147348,1.86,38448,601568,199364,2.51,205720,487312,184
cloud-k3s-master1,1,2026-06-06 08:45:54 UTC,7058124,7476124,147348,1.86,38448,601568,199364,2.51,205720,487312,184
cloud-k3s-master1,1,2026-06-06 08:45:55 UTC,7058124,7476124,147332,1.86,38448,601584,199364,2.51,205720,487312,200
cloud-k3s-master1,1,2026-06-06 08:45:56 UTC,7058124,7476124,147328,1.86,38448,601588,199364,2.51,205720,487312,204
cloud-k3s-master1,1,2026-06-06 08:45:57 UTC,7058124,7476124,147328,1.86,38456,601580,199364,2.51,205720,487312,0
cloud-k3s-master1,1,2026-06-06 08:45:58 UTC,7058124,7476184,147300,1.86,38456,601604,199364,2.51,205720,487372,48
cloud-k3s-master1,1,2026-06-06 08:45:59 UTC,7058124,7476184,147296,1.86,38456,601608,199364,2.51,205720,487372,52
cloud-k3s-master1,1,2026-06-06 08:46:00 UTC,7058124,7476184,147288,1.86,38456,601616,199364,2.51,205720,487372,60
cloud-k3s-master1,1,2026-06-06 08:46:01 UTC,7058124,7476184,147288,1.86,38456,601616,199364,2.51,205720,487372,60
cloud-k3s-master1,1,2026-06-06 08:46:02 UTC,7058124,7476184,147268,1.86,38464,601628,199364,2.51,205720,487372,156
cloud-k3s-master1,1,2026-06-06 08:46:03 UTC,7057872,7475932,147512,1.86,38464,601636,199364,2.51,205720,487372,12
cloud-k3s-master1,1,2026-06-06 08:46:04 UTC,7057872,7475932,147512,1.86,38464,601636,199364,2.51,205720,487372,12
cloud-k3s-master1,1,2026-06-06 08:46:05 UTC,7057872,7475932,147500,1.86,38464,601648,199364,2.51,205720,487372,24
cloud-k3s-master1,1,2026-06-06 08:46:06 UTC,7057872,7475992,147492,1.86,38464,601656,199364,2.51,205720,487432,32
cloud-k3s-master1,1,2026-06-06 08:46:07 UTC,7057872,7475992,147476,1.86,38472,601664,199364,2.51,205720,487432,52
cloud-k3s-master1,1,2026-06-06 08:46:08 UTC,7057872,7475992,147468,1.86,38472,601672,199364,2.51,205720,487432,60
cloud-k3s-master1,1,2026-06-06 08:46:09 UTC,7057872,7475992,147464,1.86,38472,601676,199364,2.51,205720,487432,180
cloud-k3s-master1,1,2026-06-06 08:46:10 UTC,7057872,7475992,147456,1.86,38472,601684,199364,2.51,205720,487432,188
cloud-k3s-master1,1,2026-06-06 08:46:11 UTC,7057872,7475992,147456,1.86,38472,601684,199364,2.51,205720,487432,188
cloud-k3s-master1,1,2026-06-06 08:46:12 UTC,7057872,7475996,147432,1.86,38480,601696,199364,2.51,205720,487432,212
cloud-k3s-master1,1,2026-06-06 08:46:13 UTC,7057872,7476060,147424,1.86,38480,601704,199364,2.51,205720,487496,48
cloud-k3s-master1,1,2026-06-06 08:46:14 UTC,7057872,7476060,147416,1.86,38480,601712,199364,2.51,205720,487496,56
cloud-k3s-master1,1,2026-06-06 08:46:15 UTC,7057872,7476060,147416,1.86,38480,601712,199364,2.51,205720,487496,0
cloud-k3s-master1,1,2026-06-06 08:46:16 UTC,7057872,7476060,147416,1.86,38480,601712,199364,2.51,205720,487496,0
cloud-k3s-master1,1,2026-06-06 08:46:17 UTC,7057872,7476060,147388,1.86,38488,601732,199364,2.51,205720,487496,44
cloud-k3s-master1,1,2026-06-06 08:46:18 UTC,7057872,7476060,147384,1.86,38488,601736,199364,2.51,205720,487496,208
cloud-k3s-master1,1,2026-06-06 08:46:19 UTC,7057872,7476060,147384,1.86,38488,601736,199364,2.51,205720,487496,208
cloud-k3s-master1,1,2026-06-06 08:46:20 UTC,7057872,7476060,147384,1.86,38488,601736,199364,2.51,205720,487496,164
cloud-k3s-master1,1,2026-06-06 08:46:21 UTC,7057872,7476120,147364,1.86,38488,601756,199364,2.51,205720,487556,188
cloud-k3s-master1,1,2026-06-06 08:46:22 UTC,7057872,7476120,147348,1.86,38496,601764,199364,2.51,205720,487556,20
cloud-k3s-master1,1,2026-06-06 08:46:23 UTC,7057872,7476120,147340,1.86,38496,601772,199364,2.51,205720,487556,28
cloud-k3s-master1,1,2026-06-06 08:46:24 UTC,7057872,7476120,147336,1.86,38496,601776,199364,2.51,205720,487556,32
cloud-k3s-master1,1,2026-06-06 08:46:25 UTC,7057872,7476120,147336,1.86,38496,601776,199364,2.51,205720,487556,28
cloud-k3s-master1,1,2026-06-06 08:46:26 UTC,7057872,7476164,147320,1.86,38496,601792,199364,2.51,205720,487600,0
cloud-k3s-master1,1,2026-06-06 08:46:27 UTC,7057872,7476164,147316,1.86,38504,601788,199364,2.51,205720,487600,8
cloud-k3s-master1,1,2026-06-06 08:46:28 UTC,7057872,7476176,147300,1.86,38504,601804,199364,2.51,205720,487612,48
cloud-k3s-master1,1,2026-06-06 08:46:29 UTC,7057872,7476176,147292,1.86,38504,601812,199364,2.51,205720,487612,56
cloud-k3s-master1,1,2026-06-06 08:46:30 UTC,7057872,7476176,147292,1.86,38504,601812,199364,2.51,205720,487612,56
cloud-k3s-master1,1,2026-06-06 08:46:31 UTC,7057872,7476176,147280,1.86,38504,601824,199364,2.51,205720,487612,68
cloud-k3s-master1,1,2026-06-06 08:46:32 UTC,7057872,7476176,147272,1.86,38512,601824,199364,2.51,205720,487612,192
cloud-k3s-master1,1,2026-06-06 08:46:33 UTC,7057872,7476192,147256,1.86,38512,601840,199364,2.51,205720,487628,172
cloud-k3s-master1,1,2026-06-06 08:46:34 UTC,7057872,7476192,147252,1.86,38512,601844,199364,2.51,205720,487628,176
cloud-k3s-master1,1,2026-06-06 08:46:35 UTC,7057872,7476192,147244,1.86,38512,601852,199364,2.51,205720,487628,184
cloud-k3s-master1,1,2026-06-06 08:46:36 UTC,7057620,7475940,147484,1.86,38512,601860,199364,2.51,205720,487628,192
cloud-k3s-master1,1,2026-06-06 08:46:37 UTC,7057620,7475940,147484,1.86,38520,601852,199364,2.51,205720,487628,192
cloud-k3s-master1,1,2026-06-06 08:46:38 UTC,7057620,7475940,147484,1.86,38520,601852,199364,2.51,205720,487628,20
cloud-k3s-master1,1,2026-06-06 08:46:39 UTC,7057620,7476008,147456,1.86,38520,601880,199364,2.51,205720,487696,28
cloud-k3s-master1,1,2026-06-06 08:46:40 UTC,7057620,7476008,147452,1.86,38520,601884,199364,2.51,205720,487696,32
cloud-k3s-master1,1,2026-06-06 08:46:41 UTC,7057620,7476008,147452,1.86,38520,601884,199364,2.51,205720,487696,32
cloud-k3s-master1,1,2026-06-06 08:46:42 UTC,7057620,7476012,147428,1.86,38528,601900,199364,2.51,205720,487700,188
cloud-k3s-master1,1,2026-06-06 08:46:43 UTC,7057620,7476012,147424,1.86,38528,601904,199364,2.51,205720,487700,36
cloud-k3s-master1,1,2026-06-06 08:46:44 UTC,7057620,7476012,147416,1.86,38528,601912,199364,2.51,205720,487700,0
cloud-k3s-master1,1,2026-06-06 08:46:45 UTC,7057620,7476012,147416,1.86,38528,601912,199364,2.51,205720,487700,0
cloud-k3s-master1,1,2026-06-06 08:46:46 UTC,7057620,7476072,147404,1.86,38528,601924,199364,2.51,205720,487760,16
cloud-k3s-master1,1,2026-06-06 08:46:47 UTC,7057620,7476072,147396,1.86,38536,601924,199364,2.51,205720,487760,24
cloud-k3s-master1,1,2026-06-06 08:46:48 UTC,7057620,7476072,147380,1.86,38536,601940,199364,2.51,205720,487760,220
cloud-k3s-master1,1,2026-06-06 08:46:49 UTC,7057620,7476072,147372,1.86,38536,601948,199364,2.51,205720,487760,228
cloud-k3s-master1,1,2026-06-06 08:46:50 UTC,7057620,7476072,147368,1.86,38536,601952,199364,2.51,205720,487760,232
cloud-k3s-master1,1,2026-06-06 08:46:51 UTC,7057620,7476076,147360,1.86,38536,601960,199364,2.51,205720,487764,200
cloud-k3s-master1,1,2026-06-06 08:46:52 UTC,7057620,7476076,147352,1.86,38536,601968,199364,2.51,205720,487764,220
cloud-k3s-master1,1,2026-06-06 08:46:53 UTC,7057620,7476076,147352,1.86,38544,601960,199364,2.51,205720,487764,192
cloud-k3s-master1,1,2026-06-06 08:46:54 UTC,7057368,7475840,147584,1.86,38544,601980,199364,2.51,205720,487780,32
cloud-k3s-master1,1,2026-06-06 08:46:55 UTC,7057368,7475900,147576,1.86,38544,601988,199364,2.51,205720,487840,40
cloud-k3s-master1,1,2026-06-06 08:46:56 UTC,7057368,7475900,147572,1.86,38544,601992,199364,2.51,205720,487840,0
cloud-k3s-master1,1,2026-06-06 08:46:57 UTC,7057368,7475900,147564,1.86,38544,602000,199364,2.51,205720,487840,12
cloud-k3s-master1,1,2026-06-06 08:46:58 UTC,7057368,7475908,147548,1.86,38552,602008,199364,2.51,205720,487848,52
cloud-k3s-master1,1,2026-06-06 08:46:59 UTC,7057368,7475908,147544,1.86,38552,602012,199364,2.51,205720,487848,56
cloud-k3s-master1,1,2026-06-06 08:47:00 UTC,7057368,7475912,147532,1.86,38552,602020,199364,2.51,205720,487848,64
cloud-k3s-master1,1,2026-06-06 08:47:01 UTC,7057368,7475912,147524,1.86,38552,602028,199364,2.51,205720,487848,72
cloud-k3s-master1,1,2026-06-06 08:47:02 UTC,7057368,7475912,147520,1.86,38552,602032,199364,2.51,205720,487848,184
cloud-k3s-master1,1,2026-06-06 08:47:03 UTC,7057368,7475912,147512,1.86,38552,602040,199364,2.51,205720,487848,168
cloud-k3s-master1,1,2026-06-06 08:47:04 UTC,7057368,7475972,147492,1.86,38560,602048,199364,2.51,205720,487908,204
cloud-k3s-master1,1,2026-06-06 08:47:05 UTC,7057368,7475972,147488,1.86,38560,602052,199364,2.51,205720,487908,208
cloud-k3s-master1,1,2026-06-06 08:47:06 UTC,7057368,7475972,147480,1.86,38560,602060,199364,2.51,205720,487908,216
cloud-k3s-master1,1,2026-06-06 08:47:07 UTC,7057368,7475972,147480,1.86,38560,602060,199364,2.51,205720,487908,216
cloud-k3s-master1,1,2026-06-06 08:47:08 UTC,7057368,7475972,147468,1.86,38560,602072,199364,2.51,205720,487908,32
cloud-k3s-master1,1,2026-06-06 08:47:09 UTC,7057368,7475972,147460,1.86,38560,602080,199364,2.51,205720,487908,44
cloud-k3s-master1,1,2026-06-06 08:47:10 UTC,7057368,7475980,147444,1.86,38568,602088,199364,2.51,205720,487916,52
cloud-k3s-master1,1,2026-06-06 08:47:11 UTC,7057368,7475980,147444,1.86,38568,602088,199364,2.51,205720,487916,52
cloud-k3s-master1,1,2026-06-06 08:47:12 UTC,7057116,7475728,147684,1.86,38568,602100,199364,2.51,205720,487916,224
cloud-k3s-master1,1,2026-06-06 08:47:13 UTC,7056864,7475536,147928,1.87,38568,602108,199364,2.51,205720,487976,232
cloud-k3s-master1,1,2026-06-06 08:47:14 UTC,7056864,7475544,147920,1.86,38568,602116,199364,2.51,205720,487984,28
cloud-k3s-master1,1,2026-06-06 08:47:15 UTC,7056864,7475544,147920,1.86,38568,602116,199364,2.51,205720,487984,28
cloud-k3s-master1,1,2026-06-06 08:47:16 UTC,7056864,7475544,147900,1.86,38576,602128,199364,2.51,205720,487984,44
cloud-k3s-master1,1,2026-06-06 08:47:17 UTC,7056612,7475292,148144,1.87,38576,602136,199364,2.51,205720,487984,56
cloud-k3s-master1,1,2026-06-06 08:47:18 UTC,7056612,7475292,148140,1.87,38576,602140,199364,2.51,205720,487984,216
cloud-k3s-master1,1,2026-06-06 08:47:19 UTC,7056612,7475292,148140,1.87,38576,602140,199364,2.51,205720,487984,216
cloud-k3s-master1,1,2026-06-06 08:47:20 UTC,7056612,7475300,148124,1.87,38576,602156,199364,2.51,205720,487992,188
cloud-k3s-master1,1,2026-06-06 08:47:21 UTC,7056612,7475308,148112,1.87,38584,602160,199364,2.51,205720,488000,168
cloud-k3s-master1,1,2026-06-06 08:47:22 UTC,7056612,7475368,148104,1.87,38584,602168,199364,2.51,205720,488060,16
cloud-k3s-master1,1,2026-06-06 08:47:23 UTC,7056612,7475368,148104,1.87,38584,602168,199364,2.51,205720,488060,16
cloud-k3s-master1,1,2026-06-06 08:47:24 UTC,7056612,7475372,148088,1.87,38584,602180,199364,2.51,205720,488060,28
cloud-k3s-master1,1,2026-06-06 08:47:25 UTC,7056612,7475372,148080,1.87,38584,602188,199364,2.51,205720,488060,36
cloud-k3s-master1,1,2026-06-06 08:47:26 UTC,7056612,7475372,148072,1.87,38584,602196,199364,2.51,205720,488060,0
cloud-k3s-master1,1,2026-06-06 08:47:27 UTC,7056612,7475372,148072,1.87,38592,602188,199364,2.51,205720,488060,0
cloud-k3s-master1,1,2026-06-06 08:47:28 UTC,7056612,7475372,148052,1.87,38592,602208,199364,2.51,205720,488060,44
cloud-k3s-master1,1,2026-06-06 08:47:29 UTC,7056612,7475372,148044,1.87,38592,602216,199364,2.51,205720,488060,52
cloud-k3s-master1,1,2026-06-06 08:47:30 UTC,7056612,7475372,148040,1.87,38592,602220,199364,2.51,205720,488060,56
cloud-k3s-master1,1,2026-06-06 08:47:31 UTC,7056612,7475432,148032,1.87,38592,602228,199364,2.51,205720,488120,64
cloud-k3s-master1,1,2026-06-06 08:47:32 UTC,7056612,7475432,148024,1.87,38600,602228,199364,2.51,205720,488120,72
cloud-k3s-master1,1,2026-06-06 08:47:33 UTC,7056612,7475448,148008,1.87,38600,602244,199364,2.51,205720,488136,168
cloud-k3s-master1,1,2026-06-06 08:47:34 UTC,7056612,7475448,148004,1.87,38600,602248,199364,2.51,205720,488136,172
cloud-k3s-master1,1,2026-06-06 08:47:35 UTC,7056612,7475448,147996,1.87,38600,602256,199364,2.51,205720,488136,180
cloud-k3s-master1,1,2026-06-06 08:47:36 UTC,7056612,7475448,147988,1.87,38600,602264,199364,2.51,205720,488136,188
cloud-k3s-master1,1,2026-06-06 08:47:37 UTC,7056612,7475448,147984,1.87,38608,602260,199364,2.51,205720,488136,196
cloud-k3s-master1,1,2026-06-06 08:47:38 UTC,7056612,7475456,147968,1.87,38608,602276,199364,2.51,205720,488144,20
cloud-k3s-master1,1,2026-06-06 08:47:39 UTC,7056612,7475456,147968,1.87,38608,602276,199364,2.51,205720,488144,20
cloud-k3s-master1,1,2026-06-06 08:47:40 UTC,7056612,7475516,147956,1.87,38608,602288,199364,2.51,205720,488204,36
cloud-k3s-master1,1,2026-06-06 08:47:41 UTC,7056612,7475516,147948,1.87,38608,602296,199364,2.51,205720,488204,44
cloud-k3s-master1,1,2026-06-06 08:47:42 UTC,7056612,7475524,147932,1.87,38616,602304,199364,2.51,205720,488212,216
cloud-k3s-master1,1,2026-06-06 08:47:43 UTC,7056612,7475524,147932,1.87,38616,602304,199364,2.51,205720,488212,44
cloud-k3s-master1,1,2026-06-06 08:47:44 UTC,7056612,7475524,147920,1.86,38616,602316,199364,2.51,205720,488212,0
cloud-k3s-master1,1,2026-06-06 08:47:45 UTC,7056612,7475524,147912,1.86,38616,602324,199364,2.51,205720,488212,12
cloud-k3s-master1,1,2026-06-06 08:47:46 UTC,7056612,7475524,147904,1.86,38616,602328,199364,2.51,205720,488212,16
cloud-k3s-master1,1,2026-06-06 08:47:47 UTC,7056612,7475524,147896,1.86,38624,602328,199364,2.51,205720,488212,44
cloud-k3s-master1,1,2026-06-06 08:47:48 UTC,7056612,7475584,147880,1.86,38624,602344,199364,2.51,205720,488272,220
cloud-k3s-master1,1,2026-06-06 08:47:49 UTC,7056612,7475584,147876,1.86,38624,602348,199364,2.51,205720,488272,224
cloud-k3s-master1,1,2026-06-06 08:47:50 UTC,7056612,7475584,147868,1.86,38624,602356,199364,2.51,205720,488272,188
cloud-k3s-master1,1,2026-06-06 08:47:51 UTC,7056360,7475332,148120,1.87,38624,602356,199364,2.51,205720,488272,188
cloud-k3s-master1,1,2026-06-06 08:47:52 UTC,7056360,7475332,148104,1.87,38624,602372,199364,2.51,205720,488272,52
cloud-k3s-master1,1,2026-06-06 08:47:53 UTC,7056360,7475332,148100,1.87,38632,602368,199364,2.51,205720,488272,56
cloud-k3s-master1,1,2026-06-06 08:47:54 UTC,7056360,7475340,148084,1.87,38632,602384,199364,2.51,205720,488280,64
cloud-k3s-master1,1,2026-06-06 08:47:55 UTC,7056360,7475340,148076,1.87,38632,602392,199364,2.51,205720,488280,72
cloud-k3s-master1,1,2026-06-06 08:47:56 UTC,7056360,7475348,148072,1.87,38632,602396,199364,2.51,205720,488288,32
cloud-k3s-master1,1,2026-06-06 08:47:57 UTC,7056360,7475348,148072,1.87,38632,602396,199364,2.51,205720,488288,32
cloud-k3s-master1,1,2026-06-06 08:47:58 UTC,7056360,7475416,148048,1.87,38640,602412,199364,2.51,205720,488356,52
cloud-k3s-master1,1,2026-06-06 08:47:59 UTC,7056360,7475416,148044,1.87,38640,602416,199364,2.51,205720,488356,56
cloud-k3s-master1,1,2026-06-06 08:48:00 UTC,7056360,7475416,148036,1.87,38640,602424,199364,2.51,205720,488356,64
cloud-k3s-master1,1,2026-06-06 08:48:01 UTC,7056360,7475416,148036,1.87,38640,602424,199364,2.51,205720,488356,64
cloud-k3s-master1,1,2026-06-06 08:48:02 UTC,7056360,7475416,148024,1.87,38640,602436,199364,2.51,205720,488356,184
cloud-k3s-master1,1,2026-06-06 08:48:03 UTC,7056360,7475416,148016,1.87,38640,602444,199364,2.51,205720,488356,168
cloud-k3s-master1,1,2026-06-06 08:48:04 UTC,7056360,7475416,148000,1.87,38648,602452,199364,2.51,205720,488356,204
cloud-k3s-master1,1,2026-06-06 08:48:05 UTC,7056360,7475416,148000,1.87,38648,602452,199364,2.51,205720,488356,204
cloud-k3s-master1,1,2026-06-06 08:48:06 UTC,7056360,7475476,147988,1.87,38648,602464,199364,2.51,205720,488416,216
cloud-k3s-master1,1,2026-06-06 08:48:07 UTC,7056360,7475476,147980,1.87,38648,602472,199364,2.51,205720,488416,224
cloud-k3s-master1,1,2026-06-06 08:48:08 UTC,7056360,7475476,147976,1.87,38648,602476,199364,2.51,205720,488416,32
cloud-k3s-master1,1,2026-06-06 08:48:09 UTC,7056360,7475480,147964,1.87,38648,602484,199364,2.51,205720,488416,16
cloud-k3s-master1,1,2026-06-06 08:48:10 UTC,7056360,7475480,147948,1.87,38656,602492,199364,2.51,205720,488416,52
cloud-k3s-master1,1,2026-06-06 08:48:11 UTC,7056360,7475480,147948,1.87,38656,602492,199364,2.51,205720,488416,52
cloud-k3s-master1,1,2026-06-06 08:48:12 UTC,7056360,7475480,147936,1.87,38656,602504,199364,2.51,205720,488416,64
cloud-k3s-master1,1,2026-06-06 08:48:13 UTC,7056360,7475496,147928,1.87,38656,602512,199364,2.51,205720,488432,68
cloud-k3s-master1,1,2026-06-06 08:48:14 UTC,7056360,7475496,147920,1.86,38656,602520,199364,2.51,205720,488432,28
cloud-k3s-master1,1,2026-06-06 08:48:15 UTC,7056360,7475556,147916,1.86,38656,602524,199364,2.51,205720,488492,8
cloud-k3s-master1,1,2026-06-06 08:48:16 UTC,7056360,7475556,147900,1.86,38664,602532,199364,2.51,205720,488492,40
cloud-k3s-master1,1,2026-06-06 08:48:17 UTC,7056360,7475556,147892,1.86,38664,602540,199364,2.51,205720,488492,52
cloud-k3s-master1,1,2026-06-06 08:48:18 UTC,7056360,7475556,147888,1.86,38664,602544,199364,2.51,205720,488492,212
cloud-k3s-master1,1,2026-06-06 08:48:19 UTC,7056360,7475556,147888,1.86,38664,602544,199364,2.51,205720,488492,212
cloud-k3s-master1,1,2026-06-06 08:48:20 UTC,7056360,7475556,147872,1.86,38664,602560,199364,2.51,205720,488492,184
cloud-k3s-master1,1,2026-06-06 08:48:21 UTC,7056360,7475572,147860,1.86,38672,602564,199364,2.51,205720,488508,168
cloud-k3s-master1,1,2026-06-06 08:48:22 UTC,7056360,7475572,147852,1.86,38680,602564,199364,2.51,205720,488508,176
cloud-k3s-master1,1,2026-06-06 08:48:23 UTC,7056360,7475580,147836,1.86,38680,602580,199364,2.51,205720,488516,36
cloud-k3s-master1,1,2026-06-06 08:48:24 UTC,7056360,7475640,147832,1.86,38680,602584,199364,2.51,205720,488576,40
cloud-k3s-master1,1,2026-06-06 08:48:25 UTC,7056360,7475640,147824,1.86,38680,602592,199364,2.51,205720,488576,48
cloud-k3s-master1,1,2026-06-06 08:48:26 UTC,7056360,7475640,147816,1.86,38680,602600,199364,2.51,205720,488576,12
cloud-k3s-master1,1,2026-06-06 08:48:27 UTC,7056360,7475640,147812,1.86,38680,602604,199364,2.51,205720,488576,20
cloud-k3s-master1,1,2026-06-06 08:48:28 UTC,7056108,7475388,148048,1.87,38688,602612,199364,2.51,205720,488576,208
cloud-k3s-master1,1,2026-06-06 08:48:29 UTC,7056108,7475388,148040,1.87,38688,602620,199364,2.51,205720,488576,216
cloud-k3s-master1,1,2026-06-06 08:48:30 UTC,7056108,7475388,148036,1.87,38688,602624,199364,2.51,205720,488576,220
cloud-k3s-master1,1,2026-06-06 08:48:31 UTC,7056108,7475388,148028,1.87,38688,602632,199364,2.51,205720,488576,228
cloud-k3s-master1,1,2026-06-06 08:48:32 UTC,7056108,7475388,148016,1.87,38688,602640,199364,2.51,205720,488576,36
cloud-k3s-master1,1,2026-06-06 08:48:33 UTC,7056108,7475448,148012,1.87,38696,602636,199364,2.51,205720,488636,12
cloud-k3s-master1,1,2026-06-06 08:48:34 UTC,7056108,7475448,147996,1.87,38696,602652,199364,2.51,205720,488636,16
cloud-k3s-master1,1,2026-06-06 08:48:35 UTC,7056108,7475448,147988,1.87,38696,602660,199364,2.51,205720,488636,24
cloud-k3s-master1,1,2026-06-06 08:48:36 UTC,7056108,7475448,147980,1.87,38696,602668,199364,2.51,205720,488636,32
cloud-k3s-master1,1,2026-06-06 08:48:37 UTC,7056108,7475448,147976,1.87,38696,602672,199364,2.51,205720,488636,36
cloud-k3s-master1,1,2026-06-06 08:48:38 UTC,7056108,7475448,147964,1.87,38696,602684,199364,2.51,205720,488636,8
cloud-k3s-master1,1,2026-06-06 08:48:39 UTC,7056108,7475448,147964,1.87,38704,602676,199364,2.51,205720,488636,8
cloud-k3s-master1,1,2026-06-06 08:48:40 UTC,7056108,7475448,147944,1.87,38704,602696,199364,2.51,205720,488636,52
cloud-k3s-master1,1,2026-06-06 08:48:41 UTC,7056108,7475448,147936,1.87,38704,602704,199364,2.51,205720,488636,60
cloud-k3s-master1,1,2026-06-06 08:48:42 UTC,7056108,7475508,147928,1.87,38704,602712,199364,2.51,205720,488696,228
cloud-k3s-master1,1,2026-06-06 08:48:43 UTC,7056108,7475508,147928,1.87,38704,602712,199364,2.51,205720,488696,228
cloud-k3s-master1,1,2026-06-06 08:48:44 UTC,7056108,7475512,147916,1.86,38704,602724,199364,2.51,205720,488700,160
cloud-k3s-master1,1,2026-06-06 08:48:45 UTC,7056108,7475512,147908,1.86,38712,602724,199364,2.51,205720,488700,172
cloud-k3s-master1,1,2026-06-06 08:48:46 UTC,7056108,7475512,147896,1.86,38712,602736,199364,2.51,205720,488700,212
cloud-k3s-master1,1,2026-06-06 08:48:47 UTC,7056108,7475512,147896,1.86,38712,602736,199364,2.51,205720,488700,212
cloud-k3s-master1,1,2026-06-06 08:48:48 UTC,7056108,7475512,147880,1.86,38712,602752,199364,2.51,205720,488700,72
cloud-k3s-master1,1,2026-06-06 08:48:49 UTC,7056108,7475512,147876,1.86,38712,602756,199364,2.51,205720,488700,76
cloud-k3s-master1,1,2026-06-06 08:48:50 UTC,7056108,7475512,147868,1.86,38712,602764,199364,2.51,205720,488700,4
cloud-k3s-master1,1,2026-06-06 08:48:51 UTC,7056108,7475512,147868,1.86,38720,602756,199364,2.51,205720,488700,4
cloud-k3s-master1,1,2026-06-06 08:48:52 UTC,7056108,7475572,147848,1.86,38720,602776,199364,2.51,205720,488760,204
cloud-k3s-master1,1,2026-06-06 08:48:53 UTC,7056108,7475572,147840,1.86,38720,602784,199364,2.51,205720,488760,52
cloud-k3s-master1,1,2026-06-06 08:48:54 UTC,7056108,7475572,147832,1.86,38720,602792,199364,2.51,205720,488760,60
cloud-k3s-master1,1,2026-06-06 08:48:55 UTC,7055856,7475320,148084,1.87,38720,602792,199364,2.51,205720,488760,60
cloud-k3s-master1,1,2026-06-06 08:48:56 UTC,7055856,7475324,148068,1.87,38720,602804,199364,2.51,205720,488760,72
cloud-k3s-master1,1,2026-06-06 08:48:57 UTC,7055856,7475364,148052,1.87,38728,602812,199364,2.51,205720,488800,40
cloud-k3s-master1,1,2026-06-06 08:48:58 UTC,7055856,7475364,148044,1.87,38728,602820,199364,2.51,205720,488800,208
cloud-k3s-master1,1,2026-06-06 08:48:59 UTC,7055856,7475364,148040,1.87,38728,602824,199364,2.51,205720,488800,212
cloud-k3s-master1,1,2026-06-06 08:49:00 UTC,7055856,7475424,148032,1.87,38728,602832,199364,2.51,205720,488860,220
cloud-k3s-master1,1,2026-06-06 08:49:01 UTC,7055856,7475424,148032,1.87,38728,602832,199364,2.51,205720,488860,220
cloud-k3s-master1,1,2026-06-06 08:49:02 UTC,7055856,7475440,148012,1.87,38736,602844,199364,2.51,205720,488876,180
cloud-k3s-master1,1,2026-06-06 08:49:03 UTC,7055856,7475440,148004,1.87,38736,602852,199364,2.51,205720,488876,12
cloud-k3s-master1,1,2026-06-06 08:49:04 UTC,7055856,7475440,147996,1.87,38736,602860,199364,2.51,205720,488876,20
cloud-k3s-master1,1,2026-06-06 08:49:05 UTC,7055856,7475440,147996,1.87,38736,602860,199364,2.51,205720,488876,20
cloud-k3s-master1,1,2026-06-06 08:49:06 UTC,7055604,7475188,148236,1.87,38736,602872,199364,2.51,205720,488876,32
cloud-k3s-master1,1,2026-06-06 08:49:07 UTC,7055604,7475188,148228,1.87,38744,602872,199364,2.51,205720,488876,44
cloud-k3s-master1,1,2026-06-06 08:49:08 UTC,7055604,7475252,148216,1.87,38744,602884,199364,2.51,205720,488940,32
cloud-k3s-master1,1,2026-06-06 08:49:09 UTC,7055604,7475252,148208,1.87,38744,602892,199364,2.51,205720,488940,44
cloud-k3s-master1,1,2026-06-06 08:49:10 UTC,7055604,7475252,148200,1.87,38744,602900,199364,2.51,205720,488940,52
cloud-k3s-master1,1,2026-06-06 08:49:11 UTC,7055604,7475252,148196,1.87,38744,602904,199364,2.51,205720,488940,56
cloud-k3s-master1,1,2026-06-06 08:49:12 UTC,7055604,7475252,148188,1.87,38744,602912,199364,2.51,205720,488940,224
cloud-k3s-master1,1,2026-06-06 08:49:13 UTC,7055604,7475252,148188,1.87,38752,602904,199364,2.51,205720,488940,224
cloud-k3s-master1,1,2026-06-06 08:49:14 UTC,7055604,7475252,148168,1.87,38752,602924,199364,2.51,205720,488940,236
cloud-k3s-master1,1,2026-06-06 08:49:15 UTC,7055604,7475252,148160,1.87,38752,602932,199364,2.51,205720,488940,244
cloud-k3s-master1,1,2026-06-06 08:49:16 UTC,7055604,7475252,148152,1.87,38752,602940,199364,2.51,205720,488940,252
cloud-k3s-master1,1,2026-06-06 08:49:17 UTC,7055604,7475252,148152,1.87,38752,602940,199364,2.51,205720,488940,80
cloud-k3s-master1,1,2026-06-06 08:49:18 UTC,7055604,7475328,148132,1.87,38760,602952,199364,2.51,205720,489016,76
cloud-k3s-master1,1,2026-06-06 08:49:19 UTC,7055604,7475328,148120,1.87,38760,602960,199364,2.51,205720,489016,84
cloud-k3s-master1,1,2026-06-06 08:49:20 UTC,7055604,7475328,148112,1.87,38760,602968,199364,2.51,205720,489016,92
cloud-k3s-master1,1,2026-06-06 08:49:21 UTC,7055604,7475328,148108,1.87,38760,602972,199364,2.51,205720,489016,96
cloud-k3s-master1,1,2026-06-06 08:49:22 UTC,7055604,7475328,148100,1.87,38760,602980,199364,2.51,205720,489016,268
cloud-k3s-master1,1,2026-06-06 08:49:23 UTC,7055604,7475328,148100,1.87,38760,602980,199364,2.51,205720,489016,100
cloud-k3s-master1,1,2026-06-06 08:49:24 UTC,7055604,7475328,148080,1.87,38768,602992,199364,2.51,205720,489016,128
cloud-k3s-master1,1,2026-06-06 08:49:25 UTC,7055604,7475328,148072,1.87,38768,603000,199364,2.51,205720,489016,136
cloud-k3s-master1,1,2026-06-06 08:49:26 UTC,7055604,7475388,148064,1.87,38768,603008,199364,2.51,205720,489076,144
cloud-k3s-master1,1,2026-06-06 08:49:27 UTC,7055604,7475388,148064,1.87,38768,603008,199364,2.51,205720,489076,144
cloud-k3s-master1,1,2026-06-06 08:49:28 UTC,7055604,7475388,148052,1.87,38768,603020,199364,2.51,205720,489076,320
cloud-k3s-master1,1,2026-06-06 08:49:29 UTC,7055604,7475388,148044,1.87,38768,603028,199364,2.51,205720,489076,328
cloud-k3s-master1,1,2026-06-06 08:49:30 UTC,7055604,7475400,148028,1.87,38776,603032,199364,2.51,205720,489084,332
cloud-k3s-master1,1,2026-06-06 08:49:31 UTC,7055604,7475400,148028,1.87,38776,603032,199364,2.51,205720,489084,332
cloud-k3s-master1,1,2026-06-06 08:49:32 UTC,7055604,7475408,148012,1.87,38776,603048,199364,2.51,205720,489092,184
cloud-k3s-master1,1,2026-06-06 08:49:33 UTC,7055604,7475408,148008,1.87,38776,603052,199364,2.51,205720,489092,188
cloud-k3s-master1,1,2026-06-06 08:49:34 UTC,7055604,7475408,148000,1.87,38776,603060,199364,2.51,205720,489092,196
cloud-k3s-master1,1,2026-06-06 08:49:35 UTC,7055604,7475468,147992,1.87,38776,603068,199364,2.51,205720,489152,188
cloud-k3s-master1,1,2026-06-06 08:49:36 UTC,7055604,7475468,147976,1.87,38784,603076,199364,2.51,205720,489152,212
cloud-k3s-master1,1,2026-06-06 08:49:37 UTC,7055604,7475468,147972,1.87,38784,603080,199364,2.51,205720,489152,216
cloud-k3s-master1,1,2026-06-06 08:49:38 UTC,7055604,7475468,147964,1.87,38784,603088,199364,2.51,205720,489152,228
cloud-k3s-master1,1,2026-06-06 08:49:39 UTC,7055604,7475468,147964,1.87,38784,603088,199364,2.51,205720,489152,12
cloud-k3s-master1,1,2026-06-06 08:49:40 UTC,7055604,7475468,147952,1.87,38784,603100,199364,2.51,205720,489152,28
cloud-k3s-master1,1,2026-06-06 08:49:41 UTC,7055604,7475468,147944,1.87,38784,603108,199364,2.51,205720,489152,36
cloud-k3s-master1,1,2026-06-06 08:49:42 UTC,7055604,7475468,147924,1.86,38792,603116,199364,2.51,205720,489152,216
cloud-k3s-master1,1,2026-06-06 08:49:43 UTC,7055352,7475232,148176,1.87,38792,603116,199364,2.51,205720,489168,212
cloud-k3s-master1,1,2026-06-06 08:49:44 UTC,7055352,7475292,148164,1.87,38792,603128,199364,2.51,205720,489228,224
cloud-k3s-master1,1,2026-06-06 08:49:45 UTC,7055352,7475292,148156,1.87,38792,603136,199364,2.51,205720,489228,232
cloud-k3s-master1,1,2026-06-06 08:49:46 UTC,7055352,7475292,148152,1.87,38792,603140,199364,2.51,205720,489228,236
cloud-k3s-master1,1,2026-06-06 08:49:47 UTC,7055352,7475316,148144,1.87,38800,603140,199364,2.51,205720,489252,220
cloud-k3s-master1,1,2026-06-06 08:49:48 UTC,7055352,7475316,148128,1.87,38800,603156,199364,2.51,205720,489252,80
cloud-k3s-master1,1,2026-06-06 08:49:49 UTC,7055352,7475316,148124,1.87,38800,603160,199364,2.51,205720,489252,84
cloud-k3s-master1,1,2026-06-06 08:49:50 UTC,7055352,7475316,148116,1.87,38800,603168,199364,2.51,205720,489252,92
cloud-k3s-master1,1,2026-06-06 08:49:51 UTC,7055352,7475316,148108,1.87,38800,603176,199364,2.51,205720,489252,100
cloud-k3s-master1,1,2026-06-06 08:49:52 UTC,7055352,7475316,148104,1.87,38808,603172,199364,2.51,205720,489252,104
cloud-k3s-master1,1,2026-06-06 08:49:53 UTC,7055352,7475352,148084,1.87,38808,603188,199364,2.51,205720,489284,256
cloud-k3s-master1,1,2026-06-06 08:49:54 UTC,7055352,7475352,148076,1.87,38808,603196,199364,2.51,205720,489284,264
cloud-k3s-master1,1,2026-06-06 08:49:55 UTC,7055352,7475352,148072,1.87,38808,603200,199364,2.51,205720,489284,268
cloud-k3s-master1,1,2026-06-06 08:49:56 UTC,7055352,7475352,148064,1.87,38808,603208,199364,2.51,205720,489284,276
cloud-k3s-master1,1,2026-06-06 08:49:57 UTC,7055352,7475388,148056,1.87,38816,603208,199364,2.51,205720,489320,116
cloud-k3s-master1,1,2026-06-06 08:49:58 UTC,7055352,7475388,148040,1.87,38816,603224,199364,2.51,205720,489320,152
cloud-k3s-master1,1,2026-06-06 08:49:59 UTC,7055352,7475388,148036,1.87,38816,603228,199364,2.51,205720,489320,156
cloud-k3s-master1,1,2026-06-06 08:50:00 UTC,7055352,7475388,148028,1.87,38816,603236,199364,2.51,205720,489320,164
cloud-k3s-master1,1,2026-06-06 08:50:01 UTC,7055352,7475388,148020,1.87,38816,603244,199364,2.51,205720,489320,172
cloud-k3s-master1,1,2026-06-06 08:50:02 UTC,7055352,7475388,148008,1.87,38824,603248,199364,2.51,205720,489320,336
cloud-k3s-master1,1,2026-06-06 08:50:03 UTC,7055352,7475388,148008,1.87,38824,603248,199364,2.51,205720,489320,176
cloud-k3s-master1,1,2026-06-06 08:50:04 UTC,7055352,7475388,147992,1.87,38824,603264,199364,2.51,205720,489320,172
cloud-k3s-master1,1,2026-06-06 08:50:05 UTC,7055352,7475388,147984,1.87,38824,603268,199364,2.51,205720,489320,176
cloud-k3s-master1,1,2026-06-06 08:50:06 UTC,7055352,7475448,147976,1.87,38824,603276,199364,2.51,205720,489380,184
cloud-k3s-master1,1,2026-06-06 08:50:07 UTC,7055352,7475448,147976,1.87,38832,603268,199364,2.51,205720,489380,184
cloud-k3s-master1,1,2026-06-06 08:50:08 UTC,7055352,7475448,147956,1.87,38832,603288,199364,2.51,205720,489380,368
cloud-k3s-master1,1,2026-06-06 08:50:09 UTC,7055352,7475448,147948,1.87,38832,603296,199364,2.51,205720,489380,376
cloud-k3s-master1,1,2026-06-06 08:50:10 UTC,7055352,7475476,147940,1.87,38832,603304,199364,2.51,205720,489408,172
cloud-k3s-master1,1,2026-06-06 08:50:11 UTC,7055352,7475476,147936,1.87,38832,603308,199364,2.51,205720,489408,180
cloud-k3s-master1,1,2026-06-06 08:50:12 UTC,7055352,7475488,147928,1.87,38840,603308,199364,2.51,205720,489420,164
cloud-k3s-master1,1,2026-06-06 08:50:13 UTC,7055352,7475536,147908,1.86,38840,603324,199364,2.51,205720,489468,24
cloud-k3s-master1,1,2026-06-06 08:50:14 UTC,7055352,7475536,147904,1.86,38840,603328,199364,2.51,205720,489468,28
cloud-k3s-master1,1,2026-06-06 08:50:15 UTC,7055352,7475536,147896,1.86,38840,603336,199364,2.51,205720,489468,36
cloud-k3s-master1,1,2026-06-06 08:50:16 UTC,7055352,7475536,147888,1.86,38840,603344,199364,2.51,205720,489468,44
cloud-k3s-master1,1,2026-06-06 08:50:17 UTC,7055352,7475536,147888,1.86,38848,603336,199364,2.51,205720,489468,44
cloud-k3s-master1,1,2026-06-06 08:50:18 UTC,7055352,7475536,147868,1.86,38848,603356,199364,2.51,205720,489468,72
cloud-k3s-master1,1,2026-06-06 08:50:19 UTC,7053088,7473320,150124,1.89,38848,603364,199364,2.51,205672,489516,256
cloud-k3s-master1,1,2026-06-06 08:50:20 UTC,7053088,7473320,150116,1.89,38848,603372,199364,2.51,205672,489516,264
cloud-k3s-master1,1,2026-06-06 08:50:21 UTC,7053088,7473320,150116,1.89,38848,603372,199364,2.51,205672,489516,264
cloud-k3s-master1,1,2026-06-06 08:50:22 UTC,7053088,7473336,150096,1.89,38856,603384,199364,2.51,205720,489532,284
cloud-k3s-master1,1,2026-06-06 08:50:23 UTC,7053088,7473336,150088,1.89,38856,603392,199364,2.51,205720,489532,292
cloud-k3s-master1,1,2026-06-06 08:50:24 UTC,7053088,7473336,150084,1.89,38856,603396,199364,2.51,205720,489532,124
cloud-k3s-master1,1,2026-06-06 08:50:25 UTC,7053088,7473336,150076,1.89,38856,603404,199364,2.51,205720,489532,32
cloud-k3s-master1,1,2026-06-06 08:50:26 UTC,7053088,7473336,150068,1.89,38856,603412,199364,2.51,205720,489532,40
cloud-k3s-master1,1,2026-06-06 08:50:27 UTC,7052332,7472580,150824,1.90,38864,603404,202572,2.55,207096,489532,212
cloud-k3s-master1,1,2026-06-06 08:50:28 UTC,7052332,7472644,150796,1.90,38864,603428,202816,2.56,207384,489592,296
cloud-k3s-master1,1,2026-06-06 08:50:29 UTC,7052332,7472644,150788,1.90,38864,603436,202816,2.56,207384,489592,304
cloud-k3s-master1,1,2026-06-06 08:50:30 UTC,7052332,7472644,150784,1.90,38864,603440,202816,2.56,207384,489592,320
cloud-k3s-master1,1,2026-06-06 08:50:31 UTC,7052332,7472644,150784,1.90,38864,603440,199364,2.51,205836,489592,320
cloud-k3s-master1,1,2026-06-06 08:50:32 UTC,7057620,7477940,145472,1.83,38872,603456,199364,2.51,205720,489600,44
cloud-k3s-master1,1,2026-06-06 08:50:33 UTC,7057368,7477688,145720,1.84,38872,603460,199364,2.51,205720,489600,0
cloud-k3s-master1,1,2026-06-06 08:50:34 UTC,7057368,7477688,145712,1.84,38872,603468,199364,2.51,205720,489600,12
cloud-k3s-master1,1,2026-06-06 08:50:35 UTC,7057368,7477748,145704,1.84,38872,603476,199364,2.51,205720,489660,20
cloud-k3s-master1,1,2026-06-06 08:50:36 UTC,7057368,7477748,145700,1.84,38872,603480,199364,2.51,205720,489660,24
cloud-k3s-master1,1,2026-06-06 08:50:37 UTC,7057368,7477748,145700,1.84,38880,603472,199364,2.51,205720,489660,196
cloud-k3s-master1,1,2026-06-06 08:50:38 UTC,7057368,7477748,145676,1.84,38880,603496,199364,2.51,205720,489660,76
cloud-k3s-master1,1,2026-06-06 08:50:39 UTC,7057368,7477748,145668,1.84,38880,603504,199364,2.51,205720,489660,36
cloud-k3s-master1,1,2026-06-06 08:50:40 UTC,7057368,7477748,145664,1.84,38880,603508,199364,2.51,205720,489660,44
cloud-k3s-master1,1,2026-06-06 08:50:41 UTC,7057368,7477748,145656,1.84,38880,603516,199364,2.51,205720,489660,52
cloud-k3s-master1,1,2026-06-06 08:50:42 UTC,7056864,7477244,146152,1.84,38888,603516,199364,2.51,205720,489660,60
cloud-k3s-master1,1,2026-06-06 08:50:43 UTC,7056864,7477252,146140,1.84,38888,603528,199364,2.51,205720,489668,188
cloud-k3s-master1,1,2026-06-06 08:50:44 UTC,7056864,7477312,146132,1.84,38888,603536,199364,2.51,205720,489728,196
cloud-k3s-master1,1,2026-06-06 08:50:45 UTC,7056864,7477312,146132,1.84,38888,603536,199364,2.51,205720,489728,196
cloud-k3s-master1,1,2026-06-06 08:50:46 UTC,7056864,7477312,146120,1.84,38888,603548,199364,2.51,205720,489728,168
cloud-k3s-master1,1,2026-06-06 08:50:47 UTC,7056864,7477312,146104,1.84,38896,603556,199364,2.51,205720,489728,204
cloud-k3s-master1,1,2026-06-06 08:50:48 UTC,7056864,7477312,146096,1.84,38896,603564,199364,2.51,205720,489728,52
cloud-k3s-master1,1,2026-06-06 08:50:49 UTC,7056864,7477312,146080,1.84,38896,603568,199364,2.51,205720,489728,56
cloud-k3s-master1,1,2026-06-06 08:50:50 UTC,7056864,7477312,146072,1.84,38896,603576,199364,2.51,205720,489728,64
cloud-k3s-master1,1,2026-06-06 08:50:51 UTC,7056864,7477312,146072,1.84,38896,603576,199364,2.51,205720,489728,64
cloud-k3s-master1,1,2026-06-06 08:50:52 UTC,7056864,7477312,146052,1.84,38904,603588,199364,2.51,205720,489728,196
cloud-k3s-master1,1,2026-06-06 08:50:53 UTC,7056864,7477396,146044,1.84,38904,603596,199364,2.51,205720,489812,16
cloud-k3s-master1,1,2026-06-06 08:50:54 UTC,7056864,7477396,146036,1.84,38904,603604,199364,2.51,205720,489812,24
cloud-k3s-master1,1,2026-06-06 08:50:55 UTC,7056864,7477396,146036,1.84,38904,603604,199364,2.51,205720,489812,24
cloud-k3s-master1,1,2026-06-06 08:50:56 UTC,7056864,7477396,146024,1.84,38904,603616,199364,2.51,205720,489812,36
cloud-k3s-master1,1,2026-06-06 08:50:57 UTC,7056864,7477396,146016,1.84,38912,603616,199364,2.51,205720,489812,48
cloud-k3s-master1,1,2026-06-06 08:50:58 UTC,7056864,7477396,146004,1.84,38912,603628,199364,2.51,205720,489812,192
cloud-k3s-master1,1,2026-06-06 08:50:59 UTC,7056864,7477396,146004,1.84,38912,603628,199364,2.51,205720,489812,192
cloud-k3s-master1,1,2026-06-06 08:51:00 UTC,7056864,7477396,145988,1.84,38912,603644,199364,2.51,205720,489812,208
cloud-k3s-master1,1,2026-06-06 08:51:01 UTC,7056864,7477396,145980,1.84,38912,603652,199364,2.51,205720,489812,216
cloud-k3s-master1,1,2026-06-06 08:51:02 UTC,7056864,7477456,145964,1.84,38920,603656,199364,2.51,205720,489872,60
cloud-k3s-master1,1,2026-06-06 08:51:03 UTC,7056864,7477456,145964,1.84,38920,603656,199364,2.51,205720,489872,16
cloud-k3s-master1,1,2026-06-06 08:51:04 UTC,7056864,7477456,145948,1.84,38920,603672,199364,2.51,205720,489872,12
cloud-k3s-master1,1,2026-06-06 08:51:05 UTC,7056864,7477456,145944,1.84,38920,603676,199364,2.51,205720,489872,16
cloud-k3s-master1,1,2026-06-06 08:51:06 UTC,7056864,7477456,145936,1.84,38920,603684,199364,2.51,205720,489872,24
cloud-k3s-master1,1,2026-06-06 08:51:07 UTC,7056864,7477456,145928,1.84,38928,603684,199364,2.51,205720,489872,32
cloud-k3s-master1,1,2026-06-06 08:51:08 UTC,7056864,7477496,145916,1.84,38928,603696,199364,2.51,205720,489912,68
cloud-k3s-master1,1,2026-06-06 08:51:09 UTC,7056864,7477504,145908,1.84,38928,603704,199364,2.51,205720,489920,32
cloud-k3s-master1,1,2026-06-06 08:51:10 UTC,7056864,7477504,145900,1.84,38928,603712,199364,2.51,205720,489920,44
cloud-k3s-master1,1,2026-06-06 08:51:11 UTC,7056864,7477504,145896,1.84,38928,603716,199364,2.51,205720,489920,48
cloud-k3s-master1,1,2026-06-06 08:51:12 UTC,7056864,7477508,145884,1.84,38936,603716,199364,2.51,205720,489920,56
cloud-k3s-master1,1,2026-06-06 08:51:13 UTC,7056864,7477568,145868,1.84,38936,603732,199364,2.51,205720,489980,192
cloud-k3s-master1,1,2026-06-06 08:51:14 UTC,7056864,7477568,145864,1.84,38936,603736,199364,2.51,205720,489980,196
cloud-k3s-master1,1,2026-06-06 08:51:15 UTC,7056864,7477568,145856,1.84,38936,603744,199364,2.51,205720,489980,160
cloud-k3s-master1,1,2026-06-06 08:51:16 UTC,7056864,7477568,145848,1.84,38936,603752,199364,2.51,205720,489980,172
cloud-k3s-master1,1,2026-06-06 08:51:17 UTC,7056864,7477568,145844,1.84,38944,603748,199364,2.51,205720,489980,4
cloud-k3s-master1,1,2026-06-06 08:51:18 UTC,7056864,7477568,145828,1.84,38944,603764,199364,2.51,205720,489980,52
cloud-k3s-master1,1,2026-06-06 08:51:19 UTC,7056864,7477568,145820,1.84,38944,603772,199364,2.51,205720,489980,60
cloud-k3s-master1,1,2026-06-06 08:51:20 UTC,7056864,7477568,145816,1.84,38944,603776,199364,2.51,205720,489980,64
cloud-k3s-master1,1,2026-06-06 08:51:21 UTC,7056864,7477568,145808,1.84,38944,603784,199364,2.51,205720,489980,28
cloud-k3s-master1,1,2026-06-06 08:51:22 UTC,7056864,7477644,145792,1.84,38952,603792,199364,2.51,205720,490056,172
cloud-k3s-master1,1,2026-06-06 08:51:23 UTC,7056864,7477644,145784,1.84,38952,603800,199364,2.51,205720,490056,20
cloud-k3s-master1,1,2026-06-06 08:51:24 UTC,7056864,7477644,145780,1.84,38952,603804,199364,2.51,205720,490056,24
cloud-k3s-master1,1,2026-06-06 08:51:25 UTC,7056864,7477644,145780,1.84,38952,603804,199364,2.51,205720,490056,24
cloud-k3s-master1,1,2026-06-06 08:51:26 UTC,7056864,7477644,145764,1.84,38952,603820,199364,2.51,205720,490056,40
cloud-k3s-master1,1,2026-06-06 08:51:27 UTC,7056864,7477644,145760,1.84,38960,603816,199364,2.51,205720,490056,44
cloud-k3s-master1,1,2026-06-06 08:51:28 UTC,7056864,7477676,145744,1.84,38960,603832,199364,2.51,205720,490088,200
cloud-k3s-master1,1,2026-06-06 08:51:29 UTC,7056864,7477676,145736,1.84,38960,603840,199364,2.51,205720,490088,208
cloud-k3s-master1,1,2026-06-06 08:51:30 UTC,7056864,7477676,145732,1.84,38960,603844,199364,2.51,205720,490088,212
cloud-k3s-master1,1,2026-06-06 08:51:31 UTC,7056864,7477676,145724,1.84,38960,603852,199364,2.51,205720,490088,220
cloud-k3s-master1,1,2026-06-06 08:51:32 UTC,7056864,7477676,145708,1.84,38968,603860,199364,2.51,205720,490088,240
cloud-k3s-master1,1,2026-06-06 08:51:33 UTC,7056864,7477732,145704,1.84,38968,603864,199364,2.51,205720,490144,0
cloud-k3s-master1,1,2026-06-06 08:51:34 UTC,7056864,7477732,145696,1.84,38968,603872,199364,2.51,205720,490144,12
cloud-k3s-master1,1,2026-06-06 08:51:35 UTC,7056864,7477732,145684,1.84,38968,603880,199364,2.51,205720,490144,20
cloud-k3s-master1,1,2026-06-06 08:51:36 UTC,7056864,7477732,145680,1.84,38968,603884,199364,2.51,205720,490144,24
cloud-k3s-master1,1,2026-06-06 08:51:37 UTC,7056864,7477732,145672,1.84,38976,603884,199364,2.51,205720,490144,32
cloud-k3s-master1,1,2026-06-06 08:51:38 UTC,7056864,7477732,145652,1.84,38976,603904,199364,2.51,205720,490144,232
cloud-k3s-master1,1,2026-06-06 08:51:39 UTC,7056864,7477732,145648,1.84,38976,603908,199364,2.51,205720,490144,192
cloud-k3s-master1,1,2026-06-06 08:51:40 UTC,7056864,7477732,145640,1.84,38976,603916,199364,2.51,205720,490144,204
cloud-k3s-master1,1,2026-06-06 08:51:41 UTC,7056864,7477732,145640,1.84,38976,603916,199364,2.51,205720,490144,204
cloud-k3s-master1,1,2026-06-06 08:51:42 UTC,7056864,7477808,145616,1.84,38984,603932,199364,2.51,205720,490220,28
cloud-k3s-master1,1,2026-06-06 08:51:43 UTC,7056864,7477808,145612,1.84,38984,603936,199364,2.51,205720,490220,32
cloud-k3s-master1,1,2026-06-06 08:51:44 UTC,7056864,7477808,145604,1.84,38984,603944,199364,2.51,205720,490220,40
cloud-k3s-master1,1,2026-06-06 08:51:45 UTC,7056864,7477808,145604,1.84,38984,603944,199364,2.51,205720,490220,40
cloud-k3s-master1,1,2026-06-06 08:51:46 UTC,7056864,7477808,145592,1.84,38984,603956,199364,2.51,205720,490220,8
cloud-k3s-master1,1,2026-06-06 08:51:47 UTC,7056864,7477808,145576,1.84,38992,603964,199364,2.51,205720,490220,48
cloud-k3s-master1,1,2026-06-06 08:51:48 UTC,7056864,7477808,145568,1.84,38992,603972,199364,2.51,205720,490220,220
cloud-k3s-master1,1,2026-06-06 08:51:49 UTC,7056864,7477816,145564,1.84,38992,603976,199364,2.51,205720,490228,60
cloud-k3s-master1,1,2026-06-06 08:51:50 UTC,7056864,7477876,145556,1.84,38992,603984,199364,2.51,205720,490288,68
cloud-k3s-master1,1,2026-06-06 08:51:51 UTC,7056864,7477876,145556,1.84,38992,603984,199364,2.51,205720,490288,68
cloud-k3s-master1,1,2026-06-06 08:51:52 UTC,7056864,7477876,145536,1.83,39000,603996,199364,2.51,205720,490288,204
cloud-k3s-master1,1,2026-06-06 08:51:53 UTC,7056864,7477884,145528,1.83,39000,604004,199364,2.51,205720,490296,176
cloud-k3s-master1,1,2026-06-06 08:51:54 UTC,7056864,7477884,145520,1.83,39000,604012,199364,2.51,205720,490296,184
cloud-k3s-master1,1,2026-06-06 08:51:55 UTC,7056864,7477884,145520,1.83,39000,604012,199364,2.51,205720,490296,184
cloud-k3s-master1,1,2026-06-06 08:51:56 UTC,7056864,7477884,145508,1.83,39000,604024,199364,2.51,205720,490296,196
cloud-k3s-master1,1,2026-06-06 08:51:57 UTC,7056864,7477892,145492,1.83,39008,604032,199364,2.51,205720,490304,12
cloud-k3s-master1,1,2026-06-06 08:51:58 UTC,7056864,7477896,145484,1.83,39008,604036,199364,2.51,205720,490304,36
cloud-k3s-master1,1,2026-06-06 08:51:59 UTC,7056864,7477956,145476,1.83,39008,604044,199364,2.51,205720,490364,44
cloud-k3s-master1,1,2026-06-06 08:52:00 UTC,7056864,7477956,145468,1.83,39008,604052,199364,2.51,205720,490364,52
cloud-k3s-master1,1,2026-06-06 08:52:01 UTC,7056864,7477956,145464,1.83,39008,604056,199364,2.51,205720,490364,56
cloud-k3s-master1,1,2026-06-06 08:52:02 UTC,7056864,7477976,145448,1.83,39016,604064,199364,2.51,205720,490384,204
cloud-k3s-master1,1,2026-06-06 08:52:03 UTC,7056864,7477984,145440,1.83,39016,604072,199364,2.51,205720,490392,168
cloud-k3s-master1,1,2026-06-06 08:52:04 UTC,7056864,7477984,145432,1.83,39016,604080,199364,2.51,205720,490392,12
cloud-k3s-master1,1,2026-06-06 08:52:05 UTC,7056864,7477984,145428,1.83,39016,604084,199364,2.51,205720,490392,16
cloud-k3s-master1,1,2026-06-06 08:52:06 UTC,7056864,7477984,145420,1.83,39016,604092,199364,2.51,205720,490392,24
cloud-k3s-master1,1,2026-06-06 08:52:07 UTC,7056864,7477984,145412,1.83,39024,604092,199364,2.51,205720,490392,36
cloud-k3s-master1,1,2026-06-06 08:52:08 UTC,7056864,7477984,145400,1.83,39024,604104,199364,2.51,205720,490392,224
cloud-k3s-master1,1,2026-06-06 08:52:09 UTC,7056864,7478000,145400,1.83,39024,604104,199364,2.51,205720,490408,180
cloud-k3s-master1,1,2026-06-06 08:52:10 UTC,7056864,7478000,145384,1.83,39024,604120,199364,2.51,205720,490408,200
cloud-k3s-master1,1,2026-06-06 08:52:11 UTC,7056864,7478000,145380,1.83,39024,604124,199364,2.51,205720,490408,204
cloud-k3s-master1,1,2026-06-06 08:52:12 UTC,7056864,7478060,145364,1.83,39032,604132,199364,2.51,205720,490468,224
cloud-k3s-master1,1,2026-06-06 08:52:13 UTC,7056864,7478068,145364,1.83,39032,604132,199364,2.51,205720,490476,28
cloud-k3s-master1,1,2026-06-06 08:52:14 UTC,7056864,7478068,145364,1.83,39032,604132,199364,2.51,205720,490476,28
cloud-k3s-master1,1,2026-06-06 08:52:15 UTC,7056864,7478068,145344,1.83,39032,604152,199364,2.51,205720,490476,44
cloud-k3s-master1,1,2026-06-06 08:52:16 UTC,7056864,7478068,145336,1.83,39032,604160,199364,2.51,205720,490476,12
cloud-k3s-master1,1,2026-06-06 08:52:17 UTC,7056864,7478068,145336,1.83,39040,604152,199364,2.51,205720,490476,172
cloud-k3s-master1,1,2026-06-06 08:52:18 UTC,7056864,7478076,145316,1.83,39040,604172,199364,2.51,205720,490484,56
cloud-k3s-master1,1,2026-06-06 08:52:19 UTC,7056864,7478076,145308,1.83,39040,604180,199364,2.51,205720,490484,64
cloud-k3s-master1,1,2026-06-06 08:52:20 UTC,7056864,7478076,145304,1.83,39040,604184,199364,2.51,205720,490484,68
cloud-k3s-master1,1,2026-06-06 08:52:21 UTC,7056612,7477824,145556,1.84,39040,604184,199364,2.51,205720,490484,68
cloud-k3s-master1,1,2026-06-06 08:52:22 UTC,7056612,7477904,145524,1.83,39048,604200,199364,2.51,205720,490560,12
cloud-k3s-master1,1,2026-06-06 08:52:23 UTC,7056612,7477904,145516,1.83,39048,604208,199364,2.51,205720,490560,180
cloud-k3s-master1,1,2026-06-06 08:52:24 UTC,7056612,7477904,145512,1.83,39048,604212,199364,2.51,205720,490560,184
cloud-k3s-master1,1,2026-06-06 08:52:25 UTC,7056612,7477904,145504,1.83,39048,604220,199364,2.51,205720,490560,192
cloud-k3s-master1,1,2026-06-06 08:52:26 UTC,7056612,7477904,145496,1.83,39048,604228,199364,2.51,205720,490560,200
cloud-k3s-master1,1,2026-06-06 08:52:27 UTC,7056612,7477936,145492,1.83,39056,604224,199364,2.51,205720,490592,0
cloud-k3s-master1,1,2026-06-06 08:52:28 UTC,7056612,7477936,145476,1.83,39056,604240,199364,2.51,205720,490592,40
cloud-k3s-master1,1,2026-06-06 08:52:29 UTC,7056612,7477936,145468,1.83,39056,604248,199364,2.51,205720,490592,48
cloud-k3s-master1,1,2026-06-06 08:52:30 UTC,7056612,7477936,145464,1.83,39056,604252,199364,2.51,205720,490592,52
cloud-k3s-master1,1,2026-06-06 08:52:31 UTC,7056612,7477936,145456,1.83,39056,604260,199364,2.51,205720,490592,60
cloud-k3s-master1,1,2026-06-06 08:52:32 UTC,7056612,7477936,145456,1.83,39064,604252,199364,2.51,205720,490592,60
cloud-k3s-master1,1,2026-06-06 08:52:33 UTC,7056612,7477952,145436,1.83,39064,604272,199364,2.51,205720,490608,44
cloud-k3s-master1,1,2026-06-06 08:52:34 UTC,7056612,7477952,145428,1.83,39064,604280,199364,2.51,205720,490608,12
cloud-k3s-master1,1,2026-06-06 08:52:35 UTC,7056612,7477952,145420,1.83,39064,604288,199364,2.51,205720,490608,20
cloud-k3s-master1,1,2026-06-06 08:52:36 UTC,7056612,7478012,145416,1.83,39064,604292,199364,2.51,205720,490668,24
cloud-k3s-master1,1,2026-06-06 08:52:37 UTC,7056612,7478012,145400,1.83,39072,604300,199364,2.51,205720,490668,216
cloud-k3s-master1,1,2026-06-06 08:52:38 UTC,7056612,7478012,145400,1.83,39072,604300,199364,2.51,205720,490668,216
cloud-k3s-master1,1,2026-06-06 08:52:39 UTC,7056612,7478012,145388,1.83,39072,604312,199364,2.51,205720,490668,184
cloud-k3s-master1,1,2026-06-06 08:52:40 UTC,7056612,7478012,145380,1.83,39072,604320,199364,2.51,205720,490668,196
cloud-k3s-master1,1,2026-06-06 08:52:41 UTC,7056612,7478012,145372,1.83,39072,604328,199364,2.51,205720,490668,204
cloud-k3s-master1,1,2026-06-06 08:52:42 UTC,7056612,7478012,145368,1.83,39080,604324,199364,2.51,205720,490668,208
cloud-k3s-master1,1,2026-06-06 08:52:43 UTC,7056612,7478028,145352,1.83,39080,604340,199364,2.51,205724,490684,32
cloud-k3s-master1,1,2026-06-06 08:52:44 UTC,7056612,7478028,145356,1.83,39080,604340,199364,2.51,205724,490684,32
cloud-k3s-master1,1,2026-06-06 08:52:45 UTC,7056612,7478088,145336,1.83,39080,604356,199364,2.51,205724,490744,0
cloud-k3s-master1,1,2026-06-06 08:52:46 UTC,7056612,7478088,145332,1.83,39080,604360,199364,2.51,205724,490744,8
cloud-k3s-master1,1,2026-06-06 08:52:47 UTC,7056612,7478088,145324,1.83,39088,604360,199364,2.51,205724,490744,16
cloud-k3s-master1,1,2026-06-06 08:52:48 UTC,7056612,7478088,145324,1.83,39088,604360,199364,2.51,205724,490744,16
cloud-k3s-master1,1,2026-06-06 08:52:49 UTC,7056612,7478092,145304,1.83,39088,604380,199364,2.51,205724,490748,56
cloud-k3s-master1,1,2026-06-06 08:52:50 UTC,7056612,7478092,145296,1.83,39088,604388,199364,2.51,205724,490748,64
cloud-k3s-master1,1,2026-06-06 08:52:51 UTC,7056612,7478096,145296,1.83,39088,604388,199364,2.51,205724,490752,20
cloud-k3s-master1,1,2026-06-06 08:52:52 UTC,7056612,7478096,145276,1.83,39096,604400,199364,2.51,205724,490752,196
cloud-k3s-master1,1,2026-06-06 08:52:53 UTC,7056612,7478096,145268,1.83,39096,604408,199364,2.51,205724,490752,204
cloud-k3s-master1,1,2026-06-06 08:52:54 UTC,7056612,7478156,145260,1.83,39096,604416,199364,2.51,205724,490812,188
cloud-k3s-master1,1,2026-06-06 08:52:55 UTC,7056612,7478156,145256,1.83,39096,604420,199364,2.51,205724,490812,192
cloud-k3s-master1,1,2026-06-06 08:52:56 UTC,7056612,7478156,145248,1.83,39096,604428,199364,2.51,205724,490812,200
cloud-k3s-master1,1,2026-06-06 08:52:57 UTC,7056612,7478164,145232,1.83,39104,604436,199364,2.51,205724,490820,188
cloud-k3s-master1,1,2026-06-06 08:52:58 UTC,7056612,7478172,145228,1.83,39104,604440,199364,2.51,205724,490828,36
cloud-k3s-master1,1,2026-06-06 08:52:59 UTC,7056612,7478172,145220,1.83,39104,604448,199364,2.51,205724,490828,44
cloud-k3s-master1,1,2026-06-06 08:53:00 UTC,7056612,7478172,145212,1.83,39104,604456,199364,2.51,205724,490828,52
cloud-k3s-master1,1,2026-06-06 08:53:01 UTC,7056612,7478172,145212,1.83,39104,604456,199364,2.51,205724,490828,52
cloud-k3s-master1,1,2026-06-06 08:53:02 UTC,7056612,7478180,145192,1.83,39112,604468,199364,2.51,205724,490836,196
cloud-k3s-master1,1,2026-06-06 08:53:03 UTC,7056612,7478240,145184,1.83,39112,604476,199364,2.51,205724,490896,44
cloud-k3s-master1,1,2026-06-06 08:53:04 UTC,7056612,7478240,145180,1.83,39112,604480,199364,2.51,205724,490896,8
cloud-k3s-master1,1,2026-06-06 08:53:05 UTC,7056612,7478240,145172,1.83,39112,604488,199364,2.51,205724,490896,16
cloud-k3s-master1,1,2026-06-06 08:53:06 UTC,7056612,7478240,145164,1.83,39112,604496,199364,2.51,205724,490896,24
cloud-k3s-master1,1,2026-06-06 08:53:07 UTC,7056612,7478244,145152,1.83,39120,604496,199364,2.51,205724,490896,32
cloud-k3s-master1,1,2026-06-06 08:53:08 UTC,7056612,7478244,145140,1.83,39120,604508,199364,2.51,205724,490896,228
cloud-k3s-master1,1,2026-06-06 08:53:09 UTC,7056612,7478244,145132,1.83,39120,604516,199364,2.51,205724,490896,236
cloud-k3s-master1,1,2026-06-06 08:53:10 UTC,7056612,7478244,145124,1.83,39120,604524,199364,2.51,205724,490896,204
cloud-k3s-master1,1,2026-06-06 08:53:11 UTC,7056612,7478244,145124,1.83,39120,604524,199364,2.51,205724,490896,204
cloud-k3s-master1,1,2026-06-06 08:53:12 UTC,7056612,7478304,145112,1.83,39128,604528,199364,2.51,205724,490956,44
cloud-k3s-master1,1,2026-06-06 08:53:13 UTC,7056612,7478320,145096,1.83,39128,604544,199364,2.51,205724,490972,32
cloud-k3s-master1,1,2026-06-06 08:53:14 UTC,7056612,7478320,145096,1.83,39128,604544,199364,2.51,205724,490972,32
cloud-k3s-master1,1,2026-06-06 08:53:15 UTC,7056612,7478320,145084,1.83,39128,604556,199364,2.51,205724,490972,0
cloud-k3s-master1,1,2026-06-06 08:53:16 UTC,7056612,7478320,145076,1.83,39128,604564,199364,2.51,205724,490972,12
cloud-k3s-master1,1,2026-06-06 08:53:17 UTC,7056612,7478320,145076,1.83,39136,604556,199364,2.51,205724,490972,12
cloud-k3s-master1,1,2026-06-06 08:53:18 UTC,7056612,7478320,145076,1.83,39136,604556,199364,2.51,205724,490972,12
cloud-k3s-master1,1,2026-06-06 08:53:19 UTC,7056612,7478320,145048,1.83,39136,604584,199364,2.51,205724,490972,60
cloud-k3s-master1,1,2026-06-06 08:53:20 UTC,7056612,7478320,145044,1.83,39136,604588,199364,2.51,205724,490972,64
cloud-k3s-master1,1,2026-06-06 08:53:21 UTC,7056612,7478320,145044,1.83,39136,604588,199364,2.51,205724,490972,64
cloud-k3s-master1,1,2026-06-06 08:53:22 UTC,7056612,7478392,145020,1.83,39144,604604,199364,2.51,205724,491044,172
cloud-k3s-master1,1,2026-06-06 08:53:23 UTC,7056612,7478392,145016,1.83,39144,604608,199364,2.51,205724,491044,176
cloud-k3s-master1,1,2026-06-06 08:53:24 UTC,7056612,7478392,145008,1.83,39144,604616,199364,2.51,205724,491044,184
cloud-k3s-master1,1,2026-06-06 08:53:25 UTC,7056612,7478392,145000,1.83,39144,604624,199364,2.51,205724,491044,192
cloud-k3s-master1,1,2026-06-06 08:53:26 UTC,7056612,7478392,144992,1.83,39144,604632,199364,2.51,205724,491044,200
cloud-k3s-master1,1,2026-06-06 08:53:27 UTC,7056612,7478392,144988,1.83,39152,604628,199364,2.51,205724,491044,4
cloud-k3s-master1,1,2026-06-06 08:53:28 UTC,7056612,7478392,144972,1.83,39152,604644,199364,2.51,205724,491044,44
cloud-k3s-master1,1,2026-06-06 08:53:29 UTC,7056612,7478392,144972,1.83,39152,604644,199364,2.51,205724,491044,44
cloud-k3s-master1,1,2026-06-06 08:53:30 UTC,7056612,7478392,144972,1.83,39152,604644,199364,2.51,205724,491044,44
cloud-k3s-master1,1,2026-06-06 08:53:31 UTC,7056612,7478452,144948,1.83,39152,604664,199364,2.51,205724,491104,64
cloud-k3s-master1,1,2026-06-06 08:53:32 UTC,7056612,7478452,144940,1.83,39160,604664,199364,2.51,205724,491104,72
cloud-k3s-master1,1,2026-06-06 08:53:33 UTC,7056612,7478452,144940,1.83,39160,604664,199364,2.51,205724,491104,0
cloud-k3s-master1,1,2026-06-06 08:53:34 UTC,7056612,7478496,144920,1.83,39160,604684,199364,2.51,205724,491148,12
cloud-k3s-master1,1,2026-06-06 08:53:35 UTC,7056612,7478496,144912,1.83,39160,604692,199364,2.51,205724,491148,20
cloud-k3s-master1,1,2026-06-06 08:53:36 UTC,7056612,7478496,144912,1.83,39160,604692,199364,2.51,205724,491148,20
cloud-k3s-master1,1,2026-06-06 08:53:37 UTC,7056612,7478496,144892,1.83,39168,604704,199364,2.51,205724,491148,220
cloud-k3s-master1,1,2026-06-06 08:53:38 UTC,7056612,7478496,144884,1.83,39168,604712,199364,2.51,205724,491148,228
cloud-k3s-master1,1,2026-06-06 08:53:39 UTC,7056612,7478496,144880,1.83,39168,604716,199364,2.51,205724,491148,188
cloud-k3s-master1,1,2026-06-06 08:53:40 UTC,7056612,7478496,144880,1.83,39168,604716,199364,2.51,205724,491148,188
cloud-k3s-master1,1,2026-06-06 08:53:41 UTC,7056612,7478496,144864,1.83,39168,604732,199364,2.51,205724,491148,208
cloud-k3s-master1,1,2026-06-06 08:53:42 UTC,7056612,7478556,144860,1.83,39176,604728,199364,2.51,205724,491208,212
cloud-k3s-master1,1,2026-06-06 08:53:43 UTC,7056612,7478572,144844,1.83,39176,604744,199364,2.51,205724,491224,32
cloud-k3s-master1,1,2026-06-06 08:53:44 UTC,7056612,7478572,144844,1.83,39176,604744,199364,2.51,205724,491224,32
cloud-k3s-master1,1,2026-06-06 08:53:45 UTC,7056612,7478592,144832,1.83,39176,604756,199364,2.51,205724,491244,0
cloud-k3s-master1,1,2026-06-06 08:53:46 UTC,7056612,7478592,144824,1.83,39176,604764,199364,2.51,205724,491244,12
cloud-k3s-master1,1,2026-06-06 08:53:47 UTC,7056612,7478592,144816,1.83,39184,604764,199364,2.51,205724,491244,24
cloud-k3s-master1,1,2026-06-06 08:53:48 UTC,7056612,7478592,144800,1.83,39184,604780,199364,2.51,205724,491244,220
cloud-k3s-master1,1,2026-06-06 08:53:49 UTC,7056612,7478592,144796,1.83,39184,604784,199364,2.51,205724,491244,224
cloud-k3s-master1,1,2026-06-06 08:53:50 UTC,7056612,7478592,144788,1.83,39184,604792,199364,2.51,205724,491244,232
cloud-k3s-master1,1,2026-06-06 08:53:51 UTC,7056612,7478592,144788,1.83,39184,604792,199364,2.51,205724,491244,232
cloud-k3s-master1,1,2026-06-06 08:53:52 UTC,7056612,7478648,144768,1.83,39192,604804,199364,2.51,205724,491300,8
cloud-k3s-master1,1,2026-06-06 08:53:53 UTC,7056612,7478648,144760,1.83,39192,604812,199364,2.51,205724,491300,16
cloud-k3s-master1,1,2026-06-06 08:53:54 UTC,7056612,7478652,144748,1.82,39192,604820,199364,2.51,205724,491300,24
cloud-k3s-master1,1,2026-06-06 08:53:55 UTC,7056612,7478652,144744,1.82,39192,604824,199364,2.51,205724,491300,28
cloud-k3s-master1,1,2026-06-06 08:53:56 UTC,7056612,7478652,144736,1.82,39192,604832,199364,2.51,205724,491300,36
cloud-k3s-master1,1,2026-06-06 08:53:57 UTC,7056612,7478652,144728,1.82,39200,604832,199364,2.51,205724,491300,48
cloud-k3s-master1,1,2026-06-06 08:53:58 UTC,7056360,7478400,144968,1.83,39200,604844,199364,2.51,205724,491300,200
cloud-k3s-master1,1,2026-06-06 08:53:59 UTC,7056360,7478440,144960,1.83,39200,604852,199364,2.51,205724,491340,44
cloud-k3s-master1,1,2026-06-06 08:54:00 UTC,7056360,7478440,144952,1.83,39200,604860,199364,2.51,205724,491340,52
cloud-k3s-master1,1,2026-06-06 08:54:01 UTC,7056360,7478440,144948,1.83,39200,604864,199364,2.51,205724,491340,56
cloud-k3s-master1,1,2026-06-06 08:54:02 UTC,7056360,7478440,144948,1.83,39208,604856,199364,2.51,205724,491340,56
cloud-k3s-master1,1,2026-06-06 08:54:03 UTC,7056360,7478476,144924,1.83,39208,604880,199364,2.51,205724,491376,164
cloud-k3s-master1,1,2026-06-06 08:54:04 UTC,7056360,7478476,144920,1.83,39208,604884,199364,2.51,205724,491376,172
cloud-k3s-master1,1,2026-06-06 08:54:05 UTC,7056360,7478476,144912,1.83,39208,604892,199364,2.51,205724,491376,180
cloud-k3s-master1,1,2026-06-06 08:54:06 UTC,7056360,7478476,144904,1.83,39208,604900,199364,2.51,205724,491376,188
cloud-k3s-master1,1,2026-06-06 08:54:07 UTC,7056360,7478476,144900,1.83,39216,604896,199364,2.51,205724,491376,20
cloud-k3s-master1,1,2026-06-06 08:54:08 UTC,7056360,7478500,144880,1.83,39216,604912,199364,2.51,205724,491400,64
cloud-k3s-master1,1,2026-06-06 08:54:09 UTC,7056360,7478516,144872,1.83,39216,604920,199364,2.51,205724,491416,28
cloud-k3s-master1,1,2026-06-06 08:54:10 UTC,7056360,7478516,144864,1.83,39216,604928,199364,2.51,205724,491416,40
cloud-k3s-master1,1,2026-06-06 08:54:11 UTC,7056360,7478516,144860,1.83,39216,604932,199364,2.51,205724,491416,44
cloud-k3s-master1,1,2026-06-06 08:54:12 UTC,7056360,7478516,144852,1.83,39224,604932,199364,2.51,205724,491416,52
cloud-k3s-master1,1,2026-06-06 08:54:13 UTC,7056360,7478516,144844,1.83,39224,604940,199364,2.51,205724,491416,60
cloud-k3s-master1,1,2026-06-06 08:54:14 UTC,7056360,7478516,144832,1.83,39224,604952,199364,2.51,205724,491416,36
cloud-k3s-master1,1,2026-06-06 08:54:15 UTC,7056360,7478516,144832,1.83,39224,604952,199364,2.51,205724,491416,0
cloud-k3s-master1,1,2026-06-06 08:54:16 UTC,7056360,7478516,144816,1.83,39224,604968,199364,2.51,205724,491416,12
cloud-k3s-master1,1,2026-06-06 08:54:17 UTC,7056360,7478520,144808,1.83,39232,604964,199364,2.51,205724,491416,20
cloud-k3s-master1,1,2026-06-06 08:54:18 UTC,7056360,7478580,144792,1.83,39232,604980,199364,2.51,205724,491476,212
cloud-k3s-master1,1,2026-06-06 08:54:19 UTC,7056360,7478580,144784,1.83,39232,604988,199364,2.51,205724,491476,220
cloud-k3s-master1,1,2026-06-06 08:54:20 UTC,7056360,7478580,144780,1.83,39232,604992,199364,2.51,205724,491476,224
cloud-k3s-master1,1,2026-06-06 08:54:21 UTC,7056360,7478580,144772,1.83,39232,605000,199364,2.51,205724,491476,188
cloud-k3s-master1,1,2026-06-06 08:54:22 UTC,7056360,7478580,144772,1.83,39240,604992,199364,2.51,205724,491476,188
cloud-k3s-master1,1,2026-06-06 08:54:23 UTC,7056360,7478580,144752,1.83,39240,605012,199364,2.51,205724,491476,16
cloud-k3s-master1,1,2026-06-06 08:54:24 UTC,7056360,7478580,144744,1.82,39240,605020,199364,2.51,205724,491476,24
cloud-k3s-master1,1,2026-06-06 08:54:25 UTC,7056360,7478580,144736,1.82,39240,605028,199364,2.51,205724,491476,32
cloud-k3s-master1,1,2026-06-06 08:54:26 UTC,7056360,7478580,144736,1.82,39240,605028,199364,2.51,205724,491476,32
cloud-k3s-master1,1,2026-06-06 08:54:27 UTC,7056360,7478700,144716,1.82,39248,605040,199364,2.51,205724,491596,188
cloud-k3s-master1,1,2026-06-06 08:54:28 UTC,7056360,7478700,144708,1.82,39248,605048,199364,2.51,205724,491596,40
cloud-k3s-master1,1,2026-06-06 08:54:29 UTC,7056360,7478700,144700,1.82,39248,605056,199364,2.51,205724,491596,48
cloud-k3s-master1,1,2026-06-06 08:54:30 UTC,7056360,7478700,144700,1.82,39248,605056,199364,2.51,205724,491596,48
cloud-k3s-master1,1,2026-06-06 08:54:31 UTC,7056360,7478700,144688,1.82,39248,605068,199364,2.51,205724,491596,60
cloud-k3s-master1,1,2026-06-06 08:54:32 UTC,7056360,7478700,144680,1.82,39256,605068,199364,2.51,205724,491596,68
cloud-k3s-master1,1,2026-06-06 08:54:33 UTC,7056360,7478700,144668,1.82,39256,605080,199364,2.51,205724,491596,164
cloud-k3s-master1,1,2026-06-06 08:54:34 UTC,7056360,7478700,144668,1.82,39256,605080,199364,2.51,205724,491596,164
cloud-k3s-master1,1,2026-06-06 08:54:35 UTC,7056360,7478700,144652,1.82,39256,605096,199364,2.51,205724,491596,184
cloud-k3s-master1,1,2026-06-06 08:54:36 UTC,7056360,7478760,144648,1.82,39256,605100,199364,2.51,205724,491656,188
cloud-k3s-master1,1,2026-06-06 08:54:37 UTC,7056360,7478760,144640,1.82,39264,605100,199364,2.51,205724,491656,24
cloud-k3s-master1,1,2026-06-06 08:54:38 UTC,7056360,7478760,144640,1.82,39264,605100,199364,2.51,205724,491656,24
cloud-k3s-master1,1,2026-06-06 08:54:39 UTC,7056360,7478760,144620,1.82,39264,605120,199364,2.51,205724,491656,32
cloud-k3s-master1,1,2026-06-06 08:54:40 UTC,7056108,7478508,144860,1.83,39264,605128,199364,2.51,205724,491656,44
cloud-k3s-master1,1,2026-06-06 08:54:41 UTC,7056108,7478508,144860,1.83,39264,605128,199364,2.51,205724,491656,44
cloud-k3s-master1,1,2026-06-06 08:54:42 UTC,7056108,7478508,144848,1.83,39272,605132,199364,2.51,205724,491656,56
cloud-k3s-master1,1,2026-06-06 08:54:43 UTC,7056108,7478556,144832,1.83,39272,605148,199364,2.51,205724,491704,32
cloud-k3s-master1,1,2026-06-06 08:54:44 UTC,7056108,7478556,144824,1.83,39272,605156,199364,2.51,205724,491704,40
cloud-k3s-master1,1,2026-06-06 08:54:45 UTC,7056108,7478556,144820,1.83,39272,605160,199364,2.51,205724,491704,0
cloud-k3s-master1,1,2026-06-06 08:54:46 UTC,7056108,7478556,144812,1.83,39272,605168,199364,2.51,205724,491704,12
cloud-k3s-master1,1,2026-06-06 08:54:47 UTC,7056108,7478556,144812,1.83,39280,605160,199364,2.51,205724,491704,12
cloud-k3s-master1,1,2026-06-06 08:54:48 UTC,7056108,7478556,144812,1.83,39280,605160,199364,2.51,205724,491704,12
cloud-k3s-master1,1,2026-06-06 08:54:49 UTC,7056108,7478556,144784,1.83,39280,605188,199364,2.51,205724,491704,216
cloud-k3s-master1,1,2026-06-06 08:54:50 UTC,7056108,7478556,144776,1.83,39280,605196,199364,2.51,205724,491704,224
cloud-k3s-master1,1,2026-06-06 08:54:51 UTC,7056108,7478556,144776,1.83,39280,605196,199364,2.51,205724,491704,224
cloud-k3s-master1,1,2026-06-06 08:54:52 UTC,7056108,7478624,144756,1.83,39288,605208,199364,2.51,205724,491772,12
cloud-k3s-master1,1,2026-06-06 08:54:53 UTC,7056108,7478624,144748,1.82,39288,605216,199364,2.51,205724,491772,16
cloud-k3s-master1,1,2026-06-06 08:54:54 UTC,7056108,7478624,144748,1.82,39288,605216,199364,2.51,205724,491772,16
cloud-k3s-master1,1,2026-06-06 08:54:55 UTC,7056108,7478624,144736,1.82,39288,605228,199364,2.51,205724,491772,28
cloud-k3s-master1,1,2026-06-06 08:54:56 UTC,7056108,7478624,144728,1.82,39288,605236,199364,2.51,205724,491772,36
cloud-k3s-master1,1,2026-06-06 08:54:57 UTC,7056108,7478628,144704,1.82,39296,605248,199364,2.51,205724,491772,192
cloud-k3s-master1,1,2026-06-06 08:54:58 UTC,7056108,7478628,144700,1.82,39296,605252,199364,2.51,205724,491772,40
cloud-k3s-master1,1,2026-06-06 08:54:59 UTC,7056108,7478628,144692,1.82,39296,605260,199364,2.51,205724,491772,48
cloud-k3s-master1,1,2026-06-06 08:55:00 UTC,7056108,7478628,144692,1.82,39296,605260,199364,2.51,205724,491772,48
cloud-k3s-master1,1,2026-06-06 08:55:01 UTC,7055604,7478232,145184,1.83,39296,605272,199364,2.51,205724,491880,232
cloud-k3s-master1,1,2026-06-06 08:55:02 UTC,7055604,7478232,145168,1.83,39304,605280,199364,2.51,205724,491880,296
cloud-k3s-master1,1,2026-06-06 08:55:03 UTC,7055604,7478232,145168,1.83,39304,605280,199364,2.51,205724,491880,252
cloud-k3s-master1,1,2026-06-06 08:55:04 UTC,7055604,7478248,145156,1.83,39304,605292,199364,2.51,205724,491896,256
cloud-k3s-master1,1,2026-06-06 08:55:05 UTC,7055604,7478248,145148,1.83,39304,605300,199364,2.51,205724,491896,264
cloud-k3s-master1,1,2026-06-06 08:55:06 UTC,7055604,7478248,145148,1.83,39304,605300,199364,2.51,205724,491896,92
cloud-k3s-master1,1,2026-06-06 08:55:07 UTC,7055604,7478248,145128,1.83,39312,605312,199364,2.51,205724,491896,220
cloud-k3s-master1,1,2026-06-06 08:55:08 UTC,7055604,7478248,145120,1.83,39312,605320,199364,2.51,205724,491896,228
cloud-k3s-master1,1,2026-06-06 08:55:09 UTC,7055604,7478248,145120,1.83,39312,605320,199364,2.51,205724,491896,228
cloud-k3s-master1,1,2026-06-06 08:55:10 UTC,7055604,7478248,145120,1.83,39312,605320,199364,2.51,205724,491896,228
cloud-k3s-master1,1,2026-06-06 08:55:11 UTC,7055604,7478308,145100,1.83,39312,605340,199364,2.51,205724,491956,208
cloud-k3s-master1,1,2026-06-06 08:55:12 UTC,7055604,7478308,145084,1.83,39320,605348,199364,2.51,205724,491956,32
cloud-k3s-master1,1,2026-06-06 08:55:13 UTC,7055604,7478308,145084,1.83,39320,605348,199364,2.51,205724,491956,32
cloud-k3s-master1,1,2026-06-06 08:55:14 UTC,7055604,7478332,145072,1.83,39320,605360,199364,2.51,205724,491980,36
cloud-k3s-master1,1,2026-06-06 08:55:15 UTC,7055604,7478352,145064,1.83,39320,605368,199364,2.51,205724,492000,0
cloud-k3s-master1,1,2026-06-06 08:55:16 UTC,7055604,7478352,145064,1.83,39320,605368,199364,2.51,205724,492000,0
cloud-k3s-master1,1,2026-06-06 08:55:17 UTC,7055604,7478352,145040,1.83,39328,605380,199364,2.51,205724,492000,40
cloud-k3s-master1,1,2026-06-06 08:55:18 UTC,7055604,7478352,145032,1.83,39328,605388,199364,2.51,205724,492000,52
cloud-k3s-master1,1,2026-06-06 08:55:19 UTC,7055604,7478352,145032,1.83,39328,605388,199364,2.51,205724,492000,52
cloud-k3s-master1,1,2026-06-06 08:55:20 UTC,7055604,7478352,145032,1.83,39328,605388,199364,2.51,205724,492000,52
cloud-k3s-master1,1,2026-06-06 08:55:21 UTC,7055604,7478352,145012,1.83,39328,605408,199364,2.51,205724,492000,72
cloud-k3s-master1,1,2026-06-06 08:55:22 UTC,7055604,7478412,144996,1.83,39336,605416,199364,2.51,205724,492060,172
cloud-k3s-master1,1,2026-06-06 08:55:23 UTC,7055364,7478172,145236,1.83,39336,605416,199364,2.51,205724,492060,172
cloud-k3s-master1,1,2026-06-06 08:55:24 UTC,7055364,7478180,145208,1.83,39336,605428,199364,2.51,205724,492060,184
cloud-k3s-master1,1,2026-06-06 08:55:25 UTC,7055364,7478180,145200,1.83,39336,605436,199364,2.51,205724,492060,192
cloud-k3s-master1,1,2026-06-06 08:55:26 UTC,7055364,7478180,145196,1.83,39336,605440,199364,2.51,205724,492060,196
cloud-k3s-master1,1,2026-06-06 08:55:27 UTC,7055364,7478216,145188,1.83,39344,605440,199364,2.51,205724,492096,160
cloud-k3s-master1,1,2026-06-06 08:55:28 UTC,7055364,7478232,145172,1.83,39344,605456,199364,2.51,205724,492112,40
cloud-k3s-master1,1,2026-06-06 08:55:29 UTC,7055364,7478232,145168,1.83,39344,605460,199364,2.51,205724,492112,44
cloud-k3s-master1,1,2026-06-06 08:55:30 UTC,7055364,7478232,145160,1.83,39344,605468,199364,2.51,205724,492112,52
cloud-k3s-master1,1,2026-06-06 08:55:31 UTC,7055364,7478232,145152,1.83,39344,605476,199364,2.51,205724,492112,60
cloud-k3s-master1,1,2026-06-06 08:55:32 UTC,7055364,7478232,145152,1.83,39352,605468,199364,2.51,205724,492112,60
cloud-k3s-master1,1,2026-06-06 08:55:33 UTC,7055364,7478232,145132,1.83,39352,605488,199364,2.51,205724,492112,160
cloud-k3s-master1,1,2026-06-06 08:55:34 UTC,7055364,7478232,145124,1.83,39352,605496,199364,2.51,205724,492112,172
cloud-k3s-master1,1,2026-06-06 08:55:35 UTC,7055364,7478232,145116,1.83,39352,605504,199364,2.51,205724,492112,180
cloud-k3s-master1,1,2026-06-06 08:55:36 UTC,7055364,7478232,145116,1.83,39352,605504,199364,2.51,205724,492112,180
cloud-k3s-master1,1,2026-06-06 08:55:37 UTC,7055364,7478296,145092,1.83,39360,605516,199364,2.51,205724,492172,60
cloud-k3s-master1,1,2026-06-06 08:55:38 UTC,7055364,7478296,145084,1.83,39360,605524,199364,2.51,205724,492172,68
cloud-k3s-master1,1,2026-06-06 08:55:39 UTC,7055364,7478296,145080,1.83,39360,605528,199364,2.51,205724,492172,28
cloud-k3s-master1,1,2026-06-06 08:55:40 UTC,7055112,7478044,145332,1.83,39360,605528,199364,2.51,205724,492172,28
cloud-k3s-master1,1,2026-06-06 08:55:41 UTC,7055112,7478044,145316,1.83,39360,605544,199364,2.51,205724,492172,48
cloud-k3s-master1,1,2026-06-06 08:55:42 UTC,7055112,7478044,145312,1.83,39368,605540,199364,2.51,205724,492172,52
cloud-k3s-master1,1,2026-06-06 08:55:43 UTC,7055112,7478104,145296,1.83,39368,605556,199364,2.51,205724,492232,32
cloud-k3s-master1,1,2026-06-06 08:55:44 UTC,7055112,7478104,145288,1.83,39368,605564,199364,2.51,205724,492232,40
cloud-k3s-master1,1,2026-06-06 08:55:45 UTC,7055112,7478104,145284,1.83,39368,605568,199364,2.51,205724,492232,44
cloud-k3s-master1,1,2026-06-06 08:55:46 UTC,7055112,7478104,145276,1.83,39368,605576,199364,2.51,205724,492232,12
cloud-k3s-master1,1,2026-06-06 08:55:47 UTC,7055112,7478104,145260,1.83,39376,605584,199364,2.51,205724,492232,208
cloud-k3s-master1,1,2026-06-06 08:55:48 UTC,7055112,7478104,145256,1.83,39376,605588,199364,2.51,205724,492232,216
cloud-k3s-master1,1,2026-06-06 08:55:49 UTC,7055112,7478104,145256,1.83,39376,605588,199364,2.51,205724,492232,216
cloud-k3s-master1,1,2026-06-06 08:55:50 UTC,7055112,7478164,145240,1.83,39376,605604,199364,2.51,205724,492292,232
cloud-k3s-master1,1,2026-06-06 08:55:51 UTC,7055112,7478164,145236,1.83,39376,605608,199364,2.51,205724,492292,236
cloud-k3s-master1,1,2026-06-06 08:55:52 UTC,7055112,7478164,145220,1.83,39384,605616,199364,2.51,205724,492292,40
cloud-k3s-master1,1,2026-06-06 08:55:53 UTC,7052900,7475980,147424,1.86,39384,605624,202344,2.55,207032,492320,48
cloud-k3s-master1,1,2026-06-06 08:55:54 UTC,7052900,7475992,147408,1.86,39384,605636,202816,2.56,207336,492332,228
cloud-k3s-master1,1,2026-06-06 08:55:55 UTC,7052900,7475992,147408,1.86,39384,605636,202816,2.56,207396,492332,200
cloud-k3s-master1,1,2026-06-06 08:55:56 UTC,7052900,7475992,147396,1.86,39384,605648,202816,2.56,207396,492332,212
cloud-k3s-master1,1,2026-06-06 08:55:57 UTC,7052900,7476016,147376,1.86,39392,605656,202816,2.56,207432,492356,252
cloud-k3s-master1,1,2026-06-06 08:55:58 UTC,7055712,7478836,144560,1.82,39392,605660,199364,2.51,205724,492364,56
cloud-k3s-master1,1,2026-06-06 08:55:59 UTC,7054956,7478080,145316,1.83,39392,605660,199364,2.51,205724,492364,40
cloud-k3s-master1,1,2026-06-06 08:56:00 UTC,7054956,7478080,145300,1.83,39392,605676,199364,2.51,205724,492364,56
cloud-k3s-master1,1,2026-06-06 08:56:01 UTC,7054956,7478080,145296,1.83,39392,605680,199364,2.51,205724,492364,60
cloud-k3s-master1,1,2026-06-06 08:56:02 UTC,7054956,7478080,145280,1.83,39400,605688,199364,2.51,205724,492364,240
cloud-k3s-master1,1,2026-06-06 08:56:03 UTC,7054956,7478080,145272,1.83,39400,605696,199364,2.51,205724,492364,76
cloud-k3s-master1,1,2026-06-06 08:56:04 UTC,7054956,7478080,145268,1.83,39400,605700,199364,2.51,205724,492364,84
cloud-k3s-master1,1,2026-06-06 08:56:05 UTC,7054956,7478080,145268,1.83,39400,605700,199364,2.51,205724,492364,12
cloud-k3s-master1,1,2026-06-06 08:56:06 UTC,7054956,7478080,145268,1.83,39400,605700,199364,2.51,205724,492364,12
cloud-k3s-master1,1,2026-06-06 08:56:07 UTC,7054956,7478140,145240,1.83,39408,605720,199364,2.51,205724,492424,52
cloud-k3s-master1,1,2026-06-06 08:56:08 UTC,7054956,7478140,145232,1.83,39408,605728,199364,2.51,205724,492424,60
cloud-k3s-master1,1,2026-06-06 08:56:09 UTC,7054956,7478140,145232,1.83,39408,605728,199364,2.51,205724,492424,172
cloud-k3s-master1,1,2026-06-06 08:56:10 UTC,7054956,7478140,145232,1.83,39408,605728,199364,2.51,205724,492424,172
cloud-k3s-master1,1,2026-06-06 08:56:11 UTC,7054956,7478140,145212,1.83,39408,605748,199364,2.51,205724,492424,196
cloud-k3s-master1,1,2026-06-06 08:56:12 UTC,7054704,7477952,145444,1.83,39416,605756,199364,2.51,205724,492484,224
cloud-k3s-master1,1,2026-06-06 08:56:13 UTC,7054704,7477952,145436,1.83,39416,605764,199364,2.51,205724,492484,36
cloud-k3s-master1,1,2026-06-06 08:56:14 UTC,7054704,7477952,145432,1.83,39416,605768,199364,2.51,205724,492484,40
cloud-k3s-master1,1,2026-06-06 08:56:15 UTC,7054704,7477952,145432,1.83,39416,605768,199364,2.51,205724,492484,40
cloud-k3s-master1,1,2026-06-06 08:56:16 UTC,7054704,7477952,145432,1.83,39416,605768,199364,2.51,205724,492484,40
cloud-k3s-master1,1,2026-06-06 08:56:17 UTC,7054704,7477952,145412,1.83,39424,605780,199364,2.51,205724,492484,180
cloud-k3s-master1,1,2026-06-06 08:56:18 UTC,7054704,7477952,145404,1.83,39424,605788,199364,2.51,205724,492484,188
cloud-k3s-master1,1,2026-06-06 08:56:19 UTC,7054704,7477960,145396,1.83,39424,605796,199364,2.51,205724,492492,212
cloud-k3s-master1,1,2026-06-06 08:56:20 UTC,7054704,7477960,145396,1.83,39424,605796,199364,2.51,205724,492492,212
cloud-k3s-master1,1,2026-06-06 08:56:21 UTC,7054456,7477772,145616,1.84,39424,605816,199364,2.51,205724,492552,188
cloud-k3s-master1,1,2026-06-06 08:56:22 UTC,7054456,7477772,145608,1.84,39424,605824,199364,2.51,205724,492552,28
cloud-k3s-master1,1,2026-06-06 08:56:23 UTC,7054456,7477780,145596,1.84,39432,605828,199364,2.51,205724,492560,52
cloud-k3s-master1,1,2026-06-06 08:56:24 UTC,7054456,7477780,145588,1.84,39432,605836,199364,2.51,205724,492560,60
cloud-k3s-master1,1,2026-06-06 08:56:25 UTC,7054456,7477780,145588,1.84,39432,605836,199364,2.51,205724,492560,60
cloud-k3s-master1,1,2026-06-06 08:56:26 UTC,7054456,7477780,145588,1.84,39432,605836,199364,2.51,205724,492560,60
cloud-k3s-master1,1,2026-06-06 08:56:27 UTC,7054456,7477780,145568,1.84,39432,605856,199364,2.51,205724,492560,80
cloud-k3s-master1,1,2026-06-06 08:56:28 UTC,7054456,7477780,145560,1.84,39440,605856,199364,2.51,205724,492560,92
cloud-k3s-master1,1,2026-06-06 08:56:29 UTC,7054456,7477788,145548,1.84,39440,605868,199364,2.51,205724,492568,16
cloud-k3s-master1,1,2026-06-06 08:56:30 UTC,7054456,7477788,145540,1.83,39440,605876,199364,2.51,205724,492568,24
cloud-k3s-master1,1,2026-06-06 08:56:31 UTC,7054456,7477788,145540,1.83,39440,605876,199364,2.51,205724,492568,24
cloud-k3s-master1,1,2026-06-06 08:56:32 UTC,7054456,7477788,145540,1.83,39440,605876,199364,2.51,205724,492568,24
cloud-k3s-master1,1,2026-06-06 08:56:33 UTC,7054456,7477848,145520,1.83,39440,605896,199364,2.51,205724,492628,208
cloud-k3s-master1,1,2026-06-06 08:56:34 UTC,7054456,7477848,145504,1.83,39448,605904,199364,2.51,205724,492628,204
cloud-k3s-master1,1,2026-06-06 08:56:35 UTC,7054456,7477848,145496,1.83,39448,605912,199364,2.51,205724,492628,212
cloud-k3s-master1,1,2026-06-06 08:56:36 UTC,7054456,7477848,145492,1.83,39448,605916,199364,2.51,205724,492628,216
cloud-k3s-master1,1,2026-06-06 08:56:37 UTC,7054456,7477848,145484,1.83,39448,605924,199364,2.51,205724,492628,64
cloud-k3s-master1,1,2026-06-06 08:56:38 UTC,7054456,7477848,145484,1.83,39448,605924,199364,2.51,205724,492628,64
cloud-k3s-master1,1,2026-06-06 08:56:39 UTC,7054456,7477864,145468,1.83,39448,605936,199364,2.51,205724,492644,0
cloud-k3s-master1,1,2026-06-06 08:56:40 UTC,7054456,7477864,145452,1.83,39456,605944,199364,2.51,205724,492644,36
cloud-k3s-master1,1,2026-06-06 08:56:41 UTC,7054456,7477864,145444,1.83,39456,605952,199364,2.51,205724,492644,44
cloud-k3s-master1,1,2026-06-06 08:56:42 UTC,7054456,7477864,145444,1.83,39456,605952,199364,2.51,205724,492644,44
cloud-k3s-master1,1,2026-06-06 08:56:43 UTC,7054456,7477892,145432,1.83,39456,605964,199364,2.51,205724,492672,60
cloud-k3s-master1,1,2026-06-06 08:56:44 UTC,7054456,7477892,145424,1.83,39456,605972,199364,2.51,205724,492672,68
cloud-k3s-master1,1,2026-06-06 08:56:45 UTC,7054456,7477904,145420,1.83,39464,605968,199364,2.51,205724,492684,48
cloud-k3s-master1,1,2026-06-06 08:56:46 UTC,7054456,7477916,145404,1.83,39464,605984,199364,2.51,205724,492696,28
cloud-k3s-master1,1,2026-06-06 08:56:47 UTC,7054456,7477916,145404,1.83,39464,605984,199364,2.51,205724,492696,24
cloud-k3s-master1,1,2026-06-06 08:56:48 UTC,7054456,7477916,145404,1.83,39464,605984,199364,2.51,205724,492696,24
cloud-k3s-master1,1,2026-06-06 08:56:49 UTC,7054456,7477916,145384,1.83,39464,606004,199364,2.51,205724,492696,204
cloud-k3s-master1,1,2026-06-06 08:56:50 UTC,7054456,7477916,145376,1.83,39464,606012,199364,2.51,205724,492696,212
cloud-k3s-master1,1,2026-06-06 08:56:51 UTC,7054456,7477976,145364,1.83,39472,606016,199364,2.51,205724,492756,188
cloud-k3s-master1,1,2026-06-06 08:56:52 UTC,7054456,7477980,145352,1.83,39472,606024,199364,2.51,205724,492756,204
cloud-k3s-master1,1,2026-06-06 08:56:53 UTC,7054456,7477980,145344,1.83,39472,606032,199364,2.51,205724,492756,52
cloud-k3s-master1,1,2026-06-06 08:56:54 UTC,7054456,7477980,145344,1.83,39472,606032,199364,2.51,205724,492756,52
cloud-k3s-master1,1,2026-06-06 08:56:55 UTC,7054456,7478040,145332,1.83,39472,606044,199364,2.51,205724,492816,64
cloud-k3s-master1,1,2026-06-06 08:56:56 UTC,7054456,7478040,145324,1.83,39480,606044,199364,2.51,205724,492816,72
cloud-k3s-master1,1,2026-06-06 08:56:57 UTC,7054456,7478040,145308,1.83,39480,606060,199364,2.51,205724,492816,192
cloud-k3s-master1,1,2026-06-06 08:56:58 UTC,7054456,7478040,145308,1.83,39480,606060,199364,2.51,205724,492816,192
cloud-k3s-master1,1,2026-06-06 08:56:59 UTC,7054456,7478040,145296,1.83,39480,606072,199364,2.51,205724,492816,208
cloud-k3s-master1,1,2026-06-06 08:57:00 UTC,7054456,7478040,145288,1.83,39480,606080,199364,2.51,205724,492816,216
cloud-k3s-master1,1,2026-06-06 08:57:01 UTC,7054456,7478040,145284,1.83,39480,606084,199364,2.51,205724,492816,220
cloud-k3s-master1,1,2026-06-06 08:57:02 UTC,7054456,7478040,145276,1.83,39488,606084,199364,2.51,205724,492816,56
cloud-k3s-master1,1,2026-06-06 08:57:03 UTC,7054456,7478100,145260,1.83,39488,606100,199364,2.51,205724,492876,32
cloud-k3s-master1,1,2026-06-06 08:57:04 UTC,7054456,7478100,145256,1.83,39488,606104,199364,2.51,205724,492876,40
cloud-k3s-master1,1,2026-06-06 08:57:05 UTC,7054456,7478100,145248,1.83,39488,606112,199364,2.51,205724,492876,48
cloud-k3s-master1,1,2026-06-06 08:57:06 UTC,7054456,7478100,145240,1.83,39488,606120,199364,2.51,205724,492876,56
cloud-k3s-master1,1,2026-06-06 08:57:07 UTC,7054456,7478128,145236,1.83,39496,606116,199364,2.51,205724,492904,56
cloud-k3s-master1,1,2026-06-06 08:57:08 UTC,7054456,7478136,145220,1.83,39496,606132,199364,2.51,205724,492912,60
cloud-k3s-master1,1,2026-06-06 08:57:09 UTC,7054456,7478144,145212,1.83,39496,606140,199364,2.51,205724,492920,24
cloud-k3s-master1,1,2026-06-06 08:57:10 UTC,7054456,7478144,145208,1.83,39496,606144,199364,2.51,205724,492920,32
cloud-k3s-master1,1,2026-06-06 08:57:11 UTC,7054456,7478144,145200,1.83,39496,606152,199364,2.51,205724,492920,40
cloud-k3s-master1,1,2026-06-06 08:57:12 UTC,7054456,7478144,145192,1.83,39504,606152,199364,2.51,205724,492920,52
cloud-k3s-master1,1,2026-06-06 08:57:13 UTC,7054456,7478180,145180,1.83,39504,606164,199364,2.51,205724,492956,192
cloud-k3s-master1,1,2026-06-06 08:57:14 UTC,7054456,7478180,145172,1.83,39504,606172,199364,2.51,205724,492956,200
cloud-k3s-master1,1,2026-06-06 08:57:15 UTC,7054456,7478220,145160,1.83,39504,606180,199364,2.51,205724,492996,164
cloud-k3s-master1,1,2026-06-06 08:57:16 UTC,7054456,7478220,145152,1.83,39504,606188,199364,2.51,205724,492996,176
cloud-k3s-master1,1,2026-06-06 08:57:17 UTC,7054456,7478220,145148,1.83,39512,606184,199364,2.51,205724,492996,180
cloud-k3s-master1,1,2026-06-06 08:57:18 UTC,7054456,7478248,145132,1.83,39512,606200,199364,2.51,205724,493024,48
cloud-k3s-master1,1,2026-06-06 08:57:19 UTC,7054456,7478248,145124,1.83,39512,606208,199364,2.51,205724,493024,56
cloud-k3s-master1,1,2026-06-06 08:57:20 UTC,7054456,7478248,145120,1.83,39512,606212,199364,2.51,205724,493024,60
cloud-k3s-master1,1,2026-06-06 08:57:21 UTC,7054456,7478248,145112,1.83,39512,606220,199364,2.51,205724,493024,24
cloud-k3s-master1,1,2026-06-06 08:57:22 UTC,7054456,7478248,145096,1.83,39520,606228,199364,2.51,205724,493024,36
cloud-k3s-master1,1,2026-06-06 08:57:23 UTC,7054456,7478248,145092,1.83,39520,606232,199364,2.51,205724,493024,184
cloud-k3s-master1,1,2026-06-06 08:57:24 UTC,7054456,7478248,145084,1.83,39520,606240,199364,2.51,205724,493024,192
cloud-k3s-master1,1,2026-06-06 08:57:25 UTC,7054456,7478248,145076,1.83,39520,606248,199364,2.51,205724,493024,200
cloud-k3s-master1,1,2026-06-06 08:57:26 UTC,7054456,7478308,145072,1.83,39520,606252,199364,2.51,205724,493084,204
cloud-k3s-master1,1,2026-06-06 08:57:27 UTC,7054456,7478324,145056,1.83,39528,606260,199364,2.51,205724,493100,16
cloud-k3s-master1,1,2026-06-06 08:57:28 UTC,7054456,7478324,145048,1.83,39528,606268,199364,2.51,205724,493100,36
cloud-k3s-master1,1,2026-06-06 08:57:29 UTC,7054456,7478324,145048,1.83,39528,606268,199364,2.51,205724,493100,36
cloud-k3s-master1,1,2026-06-06 08:57:30 UTC,7054456,7478324,145048,1.83,39528,606268,199364,2.51,205724,493100,36
cloud-k3s-master1,1,2026-06-06 08:57:31 UTC,7054456,7478324,145028,1.83,39528,606288,199364,2.51,205724,493100,56
cloud-k3s-master1,1,2026-06-06 08:57:32 UTC,7054456,7478324,145024,1.83,39536,606284,199364,2.51,205724,493100,60
cloud-k3s-master1,1,2026-06-06 08:57:33 UTC,7054456,7478376,145004,1.83,39536,606300,199364,2.51,205724,493148,4
cloud-k3s-master1,1,2026-06-06 08:57:34 UTC,7054456,7478376,144996,1.83,39536,606308,199364,2.51,205724,493148,16
cloud-k3s-master1,1,2026-06-06 08:57:35 UTC,7054456,7478376,144992,1.83,39536,606312,199364,2.51,205724,493148,20
cloud-k3s-master1,1,2026-06-06 08:57:36 UTC,7054456,7478376,144984,1.83,39536,606320,199364,2.51,205724,493148,28
cloud-k3s-master1,1,2026-06-06 08:57:37 UTC,7054456,7478376,144968,1.83,39544,606328,199364,2.51,205724,493148,60
cloud-k3s-master1,1,2026-06-06 08:57:38 UTC,7054456,7478420,144960,1.83,39544,606336,199364,2.51,205724,493192,228
cloud-k3s-master1,1,2026-06-06 08:57:39 UTC,7054456,7478424,144956,1.83,39544,606340,199364,2.51,205724,493196,188
cloud-k3s-master1,1,2026-06-06 08:57:40 UTC,7054456,7478424,144948,1.83,39544,606348,199364,2.51,205724,493196,200
cloud-k3s-master1,1,2026-06-06 08:57:41 UTC,7054456,7478424,144940,1.83,39544,606356,199364,2.51,205724,493196,208
cloud-k3s-master1,1,2026-06-06 08:57:42 UTC,7054456,7478424,144928,1.83,39552,606360,199364,2.51,205724,493196,40
cloud-k3s-master1,1,2026-06-06 08:57:43 UTC,7054456,7478424,144920,1.83,39552,606368,199364,2.51,205724,493196,36
cloud-k3s-master1,1,2026-06-06 08:57:44 UTC,7054456,7478424,144912,1.83,39552,606376,199364,2.51,205724,493196,44
cloud-k3s-master1,1,2026-06-06 08:57:45 UTC,7054456,7478424,144908,1.83,39552,606380,199364,2.51,205724,493196,4
cloud-k3s-master1,1,2026-06-06 08:57:46 UTC,7054456,7478424,144900,1.83,39552,606388,199364,2.51,205724,493196,16
cloud-k3s-master1,1,2026-06-06 08:57:47 UTC,7054456,7478484,144884,1.83,39560,606396,199364,2.51,205724,493256,212
cloud-k3s-master1,1,2026-06-06 08:57:48 UTC,7054456,7478484,144880,1.83,39560,606400,199364,2.51,205724,493256,216
cloud-k3s-master1,1,2026-06-06 08:57:49 UTC,7054456,7478484,144872,1.83,39560,606408,199364,2.51,205724,493256,60
cloud-k3s-master1,1,2026-06-06 08:57:50 UTC,7054456,7478484,144872,1.83,39560,606408,199364,2.51,205724,493256,60
cloud-k3s-master1,1,2026-06-06 08:57:51 UTC,7054456,7478484,144860,1.83,39560,606420,199364,2.51,205724,493256,72
cloud-k3s-master1,1,2026-06-06 08:57:52 UTC,7054456,7478484,144840,1.83,39568,606428,199364,2.51,205724,493256,176
cloud-k3s-master1,1,2026-06-06 08:57:53 UTC,7054456,7478544,144832,1.83,39568,606436,199364,2.51,205724,493316,184
cloud-k3s-master1,1,2026-06-06 08:57:54 UTC,7054456,7478544,144828,1.83,39568,606440,199364,2.51,205724,493316,188
cloud-k3s-master1,1,2026-06-06 08:57:55 UTC,7054456,7478544,144828,1.83,39568,606440,199364,2.51,205724,493316,188
cloud-k3s-master1,1,2026-06-06 08:57:56 UTC,7054456,7478544,144812,1.83,39568,606456,199364,2.51,205724,493316,204
cloud-k3s-master1,1,2026-06-06 08:57:57 UTC,7054456,7478568,144808,1.83,39576,606452,199364,2.51,205724,493340,164
cloud-k3s-master1,1,2026-06-06 08:57:58 UTC,7054456,7478576,144792,1.83,39576,606468,199364,2.51,205724,493348,36
cloud-k3s-master1,1,2026-06-06 08:57:59 UTC,7054456,7478576,144784,1.83,39576,606476,199364,2.51,205724,493348,44
cloud-k3s-master1,1,2026-06-06 08:58:00 UTC,7054456,7478576,144784,1.83,39576,606476,199364,2.51,205724,493348,44
cloud-k3s-master1,1,2026-06-06 08:58:01 UTC,7054456,7478576,144772,1.83,39576,606488,199364,2.51,205724,493348,56
cloud-k3s-master1,1,2026-06-06 08:58:02 UTC,7054456,7478576,144760,1.83,39584,606492,199364,2.51,205724,493348,64
cloud-k3s-master1,1,2026-06-06 08:58:03 UTC,7054456,7478580,144748,1.82,39584,606504,199364,2.51,205724,493352,164
cloud-k3s-master1,1,2026-06-06 08:58:04 UTC,7054456,7478580,144744,1.82,39584,606508,199364,2.51,205724,493352,172
cloud-k3s-master1,1,2026-06-06 08:58:05 UTC,7054456,7478640,144736,1.82,39584,606516,199364,2.51,205724,493412,180
cloud-k3s-master1,1,2026-06-06 08:58:06 UTC,7054456,7478640,144728,1.82,39584,606524,199364,2.51,205724,493412,188
cloud-k3s-master1,1,2026-06-06 08:58:07 UTC,7054456,7478640,144720,1.82,39592,606524,199364,2.51,205724,493412,48
cloud-k3s-master1,1,2026-06-06 08:58:08 UTC,7054456,7478640,144712,1.82,39592,606532,199364,2.51,205724,493412,56
cloud-k3s-master1,1,2026-06-06 08:58:09 UTC,7054456,7478640,144700,1.82,39592,606544,199364,2.51,205724,493412,28
cloud-k3s-master1,1,2026-06-06 08:58:10 UTC,7054456,7478640,144696,1.82,39592,606548,199364,2.51,205724,493412,36
cloud-k3s-master1,1,2026-06-06 08:58:11 UTC,7054456,7478640,144688,1.82,39592,606556,199364,2.51,205724,493412,44
cloud-k3s-master1,1,2026-06-06 08:58:12 UTC,7054456,7478640,144680,1.82,39600,606556,199364,2.51,205724,493412,52
cloud-k3s-master1,1,2026-06-06 08:58:13 UTC,7054456,7478644,144664,1.82,39600,606572,199364,2.51,205724,493416,36
cloud-k3s-master1,1,2026-06-06 08:58:14 UTC,7054456,7478644,144664,1.82,39600,606572,199364,2.51,205724,493416,36
cloud-k3s-master1,1,2026-06-06 08:58:15 UTC,7054456,7478720,144644,1.82,39600,606588,199364,2.51,205724,493488,8
cloud-k3s-master1,1,2026-06-06 08:58:16 UTC,7054456,7478720,144640,1.82,39600,606592,199364,2.51,205724,493488,16
cloud-k3s-master1,1,2026-06-06 08:58:17 UTC,7054456,7478720,144632,1.82,39608,606592,199364,2.51,205724,493488,24
cloud-k3s-master1,1,2026-06-06 08:58:18 UTC,7054456,7478728,144616,1.82,39608,606608,199364,2.51,205724,493496,208
cloud-k3s-master1,1,2026-06-06 08:58:19 UTC,7054456,7478728,144608,1.82,39608,606616,199364,2.51,205724,493496,216
cloud-k3s-master1,1,2026-06-06 08:58:20 UTC,7054456,7478728,144604,1.82,39608,606620,199364,2.51,205724,493496,220
cloud-k3s-master1,1,2026-06-06 08:58:21 UTC,7054456,7478728,144596,1.82,39608,606628,199364,2.51,205724,493496,184
cloud-k3s-master1,1,2026-06-06 08:58:22 UTC,7054456,7478788,144576,1.82,39624,606632,199364,2.51,205724,493556,180
cloud-k3s-master1,1,2026-06-06 08:58:23 UTC,7054456,7478792,144568,1.82,39624,606640,199364,2.51,205724,493560,20
cloud-k3s-master1,1,2026-06-06 08:58:24 UTC,7054456,7478792,144560,1.82,39624,606648,199364,2.51,205724,493560,28
cloud-k3s-master1,1,2026-06-06 08:58:25 UTC,7054456,7478792,144552,1.82,39624,606656,199364,2.51,205724,493560,36
cloud-k3s-master1,1,2026-06-06 08:58:26 UTC,7054456,7478792,144552,1.82,39624,606656,199364,2.51,205724,493560,36
cloud-k3s-master1,1,2026-06-06 08:58:27 UTC,7054456,7478792,144540,1.82,39624,606668,199364,2.51,205724,493560,160
cloud-k3s-master1,1,2026-06-06 08:58:28 UTC,7054456,7478792,144532,1.82,39632,606668,199364,2.51,205724,493560,12
cloud-k3s-master1,1,2026-06-06 08:58:29 UTC,7054456,7478792,144520,1.82,39632,606680,199364,2.51,205724,493560,44
cloud-k3s-master1,1,2026-06-06 08:58:30 UTC,7054456,7478792,144520,1.82,39632,606680,199364,2.51,205724,493560,44
cloud-k3s-master1,1,2026-06-06 08:58:31 UTC,7054456,7478852,144504,1.82,39632,606696,199364,2.51,205724,493620,60
cloud-k3s-master1,1,2026-06-06 08:58:32 UTC,7054456,7478852,144500,1.82,39632,606700,199364,2.51,205724,493620,64
cloud-k3s-master1,1,2026-06-06 08:58:33 UTC,7054456,7478876,144484,1.82,39640,606708,199364,2.51,205724,493644,208
cloud-k3s-master1,1,2026-06-06 08:58:34 UTC,7054456,7478876,144476,1.82,39640,606716,199364,2.51,205724,493644,176
cloud-k3s-master1,1,2026-06-06 08:58:35 UTC,7054456,7478876,144468,1.82,39640,606720,199364,2.51,205724,493644,180
cloud-k3s-master1,1,2026-06-06 08:58:36 UTC,7054456,7478876,144460,1.82,39640,606728,199364,2.51,205724,493644,188
cloud-k3s-master1,1,2026-06-06 08:58:37 UTC,7054456,7478876,144452,1.82,39640,606736,199364,2.51,205724,493644,212
cloud-k3s-master1,1,2026-06-06 08:58:38 UTC,7054456,7478908,144448,1.82,39648,606732,199364,2.51,205724,493676,40
cloud-k3s-master1,1,2026-06-06 08:58:39 UTC,7054456,7478908,144432,1.82,39648,606748,199364,2.51,205724,493676,28
cloud-k3s-master1,1,2026-06-06 08:58:40 UTC,7054456,7478908,144432,1.82,39648,606748,199364,2.51,205724,493676,28
cloud-k3s-master1,1,2026-06-06 08:58:41 UTC,7054456,7478908,144416,1.82,39648,606764,199364,2.51,205724,493676,48
cloud-k3s-master1,1,2026-06-06 08:58:42 UTC,7054456,7478908,144412,1.82,39648,606768,199364,2.51,205724,493676,216
cloud-k3s-master1,1,2026-06-06 08:58:43 UTC,7054456,7478944,144404,1.82,39648,606776,199364,2.51,205724,493712,36
cloud-k3s-master1,1,2026-06-06 08:58:44 UTC,7054456,7478944,144396,1.82,39656,606776,199364,2.51,205724,493712,64
cloud-k3s-master1,1,2026-06-06 08:58:45 UTC,7054456,7478944,144384,1.82,39656,606788,199364,2.51,205724,493712,32
cloud-k3s-master1,1,2026-06-06 08:58:46 UTC,7054456,7478944,144376,1.82,39656,606796,199364,2.51,205724,493712,44
cloud-k3s-master1,1,2026-06-06 08:58:47 UTC,7054456,7478944,144368,1.82,39656,606804,199364,2.51,205724,493712,212
cloud-k3s-master1,1,2026-06-06 08:58:48 UTC,7054456,7478944,144364,1.82,39656,606808,199364,2.51,205724,493712,216
cloud-k3s-master1,1,2026-06-06 08:58:49 UTC,7054456,7478976,144356,1.82,39656,606816,199364,2.51,205724,493744,192
cloud-k3s-master1,1,2026-06-06 08:58:50 UTC,7054456,7478976,144348,1.82,39664,606816,199364,2.51,205724,493744,220
cloud-k3s-master1,1,2026-06-06 08:58:51 UTC,7054456,7478976,144336,1.82,39664,606828,199364,2.51,205724,493744,232
cloud-k3s-master1,1,2026-06-06 08:58:52 UTC,7054456,7479044,144328,1.82,39664,606836,199364,2.51,205724,493812,44
cloud-k3s-master1,1,2026-06-06 08:58:53 UTC,7054456,7479044,144320,1.82,39664,606844,199364,2.51,205724,493812,52
cloud-k3s-master1,1,2026-06-06 08:58:54 UTC,7054456,7479044,144316,1.82,39664,606848,199364,2.51,205724,493812,56
cloud-k3s-master1,1,2026-06-06 08:58:55 UTC,7054456,7479044,144308,1.82,39664,606856,199364,2.51,205724,493812,64
cloud-k3s-master1,1,2026-06-06 08:58:56 UTC,7054456,7479044,144300,1.82,39672,606856,199364,2.51,205724,493812,72
cloud-k3s-master1,1,2026-06-06 08:58:57 UTC,7054456,7479048,144284,1.82,39672,606868,199364,2.51,205724,493812,188
cloud-k3s-master1,1,2026-06-06 08:58:58 UTC,7054456,7479048,144272,1.82,39672,606876,199364,2.51,205724,493812,200
cloud-k3s-master1,1,2026-06-06 08:58:59 UTC,7054456,7479048,144264,1.82,39672,606884,199364,2.51,205724,493812,48
cloud-k3s-master1,1,2026-06-06 08:59:00 UTC,7054456,7479048,144260,1.82,39672,606888,199364,2.51,205724,493812,52
cloud-k3s-master1,1,2026-06-06 08:59:01 UTC,7054456,7479048,144260,1.82,39672,606888,199364,2.51,205724,493812,52
cloud-k3s-master1,1,2026-06-06 08:59:02 UTC,7054456,7479048,144260,1.82,39680,606880,199364,2.51,205724,493812,224
cloud-k3s-master1,1,2026-06-06 08:59:03 UTC,7054456,7479108,144228,1.82,39680,606912,199364,2.51,205724,493872,196
cloud-k3s-master1,1,2026-06-06 08:59:04 UTC,7054456,7479108,144224,1.82,39680,606916,199364,2.51,205724,493872,204
cloud-k3s-master1,1,2026-06-06 08:59:05 UTC,7054456,7479108,144216,1.82,39680,606924,199364,2.51,205724,493872,212
cloud-k3s-master1,1,2026-06-06 08:59:06 UTC,7054456,7479108,144208,1.82,39680,606932,199364,2.51,205724,493872,220
cloud-k3s-master1,1,2026-06-06 08:59:07 UTC,7054456,7479148,144204,1.82,39688,606928,199364,2.51,205724,493912,28
cloud-k3s-master1,1,2026-06-06 08:59:08 UTC,7054456,7479148,144196,1.82,39688,606936,199364,2.51,205724,493912,36
cloud-k3s-master1,1,2026-06-06 08:59:09 UTC,7054456,7479164,144180,1.82,39688,606952,199364,2.51,205724,493928,24
cloud-k3s-master1,1,2026-06-06 08:59:10 UTC,7054456,7479164,144176,1.82,39688,606956,199364,2.51,205724,493928,32
cloud-k3s-master1,1,2026-06-06 08:59:11 UTC,7054456,7479164,144168,1.82,39688,606964,199364,2.51,205724,493928,40
cloud-k3s-master1,1,2026-06-06 08:59:12 UTC,7054456,7479184,144152,1.82,39696,606972,199364,2.51,205724,493948,184
cloud-k3s-master1,1,2026-06-06 08:59:13 UTC,7054456,7479184,144148,1.82,39696,606976,199364,2.51,205724,493948,28
cloud-k3s-master1,1,2026-06-06 08:59:14 UTC,7054456,7479184,144140,1.82,39696,606984,199364,2.51,205724,493948,40
cloud-k3s-master1,1,2026-06-06 08:59:15 UTC,7054456,7479184,144140,1.82,39696,606984,199364,2.51,205724,493948,40
cloud-k3s-master1,1,2026-06-06 08:59:16 UTC,7054456,7479184,144128,1.82,39696,606996,199364,2.51,205724,493948,12
cloud-k3s-master1,1,2026-06-06 08:59:17 UTC,7054456,7479184,144120,1.82,39704,606996,199364,2.51,205724,493948,176
cloud-k3s-master1,1,2026-06-06 08:59:18 UTC,7054456,7479184,144112,1.82,39704,607004,199364,2.51,205724,493948,184
cloud-k3s-master1,1,2026-06-06 08:59:19 UTC,7054456,7479184,144100,1.82,39704,607016,199364,2.51,205724,493948,216
cloud-k3s-master1,1,2026-06-06 08:59:20 UTC,7054456,7479184,144092,1.82,39704,607024,199364,2.51,205724,493948,224
cloud-k3s-master1,1,2026-06-06 08:59:21 UTC,7054456,7479248,144080,1.82,39704,607032,199364,2.51,205724,494008,188
cloud-k3s-master1,1,2026-06-06 08:59:22 UTC,7054456,7479248,144080,1.82,39712,607024,199364,2.51,205724,494008,192
cloud-k3s-master1,1,2026-06-06 08:59:23 UTC,7054456,7479260,144060,1.82,39712,607044,199364,2.51,205724,494020,20
cloud-k3s-master1,1,2026-06-06 08:59:24 UTC,7054456,7479260,144052,1.82,39712,607052,199364,2.51,205724,494020,28
cloud-k3s-master1,1,2026-06-06 08:59:25 UTC,7054456,7479260,144044,1.82,39712,607060,199364,2.51,205724,494020,36
cloud-k3s-master1,1,2026-06-06 08:59:26 UTC,7054456,7479260,144044,1.82,39712,607060,199364,2.51,205724,494020,36
cloud-k3s-master1,1,2026-06-06 08:59:27 UTC,7054456,7479260,144024,1.82,39720,607072,199364,2.51,205724,494020,180
cloud-k3s-master1,1,2026-06-06 08:59:28 UTC,7054456,7479260,144016,1.82,39720,607080,199364,2.51,205724,494020,192
cloud-k3s-master1,1,2026-06-06 08:59:29 UTC,7054456,7479260,144012,1.82,39720,607084,199364,2.51,205724,494020,196
cloud-k3s-master1,1,2026-06-06 08:59:30 UTC,7054456,7479260,144012,1.82,39720,607084,199364,2.51,205724,494020,196
cloud-k3s-master1,1,2026-06-06 08:59:31 UTC,7054456,7479260,143996,1.82,39720,607100,199364,2.51,205724,494020,212
cloud-k3s-master1,1,2026-06-06 08:59:32 UTC,7054456,7479320,143992,1.82,39728,607096,199364,2.51,205724,494080,216
cloud-k3s-master1,1,2026-06-06 08:59:33 UTC,7054456,7479388,143976,1.82,39728,607112,199364,2.51,205724,494148,4
cloud-k3s-master1,1,2026-06-06 08:59:34 UTC,7054456,7479388,143968,1.82,39728,607120,199364,2.51,205724,494148,16
cloud-k3s-master1,1,2026-06-06 08:59:35 UTC,7054456,7479388,143964,1.82,39728,607124,199364,2.51,205724,494148,20
cloud-k3s-master1,1,2026-06-06 08:59:36 UTC,7054456,7479388,143964,1.82,39728,607124,199364,2.51,205724,494148,20
cloud-k3s-master1,1,2026-06-06 08:59:37 UTC,7054456,7479388,143940,1.81,39736,607140,199364,2.51,205724,494148,220
cloud-k3s-master1,1,2026-06-06 08:59:38 UTC,7054456,7479388,143936,1.81,39736,607144,199364,2.51,205724,494148,224
cloud-k3s-master1,1,2026-06-06 08:59:39 UTC,7054456,7479388,143928,1.81,39736,607152,199364,2.51,205724,494148,24
cloud-k3s-master1,1,2026-06-06 08:59:40 UTC,7054456,7479388,143928,1.81,39736,607152,199364,2.51,205724,494148,24
cloud-k3s-master1,1,2026-06-06 08:59:41 UTC,7054456,7479388,143916,1.81,39736,607164,199364,2.51,205724,494148,40
cloud-k3s-master1,1,2026-06-06 08:59:42 UTC,7054456,7479448,143908,1.81,39744,607164,199364,2.51,205724,494208,212
cloud-k3s-master1,1,2026-06-06 08:59:43 UTC,7054456,7479456,143888,1.81,39744,607180,199364,2.51,205724,494216,200
cloud-k3s-master1,1,2026-06-06 08:59:44 UTC,7054456,7479456,143888,1.81,39744,607180,199364,2.51,205724,494216,200
cloud-k3s-master1,1,2026-06-06 08:59:45 UTC,7054456,7479468,143876,1.81,39744,607192,199364,2.51,205724,494228,168
cloud-k3s-master1,1,2026-06-06 08:59:46 UTC,7054456,7479468,143868,1.81,39744,607200,199364,2.51,205724,494228,180
cloud-k3s-master1,1,2026-06-06 08:59:47 UTC,7054204,7479232,144104,1.82,39752,607208,199364,2.51,205724,494244,48
cloud-k3s-master1,1,2026-06-06 08:59:48 UTC,7054204,7479232,144100,1.82,39752,607212,199364,2.51,205724,494244,52
cloud-k3s-master1,1,2026-06-06 08:59:49 UTC,7054204,7479232,144092,1.82,39752,607220,199364,2.51,205724,494244,56
cloud-k3s-master1,1,2026-06-06 08:59:50 UTC,7054204,7479232,144084,1.82,39752,607228,199364,2.51,205724,494244,64
cloud-k3s-master1,1,2026-06-06 08:59:51 UTC,7054204,7479232,144080,1.82,39752,607232,199364,2.51,205724,494244,24
cloud-k3s-master1,1,2026-06-06 08:59:52 UTC,7054204,7479232,144072,1.82,39760,607232,199364,2.51,205724,494244,196
cloud-k3s-master1,1,2026-06-06 08:59:53 UTC,7054204,7479232,144056,1.82,39760,607248,199364,2.51,205724,494244,24
cloud-k3s-master1,1,2026-06-06 08:59:54 UTC,7054204,7479232,144052,1.82,39760,607252,199364,2.51,205724,494244,28
cloud-k3s-master1,1,2026-06-06 08:59:55 UTC,7054204,7479232,144044,1.82,39760,607260,199364,2.51,205724,494244,36
cloud-k3s-master1,1,2026-06-06 08:59:56 UTC,7054204,7479292,144036,1.82,39760,607268,199364,2.51,205724,494304,44
cloud-k3s-master1,1,2026-06-06 08:59:57 UTC,7054204,7479292,144036,1.82,39768,607260,199364,2.51,205724,494304,44
cloud-k3s-master1,1,2026-06-06 08:59:58 UTC,7054204,7479296,144016,1.82,39768,607280,199364,2.51,205724,494308,196
cloud-k3s-master1,1,2026-06-06 08:59:59 UTC,7054204,7479296,144008,1.82,39768,607288,199364,2.51,205724,494308,204
cloud-k3s-master1,1,2026-06-06 09:00:00 UTC,7054204,7479296,144004,1.82,39768,607292,199364,2.51,205724,494308,208
cloud-k3s-master1,1,2026-06-06 09:00:01 UTC,7054204,7479296,143996,1.82,39768,607300,199364,2.51,205724,494308,216
cloud-k3s-master1,1,2026-06-06 09:00:02 UTC,7054204,7479296,143988,1.82,39776,607300,199364,2.51,205724,494308,64
cloud-k3s-master1,1,2026-06-06 09:00:03 UTC,7054204,7479348,143972,1.82,39776,607316,199364,2.51,205724,494360,4
cloud-k3s-master1,1,2026-06-06 09:00:04 UTC,7054204,7479348,143968,1.82,39776,607320,199364,2.51,205724,494360,12
cloud-k3s-master1,1,2026-06-06 09:00:05 UTC,7054204,7479348,143960,1.82,39776,607328,199364,2.51,205724,494360,20
cloud-k3s-master1,1,2026-06-06 09:00:06 UTC,7054204,7479412,143948,1.81,39776,607336,199364,2.51,205724,494420,28
cloud-k3s-master1,1,2026-06-06 09:00:07 UTC,7054204,7479412,143944,1.81,39784,607332,199364,2.51,205724,494420,192
cloud-k3s-master1,1,2026-06-06 09:00:08 UTC,7054204,7479420,143928,1.81,39784,607348,199364,2.51,205724,494428,60
cloud-k3s-master1,1,2026-06-06 09:00:09 UTC,7054204,7479420,143920,1.81,39784,607356,199364,2.51,205724,494428,24
cloud-k3s-master1,1,2026-06-06 09:00:10 UTC,7054204,7479420,143916,1.81,39784,607360,199364,2.51,205724,494428,32
cloud-k3s-master1,1,2026-06-06 09:00:11 UTC,7054204,7479420,143908,1.81,39784,607368,199364,2.51,205724,494428,40
cloud-k3s-master1,1,2026-06-06 09:00:12 UTC,7054204,7479420,143908,1.81,39792,607360,199364,2.51,205724,494428,40
cloud-k3s-master1,1,2026-06-06 09:00:13 UTC,7054204,7479464,143888,1.81,39792,607380,199364,2.51,205724,494472,192
cloud-k3s-master1,1,2026-06-06 09:00:14 UTC,7054204,7479464,143880,1.81,39792,607388,199364,2.51,205724,494472,200
cloud-k3s-master1,1,2026-06-06 09:00:15 UTC,7054204,7479464,143872,1.81,39792,607396,199364,2.51,205724,494472,164
cloud-k3s-master1,1,2026-06-06 09:00:16 UTC,7054204,7479464,143868,1.81,39792,607400,199364,2.51,205724,494472,172
cloud-k3s-master1,1,2026-06-06 09:00:17 UTC,7054204,7479464,143860,1.81,39792,607408,199364,2.51,205724,494472,24
cloud-k3s-master1,1,2026-06-06 09:00:18 UTC,7054204,7479464,143852,1.81,39800,607408,199364,2.51,205724,494472,32
cloud-k3s-master1,1,2026-06-06 09:00:19 UTC,7052188,7477512,145852,1.84,39800,607424,199364,2.51,205672,494536,244
cloud-k3s-master1,1,2026-06-06 09:00:20 UTC,7052188,7477512,145844,1.84,39800,607432,199364,2.51,205672,494536,252
cloud-k3s-master1,1,2026-06-06 09:00:21 UTC,7052188,7477512,145836,1.84,39800,607440,199364,2.51,205672,494536,260
cloud-k3s-master1,1,2026-06-06 09:00:22 UTC,7052188,7477512,145832,1.84,39800,607444,199364,2.51,205672,494536,316
cloud-k3s-master1,1,2026-06-06 09:00:23 UTC,7052188,7477512,145816,1.84,39808,607452,199364,2.51,205672,494536,156
cloud-k3s-master1,1,2026-06-06 09:00:24 UTC,7052188,7477520,145808,1.84,39808,607460,199364,2.51,205724,494544,32
cloud-k3s-master1,1,2026-06-06 09:00:25 UTC,7052188,7477520,145800,1.84,39808,607468,199364,2.51,205724,494544,32
cloud-k3s-master1,1,2026-06-06 09:00:26 UTC,7052188,7477520,145800,1.84,39808,607468,199364,2.51,205724,494544,32
cloud-k3s-master1,1,2026-06-06 09:00:27 UTC,7052188,7477520,145788,1.84,39808,607480,199364,2.51,205724,494544,164
cloud-k3s-master1,1,2026-06-06 09:00:28 UTC,7052188,7477580,145780,1.84,39808,607488,199364,2.51,205724,494604,180
cloud-k3s-master1,1,2026-06-06 09:00:29 UTC,7052188,7477580,145768,1.84,39816,607488,199364,2.51,205724,494604,220
cloud-k3s-master1,1,2026-06-06 09:00:30 UTC,7052188,7477584,145752,1.84,39816,607500,199364,2.51,205724,494604,232
cloud-k3s-master1,1,2026-06-06 09:00:31 UTC,7052188,7477584,145744,1.84,39816,607508,199364,2.51,205724,494604,240
cloud-k3s-master1,1,2026-06-06 09:00:32 UTC,7052188,7477612,145740,1.84,39816,607512,199364,2.51,205724,494632,80
cloud-k3s-master1,1,2026-06-06 09:00:33 UTC,7052188,7477612,145732,1.84,39816,607520,199364,2.51,205724,494632,40
cloud-k3s-master1,1,2026-06-06 09:00:34 UTC,7052188,7477612,145724,1.84,39816,607528,199364,2.51,205724,494632,12
cloud-k3s-master1,1,2026-06-06 09:00:35 UTC,7052188,7477612,145712,1.84,39824,607532,199364,2.51,205724,494632,44
cloud-k3s-master1,1,2026-06-06 09:00:36 UTC,7052188,7477612,145712,1.84,39824,607532,199364,2.51,205724,494632,44
cloud-k3s-master1,1,2026-06-06 09:00:37 UTC,7052188,7477612,145696,1.84,39824,607548,199364,2.51,205724,494632,220
cloud-k3s-master1,1,2026-06-06 09:00:38 UTC,7052188,7477612,145692,1.84,39824,607552,199364,2.51,205724,494632,224
cloud-k3s-master1,1,2026-06-06 09:00:39 UTC,7052188,7477612,145684,1.84,39824,607560,199364,2.51,205724,494632,32
cloud-k3s-master1,1,2026-06-06 09:00:40 UTC,7052188,7477612,145684,1.84,39824,607560,199364,2.51,205724,494632,4
cloud-k3s-master1,1,2026-06-06 09:00:41 UTC,7052188,7477672,145664,1.84,39832,607572,199364,2.51,205724,494692,44
cloud-k3s-master1,1,2026-06-06 09:00:42 UTC,7052188,7477672,145656,1.84,39832,607580,199364,2.51,205724,494692,52
cloud-k3s-master1,1,2026-06-06 09:00:43 UTC,7052188,7477672,145648,1.84,39832,607588,199364,2.51,205724,494692,216
cloud-k3s-master1,1,2026-06-06 09:00:44 UTC,7052188,7477672,145644,1.84,39832,607592,199364,2.51,205724,494692,220
cloud-k3s-master1,1,2026-06-06 09:00:45 UTC,7052188,7477700,145636,1.84,39832,607600,199364,2.51,205724,494720,184
cloud-k3s-master1,1,2026-06-06 09:00:46 UTC,7052188,7477700,145628,1.84,39840,607600,199364,2.51,205724,494720,196
cloud-k3s-master1,1,2026-06-06 09:00:47 UTC,7052188,7477708,145612,1.84,39840,607616,199364,2.51,205724,494728,184
cloud-k3s-master1,1,2026-06-06 09:00:48 UTC,7052188,7477720,145608,1.84,39840,607620,199364,2.51,205724,494740,12
cloud-k3s-master1,1,2026-06-06 09:00:49 UTC,7052188,7477840,145472,1.83,39840,607756,199364,2.51,205844,494740,36
cloud-k3s-master1,1,2026-06-06 09:00:50 UTC,7052188,7477840,145472,1.83,39840,607756,199364,2.51,205844,494740,36
cloud-k3s-master1,1,2026-06-06 09:00:51 UTC,7052188,7477840,145460,1.83,39840,607768,199364,2.51,205844,494740,4
cloud-k3s-master1,1,2026-06-06 09:00:52 UTC,7052188,7477840,145448,1.83,39848,607768,199364,2.51,205844,494740,12
cloud-k3s-master1,1,2026-06-06 09:00:53 UTC,7052188,7477840,145432,1.83,39848,607784,199364,2.51,205844,494740,212
cloud-k3s-master1,1,2026-06-06 09:00:54 UTC,7052188,7477840,145432,1.83,39848,607784,199364,2.51,205844,494740,212
cloud-k3s-master1,1,2026-06-06 09:00:55 UTC,7052188,7477840,145420,1.83,39848,607796,199364,2.51,205844,494740,224
cloud-k3s-master1,1,2026-06-06 09:00:56 UTC,7052188,7477840,145412,1.83,39848,607804,199364,2.51,205844,494740,232
cloud-k3s-master1,1,2026-06-06 09:00:57 UTC,7052188,7477908,145408,1.83,39856,607800,199364,2.51,205852,494800,0
cloud-k3s-master1,1,2026-06-06 09:00:58 UTC,7052188,7477908,145392,1.83,39856,607816,199364,2.51,205852,494800,40
cloud-k3s-master1,1,2026-06-06 09:00:59 UTC,7052188,7477908,145384,1.83,39856,607824,199364,2.51,205852,494800,48
cloud-k3s-master1,1,2026-06-06 09:01:00 UTC,7052188,7477908,145384,1.83,39856,607824,199364,2.51,205852,494800,48
cloud-k3s-master1,1,2026-06-06 09:01:01 UTC,7052188,7477908,145372,1.83,39856,607836,199364,2.51,205852,494800,60
cloud-k3s-master1,1,2026-06-06 09:01:02 UTC,7052188,7477908,145364,1.83,39864,607836,199364,2.51,205852,494800,68
cloud-k3s-master1,1,2026-06-06 09:01:03 UTC,7052188,7477908,145352,1.83,39864,607848,199364,2.51,205852,494800,0
cloud-k3s-master1,1,2026-06-06 09:01:04 UTC,7052188,7477908,145344,1.83,39864,607856,199364,2.51,205852,494800,12
cloud-k3s-master1,1,2026-06-06 09:01:05 UTC,7052188,7477908,145336,1.83,39864,607864,199364,2.51,205852,494800,20
cloud-k3s-master1,1,2026-06-06 09:01:06 UTC,7052188,7477968,145328,1.83,39864,607872,199364,2.51,205852,494860,28
cloud-k3s-master1,1,2026-06-06 09:01:07 UTC,7052188,7478028,145316,1.83,39872,607876,199364,2.51,205852,494920,220
cloud-k3s-master1,1,2026-06-06 09:01:08 UTC,7052188,7478028,145308,1.83,39872,607884,199364,2.51,205852,494920,228
cloud-k3s-master1,1,2026-06-06 09:01:09 UTC,7052188,7478028,145300,1.83,39872,607892,199364,2.51,205852,494920,188
cloud-k3s-master1,1,2026-06-06 09:01:10 UTC,7052188,7478028,145300,1.83,39872,607892,199364,2.51,205852,494920,188
cloud-k3s-master1,1,2026-06-06 09:01:11 UTC,7052188,7478028,145288,1.83,39872,607904,199364,2.51,205852,494920,204
cloud-k3s-master1,1,2026-06-06 09:01:12 UTC,7051936,7477780,145520,1.83,39880,607912,199364,2.51,205852,494920,212
cloud-k3s-master1,1,2026-06-06 09:01:13 UTC,7051936,7477784,145508,1.83,39880,607920,199364,2.51,205852,494924,28
cloud-k3s-master1,1,2026-06-06 09:01:14 UTC,7051936,7477784,145508,1.83,39880,607920,199364,2.51,205852,494924,28
cloud-k3s-master1,1,2026-06-06 09:01:15 UTC,7051936,7477844,145492,1.83,39880,607936,199364,2.51,205852,494984,0
cloud-k3s-master1,1,2026-06-06 09:01:16 UTC,7051712,7477636,145712,1.84,39880,607940,202216,2.55,207108,495000,8
cloud-k3s-master1,1,2026-06-06 09:01:17 UTC,7051712,7477640,145692,1.84,39888,607948,202816,2.56,207500,495004,236
cloud-k3s-master1,1,2026-06-06 09:01:18 UTC,7051712,7477640,145684,1.84,39888,607956,202816,2.56,207500,495004,320
cloud-k3s-master1,1,2026-06-06 09:01:19 UTC,7051712,7477640,145680,1.84,39888,607960,202816,2.56,207500,495004,324
cloud-k3s-master1,1,2026-06-06 09:01:20 UTC,7051712,7477676,145672,1.84,39888,607968,202816,2.56,207524,495040,344
cloud-k3s-master1,1,2026-06-06 09:01:21 UTC,7051712,7477676,145672,1.84,39888,607968,199364,2.51,206148,495040,356
cloud-k3s-master1,1,2026-06-06 09:01:22 UTC,7051712,7477684,145656,1.84,39896,607980,199364,2.51,205852,495048,156
cloud-k3s-master1,1,2026-06-06 09:01:23 UTC,7051712,7477684,145648,1.84,39896,607988,199364,2.51,205852,495048,16
cloud-k3s-master1,1,2026-06-06 09:01:24 UTC,7051712,7477684,145640,1.84,39896,607996,199364,2.51,205852,495048,24
cloud-k3s-master1,1,2026-06-06 09:01:25 UTC,7051712,7477684,145636,1.84,39896,608000,199364,2.51,205852,495048,28
cloud-k3s-master1,1,2026-06-06 09:01:26 UTC,7051712,7477684,145628,1.84,39896,608008,199364,2.51,205852,495048,36
cloud-k3s-master1,1,2026-06-06 09:01:27 UTC,7051712,7477684,145620,1.84,39904,608008,199364,2.51,205852,495048,44
cloud-k3s-master1,1,2026-06-06 09:01:28 UTC,7051712,7477744,145604,1.84,39904,608024,199364,2.51,205852,495108,44
cloud-k3s-master1,1,2026-06-06 09:01:29 UTC,7051712,7477744,145600,1.84,39904,608028,199364,2.51,205852,495108,48
cloud-k3s-master1,1,2026-06-06 09:01:30 UTC,7051712,7477744,145592,1.84,39904,608036,199364,2.51,205852,495108,56
cloud-k3s-master1,1,2026-06-06 09:01:31 UTC,7051712,7477744,145584,1.84,39904,608044,199364,2.51,205852,495108,64
cloud-k3s-master1,1,2026-06-06 09:01:32 UTC,7051712,7477748,145568,1.84,39912,608048,199364,2.51,205852,495108,68
cloud-k3s-master1,1,2026-06-06 09:01:33 UTC,7051712,7477748,145560,1.84,39912,608056,199364,2.51,205852,495108,160
cloud-k3s-master1,1,2026-06-06 09:01:34 UTC,7051712,7477748,145552,1.84,39912,608064,199364,2.51,205852,495108,172
cloud-k3s-master1,1,2026-06-06 09:01:35 UTC,7051712,7477748,145548,1.84,39912,608068,199364,2.51,205852,495108,176
cloud-k3s-master1,1,2026-06-06 09:01:36 UTC,7051712,7477808,145540,1.83,39912,608076,199364,2.51,205852,495168,184
cloud-k3s-master1,1,2026-06-06 09:01:37 UTC,7051712,7477808,145524,1.83,39920,608084,199364,2.51,205852,495168,220
cloud-k3s-master1,1,2026-06-06 09:01:38 UTC,7051712,7477808,145520,1.83,39920,608088,199364,2.51,205852,495168,68
cloud-k3s-master1,1,2026-06-06 09:01:39 UTC,7051712,7477808,145512,1.83,39920,608096,199364,2.51,205852,495168,32
cloud-k3s-master1,1,2026-06-06 09:01:40 UTC,7051712,7477808,145504,1.83,39920,608104,199364,2.51,205852,495168,44
cloud-k3s-master1,1,2026-06-06 09:01:41 UTC,7051712,7477808,145500,1.83,39920,608108,199364,2.51,205852,495168,48
cloud-k3s-master1,1,2026-06-06 09:01:42 UTC,7051712,7477868,145484,1.83,39928,608116,199364,2.51,205852,495228,28
cloud-k3s-master1,1,2026-06-06 09:01:43 UTC,7051472,7477636,145700,1.84,39928,608124,199364,2.51,205852,495228,32
cloud-k3s-master1,1,2026-06-06 09:01:44 UTC,7051472,7477636,145696,1.84,39928,608128,199364,2.51,205852,495228,36
cloud-k3s-master1,1,2026-06-06 09:01:45 UTC,7051472,7477636,145688,1.84,39928,608136,199364,2.51,205852,495228,0
cloud-k3s-master1,1,2026-06-06 09:01:46 UTC,7051472,7477636,145688,1.84,39928,608136,199364,2.51,205852,495228,0
cloud-k3s-master1,1,2026-06-06 09:01:47 UTC,7051472,7477636,145668,1.84,39936,608148,199364,2.51,205852,495228,44
cloud-k3s-master1,1,2026-06-06 09:01:48 UTC,7051472,7477636,145660,1.84,39936,608156,199364,2.51,205852,495228,52
cloud-k3s-master1,1,2026-06-06 09:01:49 UTC,7051472,7477636,145652,1.84,39936,608164,199364,2.51,205852,495228,224
cloud-k3s-master1,1,2026-06-06 09:01:50 UTC,7051472,7477636,145652,1.84,39936,608164,199364,2.51,205852,495228,224
cloud-k3s-master1,1,2026-06-06 09:01:51 UTC,7051472,7477704,145640,1.84,39936,608176,199364,2.51,205852,495296,192
cloud-k3s-master1,1,2026-06-06 09:01:52 UTC,7051472,7477704,145628,1.84,39944,608176,199364,2.51,205852,495296,204
cloud-k3s-master1,1,2026-06-06 09:01:53 UTC,7051472,7477728,145612,1.84,39944,608192,199364,2.51,205852,495320,20
cloud-k3s-master1,1,2026-06-06 09:01:54 UTC,7051472,7477728,145608,1.84,39944,608196,199364,2.51,205852,495320,24
cloud-k3s-master1,1,2026-06-06 09:01:55 UTC,7051472,7477728,145608,1.84,39944,608196,199364,2.51,205852,495320,24
cloud-k3s-master1,1,2026-06-06 09:01:56 UTC,7051472,7477728,145608,1.84,39944,608196,199364,2.51,205852,495320,24
cloud-k3s-master1,1,2026-06-06 09:01:57 UTC,7051472,7477728,145580,1.84,39952,608216,199364,2.51,205852,495320,68
cloud-k3s-master1,1,2026-06-06 09:01:58 UTC,7051472,7477728,145572,1.84,39952,608224,199364,2.51,205852,495320,200
cloud-k3s-master1,1,2026-06-06 09:01:59 UTC,7051472,7477728,145572,1.84,39952,608224,199364,2.51,205852,495320,200
cloud-k3s-master1,1,2026-06-06 09:02:00 UTC,7051472,7477728,145572,1.84,39952,608224,199364,2.51,205852,495320,200
cloud-k3s-master1,1,2026-06-06 09:02:01 UTC,7051472,7477788,145552,1.84,39952,608244,199364,2.51,205852,495380,220
cloud-k3s-master1,1,2026-06-06 09:02:02 UTC,7051472,7477788,145536,1.83,39960,608252,199364,2.51,205852,495380,44
cloud-k3s-master1,1,2026-06-06 09:02:03 UTC,7051472,7477788,145532,1.83,39960,608256,199364,2.51,205852,495380,48
cloud-k3s-master1,1,2026-06-06 09:02:04 UTC,7051472,7477788,145524,1.83,39960,608264,199364,2.51,205852,495380,60
cloud-k3s-master1,1,2026-06-06 09:02:05 UTC,7051472,7477788,145516,1.83,39960,608272,199364,2.51,205852,495380,20
cloud-k3s-master1,1,2026-06-06 09:02:06 UTC,7051472,7477788,145512,1.83,39960,608276,199364,2.51,205852,495380,24
cloud-k3s-master1,1,2026-06-06 09:02:07 UTC,7051472,7477792,145492,1.83,39968,608284,199364,2.51,205852,495380,56
cloud-k3s-master1,1,2026-06-06 09:02:08 UTC,7051472,7477852,145484,1.83,39968,608292,199364,2.51,205852,495440,68
cloud-k3s-master1,1,2026-06-06 09:02:09 UTC,7051472,7477852,145476,1.83,39968,608300,199364,2.51,205852,495440,28
cloud-k3s-master1,1,2026-06-06 09:02:10 UTC,7051472,7477852,145472,1.83,39968,608304,199364,2.51,205852,495440,36
cloud-k3s-master1,1,2026-06-06 09:02:11 UTC,7051472,7477852,145464,1.83,39968,608312,199364,2.51,205852,495440,44
cloud-k3s-master1,1,2026-06-06 09:02:12 UTC,7051472,7477852,145464,1.83,39976,608304,199364,2.51,205852,495440,44
cloud-k3s-master1,1,2026-06-06 09:02:13 UTC,7051472,7477852,145444,1.83,39976,608324,199364,2.51,205852,495440,188
cloud-k3s-master1,1,2026-06-06 09:02:14 UTC,7051472,7477852,145436,1.83,39976,608332,199364,2.51,205852,495440,196
cloud-k3s-master1,1,2026-06-06 09:02:15 UTC,7051472,7477912,145428,1.83,39976,608340,199364,2.51,205852,495500,160
cloud-k3s-master1,1,2026-06-06 09:02:16 UTC,7051472,7477912,145424,1.83,39976,608344,199364,2.51,205852,495500,168
cloud-k3s-master1,1,2026-06-06 09:02:17 UTC,7051472,7477912,145408,1.83,39984,608352,199364,2.51,205852,495500,28
cloud-k3s-master1,1,2026-06-06 09:02:18 UTC,7051472,7477912,145400,1.83,39984,608360,199364,2.51,205852,495500,52
cloud-k3s-master1,1,2026-06-06 09:02:19 UTC,7051472,7477912,145400,1.83,39984,608360,199364,2.51,205852,495500,52
cloud-k3s-master1,1,2026-06-06 09:02:20 UTC,7051472,7477912,145388,1.83,39984,608372,199364,2.51,205852,495500,64
cloud-k3s-master1,1,2026-06-06 09:02:21 UTC,7051472,7477960,145380,1.83,39984,608380,199364,2.51,205852,495548,28
cloud-k3s-master1,1,2026-06-06 09:02:22 UTC,7051472,7477960,145376,1.83,39992,608376,199364,2.51,205852,495548,36
cloud-k3s-master1,1,2026-06-06 09:02:23 UTC,7051472,7477980,145360,1.83,39992,608392,199364,2.51,205852,495568,16
cloud-k3s-master1,1,2026-06-06 09:02:24 UTC,7051472,7477980,145352,1.83,39992,608400,199364,2.51,205852,495568,24
cloud-k3s-master1,1,2026-06-06 09:02:25 UTC,7051472,7477980,145352,1.83,39992,608400,199364,2.51,205852,495568,24
cloud-k3s-master1,1,2026-06-06 09:02:26 UTC,7051472,7477980,145352,1.83,39992,608400,199364,2.51,205852,495568,24
cloud-k3s-master1,1,2026-06-06 09:02:27 UTC,7051472,7477980,145320,1.83,40000,608420,199364,2.51,205852,495568,68
cloud-k3s-master1,1,2026-06-06 09:02:28 UTC,7051472,7477980,145316,1.83,40000,608424,199364,2.51,205852,495568,76
cloud-k3s-master1,1,2026-06-06 09:02:29 UTC,7051472,7477980,145308,1.83,40000,608432,199364,2.51,205852,495568,204
cloud-k3s-master1,1,2026-06-06 09:02:30 UTC,7051472,7477980,145300,1.83,40000,608440,199364,2.51,205852,495568,212
cloud-k3s-master1,1,2026-06-06 09:02:31 UTC,7051472,7478040,145292,1.83,40000,608448,199364,2.51,205852,495628,220
cloud-k3s-master1,1,2026-06-06 09:02:32 UTC,7051472,7478056,145280,1.83,40008,608452,199364,2.51,205852,495644,56
cloud-k3s-master1,1,2026-06-06 09:02:33 UTC,7051472,7478056,145272,1.83,40008,608460,199364,2.51,205852,495644,0
cloud-k3s-master1,1,2026-06-06 09:02:34 UTC,7051472,7478056,145264,1.83,40008,608468,199364,2.51,205852,495644,12
cloud-k3s-master1,1,2026-06-06 09:02:35 UTC,7051472,7478056,145260,1.83,40008,608472,199364,2.51,205852,495644,16
cloud-k3s-master1,1,2026-06-06 09:02:36 UTC,7051472,7478056,145252,1.83,40008,608480,199364,2.51,205852,495644,24
cloud-k3s-master1,1,2026-06-06 09:02:37 UTC,7051472,7478056,145236,1.83,40016,608488,199364,2.51,205852,495644,56
cloud-k3s-master1,1,2026-06-06 09:02:38 UTC,7051472,7478056,145232,1.83,40016,608492,199364,2.51,205852,495644,64
cloud-k3s-master1,1,2026-06-06 09:02:39 UTC,7051472,7478056,145224,1.83,40016,608500,199364,2.51,205852,495644,28
cloud-k3s-master1,1,2026-06-06 09:02:40 UTC,7051472,7478116,145216,1.83,40016,608508,199364,2.51,205852,495704,40
cloud-k3s-master1,1,2026-06-06 09:02:41 UTC,7051472,7478116,145212,1.83,40016,608512,199364,2.51,205852,495704,44
cloud-k3s-master1,1,2026-06-06 09:02:42 UTC,7051472,7478140,145196,1.83,40024,608520,199364,2.51,205852,495728,48
cloud-k3s-master1,1,2026-06-06 09:02:43 UTC,7051472,7478140,145188,1.83,40024,608528,199364,2.51,205852,495728,192
cloud-k3s-master1,1,2026-06-06 09:02:44 UTC,7051472,7478140,145184,1.83,40024,608532,199364,2.51,205852,495728,196
cloud-k3s-master1,1,2026-06-06 09:02:45 UTC,7051472,7478140,145176,1.83,40024,608540,199364,2.51,205852,495728,160
cloud-k3s-master1,1,2026-06-06 09:02:46 UTC,7051472,7478140,145168,1.83,40024,608548,199364,2.51,205852,495728,172
cloud-k3s-master1,1,2026-06-06 09:02:47 UTC,7051472,7478144,145152,1.83,40032,608552,199364,2.51,205852,495728,204
cloud-k3s-master1,1,2026-06-06 09:02:48 UTC,7051472,7478144,145144,1.83,40032,608560,199364,2.51,205852,495728,56
cloud-k3s-master1,1,2026-06-06 09:02:49 UTC,7051472,7478144,145136,1.83,40032,608568,199364,2.51,205852,495728,64
cloud-k3s-master1,1,2026-06-06 09:02:50 UTC,7051472,7478204,145128,1.83,40032,608576,199364,2.51,205852,495788,72
cloud-k3s-master1,1,2026-06-06 09:02:51 UTC,7051472,7478212,145124,1.83,40032,608580,199364,2.51,205852,495796,32
cloud-k3s-master1,1,2026-06-06 09:02:52 UTC,7051472,7478212,145116,1.83,40040,608580,199364,2.51,205852,495796,44
cloud-k3s-master1,1,2026-06-06 09:02:53 UTC,7051472,7478212,145116,1.83,40040,608580,199364,2.51,205852,495796,0
cloud-k3s-master1,1,2026-06-06 09:02:54 UTC,7051472,7478236,145096,1.83,40040,608600,199364,2.51,205852,495820,24
cloud-k3s-master1,1,2026-06-06 09:02:55 UTC,7051472,7478236,145088,1.83,40040,608608,199364,2.51,205852,495820,32
cloud-k3s-master1,1,2026-06-06 09:02:56 UTC,7051472,7478236,145080,1.83,40040,608616,199364,2.51,205852,495820,40
cloud-k3s-master1,1,2026-06-06 09:02:57 UTC,7051472,7478236,145080,1.83,40048,608608,199364,2.51,205852,495820,40
cloud-k3s-master1,1,2026-06-06 09:02:58 UTC,7051472,7478236,145060,1.83,40048,608628,199364,2.51,205852,495820,200
cloud-k3s-master1,1,2026-06-06 09:02:59 UTC,7051472,7478236,145052,1.83,40048,608636,199364,2.51,205852,495820,208
cloud-k3s-master1,1,2026-06-06 09:03:00 UTC,7051472,7478236,145048,1.83,40048,608640,199364,2.51,205852,495820,212
cloud-k3s-master1,1,2026-06-06 09:03:01 UTC,7051472,7478236,145048,1.83,40048,608640,199364,2.51,205852,495820,212
cloud-k3s-master1,1,2026-06-06 09:03:02 UTC,7051472,7478312,145024,1.83,40056,608656,199364,2.51,205852,495896,44
cloud-k3s-master1,1,2026-06-06 09:03:03 UTC,7051472,7478316,145020,1.83,40056,608660,199364,2.51,205852,495900,4
cloud-k3s-master1,1,2026-06-06 09:03:04 UTC,7051472,7478316,145012,1.83,40056,608668,199364,2.51,205852,495900,12
cloud-k3s-master1,1,2026-06-06 09:03:05 UTC,7051472,7478316,145012,1.83,40056,608668,199364,2.51,205852,495900,12
cloud-k3s-master1,1,2026-06-06 09:03:06 UTC,7051472,7478316,145000,1.83,40056,608680,199364,2.51,205852,495900,24
cloud-k3s-master1,1,2026-06-06 09:03:07 UTC,7051472,7478316,144980,1.83,40064,608688,199364,2.51,205852,495900,56
cloud-k3s-master1,1,2026-06-06 09:03:08 UTC,7051472,7478360,144972,1.83,40064,608696,199364,2.51,205852,495944,68
cloud-k3s-master1,1,2026-06-06 09:03:09 UTC,7051472,7478364,144968,1.83,40064,608700,199364,2.51,205852,495948,28
cloud-k3s-master1,1,2026-06-06 09:03:10 UTC,7051472,7478364,144960,1.83,40064,608708,199364,2.51,205852,495948,40
cloud-k3s-master1,1,2026-06-06 09:03:11 UTC,7051472,7478364,144952,1.83,40064,608716,199364,2.51,205852,495948,48
cloud-k3s-master1,1,2026-06-06 09:03:12 UTC,7051472,7478396,144936,1.83,40072,608724,199364,2.51,205852,495980,32
cloud-k3s-master1,1,2026-06-06 09:03:13 UTC,7051472,7478396,144932,1.83,40072,608728,199364,2.51,205852,495980,192
cloud-k3s-master1,1,2026-06-06 09:03:14 UTC,7051472,7478396,144924,1.83,40072,608736,199364,2.51,205852,495980,200
cloud-k3s-master1,1,2026-06-06 09:03:15 UTC,7051472,7478416,144916,1.83,40072,608744,199364,2.51,205852,496000,160
cloud-k3s-master1,1,2026-06-06 09:03:16 UTC,7051472,7478416,144912,1.83,40072,608748,199364,2.51,205852,496000,168
cloud-k3s-master1,1,2026-06-06 09:03:17 UTC,7051472,7478416,144912,1.83,40072,608748,199364,2.51,205852,496000,168
cloud-k3s-master1,1,2026-06-06 09:03:18 UTC,7051472,7478436,144888,1.83,40080,608764,199364,2.51,205852,496020,56
cloud-k3s-master1,1,2026-06-06 09:03:19 UTC,7051472,7478436,144884,1.83,40080,608768,199364,2.51,205852,496020,60
cloud-k3s-master1,1,2026-06-06 09:03:20 UTC,7051472,7478436,144876,1.83,40080,608776,199364,2.51,205852,496020,68
cloud-k3s-master1,1,2026-06-06 09:03:21 UTC,7051472,7478436,144876,1.83,40080,608776,199364,2.51,205852,496020,68
cloud-k3s-master1,1,2026-06-06 09:03:22 UTC,7051472,7478436,144860,1.83,40088,608784,199364,2.51,205852,496020,196
cloud-k3s-master1,1,2026-06-06 09:03:23 UTC,7051472,7478436,144848,1.83,40088,608796,199364,2.51,205852,496020,176
cloud-k3s-master1,1,2026-06-06 09:03:24 UTC,7051472,7478436,144840,1.83,40088,608804,199364,2.51,205852,496020,184
cloud-k3s-master1,1,2026-06-06 09:03:25 UTC,7051472,7478436,144836,1.83,40088,608808,199364,2.51,205852,496020,188
cloud-k3s-master1,1,2026-06-06 09:03:26 UTC,7051472,7478436,144828,1.83,40088,608816,199364,2.51,205852,496020,196
cloud-k3s-master1,1,2026-06-06 09:03:27 UTC,7051472,7478520,144808,1.83,40096,608824,199364,2.51,205852,496100,20
cloud-k3s-master1,1,2026-06-06 09:03:28 UTC,7051472,7478520,144804,1.83,40096,608828,199364,2.51,205852,496100,32
cloud-k3s-master1,1,2026-06-06 09:03:29 UTC,7051472,7478520,144796,1.83,40096,608836,199364,2.51,205852,496100,40
cloud-k3s-master1,1,2026-06-06 09:03:30 UTC,7051472,7478520,144788,1.83,40096,608844,199364,2.51,205852,496100,48
cloud-k3s-master1,1,2026-06-06 09:03:31 UTC,7051472,7478520,144784,1.83,40096,608848,199364,2.51,205852,496100,52
cloud-k3s-master1,1,2026-06-06 09:03:32 UTC,7051472,7478520,144776,1.83,40104,608848,199364,2.51,205852,496100,220
cloud-k3s-master1,1,2026-06-06 09:03:33 UTC,7051472,7478528,144760,1.83,40104,608864,199364,2.51,205852,496108,0
cloud-k3s-master1,1,2026-06-06 09:03:34 UTC,7051472,7478528,144752,1.83,40104,608872,199364,2.51,205852,496108,12
cloud-k3s-master1,1,2026-06-06 09:03:35 UTC,7051472,7478528,144748,1.82,40104,608876,199364,2.51,205852,496108,16
cloud-k3s-master1,1,2026-06-06 09:03:36 UTC,7051472,7478588,144740,1.82,40104,608884,199364,2.51,205852,496168,24
cloud-k3s-master1,1,2026-06-06 09:03:37 UTC,7051472,7478588,144732,1.82,40112,608884,199364,2.51,205852,496168,192
cloud-k3s-master1,1,2026-06-06 09:03:38 UTC,7051472,7478588,144720,1.82,40112,608896,199364,2.51,205852,496168,224
cloud-k3s-master1,1,2026-06-06 09:03:39 UTC,7051472,7478596,144712,1.82,40112,608904,199364,2.51,205852,496176,188
cloud-k3s-master1,1,2026-06-06 09:03:40 UTC,7051472,7478596,144704,1.82,40112,608912,199364,2.51,205852,496176,200
cloud-k3s-master1,1,2026-06-06 09:03:41 UTC,7051472,7478596,144700,1.82,40112,608916,199364,2.51,205852,496176,204
cloud-k3s-master1,1,2026-06-06 09:03:42 UTC,7051472,7478640,144692,1.82,40120,608916,199364,2.51,205852,496220,32
cloud-k3s-master1,1,2026-06-06 09:03:43 UTC,7051472,7478640,144676,1.82,40120,608932,199364,2.51,205852,496220,32
cloud-k3s-master1,1,2026-06-06 09:03:44 UTC,7051472,7478640,144676,1.82,40120,608932,199364,2.51,205852,496220,32
cloud-k3s-master1,1,2026-06-06 09:03:45 UTC,7051472,7478640,144664,1.82,40120,608944,199364,2.51,205852,496220,0
cloud-k3s-master1,1,2026-06-06 09:03:46 UTC,7051472,7478640,144656,1.82,40120,608952,199364,2.51,205852,496220,12
cloud-k3s-master1,1,2026-06-06 09:03:47 UTC,7051472,7478640,144644,1.82,40128,608956,199364,2.51,205852,496220,204
cloud-k3s-master1,1,2026-06-06 09:03:48 UTC,7051472,7478640,144636,1.82,40128,608964,199364,2.51,205852,496220,212
cloud-k3s-master1,1,2026-06-06 09:03:49 UTC,7051472,7478640,144628,1.82,40128,608972,199364,2.51,205852,496220,64
cloud-k3s-master1,1,2026-06-06 09:03:50 UTC,7051472,7478640,144628,1.82,40128,608972,199364,2.51,205852,496220,64
cloud-k3s-master1,1,2026-06-06 09:03:51 UTC,7051472,7478700,144612,1.82,40128,608984,199364,2.51,205852,496280,32
cloud-k3s-master1,1,2026-06-06 09:03:52 UTC,7051472,7478708,144604,1.82,40136,608984,199364,2.51,205852,496288,200
cloud-k3s-master1,1,2026-06-06 09:03:53 UTC,7051472,7478708,144588,1.82,40136,609000,199364,2.51,205852,496288,180
cloud-k3s-master1,1,2026-06-06 09:03:54 UTC,7051472,7478708,144588,1.82,40136,609000,199364,2.51,205852,496288,180
cloud-k3s-master1,1,2026-06-06 09:03:55 UTC,7051472,7478708,144576,1.82,40136,609012,199364,2.51,205852,496288,192
cloud-k3s-master1,1,2026-06-06 09:03:56 UTC,7051472,7478708,144568,1.82,40136,609020,199364,2.51,205852,496288,200
cloud-k3s-master1,1,2026-06-06 09:03:57 UTC,7051472,7478740,144556,1.82,40144,609024,199364,2.51,205852,496320,20
cloud-k3s-master1,1,2026-06-06 09:03:58 UTC,7051472,7478740,144548,1.82,40144,609032,199364,2.51,205852,496320,44
cloud-k3s-master1,1,2026-06-06 09:03:59 UTC,7051472,7478740,144540,1.82,40144,609040,199364,2.51,205852,496320,52
cloud-k3s-master1,1,2026-06-06 09:04:00 UTC,7051472,7478740,144536,1.82,40144,609044,199364,2.51,205852,496320,56
cloud-k3s-master1,1,2026-06-06 09:04:01 UTC,7051472,7478800,144528,1.82,40144,609052,199364,2.51,205852,496380,64
cloud-k3s-master1,1,2026-06-06 09:04:02 UTC,7051472,7478800,144528,1.82,40152,609044,199364,2.51,205852,496380,64
cloud-k3s-master1,1,2026-06-06 09:04:03 UTC,7051472,7478820,144508,1.82,40152,609064,199364,2.51,205852,496400,0
cloud-k3s-master1,1,2026-06-06 09:04:04 UTC,7051472,7478820,144500,1.82,40152,609072,199364,2.51,205852,496400,12
cloud-k3s-master1,1,2026-06-06 09:04:05 UTC,7051472,7478820,144492,1.82,40152,609080,199364,2.51,205852,496400,20
cloud-k3s-master1,1,2026-06-06 09:04:06 UTC,7051472,7478820,144488,1.82,40152,609084,199364,2.51,205852,496400,24
cloud-k3s-master1,1,2026-06-06 09:04:07 UTC,7051472,7478820,144480,1.82,40160,609084,199364,2.51,205852,496400,192
cloud-k3s-master1,1,2026-06-06 09:04:08 UTC,7051472,7478820,144464,1.82,40160,609100,199364,2.51,205852,496400,228
cloud-k3s-master1,1,2026-06-06 09:04:09 UTC,7051472,7478820,144460,1.82,40160,609104,199364,2.51,205852,496400,188
cloud-k3s-master1,1,2026-06-06 09:04:10 UTC,7051472,7478820,144452,1.82,40160,609112,199364,2.51,205852,496400,200
cloud-k3s-master1,1,2026-06-06 09:04:11 UTC,7051472,7478820,144444,1.82,40160,609120,199364,2.51,205852,496400,208
cloud-k3s-master1,1,2026-06-06 09:04:12 UTC,7051472,7478820,144444,1.82,40168,609112,199364,2.51,205852,496400,36
cloud-k3s-master1,1,2026-06-06 09:04:13 UTC,7051472,7478900,144420,1.82,40168,609132,199364,2.51,205852,496476,32
cloud-k3s-master1,1,2026-06-06 09:04:14 UTC,7051472,7478900,144412,1.82,40168,609140,199364,2.51,205852,496476,40
cloud-k3s-master1,1,2026-06-06 09:04:15 UTC,7051472,7478900,144404,1.82,40168,609148,199364,2.51,205852,496476,0
cloud-k3s-master1,1,2026-06-06 09:04:16 UTC,7051472,7478900,144400,1.82,40168,609152,199364,2.51,205852,496476,8
cloud-k3s-master1,1,2026-06-06 09:04:17 UTC,7051472,7478900,144392,1.82,40176,609152,199364,2.51,205852,496476,176
cloud-k3s-master1,1,2026-06-06 09:04:18 UTC,7051472,7478908,144376,1.82,40176,609168,199364,2.51,205852,496484,52
cloud-k3s-master1,1,2026-06-06 09:04:19 UTC,7051472,7478908,144372,1.82,40176,609172,199364,2.51,205852,496484,56
cloud-k3s-master1,1,2026-06-06 09:04:20 UTC,7051472,7478908,144364,1.82,40176,609180,199364,2.51,205852,496484,64
cloud-k3s-master1,1,2026-06-06 09:04:21 UTC,7051472,7478968,144356,1.82,40176,609188,199364,2.51,205852,496544,28
cloud-k3s-master1,1,2026-06-06 09:04:22 UTC,7051472,7478968,144344,1.82,40184,609192,199364,2.51,205852,496544,200
cloud-k3s-master1,1,2026-06-06 09:04:23 UTC,7051472,7478992,144336,1.82,40184,609200,199364,2.51,205852,496568,180
cloud-k3s-master1,1,2026-06-06 09:04:24 UTC,7051472,7478992,144328,1.82,40184,609208,199364,2.51,205852,496568,188
cloud-k3s-master1,1,2026-06-06 09:04:25 UTC,7051472,7478992,144324,1.82,40184,609212,199364,2.51,205852,496568,192
cloud-k3s-master1,1,2026-06-06 09:04:26 UTC,7051472,7478992,144316,1.82,40184,609220,199364,2.51,205852,496568,200
cloud-k3s-master1,1,2026-06-06 09:04:27 UTC,7051472,7479000,144296,1.82,40192,609228,199364,2.51,205852,496576,24
cloud-k3s-master1,1,2026-06-06 09:04:28 UTC,7051472,7479000,144292,1.82,40192,609232,199364,2.51,205852,496576,36
cloud-k3s-master1,1,2026-06-06 09:04:29 UTC,7051472,7479000,144284,1.82,40192,609240,199364,2.51,205852,496576,44
cloud-k3s-master1,1,2026-06-06 09:04:30 UTC,7051472,7479000,144276,1.82,40192,609248,199364,2.51,205852,496576,52
cloud-k3s-master1,1,2026-06-06 09:04:31 UTC,7051472,7479000,144272,1.82,40192,609252,199364,2.51,205852,496576,56
cloud-k3s-master1,1,2026-06-06 09:04:32 UTC,7051472,7479060,144252,1.82,40200,609264,199364,2.51,205852,496636,204
cloud-k3s-master1,1,2026-06-06 09:04:33 UTC,7051472,7479068,144244,1.82,40200,609272,199364,2.51,205852,496644,52
cloud-k3s-master1,1,2026-06-06 09:04:34 UTC,7051472,7479068,144240,1.82,40200,609276,199364,2.51,205852,496644,8
cloud-k3s-master1,1,2026-06-06 09:04:35 UTC,7051472,7479068,144232,1.82,40200,609284,199364,2.51,205852,496644,16
cloud-k3s-master1,1,2026-06-06 09:04:36 UTC,7051472,7479072,144220,1.82,40200,609292,199364,2.51,205852,496644,24
cloud-k3s-master1,1,2026-06-06 09:04:37 UTC,7051472,7479072,144212,1.82,40208,609292,199364,2.51,205852,496644,32
cloud-k3s-master1,1,2026-06-06 09:04:38 UTC,7051472,7479072,144200,1.82,40208,609304,199364,2.51,205852,496644,228
cloud-k3s-master1,1,2026-06-06 09:04:39 UTC,7051472,7479112,144192,1.82,40208,609312,199364,2.51,205852,496684,192
cloud-k3s-master1,1,2026-06-06 09:04:40 UTC,7051472,7479112,144184,1.82,40208,609320,199364,2.51,205852,496684,204
cloud-k3s-master1,1,2026-06-06 09:04:41 UTC,7051472,7479112,144180,1.82,40208,609324,199364,2.51,205852,496684,208
cloud-k3s-master1,1,2026-06-06 09:04:42 UTC,7051472,7479112,144172,1.82,40216,609324,199364,2.51,205852,496684,216
cloud-k3s-master1,1,2026-06-06 09:04:43 UTC,7051472,7479168,144156,1.82,40216,609340,199364,2.51,205852,496740,32
cloud-k3s-master1,1,2026-06-06 09:04:44 UTC,7051472,7479168,144152,1.82,40216,609344,199364,2.51,205852,496740,36
cloud-k3s-master1,1,2026-06-06 09:04:45 UTC,7051472,7479168,144144,1.82,40216,609352,199364,2.51,205852,496740,0
cloud-k3s-master1,1,2026-06-06 09:04:46 UTC,7051472,7479168,144136,1.82,40216,609360,199364,2.51,205852,496740,12
cloud-k3s-master1,1,2026-06-06 09:04:47 UTC,7051472,7479168,144132,1.82,40224,609356,199364,2.51,205852,496740,180
cloud-k3s-master1,1,2026-06-06 09:04:48 UTC,7051472,7479168,144116,1.82,40224,609372,199364,2.51,205852,496740,216
cloud-k3s-master1,1,2026-06-06 09:04:49 UTC,7051472,7479168,144108,1.82,40224,609380,199364,2.51,205852,496740,224
cloud-k3s-master1,1,2026-06-06 09:04:50 UTC,7051472,7479168,144104,1.82,40224,609384,199364,2.51,205852,496740,228
cloud-k3s-master1,1,2026-06-06 09:04:51 UTC,7051472,7479168,144096,1.82,40224,609392,199364,2.51,205852,496740,192
cloud-k3s-master1,1,2026-06-06 09:04:52 UTC,7051472,7479228,144088,1.82,40232,609392,199364,2.51,205852,496800,32
cloud-k3s-master1,1,2026-06-06 09:04:53 UTC,7051472,7479244,144076,1.82,40232,609404,199364,2.51,205852,496816,16
cloud-k3s-master1,1,2026-06-06 09:04:54 UTC,7051472,7479244,144068,1.82,40232,609412,199364,2.51,205852,496816,24
cloud-k3s-master1,1,2026-06-06 09:04:55 UTC,7051472,7479244,144060,1.82,40232,609420,199364,2.51,205852,496816,32
cloud-k3s-master1,1,2026-06-06 09:04:56 UTC,7051472,7479244,144052,1.82,40232,609428,199364,2.51,205852,496816,40
cloud-k3s-master1,1,2026-06-06 09:04:57 UTC,7051472,7479244,144048,1.82,40240,609424,199364,2.51,205852,496816,208
cloud-k3s-master1,1,2026-06-06 09:04:58 UTC,7051472,7479244,144040,1.82,40240,609432,199364,2.51,205852,496816,48
cloud-k3s-master1,1,2026-06-06 09:04:59 UTC,7051472,7479244,144020,1.82,40240,609448,199364,2.51,205852,496816,48
cloud-k3s-master1,1,2026-06-06 09:05:00 UTC,7051472,7479244,144016,1.82,40240,609452,199364,2.51,205852,496816,52
cloud-k3s-master1,1,2026-06-06 09:05:01 UTC,7050468,7478240,145020,1.83,40240,609452,199364,2.51,205852,496816,224
cloud-k3s-master1,1,2026-06-06 09:05:02 UTC,7050468,7478316,144996,1.83,40248,609468,199364,2.51,205852,496892,292
cloud-k3s-master1,1,2026-06-06 09:05:03 UTC,7050468,7478316,144992,1.83,40248,609472,199364,2.51,205852,496892,296
cloud-k3s-master1,1,2026-06-06 09:05:04 UTC,7050468,7478316,144984,1.83,40248,609480,199364,2.51,205852,496892,264
cloud-k3s-master1,1,2026-06-06 09:05:05 UTC,7050468,7478316,144976,1.83,40248,609488,199364,2.51,205852,496892,272
cloud-k3s-master1,1,2026-06-06 09:05:06 UTC,7050468,7478316,144972,1.83,40248,609492,199364,2.51,205852,496892,24
cloud-k3s-master1,1,2026-06-06 09:05:07 UTC,7050468,7478316,144956,1.83,40256,609500,199364,2.51,205852,496892,224
cloud-k3s-master1,1,2026-06-06 09:05:08 UTC,7050468,7478316,144948,1.83,40256,609508,199364,2.51,205852,496892,232
cloud-k3s-master1,1,2026-06-06 09:05:09 UTC,7050468,7478316,144944,1.83,40256,609512,199364,2.51,205852,496892,192
cloud-k3s-master1,1,2026-06-06 09:05:10 UTC,7050468,7478376,144936,1.83,40256,609520,199364,2.51,205852,496952,204
cloud-k3s-master1,1,2026-06-06 09:05:11 UTC,7050468,7478376,144928,1.83,40256,609528,199364,2.51,205852,496952,212
cloud-k3s-master1,1,2026-06-06 09:05:12 UTC,7050468,7478392,144916,1.83,40264,609532,199364,2.51,205852,496968,28
cloud-k3s-master1,1,2026-06-06 09:05:13 UTC,7050468,7478392,144908,1.83,40264,609540,199364,2.51,205852,496968,36
cloud-k3s-master1,1,2026-06-06 09:05:14 UTC,7050468,7478392,144900,1.83,40264,609548,199364,2.51,205852,496968,40
cloud-k3s-master1,1,2026-06-06 09:05:15 UTC,7050468,7478392,144896,1.83,40264,609552,199364,2.51,205852,496968,0
cloud-k3s-master1,1,2026-06-06 09:05:16 UTC,7050468,7478392,144888,1.83,40264,609560,199364,2.51,205852,496968,12
cloud-k3s-master1,1,2026-06-06 09:05:17 UTC,7050468,7478392,144872,1.83,40272,609568,199364,2.51,205852,496968,208
cloud-k3s-master1,1,2026-06-06 09:05:18 UTC,7050468,7478392,144864,1.83,40272,609576,199364,2.51,205852,496968,216
cloud-k3s-master1,1,2026-06-06 09:05:19 UTC,7050468,7478452,144860,1.83,40272,609580,199364,2.51,205852,497028,60
cloud-k3s-master1,1,2026-06-06 09:05:20 UTC,7050468,7478452,144852,1.83,40272,609588,199364,2.51,205852,497028,68
cloud-k3s-master1,1,2026-06-06 09:05:21 UTC,7050468,7478472,144840,1.83,40272,609596,199364,2.51,205852,497044,28
cloud-k3s-master1,1,2026-06-06 09:05:22 UTC,7050468,7478472,144836,1.83,40280,609592,199364,2.51,205852,497044,36
cloud-k3s-master1,1,2026-06-06 09:05:23 UTC,7050468,7478488,144820,1.83,40280,609608,199364,2.51,205852,497060,176
cloud-k3s-master1,1,2026-06-06 09:05:24 UTC,7050468,7478488,144812,1.83,40280,609616,199364,2.51,205852,497060,184
cloud-k3s-master1,1,2026-06-06 09:05:25 UTC,7050468,7478488,144808,1.83,40280,609620,199364,2.51,205852,497060,188
cloud-k3s-master1,1,2026-06-06 09:05:26 UTC,7050468,7478488,144800,1.83,40280,609628,199364,2.51,205852,497060,196
cloud-k3s-master1,1,2026-06-06 09:05:27 UTC,7050468,7478488,144784,1.83,40288,609636,199364,2.51,205852,497060,200
cloud-k3s-master1,1,2026-06-06 09:05:28 UTC,7050468,7478488,144780,1.83,40288,609640,199364,2.51,205852,497060,32
cloud-k3s-master1,1,2026-06-06 09:05:29 UTC,7050468,7478488,144772,1.83,40288,609648,199364,2.51,205852,497060,40
cloud-k3s-master1,1,2026-06-06 09:05:30 UTC,7050468,7478488,144772,1.83,40288,609648,199364,2.51,205852,497060,40
cloud-k3s-master1,1,2026-06-06 09:05:31 UTC,7050468,7478548,144760,1.83,40288,609660,199364,2.51,205852,497120,52
cloud-k3s-master1,1,2026-06-06 09:05:32 UTC,7050468,7478548,144752,1.83,40296,609660,199364,2.51,205852,497120,60
cloud-k3s-master1,1,2026-06-06 09:05:33 UTC,7050468,7478568,144736,1.82,40296,609676,199364,2.51,205852,497140,160
cloud-k3s-master1,1,2026-06-06 09:05:34 UTC,7050468,7478568,144732,1.82,40296,609680,199364,2.51,205852,497140,168
cloud-k3s-master1,1,2026-06-06 09:05:35 UTC,7050468,7478568,144724,1.82,40296,609688,199364,2.51,205852,497140,176
cloud-k3s-master1,1,2026-06-06 09:05:36 UTC,7050468,7478568,144724,1.82,40296,609688,199364,2.51,205852,497140,176
cloud-k3s-master1,1,2026-06-06 09:05:37 UTC,7050468,7478592,144712,1.82,40304,609692,199364,2.51,205852,497164,28
cloud-k3s-master1,1,2026-06-06 09:05:38 UTC,7050468,7478592,144696,1.82,40304,609708,199364,2.51,205852,497164,64
cloud-k3s-master1,1,2026-06-06 09:05:39 UTC,7050468,7478592,144688,1.82,40304,609716,199364,2.51,205852,497164,28
cloud-k3s-master1,1,2026-06-06 09:05:40 UTC,7050468,7478592,144680,1.82,40304,609724,199364,2.51,205852,497164,40
cloud-k3s-master1,1,2026-06-06 09:05:41 UTC,7050468,7478592,144676,1.82,40304,609728,199364,2.51,205852,497164,44
cloud-k3s-master1,1,2026-06-06 09:05:42 UTC,7050468,7478592,144676,1.82,40312,609720,199364,2.51,205852,497164,44
cloud-k3s-master1,1,2026-06-06 09:05:43 UTC,7050468,7478624,144648,1.82,40312,609744,199364,2.51,205852,497196,32
cloud-k3s-master1,1,2026-06-06 09:05:44 UTC,7050468,7478624,144644,1.82,40312,609748,199364,2.51,205852,497196,36
cloud-k3s-master1,1,2026-06-06 09:05:45 UTC,7050468,7478624,144644,1.82,40312,609748,199364,2.51,205852,497196,36
cloud-k3s-master1,1,2026-06-06 09:05:46 UTC,7050468,7478680,144628,1.82,40312,609764,199364,2.51,205852,497252,12
cloud-k3s-master1,1,2026-06-06 09:05:47 UTC,7050468,7478680,144624,1.82,40320,609760,199364,2.51,205852,497252,16
cloud-k3s-master1,1,2026-06-06 09:05:48 UTC,7050468,7478680,144608,1.82,40320,609776,199364,2.51,205852,497252,216
cloud-k3s-master1,1,2026-06-06 09:05:49 UTC,7050468,7478680,144600,1.82,40320,609784,199364,2.51,205852,497252,224
cloud-k3s-master1,1,2026-06-06 09:05:50 UTC,7050468,7478680,144596,1.82,40320,609788,199364,2.51,205852,497252,228
cloud-k3s-master1,1,2026-06-06 09:05:51 UTC,7050468,7478680,144588,1.82,40320,609796,199364,2.51,205852,497252,192
cloud-k3s-master1,1,2026-06-06 09:05:52 UTC,7050468,7478728,144580,1.82,40328,609796,199364,2.51,205852,497300,44
cloud-k3s-master1,1,2026-06-06 09:05:53 UTC,7050468,7478744,144568,1.82,40328,609808,199364,2.51,205852,497316,16
cloud-k3s-master1,1,2026-06-06 09:05:54 UTC,7050468,7478744,144560,1.82,40328,609816,199364,2.51,205852,497316,24
cloud-k3s-master1,1,2026-06-06 09:05:55 UTC,7050468,7478744,144552,1.82,40328,609824,199364,2.51,205852,497316,32
cloud-k3s-master1,1,2026-06-06 09:05:56 UTC,7050468,7478744,144548,1.82,40328,609828,199364,2.51,205852,497316,36
cloud-k3s-master1,1,2026-06-06 09:05:57 UTC,7050468,7478744,144532,1.82,40336,609836,199364,2.51,205852,497316,24
cloud-k3s-master1,1,2026-06-06 09:05:58 UTC,7050468,7478752,144532,1.82,40336,609836,199364,2.51,205852,497324,36
cloud-k3s-master1,1,2026-06-06 09:05:59 UTC,7050468,7478752,144516,1.82,40336,609852,199364,2.51,205852,497324,48
cloud-k3s-master1,1,2026-06-06 09:06:00 UTC,7050468,7478752,144512,1.82,40336,609856,199364,2.51,205852,497324,52
cloud-k3s-master1,1,2026-06-06 09:06:01 UTC,7050468,7478812,144504,1.82,40336,609864,199364,2.51,205852,497384,60
cloud-k3s-master1,1,2026-06-06 09:06:02 UTC,7050468,7478812,144496,1.82,40344,609864,199364,2.51,205852,497384,68
cloud-k3s-master1,1,2026-06-06 09:06:03 UTC,7050468,7478820,144484,1.82,40344,609876,199364,2.51,205852,497392,160
cloud-k3s-master1,1,2026-06-06 09:06:04 UTC,7050468,7478820,144476,1.82,40344,609884,199364,2.51,205852,497392,172
cloud-k3s-master1,1,2026-06-06 09:06:05 UTC,7050468,7478820,144468,1.82,40344,609892,199364,2.51,205852,497392,180
cloud-k3s-master1,1,2026-06-06 09:06:06 UTC,7050468,7478820,144464,1.82,40344,609896,199364,2.51,205852,497392,184
cloud-k3s-master1,1,2026-06-06 09:06:07 UTC,7050468,7478824,144452,1.82,40352,609896,199364,2.51,205852,497392,192
cloud-k3s-master1,1,2026-06-06 09:06:08 UTC,7050468,7478832,144436,1.82,40352,609912,199364,2.51,205852,497400,68
cloud-k3s-master1,1,2026-06-06 09:06:09 UTC,7050468,7478832,144432,1.82,40352,609916,199364,2.51,205852,497400,28
cloud-k3s-master1,1,2026-06-06 09:06:10 UTC,7050468,7478892,144424,1.82,40352,609924,199364,2.51,205852,497460,40
cloud-k3s-master1,1,2026-06-06 09:06:11 UTC,7050468,7478892,144424,1.82,40352,609924,199364,2.51,205852,497460,40
cloud-k3s-master1,1,2026-06-06 09:06:12 UTC,7050468,7478900,144404,1.82,40360,609936,199364,2.51,205852,497468,188
cloud-k3s-master1,1,2026-06-06 09:06:13 UTC,7050468,7478900,144396,1.82,40360,609944,199364,2.51,205852,497468,196
cloud-k3s-master1,1,2026-06-06 09:06:14 UTC,7050468,7478900,144388,1.82,40360,609952,199364,2.51,205852,497468,200
cloud-k3s-master1,1,2026-06-06 09:06:15 UTC,7050468,7478932,144384,1.82,40360,609956,199364,2.51,205852,497500,160
cloud-k3s-master1,1,2026-06-06 09:06:16 UTC,7050468,7478932,144376,1.82,40360,609964,199364,2.51,205852,497500,172
cloud-k3s-master1,1,2026-06-06 09:06:17 UTC,7050468,7478932,144376,1.82,40368,609956,199364,2.51,205852,497500,0
cloud-k3s-master1,1,2026-06-06 09:06:18 UTC,7050468,7478932,144356,1.82,40368,609976,199364,2.51,205852,497500,60
cloud-k3s-master1,1,2026-06-06 09:06:19 UTC,7050468,7478932,144348,1.82,40368,609984,199364,2.51,205852,497500,68
cloud-k3s-master1,1,2026-06-06 09:06:20 UTC,7050468,7478932,144340,1.82,40368,609992,199364,2.51,205852,497500,76
cloud-k3s-master1,1,2026-06-06 09:06:21 UTC,7050468,7478932,144332,1.82,40368,610000,199364,2.51,205852,497500,36
cloud-k3s-master1,1,2026-06-06 09:06:22 UTC,7050468,7478932,144332,1.82,40368,610000,199364,2.51,205852,497500,32
cloud-k3s-master1,1,2026-06-06 09:06:23 UTC,7050468,7478940,144312,1.82,40376,610012,199364,2.51,205852,497508,16
cloud-k3s-master1,1,2026-06-06 09:06:24 UTC,7050468,7479000,144304,1.82,40376,610020,199364,2.51,205852,497568,24
cloud-k3s-master1,1,2026-06-06 09:06:25 UTC,7050468,7479000,144304,1.82,40376,610020,199364,2.51,205852,497568,24
cloud-k3s-master1,1,2026-06-06 09:06:26 UTC,7050468,7479000,144292,1.82,40376,610032,199364,2.51,205852,497568,36
cloud-k3s-master1,1,2026-06-06 09:06:27 UTC,7050468,7479000,144284,1.82,40376,610040,199364,2.51,205852,497568,44
cloud-k3s-master1,1,2026-06-06 09:06:28 UTC,7050468,7479000,144272,1.82,40384,610044,199364,2.51,205852,497568,200
cloud-k3s-master1,1,2026-06-06 09:06:29 UTC,7050468,7479000,144260,1.82,40384,610052,199364,2.51,205852,497568,208
cloud-k3s-master1,1,2026-06-06 09:06:30 UTC,7050468,7479000,144252,1.82,40384,610060,199364,2.51,205852,497568,216
cloud-k3s-master1,1,2026-06-06 09:06:31 UTC,7050468,7479000,144248,1.82,40384,610064,199364,2.51,205852,497568,220
cloud-k3s-master1,1,2026-06-06 09:06:32 UTC,7050468,7479000,144240,1.82,40384,610072,199364,2.51,205852,497568,240
cloud-k3s-master1,1,2026-06-06 09:06:33 UTC,7050468,7479060,144232,1.82,40384,610080,199364,2.51,205852,497628,76
cloud-k3s-master1,1,2026-06-06 09:06:34 UTC,7050468,7479076,144220,1.82,40392,610084,199364,2.51,205852,497644,36
cloud-k3s-master1,1,2026-06-06 09:06:35 UTC,7050468,7479076,144212,1.82,40392,610092,199364,2.51,205852,497644,44
cloud-k3s-master1,1,2026-06-06 09:06:36 UTC,7050468,7479076,144204,1.82,40392,610100,199364,2.51,205852,497644,52
cloud-k3s-master1,1,2026-06-06 09:06:37 UTC,7050468,7479076,144200,1.82,40392,610104,199364,2.51,205852,497644,220
cloud-k3s-master1,1,2026-06-06 09:06:38 UTC,7050468,7479076,144192,1.82,40392,610112,199364,2.51,205852,497644,228
cloud-k3s-master1,1,2026-06-06 09:06:39 UTC,7050468,7479084,144184,1.82,40392,610120,199364,2.51,205852,497652,164
cloud-k3s-master1,1,2026-06-06 09:06:40 UTC,7050468,7479084,144184,1.82,40400,610112,199364,2.51,205852,497652,164
cloud-k3s-master1,1,2026-06-06 09:06:41 UTC,7050468,7479088,144160,1.82,40400,610132,199364,2.51,205852,497652,208
cloud-k3s-master1,1,2026-06-06 09:06:42 UTC,7050468,7479152,144152,1.82,40400,610140,199364,2.51,205852,497716,52
cloud-k3s-master1,1,2026-06-06 09:06:43 UTC,7050468,7479152,144144,1.82,40400,610148,199364,2.51,205852,497716,60
cloud-k3s-master1,1,2026-06-06 09:06:44 UTC,7050468,7479160,144140,1.82,40400,610152,199364,2.51,205852,497724,64
cloud-k3s-master1,1,2026-06-06 09:06:45 UTC,7050468,7479160,144140,1.82,40400,610152,199364,2.51,205852,497724,64
cloud-k3s-master1,1,2026-06-06 09:06:46 UTC,7050468,7479160,144132,1.82,40408,610152,199364,2.51,205852,497724,88
cloud-k3s-master1,1,2026-06-06 09:06:47 UTC,7050468,7479180,144112,1.82,40408,610172,199364,2.51,205852,497744,208
cloud-k3s-master1,1,2026-06-06 09:06:48 UTC,7050468,7479180,144104,1.82,40408,610180,199364,2.51,205852,497744,52
cloud-k3s-master1,1,2026-06-06 09:06:49 UTC,7050468,7479180,144096,1.82,40408,610188,199364,2.51,205852,497744,60
cloud-k3s-master1,1,2026-06-06 09:06:50 UTC,7050468,7479180,144096,1.82,40408,610188,199364,2.51,205852,497744,60
cloud-k3s-master1,1,2026-06-06 09:06:51 UTC,7049712,7478480,144832,1.83,40416,610200,202340,2.55,207136,497800,48
cloud-k3s-master1,1,2026-06-06 09:06:52 UTC,7049712,7478480,144816,1.83,40416,610208,202812,2.56,207536,497800,272
cloud-k3s-master1,1,2026-06-06 09:06:53 UTC,7049712,7478480,144812,1.83,40416,610212,202812,2.56,207536,497800,268
cloud-k3s-master1,1,2026-06-06 09:06:54 UTC,7049712,7478480,144804,1.83,40416,610220,202812,2.56,207536,497800,288
cloud-k3s-master1,1,2026-06-06 09:06:55 UTC,7049712,7478480,144796,1.83,40416,610228,202812,2.56,207536,497800,300
cloud-k3s-master1,1,2026-06-06 09:06:56 UTC,7054828,7483596,139676,1.76,40424,610224,199364,2.51,205844,497800,316
cloud-k3s-master1,1,2026-06-06 09:06:57 UTC,7054828,7483604,139660,1.76,40424,610240,199364,2.51,205844,497808,44
cloud-k3s-master1,1,2026-06-06 09:06:58 UTC,7054828,7483604,139652,1.76,40424,610248,199364,2.51,205844,497808,56
cloud-k3s-master1,1,2026-06-06 09:06:59 UTC,7054828,7483656,139648,1.76,40424,610252,199364,2.51,205852,497860,60
cloud-k3s-master1,1,2026-06-06 09:07:00 UTC,7054828,7483656,139648,1.76,40424,610252,199364,2.51,205852,497860,60
cloud-k3s-master1,1,2026-06-06 09:07:01 UTC,7054828,7483656,139632,1.76,40424,610268,199364,2.51,205852,497860,32
cloud-k3s-master1,1,2026-06-06 09:07:02 UTC,7054828,7483656,139624,1.76,40432,610268,199364,2.51,205852,497860,204
cloud-k3s-master1,1,2026-06-06 09:07:03 UTC,7054828,7483692,139612,1.76,40432,610280,199364,2.51,205852,497896,32
cloud-k3s-master1,1,2026-06-06 09:07:04 UTC,7054828,7483692,139604,1.76,40432,610288,199364,2.51,205852,497896,44
cloud-k3s-master1,1,2026-06-06 09:07:05 UTC,7054828,7483692,139596,1.76,40432,610296,199364,2.51,205852,497896,52
cloud-k3s-master1,1,2026-06-06 09:07:06 UTC,7054828,7483692,139592,1.76,40432,610300,199364,2.51,205852,497896,56
cloud-k3s-master1,1,2026-06-06 09:07:07 UTC,7054828,7483692,139592,1.76,40440,610292,199364,2.51,205852,497896,56
cloud-k3s-master1,1,2026-06-06 09:07:08 UTC,7054828,7483720,139568,1.76,40440,610316,199364,2.51,205852,497924,228
cloud-k3s-master1,1,2026-06-06 09:07:09 UTC,7054828,7483728,139564,1.76,40440,610320,199364,2.51,205852,497932,188
cloud-k3s-master1,1,2026-06-06 09:07:10 UTC,7054828,7483728,139556,1.76,40440,610328,199364,2.51,205852,497932,200
cloud-k3s-master1,1,2026-06-06 09:07:11 UTC,7054828,7483728,139548,1.76,40440,610336,199364,2.51,205852,497932,208
cloud-k3s-master1,1,2026-06-06 09:07:12 UTC,7054828,7483728,139544,1.76,40448,610332,199364,2.51,205852,497932,224
