# hostname,interval,timestamp,kbmemfree,kbavail,kbmemused,%memused,kbbuffers,kbcached,kbcommit,%commit,kbactive,kbinact,kbdirty
cloud-k3s-pool-workers-worker6,1,2026-06-06 08:07:13 UTC,15019056,15408608,219408,1.37,46000,596220,240480,1.50,213516,488560,740
cloud-k3s-pool-workers-worker6,1,2026-06-06 08:07:14 UTC,15020840,15410392,217612,1.36,46000,596232,240480,1.50,213516,488560,752
cloud-k3s-pool-workers-worker6,1,2026-06-06 08:07:15 UTC,15020840,15410392,217600,1.36,46000,596244,240480,1.50,213516,488560,764
cloud-k3s-pool-workers-worker6,1,2026-06-06 08:07:16 UTC,15022536,15412132,215896,1.35,46000,596252,240480,1.50,213536,488604,712
cloud-k3s-pool-workers-worker6,1,2026-06-06 08:07:17 UTC,15023768,15413364,214636,1.34,46012,596268,240480,1.50,213536,488604,300
cloud-k3s-pool-workers-worker6,1,2026-06-06 08:07:18 UTC,15024916,15414532,213480,1.34,46012,596276,240480,1.50,213536,488624,80
cloud-k3s-pool-workers-worker6,1,2026-06-06 08:07:19 UTC,15025168,15414784,213216,1.33,46012,596288,240480,1.50,213536,488624,92
cloud-k3s-pool-workers-worker6,1,2026-06-06 08:07:20 UTC,15025168,15414784,213208,1.33,46012,596296,240480,1.50,213536,488624,100
cloud-k3s-pool-workers-worker6,1,2026-06-06 08:07:21 UTC,15027712,15417328,210652,1.32,46012,596308,240480,1.50,213536,488624,112
cloud-k3s-pool-workers-worker6,1,2026-06-06 08:07:22 UTC,15029952,15419568,208396,1.30,46020,596316,240480,1.50,213536,488624,88
cloud-k3s-pool-workers-worker6,1,2026-06-06 08:07:23 UTC,15031912,15421532,206420,1.29,46020,596328,240480,1.50,213536,488624,228
cloud-k3s-pool-workers-worker6,1,2026-06-06 08:07:24 UTC,15033628,15423308,204696,1.28,46020,596336,240480,1.50,213536,488684,236
cloud-k3s-pool-workers-worker6,1,2026-06-06 08:07:25 UTC,15035132,15424812,203180,1.27,46020,596348,240480,1.50,213536,488684,248
cloud-k3s-pool-workers-worker6,1,2026-06-06 08:07:26 UTC,15035132,15424812,203168,1.27,46020,596360,240480,1.50,213536,488684,260
cloud-k3s-pool-workers-worker6,1,2026-06-06 08:07:27 UTC,15038336,15428016,199948,1.25,46028,596368,240480,1.50,213536,488684,232
cloud-k3s-pool-workers-worker6,1,2026-06-06 08:07:28 UTC,15038588,15428280,199684,1.25,46028,596380,240480,1.50,213572,488696,116
cloud-k3s-pool-workers-worker6,1,2026-06-06 08:07:29 UTC,15038588,15428280,199676,1.25,46028,596388,240480,1.50,213572,488696,124
cloud-k3s-pool-workers-worker6,1,2026-06-06 08:07:30 UTC,15038588,15428340,199664,1.25,46028,596400,240480,1.50,213572,488756,136
cloud-k3s-pool-workers-worker6,1,2026-06-06 08:07:31 UTC,15039368,15429120,198876,1.24,46028,596408,240480,1.50,213572,488756,144
cloud-k3s-pool-workers-worker6,1,2026-06-06 08:07:32 UTC,15041276,15431028,196948,1.23,46036,596420,240480,1.50,213572,488756,168
cloud-k3s-pool-workers-worker6,1,2026-06-06 08:07:33 UTC,15041528,15431280,196688,1.23,46036,596428,240480,1.50,213572,488756,176
cloud-k3s-pool-workers-worker6,1,2026-06-06 08:07:34 UTC,15041528,15431280,196676,1.23,46036,596440,240480,1.50,213572,488756,192
cloud-k3s-pool-workers-worker6,1,2026-06-06 08:07:35 UTC,15043160,15432912,195020,1.22,46052,596448,240480,1.50,213580,488756,208
cloud-k3s-pool-workers-worker6,1,2026-06-06 08:07:36 UTC,15043412,15433224,194756,1.22,46052,596460,240480,1.50,213580,488816,220
cloud-k3s-pool-workers-worker6,1,2026-06-06 08:07:37 UTC,15044796,15434656,193356,1.21,46060,596468,240480,1.50,213592,488864,228
cloud-k3s-pool-workers-worker6,1,2026-06-06 08:07:38 UTC,15044796,15434680,193344,1.21,46060,596480,240480,1.50,213592,488888,340
cloud-k3s-pool-workers-worker6,1,2026-06-06 08:07:39 UTC,15044796,15434680,193328,1.21,46060,596492,240480,1.50,213592,488888,352
cloud-k3s-pool-workers-worker6,1,2026-06-06 08:07:40 UTC,15044796,15434680,193320,1.21,46060,596500,240480,1.50,213592,488888,236
cloud-k3s-pool-workers-worker6,1,2026-06-06 08:07:41 UTC,15044796,15434680,193308,1.21,46060,596512,240480,1.50,213592,488888,248
cloud-k3s-pool-workers-worker6,1,2026-06-06 08:07:42 UTC,15044796,15434680,193300,1.21,46060,596520,240480,1.50,213592,488888,256
cloud-k3s-pool-workers-worker6,1,2026-06-06 08:07:43 UTC,15045996,15435880,192080,1.20,46068,596532,240480,1.50,213592,488888,412
cloud-k3s-pool-workers-worker6,1,2026-06-06 08:07:44 UTC,15045996,15435940,192072,1.20,46068,596540,240480,1.50,213592,488948,420
cloud-k3s-pool-workers-worker6,1,2026-06-06 08:07:45 UTC,15046704,15436648,191352,1.20,46068,596552,240480,1.50,213592,488948,432
cloud-k3s-pool-workers-worker6,1,2026-06-06 08:07:46 UTC,15046952,15436896,191096,1.20,46068,596560,240480,1.50,213592,488948,440
cloud-k3s-pool-workers-worker6,1,2026-06-06 08:07:47 UTC,15046952,15436896,191084,1.20,46068,596572,240480,1.50,213592,488948,452
cloud-k3s-pool-workers-worker6,1,2026-06-06 08:07:48 UTC,15046948,15436932,191072,1.20,46076,596580,240480,1.50,213640,488988,0
cloud-k3s-pool-workers-worker6,1,2026-06-06 08:07:49 UTC,15046696,15436680,191312,1.20,46076,596592,240480,1.50,213640,488988,16
cloud-k3s-pool-workers-worker6,1,2026-06-06 08:07:50 UTC,15046944,15436928,191052,1.20,46076,596604,240480,1.50,213640,488988,28
cloud-k3s-pool-workers-worker6,1,2026-06-06 08:07:51 UTC,15046944,15436928,191044,1.20,46076,596612,240480,1.50,213640,488988,36
cloud-k3s-pool-workers-worker6,1,2026-06-06 08:07:52 UTC,15046940,15436924,191036,1.20,46076,596624,240480,1.50,213640,488988,48
cloud-k3s-pool-workers-worker6,1,2026-06-06 08:07:53 UTC,15046688,15436672,191280,1.20,46076,596632,240480,1.50,213640,488988,0
cloud-k3s-pool-workers-worker6,1,2026-06-06 08:07:54 UTC,15046936,15436984,191008,1.20,46084,596644,240480,1.50,213640,489048,96
cloud-k3s-pool-workers-worker6,1,2026-06-06 08:07:55 UTC,15046936,15436984,191000,1.20,46084,596652,240480,1.50,213640,489048,104
cloud-k3s-pool-workers-worker6,1,2026-06-06 08:07:56 UTC,15046936,15436984,190988,1.19,46084,596664,240480,1.50,213640,489048,116
cloud-k3s-pool-workers-worker6,1,2026-06-06 08:07:57 UTC,15046936,15436984,190980,1.19,46084,596672,240480,1.50,213640,489048,124
cloud-k3s-pool-workers-worker6,1,2026-06-06 08:07:58 UTC,15046936,15436984,190968,1.19,46084,596684,240480,1.50,213640,489048,260
cloud-k3s-pool-workers-worker6,1,2026-06-06 08:07:59 UTC,15046936,15436984,190960,1.19,46084,596692,240480,1.50,213640,489048,268
cloud-k3s-pool-workers-worker6,1,2026-06-06 08:08:00 UTC,15046936,15437044,190940,1.19,46092,596704,240480,1.50,213640,489108,272
cloud-k3s-pool-workers-worker6,1,2026-06-06 08:08:01 UTC,15046936,15437044,190932,1.19,46092,596712,240480,1.50,213640,489108,280
cloud-k3s-pool-workers-worker6,1,2026-06-06 08:08:02 UTC,15046936,15437044,190920,1.19,46092,596724,240480,1.50,213640,489108,292
cloud-k3s-pool-workers-worker6,1,2026-06-06 08:08:03 UTC,15046936,15437044,190908,1.19,46092,596736,240480,1.50,213640,489108,304
cloud-k3s-pool-workers-worker6,1,2026-06-06 08:08:04 UTC,15046936,15437044,190900,1.19,46092,596744,240480,1.50,213640,489108,188
cloud-k3s-pool-workers-worker6,1,2026-06-06 08:08:05 UTC,15046936,15437044,190888,1.19,46092,596756,240480,1.50,213640,489108,200
cloud-k3s-pool-workers-worker6,1,2026-06-06 08:08:06 UTC,15046936,15437104,190872,1.19,46100,596764,240480,1.50,213640,489168,212
cloud-k3s-pool-workers-worker6,1,2026-06-06 08:08:07 UTC,15046936,15437104,190860,1.19,46100,596776,240480,1.50,213640,489168,224
cloud-k3s-pool-workers-worker6,1,2026-06-06 08:08:08 UTC,15046936,15437104,190852,1.19,46100,596784,240480,1.50,213640,489168,356
cloud-k3s-pool-workers-worker6,1,2026-06-06 08:08:09 UTC,15046936,15437104,190836,1.19,46100,596796,240480,1.50,213640,489168,368
cloud-k3s-pool-workers-worker6,1,2026-06-06 08:08:10 UTC,15046936,15437104,190828,1.19,46100,596804,240480,1.50,213640,489168,376
cloud-k3s-pool-workers-worker6,1,2026-06-06 08:08:11 UTC,15046936,15437104,190816,1.19,46100,596816,240480,1.50,213640,489168,388
cloud-k3s-pool-workers-worker6,1,2026-06-06 08:08:12 UTC,15046936,15437216,190800,1.19,46108,596824,237720,1.49,211124,489280,492
cloud-k3s-pool-workers-worker6,1,2026-06-06 08:08:13 UTC,15053728,15444008,183996,1.15,46108,596836,237720,1.49,211124,489280,276
cloud-k3s-pool-workers-worker6,1,2026-06-06 08:08:14 UTC,15053476,15443756,184236,1.15,46108,596848,237720,1.49,211124,489280,296
cloud-k3s-pool-workers-worker6,1,2026-06-06 08:08:15 UTC,15053476,15443756,184228,1.15,46108,596856,237720,1.49,211124,489280,304
cloud-k3s-pool-workers-worker6,1,2026-06-06 08:08:16 UTC,15053476,15443756,184216,1.15,46108,596868,237720,1.49,211124,489280,316
cloud-k3s-pool-workers-worker6,1,2026-06-06 08:08:17 UTC,15053476,15443756,184208,1.15,46116,596868,237720,1.49,211124,489280,456
cloud-k3s-pool-workers-worker6,1,2026-06-06 08:08:18 UTC,15053476,15443824,184188,1.15,46116,596888,237720,1.49,211124,489348,332
cloud-k3s-pool-workers-worker6,1,2026-06-06 08:08:19 UTC,15053476,15443824,184180,1.15,46116,596896,237720,1.49,211124,489348,20
cloud-k3s-pool-workers-worker6,1,2026-06-06 08:08:20 UTC,15053476,15443824,184168,1.15,46116,596908,237720,1.49,211124,489348,36
cloud-k3s-pool-workers-worker6,1,2026-06-06 08:08:21 UTC,15054524,15444872,183112,1.15,46116,596916,236360,1.48,210084,489348,44
cloud-k3s-pool-workers-worker6,1,2026-06-06 08:08:22 UTC,15054532,15444880,183092,1.15,46124,596920,236360,1.48,210008,489348,188
cloud-k3s-pool-workers-worker6,1,2026-06-06 08:08:23 UTC,15054532,15444880,183084,1.15,46124,596928,236360,1.48,210008,489348,196
cloud-k3s-pool-workers-worker6,1,2026-06-06 08:08:24 UTC,15054532,15444952,183060,1.15,46124,596948,236360,1.48,210008,489416,192
cloud-k3s-pool-workers-worker6,1,2026-06-06 08:08:25 UTC,15054532,15444952,183052,1.15,46124,596956,236360,1.48,210008,489416,200
cloud-k3s-pool-workers-worker6,1,2026-06-06 08:08:26 UTC,15054532,15444952,183040,1.15,46124,596968,236360,1.48,210008,489416,212
cloud-k3s-pool-workers-worker6,1,2026-06-06 08:08:27 UTC,15054264,15444684,183296,1.15,46132,596972,237720,1.49,211048,489416,236
cloud-k3s-pool-workers-worker6,1,2026-06-06 08:08:28 UTC,15054040,15444468,183512,1.15,46132,596988,239212,1.50,211348,489424,112
cloud-k3s-pool-workers-worker6,1,2026-06-06 08:08:29 UTC,15054040,15444528,183528,1.15,46132,597004,239812,1.50,211680,489484,308
cloud-k3s-pool-workers-worker6,1,2026-06-06 08:08:30 UTC,15054040,15444528,183520,1.15,46132,597012,239812,1.50,211680,489484,316
cloud-k3s-pool-workers-worker6,1,2026-06-06 08:08:31 UTC,15054820,15445308,182728,1.14,46132,597024,236360,1.48,210120,489484,356
cloud-k3s-pool-workers-worker6,1,2026-06-06 08:08:32 UTC,15054936,15445424,182608,1.14,46132,597032,236360,1.48,209988,489484,420
cloud-k3s-pool-workers-worker6,1,2026-06-06 08:08:33 UTC,15054936,15445424,182596,1.14,46140,597036,236360,1.48,209988,489484,152
cloud-k3s-pool-workers-worker6,1,2026-06-06 08:08:34 UTC,15054936,15445424,182580,1.14,46140,597052,236360,1.48,209988,489484,156
cloud-k3s-pool-workers-worker6,1,2026-06-06 08:08:35 UTC,15054936,15445484,182568,1.14,46140,597064,236360,1.48,209988,489544,168
cloud-k3s-pool-workers-worker6,1,2026-06-06 08:08:36 UTC,15054936,15445484,182560,1.14,46140,597072,236360,1.48,209988,489544,176
cloud-k3s-pool-workers-worker6,1,2026-06-06 08:08:37 UTC,15054936,15445484,182548,1.14,46140,597084,236360,1.48,209988,489544,324
cloud-k3s-pool-workers-worker6,1,2026-06-06 08:08:38 UTC,15054936,15445484,182528,1.14,46148,597096,236360,1.48,209988,489544,372
cloud-k3s-pool-workers-worker6,1,2026-06-06 08:08:39 UTC,15054936,15445484,182516,1.14,46148,597104,236360,1.48,209988,489544,380
cloud-k3s-pool-workers-worker6,1,2026-06-06 08:08:40 UTC,15054936,15445484,182504,1.14,46148,597116,236360,1.48,209988,489544,392
cloud-k3s-pool-workers-worker6,1,2026-06-06 08:08:41 UTC,15054936,15445544,182496,1.14,46148,597124,239544,1.50,211288,489604,456
cloud-k3s-pool-workers-worker6,1,2026-06-06 08:08:42 UTC,15054936,15445564,182484,1.14,46148,597136,239544,1.50,211568,489624,488
cloud-k3s-pool-workers-worker6,1,2026-06-06 08:08:43 UTC,15054936,15445564,182480,1.14,46148,597144,236360,1.48,209976,489624,392
cloud-k3s-pool-workers-worker6,1,2026-06-06 08:08:44 UTC,15054936,15445564,182460,1.14,46156,597156,236360,1.48,209968,489624,424
cloud-k3s-pool-workers-worker6,1,2026-06-06 08:08:45 UTC,15054936,15445564,182452,1.14,46156,597164,236360,1.48,209968,489624,432
cloud-k3s-pool-workers-worker6,1,2026-06-06 08:08:46 UTC,15054684,15445312,182692,1.14,46156,597176,236360,1.48,209968,489624,444
cloud-k3s-pool-workers-worker6,1,2026-06-06 08:08:47 UTC,15054684,15445372,182684,1.14,46156,597184,236360,1.48,209968,489684,516
cloud-k3s-pool-workers-worker6,1,2026-06-06 08:08:48 UTC,15054684,15445372,182672,1.14,46156,597196,236360,1.48,209968,489684,532
cloud-k3s-pool-workers-worker6,1,2026-06-06 08:08:49 UTC,15054684,15445380,182664,1.14,46156,597204,236360,1.48,209968,489692,308
cloud-k3s-pool-workers-worker6,1,2026-06-06 08:08:50 UTC,15054684,15445380,182644,1.14,46164,597216,236360,1.48,209968,489692,80
cloud-k3s-pool-workers-worker6,1,2026-06-06 08:08:51 UTC,15054684,15445380,182632,1.14,46164,597228,236360,1.48,209968,489692,96
cloud-k3s-pool-workers-worker6,1,2026-06-06 08:08:52 UTC,15054684,15445380,182624,1.14,46164,597236,236360,1.48,209968,489692,180
cloud-k3s-pool-workers-worker6,1,2026-06-06 08:08:53 UTC,15054684,15445440,182612,1.14,46164,597248,236360,1.48,209968,489752,192
cloud-k3s-pool-workers-worker6,1,2026-06-06 08:08:54 UTC,15054684,15445444,182600,1.14,46164,597256,236360,1.48,209968,489752,204
cloud-k3s-pool-workers-worker6,1,2026-06-06 08:08:55 UTC,15054684,15445444,182588,1.14,46164,597268,236360,1.48,209968,489752,216
cloud-k3s-pool-workers-worker6,1,2026-06-06 08:08:56 UTC,15054684,15445452,182572,1.14,46172,597276,236360,1.48,209968,489760,228
cloud-k3s-pool-workers-worker6,1,2026-06-06 08:08:57 UTC,15054684,15445452,182560,1.14,46172,597288,236360,1.48,209968,489760,252
cloud-k3s-pool-workers-worker6,1,2026-06-06 08:08:58 UTC,15054684,15445460,182552,1.14,46172,597296,236360,1.48,209968,489768,108
cloud-k3s-pool-workers-worker6,1,2026-06-06 08:08:59 UTC,15054684,15445520,182540,1.14,46172,597308,236360,1.48,209968,489828,120
cloud-k3s-pool-workers-worker6,1,2026-06-06 08:09:00 UTC,15054684,15445520,182532,1.14,46172,597316,236360,1.48,209968,489828,128
cloud-k3s-pool-workers-worker6,1,2026-06-06 08:09:01 UTC,15054684,15445520,182520,1.14,46172,597328,236360,1.48,209968,489828,140
cloud-k3s-pool-workers-worker6,1,2026-06-06 08:09:02 UTC,15054684,15445520,182500,1.14,46180,597340,236360,1.48,209968,489828,280
cloud-k3s-pool-workers-worker6,1,2026-06-06 08:09:03 UTC,15054684,15445520,182492,1.14,46180,597348,236360,1.48,209968,489828,288
cloud-k3s-pool-workers-worker6,1,2026-06-06 08:09:04 UTC,15054684,15445520,182480,1.14,46180,597360,236360,1.48,209968,489828,304
cloud-k3s-pool-workers-worker6,1,2026-06-06 08:09:05 UTC,15054684,15445580,182472,1.14,46180,597368,236360,1.48,209968,489888,312
cloud-k3s-pool-workers-worker6,1,2026-06-06 08:09:06 UTC,15054684,15445580,182460,1.14,46180,597380,236360,1.48,209968,489888,324
cloud-k3s-pool-workers-worker6,1,2026-06-06 08:09:07 UTC,15054684,15445580,182452,1.14,46188,597380,236360,1.48,209968,489888,344
cloud-k3s-pool-workers-worker6,1,2026-06-06 08:09:08 UTC,15054684,15445580,182432,1.14,46188,597400,236360,1.48,209968,489888,200
cloud-k3s-pool-workers-worker6,1,2026-06-06 08:09:09 UTC,15054684,15445580,182420,1.14,46188,597408,236360,1.48,209968,489888,208
cloud-k3s-pool-workers-worker6,1,2026-06-06 08:09:10 UTC,15054684,15445580,182408,1.14,46188,597420,236360,1.48,209968,489888,220
cloud-k3s-pool-workers-worker6,1,2026-06-06 08:09:11 UTC,15054432,15445388,182652,1.14,46188,597428,236360,1.48,209968,489948,228
cloud-k3s-pool-workers-worker6,1,2026-06-06 08:09:12 UTC,15054432,15445388,182632,1.14,46196,597440,236360,1.48,209968,489948,380
cloud-k3s-pool-workers-worker6,1,2026-06-06 08:09:13 UTC,15054432,15445388,182620,1.14,46196,597452,236360,1.48,209968,489948,392
cloud-k3s-pool-workers-worker6,1,2026-06-06 08:09:14 UTC,15054432,15445388,182612,1.14,46196,597460,236360,1.48,209968,489948,252
cloud-k3s-pool-workers-worker6,1,2026-06-06 08:09:15 UTC,15054432,15445388,182600,1.14,46196,597472,236360,1.48,209968,489948,264
cloud-k3s-pool-workers-worker6,1,2026-06-06 08:09:16 UTC,15054432,15445388,182592,1.14,46196,597480,236360,1.48,209968,489948,272
cloud-k3s-pool-workers-worker6,1,2026-06-06 08:09:17 UTC,15054432,15445448,182572,1.14,46204,597492,236360,1.48,209968,490008,440
cloud-k3s-pool-workers-worker6,1,2026-06-06 08:09:18 UTC,15054432,15445448,182564,1.14,46204,597500,236360,1.48,209968,490008,444
cloud-k3s-pool-workers-worker6,1,2026-06-06 08:09:19 UTC,15054432,15445448,182552,1.14,46204,597512,236360,1.48,209968,490008,456
cloud-k3s-pool-workers-worker6,1,2026-06-06 08:09:20 UTC,15054432,15445448,182544,1.14,46204,597520,236360,1.48,209968,490008,464
cloud-k3s-pool-workers-worker6,1,2026-06-06 08:09:21 UTC,15054432,15445448,182532,1.14,46208,597528,236360,1.48,209968,490008,216
cloud-k3s-pool-workers-worker6,1,2026-06-06 08:09:22 UTC,15054432,15445452,182520,1.14,46220,597528,236360,1.48,209968,490012,180
cloud-k3s-pool-workers-worker6,1,2026-06-06 08:09:23 UTC,15054432,15445512,182508,1.14,46220,597540,236360,1.48,209968,490072,160
cloud-k3s-pool-workers-worker6,1,2026-06-06 08:09:24 UTC,15054432,15445516,182484,1.14,46220,597560,236360,1.48,209968,490072,36
cloud-k3s-pool-workers-worker6,1,2026-06-06 08:09:25 UTC,15054432,15445516,182472,1.14,46220,597572,236360,1.48,209968,490072,48
cloud-k3s-pool-workers-worker6,1,2026-06-06 08:09:26 UTC,15054432,15445516,182460,1.14,46220,597584,236360,1.48,209968,490072,60
cloud-k3s-pool-workers-worker6,1,2026-06-06 08:09:27 UTC,15054432,15445516,182452,1.14,46228,597584,236360,1.48,209968,490072,204
cloud-k3s-pool-workers-worker6,1,2026-06-06 08:09:28 UTC,15054432,15445576,182432,1.14,46228,597604,236360,1.48,209968,490132,224
cloud-k3s-pool-workers-worker6,1,2026-06-06 08:09:29 UTC,15054432,15445576,182424,1.14,46228,597612,236360,1.48,209968,490132,232
cloud-k3s-pool-workers-worker6,1,2026-06-06 08:09:30 UTC,15054432,15445576,182412,1.14,46228,597624,236360,1.48,209968,490132,244
cloud-k3s-pool-workers-worker6,1,2026-06-06 08:09:31 UTC,15054432,15445576,182404,1.14,46228,597632,236360,1.48,209968,490132,252
cloud-k3s-pool-workers-worker6,1,2026-06-06 08:09:32 UTC,15054432,15445636,182384,1.14,46236,597644,236360,1.48,209968,490192,280
cloud-k3s-pool-workers-worker6,1,2026-06-06 08:09:33 UTC,15054432,15445636,182376,1.14,46236,597652,236360,1.48,209968,490192,288
cloud-k3s-pool-workers-worker6,1,2026-06-06 08:09:34 UTC,15054432,15445696,182364,1.14,46236,597664,236360,1.48,209968,490252,140
cloud-k3s-pool-workers-worker6,1,2026-06-06 08:09:35 UTC,15054432,15445696,182356,1.14,46236,597672,236360,1.48,209968,490252,148
cloud-k3s-pool-workers-worker6,1,2026-06-06 08:09:36 UTC,15054180,15445444,182596,1.14,46236,597684,236360,1.48,209968,490252,160
cloud-k3s-pool-workers-worker6,1,2026-06-06 08:09:37 UTC,15054180,15445444,182576,1.14,46244,597696,236360,1.48,209968,490252,320
cloud-k3s-pool-workers-worker6,1,2026-06-06 08:09:38 UTC,15054180,15445444,182568,1.14,46244,597704,236360,1.48,209968,490252,328
cloud-k3s-pool-workers-worker6,1,2026-06-06 08:09:39 UTC,15054180,15445444,182552,1.14,46244,597716,236360,1.48,209968,490252,200
cloud-k3s-pool-workers-worker6,1,2026-06-06 08:09:40 UTC,15054180,15445504,182544,1.14,46244,597724,236360,1.48,209968,490312,208
cloud-k3s-pool-workers-worker6,1,2026-06-06 08:09:41 UTC,15054180,15445504,182532,1.14,46244,597736,236360,1.48,209968,490312,220
cloud-k3s-pool-workers-worker6,1,2026-06-06 08:09:42 UTC,15054180,15445504,182524,1.14,46252,597736,236360,1.48,209968,490312,364
cloud-k3s-pool-workers-worker6,1,2026-06-06 08:09:43 UTC,15054180,15445504,182512,1.14,46252,597748,236360,1.48,209968,490312,376
cloud-k3s-pool-workers-worker6,1,2026-06-06 08:09:44 UTC,15054180,15445504,182496,1.14,46252,597764,236360,1.48,209968,490312,376
cloud-k3s-pool-workers-worker6,1,2026-06-06 08:09:45 UTC,15054180,15445504,182484,1.14,46252,597776,236360,1.48,209968,490312,388
cloud-k3s-pool-workers-worker6,1,2026-06-06 08:09:46 UTC,15054180,15445564,182476,1.14,46252,597784,236360,1.48,209968,490372,396
cloud-k3s-pool-workers-worker6,1,2026-06-06 08:09:47 UTC,15054180,15445564,182464,1.14,46260,597788,236360,1.48,209968,490372,420
cloud-k3s-pool-workers-worker6,1,2026-06-06 08:09:48 UTC,15054180,15445564,182448,1.14,46260,597804,236360,1.48,209968,490372,440
cloud-k3s-pool-workers-worker6,1,2026-06-06 08:09:49 UTC,15054180,15445564,182436,1.14,46260,597816,236360,1.48,209968,490372,300
cloud-k3s-pool-workers-worker6,1,2026-06-06 08:09:50 UTC,15054180,15445564,182424,1.14,46260,597828,236360,1.48,209968,490372,312
cloud-k3s-pool-workers-worker6,1,2026-06-06 08:09:51 UTC,15054180,15445564,182416,1.14,46260,597836,236360,1.48,209968,490372,320
cloud-k3s-pool-workers-worker6,1,2026-06-06 08:09:52 UTC,15054180,15445624,182392,1.14,46272,597848,236360,1.48,209968,490432,164
cloud-k3s-pool-workers-worker6,1,2026-06-06 08:09:53 UTC,15054180,15445624,182384,1.14,46272,597856,236360,1.48,209968,490432,176
cloud-k3s-pool-workers-worker6,1,2026-06-06 08:09:54 UTC,15053928,15445376,182620,1.14,46272,597868,236360,1.48,209968,490432,168
cloud-k3s-pool-workers-worker6,1,2026-06-06 08:09:55 UTC,15053928,15445376,182612,1.14,46272,597876,236360,1.48,209968,490432,176
cloud-k3s-pool-workers-worker6,1,2026-06-06 08:09:56 UTC,15053928,15445376,182600,1.14,46272,597888,236360,1.48,209968,490432,188
cloud-k3s-pool-workers-worker6,1,2026-06-06 08:09:57 UTC,15053928,15445376,182592,1.14,46280,597888,236360,1.48,209968,490432,208
cloud-k3s-pool-workers-worker6,1,2026-06-06 08:09:58 UTC,15054180,15445732,182320,1.14,46280,597908,236360,1.48,209968,490536,76
cloud-k3s-pool-workers-worker6,1,2026-06-06 08:09:59 UTC,15054180,15445732,182312,1.14,46280,597916,236360,1.48,209968,490536,84
cloud-k3s-pool-workers-worker6,1,2026-06-06 08:10:00 UTC,15053928,15445480,182552,1.14,46280,597928,236360,1.48,209968,490536,96
cloud-k3s-pool-workers-worker6,1,2026-06-06 08:10:01 UTC,15053928,15445480,182540,1.14,46280,597940,236360,1.48,209968,490536,108
cloud-k3s-pool-workers-worker6,1,2026-06-06 08:10:02 UTC,15053928,15445480,182532,1.14,46288,597940,236360,1.48,209968,490536,252
cloud-k3s-pool-workers-worker6,1,2026-06-06 08:10:03 UTC,15053928,15445480,182520,1.14,46288,597952,236360,1.48,209968,490536,264
cloud-k3s-pool-workers-worker6,1,2026-06-06 08:10:04 UTC,15053928,15445540,182504,1.14,46288,597968,236360,1.48,209968,490596,128
cloud-k3s-pool-workers-worker6,1,2026-06-06 08:10:05 UTC,15053928,15445540,182492,1.14,46288,597980,236360,1.48,209968,490596,140
cloud-k3s-pool-workers-worker6,1,2026-06-06 08:10:06 UTC,15053676,15445316,182724,1.14,46288,597996,236360,1.48,210008,490624,312
cloud-k3s-pool-workers-worker6,1,2026-06-06 08:10:07 UTC,15053676,15445316,182712,1.14,46288,598008,236360,1.48,210008,490624,396
cloud-k3s-pool-workers-worker6,1,2026-06-06 08:10:08 UTC,15053676,15445316,182696,1.14,46296,598016,236360,1.48,210008,490624,424
cloud-k3s-pool-workers-worker6,1,2026-06-06 08:10:09 UTC,15053676,15445316,182684,1.14,46296,598028,236360,1.48,210008,490624,436
cloud-k3s-pool-workers-worker6,1,2026-06-06 08:10:10 UTC,15053676,15445316,182672,1.14,46296,598036,236360,1.48,210008,490624,436
cloud-k3s-pool-workers-worker6,1,2026-06-06 08:10:11 UTC,15053676,15445316,182660,1.14,46296,598048,236360,1.48,210008,490624,448
cloud-k3s-pool-workers-worker6,1,2026-06-06 08:10:12 UTC,15053676,15445376,182644,1.14,46296,598056,237720,1.49,211076,490684,356
cloud-k3s-pool-workers-worker6,1,2026-06-06 08:10:13 UTC,15053676,15445376,182632,1.14,46304,598060,237720,1.49,211100,490684,336
cloud-k3s-pool-workers-worker6,1,2026-06-06 08:10:14 UTC,15053676,15445376,182612,1.14,46304,598080,237720,1.49,211100,490684,364
cloud-k3s-pool-workers-worker6,1,2026-06-06 08:10:15 UTC,15053676,15445376,182604,1.14,46304,598088,237720,1.49,211100,490684,372
cloud-k3s-pool-workers-worker6,1,2026-06-06 08:10:16 UTC,15053676,15445376,182592,1.14,46304,598100,237720,1.49,211100,490684,384
cloud-k3s-pool-workers-worker6,1,2026-06-06 08:10:17 UTC,15053676,15445376,182584,1.14,46304,598108,237720,1.49,211100,490684,412
cloud-k3s-pool-workers-worker6,1,2026-06-06 08:10:18 UTC,15053676,15445436,182572,1.14,46304,598120,237720,1.49,211100,490744,424
cloud-k3s-pool-workers-worker6,1,2026-06-06 08:10:19 UTC,15053676,15445436,182564,1.14,46312,598120,237720,1.49,211100,490744,276
cloud-k3s-pool-workers-worker6,1,2026-06-06 08:10:20 UTC,15053676,15445436,182552,1.14,46312,598132,237720,1.49,211100,490744,288
cloud-k3s-pool-workers-worker6,1,2026-06-06 08:10:21 UTC,15053676,15445436,182536,1.14,46312,598148,240716,1.51,212140,490744,316
cloud-k3s-pool-workers-worker6,1,2026-06-06 08:10:22 UTC,15053676,15445436,182480,1.14,46312,598160,241172,1.51,212764,490744,572
cloud-k3s-pool-workers-worker6,1,2026-06-06 08:10:23 UTC,15053676,15445436,182472,1.14,46312,598168,241172,1.51,212772,490744,264
cloud-k3s-pool-workers-worker6,1,2026-06-06 08:10:24 UTC,15053676,15445496,182460,1.14,46312,598180,241172,1.51,212772,490804,148
cloud-k3s-pool-workers-worker6,1,2026-06-06 08:10:25 UTC,15053176,15445000,182936,1.14,46324,598192,237720,1.49,211076,490804,224
cloud-k3s-pool-workers-worker6,1,2026-06-06 08:10:26 UTC,15053176,15445000,182928,1.14,46324,598200,237720,1.49,211076,490804,232
cloud-k3s-pool-workers-worker6,1,2026-06-06 08:10:27 UTC,15053176,15445000,182916,1.14,46324,598212,237720,1.49,211076,490804,300
cloud-k3s-pool-workers-worker6,1,2026-06-06 08:10:28 UTC,15053176,15445000,182908,1.14,46324,598220,237720,1.49,211076,490804,308
cloud-k3s-pool-workers-worker6,1,2026-06-06 08:10:29 UTC,15053176,15445000,182896,1.14,46324,598232,237720,1.49,211076,490804,112
cloud-k3s-pool-workers-worker6,1,2026-06-06 08:10:30 UTC,15053176,15445060,182888,1.14,46324,598240,237720,1.49,211076,490864,80
cloud-k3s-pool-workers-worker6,1,2026-06-06 08:10:31 UTC,15053176,15445060,182876,1.14,46332,598244,237720,1.49,211076,490864,92
cloud-k3s-pool-workers-worker6,1,2026-06-06 08:10:32 UTC,15053176,15445060,182860,1.14,46332,598260,237720,1.49,211076,490864,264
cloud-k3s-pool-workers-worker6,1,2026-06-06 08:10:33 UTC,15058108,15449992,177916,1.11,46332,598272,239080,1.50,211856,490864,276
cloud-k3s-pool-workers-worker6,1,2026-06-06 08:10:34 UTC,15057632,15449516,178400,1.12,46332,598280,239080,1.50,212204,490864,392
cloud-k3s-pool-workers-worker6,1,2026-06-06 08:10:35 UTC,15057632,15449516,178388,1.12,46332,598292,239080,1.50,212204,490864,404
cloud-k3s-pool-workers-worker6,1,2026-06-06 08:10:36 UTC,15057632,15449576,178380,1.12,46332,598300,239080,1.50,212228,490924,388
cloud-k3s-pool-workers-worker6,1,2026-06-06 08:10:37 UTC,15057632,15449576,178368,1.12,46340,598304,239080,1.50,212228,490924,140
cloud-k3s-pool-workers-worker6,1,2026-06-06 08:10:38 UTC,15057632,15449636,178348,1.12,46340,598324,239080,1.50,212228,490984,180
cloud-k3s-pool-workers-worker6,1,2026-06-06 08:10:39 UTC,15057632,15449636,178340,1.12,46340,598332,239080,1.50,212228,490984,184
cloud-k3s-pool-workers-worker6,1,2026-06-06 08:10:40 UTC,15057632,15449636,178324,1.12,46340,598344,239080,1.50,212228,490984,196
cloud-k3s-pool-workers-worker6,1,2026-06-06 08:10:41 UTC,15057632,15449636,178316,1.12,46340,598352,239080,1.50,212228,490984,204
cloud-k3s-pool-workers-worker6,1,2026-06-06 08:10:42 UTC,15057632,15449696,178296,1.12,46348,598364,239080,1.50,212228,491044,212
cloud-k3s-pool-workers-worker6,1,2026-06-06 08:10:43 UTC,15057632,15449696,178288,1.12,46348,598372,239080,1.50,212228,491044,220
cloud-k3s-pool-workers-worker6,1,2026-06-06 08:10:44 UTC,15057632,15449696,178276,1.12,46348,598384,239080,1.50,212228,491044,236
cloud-k3s-pool-workers-worker6,1,2026-06-06 08:10:45 UTC,15057632,15449696,178268,1.12,46348,598392,239080,1.50,212228,491044,244
cloud-k3s-pool-workers-worker6,1,2026-06-06 08:10:46 UTC,15057632,15449696,178256,1.12,46348,598404,239080,1.50,212228,491044,256
cloud-k3s-pool-workers-worker6,1,2026-06-06 08:10:47 UTC,15057632,15449756,178240,1.12,46356,598412,239080,1.50,212228,491104,264
cloud-k3s-pool-workers-worker6,1,2026-06-06 08:10:48 UTC,15057632,15449756,178228,1.12,46356,598424,239080,1.50,212228,491104,404
cloud-k3s-pool-workers-worker6,1,2026-06-06 08:10:49 UTC,15057632,15449756,178216,1.12,46356,598436,239080,1.50,212228,491104,416
cloud-k3s-pool-workers-worker6,1,2026-06-06 08:10:50 UTC,15057632,15449756,178208,1.11,46356,598444,239080,1.50,212228,491104,424
cloud-k3s-pool-workers-worker6,1,2026-06-06 08:10:51 UTC,15057632,15449756,178196,1.11,46356,598456,239080,1.50,212228,491104,436
cloud-k3s-pool-workers-worker6,1,2026-06-06 08:10:52 UTC,15057800,15449988,178008,1.11,46364,598464,239080,1.50,212228,491164,456
cloud-k3s-pool-workers-worker6,1,2026-06-06 08:10:53 UTC,15057800,15449988,177996,1.11,46364,598476,239080,1.50,212228,491164,208
cloud-k3s-pool-workers-worker6,1,2026-06-06 08:10:54 UTC,15057800,15449988,177988,1.11,46364,598484,239080,1.50,212228,491164,28
cloud-k3s-pool-workers-worker6,1,2026-06-06 08:10:55 UTC,15057800,15449988,177976,1.11,46364,598496,239080,1.50,212228,491164,40
cloud-k3s-pool-workers-worker6,1,2026-06-06 08:10:56 UTC,15057800,15449988,177968,1.11,46364,598504,239080,1.50,212228,491164,48
cloud-k3s-pool-workers-worker6,1,2026-06-06 08:10:57 UTC,15057548,15449796,178200,1.11,46372,598516,239080,1.50,212228,491224,224
cloud-k3s-pool-workers-worker6,1,2026-06-06 08:10:58 UTC,15057548,15449796,178192,1.11,46372,598524,239080,1.50,212228,491224,92
cloud-k3s-pool-workers-worker6,1,2026-06-06 08:10:59 UTC,15057548,15449796,178180,1.11,46372,598536,239080,1.50,212228,491224,64
cloud-k3s-pool-workers-worker6,1,2026-06-06 08:11:00 UTC,15057548,15449796,178172,1.11,46372,598544,239080,1.50,212228,491224,72
cloud-k3s-pool-workers-worker6,1,2026-06-06 08:11:01 UTC,15057056,15449304,178652,1.12,46372,598556,241932,1.51,213268,491224,84
cloud-k3s-pool-workers-worker6,1,2026-06-06 08:11:02 UTC,15057056,15449364,178612,1.12,46372,598568,241932,1.51,213520,491284,96
cloud-k3s-pool-workers-worker6,1,2026-06-06 08:11:03 UTC,15057056,15449364,178604,1.12,46380,598568,241932,1.51,213520,491284,104
cloud-k3s-pool-workers-worker6,1,2026-06-06 08:11:04 UTC,15057056,15449364,178584,1.12,46380,598588,242060,1.51,213592,491284,276
cloud-k3s-pool-workers-worker6,1,2026-06-06 08:11:05 UTC,15056804,15449112,178788,1.12,46380,598596,242532,1.52,213896,491284,372
cloud-k3s-pool-workers-worker6,1,2026-06-06 08:11:06 UTC,15056804,15449112,178776,1.12,46380,598608,242532,1.52,213896,491284,384
cloud-k3s-pool-workers-worker6,1,2026-06-06 08:11:07 UTC,15056804,15449112,178764,1.12,46380,598616,242532,1.52,213896,491284,392
cloud-k3s-pool-workers-worker6,1,2026-06-06 08:11:08 UTC,15057188,15449556,178392,1.12,46388,598628,239080,1.50,212208,491344,308
cloud-k3s-pool-workers-worker6,1,2026-06-06 08:11:09 UTC,15057188,15449556,178384,1.12,46388,598636,239080,1.50,212208,491344,316
cloud-k3s-pool-workers-worker6,1,2026-06-06 08:11:10 UTC,15057188,15449556,178372,1.12,46388,598648,239080,1.50,212208,491344,324
cloud-k3s-pool-workers-worker6,1,2026-06-06 08:11:11 UTC,15057188,15449556,178364,1.12,46388,598656,239080,1.50,212208,491344,332
cloud-k3s-pool-workers-worker6,1,2026-06-06 08:11:12 UTC,15056684,15449052,178856,1.12,46388,598668,239080,1.50,212208,491344,344
cloud-k3s-pool-workers-worker6,1,2026-06-06 08:11:13 UTC,15056684,15449052,178844,1.12,46388,598680,239080,1.50,212208,491344,356
cloud-k3s-pool-workers-worker6,1,2026-06-06 08:11:14 UTC,15056684,15449112,178828,1.12,46396,598688,239080,1.50,212208,491404,420
cloud-k3s-pool-workers-worker6,1,2026-06-06 08:11:15 UTC,15056684,15449112,178816,1.12,46396,598700,239080,1.50,212208,491404,432
cloud-k3s-pool-workers-worker6,1,2026-06-06 08:11:16 UTC,15056684,15449112,178808,1.12,46396,598708,239080,1.50,212208,491404,440
cloud-k3s-pool-workers-worker6,1,2026-06-06 08:11:17 UTC,15056684,15449112,178796,1.12,46396,598720,239080,1.50,212208,491404,456
cloud-k3s-pool-workers-worker6,1,2026-06-06 08:11:18 UTC,15056684,15449112,178788,1.12,46396,598728,239080,1.50,212208,491404,484
cloud-k3s-pool-workers-worker6,1,2026-06-06 08:11:19 UTC,15056684,15449112,178776,1.12,46396,598740,239080,1.50,212208,491404,496
cloud-k3s-pool-workers-worker6,1,2026-06-06 08:11:20 UTC,15056936,15449424,178508,1.12,46404,598748,239080,1.50,212208,491464,292
cloud-k3s-pool-workers-worker6,1,2026-06-06 08:11:21 UTC,15056936,15449424,178496,1.12,46404,598760,239080,1.50,212208,491464,304
cloud-k3s-pool-workers-worker6,1,2026-06-06 08:11:22 UTC,15056936,15449424,178488,1.12,46404,598768,239080,1.50,212208,491464,312
cloud-k3s-pool-workers-worker6,1,2026-06-06 08:11:23 UTC,15056936,15449428,178472,1.12,46404,598780,239080,1.50,212208,491464,324
cloud-k3s-pool-workers-worker6,1,2026-06-06 08:11:24 UTC,15056936,15449428,178460,1.12,46404,598792,239080,1.50,212208,491464,472
cloud-k3s-pool-workers-worker6,1,2026-06-06 08:11:25 UTC,15056936,15449428,178452,1.12,46412,598792,239080,1.50,212208,491464,204
cloud-k3s-pool-workers-worker6,1,2026-06-06 08:11:26 UTC,15056936,15449532,178432,1.12,46412,598812,239080,1.50,212208,491568,156
cloud-k3s-pool-workers-worker6,1,2026-06-06 08:11:27 UTC,15056936,15449532,178424,1.12,46412,598820,239080,1.50,212208,491568,168
cloud-k3s-pool-workers-worker6,1,2026-06-06 08:11:28 UTC,15056936,15449532,178412,1.12,46412,598832,239080,1.50,212208,491568,40
cloud-k3s-pool-workers-worker6,1,2026-06-06 08:11:29 UTC,15055928,15448524,179412,1.12,46412,598840,239080,1.50,212208,491568,48
cloud-k3s-pool-workers-worker6,1,2026-06-06 08:11:30 UTC,15055928,15448524,179392,1.12,46420,598852,239080,1.50,212208,491568,88
cloud-k3s-pool-workers-worker6,1,2026-06-06 08:11:31 UTC,15055928,15448524,179384,1.12,46420,598860,239080,1.50,212208,491568,96
cloud-k3s-pool-workers-worker6,1,2026-06-06 08:11:32 UTC,15055928,15448584,179372,1.12,46420,598872,239080,1.50,212208,491628,108
cloud-k3s-pool-workers-worker6,1,2026-06-06 08:11:33 UTC,15055928,15448584,179364,1.12,46420,598880,239080,1.50,212208,491628,116
cloud-k3s-pool-workers-worker6,1,2026-06-06 08:11:34 UTC,15055928,15448584,179352,1.12,46420,598892,239080,1.50,212212,491628,124
cloud-k3s-pool-workers-worker6,1,2026-06-06 08:11:35 UTC,15055928,15448584,179344,1.12,46420,598900,239080,1.50,212212,491628,132
cloud-k3s-pool-workers-worker6,1,2026-06-06 08:11:36 UTC,15055928,15448592,179324,1.12,46428,598912,239080,1.50,212212,491636,136
cloud-k3s-pool-workers-worker6,1,2026-06-06 08:11:37 UTC,15055928,15448652,179312,1.12,46428,598924,239080,1.50,212212,491696,152
cloud-k3s-pool-workers-worker6,1,2026-06-06 08:11:38 UTC,15055928,15448652,179300,1.12,46428,598932,239080,1.50,212212,491696,160
cloud-k3s-pool-workers-worker6,1,2026-06-06 08:11:39 UTC,15055928,15448652,179288,1.12,46428,598944,239080,1.50,212212,491696,172
cloud-k3s-pool-workers-worker6,1,2026-06-06 08:11:40 UTC,15055928,15448652,179280,1.12,46428,598952,239080,1.50,212212,491696,320
cloud-k3s-pool-workers-worker6,1,2026-06-06 08:11:41 UTC,15055928,15448652,179264,1.12,46428,598964,240440,1.50,213280,491696,312
cloud-k3s-pool-workers-worker6,1,2026-06-06 08:11:42 UTC,15055928,15448668,179248,1.12,46436,598972,240440,1.50,213280,491712,332
cloud-k3s-pool-workers-worker6,1,2026-06-06 08:11:43 UTC,15055928,15448728,179236,1.12,46436,598984,240440,1.50,213280,491772,344
cloud-k3s-pool-workers-worker6,1,2026-06-06 08:11:44 UTC,15055928,15448728,179228,1.12,46436,598992,240440,1.50,213280,491772,212
cloud-k3s-pool-workers-worker6,1,2026-06-06 08:11:45 UTC,15055928,15448728,179216,1.12,46436,599004,240440,1.50,213280,491772,224
cloud-k3s-pool-workers-worker6,1,2026-06-06 08:11:46 UTC,15055928,15448728,179208,1.12,46436,599012,240440,1.50,213280,491772,232
cloud-k3s-pool-workers-worker6,1,2026-06-06 08:11:47 UTC,15055928,15448728,179196,1.12,46444,599016,240440,1.50,213280,491772,244
cloud-k3s-pool-workers-worker6,1,2026-06-06 08:11:48 UTC,15055928,15448736,179176,1.12,46444,599036,240440,1.50,213280,491780,260
cloud-k3s-pool-workers-worker6,1,2026-06-06 08:11:49 UTC,15055928,15448796,179168,1.12,46444,599044,240440,1.50,213280,491840,268
cloud-k3s-pool-workers-worker6,1,2026-06-06 08:11:50 UTC,15055928,15448796,179156,1.12,46444,599056,240440,1.50,213280,491840,280
cloud-k3s-pool-workers-worker6,1,2026-06-06 08:11:51 UTC,15055928,15448796,179148,1.12,46444,599064,240440,1.50,213280,491840,288
cloud-k3s-pool-workers-worker6,1,2026-06-06 08:11:52 UTC,15055928,15448796,179136,1.12,46452,599068,240440,1.50,213280,491840,300
cloud-k3s-pool-workers-worker6,1,2026-06-06 08:11:53 UTC,15055928,15448800,179124,1.12,46452,599076,240440,1.50,213280,491840,308
cloud-k3s-pool-workers-worker6,1,2026-06-06 08:11:54 UTC,15055928,15448808,179120,1.12,46452,599092,203816,1.28,210316,491848,524
cloud-k3s-pool-workers-worker6,1,2026-06-06 08:11:55 UTC,15055928,15448868,179112,1.12,46452,599100,203816,1.28,210316,491908,532
cloud-k3s-pool-workers-worker6,1,2026-06-06 08:11:56 UTC,15055928,15448868,179100,1.12,46452,599112,203816,1.28,210316,491908,284
cloud-k3s-pool-workers-worker6,1,2026-06-06 08:11:57 UTC,15055928,15448868,179092,1.12,46460,599112,203816,1.28,210316,491908,296
cloud-k3s-pool-workers-worker6,1,2026-06-06 08:11:58 UTC,15056180,15449120,178820,1.12,46460,599132,203816,1.28,210316,491908,52
cloud-k3s-pool-workers-worker6,1,2026-06-06 08:11:59 UTC,15056180,15449120,178812,1.12,46460,599140,203816,1.28,210316,491908,60
cloud-k3s-pool-workers-worker6,1,2026-06-06 08:12:00 UTC,15056180,15449120,178800,1.12,46460,599152,203816,1.28,210316,491908,68
cloud-k3s-pool-workers-worker6,1,2026-06-06 08:12:01 UTC,15055928,15448928,179040,1.12,46460,599164,203816,1.28,210316,491968,80
cloud-k3s-pool-workers-worker6,1,2026-06-06 08:12:02 UTC,15055928,15448928,179024,1.12,46468,599172,203816,1.28,210316,491968,88
cloud-k3s-pool-workers-worker6,1,2026-06-06 08:12:03 UTC,15055928,15448928,179012,1.12,46468,599184,203816,1.28,210316,491968,100
cloud-k3s-pool-workers-worker6,1,2026-06-06 08:12:04 UTC,15055928,15448928,179004,1.12,46468,599192,203816,1.28,210316,491968,88
cloud-k3s-pool-workers-worker6,1,2026-06-06 08:12:05 UTC,15055928,15448928,178992,1.12,46468,599204,206668,1.29,211356,491968,100
cloud-k3s-pool-workers-worker6,1,2026-06-06 08:12:06 UTC,15055928,15448928,178984,1.12,46468,599212,207268,1.30,211616,491968,108
cloud-k3s-pool-workers-worker6,1,2026-06-06 08:12:07 UTC,15055928,15448992,178960,1.12,46476,599228,207268,1.30,212044,492032,388
cloud-k3s-pool-workers-worker6,1,2026-06-06 08:12:08 UTC,15055928,15448992,178952,1.12,46476,599236,207268,1.30,212080,492032,404
cloud-k3s-pool-workers-worker6,1,2026-06-06 08:12:09 UTC,15055928,15448992,178940,1.12,46476,599248,203816,1.28,210356,492032,436
cloud-k3s-pool-workers-worker6,1,2026-06-06 08:12:10 UTC,15055928,15448984,178948,1.12,46476,599256,203816,1.28,210356,492032,444
cloud-k3s-pool-workers-worker6,1,2026-06-06 08:12:11 UTC,15055928,15448984,178936,1.12,46476,599268,203816,1.28,210356,492032,196
cloud-k3s-pool-workers-worker6,1,2026-06-06 08:12:12 UTC,15060420,15453476,174424,1.09,46484,599280,202456,1.27,209240,492032,204
cloud-k3s-pool-workers-worker6,1,2026-06-06 08:12:13 UTC,15060420,15453568,174416,1.09,46484,599288,202456,1.27,209240,492124,172
cloud-k3s-pool-workers-worker6,1,2026-06-06 08:12:14 UTC,15060420,15453568,174404,1.09,46484,599300,202456,1.27,209240,492124,328
cloud-k3s-pool-workers-worker6,1,2026-06-06 08:12:15 UTC,15060420,15453568,174396,1.09,46484,599308,202456,1.27,209240,492124,336
cloud-k3s-pool-workers-worker6,1,2026-06-06 08:12:16 UTC,15060420,15453568,174384,1.09,46484,599320,202456,1.27,209240,492124,348
cloud-k3s-pool-workers-worker6,1,2026-06-06 08:12:17 UTC,15060420,15453568,174376,1.09,46492,599320,202456,1.27,209240,492124,356
cloud-k3s-pool-workers-worker6,1,2026-06-06 08:12:18 UTC,15060420,15453568,174356,1.09,46492,599340,202456,1.27,209240,492124,244
cloud-k3s-pool-workers-worker6,1,2026-06-06 08:12:19 UTC,15060420,15453628,174348,1.09,46492,599348,202456,1.27,209240,492184,252
cloud-k3s-pool-workers-worker6,1,2026-06-06 08:12:20 UTC,15060420,15453628,174336,1.09,46492,599360,202456,1.27,209240,492184,264
cloud-k3s-pool-workers-worker6,1,2026-06-06 08:12:21 UTC,15060420,15453628,174328,1.09,46492,599368,202456,1.27,209240,492184,272
cloud-k3s-pool-workers-worker6,1,2026-06-06 08:12:22 UTC,15060420,15453632,174304,1.09,46500,599380,202456,1.27,209240,492184,288
cloud-k3s-pool-workers-worker6,1,2026-06-06 08:12:23 UTC,15060420,15453632,174296,1.09,46500,599388,202456,1.27,209240,492184,296
cloud-k3s-pool-workers-worker6,1,2026-06-06 08:12:24 UTC,15060420,15453700,174284,1.09,46500,599400,202456,1.27,209240,492252,288
cloud-k3s-pool-workers-worker6,1,2026-06-06 08:12:25 UTC,15059916,15453196,174776,1.09,46500,599412,202456,1.27,209240,492252,300
cloud-k3s-pool-workers-worker6,1,2026-06-06 08:12:26 UTC,15059916,15453196,174768,1.09,46500,599420,202456,1.27,209240,492252,308
cloud-k3s-pool-workers-worker6,1,2026-06-06 08:12:27 UTC,15059916,15453196,174748,1.09,46508,599432,202456,1.27,209240,492252,72
cloud-k3s-pool-workers-worker6,1,2026-06-06 08:12:28 UTC,15060168,15453448,174488,1.09,46508,599440,202456,1.27,209240,492252,168
cloud-k3s-pool-workers-worker6,1,2026-06-06 08:12:29 UTC,15060168,15453508,174476,1.09,46508,599452,202456,1.27,209240,492312,180
cloud-k3s-pool-workers-worker6,1,2026-06-06 08:12:30 UTC,15060168,15453508,174468,1.09,46508,599460,202456,1.27,209240,492312,188
cloud-k3s-pool-workers-worker6,1,2026-06-06 08:12:31 UTC,15060168,15453508,174456,1.09,46508,599472,202456,1.27,209240,492312,200
cloud-k3s-pool-workers-worker6,1,2026-06-06 08:12:32 UTC,15060168,15453508,174440,1.09,46516,599480,202456,1.27,209240,492312,220
cloud-k3s-pool-workers-worker6,1,2026-06-06 08:12:33 UTC,15060168,15453508,174432,1.09,46516,599492,201096,1.26,208124,492312,208
cloud-k3s-pool-workers-worker6,1,2026-06-06 08:12:34 UTC,15055664,15449540,178432,1.12,46972,599504,201096,1.26,208104,492832,76
cloud-k3s-pool-workers-worker6,1,2026-06-06 08:12:35 UTC,15055664,15449540,178420,1.12,46972,599516,201096,1.26,208104,492832,88
cloud-k3s-pool-workers-worker6,1,2026-06-06 08:12:36 UTC,15055664,15449540,178408,1.12,46972,599528,201096,1.26,208096,492832,264
cloud-k3s-pool-workers-worker6,1,2026-06-06 08:12:37 UTC,15055664,15449576,178368,1.12,47000,599536,201096,1.26,208124,492864,364
cloud-k3s-pool-workers-worker6,1,2026-06-06 08:12:38 UTC,15055664,15449576,178356,1.12,47000,599548,201096,1.26,208124,492864,376
cloud-k3s-pool-workers-worker6,1,2026-06-06 08:12:39 UTC,15055664,15449576,178348,1.12,47000,599556,201096,1.26,208124,492864,384
cloud-k3s-pool-workers-worker6,1,2026-06-06 08:12:40 UTC,15055664,15449636,178336,1.12,47000,599568,201096,1.26,208124,492924,248
cloud-k3s-pool-workers-worker6,1,2026-06-06 08:12:41 UTC,15055664,15449636,178328,1.12,47000,599576,201096,1.26,208124,492924,256
cloud-k3s-pool-workers-worker6,1,2026-06-06 08:12:42 UTC,15055664,15449636,178316,1.12,47000,599588,201096,1.26,208124,492924,268
cloud-k3s-pool-workers-worker6,1,2026-06-06 08:12:43 UTC,15055664,15449636,178308,1.12,47008,599588,201096,1.26,208124,492924,276
cloud-k3s-pool-workers-worker6,1,2026-06-06 08:12:44 UTC,15055664,15449636,178288,1.12,47008,599608,201096,1.26,208124,492924,344
cloud-k3s-pool-workers-worker6,1,2026-06-06 08:12:45 UTC,15055664,15449636,178280,1.12,47008,599616,201096,1.26,208124,492924,352
cloud-k3s-pool-workers-worker6,1,2026-06-06 08:12:46 UTC,15055664,15449696,178268,1.12,47008,599628,201096,1.26,208124,492984,364
cloud-k3s-pool-workers-worker6,1,2026-06-06 08:12:47 UTC,15055664,15449696,178260,1.12,47008,599636,201096,1.26,208124,492984,372
cloud-k3s-pool-workers-worker6,1,2026-06-06 08:12:48 UTC,15055664,15449704,178240,1.12,47016,599648,201096,1.26,208124,492992,216
cloud-k3s-pool-workers-worker6,1,2026-06-06 08:12:49 UTC,15055664,15449704,178224,1.12,47016,599660,201096,1.26,208124,492992,228
cloud-k3s-pool-workers-worker6,1,2026-06-06 08:12:50 UTC,15055664,15449704,178216,1.12,47016,599668,201096,1.26,208124,492992,236
cloud-k3s-pool-workers-worker6,1,2026-06-06 08:12:51 UTC,15055664,15449704,178204,1.11,47016,599680,201096,1.26,208124,492992,248
cloud-k3s-pool-workers-worker6,1,2026-06-06 08:12:52 UTC,15055664,15449764,178196,1.11,47016,599688,201096,1.26,208124,493052,256
cloud-k3s-pool-workers-worker6,1,2026-06-06 08:12:53 UTC,15055664,15449764,178184,1.11,47016,599700,201096,1.26,208124,493052,268
cloud-k3s-pool-workers-worker6,1,2026-06-06 08:12:54 UTC,15055664,15449772,178168,1.11,47024,599708,201096,1.26,208124,493060,296
cloud-k3s-pool-workers-worker6,1,2026-06-06 08:12:55 UTC,15055664,15449772,178156,1.11,47024,599720,201096,1.26,208124,493060,308
cloud-k3s-pool-workers-worker6,1,2026-06-06 08:12:56 UTC,15055160,15449268,178652,1.12,47024,599728,201096,1.26,208124,493060,316
cloud-k3s-pool-workers-worker6,1,2026-06-06 08:12:57 UTC,15055160,15449268,178640,1.12,47024,599740,201096,1.26,208124,493060,328
cloud-k3s-pool-workers-worker6,1,2026-06-06 08:12:58 UTC,15055412,15449588,178380,1.12,47024,599748,201096,1.26,208124,493128,152
cloud-k3s-pool-workers-worker6,1,2026-06-06 08:12:59 UTC,15055412,15449588,178368,1.12,47024,599760,201096,1.26,208124,493128,152
cloud-k3s-pool-workers-worker6,1,2026-06-06 08:13:00 UTC,15055412,15449588,178348,1.12,47032,599772,201096,1.26,208124,493128,192
cloud-k3s-pool-workers-worker6,1,2026-06-06 08:13:01 UTC,15055412,15449588,178340,1.12,47032,599780,201096,1.26,208124,493128,200
cloud-k3s-pool-workers-worker6,1,2026-06-06 08:13:02 UTC,15055412,15449588,178328,1.12,47032,599792,201096,1.26,208124,493128,212
cloud-k3s-pool-workers-worker6,1,2026-06-06 08:13:03 UTC,15055412,15449588,178320,1.12,47032,599800,205304,1.28,209944,493128,220
cloud-k3s-pool-workers-worker6,1,2026-06-06 08:13:04 UTC,15055412,15449656,178300,1.12,47032,599812,205304,1.28,210512,493196,100
cloud-k3s-pool-workers-worker6,1,2026-06-06 08:13:05 UTC,15055412,15449660,178284,1.12,47032,599824,205904,1.29,210772,493196,116
cloud-k3s-pool-workers-worker6,1,2026-06-06 08:13:06 UTC,15055412,15449660,178264,1.12,47040,599836,205904,1.29,210832,493196,300
cloud-k3s-pool-workers-worker6,1,2026-06-06 08:13:07 UTC,15055412,15449660,178256,1.12,47044,599840,205904,1.29,210832,493196,372
cloud-k3s-pool-workers-worker6,1,2026-06-06 08:13:08 UTC,15055412,15449664,178240,1.12,47044,599856,205904,1.29,210832,493200,372
cloud-k3s-pool-workers-worker6,1,2026-06-06 08:13:09 UTC,15055412,15449664,178232,1.12,47044,599864,205904,1.29,210832,493200,380
cloud-k3s-pool-workers-worker6,1,2026-06-06 08:13:10 UTC,15055412,15449732,178220,1.12,47044,599876,202456,1.27,209256,493268,156
cloud-k3s-pool-workers-worker6,1,2026-06-06 08:13:11 UTC,15063232,15457552,170388,1.07,47044,599888,202456,1.27,209256,493268,168
cloud-k3s-pool-workers-worker6,1,2026-06-06 08:13:12 UTC,15063224,15457544,170384,1.07,47052,599896,202456,1.27,209172,493268,396
cloud-k3s-pool-workers-worker6,1,2026-06-06 08:13:13 UTC,15063224,15457544,170372,1.07,47052,599908,202456,1.27,209172,493268,408
cloud-k3s-pool-workers-worker6,1,2026-06-06 08:13:14 UTC,15063224,15457544,170364,1.07,47052,599916,202456,1.27,209172,493268,416
cloud-k3s-pool-workers-worker6,1,2026-06-06 08:13:15 UTC,15063224,15457604,170352,1.07,47052,599928,202456,1.27,209172,493328,428
cloud-k3s-pool-workers-worker6,1,2026-06-06 08:13:16 UTC,15063224,15457612,170344,1.07,47052,599936,202456,1.27,209172,493336,232
cloud-k3s-pool-workers-worker6,1,2026-06-06 08:13:17 UTC,15063224,15457612,170324,1.07,47060,599948,202456,1.27,209172,493336,220
cloud-k3s-pool-workers-worker6,1,2026-06-06 08:13:18 UTC,15063224,15457612,170316,1.07,47060,599956,202456,1.27,209172,493336,376
cloud-k3s-pool-workers-worker6,1,2026-06-06 08:13:19 UTC,15063224,15457612,170304,1.07,47060,599968,202456,1.27,209172,493336,388
cloud-k3s-pool-workers-worker6,1,2026-06-06 08:13:20 UTC,15063224,15457612,170292,1.07,47060,599976,202456,1.27,209172,493336,396
cloud-k3s-pool-workers-worker6,1,2026-06-06 08:13:21 UTC,15063224,15457672,170280,1.07,47060,599988,202456,1.27,209172,493396,408
cloud-k3s-pool-workers-worker6,1,2026-06-06 08:13:22 UTC,15063224,15457672,170272,1.07,47060,599996,202456,1.27,209172,493396,416
cloud-k3s-pool-workers-worker6,1,2026-06-06 08:13:23 UTC,15063224,15457672,170260,1.07,47068,600000,202456,1.27,209172,493396,428
cloud-k3s-pool-workers-worker6,1,2026-06-06 08:13:24 UTC,15063224,15457688,170240,1.07,47068,600020,202456,1.27,209172,493412,272
cloud-k3s-pool-workers-worker6,1,2026-06-06 08:13:25 UTC,15063224,15457688,170232,1.07,47068,600028,202456,1.27,209172,493412,280
cloud-k3s-pool-workers-worker6,1,2026-06-06 08:13:26 UTC,15063224,15457688,170220,1.07,47068,600040,202456,1.27,209172,493412,292
cloud-k3s-pool-workers-worker6,1,2026-06-06 08:13:27 UTC,15063224,15457748,170212,1.06,47068,600048,202456,1.27,209172,493472,304
cloud-k3s-pool-workers-worker6,1,2026-06-06 08:13:28 UTC,15062216,15456752,171200,1.07,47076,600060,202456,1.27,209172,493484,336
cloud-k3s-pool-workers-worker6,1,2026-06-06 08:13:29 UTC,15062216,15456760,171192,1.07,47076,600068,202456,1.27,209172,493492,24
cloud-k3s-pool-workers-worker6,1,2026-06-06 08:13:30 UTC,15062216,15456760,171180,1.07,47076,600080,202456,1.27,209172,493492,40
cloud-k3s-pool-workers-worker6,1,2026-06-06 08:13:31 UTC,15062468,15457012,170920,1.07,47076,600088,202456,1.27,209172,493492,48
cloud-k3s-pool-workers-worker6,1,2026-06-06 08:13:32 UTC,15062468,15457012,170908,1.07,47076,600100,202456,1.27,209172,493492,60
cloud-k3s-pool-workers-worker6,1,2026-06-06 08:13:33 UTC,15062468,15457052,170900,1.07,47076,600108,202456,1.27,209172,493532,184
cloud-k3s-pool-workers-worker6,1,2026-06-06 08:13:34 UTC,15062468,15457052,170880,1.07,47084,600120,202456,1.27,209172,493532,224
cloud-k3s-pool-workers-worker6,1,2026-06-06 08:13:35 UTC,15062468,15457056,170864,1.07,47084,600132,202456,1.27,209172,493532,236
cloud-k3s-pool-workers-worker6,1,2026-06-06 08:13:36 UTC,15062468,15457056,170856,1.07,47084,600140,202456,1.27,209172,493532,244
cloud-k3s-pool-workers-worker6,1,2026-06-06 08:13:37 UTC,15062468,15457056,170844,1.07,47084,600152,202456,1.27,209172,493532,260
cloud-k3s-pool-workers-worker6,1,2026-06-06 08:13:38 UTC,15062468,15457108,170836,1.07,47084,600160,202456,1.27,209172,493584,128
cloud-k3s-pool-workers-worker6,1,2026-06-06 08:13:39 UTC,15062468,15457120,170824,1.07,47084,600172,202456,1.27,209172,493596,112
cloud-k3s-pool-workers-worker6,1,2026-06-06 08:13:40 UTC,15062468,15457120,170816,1.07,47092,600172,202456,1.27,209172,493596,120
cloud-k3s-pool-workers-worker6,1,2026-06-06 08:13:41 UTC,15062468,15457120,170812,1.07,47092,600192,201096,1.26,208080,493596,152
cloud-k3s-pool-workers-worker6,1,2026-06-06 08:13:42 UTC,15062468,15457120,170804,1.07,47092,600200,201096,1.26,208080,493596,160
cloud-k3s-pool-workers-worker6,1,2026-06-06 08:13:43 UTC,15062468,15457120,170792,1.07,47092,600212,201096,1.26,208080,493596,172
cloud-k3s-pool-workers-worker6,1,2026-06-06 08:13:44 UTC,15062468,15457144,170784,1.07,47092,600220,201096,1.26,208080,493620,176
cloud-k3s-pool-workers-worker6,1,2026-06-06 08:13:45 UTC,15060452,15455188,172788,1.08,47092,600232,201096,1.26,208080,493680,168
cloud-k3s-pool-workers-worker6,1,2026-06-06 08:13:46 UTC,15060452,15455188,172780,1.08,47100,600232,201096,1.26,208080,493680,176
cloud-k3s-pool-workers-worker6,1,2026-06-06 08:13:47 UTC,15060452,15455188,172760,1.08,47100,600252,201096,1.26,208080,493680,208
cloud-k3s-pool-workers-worker6,1,2026-06-06 08:13:48 UTC,15060452,15455188,172748,1.08,47100,600264,201096,1.26,208080,493680,364
cloud-k3s-pool-workers-worker6,1,2026-06-06 08:13:49 UTC,15060452,15455188,172740,1.08,47100,600272,201096,1.26,208080,493680,372
cloud-k3s-pool-workers-worker6,1,2026-06-06 08:13:50 UTC,15060452,15455188,172724,1.08,47100,600284,201096,1.26,208080,493680,384
cloud-k3s-pool-workers-worker6,1,2026-06-06 08:13:51 UTC,15060452,15455248,172716,1.08,47100,600292,201096,1.26,208080,493740,392
cloud-k3s-pool-workers-worker6,1,2026-06-06 08:13:52 UTC,15059724,15454536,173424,1.09,47108,600304,204548,1.28,209808,493756,172
cloud-k3s-pool-workers-worker6,1,2026-06-06 08:13:53 UTC,15059724,15454536,173416,1.09,47108,600312,204548,1.28,209808,493756,180
cloud-k3s-pool-workers-worker6,1,2026-06-06 08:13:54 UTC,15059724,15454536,173404,1.08,47108,600324,204548,1.28,209808,493756,284
cloud-k3s-pool-workers-worker6,1,2026-06-06 08:13:55 UTC,15059724,15454536,173396,1.08,47108,600332,204548,1.28,209808,493756,292
cloud-k3s-pool-workers-worker6,1,2026-06-06 08:13:56 UTC,15059724,15454536,173384,1.08,47108,600344,201096,1.26,208248,493756,444
cloud-k3s-pool-workers-worker6,1,2026-06-06 08:13:57 UTC,15059724,15454596,173380,1.08,47116,600344,201096,1.26,208116,493816,440
cloud-k3s-pool-workers-worker6,1,2026-06-06 08:13:58 UTC,15059724,15454608,173360,1.08,47116,600364,201096,1.26,208116,493828,332
cloud-k3s-pool-workers-worker6,1,2026-06-06 08:13:59 UTC,15059724,15454608,173348,1.08,47116,600376,201096,1.26,208116,493828,344
cloud-k3s-pool-workers-worker6,1,2026-06-06 08:14:00 UTC,15059724,15454628,173340,1.08,47116,600384,201096,1.26,208116,493848,32
cloud-k3s-pool-workers-worker6,1,2026-06-06 08:14:01 UTC,15059724,15454628,173328,1.08,47116,600396,201096,1.26,208116,493848,40
cloud-k3s-pool-workers-worker6,1,2026-06-06 08:14:02 UTC,15059724,15454628,173320,1.08,47124,600396,201096,1.26,208116,493848,52
cloud-k3s-pool-workers-worker6,1,2026-06-06 08:14:03 UTC,15059976,15454912,173048,1.08,47124,600416,201096,1.26,208116,493880,40
cloud-k3s-pool-workers-worker6,1,2026-06-06 08:14:04 UTC,15059976,15454912,173040,1.08,47124,600424,201096,1.26,208116,493880,48
cloud-k3s-pool-workers-worker6,1,2026-06-06 08:14:05 UTC,15059976,15454912,173028,1.08,47124,600436,201096,1.26,208116,493880,60
cloud-k3s-pool-workers-worker6,1,2026-06-06 08:14:06 UTC,15059736,15454676,173240,1.08,47124,600444,201096,1.26,208116,493880,68
cloud-k3s-pool-workers-worker6,1,2026-06-06 08:14:07 UTC,15059736,15454676,173228,1.08,47124,600456,201096,1.26,208116,493880,224
cloud-k3s-pool-workers-worker6,1,2026-06-06 08:14:08 UTC,15059736,15454676,173220,1.08,47132,600456,201096,1.26,208116,493880,232
cloud-k3s-pool-workers-worker6,1,2026-06-06 08:14:09 UTC,15059736,15454736,173200,1.08,47132,600476,201096,1.26,208116,493940,256
cloud-k3s-pool-workers-worker6,1,2026-06-06 08:14:10 UTC,15059736,15454736,173192,1.08,47132,600484,201096,1.26,208116,493940,264
cloud-k3s-pool-workers-worker6,1,2026-06-06 08:14:11 UTC,15059736,15454736,173180,1.08,47132,600496,201096,1.26,208116,493940,276
cloud-k3s-pool-workers-worker6,1,2026-06-06 08:14:12 UTC,15059736,15454736,173168,1.08,47132,600508,201096,1.26,208116,493940,292
cloud-k3s-pool-workers-worker6,1,2026-06-06 08:14:13 UTC,15059736,15454736,173160,1.08,47132,600516,201096,1.26,208116,493940,300
cloud-k3s-pool-workers-worker6,1,2026-06-06 08:14:14 UTC,15059736,15454736,173140,1.08,47140,600528,201096,1.26,208116,493940,168
cloud-k3s-pool-workers-worker6,1,2026-06-06 08:14:15 UTC,15059736,15454796,173132,1.08,47140,600536,201096,1.26,208116,494000,176
cloud-k3s-pool-workers-worker6,1,2026-06-06 08:14:16 UTC,15059736,15454796,173120,1.08,47140,600548,201096,1.26,208116,494000,188
cloud-k3s-pool-workers-worker6,1,2026-06-06 08:14:17 UTC,15059736,15454796,173112,1.08,47140,600556,201096,1.26,208116,494000,196
cloud-k3s-pool-workers-worker6,1,2026-06-06 08:14:18 UTC,15062596,15457688,170240,1.07,47140,600568,201096,1.26,208116,494032,204
cloud-k3s-pool-workers-worker6,1,2026-06-06 08:14:19 UTC,15062596,15457688,170232,1.07,47140,600576,201096,1.26,208116,494032,196
cloud-k3s-pool-workers-worker6,1,2026-06-06 08:14:20 UTC,15062780,15457872,170028,1.06,47148,600588,201096,1.26,208116,494032,232
cloud-k3s-pool-workers-worker6,1,2026-06-06 08:14:21 UTC,15062780,15457932,170016,1.06,47148,600596,201096,1.26,208116,494092,240
cloud-k3s-pool-workers-worker6,1,2026-06-06 08:14:22 UTC,15062780,15457932,170004,1.06,47148,600608,201096,1.26,208116,494092,256
cloud-k3s-pool-workers-worker6,1,2026-06-06 08:14:23 UTC,15062780,15457932,169992,1.06,47148,600620,201096,1.26,208116,494092,268
cloud-k3s-pool-workers-worker6,1,2026-06-06 08:14:24 UTC,15062780,15457932,169984,1.06,47148,600628,201096,1.26,208116,494092,420
cloud-k3s-pool-workers-worker6,1,2026-06-06 08:14:25 UTC,15062780,15457932,169972,1.06,47148,600640,201096,1.26,208116,494092,432
cloud-k3s-pool-workers-worker6,1,2026-06-06 08:14:26 UTC,15062780,15457932,169956,1.06,47156,600648,201096,1.26,208116,494092,432
cloud-k3s-pool-workers-worker6,1,2026-06-06 08:14:27 UTC,15060264,15455476,172460,1.08,47156,600660,202456,1.27,208896,494152,444
cloud-k3s-pool-workers-worker6,1,2026-06-06 08:14:28 UTC,15060040,15455268,172672,1.08,47156,600668,202456,1.27,209184,494168,308
cloud-k3s-pool-workers-worker6,1,2026-06-06 08:14:29 UTC,15060040,15455268,172660,1.08,47156,600680,202456,1.27,209184,494168,316
cloud-k3s-pool-workers-worker6,1,2026-06-06 08:14:30 UTC,15060040,15455268,172652,1.08,47156,600688,202456,1.27,209184,494168,324
cloud-k3s-pool-workers-worker6,1,2026-06-06 08:14:31 UTC,15060040,15455268,172640,1.08,47156,600700,202456,1.27,209184,494168,76
cloud-k3s-pool-workers-worker6,1,2026-06-06 08:14:32 UTC,15060040,15455272,172620,1.08,47164,600708,202456,1.27,209184,494168,188
cloud-k3s-pool-workers-worker6,1,2026-06-06 08:14:33 UTC,15060040,15455332,172608,1.08,47164,600720,202456,1.27,209184,494228,200
cloud-k3s-pool-workers-worker6,1,2026-06-06 08:14:34 UTC,15060292,15455584,172348,1.08,47164,600728,202456,1.27,209184,494228,208
cloud-k3s-pool-workers-worker6,1,2026-06-06 08:14:35 UTC,15060292,15455584,172336,1.08,47164,600740,201096,1.26,208200,494228,224
cloud-k3s-pool-workers-worker6,1,2026-06-06 08:14:36 UTC,15060292,15455584,172332,1.08,47164,600752,201096,1.26,208124,494228,288
cloud-k3s-pool-workers-worker6,1,2026-06-06 08:14:37 UTC,15060292,15455584,172324,1.08,47172,600752,201096,1.26,208124,494228,280
cloud-k3s-pool-workers-worker6,1,2026-06-06 08:14:38 UTC,15060292,15455584,172304,1.08,47172,600772,201096,1.26,208124,494228,92
cloud-k3s-pool-workers-worker6,1,2026-06-06 08:14:39 UTC,15060040,15455392,172548,1.08,47172,600780,201096,1.26,208124,494288,100
cloud-k3s-pool-workers-worker6,1,2026-06-06 08:14:40 UTC,15060040,15455392,172536,1.08,47172,600792,201096,1.26,208124,494288,112
cloud-k3s-pool-workers-worker6,1,2026-06-06 08:14:41 UTC,15060040,15455392,172528,1.08,47172,600800,201096,1.26,208124,494288,120
cloud-k3s-pool-workers-worker6,1,2026-06-06 08:14:42 UTC,15060040,15455392,172508,1.08,47180,600812,201096,1.26,208124,494288,136
cloud-k3s-pool-workers-worker6,1,2026-06-06 08:14:43 UTC,15060040,15455392,172500,1.08,47180,600820,201096,1.26,208124,494288,144
cloud-k3s-pool-workers-worker6,1,2026-06-06 08:14:44 UTC,15060040,15455392,172488,1.08,47180,600832,201096,1.26,208124,494288,140
cloud-k3s-pool-workers-worker6,1,2026-06-06 08:14:45 UTC,15060040,15455452,172480,1.08,47180,600840,201096,1.26,208124,494348,148
cloud-k3s-pool-workers-worker6,1,2026-06-06 08:14:46 UTC,15060040,15455452,172468,1.08,47180,600852,201096,1.26,208124,494348,160
cloud-k3s-pool-workers-worker6,1,2026-06-06 08:14:47 UTC,15060040,15455452,172456,1.08,47188,600856,201096,1.26,208124,494348,172
cloud-k3s-pool-workers-worker6,1,2026-06-06 08:14:48 UTC,15060040,15455488,172440,1.08,47188,600872,201096,1.26,208124,494384,336
cloud-k3s-pool-workers-worker6,1,2026-06-06 08:14:49 UTC,15060040,15455488,172428,1.08,47188,600884,201096,1.26,208124,494384,348
cloud-k3s-pool-workers-worker6,1,2026-06-06 08:14:50 UTC,15060040,15455488,172420,1.08,47188,600892,201096,1.26,208124,494384,356
cloud-k3s-pool-workers-worker6,1,2026-06-06 08:14:51 UTC,15060040,15455488,172408,1.08,47188,600904,201096,1.26,208124,494384,368
cloud-k3s-pool-workers-worker6,1,2026-06-06 08:14:52 UTC,15060040,15455532,172388,1.08,47196,600912,201096,1.26,208124,494424,216
cloud-k3s-pool-workers-worker6,1,2026-06-06 08:14:53 UTC,15060040,15455532,172376,1.08,47196,600924,201096,1.26,208124,494424,228
cloud-k3s-pool-workers-worker6,1,2026-06-06 08:14:54 UTC,15060040,15455532,172368,1.08,47196,600932,201096,1.26,208124,494424,240
cloud-k3s-pool-workers-worker6,1,2026-06-06 08:14:55 UTC,15060040,15455532,172356,1.08,47196,600944,201096,1.26,208124,494424,252
cloud-k3s-pool-workers-worker6,1,2026-06-06 08:14:56 UTC,15060040,15455532,172348,1.08,47196,600952,201096,1.26,208124,494424,260
cloud-k3s-pool-workers-worker6,1,2026-06-06 08:14:57 UTC,15060040,15455532,172336,1.08,47204,600956,201096,1.26,208124,494424,272
cloud-k3s-pool-workers-worker6,1,2026-06-06 08:14:58 UTC,15060040,15455640,172320,1.08,47204,600972,201096,1.26,208124,494532,296
cloud-k3s-pool-workers-worker6,1,2026-06-06 08:14:59 UTC,15060040,15455640,172308,1.08,47204,600984,201096,1.26,208124,494532,308
cloud-k3s-pool-workers-worker6,1,2026-06-06 08:15:00 UTC,15060040,15455640,172296,1.08,47204,600996,201096,1.26,208124,494532,320
cloud-k3s-pool-workers-worker6,1,2026-06-06 08:15:01 UTC,15060040,15455640,172288,1.08,47204,601004,201096,1.26,208124,494532,328
cloud-k3s-pool-workers-worker6,1,2026-06-06 08:15:02 UTC,15060040,15455640,172272,1.08,47204,601020,201096,1.26,208100,494532,576
cloud-k3s-pool-workers-worker6,1,2026-06-06 08:15:03 UTC,15060040,15455640,172268,1.08,47212,601020,199736,1.25,206984,494532,288
cloud-k3s-pool-workers-worker6,1,2026-06-06 08:15:04 UTC,15060040,15455708,172248,1.08,47212,601040,199736,1.25,206984,494600,252
cloud-k3s-pool-workers-worker6,1,2026-06-06 08:15:05 UTC,15060040,15455708,172240,1.08,47212,601048,199736,1.25,206984,494600,260
cloud-k3s-pool-workers-worker6,1,2026-06-06 08:15:06 UTC,15060040,15455708,172228,1.08,47212,601060,199736,1.25,206984,494600,272
cloud-k3s-pool-workers-worker6,1,2026-06-06 08:15:07 UTC,15060040,15455708,172216,1.08,47212,601068,199736,1.25,206984,494600,60
cloud-k3s-pool-workers-worker6,1,2026-06-06 08:15:08 UTC,15060296,15455964,171940,1.08,47220,601080,199736,1.25,206984,494600,244
cloud-k3s-pool-workers-worker6,1,2026-06-06 08:15:09 UTC,15060296,15455964,171932,1.08,47220,601088,199736,1.25,206984,494600,252
cloud-k3s-pool-workers-worker6,1,2026-06-06 08:15:10 UTC,15060296,15456024,171920,1.08,47220,601100,199736,1.25,206984,494660,264
cloud-k3s-pool-workers-worker6,1,2026-06-06 08:15:11 UTC,15060296,15456024,171908,1.08,47220,601112,201096,1.26,208080,494660,276
cloud-k3s-pool-workers-worker6,1,2026-06-06 08:15:12 UTC,15060296,15456024,171900,1.08,47220,601120,201096,1.26,208080,494660,284
cloud-k3s-pool-workers-worker6,1,2026-06-06 08:15:13 UTC,15060296,15456024,171888,1.08,47228,601124,201096,1.26,208080,494660,296
cloud-k3s-pool-workers-worker6,1,2026-06-06 08:15:14 UTC,15060296,15456032,171872,1.08,47228,601140,201096,1.26,208080,494668,116
cloud-k3s-pool-workers-worker6,1,2026-06-06 08:15:15 UTC,15060296,15456092,171860,1.08,47228,601152,201096,1.26,208080,494728,128
cloud-k3s-pool-workers-worker6,1,2026-06-06 08:15:16 UTC,15060296,15456092,171852,1.08,47228,601160,201096,1.26,208080,494728,136
cloud-k3s-pool-workers-worker6,1,2026-06-06 08:15:17 UTC,15060296,15456092,171840,1.08,47228,601172,201096,1.26,208080,494728,152
cloud-k3s-pool-workers-worker6,1,2026-06-06 08:15:18 UTC,15060296,15456092,171832,1.08,47228,601180,201096,1.26,208080,494728,160
cloud-k3s-pool-workers-worker6,1,2026-06-06 08:15:19 UTC,15060296,15456092,171820,1.08,47236,601184,201096,1.26,208080,494728,172
cloud-k3s-pool-workers-worker6,1,2026-06-06 08:15:20 UTC,15060296,15456092,171804,1.07,47236,601200,201096,1.26,208080,494728,196
cloud-k3s-pool-workers-worker6,1,2026-06-06 08:15:21 UTC,15060296,15456152,171792,1.07,47236,601212,201096,1.26,208080,494788,208
cloud-k3s-pool-workers-worker6,1,2026-06-06 08:15:22 UTC,15060296,15456156,171776,1.07,47236,601224,201096,1.26,208080,494788,220
cloud-k3s-pool-workers-worker6,1,2026-06-06 08:15:23 UTC,15060296,15456156,171768,1.07,47236,601232,201096,1.26,208080,494788,228
cloud-k3s-pool-workers-worker6,1,2026-06-06 08:15:24 UTC,15060296,15456156,171756,1.07,47236,601244,201096,1.26,208100,494788,368
cloud-k3s-pool-workers-worker6,1,2026-06-06 08:15:25 UTC,15060296,15456156,171748,1.07,47244,601244,201096,1.26,208100,494788,376
cloud-k3s-pool-workers-worker6,1,2026-06-06 08:15:26 UTC,15060296,15456156,171728,1.07,47244,601264,201096,1.26,208100,494788,408
cloud-k3s-pool-workers-worker6,1,2026-06-06 08:15:27 UTC,15056264,15452184,175752,1.10,47244,601272,201096,1.26,208100,494848,420
cloud-k3s-pool-workers-worker6,1,2026-06-06 08:15:28 UTC,15056264,15452184,175740,1.10,47244,601284,201096,1.26,208124,494848,284
cloud-k3s-pool-workers-worker6,1,2026-06-06 08:15:29 UTC,15056264,15452184,175732,1.10,47244,601292,201096,1.26,208124,494848,292
cloud-k3s-pool-workers-worker6,1,2026-06-06 08:15:30 UTC,15056264,15452184,175720,1.10,47244,601304,201096,1.26,208124,494848,284
cloud-k3s-pool-workers-worker6,1,2026-06-06 08:15:31 UTC,15056264,15452184,175712,1.10,47252,601304,201096,1.26,208124,494848,292
cloud-k3s-pool-workers-worker6,1,2026-06-06 08:15:32 UTC,15056264,15452216,175692,1.10,47252,601324,201096,1.26,208124,494880,312
cloud-k3s-pool-workers-worker6,1,2026-06-06 08:15:33 UTC,15056264,15452276,175684,1.10,47252,601332,201096,1.26,208124,494940,168
cloud-k3s-pool-workers-worker6,1,2026-06-06 08:15:34 UTC,15058108,15454120,173828,1.09,47252,601344,204280,1.28,209696,494940,72
cloud-k3s-pool-workers-worker6,1,2026-06-06 08:15:35 UTC,15058108,15454220,173696,1.09,47252,601484,201096,1.26,208224,494940,232
cloud-k3s-pool-workers-worker6,1,2026-06-06 08:15:36 UTC,15058108,15454220,173680,1.09,47260,601492,201096,1.26,208224,494940,168
cloud-k3s-pool-workers-worker6,1,2026-06-06 08:15:37 UTC,15058108,15454220,173664,1.09,47260,601504,203944,1.28,209468,494940,184
cloud-k3s-pool-workers-worker6,1,2026-06-06 08:15:38 UTC,15058360,15454500,173404,1.08,47260,601512,204544,1.28,209864,494940,340
cloud-k3s-pool-workers-worker6,1,2026-06-06 08:15:39 UTC,15058360,15454560,173392,1.08,47260,601524,204544,1.28,209864,495000,352
cloud-k3s-pool-workers-worker6,1,2026-06-06 08:15:40 UTC,15066420,15462620,165324,1.03,47260,601532,201096,1.26,208304,495000,136
cloud-k3s-pool-workers-worker6,1,2026-06-06 08:15:41 UTC,15067200,15463400,164532,1.03,47260,601544,201096,1.26,208304,495000,148
cloud-k3s-pool-workers-worker6,1,2026-06-06 08:15:42 UTC,15067364,15463572,164352,1.03,47268,601552,201096,1.26,208204,495008,120
cloud-k3s-pool-workers-worker6,1,2026-06-06 08:15:43 UTC,15067364,15463580,164340,1.03,47268,601564,201096,1.26,208204,495016,128
cloud-k3s-pool-workers-worker6,1,2026-06-06 08:15:44 UTC,15067364,15463580,164332,1.03,47268,601572,201096,1.26,208204,495016,288
cloud-k3s-pool-workers-worker6,1,2026-06-06 08:15:45 UTC,15067364,15463640,164320,1.03,47268,601584,201096,1.26,208204,495076,300
cloud-k3s-pool-workers-worker6,1,2026-06-06 08:15:46 UTC,15067364,15463640,164308,1.03,47268,601596,201096,1.26,208204,495076,312
cloud-k3s-pool-workers-worker6,1,2026-06-06 08:15:47 UTC,15067364,15463640,164300,1.03,47276,601596,201096,1.26,208204,495076,320
cloud-k3s-pool-workers-worker6,1,2026-06-06 08:15:48 UTC,15067364,15463640,164280,1.03,47276,601616,201096,1.26,208204,495076,308
cloud-k3s-pool-workers-worker6,1,2026-06-06 08:15:49 UTC,15067364,15463640,164272,1.03,47276,601624,201096,1.26,208204,495076,316
cloud-k3s-pool-workers-worker6,1,2026-06-06 08:15:50 UTC,15067364,15463640,164260,1.03,47276,601636,201096,1.26,208204,495076,328
cloud-k3s-pool-workers-worker6,1,2026-06-06 08:15:51 UTC,15067364,15463700,164252,1.03,47276,601644,201096,1.26,208204,495136,336
cloud-k3s-pool-workers-worker6,1,2026-06-06 08:15:52 UTC,15067364,15463700,164240,1.03,47284,601648,201096,1.26,208204,495136,352
cloud-k3s-pool-workers-worker6,1,2026-06-06 08:15:53 UTC,15064876,15461216,166716,1.04,47284,601656,202456,1.27,208984,495136,360
cloud-k3s-pool-workers-worker6,1,2026-06-06 08:15:54 UTC,15064876,15461232,166696,1.04,47284,601676,202456,1.27,209340,495152,212
cloud-k3s-pool-workers-worker6,1,2026-06-06 08:15:55 UTC,15064876,15461232,166688,1.04,47284,601684,202456,1.27,209340,495152,220
cloud-k3s-pool-workers-worker6,1,2026-06-06 08:15:56 UTC,15064876,15461232,166676,1.04,47284,601696,202456,1.27,209340,495152,232
cloud-k3s-pool-workers-worker6,1,2026-06-06 08:15:57 UTC,15064876,15461300,166660,1.04,47292,601704,202456,1.27,209340,495220,396
cloud-k3s-pool-workers-worker6,1,2026-06-06 08:15:58 UTC,15064876,15461300,166648,1.04,47292,601716,202456,1.27,209340,495220,408
cloud-k3s-pool-workers-worker6,1,2026-06-06 08:15:59 UTC,15064876,15461300,166636,1.04,47292,601728,202456,1.27,209340,495220,420
cloud-k3s-pool-workers-worker6,1,2026-06-06 08:16:00 UTC,15064876,15461300,166628,1.04,47292,601736,202456,1.27,209340,495220,428
cloud-k3s-pool-workers-worker6,1,2026-06-06 08:16:01 UTC,15064876,15461300,166616,1.04,47292,601748,202456,1.27,209340,495220,440
cloud-k3s-pool-workers-worker6,1,2026-06-06 08:16:02 UTC,15064876,15461300,166608,1.04,47300,601748,202456,1.27,209340,495220,452
cloud-k3s-pool-workers-worker6,1,2026-06-06 08:16:03 UTC,15064876,15461360,166596,1.04,47300,601760,202456,1.27,209340,495280,464
cloud-k3s-pool-workers-worker6,1,2026-06-06 08:16:04 UTC,15064876,15461368,166580,1.04,47300,601776,202456,1.27,209364,495288,312
cloud-k3s-pool-workers-worker6,1,2026-06-06 08:16:05 UTC,15064876,15461368,166568,1.04,47300,601788,202456,1.27,209364,495288,324
cloud-k3s-pool-workers-worker6,1,2026-06-06 08:16:06 UTC,15064876,15461368,166560,1.04,47300,601796,202456,1.27,209364,495288,72
cloud-k3s-pool-workers-worker6,1,2026-06-06 08:16:07 UTC,15064876,15461368,166548,1.04,47308,601800,202456,1.27,209364,495288,88
cloud-k3s-pool-workers-worker6,1,2026-06-06 08:16:08 UTC,15064876,15461376,166528,1.04,47308,601816,202456,1.27,209364,495296,48
cloud-k3s-pool-workers-worker6,1,2026-06-06 08:16:09 UTC,15064876,15461436,166516,1.04,47308,601828,202456,1.27,209364,495356,60
cloud-k3s-pool-workers-worker6,1,2026-06-06 08:16:10 UTC,15064876,15461436,166504,1.04,47308,601840,202456,1.27,209364,495356,72
cloud-k3s-pool-workers-worker6,1,2026-06-06 08:16:11 UTC,15064876,15461436,166496,1.04,47308,601848,202456,1.27,209364,495356,80
cloud-k3s-pool-workers-worker6,1,2026-06-06 08:16:12 UTC,15064876,15461436,166484,1.04,47316,601852,202456,1.27,209364,495356,96
cloud-k3s-pool-workers-worker6,1,2026-06-06 08:16:13 UTC,15064876,15461436,166476,1.04,47316,601860,202456,1.27,209364,495356,104
cloud-k3s-pool-workers-worker6,1,2026-06-06 08:16:14 UTC,15064876,15461504,166456,1.04,47316,601880,202456,1.27,209364,495424,244
cloud-k3s-pool-workers-worker6,1,2026-06-06 08:16:15 UTC,15064876,15461504,166448,1.04,47316,601888,202456,1.27,209364,495424,252
cloud-k3s-pool-workers-worker6,1,2026-06-06 08:16:16 UTC,15064876,15461504,166436,1.04,47316,601900,202456,1.27,209364,495424,264
cloud-k3s-pool-workers-worker6,1,2026-06-06 08:16:17 UTC,15064876,15461512,166420,1.04,47324,601908,202456,1.27,209364,495432,288
cloud-k3s-pool-workers-worker6,1,2026-06-06 08:16:18 UTC,15064876,15461512,166408,1.04,47324,601920,202456,1.27,209364,495432,300
cloud-k3s-pool-workers-worker6,1,2026-06-06 08:16:19 UTC,15064876,15461512,166400,1.04,47324,601928,202456,1.27,209364,495432,308
cloud-k3s-pool-workers-worker6,1,2026-06-06 08:16:20 UTC,15064876,15461572,166388,1.04,47324,601940,202456,1.27,209364,495492,156
cloud-k3s-pool-workers-worker6,1,2026-06-06 08:16:21 UTC,15064876,15461572,166380,1.04,47324,601948,202456,1.27,209364,495492,164
cloud-k3s-pool-workers-worker6,1,2026-06-06 08:16:22 UTC,15064876,15461572,166368,1.04,47332,601952,202456,1.27,209364,495492,180
cloud-k3s-pool-workers-worker6,1,2026-06-06 08:16:23 UTC,15064876,15461576,166352,1.04,47332,601964,202456,1.27,209364,495492,192
cloud-k3s-pool-workers-worker6,1,2026-06-06 08:16:24 UTC,15064876,15461584,166332,1.04,47332,601980,202456,1.27,209364,495500,192
cloud-k3s-pool-workers-worker6,1,2026-06-06 08:16:25 UTC,15064876,15461584,166320,1.04,47332,601992,202456,1.27,209364,495500,204
cloud-k3s-pool-workers-worker6,1,2026-06-06 08:16:26 UTC,15064876,15461644,166312,1.04,47332,602000,202456,1.27,209364,495560,212
cloud-k3s-pool-workers-worker6,1,2026-06-06 08:16:27 UTC,15064876,15461644,166300,1.04,47340,602004,202456,1.27,209364,495560,224
cloud-k3s-pool-workers-worker6,1,2026-06-06 08:16:28 UTC,15064876,15461652,166284,1.04,47340,602020,202456,1.27,209364,495568,388
cloud-k3s-pool-workers-worker6,1,2026-06-06 08:16:29 UTC,15064876,15461652,166272,1.04,47340,602032,202456,1.27,209364,495568,400
cloud-k3s-pool-workers-worker6,1,2026-06-06 08:16:30 UTC,15064876,15461652,166264,1.04,47340,602040,202456,1.27,209364,495568,408
cloud-k3s-pool-workers-worker6,1,2026-06-06 08:16:31 UTC,15064876,15461652,166252,1.04,47340,602052,202456,1.27,209364,495568,420
cloud-k3s-pool-workers-worker6,1,2026-06-06 08:16:32 UTC,15064876,15461712,166244,1.04,47348,602052,202456,1.27,209364,495628,432
cloud-k3s-pool-workers-worker6,1,2026-06-06 08:16:33 UTC,15064876,15461712,166232,1.04,47348,602064,202456,1.27,209364,495628,444
cloud-k3s-pool-workers-worker6,1,2026-06-06 08:16:34 UTC,15064876,15461720,166212,1.04,47348,602084,202456,1.27,209364,495636,296
cloud-k3s-pool-workers-worker6,1,2026-06-06 08:16:35 UTC,15064876,15461720,166204,1.04,47348,602092,202456,1.27,209364,495636,304
cloud-k3s-pool-workers-worker6,1,2026-06-06 08:16:36 UTC,15064876,15461720,166192,1.04,47348,602104,202456,1.27,209364,495636,316
cloud-k3s-pool-workers-worker6,1,2026-06-06 08:16:37 UTC,15064876,15461728,166176,1.04,47356,602112,202456,1.27,209364,495644,220
cloud-k3s-pool-workers-worker6,1,2026-06-06 08:16:38 UTC,15064876,15461788,166164,1.04,47356,602124,202456,1.27,209364,495704,236
cloud-k3s-pool-workers-worker6,1,2026-06-06 08:16:39 UTC,15064876,15461792,166152,1.04,47356,602132,202456,1.27,209364,495704,244
cloud-k3s-pool-workers-worker6,1,2026-06-06 08:16:40 UTC,15064876,15461792,166140,1.04,47356,602144,202456,1.27,209364,495704,48
cloud-k3s-pool-workers-worker6,1,2026-06-06 08:16:41 UTC,15064876,15461792,166132,1.04,47356,602152,202456,1.27,209364,495704,56
cloud-k3s-pool-workers-worker6,1,2026-06-06 08:16:42 UTC,15064876,15461792,166120,1.04,47364,602156,202456,1.27,209364,495704,72
cloud-k3s-pool-workers-worker6,1,2026-06-06 08:16:43 UTC,15064876,15461792,166104,1.04,47364,602172,202456,1.27,209364,495704,216
cloud-k3s-pool-workers-worker6,1,2026-06-06 08:16:44 UTC,15064876,15461852,166092,1.04,47364,602184,202456,1.27,209364,495764,228
cloud-k3s-pool-workers-worker6,1,2026-06-06 08:16:45 UTC,15064876,15461852,166084,1.04,47364,602192,202456,1.27,209364,495764,236
cloud-k3s-pool-workers-worker6,1,2026-06-06 08:16:46 UTC,15064876,15461852,166072,1.04,47364,602204,202456,1.27,209364,495764,248
cloud-k3s-pool-workers-worker6,1,2026-06-06 08:16:47 UTC,15064876,15461852,166060,1.04,47372,602208,202456,1.27,209364,495764,260
cloud-k3s-pool-workers-worker6,1,2026-06-06 08:16:48 UTC,15064876,15461868,166044,1.04,47372,602224,202456,1.27,209364,495780,132
cloud-k3s-pool-workers-worker6,1,2026-06-06 08:16:49 UTC,15064876,15461868,166032,1.04,47372,602236,202456,1.27,209364,495780,144
cloud-k3s-pool-workers-worker6,1,2026-06-06 08:16:50 UTC,15064876,15461928,166024,1.04,47372,602244,202456,1.27,209364,495840,148
cloud-k3s-pool-workers-worker6,1,2026-06-06 08:16:51 UTC,15064876,15461928,166012,1.04,47372,602256,202456,1.27,209364,495840,160
cloud-k3s-pool-workers-worker6,1,2026-06-06 08:16:52 UTC,15064876,15461928,166004,1.04,47380,602256,202456,1.27,209364,495840,172
cloud-k3s-pool-workers-worker6,1,2026-06-06 08:16:53 UTC,15064876,15461928,165992,1.04,47380,602268,202456,1.27,209364,495840,184
cloud-k3s-pool-workers-worker6,1,2026-06-06 08:16:54 UTC,15064876,15461936,165972,1.04,47380,602284,202456,1.27,209364,495848,180
cloud-k3s-pool-workers-worker6,1,2026-06-06 08:16:55 UTC,15064876,15461936,165960,1.04,47380,602296,202456,1.27,209364,495848,192
cloud-k3s-pool-workers-worker6,1,2026-06-06 08:16:56 UTC,15064876,15461996,165952,1.04,47380,602304,202456,1.27,209364,495908,200
cloud-k3s-pool-workers-worker6,1,2026-06-06 08:16:57 UTC,15064876,15461996,165940,1.04,47388,602308,202456,1.27,209364,495908,212
cloud-k3s-pool-workers-worker6,1,2026-06-06 08:16:58 UTC,15064876,15462004,165920,1.04,47388,602328,202456,1.27,209364,495916,372
cloud-k3s-pool-workers-worker6,1,2026-06-06 08:16:59 UTC,15064876,15462004,165912,1.04,47388,602336,202456,1.27,209364,495916,380
cloud-k3s-pool-workers-worker6,1,2026-06-06 08:17:00 UTC,15064876,15462004,165900,1.04,47388,602348,202456,1.27,209364,495916,392
cloud-k3s-pool-workers-worker6,1,2026-06-06 08:17:01 UTC,15064876,15462004,165892,1.04,47388,602356,202456,1.27,209364,495916,400
cloud-k3s-pool-workers-worker6,1,2026-06-06 08:17:02 UTC,15064372,15461560,166384,1.04,47400,602356,202456,1.27,209364,495976,420
cloud-k3s-pool-workers-worker6,1,2026-06-06 08:17:03 UTC,15056308,15453496,174440,1.09,47400,602364,202456,1.27,209364,495976,428
cloud-k3s-pool-workers-worker6,1,2026-06-06 08:17:04 UTC,15056308,15453508,174436,1.09,47400,602388,202456,1.27,209340,495988,288
cloud-k3s-pool-workers-worker6,1,2026-06-06 08:17:05 UTC,15056308,15453508,174428,1.09,47400,602396,202456,1.27,209340,495988,296
cloud-k3s-pool-workers-worker6,1,2026-06-06 08:17:06 UTC,15056308,15453508,174416,1.09,47400,602408,202456,1.27,209340,495988,308
cloud-k3s-pool-workers-worker6,1,2026-06-06 08:17:07 UTC,15056752,15453952,173964,1.09,47400,602416,202456,1.27,209364,495988,312
cloud-k3s-pool-workers-worker6,1,2026-06-06 08:17:08 UTC,15056752,15454012,173952,1.09,47408,602420,202456,1.27,209364,496048,176
cloud-k3s-pool-workers-worker6,1,2026-06-06 08:17:09 UTC,15058164,15455424,172524,1.08,47408,602436,202456,1.27,209364,496048,24
cloud-k3s-pool-workers-worker6,1,2026-06-06 08:17:10 UTC,15058164,15455424,172508,1.08,47408,602448,202456,1.27,209364,496048,40
cloud-k3s-pool-workers-worker6,1,2026-06-06 08:17:11 UTC,15059204,15456464,171456,1.07,47408,602460,201096,1.26,208324,496048,52
cloud-k3s-pool-workers-worker6,1,2026-06-06 08:17:12 UTC,15068276,15465536,162376,1.02,47408,602468,201096,1.26,208248,496048,60
cloud-k3s-pool-workers-worker6,1,2026-06-06 08:17:13 UTC,15068276,15465596,162364,1.02,47416,602472,201096,1.26,208248,496108,220
cloud-k3s-pool-workers-worker6,1,2026-06-06 08:17:14 UTC,15068276,15465596,162348,1.02,47416,602488,201096,1.26,208248,496108,232
cloud-k3s-pool-workers-worker6,1,2026-06-06 08:17:15 UTC,15065508,15462828,165104,1.03,47416,602500,202456,1.27,209028,496108,244
cloud-k3s-pool-workers-worker6,1,2026-06-06 08:17:16 UTC,15065284,15462604,165316,1.03,47416,602508,202456,1.27,209324,496108,252
cloud-k3s-pool-workers-worker6,1,2026-06-06 08:17:17 UTC,15065032,15462352,165552,1.04,47416,602520,203816,1.28,210392,496108,280
cloud-k3s-pool-workers-worker6,1,2026-06-06 08:17:18 UTC,15065032,15462352,165544,1.04,47416,602528,203816,1.28,210392,496108,288
cloud-k3s-pool-workers-worker6,1,2026-06-06 08:17:19 UTC,15065032,15462412,165532,1.04,47424,602532,203816,1.28,210392,496168,300
cloud-k3s-pool-workers-worker6,1,2026-06-06 08:17:20 UTC,15065032,15462412,165516,1.04,47424,602548,203816,1.28,210392,496168,136
cloud-k3s-pool-workers-worker6,1,2026-06-06 08:17:21 UTC,15063268,15460648,167220,1.05,47424,602560,207264,1.30,212104,496168,328
cloud-k3s-pool-workers-worker6,1,2026-06-06 08:17:22 UTC,15063268,15460648,167208,1.05,47424,602572,207264,1.30,212104,496168,412
cloud-k3s-pool-workers-worker6,1,2026-06-06 08:17:23 UTC,15063268,15460648,167200,1.05,47424,602580,207264,1.30,212140,496168,292
cloud-k3s-pool-workers-worker6,1,2026-06-06 08:17:24 UTC,15063268,15460676,167208,1.05,47424,602596,203816,1.28,210460,496192,308
cloud-k3s-pool-workers-worker6,1,2026-06-06 08:17:25 UTC,15063268,15460736,167192,1.05,47432,602604,203816,1.28,210456,496252,344
cloud-k3s-pool-workers-worker6,1,2026-06-06 08:17:26 UTC,15063268,15460736,167180,1.05,47432,602616,203816,1.28,210456,496252,356
cloud-k3s-pool-workers-worker6,1,2026-06-06 08:17:27 UTC,15063268,15460736,167172,1.05,47432,602624,203816,1.28,210456,496252,368
cloud-k3s-pool-workers-worker6,1,2026-06-06 08:17:28 UTC,15063268,15460736,167160,1.05,47432,602636,203816,1.28,210456,496252,452
cloud-k3s-pool-workers-worker6,1,2026-06-06 08:17:29 UTC,15063268,15460736,167152,1.05,47432,602644,203816,1.28,210456,496252,248
cloud-k3s-pool-workers-worker6,1,2026-06-06 08:17:30 UTC,15063268,15460796,167140,1.05,47432,602656,203816,1.28,210480,496312,220
cloud-k3s-pool-workers-worker6,1,2026-06-06 08:17:31 UTC,15063268,15460796,167124,1.05,47440,602664,203816,1.28,210480,496312,260
cloud-k3s-pool-workers-worker6,1,2026-06-06 08:17:32 UTC,15063268,15460796,167112,1.05,47440,602676,203816,1.28,210480,496312,424
cloud-k3s-pool-workers-worker6,1,2026-06-06 08:17:33 UTC,15063268,15460796,167100,1.05,47440,602688,203816,1.28,210480,496312,436
cloud-k3s-pool-workers-worker6,1,2026-06-06 08:17:34 UTC,15063268,15460796,167092,1.05,47440,602696,203816,1.28,210480,496312,444
cloud-k3s-pool-workers-worker6,1,2026-06-06 08:17:35 UTC,15063268,15460796,167080,1.05,47440,602708,203816,1.28,210480,496312,456
cloud-k3s-pool-workers-worker6,1,2026-06-06 08:17:36 UTC,15063268,15460856,167072,1.05,47440,602716,203816,1.28,210480,496372,464
cloud-k3s-pool-workers-worker6,1,2026-06-06 08:17:37 UTC,15063268,15460856,167052,1.05,47456,602720,203816,1.28,210480,496372,492
cloud-k3s-pool-workers-worker6,1,2026-06-06 08:17:38 UTC,15063268,15460856,167036,1.05,47456,602736,203816,1.28,210480,496372,464
cloud-k3s-pool-workers-worker6,1,2026-06-06 08:17:39 UTC,15063268,15460856,167020,1.04,47456,602748,203816,1.28,210480,496372,476
cloud-k3s-pool-workers-worker6,1,2026-06-06 08:17:40 UTC,15063016,15460604,167264,1.05,47456,602756,203816,1.28,210480,496372,16
cloud-k3s-pool-workers-worker6,1,2026-06-06 08:17:41 UTC,15063016,15460604,167252,1.05,47456,602768,203816,1.28,210480,496372,32
cloud-k3s-pool-workers-worker6,1,2026-06-06 08:17:42 UTC,15063016,15460664,167244,1.05,47456,602776,203816,1.28,210480,496432,44
cloud-k3s-pool-workers-worker6,1,2026-06-06 08:17:43 UTC,15063016,15460664,167232,1.05,47464,602780,203816,1.28,210480,496432,56
cloud-k3s-pool-workers-worker6,1,2026-06-06 08:17:44 UTC,15063016,15460700,167212,1.05,47464,602796,203816,1.28,210480,496464,72
cloud-k3s-pool-workers-worker6,1,2026-06-06 08:17:45 UTC,15063016,15460700,167200,1.05,47464,602808,203816,1.28,210480,496464,84
cloud-k3s-pool-workers-worker6,1,2026-06-06 08:17:46 UTC,15063016,15460700,167188,1.05,47464,602820,203816,1.28,210480,496464,96
cloud-k3s-pool-workers-worker6,1,2026-06-06 08:17:47 UTC,15063016,15460700,167180,1.05,47464,602828,203816,1.28,210480,496464,244
cloud-k3s-pool-workers-worker6,1,2026-06-06 08:17:48 UTC,15063016,15460760,167160,1.05,47472,602840,203816,1.28,210480,496524,232
cloud-k3s-pool-workers-worker6,1,2026-06-06 08:17:49 UTC,15063016,15460760,167152,1.05,47472,602848,203816,1.28,210480,496524,240
cloud-k3s-pool-workers-worker6,1,2026-06-06 08:17:50 UTC,15063016,15460760,167140,1.05,47472,602860,203816,1.28,210480,496524,252
cloud-k3s-pool-workers-worker6,1,2026-06-06 08:17:51 UTC,15063016,15460760,167132,1.05,47472,602868,203816,1.28,210480,496524,260
cloud-k3s-pool-workers-worker6,1,2026-06-06 08:17:52 UTC,15063016,15460820,167116,1.05,47472,602884,203816,1.28,210480,496584,280
cloud-k3s-pool-workers-worker6,1,2026-06-06 08:17:53 UTC,15063016,15460820,167104,1.05,47472,602892,202456,1.27,209440,496584,288
cloud-k3s-pool-workers-worker6,1,2026-06-06 08:17:54 UTC,15063016,15460820,167084,1.05,47480,602904,202456,1.27,209364,496584,168
cloud-k3s-pool-workers-worker6,1,2026-06-06 08:17:55 UTC,15063016,15460820,167076,1.05,47480,602912,202456,1.27,209364,496584,176
cloud-k3s-pool-workers-worker6,1,2026-06-06 08:17:56 UTC,15063016,15460820,167064,1.05,47480,602924,202456,1.27,209364,496584,188
cloud-k3s-pool-workers-worker6,1,2026-06-06 08:17:57 UTC,15063016,15460820,167052,1.05,47480,602936,202456,1.27,209364,496584,200
cloud-k3s-pool-workers-worker6,1,2026-06-06 08:17:58 UTC,15063016,15460880,167044,1.05,47480,602944,202456,1.27,209364,496644,352
cloud-k3s-pool-workers-worker6,1,2026-06-06 08:17:59 UTC,15063016,15460880,167032,1.05,47488,602948,202456,1.27,209364,496644,200
cloud-k3s-pool-workers-worker6,1,2026-06-06 08:18:00 UTC,15063016,15460880,167016,1.04,47488,602964,202456,1.27,209364,496644,232
cloud-k3s-pool-workers-worker6,1,2026-06-06 08:18:01 UTC,15063016,15460880,167004,1.04,47488,602976,202456,1.27,209364,496644,244
cloud-k3s-pool-workers-worker6,1,2026-06-06 08:18:02 UTC,15063016,15460880,166996,1.04,47488,602984,202456,1.27,209364,496644,400
cloud-k3s-pool-workers-worker6,1,2026-06-06 08:18:03 UTC,15063016,15460880,166984,1.04,47488,602996,202456,1.27,209364,496644,412
cloud-k3s-pool-workers-worker6,1,2026-06-06 08:18:04 UTC,15063016,15460940,166976,1.04,47488,603004,202456,1.27,209364,496704,420
cloud-k3s-pool-workers-worker6,1,2026-06-06 08:18:05 UTC,15063016,15460940,166964,1.04,47496,603008,202456,1.27,209364,496704,432
cloud-k3s-pool-workers-worker6,1,2026-06-06 08:18:06 UTC,15063016,15460940,166948,1.04,47496,603024,202456,1.27,209364,496704,432
cloud-k3s-pool-workers-worker6,1,2026-06-06 08:18:07 UTC,15063016,15460940,166936,1.04,47496,603036,202456,1.27,209364,496704,456
cloud-k3s-pool-workers-worker6,1,2026-06-06 08:18:08 UTC,15063016,15460940,166928,1.04,47496,603044,202456,1.27,209364,496704,464
cloud-k3s-pool-workers-worker6,1,2026-06-06 08:18:09 UTC,15063016,15460944,166912,1.04,47496,603056,202456,1.27,209364,496704,476
cloud-k3s-pool-workers-worker6,1,2026-06-06 08:18:10 UTC,15055996,15453984,173920,1.09,47496,603068,202456,1.27,209364,496764,328
cloud-k3s-pool-workers-worker6,1,2026-06-06 08:18:11 UTC,15055996,15453984,173912,1.09,47504,603068,202456,1.27,209364,496764,336
cloud-k3s-pool-workers-worker6,1,2026-06-06 08:18:12 UTC,15057872,15455860,172016,1.08,47504,603088,202456,1.27,209364,496764,160
cloud-k3s-pool-workers-worker6,1,2026-06-06 08:18:13 UTC,15057872,15455860,172008,1.08,47504,603096,202456,1.27,209364,496764,172
cloud-k3s-pool-workers-worker6,1,2026-06-06 08:18:14 UTC,15059492,15457480,170376,1.07,47504,603108,202456,1.27,209364,496764,40
cloud-k3s-pool-workers-worker6,1,2026-06-06 08:18:15 UTC,15059492,15457480,170368,1.07,47504,603116,202456,1.27,209364,496764,48
cloud-k3s-pool-workers-worker6,1,2026-06-06 08:18:16 UTC,15060884,15458932,168964,1.06,47512,603120,202456,1.27,209364,496824,60
cloud-k3s-pool-workers-worker6,1,2026-06-06 08:18:17 UTC,15060884,15458932,168956,1.06,47512,603128,202456,1.27,209364,496824,68
cloud-k3s-pool-workers-worker6,1,2026-06-06 08:18:18 UTC,15061756,15459804,168064,1.05,47512,603148,202456,1.27,209364,496824,240
cloud-k3s-pool-workers-worker6,1,2026-06-06 08:18:19 UTC,15061756,15459804,168056,1.05,47512,603156,202456,1.27,209364,496824,248
cloud-k3s-pool-workers-worker6,1,2026-06-06 08:18:20 UTC,15061756,15459804,168044,1.05,47512,603168,202456,1.27,209364,496824,256
cloud-k3s-pool-workers-worker6,1,2026-06-06 08:18:21 UTC,15061756,15459804,168032,1.05,47512,603180,202456,1.27,209364,496824,268
cloud-k3s-pool-workers-worker6,1,2026-06-06 08:18:22 UTC,15061756,15459864,168024,1.05,47520,603180,202456,1.27,209364,496884,252
cloud-k3s-pool-workers-worker6,1,2026-06-06 08:18:23 UTC,15061756,15459864,168012,1.05,47520,603192,202456,1.27,209364,496884,264
cloud-k3s-pool-workers-worker6,1,2026-06-06 08:18:24 UTC,15061756,15459864,167992,1.05,47520,603208,202456,1.27,209364,496884,32
cloud-k3s-pool-workers-worker6,1,2026-06-06 08:18:25 UTC,15061756,15459864,167980,1.05,47520,603220,202456,1.27,209364,496884,44
cloud-k3s-pool-workers-worker6,1,2026-06-06 08:18:26 UTC,15061756,15459864,167972,1.05,47520,603228,202456,1.27,209364,496884,52
cloud-k3s-pool-workers-worker6,1,2026-06-06 08:18:27 UTC,15061756,15459924,167952,1.05,47528,603240,202456,1.27,209364,496944,220
cloud-k3s-pool-workers-worker6,1,2026-06-06 08:18:28 UTC,15061756,15459924,167944,1.05,47528,603248,202456,1.27,209364,496944,228
cloud-k3s-pool-workers-worker6,1,2026-06-06 08:18:29 UTC,15061756,15459924,167932,1.05,47528,603260,202456,1.27,209364,496944,240
cloud-k3s-pool-workers-worker6,1,2026-06-06 08:18:30 UTC,15061756,15459924,167924,1.05,47528,603268,202456,1.27,209364,496944,252
cloud-k3s-pool-workers-worker6,1,2026-06-06 08:18:31 UTC,15061756,15459924,167912,1.05,47528,603280,202456,1.27,209364,496944,264
cloud-k3s-pool-workers-worker6,1,2026-06-06 08:18:32 UTC,15061756,15459984,167896,1.05,47536,603288,202456,1.27,209364,497004,208
cloud-k3s-pool-workers-worker6,1,2026-06-06 08:18:33 UTC,15061756,15459984,167884,1.05,47536,603300,202456,1.27,209364,497004,60
cloud-k3s-pool-workers-worker6,1,2026-06-06 08:18:34 UTC,15061756,15459984,167872,1.05,47536,603312,202456,1.27,209364,497004,60
cloud-k3s-pool-workers-worker6,1,2026-06-06 08:18:35 UTC,15061756,15459984,167864,1.05,47536,603320,202456,1.27,209364,497004,4
cloud-k3s-pool-workers-worker6,1,2026-06-06 08:18:36 UTC,15061756,15459984,167852,1.05,47536,603332,202456,1.27,209364,497004,20
cloud-k3s-pool-workers-worker6,1,2026-06-06 08:18:37 UTC,15061756,15460048,167832,1.05,47544,603340,202456,1.27,209364,497064,204
cloud-k3s-pool-workers-worker6,1,2026-06-06 08:18:38 UTC,15061756,15460048,167820,1.05,47544,603352,202456,1.27,209364,497064,64
cloud-k3s-pool-workers-worker6,1,2026-06-06 08:18:39 UTC,15061756,15460048,167812,1.05,47544,603360,202456,1.27,209364,497064,72
cloud-k3s-pool-workers-worker6,1,2026-06-06 08:18:40 UTC,15061756,15460048,167800,1.05,47544,603372,203816,1.28,210144,497064,80
cloud-k3s-pool-workers-worker6,1,2026-06-06 08:18:41 UTC,15061756,15460096,167788,1.05,47544,603380,203816,1.28,210448,497112,88
cloud-k3s-pool-workers-worker6,1,2026-06-06 08:18:42 UTC,15061756,15460156,167768,1.05,47552,603392,203816,1.28,210448,497172,192
cloud-k3s-pool-workers-worker6,1,2026-06-06 08:18:43 UTC,15061756,15460156,167760,1.05,47552,603400,203816,1.28,210448,497172,176
cloud-k3s-pool-workers-worker6,1,2026-06-06 08:18:44 UTC,15061756,15460156,167748,1.05,47552,603412,203816,1.28,210448,497172,188
cloud-k3s-pool-workers-worker6,1,2026-06-06 08:18:45 UTC,15061756,15460156,167736,1.05,47552,603424,203816,1.28,210448,497172,200
cloud-k3s-pool-workers-worker6,1,2026-06-06 08:18:46 UTC,15061756,15460156,167728,1.05,47552,603432,203816,1.28,210448,497172,208
cloud-k3s-pool-workers-worker6,1,2026-06-06 08:18:47 UTC,15061756,15460216,167708,1.05,47560,603444,203816,1.28,210448,497232,248
cloud-k3s-pool-workers-worker6,1,2026-06-06 08:18:48 UTC,15061756,15460216,167700,1.05,47560,603452,203816,1.28,210448,497232,40
cloud-k3s-pool-workers-worker6,1,2026-06-06 08:18:49 UTC,15061756,15460216,167688,1.05,47560,603464,203816,1.28,210448,497232,52
cloud-k3s-pool-workers-worker6,1,2026-06-06 08:18:50 UTC,15061756,15460216,167680,1.05,47560,603472,203816,1.28,210448,497232,60
cloud-k3s-pool-workers-worker6,1,2026-06-06 08:18:51 UTC,15061756,15460216,167664,1.05,47560,603484,203816,1.28,210448,497232,72
cloud-k3s-pool-workers-worker6,1,2026-06-06 08:18:52 UTC,15061756,15460216,167656,1.05,47560,603492,203816,1.28,210448,497232,80
cloud-k3s-pool-workers-worker6,1,2026-06-06 08:18:53 UTC,15061756,15460276,167644,1.05,47568,603496,203816,1.28,210448,497292,92
cloud-k3s-pool-workers-worker6,1,2026-06-06 08:18:54 UTC,15061756,15460276,167628,1.05,47568,603512,203816,1.28,210448,497292,32
cloud-k3s-pool-workers-worker6,1,2026-06-06 08:18:55 UTC,15061756,15460276,167616,1.05,47568,603524,203816,1.28,210448,497292,44
cloud-k3s-pool-workers-worker6,1,2026-06-06 08:18:56 UTC,15061756,15460276,167608,1.05,47568,603532,203816,1.28,210448,497292,52
cloud-k3s-pool-workers-worker6,1,2026-06-06 08:18:57 UTC,15061756,15460276,167596,1.05,47568,603544,203816,1.28,210448,497292,64
cloud-k3s-pool-workers-worker6,1,2026-06-06 08:18:58 UTC,15061756,15460276,167576,1.05,47576,603556,203816,1.28,210448,497292,236
cloud-k3s-pool-workers-worker6,1,2026-06-06 08:18:59 UTC,15061756,15460336,167568,1.05,47576,603564,203816,1.28,210448,497352,180
cloud-k3s-pool-workers-worker6,1,2026-06-06 08:19:00 UTC,15061756,15460336,167556,1.05,47576,603576,203816,1.28,210448,497352,196
cloud-k3s-pool-workers-worker6,1,2026-06-06 08:19:01 UTC,15061756,15460336,167548,1.05,47576,603584,203816,1.28,210448,497352,204
cloud-k3s-pool-workers-worker6,1,2026-06-06 08:19:02 UTC,15061756,15460336,167536,1.05,47576,603596,203816,1.28,210448,497352,236
cloud-k3s-pool-workers-worker6,1,2026-06-06 08:19:03 UTC,15061756,15460336,167528,1.05,47576,603604,203816,1.28,210448,497352,48
cloud-k3s-pool-workers-worker6,1,2026-06-06 08:19:04 UTC,15061756,15460336,167508,1.05,47584,603616,203816,1.28,210448,497352,92
cloud-k3s-pool-workers-worker6,1,2026-06-06 08:19:05 UTC,15061756,15460396,167500,1.05,47584,603624,203816,1.28,210448,497412,100
cloud-k3s-pool-workers-worker6,1,2026-06-06 08:19:06 UTC,15061756,15460400,167484,1.05,47584,603636,203816,1.28,210448,497412,52
cloud-k3s-pool-workers-worker6,1,2026-06-06 08:19:07 UTC,15061756,15460400,167476,1.05,47584,603644,203816,1.28,210448,497412,204
cloud-k3s-pool-workers-worker6,1,2026-06-06 08:19:08 UTC,15061756,15460424,167456,1.05,47584,603656,206664,1.29,211772,497436,68
cloud-k3s-pool-workers-worker6,1,2026-06-06 08:19:09 UTC,15061756,15460424,167420,1.05,47584,603668,207264,1.30,212084,497436,228
cloud-k3s-pool-workers-worker6,1,2026-06-06 08:19:10 UTC,15061756,15460424,167404,1.05,47592,603676,207264,1.30,212084,497436,276
cloud-k3s-pool-workers-worker6,1,2026-06-06 08:19:11 UTC,15061756,15460484,167392,1.05,47592,603688,207264,1.30,212084,497496,288
cloud-k3s-pool-workers-worker6,1,2026-06-06 08:19:12 UTC,15061756,15460484,167380,1.05,47592,603700,207264,1.30,212084,497496,324
cloud-k3s-pool-workers-worker6,1,2026-06-06 08:19:13 UTC,15061756,15460488,167388,1.05,47592,603712,203816,1.28,210440,497500,352
cloud-k3s-pool-workers-worker6,1,2026-06-06 08:19:14 UTC,15061756,15460488,167380,1.05,47592,603720,203816,1.28,210432,497500,68
cloud-k3s-pool-workers-worker6,1,2026-06-06 08:19:15 UTC,15061756,15460532,167368,1.05,47592,603732,202456,1.27,209316,497544,44
cloud-k3s-pool-workers-worker6,1,2026-06-06 08:19:16 UTC,15061756,15460548,167352,1.05,47600,603740,202456,1.27,209360,497560,92
cloud-k3s-pool-workers-worker6,1,2026-06-06 08:19:17 UTC,15061756,15460548,167340,1.05,47600,603752,201096,1.26,208320,497560,108
cloud-k3s-pool-workers-worker6,1,2026-06-06 08:19:18 UTC,15061756,15460548,167332,1.05,47600,603760,201096,1.26,208248,497560,204
cloud-k3s-pool-workers-worker6,1,2026-06-06 08:19:19 UTC,15061756,15460548,167320,1.05,47600,603772,201096,1.26,208248,497560,216
cloud-k3s-pool-workers-worker6,1,2026-06-06 08:19:20 UTC,15061756,15460548,167312,1.05,47600,603780,201096,1.26,208248,497560,224
cloud-k3s-pool-workers-worker6,1,2026-06-06 08:19:21 UTC,15061756,15460608,167288,1.05,47608,603792,201096,1.26,208248,497620,196
cloud-k3s-pool-workers-worker6,1,2026-06-06 08:19:22 UTC,15061756,15460608,167276,1.05,47608,603804,201096,1.26,208248,497620,208
cloud-k3s-pool-workers-worker6,1,2026-06-06 08:19:23 UTC,15061756,15460628,167268,1.05,47608,603812,201096,1.26,208248,497640,0
cloud-k3s-pool-workers-worker6,1,2026-06-06 08:19:24 UTC,15061756,15460628,167256,1.05,47608,603824,201096,1.26,208248,497640,16
cloud-k3s-pool-workers-worker6,1,2026-06-06 08:19:25 UTC,15061756,15460628,167248,1.05,47608,603832,201096,1.26,208248,497640,24
cloud-k3s-pool-workers-worker6,1,2026-06-06 08:19:26 UTC,15061756,15460628,167236,1.05,47608,603844,201096,1.26,208248,497640,36
cloud-k3s-pool-workers-worker6,1,2026-06-06 08:19:27 UTC,15061756,15460628,167228,1.05,47616,603844,201096,1.26,208248,497640,44
cloud-k3s-pool-workers-worker6,1,2026-06-06 08:19:28 UTC,15061756,15460628,167208,1.05,47616,603864,201096,1.26,208248,497640,92
cloud-k3s-pool-workers-worker6,1,2026-06-06 08:19:29 UTC,15061756,15460704,167196,1.05,47616,603872,202456,1.27,209304,497716,100
cloud-k3s-pool-workers-worker6,1,2026-06-06 08:19:30 UTC,15061756,15460704,167184,1.05,47616,603884,202456,1.27,209304,497716,52
cloud-k3s-pool-workers-worker6,1,2026-06-06 08:19:31 UTC,15061756,15460704,167176,1.05,47616,603892,202456,1.27,209304,497716,60
cloud-k3s-pool-workers-worker6,1,2026-06-06 08:19:32 UTC,15061756,15460704,167156,1.05,47624,603904,202456,1.27,209304,497716,212
cloud-k3s-pool-workers-worker6,1,2026-06-06 08:19:33 UTC,15061756,15460704,167144,1.05,47624,603916,202456,1.27,209304,497716,224
cloud-k3s-pool-workers-worker6,1,2026-06-06 08:19:34 UTC,15061756,15460704,167136,1.05,47624,603924,202456,1.27,209304,497716,232
cloud-k3s-pool-workers-worker6,1,2026-06-06 08:19:35 UTC,15061756,15460764,167124,1.05,47624,603936,202456,1.27,209304,497776,244
cloud-k3s-pool-workers-worker6,1,2026-06-06 08:19:36 UTC,15061756,15460764,167116,1.05,47624,603944,202456,1.27,209304,497776,188
cloud-k3s-pool-workers-worker6,1,2026-06-06 08:19:37 UTC,15061756,15460768,167100,1.05,47632,603948,202456,1.27,209304,497776,200
cloud-k3s-pool-workers-worker6,1,2026-06-06 08:19:38 UTC,15061756,15460768,167084,1.05,47632,603964,202456,1.27,209304,497776,36
cloud-k3s-pool-workers-worker6,1,2026-06-06 08:19:39 UTC,15061756,15460768,167072,1.05,47632,603976,202456,1.27,209304,497776,48
cloud-k3s-pool-workers-worker6,1,2026-06-06 08:19:40 UTC,15061756,15460768,167064,1.05,47632,603984,202456,1.27,209304,497776,56
cloud-k3s-pool-workers-worker6,1,2026-06-06 08:19:41 UTC,15061756,15460828,167052,1.05,47632,603996,202456,1.27,209304,497836,68
cloud-k3s-pool-workers-worker6,1,2026-06-06 08:19:42 UTC,15061756,15460848,167036,1.05,47640,604004,202456,1.27,209344,497856,184
cloud-k3s-pool-workers-worker6,1,2026-06-06 08:19:43 UTC,15061756,15460848,167024,1.05,47640,604016,202456,1.27,209344,497856,44
cloud-k3s-pool-workers-worker6,1,2026-06-06 08:19:44 UTC,15061756,15460848,167012,1.04,47640,604028,202456,1.27,209344,497856,56
cloud-k3s-pool-workers-worker6,1,2026-06-06 08:19:45 UTC,15061756,15460848,167004,1.04,47640,604036,202456,1.27,209344,497856,64
cloud-k3s-pool-workers-worker6,1,2026-06-06 08:19:46 UTC,15061756,15460848,166992,1.04,47640,604048,202456,1.27,209344,497856,76
cloud-k3s-pool-workers-worker6,1,2026-06-06 08:19:47 UTC,15061756,15460908,166984,1.04,47648,604048,202456,1.27,209344,497916,84
cloud-k3s-pool-workers-worker6,1,2026-06-06 08:19:48 UTC,15061756,15460908,166964,1.04,47648,604068,202456,1.27,209344,497916,168
cloud-k3s-pool-workers-worker6,1,2026-06-06 08:19:49 UTC,15061756,15460908,166956,1.04,47648,604076,202456,1.27,209344,497916,176
cloud-k3s-pool-workers-worker6,1,2026-06-06 08:19:50 UTC,15061756,15460908,166944,1.04,47648,604088,202456,1.27,209344,497916,188
cloud-k3s-pool-workers-worker6,1,2026-06-06 08:19:51 UTC,15061756,15460908,166936,1.04,47648,604096,202456,1.27,209344,497916,196
cloud-k3s-pool-workers-worker6,1,2026-06-06 08:19:52 UTC,15061756,15460908,166920,1.04,47656,604100,202456,1.27,209344,497916,208
cloud-k3s-pool-workers-worker6,1,2026-06-06 08:19:53 UTC,15061756,15460968,166904,1.04,47656,604116,202456,1.27,209344,497976,12
cloud-k3s-pool-workers-worker6,1,2026-06-06 08:19:54 UTC,15061756,15460968,166892,1.04,47656,604128,202456,1.27,209344,497976,28
cloud-k3s-pool-workers-worker6,1,2026-06-06 08:19:55 UTC,15061756,15460968,166884,1.04,47656,604136,202456,1.27,209344,497976,36
cloud-k3s-pool-workers-worker6,1,2026-06-06 08:19:56 UTC,15061756,15460968,166872,1.04,47656,604148,202456,1.27,209344,497976,48
cloud-k3s-pool-workers-worker6,1,2026-06-06 08:19:57 UTC,15061756,15460968,166860,1.04,47664,604152,202456,1.27,209344,497976,60
cloud-k3s-pool-workers-worker6,1,2026-06-06 08:19:58 UTC,15061756,15460972,166840,1.04,47664,604168,202456,1.27,209344,497976,60
cloud-k3s-pool-workers-worker6,1,2026-06-06 08:19:59 UTC,15061756,15461032,166828,1.04,47664,604180,202456,1.27,209344,498036,72
cloud-k3s-pool-workers-worker6,1,2026-06-06 08:20:00 UTC,15061756,15461032,166820,1.04,47664,604188,202456,1.27,209344,498036,80
cloud-k3s-pool-workers-worker6,1,2026-06-06 08:20:01 UTC,15061756,15461032,166808,1.04,47664,604200,202456,1.27,209344,498036,92
cloud-k3s-pool-workers-worker6,1,2026-06-06 08:20:02 UTC,15061756,15461032,166800,1.04,47672,604200,202456,1.27,209344,498036,100
cloud-k3s-pool-workers-worker6,1,2026-06-06 08:20:03 UTC,15061756,15461032,166788,1.04,47672,604212,202456,1.27,209344,498036,112
cloud-k3s-pool-workers-worker6,1,2026-06-06 08:20:04 UTC,15059992,15459360,168536,1.05,47672,604228,202456,1.27,209548,498128,380
cloud-k3s-pool-workers-worker6,1,2026-06-06 08:20:05 UTC,15059992,15459360,168524,1.05,47672,604240,202456,1.27,209548,498128,392
cloud-k3s-pool-workers-worker6,1,2026-06-06 08:20:06 UTC,15059992,15459360,168512,1.05,47672,604248,203816,1.28,210416,498128,396
cloud-k3s-pool-workers-worker6,1,2026-06-06 08:20:07 UTC,15059992,15459392,168496,1.05,47680,604252,203816,1.28,210444,498160,408
cloud-k3s-pool-workers-worker6,1,2026-06-06 08:20:08 UTC,15059992,15459400,168476,1.05,47680,604272,203816,1.28,210460,498168,416
cloud-k3s-pool-workers-worker6,1,2026-06-06 08:20:09 UTC,15059992,15459400,168468,1.05,47680,604280,203816,1.28,210460,498168,172
cloud-k3s-pool-workers-worker6,1,2026-06-06 08:20:10 UTC,15059992,15459400,168456,1.05,47680,604292,203816,1.28,210460,498168,184
cloud-k3s-pool-workers-worker6,1,2026-06-06 08:20:11 UTC,15059992,15459400,168448,1.05,47680,604300,203816,1.28,210460,498168,192
cloud-k3s-pool-workers-worker6,1,2026-06-06 08:20:12 UTC,15059992,15459400,168428,1.05,47688,604312,203816,1.28,210460,498168,216
cloud-k3s-pool-workers-worker6,1,2026-06-06 08:20:13 UTC,15059992,15459460,168420,1.05,47688,604320,203816,1.28,210460,498228,224
cloud-k3s-pool-workers-worker6,1,2026-06-06 08:20:14 UTC,15051928,15451404,176472,1.10,47688,604332,202456,1.27,209392,498236,384
cloud-k3s-pool-workers-worker6,1,2026-06-06 08:20:15 UTC,15058148,15457624,170252,1.07,47688,604340,202456,1.27,209368,498236,392
cloud-k3s-pool-workers-worker6,1,2026-06-06 08:20:16 UTC,15058148,15457624,170240,1.07,47688,604352,202456,1.27,209368,498236,404
cloud-k3s-pool-workers-worker6,1,2026-06-06 08:20:17 UTC,15059476,15458952,168896,1.06,47696,604360,202456,1.27,209368,498236,460
cloud-k3s-pool-workers-worker6,1,2026-06-06 08:20:18 UTC,15059476,15459012,168884,1.06,47696,604372,202456,1.27,209368,498296,472
cloud-k3s-pool-workers-worker6,1,2026-06-06 08:20:19 UTC,15059476,15459012,168876,1.06,47696,604380,202456,1.27,209368,498296,480
cloud-k3s-pool-workers-worker6,1,2026-06-06 08:20:20 UTC,15061096,15460632,167244,1.05,47696,604392,202456,1.27,209368,498296,280
cloud-k3s-pool-workers-worker6,1,2026-06-06 08:20:21 UTC,15061096,15460632,167232,1.05,47696,604404,202456,1.27,209368,498296,292
cloud-k3s-pool-workers-worker6,1,2026-06-06 08:20:22 UTC,15062504,15462044,165804,1.04,47704,604412,202456,1.27,209368,498296,316
cloud-k3s-pool-workers-worker6,1,2026-06-06 08:20:23 UTC,15062504,15462104,165792,1.04,47704,604424,202456,1.27,209368,498356,328
cloud-k3s-pool-workers-worker6,1,2026-06-06 08:20:24 UTC,15063364,15462964,164924,1.03,47704,604432,202456,1.27,209368,498356,172
cloud-k3s-pool-workers-worker6,1,2026-06-06 08:20:25 UTC,15063364,15462964,164912,1.03,47704,604444,202456,1.27,209368,498356,188
cloud-k3s-pool-workers-worker6,1,2026-06-06 08:20:26 UTC,15063364,15462964,164904,1.03,47704,604452,202456,1.27,209368,498356,196
cloud-k3s-pool-workers-worker6,1,2026-06-06 08:20:27 UTC,15063364,15462964,164884,1.03,47712,604464,202456,1.27,209368,498356,220
cloud-k3s-pool-workers-worker6,1,2026-06-06 08:20:28 UTC,15063364,15462964,164876,1.03,47712,604472,202456,1.27,209368,498356,240
cloud-k3s-pool-workers-worker6,1,2026-06-06 08:20:29 UTC,15063364,15463024,164864,1.03,47712,604484,202456,1.27,209368,498416,252
cloud-k3s-pool-workers-worker6,1,2026-06-06 08:20:30 UTC,15063364,15463024,164856,1.03,47712,604492,202456,1.27,209368,498416,64
cloud-k3s-pool-workers-worker6,1,2026-06-06 08:20:31 UTC,15063364,15463024,164844,1.03,47712,604504,202456,1.27,209368,498416,76
cloud-k3s-pool-workers-worker6,1,2026-06-06 08:20:32 UTC,15063364,15463024,164824,1.03,47720,604516,202456,1.27,209368,498416,100
cloud-k3s-pool-workers-worker6,1,2026-06-06 08:20:33 UTC,15063364,15463024,164812,1.03,47720,604528,205308,1.28,210468,498416,116
cloud-k3s-pool-workers-worker6,1,2026-06-06 08:20:34 UTC,15063112,15462832,165052,1.03,47720,604540,205436,1.29,210736,498476,128
cloud-k3s-pool-workers-worker6,1,2026-06-06 08:20:35 UTC,15062608,15462328,165536,1.04,47720,604548,205664,1.29,211040,498476,144
cloud-k3s-pool-workers-worker6,1,2026-06-06 08:20:36 UTC,15062608,15462328,165524,1.04,47720,604560,205664,1.29,211040,498476,292
cloud-k3s-pool-workers-worker6,1,2026-06-06 08:20:37 UTC,15062608,15462328,165508,1.04,47728,604568,205664,1.29,211040,498476,392
cloud-k3s-pool-workers-worker6,1,2026-06-06 08:20:38 UTC,15062608,15462328,165496,1.04,47728,604580,205664,1.29,211040,498476,368
cloud-k3s-pool-workers-worker6,1,2026-06-06 08:20:39 UTC,15062608,15462388,165488,1.04,47728,604588,205664,1.29,211040,498536,376
cloud-k3s-pool-workers-worker6,1,2026-06-06 08:20:40 UTC,15062608,15462388,165476,1.04,47728,604600,204548,1.28,210000,498536,388
cloud-k3s-pool-workers-worker6,1,2026-06-06 08:20:41 UTC,15062608,15462388,165468,1.04,47728,604608,204548,1.28,210000,498536,396
cloud-k3s-pool-workers-worker6,1,2026-06-06 08:20:42 UTC,15062608,15462388,165448,1.04,47736,604620,201096,1.26,208368,498536,436
cloud-k3s-pool-workers-worker6,1,2026-06-06 08:20:43 UTC,15062608,15462388,165440,1.04,47736,604628,201096,1.26,208368,498536,444
cloud-k3s-pool-workers-worker6,1,2026-06-06 08:20:44 UTC,15062608,15462448,165444,1.04,47736,604640,201096,1.26,208240,498596,460
cloud-k3s-pool-workers-worker6,1,2026-06-06 08:20:45 UTC,15062608,15462448,165432,1.04,47736,604652,201096,1.26,208240,498596,472
cloud-k3s-pool-workers-worker6,1,2026-06-06 08:20:46 UTC,15062608,15462448,165424,1.04,47736,604660,201096,1.26,208240,498596,472
cloud-k3s-pool-workers-worker6,1,2026-06-06 08:20:47 UTC,15062608,15462452,165400,1.03,47744,604672,201096,1.26,208256,498596,420
cloud-k3s-pool-workers-worker6,1,2026-06-06 08:20:48 UTC,15062608,15462452,165392,1.03,47744,604680,201096,1.26,208256,498596,396
cloud-k3s-pool-workers-worker6,1,2026-06-06 08:20:49 UTC,15062608,15462512,165380,1.03,47744,604692,201096,1.26,208256,498656,408
cloud-k3s-pool-workers-worker6,1,2026-06-06 08:20:50 UTC,15062608,15462512,165372,1.03,47744,604700,201096,1.26,208256,498656,420
cloud-k3s-pool-workers-worker6,1,2026-06-06 08:20:51 UTC,15062608,15462512,165360,1.03,47744,604712,201096,1.26,208256,498656,432
cloud-k3s-pool-workers-worker6,1,2026-06-06 08:20:52 UTC,15062608,15462512,165344,1.03,47752,604720,203948,1.28,209352,498656,464
cloud-k3s-pool-workers-worker6,1,2026-06-06 08:20:53 UTC,15061852,15461756,166088,1.04,47752,604732,204284,1.28,209632,498656,448
cloud-k3s-pool-workers-worker6,1,2026-06-06 08:20:54 UTC,15061852,15461816,166076,1.04,47752,604740,204284,1.28,209896,498716,456
cloud-k3s-pool-workers-worker6,1,2026-06-06 08:20:55 UTC,15061852,15461816,166064,1.04,47752,604752,204284,1.28,209896,498716,212
cloud-k3s-pool-workers-worker6,1,2026-06-06 08:20:56 UTC,15061852,15461816,166052,1.04,47752,604764,204284,1.28,209896,498716,196
cloud-k3s-pool-workers-worker6,1,2026-06-06 08:20:57 UTC,15061852,15461816,166036,1.04,47760,604772,201096,1.26,208336,498716,280
cloud-k3s-pool-workers-worker6,1,2026-06-06 08:20:58 UTC,15061852,15461816,166024,1.04,47760,604784,201096,1.26,208256,498716,48
cloud-k3s-pool-workers-worker6,1,2026-06-06 08:20:59 UTC,15061852,15461876,166016,1.04,47760,604792,201096,1.26,208256,498776,56
cloud-k3s-pool-workers-worker6,1,2026-06-06 08:21:00 UTC,15061852,15461876,166004,1.04,47760,604804,201096,1.26,208256,498776,56
cloud-k3s-pool-workers-worker6,1,2026-06-06 08:21:01 UTC,15061852,15461876,165996,1.04,47760,604812,201096,1.26,208256,498776,64
cloud-k3s-pool-workers-worker6,1,2026-06-06 08:21:02 UTC,15061852,15461876,165972,1.04,47768,604824,201096,1.26,208256,498776,244
cloud-k3s-pool-workers-worker6,1,2026-06-06 08:21:03 UTC,15061852,15461876,165964,1.04,47768,604832,201096,1.26,208256,498776,252
cloud-k3s-pool-workers-worker6,1,2026-06-06 08:21:04 UTC,15061852,15461936,165952,1.04,47768,604844,201096,1.26,208256,498836,264
cloud-k3s-pool-workers-worker6,1,2026-06-06 08:21:05 UTC,15061852,15461936,165944,1.04,47768,604852,201096,1.26,208256,498836,272
cloud-k3s-pool-workers-worker6,1,2026-06-06 08:21:06 UTC,15061852,15461936,165932,1.04,47768,604864,201096,1.26,208256,498836,284
cloud-k3s-pool-workers-worker6,1,2026-06-06 08:21:07 UTC,15061852,15461936,165916,1.04,47776,604872,201096,1.26,208256,498836,292
cloud-k3s-pool-workers-worker6,1,2026-06-06 08:21:08 UTC,15061852,15461936,165904,1.04,47776,604884,201096,1.26,208256,498836,316
cloud-k3s-pool-workers-worker6,1,2026-06-06 08:21:09 UTC,15061852,15461996,165892,1.04,47776,604896,201096,1.26,208256,498896,148
cloud-k3s-pool-workers-worker6,1,2026-06-06 08:21:10 UTC,15061852,15461996,165884,1.04,47776,604904,201096,1.26,208256,498896,156
cloud-k3s-pool-workers-worker6,1,2026-06-06 08:21:11 UTC,15061852,15461996,165872,1.04,47776,604916,201096,1.26,208256,498896,168
cloud-k3s-pool-workers-worker6,1,2026-06-06 08:21:12 UTC,15061852,15461996,165856,1.04,47784,604924,201096,1.26,208256,498896,340
cloud-k3s-pool-workers-worker6,1,2026-06-06 08:21:13 UTC,15061852,15461996,165844,1.04,47784,604936,201096,1.26,208256,498896,352
cloud-k3s-pool-workers-worker6,1,2026-06-06 08:21:14 UTC,15061852,15461996,165836,1.04,47784,604944,201096,1.26,208256,498896,212
cloud-k3s-pool-workers-worker6,1,2026-06-06 08:21:15 UTC,15061852,15462060,165820,1.04,47784,604956,201096,1.26,208256,498956,224
cloud-k3s-pool-workers-worker6,1,2026-06-06 08:21:16 UTC,15061852,15462060,165812,1.04,47784,604964,201096,1.26,208256,498956,232
cloud-k3s-pool-workers-worker6,1,2026-06-06 08:21:17 UTC,15061852,15462060,165792,1.04,47792,604976,201096,1.26,208256,498956,248
cloud-k3s-pool-workers-worker6,1,2026-06-06 08:21:18 UTC,15061852,15462060,165784,1.04,47792,604984,201096,1.26,208256,498956,388
cloud-k3s-pool-workers-worker6,1,2026-06-06 08:21:19 UTC,15061852,15462060,165772,1.04,47792,604996,201096,1.26,208256,498956,400
cloud-k3s-pool-workers-worker6,1,2026-06-06 08:21:20 UTC,15061852,15462120,165760,1.04,47792,605008,201096,1.26,208256,499016,412
cloud-k3s-pool-workers-worker6,1,2026-06-06 08:21:21 UTC,15061852,15462120,165752,1.04,47792,605016,201096,1.26,208256,499016,420
cloud-k3s-pool-workers-worker6,1,2026-06-06 08:21:22 UTC,15061852,15462120,165732,1.04,47800,605028,201096,1.26,208256,499016,460
cloud-k3s-pool-workers-worker6,1,2026-06-06 08:21:23 UTC,15061852,15462120,165724,1.04,47800,605036,201096,1.26,208256,499016,468
cloud-k3s-pool-workers-worker6,1,2026-06-06 08:21:24 UTC,15061852,15462120,165712,1.04,47800,605048,201096,1.26,208256,499016,316
cloud-k3s-pool-workers-worker6,1,2026-06-06 08:21:25 UTC,15061852,15462180,165704,1.04,47800,605056,201096,1.26,208256,499076,324
cloud-k3s-pool-workers-worker6,1,2026-06-06 08:21:26 UTC,15061852,15462180,165692,1.04,47800,605068,201096,1.26,208256,499076,336
cloud-k3s-pool-workers-worker6,1,2026-06-06 08:21:27 UTC,15060844,15461172,166680,1.04,47808,605076,201096,1.26,208256,499076,100
cloud-k3s-pool-workers-worker6,1,2026-06-06 08:21:28 UTC,15060844,15461172,166668,1.04,47808,605088,201096,1.26,208256,499076,16
cloud-k3s-pool-workers-worker6,1,2026-06-06 08:21:29 UTC,15060844,15461172,166660,1.04,47808,605096,199736,1.25,207136,499076,24
cloud-k3s-pool-workers-worker6,1,2026-06-06 08:21:30 UTC,15060844,15461232,166648,1.04,47808,605108,199736,1.25,207136,499136,36
cloud-k3s-pool-workers-worker6,1,2026-06-06 08:21:31 UTC,15060844,15461232,166640,1.04,47808,605116,199736,1.25,207136,499136,44
cloud-k3s-pool-workers-worker6,1,2026-06-06 08:21:32 UTC,15060844,15461232,166628,1.04,47816,605120,199736,1.25,207136,499136,204
cloud-k3s-pool-workers-worker6,1,2026-06-06 08:21:33 UTC,15060844,15461232,166616,1.04,47816,605132,199736,1.25,207136,499136,216
cloud-k3s-pool-workers-worker6,1,2026-06-06 08:21:34 UTC,15060844,15461240,166600,1.04,47816,605148,199736,1.25,207136,499144,180
cloud-k3s-pool-workers-worker6,1,2026-06-06 08:21:35 UTC,15060844,15461240,166588,1.04,47816,605160,199736,1.25,207136,499144,192
cloud-k3s-pool-workers-worker6,1,2026-06-06 08:21:36 UTC,15060844,15461300,166580,1.04,47816,605168,199736,1.25,207136,499204,200
cloud-k3s-pool-workers-worker6,1,2026-06-06 08:21:37 UTC,15060844,15461300,166568,1.04,47816,605180,203944,1.28,208956,499204,212
cloud-k3s-pool-workers-worker6,1,2026-06-06 08:21:38 UTC,15060844,15461300,166552,1.04,47824,605188,203944,1.28,209536,499204,80
cloud-k3s-pool-workers-worker6,1,2026-06-06 08:21:39 UTC,15060844,15461308,166540,1.04,47824,605200,203944,1.28,209536,499212,28
cloud-k3s-pool-workers-worker6,1,2026-06-06 08:21:40 UTC,15060844,15461308,166532,1.04,47824,605208,203944,1.28,209536,499212,40
cloud-k3s-pool-workers-worker6,1,2026-06-06 08:21:41 UTC,15060844,15461308,166520,1.04,47824,605220,203944,1.28,209536,499212,52
cloud-k3s-pool-workers-worker6,1,2026-06-06 08:21:42 UTC,15060844,15461368,166512,1.04,47824,605228,203944,1.28,209536,499272,212
cloud-k3s-pool-workers-worker6,1,2026-06-06 08:21:43 UTC,15060844,15461372,166496,1.04,47832,605232,203944,1.28,209536,499272,224
cloud-k3s-pool-workers-worker6,1,2026-06-06 08:21:44 UTC,15060844,15461380,166476,1.04,47832,605252,203944,1.28,209536,499280,60
cloud-k3s-pool-workers-worker6,1,2026-06-06 08:21:45 UTC,15060844,15461380,166468,1.04,47832,605260,203944,1.28,209536,499280,4
cloud-k3s-pool-workers-worker6,1,2026-06-06 08:21:46 UTC,15060844,15461380,166456,1.04,47832,605272,203944,1.28,209536,499280,20
cloud-k3s-pool-workers-worker6,1,2026-06-06 08:21:47 UTC,15060844,15461380,166448,1.04,47832,605280,203944,1.28,209536,499280,28
cloud-k3s-pool-workers-worker6,1,2026-06-06 08:21:48 UTC,15060844,15461440,166436,1.04,47832,605292,203944,1.28,209536,499340,184
cloud-k3s-pool-workers-worker6,1,2026-06-06 08:21:49 UTC,15060844,15461440,166428,1.04,47840,605292,203944,1.28,209536,499340,192
cloud-k3s-pool-workers-worker6,1,2026-06-06 08:21:50 UTC,15060844,15461440,166408,1.04,47840,605312,203944,1.28,209536,499340,232
cloud-k3s-pool-workers-worker6,1,2026-06-06 08:21:51 UTC,15060844,15461440,166400,1.04,47840,605320,203944,1.28,209536,499340,240
cloud-k3s-pool-workers-worker6,1,2026-06-06 08:21:52 UTC,15060844,15461440,166388,1.04,47840,605332,203944,1.28,209536,499340,212
cloud-k3s-pool-workers-worker6,1,2026-06-06 08:21:53 UTC,15060844,15461440,166380,1.04,47840,605340,203944,1.28,209536,499340,220
cloud-k3s-pool-workers-worker6,1,2026-06-06 08:21:54 UTC,15060844,15461500,166368,1.04,47840,605352,203944,1.28,209560,499400,40
cloud-k3s-pool-workers-worker6,1,2026-06-06 08:21:55 UTC,15060844,15461500,166356,1.04,47848,605356,203944,1.28,209560,499400,52
cloud-k3s-pool-workers-worker6,1,2026-06-06 08:21:56 UTC,15060844,15461500,166340,1.04,47848,605372,203944,1.28,209560,499400,88
cloud-k3s-pool-workers-worker6,1,2026-06-06 08:21:57 UTC,15060844,15461500,166328,1.04,47848,605384,203944,1.28,209560,499400,100
cloud-k3s-pool-workers-worker6,1,2026-06-06 08:21:58 UTC,15060844,15461500,166300,1.04,47848,605392,203944,1.28,209560,499400,40
cloud-k3s-pool-workers-worker6,1,2026-06-06 08:21:59 UTC,15060844,15461560,166288,1.04,47848,605404,203944,1.28,209560,499460,52
cloud-k3s-pool-workers-worker6,1,2026-06-06 08:22:00 UTC,15060844,15461560,166280,1.04,47848,605412,203944,1.28,209560,499460,32
cloud-k3s-pool-workers-worker6,1,2026-06-06 08:22:01 UTC,15060844,15461560,166268,1.04,47856,605416,203944,1.28,209560,499460,44
cloud-k3s-pool-workers-worker6,1,2026-06-06 08:22:02 UTC,15060844,15461560,166252,1.04,47856,605432,203944,1.28,209560,499460,236
cloud-k3s-pool-workers-worker6,1,2026-06-06 08:22:03 UTC,15060844,15461560,166240,1.04,47856,605444,203944,1.28,209560,499460,248
cloud-k3s-pool-workers-worker6,1,2026-06-06 08:22:04 UTC,15060844,15461560,166232,1.04,47856,605452,203944,1.28,209560,499460,196
cloud-k3s-pool-workers-worker6,1,2026-06-06 08:22:05 UTC,15060844,15461620,166220,1.04,47856,605464,203944,1.28,209560,499520,208
cloud-k3s-pool-workers-worker6,1,2026-06-06 08:22:06 UTC,15060368,15461168,166688,1.04,47856,605472,206924,1.29,210968,499544,184
cloud-k3s-pool-workers-worker6,1,2026-06-06 08:22:07 UTC,15060368,15461168,166668,1.04,47864,605484,206924,1.29,210968,499544,236
cloud-k3s-pool-workers-worker6,1,2026-06-06 08:22:08 UTC,15060368,15461168,166656,1.04,47864,605496,206924,1.29,210968,499544,84
cloud-k3s-pool-workers-worker6,1,2026-06-06 08:22:09 UTC,15060368,15461168,166648,1.04,47864,605504,206924,1.29,210968,499544,28
cloud-k3s-pool-workers-worker6,1,2026-06-06 08:22:10 UTC,15060368,15461168,166636,1.04,47864,605516,206924,1.29,210968,499544,44
cloud-k3s-pool-workers-worker6,1,2026-06-06 08:22:11 UTC,15060368,15461228,166628,1.04,47864,605524,206924,1.29,210968,499604,52
cloud-k3s-pool-workers-worker6,1,2026-06-06 08:22:12 UTC,15060368,15461228,166608,1.04,47872,605536,206924,1.29,210968,499604,212
cloud-k3s-pool-workers-worker6,1,2026-06-06 08:22:13 UTC,15060368,15461228,166600,1.04,47872,605544,206924,1.29,210968,499604,72
cloud-k3s-pool-workers-worker6,1,2026-06-06 08:22:14 UTC,15060368,15461232,166584,1.04,47872,605556,206924,1.29,210968,499604,84
cloud-k3s-pool-workers-worker6,1,2026-06-06 08:22:15 UTC,15060368,15461232,166576,1.04,47872,605564,206924,1.29,210968,499604,92
cloud-k3s-pool-workers-worker6,1,2026-06-06 08:22:16 UTC,15060368,15461232,166564,1.04,47872,605576,206924,1.29,210968,499604,44
cloud-k3s-pool-workers-worker6,1,2026-06-06 08:22:17 UTC,15060368,15461292,166556,1.04,47880,605576,206924,1.29,210968,499664,52
cloud-k3s-pool-workers-worker6,1,2026-06-06 08:22:18 UTC,15058104,15459052,168772,1.06,47880,605596,209772,1.31,212308,499688,188
cloud-k3s-pool-workers-worker6,1,2026-06-06 08:22:19 UTC,15058104,15459052,168760,1.06,47880,605608,209900,1.31,212320,499688,200
cloud-k3s-pool-workers-worker6,1,2026-06-06 08:22:20 UTC,15058104,15459052,168728,1.06,47880,605616,210128,1.31,212612,499688,208
cloud-k3s-pool-workers-worker6,1,2026-06-06 08:22:21 UTC,15061212,15462160,165608,1.04,47880,605628,207148,1.30,211520,499688,220
cloud-k3s-pool-workers-worker6,1,2026-06-06 08:22:22 UTC,15060708,15461656,166140,1.04,47888,605636,203944,1.28,209580,499688,48
cloud-k3s-pool-workers-worker6,1,2026-06-06 08:22:23 UTC,15060708,15461716,166128,1.04,47888,605648,203944,1.28,209580,499748,60
cloud-k3s-pool-workers-worker6,1,2026-06-06 08:22:24 UTC,15060708,15461716,166120,1.04,47888,605656,203944,1.28,209580,499748,68
cloud-k3s-pool-workers-worker6,1,2026-06-06 08:22:25 UTC,15060708,15461716,166108,1.04,47888,605668,203944,1.28,209580,499748,80
cloud-k3s-pool-workers-worker6,1,2026-06-06 08:22:26 UTC,15060708,15461716,166100,1.04,47888,605676,203944,1.28,209580,499748,88
cloud-k3s-pool-workers-worker6,1,2026-06-06 08:22:27 UTC,15060708,15461716,166088,1.04,47896,605680,203944,1.28,209580,499748,100
cloud-k3s-pool-workers-worker6,1,2026-06-06 08:22:28 UTC,15060708,15461716,166072,1.04,47896,605696,203944,1.28,209600,499748,16
cloud-k3s-pool-workers-worker6,1,2026-06-06 08:22:29 UTC,15060708,15461776,166056,1.04,47896,605708,203944,1.28,209600,499808,28
cloud-k3s-pool-workers-worker6,1,2026-06-06 08:22:30 UTC,15060708,15461776,166048,1.04,47896,605716,203944,1.28,209600,499808,36
cloud-k3s-pool-workers-worker6,1,2026-06-06 08:22:31 UTC,15060708,15461776,166036,1.04,47896,605728,201096,1.26,208560,499808,48
cloud-k3s-pool-workers-worker6,1,2026-06-06 08:22:32 UTC,15060708,15461776,166016,1.04,47904,605740,201096,1.26,208256,499808,308
cloud-k3s-pool-workers-worker6,1,2026-06-06 08:22:33 UTC,15060708,15461776,166008,1.04,47904,605748,201096,1.26,208256,499808,252
cloud-k3s-pool-workers-worker6,1,2026-06-06 08:22:34 UTC,15060708,15461776,165996,1.04,47904,605760,201096,1.26,208256,499808,32
cloud-k3s-pool-workers-worker6,1,2026-06-06 08:22:35 UTC,15060708,15461836,165988,1.04,47904,605768,203944,1.28,209296,499868,40
cloud-k3s-pool-workers-worker6,1,2026-06-06 08:22:36 UTC,15062540,15463692,164144,1.03,47904,605780,204544,1.28,209884,499892,232
cloud-k3s-pool-workers-worker6,1,2026-06-06 08:22:37 UTC,15062540,15463692,164136,1.03,47920,605772,204544,1.28,209884,499892,240
cloud-k3s-pool-workers-worker6,1,2026-06-06 08:22:38 UTC,15061844,15463012,164812,1.03,47920,605804,201096,1.26,208236,499908,288
cloud-k3s-pool-workers-worker6,1,2026-06-06 08:22:39 UTC,15061844,15463012,164804,1.03,47920,605812,201096,1.26,208236,499908,296
cloud-k3s-pool-workers-worker6,1,2026-06-06 08:22:40 UTC,15061844,15463012,164792,1.03,47920,605824,201096,1.26,208236,499908,248
cloud-k3s-pool-workers-worker6,1,2026-06-06 08:22:41 UTC,15061844,15463072,164784,1.03,47920,605832,201096,1.26,208236,499968,244
cloud-k3s-pool-workers-worker6,1,2026-06-06 08:22:42 UTC,15061844,15463072,164772,1.03,47920,605844,201096,1.26,208256,499968,184
cloud-k3s-pool-workers-worker6,1,2026-06-06 08:22:43 UTC,15061844,15463072,164760,1.03,47928,605848,201096,1.26,208256,499968,196
cloud-k3s-pool-workers-worker6,1,2026-06-06 08:22:44 UTC,15061844,15463076,164740,1.03,47928,605864,201096,1.26,208256,499968,252
cloud-k3s-pool-workers-worker6,1,2026-06-06 08:22:45 UTC,15061844,15463076,164728,1.03,47928,605876,201096,1.26,208256,499968,264
cloud-k3s-pool-workers-worker6,1,2026-06-06 08:22:46 UTC,15061844,15463076,164720,1.03,47928,605884,201096,1.26,208256,499968,276
cloud-k3s-pool-workers-worker6,1,2026-06-06 08:22:47 UTC,15061844,15463136,164708,1.03,47928,605896,201096,1.26,208256,500028,288
cloud-k3s-pool-workers-worker6,1,2026-06-06 08:22:48 UTC,15061844,15463136,164700,1.03,47936,605896,201096,1.26,208256,500028,76
cloud-k3s-pool-workers-worker6,1,2026-06-06 08:22:49 UTC,15061844,15463136,164688,1.03,47936,605908,201096,1.26,208256,500028,88
cloud-k3s-pool-workers-worker6,1,2026-06-06 08:22:50 UTC,15061844,15463136,164672,1.03,47936,605924,201096,1.26,208256,500028,52
cloud-k3s-pool-workers-worker6,1,2026-06-06 08:22:51 UTC,15061844,15463184,164660,1.03,47936,605936,201096,1.26,208256,500076,0
cloud-k3s-pool-workers-worker6,1,2026-06-06 08:22:52 UTC,15061844,15463184,164652,1.03,47936,605944,201096,1.26,208256,500076,12
cloud-k3s-pool-workers-worker6,1,2026-06-06 08:22:53 UTC,15061844,15463184,164640,1.03,47936,605956,201096,1.26,208256,500076,24
cloud-k3s-pool-workers-worker6,1,2026-06-06 08:22:54 UTC,15061844,15463184,164632,1.03,47944,605956,201096,1.26,208256,500076,36
cloud-k3s-pool-workers-worker6,1,2026-06-06 08:22:55 UTC,15061844,15463184,164620,1.03,47944,605968,201096,1.26,208256,500076,48
cloud-k3s-pool-workers-worker6,1,2026-06-06 08:22:56 UTC,15061844,15463184,164600,1.03,47944,605988,201096,1.26,208256,500076,88
cloud-k3s-pool-workers-worker6,1,2026-06-06 08:22:57 UTC,15061844,15463244,164592,1.03,47944,605996,201096,1.26,208256,500136,96
cloud-k3s-pool-workers-worker6,1,2026-06-06 08:22:58 UTC,15061844,15463244,164580,1.03,47944,606008,201096,1.26,208256,500136,192
cloud-k3s-pool-workers-worker6,1,2026-06-06 08:22:59 UTC,15061844,15463244,164572,1.03,47952,606008,201096,1.26,208256,500136,172
cloud-k3s-pool-workers-worker6,1,2026-06-06 08:23:00 UTC,15061844,15463244,164548,1.03,47952,606028,201096,1.26,208256,500136,212
cloud-k3s-pool-workers-worker6,1,2026-06-06 08:23:01 UTC,15061844,15463244,164540,1.03,47952,606036,201096,1.26,208256,500136,220
cloud-k3s-pool-workers-worker6,1,2026-06-06 08:23:02 UTC,15061844,15463244,164528,1.03,47952,606048,201096,1.26,208256,500136,232
cloud-k3s-pool-workers-worker6,1,2026-06-06 08:23:03 UTC,15061844,15463304,164520,1.03,47952,606056,201096,1.26,208256,500196,32
cloud-k3s-pool-workers-worker6,1,2026-06-06 08:23:04 UTC,15061844,15463304,164508,1.03,47952,606068,201096,1.26,208256,500196,20
cloud-k3s-pool-workers-worker6,1,2026-06-06 08:23:05 UTC,15061844,15463304,164500,1.03,47960,606068,201096,1.26,208256,500196,28
cloud-k3s-pool-workers-worker6,1,2026-06-06 08:23:06 UTC,15061844,15463304,164480,1.03,47960,606088,201096,1.26,208256,500196,68
cloud-k3s-pool-workers-worker6,1,2026-06-06 08:23:07 UTC,15061844,15463304,164468,1.03,47960,606100,201096,1.26,208256,500196,80
cloud-k3s-pool-workers-worker6,1,2026-06-06 08:23:08 UTC,15061844,15463356,164460,1.03,47960,606108,201096,1.26,208256,500248,84
cloud-k3s-pool-workers-worker6,1,2026-06-06 08:23:09 UTC,15061844,15463368,164448,1.03,47960,606120,201096,1.26,208256,500260,28
cloud-k3s-pool-workers-worker6,1,2026-06-06 08:23:10 UTC,15061844,15463376,164440,1.03,47960,606128,201096,1.26,208256,500268,12
cloud-k3s-pool-workers-worker6,1,2026-06-06 08:23:11 UTC,15061844,15463376,164420,1.03,47968,606140,201096,1.26,208256,500268,52
cloud-k3s-pool-workers-worker6,1,2026-06-06 08:23:12 UTC,15061844,15463376,164412,1.03,47968,606148,201096,1.26,208256,500268,60
cloud-k3s-pool-workers-worker6,1,2026-06-06 08:23:13 UTC,15061844,15463376,164400,1.03,47968,606160,201096,1.26,208256,500268,228
cloud-k3s-pool-workers-worker6,1,2026-06-06 08:23:14 UTC,15061844,15463376,164392,1.03,47968,606168,201096,1.26,208256,500268,236
cloud-k3s-pool-workers-worker6,1,2026-06-06 08:23:15 UTC,15061844,15463380,164376,1.03,47968,606180,201096,1.26,208256,500268,248
cloud-k3s-pool-workers-worker6,1,2026-06-06 08:23:16 UTC,15061844,15463440,164368,1.03,47968,606188,201096,1.26,208256,500328,168
cloud-k3s-pool-workers-worker6,1,2026-06-06 08:23:17 UTC,15061844,15463440,164356,1.03,47976,606192,201096,1.26,208256,500328,192
cloud-k3s-pool-workers-worker6,1,2026-06-06 08:23:18 UTC,15061844,15463460,164340,1.03,47976,606208,201096,1.26,208256,500348,56
cloud-k3s-pool-workers-worker6,1,2026-06-06 08:23:19 UTC,15061844,15463460,164328,1.03,47976,606220,201096,1.26,208256,500348,68
cloud-k3s-pool-workers-worker6,1,2026-06-06 08:23:20 UTC,15061844,15463460,164316,1.03,47976,606232,201096,1.26,208256,500348,80
cloud-k3s-pool-workers-worker6,1,2026-06-06 08:23:21 UTC,15061844,15463460,164308,1.03,47976,606240,201096,1.26,208256,500348,88
cloud-k3s-pool-workers-worker6,1,2026-06-06 08:23:22 UTC,15061844,15463520,164288,1.03,47984,606252,201096,1.26,208256,500408,168
cloud-k3s-pool-workers-worker6,1,2026-06-06 08:23:23 UTC,15061844,15463520,164280,1.03,47984,606260,201096,1.26,208256,500408,28
cloud-k3s-pool-workers-worker6,1,2026-06-06 08:23:24 UTC,15061844,15463580,164268,1.03,47984,606272,201096,1.26,208256,500468,40
cloud-k3s-pool-workers-worker6,1,2026-06-06 08:23:25 UTC,15061844,15463580,164260,1.03,47984,606280,201096,1.26,208256,500468,48
cloud-k3s-pool-workers-worker6,1,2026-06-06 08:23:26 UTC,15061844,15463580,164248,1.03,47984,606292,201096,1.26,208256,500468,60
cloud-k3s-pool-workers-worker6,1,2026-06-06 08:23:27 UTC,15061844,15463612,164240,1.03,47992,606292,201096,1.26,208256,500500,0
cloud-k3s-pool-workers-worker6,1,2026-06-06 08:23:28 UTC,15061844,15463612,164216,1.03,47992,606316,201096,1.26,208256,500500,192
cloud-k3s-pool-workers-worker6,1,2026-06-06 08:23:29 UTC,15061844,15463612,164208,1.03,47992,606324,201096,1.26,208256,500500,200
cloud-k3s-pool-workers-worker6,1,2026-06-06 08:23:30 UTC,15061844,15463612,164192,1.03,47992,606336,201096,1.26,208256,500500,212
cloud-k3s-pool-workers-worker6,1,2026-06-06 08:23:31 UTC,15061844,15463612,164180,1.03,47992,606348,201096,1.26,208256,500500,224
cloud-k3s-pool-workers-worker6,1,2026-06-06 08:23:32 UTC,15061844,15463612,164172,1.03,48000,606348,201096,1.26,208256,500500,232
cloud-k3s-pool-workers-worker6,1,2026-06-06 08:23:33 UTC,15061844,15463672,164160,1.03,48000,606360,201096,1.26,208256,500560,244
cloud-k3s-pool-workers-worker6,1,2026-06-06 08:23:34 UTC,15061844,15463672,164144,1.03,48000,606376,201096,1.26,208256,500560,16
cloud-k3s-pool-workers-worker6,1,2026-06-06 08:23:35 UTC,15061844,15463672,164132,1.03,48000,606388,201096,1.26,208256,500560,28
cloud-k3s-pool-workers-worker6,1,2026-06-06 08:23:36 UTC,15061844,15463672,164124,1.03,48000,606396,201096,1.26,208256,500560,36
cloud-k3s-pool-workers-worker6,1,2026-06-06 08:23:37 UTC,15061844,15463672,164112,1.03,48008,606400,199736,1.25,207216,500560,48
cloud-k3s-pool-workers-worker6,1,2026-06-06 08:23:38 UTC,15061844,15463672,164100,1.03,48008,606416,199736,1.25,207136,500560,84
cloud-k3s-pool-workers-worker6,1,2026-06-06 08:23:39 UTC,15061844,15463732,164088,1.03,48008,606428,199736,1.25,207136,500620,96
cloud-k3s-pool-workers-worker6,1,2026-06-06 08:23:40 UTC,15061844,15463732,164080,1.03,48008,606436,199736,1.25,207136,500620,44
cloud-k3s-pool-workers-worker6,1,2026-06-06 08:23:41 UTC,15061844,15463732,164068,1.03,48008,606448,199736,1.25,207136,500620,56
cloud-k3s-pool-workers-worker6,1,2026-06-06 08:23:42 UTC,15061844,15463732,164052,1.03,48016,606456,199736,1.25,207136,500620,220
cloud-k3s-pool-workers-worker6,1,2026-06-06 08:23:43 UTC,15061844,15463732,164040,1.03,48016,606468,199736,1.25,207136,500620,232
cloud-k3s-pool-workers-worker6,1,2026-06-06 08:23:44 UTC,15061844,15463732,164028,1.03,48016,606480,199736,1.25,207136,500620,208
cloud-k3s-pool-workers-worker6,1,2026-06-06 08:23:45 UTC,15061844,15463792,164020,1.03,48016,606488,199736,1.25,207136,500680,216
cloud-k3s-pool-workers-worker6,1,2026-06-06 08:23:46 UTC,15061844,15463832,164012,1.03,48016,606500,201096,1.26,208212,500716,168
cloud-k3s-pool-workers-worker6,1,2026-06-06 08:23:47 UTC,15061844,15463832,164004,1.03,48016,606508,201096,1.26,208232,500716,24
cloud-k3s-pool-workers-worker6,1,2026-06-06 08:23:48 UTC,15061844,15463832,163984,1.03,48024,606520,201096,1.26,208232,500716,64
cloud-k3s-pool-workers-worker6,1,2026-06-06 08:23:49 UTC,15061844,15463832,163976,1.03,48024,606528,201096,1.26,208232,500716,72
cloud-k3s-pool-workers-worker6,1,2026-06-06 08:23:50 UTC,15061844,15463832,163964,1.03,48024,606540,201096,1.26,208232,500716,84
cloud-k3s-pool-workers-worker6,1,2026-06-06 08:23:51 UTC,15061844,15463896,163956,1.03,48024,606548,201096,1.26,208232,500780,28
cloud-k3s-pool-workers-worker6,1,2026-06-06 08:23:52 UTC,15061844,15463896,163944,1.03,48024,606560,201096,1.26,208232,500780,44
cloud-k3s-pool-workers-worker6,1,2026-06-06 08:23:53 UTC,15061844,15463896,163936,1.03,48032,606560,201096,1.26,208232,500780,52
cloud-k3s-pool-workers-worker6,1,2026-06-06 08:23:54 UTC,15061844,15463896,163916,1.03,48032,606580,201096,1.26,208232,500780,40
cloud-k3s-pool-workers-worker6,1,2026-06-06 08:23:55 UTC,15061844,15463896,163904,1.03,48032,606592,201096,1.26,208232,500780,52
cloud-k3s-pool-workers-worker6,1,2026-06-06 08:23:56 UTC,15061844,15463896,163896,1.03,48032,606600,201096,1.26,208232,500780,60
cloud-k3s-pool-workers-worker6,1,2026-06-06 08:23:57 UTC,15061844,15463956,163884,1.03,48032,606612,201096,1.26,208232,500840,4
cloud-k3s-pool-workers-worker6,1,2026-06-06 08:23:58 UTC,15061844,15463956,163876,1.03,48032,606620,201096,1.26,208232,500840,16
cloud-k3s-pool-workers-worker6,1,2026-06-06 08:23:59 UTC,15061844,15463956,163864,1.03,48040,606624,201096,1.26,208232,500840,28
cloud-k3s-pool-workers-worker6,1,2026-06-06 08:24:00 UTC,15061844,15463956,163848,1.03,48040,606640,201096,1.26,208232,500840,212
cloud-k3s-pool-workers-worker6,1,2026-06-06 08:24:01 UTC,15061844,15463956,163832,1.03,48040,606652,201096,1.26,208232,500840,224
cloud-k3s-pool-workers-worker6,1,2026-06-06 08:24:02 UTC,15061844,15463956,163824,1.02,48040,606660,201096,1.26,208232,500840,232
cloud-k3s-pool-workers-worker6,1,2026-06-06 08:24:03 UTC,15061844,15464020,163812,1.02,48040,606672,201096,1.26,208232,500904,96
cloud-k3s-pool-workers-worker6,1,2026-06-06 08:24:04 UTC,15061844,15464020,163804,1.02,48040,606680,201096,1.26,208232,500904,16
cloud-k3s-pool-workers-worker6,1,2026-06-06 08:24:05 UTC,15061844,15464020,163792,1.02,48048,606684,201096,1.26,208232,500904,28
cloud-k3s-pool-workers-worker6,1,2026-06-06 08:24:06 UTC,15061844,15464020,163772,1.02,48048,606704,201096,1.26,208232,500904,68
cloud-k3s-pool-workers-worker6,1,2026-06-06 08:24:07 UTC,15061844,15464060,163764,1.02,48048,606712,201096,1.26,208232,500944,72
cloud-k3s-pool-workers-worker6,1,2026-06-06 08:24:08 UTC,15061844,15464060,163752,1.02,48048,606724,201096,1.26,208232,500944,84
cloud-k3s-pool-workers-worker6,1,2026-06-06 08:24:09 UTC,15061844,15464060,163744,1.02,48048,606732,201096,1.26,208232,500944,92
cloud-k3s-pool-workers-worker6,1,2026-06-06 08:24:10 UTC,15061844,15464060,163732,1.02,48048,606744,201096,1.26,208232,500944,16
cloud-k3s-pool-workers-worker6,1,2026-06-06 08:24:11 UTC,15061844,15464060,163724,1.02,48056,606744,201096,1.26,208232,500944,24
cloud-k3s-pool-workers-worker6,1,2026-06-06 08:24:12 UTC,15061844,15464096,163704,1.02,48056,606764,201096,1.26,208256,500980,64
cloud-k3s-pool-workers-worker6,1,2026-06-06 08:24:13 UTC,15061844,15464156,163696,1.02,48056,606772,201096,1.26,208256,501040,232
cloud-k3s-pool-workers-worker6,1,2026-06-06 08:24:14 UTC,15061844,15464156,163684,1.02,48056,606784,201096,1.26,208256,501040,244
cloud-k3s-pool-workers-worker6,1,2026-06-06 08:24:15 UTC,15061844,15464156,163676,1.02,48056,606792,201096,1.26,208256,501040,252
cloud-k3s-pool-workers-worker6,1,2026-06-06 08:24:16 UTC,15061844,15464160,163660,1.02,48056,606804,201096,1.26,208256,501040,268
cloud-k3s-pool-workers-worker6,1,2026-06-06 08:24:17 UTC,15061844,15464160,163652,1.02,48064,606804,201096,1.26,208256,501040,276
cloud-k3s-pool-workers-worker6,1,2026-06-06 08:24:18 UTC,15061604,15463940,163856,1.03,48064,606824,203944,1.28,209576,501052,64
cloud-k3s-pool-workers-worker6,1,2026-06-06 08:24:19 UTC,15061604,15464000,163840,1.03,48064,606836,204280,1.28,209836,501112,76
cloud-k3s-pool-workers-worker6,1,2026-06-06 08:24:20 UTC,15061604,15464000,163832,1.03,48064,606844,204280,1.28,209836,501112,224
cloud-k3s-pool-workers-worker6,1,2026-06-06 08:24:21 UTC,15061604,15464000,163820,1.02,48064,606856,204280,1.28,209836,501112,236
cloud-k3s-pool-workers-worker6,1,2026-06-06 08:24:22 UTC,15061604,15464000,163804,1.02,48072,606864,205640,1.29,210956,501112,292
cloud-k3s-pool-workers-worker6,1,2026-06-06 08:24:23 UTC,15061604,15464008,163800,1.02,48072,606876,202456,1.27,209336,501120,72
cloud-k3s-pool-workers-worker6,1,2026-06-06 08:24:24 UTC,15061604,15464008,163792,1.02,48072,606884,202456,1.27,209368,501120,72
cloud-k3s-pool-workers-worker6,1,2026-06-06 08:24:25 UTC,15061604,15464068,163780,1.02,48072,606896,202456,1.27,209368,501180,84
cloud-k3s-pool-workers-worker6,1,2026-06-06 08:24:26 UTC,15061604,15464068,163772,1.02,48072,606904,202456,1.27,209368,501180,92
cloud-k3s-pool-workers-worker6,1,2026-06-06 08:24:27 UTC,15061604,15464068,163760,1.02,48080,606908,202456,1.27,209368,501180,152
cloud-k3s-pool-workers-worker6,1,2026-06-06 08:24:28 UTC,15061604,15464068,163744,1.02,48080,606924,202456,1.27,209368,501180,16
cloud-k3s-pool-workers-worker6,1,2026-06-06 08:24:29 UTC,15061604,15464068,163732,1.02,48080,606936,202456,1.27,209368,501180,28
cloud-k3s-pool-workers-worker6,1,2026-06-06 08:24:30 UTC,15061604,15464068,163720,1.02,48080,606948,202456,1.27,209368,501180,40
cloud-k3s-pool-workers-worker6,1,2026-06-06 08:24:31 UTC,15066024,15468548,159292,1.00,48080,606956,201096,1.26,208328,501240,48
cloud-k3s-pool-workers-worker6,1,2026-06-06 08:24:32 UTC,15065844,15468384,159448,1.00,48088,606968,201096,1.26,208256,501256,288
cloud-k3s-pool-workers-worker6,1,2026-06-06 08:24:33 UTC,15065844,15468384,159440,1.00,48088,606976,201096,1.26,208256,501256,232
cloud-k3s-pool-workers-worker6,1,2026-06-06 08:24:34 UTC,15065844,15468384,159428,1.00,48088,606988,201096,1.26,208256,501256,248
cloud-k3s-pool-workers-worker6,1,2026-06-06 08:24:35 UTC,15065844,15468384,159420,1.00,48088,606996,201096,1.26,208256,501256,256
cloud-k3s-pool-workers-worker6,1,2026-06-06 08:24:36 UTC,15065844,15468384,159408,1.00,48088,607008,201096,1.26,208256,501256,268
cloud-k3s-pool-workers-worker6,1,2026-06-06 08:24:37 UTC,15065844,15468444,159400,1.00,48096,607008,201096,1.26,208256,501316,276
cloud-k3s-pool-workers-worker6,1,2026-06-06 08:24:38 UTC,15065844,15468452,159380,1.00,48096,607028,201096,1.26,208256,501324,208
cloud-k3s-pool-workers-worker6,1,2026-06-06 08:24:39 UTC,15065844,15468452,159372,1.00,48096,607036,201096,1.26,208256,501324,152
cloud-k3s-pool-workers-worker6,1,2026-06-06 08:24:40 UTC,15065844,15468452,159360,1.00,48096,607048,201096,1.26,208256,501324,168
cloud-k3s-pool-workers-worker6,1,2026-06-06 08:24:41 UTC,15065844,15468452,159352,1.00,48096,607056,201096,1.26,208256,501324,176
cloud-k3s-pool-workers-worker6,1,2026-06-06 08:24:42 UTC,15065844,15468452,159332,1.00,48104,607068,201096,1.26,208256,501324,224
cloud-k3s-pool-workers-worker6,1,2026-06-06 08:24:43 UTC,15065844,15468520,159320,1.00,48104,607080,201096,1.26,208256,501392,72
cloud-k3s-pool-workers-worker6,1,2026-06-06 08:24:44 UTC,15065844,15468520,159312,1.00,48104,607088,201096,1.26,208256,501392,80
cloud-k3s-pool-workers-worker6,1,2026-06-06 08:24:45 UTC,15065844,15468520,159300,1.00,48104,607100,201096,1.26,208256,501392,92
cloud-k3s-pool-workers-worker6,1,2026-06-06 08:24:46 UTC,15065844,15468520,159292,1.00,48104,607108,201096,1.26,208256,501392,36
cloud-k3s-pool-workers-worker6,1,2026-06-06 08:24:47 UTC,15065844,15468524,159276,1.00,48112,607112,201096,1.26,208256,501392,196
cloud-k3s-pool-workers-worker6,1,2026-06-06 08:24:48 UTC,15065844,15468532,159260,1.00,48112,607128,201096,1.26,208256,501400,36
cloud-k3s-pool-workers-worker6,1,2026-06-06 08:24:49 UTC,15065844,15468592,159248,1.00,48112,607140,201096,1.26,208256,501460,48
cloud-k3s-pool-workers-worker6,1,2026-06-06 08:24:50 UTC,15065844,15468592,159240,1.00,48112,607148,201096,1.26,208256,501460,56
cloud-k3s-pool-workers-worker6,1,2026-06-06 08:24:51 UTC,15065844,15468592,159228,1.00,48112,607160,201096,1.26,208256,501460,68
cloud-k3s-pool-workers-worker6,1,2026-06-06 08:24:52 UTC,15065844,15468592,159212,1.00,48120,607168,201096,1.26,208256,501460,180
cloud-k3s-pool-workers-worker6,1,2026-06-06 08:24:53 UTC,15065844,15468592,159200,1.00,48120,607180,201096,1.26,208256,501460,192
cloud-k3s-pool-workers-worker6,1,2026-06-06 08:24:54 UTC,15065844,15468652,159188,1.00,48120,607192,201096,1.26,208256,501520,204
cloud-k3s-pool-workers-worker6,1,2026-06-06 08:24:55 UTC,15065844,15468652,159180,1.00,48120,607200,201096,1.26,208256,501520,212
cloud-k3s-pool-workers-worker6,1,2026-06-06 08:24:56 UTC,15065844,15468652,159168,1.00,48120,607212,201096,1.26,208256,501520,224
cloud-k3s-pool-workers-worker6,1,2026-06-06 08:24:57 UTC,15065844,15468652,159160,1.00,48128,607212,201096,1.26,208256,501520,232
cloud-k3s-pool-workers-worker6,1,2026-06-06 08:24:58 UTC,15065844,15468652,159140,1.00,48128,607232,201096,1.26,208256,501520,80
cloud-k3s-pool-workers-worker6,1,2026-06-06 08:24:59 UTC,15065844,15468652,159132,1.00,48128,607240,201096,1.26,208256,501520,88
cloud-k3s-pool-workers-worker6,1,2026-06-06 08:25:00 UTC,15065844,15468712,159120,1.00,48128,607252,201096,1.26,208256,501580,100
cloud-k3s-pool-workers-worker6,1,2026-06-06 08:25:01 UTC,15065844,15468712,159112,1.00,48128,607260,201096,1.26,208256,501580,108
cloud-k3s-pool-workers-worker6,1,2026-06-06 08:25:02 UTC,15065592,15468476,159348,1.00,48136,607272,201096,1.26,208232,501596,380
cloud-k3s-pool-workers-worker6,1,2026-06-06 08:25:03 UTC,15065592,15468476,159340,1.00,48136,607280,201096,1.26,208232,501596,152
cloud-k3s-pool-workers-worker6,1,2026-06-06 08:25:04 UTC,15065592,15468476,159328,1.00,48136,607292,201096,1.26,208232,501596,164
cloud-k3s-pool-workers-worker6,1,2026-06-06 08:25:05 UTC,15065592,15468476,159320,1.00,48136,607300,201096,1.26,208232,501596,172
cloud-k3s-pool-workers-worker6,1,2026-06-06 08:25:06 UTC,15065592,15468536,159308,1.00,48136,607312,201096,1.26,208232,501656,184
cloud-k3s-pool-workers-worker6,1,2026-06-06 08:25:07 UTC,15065592,15468536,159296,1.00,48144,607316,201096,1.26,208232,501656,196
cloud-k3s-pool-workers-worker6,1,2026-06-06 08:25:08 UTC,15065592,15468536,159280,1.00,48144,607332,201096,1.26,208232,501656,328
cloud-k3s-pool-workers-worker6,1,2026-06-06 08:25:09 UTC,15065592,15468536,159268,1.00,48144,607344,201096,1.26,208232,501656,340
cloud-k3s-pool-workers-worker6,1,2026-06-06 08:25:10 UTC,15065592,15468536,159260,1.00,48144,607352,201096,1.26,208232,501656,348
cloud-k3s-pool-workers-worker6,1,2026-06-06 08:25:11 UTC,15065592,15468536,159248,1.00,48144,607364,201096,1.26,208232,501656,360
cloud-k3s-pool-workers-worker6,1,2026-06-06 08:25:12 UTC,15065592,15468596,159240,1.00,48152,607364,201096,1.26,208232,501716,368
cloud-k3s-pool-workers-worker6,1,2026-06-06 08:25:13 UTC,15065592,15468596,159228,1.00,48152,607376,201096,1.26,208232,501716,380
cloud-k3s-pool-workers-worker6,1,2026-06-06 08:25:14 UTC,15065592,15468620,159212,1.00,48152,607392,201096,1.26,208232,501740,248
cloud-k3s-pool-workers-worker6,1,2026-06-06 08:25:15 UTC,15065592,15468620,159200,1.00,48152,607404,201096,1.26,208232,501740,260
cloud-k3s-pool-workers-worker6,1,2026-06-06 08:25:16 UTC,15065592,15468620,159192,1.00,48152,607412,201096,1.26,208232,501740,268
cloud-k3s-pool-workers-worker6,1,2026-06-06 08:25:17 UTC,15065592,15468620,159180,1.00,48160,607416,201096,1.26,208232,501740,280
cloud-k3s-pool-workers-worker6,1,2026-06-06 08:25:18 UTC,15065592,15468692,159156,1.00,48160,607436,201096,1.26,208232,501808,284
cloud-k3s-pool-workers-worker6,1,2026-06-06 08:25:19 UTC,15065592,15468692,159148,1.00,48160,607444,201096,1.26,208232,501808,292
cloud-k3s-pool-workers-worker6,1,2026-06-06 08:25:20 UTC,15065592,15468692,159136,1.00,48160,607456,201096,1.26,208232,501808,304
cloud-k3s-pool-workers-worker6,1,2026-06-06 08:25:21 UTC,15063576,15466676,161144,1.01,48160,607464,201096,1.26,208232,501808,312
cloud-k3s-pool-workers-worker6,1,2026-06-06 08:25:22 UTC,15063576,15466676,161120,1.01,48168,607476,201096,1.26,208212,501808,548
cloud-k3s-pool-workers-worker6,1,2026-06-06 08:25:23 UTC,15063576,15466684,161112,1.01,48168,607484,201096,1.26,208232,501816,228
cloud-k3s-pool-workers-worker6,1,2026-06-06 08:25:24 UTC,15063576,15466744,161100,1.01,48168,607496,201096,1.26,208232,501876,236
cloud-k3s-pool-workers-worker6,1,2026-06-06 08:25:25 UTC,15063576,15466744,161092,1.01,48168,607504,201096,1.26,208232,501876,244
cloud-k3s-pool-workers-worker6,1,2026-06-06 08:25:26 UTC,15063576,15466744,161080,1.01,48168,607516,201096,1.26,208232,501876,256
cloud-k3s-pool-workers-worker6,1,2026-06-06 08:25:27 UTC,15063576,15466744,161072,1.01,48176,607516,201096,1.26,208232,501876,268
cloud-k3s-pool-workers-worker6,1,2026-06-06 08:25:28 UTC,15063576,15466744,161052,1.01,48176,607536,201096,1.26,208232,501876,212
cloud-k3s-pool-workers-worker6,1,2026-06-06 08:25:29 UTC,15063576,15466744,161044,1.01,48176,607544,201096,1.26,208232,501876,220
cloud-k3s-pool-workers-worker6,1,2026-06-06 08:25:30 UTC,15063576,15466804,161032,1.01,48176,607556,201096,1.26,208232,501936,232
cloud-k3s-pool-workers-worker6,1,2026-06-06 08:25:31 UTC,15063576,15466804,161020,1.01,48176,607568,201096,1.26,208232,501936,244
cloud-k3s-pool-workers-worker6,1,2026-06-06 08:25:32 UTC,15063576,15466804,161012,1.01,48184,607568,201096,1.26,208232,501936,252
cloud-k3s-pool-workers-worker6,1,2026-06-06 08:25:33 UTC,15063576,15466808,160996,1.01,48184,607580,201096,1.26,208232,501936,264
cloud-k3s-pool-workers-worker6,1,2026-06-06 08:25:34 UTC,15063576,15466808,160980,1.01,48184,607596,201096,1.26,208232,501936,128
cloud-k3s-pool-workers-worker6,1,2026-06-06 08:25:35 UTC,15063576,15466808,160968,1.01,48184,607608,201096,1.26,208232,501936,140
cloud-k3s-pool-workers-worker6,1,2026-06-06 08:25:36 UTC,15063576,15466868,160960,1.01,48184,607616,201096,1.26,208232,501996,148
cloud-k3s-pool-workers-worker6,1,2026-06-06 08:25:37 UTC,15063576,15466868,160948,1.01,48192,607620,201096,1.26,208232,501996,160
cloud-k3s-pool-workers-worker6,1,2026-06-06 08:25:38 UTC,15063576,15466880,160932,1.01,48192,607636,201096,1.26,208232,502008,160
cloud-k3s-pool-workers-worker6,1,2026-06-06 08:25:39 UTC,15063576,15466880,160920,1.01,48192,607648,201096,1.26,208232,502008,172
cloud-k3s-pool-workers-worker6,1,2026-06-06 08:25:40 UTC,15063576,15466880,160912,1.01,48192,607656,201096,1.26,208232,502008,180
cloud-k3s-pool-workers-worker6,1,2026-06-06 08:25:41 UTC,15063576,15466880,160900,1.01,48192,607668,201096,1.26,208232,502008,192
cloud-k3s-pool-workers-worker6,1,2026-06-06 08:25:42 UTC,15063576,15466940,160888,1.01,48200,607672,201096,1.26,208232,502068,204
cloud-k3s-pool-workers-worker6,1,2026-06-06 08:25:43 UTC,15063576,15466940,160880,1.01,48200,607680,201096,1.26,208232,502068,212
cloud-k3s-pool-workers-worker6,1,2026-06-06 08:25:44 UTC,15063576,15466940,160860,1.01,48200,607700,201096,1.26,208232,502068,380
cloud-k3s-pool-workers-worker6,1,2026-06-06 08:25:45 UTC,15063576,15466940,160852,1.01,48200,607708,201096,1.26,208232,502068,388
cloud-k3s-pool-workers-worker6,1,2026-06-06 08:25:46 UTC,15063576,15466940,160840,1.01,48200,607720,199736,1.25,207192,502068,400
cloud-k3s-pool-workers-worker6,1,2026-06-06 08:25:47 UTC,15063576,15466940,160832,1.01,48208,607720,199736,1.25,207192,502068,408
cloud-k3s-pool-workers-worker6,1,2026-06-06 08:25:48 UTC,15063576,15467000,160812,1.01,48208,607740,199736,1.25,207136,502128,276
cloud-k3s-pool-workers-worker6,1,2026-06-06 08:25:49 UTC,15063576,15467000,160804,1.01,48208,607748,199736,1.25,207136,502128,284
cloud-k3s-pool-workers-worker6,1,2026-06-06 08:25:50 UTC,15063576,15467000,160792,1.01,48208,607760,199736,1.25,207136,502128,284
cloud-k3s-pool-workers-worker6,1,2026-06-06 08:25:51 UTC,15063576,15467000,160784,1.01,48208,607768,201096,1.26,207916,502128,292
cloud-k3s-pool-workers-worker6,1,2026-06-06 08:25:52 UTC,15063576,15467044,160764,1.01,48216,607780,201096,1.26,208248,502172,472
cloud-k3s-pool-workers-worker6,1,2026-06-06 08:25:53 UTC,15063576,15467044,160756,1.01,48216,607788,201096,1.26,208248,502172,480
cloud-k3s-pool-workers-worker6,1,2026-06-06 08:25:54 UTC,15063576,15467104,160744,1.01,48216,607800,202456,1.27,209028,502232,16
cloud-k3s-pool-workers-worker6,1,2026-06-06 08:25:55 UTC,15063576,15467104,160732,1.01,48216,607812,202456,1.27,209028,502232,32
cloud-k3s-pool-workers-worker6,1,2026-06-06 08:25:56 UTC,15063576,15467108,160724,1.01,48216,607820,202456,1.27,209324,502236,40
cloud-k3s-pool-workers-worker6,1,2026-06-06 08:25:57 UTC,15063576,15467108,160712,1.01,48216,607832,202456,1.27,209324,502236,52
cloud-k3s-pool-workers-worker6,1,2026-06-06 08:25:58 UTC,15063576,15467108,160704,1.01,48224,607832,202456,1.27,209324,502236,196
cloud-k3s-pool-workers-worker6,1,2026-06-06 08:25:59 UTC,15063576,15467168,160692,1.01,48224,607844,202456,1.27,209324,502296,208
cloud-k3s-pool-workers-worker6,1,2026-06-06 08:26:00 UTC,15063576,15467168,160676,1.01,48224,607860,202456,1.27,209324,502296,252
cloud-k3s-pool-workers-worker6,1,2026-06-06 08:26:01 UTC,15063576,15467168,160664,1.01,48224,607872,202456,1.27,209324,502296,264
cloud-k3s-pool-workers-worker6,1,2026-06-06 08:26:02 UTC,15063576,15467168,160656,1.01,48224,607880,202456,1.27,209324,502296,272
cloud-k3s-pool-workers-worker6,1,2026-06-06 08:26:03 UTC,15063576,15467168,160636,1.01,48232,607892,202456,1.27,209348,502296,96
cloud-k3s-pool-workers-worker6,1,2026-06-06 08:26:04 UTC,15063576,15467172,160624,1.00,48232,607900,202456,1.27,209348,502296,104
cloud-k3s-pool-workers-worker6,1,2026-06-06 08:26:05 UTC,15063072,15466744,161116,1.01,48232,607912,205908,1.29,210692,502372,116
cloud-k3s-pool-workers-worker6,1,2026-06-06 08:26:06 UTC,15061056,15464728,163120,1.02,48232,607924,205908,1.29,211000,502372,312
cloud-k3s-pool-workers-worker6,1,2026-06-06 08:26:07 UTC,15061056,15464728,163112,1.02,48232,607932,205908,1.29,211000,502372,404
cloud-k3s-pool-workers-worker6,1,2026-06-06 08:26:08 UTC,15061056,15464728,163100,1.02,48232,607944,205908,1.29,211000,502372,416
cloud-k3s-pool-workers-worker6,1,2026-06-06 08:26:09 UTC,15061056,15464732,163084,1.02,48240,607952,202456,1.27,209368,502376,336
cloud-k3s-pool-workers-worker6,1,2026-06-06 08:26:10 UTC,15061056,15464732,163072,1.02,48240,607964,202456,1.27,209368,502376,348
cloud-k3s-pool-workers-worker6,1,2026-06-06 08:26:11 UTC,15061056,15464792,163064,1.02,48240,607972,202456,1.27,209368,502436,344
cloud-k3s-pool-workers-worker6,1,2026-06-06 08:26:12 UTC,15061056,15464792,163052,1.02,48240,607984,202456,1.27,209368,502436,432
cloud-k3s-pool-workers-worker6,1,2026-06-06 08:26:13 UTC,15061056,15464792,163044,1.02,48240,607992,202456,1.27,209368,502436,440
cloud-k3s-pool-workers-worker6,1,2026-06-06 08:26:14 UTC,15061056,15464792,163032,1.02,48240,608004,202456,1.27,209368,502436,456
cloud-k3s-pool-workers-worker6,1,2026-06-06 08:26:15 UTC,15061056,15464792,163024,1.02,48248,608004,202456,1.27,209368,502436,464
cloud-k3s-pool-workers-worker6,1,2026-06-06 08:26:16 UTC,15061056,15464792,163004,1.02,48248,608024,202456,1.27,209368,502436,252
cloud-k3s-pool-workers-worker6,1,2026-06-06 08:26:17 UTC,15061056,15464852,162992,1.02,48248,608036,202456,1.27,209368,502496,264
cloud-k3s-pool-workers-worker6,1,2026-06-06 08:26:18 UTC,15061056,15464852,162984,1.02,48248,608044,202456,1.27,209368,502496,420
cloud-k3s-pool-workers-worker6,1,2026-06-06 08:26:19 UTC,15061056,15464852,162968,1.02,48248,608056,202456,1.27,209368,502496,432
cloud-k3s-pool-workers-worker6,1,2026-06-06 08:26:20 UTC,15061056,15464852,162960,1.02,48248,608064,202456,1.27,209368,502496,440
cloud-k3s-pool-workers-worker6,1,2026-06-06 08:26:21 UTC,15061056,15464852,162948,1.02,48256,608068,202456,1.27,209368,502496,452
cloud-k3s-pool-workers-worker6,1,2026-06-06 08:26:22 UTC,15061056,15464852,162932,1.02,48256,608084,202456,1.27,209368,502496,460
cloud-k3s-pool-workers-worker6,1,2026-06-06 08:26:23 UTC,15061056,15464912,162920,1.02,48256,608096,202456,1.27,209368,502556,472
cloud-k3s-pool-workers-worker6,1,2026-06-06 08:26:24 UTC,15061056,15464912,162908,1.02,48256,608108,202456,1.27,209368,502556,336
cloud-k3s-pool-workers-worker6,1,2026-06-06 08:26:25 UTC,15061056,15464912,162896,1.02,48256,608120,202456,1.27,209368,502556,348
cloud-k3s-pool-workers-worker6,1,2026-06-06 08:26:26 UTC,15061056,15464912,162888,1.02,48256,608128,202456,1.27,209368,502556,96
cloud-k3s-pool-workers-worker6,1,2026-06-06 08:26:27 UTC,15061056,15464912,162876,1.02,48264,608132,202456,1.27,209368,502556,176
cloud-k3s-pool-workers-worker6,1,2026-06-06 08:26:28 UTC,15061056,15464912,162868,1.02,48264,608140,202456,1.27,209368,502556,24
cloud-k3s-pool-workers-worker6,1,2026-06-06 08:26:29 UTC,15061056,15464972,162856,1.02,48264,608152,202456,1.27,209368,502616,36
cloud-k3s-pool-workers-worker6,1,2026-06-06 08:26:30 UTC,15061056,15464972,162836,1.02,48264,608172,202456,1.27,209368,502616,80
cloud-k3s-pool-workers-worker6,1,2026-06-06 08:26:31 UTC,15061056,15464972,162828,1.02,48264,608180,202456,1.27,209368,502616,88
cloud-k3s-pool-workers-worker6,1,2026-06-06 08:26:32 UTC,15061056,15464972,162816,1.02,48272,608184,202456,1.27,209368,502616,100
cloud-k3s-pool-workers-worker6,1,2026-06-06 08:26:33 UTC,15061056,15464972,162808,1.02,48272,608192,202456,1.27,209368,502616,112
cloud-k3s-pool-workers-worker6,1,2026-06-06 08:26:34 UTC,15061056,15464976,162784,1.02,48272,608212,202456,1.27,209368,502616,208
cloud-k3s-pool-workers-worker6,1,2026-06-06 08:26:35 UTC,15061056,15465036,162776,1.02,48272,608220,202456,1.27,209368,502676,216
cloud-k3s-pool-workers-worker6,1,2026-06-06 08:26:36 UTC,15061056,15465036,162764,1.02,48272,608232,202456,1.27,209368,502676,228
cloud-k3s-pool-workers-worker6,1,2026-06-06 08:26:37 UTC,15061056,15465036,162756,1.02,48280,608232,202456,1.27,209368,502676,236
cloud-k3s-pool-workers-worker6,1,2026-06-06 08:26:38 UTC,15061056,15465036,162736,1.02,48280,608252,202456,1.27,209368,502676,0
cloud-k3s-pool-workers-worker6,1,2026-06-06 08:26:39 UTC,15061056,15465036,162728,1.02,48280,608260,202456,1.27,209368,502676,12
cloud-k3s-pool-workers-worker6,1,2026-06-06 08:26:40 UTC,15061056,15465036,162716,1.02,48280,608272,202456,1.27,209368,502676,24
cloud-k3s-pool-workers-worker6,1,2026-06-06 08:26:41 UTC,15061056,15465096,162704,1.02,48280,608284,202456,1.27,209368,502736,36
cloud-k3s-pool-workers-worker6,1,2026-06-06 08:26:42 UTC,15061056,15465096,162696,1.02,48288,608284,202456,1.27,209368,502736,44
cloud-k3s-pool-workers-worker6,1,2026-06-06 08:26:43 UTC,15061056,15465096,162684,1.02,48288,608296,202456,1.27,209368,502736,56
cloud-k3s-pool-workers-worker6,1,2026-06-06 08:26:44 UTC,15061056,15465096,162668,1.02,48288,608312,202456,1.27,209368,502736,92
cloud-k3s-pool-workers-worker6,1,2026-06-06 08:26:45 UTC,15061056,15465096,162656,1.02,48288,608324,202456,1.27,209368,502736,108
cloud-k3s-pool-workers-worker6,1,2026-06-06 08:26:46 UTC,15061056,15465096,162648,1.02,48288,608332,202456,1.27,209368,502736,52
cloud-k3s-pool-workers-worker6,1,2026-06-06 08:26:47 UTC,15061056,15465156,162636,1.02,48296,608336,202456,1.27,209368,502796,64
cloud-k3s-pool-workers-worker6,1,2026-06-06 08:26:48 UTC,15061056,15465216,162620,1.02,48296,608352,202456,1.27,209368,502856,224
cloud-k3s-pool-workers-worker6,1,2026-06-06 08:26:49 UTC,15061056,15465216,162608,1.02,48296,608364,202456,1.27,209368,502856,236
cloud-k3s-pool-workers-worker6,1,2026-06-06 08:26:50 UTC,15061056,15465216,162596,1.02,48296,608372,202456,1.27,209368,502856,152
cloud-k3s-pool-workers-worker6,1,2026-06-06 08:26:51 UTC,15061056,15465216,162584,1.02,48296,608384,202456,1.27,209368,502856,168
cloud-k3s-pool-workers-worker6,1,2026-06-06 08:26:52 UTC,15061056,15465216,162576,1.02,48304,608384,202456,1.27,209368,502856,176
cloud-k3s-pool-workers-worker6,1,2026-06-06 08:26:53 UTC,15061056,15465276,162564,1.02,48304,608396,202456,1.27,209368,502916,188
cloud-k3s-pool-workers-worker6,1,2026-06-06 08:26:54 UTC,15061056,15465276,162544,1.02,48304,608416,202456,1.27,209368,502916,80
cloud-k3s-pool-workers-worker6,1,2026-06-06 08:26:55 UTC,15061056,15465276,162536,1.02,48304,608424,202456,1.27,209368,502916,88
cloud-k3s-pool-workers-worker6,1,2026-06-06 08:26:56 UTC,15061056,15465276,162524,1.02,48304,608436,202456,1.27,209368,502916,100
cloud-k3s-pool-workers-worker6,1,2026-06-06 08:26:57 UTC,15061056,15465276,162516,1.02,48304,608444,202456,1.27,209368,502916,112
cloud-k3s-pool-workers-worker6,1,2026-06-06 08:26:58 UTC,15061056,15465456,162376,1.02,48312,608576,202456,1.27,209488,502976,24
cloud-k3s-pool-workers-worker6,1,2026-06-06 08:26:59 UTC,15061056,15465456,162368,1.02,48312,608584,202456,1.27,209488,502976,32
cloud-k3s-pool-workers-worker6,1,2026-06-06 08:27:00 UTC,15061056,15465460,162344,1.02,48312,608604,202456,1.27,209488,502976,76
cloud-k3s-pool-workers-worker6,1,2026-06-06 08:27:01 UTC,15061056,15465460,162336,1.02,48312,608612,202456,1.27,209488,502976,84
cloud-k3s-pool-workers-worker6,1,2026-06-06 08:27:02 UTC,15061056,15465460,162324,1.02,48312,608624,202456,1.27,209488,502976,96
cloud-k3s-pool-workers-worker6,1,2026-06-06 08:27:03 UTC,15061056,15465460,162316,1.02,48320,608624,202456,1.27,209488,502976,108
cloud-k3s-pool-workers-worker6,1,2026-06-06 08:27:04 UTC,15061056,15465520,162296,1.02,48320,608644,202456,1.27,209488,503036,184
cloud-k3s-pool-workers-worker6,1,2026-06-06 08:27:05 UTC,15061056,15465520,162280,1.02,48320,608656,202456,1.27,209488,503036,196
cloud-k3s-pool-workers-worker6,1,2026-06-06 08:27:06 UTC,15061056,15465520,162272,1.02,48320,608664,202456,1.27,209488,503036,204
cloud-k3s-pool-workers-worker6,1,2026-06-06 08:27:07 UTC,15061056,15465520,162260,1.02,48320,608676,202456,1.27,209488,503036,216
cloud-k3s-pool-workers-worker6,1,2026-06-06 08:27:08 UTC,15061056,15465528,162252,1.02,48320,608684,202456,1.27,209496,503036,168
cloud-k3s-pool-workers-worker6,1,2026-06-06 08:27:09 UTC,15061056,15465528,162240,1.02,48328,608688,202456,1.27,209496,503036,184
cloud-k3s-pool-workers-worker6,1,2026-06-06 08:27:10 UTC,15061056,15465588,162224,1.01,48328,608704,202456,1.27,209496,503096,56
cloud-k3s-pool-workers-worker6,1,2026-06-06 08:27:11 UTC,15061056,15465588,162212,1.01,48328,608716,202456,1.27,209496,503096,68
cloud-k3s-pool-workers-worker6,1,2026-06-06 08:27:12 UTC,15061056,15465588,162204,1.01,48328,608724,202456,1.27,209496,503096,76
cloud-k3s-pool-workers-worker6,1,2026-06-06 08:27:13 UTC,15061056,15465588,162192,1.01,48328,608736,202456,1.27,209496,503096,88
cloud-k3s-pool-workers-worker6,1,2026-06-06 08:27:14 UTC,15061056,15465588,162184,1.01,48328,608744,202456,1.27,209496,503096,4
cloud-k3s-pool-workers-worker6,1,2026-06-06 08:27:15 UTC,15061056,15465588,162172,1.01,48336,608748,202456,1.27,209496,503096,20
cloud-k3s-pool-workers-worker6,1,2026-06-06 08:27:16 UTC,15061056,15465648,162156,1.01,48336,608764,202456,1.27,209496,503156,56
cloud-k3s-pool-workers-worker6,1,2026-06-06 08:27:17 UTC,15061056,15465648,162144,1.01,48336,608776,202456,1.27,209496,503156,68
cloud-k3s-pool-workers-worker6,1,2026-06-06 08:27:18 UTC,15061056,15465648,162132,1.01,48336,608788,203816,1.28,210276,503156,236
cloud-k3s-pool-workers-worker6,1,2026-06-06 08:27:19 UTC,15061056,15465648,162124,1.01,48336,608796,203816,1.28,210276,503156,244
cloud-k3s-pool-workers-worker6,1,2026-06-06 08:27:20 UTC,15061056,15465692,162104,1.01,48336,608808,203816,1.28,210560,503196,156
cloud-k3s-pool-workers-worker6,1,2026-06-06 08:27:21 UTC,15061056,15465700,162088,1.01,48344,608816,203816,1.28,210612,503204,192
cloud-k3s-pool-workers-worker6,1,2026-06-06 08:27:22 UTC,15061056,15465760,162076,1.01,48344,608828,203816,1.28,210612,503264,204
cloud-k3s-pool-workers-worker6,1,2026-06-06 08:27:23 UTC,15061056,15465760,162068,1.01,48344,608836,203816,1.28,210612,503264,212
cloud-k3s-pool-workers-worker6,1,2026-06-06 08:27:24 UTC,15061056,15465760,162056,1.01,48344,608848,203816,1.28,210612,503264,72
cloud-k3s-pool-workers-worker6,1,2026-06-06 08:27:25 UTC,15061056,15465760,162048,1.01,48344,608856,203816,1.28,210612,503264,80
cloud-k3s-pool-workers-worker6,1,2026-06-06 08:27:26 UTC,15061056,15465760,162036,1.01,48352,608860,203816,1.28,210612,503264,92
cloud-k3s-pool-workers-worker6,1,2026-06-06 08:27:27 UTC,15061056,15465760,162028,1.01,48352,608868,203816,1.28,210612,503264,104
cloud-k3s-pool-workers-worker6,1,2026-06-06 08:27:28 UTC,15061056,15465820,162008,1.01,48352,608888,203816,1.28,210612,503324,36
cloud-k3s-pool-workers-worker6,1,2026-06-06 08:27:29 UTC,15061056,15465820,161996,1.01,48352,608900,203816,1.28,210612,503324,48
cloud-k3s-pool-workers-worker6,1,2026-06-06 08:27:30 UTC,15061056,15465820,161988,1.01,48352,608908,203816,1.28,210612,503324,56
cloud-k3s-pool-workers-worker6,1,2026-06-06 08:27:31 UTC,15059796,15464568,163196,1.02,48360,608920,207264,1.30,212240,503332,264
cloud-k3s-pool-workers-worker6,1,2026-06-06 08:27:32 UTC,15059796,15464568,163188,1.02,48360,608928,207264,1.30,212240,503332,288
cloud-k3s-pool-workers-worker6,1,2026-06-06 08:27:33 UTC,15059796,15464568,163176,1.02,48360,608940,207264,1.30,212240,503332,312
cloud-k3s-pool-workers-worker6,1,2026-06-06 08:27:34 UTC,15059796,15464628,163168,1.02,48360,608948,207264,1.30,212240,503392,320
cloud-k3s-pool-workers-worker6,1,2026-06-06 08:27:35 UTC,15062852,15467688,160136,1.00,48360,608964,203816,1.28,210588,503396,364
cloud-k3s-pool-workers-worker6,1,2026-06-06 08:27:36 UTC,15062852,15467688,160124,1.00,48360,608972,203816,1.28,210588,503396,372
cloud-k3s-pool-workers-worker6,1,2026-06-06 08:27:37 UTC,15062852,15467688,160112,1.00,48380,608964,203816,1.28,210588,503396,124
cloud-k3s-pool-workers-worker6,1,2026-06-06 08:27:38 UTC,15062852,15467696,160084,1.00,48380,608992,203816,1.28,210588,503404,188
cloud-k3s-pool-workers-worker6,1,2026-06-06 08:27:39 UTC,15062852,15467696,160072,1.00,48380,609004,203816,1.28,210588,503404,204
cloud-k3s-pool-workers-worker6,1,2026-06-06 08:27:40 UTC,15062852,15467756,160064,1.00,48380,609012,203816,1.28,210588,503464,212
cloud-k3s-pool-workers-worker6,1,2026-06-06 08:27:41 UTC,15062852,15467756,160052,1.00,48380,609024,203816,1.28,210588,503464,224
cloud-k3s-pool-workers-worker6,1,2026-06-06 08:27:42 UTC,15062852,15467756,160040,1.00,48388,609028,203816,1.28,210588,503464,236
cloud-k3s-pool-workers-worker6,1,2026-06-06 08:27:43 UTC,15062852,15467756,160024,1.00,48388,609044,203816,1.28,210588,503464,56
cloud-k3s-pool-workers-worker6,1,2026-06-06 08:27:44 UTC,15062852,15467804,160012,1.00,48388,609056,203816,1.28,210588,503512,0
cloud-k3s-pool-workers-worker6,1,2026-06-06 08:27:45 UTC,15062852,15467804,160004,1.00,48388,609064,203816,1.28,210588,503512,12
cloud-k3s-pool-workers-worker6,1,2026-06-06 08:27:46 UTC,15062852,15467804,159992,1.00,48388,609076,203816,1.28,210588,503512,24
cloud-k3s-pool-workers-worker6,1,2026-06-06 08:27:47 UTC,15062852,15467804,159984,1.00,48396,609076,203816,1.28,210588,503512,32
cloud-k3s-pool-workers-worker6,1,2026-06-06 08:27:48 UTC,15060612,15465604,162204,1.01,48396,609096,206664,1.29,211912,503552,76
cloud-k3s-pool-workers-worker6,1,2026-06-06 08:27:49 UTC,15060612,15465604,162168,1.01,48396,609104,207264,1.30,212240,503552,92
cloud-k3s-pool-workers-worker6,1,2026-06-06 08:27:50 UTC,15060612,15465664,162156,1.01,48396,609116,207264,1.30,212240,503612,104
cloud-k3s-pool-workers-worker6,1,2026-06-06 08:27:51 UTC,15065428,15470484,157328,0.98,48396,609124,205904,1.29,211192,503612,248
cloud-k3s-pool-workers-worker6,1,2026-06-06 08:27:52 UTC,15065428,15470484,157308,0.98,48404,609136,202456,1.27,209632,503612,368
cloud-k3s-pool-workers-worker6,1,2026-06-06 08:27:53 UTC,15065428,15470516,157320,0.98,48404,609148,202456,1.27,209500,503644,336
cloud-k3s-pool-workers-worker6,1,2026-06-06 08:27:54 UTC,15065428,15470516,157312,0.98,48404,609156,201096,1.26,208460,503644,84
cloud-k3s-pool-workers-worker6,1,2026-06-06 08:27:55 UTC,15065428,15470516,157300,0.98,48404,609168,201096,1.26,208380,503644,56
cloud-k3s-pool-workers-worker6,1,2026-06-06 08:27:56 UTC,15065428,15470516,157292,0.98,48404,609176,201096,1.26,208380,503644,0
cloud-k3s-pool-workers-worker6,1,2026-06-06 08:27:57 UTC,15065428,15470516,157280,0.98,48412,609180,201096,1.26,208380,503644,16
cloud-k3s-pool-workers-worker6,1,2026-06-06 08:27:58 UTC,15065428,15470516,157264,0.98,48412,609196,201096,1.26,208380,503644,212
cloud-k3s-pool-workers-worker6,1,2026-06-06 08:27:59 UTC,15065428,15470576,157252,0.98,48412,609208,201096,1.26,208380,503704,224
cloud-k3s-pool-workers-worker6,1,2026-06-06 08:28:00 UTC,15065428,15470576,157244,0.98,48412,609216,201096,1.26,208380,503704,232
cloud-k3s-pool-workers-worker6,1,2026-06-06 08:28:01 UTC,15065428,15470576,157232,0.98,48412,609228,201096,1.26,208380,503704,244
cloud-k3s-pool-workers-worker6,1,2026-06-06 08:28:02 UTC,15065428,15470576,157224,0.98,48420,609228,201096,1.26,208380,503704,252
cloud-k3s-pool-workers-worker6,1,2026-06-06 08:28:03 UTC,15065428,15470576,157212,0.98,48420,609240,201096,1.26,208380,503704,268
cloud-k3s-pool-workers-worker6,1,2026-06-06 08:28:04 UTC,15065428,15470576,157196,0.98,48420,609256,201096,1.26,208380,503704,24
cloud-k3s-pool-workers-worker6,1,2026-06-06 08:28:05 UTC,15065428,15470660,157184,0.98,48420,609268,202456,1.27,209196,503788,36
cloud-k3s-pool-workers-worker6,1,2026-06-06 08:28:06 UTC,15065428,15470660,157168,0.98,48420,609280,202456,1.27,209424,503788,48
cloud-k3s-pool-workers-worker6,1,2026-06-06 08:28:07 UTC,15065428,15470660,157160,0.98,48428,609280,202456,1.27,209424,503788,56
cloud-k3s-pool-workers-worker6,1,2026-06-06 08:28:08 UTC,15065428,15470660,157140,0.98,48428,609300,202456,1.27,209424,503788,244
cloud-k3s-pool-workers-worker6,1,2026-06-06 08:28:09 UTC,15065428,15470660,157132,0.98,48428,609308,202456,1.27,209424,503788,32
cloud-k3s-pool-workers-worker6,1,2026-06-06 08:28:10 UTC,15065428,15470660,157120,0.98,48428,609320,202456,1.27,209424,503788,44
cloud-k3s-pool-workers-worker6,1,2026-06-06 08:28:11 UTC,15065428,15470720,157112,0.98,48428,609328,202456,1.27,209424,503848,52
cloud-k3s-pool-workers-worker6,1,2026-06-06 08:28:12 UTC,15065428,15470720,157100,0.98,48436,609332,202456,1.27,209424,503848,64
cloud-k3s-pool-workers-worker6,1,2026-06-06 08:28:13 UTC,15065428,15470752,157084,0.98,48436,609348,202456,1.27,209472,503880,208
cloud-k3s-pool-workers-worker6,1,2026-06-06 08:28:14 UTC,15065428,15470752,157072,0.98,48436,609360,202456,1.27,209472,503880,156
cloud-k3s-pool-workers-worker6,1,2026-06-06 08:28:15 UTC,15065428,15470752,157064,0.98,48436,609368,202456,1.27,209472,503880,168
cloud-k3s-pool-workers-worker6,1,2026-06-06 08:28:16 UTC,15065428,15470752,157052,0.98,48436,609380,202456,1.27,209472,503880,180
cloud-k3s-pool-workers-worker6,1,2026-06-06 08:28:17 UTC,15065428,15470752,157040,0.98,48444,609384,202456,1.27,209472,503880,192
cloud-k3s-pool-workers-worker6,1,2026-06-06 08:28:18 UTC,15065428,15470752,157032,0.98,48444,609392,202456,1.27,209472,503880,200
cloud-k3s-pool-workers-worker6,1,2026-06-06 08:28:19 UTC,15065428,15470812,157012,0.98,48444,609412,202456,1.27,209472,503940,88
cloud-k3s-pool-workers-worker6,1,2026-06-06 08:28:20 UTC,15065428,15470812,157004,0.98,48444,609420,202456,1.27,209472,503940,96
cloud-k3s-pool-workers-worker6,1,2026-06-06 08:28:21 UTC,15065428,15470812,156992,0.98,48444,609432,202456,1.27,209472,503940,112
cloud-k3s-pool-workers-worker6,1,2026-06-06 08:28:22 UTC,15065428,15470816,156980,0.98,48452,609432,202456,1.27,209472,503940,52
cloud-k3s-pool-workers-worker6,1,2026-06-06 08:28:23 UTC,15065428,15470816,156968,0.98,48452,609444,202456,1.27,209472,503940,64
cloud-k3s-pool-workers-worker6,1,2026-06-06 08:28:24 UTC,15065428,15470816,156952,0.98,48452,609460,202456,1.27,209472,503940,44
cloud-k3s-pool-workers-worker6,1,2026-06-06 08:28:25 UTC,15065428,15470876,156940,0.98,48452,609472,202456,1.27,209472,504000,56
cloud-k3s-pool-workers-worker6,1,2026-06-06 08:28:26 UTC,15065428,15470888,156932,0.98,48452,609480,202456,1.27,209472,504012,0
cloud-k3s-pool-workers-worker6,1,2026-06-06 08:28:27 UTC,15065428,15470888,156920,0.98,48460,609484,202456,1.27,209472,504012,20
cloud-k3s-pool-workers-worker6,1,2026-06-06 08:28:28 UTC,15065428,15470888,156900,0.98,48460,609504,202456,1.27,209472,504012,208
cloud-k3s-pool-workers-worker6,1,2026-06-06 08:28:29 UTC,15065428,15470888,156892,0.98,48460,609512,202456,1.27,209472,504012,216
cloud-k3s-pool-workers-worker6,1,2026-06-06 08:28:30 UTC,15065428,15470888,156880,0.98,48460,609524,202456,1.27,209472,504012,228
cloud-k3s-pool-workers-worker6,1,2026-06-06 08:28:31 UTC,15065428,15470888,156872,0.98,48460,609532,202456,1.27,209472,504012,236
cloud-k3s-pool-workers-worker6,1,2026-06-06 08:28:32 UTC,15065428,15470948,156860,0.98,48468,609536,202456,1.27,209472,504072,248
cloud-k3s-pool-workers-worker6,1,2026-06-06 08:28:33 UTC,15065428,15470948,156852,0.98,48468,609544,202456,1.27,209472,504072,260
cloud-k3s-pool-workers-worker6,1,2026-06-06 08:28:34 UTC,15064952,15470472,157316,0.98,48468,609556,205432,1.29,210512,504072,272
cloud-k3s-pool-workers-worker6,1,2026-06-06 08:28:35 UTC,15064476,15470032,157760,0.99,48468,609572,205904,1.29,211088,504108,208
cloud-k3s-pool-workers-worker6,1,2026-06-06 08:28:36 UTC,15064476,15470032,157744,0.99,48468,609588,205904,1.29,211088,504108,228
cloud-k3s-pool-workers-worker6,1,2026-06-06 08:28:37 UTC,15064476,15470032,157732,0.99,48476,609588,202456,1.27,209528,504108,240
cloud-k3s-pool-workers-worker6,1,2026-06-06 08:28:38 UTC,15064476,15470096,157728,0.99,48476,609608,202456,1.27,209496,504172,40
cloud-k3s-pool-workers-worker6,1,2026-06-06 08:28:39 UTC,15064476,15470096,157720,0.99,48476,609616,202456,1.27,209496,504172,52
cloud-k3s-pool-workers-worker6,1,2026-06-06 08:28:40 UTC,15064476,15470096,157708,0.99,48476,609628,202456,1.27,209496,504172,64
cloud-k3s-pool-workers-worker6,1,2026-06-06 08:28:41 UTC,15064476,15470096,157696,0.99,48476,609640,203816,1.28,210276,504172,60
cloud-k3s-pool-workers-worker6,1,2026-06-06 08:28:42 UTC,15064476,15470096,157688,0.99,48476,609648,203816,1.28,210276,504172,68
cloud-k3s-pool-workers-worker6,1,2026-06-06 08:28:43 UTC,15064228,15469856,157912,0.99,48484,609660,203816,1.28,210600,504176,216
cloud-k3s-pool-workers-worker6,1,2026-06-06 08:28:44 UTC,15064228,15469916,157904,0.99,48484,609668,203816,1.28,210600,504236,224
cloud-k3s-pool-workers-worker6,1,2026-06-06 08:28:45 UTC,15064228,15469916,157892,0.99,48484,609680,203816,1.28,210600,504236,240
cloud-k3s-pool-workers-worker6,1,2026-06-06 08:28:46 UTC,15064228,15469916,157884,0.99,48484,609688,203816,1.28,210600,504236,184
cloud-k3s-pool-workers-worker6,1,2026-06-06 08:28:47 UTC,15064228,15469916,157872,0.99,48484,609700,203816,1.28,210600,504236,196
cloud-k3s-pool-workers-worker6,1,2026-06-06 08:28:48 UTC,15064228,15469916,157864,0.99,48492,609700,203816,1.28,210600,504236,44
cloud-k3s-pool-workers-worker6,1,2026-06-06 08:28:49 UTC,15064228,15469916,157844,0.99,48492,609720,203816,1.28,210600,504236,84
cloud-k3s-pool-workers-worker6,1,2026-06-06 08:28:50 UTC,15064228,15469976,157836,0.99,48492,609728,203816,1.28,210600,504296,92
cloud-k3s-pool-workers-worker6,1,2026-06-06 08:28:51 UTC,15064228,15469976,157824,0.99,48492,609740,203816,1.28,210600,504296,108
cloud-k3s-pool-workers-worker6,1,2026-06-06 08:28:52 UTC,15064228,15469976,157808,0.99,48492,609752,203816,1.28,210600,504296,120
cloud-k3s-pool-workers-worker6,1,2026-06-06 08:28:53 UTC,15064228,15469976,157800,0.99,48492,609760,203816,1.28,210600,504296,200
cloud-k3s-pool-workers-worker6,1,2026-06-06 08:28:54 UTC,15064228,15469976,157788,0.99,48500,609764,203816,1.28,210600,504296,52
cloud-k3s-pool-workers-worker6,1,2026-06-06 08:28:55 UTC,15064228,15469976,157780,0.99,48500,609772,203816,1.28,210600,504296,60
cloud-k3s-pool-workers-worker6,1,2026-06-06 08:28:56 UTC,15064228,15470036,157768,0.99,48500,609784,203816,1.28,210600,504356,72
cloud-k3s-pool-workers-worker6,1,2026-06-06 08:28:57 UTC,15064228,15470036,157752,0.99,48500,609800,203816,1.28,210600,504356,204
cloud-k3s-pool-workers-worker6,1,2026-06-06 08:28:58 UTC,15064228,15470036,157740,0.99,48500,609812,203816,1.28,210600,504356,212
cloud-k3s-pool-workers-worker6,1,2026-06-06 08:28:59 UTC,15064228,15470036,157732,0.99,48500,609820,203816,1.28,210600,504356,220
cloud-k3s-pool-workers-worker6,1,2026-06-06 08:29:00 UTC,15064228,15470036,157720,0.99,48508,609824,203816,1.28,210600,504356,232
cloud-k3s-pool-workers-worker6,1,2026-06-06 08:29:01 UTC,15064228,15470036,157704,0.99,48508,609840,203816,1.28,210600,504356,240
cloud-k3s-pool-workers-worker6,1,2026-06-06 08:29:02 UTC,15064228,15470128,157692,0.99,48508,609852,203816,1.28,210616,504448,188
cloud-k3s-pool-workers-worker6,1,2026-06-06 08:29:03 UTC,15064228,15470128,157684,0.99,48508,609860,203816,1.28,210616,504448,44
cloud-k3s-pool-workers-worker6,1,2026-06-06 08:29:04 UTC,15064228,15470128,157672,0.99,48508,609872,203816,1.28,210616,504448,56
cloud-k3s-pool-workers-worker6,1,2026-06-06 08:29:05 UTC,15064228,15470128,157660,0.99,48508,609884,203816,1.28,210616,504448,68
cloud-k3s-pool-workers-worker6,1,2026-06-06 08:29:06 UTC,15064228,15470128,157652,0.99,48516,609884,203816,1.28,210616,504448,76
cloud-k3s-pool-workers-worker6,1,2026-06-06 08:29:07 UTC,15064228,15470188,157632,0.99,48516,609904,203816,1.28,210616,504508,244
cloud-k3s-pool-workers-worker6,1,2026-06-06 08:29:08 UTC,15064228,15470192,157620,0.99,48516,609912,203816,1.28,210616,504508,252
cloud-k3s-pool-workers-worker6,1,2026-06-06 08:29:09 UTC,15064228,15470192,157608,0.99,48516,609924,203816,1.28,210616,504508,268
cloud-k3s-pool-workers-worker6,1,2026-06-06 08:29:10 UTC,15064228,15470192,157600,0.99,48516,609932,203816,1.28,210616,504508,276
cloud-k3s-pool-workers-worker6,1,2026-06-06 08:29:11 UTC,15064228,15470192,157588,0.99,48516,609944,203816,1.28,210616,504508,224
cloud-k3s-pool-workers-worker6,1,2026-06-06 08:29:12 UTC,15064228,15470192,157580,0.99,48524,609944,203816,1.28,210616,504508,236
cloud-k3s-pool-workers-worker6,1,2026-06-06 08:29:13 UTC,15064228,15470252,157560,0.99,48524,609964,203816,1.28,210616,504568,88
cloud-k3s-pool-workers-worker6,1,2026-06-06 08:29:14 UTC,15064228,15470252,157552,0.99,48524,609972,203816,1.28,210616,504568,96
cloud-k3s-pool-workers-worker6,1,2026-06-06 08:29:15 UTC,15064228,15470252,157540,0.99,48524,609984,203816,1.28,210616,504568,112
cloud-k3s-pool-workers-worker6,1,2026-06-06 08:29:16 UTC,15064228,15470252,157528,0.99,48524,609996,203816,1.28,210616,504568,124
cloud-k3s-pool-workers-worker6,1,2026-06-06 08:29:17 UTC,15064228,15470252,157520,0.99,48532,609996,203816,1.28,210616,504568,68
cloud-k3s-pool-workers-worker6,1,2026-06-06 08:29:18 UTC,15064228,15470252,157508,0.99,48532,610008,202456,1.27,209500,504568,80
cloud-k3s-pool-workers-worker6,1,2026-06-06 08:29:19 UTC,15064228,15470312,157488,0.99,48532,610028,202456,1.27,209500,504628,80
cloud-k3s-pool-workers-worker6,1,2026-06-06 08:29:20 UTC,15064228,15470312,157476,0.99,48532,610040,202456,1.27,209500,504628,24
cloud-k3s-pool-workers-worker6,1,2026-06-06 08:29:21 UTC,15064228,15470312,157468,0.99,48532,610048,202456,1.27,209500,504628,36
cloud-k3s-pool-workers-worker6,1,2026-06-06 08:29:22 UTC,15064228,15470312,157456,0.99,48540,610052,202456,1.27,209500,504628,48
cloud-k3s-pool-workers-worker6,1,2026-06-06 08:29:23 UTC,15064228,15470312,157436,0.99,48540,610068,202456,1.27,209500,504628,192
cloud-k3s-pool-workers-worker6,1,2026-06-06 08:29:24 UTC,15064228,15470312,157424,0.98,48540,610080,202456,1.27,209500,504628,204
cloud-k3s-pool-workers-worker6,1,2026-06-06 08:29:25 UTC,15064228,15470372,157416,0.98,48540,610088,202456,1.27,209500,504688,212
cloud-k3s-pool-workers-worker6,1,2026-06-06 08:29:26 UTC,15064228,15470372,157404,0.98,48540,610100,202456,1.27,209500,504688,224
cloud-k3s-pool-workers-worker6,1,2026-06-06 08:29:27 UTC,15064228,15470372,157396,0.98,48548,610100,202456,1.27,209500,504688,16
cloud-k3s-pool-workers-worker6,1,2026-06-06 08:29:28 UTC,15064228,15470372,157384,0.98,48548,610112,202456,1.27,209500,504688,28
cloud-k3s-pool-workers-worker6,1,2026-06-06 08:29:29 UTC,15064228,15470372,157364,0.98,48548,610132,202456,1.27,209500,504688,60
cloud-k3s-pool-workers-worker6,1,2026-06-06 08:29:30 UTC,15064228,15470372,157356,0.98,48548,610140,202456,1.27,209500,504688,68
cloud-k3s-pool-workers-worker6,1,2026-06-06 08:29:31 UTC,15064228,15470432,157344,0.98,48548,610152,202456,1.27,209500,504748,80
cloud-k3s-pool-workers-worker6,1,2026-06-06 08:29:32 UTC,15064228,15470432,157336,0.98,48556,610152,205304,1.28,210540,504748,88
cloud-k3s-pool-workers-worker6,1,2026-06-06 08:29:33 UTC,15064228,15470432,157324,0.98,48556,610164,205904,1.29,210800,504748,0
cloud-k3s-pool-workers-worker6,1,2026-06-06 08:29:34 UTC,15064228,15470432,157316,0.98,48556,610172,205904,1.29,210800,504748,0
cloud-k3s-pool-workers-worker6,1,2026-06-06 08:29:35 UTC,15064228,15470480,157244,0.98,48556,610192,205904,1.29,211144,504796,176
cloud-k3s-pool-workers-worker6,1,2026-06-06 08:29:36 UTC,15064668,15470920,156832,0.98,48556,610200,202456,1.27,209492,504796,204
cloud-k3s-pool-workers-worker6,1,2026-06-06 08:29:37 UTC,15059880,15466192,161608,1.01,48564,610204,203816,1.28,210272,504856,216
cloud-k3s-pool-workers-worker6,1,2026-06-06 08:29:38 UTC,15059880,15466200,161592,1.01,48564,610220,205432,1.29,210824,504864,264
cloud-k3s-pool-workers-worker6,1,2026-06-06 08:29:39 UTC,15059880,15466204,161572,1.01,48564,610232,205904,1.29,211132,504864,44
cloud-k3s-pool-workers-worker6,1,2026-06-06 08:29:40 UTC,15059880,15466204,161560,1.01,48564,610244,205904,1.29,211132,504864,56
cloud-k3s-pool-workers-worker6,1,2026-06-06 08:29:41 UTC,15059880,15466204,161552,1.01,48564,610252,205904,1.29,211132,504864,260
cloud-k3s-pool-workers-worker6,1,2026-06-06 08:29:42 UTC,15059880,15466204,161540,1.01,48572,610256,205904,1.29,211132,504864,272
cloud-k3s-pool-workers-worker6,1,2026-06-06 08:29:43 UTC,15059880,15466264,161524,1.01,48572,610272,202456,1.27,209572,504924,352
cloud-k3s-pool-workers-worker6,1,2026-06-06 08:29:44 UTC,15059880,15466264,161516,1.01,48572,610284,202456,1.27,209464,504924,28
cloud-k3s-pool-workers-worker6,1,2026-06-06 08:29:45 UTC,15059880,15466264,161508,1.01,48572,610292,202456,1.27,209464,504924,12
cloud-k3s-pool-workers-worker6,1,2026-06-06 08:29:46 UTC,15059880,15466264,161496,1.01,48572,610304,202456,1.27,209464,504924,24
cloud-k3s-pool-workers-worker6,1,2026-06-06 08:29:47 UTC,15059880,15466264,161488,1.01,48580,610304,202456,1.27,209464,504924,32
cloud-k3s-pool-workers-worker6,1,2026-06-06 08:29:48 UTC,15059880,15466264,161476,1.01,48580,610316,202456,1.27,209464,504924,44
cloud-k3s-pool-workers-worker6,1,2026-06-06 08:29:49 UTC,15059880,15466324,161460,1.01,48580,610332,202456,1.27,209464,504984,248
cloud-k3s-pool-workers-worker6,1,2026-06-06 08:29:50 UTC,15059880,15466324,161448,1.01,48580,610344,202456,1.27,209464,504984,260
cloud-k3s-pool-workers-worker6,1,2026-06-06 08:29:51 UTC,15059880,15466324,161440,1.01,48580,610352,202456,1.27,209464,504984,272
cloud-k3s-pool-workers-worker6,1,2026-06-06 08:29:52 UTC,15059880,15466324,161428,1.01,48588,610356,202456,1.27,209464,504984,284
cloud-k3s-pool-workers-worker6,1,2026-06-06 08:29:53 UTC,15059640,15466124,161632,1.01,48588,610376,202456,1.27,209500,505016,36
cloud-k3s-pool-workers-worker6,1,2026-06-06 08:29:54 UTC,15059640,15466124,161620,1.01,48588,610384,202456,1.27,209500,505016,44
cloud-k3s-pool-workers-worker6,1,2026-06-06 08:29:55 UTC,15059640,15466184,161608,1.01,48588,610396,202456,1.27,209500,505076,56
cloud-k3s-pool-workers-worker6,1,2026-06-06 08:29:56 UTC,15059640,15466184,161600,1.01,48588,610404,202456,1.27,209500,505076,64
cloud-k3s-pool-workers-worker6,1,2026-06-06 08:29:57 UTC,15059640,15466184,161588,1.01,48596,610408,202456,1.27,209500,505076,80
cloud-k3s-pool-workers-worker6,1,2026-06-06 08:29:58 UTC,15059640,15466184,161580,1.01,48596,610416,202456,1.27,209500,505076,88
cloud-k3s-pool-workers-worker6,1,2026-06-06 08:29:59 UTC,15059640,15466184,161560,1.01,48596,610436,202456,1.27,209500,505076,68
cloud-k3s-pool-workers-worker6,1,2026-06-06 08:30:00 UTC,15059640,15466184,161552,1.01,48596,610444,202456,1.27,209500,505076,76
cloud-k3s-pool-workers-worker6,1,2026-06-06 08:30:01 UTC,15059640,15466244,161540,1.01,48596,610456,202456,1.27,209500,505136,88
cloud-k3s-pool-workers-worker6,1,2026-06-06 08:30:02 UTC,15059640,15466244,161532,1.01,48604,610456,202456,1.27,209500,505136,96
cloud-k3s-pool-workers-worker6,1,2026-06-06 08:30:03 UTC,15059640,15466244,161520,1.01,48604,610468,202456,1.27,209500,505136,112
cloud-k3s-pool-workers-worker6,1,2026-06-06 08:30:04 UTC,15059640,15466244,161500,1.01,48604,610488,202456,1.27,209500,505136,184
cloud-k3s-pool-workers-worker6,1,2026-06-06 08:30:05 UTC,15059640,15466244,161492,1.01,48604,610496,201096,1.26,208460,505136,192
cloud-k3s-pool-workers-worker6,1,2026-06-06 08:30:06 UTC,15056868,15463532,164236,1.03,48604,610508,201096,1.26,208520,505196,296
cloud-k3s-pool-workers-worker6,1,2026-06-06 08:30:07 UTC,15056868,15463552,164220,1.03,48612,610520,201096,1.26,208348,505216,332
cloud-k3s-pool-workers-worker6,1,2026-06-06 08:30:08 UTC,15056616,15463300,164460,1.03,48612,610532,203944,1.28,209608,505216,96
cloud-k3s-pool-workers-worker6,1,2026-06-06 08:30:09 UTC,15056616,15463336,164444,1.03,48612,610540,203944,1.28,209696,505248,40
cloud-k3s-pool-workers-worker6,1,2026-06-06 08:30:10 UTC,15054604,15461324,166440,1.04,48612,610552,206796,1.29,210796,505248,52
cloud-k3s-pool-workers-worker6,1,2026-06-06 08:30:11 UTC,15054604,15461324,166416,1.04,48612,610560,207396,1.30,211400,505248,240
cloud-k3s-pool-workers-worker6,1,2026-06-06 08:30:12 UTC,15054604,15461324,166404,1.04,48620,610564,207396,1.30,211400,505248,344
cloud-k3s-pool-workers-worker6,1,2026-06-06 08:30:13 UTC,15054604,15461332,166396,1.04,48620,610580,203944,1.28,209760,505256,352
cloud-k3s-pool-workers-worker6,1,2026-06-06 08:30:14 UTC,15054604,15461332,166392,1.04,48620,610592,205660,1.29,211020,505256,364
cloud-k3s-pool-workers-worker6,1,2026-06-06 08:30:15 UTC,15054604,15461392,166380,1.04,48620,610604,205904,1.29,211020,505316,380
cloud-k3s-pool-workers-worker6,1,2026-06-06 08:30:16 UTC,15054604,15461392,166372,1.04,48620,610612,205904,1.29,211020,505316,128
cloud-k3s-pool-workers-worker6,1,2026-06-06 08:30:17 UTC,15054364,15461164,166576,1.04,48628,610620,205904,1.29,211184,505320,252
cloud-k3s-pool-workers-worker6,1,2026-06-06 08:30:18 UTC,15054364,15461164,166568,1.04,48628,610628,205904,1.29,211184,505320,260
cloud-k3s-pool-workers-worker6,1,2026-06-06 08:30:19 UTC,15054364,15461164,166548,1.04,48628,610648,205904,1.29,211184,505320,320
cloud-k3s-pool-workers-worker6,1,2026-06-06 08:30:20 UTC,15054364,15461164,166540,1.04,48628,610656,202456,1.27,209624,505320,328
cloud-k3s-pool-workers-worker6,1,2026-06-06 08:30:21 UTC,15054364,15461224,166528,1.04,48628,610668,202456,1.27,209624,505380,344
cloud-k3s-pool-workers-worker6,1,2026-06-06 08:30:22 UTC,15054364,15461232,166520,1.04,48628,610676,202456,1.27,209500,505388,232
cloud-k3s-pool-workers-worker6,1,2026-06-06 08:30:23 UTC,15054364,15461232,166500,1.04,48636,610688,202456,1.27,209500,505388,244
cloud-k3s-pool-workers-worker6,1,2026-06-06 08:30:24 UTC,15054364,15461232,166492,1.04,48636,610696,202456,1.27,209500,505388,252
cloud-k3s-pool-workers-worker6,1,2026-06-06 08:30:25 UTC,15054364,15461232,166476,1.04,48636,610708,202456,1.27,209500,505388,216
cloud-k3s-pool-workers-worker6,1,2026-06-06 08:30:26 UTC,15054364,15461232,166468,1.04,48636,610716,202456,1.27,209500,505388,160
cloud-k3s-pool-workers-worker6,1,2026-06-06 08:30:27 UTC,15054364,15461292,166456,1.04,48636,610728,202456,1.27,209500,505448,168
cloud-k3s-pool-workers-worker6,1,2026-06-06 08:30:28 UTC,15054364,15461292,166444,1.04,48644,610732,202456,1.27,209500,505448,180
cloud-k3s-pool-workers-worker6,1,2026-06-06 08:30:29 UTC,15054364,15461292,166428,1.04,48644,610748,202456,1.27,209500,505448,68
cloud-k3s-pool-workers-worker6,1,2026-06-06 08:30:30 UTC,15054364,15461292,166416,1.04,48644,610760,202456,1.27,209500,505448,80
cloud-k3s-pool-workers-worker6,1,2026-06-06 08:30:31 UTC,15054364,15461292,166408,1.04,48644,610768,202456,1.27,209500,505448,88
cloud-k3s-pool-workers-worker6,1,2026-06-06 08:30:32 UTC,15054364,15461352,166396,1.04,48644,610780,202456,1.27,209500,505508,100
cloud-k3s-pool-workers-worker6,1,2026-06-06 08:30:33 UTC,15054364,15461368,166388,1.04,48644,610788,202456,1.27,209500,505524,200
cloud-k3s-pool-workers-worker6,1,2026-06-06 08:30:34 UTC,15054364,15461368,166376,1.04,48652,610792,202456,1.27,209500,505524,212
cloud-k3s-pool-workers-worker6,1,2026-06-06 08:30:35 UTC,15054364,15461368,166360,1.04,48652,610808,202456,1.27,209500,505524,220
cloud-k3s-pool-workers-worker6,1,2026-06-06 08:30:36 UTC,15054364,15461368,166348,1.04,48652,610820,202456,1.27,209500,505524,232
cloud-k3s-pool-workers-worker6,1,2026-06-06 08:30:37 UTC,15054364,15461368,166340,1.04,48652,610828,202456,1.27,209500,505524,240
cloud-k3s-pool-workers-worker6,1,2026-06-06 08:30:38 UTC,15054364,15461428,166328,1.04,48652,610840,202456,1.27,209500,505584,32
cloud-k3s-pool-workers-worker6,1,2026-06-06 08:30:39 UTC,15054364,15461428,166316,1.04,48652,610852,202456,1.27,209500,505584,20
cloud-k3s-pool-workers-worker6,1,2026-06-06 08:30:40 UTC,15054364,15461432,166296,1.04,48660,610860,202456,1.27,209500,505584,60
cloud-k3s-pool-workers-worker6,1,2026-06-06 08:30:41 UTC,15054364,15461432,166284,1.04,48660,610872,201096,1.26,208460,505584,72
cloud-k3s-pool-workers-worker6,1,2026-06-06 08:30:42 UTC,15054364,15461432,166276,1.04,48660,610880,201096,1.26,208460,505584,80
cloud-k3s-pool-workers-worker6,1,2026-06-06 08:30:43 UTC,15054364,15461448,166268,1.04,48660,610892,204548,1.28,209752,505600,268
cloud-k3s-pool-workers-worker6,1,2026-06-06 08:30:44 UTC,15053860,15461004,166764,1.04,48660,610900,204548,1.28,210052,505660,208
cloud-k3s-pool-workers-worker6,1,2026-06-06 08:30:45 UTC,15053860,15461004,166752,1.04,48668,610904,204548,1.28,210052,505660,192
cloud-k3s-pool-workers-worker6,1,2026-06-06 08:30:46 UTC,15053860,15461004,166732,1.04,48668,610924,204548,1.28,210052,505660,252
cloud-k3s-pool-workers-worker6,1,2026-06-06 08:30:47 UTC,15053860,15461004,166720,1.04,48668,610936,201096,1.26,208492,505660,268
cloud-k3s-pool-workers-worker6,1,2026-06-06 08:30:48 UTC,15053860,15461004,166728,1.04,48668,610944,201096,1.26,208360,505660,108
cloud-k3s-pool-workers-worker6,1,2026-06-06 08:30:49 UTC,15053860,15461004,166716,1.04,48668,610956,201096,1.26,208360,505660,120
cloud-k3s-pool-workers-worker6,1,2026-06-06 08:30:50 UTC,15053860,15461064,166708,1.04,48668,610964,201096,1.26,208360,505720,0
cloud-k3s-pool-workers-worker6,1,2026-06-06 08:30:51 UTC,15053860,15461064,166688,1.04,48676,610976,201096,1.26,208360,505720,64
cloud-k3s-pool-workers-worker6,1,2026-06-06 08:30:52 UTC,15053860,15461064,166676,1.04,48676,610988,201096,1.26,208360,505720,232
cloud-k3s-pool-workers-worker6,1,2026-06-06 08:30:53 UTC,15053860,15461064,166668,1.04,48676,610996,201096,1.26,208360,505720,240
cloud-k3s-pool-workers-worker6,1,2026-06-06 08:30:54 UTC,15053860,15461064,166656,1.04,48676,611008,201096,1.26,208360,505720,252
cloud-k3s-pool-workers-worker6,1,2026-06-06 08:30:55 UTC,15053860,15461064,166644,1.04,48676,611016,201096,1.26,208360,505720,260
cloud-k3s-pool-workers-worker6,1,2026-06-06 08:30:56 UTC,15053860,15461124,166632,1.04,48676,611028,201096,1.26,208360,505780,272
cloud-k3s-pool-workers-worker6,1,2026-06-06 08:30:57 UTC,15053860,15461124,166624,1.04,48684,611028,201096,1.26,208360,505780,284
cloud-k3s-pool-workers-worker6,1,2026-06-06 08:30:58 UTC,15053860,15461124,166612,1.04,48684,611040,201096,1.26,208360,505780,296
cloud-k3s-pool-workers-worker6,1,2026-06-06 08:30:59 UTC,15053860,15461124,166596,1.04,48684,611056,201096,1.26,208360,505780,56
cloud-k3s-pool-workers-worker6,1,2026-06-06 08:31:00 UTC,15053860,15461124,166584,1.04,48684,611068,201096,1.26,208360,505780,68
cloud-k3s-pool-workers-worker6,1,2026-06-06 08:31:01 UTC,15053860,15461124,166576,1.04,48684,611076,201096,1.26,208360,505780,76
cloud-k3s-pool-workers-worker6,1,2026-06-06 08:31:02 UTC,15053860,15461184,166564,1.04,48692,611080,201096,1.26,208360,505840,92
cloud-k3s-pool-workers-worker6,1,2026-06-06 08:31:03 UTC,15053860,15461184,166552,1.04,48692,611092,201096,1.26,208360,505840,108
cloud-k3s-pool-workers-worker6,1,2026-06-06 08:31:04 UTC,15053860,15461184,166544,1.04,48692,611100,201096,1.26,208360,505840,116
cloud-k3s-pool-workers-worker6,1,2026-06-06 08:31:05 UTC,15053860,15461216,166524,1.04,48692,611120,204300,1.28,209860,505872,52
cloud-k3s-pool-workers-worker6,1,2026-06-06 08:31:06 UTC,15053860,15461216,166516,1.04,48692,611128,201096,1.26,208336,505872,212
cloud-k3s-pool-workers-worker6,1,2026-06-06 08:31:07 UTC,15059620,15467036,160736,1.01,48700,611140,201096,1.26,208336,505932,332
cloud-k3s-pool-workers-worker6,1,2026-06-06 08:31:08 UTC,15059620,15467036,160728,1.01,48700,611148,201096,1.26,208336,505932,328
cloud-k3s-pool-workers-worker6,1,2026-06-06 08:31:09 UTC,15059620,15467036,160716,1.01,48700,611160,201096,1.26,208336,505932,272
cloud-k3s-pool-workers-worker6,1,2026-06-06 08:31:10 UTC,15059620,15467040,160704,1.01,48700,611168,201096,1.26,208336,505932,280
cloud-k3s-pool-workers-worker6,1,2026-06-06 08:31:11 UTC,15059620,15467040,160692,1.01,48700,611180,201096,1.26,208336,505932,292
cloud-k3s-pool-workers-worker6,1,2026-06-06 08:31:12 UTC,15059620,15467040,160684,1.01,48708,611180,201096,1.26,208336,505932,304
cloud-k3s-pool-workers-worker6,1,2026-06-06 08:31:13 UTC,15059620,15467100,160664,1.01,48708,611200,201096,1.26,208336,505992,212
cloud-k3s-pool-workers-worker6,1,2026-06-06 08:31:14 UTC,15059620,15467100,160656,1.01,48708,611208,201096,1.26,208336,505992,220
cloud-k3s-pool-workers-worker6,1,2026-06-06 08:31:15 UTC,15059396,15466876,160868,1.01,48708,611220,201096,1.26,208336,505992,172
cloud-k3s-pool-workers-worker6,1,2026-06-06 08:31:16 UTC,15059396,15466876,160856,1.01,48708,611232,201096,1.26,208336,505992,184
cloud-k3s-pool-workers-worker6,1,2026-06-06 08:31:17 UTC,15057132,15464612,163112,1.02,48708,611240,204544,1.28,209836,505992,196
cloud-k3s-pool-workers-worker6,1,2026-06-06 08:31:18 UTC,15057132,15464612,163100,1.02,48716,611244,204544,1.28,209836,505992,208
cloud-k3s-pool-workers-worker6,1,2026-06-06 08:31:19 UTC,15057132,15464672,163084,1.02,48716,611260,201096,1.26,208376,506052,248
cloud-k3s-pool-workers-worker6,1,2026-06-06 08:31:20 UTC,15057132,15464672,163072,1.02,48716,611272,201096,1.26,208376,506052,192
cloud-k3s-pool-workers-worker6,1,2026-06-06 08:31:21 UTC,15057132,15464672,163064,1.02,48716,611280,201096,1.26,208376,506052,204
cloud-k3s-pool-workers-worker6,1,2026-06-06 08:31:22 UTC,15057132,15464672,163052,1.02,48716,611292,201096,1.26,208376,506052,220
cloud-k3s-pool-workers-worker6,1,2026-06-06 08:31:23 UTC,15057132,15464672,163044,1.02,48716,611300,201096,1.26,208376,506052,40
cloud-k3s-pool-workers-worker6,1,2026-06-06 08:31:24 UTC,15057132,15464672,163024,1.02,48724,611312,201096,1.26,208376,506052,96
cloud-k3s-pool-workers-worker6,1,2026-06-06 08:31:25 UTC,15057132,15464732,163016,1.02,48724,611320,201096,1.26,208376,506112,104
cloud-k3s-pool-workers-worker6,1,2026-06-06 08:31:26 UTC,15057132,15464732,163000,1.02,48724,611332,201096,1.26,208376,506112,116
cloud-k3s-pool-workers-worker6,1,2026-06-06 08:31:27 UTC,15057132,15464732,162988,1.02,48724,611344,201096,1.26,208376,506112,64
cloud-k3s-pool-workers-worker6,1,2026-06-06 08:31:28 UTC,15057132,15464732,162980,1.02,48724,611352,201096,1.26,208376,506112,72
cloud-k3s-pool-workers-worker6,1,2026-06-06 08:31:29 UTC,15057132,15464732,162968,1.02,48724,611364,201096,1.26,208376,506112,40
cloud-k3s-pool-workers-worker6,1,2026-06-06 08:31:30 UTC,15057132,15464732,162960,1.02,48732,611364,201096,1.26,208376,506112,48
cloud-k3s-pool-workers-worker6,1,2026-06-06 08:31:31 UTC,15057132,15464792,162940,1.02,48732,611384,201096,1.26,208376,506172,88
cloud-k3s-pool-workers-worker6,1,2026-06-06 08:31:32 UTC,15057132,15464792,162932,1.02,48732,611392,201096,1.26,208376,506172,96
cloud-k3s-pool-workers-worker6,1,2026-06-06 08:31:33 UTC,15057132,15464792,162920,1.02,48732,611404,201096,1.26,208376,506172,200
cloud-k3s-pool-workers-worker6,1,2026-06-06 08:31:34 UTC,15057132,15464792,162912,1.02,48732,611412,201096,1.26,208376,506172,208
cloud-k3s-pool-workers-worker6,1,2026-06-06 08:31:35 UTC,15057132,15464792,162900,1.02,48732,611424,202456,1.27,209156,506172,216
cloud-k3s-pool-workers-worker6,1,2026-06-06 08:31:36 UTC,15056880,15464540,163136,1.02,48740,611432,202456,1.27,209452,506172,224
cloud-k3s-pool-workers-worker6,1,2026-06-06 08:31:37 UTC,15056880,15464600,163124,1.02,48740,611444,202456,1.27,209452,506232,88
cloud-k3s-pool-workers-worker6,1,2026-06-06 08:31:38 UTC,15056880,15464600,163116,1.02,48740,611452,202456,1.27,209452,506232,96
cloud-k3s-pool-workers-worker6,1,2026-06-06 08:31:39 UTC,15056880,15464600,163104,1.02,48740,611464,202456,1.27,209452,506232,112
cloud-k3s-pool-workers-worker6,1,2026-06-06 08:31:40 UTC,15056880,15464600,163092,1.02,48740,611476,202456,1.27,209452,506232,124
cloud-k3s-pool-workers-worker6,1,2026-06-06 08:31:41 UTC,15056880,15464604,163080,1.02,48740,611484,202456,1.27,209452,506232,40
cloud-k3s-pool-workers-worker6,1,2026-06-06 08:31:42 UTC,15056880,15464604,163068,1.02,48748,611488,202456,1.27,209452,506232,52
cloud-k3s-pool-workers-worker6,1,2026-06-06 08:31:43 UTC,15056880,15464664,163060,1.02,48748,611496,202456,1.27,209452,506292,60
cloud-k3s-pool-workers-worker6,1,2026-06-06 08:31:44 UTC,15056880,15464720,163040,1.02,48748,611516,205308,1.28,210732,506348,28
cloud-k3s-pool-workers-worker6,1,2026-06-06 08:31:45 UTC,15056376,15464216,163536,1.02,48748,611524,205908,1.29,210992,506348,220
cloud-k3s-pool-workers-worker6,1,2026-06-06 08:31:46 UTC,15056376,15464216,163524,1.02,48748,611536,205908,1.29,210992,506348,232
cloud-k3s-pool-workers-worker6,1,2026-06-06 08:31:47 UTC,15056376,15464216,163504,1.02,48756,611536,205908,1.29,211092,506348,248
cloud-k3s-pool-workers-worker6,1,2026-06-06 08:31:48 UTC,15056376,15464216,163492,1.02,48756,611548,205908,1.29,211092,506348,260
cloud-k3s-pool-workers-worker6,1,2026-06-06 08:31:49 UTC,15056376,15464284,163476,1.02,48756,611564,202456,1.27,209540,506416,372
cloud-k3s-pool-workers-worker6,1,2026-06-06 08:31:50 UTC,15056376,15464284,163472,1.02,48756,611576,202456,1.27,209452,506416,124
cloud-k3s-pool-workers-worker6,1,2026-06-06 08:31:51 UTC,15056376,15464284,163460,1.02,48756,611588,202456,1.27,209456,506416,48
cloud-k3s-pool-workers-worker6,1,2026-06-06 08:31:52 UTC,15056376,15464284,163452,1.02,48764,611588,202456,1.27,209456,506416,60
cloud-k3s-pool-workers-worker6,1,2026-06-06 08:31:53 UTC,15056376,15464284,163432,1.02,48764,611608,202456,1.27,209456,506416,228
cloud-k3s-pool-workers-worker6,1,2026-06-06 08:31:54 UTC,15056376,15464284,163424,1.02,48764,611616,202456,1.27,209456,506416,236
cloud-k3s-pool-workers-worker6,1,2026-06-06 08:31:55 UTC,15056124,15464092,163664,1.02,48764,611628,202456,1.27,209456,506476,212
cloud-k3s-pool-workers-worker6,1,2026-06-06 08:31:56 UTC,15056124,15464092,163652,1.02,48764,611636,202456,1.27,209456,506476,220
cloud-k3s-pool-workers-worker6,1,2026-06-06 08:31:57 UTC,15056124,15464092,163636,1.02,48772,611644,202456,1.27,209456,506476,168
cloud-k3s-pool-workers-worker6,1,2026-06-06 08:31:58 UTC,15056124,15464092,163628,1.02,48772,611652,202456,1.27,209456,506476,176
cloud-k3s-pool-workers-worker6,1,2026-06-06 08:31:59 UTC,15056124,15464092,163608,1.02,48772,611672,202456,1.27,209456,506476,60
cloud-k3s-pool-workers-worker6,1,2026-06-06 08:32:00 UTC,15056124,15464152,163600,1.02,48772,611680,202456,1.27,209456,506536,68
cloud-k3s-pool-workers-worker6,1,2026-06-06 08:32:01 UTC,15056124,15464152,163588,1.02,48772,611692,202456,1.27,209456,506536,80
cloud-k3s-pool-workers-worker6,1,2026-06-06 08:32:02 UTC,15056124,15464152,163580,1.02,48780,611692,202456,1.27,209456,506536,92
cloud-k3s-pool-workers-worker6,1,2026-06-06 08:32:03 UTC,15056124,15464152,163568,1.02,48780,611704,202456,1.27,209456,506536,108
cloud-k3s-pool-workers-worker6,1,2026-06-06 08:32:04 UTC,15056124,15464152,163556,1.02,48780,611716,202456,1.27,209456,506536,120
cloud-k3s-pool-workers-worker6,1,2026-06-06 08:32:05 UTC,15056124,15464152,163540,1.02,48780,611732,202456,1.27,209456,506536,40
cloud-k3s-pool-workers-worker6,1,2026-06-06 08:32:06 UTC,15054108,15462196,165544,1.04,48780,611744,202456,1.27,209456,506596,52
cloud-k3s-pool-workers-worker6,1,2026-06-06 08:32:07 UTC,15054108,15462196,165536,1.04,48788,611744,202456,1.27,209456,506596,60
cloud-k3s-pool-workers-worker6,1,2026-06-06 08:32:08 UTC,15054108,15462196,165524,1.04,48788,611756,202456,1.27,209456,506596,72
cloud-k3s-pool-workers-worker6,1,2026-06-06 08:32:09 UTC,15054108,15462196,165508,1.04,48788,611772,202456,1.27,209456,506596,176
cloud-k3s-pool-workers-worker6,1,2026-06-06 08:32:10 UTC,15054108,15462196,165496,1.04,48788,611784,202456,1.27,209456,506596,188
cloud-k3s-pool-workers-worker6,1,2026-06-06 08:32:11 UTC,15054108,15462200,165484,1.04,48788,611792,202456,1.27,209456,506596,196
cloud-k3s-pool-workers-worker6,1,2026-06-06 08:32:12 UTC,15054108,15462260,165472,1.04,48796,611796,202456,1.27,209456,506656,212
cloud-k3s-pool-workers-worker6,1,2026-06-06 08:32:13 UTC,15054108,15462260,165456,1.04,48796,611812,202456,1.27,209500,506656,84
cloud-k3s-pool-workers-worker6,1,2026-06-06 08:32:14 UTC,15054108,15462260,165444,1.04,48796,611824,201096,1.26,208460,506656,4
cloud-k3s-pool-workers-worker6,1,2026-06-06 08:32:15 UTC,15054108,15462260,165432,1.04,48796,611836,201096,1.26,208384,506656,20
cloud-k3s-pool-workers-worker6,1,2026-06-06 08:32:16 UTC,15054108,15462260,165424,1.04,48796,611844,201096,1.26,208384,506656,28
cloud-k3s-pool-workers-worker6,1,2026-06-06 08:32:17 UTC,15054108,15462260,165412,1.03,48796,611856,201096,1.26,208384,506656,40
cloud-k3s-pool-workers-worker6,1,2026-06-06 08:32:18 UTC,15054108,15462320,165404,1.03,48804,611856,201096,1.26,208384,506716,48
cloud-k3s-pool-workers-worker6,1,2026-06-06 08:32:19 UTC,15054108,15462320,165384,1.03,48804,611876,201096,1.26,208384,506716,88
cloud-k3s-pool-workers-worker6,1,2026-06-06 08:32:20 UTC,15054108,15462320,165376,1.03,48804,611884,201096,1.26,208384,506716,96
cloud-k3s-pool-workers-worker6,1,2026-06-06 08:32:21 UTC,15054108,15462320,165364,1.03,48804,611896,201096,1.26,208384,506716,112
cloud-k3s-pool-workers-worker6,1,2026-06-06 08:32:22 UTC,15054108,15462320,165356,1.03,48804,611904,201096,1.26,208384,506716,124
cloud-k3s-pool-workers-worker6,1,2026-06-06 08:32:23 UTC,15054108,15462320,165340,1.03,48812,611908,201096,1.26,208384,506716,192
cloud-k3s-pool-workers-worker6,1,2026-06-06 08:32:24 UTC,15054108,15462380,165332,1.03,48812,611916,201096,1.26,208384,506776,200
cloud-k3s-pool-workers-worker6,1,2026-06-06 08:32:25 UTC,15056540,15464868,162892,1.02,48812,611936,201096,1.26,208092,506832,216
cloud-k3s-pool-workers-worker6,1,2026-06-06 08:32:26 UTC,15056316,15464676,163100,1.02,48812,611948,201096,1.26,208344,506860,216
cloud-k3s-pool-workers-worker6,1,2026-06-06 08:32:27 UTC,15056316,15464684,163092,1.02,48812,611956,201096,1.26,208344,506868,232
cloud-k3s-pool-workers-worker6,1,2026-06-06 08:32:28 UTC,15056316,15464684,163080,1.02,48812,611968,201096,1.26,208344,506868,24
cloud-k3s-pool-workers-worker6,1,2026-06-06 08:32:29 UTC,15056316,15464684,163064,1.02,48820,611976,201096,1.26,208344,506868,72
cloud-k3s-pool-workers-worker6,1,2026-06-06 08:32:30 UTC,15056316,15464684,163052,1.02,48820,611988,201096,1.26,208344,506868,84
cloud-k3s-pool-workers-worker6,1,2026-06-06 08:32:31 UTC,15056316,15464684,163044,1.02,48820,611996,201096,1.26,208344,506868,92
cloud-k3s-pool-workers-worker6,1,2026-06-06 08:32:32 UTC,15056316,15464684,163032,1.02,48820,612008,201096,1.26,208344,506868,108
cloud-k3s-pool-workers-worker6,1,2026-06-06 08:32:33 UTC,15056316,15464744,163024,1.02,48820,612016,201096,1.26,208364,506928,208
cloud-k3s-pool-workers-worker6,1,2026-06-06 08:32:34 UTC,15056316,15464744,163012,1.02,48820,612028,201096,1.26,208364,506928,220
cloud-k3s-pool-workers-worker6,1,2026-06-06 08:32:35 UTC,15056316,15464744,163004,1.02,48828,612028,201096,1.26,208388,506928,36
cloud-k3s-pool-workers-worker6,1,2026-06-06 08:32:36 UTC,15056316,15464744,162984,1.02,48828,612048,201096,1.26,208388,506928,76
cloud-k3s-pool-workers-worker6,1,2026-06-06 08:32:37 UTC,15056316,15464760,162968,1.02,48844,612048,201096,1.26,208388,506944,84
cloud-k3s-pool-workers-worker6,1,2026-06-06 08:32:38 UTC,15056316,15464768,162948,1.02,48844,612068,201096,1.26,208388,506952,248
cloud-k3s-pool-workers-worker6,1,2026-06-06 08:32:39 UTC,15056316,15464828,162936,1.02,48844,612080,201096,1.26,208388,507012,196
cloud-k3s-pool-workers-worker6,1,2026-06-06 08:32:40 UTC,15056316,15464828,162928,1.02,48844,612088,201096,1.26,208388,507012,204
cloud-k3s-pool-workers-worker6,1,2026-06-06 08:32:41 UTC,15056316,15464828,162916,1.02,48844,612100,201096,1.26,208388,507012,188
cloud-k3s-pool-workers-worker6,1,2026-06-06 08:32:42 UTC,15056316,15464828,162904,1.02,48844,612108,201096,1.26,208388,507012,200
cloud-k3s-pool-workers-worker6,1,2026-06-06 08:32:43 UTC,15056316,15464828,162892,1.02,48852,612112,201096,1.26,208388,507012,60
cloud-k3s-pool-workers-worker6,1,2026-06-06 08:32:44 UTC,15056064,15464592,163128,1.02,48852,612128,203944,1.28,209688,507028,96
cloud-k3s-pool-workers-worker6,1,2026-06-06 08:32:45 UTC,15055560,15464148,163620,1.02,48852,612140,204300,1.28,209948,507088,252
cloud-k3s-pool-workers-worker6,1,2026-06-06 08:32:46 UTC,15055560,15464148,163612,1.02,48852,612148,204544,1.28,210020,507088,200
cloud-k3s-pool-workers-worker6,1,2026-06-06 08:32:47 UTC,15055560,15464148,163600,1.02,48852,612160,204544,1.28,210020,507088,324
cloud-k3s-pool-workers-worker6,1,2026-06-06 08:32:48 UTC,15055560,15464148,163592,1.02,48860,612160,204544,1.28,210020,507088,336
cloud-k3s-pool-workers-worker6,1,2026-06-06 08:32:49 UTC,15055560,15464148,163604,1.02,48860,612180,204544,1.28,210056,507088,192
cloud-k3s-pool-workers-worker6,1,2026-06-06 08:32:50 UTC,15055560,15464204,163592,1.02,48860,612192,204544,1.28,210056,507144,136
cloud-k3s-pool-workers-worker6,1,2026-06-06 08:32:51 UTC,15055560,15464212,163584,1.02,48860,612200,201096,1.26,208496,507152,144
cloud-k3s-pool-workers-worker6,1,2026-06-06 08:32:52 UTC,15055560,15464220,163572,1.02,48860,612212,201096,1.26,208368,507160,256
cloud-k3s-pool-workers-worker6,1,2026-06-06 08:32:53 UTC,15055560,15464220,163564,1.02,48860,612220,201096,1.26,208368,507160,264
cloud-k3s-pool-workers-worker6,1,2026-06-06 08:32:54 UTC,15055560,15464220,163544,1.02,48868,612232,201096,1.26,208368,507160,316
cloud-k3s-pool-workers-worker6,1,2026-06-06 08:32:55 UTC,15055560,15464220,163536,1.02,48868,612240,203944,1.28,209488,507160,92
cloud-k3s-pool-workers-worker6,1,2026-06-06 08:32:56 UTC,15055560,15464280,163524,1.02,48868,612252,203944,1.28,209708,507220,40
cloud-k3s-pool-workers-worker6,1,2026-06-06 08:32:57 UTC,15055560,15464284,163512,1.02,48868,612260,203944,1.28,209708,507220,56
cloud-k3s-pool-workers-worker6,1,2026-06-06 08:32:58 UTC,15055560,15464284,163500,1.02,48868,612272,203944,1.28,209708,507220,68
cloud-k3s-pool-workers-worker6,1,2026-06-06 08:32:59 UTC,15055560,15464284,163492,1.02,48868,612280,203944,1.28,209708,507220,228
cloud-k3s-pool-workers-worker6,1,2026-06-06 08:33:00 UTC,15055560,15464284,163480,1.02,48876,612284,203944,1.28,209708,507220,240
cloud-k3s-pool-workers-worker6,1,2026-06-06 08:33:01 UTC,15055560,15464284,163464,1.02,48876,612300,203944,1.28,209708,507220,240
cloud-k3s-pool-workers-worker6,1,2026-06-06 08:33:02 UTC,15055560,15464344,163452,1.02,48876,612312,203944,1.28,209708,507280,88
cloud-k3s-pool-workers-worker6,1,2026-06-06 08:33:03 UTC,15055560,15464344,163440,1.02,48876,612324,203944,1.28,209708,507280,104
cloud-k3s-pool-workers-worker6,1,2026-06-06 08:33:04 UTC,15055560,15464344,163432,1.02,48876,612332,204544,1.28,210024,507280,236
cloud-k3s-pool-workers-worker6,1,2026-06-06 08:33:05 UTC,15055560,15464356,163368,1.02,48876,612348,207996,1.30,211724,507292,252
cloud-k3s-pool-workers-worker6,1,2026-06-06 08:33:06 UTC,15055560,15464356,163352,1.02,48884,612356,207996,1.30,211724,507292,316
cloud-k3s-pool-workers-worker6,1,2026-06-06 08:33:07 UTC,15055560,15464364,163336,1.02,48884,612372,204548,1.28,210068,507300,440
cloud-k3s-pool-workers-worker6,1,2026-06-06 08:33:08 UTC,15055560,15464424,163328,1.02,48884,612380,201096,1.26,208508,507360,188
cloud-k3s-pool-workers-worker6,1,2026-06-06 08:33:09 UTC,15055560,15464424,163316,1.02,48884,612392,201096,1.26,208508,507360,192
cloud-k3s-pool-workers-worker6,1,2026-06-06 08:33:10 UTC,15055560,15464424,163308,1.02,48884,612400,201096,1.26,208508,507360,200
cloud-k3s-pool-workers-worker6,1,2026-06-06 08:33:11 UTC,15055560,15464424,163340,1.02,48884,612412,201096,1.26,208388,507360,168
cloud-k3s-pool-workers-worker6,1,2026-06-06 08:33:12 UTC,15055560,15464424,163320,1.02,48892,612420,201096,1.26,208388,507360,232
cloud-k3s-pool-workers-worker6,1,2026-06-06 08:33:13 UTC,15055560,15464424,163308,1.02,48892,612432,201096,1.26,208388,507360,328
cloud-k3s-pool-workers-worker6,1,2026-06-06 08:33:14 UTC,15055560,15464484,163296,1.02,48892,612444,201096,1.26,208388,507420,56
cloud-k3s-pool-workers-worker6,1,2026-06-06 08:33:15 UTC,15055560,15464484,163288,1.02,48892,612452,201096,1.26,208388,507420,68
cloud-k3s-pool-workers-worker6,1,2026-06-06 08:33:16 UTC,15055560,15464484,163276,1.02,48892,612464,201096,1.26,208388,507420,80
cloud-k3s-pool-workers-worker6,1,2026-06-06 08:33:17 UTC,15055560,15464484,163268,1.02,48900,612464,201096,1.26,208388,507420,88
cloud-k3s-pool-workers-worker6,1,2026-06-06 08:33:18 UTC,15055560,15464484,163248,1.02,48900,612484,201096,1.26,208388,507420,196
cloud-k3s-pool-workers-worker6,1,2026-06-06 08:33:19 UTC,15055560,15464484,163240,1.02,48900,612492,201096,1.26,208388,507420,200
cloud-k3s-pool-workers-worker6,1,2026-06-06 08:33:20 UTC,15055560,15464544,163228,1.02,48900,612504,201096,1.26,208388,507480,148
cloud-k3s-pool-workers-worker6,1,2026-06-06 08:33:21 UTC,15055560,15464544,163220,1.02,48900,612512,201096,1.26,208388,507480,160
cloud-k3s-pool-workers-worker6,1,2026-06-06 08:33:22 UTC,15055560,15464544,163208,1.02,48908,612516,201096,1.26,208388,507480,176
cloud-k3s-pool-workers-worker6,1,2026-06-06 08:33:23 UTC,15055560,15464544,163192,1.02,48908,612532,201096,1.26,208388,507480,56
cloud-k3s-pool-workers-worker6,1,2026-06-06 08:33:24 UTC,15055560,15464544,163180,1.02,48908,612544,201096,1.26,208388,507480,68
cloud-k3s-pool-workers-worker6,1,2026-06-06 08:33:25 UTC,15055560,15464544,163172,1.02,48908,612552,201096,1.26,208388,507480,76
cloud-k3s-pool-workers-worker6,1,2026-06-06 08:33:26 UTC,15055560,15464604,163160,1.02,48908,612564,201096,1.26,208388,507540,88
cloud-k3s-pool-workers-worker6,1,2026-06-06 08:33:27 UTC,15055560,15464608,163144,1.02,48916,612568,201096,1.26,208388,507540,104
cloud-k3s-pool-workers-worker6,1,2026-06-06 08:33:28 UTC,15055560,15464608,163136,1.02,48916,612576,201096,1.26,208388,507540,112
cloud-k3s-pool-workers-worker6,1,2026-06-06 08:33:29 UTC,15055560,15464608,163116,1.02,48916,612596,201096,1.26,208388,507540,36
cloud-k3s-pool-workers-worker6,1,2026-06-06 08:33:30 UTC,15055560,15464608,163108,1.02,48916,612604,201096,1.26,208388,507540,44
cloud-k3s-pool-workers-worker6,1,2026-06-06 08:33:31 UTC,15055560,15464668,163096,1.02,48916,612616,201096,1.26,208388,507600,56
cloud-k3s-pool-workers-worker6,1,2026-06-06 08:33:32 UTC,15055560,15464668,163088,1.02,48924,612616,201096,1.26,208388,507600,68
cloud-k3s-pool-workers-worker6,1,2026-06-06 08:33:33 UTC,15055560,15464668,163076,1.02,48924,612628,201096,1.26,208388,507600,84
cloud-k3s-pool-workers-worker6,1,2026-06-06 08:33:34 UTC,15055560,15464668,163060,1.02,48924,612644,201096,1.26,208388,507600,200
cloud-k3s-pool-workers-worker6,1,2026-06-06 08:33:35 UTC,15055560,15464668,163048,1.02,48924,612656,201096,1.26,208388,507600,212
cloud-k3s-pool-workers-worker6,1,2026-06-06 08:33:36 UTC,15055560,15464668,163040,1.02,48924,612664,201096,1.26,208388,507600,220
cloud-k3s-pool-workers-worker6,1,2026-06-06 08:33:37 UTC,15055560,15464728,163028,1.02,48932,612668,201096,1.26,208388,507660,232
cloud-k3s-pool-workers-worker6,1,2026-06-06 08:33:38 UTC,15055560,15464740,163008,1.02,48932,612688,201096,1.26,208388,507672,228
cloud-k3s-pool-workers-worker6,1,2026-06-06 08:33:39 UTC,15055560,15464740,163000,1.02,48932,612696,201096,1.26,208388,507672,12
cloud-k3s-pool-workers-worker6,1,2026-06-06 08:33:40 UTC,15055560,15464740,162988,1.02,48932,612708,201096,1.26,208388,507672,24
cloud-k3s-pool-workers-worker6,1,2026-06-06 08:33:41 UTC,15055560,15464740,162980,1.02,48932,612716,201096,1.26,208388,507672,32
cloud-k3s-pool-workers-worker6,1,2026-06-06 08:33:42 UTC,15055560,15464740,162968,1.02,48940,612720,201096,1.26,208388,507672,48
cloud-k3s-pool-workers-worker6,1,2026-06-06 08:33:43 UTC,15055560,15464740,162948,1.02,48940,612736,201096,1.26,208388,507672,228
cloud-k3s-pool-workers-worker6,1,2026-06-06 08:33:44 UTC,15055308,15464548,163188,1.02,48940,612748,202456,1.27,209228,507732,28
cloud-k3s-pool-workers-worker6,1,2026-06-06 08:33:45 UTC,15055308,15464548,163180,1.02,48940,612756,204072,1.28,209516,507732,40
cloud-k3s-pool-workers-worker6,1,2026-06-06 08:33:46 UTC,15055308,15464604,163168,1.02,48940,612768,204544,1.28,210024,507788,60
cloud-k3s-pool-workers-worker6,1,2026-06-06 08:33:47 UTC,15055308,15464604,163160,1.02,48948,612768,204544,1.28,210024,507788,308
cloud-k3s-pool-workers-worker6,1,2026-06-06 08:33:48 UTC,15055308,15464604,163140,1.02,48948,612788,204544,1.28,210024,507788,292
cloud-k3s-pool-workers-worker6,1,2026-06-06 08:33:49 UTC,15055308,15464604,163132,1.02,48948,612796,204544,1.28,210024,507788,312
cloud-k3s-pool-workers-worker6,1,2026-06-06 08:33:50 UTC,15055308,15464672,163120,1.02,48948,612808,201096,1.26,208388,507856,340
cloud-k3s-pool-workers-worker6,1,2026-06-06 08:33:51 UTC,15055308,15464684,163108,1.02,48948,612820,201096,1.26,208388,507868,20
cloud-k3s-pool-workers-worker6,1,2026-06-06 08:33:52 UTC,15055308,15464684,163100,1.02,48956,612820,201096,1.26,208388,507868,180
cloud-k3s-pool-workers-worker6,1,2026-06-06 08:33:53 UTC,15058920,15468316,159468,1.00,48956,612840,201096,1.26,208388,507888,220
cloud-k3s-pool-workers-worker6,1,2026-06-06 08:33:54 UTC,15058920,15468316,159460,1.00,48956,612848,201096,1.26,208388,507888,228
cloud-k3s-pool-workers-worker6,1,2026-06-06 08:33:55 UTC,15058920,15468316,159448,1.00,48956,612860,201096,1.26,208388,507888,240
cloud-k3s-pool-workers-worker6,1,2026-06-06 08:33:56 UTC,15058920,15468316,159440,1.00,48956,612868,201096,1.26,208388,507888,248
cloud-k3s-pool-workers-worker6,1,2026-06-06 08:33:57 UTC,15058920,15468316,159428,1.00,48964,612872,201096,1.26,208388,507888,204
cloud-k3s-pool-workers-worker6,1,2026-06-06 08:33:58 UTC,15058920,15468320,159416,1.00,48964,612880,201096,1.26,208388,507888,176
cloud-k3s-pool-workers-worker6,1,2026-06-06 08:33:59 UTC,15058668,15468128,159648,1.00,48964,612900,201096,1.26,208388,507948,40
cloud-k3s-pool-workers-worker6,1,2026-06-06 08:34:00 UTC,15058668,15468128,159640,1.00,48964,612908,201096,1.26,208388,507948,48
cloud-k3s-pool-workers-worker6,1,2026-06-06 08:34:01 UTC,15058668,15468128,159628,1.00,48964,612920,201096,1.26,208388,507948,60
cloud-k3s-pool-workers-worker6,1,2026-06-06 08:34:02 UTC,15058668,15468128,159616,1.00,48972,612924,201096,1.26,208388,507948,224
cloud-k3s-pool-workers-worker6,1,2026-06-06 08:34:03 UTC,15058668,15468128,159600,1.00,48972,612940,201096,1.26,208388,507948,188
cloud-k3s-pool-workers-worker6,1,2026-06-06 08:34:04 UTC,15058668,15468128,159588,1.00,48972,612952,201096,1.26,208388,507948,200
cloud-k3s-pool-workers-worker6,1,2026-06-06 08:34:05 UTC,15058668,15468188,159580,1.00,48972,612960,201096,1.26,208388,508008,52
cloud-k3s-pool-workers-worker6,1,2026-06-06 08:34:06 UTC,15058668,15468188,159568,1.00,48972,612972,201096,1.26,208388,508008,64
cloud-k3s-pool-workers-worker6,1,2026-06-06 08:34:07 UTC,15058668,15468208,159560,1.00,48980,612972,201096,1.26,208388,508028,48
cloud-k3s-pool-workers-worker6,1,2026-06-06 08:34:08 UTC,15058668,15468220,159540,1.00,48980,612992,201096,1.26,208388,508040,152
cloud-k3s-pool-workers-worker6,1,2026-06-06 08:34:09 UTC,15058668,15468220,159532,1.00,48980,613000,201096,1.26,208388,508040,164
cloud-k3s-pool-workers-worker6,1,2026-06-06 08:34:10 UTC,15058668,15468220,159520,1.00,48980,613012,201096,1.26,208388,508040,176
cloud-k3s-pool-workers-worker6,1,2026-06-06 08:34:11 UTC,15058668,15468220,159512,1.00,48980,613020,201096,1.26,208388,508040,184
cloud-k3s-pool-workers-worker6,1,2026-06-06 08:34:12 UTC,15058668,15468260,159500,1.00,48988,613024,201096,1.26,208388,508080,32
cloud-k3s-pool-workers-worker6,1,2026-06-06 08:34:13 UTC,15058668,15468260,159492,1.00,48988,613032,201096,1.26,208388,508080,40
cloud-k3s-pool-workers-worker6,1,2026-06-06 08:34:14 UTC,15058668,15468260,159468,1.00,48988,613052,201096,1.26,208388,508080,32
cloud-k3s-pool-workers-worker6,1,2026-06-06 08:34:15 UTC,15058668,15468260,159456,1.00,48988,613064,201096,1.26,208388,508080,48
cloud-k3s-pool-workers-worker6,1,2026-06-06 08:34:16 UTC,15058668,15468260,159448,1.00,48988,613072,201096,1.26,208388,508080,56
cloud-k3s-pool-workers-worker6,1,2026-06-06 08:34:17 UTC,15058668,15468260,159436,1.00,48988,613084,201096,1.26,208388,508080,224
cloud-k3s-pool-workers-worker6,1,2026-06-06 08:34:18 UTC,15058668,15468320,159432,1.00,48996,613084,204088,1.28,209444,508140,232
cloud-k3s-pool-workers-worker6,1,2026-06-06 08:34:19 UTC,15058668,15468368,159412,1.00,48996,613104,204088,1.28,209720,508188,60
cloud-k3s-pool-workers-worker6,1,2026-06-06 08:34:20 UTC,15058668,15468368,159404,1.00,48996,613112,204088,1.28,209720,508188,4
cloud-k3s-pool-workers-worker6,1,2026-06-06 08:34:21 UTC,15058668,15468368,159392,1.00,48996,613124,204296,1.28,209980,508188,24
cloud-k3s-pool-workers-worker6,1,2026-06-06 08:34:22 UTC,15058668,15468368,159384,1.00,48996,613132,204296,1.28,209980,508188,32
cloud-k3s-pool-workers-worker6,1,2026-06-06 08:34:23 UTC,15058668,15468368,159372,1.00,49004,613136,204296,1.28,209988,508188,272
cloud-k3s-pool-workers-worker6,1,2026-06-06 08:34:24 UTC,15058668,15468368,159364,1.00,49004,613144,204296,1.28,209988,508188,280
cloud-k3s-pool-workers-worker6,1,2026-06-06 08:34:25 UTC,15058668,15468388,159412,1.00,49004,613164,199736,1.25,207356,508208,328
cloud-k3s-pool-workers-worker6,1,2026-06-06 08:34:26 UTC,15061512,15471232,156564,0.98,49004,613176,202584,1.27,208500,508208,104
cloud-k3s-pool-workers-worker6,1,2026-06-06 08:34:27 UTC,15061512,15471260,156560,0.98,49004,613184,203184,1.27,208884,508236,296
cloud-k3s-pool-workers-worker6,1,2026-06-06 08:34:28 UTC,15061512,15471260,156548,0.98,49004,613196,203184,1.27,208884,508236,308
cloud-k3s-pool-workers-worker6,1,2026-06-06 08:34:29 UTC,15061512,15471312,156532,0.98,49012,613204,203184,1.27,208884,508288,328
cloud-k3s-pool-workers-worker6,1,2026-06-06 08:34:30 UTC,15064624,15474448,153412,0.96,49012,613216,199736,1.25,207356,508312,372
cloud-k3s-pool-workers-worker6,1,2026-06-06 08:34:31 UTC,15064072,15473904,153956,0.96,49012,613224,199736,1.25,207236,508320,380
cloud-k3s-pool-workers-worker6,1,2026-06-06 08:34:32 UTC,15063068,15472900,154948,0.97,49012,613236,201096,1.26,208016,508320,112
cloud-k3s-pool-workers-worker6,1,2026-06-06 08:34:33 UTC,15062844,15472704,155164,0.97,49012,613244,201096,1.26,208360,508348,220
cloud-k3s-pool-workers-worker6,1,2026-06-06 08:34:34 UTC,15062844,15472704,155152,0.97,49012,613256,201096,1.26,208360,508348,232
cloud-k3s-pool-workers-worker6,1,2026-06-06 08:34:35 UTC,15062844,15472704,155136,0.97,49020,613264,201096,1.26,208360,508348,228
cloud-k3s-pool-workers-worker6,1,2026-06-06 08:34:36 UTC,15062844,15472704,155124,0.97,49020,613276,201096,1.26,208360,508348,240
cloud-k3s-pool-workers-worker6,1,2026-06-06 08:34:37 UTC,15062844,15472704,155112,0.97,49020,613288,201096,1.26,208360,508348,256
cloud-k3s-pool-workers-worker6,1,2026-06-06 08:34:38 UTC,15062844,15472704,155104,0.97,49020,613296,201096,1.26,208360,508348,264
cloud-k3s-pool-workers-worker6,1,2026-06-06 08:34:39 UTC,15062844,15472704,155092,0.97,49020,613308,201096,1.26,208360,508348,56
cloud-k3s-pool-workers-worker6,1,2026-06-06 08:34:40 UTC,15062844,15472704,155084,0.97,49028,613308,201096,1.26,208360,508348,64
cloud-k3s-pool-workers-worker6,1,2026-06-06 08:34:41 UTC,15062844,15472768,155060,0.97,49028,613328,201096,1.26,208360,508408,40
cloud-k3s-pool-workers-worker6,1,2026-06-06 08:34:42 UTC,15062844,15472768,155052,0.97,49028,613336,201096,1.26,208360,508408,48
cloud-k3s-pool-workers-worker6,1,2026-06-06 08:34:43 UTC,15062844,15472792,155040,0.97,49028,613348,201096,1.26,208360,508432,56
cloud-k3s-pool-workers-worker6,1,2026-06-06 08:34:44 UTC,15061080,15471036,156796,0.98,49028,613356,204544,1.28,209660,508440,4
cloud-k3s-pool-workers-worker6,1,2026-06-06 08:34:45 UTC,15058572,15468572,159196,1.00,49028,613368,207996,1.30,211712,508484,244
cloud-k3s-pool-workers-worker6,1,2026-06-06 08:34:46 UTC,15058572,15468572,159176,1.00,49036,613380,207996,1.30,211712,508484,304
cloud-k3s-pool-workers-worker6,1,2026-06-06 08:34:47 UTC,15058572,15468576,159164,1.00,49036,613392,204548,1.28,210068,508488,408
cloud-k3s-pool-workers-worker6,1,2026-06-06 08:34:48 UTC,15062048,15472052,155676,0.97,49036,613404,204548,1.28,210068,508488,420
cloud-k3s-pool-workers-worker6,1,2026-06-06 08:34:49 UTC,15062048,15472108,155676,0.97,49036,613416,204548,1.28,210068,508544,104
cloud-k3s-pool-workers-worker6,1,2026-06-06 08:34:50 UTC,15062048,15472108,155664,0.97,49036,613428,201096,1.26,208456,508544,180
cloud-k3s-pool-workers-worker6,1,2026-06-06 08:34:51 UTC,15061796,15471856,155948,0.98,49036,613436,201096,1.26,208336,508544,192
cloud-k3s-pool-workers-worker6,1,2026-06-06 08:34:52 UTC,15061796,15471868,155924,0.98,49044,613452,201096,1.26,208384,508556,308
cloud-k3s-pool-workers-worker6,1,2026-06-06 08:34:53 UTC,15061796,15471868,155916,0.98,49044,613460,201096,1.26,208384,508556,316
cloud-k3s-pool-workers-worker6,1,2026-06-06 08:34:54 UTC,15061796,15471868,155904,0.98,49044,613472,201096,1.26,208384,508556,328
cloud-k3s-pool-workers-worker6,1,2026-06-06 08:34:55 UTC,15061796,15471928,155892,0.98,49044,613480,201096,1.26,208384,508616,336
cloud-k3s-pool-workers-worker6,1,2026-06-06 08:34:56 UTC,15061796,15471928,155880,0.98,49044,613492,201096,1.26,208384,508616,52
cloud-k3s-pool-workers-worker6,1,2026-06-06 08:34:57 UTC,15061796,15471928,155872,0.98,49052,613492,201096,1.26,208384,508616,176
cloud-k3s-pool-workers-worker6,1,2026-06-06 08:34:58 UTC,15061796,15471928,155852,0.98,49052,613512,201096,1.26,208384,508616,220
cloud-k3s-pool-workers-worker6,1,2026-06-06 08:34:59 UTC,15061796,15471928,155844,0.98,49052,613520,201096,1.26,208384,508616,228
cloud-k3s-pool-workers-worker6,1,2026-06-06 08:35:00 UTC,15061796,15471928,155832,0.97,49052,613532,201096,1.26,208384,508616,240
cloud-k3s-pool-workers-worker6,1,2026-06-06 08:35:01 UTC,15061796,15471988,155820,0.97,49052,613544,201096,1.26,208384,508676,252
cloud-k3s-pool-workers-worker6,1,2026-06-06 08:35:02 UTC,15061796,15471988,155828,0.97,49060,613552,201096,1.26,208360,508676,312
cloud-k3s-pool-workers-worker6,1,2026-06-06 08:35:03 UTC,15061796,15471988,155816,0.97,49060,613564,201096,1.26,208360,508676,68
cloud-k3s-pool-workers-worker6,1,2026-06-06 08:35:04 UTC,15061796,15471988,155808,0.97,49060,613572,201096,1.26,208360,508676,24
cloud-k3s-pool-workers-worker6,1,2026-06-06 08:35:05 UTC,15061796,15471988,155796,0.97,49060,613584,201096,1.26,208360,508676,36
cloud-k3s-pool-workers-worker6,1,2026-06-06 08:35:06 UTC,15061796,15471988,155788,0.97,49060,613592,201096,1.26,208360,508676,44
cloud-k3s-pool-workers-worker6,1,2026-06-06 08:35:07 UTC,15061796,15472048,155776,0.97,49068,613596,201096,1.26,208360,508736,60
cloud-k3s-pool-workers-worker6,1,2026-06-06 08:35:08 UTC,15061796,15472048,155760,0.97,49068,613612,201096,1.26,208360,508736,84
cloud-k3s-pool-workers-worker6,1,2026-06-06 08:35:09 UTC,15061796,15472048,155748,0.97,49068,613624,201096,1.26,208360,508736,36
cloud-k3s-pool-workers-worker6,1,2026-06-06 08:35:10 UTC,15061796,15472048,155740,0.97,49068,613632,201096,1.26,208360,508736,44
cloud-k3s-pool-workers-worker6,1,2026-06-06 08:35:11 UTC,15061796,15472052,155724,0.97,49068,613644,201096,1.26,208360,508736,56
cloud-k3s-pool-workers-worker6,1,2026-06-06 08:35:12 UTC,15061796,15472088,155708,0.97,49076,613652,201096,1.26,208384,508772,232
cloud-k3s-pool-workers-worker6,1,2026-06-06 08:35:13 UTC,15061796,15472148,155696,0.97,49076,613664,201096,1.26,208384,508832,244
cloud-k3s-pool-workers-worker6,1,2026-06-06 08:35:14 UTC,15061796,15472148,155684,0.97,49076,613676,201096,1.26,208384,508832,156
cloud-k3s-pool-workers-worker6,1,2026-06-06 08:35:15 UTC,15061796,15472148,155676,0.97,49076,613684,201096,1.26,208384,508832,168
cloud-k3s-pool-workers-worker6,1,2026-06-06 08:35:16 UTC,15061796,15472148,155664,0.97,49076,613696,201096,1.26,208384,508832,180
cloud-k3s-pool-workers-worker6,1,2026-06-06 08:35:17 UTC,15061796,15472148,155656,0.97,49084,613696,201096,1.26,208384,508832,192
cloud-k3s-pool-workers-worker6,1,2026-06-06 08:35:18 UTC,15061796,15472208,155644,0.97,49084,613708,201096,1.26,208384,508892,204
cloud-k3s-pool-workers-worker6,1,2026-06-06 08:35:19 UTC,15061796,15472208,155628,0.97,49084,613724,201096,1.26,208384,508892,80
cloud-k3s-pool-workers-worker6,1,2026-06-06 08:35:20 UTC,15061796,15472208,155616,0.97,49084,613736,201096,1.26,208384,508892,92
cloud-k3s-pool-workers-worker6,1,2026-06-06 08:35:21 UTC,15061796,15472208,155608,0.97,49084,613744,201096,1.26,208384,508892,104
cloud-k3s-pool-workers-worker6,1,2026-06-06 08:35:22 UTC,15061796,15472208,155596,0.97,49092,613748,201096,1.26,208384,508892,52
cloud-k3s-pool-workers-worker6,1,2026-06-06 08:35:23 UTC,15061796,15472208,155580,0.97,49092,613764,201096,1.26,208384,508892,56
cloud-k3s-pool-workers-worker6,1,2026-06-06 08:35:24 UTC,15061796,15472268,155568,0.97,49092,613776,201096,1.26,208384,508952,44
cloud-k3s-pool-workers-worker6,1,2026-06-06 08:35:25 UTC,15061796,15472268,155556,0.97,49092,613788,201096,1.26,208384,508952,56
cloud-k3s-pool-workers-worker6,1,2026-06-06 08:35:26 UTC,15061796,15472268,155544,0.97,49092,613796,201096,1.26,208384,508952,64
cloud-k3s-pool-workers-worker6,1,2026-06-06 08:35:27 UTC,15061796,15472268,155532,0.97,49100,613800,201096,1.26,208384,508952,20
cloud-k3s-pool-workers-worker6,1,2026-06-06 08:35:28 UTC,15061796,15472268,155516,0.97,49100,613816,201096,1.26,208384,508952,208
cloud-k3s-pool-workers-worker6,1,2026-06-06 08:35:29 UTC,15061796,15472268,155504,0.97,49100,613828,201096,1.26,208384,508952,220
cloud-k3s-pool-workers-worker6,1,2026-06-06 08:35:30 UTC,15061796,15472328,155496,0.97,49100,613836,201096,1.26,208384,509012,228
cloud-k3s-pool-workers-worker6,1,2026-06-06 08:35:31 UTC,15061796,15472328,155484,0.97,49100,613848,201096,1.26,208384,509012,240
cloud-k3s-pool-workers-worker6,1,2026-06-06 08:35:32 UTC,15061796,15472348,155476,0.97,49108,613848,201096,1.26,208384,509032,220
cloud-k3s-pool-workers-worker6,1,2026-06-06 08:35:33 UTC,15061796,15472348,155464,0.97,49108,613860,201096,1.26,208384,509032,236
cloud-k3s-pool-workers-worker6,1,2026-06-06 08:35:34 UTC,15061796,15472348,155448,0.97,49108,613876,201096,1.26,208384,509032,24
cloud-k3s-pool-workers-worker6,1,2026-06-06 08:35:35 UTC,15061796,15472348,155436,0.97,49108,613888,201096,1.26,208384,509032,36
cloud-k3s-pool-workers-worker6,1,2026-06-06 08:35:36 UTC,15061796,15472348,155428,0.97,49108,613896,201096,1.26,208384,509032,44
cloud-k3s-pool-workers-worker6,1,2026-06-06 08:35:37 UTC,15061796,15472348,155416,0.97,49116,613900,201096,1.26,208384,509032,60
cloud-k3s-pool-workers-worker6,1,2026-06-06 08:35:38 UTC,15061544,15472156,155648,0.97,49116,613920,201096,1.26,208384,509092,244
cloud-k3s-pool-workers-worker6,1,2026-06-06 08:35:39 UTC,15061544,15472156,155640,0.97,49116,613928,201096,1.26,208384,509092,256
cloud-k3s-pool-workers-worker6,1,2026-06-06 08:35:40 UTC,15061544,15472156,155628,0.97,49116,613940,201096,1.26,208384,509092,40
cloud-k3s-pool-workers-worker6,1,2026-06-06 08:35:41 UTC,15061544,15472160,155612,0.97,49116,613948,204544,1.28,209756,509092,56
cloud-k3s-pool-workers-worker6,1,2026-06-06 08:35:42 UTC,15060288,15470904,156856,0.98,49124,613952,205904,1.29,210796,509092,68
cloud-k3s-pool-workers-worker6,1,2026-06-06 08:35:43 UTC,15060064,15470716,157056,0.98,49124,613968,205904,1.29,211168,509128,320
cloud-k3s-pool-workers-worker6,1,2026-06-06 08:35:44 UTC,15060064,15470776,157044,0.98,49124,613980,202456,1.27,209596,509188,272
cloud-k3s-pool-workers-worker6,1,2026-06-06 08:35:45 UTC,15060064,15470776,157036,0.98,49124,613988,202456,1.27,209476,509188,284
cloud-k3s-pool-workers-worker6,1,2026-06-06 08:35:46 UTC,15060064,15470776,157024,0.98,49124,614000,202456,1.27,209476,509188,296
cloud-k3s-pool-workers-worker6,1,2026-06-06 08:35:47 UTC,15060064,15470776,157016,0.98,49132,614000,202456,1.27,209476,509188,40
cloud-k3s-pool-workers-worker6,1,2026-06-06 08:35:48 UTC,15060064,15470776,156996,0.98,49132,614020,202456,1.27,209476,509188,240
cloud-k3s-pool-workers-worker6,1,2026-06-06 08:35:49 UTC,15060064,15470776,156984,0.98,49132,614032,202456,1.27,209476,509188,244
cloud-k3s-pool-workers-worker6,1,2026-06-06 08:35:50 UTC,15060064,15470836,156976,0.98,49132,614040,202456,1.27,209476,509248,252
cloud-k3s-pool-workers-worker6,1,2026-06-06 08:35:51 UTC,15060064,15470836,156964,0.98,49132,614052,202456,1.27,209476,509248,204
cloud-k3s-pool-workers-worker6,1,2026-06-06 08:35:52 UTC,15060064,15470836,156956,0.98,49140,614052,202456,1.27,209476,509248,216
cloud-k3s-pool-workers-worker6,1,2026-06-06 08:35:53 UTC,15060064,15470836,156936,0.98,49140,614072,202456,1.27,209476,509248,40
cloud-k3s-pool-workers-worker6,1,2026-06-06 08:35:54 UTC,15060064,15470836,156928,0.98,49140,614080,202456,1.27,209476,509248,48
cloud-k3s-pool-workers-worker6,1,2026-06-06 08:35:55 UTC,15060064,15470836,156916,0.98,49140,614092,202456,1.27,209476,509248,60
cloud-k3s-pool-workers-worker6,1,2026-06-06 08:35:56 UTC,15060064,15470900,156908,0.98,49140,614100,202456,1.27,209476,509312,4
cloud-k3s-pool-workers-worker6,1,2026-06-06 08:35:57 UTC,15060064,15470900,156892,0.98,49148,614104,202456,1.27,209476,509312,20
cloud-k3s-pool-workers-worker6,1,2026-06-06 08:35:58 UTC,15060064,15470900,156876,0.98,49148,614120,202456,1.27,209476,509312,56
cloud-k3s-pool-workers-worker6,1,2026-06-06 08:35:59 UTC,15060064,15470900,156864,0.98,49148,614132,202456,1.27,209476,509312,68
cloud-k3s-pool-workers-worker6,1,2026-06-06 08:36:00 UTC,15060064,15470900,156856,0.98,49148,614140,202456,1.27,209476,509312,76
cloud-k3s-pool-workers-worker6,1,2026-06-06 08:36:01 UTC,15060064,15470900,156844,0.98,49148,614152,202456,1.27,209476,509312,88
cloud-k3s-pool-workers-worker6,1,2026-06-06 08:36:02 UTC,15060064,15470960,156832,0.98,49156,614156,202456,1.27,209476,509372,104
cloud-k3s-pool-workers-worker6,1,2026-06-06 08:36:03 UTC,15060064,15470960,156824,0.98,49156,614164,202456,1.27,209476,509372,116
cloud-k3s-pool-workers-worker6,1,2026-06-06 08:36:04 UTC,15060064,15471000,156804,0.98,49156,614184,202456,1.27,209496,509412,184
cloud-k3s-pool-workers-worker6,1,2026-06-06 08:36:05 UTC,15060064,15471000,156796,0.98,49156,614192,202456,1.27,209496,509412,192
cloud-k3s-pool-workers-worker6,1,2026-06-06 08:36:06 UTC,15060064,15471000,156784,0.98,49156,614204,202456,1.27,209496,509412,204
cloud-k3s-pool-workers-worker6,1,2026-06-06 08:36:07 UTC,15060064,15471000,156776,0.98,49164,614204,202456,1.27,209496,509412,212
cloud-k3s-pool-workers-worker6,1,2026-06-06 08:36:08 UTC,15060064,15471064,156756,0.98,49164,614224,202456,1.27,209496,509476,76
cloud-k3s-pool-workers-worker6,1,2026-06-06 08:36:09 UTC,15060064,15471064,156748,0.98,49164,614232,202456,1.27,209496,509476,20
cloud-k3s-pool-workers-worker6,1,2026-06-06 08:36:10 UTC,15060064,15471064,156736,0.98,49164,614244,202456,1.27,209496,509476,32
cloud-k3s-pool-workers-worker6,1,2026-06-06 08:36:11 UTC,15060064,15471064,156728,0.98,49164,614252,202456,1.27,209496,509476,40
cloud-k3s-pool-workers-worker6,1,2026-06-06 08:36:12 UTC,15060064,15471108,156712,0.98,49172,614256,202456,1.27,209496,509516,32
cloud-k3s-pool-workers-worker6,1,2026-06-06 08:36:13 UTC,15060064,15471120,156700,0.98,49172,614268,202456,1.27,209496,509528,0
cloud-k3s-pool-workers-worker6,1,2026-06-06 08:36:14 UTC,15056032,15467096,160716,1.01,49172,614284,202456,1.27,209496,509536,4
cloud-k3s-pool-workers-worker6,1,2026-06-06 08:36:15 UTC,15056032,15467096,160704,1.01,49172,614296,202456,1.27,209496,509536,20
cloud-k3s-pool-workers-worker6,1,2026-06-06 08:36:16 UTC,15056032,15467096,160696,1.01,49172,614304,202456,1.27,209496,509536,28
cloud-k3s-pool-workers-worker6,1,2026-06-06 08:36:17 UTC,15056032,15467096,160684,1.01,49180,614308,202456,1.27,209496,509536,40
cloud-k3s-pool-workers-worker6,1,2026-06-06 08:36:18 UTC,15056032,15467096,160676,1.01,49180,614316,202456,1.27,209496,509536,48
cloud-k3s-pool-workers-worker6,1,2026-06-06 08:36:19 UTC,15047968,15459032,168720,1.06,49180,614336,202456,1.27,209496,509536,240
cloud-k3s-pool-workers-worker6,1,2026-06-06 08:36:20 UTC,15047968,15459092,168712,1.06,49180,614344,202456,1.27,209496,509596,248
cloud-k3s-pool-workers-worker6,1,2026-06-06 08:36:21 UTC,15047968,15459092,168700,1.06,49180,614356,202456,1.27,209496,509596,264
cloud-k3s-pool-workers-worker6,1,2026-06-06 08:36:22 UTC,15048380,15459504,168280,1.05,49188,614356,202456,1.27,209496,509596,44
cloud-k3s-pool-workers-worker6,1,2026-06-06 08:36:23 UTC,15048380,15459504,168268,1.05,49188,614368,202456,1.27,209496,509596,56
cloud-k3s-pool-workers-worker6,1,2026-06-06 08:36:24 UTC,15048380,15459504,168260,1.05,49188,614376,202456,1.27,209496,509596,64
cloud-k3s-pool-workers-worker6,1,2026-06-06 08:36:25 UTC,15050000,15461156,166620,1.04,49188,614396,205644,1.29,210824,509628,196
cloud-k3s-pool-workers-worker6,1,2026-06-06 08:36:26 UTC,15051408,15462628,165188,1.03,49188,614408,205644,1.29,211076,509692,140
cloud-k3s-pool-workers-worker6,1,2026-06-06 08:36:27 UTC,15052296,15463516,164288,1.03,49196,614408,205644,1.29,211076,509692,152
cloud-k3s-pool-workers-worker6,1,2026-06-06 08:36:28 UTC,15052296,15463524,164268,1.03,49196,614428,205644,1.29,211128,509700,300
cloud-k3s-pool-workers-worker6,1,2026-06-06 08:36:29 UTC,15052296,15463524,164260,1.03,49196,614436,202456,1.27,209524,509700,68
cloud-k3s-pool-workers-worker6,1,2026-06-06 08:36:30 UTC,15052296,15463524,164248,1.03,49196,614448,202456,1.27,209524,509700,80
cloud-k3s-pool-workers-worker6,1,2026-06-06 08:36:31 UTC,15052296,15463524,164244,1.03,49196,614456,202456,1.27,209496,509700,224
cloud-k3s-pool-workers-worker6,1,2026-06-06 08:36:32 UTC,15052296,15463584,164232,1.03,49204,614460,201096,1.26,208380,509760,176
cloud-k3s-pool-workers-worker6,1,2026-06-06 08:36:33 UTC,15052296,15463584,164216,1.03,49204,614476,201096,1.26,208380,509760,24
cloud-k3s-pool-workers-worker6,1,2026-06-06 08:36:34 UTC,15052296,15463584,164140,1.03,49204,614488,201096,1.26,208380,509760,24
cloud-k3s-pool-workers-worker6,1,2026-06-06 08:36:35 UTC,15052296,15463584,164132,1.03,49204,614496,201096,1.26,208380,509760,32
cloud-k3s-pool-workers-worker6,1,2026-06-06 08:36:36 UTC,15052296,15463584,164120,1.03,49204,614508,201096,1.26,208380,509760,44
cloud-k3s-pool-workers-worker6,1,2026-06-06 08:36:37 UTC,15052296,15463584,164108,1.03,49212,614512,201096,1.26,208380,509760,60
cloud-k3s-pool-workers-worker6,1,2026-06-06 08:36:38 UTC,15052296,15463644,164092,1.03,49212,614528,201096,1.26,208380,509820,180
cloud-k3s-pool-workers-worker6,1,2026-06-06 08:36:39 UTC,15052296,15463660,164080,1.03,49212,614540,202456,1.27,209440,509836,196
cloud-k3s-pool-workers-worker6,1,2026-06-06 08:36:40 UTC,15052296,15463660,164068,1.03,49212,614548,205904,1.29,211076,509836,212
cloud-k3s-pool-workers-worker6,1,2026-06-06 08:36:41 UTC,15052296,15463660,164056,1.03,49212,614560,205904,1.29,211076,509836,224
cloud-k3s-pool-workers-worker6,1,2026-06-06 08:36:42 UTC,15052296,15463660,164044,1.03,49220,614564,205904,1.29,211076,509836,216
cloud-k3s-pool-workers-worker6,1,2026-06-06 08:36:43 UTC,15052296,15463664,164028,1.03,49220,614576,205904,1.29,211076,509836,228
cloud-k3s-pool-workers-worker6,1,2026-06-06 08:36:44 UTC,15052636,15464064,163688,1.02,49220,614588,202456,1.27,209448,509896,144
cloud-k3s-pool-workers-worker6,1,2026-06-06 08:36:45 UTC,15052636,15464064,163676,1.02,49220,614600,202456,1.27,209448,509896,156
cloud-k3s-pool-workers-worker6,1,2026-06-06 08:36:46 UTC,15052636,15464064,163668,1.02,49220,614608,202456,1.27,209448,509896,164
cloud-k3s-pool-workers-worker6,1,2026-06-06 08:36:47 UTC,15052636,15464064,163656,1.02,49228,614612,202456,1.27,209448,509896,180
cloud-k3s-pool-workers-worker6,1,2026-06-06 08:36:48 UTC,15052384,15463820,163888,1.03,49228,614632,202456,1.27,209500,509904,308
cloud-k3s-pool-workers-worker6,1,2026-06-06 08:36:49 UTC,15052384,15463820,163880,1.03,49228,614640,202456,1.27,209500,509904,88
cloud-k3s-pool-workers-worker6,1,2026-06-06 08:36:50 UTC,15052384,15463880,163868,1.03,49228,614652,202456,1.27,209500,509964,32
cloud-k3s-pool-workers-worker6,1,2026-06-06 08:36:51 UTC,15052384,15463880,163860,1.03,49228,614660,202456,1.27,209500,509964,44
cloud-k3s-pool-workers-worker6,1,2026-06-06 08:36:52 UTC,15052384,15463880,163848,1.03,49236,614664,202456,1.27,209500,509964,60
cloud-k3s-pool-workers-worker6,1,2026-06-06 08:36:53 UTC,15052384,15463880,163832,1.03,49236,614680,202456,1.27,209500,509964,36
cloud-k3s-pool-workers-worker6,1,2026-06-06 08:36:54 UTC,15052384,15463880,163820,1.02,49236,614692,202456,1.27,209500,509964,48
cloud-k3s-pool-workers-worker6,1,2026-06-06 08:36:55 UTC,15052384,15463880,163812,1.02,49236,614700,202456,1.27,209500,509964,56
cloud-k3s-pool-workers-worker6,1,2026-06-06 08:36:56 UTC,15052384,15463940,163800,1.02,49236,614712,202456,1.27,209500,510024,68
cloud-k3s-pool-workers-worker6,1,2026-06-06 08:36:57 UTC,15052384,15463940,163792,1.02,49236,614720,202456,1.27,209500,510024,16
cloud-k3s-pool-workers-worker6,1,2026-06-06 08:36:58 UTC,15052384,15463940,163768,1.02,49244,614732,202456,1.27,209500,510024,208
cloud-k3s-pool-workers-worker6,1,2026-06-06 08:36:59 UTC,15052384,15463940,163760,1.02,49244,614740,202456,1.27,209500,510024,216
cloud-k3s-pool-workers-worker6,1,2026-06-06 08:37:00 UTC,15052384,15463940,163748,1.02,49244,614752,202456,1.27,209500,510024,228
cloud-k3s-pool-workers-worker6,1,2026-06-06 08:37:01 UTC,15052384,15464000,163736,1.02,49244,614764,202456,1.27,209500,510084,240
cloud-k3s-pool-workers-worker6,1,2026-06-06 08:37:02 UTC,15052384,15464000,163728,1.02,49244,614772,202456,1.27,209500,510084,252
cloud-k3s-pool-workers-worker6,1,2026-06-06 08:37:03 UTC,15052384,15464000,163716,1.02,49252,614776,202456,1.27,209500,510084,268
cloud-k3s-pool-workers-worker6,1,2026-06-06 08:37:04 UTC,15052384,15464000,163700,1.02,49252,614792,202456,1.27,209500,510084,28
cloud-k3s-pool-workers-worker6,1,2026-06-06 08:37:05 UTC,15052384,15464000,163688,1.02,49252,614804,202456,1.27,209500,510084,40
cloud-k3s-pool-workers-worker6,1,2026-06-06 08:37:06 UTC,15052384,15464000,163680,1.02,49252,614812,202456,1.27,209500,510084,48
cloud-k3s-pool-workers-worker6,1,2026-06-06 08:37:07 UTC,15052384,15464060,163668,1.02,49252,614824,202456,1.27,209500,510144,60
cloud-k3s-pool-workers-worker6,1,2026-06-06 08:37:08 UTC,15052384,15464060,163660,1.02,49252,614832,203816,1.28,210280,510144,224
cloud-k3s-pool-workers-worker6,1,2026-06-06 08:37:09 UTC,15052384,15464088,163648,1.02,49252,614844,203816,1.28,210540,510172,16
cloud-k3s-pool-workers-worker6,1,2026-06-06 08:37:10 UTC,15052384,15464088,163632,1.02,49260,614852,203816,1.28,210540,510172,56
cloud-k3s-pool-workers-worker6,1,2026-06-06 08:37:11 UTC,15052384,15464088,163620,1.02,49260,614864,203816,1.28,210540,510172,68
cloud-k3s-pool-workers-worker6,1,2026-06-06 08:37:12 UTC,15052384,15464088,163608,1.02,49260,614876,203816,1.28,210540,510172,84
cloud-k3s-pool-workers-worker6,1,2026-06-06 08:37:13 UTC,15052384,15464152,163596,1.02,49260,614884,203816,1.28,210540,510232,248
cloud-k3s-pool-workers-worker6,1,2026-06-06 08:37:14 UTC,15052384,15464152,163584,1.02,49260,614896,203816,1.28,210540,510232,260
cloud-k3s-pool-workers-worker6,1,2026-06-06 08:37:15 UTC,15052384,15464152,163576,1.02,49260,614904,203816,1.28,210544,510232,172
cloud-k3s-pool-workers-worker6,1,2026-06-06 08:37:16 UTC,15052384,15464164,163556,1.02,49268,614916,202456,1.27,209504,510244,276
cloud-k3s-pool-workers-worker6,1,2026-06-06 08:37:17 UTC,15052384,15464164,163548,1.02,49268,614924,202456,1.27,209504,510244,276
cloud-k3s-pool-workers-worker6,1,2026-06-06 08:37:18 UTC,15052384,15464164,163536,1.02,49268,614936,202456,1.27,209504,510244,72
cloud-k3s-pool-workers-worker6,1,2026-06-06 08:37:19 UTC,15052384,15464224,163528,1.02,49268,614944,202456,1.27,209504,510304,80
cloud-k3s-pool-workers-worker6,1,2026-06-06 08:37:20 UTC,15052384,15464224,163516,1.02,49268,614956,202456,1.27,209504,510304,92
cloud-k3s-pool-workers-worker6,1,2026-06-06 08:37:21 UTC,15052384,15464224,163508,1.02,49268,614964,202456,1.27,209504,510304,104
cloud-k3s-pool-workers-worker6,1,2026-06-06 08:37:22 UTC,15052384,15464224,163488,1.02,49276,614976,202456,1.27,209504,510304,60
cloud-k3s-pool-workers-worker6,1,2026-06-06 08:37:23 UTC,15052384,15464224,163480,1.02,49276,614984,202456,1.27,209504,510304,68
cloud-k3s-pool-workers-worker6,1,2026-06-06 08:37:24 UTC,15052384,15464224,163468,1.02,49276,614996,202456,1.27,209504,510304,80
cloud-k3s-pool-workers-worker6,1,2026-06-06 08:37:25 UTC,15052384,15464284,163456,1.02,49276,615008,202456,1.27,209504,510364,92
cloud-k3s-pool-workers-worker6,1,2026-06-06 08:37:26 UTC,15052384,15464284,163448,1.02,49276,615016,202456,1.27,209504,510364,100
cloud-k3s-pool-workers-worker6,1,2026-06-06 08:37:27 UTC,15052384,15464284,163436,1.02,49284,615020,202456,1.27,209504,510364,116
cloud-k3s-pool-workers-worker6,1,2026-06-06 08:37:28 UTC,15052384,15464284,163420,1.02,49284,615036,202456,1.27,209504,510364,208
cloud-k3s-pool-workers-worker6,1,2026-06-06 08:37:29 UTC,15052384,15464284,163404,1.02,49284,615048,202456,1.27,209504,510364,220
cloud-k3s-pool-workers-worker6,1,2026-06-06 08:37:30 UTC,15052384,15464284,163396,1.02,49284,615056,202456,1.27,209504,510364,228
cloud-k3s-pool-workers-worker6,1,2026-06-06 08:37:31 UTC,15052384,15464344,163384,1.02,49284,615068,202456,1.27,209504,510424,240
cloud-k3s-pool-workers-worker6,1,2026-06-06 08:37:32 UTC,15052384,15464344,163376,1.02,49292,615068,202456,1.27,209504,510424,252
cloud-k3s-pool-workers-worker6,1,2026-06-06 08:37:33 UTC,15052384,15464352,163356,1.02,49292,615088,202456,1.27,209504,510432,20
cloud-k3s-pool-workers-worker6,1,2026-06-06 08:37:34 UTC,15052384,15464352,163348,1.02,49292,615096,202456,1.27,209504,510432,28
cloud-k3s-pool-workers-worker6,1,2026-06-06 08:37:35 UTC,15052384,15464352,163336,1.02,49292,615108,202456,1.27,209504,510432,40
cloud-k3s-pool-workers-worker6,1,2026-06-06 08:37:36 UTC,15052384,15464352,163324,1.02,49292,615120,202456,1.27,209504,510432,52
cloud-k3s-pool-workers-worker6,1,2026-06-06 08:37:37 UTC,15052384,15464412,163316,1.02,49316,615104,202456,1.27,209504,510492,60
cloud-k3s-pool-workers-worker6,1,2026-06-06 08:37:38 UTC,15052384,15464440,163280,1.02,49316,615140,203816,1.28,210516,510520,84
cloud-k3s-pool-workers-worker6,1,2026-06-06 08:37:39 UTC,15052132,15464208,163520,1.02,49316,615148,205908,1.29,211172,510540,36
cloud-k3s-pool-workers-worker6,1,2026-06-06 08:37:40 UTC,15052132,15464208,163508,1.02,49316,615160,205908,1.29,211172,510540,228
cloud-k3s-pool-workers-worker6,1,2026-06-06 08:37:41 UTC,15052132,15464208,163500,1.02,49316,615168,205908,1.29,211172,510540,236
cloud-k3s-pool-workers-worker6,1,2026-06-06 08:37:42 UTC,15052132,15464268,163484,1.02,49316,615184,204548,1.28,210132,510600,256
cloud-k3s-pool-workers-worker6,1,2026-06-06 08:37:43 UTC,15055012,15467156,160596,1.00,49324,615192,201096,1.26,208368,510608,388
cloud-k3s-pool-workers-worker6,1,2026-06-06 08:37:44 UTC,15055012,15467160,160580,1.00,49324,615204,201096,1.26,208368,510608,140
cloud-k3s-pool-workers-worker6,1,2026-06-06 08:37:45 UTC,15055012,15467160,160572,1.00,49324,615212,201096,1.26,208368,510608,152
cloud-k3s-pool-workers-worker6,1,2026-06-06 08:37:46 UTC,15055012,15467160,160560,1.00,49324,615224,201096,1.26,208392,510608,56
cloud-k3s-pool-workers-worker6,1,2026-06-06 08:37:47 UTC,15055012,15467160,160552,1.00,49324,615232,201096,1.26,208392,510608,68
cloud-k3s-pool-workers-worker6,1,2026-06-06 08:37:48 UTC,15055012,15467228,160532,1.00,49332,615244,201096,1.26,208392,510676,204
cloud-k3s-pool-workers-worker6,1,2026-06-06 08:37:49 UTC,15055012,15467228,160520,1.00,49332,615256,201096,1.26,208392,510676,216
cloud-k3s-pool-workers-worker6,1,2026-06-06 08:37:50 UTC,15055012,15467228,160512,1.00,49332,615264,201096,1.26,208392,510676,224
cloud-k3s-pool-workers-worker6,1,2026-06-06 08:37:51 UTC,15055012,15467228,160500,1.00,49332,615276,201096,1.26,208392,510676,240
cloud-k3s-pool-workers-worker6,1,2026-06-06 08:37:52 UTC,15055012,15467228,160492,1.00,49332,615284,201096,1.26,208392,510676,184
cloud-k3s-pool-workers-worker6,1,2026-06-06 08:37:53 UTC,15055012,15467228,160480,1.00,49340,615288,201096,1.26,208392,510676,212
cloud-k3s-pool-workers-worker6,1,2026-06-06 08:37:54 UTC,15055012,15467288,160472,1.00,49340,615296,201096,1.26,208392,510736,220
cloud-k3s-pool-workers-worker6,1,2026-06-06 08:37:55 UTC,15055012,15467296,160452,1.00,49340,615316,201096,1.26,208392,510744,84
cloud-k3s-pool-workers-worker6,1,2026-06-06 08:37:56 UTC,15055012,15467296,160444,1.00,49340,615324,201096,1.26,208392,510744,92
cloud-k3s-pool-workers-worker6,1,2026-06-06 08:37:57 UTC,15055012,15467296,160432,1.00,49340,615336,201096,1.26,208392,510744,48
cloud-k3s-pool-workers-worker6,1,2026-06-06 08:37:58 UTC,15055012,15467304,160416,1.00,49348,615344,201096,1.26,208392,510752,56
cloud-k3s-pool-workers-worker6,1,2026-06-06 08:37:59 UTC,15055012,15467304,160400,1.00,49348,615356,201096,1.26,208392,510752,40
cloud-k3s-pool-workers-worker6,1,2026-06-06 08:38:00 UTC,15055012,15467364,160388,1.00,49348,615368,201096,1.26,208392,510812,52
cloud-k3s-pool-workers-worker6,1,2026-06-06 08:38:01 UTC,15055012,15467364,160380,1.00,49348,615376,201096,1.26,208392,510812,60
cloud-k3s-pool-workers-worker6,1,2026-06-06 08:38:02 UTC,15055012,15467364,160368,1.00,49348,615388,201096,1.26,208392,510812,72
cloud-k3s-pool-workers-worker6,1,2026-06-06 08:38:03 UTC,15055012,15467364,160360,1.00,49348,615396,201096,1.26,208392,510812,84
cloud-k3s-pool-workers-worker6,1,2026-06-06 08:38:04 UTC,15055012,15467364,160340,1.00,49356,615408,201096,1.26,208392,510812,212
cloud-k3s-pool-workers-worker6,1,2026-06-06 08:38:05 UTC,15055012,15467364,160332,1.00,49356,615416,201096,1.26,208392,510812,220
cloud-k3s-pool-workers-worker6,1,2026-06-06 08:38:06 UTC,15055012,15467424,160320,1.00,49356,615428,201096,1.26,208392,510872,232
cloud-k3s-pool-workers-worker6,1,2026-06-06 08:38:07 UTC,15055012,15467424,160312,1.00,49356,615436,201096,1.26,208392,510872,244
cloud-k3s-pool-workers-worker6,1,2026-06-06 08:38:08 UTC,15053764,15466184,161540,1.01,49356,615448,204280,1.28,209968,510880,172
cloud-k3s-pool-workers-worker6,1,2026-06-06 08:38:09 UTC,15053764,15466184,161532,1.01,49356,615456,204280,1.28,209968,510880,156
cloud-k3s-pool-workers-worker6,1,2026-06-06 08:38:10 UTC,15053764,15466184,161512,1.01,49364,615468,204280,1.28,209968,510880,200
cloud-k3s-pool-workers-worker6,1,2026-06-06 08:38:11 UTC,15053764,15466184,161504,1.01,49364,615476,204280,1.28,209968,510880,232
cloud-k3s-pool-workers-worker6,1,2026-06-06 08:38:12 UTC,15057612,15470092,157640,0.99,49364,615492,201096,1.26,208376,510940,352
cloud-k3s-pool-workers-worker6,1,2026-06-06 08:38:13 UTC,15057612,15470092,157628,0.99,49364,615504,201096,1.26,208372,510940,92
cloud-k3s-pool-workers-worker6,1,2026-06-06 08:38:14 UTC,15057612,15470096,157616,0.99,49364,615512,201096,1.26,208372,510940,100
cloud-k3s-pool-workers-worker6,1,2026-06-06 08:38:15 UTC,15057360,15469844,157856,0.99,49364,615524,201096,1.26,208372,510940,20
cloud-k3s-pool-workers-worker6,1,2026-06-06 08:38:16 UTC,15057360,15469844,157848,0.99,49372,615524,201096,1.26,208372,510940,28
cloud-k3s-pool-workers-worker6,1,2026-06-06 08:38:17 UTC,15057360,15469920,157828,0.99,49372,615544,201096,1.26,208372,511016,92
cloud-k3s-pool-workers-worker6,1,2026-06-06 08:38:18 UTC,15057360,15469920,157820,0.99,49372,615552,201096,1.26,208372,511016,260
cloud-k3s-pool-workers-worker6,1,2026-06-06 08:38:19 UTC,15057360,15469920,157808,0.99,49372,615564,201096,1.26,208372,511016,272
cloud-k3s-pool-workers-worker6,1,2026-06-06 08:38:20 UTC,15057360,15469920,157800,0.99,49372,615572,201096,1.26,208372,511016,280
cloud-k3s-pool-workers-worker6,1,2026-06-06 08:38:21 UTC,15057360,15469920,157788,0.99,49372,615584,201096,1.26,208372,511016,180
cloud-k3s-pool-workers-worker6,1,2026-06-06 08:38:22 UTC,15057360,15469920,157772,0.99,49380,615592,201096,1.26,208372,511016,216
cloud-k3s-pool-workers-worker6,1,2026-06-06 08:38:23 UTC,15057360,15469980,157760,0.99,49380,615604,201096,1.26,208372,511076,64
cloud-k3s-pool-workers-worker6,1,2026-06-06 08:38:24 UTC,15057360,15469980,157748,0.99,49380,615616,201096,1.26,208372,511076,76
cloud-k3s-pool-workers-worker6,1,2026-06-06 08:38:25 UTC,15057360,15469980,157740,0.99,49380,615624,201096,1.26,208372,511076,84
cloud-k3s-pool-workers-worker6,1,2026-06-06 08:38:26 UTC,15057360,15469980,157728,0.99,49380,615636,201096,1.26,208372,511076,96
cloud-k3s-pool-workers-worker6,1,2026-06-06 08:38:27 UTC,15057360,15469980,157720,0.99,49388,615636,201096,1.26,208372,511076,16
cloud-k3s-pool-workers-worker6,1,2026-06-06 08:38:28 UTC,15057360,15469980,157700,0.99,49388,615656,201096,1.26,208372,511076,52
cloud-k3s-pool-workers-worker6,1,2026-06-06 08:38:29 UTC,15057360,15470040,157672,0.99,49388,615664,201096,1.26,208372,511136,60
cloud-k3s-pool-workers-worker6,1,2026-06-06 08:38:30 UTC,15057360,15470040,157660,0.99,49388,615676,201096,1.26,208372,511136,72
cloud-k3s-pool-workers-worker6,1,2026-06-06 08:38:31 UTC,15057360,15470040,157652,0.99,49388,615684,201096,1.26,208372,511136,80
cloud-k3s-pool-workers-worker6,1,2026-06-06 08:38:32 UTC,15057360,15470040,157632,0.99,49396,615696,201096,1.26,208372,511136,164
cloud-k3s-pool-workers-worker6,1,2026-06-06 08:38:33 UTC,15057360,15470040,157624,0.99,49396,615704,201096,1.26,208372,511136,176
cloud-k3s-pool-workers-worker6,1,2026-06-06 08:38:34 UTC,15057360,15470064,157612,0.99,49396,615716,202456,1.27,209388,511160,184
cloud-k3s-pool-workers-worker6,1,2026-06-06 08:38:35 UTC,15057360,15470124,157604,0.99,49396,615724,202456,1.27,209448,511220,192
cloud-k3s-pool-workers-worker6,1,2026-06-06 08:38:36 UTC,15057360,15470124,157592,0.99,49396,615736,202456,1.27,209448,511220,204
cloud-k3s-pool-workers-worker6,1,2026-06-06 08:38:37 UTC,15057360,15470124,157572,0.99,49404,615748,202456,1.27,209448,511220,232
cloud-k3s-pool-workers-worker6,1,2026-06-06 08:38:38 UTC,15057360,15470124,157564,0.99,49404,615756,202456,1.27,209448,511220,240
cloud-k3s-pool-workers-worker6,1,2026-06-06 08:38:39 UTC,15054868,15467640,160040,1.00,49404,615768,205432,1.29,210632,511228,32
cloud-k3s-pool-workers-worker6,1,2026-06-06 08:38:40 UTC,15054644,15467416,160256,1.00,49404,615776,204544,1.28,210056,511228,216
cloud-k3s-pool-workers-worker6,1,2026-06-06 08:38:41 UTC,15054644,15467476,160244,1.00,49404,615788,204544,1.28,210056,511288,228
cloud-k3s-pool-workers-worker6,1,2026-06-06 08:38:42 UTC,15054396,15467228,160464,1.00,49412,615796,203184,1.27,209008,511288,260
cloud-k3s-pool-workers-worker6,1,2026-06-06 08:38:43 UTC,15056568,15469400,158276,0.99,49412,615812,203184,1.27,209000,511288,68
cloud-k3s-pool-workers-worker6,1,2026-06-06 08:38:44 UTC,15056316,15469160,158532,0.99,49412,615820,199736,1.25,207272,511300,140
cloud-k3s-pool-workers-worker6,1,2026-06-06 08:38:45 UTC,15056316,15469164,158516,0.99,49412,615832,199736,1.25,207272,511300,156
cloud-k3s-pool-workers-worker6,1,2026-06-06 08:38:46 UTC,15056316,15469164,158508,0.99,49412,615840,199736,1.25,207272,511300,164
cloud-k3s-pool-workers-worker6,1,2026-06-06 08:38:47 UTC,15056316,15469224,158488,0.99,49420,615852,199736,1.25,207272,511360,216
cloud-k3s-pool-workers-worker6,1,2026-06-06 08:38:48 UTC,15056316,15469224,158476,0.99,49420,615864,199736,1.25,207272,511360,316
cloud-k3s-pool-workers-worker6,1,2026-06-06 08:38:49 UTC,15056316,15469224,158468,0.99,49420,615872,199736,1.25,207272,511360,100
cloud-k3s-pool-workers-worker6,1,2026-06-06 08:38:50 UTC,15056316,15469232,158456,0.99,49420,615884,201096,1.26,208280,511368,112
cloud-k3s-pool-workers-worker6,1,2026-06-06 08:38:51 UTC,15056316,15469232,158448,0.99,49420,615892,202588,1.27,208380,511368,56
cloud-k3s-pool-workers-worker6,1,2026-06-06 08:38:52 UTC,15056316,15469240,158428,0.99,49428,615904,203188,1.27,208936,511376,36
cloud-k3s-pool-workers-worker6,1,2026-06-06 08:38:53 UTC,15056316,15469300,158420,0.99,49428,615912,203188,1.27,208936,511436,300
cloud-k3s-pool-workers-worker6,1,2026-06-06 08:38:54 UTC,15056316,15469300,158408,0.99,49428,615924,203188,1.27,208936,511436,312
cloud-k3s-pool-workers-worker6,1,2026-06-06 08:38:55 UTC,15056316,15469300,158400,0.99,49428,615932,203188,1.27,208936,511436,320
cloud-k3s-pool-workers-worker6,1,2026-06-06 08:38:56 UTC,15056316,15469300,158388,0.99,49428,615944,199736,1.25,207376,511436,372
cloud-k3s-pool-workers-worker6,1,2026-06-06 08:38:57 UTC,15056316,15469300,158376,0.99,49436,615952,199736,1.25,207248,511436,352
cloud-k3s-pool-workers-worker6,1,2026-06-06 08:38:58 UTC,15056316,15469300,158364,0.99,49436,615964,199736,1.25,207248,511436,108
cloud-k3s-pool-workers-worker6,1,2026-06-06 08:38:59 UTC,15056316,15469360,158352,0.99,49436,615976,199736,1.25,207272,511496,68
cloud-k3s-pool-workers-worker6,1,2026-06-06 08:39:00 UTC,15056316,15469360,158340,0.99,49436,615984,199736,1.25,207272,511496,76
cloud-k3s-pool-workers-worker6,1,2026-06-06 08:39:01 UTC,15056316,15469360,158328,0.99,49436,615996,199736,1.25,207272,511496,88
cloud-k3s-pool-workers-worker6,1,2026-06-06 08:39:02 UTC,15056316,15469396,158320,0.99,49444,615996,199736,1.25,207272,511532,36
cloud-k3s-pool-workers-worker6,1,2026-06-06 08:39:03 UTC,15056316,15469408,158300,0.99,49444,616016,199736,1.25,207272,511544,20
cloud-k3s-pool-workers-worker6,1,2026-06-06 08:39:04 UTC,15056316,15469408,158292,0.99,49444,616024,199736,1.25,207272,511544,28
cloud-k3s-pool-workers-worker6,1,2026-06-06 08:39:05 UTC,15056316,15469408,158280,0.99,49444,616036,199736,1.25,207272,511544,40
cloud-k3s-pool-workers-worker6,1,2026-06-06 08:39:06 UTC,15056316,15469408,158272,0.99,49444,616044,199736,1.25,207272,511544,48
cloud-k3s-pool-workers-worker6,1,2026-06-06 08:39:07 UTC,15056316,15469408,158252,0.99,49452,616056,199736,1.25,207272,511544,72
cloud-k3s-pool-workers-worker6,1,2026-06-06 08:39:08 UTC,15056316,15469408,158244,0.99,49452,616064,199736,1.25,207272,511544,80
cloud-k3s-pool-workers-worker6,1,2026-06-06 08:39:09 UTC,15056316,15469468,158232,0.99,49452,616076,199736,1.25,207272,511604,188
cloud-k3s-pool-workers-worker6,1,2026-06-06 08:39:10 UTC,15056316,15469468,158224,0.99,49452,616084,199736,1.25,207272,511604,196
cloud-k3s-pool-workers-worker6,1,2026-06-06 08:39:11 UTC,15056316,15469468,158212,0.99,49452,616096,199736,1.25,207272,511604,208
cloud-k3s-pool-workers-worker6,1,2026-06-06 08:39:12 UTC,15056316,15469468,158192,0.99,49460,616108,199736,1.25,207272,511604,236
cloud-k3s-pool-workers-worker6,1,2026-06-06 08:39:13 UTC,15056316,15469468,158184,0.99,49460,616116,199736,1.25,207272,511604,60
cloud-k3s-pool-workers-worker6,1,2026-06-06 08:39:14 UTC,15056316,15469468,158172,0.99,49460,616128,199736,1.25,207272,511604,72
cloud-k3s-pool-workers-worker6,1,2026-06-06 08:39:15 UTC,15056316,15469532,158160,0.99,49460,616136,199736,1.25,207272,511664,16
cloud-k3s-pool-workers-worker6,1,2026-06-06 08:39:16 UTC,15056316,15469532,158148,0.99,49460,616148,199736,1.25,207272,511664,28
cloud-k3s-pool-workers-worker6,1,2026-06-06 08:39:17 UTC,15056316,15469532,158132,0.99,49468,616156,199736,1.25,207272,511664,60
cloud-k3s-pool-workers-worker6,1,2026-06-06 08:39:18 UTC,15056316,15469532,158120,0.99,49468,616168,199736,1.25,207272,511664,72
cloud-k3s-pool-workers-worker6,1,2026-06-06 08:39:19 UTC,15056316,15469532,158112,0.99,49468,616176,199736,1.25,207272,511664,76
cloud-k3s-pool-workers-worker6,1,2026-06-06 08:39:20 UTC,15056316,15469532,158100,0.99,49468,616188,199736,1.25,207272,511664,88
cloud-k3s-pool-workers-worker6,1,2026-06-06 08:39:21 UTC,15056316,15469592,158092,0.99,49468,616196,199736,1.25,207272,511724,36
cloud-k3s-pool-workers-worker6,1,2026-06-06 08:39:22 UTC,15056316,15469592,158072,0.99,49476,616208,199736,1.25,207272,511724,52
cloud-k3s-pool-workers-worker6,1,2026-06-06 08:39:23 UTC,15056316,15469592,158060,0.99,49476,616220,199736,1.25,207272,511724,200
cloud-k3s-pool-workers-worker6,1,2026-06-06 08:39:24 UTC,15056316,15469592,158052,0.99,49476,616228,199736,1.25,207272,511724,208
cloud-k3s-pool-workers-worker6,1,2026-06-06 08:39:25 UTC,15056316,15469592,158040,0.99,49476,616240,199736,1.25,207272,511724,220
cloud-k3s-pool-workers-worker6,1,2026-06-06 08:39:26 UTC,15056316,15469592,158032,0.99,49476,616248,199736,1.25,207272,511724,228
cloud-k3s-pool-workers-worker6,1,2026-06-06 08:39:27 UTC,15056316,15469652,158012,0.99,49484,616260,199736,1.25,207272,511784,204
cloud-k3s-pool-workers-worker6,1,2026-06-06 08:39:28 UTC,15056316,15469652,158004,0.99,49484,616268,199736,1.25,207272,511784,52
cloud-k3s-pool-workers-worker6,1,2026-06-06 08:39:29 UTC,15056316,15469652,157992,0.99,49484,616280,199736,1.25,207272,511784,64
cloud-k3s-pool-workers-worker6,1,2026-06-06 08:39:30 UTC,15056316,15469652,157984,0.99,49484,616288,199736,1.25,207272,511784,72
cloud-k3s-pool-workers-worker6,1,2026-06-06 08:39:31 UTC,15056316,15469652,157968,0.99,49484,616300,199736,1.25,207272,511784,84
cloud-k3s-pool-workers-worker6,1,2026-06-06 08:39:32 UTC,15056316,15469712,157952,0.99,49492,616308,199736,1.25,207272,511844,100
cloud-k3s-pool-workers-worker6,1,2026-06-06 08:39:33 UTC,15056316,15469772,157940,0.99,49492,616320,199736,1.25,207272,511904,20
cloud-k3s-pool-workers-worker6,1,2026-06-06 08:39:34 UTC,15056316,15469772,157932,0.99,49492,616328,199736,1.25,207272,511904,28
cloud-k3s-pool-workers-worker6,1,2026-06-06 08:39:35 UTC,15056316,15469772,157920,0.99,49492,616340,199736,1.25,207272,511904,40
cloud-k3s-pool-workers-worker6,1,2026-06-06 08:39:36 UTC,15056316,15469772,157908,0.99,49492,616352,199736,1.25,207272,511904,52
cloud-k3s-pool-workers-worker6,1,2026-06-06 08:39:37 UTC,15056316,15469772,157892,0.99,49500,616360,199736,1.25,207272,511904,72
cloud-k3s-pool-workers-worker6,1,2026-06-06 08:39:38 UTC,15056316,15469772,157880,0.99,49500,616372,199736,1.25,207272,511904,176
cloud-k3s-pool-workers-worker6,1,2026-06-06 08:39:39 UTC,15056316,15469832,157872,0.99,49500,616380,199736,1.25,207272,511964,184
cloud-k3s-pool-workers-worker6,1,2026-06-06 08:39:40 UTC,15056316,15469832,157860,0.99,49500,616392,199736,1.25,207272,511964,196
cloud-k3s-pool-workers-worker6,1,2026-06-06 08:39:41 UTC,15056316,15469844,157852,0.99,49500,616400,202712,1.27,208340,511976,204
cloud-k3s-pool-workers-worker6,1,2026-06-06 08:39:42 UTC,15056316,15469844,157832,0.99,49508,616412,206036,1.29,209684,511976,248
cloud-k3s-pool-workers-worker6,1,2026-06-06 08:39:43 UTC,15056316,15469844,157824,0.99,49508,616420,206036,1.29,210240,511976,96
cloud-k3s-pool-workers-worker6,1,2026-06-06 08:39:44 UTC,15056316,15469844,157812,0.99,49508,616432,202716,1.27,208680,511976,216
cloud-k3s-pool-workers-worker6,1,2026-06-06 08:39:45 UTC,15056316,15469912,157804,0.99,49508,616440,203188,1.27,208928,512044,228
cloud-k3s-pool-workers-worker6,1,2026-06-06 08:39:46 UTC,15056316,15469916,157788,0.99,49508,616452,203188,1.27,208928,512044,240
cloud-k3s-pool-workers-worker6,1,2026-06-06 08:39:47 UTC,15056316,15469916,157776,0.99,49516,616456,203188,1.27,208928,512044,260
cloud-k3s-pool-workers-worker6,1,2026-06-06 08:39:48 UTC,15056576,15470176,157500,0.99,49516,616472,199736,1.25,207284,512044,400
cloud-k3s-pool-workers-worker6,1,2026-06-06 08:39:49 UTC,15056648,15470248,157420,0.98,49516,616484,199736,1.25,207236,512044,152
cloud-k3s-pool-workers-worker6,1,2026-06-06 08:39:50 UTC,15056648,15470304,157412,0.98,49516,616492,199736,1.25,207236,512100,44
cloud-k3s-pool-workers-worker6,1,2026-06-06 08:39:51 UTC,15056648,15470304,157400,0.98,49516,616504,199736,1.25,207236,512100,60
cloud-k3s-pool-workers-worker6,1,2026-06-06 08:39:52 UTC,15055672,15469336,158356,0.99,49524,616512,203188,1.27,208604,512108,344
cloud-k3s-pool-workers-worker6,1,2026-06-06 08:39:53 UTC,15055672,15469336,158344,0.99,49524,616524,203188,1.27,208964,512108,312
cloud-k3s-pool-workers-worker6,1,2026-06-06 08:39:54 UTC,15055672,15469336,158336,0.99,49524,616532,203188,1.27,208964,512108,60
cloud-k3s-pool-workers-worker6,1,2026-06-06 08:39:55 UTC,15055672,15469336,158324,0.99,49524,616544,203188,1.27,208964,512108,196
cloud-k3s-pool-workers-worker6,1,2026-06-06 08:39:56 UTC,15055672,15469404,158312,0.99,49524,616556,199736,1.25,207316,512176,232
cloud-k3s-pool-workers-worker6,1,2026-06-06 08:39:57 UTC,15055672,15469404,158304,0.99,49532,616560,199736,1.25,207272,512176,172
cloud-k3s-pool-workers-worker6,1,2026-06-06 08:39:58 UTC,15055672,15469404,158296,0.99,49532,616568,199736,1.25,207272,512176,180
cloud-k3s-pool-workers-worker6,1,2026-06-06 08:39:59 UTC,15055672,15469404,158276,0.99,49532,616588,199736,1.25,207272,512176,308
cloud-k3s-pool-workers-worker6,1,2026-06-06 08:40:00 UTC,15055672,15469404,158264,0.99,49532,616600,199736,1.25,207272,512176,320
cloud-k3s-pool-workers-worker6,1,2026-06-06 08:40:01 UTC,15055672,15469404,158252,0.99,49532,616608,199736,1.25,207272,512176,92
cloud-k3s-pool-workers-worker6,1,2026-06-06 08:40:02 UTC,15055672,15469464,158232,0.99,49540,616620,201096,1.26,208052,512236,116
cloud-k3s-pool-workers-worker6,1,2026-06-06 08:40:03 UTC,15055672,15469464,158224,0.99,49540,616628,201096,1.26,208364,512236,176
cloud-k3s-pool-workers-worker6,1,2026-06-06 08:40:04 UTC,15055672,15469492,158212,0.99,49540,616640,202588,1.27,208576,512264,188
cloud-k3s-pool-workers-worker6,1,2026-06-06 08:40:05 UTC,15053408,15467228,160468,1.00,49540,616648,202588,1.27,208632,512264,196
cloud-k3s-pool-workers-worker6,1,2026-06-06 08:40:06 UTC,15053408,15467236,160416,1.00,49540,616664,202588,1.27,208636,512272,208
cloud-k3s-pool-workers-worker6,1,2026-06-06 08:40:07 UTC,15053408,15467236,160400,1.00,49548,616668,202588,1.27,208632,512272,80
cloud-k3s-pool-workers-worker6,1,2026-06-06 08:40:08 UTC,15053408,15467236,160388,1.00,49548,616680,202588,1.27,208632,512272,20
cloud-k3s-pool-workers-worker6,1,2026-06-06 08:40:09 UTC,15053408,15467236,160380,1.00,49548,616688,202588,1.27,208632,512272,32
cloud-k3s-pool-workers-worker6,1,2026-06-06 08:40:10 UTC,15053408,15467280,160368,1.00,49548,616700,202588,1.27,208648,512316,44
cloud-k3s-pool-workers-worker6,1,2026-06-06 08:40:11 UTC,15053408,15467300,160356,1.00,49548,616712,202588,1.27,208648,512336,52
cloud-k3s-pool-workers-worker6,1,2026-06-06 08:40:12 UTC,15053408,15467308,160340,1.00,49556,616720,202588,1.27,208648,512344,44
cloud-k3s-pool-workers-worker6,1,2026-06-06 08:40:13 UTC,15053408,15467308,160328,1.00,49556,616732,202588,1.27,208648,512344,228
cloud-k3s-pool-workers-worker6,1,2026-06-06 08:40:14 UTC,15053408,15467308,160320,1.00,49556,616740,202588,1.27,208648,512344,68
cloud-k3s-pool-workers-worker6,1,2026-06-06 08:40:15 UTC,15053408,15467308,160308,1.00,49556,616752,202588,1.27,208648,512344,20
cloud-k3s-pool-workers-worker6,1,2026-06-06 08:40:16 UTC,15053408,15467312,160296,1.00,49556,616760,202588,1.27,208648,512344,28
cloud-k3s-pool-workers-worker6,1,2026-06-06 08:40:17 UTC,15053408,15467364,160276,1.00,49564,616772,202588,1.27,208648,512396,60
cloud-k3s-pool-workers-worker6,1,2026-06-06 08:40:18 UTC,15053408,15467364,160268,1.00,49564,616780,202588,1.27,208648,512396,228
cloud-k3s-pool-workers-worker6,1,2026-06-06 08:40:19 UTC,15053408,15467364,160256,1.00,49564,616792,202588,1.27,208648,512396,240
cloud-k3s-pool-workers-worker6,1,2026-06-06 08:40:20 UTC,15053408,15467364,160248,1.00,49564,616800,202588,1.27,208648,512396,248
cloud-k3s-pool-workers-worker6,1,2026-06-06 08:40:21 UTC,15053408,15467364,160236,1.00,49564,616812,202588,1.27,208648,512396,200
cloud-k3s-pool-workers-worker6,1,2026-06-06 08:40:22 UTC,15053408,15467364,160220,1.00,49572,616820,202588,1.27,208648,512396,208
cloud-k3s-pool-workers-worker6,1,2026-06-06 08:40:23 UTC,15053408,15467424,160204,1.00,49572,616836,202588,1.27,208648,512456,220
cloud-k3s-pool-workers-worker6,1,2026-06-06 08:40:24 UTC,15053408,15467424,160192,1.00,49572,616848,202588,1.27,208648,512456,232
cloud-k3s-pool-workers-worker6,1,2026-06-06 08:40:25 UTC,15053408,15467424,160184,1.00,49572,616856,202588,1.27,208648,512456,64
cloud-k3s-pool-workers-worker6,1,2026-06-06 08:40:26 UTC,15053408,15467424,160172,1.00,49572,616868,202588,1.27,208648,512456,76
cloud-k3s-pool-workers-worker6,1,2026-06-06 08:40:27 UTC,15053408,15467424,160164,1.00,49580,616868,202588,1.27,208648,512456,20
cloud-k3s-pool-workers-worker6,1,2026-06-06 08:40:28 UTC,15053408,15467424,160152,1.00,49580,616880,202588,1.27,208648,512456,0
cloud-k3s-pool-workers-worker6,1,2026-06-06 08:40:29 UTC,15053408,15467484,160136,1.00,49580,616896,202588,1.27,208648,512516,56
cloud-k3s-pool-workers-worker6,1,2026-06-06 08:40:30 UTC,15053408,15467484,160124,1.00,49580,616908,202588,1.27,208648,512516,68
cloud-k3s-pool-workers-worker6,1,2026-06-06 08:40:31 UTC,15053408,15467484,160116,1.00,49580,616916,202588,1.27,208648,512516,76
cloud-k3s-pool-workers-worker6,1,2026-06-06 08:40:32 UTC,15053408,15467484,160100,1.00,49588,616920,202588,1.27,208648,512516,88
cloud-k3s-pool-workers-worker6,1,2026-06-06 08:40:33 UTC,15053408,15467484,160092,1.00,49588,616928,202588,1.27,208648,512516,100
cloud-k3s-pool-workers-worker6,1,2026-06-06 08:40:34 UTC,15053408,15467548,160072,1.00,49588,616948,202588,1.27,208648,512580,188
cloud-k3s-pool-workers-worker6,1,2026-06-06 08:40:35 UTC,15053408,15467608,160060,1.00,49588,616960,202588,1.27,208648,512640,200
cloud-k3s-pool-workers-worker6,1,2026-06-06 08:40:36 UTC,15053408,15467608,160052,1.00,49588,616968,202588,1.27,208648,512640,208
cloud-k3s-pool-workers-worker6,1,2026-06-06 08:40:37 UTC,15053408,15467608,160040,1.00,49588,616980,202588,1.27,208648,512640,220
cloud-k3s-pool-workers-worker6,1,2026-06-06 08:40:38 UTC,15053408,15467608,160032,1.00,49596,616980,202588,1.27,208648,512640,228
cloud-k3s-pool-workers-worker6,1,2026-06-06 08:40:39 UTC,15053408,15467616,160012,1.00,49596,617000,202588,1.27,208648,512648,36
cloud-k3s-pool-workers-worker6,1,2026-06-06 08:40:40 UTC,15053408,15467616,160004,1.00,49596,617008,202588,1.27,208648,512648,44
cloud-k3s-pool-workers-worker6,1,2026-06-06 08:40:41 UTC,15053408,15467676,159992,1.00,49596,617020,202588,1.27,208648,512708,56
cloud-k3s-pool-workers-worker6,1,2026-06-06 08:40:42 UTC,15053408,15467676,159984,1.00,49596,617028,202588,1.27,208648,512708,64
cloud-k3s-pool-workers-worker6,1,2026-06-06 08:40:43 UTC,15053408,15467676,159964,1.00,49604,617040,202588,1.27,208648,512708,88
cloud-k3s-pool-workers-worker6,1,2026-06-06 08:40:44 UTC,15053408,15467676,159956,1.00,49604,617048,202588,1.27,208648,512708,96
cloud-k3s-pool-workers-worker6,1,2026-06-06 08:40:45 UTC,15053408,15467676,159944,1.00,49604,617060,202588,1.27,208648,512708,48
cloud-k3s-pool-workers-worker6,1,2026-06-06 08:40:46 UTC,15053408,15467676,159936,1.00,49604,617068,202588,1.27,208648,512708,56
cloud-k3s-pool-workers-worker6,1,2026-06-06 08:40:47 UTC,15053408,15467740,159920,1.00,49604,617080,206040,1.29,209948,512768,68
cloud-k3s-pool-workers-worker6,1,2026-06-06 08:40:48 UTC,15053408,15467740,159908,1.00,49604,617092,206040,1.29,209948,512768,80
cloud-k3s-pool-workers-worker6,1,2026-06-06 08:40:49 UTC,15053408,15467748,159872,1.00,49612,617100,206040,1.29,210376,512776,364
cloud-k3s-pool-workers-worker6,1,2026-06-06 08:40:50 UTC,15053408,15467748,159860,1.00,49612,617112,202588,1.27,208816,512776,376
cloud-k3s-pool-workers-worker6,1,2026-06-06 08:40:51 UTC,15053408,15467756,159868,1.00,49612,617120,202588,1.27,208648,512784,332
cloud-k3s-pool-workers-worker6,1,2026-06-06 08:40:52 UTC,15053408,15467756,159856,1.00,49612,617132,202588,1.27,208648,512784,96
cloud-k3s-pool-workers-worker6,1,2026-06-06 08:40:53 UTC,15053408,15467816,159848,1.00,49612,617140,202588,1.27,208648,512844,76
cloud-k3s-pool-workers-worker6,1,2026-06-06 08:40:54 UTC,15053408,15467816,159836,1.00,49612,617152,202588,1.27,208648,512844,88
cloud-k3s-pool-workers-worker6,1,2026-06-06 08:40:55 UTC,15053408,15467824,159820,1.00,49620,617160,202588,1.27,208648,512852,92
cloud-k3s-pool-workers-worker6,1,2026-06-06 08:40:56 UTC,15053408,15467824,159808,1.00,49620,617172,202588,1.27,208648,512852,104
cloud-k3s-pool-workers-worker6,1,2026-06-06 08:40:57 UTC,15053408,15467824,159800,1.00,49620,617180,202588,1.27,208648,512852,116
cloud-k3s-pool-workers-worker6,1,2026-06-06 08:40:58 UTC,15053408,15467824,159788,1.00,49620,617192,202588,1.27,208648,512852,68
cloud-k3s-pool-workers-worker6,1,2026-06-06 08:40:59 UTC,15053408,15467884,159772,1.00,49620,617204,203948,1.28,209712,512912,80
cloud-k3s-pool-workers-worker6,1,2026-06-06 08:41:00 UTC,15053408,15467884,159764,1.00,49620,617212,203948,1.28,209712,512912,88
cloud-k3s-pool-workers-worker6,1,2026-06-06 08:41:01 UTC,15053408,15467884,159744,1.00,49628,617224,203948,1.28,209712,512912,84
cloud-k3s-pool-workers-worker6,1,2026-06-06 08:41:02 UTC,15053408,15467884,159732,1.00,49628,617232,203948,1.28,209712,512912,92
cloud-k3s-pool-workers-worker6,1,2026-06-06 08:41:03 UTC,15053408,15467884,159720,1.00,49628,617244,203948,1.28,209712,512912,108
cloud-k3s-pool-workers-worker6,1,2026-06-06 08:41:04 UTC,15053408,15467884,159712,1.00,49628,617252,202588,1.27,208672,512912,276
cloud-k3s-pool-workers-worker6,1,2026-06-06 08:41:05 UTC,15053184,15467728,159920,1.00,49628,617264,202588,1.27,208624,512980,292
cloud-k3s-pool-workers-worker6,1,2026-06-06 08:41:06 UTC,15053184,15467728,159912,1.00,49628,617272,202588,1.27,208624,512980,300
cloud-k3s-pool-workers-worker6,1,2026-06-06 08:41:07 UTC,15053184,15467728,159892,1.00,49636,617284,202588,1.27,208624,512980,316
cloud-k3s-pool-workers-worker6,1,2026-06-06 08:41:08 UTC,15053184,15467736,159884,1.00,49636,617292,202588,1.27,208624,512988,20
cloud-k3s-pool-workers-worker6,1,2026-06-06 08:41:09 UTC,15053184,15467736,159872,1.00,49636,617304,202588,1.27,208624,512988,52
cloud-k3s-pool-workers-worker6,1,2026-06-06 08:41:10 UTC,15053184,15467796,159860,1.00,49636,617316,202588,1.27,208624,513048,64
cloud-k3s-pool-workers-worker6,1,2026-06-06 08:41:11 UTC,15053184,15467796,159852,1.00,49636,617324,202588,1.27,208648,513048,64
cloud-k3s-pool-workers-worker6,1,2026-06-06 08:41:12 UTC,15053184,15467796,159840,1.00,49644,617328,202588,1.27,208648,513048,76
cloud-k3s-pool-workers-worker6,1,2026-06-06 08:41:13 UTC,15053184,15467796,159824,1.00,49644,617344,202588,1.27,208648,513048,220
cloud-k3s-pool-workers-worker6,1,2026-06-06 08:41:14 UTC,15053184,15467796,159812,1.00,49644,617356,202588,1.27,208648,513048,232
cloud-k3s-pool-workers-worker6,1,2026-06-06 08:41:15 UTC,15053184,15467796,159804,1.00,49644,617364,202588,1.27,208648,513048,176
cloud-k3s-pool-workers-worker6,1,2026-06-06 08:41:16 UTC,15053184,15467856,159792,1.00,49644,617376,202588,1.27,208648,513108,188
cloud-k3s-pool-workers-worker6,1,2026-06-06 08:41:17 UTC,15053184,15467872,159776,1.00,49652,617384,202588,1.27,208648,513124,52
cloud-k3s-pool-workers-worker6,1,2026-06-06 08:41:18 UTC,15053184,15467876,159760,1.00,49652,617396,202588,1.27,208648,513124,64
cloud-k3s-pool-workers-worker6,1,2026-06-06 08:41:19 UTC,15053184,15467876,159752,1.00,49652,617404,202588,1.27,208648,513124,80
cloud-k3s-pool-workers-worker6,1,2026-06-06 08:41:20 UTC,15053184,15467876,159740,1.00,49652,617416,202588,1.27,208648,513124,92
cloud-k3s-pool-workers-worker6,1,2026-06-06 08:41:21 UTC,15053184,15467876,159732,1.00,49652,617424,202588,1.27,208648,513124,104
cloud-k3s-pool-workers-worker6,1,2026-06-06 08:41:22 UTC,15053184,15467936,159712,1.00,49660,617436,202588,1.27,208648,513184,48
cloud-k3s-pool-workers-worker6,1,2026-06-06 08:41:23 UTC,15053184,15467936,159700,1.00,49660,617448,202588,1.27,208648,513184,224
cloud-k3s-pool-workers-worker6,1,2026-06-06 08:41:24 UTC,15053184,15467936,159692,1.00,49660,617456,202588,1.27,208648,513184,232
cloud-k3s-pool-workers-worker6,1,2026-06-06 08:41:25 UTC,15053184,15467936,159680,1.00,49660,617468,202588,1.27,208648,513184,84
cloud-k3s-pool-workers-worker6,1,2026-06-06 08:41:26 UTC,15053184,15467936,159672,1.00,49660,617476,202588,1.27,208648,513184,28
cloud-k3s-pool-workers-worker6,1,2026-06-06 08:41:27 UTC,15053184,15467936,159660,1.00,49668,617480,202588,1.27,208648,513184,44
cloud-k3s-pool-workers-worker6,1,2026-06-06 08:41:28 UTC,15053184,15467996,159652,1.00,49668,617488,202588,1.27,208648,513244,52
cloud-k3s-pool-workers-worker6,1,2026-06-06 08:41:29 UTC,15053184,15468012,159636,1.00,49668,617508,203948,1.28,209660,513260,196
cloud-k3s-pool-workers-worker6,1,2026-06-06 08:41:30 UTC,15053184,15468012,159624,1.00,49668,617516,203948,1.28,209720,513260,204
cloud-k3s-pool-workers-worker6,1,2026-06-06 08:41:31 UTC,15053184,15468012,159612,1.00,49668,617528,203948,1.28,209720,513260,216
cloud-k3s-pool-workers-worker6,1,2026-06-06 08:41:32 UTC,15053184,15468012,159604,1.00,49676,617528,203948,1.28,209720,513260,224
cloud-k3s-pool-workers-worker6,1,2026-06-06 08:41:33 UTC,15053184,15468012,159580,1.00,49676,617548,203948,1.28,209744,513260,44
cloud-k3s-pool-workers-worker6,1,2026-06-06 08:41:34 UTC,15052428,15467324,160284,1.00,49676,617560,207132,1.30,211080,513328,56
cloud-k3s-pool-workers-worker6,1,2026-06-06 08:41:35 UTC,15052176,15467072,160524,1.00,49676,617568,207132,1.30,211340,513328,204
cloud-k3s-pool-workers-worker6,1,2026-06-06 08:41:36 UTC,15054052,15469008,158552,0.99,49676,617648,205772,1.29,210332,513328,268
cloud-k3s-pool-workers-worker6,1,2026-06-06 08:41:37 UTC,15054052,15469016,158520,0.99,49684,617656,205772,1.29,210332,513328,372
cloud-k3s-pool-workers-worker6,1,2026-06-06 08:41:38 UTC,15054052,15469060,158544,0.99,49684,617668,202588,1.27,208788,513372,276
cloud-k3s-pool-workers-worker6,1,2026-06-06 08:41:39 UTC,15053800,15468820,158820,0.99,49684,617676,202588,1.27,208708,513384,48
cloud-k3s-pool-workers-worker6,1,2026-06-06 08:41:40 UTC,15053800,15468820,158808,0.99,49684,617688,202588,1.27,208708,513384,32
cloud-k3s-pool-workers-worker6,1,2026-06-06 08:41:41 UTC,15053800,15468820,158800,0.99,49684,617696,202588,1.27,208708,513384,40
cloud-k3s-pool-workers-worker6,1,2026-06-06 08:41:42 UTC,15053800,15468820,158788,0.99,49692,617700,202588,1.27,208708,513384,48
cloud-k3s-pool-workers-worker6,1,2026-06-06 08:41:43 UTC,15053800,15468828,158772,0.99,49692,617716,202588,1.27,208708,513392,260
cloud-k3s-pool-workers-worker6,1,2026-06-06 08:41:44 UTC,15053800,15468888,158760,0.99,49692,617728,202588,1.27,208708,513452,272
cloud-k3s-pool-workers-worker6,1,2026-06-06 08:41:45 UTC,15053800,15468888,158752,0.99,49692,617736,202588,1.27,208708,513452,284
cloud-k3s-pool-workers-worker6,1,2026-06-06 08:41:46 UTC,15053800,15468888,158740,0.99,49692,617748,202588,1.27,208708,513452,232
cloud-k3s-pool-workers-worker6,1,2026-06-06 08:41:47 UTC,15053800,15468888,158728,0.99,49692,617760,202588,1.27,208708,513452,244
cloud-k3s-pool-workers-worker6,1,2026-06-06 08:41:48 UTC,15053800,15468892,158716,0.99,49700,617760,202588,1.27,208708,513452,252
cloud-k3s-pool-workers-worker6,1,2026-06-06 08:41:49 UTC,15053800,15468904,158696,0.99,49700,617780,202588,1.27,208712,513460,60
cloud-k3s-pool-workers-worker6,1,2026-06-06 08:41:50 UTC,15053800,15468964,158688,0.99,49700,617788,205436,1.29,209752,513520,68
cloud-k3s-pool-workers-worker6,1,2026-06-06 08:41:51 UTC,15053800,15468964,158672,0.99,49700,617800,206036,1.29,210340,513520,200
cloud-k3s-pool-workers-worker6,1,2026-06-06 08:41:52 UTC,15053800,15468964,158664,0.99,49700,617808,206036,1.29,210340,513520,208
cloud-k3s-pool-workers-worker6,1,2026-06-06 08:41:53 UTC,15053800,15468964,158652,0.99,49708,617812,206036,1.29,210340,513520,180
cloud-k3s-pool-workers-worker6,1,2026-06-06 08:41:54 UTC,15053800,15468972,158644,0.99,49708,617828,202588,1.27,208696,513528,216
cloud-k3s-pool-workers-worker6,1,2026-06-06 08:41:55 UTC,15053800,15468972,158644,0.99,49708,617840,202588,1.27,208692,513528,236
cloud-k3s-pool-workers-worker6,1,2026-06-06 08:41:56 UTC,15053800,15469032,158636,0.99,49708,617848,202588,1.27,208692,513588,244
cloud-k3s-pool-workers-worker6,1,2026-06-06 08:41:57 UTC,15053800,15469032,158624,0.99,49708,617860,205436,1.29,209748,513588,192
cloud-k3s-pool-workers-worker6,1,2026-06-06 08:41:58 UTC,15053800,15469032,158612,0.99,49708,617872,205564,1.29,209760,513588,204
cloud-k3s-pool-workers-worker6,1,2026-06-06 08:41:59 UTC,15053800,15469040,158584,0.99,49716,617880,205792,1.29,210308,513596,72
cloud-k3s-pool-workers-worker6,1,2026-06-06 08:42:00 UTC,15053800,15469040,158572,0.99,49716,617892,205792,1.29,210308,513596,84
cloud-k3s-pool-workers-worker6,1,2026-06-06 08:42:01 UTC,15052792,15468032,159572,1.00,49716,617900,202588,1.27,208748,513596,92
cloud-k3s-pool-workers-worker6,1,2026-06-06 08:42:02 UTC,15053084,15468388,159288,1.00,49716,617912,199736,1.25,207296,513660,352
cloud-k3s-pool-workers-worker6,1,2026-06-06 08:42:03 UTC,15053084,15468388,159280,1.00,49716,617920,199736,1.25,207296,513660,296
cloud-k3s-pool-workers-worker6,1,2026-06-06 08:42:04 UTC,15053084,15468388,159256,1.00,49724,617932,199736,1.25,207296,513660,308
cloud-k3s-pool-workers-worker6,1,2026-06-06 08:42:05 UTC,15053084,15468388,159248,1.00,49724,617940,199736,1.25,207296,513660,280
cloud-k3s-pool-workers-worker6,1,2026-06-06 08:42:06 UTC,15053084,15468388,159236,1.00,49724,617952,199736,1.25,207296,513660,292
cloud-k3s-pool-workers-worker6,1,2026-06-06 08:42:07 UTC,15053084,15468388,159228,1.00,49724,617960,199736,1.25,207296,513660,52
cloud-k3s-pool-workers-worker6,1,2026-06-06 08:42:08 UTC,15053084,15468448,159216,1.00,49724,617972,199736,1.25,207296,513720,164
cloud-k3s-pool-workers-worker6,1,2026-06-06 08:42:09 UTC,15053084,15468448,159208,1.00,49724,617980,199736,1.25,207296,513720,176
cloud-k3s-pool-workers-worker6,1,2026-06-06 08:42:10 UTC,15053084,15468448,159196,1.00,49732,617984,199736,1.25,207296,513720,188
cloud-k3s-pool-workers-worker6,1,2026-06-06 08:42:11 UTC,15053084,15468448,159176,1.00,49732,618004,199736,1.25,207296,513720,232
cloud-k3s-pool-workers-worker6,1,2026-06-06 08:42:12 UTC,15053084,15468448,159168,1.00,49732,618012,199736,1.25,207296,513720,240
cloud-k3s-pool-workers-worker6,1,2026-06-06 08:42:13 UTC,15053084,15468448,159156,1.00,49732,618024,199736,1.25,207296,513720,92
cloud-k3s-pool-workers-worker6,1,2026-06-06 08:42:14 UTC,15053084,15468524,159148,1.00,49732,618032,199736,1.25,207296,513796,96
cloud-k3s-pool-workers-worker6,1,2026-06-06 08:42:15 UTC,15053084,15468524,159136,1.00,49732,618044,199736,1.25,207296,513796,16
cloud-k3s-pool-workers-worker6,1,2026-06-06 08:42:16 UTC,15053084,15468524,159128,1.00,49732,618052,199736,1.25,207296,513796,24
cloud-k3s-pool-workers-worker6,1,2026-06-06 08:42:17 UTC,15053084,15468524,159108,1.00,49740,618064,199736,1.25,207296,513796,64
cloud-k3s-pool-workers-worker6,1,2026-06-06 08:42:18 UTC,15053084,15468524,159100,1.00,49740,618072,199736,1.25,207296,513796,236
cloud-k3s-pool-workers-worker6,1,2026-06-06 08:42:19 UTC,15053084,15468528,159084,1.00,49740,618084,199736,1.25,207296,513796,248
cloud-k3s-pool-workers-worker6,1,2026-06-06 08:42:20 UTC,15053084,15468588,159076,1.00,49740,618092,199736,1.25,207296,513856,256
cloud-k3s-pool-workers-worker6,1,2026-06-06 08:42:21 UTC,15053084,15468588,159064,1.00,49740,618104,199736,1.25,207296,513856,208
cloud-k3s-pool-workers-worker6,1,2026-06-06 08:42:22 UTC,15053084,15468588,159052,1.00,49748,618108,199736,1.25,207296,513856,220
cloud-k3s-pool-workers-worker6,1,2026-06-06 08:42:23 UTC,15052832,15468340,159284,1.00,49748,618124,199736,1.25,207296,513860,60
cloud-k3s-pool-workers-worker6,1,2026-06-06 08:42:24 UTC,15052832,15468340,159272,1.00,49748,618136,199736,1.25,207296,513860,72
cloud-k3s-pool-workers-worker6,1,2026-06-06 08:42:25 UTC,15052832,15468340,159264,1.00,49748,618144,199736,1.25,207296,513860,80
cloud-k3s-pool-workers-worker6,1,2026-06-06 08:42:26 UTC,15052832,15468400,159252,1.00,49748,618156,199736,1.25,207296,513920,92
cloud-k3s-pool-workers-worker6,1,2026-06-06 08:42:27 UTC,15052832,15468400,159236,1.00,49756,618164,199736,1.25,207296,513920,40
cloud-k3s-pool-workers-worker6,1,2026-06-06 08:42:28 UTC,15052832,15468400,159224,1.00,49756,618176,199736,1.25,207296,513920,52
cloud-k3s-pool-workers-worker6,1,2026-06-06 08:42:29 UTC,15052832,15468400,159216,1.00,49756,618184,199736,1.25,207296,513920,36
cloud-k3s-pool-workers-worker6,1,2026-06-06 08:42:30 UTC,15052832,15468400,159204,1.00,49756,618196,199736,1.25,207296,513920,48
cloud-k3s-pool-workers-worker6,1,2026-06-06 08:42:31 UTC,15052832,15468400,159196,1.00,49756,618204,199736,1.25,207296,513920,56
cloud-k3s-pool-workers-worker6,1,2026-06-06 08:42:32 UTC,15052832,15468460,159176,1.00,49764,618216,199736,1.25,207296,513980,88
cloud-k3s-pool-workers-worker6,1,2026-06-06 08:42:33 UTC,15052832,15468460,159168,1.00,49764,618224,199736,1.25,207296,513980,196
cloud-k3s-pool-workers-worker6,1,2026-06-06 08:42:34 UTC,15052832,15468464,159152,1.00,49764,618236,199736,1.25,207296,513980,208
cloud-k3s-pool-workers-worker6,1,2026-06-06 08:42:35 UTC,15052832,15468464,159140,1.00,49764,618248,199736,1.25,207296,513980,220
cloud-k3s-pool-workers-worker6,1,2026-06-06 08:42:36 UTC,15052832,15468464,159132,1.00,49764,618256,199736,1.25,207296,513980,228
cloud-k3s-pool-workers-worker6,1,2026-06-06 08:42:37 UTC,15052832,15468464,159120,1.00,49772,618260,199736,1.25,207296,513980,240
cloud-k3s-pool-workers-worker6,1,2026-06-06 08:42:38 UTC,15052832,15468564,159104,1.00,49772,618276,199736,1.25,207336,514080,4
cloud-k3s-pool-workers-worker6,1,2026-06-06 08:42:39 UTC,15052832,15468564,159092,1.00,49772,618288,199736,1.25,207336,514080,20
cloud-k3s-pool-workers-worker6,1,2026-06-06 08:42:40 UTC,15052832,15468564,159084,1.00,49772,618296,199736,1.25,207336,514080,28
cloud-k3s-pool-workers-worker6,1,2026-06-06 08:42:41 UTC,15052832,15468564,159072,1.00,49772,618308,199736,1.25,207336,514080,40
cloud-k3s-pool-workers-worker6,1,2026-06-06 08:42:42 UTC,15052832,15468564,159064,1.00,49780,618308,199736,1.25,207336,514080,48
cloud-k3s-pool-workers-worker6,1,2026-06-06 08:42:43 UTC,15052832,15468572,159044,1.00,49780,618328,199736,1.25,207336,514088,248
cloud-k3s-pool-workers-worker6,1,2026-06-06 08:42:44 UTC,15052832,15468632,159036,1.00,49780,618336,199736,1.25,207336,514148,256
cloud-k3s-pool-workers-worker6,1,2026-06-06 08:42:45 UTC,15052832,15468632,159024,0.99,49780,618348,199736,1.25,207336,514148,48
cloud-k3s-pool-workers-worker6,1,2026-06-06 08:42:46 UTC,15052832,15468632,159012,0.99,49780,618360,199736,1.25,207336,514148,60
cloud-k3s-pool-workers-worker6,1,2026-06-06 08:42:47 UTC,15052832,15468632,159004,0.99,49780,618368,199736,1.25,207336,514148,68
cloud-k3s-pool-workers-worker6,1,2026-06-06 08:42:48 UTC,15052832,15468632,158984,0.99,49788,618380,199736,1.25,207336,514148,240
cloud-k3s-pool-workers-worker6,1,2026-06-06 08:42:49 UTC,15052832,15468632,158976,0.99,49788,618388,199736,1.25,207336,514148,248
cloud-k3s-pool-workers-worker6,1,2026-06-06 08:42:50 UTC,15052832,15468692,158960,0.99,49788,618400,202712,1.27,208376,514208,260
cloud-k3s-pool-workers-worker6,1,2026-06-06 08:42:51 UTC,15052580,15468448,159204,1.00,49788,618408,203184,1.27,208964,514216,308
cloud-k3s-pool-workers-worker6,1,2026-06-06 08:42:52 UTC,15050592,15466460,161156,1.01,49788,618420,206032,1.29,210352,514216,332
cloud-k3s-pool-workers-worker6,1,2026-06-06 08:42:53 UTC,15050592,15466468,161140,1.01,49796,618428,202584,1.27,208668,514224,244
cloud-k3s-pool-workers-worker6,1,2026-06-06 08:42:54 UTC,15050592,15466468,161128,1.01,49796,618440,202584,1.27,208668,514224,256
cloud-k3s-pool-workers-worker6,1,2026-06-06 08:42:55 UTC,15050592,15466468,161120,1.01,49796,618448,202584,1.27,208668,514224,232
cloud-k3s-pool-workers-worker6,1,2026-06-06 08:42:56 UTC,15050592,15466528,161108,1.01,49796,618460,202584,1.27,208668,514284,180
cloud-k3s-pool-workers-worker6,1,2026-06-06 08:42:57 UTC,15050592,15466528,161100,1.01,49796,618468,202584,1.27,208668,514284,192
cloud-k3s-pool-workers-worker6,1,2026-06-06 08:42:58 UTC,15052540,15468476,159140,1.00,49804,618472,203184,1.27,208928,514284,432
cloud-k3s-pool-workers-worker6,1,2026-06-06 08:42:59 UTC,15052540,15468476,159120,1.00,49804,618492,203184,1.27,208988,514284,256
cloud-k3s-pool-workers-worker6,1,2026-06-06 08:43:00 UTC,15052540,15468476,159112,1.00,49804,618500,203184,1.27,208988,514284,264
cloud-k3s-pool-workers-worker6,1,2026-06-06 08:43:01 UTC,15052540,15468536,159096,1.00,49804,618516,203184,1.27,208988,514344,280
cloud-k3s-pool-workers-worker6,1,2026-06-06 08:43:02 UTC,15052540,15468536,159088,1.00,49804,618524,203184,1.27,208988,514344,388
cloud-k3s-pool-workers-worker6,1,2026-06-06 08:43:03 UTC,15052540,15468536,159076,1.00,49812,618528,199736,1.25,207428,514344,148
cloud-k3s-pool-workers-worker6,1,2026-06-06 08:43:04 UTC,15052540,15468540,159072,1.00,49812,618544,199736,1.25,207292,514348,56
cloud-k3s-pool-workers-worker6,1,2026-06-06 08:43:05 UTC,15052540,15468544,159056,1.00,49812,618556,199736,1.25,207292,514348,68
cloud-k3s-pool-workers-worker6,1,2026-06-06 08:43:06 UTC,15051972,15467976,159616,1.00,49812,618564,201096,1.26,208072,514348,76
cloud-k3s-pool-workers-worker6,1,2026-06-06 08:43:07 UTC,15051748,15467828,159828,1.00,49812,618576,202584,1.27,208452,514424,92
cloud-k3s-pool-workers-worker6,1,2026-06-06 08:43:08 UTC,15051748,15467828,159800,1.00,49820,618584,203184,1.27,208768,514424,116
cloud-k3s-pool-workers-worker6,1,2026-06-06 08:43:09 UTC,15051748,15467828,159788,1.00,49820,618596,203184,1.27,209016,514424,28
cloud-k3s-pool-workers-worker6,1,2026-06-06 08:43:10 UTC,15051748,15467828,159776,1.00,49820,618608,203184,1.27,209016,514424,164
cloud-k3s-pool-workers-worker6,1,2026-06-06 08:43:11 UTC,15051748,15467828,159768,1.00,49820,618616,203184,1.27,209016,514424,172
cloud-k3s-pool-workers-worker6,1,2026-06-06 08:43:12 UTC,15051748,15467828,159764,1.00,49820,618628,199736,1.25,207372,514424,300
cloud-k3s-pool-workers-worker6,1,2026-06-06 08:43:13 UTC,15051748,15467888,159780,1.00,49820,618636,199736,1.25,207320,514484,308
cloud-k3s-pool-workers-worker6,1,2026-06-06 08:43:14 UTC,15051748,15467888,159768,1.00,49828,618640,199736,1.25,207320,514484,244
cloud-k3s-pool-workers-worker6,1,2026-06-06 08:43:15 UTC,15051748,15467888,159752,1.00,49828,618656,199736,1.25,207320,514484,36
cloud-k3s-pool-workers-worker6,1,2026-06-06 08:43:16 UTC,15051748,15467888,159740,1.00,49828,618668,199736,1.25,207320,514484,48
cloud-k3s-pool-workers-worker6,1,2026-06-06 08:43:17 UTC,15051748,15467888,159732,1.00,49828,618676,199736,1.25,207320,514484,56
cloud-k3s-pool-workers-worker6,1,2026-06-06 08:43:18 UTC,15051748,15467888,159720,1.00,49828,618688,199736,1.25,207320,514484,68
cloud-k3s-pool-workers-worker6,1,2026-06-06 08:43:19 UTC,15051748,15467948,159708,1.00,49828,618700,202732,1.27,208360,514544,220
cloud-k3s-pool-workers-worker6,1,2026-06-06 08:43:20 UTC,15050992,15467220,160432,1.00,49836,618712,202940,1.27,208972,514568,268
cloud-k3s-pool-workers-worker6,1,2026-06-06 08:43:21 UTC,15050992,15467220,160420,1.00,49836,618724,202940,1.27,208972,514568,276
cloud-k3s-pool-workers-worker6,1,2026-06-06 08:43:22 UTC,15050992,15467220,160412,1.00,49836,618732,202940,1.27,208972,514568,276
cloud-k3s-pool-workers-worker6,1,2026-06-06 08:43:23 UTC,15050992,15467224,160400,1.00,49836,618744,202940,1.27,208972,514572,72
cloud-k3s-pool-workers-worker6,1,2026-06-06 08:43:24 UTC,15050992,15467224,160396,1.00,49836,618752,199736,1.25,207380,514572,220
cloud-k3s-pool-workers-worker6,1,2026-06-06 08:43:25 UTC,15050992,15467284,160384,1.00,49836,618764,199736,1.25,207336,514632,236
cloud-k3s-pool-workers-worker6,1,2026-06-06 08:43:26 UTC,15050992,15467284,160368,1.00,49844,618772,199736,1.25,207336,514632,188
cloud-k3s-pool-workers-worker6,1,2026-06-06 08:43:27 UTC,15050992,15467284,160356,1.00,49844,618784,199736,1.25,207336,514632,208
cloud-k3s-pool-workers-worker6,1,2026-06-06 08:43:28 UTC,15050992,15467284,160348,1.00,49844,618792,199736,1.25,207336,514632,300
cloud-k3s-pool-workers-worker6,1,2026-06-06 08:43:29 UTC,15050992,15467284,160336,1.00,49844,618804,199736,1.25,207336,514632,84
cloud-k3s-pool-workers-worker6,1,2026-06-06 08:43:30 UTC,15050992,15467284,160328,1.00,49844,618812,199736,1.25,207336,514632,84
cloud-k3s-pool-workers-worker6,1,2026-06-06 08:43:31 UTC,15050992,15467344,160316,1.00,49852,618816,199736,1.25,207336,514692,96
cloud-k3s-pool-workers-worker6,1,2026-06-06 08:43:32 UTC,15050992,15467344,160300,1.00,49852,618832,199736,1.25,207336,514692,32
cloud-k3s-pool-workers-worker6,1,2026-06-06 08:43:33 UTC,15050992,15467344,160288,1.00,49852,618844,199736,1.25,207336,514692,212
cloud-k3s-pool-workers-worker6,1,2026-06-06 08:43:34 UTC,15050992,15467344,160276,1.00,49852,618856,199736,1.25,207336,514692,224
cloud-k3s-pool-workers-worker6,1,2026-06-06 08:43:35 UTC,15050992,15467344,160268,1.00,49852,618864,199736,1.25,207336,514692,232
cloud-k3s-pool-workers-worker6,1,2026-06-06 08:43:36 UTC,15050992,15467344,160252,1.00,49852,618876,199736,1.25,207336,514692,244
cloud-k3s-pool-workers-worker6,1,2026-06-06 08:43:37 UTC,15050992,15467404,160244,1.00,49860,618876,199736,1.25,207336,514752,252
cloud-k3s-pool-workers-worker6,1,2026-06-06 08:43:38 UTC,15050992,15467404,160224,1.00,49860,618896,199736,1.25,207336,514752,68
cloud-k3s-pool-workers-worker6,1,2026-06-06 08:43:39 UTC,15050992,15467404,160216,1.00,49860,618904,199736,1.25,207336,514752,12
cloud-k3s-pool-workers-worker6,1,2026-06-06 08:43:40 UTC,15050992,15467404,160204,1.00,49860,618916,199736,1.25,207336,514752,24
cloud-k3s-pool-workers-worker6,1,2026-06-06 08:43:41 UTC,15050992,15467404,160196,1.00,49860,618924,199736,1.25,207336,514752,32
cloud-k3s-pool-workers-worker6,1,2026-06-06 08:43:42 UTC,15050992,15467404,160184,1.00,49868,618928,199736,1.25,207336,514752,44
cloud-k3s-pool-workers-worker6,1,2026-06-06 08:43:43 UTC,15050992,15467464,160168,1.00,49868,618944,199736,1.25,207336,514812,240
cloud-k3s-pool-workers-worker6,1,2026-06-06 08:43:44 UTC,15050992,15467464,160156,1.00,49868,618956,199736,1.25,207336,514812,252
cloud-k3s-pool-workers-worker6,1,2026-06-06 08:43:45 UTC,15050992,15467464,160144,1.00,49868,618968,199736,1.25,207336,514812,204
cloud-k3s-pool-workers-worker6,1,2026-06-06 08:43:46 UTC,15050992,15467464,160136,1.00,49868,618976,199736,1.25,207336,514812,212
cloud-k3s-pool-workers-worker6,1,2026-06-06 08:43:47 UTC,15050992,15467516,160116,1.00,49876,618984,202944,1.27,208916,514864,232
cloud-k3s-pool-workers-worker6,1,2026-06-06 08:43:48 UTC,15050992,15467516,160108,1.00,49876,618992,203188,1.27,208916,514864,240
cloud-k3s-pool-workers-worker6,1,2026-06-06 08:43:49 UTC,15050488,15467160,160460,1.00,49876,619140,203188,1.27,209072,514888,244
cloud-k3s-pool-workers-worker6,1,2026-06-06 08:43:50 UTC,15050488,15467196,160460,1.00,49876,619148,199736,1.25,207408,514924,216
cloud-k3s-pool-workers-worker6,1,2026-06-06 08:43:51 UTC,15050488,15467196,160448,1.00,49876,619160,199736,1.25,207408,514924,232
cloud-k3s-pool-workers-worker6,1,2026-06-06 08:43:52 UTC,15050488,15467196,160440,1.00,49884,619160,199736,1.25,207408,514924,240
cloud-k3s-pool-workers-worker6,1,2026-06-06 08:43:53 UTC,15050488,15467212,160420,1.00,49884,619180,199736,1.25,207416,514932,72
cloud-k3s-pool-workers-worker6,1,2026-06-06 08:43:54 UTC,15050488,15467212,160420,1.00,49884,619180,199736,1.25,207416,514932,72
cloud-k3s-pool-workers-worker6,1,2026-06-06 08:43:55 UTC,15050488,15467212,160400,1.00,49884,619200,199736,1.25,207416,514932,84
cloud-k3s-pool-workers-worker6,1,2026-06-06 08:43:56 UTC,15050488,15467272,160392,1.00,49884,619208,199736,1.25,207416,514992,28
cloud-k3s-pool-workers-worker6,1,2026-06-06 08:43:57 UTC,15050236,15467020,160628,1.00,49892,619212,199736,1.25,207416,514992,44
cloud-k3s-pool-workers-worker6,1,2026-06-06 08:43:58 UTC,15050236,15467020,160616,1.00,49892,619224,199736,1.25,207416,514992,56
cloud-k3s-pool-workers-worker6,1,2026-06-06 08:43:59 UTC,15050236,15467020,160600,1.00,49892,619240,199736,1.25,207416,514992,200
cloud-k3s-pool-workers-worker6,1,2026-06-06 08:44:00 UTC,15050236,15467020,160588,1.00,49892,619252,199736,1.25,207416,514992,212
cloud-k3s-pool-workers-worker6,1,2026-06-06 08:44:01 UTC,15050236,15467020,160580,1.00,49892,619260,199736,1.25,207416,514992,220
cloud-k3s-pool-workers-worker6,1,2026-06-06 08:44:02 UTC,15050236,15467080,160568,1.00,49900,619264,199736,1.25,207416,515052,232
cloud-k3s-pool-workers-worker6,1,2026-06-06 08:44:03 UTC,15050236,15467092,160552,1.00,49900,619280,199736,1.25,207416,515064,36
cloud-k3s-pool-workers-worker6,1,2026-06-06 08:44:04 UTC,15050236,15467092,160540,1.00,49900,619292,199736,1.25,207416,515064,48
cloud-k3s-pool-workers-worker6,1,2026-06-06 08:44:05 UTC,15050236,15467092,160532,1.00,49900,619300,199736,1.25,207416,515064,56
cloud-k3s-pool-workers-worker6,1,2026-06-06 08:44:06 UTC,15050236,15467092,160520,1.00,49900,619312,199736,1.25,207416,515064,68
cloud-k3s-pool-workers-worker6,1,2026-06-06 08:44:07 UTC,15050236,15467092,160512,1.00,49908,619312,199736,1.25,207416,515064,76
cloud-k3s-pool-workers-worker6,1,2026-06-06 08:44:08 UTC,15050236,15467152,160500,1.00,49908,619324,199736,1.25,207416,515124,88
cloud-k3s-pool-workers-worker6,1,2026-06-06 08:44:09 UTC,15050236,15467152,160480,1.00,49908,619344,199736,1.25,207416,515124,20
cloud-k3s-pool-workers-worker6,1,2026-06-06 08:44:10 UTC,15050236,15467152,160472,1.00,49908,619352,199736,1.25,207416,515124,28
cloud-k3s-pool-workers-worker6,1,2026-06-06 08:44:11 UTC,15050236,15467152,160460,1.00,49908,619364,199736,1.25,207416,515124,40
cloud-k3s-pool-workers-worker6,1,2026-06-06 08:44:12 UTC,15050236,15467156,160448,1.00,49908,619372,199736,1.25,207416,515124,48
cloud-k3s-pool-workers-worker6,1,2026-06-06 08:44:13 UTC,15050236,15467156,160428,1.00,49916,619384,199736,1.25,207416,515124,248
cloud-k3s-pool-workers-worker6,1,2026-06-06 08:44:14 UTC,15050236,15467216,160420,1.00,49916,619392,199736,1.25,207416,515184,256
cloud-k3s-pool-workers-worker6,1,2026-06-06 08:44:15 UTC,15049984,15466972,160660,1.01,49916,619404,199736,1.25,207416,515192,208
cloud-k3s-pool-workers-worker6,1,2026-06-06 08:44:16 UTC,15049984,15466972,160652,1.01,49916,619412,199736,1.25,207416,515192,216
cloud-k3s-pool-workers-worker6,1,2026-06-06 08:44:17 UTC,15049984,15466972,160640,1.01,49916,619424,199736,1.25,207416,515192,232
cloud-k3s-pool-workers-worker6,1,2026-06-06 08:44:18 UTC,15049984,15466972,160640,1.01,49924,619416,199736,1.25,207416,515192,232
cloud-k3s-pool-workers-worker6,1,2026-06-06 08:44:19 UTC,15049984,15466984,160612,1.00,49924,619444,199736,1.25,207464,515204,92
cloud-k3s-pool-workers-worker6,1,2026-06-06 08:44:20 UTC,15049984,15467044,160604,1.00,49924,619452,199736,1.25,207464,515264,36
cloud-k3s-pool-workers-worker6,1,2026-06-06 08:44:21 UTC,15049984,15467044,160592,1.00,49924,619464,199736,1.25,207464,515264,52
cloud-k3s-pool-workers-worker6,1,2026-06-06 08:44:22 UTC,15049984,15467044,160580,1.00,49924,619476,199736,1.25,207464,515264,64
cloud-k3s-pool-workers-worker6,1,2026-06-06 08:44:23 UTC,15049984,15467056,160572,1.00,49924,619484,199736,1.25,207464,515276,36
cloud-k3s-pool-workers-worker6,1,2026-06-06 08:44:24 UTC,15049984,15467056,160560,1.00,49932,619488,199736,1.25,207464,515276,48
cloud-k3s-pool-workers-worker6,1,2026-06-06 08:44:25 UTC,15049984,15467056,160544,1.00,49932,619504,199736,1.25,207464,515276,84
cloud-k3s-pool-workers-worker6,1,2026-06-06 08:44:26 UTC,15049732,15466884,160784,1.01,49932,619516,202588,1.27,208564,515356,28
cloud-k3s-pool-workers-worker6,1,2026-06-06 08:44:27 UTC,15049732,15466892,160776,1.01,49932,619524,203188,1.27,209120,515364,304
cloud-k3s-pool-workers-worker6,1,2026-06-06 08:44:28 UTC,15049732,15466892,160760,1.01,49932,619536,203188,1.27,209120,515364,316
cloud-k3s-pool-workers-worker6,1,2026-06-06 08:44:29 UTC,15049732,15466892,160752,1.01,49932,619544,203188,1.27,209120,515364,324
cloud-k3s-pool-workers-worker6,1,2026-06-06 08:44:30 UTC,15049732,15466916,160740,1.01,49932,619556,203188,1.27,209156,515388,336
cloud-k3s-pool-workers-worker6,1,2026-06-06 08:44:31 UTC,15049732,15466932,160736,1.01,49940,619564,199736,1.25,207432,515404,400
cloud-k3s-pool-workers-worker6,1,2026-06-06 08:44:32 UTC,15049732,15466932,160736,1.01,49940,619564,199736,1.25,207432,515404,240
cloud-k3s-pool-workers-worker6,1,2026-06-06 08:44:33 UTC,15049732,15466932,160712,1.01,49940,619588,199736,1.25,207432,515404,220
cloud-k3s-pool-workers-worker6,1,2026-06-06 08:44:34 UTC,15049732,15466932,160704,1.01,49940,619596,199736,1.25,207432,515404,228
cloud-k3s-pool-workers-worker6,1,2026-06-06 08:44:35 UTC,15049732,15466932,160692,1.01,49940,619608,199736,1.25,207432,515404,240
cloud-k3s-pool-workers-worker6,1,2026-06-06 08:44:36 UTC,15049732,15466932,160684,1.01,49948,619608,199736,1.25,207432,515404,248
cloud-k3s-pool-workers-worker6,1,2026-06-06 08:44:37 UTC,15049732,15466992,160664,1.01,49948,619628,199736,1.25,207432,515464,260
cloud-k3s-pool-workers-worker6,1,2026-06-06 08:44:38 UTC,15049732,15466992,160656,1.01,49948,619636,199736,1.25,207432,515464,204
cloud-k3s-pool-workers-worker6,1,2026-06-06 08:44:39 UTC,15049732,15466992,160644,1.01,49948,619648,199736,1.25,207432,515464,52
cloud-k3s-pool-workers-worker6,1,2026-06-06 08:44:40 UTC,15049732,15466992,160644,1.01,49948,619648,199736,1.25,207432,515464,52
cloud-k3s-pool-workers-worker6,1,2026-06-06 08:44:41 UTC,15049732,15466992,160624,1.00,49948,619668,199736,1.25,207432,515464,72
cloud-k3s-pool-workers-worker6,1,2026-06-06 08:44:42 UTC,15049732,15466992,160616,1.00,49956,619668,199736,1.25,207432,515464,80
cloud-k3s-pool-workers-worker6,1,2026-06-06 08:44:43 UTC,15049732,15467056,160592,1.00,49956,619688,199736,1.25,207432,515524,60
cloud-k3s-pool-workers-worker6,1,2026-06-06 08:44:44 UTC,15049732,15467056,160584,1.00,49956,619696,199736,1.25,207432,515524,4
cloud-k3s-pool-workers-worker6,1,2026-06-06 08:44:45 UTC,15049732,15467080,160568,1.00,49956,619708,203184,1.27,209100,515548,24
cloud-k3s-pool-workers-worker6,1,2026-06-06 08:44:46 UTC,15049732,15467080,160568,1.00,49956,619708,203184,1.27,209100,515548,24
cloud-k3s-pool-workers-worker6,1,2026-06-06 08:44:47 UTC,15049732,15467080,160548,1.00,49964,619720,203184,1.27,209100,515548,320
cloud-k3s-pool-workers-worker6,1,2026-06-06 08:44:48 UTC,15049732,15467080,160536,1.00,49964,619732,203184,1.27,209100,515548,348
cloud-k3s-pool-workers-worker6,1,2026-06-06 08:44:49 UTC,15049480,15466896,160768,1.01,49964,619752,199736,1.25,207452,515616,396
cloud-k3s-pool-workers-worker6,1,2026-06-06 08:44:50 UTC,15053400,15470816,156848,0.98,49964,619752,199736,1.25,207452,515616,136
cloud-k3s-pool-workers-worker6,1,2026-06-06 08:44:51 UTC,15053404,15470824,156824,0.98,49964,619772,199736,1.25,207452,515620,52
cloud-k3s-pool-workers-worker6,1,2026-06-06 08:44:52 UTC,15053404,15470832,156804,0.98,49972,619784,199736,1.25,207452,515628,36
cloud-k3s-pool-workers-worker6,1,2026-06-06 08:44:53 UTC,15053404,15470832,156796,0.98,49972,619792,199736,1.25,207452,515628,204
cloud-k3s-pool-workers-worker6,1,2026-06-06 08:44:54 UTC,15053404,15470832,156784,0.98,49972,619804,199736,1.25,207452,515628,216
cloud-k3s-pool-workers-worker6,1,2026-06-06 08:44:55 UTC,15053404,15470892,156776,0.98,49972,619812,199736,1.25,207452,515688,212
cloud-k3s-pool-workers-worker6,1,2026-06-06 08:44:56 UTC,15053404,15470892,156764,0.98,49972,619824,199736,1.25,207452,515688,224
cloud-k3s-pool-workers-worker6,1,2026-06-06 08:44:57 UTC,15053152,15470640,157004,0.98,49980,619828,199736,1.25,207452,515688,4
cloud-k3s-pool-workers-worker6,1,2026-06-06 08:44:58 UTC,15053152,15470640,156992,0.98,49980,619836,199736,1.25,207452,515688,12
cloud-k3s-pool-workers-worker6,1,2026-06-06 08:44:59 UTC,15053152,15470640,156972,0.98,49980,619856,199736,1.25,207452,515688,80
cloud-k3s-pool-workers-worker6,1,2026-06-06 08:45:00 UTC,15053152,15470640,156964,0.98,49980,619864,199736,1.25,207452,515688,88
cloud-k3s-pool-workers-worker6,1,2026-06-06 08:45:01 UTC,15053152,15470700,156952,0.98,49980,619876,199736,1.25,207452,515748,100
cloud-k3s-pool-workers-worker6,1,2026-06-06 08:45:02 UTC,15051640,15469188,158456,0.99,49980,619884,199736,1.25,207448,515748,112
cloud-k3s-pool-workers-worker6,1,2026-06-06 08:45:03 UTC,15051392,15469104,158560,0.99,49988,620024,199736,1.25,207548,515792,16
cloud-k3s-pool-workers-worker6,1,2026-06-06 08:45:04 UTC,15051392,15469104,158552,0.99,49988,620032,199736,1.25,207548,515792,24
cloud-k3s-pool-workers-worker6,1,2026-06-06 08:45:05 UTC,15051392,15469104,158540,0.99,49988,620044,199736,1.25,207548,515792,36
cloud-k3s-pool-workers-worker6,1,2026-06-06 08:45:06 UTC,15051392,15469104,158532,0.99,49988,620052,203184,1.27,208848,515792,48
cloud-k3s-pool-workers-worker6,1,2026-06-06 08:45:07 UTC,15051168,15468896,158708,0.99,49988,620064,203184,1.27,209180,515792,344
cloud-k3s-pool-workers-worker6,1,2026-06-06 08:45:08 UTC,15051168,15468944,158700,0.99,49996,620064,203184,1.27,209180,515840,296
cloud-k3s-pool-workers-worker6,1,2026-06-06 08:45:09 UTC,15050916,15468696,158928,0.99,49996,620084,203184,1.27,209180,515840,340
cloud-k3s-pool-workers-worker6,1,2026-06-06 08:45:10 UTC,15058732,15476512,151116,0.95,49996,620084,199736,1.25,207612,515840,340
cloud-k3s-pool-workers-worker6,1,2026-06-06 08:45:11 UTC,15058980,15476792,150848,0.94,49996,620104,199736,1.25,207528,515872,112
cloud-k3s-pool-workers-worker6,1,2026-06-06 08:45:12 UTC,15058980,15476792,150836,0.94,49996,620116,199736,1.25,207528,515872,288
cloud-k3s-pool-workers-worker6,1,2026-06-06 08:45:13 UTC,15058980,15476800,150828,0.94,49996,620124,199736,1.25,207584,515880,216
cloud-k3s-pool-workers-worker6,1,2026-06-06 08:45:14 UTC,15058728,15476588,151052,0.95,50004,620136,201096,1.26,208644,515920,196
cloud-k3s-pool-workers-worker6,1,2026-06-06 08:45:15 UTC,15058728,15476588,151044,0.95,50004,620144,201096,1.26,208644,515920,208
cloud-k3s-pool-workers-worker6,1,2026-06-06 08:45:16 UTC,15058728,15476588,151032,0.94,50004,620156,201096,1.26,208644,515920,220
cloud-k3s-pool-workers-worker6,1,2026-06-06 08:45:17 UTC,15056712,15474600,153040,0.96,50004,620164,204076,1.28,209732,515948,228
cloud-k3s-pool-workers-worker6,1,2026-06-06 08:45:18 UTC,15056712,15474612,153012,0.96,50004,620176,201096,1.26,208708,515960,244
cloud-k3s-pool-workers-worker6,1,2026-06-06 08:45:19 UTC,15056460,15474368,153256,0.96,50012,620184,201096,1.26,208708,515960,240
cloud-k3s-pool-workers-worker6,1,2026-06-06 08:45:20 UTC,15056460,15474368,153256,0.96,50012,620184,201096,1.26,208708,515960,176
cloud-k3s-pool-workers-worker6,1,2026-06-06 08:45:21 UTC,15056460,15474368,153232,0.96,50012,620208,201096,1.26,208708,515960,204
cloud-k3s-pool-workers-worker6,1,2026-06-06 08:45:22 UTC,15056460,15474368,153224,0.96,50012,620216,201096,1.26,208708,515960,216
cloud-k3s-pool-workers-worker6,1,2026-06-06 08:45:23 UTC,15056460,15474368,153212,0.96,50012,620228,201096,1.26,208708,515960,320
cloud-k3s-pool-workers-worker6,1,2026-06-06 08:45:24 UTC,15056460,15474428,153204,0.96,50012,620236,201096,1.26,208708,516020,328
cloud-k3s-pool-workers-worker6,1,2026-06-06 08:45:25 UTC,15056460,15474444,153184,0.96,50020,620248,201096,1.26,208708,516036,56
cloud-k3s-pool-workers-worker6,1,2026-06-06 08:45:26 UTC,15056460,15474464,153176,0.96,50020,620256,201096,1.26,208708,516056,0
cloud-k3s-pool-workers-worker6,1,2026-06-06 08:45:27 UTC,15056460,15474464,153164,0.96,50020,620268,201096,1.26,208708,516056,20
cloud-k3s-pool-workers-worker6,1,2026-06-06 08:45:28 UTC,15056460,15474464,153156,0.96,50020,620276,201096,1.26,208708,516056,28
cloud-k3s-pool-workers-worker6,1,2026-06-06 08:45:29 UTC,15056460,15474468,153140,0.96,50020,620288,201096,1.26,208708,516056,200
cloud-k3s-pool-workers-worker6,1,2026-06-06 08:45:30 UTC,15056460,15474468,153132,0.96,50020,620296,201096,1.26,208708,516056,208
cloud-k3s-pool-workers-worker6,1,2026-06-06 08:45:31 UTC,15056460,15474468,153112,0.96,50028,620308,201096,1.26,208708,516056,248
cloud-k3s-pool-workers-worker6,1,2026-06-06 08:45:32 UTC,15056460,15474536,153100,0.96,50028,620320,201096,1.26,208708,516124,188
cloud-k3s-pool-workers-worker6,1,2026-06-06 08:45:33 UTC,15056460,15474536,153092,0.96,50028,620328,201096,1.26,208708,516124,40
cloud-k3s-pool-workers-worker6,1,2026-06-06 08:45:34 UTC,15056460,15474536,153080,0.96,50028,620340,201096,1.26,208708,516124,52
cloud-k3s-pool-workers-worker6,1,2026-06-06 08:45:35 UTC,15055204,15473280,154328,0.97,50028,620348,202456,1.27,209488,516124,60
cloud-k3s-pool-workers-worker6,1,2026-06-06 08:45:36 UTC,15055204,15473280,154316,0.97,50028,620360,203948,1.28,209748,516124,72
cloud-k3s-pool-workers-worker6,1,2026-06-06 08:45:37 UTC,15055204,15473280,154300,0.97,50036,620368,203948,1.28,210052,516124,248
cloud-k3s-pool-workers-worker6,1,2026-06-06 08:45:38 UTC,15055204,15473344,154288,0.97,50036,620380,203948,1.28,210052,516188,196
cloud-k3s-pool-workers-worker6,1,2026-06-06 08:45:39 UTC,15055204,15473344,154280,0.97,50036,620388,203948,1.28,210052,516188,48
cloud-k3s-pool-workers-worker6,1,2026-06-06 08:45:40 UTC,15055204,15473344,154268,0.97,50036,620400,203948,1.28,210052,516188,60
cloud-k3s-pool-workers-worker6,1,2026-06-06 08:45:41 UTC,15055204,15473344,154260,0.97,50036,620408,203948,1.28,210052,516188,68
cloud-k3s-pool-workers-worker6,1,2026-06-06 08:45:42 UTC,15055204,15473344,154260,0.97,50044,620400,203948,1.28,210052,516188,68
cloud-k3s-pool-workers-worker6,1,2026-06-06 08:45:43 UTC,15055204,15473392,154232,0.96,50044,620428,203948,1.28,210052,516236,240
cloud-k3s-pool-workers-worker6,1,2026-06-06 08:45:44 UTC,15053440,15471628,155996,0.98,50044,620428,205308,1.28,210832,516236,240
cloud-k3s-pool-workers-worker6,1,2026-06-06 08:45:45 UTC,15053188,15471404,156148,0.98,50044,620452,207156,1.30,211712,516264,292
cloud-k3s-pool-workers-worker6,1,2026-06-06 08:45:46 UTC,15052936,15471152,156392,0.98,50044,620460,207400,1.30,211712,516264,332
cloud-k3s-pool-workers-worker6,1,2026-06-06 08:45:47 UTC,15052936,15471152,156380,0.98,50052,620464,207400,1.30,211712,516264,348
cloud-k3s-pool-workers-worker6,1,2026-06-06 08:45:48 UTC,15052936,15471192,156372,0.98,50052,620472,203948,1.28,210152,516304,64
cloud-k3s-pool-workers-worker6,1,2026-06-06 08:45:49 UTC,15052936,15471200,156392,0.98,50052,620492,203948,1.28,210036,516312,216
cloud-k3s-pool-workers-worker6,1,2026-06-06 08:45:50 UTC,15052936,15471200,156384,0.98,50052,620500,203948,1.28,210036,516312,160
cloud-k3s-pool-workers-worker6,1,2026-06-06 08:45:51 UTC,15052936,15471200,156372,0.98,50052,620512,203948,1.28,210036,516312,168
cloud-k3s-pool-workers-worker6,1,2026-06-06 08:45:52 UTC,15052936,15471200,156364,0.98,50060,620512,203948,1.28,210036,516312,180
cloud-k3s-pool-workers-worker6,1,2026-06-06 08:45:53 UTC,15052936,15471200,156344,0.98,50060,620532,203948,1.28,210036,516312,72
cloud-k3s-pool-workers-worker6,1,2026-06-06 08:45:54 UTC,15052936,15471260,156336,0.98,50060,620540,203948,1.28,210036,516372,80
cloud-k3s-pool-workers-worker6,1,2026-06-06 08:45:55 UTC,15052936,15471260,156324,0.98,50060,620552,203948,1.28,210036,516372,92
cloud-k3s-pool-workers-worker6,1,2026-06-06 08:45:56 UTC,15052936,15471260,156312,0.98,50060,620564,203948,1.28,210036,516372,104
cloud-k3s-pool-workers-worker6,1,2026-06-06 08:45:57 UTC,15052936,15471260,156304,0.98,50068,620564,203948,1.28,210036,516372,12
cloud-k3s-pool-workers-worker6,1,2026-06-06 08:45:58 UTC,15052936,15471260,156292,0.98,50068,620576,203948,1.28,210036,516372,24
cloud-k3s-pool-workers-worker6,1,2026-06-06 08:45:59 UTC,15052936,15471260,156276,0.98,50068,620592,203948,1.28,210036,516372,192
cloud-k3s-pool-workers-worker6,1,2026-06-06 08:46:00 UTC,15052936,15471324,156260,0.98,50068,620604,203948,1.28,210036,516432,204
cloud-k3s-pool-workers-worker6,1,2026-06-06 08:46:01 UTC,15052936,15471324,156252,0.98,50068,620612,203948,1.28,210036,516432,212
cloud-k3s-pool-workers-worker6,1,2026-06-06 08:46:02 UTC,15052936,15471324,156240,0.98,50076,620616,203948,1.28,210036,516432,228
cloud-k3s-pool-workers-worker6,1,2026-06-06 08:46:03 UTC,15052936,15471324,156224,0.98,50076,620632,203948,1.28,210036,516432,40
cloud-k3s-pool-workers-worker6,1,2026-06-06 08:46:04 UTC,15052936,15471324,156212,0.98,50076,620644,203948,1.28,210036,516432,52
cloud-k3s-pool-workers-worker6,1,2026-06-06 08:46:05 UTC,15052936,15471324,156204,0.98,50076,620652,203948,1.28,210036,516432,60
cloud-k3s-pool-workers-worker6,1,2026-06-06 08:46:06 UTC,15052936,15471384,156192,0.98,50076,620664,203948,1.28,210036,516492,72
cloud-k3s-pool-workers-worker6,1,2026-06-06 08:46:07 UTC,15052936,15471384,156180,0.98,50084,620668,203948,1.28,210036,516492,84
cloud-k3s-pool-workers-worker6,1,2026-06-06 08:46:08 UTC,15052936,15471408,156168,0.98,50084,620680,203948,1.28,210036,516516,0
cloud-k3s-pool-workers-worker6,1,2026-06-06 08:46:09 UTC,15052936,15471440,156148,0.98,50084,620700,203948,1.28,210036,516548,16
cloud-k3s-pool-workers-worker6,1,2026-06-06 08:46:10 UTC,15052936,15471440,156140,0.98,50084,620708,203948,1.28,210036,516548,24
cloud-k3s-pool-workers-worker6,1,2026-06-06 08:46:11 UTC,15052936,15471440,156128,0.98,50084,620720,203948,1.28,210036,516548,36
cloud-k3s-pool-workers-worker6,1,2026-06-06 08:46:12 UTC,15052936,15471440,156128,0.98,50092,620712,203948,1.28,210036,516548,40
cloud-k3s-pool-workers-worker6,1,2026-06-06 08:46:13 UTC,15052936,15471440,156096,0.98,50092,620740,203948,1.28,210036,516548,248
cloud-k3s-pool-workers-worker6,1,2026-06-06 08:46:14 UTC,15052936,15471500,156088,0.98,50092,620748,203948,1.28,210036,516608,256
cloud-k3s-pool-workers-worker6,1,2026-06-06 08:46:15 UTC,15052936,15471504,156072,0.98,50092,620760,203948,1.28,210036,516608,208
cloud-k3s-pool-workers-worker6,1,2026-06-06 08:46:16 UTC,15052936,15471504,156072,0.98,50092,620760,203948,1.28,210036,516608,208
cloud-k3s-pool-workers-worker6,1,2026-06-06 08:46:17 UTC,15052432,15471032,156556,0.98,50100,620772,203948,1.28,210036,516640,200
cloud-k3s-pool-workers-worker6,1,2026-06-06 08:46:18 UTC,15052432,15471032,156548,0.98,50100,620780,203948,1.28,210036,516640,208
cloud-k3s-pool-workers-worker6,1,2026-06-06 08:46:19 UTC,15052432,15471032,156528,0.98,50100,620800,203948,1.28,210036,516640,56
cloud-k3s-pool-workers-worker6,1,2026-06-06 08:46:20 UTC,15052432,15471048,156472,0.98,50100,620812,207400,1.30,211752,516656,196
cloud-k3s-pool-workers-worker6,1,2026-06-06 08:46:21 UTC,15052432,15471048,156464,0.98,50100,620820,207400,1.30,211752,516656,208
cloud-k3s-pool-workers-worker6,1,2026-06-06 08:46:22 UTC,15052432,15471048,156440,0.98,50108,620836,207400,1.30,211752,516656,352
cloud-k3s-pool-workers-worker6,1,2026-06-06 08:46:23 UTC,15052432,15471060,156488,0.98,50108,620836,203948,1.28,210076,516668,104
cloud-k3s-pool-workers-worker6,1,2026-06-06 08:46:24 UTC,15060232,15478860,148688,0.93,50108,620836,203948,1.28,210076,516668,104
cloud-k3s-pool-workers-worker6,1,2026-06-06 08:46:25 UTC,15060232,15478920,148660,0.93,50108,620864,203948,1.28,210076,516728,100
cloud-k3s-pool-workers-worker6,1,2026-06-06 08:46:26 UTC,15060232,15478952,148648,0.93,50108,620876,203948,1.28,210076,516760,40
cloud-k3s-pool-workers-worker6,1,2026-06-06 08:46:27 UTC,15060232,15478952,148640,0.93,50116,620876,203948,1.28,210076,516760,48
cloud-k3s-pool-workers-worker6,1,2026-06-06 08:46:28 UTC,15060232,15478972,148628,0.93,50116,620888,203948,1.28,210076,516780,0
cloud-k3s-pool-workers-worker6,1,2026-06-06 08:46:29 UTC,15060232,15478972,148608,0.93,50116,620904,203948,1.28,210076,516780,36
cloud-k3s-pool-workers-worker6,1,2026-06-06 08:46:30 UTC,15060232,15478972,148596,0.93,50116,620916,203948,1.28,210076,516780,48
cloud-k3s-pool-workers-worker6,1,2026-06-06 08:46:31 UTC,15060232,15478972,148588,0.93,50116,620924,203948,1.28,210076,516780,56
cloud-k3s-pool-workers-worker6,1,2026-06-06 08:46:32 UTC,15060232,15479012,148576,0.93,50124,620928,203948,1.28,210076,516820,64
cloud-k3s-pool-workers-worker6,1,2026-06-06 08:46:33 UTC,15060232,15479012,148556,0.93,50124,620948,203948,1.28,210076,516820,204
cloud-k3s-pool-workers-worker6,1,2026-06-06 08:46:34 UTC,15060232,15479012,148548,0.93,50124,620956,203948,1.28,210076,516820,212
cloud-k3s-pool-workers-worker6,1,2026-06-06 08:46:35 UTC,15060232,15479012,148536,0.93,50124,620968,203948,1.28,210076,516820,224
cloud-k3s-pool-workers-worker6,1,2026-06-06 08:46:36 UTC,15060232,15479012,148528,0.93,50124,620976,203948,1.28,210076,516820,232
cloud-k3s-pool-workers-worker6,1,2026-06-06 08:46:37 UTC,15060008,15478840,148740,0.93,50132,620980,203948,1.28,210076,516872,48
cloud-k3s-pool-workers-worker6,1,2026-06-06 08:46:38 UTC,15060008,15478840,148732,0.93,50132,620988,203948,1.28,210076,516872,0
cloud-k3s-pool-workers-worker6,1,2026-06-06 08:46:39 UTC,15060008,15478840,148712,0.93,50132,621008,203948,1.28,210076,516872,20
cloud-k3s-pool-workers-worker6,1,2026-06-06 08:46:40 UTC,15060008,15478840,148704,0.93,50132,621016,203948,1.28,210076,516872,28
cloud-k3s-pool-workers-worker6,1,2026-06-06 08:46:41 UTC,15060008,15478840,148692,0.93,50132,621028,203948,1.28,210076,516872,40
cloud-k3s-pool-workers-worker6,1,2026-06-06 08:46:42 UTC,15060008,15478840,148684,0.93,50132,621036,203948,1.28,210076,516872,48
cloud-k3s-pool-workers-worker6,1,2026-06-06 08:46:43 UTC,15060008,15478900,148664,0.93,50140,621048,203948,1.28,210076,516932,88
cloud-k3s-pool-workers-worker6,1,2026-06-06 08:46:44 UTC,15057744,15476672,150912,0.94,50140,621060,207152,1.30,211636,516964,184
cloud-k3s-pool-workers-worker6,1,2026-06-06 08:46:45 UTC,15057744,15476672,150844,0.94,50140,621068,207396,1.30,211708,516964,232
cloud-k3s-pool-workers-worker6,1,2026-06-06 08:46:46 UTC,15057240,15476168,151304,0.95,50140,621080,208756,1.31,212820,516964,244
cloud-k3s-pool-workers-worker6,1,2026-06-06 08:46:47 UTC,15057240,15476168,151304,0.95,50140,621080,205308,1.28,211240,516964,360
cloud-k3s-pool-workers-worker6,1,2026-06-06 08:46:48 UTC,15057240,15476172,151340,0.95,50148,621104,203948,1.28,210072,516968,428
cloud-k3s-pool-workers-worker6,1,2026-06-06 08:46:49 UTC,15057240,15476232,151332,0.95,50148,621112,203948,1.28,210072,517028,436
cloud-k3s-pool-workers-worker6,1,2026-06-06 08:46:50 UTC,15056988,15475992,151572,0.95,50148,621124,203948,1.28,210072,517040,124
cloud-k3s-pool-workers-worker6,1,2026-06-06 08:46:51 UTC,15056988,15476004,151564,0.95,50148,621132,203948,1.28,210072,517052,44
cloud-k3s-pool-workers-worker6,1,2026-06-06 08:46:52 UTC,15056988,15476004,151532,0.95,50148,621144,206800,1.29,211368,517052,60
cloud-k3s-pool-workers-worker6,1,2026-06-06 08:46:53 UTC,15056988,15476004,151496,0.95,50156,621144,207400,1.30,211776,517052,308
cloud-k3s-pool-workers-worker6,1,2026-06-06 08:46:54 UTC,15056988,15476004,151496,0.95,50156,621144,207400,1.30,211776,517052,308
cloud-k3s-pool-workers-worker6,1,2026-06-06 08:46:55 UTC,15056988,15476004,151472,0.95,50156,621172,203948,1.28,210216,517052,404
cloud-k3s-pool-workers-worker6,1,2026-06-06 08:46:56 UTC,15056988,15476004,151472,0.95,50156,621172,203948,1.28,210216,517052,404
cloud-k3s-pool-workers-worker6,1,2026-06-06 08:46:57 UTC,15056988,15476076,151488,0.95,50156,621196,203948,1.28,210048,517124,56
cloud-k3s-pool-workers-worker6,1,2026-06-06 08:46:58 UTC,15056988,15476076,151480,0.95,50156,621204,206800,1.29,211268,517124,12
cloud-k3s-pool-workers-worker6,1,2026-06-06 08:46:59 UTC,15056988,15476084,151452,0.95,50156,621216,206800,1.29,211408,517132,36
cloud-k3s-pool-workers-worker6,1,2026-06-06 08:47:00 UTC,15056988,15476084,151436,0.95,50164,621224,206800,1.29,211408,517132,84
cloud-k3s-pool-workers-worker6,1,2026-06-06 08:47:01 UTC,15056988,15476092,151392,0.95,50164,621236,207400,1.30,211724,517140,104
cloud-k3s-pool-workers-worker6,1,2026-06-06 08:47:02 UTC,15056988,15476140,151384,0.95,50164,621244,207400,1.30,211724,517188,312
cloud-k3s-pool-workers-worker6,1,2026-06-06 08:47:03 UTC,15056736,15475900,151624,0.95,50164,621256,207400,1.30,211724,517200,212
cloud-k3s-pool-workers-worker6,1,2026-06-06 08:47:04 UTC,15056736,15475900,151616,0.95,50164,621264,203948,1.28,210164,517200,240
cloud-k3s-pool-workers-worker6,1,2026-06-06 08:47:05 UTC,15056736,15475920,151648,0.95,50164,621276,203948,1.28,210032,517220,212
cloud-k3s-pool-workers-worker6,1,2026-06-06 08:47:06 UTC,15056232,15475432,152136,0.95,50172,621284,203948,1.28,210032,517236,244
cloud-k3s-pool-workers-worker6,1,2026-06-06 08:47:07 UTC,15056232,15475432,152124,0.95,50172,621296,203948,1.28,210032,517236,260
cloud-k3s-pool-workers-worker6,1,2026-06-06 08:47:08 UTC,15056232,15475432,152112,0.95,50172,621308,203948,1.28,210032,517236,272
cloud-k3s-pool-workers-worker6,1,2026-06-06 08:47:09 UTC,15056232,15475432,152104,0.95,50172,621316,203948,1.28,210032,517236,52
cloud-k3s-pool-workers-worker6,1,2026-06-06 08:47:10 UTC,15056232,15475432,152092,0.95,50172,621328,203948,1.28,210032,517236,64
cloud-k3s-pool-workers-worker6,1,2026-06-06 08:47:11 UTC,15056232,15475432,152084,0.95,50172,621336,203948,1.28,210032,517236,36
cloud-k3s-pool-workers-worker6,1,2026-06-06 08:47:12 UTC,15056232,15475492,152072,0.95,50180,621340,203948,1.28,210032,517296,48
cloud-k3s-pool-workers-worker6,1,2026-06-06 08:47:13 UTC,15056232,15475500,152056,0.95,50180,621356,203948,1.28,210032,517304,244
cloud-k3s-pool-workers-worker6,1,2026-06-06 08:47:14 UTC,15056232,15475500,152044,0.95,50180,621368,202588,1.27,208992,517304,192
cloud-k3s-pool-workers-worker6,1,2026-06-06 08:47:15 UTC,15055224,15474496,153044,0.96,50180,621376,202588,1.27,208916,517304,204
cloud-k3s-pool-workers-worker6,1,2026-06-06 08:47:16 UTC,15055224,15474496,153032,0.96,50180,621388,202588,1.27,208916,517304,216
cloud-k3s-pool-workers-worker6,1,2026-06-06 08:47:17 UTC,15055224,15474496,153016,0.96,50188,621396,202588,1.27,208916,517304,220
cloud-k3s-pool-workers-worker6,1,2026-06-06 08:47:18 UTC,15055224,15474556,153004,0.96,50188,621408,202588,1.27,208916,517364,232
cloud-k3s-pool-workers-worker6,1,2026-06-06 08:47:19 UTC,15055224,15474556,152992,0.96,50188,621420,202588,1.27,208916,517364,84
cloud-k3s-pool-workers-worker6,1,2026-06-06 08:47:20 UTC,15055224,15474556,152984,0.96,50188,621428,202588,1.27,208916,517364,28
cloud-k3s-pool-workers-worker6,1,2026-06-06 08:47:21 UTC,15055224,15474556,152972,0.96,50188,621440,202588,1.27,208916,517364,44
cloud-k3s-pool-workers-worker6,1,2026-06-06 08:47:22 UTC,15055224,15474556,152964,0.96,50196,621440,202588,1.27,208916,517364,52
cloud-k3s-pool-workers-worker6,1,2026-06-06 08:47:23 UTC,15055224,15474572,152944,0.96,50196,621460,202588,1.27,208916,517380,36
cloud-k3s-pool-workers-worker6,1,2026-06-06 08:47:24 UTC,15055224,15474632,152936,0.96,50196,621468,202588,1.27,208916,517440,44
cloud-k3s-pool-workers-worker6,1,2026-06-06 08:47:25 UTC,15055224,15474632,152924,0.96,50196,621480,202588,1.27,208916,517440,56
cloud-k3s-pool-workers-worker6,1,2026-06-06 08:47:26 UTC,15055224,15474632,152916,0.96,50196,621488,203948,1.28,209696,517440,64
cloud-k3s-pool-workers-worker6,1,2026-06-06 08:47:27 UTC,15055224,15474632,152908,0.96,50204,621492,203948,1.28,210048,517440,180
cloud-k3s-pool-workers-worker6,1,2026-06-06 08:47:28 UTC,15055224,15474632,152900,0.96,50204,621500,203948,1.28,210048,517440,188
cloud-k3s-pool-workers-worker6,1,2026-06-06 08:47:29 UTC,15055224,15474632,152880,0.96,50204,621520,203948,1.28,210048,517440,220
cloud-k3s-pool-workers-worker6,1,2026-06-06 08:47:30 UTC,15055224,15474692,152868,0.96,50204,621528,203948,1.28,210048,517500,228
cloud-k3s-pool-workers-worker6,1,2026-06-06 08:47:31 UTC,15055224,15474692,152856,0.96,50204,621540,203948,1.28,210048,517500,240
cloud-k3s-pool-workers-worker6,1,2026-06-06 08:47:32 UTC,15055224,15474692,152844,0.96,50212,621544,203948,1.28,210048,517500,252
cloud-k3s-pool-workers-worker6,1,2026-06-06 08:47:33 UTC,15055224,15474708,152828,0.96,50212,621560,203948,1.28,210048,517516,12
cloud-k3s-pool-workers-worker6,1,2026-06-06 08:47:34 UTC,15055224,15474708,152816,0.96,50212,621572,203948,1.28,210048,517516,24
cloud-k3s-pool-workers-worker6,1,2026-06-06 08:47:35 UTC,15055224,15474708,152808,0.96,50212,621580,201096,1.26,209008,517516,32
cloud-k3s-pool-workers-worker6,1,2026-06-06 08:47:36 UTC,15055224,15474768,152796,0.96,50212,621592,201096,1.26,209008,517576,44
cloud-k3s-pool-workers-worker6,1,2026-06-06 08:47:37 UTC,15055224,15474768,152784,0.96,50220,621600,201096,1.26,208700,517576,72
cloud-k3s-pool-workers-worker6,1,2026-06-06 08:47:38 UTC,15055224,15474776,152772,0.96,50220,621612,201096,1.26,208700,517584,20
cloud-k3s-pool-workers-worker6,1,2026-06-06 08:47:39 UTC,15055224,15474776,152764,0.96,50220,621620,199736,1.25,207660,517584,272
cloud-k3s-pool-workers-worker6,1,2026-06-06 08:47:40 UTC,15054748,15474300,153228,0.96,50220,621632,203188,1.27,209020,517584,340
cloud-k3s-pool-workers-worker6,1,2026-06-06 08:47:41 UTC,15054748,15474300,153232,0.96,50220,621640,203188,1.27,209252,517584,352
cloud-k3s-pool-workers-worker6,1,2026-06-06 08:47:42 UTC,15054496,15474116,153472,0.96,50228,621644,206636,1.29,210788,517652,32
cloud-k3s-pool-workers-worker6,1,2026-06-06 08:47:43 UTC,15054496,15474124,153416,0.96,50228,621664,206636,1.29,210932,517660,228
cloud-k3s-pool-workers-worker6,1,2026-06-06 08:47:44 UTC,15054496,15474124,153408,0.96,50228,621672,206636,1.29,210948,517660,188
cloud-k3s-pool-workers-worker6,1,2026-06-06 08:47:45 UTC,15057360,15477024,150528,0.94,50228,621684,199736,1.25,207828,517692,200
cloud-k3s-pool-workers-worker6,1,2026-06-06 08:47:46 UTC,15057360,15477024,150520,0.94,50228,621692,199736,1.25,207828,517692,208
cloud-k3s-pool-workers-worker6,1,2026-06-06 08:47:47 UTC,15057276,15476960,150604,0.94,50236,621704,199736,1.25,207536,517712,104
cloud-k3s-pool-workers-worker6,1,2026-06-06 08:47:48 UTC,15057276,15476960,150596,0.94,50236,621712,199736,1.25,207536,517712,112
cloud-k3s-pool-workers-worker6,1,2026-06-06 08:47:49 UTC,15057276,15476960,150584,0.94,50236,621724,199736,1.25,207536,517712,88
cloud-k3s-pool-workers-worker6,1,2026-06-06 08:47:50 UTC,15057276,15476988,150576,0.94,50236,621732,199736,1.25,207536,517740,32
cloud-k3s-pool-workers-worker6,1,2026-06-06 08:47:51 UTC,15057276,15476988,150564,0.94,50236,621744,199736,1.25,207536,517740,48
cloud-k3s-pool-workers-worker6,1,2026-06-06 08:47:52 UTC,15057276,15476988,150564,0.94,50244,621736,199736,1.25,207536,517740,48
cloud-k3s-pool-workers-worker6,1,2026-06-06 08:47:53 UTC,15057276,15477020,150536,0.94,50244,621764,199736,1.25,207536,517772,40
cloud-k3s-pool-workers-worker6,1,2026-06-06 08:47:54 UTC,15057276,15477020,150528,0.94,50244,621772,199736,1.25,207536,517772,48
cloud-k3s-pool-workers-worker6,1,2026-06-06 08:47:55 UTC,15057276,15477020,150516,0.94,50244,621784,199736,1.25,207536,517772,60
cloud-k3s-pool-workers-worker6,1,2026-06-06 08:47:56 UTC,15057276,15477052,150504,0.94,50244,621796,199736,1.25,207536,517804,4
cloud-k3s-pool-workers-worker6,1,2026-06-06 08:47:57 UTC,15057276,15477052,150496,0.94,50252,621796,199736,1.25,207536,517804,16
cloud-k3s-pool-workers-worker6,1,2026-06-06 08:47:58 UTC,15057276,15477052,150484,0.94,50252,621808,199736,1.25,207536,517804,28
cloud-k3s-pool-workers-worker6,1,2026-06-06 08:47:59 UTC,15057276,15477052,150468,0.94,50252,621824,199736,1.25,207536,517804,216
cloud-k3s-pool-workers-worker6,1,2026-06-06 08:48:00 UTC,15057276,15477052,150456,0.94,50252,621836,199736,1.25,207536,517804,228
cloud-k3s-pool-workers-worker6,1,2026-06-06 08:48:01 UTC,15057276,15477056,150444,0.94,50252,621844,199736,1.25,207536,517804,236
cloud-k3s-pool-workers-worker6,1,2026-06-06 08:48:02 UTC,15057276,15477056,150444,0.94,50260,621836,199736,1.25,207536,517804,236
cloud-k3s-pool-workers-worker6,1,2026-06-06 08:48:03 UTC,15057276,15477116,150448,0.94,50260,621864,199736,1.25,207536,517864,16
cloud-k3s-pool-workers-worker6,1,2026-06-06 08:48:04 UTC,15057276,15477116,150436,0.94,50260,621876,199736,1.25,207536,517864,28
cloud-k3s-pool-workers-worker6,1,2026-06-06 08:48:05 UTC,15057276,15477116,150428,0.94,50260,621884,199736,1.25,207536,517864,36
cloud-k3s-pool-workers-worker6,1,2026-06-06 08:48:06 UTC,15057276,15477116,150428,0.94,50260,621884,199736,1.25,207536,517864,36
cloud-k3s-pool-workers-worker6,1,2026-06-06 08:48:07 UTC,15057276,15477116,150404,0.94,50268,621900,199736,1.25,207536,517864,60
cloud-k3s-pool-workers-worker6,1,2026-06-06 08:48:08 UTC,15057024,15476924,150648,0.94,50268,621908,199736,1.25,207536,517924,68
cloud-k3s-pool-workers-worker6,1,2026-06-06 08:48:09 UTC,15057024,15476924,150628,0.94,50268,621928,199736,1.25,207592,517924,24
cloud-k3s-pool-workers-worker6,1,2026-06-06 08:48:10 UTC,15057024,15476924,150620,0.94,50268,621936,199736,1.25,207592,517924,32
cloud-k3s-pool-workers-worker6,1,2026-06-06 08:48:11 UTC,15057024,15476924,150608,0.94,50268,621948,199736,1.25,207592,517924,44
cloud-k3s-pool-workers-worker6,1,2026-06-06 08:48:12 UTC,15057024,15476924,150600,0.94,50276,621948,199736,1.25,207592,517924,56
cloud-k3s-pool-workers-worker6,1,2026-06-06 08:48:13 UTC,15057024,15476924,150580,0.94,50276,621968,199736,1.25,207596,517924,224
cloud-k3s-pool-workers-worker6,1,2026-06-06 08:48:14 UTC,15057024,15476984,150572,0.94,50276,621976,199736,1.25,207596,517984,232
cloud-k3s-pool-workers-worker6,1,2026-06-06 08:48:15 UTC,15057024,15476984,150560,0.94,50276,621988,199736,1.25,207596,517984,184
cloud-k3s-pool-workers-worker6,1,2026-06-06 08:48:16 UTC,15057024,15476984,150548,0.94,50276,621996,199736,1.25,207596,517984,192
cloud-k3s-pool-workers-worker6,1,2026-06-06 08:48:17 UTC,15056772,15476784,150784,0.94,50276,622012,203184,1.27,209232,518036,332
cloud-k3s-pool-workers-worker6,1,2026-06-06 08:48:18 UTC,15056772,15476784,150768,0.94,50284,622020,203184,1.27,209252,518036,92
cloud-k3s-pool-workers-worker6,1,2026-06-06 08:48:19 UTC,15056772,15476784,150752,0.94,50284,622036,203184,1.27,209252,518036,104
cloud-k3s-pool-workers-worker6,1,2026-06-06 08:48:20 UTC,15056772,15476852,150740,0.94,50284,622048,199736,1.25,207692,518104,48
cloud-k3s-pool-workers-worker6,1,2026-06-06 08:48:21 UTC,15056772,15476860,150732,0.94,50284,622056,199736,1.25,207596,518112,224
cloud-k3s-pool-workers-worker6,1,2026-06-06 08:48:22 UTC,15056772,15476860,150720,0.94,50284,622068,199736,1.25,207596,518112,324
cloud-k3s-pool-workers-worker6,1,2026-06-06 08:48:23 UTC,15056772,15476860,150720,0.94,50284,622068,199736,1.25,207596,518112,324
cloud-k3s-pool-workers-worker6,1,2026-06-06 08:48:24 UTC,15056772,15476860,150720,0.94,50292,622060,201096,1.26,208376,518112,324
cloud-k3s-pool-workers-worker6,1,2026-06-06 08:48:25 UTC,15056772,15476908,150684,0.94,50292,622096,201096,1.26,208672,518160,96
cloud-k3s-pool-workers-worker6,1,2026-06-06 08:48:26 UTC,15056772,15476908,150672,0.94,50292,622108,201096,1.26,208672,518160,44
cloud-k3s-pool-workers-worker6,1,2026-06-06 08:48:27 UTC,15056772,15476908,150664,0.94,50292,622116,202584,1.27,208916,518160,60
cloud-k3s-pool-workers-worker6,1,2026-06-06 08:48:28 UTC,15056772,15476908,150652,0.94,50292,622128,202920,1.27,209176,518160,76
cloud-k3s-pool-workers-worker6,1,2026-06-06 08:48:29 UTC,15056772,15476916,150616,0.94,50300,622136,202920,1.27,209220,518168,268
cloud-k3s-pool-workers-worker6,1,2026-06-06 08:48:30 UTC,15056772,15476976,150604,0.94,50300,622148,202920,1.27,209220,518228,308
cloud-k3s-pool-workers-worker6,1,2026-06-06 08:48:31 UTC,15056772,15476980,150588,0.94,50300,622160,202920,1.27,209220,518228,320
cloud-k3s-pool-workers-worker6,1,2026-06-06 08:48:32 UTC,15056772,15477000,150580,0.94,50300,622168,202920,1.27,209220,518248,0
cloud-k3s-pool-workers-worker6,1,2026-06-06 08:48:33 UTC,15055008,15475236,152324,0.95,50300,622180,202924,1.27,209196,518248,196
cloud-k3s-pool-workers-worker6,1,2026-06-06 08:48:34 UTC,15058924,15479152,148408,0.93,50300,622180,202924,1.27,209196,518248,196
cloud-k3s-pool-workers-worker6,1,2026-06-06 08:48:35 UTC,15058924,15479184,148380,0.93,50308,622200,202924,1.27,209196,518280,252
cloud-k3s-pool-workers-worker6,1,2026-06-06 08:48:36 UTC,15058924,15479184,148372,0.93,50308,622208,202924,1.27,209196,518280,260
cloud-k3s-pool-workers-worker6,1,2026-06-06 08:48:37 UTC,15058420,15478680,148880,0.93,50308,622220,199736,1.25,207564,518280,396
cloud-k3s-pool-workers-worker6,1,2026-06-06 08:48:38 UTC,15058420,15478688,148872,0.93,50308,622228,199736,1.25,207564,518288,104
cloud-k3s-pool-workers-worker6,1,2026-06-06 08:48:39 UTC,15058420,15478688,148860,0.93,50308,622240,199736,1.25,207596,518288,56
cloud-k3s-pool-workers-worker6,1,2026-06-06 08:48:40 UTC,15058420,15478688,148852,0.93,50308,622248,199736,1.25,207596,518288,64
cloud-k3s-pool-workers-worker6,1,2026-06-06 08:48:41 UTC,15058420,15478748,148832,0.93,50316,622260,199736,1.25,207596,518348,76
cloud-k3s-pool-workers-worker6,1,2026-06-06 08:48:42 UTC,15058420,15478748,148824,0.93,50316,622268,199736,1.25,207596,518348,248
cloud-k3s-pool-workers-worker6,1,2026-06-06 08:48:43 UTC,15053664,15474000,153560,0.96,50316,622280,203184,1.27,209236,518356,384
cloud-k3s-pool-workers-worker6,1,2026-06-06 08:48:44 UTC,15053664,15474000,153548,0.96,50316,622292,203184,1.27,209264,518356,328
cloud-k3s-pool-workers-worker6,1,2026-06-06 08:48:45 UTC,15053664,15474000,153540,0.96,50316,622300,203184,1.27,209264,518356,340
cloud-k3s-pool-workers-worker6,1,2026-06-06 08:48:46 UTC,15053664,15474000,153532,0.96,50316,622312,199736,1.25,207624,518356,352
cloud-k3s-pool-workers-worker6,1,2026-06-06 08:48:47 UTC,15053664,15474060,153516,0.96,50324,622320,199736,1.25,207580,518416,132
cloud-k3s-pool-workers-worker6,1,2026-06-06 08:48:48 UTC,15053664,15474060,153504,0.96,50324,622332,199736,1.25,207580,518416,140
cloud-k3s-pool-workers-worker6,1,2026-06-06 08:48:49 UTC,15053664,15474060,153496,0.96,50324,622340,199736,1.25,207596,518416,88
cloud-k3s-pool-workers-worker6,1,2026-06-06 08:48:50 UTC,15053664,15474060,153484,0.96,50324,622352,199736,1.25,207596,518416,36
cloud-k3s-pool-workers-worker6,1,2026-06-06 08:48:51 UTC,15053664,15474060,153476,0.96,50324,622360,199736,1.25,207596,518416,48
cloud-k3s-pool-workers-worker6,1,2026-06-06 08:48:52 UTC,15053664,15474060,153476,0.96,50332,622352,199736,1.25,207596,518416,48
cloud-k3s-pool-workers-worker6,1,2026-06-06 08:48:53 UTC,15053664,15474060,153448,0.96,50332,622380,199736,1.25,207596,518416,60
cloud-k3s-pool-workers-worker6,1,2026-06-06 08:48:54 UTC,15053664,15474060,153436,0.96,50332,622392,199736,1.25,207596,518416,72
cloud-k3s-pool-workers-worker6,1,2026-06-06 08:48:55 UTC,15053664,15474060,153424,0.96,50332,622404,199736,1.25,207596,518416,84
cloud-k3s-pool-workers-worker6,1,2026-06-06 08:48:56 UTC,15053664,15474120,153416,0.96,50332,622412,199736,1.25,207596,518476,92
cloud-k3s-pool-workers-worker6,1,2026-06-06 08:48:57 UTC,15053664,15474120,153396,0.96,50340,622424,199736,1.25,207596,518476,48
cloud-k3s-pool-workers-worker6,1,2026-06-06 08:48:58 UTC,15053664,15474120,153396,0.96,50340,622424,199736,1.25,207596,518476,20
cloud-k3s-pool-workers-worker6,1,2026-06-06 08:48:59 UTC,15053664,15474128,153376,0.96,50340,622444,199736,1.25,207596,518484,196
cloud-k3s-pool-workers-worker6,1,2026-06-06 08:49:00 UTC,15053664,15474128,153368,0.96,50340,622452,199736,1.25,207596,518484,204
cloud-k3s-pool-workers-worker6,1,2026-06-06 08:49:01 UTC,15053664,15474188,153356,0.96,50340,622464,199736,1.25,207596,518544,216
cloud-k3s-pool-workers-worker6,1,2026-06-06 08:49:02 UTC,15053664,15474204,153340,0.96,50348,622472,199736,1.25,207596,518560,12
cloud-k3s-pool-workers-worker6,1,2026-06-06 08:49:03 UTC,15053664,15474204,153324,0.96,50348,622488,199736,1.25,207596,518560,48
cloud-k3s-pool-workers-worker6,1,2026-06-06 08:49:04 UTC,15053664,15474204,153316,0.96,50348,622496,199736,1.25,207596,518560,56
cloud-k3s-pool-workers-worker6,1,2026-06-06 08:49:05 UTC,15053664,15474204,153304,0.96,50348,622508,199736,1.25,207596,518560,68
cloud-k3s-pool-workers-worker6,1,2026-06-06 08:49:06 UTC,15053412,15473956,153544,0.96,50348,622516,199736,1.25,207596,518560,76
cloud-k3s-pool-workers-worker6,1,2026-06-06 08:49:07 UTC,15053412,15474016,153524,0.96,50356,622528,199736,1.25,207596,518620,80
cloud-k3s-pool-workers-worker6,1,2026-06-06 08:49:08 UTC,15053412,15474016,153512,0.96,50356,622540,199736,1.25,207596,518620,92
cloud-k3s-pool-workers-worker6,1,2026-06-06 08:49:09 UTC,15053412,15474016,153504,0.96,50356,622548,199736,1.25,207596,518620,12
cloud-k3s-pool-workers-worker6,1,2026-06-06 08:49:10 UTC,15053412,15474016,153492,0.96,50356,622560,199736,1.25,207596,518620,24
cloud-k3s-pool-workers-worker6,1,2026-06-06 08:49:11 UTC,15053412,15474016,153484,0.96,50356,622568,199736,1.25,207596,518620,32
cloud-k3s-pool-workers-worker6,1,2026-06-06 08:49:12 UTC,15053412,15474076,153464,0.96,50364,622580,199736,1.25,207596,518680,68
cloud-k3s-pool-workers-worker6,1,2026-06-06 08:49:13 UTC,15053412,15474076,153456,0.96,50364,622588,199736,1.25,207596,518680,240
cloud-k3s-pool-workers-worker6,1,2026-06-06 08:49:14 UTC,15053412,15474076,153456,0.96,50364,622588,199736,1.25,207596,518680,240
cloud-k3s-pool-workers-worker6,1,2026-06-06 08:49:15 UTC,15053412,15474096,153436,0.96,50364,622608,199736,1.25,207596,518700,200
cloud-k3s-pool-workers-worker6,1,2026-06-06 08:49:16 UTC,15053412,15474096,153424,0.96,50364,622620,199736,1.25,207596,518700,212
cloud-k3s-pool-workers-worker6,1,2026-06-06 08:49:17 UTC,15053412,15474096,153404,0.96,50372,622628,199736,1.25,207596,518700,220
cloud-k3s-pool-workers-worker6,1,2026-06-06 08:49:18 UTC,15053412,15474096,153392,0.96,50372,622640,199736,1.25,207596,518700,232
cloud-k3s-pool-workers-worker6,1,2026-06-06 08:49:19 UTC,15053412,15474156,153380,0.96,50372,622652,199736,1.25,207596,518760,56
cloud-k3s-pool-workers-worker6,1,2026-06-06 08:49:20 UTC,15053412,15474156,153380,0.96,50372,622652,202584,1.27,208900,518760,56
cloud-k3s-pool-workers-worker6,1,2026-06-06 08:49:21 UTC,15053412,15474176,153360,0.96,50372,622672,202712,1.27,208924,518780,16
cloud-k3s-pool-workers-worker6,1,2026-06-06 08:49:22 UTC,15053412,15474192,153332,0.96,50380,622680,202940,1.27,209232,518796,284
cloud-k3s-pool-workers-worker6,1,2026-06-06 08:49:23 UTC,15053412,15474204,153320,0.96,50380,622692,203184,1.27,209268,518808,72
cloud-k3s-pool-workers-worker6,1,2026-06-06 08:49:24 UTC,15053412,15474204,153312,0.96,50380,622700,203184,1.27,209268,518808,80
cloud-k3s-pool-workers-worker6,1,2026-06-06 08:49:25 UTC,15053412,15474204,153300,0.96,50380,622712,203184,1.27,209268,518808,92
cloud-k3s-pool-workers-worker6,1,2026-06-06 08:49:26 UTC,15053412,15474204,153300,0.96,50380,622712,203184,1.27,209268,518808,92
cloud-k3s-pool-workers-worker6,1,2026-06-06 08:49:27 UTC,15053412,15474252,153272,0.96,50388,622732,203184,1.27,209268,518856,284
cloud-k3s-pool-workers-worker6,1,2026-06-06 08:49:28 UTC,15053412,15474260,153272,0.96,50388,622740,199736,1.25,207588,518864,60
cloud-k3s-pool-workers-worker6,1,2026-06-06 08:49:29 UTC,15053412,15474260,153260,0.96,50388,622752,199736,1.25,207596,518864,40
cloud-k3s-pool-workers-worker6,1,2026-06-06 08:49:30 UTC,15053412,15474260,153248,0.96,50388,622764,199736,1.25,207596,518864,52
cloud-k3s-pool-workers-worker6,1,2026-06-06 08:49:31 UTC,15053412,15474260,153240,0.96,50388,622772,199736,1.25,207596,518864,60
cloud-k3s-pool-workers-worker6,1,2026-06-06 08:49:32 UTC,15053412,15474308,153216,0.96,50396,622784,201096,1.26,208608,518908,100
cloud-k3s-pool-workers-worker6,1,2026-06-06 08:49:33 UTC,15053412,15474308,153208,0.96,50396,622792,201096,1.26,208688,518908,200
cloud-k3s-pool-workers-worker6,1,2026-06-06 08:49:34 UTC,15053412,15474308,153208,0.96,50396,622792,201096,1.26,208688,518908,200
cloud-k3s-pool-workers-worker6,1,2026-06-06 08:49:35 UTC,15053412,15474344,153188,0.96,50396,622812,201096,1.26,208712,518944,220
cloud-k3s-pool-workers-worker6,1,2026-06-06 08:49:36 UTC,15053412,15474344,153176,0.96,50396,622824,201096,1.26,208712,518944,232
cloud-k3s-pool-workers-worker6,1,2026-06-06 08:49:37 UTC,15053412,15474344,153160,0.96,50404,622832,201096,1.26,208712,518944,244
cloud-k3s-pool-workers-worker6,1,2026-06-06 08:49:38 UTC,15053412,15474384,153152,0.96,50404,622844,199736,1.25,207628,518984,260
cloud-k3s-pool-workers-worker6,1,2026-06-06 08:49:39 UTC,15053412,15474384,153144,0.96,50404,622852,199736,1.25,207596,518984,164
cloud-k3s-pool-workers-worker6,1,2026-06-06 08:49:40 UTC,15053412,15474384,153132,0.96,50404,622864,199736,1.25,207596,518984,176
cloud-k3s-pool-workers-worker6,1,2026-06-06 08:49:41 UTC,15052404,15473436,154132,0.96,50404,622872,199736,1.25,207596,519044,184
cloud-k3s-pool-workers-worker6,1,2026-06-06 08:49:42 UTC,15052404,15473436,154120,0.96,50412,622876,199736,1.25,207596,519044,196
cloud-k3s-pool-workers-worker6,1,2026-06-06 08:49:43 UTC,15052180,15473212,154324,0.97,50412,622896,202588,1.27,208652,519044,88
cloud-k3s-pool-workers-worker6,1,2026-06-06 08:49:44 UTC,15052180,15473212,154316,0.97,50412,622904,203188,1.27,208968,519044,228
cloud-k3s-pool-workers-worker6,1,2026-06-06 08:49:45 UTC,15051928,15472960,154524,0.97,50412,622916,206636,1.29,210928,519044,244
cloud-k3s-pool-workers-worker6,1,2026-06-06 08:49:46 UTC,15051928,15473020,154508,0.97,50412,622932,206636,1.29,210928,519104,260
cloud-k3s-pool-workers-worker6,1,2026-06-06 08:49:47 UTC,15051928,15473020,154496,0.97,50412,622944,203184,1.27,209368,519104,420
cloud-k3s-pool-workers-worker6,1,2026-06-06 08:49:48 UTC,15054028,15475120,152388,0.95,50420,622944,203184,1.27,209368,519104,436
cloud-k3s-pool-workers-worker6,1,2026-06-06 08:49:49 UTC,15053852,15474972,152544,0.95,50420,622964,204544,1.28,210372,519132,104
cloud-k3s-pool-workers-worker6,1,2026-06-06 08:49:50 UTC,15053600,15474720,152796,0.96,50420,622972,201096,1.26,208768,519132,192
cloud-k3s-pool-workers-worker6,1,2026-06-06 08:49:51 UTC,15053600,15474720,152792,0.96,50420,622984,202588,1.27,208864,519132,200
cloud-k3s-pool-workers-worker6,1,2026-06-06 08:49:52 UTC,15053600,15474780,152784,0.96,50420,622992,202588,1.27,208864,519192,212
cloud-k3s-pool-workers-worker6,1,2026-06-06 08:49:53 UTC,15053600,15474784,152760,0.96,50428,623004,202588,1.27,208908,519192,264
cloud-k3s-pool-workers-worker6,1,2026-06-06 08:49:54 UTC,15053600,15474784,152760,0.96,50428,623004,202588,1.27,208908,519192,264
cloud-k3s-pool-workers-worker6,1,2026-06-06 08:49:55 UTC,15053600,15474784,152740,0.96,50428,623024,202588,1.27,208956,519192,56
cloud-k3s-pool-workers-worker6,1,2026-06-06 08:49:56 UTC,15053600,15474784,152728,0.96,50428,623036,202588,1.27,208956,519192,68
cloud-k3s-pool-workers-worker6,1,2026-06-06 08:49:57 UTC,15053600,15474784,152720,0.96,50428,623044,202588,1.27,208956,519192,16
cloud-k3s-pool-workers-worker6,1,2026-06-06 08:49:58 UTC,15053600,15474844,152708,0.96,50428,623056,202588,1.27,208956,519252,28
cloud-k3s-pool-workers-worker6,1,2026-06-06 08:49:59 UTC,15053600,15474844,152692,0.96,50436,623064,202588,1.27,208956,519252,228
cloud-k3s-pool-workers-worker6,1,2026-06-06 08:50:00 UTC,15053600,15474844,152680,0.96,50436,623076,202588,1.27,208956,519252,240
cloud-k3s-pool-workers-worker6,1,2026-06-06 08:50:01 UTC,15053600,15474844,152672,0.96,50436,623084,202588,1.27,208956,519252,248
cloud-k3s-pool-workers-worker6,1,2026-06-06 08:50:02 UTC,15053600,15474844,152660,0.96,50436,623096,202588,1.27,208956,519252,260
cloud-k3s-pool-workers-worker6,1,2026-06-06 08:50:03 UTC,15053600,15474844,152652,0.96,50436,623104,202588,1.27,208956,519252,44
cloud-k3s-pool-workers-worker6,1,2026-06-06 08:50:04 UTC,15053600,15474904,152636,0.95,50436,623116,202588,1.27,208956,519312,24
cloud-k3s-pool-workers-worker6,1,2026-06-06 08:50:05 UTC,15051836,15473140,154384,0.97,50444,623124,202588,1.27,209076,519312,68
cloud-k3s-pool-workers-worker6,1,2026-06-06 08:50:06 UTC,15051836,15473140,154372,0.97,50444,623136,202588,1.27,209076,519312,80
cloud-k3s-pool-workers-worker6,1,2026-06-06 08:50:07 UTC,15051836,15473144,154376,0.97,50444,623152,202588,1.27,208944,519316,356
cloud-k3s-pool-workers-worker6,1,2026-06-06 08:50:08 UTC,15051836,15473144,154368,0.97,50444,623160,202588,1.27,208944,519316,300
cloud-k3s-pool-workers-worker6,1,2026-06-06 08:50:09 UTC,15051836,15473144,154356,0.97,50444,623172,202588,1.27,208944,519316,316
cloud-k3s-pool-workers-worker6,1,2026-06-06 08:50:10 UTC,15051836,15473144,154356,0.97,50444,623172,202588,1.27,208944,519316,316
cloud-k3s-pool-workers-worker6,1,2026-06-06 08:50:11 UTC,15051836,15473204,154328,0.97,50452,623192,202588,1.27,208944,519376,80
cloud-k3s-pool-workers-worker6,1,2026-06-06 08:50:12 UTC,15051836,15473204,154320,0.97,50452,623200,202588,1.27,208944,519376,252
cloud-k3s-pool-workers-worker6,1,2026-06-06 08:50:13 UTC,15051836,15473204,154308,0.97,50452,623212,202588,1.27,208944,519376,252
cloud-k3s-pool-workers-worker6,1,2026-06-06 08:50:14 UTC,15051080,15472448,155056,0.97,50452,623220,205436,1.29,209984,519376,260
cloud-k3s-pool-workers-worker6,1,2026-06-06 08:50:15 UTC,15050828,15472228,155284,0.97,50452,623232,205788,1.29,210532,519408,284
cloud-k3s-pool-workers-worker6,1,2026-06-06 08:50:16 UTC,15050828,15472288,155268,0.97,50460,623240,205788,1.29,210568,519468,300
cloud-k3s-pool-workers-worker6,1,2026-06-06 08:50:17 UTC,15050828,15472296,155264,0.97,50460,623252,202588,1.27,208932,519476,100
cloud-k3s-pool-workers-worker6,1,2026-06-06 08:50:18 UTC,15050828,15472296,155252,0.97,50460,623264,205436,1.29,210232,519476,112
cloud-k3s-pool-workers-worker6,1,2026-06-06 08:50:19 UTC,15050576,15472044,155476,0.97,50460,623272,206036,1.29,210568,519476,296
cloud-k3s-pool-workers-worker6,1,2026-06-06 08:50:20 UTC,15050576,15472044,155476,0.97,50460,623272,206036,1.29,210568,519476,296
cloud-k3s-pool-workers-worker6,1,2026-06-06 08:50:21 UTC,15050576,15472048,155452,0.97,50460,623292,206036,1.29,210568,519476,268
cloud-k3s-pool-workers-worker6,1,2026-06-06 08:50:22 UTC,15050576,15472108,155440,0.97,50468,623296,206036,1.29,210568,519536,324
cloud-k3s-pool-workers-worker6,1,2026-06-06 08:50:23 UTC,15050576,15472112,155444,0.97,50468,623312,202588,1.27,208916,519544,180
cloud-k3s-pool-workers-worker6,1,2026-06-06 08:50:24 UTC,15050576,15472112,155432,0.97,50468,623324,202588,1.27,208916,519544,184
cloud-k3s-pool-workers-worker6,1,2026-06-06 08:50:25 UTC,15050576,15472112,155424,0.97,50468,623332,202588,1.27,208916,519544,192
cloud-k3s-pool-workers-worker6,1,2026-06-06 08:50:26 UTC,15050576,15472160,155412,0.97,50468,623344,202588,1.27,208916,519592,140
cloud-k3s-pool-workers-worker6,1,2026-06-06 08:50:27 UTC,15048560,15470144,157420,0.98,50476,623344,202588,1.27,208916,519592,156
cloud-k3s-pool-workers-worker6,1,2026-06-06 08:50:28 UTC,15048560,15470164,157408,0.98,50476,623356,202588,1.27,208916,519612,0
cloud-k3s-pool-workers-worker6,1,2026-06-06 08:50:29 UTC,15048816,15470420,157136,0.98,50476,623372,202588,1.27,208916,519612,68
cloud-k3s-pool-workers-worker6,1,2026-06-06 08:50:30 UTC,15048816,15470420,157136,0.98,50476,623372,202588,1.27,208916,519612,68
cloud-k3s-pool-workers-worker6,1,2026-06-06 08:50:31 UTC,15048816,15470420,157112,0.98,50476,623396,202588,1.27,208916,519612,92
cloud-k3s-pool-workers-worker6,1,2026-06-06 08:50:32 UTC,15048816,15470460,157104,0.98,50484,623396,202588,1.27,208916,519652,0
cloud-k3s-pool-workers-worker6,1,2026-06-06 08:50:33 UTC,15048816,15470460,157084,0.98,50484,623416,202588,1.27,208916,519652,180
cloud-k3s-pool-workers-worker6,1,2026-06-06 08:50:34 UTC,15048816,15470460,157076,0.98,50484,623424,202588,1.27,208916,519652,188
cloud-k3s-pool-workers-worker6,1,2026-06-06 08:50:35 UTC,15048816,15470464,157060,0.98,50484,623436,202588,1.27,208916,519652,200
cloud-k3s-pool-workers-worker6,1,2026-06-06 08:50:36 UTC,15048816,15470464,157052,0.98,50484,623444,202588,1.27,208916,519652,208
cloud-k3s-pool-workers-worker6,1,2026-06-06 08:50:37 UTC,15048816,15470516,157040,0.98,50484,623456,202588,1.27,208916,519704,48
cloud-k3s-pool-workers-worker6,1,2026-06-06 08:50:38 UTC,15048816,15470524,157032,0.98,50492,623456,202588,1.27,208916,519712,0
cloud-k3s-pool-workers-worker6,1,2026-06-06 08:50:39 UTC,15048816,15470524,157012,0.98,50492,623476,202588,1.27,208916,519712,36
cloud-k3s-pool-workers-worker6,1,2026-06-06 08:50:40 UTC,15048816,15470524,157004,0.98,50492,623484,202588,1.27,208916,519712,44
cloud-k3s-pool-workers-worker6,1,2026-06-06 08:50:41 UTC,15048816,15470524,156992,0.98,50492,623496,202588,1.27,208916,519712,56
cloud-k3s-pool-workers-worker6,1,2026-06-06 08:50:42 UTC,15048816,15470524,156992,0.98,50492,623496,202588,1.27,208916,519712,56
cloud-k3s-pool-workers-worker6,1,2026-06-06 08:50:43 UTC,15048816,15470580,156964,0.98,50500,623516,202588,1.27,208916,519768,84
cloud-k3s-pool-workers-worker6,1,2026-06-06 08:50:44 UTC,15048816,15470580,156952,0.98,50500,623528,202588,1.27,208916,519768,28
cloud-k3s-pool-workers-worker6,1,2026-06-06 08:50:45 UTC,15048564,15470328,157192,0.98,50500,623536,205564,1.29,209956,519768,40
cloud-k3s-pool-workers-worker6,1,2026-06-06 08:50:46 UTC,15048564,15470328,157180,0.98,50500,623548,206036,1.29,210216,519768,52
cloud-k3s-pool-workers-worker6,1,2026-06-06 08:50:47 UTC,15048312,15470144,157412,0.98,50500,623556,206036,1.29,210548,519836,344
cloud-k3s-pool-workers-worker6,1,2026-06-06 08:50:48 UTC,15048312,15470144,157412,0.98,50500,623556,206036,1.29,210584,519836,316
cloud-k3s-pool-workers-worker6,1,2026-06-06 08:50:49 UTC,15048312,15470144,157384,0.98,50508,623576,206036,1.29,210584,519836,384
cloud-k3s-pool-workers-worker6,1,2026-06-06 08:50:50 UTC,15048312,15470144,157372,0.98,50508,623588,202588,1.27,209024,519836,408
cloud-k3s-pool-workers-worker6,1,2026-06-06 08:50:51 UTC,15048312,15470152,157376,0.98,50508,623596,202588,1.27,208952,519844,56
cloud-k3s-pool-workers-worker6,1,2026-06-06 08:50:52 UTC,15048312,15470152,157364,0.98,50508,623608,202588,1.27,208952,519844,68
cloud-k3s-pool-workers-worker6,1,2026-06-06 08:50:53 UTC,15048312,15470212,157356,0.98,50508,623616,202588,1.27,208952,519904,232
cloud-k3s-pool-workers-worker6,1,2026-06-06 08:50:54 UTC,15048312,15470224,157344,0.98,50508,623628,202588,1.27,208952,519916,208
cloud-k3s-pool-workers-worker6,1,2026-06-06 08:50:55 UTC,15048312,15470224,157324,0.98,50516,623640,202588,1.27,208952,519916,260
cloud-k3s-pool-workers-worker6,1,2026-06-06 08:50:56 UTC,15048312,15470224,157324,0.98,50516,623640,202588,1.27,208952,519916,260
cloud-k3s-pool-workers-worker6,1,2026-06-06 08:50:57 UTC,15048312,15470256,157304,0.98,50516,623660,202588,1.27,208952,519948,56
cloud-k3s-pool-workers-worker6,1,2026-06-06 08:50:58 UTC,15048312,15470256,157296,0.98,50516,623668,202588,1.27,208952,519948,64
cloud-k3s-pool-workers-worker6,1,2026-06-06 08:50:59 UTC,15048312,15470256,157284,0.98,50516,623680,202588,1.27,208952,519948,76
cloud-k3s-pool-workers-worker6,1,2026-06-06 08:51:00 UTC,15048312,15470284,157276,0.98,50516,623688,202588,1.27,208952,519976,44
cloud-k3s-pool-workers-worker6,1,2026-06-06 08:51:01 UTC,15048312,15470288,157252,0.98,50524,623700,202588,1.27,208952,519976,84
cloud-k3s-pool-workers-worker6,1,2026-06-06 08:51:02 UTC,15048312,15470308,157244,0.98,50524,623708,202588,1.27,208952,519996,28
cloud-k3s-pool-workers-worker6,1,2026-06-06 08:51:03 UTC,15048312,15470320,157232,0.98,50524,623720,202588,1.27,208952,520008,48
cloud-k3s-pool-workers-worker6,1,2026-06-06 08:51:04 UTC,15048312,15470320,157224,0.98,50524,623728,202588,1.27,208952,520008,56
cloud-k3s-pool-workers-worker6,1,2026-06-06 08:51:05 UTC,15048312,15470320,157212,0.98,50524,623740,202588,1.27,208952,520008,68
cloud-k3s-pool-workers-worker6,1,2026-06-06 08:51:06 UTC,15048312,15470320,157212,0.98,50524,623740,202588,1.27,208952,520008,68
cloud-k3s-pool-workers-worker6,1,2026-06-06 08:51:07 UTC,15048312,15470352,157192,0.98,50532,623752,202588,1.27,208952,520040,60
cloud-k3s-pool-workers-worker6,1,2026-06-06 08:51:08 UTC,15048312,15470372,157180,0.98,50532,623764,202588,1.27,208952,520060,4
cloud-k3s-pool-workers-worker6,1,2026-06-06 08:51:09 UTC,15048312,15470372,157164,0.98,50532,623780,202588,1.27,208952,520060,200
cloud-k3s-pool-workers-worker6,1,2026-06-06 08:51:10 UTC,15048312,15470372,157152,0.98,50532,623792,202588,1.27,208952,520060,212
cloud-k3s-pool-workers-worker6,1,2026-06-06 08:51:11 UTC,15048312,15470372,157144,0.98,50532,623800,202588,1.27,208952,520060,220
cloud-k3s-pool-workers-worker6,1,2026-06-06 08:51:12 UTC,15048312,15470412,157124,0.98,50540,623812,202588,1.27,208952,520100,208
cloud-k3s-pool-workers-worker6,1,2026-06-06 08:51:13 UTC,15048312,15470412,157116,0.98,50540,623820,202588,1.27,208952,520100,56
cloud-k3s-pool-workers-worker6,1,2026-06-06 08:51:14 UTC,15048312,15470432,157104,0.98,50540,623832,202588,1.27,208952,520120,4
cloud-k3s-pool-workers-worker6,1,2026-06-06 08:51:15 UTC,15048312,15470432,157096,0.98,50540,623840,202588,1.27,208952,520120,16
cloud-k3s-pool-workers-worker6,1,2026-06-06 08:51:16 UTC,15048312,15470432,157080,0.98,50540,623852,202588,1.27,208952,520120,28
cloud-k3s-pool-workers-worker6,1,2026-06-06 08:51:17 UTC,15048312,15470432,157072,0.98,50540,623860,202588,1.27,208952,520120,36
cloud-k3s-pool-workers-worker6,1,2026-06-06 08:51:18 UTC,15048312,15470432,157072,0.98,50548,623852,202588,1.27,208952,520120,36
cloud-k3s-pool-workers-worker6,1,2026-06-06 08:51:19 UTC,15048312,15470472,157040,0.98,50548,623884,202588,1.27,208952,520160,84
cloud-k3s-pool-workers-worker6,1,2026-06-06 08:51:20 UTC,15048312,15470472,157032,0.98,50548,623892,202588,1.27,208952,520160,28
cloud-k3s-pool-workers-worker6,1,2026-06-06 08:51:21 UTC,15048312,15470472,157020,0.98,50548,623904,202588,1.27,208952,520160,44
cloud-k3s-pool-workers-worker6,1,2026-06-06 08:51:22 UTC,15048312,15470472,157012,0.98,50548,623912,202588,1.27,208952,520160,52
cloud-k3s-pool-workers-worker6,1,2026-06-06 08:51:23 UTC,15048312,15470472,156992,0.98,50556,623924,202588,1.27,208952,520160,200
cloud-k3s-pool-workers-worker6,1,2026-06-06 08:51:24 UTC,15048312,15470472,156992,0.98,50556,623924,202588,1.27,208952,520160,200
cloud-k3s-pool-workers-worker6,1,2026-06-06 08:51:25 UTC,15048312,15470532,156972,0.98,50556,623944,202588,1.27,208952,520220,220
cloud-k3s-pool-workers-worker6,1,2026-06-06 08:51:26 UTC,15048312,15470552,156964,0.98,50556,623952,202588,1.27,208952,520240,164
cloud-k3s-pool-workers-worker6,1,2026-06-06 08:51:27 UTC,15048312,15470552,156952,0.98,50556,623964,202588,1.27,208952,520240,180
cloud-k3s-pool-workers-worker6,1,2026-06-06 08:51:28 UTC,15048312,15470572,156944,0.98,50556,623972,202588,1.27,208952,520260,184
cloud-k3s-pool-workers-worker6,1,2026-06-06 08:51:29 UTC,15048312,15470572,156932,0.98,50556,623984,202588,1.27,208952,520260,36
cloud-k3s-pool-workers-worker6,1,2026-06-06 08:51:30 UTC,15047808,15470068,157436,0.99,50564,623976,202588,1.27,208952,520260,36
cloud-k3s-pool-workers-worker6,1,2026-06-06 08:51:31 UTC,15047808,15470072,157404,0.98,50564,624004,202588,1.27,208952,520260,80
cloud-k3s-pool-workers-worker6,1,2026-06-06 08:51:32 UTC,15047808,15470116,157392,0.98,50564,624016,202588,1.27,208952,520304,24
cloud-k3s-pool-workers-worker6,1,2026-06-06 08:51:33 UTC,15047808,15470116,157384,0.98,50564,624024,202588,1.27,208952,520304,200
cloud-k3s-pool-workers-worker6,1,2026-06-06 08:51:34 UTC,15047808,15470116,157372,0.98,50564,624036,202588,1.27,208952,520304,212
cloud-k3s-pool-workers-worker6,1,2026-06-06 08:51:35 UTC,15047808,15470176,157356,0.98,50572,624044,202588,1.27,208952,520364,196
cloud-k3s-pool-workers-worker6,1,2026-06-06 08:51:36 UTC,15047808,15470176,157344,0.98,50572,624056,202588,1.27,208952,520364,208
cloud-k3s-pool-workers-worker6,1,2026-06-06 08:51:37 UTC,15047808,15470176,157336,0.98,50572,624064,202588,1.27,208952,520364,216
cloud-k3s-pool-workers-worker6,1,2026-06-06 08:51:38 UTC,15047808,15470236,157324,0.98,50572,624076,202588,1.27,208952,520424,228
cloud-k3s-pool-workers-worker6,1,2026-06-06 08:51:39 UTC,15047808,15470236,157316,0.98,50572,624084,202588,1.27,208952,520424,12
cloud-k3s-pool-workers-worker6,1,2026-06-06 08:51:40 UTC,15047808,15470236,157316,0.98,50572,624084,202588,1.27,208952,520424,12
cloud-k3s-pool-workers-worker6,1,2026-06-06 08:51:41 UTC,15047808,15470236,157292,0.98,50580,624100,202588,1.27,208952,520424,36
cloud-k3s-pool-workers-worker6,1,2026-06-06 08:51:42 UTC,15047808,15470236,157284,0.98,50580,624108,203948,1.28,209732,520424,44
cloud-k3s-pool-workers-worker6,1,2026-06-06 08:51:43 UTC,15047052,15469492,158008,0.99,50580,624132,206796,1.29,211184,520436,92
cloud-k3s-pool-workers-worker6,1,2026-06-06 08:51:44 UTC,15044784,15467284,160184,1.00,50580,624140,210244,1.32,212916,520496,288
cloud-k3s-pool-workers-worker6,1,2026-06-06 08:51:45 UTC,15044784,15467284,160136,1.00,50580,624152,210844,1.32,213428,520496,240
cloud-k3s-pool-workers-worker6,1,2026-06-06 08:51:46 UTC,15044784,15467284,160128,1.00,50580,624160,210844,1.32,213428,520496,296
cloud-k3s-pool-workers-worker6,1,2026-06-06 08:51:47 UTC,15044784,15467292,160120,1.00,50588,624160,207396,1.30,211784,520504,420
cloud-k3s-pool-workers-worker6,1,2026-06-06 08:51:48 UTC,15044784,15467292,160100,1.00,50588,624184,207396,1.30,211764,520504,392
cloud-k3s-pool-workers-worker6,1,2026-06-06 08:51:49 UTC,15044784,15467292,160124,1.00,50588,624196,201096,1.26,208772,520504,144
cloud-k3s-pool-workers-worker6,1,2026-06-06 08:51:50 UTC,15044784,15467352,160184,1.00,50588,624204,201096,1.26,208704,520564,4
cloud-k3s-pool-workers-worker6,1,2026-06-06 08:51:51 UTC,15044784,15467352,160172,1.00,50588,624216,201096,1.26,208704,520564,20
cloud-k3s-pool-workers-worker6,1,2026-06-06 08:51:52 UTC,15044784,15467356,160152,1.00,50596,624224,201096,1.26,208704,520564,232
cloud-k3s-pool-workers-worker6,1,2026-06-06 08:51:53 UTC,15044784,15467356,160140,1.00,50596,624236,201096,1.26,208704,520564,244
cloud-k3s-pool-workers-worker6,1,2026-06-06 08:51:54 UTC,15044784,15467356,160128,1.00,50596,624248,201096,1.26,208704,520564,260
cloud-k3s-pool-workers-worker6,1,2026-06-06 08:51:55 UTC,15044784,15467356,160120,1.00,50596,624256,201096,1.26,208704,520564,268
cloud-k3s-pool-workers-worker6,1,2026-06-06 08:51:56 UTC,15044784,15467416,160108,1.00,50596,624268,201096,1.26,208704,520624,44
cloud-k3s-pool-workers-worker6,1,2026-06-06 08:51:57 UTC,15044784,15467416,160100,1.00,50604,624268,201096,1.26,208704,520624,16
cloud-k3s-pool-workers-worker6,1,2026-06-06 08:51:58 UTC,15044784,15467416,160080,1.00,50604,624288,201096,1.26,208704,520624,212
cloud-k3s-pool-workers-worker6,1,2026-06-06 08:51:59 UTC,15044784,15467416,160072,1.00,50604,624296,201096,1.26,208704,520624,220
cloud-k3s-pool-workers-worker6,1,2026-06-06 08:52:00 UTC,15044784,15467416,160060,1.00,50604,624308,201096,1.26,208704,520624,232
cloud-k3s-pool-workers-worker6,1,2026-06-06 08:52:01 UTC,15044784,15467416,160060,1.00,50604,624308,201096,1.26,208704,520624,232
cloud-k3s-pool-workers-worker6,1,2026-06-06 08:52:02 UTC,15044784,15467476,160036,1.00,50612,624320,201096,1.26,208704,520684,252
cloud-k3s-pool-workers-worker6,1,2026-06-06 08:52:03 UTC,15044784,15467476,160028,1.00,50612,624328,201096,1.26,208704,520684,264
cloud-k3s-pool-workers-worker6,1,2026-06-06 08:52:04 UTC,15044784,15467476,160028,1.00,50612,624328,201096,1.26,208704,520684,264
cloud-k3s-pool-workers-worker6,1,2026-06-06 08:52:05 UTC,15044784,15467476,159996,1.00,50612,624360,201096,1.26,208704,520684,36
cloud-k3s-pool-workers-worker6,1,2026-06-06 08:52:06 UTC,15044784,15467476,159988,1.00,50612,624368,201096,1.26,208704,520684,44
cloud-k3s-pool-workers-worker6,1,2026-06-06 08:52:07 UTC,15044784,15467476,159976,1.00,50620,624372,201096,1.26,208704,520684,56
cloud-k3s-pool-workers-worker6,1,2026-06-06 08:52:08 UTC,15044784,15467476,159976,1.00,50620,624372,201096,1.26,208704,520684,56
cloud-k3s-pool-workers-worker6,1,2026-06-06 08:52:09 UTC,15044784,15467544,159948,1.00,50620,624400,201096,1.26,208704,520752,28
cloud-k3s-pool-workers-worker6,1,2026-06-06 08:52:10 UTC,15044784,15467544,159940,1.00,50620,624408,201096,1.26,208704,520752,36
cloud-k3s-pool-workers-worker6,1,2026-06-06 08:52:11 UTC,15044784,15467544,159928,1.00,50620,624420,201096,1.26,208704,520752,48
cloud-k3s-pool-workers-worker6,1,2026-06-06 08:52:12 UTC,15044784,15467544,159920,1.00,50628,624420,201096,1.26,208704,520752,56
cloud-k3s-pool-workers-worker6,1,2026-06-06 08:52:13 UTC,15044784,15467544,159900,1.00,50628,624440,201096,1.26,208704,520752,220
cloud-k3s-pool-workers-worker6,1,2026-06-06 08:52:14 UTC,15044784,15467608,159892,1.00,50628,624448,201096,1.26,208704,520816,164
cloud-k3s-pool-workers-worker6,1,2026-06-06 08:52:15 UTC,15044784,15467648,159884,1.00,50628,624460,203944,1.28,210016,520856,180
cloud-k3s-pool-workers-worker6,1,2026-06-06 08:52:16 UTC,15044784,15467652,159872,1.00,50628,624472,204544,1.28,210332,520860,316
cloud-k3s-pool-workers-worker6,1,2026-06-06 08:52:17 UTC,15044784,15467656,159856,1.00,50636,624476,204544,1.28,210332,520860,76
cloud-k3s-pool-workers-worker6,1,2026-06-06 08:52:18 UTC,15044784,15467656,159844,1.00,50636,624488,204544,1.28,210332,520860,88
cloud-k3s-pool-workers-worker6,1,2026-06-06 08:52:19 UTC,15044784,15467664,159840,1.00,50636,624504,201096,1.26,208680,520868,268
cloud-k3s-pool-workers-worker6,1,2026-06-06 08:52:20 UTC,15044784,15467724,159828,1.00,50636,624516,201096,1.26,208680,520928,212
cloud-k3s-pool-workers-worker6,1,2026-06-06 08:52:21 UTC,15044784,15467736,159820,1.00,50636,624524,201096,1.26,208680,520940,208
cloud-k3s-pool-workers-worker6,1,2026-06-06 08:52:22 UTC,15044784,15467736,159820,1.00,50644,624516,201096,1.26,208680,520940,208
cloud-k3s-pool-workers-worker6,1,2026-06-06 08:52:23 UTC,15044784,15467756,159792,1.00,50644,624544,201096,1.26,208680,520960,36
cloud-k3s-pool-workers-worker6,1,2026-06-06 08:52:24 UTC,15044784,15467756,159780,1.00,50644,624556,201096,1.26,208680,520960,48
cloud-k3s-pool-workers-worker6,1,2026-06-06 08:52:25 UTC,15044784,15467756,159780,1.00,50644,624556,201096,1.26,208680,520960,48
cloud-k3s-pool-workers-worker6,1,2026-06-06 08:52:26 UTC,15044784,15467756,159780,1.00,50644,624556,201096,1.26,208680,520960,48
cloud-k3s-pool-workers-worker6,1,2026-06-06 08:52:27 UTC,15044784,15467756,159752,1.00,50652,624576,201096,1.26,208680,520960,12
cloud-k3s-pool-workers-worker6,1,2026-06-06 08:52:28 UTC,15044784,15467756,159740,1.00,50652,624588,201096,1.26,208680,520960,24
cloud-k3s-pool-workers-worker6,1,2026-06-06 08:52:29 UTC,15044784,15467816,159720,1.00,50652,624608,201096,1.26,208680,521020,224
cloud-k3s-pool-workers-worker6,1,2026-06-06 08:52:30 UTC,15044784,15467816,159712,1.00,50652,624616,201096,1.26,208680,521020,232
cloud-k3s-pool-workers-worker6,1,2026-06-06 08:52:31 UTC,15043536,15466576,160932,1.01,50652,624628,201096,1.26,208680,521020,244
cloud-k3s-pool-workers-worker6,1,2026-06-06 08:52:32 UTC,15043536,15466576,160916,1.01,50660,624636,201096,1.26,208680,521020,256
cloud-k3s-pool-workers-worker6,1,2026-06-06 08:52:33 UTC,15043536,15466576,160900,1.01,50660,624648,201096,1.26,208680,521020,20
cloud-k3s-pool-workers-worker6,1,2026-06-06 08:52:34 UTC,15043536,15466576,160900,1.01,50660,624648,201096,1.26,208680,521020,20
cloud-k3s-pool-workers-worker6,1,2026-06-06 08:52:35 UTC,15043536,15466636,160880,1.01,50660,624668,201096,1.26,208680,521080,40
cloud-k3s-pool-workers-worker6,1,2026-06-06 08:52:36 UTC,15043536,15466636,160872,1.01,50660,624676,201096,1.26,208680,521080,48
cloud-k3s-pool-workers-worker6,1,2026-06-06 08:52:37 UTC,15043536,15466660,160860,1.01,50668,624680,201096,1.26,208680,521104,56
cloud-k3s-pool-workers-worker6,1,2026-06-06 08:52:38 UTC,15043536,15466668,160852,1.01,50668,624688,201096,1.26,208680,521112,0
cloud-k3s-pool-workers-worker6,1,2026-06-06 08:52:39 UTC,15043536,15466692,160832,1.01,50668,624708,201096,1.26,208680,521136,192
cloud-k3s-pool-workers-worker6,1,2026-06-06 08:52:40 UTC,15043536,15466692,160824,1.01,50668,624716,201096,1.26,208680,521136,200
cloud-k3s-pool-workers-worker6,1,2026-06-06 08:52:41 UTC,15043536,15466692,160812,1.01,50668,624728,201096,1.26,208680,521136,212
cloud-k3s-pool-workers-worker6,1,2026-06-06 08:52:42 UTC,15043536,15466736,160800,1.01,50676,624732,201096,1.26,208680,521180,196
cloud-k3s-pool-workers-worker6,1,2026-06-06 08:52:43 UTC,15043536,15466752,160784,1.01,50676,624748,201096,1.26,208680,521196,60
cloud-k3s-pool-workers-worker6,1,2026-06-06 08:52:44 UTC,15043536,15466752,160784,1.01,50676,624748,201096,1.26,208680,521196,60
cloud-k3s-pool-workers-worker6,1,2026-06-06 08:52:45 UTC,15043536,15466772,160764,1.01,50676,624768,201096,1.26,208680,521216,16
cloud-k3s-pool-workers-worker6,1,2026-06-06 08:52:46 UTC,15043536,15466772,160752,1.01,50676,624780,202456,1.27,209460,521216,28
cloud-k3s-pool-workers-worker6,1,2026-06-06 08:52:47 UTC,15043536,15466772,160736,1.01,50684,624788,204548,1.28,210352,521216,340
cloud-k3s-pool-workers-worker6,1,2026-06-06 08:52:48 UTC,15043536,15466772,160736,1.01,50684,624788,204548,1.28,210352,521216,80
cloud-k3s-pool-workers-worker6,1,2026-06-06 08:52:49 UTC,15043536,15466776,160712,1.01,50684,624808,201096,1.26,208792,521216,240
cloud-k3s-pool-workers-worker6,1,2026-06-06 08:52:50 UTC,15043536,15466836,160700,1.01,50684,624820,201096,1.26,208792,521276,188
cloud-k3s-pool-workers-worker6,1,2026-06-06 08:52:51 UTC,15043536,15466836,160704,1.01,50684,624828,201096,1.26,208704,521276,200
cloud-k3s-pool-workers-worker6,1,2026-06-06 08:52:52 UTC,15043536,15466836,160692,1.01,50692,624832,201096,1.26,208704,521276,212
cloud-k3s-pool-workers-worker6,1,2026-06-06 08:52:53 UTC,15043536,15466836,160672,1.01,50692,624852,201096,1.26,208704,521276,280
cloud-k3s-pool-workers-worker6,1,2026-06-06 08:52:54 UTC,15043536,15466876,160664,1.01,50692,624860,201096,1.26,208704,521316,44
cloud-k3s-pool-workers-worker6,1,2026-06-06 08:52:55 UTC,15043536,15466876,160652,1.01,50692,624872,201096,1.26,208704,521316,56
cloud-k3s-pool-workers-worker6,1,2026-06-06 08:52:56 UTC,15043536,15466876,160644,1.01,50692,624880,201096,1.26,208704,521316,64
cloud-k3s-pool-workers-worker6,1,2026-06-06 08:52:57 UTC,15043536,15466876,160632,1.01,50700,624884,201096,1.26,208704,521316,180
cloud-k3s-pool-workers-worker6,1,2026-06-06 08:52:58 UTC,15043536,15466876,160632,1.01,50700,624884,201096,1.26,208704,521316,180
cloud-k3s-pool-workers-worker6,1,2026-06-06 08:52:59 UTC,15043536,15466900,160604,1.00,50700,624912,201096,1.26,208704,521340,232
cloud-k3s-pool-workers-worker6,1,2026-06-06 08:53:00 UTC,15043536,15466960,160596,1.00,50700,624920,201096,1.26,208704,521400,240
cloud-k3s-pool-workers-worker6,1,2026-06-06 08:53:01 UTC,15043536,15466960,160584,1.00,50700,624932,201096,1.26,208704,521400,252
cloud-k3s-pool-workers-worker6,1,2026-06-06 08:53:02 UTC,15043536,15466960,160568,1.00,50708,624940,201096,1.26,208704,521400,260
cloud-k3s-pool-workers-worker6,1,2026-06-06 08:53:03 UTC,15043536,15466960,160552,1.00,50708,624952,201096,1.26,208704,521400,16
cloud-k3s-pool-workers-worker6,1,2026-06-06 08:53:04 UTC,15043536,15466960,160544,1.00,50708,624960,201096,1.26,208704,521400,24
cloud-k3s-pool-workers-worker6,1,2026-06-06 08:53:05 UTC,15043536,15466960,160532,1.00,50708,624972,201096,1.26,208704,521400,36
cloud-k3s-pool-workers-worker6,1,2026-06-06 08:53:06 UTC,15043536,15466960,160532,1.00,50708,624972,201096,1.26,208704,521400,36
cloud-k3s-pool-workers-worker6,1,2026-06-06 08:53:07 UTC,15043536,15467020,160512,1.00,50716,624984,201096,1.26,208704,521460,56
cloud-k3s-pool-workers-worker6,1,2026-06-06 08:53:08 UTC,15043536,15467044,160500,1.00,50716,624996,201096,1.26,208704,521484,0
cloud-k3s-pool-workers-worker6,1,2026-06-06 08:53:09 UTC,15043536,15467044,160484,1.00,50716,625012,201096,1.26,208704,521484,24
cloud-k3s-pool-workers-worker6,1,2026-06-06 08:53:10 UTC,15043536,15467044,160472,1.00,50716,625024,201096,1.26,208704,521484,36
cloud-k3s-pool-workers-worker6,1,2026-06-06 08:53:11 UTC,15043536,15467044,160464,1.00,50716,625032,201096,1.26,208704,521484,44
cloud-k3s-pool-workers-worker6,1,2026-06-06 08:53:12 UTC,15043536,15467044,160452,1.00,50724,625036,201096,1.26,208704,521484,56
cloud-k3s-pool-workers-worker6,1,2026-06-06 08:53:13 UTC,15043536,15467044,160436,1.00,50724,625052,201096,1.26,208704,521484,216
cloud-k3s-pool-workers-worker6,1,2026-06-06 08:53:14 UTC,15043536,15467104,160424,1.00,50724,625064,201096,1.26,208704,521544,164
cloud-k3s-pool-workers-worker6,1,2026-06-06 08:53:15 UTC,15043536,15467104,160416,1.00,50724,625072,201096,1.26,208704,521544,176
cloud-k3s-pool-workers-worker6,1,2026-06-06 08:53:16 UTC,15043536,15467104,160404,1.00,50724,625084,201096,1.26,208704,521544,188
cloud-k3s-pool-workers-worker6,1,2026-06-06 08:53:17 UTC,15043536,15467104,160392,1.00,50732,625088,201096,1.26,208704,521544,200
cloud-k3s-pool-workers-worker6,1,2026-06-06 08:53:18 UTC,15043536,15467104,160392,1.00,50732,625088,201096,1.26,208704,521544,200
cloud-k3s-pool-workers-worker6,1,2026-06-06 08:53:19 UTC,15043536,15467108,160360,1.00,50732,625116,201096,1.26,208704,521544,88
cloud-k3s-pool-workers-worker6,1,2026-06-06 08:53:20 UTC,15043536,15467168,160352,1.00,50732,625124,201096,1.26,208704,521604,32
cloud-k3s-pool-workers-worker6,1,2026-06-06 08:53:21 UTC,15043536,15467168,160340,1.00,50732,625136,201096,1.26,208704,521604,48
cloud-k3s-pool-workers-worker6,1,2026-06-06 08:53:22 UTC,15043536,15467168,160340,1.00,50732,625136,201096,1.26,208704,521604,48
cloud-k3s-pool-workers-worker6,1,2026-06-06 08:53:23 UTC,15043296,15467056,160408,1.00,50740,625284,201096,1.26,208824,521604,232
cloud-k3s-pool-workers-worker6,1,2026-06-06 08:53:24 UTC,15043296,15467056,160400,1.00,50740,625292,201096,1.26,208824,521604,240
cloud-k3s-pool-workers-worker6,1,2026-06-06 08:53:25 UTC,15043296,15467056,160388,1.00,50740,625304,201096,1.26,208824,521604,252
cloud-k3s-pool-workers-worker6,1,2026-06-06 08:53:26 UTC,15043296,15467116,160380,1.00,50740,625312,201096,1.26,208824,521664,260
cloud-k3s-pool-workers-worker6,1,2026-06-06 08:53:27 UTC,15043296,15467116,160368,1.00,50740,625324,201096,1.26,208824,521664,32
cloud-k3s-pool-workers-worker6,1,2026-06-06 08:53:28 UTC,15043296,15467136,160360,1.00,50748,625324,201096,1.26,208824,521684,4
cloud-k3s-pool-workers-worker6,1,2026-06-06 08:53:29 UTC,15043296,15467136,160340,1.00,50748,625344,201096,1.26,208824,521684,40
cloud-k3s-pool-workers-worker6,1,2026-06-06 08:53:30 UTC,15043296,15467136,160328,1.00,50748,625356,201096,1.26,208824,521684,52
cloud-k3s-pool-workers-worker6,1,2026-06-06 08:53:31 UTC,15043296,15467136,160320,1.00,50748,625364,201096,1.26,208824,521684,60
cloud-k3s-pool-workers-worker6,1,2026-06-06 08:53:32 UTC,15043296,15467136,160308,1.00,50748,625376,201096,1.26,208824,521684,72
cloud-k3s-pool-workers-worker6,1,2026-06-06 08:53:33 UTC,15043296,15467136,160300,1.00,50748,625384,201096,1.26,208824,521684,12
cloud-k3s-pool-workers-worker6,1,2026-06-06 08:53:34 UTC,15043296,15467196,160284,1.00,50756,625388,201096,1.26,208824,521744,24
cloud-k3s-pool-workers-worker6,1,2026-06-06 08:53:35 UTC,15043296,15467196,160268,1.00,50756,625404,201096,1.26,208824,521744,60
cloud-k3s-pool-workers-worker6,1,2026-06-06 08:53:36 UTC,15043296,15467196,160256,1.00,50756,625416,201096,1.26,208824,521744,72
cloud-k3s-pool-workers-worker6,1,2026-06-06 08:53:37 UTC,15043296,15467196,160248,1.00,50756,625424,201096,1.26,208824,521744,80
cloud-k3s-pool-workers-worker6,1,2026-06-06 08:53:38 UTC,15043296,15467240,160236,1.00,50756,625436,201096,1.26,208824,521788,28
cloud-k3s-pool-workers-worker6,1,2026-06-06 08:53:39 UTC,15043296,15467248,160228,1.00,50756,625444,201096,1.26,208824,521796,180
cloud-k3s-pool-workers-worker6,1,2026-06-06 08:53:40 UTC,15043296,15467256,160228,1.00,50764,625436,204544,1.28,210396,521796,288
cloud-k3s-pool-workers-worker6,1,2026-06-06 08:53:41 UTC,15043296,15467316,160200,1.00,50764,625468,204544,1.28,210460,521856,344
cloud-k3s-pool-workers-worker6,1,2026-06-06 08:53:42 UTC,15043296,15467320,160200,1.00,50764,625468,203184,1.27,209340,521860,84
cloud-k3s-pool-workers-worker6,1,2026-06-06 08:53:43 UTC,15043296,15467352,160180,1.00,50764,625488,203184,1.27,209376,521892,88
cloud-k3s-pool-workers-worker6,1,2026-06-06 08:53:44 UTC,15043296,15467372,160172,1.00,50764,625496,199736,1.25,207692,521912,180
cloud-k3s-pool-workers-worker6,1,2026-06-06 08:53:45 UTC,15045080,15469168,158376,0.99,50764,625508,199736,1.25,207692,521924,168
cloud-k3s-pool-workers-worker6,1,2026-06-06 08:53:46 UTC,15045080,15469168,158368,0.99,50772,625508,199736,1.25,207692,521924,176
cloud-k3s-pool-workers-worker6,1,2026-06-06 08:53:47 UTC,15044828,15468940,158600,0.99,50772,625528,201096,1.26,208700,521944,232
cloud-k3s-pool-workers-worker6,1,2026-06-06 08:53:48 UTC,15044324,15468444,159092,1.00,50772,625536,203188,1.27,209056,521952,0
cloud-k3s-pool-workers-worker6,1,2026-06-06 08:53:49 UTC,15044324,15468444,159076,1.00,50772,625548,203188,1.27,209356,521952,100
cloud-k3s-pool-workers-worker6,1,2026-06-06 08:53:50 UTC,15044324,15468464,159084,1.00,50772,625556,199736,1.25,207668,521972,196
cloud-k3s-pool-workers-worker6,1,2026-06-06 08:53:51 UTC,15044324,15468476,159072,1.00,50772,625568,201096,1.26,208684,521984,176
cloud-k3s-pool-workers-worker6,1,2026-06-06 08:53:52 UTC,15044324,15468476,159052,1.00,50780,625580,201096,1.26,208684,521984,228
cloud-k3s-pool-workers-worker6,1,2026-06-06 08:53:53 UTC,15044324,15468476,159044,1.00,50780,625588,201096,1.26,208804,521984,80
cloud-k3s-pool-workers-worker6,1,2026-06-06 08:53:54 UTC,15044324,15468476,159032,1.00,50780,625600,201096,1.26,208804,521984,92
cloud-k3s-pool-workers-worker6,1,2026-06-06 08:53:55 UTC,15044324,15468512,159024,0.99,50780,625608,201096,1.26,208828,522020,92
cloud-k3s-pool-workers-worker6,1,2026-06-06 08:53:56 UTC,15044324,15468512,159012,0.99,50780,625620,201096,1.26,208828,522020,104
cloud-k3s-pool-workers-worker6,1,2026-06-06 08:53:57 UTC,15044324,15468512,159004,0.99,50788,625620,201096,1.26,208844,522020,176
cloud-k3s-pool-workers-worker6,1,2026-06-06 08:53:58 UTC,15044324,15468512,159004,0.99,50788,625620,201096,1.26,208844,522020,176
cloud-k3s-pool-workers-worker6,1,2026-06-06 08:53:59 UTC,15044324,15468512,158976,0.99,50788,625648,201096,1.26,208844,522020,228
cloud-k3s-pool-workers-worker6,1,2026-06-06 08:54:00 UTC,15044324,15468512,158964,0.99,50788,625660,201096,1.26,208844,522020,240
cloud-k3s-pool-workers-worker6,1,2026-06-06 08:54:01 UTC,15044324,15468572,158956,0.99,50788,625668,201096,1.26,208844,522080,248
cloud-k3s-pool-workers-worker6,1,2026-06-06 08:54:02 UTC,15044324,15468572,158956,0.99,50796,625660,201096,1.26,208844,522080,248
cloud-k3s-pool-workers-worker6,1,2026-06-06 08:54:03 UTC,15044324,15468572,158928,0.99,50796,625688,201096,1.26,208844,522080,12
cloud-k3s-pool-workers-worker6,1,2026-06-06 08:54:04 UTC,15044324,15468572,158916,0.99,50796,625700,201096,1.26,208844,522080,24
cloud-k3s-pool-workers-worker6,1,2026-06-06 08:54:05 UTC,15044324,15468576,158900,0.99,50796,625712,201096,1.26,208844,522080,36
cloud-k3s-pool-workers-worker6,1,2026-06-06 08:54:06 UTC,15044324,15468576,158900,0.99,50796,625712,201096,1.26,208844,522080,36
cloud-k3s-pool-workers-worker6,1,2026-06-06 08:54:07 UTC,15043568,15467888,159640,1.00,50804,625724,203944,1.28,210156,522148,220
cloud-k3s-pool-workers-worker6,1,2026-06-06 08:54:08 UTC,15042560,15466888,160636,1.01,50804,625732,204544,1.28,210508,522156,68
cloud-k3s-pool-workers-worker6,1,2026-06-06 08:54:09 UTC,15042560,15466888,160612,1.00,50804,625756,204544,1.28,210508,522156,184
cloud-k3s-pool-workers-worker6,1,2026-06-06 08:54:10 UTC,15045180,15469528,157984,0.99,50804,625764,201096,1.26,208824,522176,212
cloud-k3s-pool-workers-worker6,1,2026-06-06 08:54:11 UTC,15044548,15468896,158604,0.99,50804,625776,201096,1.26,208820,522176,224
cloud-k3s-pool-workers-worker6,1,2026-06-06 08:54:12 UTC,15044548,15468916,158588,0.99,50812,625784,201096,1.26,208820,522196,240
cloud-k3s-pool-workers-worker6,1,2026-06-06 08:54:13 UTC,15044548,15468932,158576,0.99,50812,625796,201096,1.26,208820,522212,56
cloud-k3s-pool-workers-worker6,1,2026-06-06 08:54:14 UTC,15044548,15468940,158568,0.99,50812,625804,201096,1.26,208820,522220,0
cloud-k3s-pool-workers-worker6,1,2026-06-06 08:54:15 UTC,15044548,15468940,158556,0.99,50812,625816,201096,1.26,208820,522220,16
cloud-k3s-pool-workers-worker6,1,2026-06-06 08:54:16 UTC,15044548,15468940,158544,0.99,50812,625828,201096,1.26,208820,522220,28
cloud-k3s-pool-workers-worker6,1,2026-06-06 08:54:17 UTC,15044548,15468940,158528,0.99,50820,625836,201096,1.26,208820,522220,72
cloud-k3s-pool-workers-worker6,1,2026-06-06 08:54:18 UTC,15044548,15468940,158516,0.99,50820,625848,201096,1.26,208820,522220,84
cloud-k3s-pool-workers-worker6,1,2026-06-06 08:54:19 UTC,15044548,15468940,158508,0.99,50820,625856,201096,1.26,208820,522220,260
cloud-k3s-pool-workers-worker6,1,2026-06-06 08:54:20 UTC,15043540,15467992,159500,1.00,50820,625868,201096,1.26,208820,522280,204
cloud-k3s-pool-workers-worker6,1,2026-06-06 08:54:21 UTC,15043540,15467992,159492,1.00,50820,625876,201096,1.26,208820,522280,216
cloud-k3s-pool-workers-worker6,1,2026-06-06 08:54:22 UTC,15043540,15467992,159492,1.00,50828,625868,201096,1.26,208820,522280,216
cloud-k3s-pool-workers-worker6,1,2026-06-06 08:54:23 UTC,15043540,15468076,159464,1.00,50828,625896,201096,1.26,208820,522364,56
cloud-k3s-pool-workers-worker6,1,2026-06-06 08:54:24 UTC,15043540,15468076,159452,1.00,50828,625908,201096,1.26,208820,522364,68
cloud-k3s-pool-workers-worker6,1,2026-06-06 08:54:25 UTC,15043540,15468076,159444,1.00,50828,625916,201096,1.26,208820,522364,76
cloud-k3s-pool-workers-worker6,1,2026-06-06 08:54:26 UTC,15043540,15468116,159432,1.00,50828,625928,201096,1.26,208820,522404,24
cloud-k3s-pool-workers-worker6,1,2026-06-06 08:54:27 UTC,15043540,15468116,159416,1.00,50836,625936,201096,1.26,208820,522404,36
cloud-k3s-pool-workers-worker6,1,2026-06-06 08:54:28 UTC,15043540,15468116,159404,1.00,50836,625948,201096,1.26,208820,522404,48
cloud-k3s-pool-workers-worker6,1,2026-06-06 08:54:29 UTC,15043540,15468116,159392,1.00,50836,625960,201096,1.26,208820,522404,40
cloud-k3s-pool-workers-worker6,1,2026-06-06 08:54:30 UTC,15043540,15468116,159384,1.00,50836,625968,201096,1.26,208820,522404,48
cloud-k3s-pool-workers-worker6,1,2026-06-06 08:54:31 UTC,15043540,15468116,159372,1.00,50836,625980,201096,1.26,208820,522404,60
cloud-k3s-pool-workers-worker6,1,2026-06-06 08:54:32 UTC,15043540,15468176,159364,1.00,50844,625980,201096,1.26,208820,522464,68
cloud-k3s-pool-workers-worker6,1,2026-06-06 08:54:33 UTC,15043540,15468176,159344,1.00,50844,626000,201096,1.26,208820,522464,208
cloud-k3s-pool-workers-worker6,1,2026-06-06 08:54:34 UTC,15043540,15468176,159336,1.00,50844,626008,201096,1.26,208820,522464,216
cloud-k3s-pool-workers-worker6,1,2026-06-06 08:54:35 UTC,15043540,15468180,159320,1.00,50844,626020,201096,1.26,208820,522464,228
cloud-k3s-pool-workers-worker6,1,2026-06-06 08:54:36 UTC,15043540,15468180,159312,1.00,50844,626028,201096,1.26,208820,522464,236
cloud-k3s-pool-workers-worker6,1,2026-06-06 08:54:37 UTC,15043540,15468180,159292,1.00,50852,626040,201096,1.26,208820,522464,252
cloud-k3s-pool-workers-worker6,1,2026-06-06 08:54:38 UTC,15043540,15468180,159292,1.00,50852,626040,201096,1.26,208820,522464,252
cloud-k3s-pool-workers-worker6,1,2026-06-06 08:54:39 UTC,15041524,15466224,161288,1.01,50852,626060,201096,1.26,208820,522524,20
cloud-k3s-pool-workers-worker6,1,2026-06-06 08:54:40 UTC,15041524,15466224,161276,1.01,50852,626072,201096,1.26,208820,522524,32
cloud-k3s-pool-workers-worker6,1,2026-06-06 08:54:41 UTC,15041524,15466224,161268,1.01,50852,626080,201096,1.26,208820,522524,40
cloud-k3s-pool-workers-worker6,1,2026-06-06 08:54:42 UTC,15041524,15466224,161256,1.01,50860,626084,201096,1.26,208820,522524,52
cloud-k3s-pool-workers-worker6,1,2026-06-06 08:54:43 UTC,15041524,15466276,161236,1.01,50860,626104,201096,1.26,208820,522576,84
cloud-k3s-pool-workers-worker6,1,2026-06-06 08:54:44 UTC,15041524,15466276,161224,1.01,50860,626116,201096,1.26,208820,522576,28
cloud-k3s-pool-workers-worker6,1,2026-06-06 08:54:45 UTC,15041524,15466276,161216,1.01,50860,626124,201096,1.26,208820,522576,40
cloud-k3s-pool-workers-worker6,1,2026-06-06 08:54:46 UTC,15041524,15466276,161204,1.01,50860,626136,201096,1.26,208820,522576,52
cloud-k3s-pool-workers-worker6,1,2026-06-06 08:54:47 UTC,15041524,15466276,161196,1.01,50868,626136,201096,1.26,208820,522576,64
cloud-k3s-pool-workers-worker6,1,2026-06-06 08:54:48 UTC,15041524,15466276,161184,1.01,50868,626148,201096,1.26,208820,522576,76
cloud-k3s-pool-workers-worker6,1,2026-06-06 08:54:49 UTC,15039288,15464100,163400,1.02,50868,626164,204544,1.28,210396,522636,228
cloud-k3s-pool-workers-worker6,1,2026-06-06 08:54:50 UTC,15039288,15464100,163388,1.02,50868,626176,204544,1.28,210396,522636,240
cloud-k3s-pool-workers-worker6,1,2026-06-06 08:54:51 UTC,15039288,15464128,163372,1.02,50868,626188,204544,1.28,210488,522664,312
cloud-k3s-pool-workers-worker6,1,2026-06-06 08:54:52 UTC,15044248,15469088,158408,0.99,50876,626184,201096,1.26,208928,522664,60
cloud-k3s-pool-workers-worker6,1,2026-06-06 08:54:53 UTC,15043740,15468592,158888,0.99,50876,626212,201096,1.26,208796,522676,76
cloud-k3s-pool-workers-worker6,1,2026-06-06 08:54:54 UTC,15043740,15468612,158880,0.99,50876,626220,201096,1.26,208796,522696,76
cloud-k3s-pool-workers-worker6,1,2026-06-06 08:54:55 UTC,15043740,15468612,158868,0.99,50876,626232,201096,1.26,208796,522696,88
cloud-k3s-pool-workers-worker6,1,2026-06-06 08:54:56 UTC,15043740,15468612,158868,0.99,50876,626232,201096,1.26,208796,522696,24
cloud-k3s-pool-workers-worker6,1,2026-06-06 08:54:57 UTC,15043740,15468612,158848,0.99,50884,626244,201096,1.26,208796,522696,52
cloud-k3s-pool-workers-worker6,1,2026-06-06 08:54:58 UTC,15043740,15468652,158840,0.99,50884,626252,201096,1.26,208796,522736,0
cloud-k3s-pool-workers-worker6,1,2026-06-06 08:54:59 UTC,15043740,15468668,158816,0.99,50884,626272,201096,1.26,208844,522748,84
cloud-k3s-pool-workers-worker6,1,2026-06-06 08:55:00 UTC,15043740,15468668,158808,0.99,50884,626280,201096,1.26,208844,522748,92
cloud-k3s-pool-workers-worker6,1,2026-06-06 08:55:01 UTC,15041980,15466940,160560,1.00,50884,626292,201096,1.26,208824,522780,104
cloud-k3s-pool-workers-worker6,1,2026-06-06 08:55:02 UTC,15041980,15466940,160552,1.00,50884,626300,201096,1.26,208824,522780,112
cloud-k3s-pool-workers-worker6,1,2026-06-06 08:55:03 UTC,15041732,15466712,160788,1.01,50892,626312,201096,1.26,208820,522800,268
cloud-k3s-pool-workers-worker6,1,2026-06-06 08:55:04 UTC,15041732,15466712,160776,1.01,50892,626324,201096,1.26,208820,522800,280
cloud-k3s-pool-workers-worker6,1,2026-06-06 08:55:05 UTC,15041732,15466712,160768,1.01,50892,626332,201096,1.26,208820,522800,288
cloud-k3s-pool-workers-worker6,1,2026-06-06 08:55:06 UTC,15041480,15466460,161004,1.01,50892,626344,201096,1.26,208820,522800,300
cloud-k3s-pool-workers-worker6,1,2026-06-06 08:55:07 UTC,15041480,15466500,160996,1.01,50892,626352,201096,1.26,208820,522840,56
cloud-k3s-pool-workers-worker6,1,2026-06-06 08:55:08 UTC,15041480,15466500,160984,1.01,50900,626356,201096,1.26,208820,522840,68
cloud-k3s-pool-workers-worker6,1,2026-06-06 08:55:09 UTC,15041480,15466560,160968,1.01,50900,626372,201096,1.26,208820,522900,208
cloud-k3s-pool-workers-worker6,1,2026-06-06 08:55:10 UTC,15041480,15466560,160956,1.01,50900,626384,201096,1.26,208820,522900,220
cloud-k3s-pool-workers-worker6,1,2026-06-06 08:55:11 UTC,15041480,15466560,160948,1.01,50900,626392,201096,1.26,208820,522900,228
cloud-k3s-pool-workers-worker6,1,2026-06-06 08:55:12 UTC,15041480,15466612,160936,1.01,50900,626404,201096,1.26,208820,522952,52
cloud-k3s-pool-workers-worker6,1,2026-06-06 08:55:13 UTC,15041480,15466612,160928,1.01,50900,626412,201096,1.26,208820,522952,52
cloud-k3s-pool-workers-worker6,1,2026-06-06 08:55:14 UTC,15041480,15466612,160928,1.01,50908,626404,201096,1.26,208820,522952,0
cloud-k3s-pool-workers-worker6,1,2026-06-06 08:55:15 UTC,15041480,15466612,160900,1.01,50908,626432,201096,1.26,208820,522952,40
cloud-k3s-pool-workers-worker6,1,2026-06-06 08:55:16 UTC,15041480,15466612,160888,1.01,50908,626444,201096,1.26,208820,522952,52
cloud-k3s-pool-workers-worker6,1,2026-06-06 08:55:17 UTC,15041480,15466612,160876,1.01,50908,626456,201096,1.26,208820,522952,68
cloud-k3s-pool-workers-worker6,1,2026-06-06 08:55:18 UTC,15041480,15466672,160868,1.01,50908,626464,201096,1.26,208820,523012,76
cloud-k3s-pool-workers-worker6,1,2026-06-06 08:55:19 UTC,15041480,15466672,160848,1.01,50916,626476,201096,1.26,208820,523012,60
cloud-k3s-pool-workers-worker6,1,2026-06-06 08:55:20 UTC,15041480,15466692,160840,1.01,50916,626484,201096,1.26,208820,523032,4
cloud-k3s-pool-workers-worker6,1,2026-06-06 08:55:21 UTC,15040976,15466192,161328,1.01,50916,626496,201096,1.26,208820,523032,20
cloud-k3s-pool-workers-worker6,1,2026-06-06 08:55:22 UTC,15040976,15466192,161320,1.01,50916,626504,201096,1.26,208820,523032,28
cloud-k3s-pool-workers-worker6,1,2026-06-06 08:55:23 UTC,15040976,15466192,161308,1.01,50916,626516,201096,1.26,208820,523032,200
cloud-k3s-pool-workers-worker6,1,2026-06-06 08:55:24 UTC,15040976,15466192,161300,1.01,50916,626524,201096,1.26,208820,523032,208
cloud-k3s-pool-workers-worker6,1,2026-06-06 08:55:25 UTC,15040976,15466192,161280,1.01,50924,626536,201096,1.26,208820,523032,248
cloud-k3s-pool-workers-worker6,1,2026-06-06 08:55:26 UTC,15040976,15466252,161272,1.01,50924,626544,201096,1.26,208820,523092,192
cloud-k3s-pool-workers-worker6,1,2026-06-06 08:55:27 UTC,15040976,15466264,161260,1.01,50924,626556,201096,1.26,208820,523104,48
cloud-k3s-pool-workers-worker6,1,2026-06-06 08:55:28 UTC,15040976,15466264,161248,1.01,50924,626568,201096,1.26,208820,523104,60
cloud-k3s-pool-workers-worker6,1,2026-06-06 08:55:29 UTC,15040976,15466264,161240,1.01,50924,626576,201096,1.26,208820,523104,68
cloud-k3s-pool-workers-worker6,1,2026-06-06 08:55:30 UTC,15040976,15466296,161228,1.01,50924,626588,201096,1.26,208820,523136,52
cloud-k3s-pool-workers-worker6,1,2026-06-06 08:55:31 UTC,15040976,15466296,161212,1.01,50932,626596,201096,1.26,208820,523136,88
cloud-k3s-pool-workers-worker6,1,2026-06-06 08:55:32 UTC,15040976,15466296,161200,1.01,50932,626608,201096,1.26,208820,523136,100
cloud-k3s-pool-workers-worker6,1,2026-06-06 08:55:33 UTC,15040528,15465876,161644,1.01,50932,626616,203948,1.28,210116,523164,40
cloud-k3s-pool-workers-worker6,1,2026-06-06 08:55:34 UTC,15040528,15465876,161628,1.01,50932,626628,204548,1.28,210528,523164,56
cloud-k3s-pool-workers-worker6,1,2026-06-06 08:55:35 UTC,15040528,15465876,161620,1.01,50932,626636,204548,1.28,210528,523164,244
cloud-k3s-pool-workers-worker6,1,2026-06-06 08:55:36 UTC,15042888,15468268,159244,1.00,50932,626648,201096,1.26,208888,523196,304
cloud-k3s-pool-workers-worker6,1,2026-06-06 08:55:37 UTC,15042272,15467656,159840,1.00,50940,626656,201096,1.26,208844,523196,412
cloud-k3s-pool-workers-worker6,1,2026-06-06 08:55:38 UTC,15042272,15467656,159828,1.00,50940,626668,201096,1.26,208844,523196,424
cloud-k3s-pool-workers-worker6,1,2026-06-06 08:55:39 UTC,15042272,15467656,159820,1.00,50940,626676,201096,1.26,208844,523196,44
cloud-k3s-pool-workers-worker6,1,2026-06-06 08:55:40 UTC,15042272,15467656,159808,1.00,50940,626688,201096,1.26,208844,523196,56
cloud-k3s-pool-workers-worker6,1,2026-06-06 08:55:41 UTC,15042272,15467656,159796,1.00,50940,626700,201096,1.26,208844,523196,68
cloud-k3s-pool-workers-worker6,1,2026-06-06 08:55:42 UTC,15042272,15467716,159788,1.00,50948,626700,201096,1.26,208844,523256,44
cloud-k3s-pool-workers-worker6,1,2026-06-06 08:55:43 UTC,15042272,15467716,159768,1.00,50948,626720,201096,1.26,208844,523256,252
cloud-k3s-pool-workers-worker6,1,2026-06-06 08:55:44 UTC,15042272,15467716,159760,1.00,50948,626728,201096,1.26,208844,523256,260
cloud-k3s-pool-workers-worker6,1,2026-06-06 08:55:45 UTC,15042272,15467716,159748,1.00,50948,626740,201096,1.26,208844,523256,212
cloud-k3s-pool-workers-worker6,1,2026-06-06 08:55:46 UTC,15042272,15467716,159748,1.00,50948,626740,201096,1.26,208844,523256,212
cloud-k3s-pool-workers-worker6,1,2026-06-06 08:55:47 UTC,15042272,15467716,159728,1.00,50956,626752,201096,1.26,208844,523256,232
cloud-k3s-pool-workers-worker6,1,2026-06-06 08:55:48 UTC,15042272,15467776,159720,1.00,50956,626760,201096,1.26,208844,523316,60
cloud-k3s-pool-workers-worker6,1,2026-06-06 08:55:49 UTC,15042272,15467836,159700,1.00,50956,626780,201096,1.26,208844,523376,56
cloud-k3s-pool-workers-worker6,1,2026-06-06 08:55:50 UTC,15042272,15467856,159692,1.00,50956,626788,201096,1.26,208844,523396,0
cloud-k3s-pool-workers-worker6,1,2026-06-06 08:55:51 UTC,15041044,15466640,160908,1.01,50956,626800,203948,1.28,209696,523408,16
cloud-k3s-pool-workers-worker6,1,2026-06-06 08:55:52 UTC,15040288,15465884,161616,1.01,50964,626792,206636,1.29,210660,523408,288
cloud-k3s-pool-workers-worker6,1,2026-06-06 08:55:53 UTC,15040288,15465892,161588,1.01,50964,626820,206636,1.29,211096,523416,408
cloud-k3s-pool-workers-worker6,1,2026-06-06 08:55:54 UTC,15040288,15465892,161576,1.01,50964,626832,206636,1.29,211096,523416,432
cloud-k3s-pool-workers-worker6,1,2026-06-06 08:55:55 UTC,15040036,15465640,161884,1.01,50964,626840,199736,1.25,207716,523416,476
cloud-k3s-pool-workers-worker6,1,2026-06-06 08:55:56 UTC,15040036,15465640,161872,1.01,50964,626852,199736,1.25,207716,523416,488
cloud-k3s-pool-workers-worker6,1,2026-06-06 08:55:57 UTC,15040036,15465692,161864,1.01,50972,626852,199736,1.25,207716,523468,12
cloud-k3s-pool-workers-worker6,1,2026-06-06 08:55:58 UTC,15040036,15465692,161844,1.01,50972,626872,199736,1.25,207716,523468,56
cloud-k3s-pool-workers-worker6,1,2026-06-06 08:55:59 UTC,15041248,15466904,160632,1.01,50972,626872,201096,1.26,208496,523468,56
cloud-k3s-pool-workers-worker6,1,2026-06-06 08:56:00 UTC,15041024,15466680,160836,1.01,50972,626892,201096,1.26,208784,523468,76
cloud-k3s-pool-workers-worker6,1,2026-06-06 08:56:01 UTC,15041024,15466680,160836,1.01,50972,626892,201096,1.26,208784,523468,76
cloud-k3s-pool-workers-worker6,1,2026-06-06 08:56:02 UTC,15041024,15466680,160836,1.01,50972,626892,201096,1.26,208784,523468,76
cloud-k3s-pool-workers-worker6,1,2026-06-06 08:56:03 UTC,15041024,15466740,160796,1.01,50980,626924,201096,1.26,208784,523528,52
cloud-k3s-pool-workers-worker6,1,2026-06-06 08:56:04 UTC,15041024,15466740,160788,1.01,50980,626932,201096,1.26,208784,523528,60
cloud-k3s-pool-workers-worker6,1,2026-06-06 08:56:05 UTC,15041024,15466740,160776,1.01,50980,626944,201096,1.26,208784,523528,72
cloud-k3s-pool-workers-worker6,1,2026-06-06 08:56:06 UTC,15041024,15466740,160776,1.01,50980,626944,201096,1.26,208784,523528,72
cloud-k3s-pool-workers-worker6,1,2026-06-06 08:56:07 UTC,15041024,15466740,160756,1.01,50980,626964,201096,1.26,208784,523528,256
cloud-k3s-pool-workers-worker6,1,2026-06-06 08:56:08 UTC,15041024,15466740,160748,1.01,50988,626964,201096,1.26,208784,523528,264
cloud-k3s-pool-workers-worker6,1,2026-06-06 08:56:09 UTC,15041024,15466800,160728,1.01,50988,626984,201096,1.26,208808,523588,180
cloud-k3s-pool-workers-worker6,1,2026-06-06 08:56:10 UTC,15041024,15466800,160720,1.01,50988,626992,201096,1.26,208808,523588,188
cloud-k3s-pool-workers-worker6,1,2026-06-06 08:56:11 UTC,15041024,15466800,160708,1.01,50988,627004,201096,1.26,208808,523588,200
cloud-k3s-pool-workers-worker6,1,2026-06-06 08:56:12 UTC,15041024,15466800,160700,1.01,50988,627012,201096,1.26,208808,523588,208
cloud-k3s-pool-workers-worker6,1,2026-06-06 08:56:13 UTC,15041024,15466800,160688,1.01,50988,627024,201096,1.26,208808,523588,60
cloud-k3s-pool-workers-worker6,1,2026-06-06 08:56:14 UTC,15041024,15466800,160680,1.01,50996,627024,201096,1.26,208808,523588,4
cloud-k3s-pool-workers-worker6,1,2026-06-06 08:56:15 UTC,15041024,15466860,160660,1.01,50996,627044,201096,1.26,208808,523648,48
cloud-k3s-pool-workers-worker6,1,2026-06-06 08:56:16 UTC,15041024,15466860,160648,1.01,50996,627056,201096,1.26,208808,523648,60
cloud-k3s-pool-workers-worker6,1,2026-06-06 08:56:17 UTC,15041024,15466860,160640,1.01,50996,627064,201096,1.26,208808,523648,236
cloud-k3s-pool-workers-worker6,1,2026-06-06 08:56:18 UTC,15041024,15466860,160628,1.00,50996,627076,201096,1.26,208808,523648,248
cloud-k3s-pool-workers-worker6,1,2026-06-06 08:56:19 UTC,15041024,15466860,160620,1.00,51004,627076,201096,1.26,208808,523648,56
cloud-k3s-pool-workers-worker6,1,2026-06-06 08:56:20 UTC,15041024,15466860,160608,1.00,51004,627088,201096,1.26,208808,523648,0
cloud-k3s-pool-workers-worker6,1,2026-06-06 08:56:21 UTC,15041024,15466920,160592,1.00,51004,627104,201096,1.26,208808,523708,40
cloud-k3s-pool-workers-worker6,1,2026-06-06 08:56:22 UTC,15041024,15466920,160580,1.00,51004,627116,201096,1.26,208808,523708,52
cloud-k3s-pool-workers-worker6,1,2026-06-06 08:56:23 UTC,15041024,15466920,160572,1.00,51004,627124,201096,1.26,208808,523708,232
cloud-k3s-pool-workers-worker6,1,2026-06-06 08:56:24 UTC,15041024,15466920,160560,1.00,51004,627136,201096,1.26,208808,523708,244
cloud-k3s-pool-workers-worker6,1,2026-06-06 08:56:25 UTC,15040772,15466668,160796,1.01,51012,627144,201096,1.26,208808,523708,248
cloud-k3s-pool-workers-worker6,1,2026-06-06 08:56:26 UTC,15040772,15466668,160784,1.01,51012,627156,201096,1.26,208808,523708,260
cloud-k3s-pool-workers-worker6,1,2026-06-06 08:56:27 UTC,15040772,15466728,160772,1.01,51012,627168,201096,1.26,208808,523768,212
cloud-k3s-pool-workers-worker6,1,2026-06-06 08:56:28 UTC,15040772,15466728,160764,1.01,51012,627176,201096,1.26,208808,523768,48
cloud-k3s-pool-workers-worker6,1,2026-06-06 08:56:29 UTC,15040772,15466728,160764,1.01,51012,627176,201096,1.26,208808,523768,48
cloud-k3s-pool-workers-worker6,1,2026-06-06 08:56:30 UTC,15040772,15466728,160764,1.01,51020,627168,201096,1.26,208808,523768,48
cloud-k3s-pool-workers-worker6,1,2026-06-06 08:56:31 UTC,15040772,15466788,160724,1.01,51020,627208,201096,1.26,208808,523828,56
cloud-k3s-pool-workers-worker6,1,2026-06-06 08:56:32 UTC,15040772,15466788,160716,1.01,51020,627216,201096,1.26,208808,523828,0
cloud-k3s-pool-workers-worker6,1,2026-06-06 08:56:33 UTC,15040268,15466344,161208,1.01,51020,627228,201096,1.26,208808,523888,188
cloud-k3s-pool-workers-worker6,1,2026-06-06 08:56:34 UTC,15040268,15466344,161200,1.01,51020,627236,201096,1.26,208808,523888,196
cloud-k3s-pool-workers-worker6,1,2026-06-06 08:56:35 UTC,15039260,15465336,162184,1.01,51028,627248,201096,1.26,208808,523888,236
cloud-k3s-pool-workers-worker6,1,2026-06-06 08:56:36 UTC,15039260,15465336,162176,1.01,51028,627256,201096,1.26,208808,523888,244
cloud-k3s-pool-workers-worker6,1,2026-06-06 08:56:37 UTC,15039260,15465340,162160,1.01,51028,627268,201096,1.26,208808,523888,88
cloud-k3s-pool-workers-worker6,1,2026-06-06 08:56:38 UTC,15039260,15465340,162152,1.01,51028,627276,201096,1.26,208808,523888,96
cloud-k3s-pool-workers-worker6,1,2026-06-06 08:56:39 UTC,15039260,15465400,162140,1.01,51028,627288,201096,1.26,208808,523948,44
cloud-k3s-pool-workers-worker6,1,2026-06-06 08:56:40 UTC,15039260,15465400,162128,1.01,51028,627300,201096,1.26,208808,523948,28
cloud-k3s-pool-workers-worker6,1,2026-06-06 08:56:41 UTC,15039260,15465400,162120,1.01,51036,627300,201096,1.26,208808,523948,36
cloud-k3s-pool-workers-worker6,1,2026-06-06 08:56:42 UTC,15039260,15465400,162108,1.01,51036,627312,201096,1.26,208808,523948,48
cloud-k3s-pool-workers-worker6,1,2026-06-06 08:56:43 UTC,15039260,15465448,162092,1.01,51036,627328,201096,1.26,208808,523996,92
cloud-k3s-pool-workers-worker6,1,2026-06-06 08:56:44 UTC,15039260,15465460,162080,1.01,51036,627340,201096,1.26,208808,524008,36
cloud-k3s-pool-workers-worker6,1,2026-06-06 08:56:45 UTC,15039260,15465460,162072,1.01,51036,627348,201096,1.26,208808,524008,48
cloud-k3s-pool-workers-worker6,1,2026-06-06 08:56:46 UTC,15039260,15465460,162060,1.01,51036,627360,201096,1.26,208808,524008,60
cloud-k3s-pool-workers-worker6,1,2026-06-06 08:56:47 UTC,15039260,15465460,162044,1.01,51044,627368,201096,1.26,208808,524008,36
cloud-k3s-pool-workers-worker6,1,2026-06-06 08:56:48 UTC,15039260,15465460,162044,1.01,51044,627368,201096,1.26,208808,524008,36
cloud-k3s-pool-workers-worker6,1,2026-06-06 08:56:49 UTC,15039260,15465500,162024,1.01,51044,627388,201096,1.26,208808,524048,216
cloud-k3s-pool-workers-worker6,1,2026-06-06 08:56:50 UTC,15037244,15463504,164024,1.03,51044,627400,201096,1.26,208808,524068,164
cloud-k3s-pool-workers-worker6,1,2026-06-06 08:56:51 UTC,15037244,15463504,164012,1.03,51044,627412,201096,1.26,208808,524068,180
cloud-k3s-pool-workers-worker6,1,2026-06-06 08:56:52 UTC,15037244,15463504,164012,1.03,51052,627404,202196,1.27,209328,524068,180
cloud-k3s-pool-workers-worker6,1,2026-06-06 08:56:53 UTC,15036488,15462748,164740,1.03,51052,627432,204280,1.28,210132,524068,64
cloud-k3s-pool-workers-worker6,1,2026-06-06 08:56:54 UTC,15036488,15462748,164732,1.03,51052,627440,204280,1.28,210380,524068,228
cloud-k3s-pool-workers-worker6,1,2026-06-06 08:56:55 UTC,15036488,15462748,164720,1.03,51052,627452,204280,1.28,210380,524068,240
cloud-k3s-pool-workers-worker6,1,2026-06-06 08:56:56 UTC,15036488,15462808,164708,1.03,51052,627464,204280,1.28,210380,524128,216
cloud-k3s-pool-workers-worker6,1,2026-06-06 08:56:57 UTC,15036488,15462808,164688,1.03,51060,627476,204280,1.28,210432,524128,284
cloud-k3s-pool-workers-worker6,1,2026-06-06 08:56:58 UTC,15036488,15462808,164688,1.03,51060,627476,201096,1.26,208872,524128,24
cloud-k3s-pool-workers-worker6,1,2026-06-06 08:56:59 UTC,15036488,15462808,164668,1.03,51060,627496,201096,1.26,208788,524128,44
cloud-k3s-pool-workers-worker6,1,2026-06-06 08:57:00 UTC,15036488,15462808,164660,1.03,51060,627504,201096,1.26,208788,524128,52
cloud-k3s-pool-workers-worker6,1,2026-06-06 08:57:01 UTC,15036488,15462808,164648,1.03,51060,627516,201096,1.26,208788,524128,60
cloud-k3s-pool-workers-worker6,1,2026-06-06 08:57:02 UTC,15036488,15462864,164632,1.03,51068,627524,201096,1.26,208792,524184,208
cloud-k3s-pool-workers-worker6,1,2026-06-06 08:57:03 UTC,15036488,15462864,164620,1.03,51068,627536,201096,1.26,208792,524184,52
cloud-k3s-pool-workers-worker6,1,2026-06-06 08:57:04 UTC,15036488,15462864,164608,1.03,51068,627548,201096,1.26,208792,524184,64
cloud-k3s-pool-workers-worker6,1,2026-06-06 08:57:05 UTC,15036488,15462868,164596,1.03,51068,627556,201096,1.26,208792,524184,72
cloud-k3s-pool-workers-worker6,1,2026-06-06 08:57:06 UTC,15036488,15462868,164584,1.03,51068,627568,201096,1.26,208792,524184,84
cloud-k3s-pool-workers-worker6,1,2026-06-06 08:57:07 UTC,15036488,15462868,164576,1.03,51076,627568,201096,1.26,208792,524184,92
cloud-k3s-pool-workers-worker6,1,2026-06-06 08:57:08 UTC,15036488,15462988,164556,1.03,51076,627588,201096,1.26,208792,524304,204
cloud-k3s-pool-workers-worker6,1,2026-06-06 08:57:09 UTC,15036488,15462988,164548,1.03,51076,627596,201096,1.26,208792,524304,180
cloud-k3s-pool-workers-worker6,1,2026-06-06 08:57:10 UTC,15036488,15462988,164548,1.03,51076,627596,201096,1.26,208792,524304,180
cloud-k3s-pool-workers-worker6,1,2026-06-06 08:57:11 UTC,15036488,15462988,164528,1.03,51076,627616,201096,1.26,208792,524304,200
cloud-k3s-pool-workers-worker6,1,2026-06-06 08:57:12 UTC,15036488,15462988,164516,1.03,51084,627620,201096,1.26,208792,524304,212
cloud-k3s-pool-workers-worker6,1,2026-06-06 08:57:13 UTC,15036488,15462988,164500,1.03,51084,627636,201096,1.26,208792,524304,76
cloud-k3s-pool-workers-worker6,1,2026-06-06 08:57:14 UTC,15036488,15463048,164488,1.03,51084,627648,201096,1.26,208792,524364,24
cloud-k3s-pool-workers-worker6,1,2026-06-06 08:57:15 UTC,15036488,15463048,164476,1.03,51084,627660,201096,1.26,208792,524364,40
cloud-k3s-pool-workers-worker6,1,2026-06-06 08:57:16 UTC,15036488,15463048,164476,1.03,51084,627660,201096,1.26,208792,524364,40
cloud-k3s-pool-workers-worker6,1,2026-06-06 08:57:17 UTC,15036488,15463048,164456,1.03,51092,627672,201096,1.26,208792,524364,60
cloud-k3s-pool-workers-worker6,1,2026-06-06 08:57:18 UTC,15036488,15463048,164440,1.03,51092,627688,201096,1.26,208792,524364,212
cloud-k3s-pool-workers-worker6,1,2026-06-06 08:57:19 UTC,15036488,15463048,164440,1.03,51092,627688,201096,1.26,208792,524364,212
cloud-k3s-pool-workers-worker6,1,2026-06-06 08:57:20 UTC,15036488,15463108,164420,1.03,51092,627708,201096,1.26,208792,524424,168
cloud-k3s-pool-workers-worker6,1,2026-06-06 08:57:21 UTC,15036488,15463108,164404,1.03,51092,627720,201096,1.26,208792,524424,184
cloud-k3s-pool-workers-worker6,1,2026-06-06 08:57:22 UTC,15036488,15463108,164404,1.03,51100,627712,201096,1.26,208792,524424,20
cloud-k3s-pool-workers-worker6,1,2026-06-06 08:57:23 UTC,15036488,15463112,164372,1.03,51100,627740,201096,1.26,208792,524424,60
cloud-k3s-pool-workers-worker6,1,2026-06-06 08:57:24 UTC,15036488,15463112,164364,1.03,51100,627748,201096,1.26,208792,524424,68
cloud-k3s-pool-workers-worker6,1,2026-06-06 08:57:25 UTC,15036488,15463172,164352,1.03,51100,627760,203948,1.28,210072,524484,80
cloud-k3s-pool-workers-worker6,1,2026-06-06 08:57:26 UTC,15036488,15463172,164344,1.03,51100,627768,204548,1.28,210332,524484,88
cloud-k3s-pool-workers-worker6,1,2026-06-06 08:57:27 UTC,15036488,15463176,164324,1.03,51108,627780,204548,1.28,210516,524488,312
cloud-k3s-pool-workers-worker6,1,2026-06-06 08:57:28 UTC,15036488,15463176,164312,1.03,51108,627792,204548,1.28,210516,524488,180
cloud-k3s-pool-workers-worker6,1,2026-06-06 08:57:29 UTC,15036488,15463216,164304,1.03,51108,627800,201096,1.26,208828,524528,212
cloud-k3s-pool-workers-worker6,1,2026-06-06 08:57:30 UTC,15036488,15463216,164292,1.03,51108,627812,201096,1.26,208828,524528,224
cloud-k3s-pool-workers-worker6,1,2026-06-06 08:57:31 UTC,15036488,15463216,164284,1.03,51108,627820,201096,1.26,208828,524528,232
cloud-k3s-pool-workers-worker6,1,2026-06-06 08:57:32 UTC,15039108,15465836,161652,1.01,51116,627824,201096,1.26,208828,524528,244
cloud-k3s-pool-workers-worker6,1,2026-06-06 08:57:33 UTC,15039116,15465844,161624,1.01,51116,627844,201096,1.26,208828,524528,56
cloud-k3s-pool-workers-worker6,1,2026-06-06 08:57:34 UTC,15039116,15465844,161612,1.01,51116,627856,201096,1.26,208828,524528,68
cloud-k3s-pool-workers-worker6,1,2026-06-06 08:57:35 UTC,15039116,15465904,161604,1.01,51116,627864,201096,1.26,208828,524588,76
cloud-k3s-pool-workers-worker6,1,2026-06-06 08:57:36 UTC,15039116,15465904,161588,1.01,51116,627876,201096,1.26,208828,524588,88
cloud-k3s-pool-workers-worker6,1,2026-06-06 08:57:37 UTC,15039116,15465904,161572,1.01,51124,627884,201096,1.26,208828,524588,260
cloud-k3s-pool-workers-worker6,1,2026-06-06 08:57:38 UTC,15039116,15465904,161560,1.01,51124,627896,201096,1.26,208828,524588,272
cloud-k3s-pool-workers-worker6,1,2026-06-06 08:57:39 UTC,15039116,15465904,161548,1.01,51124,627908,201096,1.26,208828,524588,180
cloud-k3s-pool-workers-worker6,1,2026-06-06 08:57:40 UTC,15039116,15465904,161548,1.01,51124,627908,201096,1.26,208828,524588,180
cloud-k3s-pool-workers-worker6,1,2026-06-06 08:57:41 UTC,15039116,15465964,161528,1.01,51124,627928,201096,1.26,208828,524648,200
cloud-k3s-pool-workers-worker6,1,2026-06-06 08:57:42 UTC,15038360,15465212,162264,1.02,51132,627936,201096,1.26,208828,524648,72
cloud-k3s-pool-workers-worker6,1,2026-06-06 08:57:43 UTC,15038108,15464960,162504,1.02,51132,627948,201096,1.26,208828,524648,84
cloud-k3s-pool-workers-worker6,1,2026-06-06 08:57:44 UTC,15038108,15464960,162496,1.02,51132,627956,201096,1.26,208828,524648,28
cloud-k3s-pool-workers-worker6,1,2026-06-06 08:57:45 UTC,15038108,15464960,162484,1.02,51132,627968,201096,1.26,208828,524648,44
cloud-k3s-pool-workers-worker6,1,2026-06-06 08:57:46 UTC,15034864,15461784,165720,1.04,51132,627976,203944,1.28,210144,524716,52
cloud-k3s-pool-workers-worker6,1,2026-06-06 08:57:47 UTC,15034864,15461788,165688,1.04,51140,627992,204544,1.28,210460,524720,320
cloud-k3s-pool-workers-worker6,1,2026-06-06 08:57:48 UTC,15034864,15461804,165680,1.04,51140,628000,204544,1.28,210504,524736,52
cloud-k3s-pool-workers-worker6,1,2026-06-06 08:57:49 UTC,15034864,15461804,165668,1.04,51140,628012,204544,1.28,210504,524736,64
cloud-k3s-pool-workers-worker6,1,2026-06-06 08:57:50 UTC,15034864,15461804,165660,1.04,51140,628020,204544,1.28,210504,524736,76
cloud-k3s-pool-workers-worker6,1,2026-06-06 08:57:51 UTC,15034864,15461840,165648,1.04,51140,628032,201096,1.26,208804,524772,184
cloud-k3s-pool-workers-worker6,1,2026-06-06 08:57:52 UTC,15034864,15461840,165636,1.04,51148,628036,201096,1.26,208804,524772,300
cloud-k3s-pool-workers-worker6,1,2026-06-06 08:57:53 UTC,15034864,15461900,165620,1.04,51148,628052,202456,1.27,209584,524832,336
cloud-k3s-pool-workers-worker6,1,2026-06-06 08:57:54 UTC,15034864,15461900,165608,1.04,51148,628064,204280,1.28,210104,524832,348
cloud-k3s-pool-workers-worker6,1,2026-06-06 08:57:55 UTC,15034864,15461900,165592,1.04,51148,628072,204280,1.28,210492,524832,92
cloud-k3s-pool-workers-worker6,1,2026-06-06 08:57:56 UTC,15034864,15461900,165580,1.04,51148,628084,204280,1.28,210492,524832,172
cloud-k3s-pool-workers-worker6,1,2026-06-06 08:57:57 UTC,15034864,15461960,165564,1.04,51156,628092,204280,1.28,210492,524892,252
cloud-k3s-pool-workers-worker6,1,2026-06-06 08:57:58 UTC,15034864,15461960,165556,1.04,51156,628104,201096,1.26,208852,524892,264
cloud-k3s-pool-workers-worker6,1,2026-06-06 08:57:59 UTC,15034864,15461960,165548,1.04,51156,628112,199736,1.25,207804,524892,284
cloud-k3s-pool-workers-worker6,1,2026-06-06 08:58:00 UTC,15034864,15461960,165536,1.04,51156,628124,199736,1.25,207804,524892,296
cloud-k3s-pool-workers-worker6,1,2026-06-06 08:58:01 UTC,15034864,15461960,165536,1.04,51156,628132,199736,1.25,207728,524892,64
cloud-k3s-pool-workers-worker6,1,2026-06-06 08:58:02 UTC,15034864,15461960,165516,1.04,51164,628144,199736,1.25,207728,524892,32
cloud-k3s-pool-workers-worker6,1,2026-06-06 08:58:03 UTC,15034864,15462020,165504,1.04,51164,628156,199736,1.25,207728,524952,212
cloud-k3s-pool-workers-worker6,1,2026-06-06 08:58:04 UTC,15034864,15462020,165496,1.04,51164,628164,199736,1.25,207728,524952,220
cloud-k3s-pool-workers-worker6,1,2026-06-06 08:58:05 UTC,15034864,15462020,165484,1.04,51164,628176,199736,1.25,207728,524952,232
cloud-k3s-pool-workers-worker6,1,2026-06-06 08:58:06 UTC,15034864,15462020,165476,1.04,51164,628184,199736,1.25,207728,524952,240
cloud-k3s-pool-workers-worker6,1,2026-06-06 08:58:07 UTC,15034864,15462036,165452,1.04,51172,628196,199736,1.25,207728,524964,92
cloud-k3s-pool-workers-worker6,1,2026-06-06 08:58:08 UTC,15034864,15462036,165444,1.04,51172,628204,199736,1.25,207728,524964,100
cloud-k3s-pool-workers-worker6,1,2026-06-06 08:58:09 UTC,15034616,15461848,165676,1.04,51172,628216,201096,1.26,208796,525024,16
cloud-k3s-pool-workers-worker6,1,2026-06-06 08:58:10 UTC,15034616,15461848,165668,1.04,51172,628224,201096,1.26,208796,525024,24
cloud-k3s-pool-workers-worker6,1,2026-06-06 08:58:11 UTC,15034616,15461848,165656,1.04,51172,628236,201096,1.26,208796,525024,36
cloud-k3s-pool-workers-worker6,1,2026-06-06 08:58:12 UTC,15034616,15461848,165656,1.04,51180,628228,201096,1.26,208796,525024,36
cloud-k3s-pool-workers-worker6,1,2026-06-06 08:58:13 UTC,15034616,15461848,165628,1.04,51180,628256,201096,1.26,208796,525024,88
cloud-k3s-pool-workers-worker6,1,2026-06-06 08:58:14 UTC,15034616,15461848,165616,1.04,51180,628268,201096,1.26,208796,525024,32
cloud-k3s-pool-workers-worker6,1,2026-06-06 08:58:15 UTC,15034616,15461908,165608,1.04,51180,628276,201096,1.26,208796,525084,44
cloud-k3s-pool-workers-worker6,1,2026-06-06 08:58:16 UTC,15034616,15461908,165596,1.04,51180,628288,201096,1.26,208796,525084,56
cloud-k3s-pool-workers-worker6,1,2026-06-06 08:58:17 UTC,15034616,15461908,165588,1.04,51188,628288,201096,1.26,208796,525084,232
cloud-k3s-pool-workers-worker6,1,2026-06-06 08:58:18 UTC,15034616,15461908,165576,1.04,51188,628300,201096,1.26,208796,525084,244
cloud-k3s-pool-workers-worker6,1,2026-06-06 08:58:19 UTC,15034616,15461924,165560,1.04,51188,628316,201096,1.26,208820,525100,220
cloud-k3s-pool-workers-worker6,1,2026-06-06 08:58:20 UTC,15034616,15461924,165548,1.04,51188,628328,201096,1.26,208820,525100,168
cloud-k3s-pool-workers-worker6,1,2026-06-06 08:58:21 UTC,15034616,15461984,165540,1.04,51188,628336,201096,1.26,208820,525160,180
cloud-k3s-pool-workers-worker6,1,2026-06-06 08:58:22 UTC,15034616,15461984,165524,1.04,51188,628348,201096,1.26,208820,525160,196
cloud-k3s-pool-workers-worker6,1,2026-06-06 08:58:23 UTC,15034364,15461744,165760,1.04,51196,628356,201096,1.26,208820,525172,68
cloud-k3s-pool-workers-worker6,1,2026-06-06 08:58:24 UTC,15034364,15461744,165748,1.04,51196,628368,201096,1.26,208820,525172,80
cloud-k3s-pool-workers-worker6,1,2026-06-06 08:58:25 UTC,15034364,15461744,165740,1.04,51196,628376,201096,1.26,208820,525172,88
cloud-k3s-pool-workers-worker6,1,2026-06-06 08:58:26 UTC,15034364,15461744,165728,1.04,51196,628388,201096,1.26,208820,525172,100
cloud-k3s-pool-workers-worker6,1,2026-06-06 08:58:27 UTC,15034364,15461804,165716,1.04,51196,628400,201096,1.26,208820,525232,212
cloud-k3s-pool-workers-worker6,1,2026-06-06 08:58:28 UTC,15034364,15461804,165708,1.04,51196,628408,201096,1.26,208820,525232,188
cloud-k3s-pool-workers-worker6,1,2026-06-06 08:58:29 UTC,15034364,15461812,165688,1.04,51204,628420,201096,1.26,208820,525240,64
cloud-k3s-pool-workers-worker6,1,2026-06-06 08:58:30 UTC,15034364,15461812,165680,1.04,51204,628428,201096,1.26,208820,525240,72
cloud-k3s-pool-workers-worker6,1,2026-06-06 08:58:31 UTC,15034364,15461812,165668,1.04,51204,628440,201096,1.26,208820,525240,84
cloud-k3s-pool-workers-worker6,1,2026-06-06 08:58:32 UTC,15034364,15461812,165660,1.04,51204,628448,201096,1.26,208820,525240,96
cloud-k3s-pool-workers-worker6,1,2026-06-06 08:58:33 UTC,15034364,15461880,165648,1.04,51204,628460,201096,1.26,208820,525308,212
cloud-k3s-pool-workers-worker6,1,2026-06-06 08:58:34 UTC,15034364,15461880,165640,1.04,51204,628468,201096,1.26,208820,525308,192
cloud-k3s-pool-workers-worker6,1,2026-06-06 08:58:35 UTC,15034364,15461880,165620,1.04,51212,628480,201096,1.26,208820,525308,232
cloud-k3s-pool-workers-worker6,1,2026-06-06 08:58:36 UTC,15034364,15461880,165612,1.04,51212,628488,201096,1.26,208820,525308,240
cloud-k3s-pool-workers-worker6,1,2026-06-06 08:58:37 UTC,15034364,15461884,165596,1.04,51212,628500,201096,1.26,208820,525308,264
cloud-k3s-pool-workers-worker6,1,2026-06-06 08:58:38 UTC,15034364,15461944,165584,1.04,51212,628512,201096,1.26,208820,525368,276
cloud-k3s-pool-workers-worker6,1,2026-06-06 08:58:39 UTC,15034364,15461952,165576,1.04,51212,628520,201096,1.26,208820,525376,40
cloud-k3s-pool-workers-worker6,1,2026-06-06 08:58:40 UTC,15034364,15461952,165564,1.04,51212,628532,201096,1.26,208820,525376,52
cloud-k3s-pool-workers-worker6,1,2026-06-06 08:58:41 UTC,15034364,15461952,165548,1.04,51220,628540,201096,1.26,208820,525376,60
cloud-k3s-pool-workers-worker6,1,2026-06-06 08:58:42 UTC,15034364,15461952,165536,1.04,51220,628552,201096,1.26,208820,525376,76
cloud-k3s-pool-workers-worker6,1,2026-06-06 08:58:43 UTC,15034364,15461952,165528,1.04,51220,628560,201096,1.26,208820,525376,248
cloud-k3s-pool-workers-worker6,1,2026-06-06 08:58:44 UTC,15034364,15461952,165516,1.04,51220,628572,201096,1.26,208820,525376,260
cloud-k3s-pool-workers-worker6,1,2026-06-06 08:58:45 UTC,15034364,15461952,165508,1.04,51220,628580,201096,1.26,208820,525376,208
cloud-k3s-pool-workers-worker6,1,2026-06-06 08:58:46 UTC,15034364,15461952,165496,1.04,51220,628592,201096,1.26,208820,525376,192
cloud-k3s-pool-workers-worker6,1,2026-06-06 08:58:47 UTC,15034364,15461952,165480,1.04,51228,628600,201096,1.26,208820,525376,240
cloud-k3s-pool-workers-worker6,1,2026-06-06 08:58:48 UTC,15034364,15462012,165468,1.04,51228,628612,201096,1.26,208820,525436,252
cloud-k3s-pool-workers-worker6,1,2026-06-06 08:58:49 UTC,15034364,15462012,165460,1.04,51228,628620,201096,1.26,208820,525436,80
cloud-k3s-pool-workers-worker6,1,2026-06-06 08:58:50 UTC,15034364,15462012,165448,1.04,51228,628632,201096,1.26,208820,525436,28
cloud-k3s-pool-workers-worker6,1,2026-06-06 08:58:51 UTC,15034364,15462012,165448,1.04,51228,628632,201096,1.26,208820,525436,28
cloud-k3s-pool-workers-worker6,1,2026-06-06 08:58:52 UTC,15034364,15462012,165424,1.04,51236,628644,201096,1.26,208820,525436,24
cloud-k3s-pool-workers-worker6,1,2026-06-06 08:58:53 UTC,15034364,15462124,165400,1.03,51236,628664,202456,1.27,209896,525548,64
cloud-k3s-pool-workers-worker6,1,2026-06-06 08:58:54 UTC,15034364,15462132,165388,1.03,51236,628672,204284,1.28,209948,525556,72
cloud-k3s-pool-workers-worker6,1,2026-06-06 08:58:55 UTC,15034124,15461904,165592,1.04,51236,628684,204284,1.28,210484,525568,244
cloud-k3s-pool-workers-worker6,1,2026-06-06 08:58:56 UTC,15034124,15461904,165584,1.04,51236,628692,204284,1.28,210484,525568,252
cloud-k3s-pool-workers-worker6,1,2026-06-06 08:58:57 UTC,15034124,15461904,165564,1.04,51244,628704,204284,1.28,210484,525568,332
cloud-k3s-pool-workers-worker6,1,2026-06-06 08:58:58 UTC,15033368,15461188,166272,1.04,51244,628712,207136,1.30,211896,525608,296
cloud-k3s-pool-workers-worker6,1,2026-06-06 08:58:59 UTC,15037204,15465036,162424,1.02,51244,628724,203948,1.28,210216,525620,324
cloud-k3s-pool-workers-worker6,1,2026-06-06 08:59:00 UTC,15036572,15464412,163048,1.02,51244,628732,204304,1.28,210524,525628,52
cloud-k3s-pool-workers-worker6,1,2026-06-06 08:59:01 UTC,15036572,15464412,163048,1.02,51244,628732,204548,1.28,210524,525628,52
cloud-k3s-pool-workers-worker6,1,2026-06-06 08:59:02 UTC,15036572,15464412,163048,1.02,51252,628724,204548,1.28,210524,525628,312
cloud-k3s-pool-workers-worker6,1,2026-06-06 08:59:03 UTC,15036572,15464452,163028,1.02,51252,628764,201096,1.26,208844,525668,368
cloud-k3s-pool-workers-worker6,1,2026-06-06 08:59:04 UTC,15036572,15464452,163016,1.02,51252,628776,201096,1.26,208844,525668,372
cloud-k3s-pool-workers-worker6,1,2026-06-06 08:59:05 UTC,15036572,15464452,163008,1.02,51252,628784,201096,1.26,208844,525668,380
cloud-k3s-pool-workers-worker6,1,2026-06-06 08:59:06 UTC,15036572,15464452,163008,1.02,51252,628784,201096,1.26,208844,525668,120
cloud-k3s-pool-workers-worker6,1,2026-06-06 08:59:07 UTC,15036320,15464204,163236,1.02,51252,628804,201096,1.26,208844,525668,264
cloud-k3s-pool-workers-worker6,1,2026-06-06 08:59:08 UTC,15036320,15464256,163224,1.02,51260,628808,201096,1.26,208844,525720,168
cloud-k3s-pool-workers-worker6,1,2026-06-06 08:59:09 UTC,15036320,15464256,163208,1.02,51260,628824,201096,1.26,208844,525720,180
cloud-k3s-pool-workers-worker6,1,2026-06-06 08:59:10 UTC,15036320,15464256,163196,1.02,51260,628836,201096,1.26,208844,525720,192
cloud-k3s-pool-workers-worker6,1,2026-06-06 08:59:11 UTC,15036320,15464256,163188,1.02,51260,628844,201096,1.26,208844,525720,200
cloud-k3s-pool-workers-worker6,1,2026-06-06 08:59:12 UTC,15036320,15464296,163176,1.02,51260,628856,201096,1.26,208844,525760,208
cloud-k3s-pool-workers-worker6,1,2026-06-06 08:59:13 UTC,15036320,15464304,163160,1.02,51268,628864,201096,1.26,208844,525768,80
cloud-k3s-pool-workers-worker6,1,2026-06-06 08:59:14 UTC,15036320,15464312,163160,1.02,51268,628864,201096,1.26,208844,525776,16
cloud-k3s-pool-workers-worker6,1,2026-06-06 08:59:15 UTC,15036320,15464312,163136,1.02,51268,628888,201096,1.26,208844,525776,44
cloud-k3s-pool-workers-worker6,1,2026-06-06 08:59:16 UTC,15036320,15464312,163128,1.02,51268,628896,201096,1.26,208844,525776,52
cloud-k3s-pool-workers-worker6,1,2026-06-06 08:59:17 UTC,15036320,15464312,163116,1.02,51268,628908,201096,1.26,208844,525776,228
cloud-k3s-pool-workers-worker6,1,2026-06-06 08:59:18 UTC,15036320,15464312,163116,1.02,51268,628908,201096,1.26,208844,525776,228
cloud-k3s-pool-workers-worker6,1,2026-06-06 08:59:19 UTC,15036320,15464372,163088,1.02,51276,628928,201096,1.26,208844,525836,60
cloud-k3s-pool-workers-worker6,1,2026-06-06 08:59:20 UTC,15036320,15464372,163080,1.02,51276,628936,201096,1.26,208844,525836,4
cloud-k3s-pool-workers-worker6,1,2026-06-06 08:59:21 UTC,15036320,15464372,163068,1.02,51276,628948,201096,1.26,208844,525836,20
cloud-k3s-pool-workers-worker6,1,2026-06-06 08:59:22 UTC,15036320,15464372,163056,1.02,51276,628960,204544,1.28,210432,525836,308
cloud-k3s-pool-workers-worker6,1,2026-06-06 08:59:23 UTC,15036320,15464372,163056,1.02,51276,628960,204544,1.28,210432,525836,308
cloud-k3s-pool-workers-worker6,1,2026-06-06 08:59:24 UTC,15036320,15464436,163020,1.02,51284,628980,204544,1.28,210432,525896,364
cloud-k3s-pool-workers-worker6,1,2026-06-06 08:59:25 UTC,15036320,15464436,163008,1.02,51284,628992,204544,1.28,210432,525896,376
cloud-k3s-pool-workers-worker6,1,2026-06-06 08:59:26 UTC,15036320,15464452,163012,1.02,51284,629004,201096,1.26,208824,525912,352
cloud-k3s-pool-workers-worker6,1,2026-06-06 08:59:27 UTC,15036320,15464452,163004,1.02,51284,629012,201096,1.26,208824,525912,44
cloud-k3s-pool-workers-worker6,1,2026-06-06 08:59:28 UTC,15036320,15464452,162992,1.02,51284,629024,201096,1.26,208824,525912,60
cloud-k3s-pool-workers-worker6,1,2026-06-06 08:59:29 UTC,15036320,15464452,162984,1.02,51284,629032,201096,1.26,208824,525912,68
cloud-k3s-pool-workers-worker6,1,2026-06-06 08:59:30 UTC,15036320,15464512,162964,1.02,51292,629044,201096,1.26,208824,525972,84
cloud-k3s-pool-workers-worker6,1,2026-06-06 08:59:31 UTC,15036320,15464512,162956,1.02,51292,629052,201096,1.26,208824,525972,92
cloud-k3s-pool-workers-worker6,1,2026-06-06 08:59:32 UTC,15036320,15464512,162956,1.02,51292,629052,201096,1.26,208824,525972,96
cloud-k3s-pool-workers-worker6,1,2026-06-06 08:59:33 UTC,15036320,15464512,162936,1.02,51292,629072,201096,1.26,208824,525972,56
cloud-k3s-pool-workers-worker6,1,2026-06-06 08:59:34 UTC,15036320,15464512,162924,1.02,51292,629084,201096,1.26,208824,525972,68
cloud-k3s-pool-workers-worker6,1,2026-06-06 08:59:35 UTC,15036320,15464528,162908,1.02,51300,629092,201096,1.26,208824,525988,36
cloud-k3s-pool-workers-worker6,1,2026-06-06 08:59:36 UTC,15036320,15464588,162896,1.02,51300,629104,201096,1.26,208824,526048,48
cloud-k3s-pool-workers-worker6,1,2026-06-06 08:59:37 UTC,15036320,15464588,162888,1.02,51300,629112,201096,1.26,208824,526048,220
cloud-k3s-pool-workers-worker6,1,2026-06-06 08:59:38 UTC,15036320,15464588,162872,1.02,51300,629124,201096,1.26,208824,526048,168
cloud-k3s-pool-workers-worker6,1,2026-06-06 08:59:39 UTC,15036320,15464588,162872,1.02,51300,629124,201096,1.26,208824,526048,168
cloud-k3s-pool-workers-worker6,1,2026-06-06 08:59:40 UTC,15036320,15464588,162852,1.02,51300,629144,201096,1.26,208824,526048,192
cloud-k3s-pool-workers-worker6,1,2026-06-06 08:59:41 UTC,15036320,15464588,162852,1.02,51300,629144,201096,1.26,208824,526048,192
cloud-k3s-pool-workers-worker6,1,2026-06-06 08:59:42 UTC,15036068,15464396,163076,1.02,51308,629164,201096,1.26,208824,526108,240
cloud-k3s-pool-workers-worker6,1,2026-06-06 08:59:43 UTC,15036068,15464404,163064,1.02,51308,629176,201096,1.26,208824,526116,68
cloud-k3s-pool-workers-worker6,1,2026-06-06 08:59:44 UTC,15036068,15464428,163056,1.02,51308,629184,203944,1.28,210132,526140,96
cloud-k3s-pool-workers-worker6,1,2026-06-06 08:59:45 UTC,15035564,15463936,163544,1.02,51308,629196,204544,1.28,210448,526152,312
cloud-k3s-pool-workers-worker6,1,2026-06-06 08:59:46 UTC,15035564,15463936,163544,1.02,51308,629196,204544,1.28,210448,526152,312
cloud-k3s-pool-workers-worker6,1,2026-06-06 08:59:47 UTC,15035564,15463944,163516,1.02,51316,629216,204544,1.28,210448,526160,392
cloud-k3s-pool-workers-worker6,1,2026-06-06 08:59:48 UTC,15037644,15466052,161428,1.01,51316,629224,201096,1.26,208800,526188,396
cloud-k3s-pool-workers-worker6,1,2026-06-06 08:59:49 UTC,15036888,15465296,162172,1.01,51316,629236,201096,1.26,208800,526188,408
cloud-k3s-pool-workers-worker6,1,2026-06-06 08:59:50 UTC,15036888,15465320,162160,1.01,51316,629248,201096,1.26,208800,526212,92
cloud-k3s-pool-workers-worker6,1,2026-06-06 08:59:51 UTC,15036888,15465320,162152,1.01,51316,629256,201096,1.26,208800,526212,48
cloud-k3s-pool-workers-worker6,1,2026-06-06 08:59:52 UTC,15036888,15465328,162132,1.01,51324,629268,201096,1.26,208800,526220,28
cloud-k3s-pool-workers-worker6,1,2026-06-06 08:59:53 UTC,15035880,15464324,163128,1.02,51324,629276,201096,1.26,208800,526220,204
cloud-k3s-pool-workers-worker6,1,2026-06-06 08:59:54 UTC,15033644,15462128,165352,1.03,51324,629288,204284,1.28,210240,526260,300
cloud-k3s-pool-workers-worker6,1,2026-06-06 08:59:55 UTC,15033644,15462136,165344,1.03,51324,629296,204284,1.28,210492,526268,308
cloud-k3s-pool-workers-worker6,1,2026-06-06 08:59:56 UTC,15037304,15465796,161692,1.01,51324,629296,201096,1.26,208924,526268,244
cloud-k3s-pool-workers-worker6,1,2026-06-06 08:59:57 UTC,15036748,15465252,162232,1.02,51332,629308,201096,1.26,208840,526280,56
cloud-k3s-pool-workers-worker6,1,2026-06-06 08:59:58 UTC,15036748,15465252,162220,1.01,51332,629320,201096,1.26,208840,526280,68
cloud-k3s-pool-workers-worker6,1,2026-06-06 08:59:59 UTC,15036748,15465252,162204,1.01,51332,629336,201096,1.26,208840,526280,84
cloud-k3s-pool-workers-worker6,1,2026-06-06 09:00:00 UTC,15036748,15465292,162192,1.01,51332,629348,201096,1.26,208840,526320,88
cloud-k3s-pool-workers-worker6,1,2026-06-06 09:00:01 UTC,15036748,15465292,162184,1.01,51332,629356,201096,1.26,208840,526320,92
cloud-k3s-pool-workers-worker6,1,2026-06-06 09:00:02 UTC,15036748,15465292,162172,1.01,51332,629368,201096,1.26,208840,526320,104
cloud-k3s-pool-workers-worker6,1,2026-06-06 09:00:03 UTC,15036748,15465324,162152,1.01,51340,629380,201096,1.26,208840,526352,20
cloud-k3s-pool-workers-worker6,1,2026-06-06 09:00:04 UTC,15036748,15465324,162152,1.01,51340,629380,201096,1.26,208840,526352,20
cloud-k3s-pool-workers-worker6,1,2026-06-06 09:00:05 UTC,15036748,15465324,162136,1.01,51340,629400,201096,1.26,208900,526352,40
cloud-k3s-pool-workers-worker6,1,2026-06-06 09:00:06 UTC,15036748,15465324,162128,1.01,51340,629408,201096,1.26,208900,526352,48
cloud-k3s-pool-workers-worker6,1,2026-06-06 09:00:07 UTC,15036496,15465128,162384,1.02,51340,629420,201096,1.26,208812,526408,324
cloud-k3s-pool-workers-worker6,1,2026-06-06 09:00:08 UTC,15036496,15465136,162368,1.02,51348,629428,201096,1.26,208812,526416,288
cloud-k3s-pool-workers-worker6,1,2026-06-06 09:00:09 UTC,15035488,15464140,163360,1.02,51348,629440,199736,1.25,207696,526428,304
cloud-k3s-pool-workers-worker6,1,2026-06-06 09:00:10 UTC,15035488,15464140,163352,1.02,51348,629448,199736,1.25,207696,526428,312
cloud-k3s-pool-workers-worker6,1,2026-06-06 09:00:11 UTC,15035488,15464140,163340,1.02,51348,629460,199736,1.25,207696,526428,64
cloud-k3s-pool-workers-worker6,1,2026-06-06 09:00:12 UTC,15035488,15464140,163332,1.02,51348,629468,199736,1.25,207696,526428,72
cloud-k3s-pool-workers-worker6,1,2026-06-06 09:00:13 UTC,15035488,15464148,163308,1.02,51356,629484,199736,1.25,207696,526436,260
cloud-k3s-pool-workers-worker6,1,2026-06-06 09:00:14 UTC,15035488,15464156,163308,1.02,51356,629484,199736,1.25,207696,526444,192
cloud-k3s-pool-workers-worker6,1,2026-06-06 09:00:15 UTC,15035488,15464216,163288,1.02,51356,629504,199736,1.25,207696,526504,216
cloud-k3s-pool-workers-worker6,1,2026-06-06 09:00:16 UTC,15035488,15464216,163276,1.02,51356,629516,199736,1.25,207696,526504,228
cloud-k3s-pool-workers-worker6,1,2026-06-06 09:00:17 UTC,15035488,15464236,163268,1.02,51356,629524,199736,1.25,207696,526524,240
cloud-k3s-pool-workers-worker6,1,2026-06-06 09:00:18 UTC,15035488,15464248,163256,1.02,51356,629536,201096,1.26,208768,526536,252
cloud-k3s-pool-workers-worker6,1,2026-06-06 09:00:19 UTC,15035488,15464248,163240,1.02,51364,629544,201096,1.26,208792,526536,76
cloud-k3s-pool-workers-worker6,1,2026-06-06 09:00:20 UTC,15035488,15464268,163228,1.02,51364,629556,201096,1.26,208792,526556,24
cloud-k3s-pool-workers-worker6,1,2026-06-06 09:00:21 UTC,15035488,15464268,163220,1.02,51364,629564,201096,1.26,208792,526556,36
cloud-k3s-pool-workers-worker6,1,2026-06-06 09:00:22 UTC,15035488,15464268,163208,1.02,51364,629576,201096,1.26,208792,526556,48
cloud-k3s-pool-workers-worker6,1,2026-06-06 09:00:23 UTC,15035488,15464276,163200,1.02,51364,629584,201096,1.26,208792,526564,60
cloud-k3s-pool-workers-worker6,1,2026-06-06 09:00:24 UTC,15035488,15464280,163176,1.02,51372,629596,201096,1.26,208792,526564,80
cloud-k3s-pool-workers-worker6,1,2026-06-06 09:00:25 UTC,15035488,15464280,163164,1.02,51372,629608,201096,1.26,208792,526564,92
cloud-k3s-pool-workers-worker6,1,2026-06-06 09:00:26 UTC,15035488,15464340,163156,1.02,51372,629616,201096,1.26,208792,526624,100
cloud-k3s-pool-workers-worker6,1,2026-06-06 09:00:27 UTC,15035488,15464348,163144,1.02,51372,629628,201096,1.26,208792,526632,212
cloud-k3s-pool-workers-worker6,1,2026-06-06 09:00:28 UTC,15035488,15464348,163136,1.02,51372,629636,201096,1.26,208792,526632,220
cloud-k3s-pool-workers-worker6,1,2026-06-06 09:00:29 UTC,15035488,15464348,163124,1.02,51372,629648,201096,1.26,208792,526632,200
cloud-k3s-pool-workers-worker6,1,2026-06-06 09:00:30 UTC,15035488,15464348,163108,1.02,51380,629656,201096,1.26,208792,526632,236
cloud-k3s-pool-workers-worker6,1,2026-06-06 09:00:31 UTC,15035488,15464348,163096,1.02,51380,629668,201096,1.26,208792,526632,248
cloud-k3s-pool-workers-worker6,1,2026-06-06 09:00:32 UTC,15035488,15464408,163088,1.02,51380,629676,201096,1.26,208792,526692,16
cloud-k3s-pool-workers-worker6,1,2026-06-06 09:00:33 UTC,15035236,15464156,163328,1.02,51380,629688,201096,1.26,208792,526692,48
cloud-k3s-pool-workers-worker6,1,2026-06-06 09:00:34 UTC,15035236,15464156,163328,1.02,51380,629688,201096,1.26,208792,526692,48
cloud-k3s-pool-workers-worker6,1,2026-06-06 09:00:35 UTC,15035236,15464188,163308,1.02,51380,629708,201096,1.26,208792,526724,40
cloud-k3s-pool-workers-worker6,1,2026-06-06 09:00:36 UTC,15035236,15464188,163300,1.02,51388,629708,201096,1.26,208792,526724,48
cloud-k3s-pool-workers-worker6,1,2026-06-06 09:00:37 UTC,15035236,15464204,163280,1.02,51388,629728,201096,1.26,208792,526740,256
cloud-k3s-pool-workers-worker6,1,2026-06-06 09:00:38 UTC,15035236,15464204,163268,1.02,51388,629740,201096,1.26,208792,526740,96
cloud-k3s-pool-workers-worker6,1,2026-06-06 09:00:39 UTC,15035236,15464204,163256,1.02,51388,629748,201096,1.26,208792,526740,40
cloud-k3s-pool-workers-worker6,1,2026-06-06 09:00:40 UTC,15035236,15464204,163256,1.02,51388,629748,201096,1.26,208792,526740,40
cloud-k3s-pool-workers-worker6,1,2026-06-06 09:00:41 UTC,15035236,15464264,163236,1.02,51388,629768,201096,1.26,208792,526800,32
cloud-k3s-pool-workers-worker6,1,2026-06-06 09:00:42 UTC,15035236,15464264,163224,1.02,51396,629772,201096,1.26,208792,526800,44
cloud-k3s-pool-workers-worker6,1,2026-06-06 09:00:43 UTC,15035488,15464516,162956,1.02,51396,629788,201096,1.26,208792,526800,256
cloud-k3s-pool-workers-worker6,1,2026-06-06 09:00:44 UTC,15035488,15464516,162944,1.02,51396,629800,201096,1.26,208792,526800,268
cloud-k3s-pool-workers-worker6,1,2026-06-06 09:00:45 UTC,15035488,15464516,162936,1.02,51396,629808,201096,1.26,208792,526800,216
cloud-k3s-pool-workers-worker6,1,2026-06-06 09:00:46 UTC,15035488,15464516,162924,1.02,51396,629820,201096,1.26,208792,526800,228
cloud-k3s-pool-workers-worker6,1,2026-06-06 09:00:47 UTC,15035488,15464584,162908,1.02,51404,629828,201096,1.26,208792,526868,56
cloud-k3s-pool-workers-worker6,1,2026-06-06 09:00:48 UTC,15035488,15464584,162896,1.02,51404,629840,201096,1.26,208792,526868,68
cloud-k3s-pool-workers-worker6,1,2026-06-06 09:00:49 UTC,15035488,15464584,162884,1.02,51404,629852,201096,1.26,208792,526868,80
cloud-k3s-pool-workers-worker6,1,2026-06-06 09:00:50 UTC,15035488,15464584,162876,1.02,51404,629860,201096,1.26,208792,526868,88
cloud-k3s-pool-workers-worker6,1,2026-06-06 09:00:51 UTC,15035488,15464592,162864,1.02,51404,629872,201096,1.26,208792,526876,40
cloud-k3s-pool-workers-worker6,1,2026-06-06 09:00:52 UTC,15035488,15464656,162844,1.02,51412,629880,201096,1.26,208792,526936,24
cloud-k3s-pool-workers-worker6,1,2026-06-06 09:00:53 UTC,15033248,15462428,165068,1.03,51412,629892,204072,1.28,210120,526948,40
cloud-k3s-pool-workers-worker6,1,2026-06-06 09:00:54 UTC,15030224,15459412,168048,1.05,51412,629900,207484,1.30,212064,526956,208
cloud-k3s-pool-workers-worker6,1,2026-06-06 09:00:55 UTC,15030224,15459424,168028,1.05,51412,629912,204280,1.28,210436,526968,268
cloud-k3s-pool-workers-worker6,1,2026-06-06 09:00:56 UTC,15030224,15459432,168016,1.05,51412,629924,204280,1.28,210436,526976,232
cloud-k3s-pool-workers-worker6,1,2026-06-06 09:00:57 UTC,15030224,15459452,167996,1.05,51420,629936,204280,1.28,210436,526996,272
cloud-k3s-pool-workers-worker6,1,2026-06-06 09:00:58 UTC,15030224,15459452,167988,1.05,51420,629944,201096,1.26,208872,526996,280
cloud-k3s-pool-workers-worker6,1,2026-06-06 09:00:59 UTC,15030224,15459456,167976,1.05,51420,629956,201096,1.26,208844,527000,140
cloud-k3s-pool-workers-worker6,1,2026-06-06 09:01:00 UTC,15030224,15459456,167968,1.05,51420,629964,201096,1.26,208844,527000,88
cloud-k3s-pool-workers-worker6,1,2026-06-06 09:01:01 UTC,15030224,15459456,167956,1.05,51420,629976,201096,1.26,208844,527000,100
cloud-k3s-pool-workers-worker6,1,2026-06-06 09:01:02 UTC,15030224,15459456,167956,1.05,51428,629968,201096,1.26,208844,527000,100
cloud-k3s-pool-workers-worker6,1,2026-06-06 09:01:03 UTC,15030224,15459516,167924,1.05,51428,629996,201096,1.26,208844,527060,176
cloud-k3s-pool-workers-worker6,1,2026-06-06 09:01:04 UTC,15030224,15459516,167912,1.05,51428,630008,201096,1.26,208844,527060,188
cloud-k3s-pool-workers-worker6,1,2026-06-06 09:01:05 UTC,15030224,15459516,167904,1.05,51428,630016,201096,1.26,208844,527060,196
cloud-k3s-pool-workers-worker6,1,2026-06-06 09:01:06 UTC,15030224,15459516,167892,1.05,51428,630028,201096,1.26,208844,527060,208
cloud-k3s-pool-workers-worker6,1,2026-06-06 09:01:07 UTC,15030224,15459516,167876,1.05,51436,630036,201096,1.26,208844,527060,244
cloud-k3s-pool-workers-worker6,1,2026-06-06 09:01:08 UTC,15030224,15459584,167864,1.05,51436,630048,201096,1.26,208844,527128,80
cloud-k3s-pool-workers-worker6,1,2026-06-06 09:01:09 UTC,15030224,15459584,167856,1.05,51436,630056,201096,1.26,208844,527128,28
cloud-k3s-pool-workers-worker6,1,2026-06-06 09:01:10 UTC,15030224,15459584,167856,1.05,51436,630056,201096,1.26,208844,527128,28
cloud-k3s-pool-workers-worker6,1,2026-06-06 09:01:11 UTC,15030224,15459584,167836,1.05,51436,630076,201096,1.26,208844,527128,48
cloud-k3s-pool-workers-worker6,1,2026-06-06 09:01:12 UTC,15030224,15459632,167816,1.05,51444,630088,201096,1.26,208844,527176,68
cloud-k3s-pool-workers-worker6,1,2026-06-06 09:01:13 UTC,15030224,15459632,167804,1.05,51444,630100,201096,1.26,208844,527176,224
cloud-k3s-pool-workers-worker6,1,2026-06-06 09:01:14 UTC,15030224,15459632,167796,1.05,51444,630108,201096,1.26,208844,527176,232
cloud-k3s-pool-workers-worker6,1,2026-06-06 09:01:15 UTC,15030224,15459632,167784,1.05,51444,630120,201096,1.26,208844,527176,184
cloud-k3s-pool-workers-worker6,1,2026-06-06 09:01:16 UTC,15029720,15459128,168268,1.05,51444,630128,204544,1.28,210216,527176,196
cloud-k3s-pool-workers-worker6,1,2026-06-06 09:01:17 UTC,15029720,15459192,168240,1.05,51452,630140,204544,1.28,210524,527236,304
cloud-k3s-pool-workers-worker6,1,2026-06-06 09:01:18 UTC,15029720,15459192,168232,1.05,51452,630148,204544,1.28,210524,527236,312
cloud-k3s-pool-workers-worker6,1,2026-06-06 09:01:19 UTC,15029720,15459192,168220,1.05,51452,630160,204544,1.28,210524,527236,240
cloud-k3s-pool-workers-worker6,1,2026-06-06 09:01:20 UTC,15032100,15461572,165840,1.04,51452,630168,201096,1.26,208876,527236,204
cloud-k3s-pool-workers-worker6,1,2026-06-06 09:01:21 UTC,15032100,15461572,165864,1.04,51452,630180,201096,1.26,208824,527236,220
cloud-k3s-pool-workers-worker6,1,2026-06-06 09:01:22 UTC,15032100,15461572,165864,1.04,51460,630172,201096,1.26,208824,527236,220
cloud-k3s-pool-workers-worker6,1,2026-06-06 09:01:23 UTC,15032100,15461640,165836,1.04,51460,630200,201096,1.26,208824,527304,40
cloud-k3s-pool-workers-worker6,1,2026-06-06 09:01:24 UTC,15032100,15461640,165828,1.04,51460,630208,201096,1.26,208824,527304,48
cloud-k3s-pool-workers-worker6,1,2026-06-06 09:01:25 UTC,15032100,15461640,165816,1.04,51460,630220,201096,1.26,208824,527304,60
cloud-k3s-pool-workers-worker6,1,2026-06-06 09:01:26 UTC,15032100,15461640,165804,1.04,51460,630232,201096,1.26,208824,527304,72
cloud-k3s-pool-workers-worker6,1,2026-06-06 09:01:27 UTC,15032100,15461640,165788,1.04,51468,630240,201096,1.26,208824,527304,208
cloud-k3s-pool-workers-worker6,1,2026-06-06 09:01:28 UTC,15032100,15461640,165788,1.04,51468,630240,201096,1.26,208824,527304,204
cloud-k3s-pool-workers-worker6,1,2026-06-06 09:01:29 UTC,15032100,15461700,165768,1.04,51468,630260,201096,1.26,208824,527364,224
cloud-k3s-pool-workers-worker6,1,2026-06-06 09:01:30 UTC,15032100,15461700,165756,1.04,51468,630272,201096,1.26,208824,527364,236
cloud-k3s-pool-workers-worker6,1,2026-06-06 09:01:31 UTC,15032100,15461700,165748,1.04,51468,630280,201096,1.26,208824,527364,244
cloud-k3s-pool-workers-worker6,1,2026-06-06 09:01:32 UTC,15032100,15461700,165748,1.04,51476,630272,201096,1.26,208824,527364,244
cloud-k3s-pool-workers-worker6,1,2026-06-06 09:01:33 UTC,15032100,15461760,165716,1.04,51476,630300,201096,1.26,208824,527424,44
cloud-k3s-pool-workers-worker6,1,2026-06-06 09:01:34 UTC,15032100,15461760,165704,1.04,51476,630312,201096,1.26,208824,527424,56
cloud-k3s-pool-workers-worker6,1,2026-06-06 09:01:35 UTC,15031848,15461532,165948,1.04,51476,630320,203948,1.28,210136,527448,64
cloud-k3s-pool-workers-worker6,1,2026-06-06 09:01:36 UTC,15031848,15461544,165932,1.04,51476,630332,204548,1.28,210452,527460,264
cloud-k3s-pool-workers-worker6,1,2026-06-06 09:01:37 UTC,15031848,15461544,165920,1.04,51476,630344,204548,1.28,210452,527460,360
cloud-k3s-pool-workers-worker6,1,2026-06-06 09:01:38 UTC,15031848,15461572,165916,1.04,51484,630356,201096,1.26,208800,527488,156
cloud-k3s-pool-workers-worker6,1,2026-06-06 09:01:39 UTC,15031848,15461572,165904,1.04,51484,630368,201096,1.26,208800,527488,172
cloud-k3s-pool-workers-worker6,1,2026-06-06 09:01:40 UTC,15031848,15461572,165896,1.04,51484,630376,201096,1.26,208800,527488,180
cloud-k3s-pool-workers-worker6,1,2026-06-06 09:01:41 UTC,15031848,15461576,165884,1.04,51484,630388,201096,1.26,208800,527492,188
cloud-k3s-pool-workers-worker6,1,2026-06-06 09:01:42 UTC,15031848,15461576,165876,1.04,51484,630396,201096,1.26,208800,527492,200
cloud-k3s-pool-workers-worker6,1,2026-06-06 09:01:43 UTC,15031848,15461576,165864,1.04,51492,630400,201096,1.26,208848,527492,56
cloud-k3s-pool-workers-worker6,1,2026-06-06 09:01:44 UTC,15031848,15461636,165848,1.04,51492,630416,201096,1.26,208848,527552,36
cloud-k3s-pool-workers-worker6,1,2026-06-06 09:01:45 UTC,15031848,15461636,165836,1.04,51492,630428,201096,1.26,208848,527552,52
cloud-k3s-pool-workers-worker6,1,2026-06-06 09:01:46 UTC,15031848,15461636,165836,1.04,51492,630428,201096,1.26,208848,527552,52
cloud-k3s-pool-workers-worker6,1,2026-06-06 09:01:47 UTC,15031848,15461636,165816,1.04,51492,630448,201096,1.26,208848,527552,244
cloud-k3s-pool-workers-worker6,1,2026-06-06 09:01:48 UTC,15031848,15461640,165804,1.04,51492,630456,201096,1.26,208848,527552,252
cloud-k3s-pool-workers-worker6,1,2026-06-06 09:01:49 UTC,15031848,15461640,165784,1.04,51500,630468,201096,1.26,208848,527552,264
cloud-k3s-pool-workers-worker6,1,2026-06-06 09:01:50 UTC,15031848,15461700,165772,1.04,51500,630480,201096,1.26,208848,527612,276
cloud-k3s-pool-workers-worker6,1,2026-06-06 09:01:51 UTC,15031848,15461700,165764,1.04,51500,630488,201096,1.26,208848,527612,220
cloud-k3s-pool-workers-worker6,1,2026-06-06 09:01:52 UTC,15031092,15460968,166508,1.04,51500,630500,202456,1.27,209664,527636,48
cloud-k3s-pool-workers-worker6,1,2026-06-06 09:01:53 UTC,15031092,15460984,166504,1.04,51500,630508,204072,1.28,210172,527652,68
cloud-k3s-pool-workers-worker6,1,2026-06-06 09:01:54 UTC,15030588,15460480,166988,1.04,51500,630520,204280,1.28,210444,527652,192
cloud-k3s-pool-workers-worker6,1,2026-06-06 09:01:55 UTC,15030588,15460488,166972,1.04,51508,630528,204280,1.28,210496,527660,240
cloud-k3s-pool-workers-worker6,1,2026-06-06 09:01:56 UTC,15030588,15460488,166960,1.04,51508,630540,204280,1.28,210496,527660,252
cloud-k3s-pool-workers-worker6,1,2026-06-06 09:01:57 UTC,15030588,15460488,166952,1.04,51508,630548,204280,1.28,210496,527660,320
cloud-k3s-pool-workers-worker6,1,2026-06-06 09:01:58 UTC,15030588,15460548,166948,1.04,51508,630560,201096,1.26,208852,527720,196
cloud-k3s-pool-workers-worker6,1,2026-06-06 09:01:59 UTC,15030588,15460548,166940,1.04,51508,630568,201096,1.26,208848,527720,204
cloud-k3s-pool-workers-worker6,1,2026-06-06 09:02:00 UTC,15030588,15460548,166928,1.04,51508,630580,201096,1.26,208848,527720,216
cloud-k3s-pool-workers-worker6,1,2026-06-06 09:02:01 UTC,15030588,15460548,166908,1.04,51516,630592,201096,1.26,208848,527720,216
cloud-k3s-pool-workers-worker6,1,2026-06-06 09:02:02 UTC,15030588,15460588,166900,1.04,51516,630600,201096,1.26,208848,527760,256
cloud-k3s-pool-workers-worker6,1,2026-06-06 09:02:03 UTC,15030588,15460600,166884,1.04,51516,630612,201096,1.26,208848,527772,56
cloud-k3s-pool-workers-worker6,1,2026-06-06 09:02:04 UTC,15030588,15460600,166876,1.04,51516,630620,201096,1.26,208848,527772,64
cloud-k3s-pool-workers-worker6,1,2026-06-06 09:02:05 UTC,15030588,15460600,166864,1.04,51516,630632,201096,1.26,208848,527772,76
cloud-k3s-pool-workers-worker6,1,2026-06-06 09:02:06 UTC,15030588,15460628,166856,1.04,51516,630640,201096,1.26,208848,527800,48
cloud-k3s-pool-workers-worker6,1,2026-06-06 09:02:07 UTC,15030588,15460640,166836,1.04,51524,630652,201096,1.26,208848,527812,248
cloud-k3s-pool-workers-worker6,1,2026-06-06 09:02:08 UTC,15030588,15460640,166828,1.04,51524,630660,201096,1.26,208848,527812,256
cloud-k3s-pool-workers-worker6,1,2026-06-06 09:02:09 UTC,15030588,15460640,166816,1.04,51524,630672,201096,1.26,208848,527812,208
cloud-k3s-pool-workers-worker6,1,2026-06-06 09:02:10 UTC,15030588,15460640,166808,1.04,51524,630680,201096,1.26,208848,527812,216
cloud-k3s-pool-workers-worker6,1,2026-06-06 09:02:11 UTC,15030588,15460640,166796,1.04,51524,630692,201096,1.26,208848,527812,228
cloud-k3s-pool-workers-worker6,1,2026-06-06 09:02:12 UTC,15030588,15460640,166788,1.04,51532,630692,201096,1.26,208848,527812,236
cloud-k3s-pool-workers-worker6,1,2026-06-06 09:02:13 UTC,15030588,15460704,166764,1.04,51532,630712,201096,1.26,208848,527872,84
cloud-k3s-pool-workers-worker6,1,2026-06-06 09:02:14 UTC,15030588,15460704,166752,1.04,51532,630724,201096,1.26,208848,527872,28
cloud-k3s-pool-workers-worker6,1,2026-06-06 09:02:15 UTC,15030588,15460704,166744,1.04,51532,630732,201096,1.26,208848,527872,40
cloud-k3s-pool-workers-worker6,1,2026-06-06 09:02:16 UTC,15030588,15460704,166732,1.04,51532,630744,201096,1.26,208848,527872,52
cloud-k3s-pool-workers-worker6,1,2026-06-06 09:02:17 UTC,15030588,15460744,166716,1.04,51540,630752,201096,1.26,208848,527912,196
cloud-k3s-pool-workers-worker6,1,2026-06-06 09:02:18 UTC,15030588,15460744,166716,1.04,51540,630752,199736,1.25,207808,527912,196
cloud-k3s-pool-workers-worker6,1,2026-06-06 09:02:19 UTC,15030588,15460756,166692,1.04,51540,630772,199736,1.25,207728,527924,216
cloud-k3s-pool-workers-worker6,1,2026-06-06 09:02:20 UTC,15030588,15460756,166680,1.04,51540,630784,199736,1.25,207728,527924,228
cloud-k3s-pool-workers-worker6,1,2026-06-06 09:02:21 UTC,15030588,15460756,166672,1.04,51540,630792,199736,1.25,207728,527924,176
cloud-k3s-pool-workers-worker6,1,2026-06-06 09:02:22 UTC,15030588,15460756,166660,1.04,51548,630796,199736,1.25,207728,527924,192
cloud-k3s-pool-workers-worker6,1,2026-06-06 09:02:23 UTC,15030588,15460756,166644,1.04,51548,630812,199736,1.25,207728,527924,60
cloud-k3s-pool-workers-worker6,1,2026-06-06 09:02:24 UTC,15030588,15460816,166632,1.04,51548,630824,199736,1.25,207728,527984,72
cloud-k3s-pool-workers-worker6,1,2026-06-06 09:02:25 UTC,15030588,15460816,166620,1.04,51548,630836,199736,1.25,207728,527984,84
cloud-k3s-pool-workers-worker6,1,2026-06-06 09:02:26 UTC,15030588,15460816,166620,1.04,51548,630836,199736,1.25,207728,527984,84
cloud-k3s-pool-workers-worker6,1,2026-06-06 09:02:27 UTC,15030588,15460848,166592,1.04,51556,630856,201096,1.26,208800,528016,184
cloud-k3s-pool-workers-worker6,1,2026-06-06 09:02:28 UTC,15030588,15460848,166584,1.04,51556,630864,201096,1.26,208800,528016,192
cloud-k3s-pool-workers-worker6,1,2026-06-06 09:02:29 UTC,15030588,15460848,166572,1.04,51556,630876,201096,1.26,208800,528016,36
cloud-k3s-pool-workers-worker6,1,2026-06-06 09:02:30 UTC,15030588,15460848,166572,1.04,51556,630876,201096,1.26,208800,528016,36
cloud-k3s-pool-workers-worker6,1,2026-06-06 09:02:31 UTC,15030588,15460884,166552,1.04,51556,630896,201096,1.26,208824,528052,56
cloud-k3s-pool-workers-worker6,1,2026-06-06 09:02:32 UTC,15030588,15460884,166544,1.04,51564,630896,201096,1.26,208824,528052,64
cloud-k3s-pool-workers-worker6,1,2026-06-06 09:02:33 UTC,15030588,15460884,166524,1.04,51564,630916,201096,1.26,208824,528052,208
cloud-k3s-pool-workers-worker6,1,2026-06-06 09:02:34 UTC,15030588,15460888,166512,1.04,51564,630924,201096,1.26,208824,528052,216
cloud-k3s-pool-workers-worker6,1,2026-06-06 09:02:35 UTC,15030588,15460888,166500,1.04,51564,630936,201096,1.26,208824,528052,228
cloud-k3s-pool-workers-worker6,1,2026-06-06 09:02:36 UTC,15030588,15460888,166488,1.04,51564,630948,201096,1.26,208824,528052,240
cloud-k3s-pool-workers-worker6,1,2026-06-06 09:02:37 UTC,15030588,15461012,166472,1.04,51572,630956,201096,1.26,208848,528176,56
cloud-k3s-pool-workers-worker6,1,2026-06-06 09:02:38 UTC,15030588,15461012,166472,1.04,51572,630956,201096,1.26,208848,528176,0
cloud-k3s-pool-workers-worker6,1,2026-06-06 09:02:39 UTC,15030588,15461012,166452,1.04,51572,630976,201096,1.26,208848,528176,12
cloud-k3s-pool-workers-worker6,1,2026-06-06 09:02:40 UTC,15030588,15461012,166440,1.04,51572,630988,201096,1.26,208848,528176,24
cloud-k3s-pool-workers-worker6,1,2026-06-06 09:02:41 UTC,15030588,15461012,166432,1.04,51572,630996,201096,1.26,208848,528176,32
cloud-k3s-pool-workers-worker6,1,2026-06-06 09:02:42 UTC,15030588,15461012,166420,1.04,51580,631000,201096,1.26,208848,528176,44
cloud-k3s-pool-workers-worker6,1,2026-06-06 09:02:43 UTC,15030588,15461072,166404,1.04,51580,631016,201096,1.26,208848,528236,80
cloud-k3s-pool-workers-worker6,1,2026-06-06 09:02:44 UTC,15030588,15461072,166404,1.04,51580,631016,201096,1.26,208848,528236,16
cloud-k3s-pool-workers-worker6,1,2026-06-06 09:02:45 UTC,15030588,15461072,166384,1.04,51580,631036,201096,1.26,208848,528236,40
cloud-k3s-pool-workers-worker6,1,2026-06-06 09:02:46 UTC,15030588,15461072,166372,1.04,51580,631048,201096,1.26,208848,528236,52
cloud-k3s-pool-workers-worker6,1,2026-06-06 09:02:47 UTC,15030588,15461112,166356,1.04,51588,631056,201096,1.26,208848,528276,224
cloud-k3s-pool-workers-worker6,1,2026-06-06 09:02:48 UTC,15030588,15461112,166344,1.04,51588,631068,201096,1.26,208848,528276,236
cloud-k3s-pool-workers-worker6,1,2026-06-06 09:02:49 UTC,15030588,15461112,166328,1.04,51588,631080,201096,1.26,208848,528276,220
cloud-k3s-pool-workers-worker6,1,2026-06-06 09:02:50 UTC,15030588,15461112,166320,1.04,51588,631088,201096,1.26,208848,528276,164
cloud-k3s-pool-workers-worker6,1,2026-06-06 09:02:51 UTC,15030588,15461112,166308,1.04,51588,631100,202324,1.27,209368,528276,180
cloud-k3s-pool-workers-worker6,1,2026-06-06 09:02:52 UTC,15029832,15460400,167064,1.05,51596,631092,204280,1.28,210164,528320,180
cloud-k3s-pool-workers-worker6,1,2026-06-06 09:02:53 UTC,15029832,15460400,167032,1.05,51596,631120,204280,1.28,210420,528320,68
cloud-k3s-pool-workers-worker6,1,2026-06-06 09:02:54 UTC,15029832,15460400,167024,1.05,51596,631128,204280,1.28,210420,528320,76
cloud-k3s-pool-workers-worker6,1,2026-06-06 09:02:55 UTC,15029832,15460460,167012,1.04,51596,631140,204280,1.28,210420,528380,88
cloud-k3s-pool-workers-worker6,1,2026-06-06 09:02:56 UTC,15029832,15460460,167004,1.04,51596,631148,201096,1.26,208828,528380,184
cloud-k3s-pool-workers-worker6,1,2026-06-06 09:02:57 UTC,15029832,15460468,166984,1.04,51604,631160,201096,1.26,208828,528388,260
cloud-k3s-pool-workers-worker6,1,2026-06-06 09:02:58 UTC,15029832,15460468,166976,1.04,51604,631168,201096,1.26,208828,528388,268
cloud-k3s-pool-workers-worker6,1,2026-06-06 09:02:59 UTC,15029832,15460468,166964,1.04,51604,631180,201096,1.26,208828,528388,280
cloud-k3s-pool-workers-worker6,1,2026-06-06 09:03:00 UTC,15029832,15460528,166952,1.04,51604,631192,201096,1.26,208828,528448,292
cloud-k3s-pool-workers-worker6,1,2026-06-06 09:03:01 UTC,15029832,15460528,166944,1.04,51604,631200,201096,1.26,208828,528448,56
cloud-k3s-pool-workers-worker6,1,2026-06-06 09:03:02 UTC,15029832,15460532,166920,1.04,51612,631212,201096,1.26,208828,528448,188
cloud-k3s-pool-workers-worker6,1,2026-06-06 09:03:03 UTC,15029832,15460532,166912,1.04,51612,631220,201096,1.26,208828,528448,200
cloud-k3s-pool-workers-worker6,1,2026-06-06 09:03:04 UTC,15029832,15460532,166900,1.04,51612,631232,201096,1.26,208828,528448,212
cloud-k3s-pool-workers-worker6,1,2026-06-06 09:03:05 UTC,15029832,15460532,166900,1.04,51612,631232,201096,1.26,208828,528448,212
cloud-k3s-pool-workers-worker6,1,2026-06-06 09:03:06 UTC,15029832,15460532,166880,1.04,51612,631252,201096,1.26,208828,528448,232
cloud-k3s-pool-workers-worker6,1,2026-06-06 09:03:07 UTC,15029832,15460532,166864,1.04,51620,631260,201096,1.26,208828,528448,256
cloud-k3s-pool-workers-worker6,1,2026-06-06 09:03:08 UTC,15029832,15460532,166864,1.04,51620,631260,201096,1.26,208828,528448,256
cloud-k3s-pool-workers-worker6,1,2026-06-06 09:03:09 UTC,15029832,15460612,166844,1.04,51620,631280,201096,1.26,208828,528528,12
cloud-k3s-pool-workers-worker6,1,2026-06-06 09:03:10 UTC,15029832,15460612,166832,1.04,51620,631292,201096,1.26,208828,528528,24
cloud-k3s-pool-workers-worker6,1,2026-06-06 09:03:11 UTC,15029832,15460612,166824,1.04,51620,631300,201096,1.26,208828,528528,32
cloud-k3s-pool-workers-worker6,1,2026-06-06 09:03:12 UTC,15029832,15460612,166808,1.04,51628,631308,201096,1.26,208828,528528,52
cloud-k3s-pool-workers-worker6,1,2026-06-06 09:03:13 UTC,15029832,15460612,166788,1.04,51628,631328,201096,1.26,208828,528528,92
cloud-k3s-pool-workers-worker6,1,2026-06-06 09:03:14 UTC,15029832,15460696,166780,1.04,51628,631336,204544,1.28,210456,528612,224
cloud-k3s-pool-workers-worker6,1,2026-06-06 09:03:15 UTC,15029832,15460696,166764,1.04,51628,631348,204544,1.28,210456,528612,240
cloud-k3s-pool-workers-worker6,1,2026-06-06 09:03:16 UTC,15029832,15460696,166756,1.04,51628,631356,204544,1.28,210456,528612,248
cloud-k3s-pool-workers-worker6,1,2026-06-06 09:03:17 UTC,15029832,15460696,166756,1.04,51636,631348,204544,1.28,210456,528612,248
cloud-k3s-pool-workers-worker6,1,2026-06-06 09:03:18 UTC,15029832,15460696,166756,1.04,51636,631348,204544,1.28,210456,528612,248
cloud-k3s-pool-workers-worker6,1,2026-06-06 09:03:19 UTC,15029832,15460696,166724,1.04,51636,631388,201096,1.26,208808,528612,404
cloud-k3s-pool-workers-worker6,1,2026-06-06 09:03:20 UTC,15029832,15460760,166716,1.04,51636,631396,201096,1.26,208808,528676,44
cloud-k3s-pool-workers-worker6,1,2026-06-06 09:03:21 UTC,15029832,15460760,166704,1.04,51636,631408,201096,1.26,208808,528676,60
cloud-k3s-pool-workers-worker6,1,2026-06-06 09:03:22 UTC,15029832,15460760,166696,1.04,51636,631416,201096,1.26,208808,528676,240
cloud-k3s-pool-workers-worker6,1,2026-06-06 09:03:23 UTC,15029832,15460772,166676,1.04,51644,631428,201096,1.26,208808,528688,212
cloud-k3s-pool-workers-worker6,1,2026-06-06 09:03:24 UTC,15029832,15460772,166664,1.04,51644,631440,201096,1.26,208808,528688,224
cloud-k3s-pool-workers-worker6,1,2026-06-06 09:03:25 UTC,15029832,15460772,166656,1.04,51644,631448,201096,1.26,208808,528688,224
cloud-k3s-pool-workers-worker6,1,2026-06-06 09:03:26 UTC,15029832,15460832,166644,1.04,51644,631460,201096,1.26,208808,528748,236
cloud-k3s-pool-workers-worker6,1,2026-06-06 09:03:27 UTC,15029832,15460836,166636,1.04,51644,631468,203948,1.28,210220,528752,196
cloud-k3s-pool-workers-worker6,1,2026-06-06 09:03:28 UTC,15029832,15460836,166620,1.04,51644,631480,204548,1.28,210536,528752,216
cloud-k3s-pool-workers-worker6,1,2026-06-06 09:03:29 UTC,15029832,15460836,166604,1.04,51652,631488,204548,1.28,210536,528752,268
cloud-k3s-pool-workers-worker6,1,2026-06-06 09:03:30 UTC,15029832,15460836,166588,1.04,51652,631500,204548,1.28,210536,528752,296
cloud-k3s-pool-workers-worker6,1,2026-06-06 09:03:31 UTC,15029832,15460836,166580,1.04,51652,631508,204548,1.28,210536,528752,304
cloud-k3s-pool-workers-worker6,1,2026-06-06 09:03:32 UTC,15029832,15460896,166568,1.04,51652,631520,201096,1.26,208976,528812,56
cloud-k3s-pool-workers-worker6,1,2026-06-06 09:03:33 UTC,15032984,15464188,163280,1.02,51652,631656,201096,1.26,208968,528832,52
cloud-k3s-pool-workers-worker6,1,2026-06-06 09:03:34 UTC,15032984,15464188,163268,1.02,51652,631668,201096,1.26,208968,528832,64
cloud-k3s-pool-workers-worker6,1,2026-06-06 09:03:35 UTC,15032732,15463936,163504,1.02,51660,631676,201096,1.26,208968,528832,72
cloud-k3s-pool-workers-worker6,1,2026-06-06 09:03:36 UTC,15032732,15463936,163504,1.02,51660,631676,201096,1.26,208968,528832,72
cloud-k3s-pool-workers-worker6,1,2026-06-06 09:03:37 UTC,15032732,15463936,163480,1.02,51660,631700,201096,1.26,208968,528832,264
cloud-k3s-pool-workers-worker6,1,2026-06-06 09:03:38 UTC,15032732,15463936,163472,1.02,51660,631708,201096,1.26,208968,528832,272
cloud-k3s-pool-workers-worker6,1,2026-06-06 09:03:39 UTC,15032732,15463996,163460,1.02,51660,631720,201096,1.26,208968,528892,224
cloud-k3s-pool-workers-worker6,1,2026-06-06 09:03:40 UTC,15032732,15463996,163452,1.02,51660,631728,201096,1.26,208968,528892,232
cloud-k3s-pool-workers-worker6,1,2026-06-06 09:03:41 UTC,15032732,15463996,163432,1.02,51668,631740,201096,1.26,208968,528892,232
cloud-k3s-pool-workers-worker6,1,2026-06-06 09:03:42 UTC,15032732,15463996,163424,1.02,51668,631748,201096,1.26,208968,528892,240
cloud-k3s-pool-workers-worker6,1,2026-06-06 09:03:43 UTC,15032732,15463996,163412,1.02,51668,631760,201096,1.26,208968,528892,84
cloud-k3s-pool-workers-worker6,1,2026-06-06 09:03:44 UTC,15032732,15463996,163404,1.02,51668,631768,201096,1.26,208968,528892,92
cloud-k3s-pool-workers-worker6,1,2026-06-06 09:03:45 UTC,15032732,15464060,163388,1.02,51668,631780,201096,1.26,208968,528952,44
cloud-k3s-pool-workers-worker6,1,2026-06-06 09:03:46 UTC,15032732,15464060,163380,1.02,51668,631788,201096,1.26,208968,528952,24
cloud-k3s-pool-workers-worker6,1,2026-06-06 09:03:47 UTC,15032732,15464060,163360,1.02,51676,631800,201096,1.26,208968,528952,232
cloud-k3s-pool-workers-worker6,1,2026-06-06 09:03:48 UTC,15032732,15464060,163348,1.02,51676,631812,201096,1.26,208968,528952,244
cloud-k3s-pool-workers-worker6,1,2026-06-06 09:03:49 UTC,15032732,15464060,163340,1.02,51676,631820,201096,1.26,208968,528952,88
cloud-k3s-pool-workers-worker6,1,2026-06-06 09:03:50 UTC,15032732,15464060,163328,1.02,51676,631832,201096,1.26,208968,528952,32
cloud-k3s-pool-workers-worker6,1,2026-06-06 09:03:51 UTC,15032732,15464120,163320,1.02,51676,631840,201096,1.26,208968,529012,44
cloud-k3s-pool-workers-worker6,1,2026-06-06 09:03:52 UTC,15032732,15464120,163300,1.02,51684,631852,201096,1.26,208968,529012,212
cloud-k3s-pool-workers-worker6,1,2026-06-06 09:03:53 UTC,15032004,15463400,164012,1.03,51684,631860,204280,1.28,210552,529012,292
cloud-k3s-pool-workers-worker6,1,2026-06-06 09:03:54 UTC,15032004,15463400,163996,1.03,51684,631876,204280,1.28,210552,529012,308
cloud-k3s-pool-workers-worker6,1,2026-06-06 09:03:55 UTC,15032004,15463404,163988,1.03,51684,631884,201096,1.26,208952,529016,352
cloud-k3s-pool-workers-worker6,1,2026-06-06 09:03:56 UTC,15032004,15463404,163976,1.03,51684,631896,201096,1.26,208952,529016,300
cloud-k3s-pool-workers-worker6,1,2026-06-06 09:03:57 UTC,15032004,15463464,163960,1.03,51692,631904,201096,1.26,208952,529076,344
cloud-k3s-pool-workers-worker6,1,2026-06-06 09:03:58 UTC,15035912,15467388,160040,1.00,51692,631916,201096,1.26,208976,529092,28
cloud-k3s-pool-workers-worker6,1,2026-06-06 09:03:59 UTC,15035912,15467388,160032,1.00,51692,631924,201096,1.26,208976,529092,36
cloud-k3s-pool-workers-worker6,1,2026-06-06 09:04:00 UTC,15035912,15467388,160020,1.00,51692,631936,201096,1.26,208976,529092,48
cloud-k3s-pool-workers-worker6,1,2026-06-06 09:04:01 UTC,15035912,15467388,160004,1.00,51692,631948,201096,1.26,208976,529092,56
cloud-k3s-pool-workers-worker6,1,2026-06-06 09:04:02 UTC,15035912,15467388,159996,1.00,51700,631948,201096,1.26,208976,529092,172
cloud-k3s-pool-workers-worker6,1,2026-06-06 09:04:03 UTC,15035660,15467136,160228,1.00,51700,631968,201096,1.26,208976,529092,224
cloud-k3s-pool-workers-worker6,1,2026-06-06 09:04:04 UTC,15035660,15467196,160220,1.00,51700,631976,201096,1.26,208976,529152,232
cloud-k3s-pool-workers-worker6,1,2026-06-06 09:04:05 UTC,15035660,15467196,160208,1.00,51700,631988,201096,1.26,208976,529152,244
cloud-k3s-pool-workers-worker6,1,2026-06-06 09:04:06 UTC,15035660,15467196,160200,1.00,51700,631996,201096,1.26,208976,529152,252
cloud-k3s-pool-workers-worker6,1,2026-06-06 09:04:07 UTC,15035660,15467208,160180,1.00,51708,632008,201096,1.26,208976,529164,160
cloud-k3s-pool-workers-worker6,1,2026-06-06 09:04:08 UTC,15035660,15467208,160172,1.00,51708,632016,201096,1.26,208976,529164,104
cloud-k3s-pool-workers-worker6,1,2026-06-06 09:04:09 UTC,15035660,15467268,160160,1.00,51708,632028,201096,1.26,208976,529224,16
cloud-k3s-pool-workers-worker6,1,2026-06-06 09:04:10 UTC,15035660,15467268,160152,1.00,51708,632036,201096,1.26,208976,529224,24
cloud-k3s-pool-workers-worker6,1,2026-06-06 09:04:11 UTC,15035660,15467268,160140,1.00,51708,632048,201096,1.26,208976,529224,36
cloud-k3s-pool-workers-worker6,1,2026-06-06 09:04:12 UTC,15035408,15467020,160368,1.00,51716,632060,201096,1.26,208976,529224,72
cloud-k3s-pool-workers-worker6,1,2026-06-06 09:04:13 UTC,15035408,15467020,160360,1.00,51716,632068,201096,1.26,208976,529224,84
cloud-k3s-pool-workers-worker6,1,2026-06-06 09:04:14 UTC,15034904,15466576,160852,1.01,51716,632080,201096,1.26,208976,529284,28
cloud-k3s-pool-workers-worker6,1,2026-06-06 09:04:15 UTC,15034904,15466576,160844,1.01,51716,632088,201096,1.26,208976,529284,40
cloud-k3s-pool-workers-worker6,1,2026-06-06 09:04:16 UTC,15034904,15466576,160832,1.01,51716,632100,201096,1.26,208976,529284,52
cloud-k3s-pool-workers-worker6,1,2026-06-06 09:04:17 UTC,15034904,15466576,160816,1.01,51724,632108,201096,1.26,208976,529284,224
cloud-k3s-pool-workers-worker6,1,2026-06-06 09:04:18 UTC,15034904,15466576,160816,1.01,51724,632108,201096,1.26,208976,529284,200
cloud-k3s-pool-workers-worker6,1,2026-06-06 09:04:19 UTC,15034904,15466636,160796,1.01,51724,632128,201096,1.26,208976,529344,216
cloud-k3s-pool-workers-worker6,1,2026-06-06 09:04:20 UTC,15034904,15466636,160784,1.01,51724,632140,201096,1.26,208976,529344,164
cloud-k3s-pool-workers-worker6,1,2026-06-06 09:04:21 UTC,15034904,15466636,160776,1.01,51724,632148,201096,1.26,208976,529344,176
cloud-k3s-pool-workers-worker6,1,2026-06-06 09:04:22 UTC,15034904,15466636,160756,1.01,51732,632160,201096,1.26,208976,529344,212
cloud-k3s-pool-workers-worker6,1,2026-06-06 09:04:23 UTC,15034904,15466636,160744,1.01,51732,632172,201096,1.26,208976,529344,64
cloud-k3s-pool-workers-worker6,1,2026-06-06 09:04:24 UTC,15034904,15466696,160736,1.01,51732,632180,201096,1.26,208976,529404,72
cloud-k3s-pool-workers-worker6,1,2026-06-06 09:04:25 UTC,15034904,15466696,160724,1.01,51732,632192,201096,1.26,208976,529404,84
cloud-k3s-pool-workers-worker6,1,2026-06-06 09:04:26 UTC,15034904,15466696,160724,1.01,51732,632192,201096,1.26,208976,529404,84
cloud-k3s-pool-workers-worker6,1,2026-06-06 09:04:27 UTC,15033896,15465760,161700,1.01,51740,632212,199736,1.25,207856,529476,184
cloud-k3s-pool-workers-worker6,1,2026-06-06 09:04:28 UTC,15033896,15465760,161692,1.01,51740,632220,199736,1.25,207856,529476,24
cloud-k3s-pool-workers-worker6,1,2026-06-06 09:04:29 UTC,15033896,15465760,161680,1.01,51740,632232,199736,1.25,207856,529476,36
cloud-k3s-pool-workers-worker6,1,2026-06-06 09:04:30 UTC,15033896,15465760,161672,1.01,51740,632240,199736,1.25,207856,529476,44
cloud-k3s-pool-workers-worker6,1,2026-06-06 09:04:31 UTC,15033896,15465760,161660,1.01,51740,632252,199736,1.25,207856,529476,56
cloud-k3s-pool-workers-worker6,1,2026-06-06 09:04:32 UTC,15033896,15465760,161660,1.01,51748,632244,199736,1.25,207856,529476,56
cloud-k3s-pool-workers-worker6,1,2026-06-06 09:04:33 UTC,15033896,15465820,161632,1.01,51748,632272,199736,1.25,207856,529536,208
cloud-k3s-pool-workers-worker6,1,2026-06-06 09:04:34 UTC,15033896,15465820,161624,1.01,51748,632280,199736,1.25,207856,529536,216
cloud-k3s-pool-workers-worker6,1,2026-06-06 09:04:35 UTC,15033896,15465820,161612,1.01,51748,632292,199736,1.25,207856,529536,228
cloud-k3s-pool-workers-worker6,1,2026-06-06 09:04:36 UTC,15033896,15465820,161612,1.01,51748,632292,199736,1.25,207856,529536,228
cloud-k3s-pool-workers-worker6,1,2026-06-06 09:04:37 UTC,15033896,15465820,161584,1.01,51756,632312,199736,1.25,207856,529536,236
cloud-k3s-pool-workers-worker6,1,2026-06-06 09:04:38 UTC,15033140,15465124,162324,1.02,51756,632324,201096,1.26,208924,529596,0
cloud-k3s-pool-workers-worker6,1,2026-06-06 09:04:39 UTC,15033140,15465124,162316,1.02,51756,632332,201096,1.26,208924,529596,12
cloud-k3s-pool-workers-worker6,1,2026-06-06 09:04:40 UTC,15033140,15465128,162300,1.02,51756,632344,201096,1.26,208924,529596,24
cloud-k3s-pool-workers-worker6,1,2026-06-06 09:04:41 UTC,15033140,15465128,162292,1.02,51756,632352,201096,1.26,208924,529596,32
cloud-k3s-pool-workers-worker6,1,2026-06-06 09:04:42 UTC,15033140,15465128,162292,1.02,51764,632344,201096,1.26,208924,529596,32
cloud-k3s-pool-workers-worker6,1,2026-06-06 09:04:43 UTC,15033140,15465188,162264,1.02,51764,632372,201096,1.26,208924,529656,244
cloud-k3s-pool-workers-worker6,1,2026-06-06 09:04:44 UTC,15033140,15465188,162252,1.02,51764,632384,199736,1.25,207884,529656,260
cloud-k3s-pool-workers-worker6,1,2026-06-06 09:04:45 UTC,15033140,15465188,162248,1.02,51764,632392,199736,1.25,207832,529656,272
cloud-k3s-pool-workers-worker6,1,2026-06-06 09:04:46 UTC,15033140,15465188,162236,1.02,51764,632404,199736,1.25,207832,529656,284
cloud-k3s-pool-workers-worker6,1,2026-06-06 09:04:47 UTC,15033140,15465188,162216,1.01,51772,632416,199736,1.25,207832,529656,36
cloud-k3s-pool-workers-worker6,1,2026-06-06 09:04:48 UTC,15033140,15465248,162208,1.01,51772,632424,199736,1.25,207832,529716,44
cloud-k3s-pool-workers-worker6,1,2026-06-06 09:04:49 UTC,15033140,15465248,162196,1.01,51772,632436,199736,1.25,207832,529716,56
cloud-k3s-pool-workers-worker6,1,2026-06-06 09:04:50 UTC,15033140,15465248,162188,1.01,51772,632444,199736,1.25,207832,529716,0
cloud-k3s-pool-workers-worker6,1,2026-06-06 09:04:51 UTC,15033140,15465248,162176,1.01,51772,632456,199736,1.25,207832,529716,16
cloud-k3s-pool-workers-worker6,1,2026-06-06 09:04:52 UTC,15033140,15465248,162156,1.01,51780,632464,199736,1.25,207832,529716,48
cloud-k3s-pool-workers-worker6,1,2026-06-06 09:04:53 UTC,15033140,15465308,162144,1.01,51780,632476,199736,1.25,207832,529776,64
cloud-k3s-pool-workers-worker6,1,2026-06-06 09:04:54 UTC,15033140,15465308,162144,1.01,51780,632476,199736,1.25,207832,529776,64
cloud-k3s-pool-workers-worker6,1,2026-06-06 09:04:55 UTC,15033140,15465332,162124,1.01,51780,632496,202584,1.27,208944,529800,84
cloud-k3s-pool-workers-worker6,1,2026-06-06 09:04:56 UTC,15033140,15465340,162112,1.01,51780,632504,202920,1.27,209252,529808,28
cloud-k3s-pool-workers-worker6,1,2026-06-06 09:04:57 UTC,15033140,15465352,162092,1.01,51788,632516,202920,1.27,209500,529820,260
cloud-k3s-pool-workers-worker6,1,2026-06-06 09:04:58 UTC,15033140,15465352,162092,1.01,51788,632516,202920,1.27,209500,529820,260
cloud-k3s-pool-workers-worker6,1,2026-06-06 09:04:59 UTC,15033140,15465352,162072,1.01,51788,632536,202920,1.27,209500,529820,308
cloud-k3s-pool-workers-worker6,1,2026-06-06 09:05:00 UTC,15035220,15467472,159984,1.00,51788,632548,199736,1.25,207856,529860,332
cloud-k3s-pool-workers-worker6,1,2026-06-06 09:05:01 UTC,15033356,15465616,161848,1.01,51788,632556,199736,1.25,207832,529868,340
cloud-k3s-pool-workers-worker6,1,2026-06-06 09:05:02 UTC,15033356,15465616,161824,1.01,51796,632572,199736,1.25,207832,529868,224
cloud-k3s-pool-workers-worker6,1,2026-06-06 09:05:03 UTC,15033356,15465616,161816,1.01,51796,632580,199736,1.25,207832,529868,236
cloud-k3s-pool-workers-worker6,1,2026-06-06 09:05:04 UTC,15033356,15465616,161816,1.01,51796,632580,199736,1.25,207832,529868,236
cloud-k3s-pool-workers-worker6,1,2026-06-06 09:05:05 UTC,15033356,15465616,161796,1.01,51796,632600,199736,1.25,207856,529868,240
cloud-k3s-pool-workers-worker6,1,2026-06-06 09:05:06 UTC,15033356,15465676,161784,1.01,51796,632612,199736,1.25,207856,529928,252
cloud-k3s-pool-workers-worker6,1,2026-06-06 09:05:07 UTC,15033104,15465432,162016,1.01,51804,632620,199736,1.25,207856,529932,56
cloud-k3s-pool-workers-worker6,1,2026-06-06 09:05:08 UTC,15033104,15465460,162004,1.01,51804,632632,199736,1.25,207856,529960,4
cloud-k3s-pool-workers-worker6,1,2026-06-06 09:05:09 UTC,15033104,15465460,161996,1.01,51804,632640,199736,1.25,207856,529960,16
cloud-k3s-pool-workers-worker6,1,2026-06-06 09:05:10 UTC,15033104,15465460,161984,1.01,51804,632652,199736,1.25,207856,529960,28
cloud-k3s-pool-workers-worker6,1,2026-06-06 09:05:11 UTC,15033104,15465460,161972,1.01,51804,632664,199736,1.25,207856,529960,40
cloud-k3s-pool-workers-worker6,1,2026-06-06 09:05:12 UTC,15033104,15465460,161956,1.01,51812,632672,199736,1.25,207856,529960,236
cloud-k3s-pool-workers-worker6,1,2026-06-06 09:05:13 UTC,15033104,15465520,161944,1.01,51812,632684,199736,1.25,207856,530020,80
cloud-k3s-pool-workers-worker6,1,2026-06-06 09:05:14 UTC,15033104,15465520,161936,1.01,51812,632692,199736,1.25,207856,530020,24
cloud-k3s-pool-workers-worker6,1,2026-06-06 09:05:15 UTC,15033104,15465520,161924,1.01,51812,632704,199736,1.25,207856,530020,40
cloud-k3s-pool-workers-worker6,1,2026-06-06 09:05:16 UTC,15032880,15465324,162136,1.01,51812,632712,202584,1.27,208916,530048,48
cloud-k3s-pool-workers-worker6,1,2026-06-06 09:05:17 UTC,15032628,15465092,162360,1.02,51820,632724,203184,1.27,209528,530068,312
cloud-k3s-pool-workers-worker6,1,2026-06-06 09:05:18 UTC,15034996,15467468,159988,1.00,51820,632732,199736,1.25,207840,530076,356
cloud-k3s-pool-workers-worker6,1,2026-06-06 09:05:19 UTC,15034256,15466728,160716,1.01,51820,632744,199736,1.25,207840,530076,368
cloud-k3s-pool-workers-worker6,1,2026-06-06 09:05:20 UTC,15034256,15466728,160716,1.01,51820,632744,199736,1.25,207840,530076,368
cloud-k3s-pool-workers-worker6,1,2026-06-06 09:05:21 UTC,15034256,15466728,160696,1.01,51820,632764,199736,1.25,207840,530076,328
cloud-k3s-pool-workers-worker6,1,2026-06-06 09:05:22 UTC,15033028,15465548,161908,1.01,51828,632772,202588,1.27,208892,530124,104
cloud-k3s-pool-workers-worker6,1,2026-06-06 09:05:23 UTC,15032272,15464804,162640,1.02,51828,632784,203188,1.27,209508,530136,368
cloud-k3s-pool-workers-worker6,1,2026-06-06 09:05:24 UTC,15032272,15464804,162628,1.02,51828,632796,203188,1.27,209508,530136,380
cloud-k3s-pool-workers-worker6,1,2026-06-06 09:05:25 UTC,15032272,15464804,162620,1.02,51828,632804,203188,1.27,209508,530136,388
cloud-k3s-pool-workers-worker6,1,2026-06-06 09:05:26 UTC,15032272,15464828,162608,1.02,51828,632816,203188,1.27,209544,530160,352
cloud-k3s-pool-workers-worker6,1,2026-06-06 09:05:27 UTC,15032272,15464844,162600,1.02,51836,632824,199736,1.25,207820,530176,16
cloud-k3s-pool-workers-worker6,1,2026-06-06 09:05:28 UTC,15032272,15464844,162588,1.02,51836,632836,199736,1.25,207820,530176,24
cloud-k3s-pool-workers-worker6,1,2026-06-06 09:05:29 UTC,15032272,15464844,162580,1.02,51836,632844,199736,1.25,207820,530176,32
cloud-k3s-pool-workers-worker6,1,2026-06-06 09:05:30 UTC,15032272,15464844,162568,1.02,51836,632856,199736,1.25,207820,530176,44
cloud-k3s-pool-workers-worker6,1,2026-06-06 09:05:31 UTC,15032272,15464844,162560,1.02,51836,632864,199736,1.25,207820,530176,52
cloud-k3s-pool-workers-worker6,1,2026-06-06 09:05:32 UTC,15031780,15464352,163052,1.02,51844,632856,199736,1.25,207820,530176,52
cloud-k3s-pool-workers-worker6,1,2026-06-06 09:05:33 UTC,15031780,15464424,163004,1.02,51844,632884,199736,1.25,207820,530236,48
cloud-k3s-pool-workers-worker6,1,2026-06-06 09:05:34 UTC,15031780,15464424,162992,1.02,51844,632896,199736,1.25,207820,530236,60
cloud-k3s-pool-workers-worker6,1,2026-06-06 09:05:35 UTC,15031780,15464424,162980,1.02,51844,632908,199736,1.25,207820,530236,72
cloud-k3s-pool-workers-worker6,1,2026-06-06 09:05:36 UTC,15031780,15464424,162972,1.02,51844,632916,199736,1.25,207820,530236,80
cloud-k3s-pool-workers-worker6,1,2026-06-06 09:05:37 UTC,15031780,15464484,162952,1.02,51852,632928,199736,1.25,207820,530296,264
cloud-k3s-pool-workers-worker6,1,2026-06-06 09:05:38 UTC,15031780,15464484,162952,1.02,51852,632928,199736,1.25,207820,530296,264
cloud-k3s-pool-workers-worker6,1,2026-06-06 09:05:39 UTC,15031780,15464484,162932,1.02,51852,632948,199736,1.25,207820,530296,16
cloud-k3s-pool-workers-worker6,1,2026-06-06 09:05:40 UTC,15031780,15464484,162924,1.02,51852,632956,199736,1.25,207820,530296,24
cloud-k3s-pool-workers-worker6,1,2026-06-06 09:05:41 UTC,15031780,15464484,162912,1.02,51852,632968,199736,1.25,207820,530296,36
cloud-k3s-pool-workers-worker6,1,2026-06-06 09:05:42 UTC,15031780,15464544,162896,1.02,51860,632976,199736,1.25,207820,530356,76
cloud-k3s-pool-workers-worker6,1,2026-06-06 09:05:43 UTC,15031780,15464544,162884,1.02,51860,632988,199736,1.25,207820,530356,252
cloud-k3s-pool-workers-worker6,1,2026-06-06 09:05:44 UTC,15031780,15464544,162876,1.02,51860,632996,199736,1.25,207820,530356,260
cloud-k3s-pool-workers-worker6,1,2026-06-06 09:05:45 UTC,15031780,15464544,162864,1.02,51860,633008,199736,1.25,207820,530356,212
cloud-k3s-pool-workers-worker6,1,2026-06-06 09:05:46 UTC,15031780,15464544,162856,1.02,51860,633016,199736,1.25,207820,530356,220
cloud-k3s-pool-workers-worker6,1,2026-06-06 09:05:47 UTC,15031780,15464604,162832,1.02,51868,633028,199736,1.25,207820,530416,36
cloud-k3s-pool-workers-worker6,1,2026-06-06 09:05:48 UTC,15031780,15464604,162832,1.02,51868,633028,199736,1.25,207820,530416,36
cloud-k3s-pool-workers-worker6,1,2026-06-06 09:05:49 UTC,15031528,15464352,163064,1.02,51868,633048,199736,1.25,207820,530416,56
cloud-k3s-pool-workers-worker6,1,2026-06-06 09:05:50 UTC,15031528,15464352,163052,1.02,51868,633060,199736,1.25,207820,530416,68
cloud-k3s-pool-workers-worker6,1,2026-06-06 09:05:51 UTC,15031528,15464352,163044,1.02,51868,633068,199736,1.25,207820,530416,12
cloud-k3s-pool-workers-worker6,1,2026-06-06 09:05:52 UTC,15031528,15464412,163024,1.02,51876,633080,199736,1.25,207820,530476,48
cloud-k3s-pool-workers-worker6,1,2026-06-06 09:05:53 UTC,15031528,15464412,163016,1.02,51876,633088,199736,1.25,207820,530476,60
cloud-k3s-pool-workers-worker6,1,2026-06-06 09:05:54 UTC,15031528,15464412,163004,1.02,51876,633100,199736,1.25,207820,530476,72
cloud-k3s-pool-workers-worker6,1,2026-06-06 09:05:55 UTC,15031528,15464412,162996,1.02,51876,633108,199736,1.25,207820,530476,80
cloud-k3s-pool-workers-worker6,1,2026-06-06 09:05:56 UTC,15031528,15464412,162984,1.02,51876,633120,199736,1.25,207820,530476,28
cloud-k3s-pool-workers-worker6,1,2026-06-06 09:05:57 UTC,15031528,15464472,162968,1.02,51884,633128,199736,1.25,207820,530536,176
cloud-k3s-pool-workers-worker6,1,2026-06-06 09:05:58 UTC,15031528,15464472,162956,1.02,51884,633140,199736,1.25,207820,530536,188
cloud-k3s-pool-workers-worker6,1,2026-06-06 09:05:59 UTC,15031528,15464472,162944,1.02,51884,633152,199736,1.25,207820,530536,200
cloud-k3s-pool-workers-worker6,1,2026-06-06 09:06:00 UTC,15031528,15464472,162944,1.02,51884,633152,202712,1.27,208860,530536,200
cloud-k3s-pool-workers-worker6,1,2026-06-06 09:06:01 UTC,15031276,15464268,163164,1.02,51884,633172,202920,1.27,209404,530580,292
cloud-k3s-pool-workers-worker6,1,2026-06-06 09:06:02 UTC,15031276,15464276,163148,1.02,51892,633180,202920,1.27,209456,530588,80
cloud-k3s-pool-workers-worker6,1,2026-06-06 09:06:03 UTC,15031276,15464280,163132,1.02,51892,633196,202920,1.27,209456,530592,56
cloud-k3s-pool-workers-worker6,1,2026-06-06 09:06:04 UTC,15031276,15464280,163124,1.02,51892,633204,202920,1.27,209456,530592,68
cloud-k3s-pool-workers-worker6,1,2026-06-06 09:06:05 UTC,15031276,15464320,163116,1.02,51892,633216,199736,1.25,207800,530632,228
cloud-k3s-pool-workers-worker6,1,2026-06-06 09:06:06 UTC,15031276,15464320,163116,1.02,51892,633216,199736,1.25,207800,530632,228
cloud-k3s-pool-workers-worker6,1,2026-06-06 09:06:07 UTC,15031276,15464320,163088,1.02,51900,633236,199736,1.25,207800,530632,336
cloud-k3s-pool-workers-worker6,1,2026-06-06 09:06:08 UTC,15031276,15464356,163080,1.02,51900,633244,199736,1.25,207800,530668,248
cloud-k3s-pool-workers-worker6,1,2026-06-06 09:06:09 UTC,15031276,15464368,163068,1.02,51900,633256,199736,1.25,207800,530680,20
cloud-k3s-pool-workers-worker6,1,2026-06-06 09:06:10 UTC,15031276,15464368,163060,1.02,51900,633264,199736,1.25,207800,530680,28
cloud-k3s-pool-workers-worker6,1,2026-06-06 09:06:11 UTC,15031276,15464368,163048,1.02,51900,633276,199736,1.25,207800,530680,40
cloud-k3s-pool-workers-worker6,1,2026-06-06 09:06:12 UTC,15031276,15464368,163024,1.02,51908,633288,199736,1.25,207800,530680,80
cloud-k3s-pool-workers-worker6,1,2026-06-06 09:06:13 UTC,15031276,15464368,163016,1.02,51908,633296,199736,1.25,207800,530680,248
cloud-k3s-pool-workers-worker6,1,2026-06-06 09:06:14 UTC,15031276,15464428,163004,1.02,51908,633308,199736,1.25,207800,530740,192
cloud-k3s-pool-workers-worker6,1,2026-06-06 09:06:15 UTC,15031276,15464428,162996,1.02,51908,633316,199736,1.25,207800,530740,204
cloud-k3s-pool-workers-worker6,1,2026-06-06 09:06:16 UTC,15031276,15464428,162984,1.02,51908,633328,199736,1.25,207800,530740,216
cloud-k3s-pool-workers-worker6,1,2026-06-06 09:06:17 UTC,15031276,15464464,162968,1.02,51916,633336,199736,1.25,207800,530776,36
cloud-k3s-pool-workers-worker6,1,2026-06-06 09:06:18 UTC,15031276,15464464,162956,1.02,51916,633348,199736,1.25,207800,530776,48
cloud-k3s-pool-workers-worker6,1,2026-06-06 09:06:19 UTC,15031276,15464464,162948,1.02,51916,633356,199736,1.25,207800,530776,56
cloud-k3s-pool-workers-worker6,1,2026-06-06 09:06:20 UTC,15031024,15464212,163188,1.02,51916,633368,199736,1.25,207800,530776,68
cloud-k3s-pool-workers-worker6,1,2026-06-06 09:06:21 UTC,15031024,15464212,163180,1.02,51916,633376,199736,1.25,207856,530776,16
cloud-k3s-pool-workers-worker6,1,2026-06-06 09:06:22 UTC,15031024,15464272,163160,1.02,51924,633388,199736,1.25,207856,530836,216
cloud-k3s-pool-workers-worker6,1,2026-06-06 09:06:23 UTC,15031024,15464272,163148,1.02,51924,633400,199736,1.25,207856,530836,60
cloud-k3s-pool-workers-worker6,1,2026-06-06 09:06:24 UTC,15031024,15464272,163140,1.02,51924,633408,199736,1.25,207856,530836,68
cloud-k3s-pool-workers-worker6,1,2026-06-06 09:06:25 UTC,15031024,15464272,163128,1.02,51924,633420,199736,1.25,207856,530836,80
cloud-k3s-pool-workers-worker6,1,2026-06-06 09:06:26 UTC,15031024,15464272,163120,1.02,51924,633428,199736,1.25,207856,530836,88
cloud-k3s-pool-workers-worker6,1,2026-06-06 09:06:27 UTC,15030784,15464096,163320,1.02,51932,633440,199736,1.25,207856,530896,204
cloud-k3s-pool-workers-worker6,1,2026-06-06 09:06:28 UTC,15030784,15464096,163312,1.02,51932,633448,199736,1.25,207856,530896,188
cloud-k3s-pool-workers-worker6,1,2026-06-06 09:06:29 UTC,15030784,15464096,163300,1.02,51932,633460,199736,1.25,207856,530896,200
cloud-k3s-pool-workers-worker6,1,2026-06-06 09:06:30 UTC,15030784,15464096,163292,1.02,51932,633468,199736,1.25,207856,530896,208
cloud-k3s-pool-workers-worker6,1,2026-06-06 09:06:31 UTC,15030784,15464096,163280,1.02,51932,633480,199736,1.25,207856,530896,220
cloud-k3s-pool-workers-worker6,1,2026-06-06 09:06:32 UTC,15030784,15464152,163264,1.02,51940,633488,199736,1.25,207856,530952,16
cloud-k3s-pool-workers-worker6,1,2026-06-06 09:06:33 UTC,15030784,15464152,163252,1.02,51940,633500,199736,1.25,207856,530952,40
cloud-k3s-pool-workers-worker6,1,2026-06-06 09:06:34 UTC,15030784,15464152,163252,1.02,51940,633500,199736,1.25,207856,530952,40
cloud-k3s-pool-workers-worker6,1,2026-06-06 09:06:35 UTC,15030784,15464152,163232,1.02,51940,633520,199736,1.25,207856,530952,60
cloud-k3s-pool-workers-worker6,1,2026-06-06 09:06:36 UTC,15030784,15464152,163220,1.02,51940,633532,199736,1.25,207856,530952,72
cloud-k3s-pool-workers-worker6,1,2026-06-06 09:06:37 UTC,15030784,15464212,163204,1.02,51948,633540,199736,1.25,207856,531012,224
cloud-k3s-pool-workers-worker6,1,2026-06-06 09:06:38 UTC,15030784,15464212,163192,1.02,51948,633552,199736,1.25,207856,531012,4
cloud-k3s-pool-workers-worker6,1,2026-06-06 09:06:39 UTC,15030784,15464212,163184,1.02,51948,633560,199736,1.25,207856,531012,16
cloud-k3s-pool-workers-worker6,1,2026-06-06 09:06:40 UTC,15030784,15464212,163168,1.02,51948,633572,199736,1.25,207856,531012,28
cloud-k3s-pool-workers-worker6,1,2026-06-06 09:06:41 UTC,15030784,15464212,163160,1.02,51948,633580,199736,1.25,207856,531012,36
cloud-k3s-pool-workers-worker6,1,2026-06-06 09:06:42 UTC,15030784,15464272,163140,1.02,51956,633592,199736,1.25,207856,531072,72
cloud-k3s-pool-workers-worker6,1,2026-06-06 09:06:43 UTC,15030784,15464272,163132,1.02,51956,633600,199736,1.25,207856,531072,248
cloud-k3s-pool-workers-worker6,1,2026-06-06 09:06:44 UTC,15030784,15464272,163120,1.02,51956,633612,199736,1.25,207856,531072,196
cloud-k3s-pool-workers-worker6,1,2026-06-06 09:06:45 UTC,15030784,15464272,163112,1.02,51956,633620,199736,1.25,207856,531072,208
cloud-k3s-pool-workers-worker6,1,2026-06-06 09:06:46 UTC,15030784,15464272,163100,1.02,51956,633632,199736,1.25,207856,531072,220
cloud-k3s-pool-workers-worker6,1,2026-06-06 09:06:47 UTC,15030784,15464332,163080,1.02,51964,633644,199736,1.25,207856,531132,248
cloud-k3s-pool-workers-worker6,1,2026-06-06 09:06:48 UTC,15030784,15464332,163072,1.02,51964,633652,199736,1.25,207856,531132,232
cloud-k3s-pool-workers-worker6,1,2026-06-06 09:06:49 UTC,15030784,15464332,163060,1.02,51964,633664,199736,1.25,207856,531132,60
cloud-k3s-pool-workers-worker6,1,2026-06-06 09:06:50 UTC,15030784,15464332,163052,1.02,51964,633672,199736,1.25,207856,531132,68
cloud-k3s-pool-workers-worker6,1,2026-06-06 09:06:51 UTC,15030280,15463828,163544,1.02,51964,633684,199736,1.25,207856,531132,20
cloud-k3s-pool-workers-worker6,1,2026-06-06 09:06:52 UTC,15030280,15463832,163524,1.02,51972,633692,199736,1.25,207856,531132,48
cloud-k3s-pool-workers-worker6,1,2026-06-06 09:06:53 UTC,15030280,15463892,163512,1.02,51972,633704,199736,1.25,207856,531192,224
cloud-k3s-pool-workers-worker6,1,2026-06-06 09:06:54 UTC,15030280,15463892,163504,1.02,51972,633712,199736,1.25,207856,531192,232
cloud-k3s-pool-workers-worker6,1,2026-06-06 09:06:55 UTC,15030280,15463892,163492,1.02,51972,633724,199736,1.25,207856,531192,244
cloud-k3s-pool-workers-worker6,1,2026-06-06 09:06:56 UTC,15030280,15463892,163492,1.02,51972,633724,199736,1.25,207856,531192,244
cloud-k3s-pool-workers-worker6,1,2026-06-06 09:06:57 UTC,15030280,15463892,163464,1.02,51980,633744,199736,1.25,207856,531192,20
cloud-k3s-pool-workers-worker6,1,2026-06-06 09:06:58 UTC,15030280,15463952,163452,1.02,51980,633756,199736,1.25,207856,531252,32
cloud-k3s-pool-workers-worker6,1,2026-06-06 09:06:59 UTC,15030280,15463952,163444,1.02,51980,633764,199736,1.25,207856,531252,40
cloud-k3s-pool-workers-worker6,1,2026-06-06 09:07:00 UTC,15030280,15463952,163432,1.02,51980,633776,199736,1.25,207856,531252,52
cloud-k3s-pool-workers-worker6,1,2026-06-06 09:07:01 UTC,15030280,15463952,163424,1.02,51980,633784,199736,1.25,207856,531252,60
cloud-k3s-pool-workers-worker6,1,2026-06-06 09:07:02 UTC,15030280,15463952,163404,1.02,51988,633796,199736,1.25,207856,531252,96
cloud-k3s-pool-workers-worker6,1,2026-06-06 09:07:03 UTC,15029524,15463260,164156,1.03,51988,633804,202712,1.27,209176,531316,36
cloud-k3s-pool-workers-worker6,1,2026-06-06 09:07:04 UTC,15029524,15463272,164136,1.03,51988,633816,202920,1.27,209424,531328,196
cloud-k3s-pool-workers-worker6,1,2026-06-06 09:07:05 UTC,15029524,15463280,164128,1.03,51988,633824,202920,1.27,209476,531336,208
cloud-k3s-pool-workers-worker6,1,2026-06-06 09:07:06 UTC,15029524,15463280,164112,1.03,51988,633836,202920,1.27,209476,531336,224
cloud-k3s-pool-workers-worker6,1,2026-06-06 09:07:07 UTC,15029524,15463280,164096,1.03,51996,633844,202920,1.27,209500,531336,328
cloud-k3s-pool-workers-worker6,1,2026-06-06 09:07:08 UTC,15029524,15463320,164088,1.03,51996,633856,199736,1.25,207860,531376,348
cloud-k3s-pool-workers-worker6,1,2026-06-06 09:07:09 UTC,15029524,15463320,164080,1.03,51996,633864,199736,1.25,207856,531376,16
cloud-k3s-pool-workers-worker6,1,2026-06-06 09:07:10 UTC,15029272,15463068,164332,1.03,51996,633864,202584,1.27,209156,531376,16
cloud-k3s-pool-workers-worker6,1,2026-06-06 09:07:11 UTC,15028012,15461840,165516,1.04,51996,633888,206176,1.29,210808,531408,228
cloud-k3s-pool-workers-worker6,1,2026-06-06 09:07:12 UTC,15027508,15461344,165980,1.04,52004,633896,206632,1.29,211156,531416,404
