# hostname,interval,timestamp,kbmemfree,kbavail,kbmemused,%memused,kbbuffers,kbcached,kbcommit,%commit,kbactive,kbinact,kbdirty
cloud-k3s-pool-workers-worker1,1,2026-06-06 08:07:12 UTC,15003080,15392200,235460,1.47,46024,595756,239304,1.50,212044,488504,748
cloud-k3s-pool-workers-worker1,1,2026-06-06 08:07:13 UTC,15005964,15395084,232564,1.46,46024,595768,239304,1.50,212044,488504,760
cloud-k3s-pool-workers-worker1,1,2026-06-06 08:07:14 UTC,15008048,15397168,230460,1.44,46024,595780,242152,1.52,213384,488504,772
cloud-k3s-pool-workers-worker1,1,2026-06-06 08:07:15 UTC,15010260,15399424,228200,1.43,46036,595788,242488,1.52,213736,488548,296
cloud-k3s-pool-workers-worker1,1,2026-06-06 08:07:16 UTC,15010512,15399676,227936,1.43,46036,595800,242488,1.52,213736,488548,372
cloud-k3s-pool-workers-worker1,1,2026-06-06 08:07:17 UTC,15014176,15403360,224264,1.40,46036,595808,242488,1.52,213736,488568,228
cloud-k3s-pool-workers-worker1,1,2026-06-06 08:07:18 UTC,15016496,15405680,221932,1.39,46036,595820,242488,1.52,213736,488568,244
cloud-k3s-pool-workers-worker1,1,2026-06-06 08:07:19 UTC,15021768,15410952,216680,1.36,46036,595828,239304,1.50,212132,488568,264
cloud-k3s-pool-workers-worker1,1,2026-06-06 08:07:20 UTC,15024800,15413984,213636,1.34,46036,595840,239304,1.50,212132,488568,276
cloud-k3s-pool-workers-worker1,1,2026-06-06 08:07:21 UTC,15028228,15417412,210192,1.32,46044,595848,239304,1.50,212132,488568,348
cloud-k3s-pool-workers-worker1,1,2026-06-06 08:07:22 UTC,15029272,15418456,209136,1.31,46044,595860,239304,1.50,212132,488568,184
cloud-k3s-pool-workers-worker1,1,2026-06-06 08:07:23 UTC,15030928,15420172,207472,1.30,46044,595868,239304,1.50,212132,488628,188
cloud-k3s-pool-workers-worker1,1,2026-06-06 08:07:24 UTC,15031832,15421076,206556,1.29,46044,595880,239304,1.50,212132,488628,196
cloud-k3s-pool-workers-worker1,1,2026-06-06 08:07:25 UTC,15034644,15423888,203732,1.27,46044,595892,239304,1.50,212132,488628,208
cloud-k3s-pool-workers-worker1,1,2026-06-06 08:07:26 UTC,15035672,15424948,202688,1.27,46052,595900,239304,1.50,212132,488660,124
cloud-k3s-pool-workers-worker1,1,2026-06-06 08:07:27 UTC,15036884,15426160,201464,1.26,46052,595912,239304,1.50,212132,488660,136
cloud-k3s-pool-workers-worker1,1,2026-06-06 08:07:28 UTC,15037096,15426372,201244,1.26,46052,595920,239304,1.50,212132,488660,268
cloud-k3s-pool-workers-worker1,1,2026-06-06 08:07:29 UTC,15038084,15427360,200244,1.25,46052,595932,239304,1.50,212132,488660,280
cloud-k3s-pool-workers-worker1,1,2026-06-06 08:07:30 UTC,15038084,15427360,200236,1.25,46052,595940,239304,1.50,212132,488660,288
cloud-k3s-pool-workers-worker1,1,2026-06-06 08:07:31 UTC,15038248,15427552,200052,1.25,46060,595952,239304,1.50,212140,488688,152
cloud-k3s-pool-workers-worker1,1,2026-06-06 08:07:32 UTC,15038248,15427612,200044,1.25,46060,595960,239304,1.50,212140,488748,40
cloud-k3s-pool-workers-worker1,1,2026-06-06 08:07:33 UTC,15038468,15427832,199812,1.25,46060,595972,239304,1.50,212140,488748,52
cloud-k3s-pool-workers-worker1,1,2026-06-06 08:07:34 UTC,15038468,15427832,199804,1.25,46060,595980,239304,1.50,212140,488748,60
cloud-k3s-pool-workers-worker1,1,2026-06-06 08:07:35 UTC,15038468,15427832,199792,1.25,46060,595992,239304,1.50,212140,488748,72
cloud-k3s-pool-workers-worker1,1,2026-06-06 08:07:36 UTC,15038468,15427832,199772,1.25,46068,596000,239304,1.50,212140,488748,80
cloud-k3s-pool-workers-worker1,1,2026-06-06 08:07:37 UTC,15038464,15427844,199764,1.25,46068,596012,239304,1.50,212140,488764,28
cloud-k3s-pool-workers-worker1,1,2026-06-06 08:07:38 UTC,15038464,15427904,199752,1.25,46068,596024,239304,1.50,212140,488824,44
cloud-k3s-pool-workers-worker1,1,2026-06-06 08:07:39 UTC,15038464,15427904,199744,1.25,46068,596032,239304,1.50,212140,488824,52
cloud-k3s-pool-workers-worker1,1,2026-06-06 08:07:40 UTC,15038308,15427748,199888,1.25,46068,596044,239304,1.50,212140,488824,64
cloud-k3s-pool-workers-worker1,1,2026-06-06 08:07:41 UTC,15038304,15427744,199876,1.25,46076,596052,239304,1.50,212140,488824,204
cloud-k3s-pool-workers-worker1,1,2026-06-06 08:07:42 UTC,15038304,15427744,199864,1.25,46076,596064,239304,1.50,212140,488824,216
cloud-k3s-pool-workers-worker1,1,2026-06-06 08:07:43 UTC,15038304,15427744,199856,1.25,46076,596072,239304,1.50,212140,488824,224
cloud-k3s-pool-workers-worker1,1,2026-06-06 08:07:44 UTC,15038304,15427804,199844,1.25,46076,596084,239304,1.50,212156,488884,168
cloud-k3s-pool-workers-worker1,1,2026-06-06 08:07:45 UTC,15038304,15427804,199844,1.25,46076,596084,239304,1.50,212156,488884,168
cloud-k3s-pool-workers-worker1,1,2026-06-06 08:07:46 UTC,15038556,15428056,199564,1.25,46084,596104,239304,1.50,212156,488884,212
cloud-k3s-pool-workers-worker1,1,2026-06-06 08:07:47 UTC,15038556,15428056,199556,1.25,46084,596112,239304,1.50,212156,488884,220
cloud-k3s-pool-workers-worker1,1,2026-06-06 08:07:48 UTC,15038556,15428056,199544,1.25,46084,596124,239304,1.50,212156,488884,84
cloud-k3s-pool-workers-worker1,1,2026-06-06 08:07:49 UTC,15038556,15428056,199544,1.25,46084,596124,239304,1.50,212156,488884,84
cloud-k3s-pool-workers-worker1,1,2026-06-06 08:07:50 UTC,15038556,15428116,199524,1.25,46084,596144,239304,1.50,212156,488944,40
cloud-k3s-pool-workers-worker1,1,2026-06-06 08:07:51 UTC,15038304,15427868,199752,1.25,46092,596156,239304,1.50,212156,488944,184
cloud-k3s-pool-workers-worker1,1,2026-06-06 08:07:52 UTC,15038304,15427868,199744,1.25,46092,596164,239304,1.50,212156,488944,60
cloud-k3s-pool-workers-worker1,1,2026-06-06 08:07:53 UTC,15038304,15427868,199732,1.25,46092,596176,239304,1.50,212156,488944,72
cloud-k3s-pool-workers-worker1,1,2026-06-06 08:07:54 UTC,15038304,15427868,199724,1.25,46092,596184,239304,1.50,212156,488944,80
cloud-k3s-pool-workers-worker1,1,2026-06-06 08:07:55 UTC,15038304,15427892,199712,1.25,46092,596196,239304,1.50,212156,488968,28
cloud-k3s-pool-workers-worker1,1,2026-06-06 08:07:56 UTC,15038304,15427952,199696,1.25,46100,596204,239304,1.50,212156,489028,44
cloud-k3s-pool-workers-worker1,1,2026-06-06 08:07:57 UTC,15038304,15427952,199696,1.25,46100,596204,239304,1.50,212156,489028,44
cloud-k3s-pool-workers-worker1,1,2026-06-06 08:07:58 UTC,15038556,15428204,199420,1.25,46100,596228,239304,1.50,212156,489028,200
cloud-k3s-pool-workers-worker1,1,2026-06-06 08:07:59 UTC,15038208,15427856,199756,1.25,46100,596240,239304,1.50,212156,489028,212
cloud-k3s-pool-workers-worker1,1,2026-06-06 08:08:00 UTC,15038208,15427856,199748,1.25,46100,596248,239304,1.50,212156,489028,220
cloud-k3s-pool-workers-worker1,1,2026-06-06 08:08:01 UTC,15038208,15427856,199736,1.25,46100,596260,239304,1.50,212156,489028,232
cloud-k3s-pool-workers-worker1,1,2026-06-06 08:08:02 UTC,15038208,15427920,199716,1.25,46108,596272,239304,1.50,212160,489092,52
cloud-k3s-pool-workers-worker1,1,2026-06-06 08:08:03 UTC,15038208,15427920,199708,1.25,46108,596280,239304,1.50,212160,489092,60
cloud-k3s-pool-workers-worker1,1,2026-06-06 08:08:04 UTC,15038208,15427920,199696,1.25,46108,596292,239304,1.50,212160,489092,44
cloud-k3s-pool-workers-worker1,1,2026-06-06 08:08:05 UTC,15038208,15427920,199688,1.25,46108,596300,239304,1.50,212160,489092,52
cloud-k3s-pool-workers-worker1,1,2026-06-06 08:08:06 UTC,15038208,15427920,199676,1.25,46108,596312,239304,1.50,212160,489092,64
cloud-k3s-pool-workers-worker1,1,2026-06-06 08:08:07 UTC,15038208,15427920,199656,1.25,46116,596320,239304,1.50,212160,489092,88
cloud-k3s-pool-workers-worker1,1,2026-06-06 08:08:08 UTC,15038208,15427980,199644,1.25,46116,596332,239304,1.50,212160,489152,176
cloud-k3s-pool-workers-worker1,1,2026-06-06 08:08:09 UTC,15038208,15427980,199644,1.25,46116,596332,239304,1.50,212160,489152,176
cloud-k3s-pool-workers-worker1,1,2026-06-06 08:08:10 UTC,15038208,15427980,199624,1.25,46116,596352,239304,1.50,212160,489152,196
cloud-k3s-pool-workers-worker1,1,2026-06-06 08:08:11 UTC,15048228,15438024,189596,1.19,46116,596360,236476,1.48,209548,489176,228
cloud-k3s-pool-workers-worker1,1,2026-06-06 08:08:12 UTC,15048228,15438024,189580,1.19,46116,596376,236476,1.48,209548,489176,88
cloud-k3s-pool-workers-worker1,1,2026-06-06 08:08:13 UTC,15048228,15438028,189568,1.19,46128,596376,236476,1.48,209548,489180,40
cloud-k3s-pool-workers-worker1,1,2026-06-06 08:08:14 UTC,15048228,15438088,189548,1.19,46128,596396,236476,1.48,209548,489240,64
cloud-k3s-pool-workers-worker1,1,2026-06-06 08:08:15 UTC,15048228,15438088,189536,1.19,46128,596408,236476,1.48,209548,489240,76
cloud-k3s-pool-workers-worker1,1,2026-06-06 08:08:16 UTC,15048228,15438088,189528,1.19,46128,596416,236476,1.48,209548,489240,220
cloud-k3s-pool-workers-worker1,1,2026-06-06 08:08:17 UTC,15048228,15438088,189516,1.19,46128,596428,236476,1.48,209548,489240,232
cloud-k3s-pool-workers-worker1,1,2026-06-06 08:08:18 UTC,15048228,15438088,189496,1.19,46140,596436,236476,1.48,209548,489240,52
cloud-k3s-pool-workers-worker1,1,2026-06-06 08:08:19 UTC,15048228,15438088,189496,1.19,46140,596436,236476,1.48,209548,489240,52
cloud-k3s-pool-workers-worker1,1,2026-06-06 08:08:20 UTC,15048228,15438148,189476,1.19,46140,596456,236476,1.48,209548,489300,76
cloud-k3s-pool-workers-worker1,1,2026-06-06 08:08:21 UTC,15048228,15438148,189464,1.19,46140,596468,236476,1.48,209548,489300,224
cloud-k3s-pool-workers-worker1,1,2026-06-06 08:08:22 UTC,15048228,15438152,189452,1.19,46140,596476,236476,1.48,209548,489300,236
cloud-k3s-pool-workers-worker1,1,2026-06-06 08:08:23 UTC,15048228,15438156,189424,1.19,46156,596488,236476,1.48,209548,489304,192
cloud-k3s-pool-workers-worker1,1,2026-06-06 08:08:24 UTC,15048228,15438156,189416,1.19,46156,596496,236476,1.48,209548,489304,204
cloud-k3s-pool-workers-worker1,1,2026-06-06 08:08:25 UTC,15048228,15438216,189404,1.19,46156,596508,236476,1.48,209548,489364,216
cloud-k3s-pool-workers-worker1,1,2026-06-06 08:08:26 UTC,15048228,15438216,189392,1.18,46156,596520,236476,1.48,209548,489364,240
cloud-k3s-pool-workers-worker1,1,2026-06-06 08:08:27 UTC,15048228,15438216,189384,1.18,46156,596528,236476,1.48,209548,489364,248
cloud-k3s-pool-workers-worker1,1,2026-06-06 08:08:28 UTC,15048228,15438216,189360,1.18,46168,596540,236476,1.48,209548,489364,112
cloud-k3s-pool-workers-worker1,1,2026-06-06 08:08:29 UTC,15048228,15438216,189360,1.18,46168,596540,236476,1.48,209548,489364,112
cloud-k3s-pool-workers-worker1,1,2026-06-06 08:08:30 UTC,15048228,15438248,189340,1.18,46168,596560,236476,1.48,209548,489396,80
cloud-k3s-pool-workers-worker1,1,2026-06-06 08:08:31 UTC,15048228,15438248,189332,1.18,46168,596568,236476,1.48,209548,489396,224
cloud-k3s-pool-workers-worker1,1,2026-06-06 08:08:32 UTC,15048228,15438248,189320,1.18,46168,596580,236476,1.48,209548,489396,100
cloud-k3s-pool-workers-worker1,1,2026-06-06 08:08:33 UTC,15048480,15438604,189044,1.18,46180,596588,236476,1.48,209548,489500,56
cloud-k3s-pool-workers-worker1,1,2026-06-06 08:08:34 UTC,15048480,15438604,189032,1.18,46180,596600,236476,1.48,209548,489500,72
cloud-k3s-pool-workers-worker1,1,2026-06-06 08:08:35 UTC,15048480,15438604,189024,1.18,46180,596608,236476,1.48,209548,489500,80
cloud-k3s-pool-workers-worker1,1,2026-06-06 08:08:36 UTC,15048480,15438604,189012,1.18,46180,596620,236476,1.48,209548,489500,224
cloud-k3s-pool-workers-worker1,1,2026-06-06 08:08:37 UTC,15048480,15438604,189000,1.18,46180,596632,236476,1.48,209548,489500,236
cloud-k3s-pool-workers-worker1,1,2026-06-06 08:08:38 UTC,15048480,15438604,189000,1.18,46180,596632,236476,1.48,209548,489500,236
cloud-k3s-pool-workers-worker1,1,2026-06-06 08:08:39 UTC,15048480,15438676,188968,1.18,46192,596652,236476,1.48,209548,489572,164
cloud-k3s-pool-workers-worker1,1,2026-06-06 08:08:40 UTC,15048480,15438676,188960,1.18,46192,596660,236476,1.48,209548,489572,176
cloud-k3s-pool-workers-worker1,1,2026-06-06 08:08:41 UTC,15048228,15438424,189200,1.18,46192,596672,236476,1.48,209548,489572,200
cloud-k3s-pool-workers-worker1,1,2026-06-06 08:08:42 UTC,15048228,15438424,189192,1.18,46192,596680,236476,1.48,209548,489572,64
cloud-k3s-pool-workers-worker1,1,2026-06-06 08:08:43 UTC,15048228,15438424,189180,1.18,46192,596692,236476,1.48,209548,489572,68
cloud-k3s-pool-workers-worker1,1,2026-06-06 08:08:44 UTC,15047752,15437952,189644,1.19,46204,596700,239456,1.50,210976,489576,36
cloud-k3s-pool-workers-worker1,1,2026-06-06 08:08:45 UTC,15047752,15437952,189632,1.19,46204,596700,239928,1.50,211252,489576,44
cloud-k3s-pool-workers-worker1,1,2026-06-06 08:08:46 UTC,15047752,15438012,189612,1.19,46204,596720,239928,1.50,211252,489636,288
cloud-k3s-pool-workers-worker1,1,2026-06-06 08:08:47 UTC,15047752,15438012,189600,1.19,46204,596732,239928,1.50,211252,489636,312
cloud-k3s-pool-workers-worker1,1,2026-06-06 08:08:48 UTC,15047752,15438012,189592,1.19,46204,596740,239928,1.50,211252,489636,88
cloud-k3s-pool-workers-worker1,1,2026-06-06 08:08:49 UTC,15050196,15440480,187132,1.17,46216,596752,236476,1.48,209604,489660,168
cloud-k3s-pool-workers-worker1,1,2026-06-06 08:08:50 UTC,15050196,15440480,187120,1.17,46216,596764,236476,1.48,209604,489660,180
cloud-k3s-pool-workers-worker1,1,2026-06-06 08:08:51 UTC,15050196,15440480,187120,1.17,46216,596764,236476,1.48,209604,489660,180
cloud-k3s-pool-workers-worker1,1,2026-06-06 08:08:52 UTC,15050196,15440544,187096,1.17,46216,596784,236476,1.48,209604,489720,260
cloud-k3s-pool-workers-worker1,1,2026-06-06 08:08:53 UTC,15048464,15438836,188828,1.18,46216,596792,236476,1.48,209560,489744,92
cloud-k3s-pool-workers-worker1,1,2026-06-06 08:08:54 UTC,15048212,15438584,189052,1.18,46228,596804,236476,1.48,209560,489744,240
cloud-k3s-pool-workers-worker1,1,2026-06-06 08:08:55 UTC,15048212,15438600,189044,1.18,46228,596812,236476,1.48,209604,489760,252
cloud-k3s-pool-workers-worker1,1,2026-06-06 08:08:56 UTC,15048212,15438600,189032,1.18,46228,596824,236476,1.48,209604,489760,272
cloud-k3s-pool-workers-worker1,1,2026-06-06 08:08:57 UTC,15048212,15438600,189024,1.18,46228,596832,236476,1.48,209604,489760,280
cloud-k3s-pool-workers-worker1,1,2026-06-06 08:08:58 UTC,15048212,15438600,189012,1.18,46228,596844,236476,1.48,209604,489760,296
cloud-k3s-pool-workers-worker1,1,2026-06-06 08:08:59 UTC,15048212,15438600,189004,1.18,46240,596840,236476,1.48,209604,489760,304
cloud-k3s-pool-workers-worker1,1,2026-06-06 08:09:00 UTC,15048212,15438600,188980,1.18,46240,596864,236476,1.48,209604,489760,116
cloud-k3s-pool-workers-worker1,1,2026-06-06 08:09:01 UTC,15048212,15438600,188980,1.18,46240,596864,236476,1.48,209604,489760,116
cloud-k3s-pool-workers-worker1,1,2026-06-06 08:09:02 UTC,15048212,15438660,188960,1.18,46240,596884,236476,1.48,209604,489820,264
cloud-k3s-pool-workers-worker1,1,2026-06-06 08:09:03 UTC,15048212,15438660,188948,1.18,46240,596896,236476,1.48,209604,489820,276
cloud-k3s-pool-workers-worker1,1,2026-06-06 08:09:04 UTC,15048212,15438660,188940,1.18,46240,596904,236476,1.48,209604,489820,284
cloud-k3s-pool-workers-worker1,1,2026-06-06 08:09:05 UTC,15048212,15438660,188940,1.18,46248,596896,236476,1.48,209604,489820,284
cloud-k3s-pool-workers-worker1,1,2026-06-06 08:09:06 UTC,15048212,15438664,188908,1.18,46248,596924,236476,1.48,209604,489820,316
cloud-k3s-pool-workers-worker1,1,2026-06-06 08:09:07 UTC,15048212,15438724,188896,1.18,46248,596936,236476,1.48,209604,489880,328
cloud-k3s-pool-workers-worker1,1,2026-06-06 08:09:08 UTC,15048212,15438724,188888,1.18,46248,596944,236476,1.48,209604,489880,196
cloud-k3s-pool-workers-worker1,1,2026-06-06 08:09:09 UTC,15048212,15438724,188888,1.18,46248,596944,236476,1.48,209604,489880,196
cloud-k3s-pool-workers-worker1,1,2026-06-06 08:09:10 UTC,15048212,15438724,188868,1.18,46248,596964,236476,1.48,209604,489880,172
cloud-k3s-pool-workers-worker1,1,2026-06-06 08:09:11 UTC,15048212,15438724,188856,1.18,46256,596968,236476,1.48,209604,489880,316
cloud-k3s-pool-workers-worker1,1,2026-06-06 08:09:12 UTC,15048212,15438784,188836,1.18,46256,596988,236476,1.48,209604,489940,344
cloud-k3s-pool-workers-worker1,1,2026-06-06 08:09:13 UTC,15048212,15438784,188836,1.18,46256,596988,236476,1.48,209604,489940,344
cloud-k3s-pool-workers-worker1,1,2026-06-06 08:09:14 UTC,15048212,15438784,188816,1.18,46256,597008,236476,1.48,209604,489940,364
cloud-k3s-pool-workers-worker1,1,2026-06-06 08:09:15 UTC,15048212,15438784,188808,1.18,46256,597016,236476,1.48,209604,489940,372
cloud-k3s-pool-workers-worker1,1,2026-06-06 08:09:16 UTC,15048212,15438784,188788,1.18,46264,597028,236476,1.48,209604,489940,396
cloud-k3s-pool-workers-worker1,1,2026-06-06 08:09:17 UTC,15048212,15438784,188780,1.18,46264,597036,236476,1.48,209604,489940,404
cloud-k3s-pool-workers-worker1,1,2026-06-06 08:09:18 UTC,15048212,15438844,188768,1.18,46264,597048,236476,1.48,209604,490000,272
cloud-k3s-pool-workers-worker1,1,2026-06-06 08:09:19 UTC,15048212,15438844,188768,1.18,46264,597048,236476,1.48,209604,490000,272
cloud-k3s-pool-workers-worker1,1,2026-06-06 08:09:20 UTC,15048212,15438844,188748,1.18,46264,597068,236476,1.48,209604,490000,288
cloud-k3s-pool-workers-worker1,1,2026-06-06 08:09:21 UTC,15048212,15438844,188728,1.18,46272,597076,236476,1.48,209604,490000,432
cloud-k3s-pool-workers-worker1,1,2026-06-06 08:09:22 UTC,15048212,15438844,188716,1.18,46272,597088,236476,1.48,209604,490000,444
cloud-k3s-pool-workers-worker1,1,2026-06-06 08:09:23 UTC,15048212,15438844,188708,1.18,46272,597096,236476,1.48,209604,490000,452
cloud-k3s-pool-workers-worker1,1,2026-06-06 08:09:24 UTC,15048212,15438904,188696,1.18,46272,597108,236476,1.48,209604,490060,332
cloud-k3s-pool-workers-worker1,1,2026-06-06 08:09:25 UTC,15048212,15438904,188684,1.18,46272,597120,236476,1.48,209604,490060,24
cloud-k3s-pool-workers-worker1,1,2026-06-06 08:09:26 UTC,15048212,15438904,188664,1.18,46284,597128,236476,1.48,209604,490060,184
cloud-k3s-pool-workers-worker1,1,2026-06-06 08:09:27 UTC,15048212,15438904,188652,1.18,46284,597140,236476,1.48,209604,490060,196
cloud-k3s-pool-workers-worker1,1,2026-06-06 08:09:28 UTC,15048212,15438904,188644,1.18,46284,597148,236476,1.48,209604,490060,204
cloud-k3s-pool-workers-worker1,1,2026-06-06 08:09:29 UTC,15048212,15438904,188644,1.18,46284,597148,236476,1.48,209604,490060,204
cloud-k3s-pool-workers-worker1,1,2026-06-06 08:09:30 UTC,15048212,15438964,188624,1.18,46284,597168,236476,1.48,209604,490120,220
cloud-k3s-pool-workers-worker1,1,2026-06-06 08:09:31 UTC,15048212,15438964,188604,1.18,46292,597180,236476,1.48,209604,490120,100
cloud-k3s-pool-workers-worker1,1,2026-06-06 08:09:32 UTC,15048212,15438964,188596,1.18,46292,597188,236476,1.48,209604,490120,112
cloud-k3s-pool-workers-worker1,1,2026-06-06 08:09:33 UTC,15048212,15438964,188596,1.18,46292,597188,236476,1.48,209604,490120,112
cloud-k3s-pool-workers-worker1,1,2026-06-06 08:09:34 UTC,15048212,15438964,188576,1.18,46292,597208,236476,1.48,209604,490120,132
cloud-k3s-pool-workers-worker1,1,2026-06-06 08:09:35 UTC,15048212,15438964,188564,1.18,46292,597220,236476,1.48,209604,490120,144
cloud-k3s-pool-workers-worker1,1,2026-06-06 08:09:36 UTC,15048212,15439028,188540,1.18,46300,597232,236476,1.48,209604,490180,288
cloud-k3s-pool-workers-worker1,1,2026-06-06 08:09:37 UTC,15048388,15439204,188356,1.18,46300,597240,236476,1.48,209604,490180,164
cloud-k3s-pool-workers-worker1,1,2026-06-06 08:09:38 UTC,15048388,15439204,188344,1.18,46300,597252,236476,1.48,209604,490180,176
cloud-k3s-pool-workers-worker1,1,2026-06-06 08:09:39 UTC,15048388,15439204,188344,1.18,46300,597252,236476,1.48,209604,490180,176
cloud-k3s-pool-workers-worker1,1,2026-06-06 08:09:40 UTC,15048388,15439204,188324,1.18,46300,597272,236476,1.48,209604,490180,196
cloud-k3s-pool-workers-worker1,1,2026-06-06 08:09:41 UTC,15048388,15439204,188308,1.18,46308,597280,236476,1.48,209604,490180,336
cloud-k3s-pool-workers-worker1,1,2026-06-06 08:09:42 UTC,15048388,15439264,188296,1.18,46308,597292,236476,1.48,209604,490240,348
cloud-k3s-pool-workers-worker1,1,2026-06-06 08:09:43 UTC,15048388,15439264,188288,1.18,46308,597300,236476,1.48,209604,490240,356
cloud-k3s-pool-workers-worker1,1,2026-06-06 08:09:44 UTC,15048388,15439264,188436,1.18,46308,597312,236476,1.48,209604,490240,332
cloud-k3s-pool-workers-worker1,1,2026-06-06 08:09:45 UTC,15048388,15439264,188428,1.18,46308,597320,236476,1.48,209604,490240,340
cloud-k3s-pool-workers-worker1,1,2026-06-06 08:09:46 UTC,15048388,15439324,188408,1.18,46316,597332,236476,1.48,209604,490300,376
cloud-k3s-pool-workers-worker1,1,2026-06-06 08:09:47 UTC,15048388,15439324,188400,1.18,46316,597340,236476,1.48,209604,490300,384
cloud-k3s-pool-workers-worker1,1,2026-06-06 08:09:48 UTC,15048388,15439384,188388,1.18,46316,597352,236476,1.48,209604,490360,252
cloud-k3s-pool-workers-worker1,1,2026-06-06 08:09:49 UTC,15048388,15439384,188388,1.18,46316,597352,236476,1.48,209604,490360,252
cloud-k3s-pool-workers-worker1,1,2026-06-06 08:09:50 UTC,15048388,15439384,188368,1.18,46316,597372,236476,1.48,209604,490360,272
cloud-k3s-pool-workers-worker1,1,2026-06-06 08:09:51 UTC,15048388,15439384,188344,1.18,46324,597384,236476,1.48,209604,490360,416
cloud-k3s-pool-workers-worker1,1,2026-06-06 08:09:52 UTC,15048388,15439384,188336,1.18,46324,597392,236476,1.48,209604,490360,424
cloud-k3s-pool-workers-worker1,1,2026-06-06 08:09:53 UTC,15048388,15439384,188336,1.18,46324,597392,236476,1.48,209604,490360,424
cloud-k3s-pool-workers-worker1,1,2026-06-06 08:09:54 UTC,15048388,15439484,188316,1.18,46324,597412,236476,1.48,209604,490460,312
cloud-k3s-pool-workers-worker1,1,2026-06-06 08:09:55 UTC,15048388,15439484,188304,1.18,46324,597424,236476,1.48,209604,490460,64
cloud-k3s-pool-workers-worker1,1,2026-06-06 08:09:56 UTC,15048388,15439488,188280,1.18,46336,597432,236476,1.48,209604,490460,40
cloud-k3s-pool-workers-worker1,1,2026-06-06 08:09:57 UTC,15048388,15439488,188268,1.18,46336,597444,236476,1.48,209604,490460,188
cloud-k3s-pool-workers-worker1,1,2026-06-06 08:09:58 UTC,15048388,15439488,188260,1.18,46336,597452,236476,1.48,209604,490460,196
cloud-k3s-pool-workers-worker1,1,2026-06-06 08:09:59 UTC,15048388,15439488,188248,1.18,46336,597464,236476,1.48,209604,490460,208
cloud-k3s-pool-workers-worker1,1,2026-06-06 08:10:00 UTC,15048388,15439548,188236,1.18,46336,597476,236476,1.48,209604,490520,220
cloud-k3s-pool-workers-worker1,1,2026-06-06 08:10:01 UTC,15048388,15439548,188220,1.18,46344,597484,236476,1.48,209604,490520,240
cloud-k3s-pool-workers-worker1,1,2026-06-06 08:10:02 UTC,15048388,15439556,188208,1.18,46344,597496,236476,1.48,209604,490528,144
cloud-k3s-pool-workers-worker1,1,2026-06-06 08:10:03 UTC,15048388,15439556,188200,1.18,46344,597504,236476,1.48,209604,490528,152
cloud-k3s-pool-workers-worker1,1,2026-06-06 08:10:04 UTC,15048388,15439556,188188,1.18,46344,597516,236476,1.48,209604,490528,120
cloud-k3s-pool-workers-worker1,1,2026-06-06 08:10:05 UTC,15048388,15439556,188180,1.18,46344,597524,236476,1.48,209604,490528,128
cloud-k3s-pool-workers-worker1,1,2026-06-06 08:10:06 UTC,15048388,15439616,188164,1.18,46352,597528,236476,1.48,209604,490588,272
cloud-k3s-pool-workers-worker1,1,2026-06-06 08:10:07 UTC,15048388,15439616,188156,1.18,46352,597536,236476,1.48,209604,490588,280
cloud-k3s-pool-workers-worker1,1,2026-06-06 08:10:08 UTC,15048388,15439616,188136,1.18,46352,597556,236476,1.48,209604,490588,168
cloud-k3s-pool-workers-worker1,1,2026-06-06 08:10:09 UTC,15048388,15439616,188136,1.18,46352,597556,236476,1.48,209604,490588,168
cloud-k3s-pool-workers-worker1,1,2026-06-06 08:10:10 UTC,15048136,15439364,188368,1.18,46352,597576,236476,1.48,209604,490588,188
cloud-k3s-pool-workers-worker1,1,2026-06-06 08:10:11 UTC,15048136,15439364,188360,1.18,46360,597576,236476,1.48,209604,490588,328
cloud-k3s-pool-workers-worker1,1,2026-06-06 08:10:12 UTC,15048136,15439424,188340,1.18,46360,597596,236476,1.48,209604,490648,340
cloud-k3s-pool-workers-worker1,1,2026-06-06 08:10:13 UTC,15048136,15439424,188340,1.18,46360,597596,236476,1.48,209604,490648,340
cloud-k3s-pool-workers-worker1,1,2026-06-06 08:10:14 UTC,15048136,15439424,188320,1.18,46360,597616,236476,1.48,209604,490648,360
cloud-k3s-pool-workers-worker1,1,2026-06-06 08:10:15 UTC,15048136,15439424,188308,1.18,46360,597628,236476,1.48,209604,490648,372
cloud-k3s-pool-workers-worker1,1,2026-06-06 08:10:16 UTC,15048136,15439424,188300,1.18,46368,597628,236476,1.48,209604,490648,392
cloud-k3s-pool-workers-worker1,1,2026-06-06 08:10:17 UTC,15048136,15439484,188288,1.18,46368,597640,237948,1.49,210644,490708,404
cloud-k3s-pool-workers-worker1,1,2026-06-06 08:10:18 UTC,15047896,15439300,188492,1.18,46368,597660,236476,1.48,209604,490756,400
cloud-k3s-pool-workers-worker1,1,2026-06-06 08:10:19 UTC,15047896,15439300,188480,1.18,46368,597672,236476,1.48,209604,490756,412
cloud-k3s-pool-workers-worker1,1,2026-06-06 08:10:20 UTC,15047896,15439300,188472,1.18,46368,597680,236476,1.48,209604,490756,420
cloud-k3s-pool-workers-worker1,1,2026-06-06 08:10:21 UTC,15047896,15439300,188460,1.18,46376,597684,236476,1.48,209604,490756,432
cloud-k3s-pool-workers-worker1,1,2026-06-06 08:10:22 UTC,15047896,15439300,188444,1.18,46376,597700,236476,1.48,209604,490756,304
cloud-k3s-pool-workers-worker1,1,2026-06-06 08:10:23 UTC,15047644,15439108,188684,1.18,46376,597712,236476,1.48,209604,490816,308
cloud-k3s-pool-workers-worker1,1,2026-06-06 08:10:24 UTC,15047644,15439108,188676,1.18,46376,597724,239452,1.50,210732,490816,320
cloud-k3s-pool-workers-worker1,1,2026-06-06 08:10:25 UTC,15047644,15439108,188672,1.18,46376,597724,239660,1.50,210980,490816,320
cloud-k3s-pool-workers-worker1,1,2026-06-06 08:10:26 UTC,15047644,15439108,188652,1.18,46388,597732,239660,1.50,211180,490816,208
cloud-k3s-pool-workers-worker1,1,2026-06-06 08:10:27 UTC,15047644,15439108,188640,1.18,46388,597744,239660,1.50,211180,490816,252
cloud-k3s-pool-workers-worker1,1,2026-06-06 08:10:28 UTC,15047644,15439112,188620,1.18,46388,597768,236476,1.48,209588,490820,304
cloud-k3s-pool-workers-worker1,1,2026-06-06 08:10:29 UTC,15047644,15439112,188620,1.18,46388,597768,236476,1.48,209588,490820,304
cloud-k3s-pool-workers-worker1,1,2026-06-06 08:10:30 UTC,15047644,15439172,188600,1.18,46388,597788,236476,1.48,209588,490880,100
cloud-k3s-pool-workers-worker1,1,2026-06-06 08:10:31 UTC,15047644,15439172,188580,1.18,46396,597800,236476,1.48,209588,490880,256
cloud-k3s-pool-workers-worker1,1,2026-06-06 08:10:32 UTC,15047644,15439172,188568,1.18,46396,597812,236476,1.48,209588,490880,268
cloud-k3s-pool-workers-worker1,1,2026-06-06 08:10:33 UTC,15047644,15439172,188568,1.18,46396,597812,236476,1.48,209588,490880,268
cloud-k3s-pool-workers-worker1,1,2026-06-06 08:10:34 UTC,15047644,15439172,188548,1.18,46396,597832,236476,1.48,209588,490880,280
cloud-k3s-pool-workers-worker1,1,2026-06-06 08:10:35 UTC,15047644,15439232,188540,1.18,46396,597840,236476,1.48,209588,490940,288
cloud-k3s-pool-workers-worker1,1,2026-06-06 08:10:36 UTC,15047644,15439244,188528,1.18,46404,597844,236476,1.48,209588,490952,152
cloud-k3s-pool-workers-worker1,1,2026-06-06 08:10:37 UTC,15047896,15439508,188256,1.18,46404,597864,236476,1.48,209588,490964,340
cloud-k3s-pool-workers-worker1,1,2026-06-06 08:10:38 UTC,15047896,15439508,188248,1.18,46404,597872,236476,1.48,209588,490964,348
cloud-k3s-pool-workers-worker1,1,2026-06-06 08:10:39 UTC,15047896,15439508,188236,1.18,46404,597884,236476,1.48,209588,490964,360
cloud-k3s-pool-workers-worker1,1,2026-06-06 08:10:40 UTC,15047896,15439508,188236,1.18,46404,597884,236476,1.48,209588,490964,360
cloud-k3s-pool-workers-worker1,1,2026-06-06 08:10:41 UTC,15047896,15439508,188216,1.18,46404,597904,236476,1.48,209588,490964,440
cloud-k3s-pool-workers-worker1,1,2026-06-06 08:10:42 UTC,15047896,15439508,188208,1.18,46412,597904,236476,1.48,209588,490964,448
cloud-k3s-pool-workers-worker1,1,2026-06-06 08:10:43 UTC,15047896,15439568,188196,1.18,46412,597916,236476,1.48,209588,491024,460
cloud-k3s-pool-workers-worker1,1,2026-06-06 08:10:44 UTC,15047896,15439568,188180,1.18,46412,597932,236476,1.48,209588,491024,248
cloud-k3s-pool-workers-worker1,1,2026-06-06 08:10:45 UTC,15047896,15439568,188168,1.18,46412,597944,236476,1.48,209588,491024,260
cloud-k3s-pool-workers-worker1,1,2026-06-06 08:10:46 UTC,15047896,15439568,188160,1.18,46412,597952,236476,1.48,209588,491024,268
cloud-k3s-pool-workers-worker1,1,2026-06-06 08:10:47 UTC,15047896,15439568,188148,1.18,46420,597956,236476,1.48,209588,491024,280
cloud-k3s-pool-workers-worker1,1,2026-06-06 08:10:48 UTC,15047896,15439568,188128,1.18,46420,597976,236476,1.48,209588,491024,428
cloud-k3s-pool-workers-worker1,1,2026-06-06 08:10:49 UTC,15047896,15439628,188120,1.18,46420,597984,236476,1.48,209588,491084,436
cloud-k3s-pool-workers-worker1,1,2026-06-06 08:10:50 UTC,15047896,15439628,188108,1.18,46420,597996,236476,1.48,209588,491084,448
cloud-k3s-pool-workers-worker1,1,2026-06-06 08:10:51 UTC,15047896,15439628,188100,1.18,46420,598004,236476,1.48,209588,491084,468
cloud-k3s-pool-workers-worker1,1,2026-06-06 08:10:52 UTC,15047896,15439628,188100,1.18,46420,598004,236476,1.48,209588,491084,468
cloud-k3s-pool-workers-worker1,1,2026-06-06 08:10:53 UTC,15047896,15439628,188100,1.18,46428,597996,236476,1.48,209588,491084,468
cloud-k3s-pool-workers-worker1,1,2026-06-06 08:10:54 UTC,15047896,15439688,188060,1.18,46428,598036,236476,1.48,209588,491144,312
cloud-k3s-pool-workers-worker1,1,2026-06-06 08:10:55 UTC,15047896,15439748,188052,1.18,46428,598044,236476,1.48,209588,491204,320
cloud-k3s-pool-workers-worker1,1,2026-06-06 08:10:56 UTC,15047644,15439496,188292,1.18,46428,598056,236476,1.48,209588,491204,332
cloud-k3s-pool-workers-worker1,1,2026-06-06 08:10:57 UTC,15047644,15439496,188284,1.18,46428,598064,236476,1.48,209588,491204,80
cloud-k3s-pool-workers-worker1,1,2026-06-06 08:10:58 UTC,15047644,15439496,188272,1.18,46428,598076,236476,1.48,209588,491204,36
cloud-k3s-pool-workers-worker1,1,2026-06-06 08:10:59 UTC,15047644,15439496,188264,1.18,46440,598072,236476,1.48,209588,491204,44
cloud-k3s-pool-workers-worker1,1,2026-06-06 08:11:00 UTC,15047644,15439496,188240,1.18,46440,598096,236476,1.48,209588,491204,72
cloud-k3s-pool-workers-worker1,1,2026-06-06 08:11:01 UTC,15047644,15439556,188228,1.18,46440,598108,236476,1.48,209588,491264,84
cloud-k3s-pool-workers-worker1,1,2026-06-06 08:11:02 UTC,15047904,15439816,187968,1.18,46440,598108,236476,1.48,209588,491264,84
cloud-k3s-pool-workers-worker1,1,2026-06-06 08:11:03 UTC,15047904,15439816,187968,1.18,46440,598108,236476,1.48,209588,491264,84
cloud-k3s-pool-workers-worker1,1,2026-06-06 08:11:04 UTC,15047972,15439888,187868,1.18,46440,598136,236476,1.48,209588,491264,248
cloud-k3s-pool-workers-worker1,1,2026-06-06 08:11:05 UTC,15047972,15439888,187856,1.18,46448,598140,236476,1.48,209588,491264,260
cloud-k3s-pool-workers-worker1,1,2026-06-06 08:11:06 UTC,15047748,15440160,187556,1.17,46904,598156,236476,1.48,209596,491740,268
cloud-k3s-pool-workers-worker1,1,2026-06-06 08:11:07 UTC,15047748,15440220,187544,1.17,46904,598168,236476,1.48,209596,491800,280
cloud-k3s-pool-workers-worker1,1,2026-06-06 08:11:08 UTC,15047748,15440220,187548,1.17,46904,598176,236476,1.48,209556,491804,148
cloud-k3s-pool-workers-worker1,1,2026-06-06 08:11:09 UTC,15047748,15440220,187536,1.17,46904,598188,236476,1.48,209556,491804,160
cloud-k3s-pool-workers-worker1,1,2026-06-06 08:11:10 UTC,15047748,15440220,187528,1.17,46904,598196,236476,1.48,209556,491804,168
cloud-k3s-pool-workers-worker1,1,2026-06-06 08:11:11 UTC,15047748,15440220,187516,1.17,46916,598196,236476,1.48,209556,491804,180
cloud-k3s-pool-workers-worker1,1,2026-06-06 08:11:12 UTC,15047748,15440220,187492,1.17,46916,598220,236476,1.48,209556,491804,280
cloud-k3s-pool-workers-worker1,1,2026-06-06 08:11:13 UTC,15047748,15440220,187492,1.17,46916,598220,236476,1.48,209556,491804,280
cloud-k3s-pool-workers-worker1,1,2026-06-06 08:11:14 UTC,15048000,15440532,187220,1.17,46916,598240,236476,1.48,209556,491864,300
cloud-k3s-pool-workers-worker1,1,2026-06-06 08:11:15 UTC,15048000,15440532,187212,1.17,46916,598248,236476,1.48,209556,491864,308
cloud-k3s-pool-workers-worker1,1,2026-06-06 08:11:16 UTC,15048000,15440532,187200,1.17,46924,598252,236476,1.48,209556,491864,320
cloud-k3s-pool-workers-worker1,1,2026-06-06 08:11:17 UTC,15048000,15440532,187200,1.17,46924,598252,236476,1.48,209556,491864,320
cloud-k3s-pool-workers-worker1,1,2026-06-06 08:11:18 UTC,15048000,15440532,187172,1.17,46924,598280,236476,1.48,209556,491864,476
cloud-k3s-pool-workers-worker1,1,2026-06-06 08:11:19 UTC,15048000,15440592,187164,1.17,46924,598288,236476,1.48,209556,491924,484
cloud-k3s-pool-workers-worker1,1,2026-06-06 08:11:20 UTC,15048000,15440596,187148,1.17,46924,598300,236476,1.48,209556,491924,496
cloud-k3s-pool-workers-worker1,1,2026-06-06 08:11:21 UTC,15048000,15440596,187148,1.17,46932,598292,236476,1.48,209556,491924,496
cloud-k3s-pool-workers-worker1,1,2026-06-06 08:11:22 UTC,15048000,15440596,187120,1.17,46932,598320,236476,1.48,209604,491924,380
cloud-k3s-pool-workers-worker1,1,2026-06-06 08:11:23 UTC,15048000,15440644,187108,1.17,46932,598332,236476,1.48,209604,491972,276
cloud-k3s-pool-workers-worker1,1,2026-06-06 08:11:24 UTC,15048000,15440644,187100,1.17,46932,598340,236476,1.48,209604,491972,284
cloud-k3s-pool-workers-worker1,1,2026-06-06 08:11:25 UTC,15048000,15440644,187100,1.17,46932,598340,236476,1.48,209604,491972,284
cloud-k3s-pool-workers-worker1,1,2026-06-06 08:11:26 UTC,15047496,15440140,187584,1.17,46940,598352,236476,1.48,209604,491972,304
cloud-k3s-pool-workers-worker1,1,2026-06-06 08:11:27 UTC,15047496,15440180,187572,1.17,46940,598364,236476,1.48,209604,492012,180
cloud-k3s-pool-workers-worker1,1,2026-06-06 08:11:28 UTC,15047496,15440188,187556,1.17,46940,598380,236476,1.48,209604,492020,20
cloud-k3s-pool-workers-worker1,1,2026-06-06 08:11:29 UTC,15046488,15439180,188564,1.18,46940,598380,236476,1.48,209604,492020,20
cloud-k3s-pool-workers-worker1,1,2026-06-06 08:11:30 UTC,15046780,15439472,188252,1.18,46940,598400,236476,1.48,209604,492020,44
cloud-k3s-pool-workers-worker1,1,2026-06-06 08:11:31 UTC,15046780,15439472,188240,1.18,46952,598400,236476,1.48,209604,492020,56
cloud-k3s-pool-workers-worker1,1,2026-06-06 08:11:32 UTC,15046780,15439472,188220,1.18,46952,598420,236476,1.48,209604,492020,212
cloud-k3s-pool-workers-worker1,1,2026-06-06 08:11:33 UTC,15046780,15439472,188220,1.18,46952,598420,236476,1.48,209604,492020,212
cloud-k3s-pool-workers-worker1,1,2026-06-06 08:11:34 UTC,15046780,15439532,188200,1.18,46952,598440,236476,1.48,209604,492080,232
cloud-k3s-pool-workers-worker1,1,2026-06-06 08:11:35 UTC,15046780,15439532,188184,1.18,46952,598452,236476,1.48,209604,492080,244
cloud-k3s-pool-workers-worker1,1,2026-06-06 08:11:36 UTC,15046780,15439532,188172,1.18,46960,598456,236476,1.48,209604,492080,256
cloud-k3s-pool-workers-worker1,1,2026-06-06 08:11:37 UTC,15046780,15439532,188172,1.18,46960,598456,236476,1.48,209604,492080,256
cloud-k3s-pool-workers-worker1,1,2026-06-06 08:11:38 UTC,15046780,15439592,188128,1.18,46976,598484,236476,1.48,209604,492140,148
cloud-k3s-pool-workers-worker1,1,2026-06-06 08:11:39 UTC,15047040,15439852,187860,1.18,46976,598492,236476,1.48,209604,492140,156
cloud-k3s-pool-workers-worker1,1,2026-06-06 08:11:40 UTC,15047260,15440132,187628,1.17,46976,598504,236476,1.48,209604,492200,168
cloud-k3s-pool-workers-worker1,1,2026-06-06 08:11:41 UTC,15047260,15440132,187620,1.17,46984,598504,236476,1.48,209604,492200,176
cloud-k3s-pool-workers-worker1,1,2026-06-06 08:11:42 UTC,15047260,15440132,187600,1.17,46984,598524,236476,1.48,209604,492200,320
cloud-k3s-pool-workers-worker1,1,2026-06-06 08:11:43 UTC,15047260,15440132,187592,1.17,46984,598532,236476,1.48,209604,492200,192
cloud-k3s-pool-workers-worker1,1,2026-06-06 08:11:44 UTC,15047260,15440132,187580,1.17,46984,598544,236476,1.48,209604,492200,204
cloud-k3s-pool-workers-worker1,1,2026-06-06 08:11:45 UTC,15047260,15440132,187580,1.17,46984,598544,236476,1.48,209604,492200,204
cloud-k3s-pool-workers-worker1,1,2026-06-06 08:11:46 UTC,15047260,15440192,187560,1.17,46984,598564,236476,1.48,209604,492260,368
cloud-k3s-pool-workers-worker1,1,2026-06-06 08:11:47 UTC,15047260,15440192,187548,1.17,46992,598568,236476,1.48,209604,492260,380
cloud-k3s-pool-workers-worker1,1,2026-06-06 08:11:48 UTC,15047260,15440192,187532,1.17,46992,598584,236476,1.48,209604,492260,388
cloud-k3s-pool-workers-worker1,1,2026-06-06 08:11:49 UTC,15047260,15440192,187520,1.17,46992,598596,236476,1.48,209604,492260,400
cloud-k3s-pool-workers-worker1,1,2026-06-06 08:11:50 UTC,15047260,15440196,187508,1.17,46992,598604,199852,1.25,206484,492260,408
cloud-k3s-pool-workers-worker1,1,2026-06-06 08:11:51 UTC,15047260,15440224,187628,1.17,46992,598612,199852,1.25,206604,492288,516
cloud-k3s-pool-workers-worker1,1,2026-06-06 08:11:52 UTC,15047260,15440284,187612,1.17,47000,598620,199852,1.25,206604,492348,288
cloud-k3s-pool-workers-worker1,1,2026-06-06 08:11:53 UTC,15047260,15440284,187600,1.17,47000,598632,199852,1.25,206604,492348,300
cloud-k3s-pool-workers-worker1,1,2026-06-06 08:11:54 UTC,15047008,15440032,187844,1.18,47000,598640,199852,1.25,206604,492348,308
cloud-k3s-pool-workers-worker1,1,2026-06-06 08:11:55 UTC,15047008,15440032,187844,1.18,47000,598640,199852,1.25,206604,492348,308
cloud-k3s-pool-workers-worker1,1,2026-06-06 08:11:56 UTC,15047008,15440032,187824,1.18,47000,598660,199852,1.25,206604,492348,328
cloud-k3s-pool-workers-worker1,1,2026-06-06 08:11:57 UTC,15047008,15440032,187812,1.18,47000,598672,199852,1.25,206604,492348,340
cloud-k3s-pool-workers-worker1,1,2026-06-06 08:11:58 UTC,15047008,15440092,187796,1.17,47008,598680,199852,1.25,206604,492408,16
cloud-k3s-pool-workers-worker1,1,2026-06-06 08:11:59 UTC,15047008,15440092,187784,1.17,47008,598692,199852,1.25,206604,492408,32
cloud-k3s-pool-workers-worker1,1,2026-06-06 08:12:00 UTC,15047008,15440092,187772,1.17,47008,598704,199852,1.25,206604,492408,44
cloud-k3s-pool-workers-worker1,1,2026-06-06 08:12:01 UTC,15047008,15440092,187772,1.17,47008,598704,199852,1.25,206604,492408,44
cloud-k3s-pool-workers-worker1,1,2026-06-06 08:12:02 UTC,15047008,15440092,187752,1.17,47008,598724,199852,1.25,206604,492408,204
cloud-k3s-pool-workers-worker1,1,2026-06-06 08:12:03 UTC,15047008,15440092,187744,1.17,47020,598720,199852,1.25,206604,492408,212
cloud-k3s-pool-workers-worker1,1,2026-06-06 08:12:04 UTC,15047008,15440152,187716,1.17,47020,598744,199852,1.25,206604,492468,240
cloud-k3s-pool-workers-worker1,1,2026-06-06 08:12:05 UTC,15047008,15440152,187708,1.17,47020,598752,199852,1.25,206604,492468,248
cloud-k3s-pool-workers-worker1,1,2026-06-06 08:12:06 UTC,15047008,15440156,187692,1.17,47020,598764,199852,1.25,206604,492468,104
cloud-k3s-pool-workers-worker1,1,2026-06-06 08:12:07 UTC,15047008,15440156,187684,1.17,47020,598772,199852,1.25,206604,492468,128
cloud-k3s-pool-workers-worker1,1,2026-06-06 08:12:08 UTC,15047008,15440156,187672,1.17,47020,598784,199852,1.25,206604,492468,140
cloud-k3s-pool-workers-worker1,1,2026-06-06 08:12:09 UTC,15047008,15440156,187656,1.17,47028,598792,199852,1.25,206604,492468,148
cloud-k3s-pool-workers-worker1,1,2026-06-06 08:12:10 UTC,15047008,15440216,187644,1.17,47028,598804,199852,1.25,206604,492528,160
cloud-k3s-pool-workers-worker1,1,2026-06-06 08:12:11 UTC,15047008,15440216,187632,1.17,47028,598816,199852,1.25,206604,492528,172
cloud-k3s-pool-workers-worker1,1,2026-06-06 08:12:12 UTC,15047008,15440216,187624,1.17,47028,598824,199852,1.25,206604,492528,316
cloud-k3s-pool-workers-worker1,1,2026-06-06 08:12:13 UTC,15047008,15440216,187612,1.17,47028,598836,199852,1.25,206604,492528,192
cloud-k3s-pool-workers-worker1,1,2026-06-06 08:12:14 UTC,15047008,15440216,187604,1.17,47028,598844,199852,1.25,206604,492528,200
cloud-k3s-pool-workers-worker1,1,2026-06-06 08:12:15 UTC,15047008,15440216,187604,1.17,47036,598836,199852,1.25,206604,492528,200
cloud-k3s-pool-workers-worker1,1,2026-06-06 08:12:16 UTC,15046836,15440044,187716,1.17,47036,598864,199852,1.25,206604,492528,220
cloud-k3s-pool-workers-worker1,1,2026-06-06 08:12:17 UTC,15046836,15440044,187704,1.17,47036,598876,199852,1.25,206604,492528,232
cloud-k3s-pool-workers-worker1,1,2026-06-06 08:12:18 UTC,15046836,15440044,187696,1.17,47036,598884,199852,1.25,206604,492528,372
cloud-k3s-pool-workers-worker1,1,2026-06-06 08:12:19 UTC,15046836,15440044,187684,1.17,47036,598896,199852,1.25,206604,492528,384
cloud-k3s-pool-workers-worker1,1,2026-06-06 08:12:20 UTC,15046836,15440104,187676,1.17,47036,598904,199852,1.25,206604,492588,392
cloud-k3s-pool-workers-worker1,1,2026-06-06 08:12:21 UTC,15046836,15440104,187664,1.17,47044,598908,199852,1.25,206604,492588,408
cloud-k3s-pool-workers-worker1,1,2026-06-06 08:12:22 UTC,15046836,15440104,187648,1.17,47044,598924,199852,1.25,206604,492588,280
cloud-k3s-pool-workers-worker1,1,2026-06-06 08:12:23 UTC,15046836,15440104,187636,1.17,47044,598936,199852,1.25,206604,492588,292
cloud-k3s-pool-workers-worker1,1,2026-06-06 08:12:24 UTC,15046836,15440104,187624,1.17,47044,598948,199852,1.25,206604,492588,304
cloud-k3s-pool-workers-worker1,1,2026-06-06 08:12:25 UTC,15046836,15440104,187624,1.17,47044,598948,199852,1.25,206604,492588,304
cloud-k3s-pool-workers-worker1,1,2026-06-06 08:12:26 UTC,15046648,15440036,187784,1.17,47052,598968,199852,1.25,206604,492708,468
cloud-k3s-pool-workers-worker1,1,2026-06-06 08:12:27 UTC,15046648,15440036,187776,1.17,47052,598976,199852,1.25,206604,492708,332
cloud-k3s-pool-workers-worker1,1,2026-06-06 08:12:28 UTC,15046900,15440288,187512,1.17,47052,598988,199852,1.25,206604,492708,344
cloud-k3s-pool-workers-worker1,1,2026-06-06 08:12:29 UTC,15046900,15440288,187512,1.17,47052,598988,199852,1.25,206604,492708,84
cloud-k3s-pool-workers-worker1,1,2026-06-06 08:12:30 UTC,15046900,15440320,187492,1.17,47052,599008,199852,1.25,206604,492740,20
cloud-k3s-pool-workers-worker1,1,2026-06-06 08:12:31 UTC,15046900,15440320,187484,1.17,47064,599004,199852,1.25,206604,492740,28
cloud-k3s-pool-workers-worker1,1,2026-06-06 08:12:32 UTC,15046900,15440320,187460,1.17,47064,599028,199852,1.25,206604,492740,204
cloud-k3s-pool-workers-worker1,1,2026-06-06 08:12:33 UTC,15046900,15440320,187460,1.17,47064,599028,199852,1.25,206604,492740,204
cloud-k3s-pool-workers-worker1,1,2026-06-06 08:12:34 UTC,15046900,15440320,187440,1.17,47064,599048,199852,1.25,206604,492740,224
cloud-k3s-pool-workers-worker1,1,2026-06-06 08:12:35 UTC,15046900,15440380,187428,1.17,47064,599060,199852,1.25,206604,492800,236
cloud-k3s-pool-workers-worker1,1,2026-06-06 08:12:36 UTC,15046900,15440380,187420,1.17,47072,599060,199852,1.25,206604,492800,244
cloud-k3s-pool-workers-worker1,1,2026-06-06 08:12:37 UTC,15046900,15440380,187400,1.17,47072,599080,199852,1.25,206604,492800,120
cloud-k3s-pool-workers-worker1,1,2026-06-06 08:12:38 UTC,15046900,15440380,187392,1.17,47072,599088,199852,1.25,206604,492800,128
cloud-k3s-pool-workers-worker1,1,2026-06-06 08:12:39 UTC,15046900,15440380,187380,1.17,47072,599100,199852,1.25,206604,492800,140
cloud-k3s-pool-workers-worker1,1,2026-06-06 08:12:40 UTC,15046900,15440380,187372,1.17,47072,599108,199852,1.25,206604,492800,148
cloud-k3s-pool-workers-worker1,1,2026-06-06 08:12:41 UTC,15046900,15440440,187360,1.17,47080,599112,199852,1.25,206604,492860,160
cloud-k3s-pool-workers-worker1,1,2026-06-06 08:12:42 UTC,15046900,15440440,187344,1.17,47080,599128,199852,1.25,206604,492860,168
cloud-k3s-pool-workers-worker1,1,2026-06-06 08:12:43 UTC,15046900,15440440,187332,1.17,47080,599140,199852,1.25,206604,492860,180
cloud-k3s-pool-workers-worker1,1,2026-06-06 08:12:44 UTC,15046900,15440440,187324,1.17,47080,599148,199852,1.25,206604,492860,188
cloud-k3s-pool-workers-worker1,1,2026-06-06 08:12:45 UTC,15046900,15440440,187312,1.17,47080,599160,199852,1.25,206604,492860,200
cloud-k3s-pool-workers-worker1,1,2026-06-06 08:12:46 UTC,15046900,15440440,187304,1.17,47088,599160,199852,1.25,206604,492860,208
cloud-k3s-pool-workers-worker1,1,2026-06-06 08:12:47 UTC,15046900,15440500,187292,1.17,47088,599172,199852,1.25,206604,492920,220
cloud-k3s-pool-workers-worker1,1,2026-06-06 08:12:48 UTC,15046484,15440084,187688,1.17,47088,599192,199852,1.25,206604,492920,364
cloud-k3s-pool-workers-worker1,1,2026-06-06 08:12:49 UTC,15046484,15440084,187680,1.17,47088,599200,199852,1.25,206604,492920,372
cloud-k3s-pool-workers-worker1,1,2026-06-06 08:12:50 UTC,15046484,15440084,187668,1.17,47088,599212,199852,1.25,206604,492920,384
cloud-k3s-pool-workers-worker1,1,2026-06-06 08:12:51 UTC,15046484,15440084,187660,1.17,47096,599212,199852,1.25,206604,492920,392
cloud-k3s-pool-workers-worker1,1,2026-06-06 08:12:52 UTC,15046484,15440084,187636,1.17,47096,599236,199852,1.25,206604,492920,272
cloud-k3s-pool-workers-worker1,1,2026-06-06 08:12:53 UTC,15046484,15440084,187636,1.17,47096,599236,199852,1.25,206604,492920,272
cloud-k3s-pool-workers-worker1,1,2026-06-06 08:12:54 UTC,15046484,15440144,187612,1.17,47096,599256,199852,1.25,206604,492980,292
cloud-k3s-pool-workers-worker1,1,2026-06-06 08:12:55 UTC,15046484,15440144,187604,1.17,47096,599264,199852,1.25,206604,492980,300
cloud-k3s-pool-workers-worker1,1,2026-06-06 08:12:56 UTC,15046736,15440396,187340,1.17,47104,599268,199852,1.25,206604,492980,316
cloud-k3s-pool-workers-worker1,1,2026-06-06 08:12:57 UTC,15046736,15440396,187340,1.17,47104,599268,199852,1.25,206604,492980,316
cloud-k3s-pool-workers-worker1,1,2026-06-06 08:12:58 UTC,15046736,15440396,187312,1.17,47104,599296,199852,1.25,206604,492980,340
cloud-k3s-pool-workers-worker1,1,2026-06-06 08:12:59 UTC,15046736,15440456,187300,1.17,47104,599308,199852,1.25,206604,493040,352
cloud-k3s-pool-workers-worker1,1,2026-06-06 08:13:00 UTC,15046736,15440456,187292,1.17,47104,599316,199852,1.25,206604,493040,40
cloud-k3s-pool-workers-worker1,1,2026-06-06 08:13:01 UTC,15046736,15440456,187280,1.17,47116,599316,199852,1.25,206604,493040,56
cloud-k3s-pool-workers-worker1,1,2026-06-06 08:13:02 UTC,15046736,15440516,187260,1.17,47116,599336,199852,1.25,206604,493100,164
cloud-k3s-pool-workers-worker1,1,2026-06-06 08:13:03 UTC,15046736,15440516,187248,1.17,47116,599348,199852,1.25,206604,493100,176
cloud-k3s-pool-workers-worker1,1,2026-06-06 08:13:04 UTC,15046736,15440516,187240,1.17,47116,599356,199852,1.25,206604,493100,184
cloud-k3s-pool-workers-worker1,1,2026-06-06 08:13:05 UTC,15046736,15440516,187240,1.17,47116,599356,199852,1.25,206604,493100,184
cloud-k3s-pool-workers-worker1,1,2026-06-06 08:13:06 UTC,15046736,15440576,187212,1.17,47124,599376,199852,1.25,206604,493160,228
cloud-k3s-pool-workers-worker1,1,2026-06-06 08:13:07 UTC,15046736,15440576,187200,1.17,47124,599388,199852,1.25,206604,493160,240
cloud-k3s-pool-workers-worker1,1,2026-06-06 08:13:08 UTC,15046736,15440580,187192,1.17,47124,599396,199852,1.25,206604,493164,100
cloud-k3s-pool-workers-worker1,1,2026-06-06 08:13:09 UTC,15046736,15440584,187176,1.17,47124,599408,199852,1.25,206604,493164,112
cloud-k3s-pool-workers-worker1,1,2026-06-06 08:13:10 UTC,15046736,15440644,187164,1.17,47124,599420,199852,1.25,206604,493224,124
cloud-k3s-pool-workers-worker1,1,2026-06-06 08:13:11 UTC,15046736,15440644,187156,1.17,47132,599420,199852,1.25,206604,493224,132
cloud-k3s-pool-workers-worker1,1,2026-06-06 08:13:12 UTC,15046736,15440644,187136,1.17,47132,599440,199852,1.25,206604,493224,144
cloud-k3s-pool-workers-worker1,1,2026-06-06 08:13:13 UTC,15046736,15440644,187128,1.17,47132,599448,199852,1.25,206604,493224,152
cloud-k3s-pool-workers-worker1,1,2026-06-06 08:13:14 UTC,15046736,15440644,187116,1.17,47132,599460,199852,1.25,206604,493224,164
cloud-k3s-pool-workers-worker1,1,2026-06-06 08:13:15 UTC,15046736,15440644,187108,1.17,47132,599468,199852,1.25,206604,493224,172
cloud-k3s-pool-workers-worker1,1,2026-06-06 08:13:16 UTC,15046736,15440704,187096,1.17,47140,599472,199852,1.25,206604,493284,184
cloud-k3s-pool-workers-worker1,1,2026-06-06 08:13:17 UTC,15046736,15440704,187080,1.17,47140,599488,199852,1.25,206604,493284,316
cloud-k3s-pool-workers-worker1,1,2026-06-06 08:13:18 UTC,15046736,15440704,187068,1.17,47140,599500,199852,1.25,206604,493284,328
cloud-k3s-pool-workers-worker1,1,2026-06-06 08:13:19 UTC,15046736,15440704,187068,1.17,47140,599500,199852,1.25,206604,493284,328
cloud-k3s-pool-workers-worker1,1,2026-06-06 08:13:20 UTC,15046736,15440704,187048,1.17,47140,599520,199852,1.25,206604,493284,348
cloud-k3s-pool-workers-worker1,1,2026-06-06 08:13:21 UTC,15046736,15440704,187040,1.17,47148,599520,199852,1.25,206604,493284,356
cloud-k3s-pool-workers-worker1,1,2026-06-06 08:13:22 UTC,15046988,15441016,186768,1.17,47148,599540,199852,1.25,206604,493344,244
cloud-k3s-pool-workers-worker1,1,2026-06-06 08:13:23 UTC,15046988,15441016,186756,1.17,47148,599552,199852,1.25,206604,493344,256
cloud-k3s-pool-workers-worker1,1,2026-06-06 08:13:24 UTC,15046988,15441016,186748,1.17,47148,599560,199852,1.25,206604,493344,264
cloud-k3s-pool-workers-worker1,1,2026-06-06 08:13:25 UTC,15046988,15441016,186732,1.17,47148,599572,199852,1.25,206604,493344,276
cloud-k3s-pool-workers-worker1,1,2026-06-06 08:13:26 UTC,15046988,15441016,186732,1.17,47156,599564,199852,1.25,206604,493344,276
cloud-k3s-pool-workers-worker1,1,2026-06-06 08:13:27 UTC,15046988,15441016,186704,1.17,47156,599592,199852,1.25,206604,493344,420
cloud-k3s-pool-workers-worker1,1,2026-06-06 08:13:28 UTC,15046988,15441076,186696,1.17,47156,599600,199852,1.25,206604,493404,428
cloud-k3s-pool-workers-worker1,1,2026-06-06 08:13:29 UTC,15046988,15441076,186684,1.17,47156,599612,199852,1.25,206604,493404,440
cloud-k3s-pool-workers-worker1,1,2026-06-06 08:13:30 UTC,15046988,15441076,186684,1.17,47156,599612,199852,1.25,206604,493404,180
cloud-k3s-pool-workers-worker1,1,2026-06-06 08:13:31 UTC,15046988,15441076,186684,1.17,47168,599600,199852,1.25,206604,493404,180
cloud-k3s-pool-workers-worker1,1,2026-06-06 08:13:32 UTC,15046988,15441184,186640,1.17,47168,599640,199852,1.25,206608,493508,52
cloud-k3s-pool-workers-worker1,1,2026-06-06 08:13:33 UTC,15046988,15441184,186628,1.17,47168,599652,199852,1.25,206608,493508,64
cloud-k3s-pool-workers-worker1,1,2026-06-06 08:13:34 UTC,15046988,15441244,186616,1.17,47168,599664,199852,1.25,206608,493568,76
cloud-k3s-pool-workers-worker1,1,2026-06-06 08:13:35 UTC,15046988,15441244,186608,1.17,47168,599672,199852,1.25,206608,493568,84
cloud-k3s-pool-workers-worker1,1,2026-06-06 08:13:36 UTC,15046988,15441244,186596,1.17,47176,599676,199852,1.25,206608,493568,96
cloud-k3s-pool-workers-worker1,1,2026-06-06 08:13:37 UTC,15046736,15441000,186832,1.17,47176,599692,202704,1.27,207960,493576,80
cloud-k3s-pool-workers-worker1,1,2026-06-06 08:13:38 UTC,15046736,15441000,186820,1.17,47176,599704,203040,1.27,208220,493576,224
cloud-k3s-pool-workers-worker1,1,2026-06-06 08:13:39 UTC,15045728,15439992,187828,1.18,47176,599704,203040,1.27,208220,493576,228
cloud-k3s-pool-workers-worker1,1,2026-06-06 08:13:40 UTC,15045776,15440100,187768,1.17,47176,599724,199852,1.25,206596,493636,280
cloud-k3s-pool-workers-worker1,1,2026-06-06 08:13:41 UTC,15045776,15440100,187752,1.17,47184,599732,199852,1.25,206596,493636,380
cloud-k3s-pool-workers-worker1,1,2026-06-06 08:13:42 UTC,15045776,15440100,187740,1.17,47184,599744,199852,1.25,206596,493636,392
cloud-k3s-pool-workers-worker1,1,2026-06-06 08:13:43 UTC,15045776,15440100,187732,1.17,47184,599752,199852,1.25,206596,493636,400
cloud-k3s-pool-workers-worker1,1,2026-06-06 08:13:44 UTC,15045776,15440100,187720,1.17,47184,599764,199852,1.25,206596,493636,184
cloud-k3s-pool-workers-worker1,1,2026-06-06 08:13:45 UTC,15045776,15440100,187712,1.17,47184,599772,199852,1.25,206596,493636,188
cloud-k3s-pool-workers-worker1,1,2026-06-06 08:13:46 UTC,15045776,15440160,187700,1.17,47184,599784,199852,1.25,206596,493696,340
cloud-k3s-pool-workers-worker1,1,2026-06-06 08:13:47 UTC,15045776,15440160,187688,1.17,47192,599788,199852,1.25,206596,493696,352
cloud-k3s-pool-workers-worker1,1,2026-06-06 08:13:48 UTC,15046068,15440452,187380,1.17,47192,599804,199852,1.25,206596,493696,356
cloud-k3s-pool-workers-worker1,1,2026-06-06 08:13:49 UTC,15046068,15440452,187380,1.17,47192,599804,199852,1.25,206596,493696,356
cloud-k3s-pool-workers-worker1,1,2026-06-06 08:13:50 UTC,15046068,15440452,187360,1.17,47192,599824,199852,1.25,206596,493696,376
cloud-k3s-pool-workers-worker1,1,2026-06-06 08:13:51 UTC,15046068,15440508,187348,1.17,47192,599836,199852,1.25,206596,493752,248
cloud-k3s-pool-workers-worker1,1,2026-06-06 08:13:52 UTC,15046068,15440516,187332,1.17,47200,599844,199852,1.25,206596,493760,236
cloud-k3s-pool-workers-worker1,1,2026-06-06 08:13:53 UTC,15046068,15440516,187320,1.17,47200,599856,199852,1.25,206596,493760,248
cloud-k3s-pool-workers-worker1,1,2026-06-06 08:13:54 UTC,15046068,15440516,187312,1.17,47200,599864,199852,1.25,206596,493760,256
cloud-k3s-pool-workers-worker1,1,2026-06-06 08:13:55 UTC,15046068,15440520,187296,1.17,47200,599876,199852,1.25,206596,493760,268
cloud-k3s-pool-workers-worker1,1,2026-06-06 08:13:56 UTC,15046068,15440520,187288,1.17,47200,599884,199852,1.25,206596,493760,276
cloud-k3s-pool-workers-worker1,1,2026-06-06 08:13:57 UTC,15046068,15440520,187288,1.17,47200,599884,199852,1.25,206596,493760,276
cloud-k3s-pool-workers-worker1,1,2026-06-06 08:13:58 UTC,15046068,15440580,187256,1.17,47208,599908,199852,1.25,206596,493820,316
cloud-k3s-pool-workers-worker1,1,2026-06-06 08:13:59 UTC,15046068,15440580,187248,1.17,47208,599916,199852,1.25,206596,493820,324
cloud-k3s-pool-workers-worker1,1,2026-06-06 08:14:00 UTC,15046068,15440580,187236,1.17,47208,599928,199852,1.25,206596,493820,336
cloud-k3s-pool-workers-worker1,1,2026-06-06 08:14:01 UTC,15046068,15440580,187236,1.17,47208,599928,199852,1.25,206596,493820,76
cloud-k3s-pool-workers-worker1,1,2026-06-06 08:14:02 UTC,15046068,15440624,187184,1.17,47208,599948,199852,1.25,206596,493864,180
cloud-k3s-pool-workers-worker1,1,2026-06-06 08:14:03 UTC,15046068,15440624,187176,1.17,47208,599956,199852,1.25,206596,493864,172
cloud-k3s-pool-workers-worker1,1,2026-06-06 08:14:04 UTC,15046068,15440624,187152,1.17,47220,599968,199852,1.25,206596,493864,212
cloud-k3s-pool-workers-worker1,1,2026-06-06 08:14:05 UTC,15046068,15440624,187144,1.17,47220,599976,199852,1.25,206596,493864,220
cloud-k3s-pool-workers-worker1,1,2026-06-06 08:14:06 UTC,15046068,15440624,187132,1.17,47220,599988,199852,1.25,206596,493864,248
cloud-k3s-pool-workers-worker1,1,2026-06-06 08:14:07 UTC,15046068,15440672,187124,1.17,47220,599996,199852,1.25,206596,493912,96
cloud-k3s-pool-workers-worker1,1,2026-06-06 08:14:08 UTC,15046068,15440672,187112,1.17,47220,600008,199852,1.25,206596,493912,112
cloud-k3s-pool-workers-worker1,1,2026-06-06 08:14:09 UTC,15046068,15440672,187112,1.17,47220,600008,199852,1.25,206596,493912,112
cloud-k3s-pool-workers-worker1,1,2026-06-06 08:14:10 UTC,15046068,15440672,187088,1.17,47228,600020,199852,1.25,206596,493912,104
cloud-k3s-pool-workers-worker1,1,2026-06-06 08:14:11 UTC,15046068,15440672,187076,1.17,47228,600032,203300,1.27,207972,493912,336
cloud-k3s-pool-workers-worker1,1,2026-06-06 08:14:12 UTC,15046068,15440724,187060,1.17,47228,600048,203300,1.27,208296,493964,252
cloud-k3s-pool-workers-worker1,1,2026-06-06 08:14:13 UTC,15046068,15440784,187048,1.17,47228,600060,199852,1.25,206620,494024,292
cloud-k3s-pool-workers-worker1,1,2026-06-06 08:14:14 UTC,15046068,15440784,187040,1.17,47228,600068,199852,1.25,206608,494024,304
cloud-k3s-pool-workers-worker1,1,2026-06-06 08:14:15 UTC,15046068,15440784,187028,1.17,47228,600080,199852,1.25,206608,494024,316
cloud-k3s-pool-workers-worker1,1,2026-06-06 08:14:16 UTC,15048560,15443276,184516,1.15,47240,600088,199852,1.25,206608,494024,44
cloud-k3s-pool-workers-worker1,1,2026-06-06 08:14:17 UTC,15048560,15443276,184504,1.15,47240,600100,199852,1.25,206608,494024,60
cloud-k3s-pool-workers-worker1,1,2026-06-06 08:14:18 UTC,15048816,15443532,184240,1.15,47240,600108,199852,1.25,206608,494024,68
cloud-k3s-pool-workers-worker1,1,2026-06-06 08:14:19 UTC,15048816,15443532,184240,1.15,47240,600108,199852,1.25,206608,494024,68
cloud-k3s-pool-workers-worker1,1,2026-06-06 08:14:20 UTC,15048816,15443592,184220,1.15,47240,600128,199852,1.25,206608,494084,88
cloud-k3s-pool-workers-worker1,1,2026-06-06 08:14:21 UTC,15048816,15443592,184208,1.15,47252,600128,199852,1.25,206608,494084,240
cloud-k3s-pool-workers-worker1,1,2026-06-06 08:14:22 UTC,15048816,15443592,184184,1.15,47252,600152,199852,1.25,206608,494084,40
cloud-k3s-pool-workers-worker1,1,2026-06-06 08:14:23 UTC,15048816,15443592,184176,1.15,47252,600160,199852,1.25,206608,494084,52
cloud-k3s-pool-workers-worker1,1,2026-06-06 08:14:24 UTC,15048816,15443592,184176,1.15,47252,600160,199852,1.25,206608,494084,52
cloud-k3s-pool-workers-worker1,1,2026-06-06 08:14:25 UTC,15048564,15443404,184404,1.15,47252,600180,199852,1.25,206608,494144,72
cloud-k3s-pool-workers-worker1,1,2026-06-06 08:14:26 UTC,15048564,15443404,184380,1.15,47264,600192,199852,1.25,206608,494144,224
cloud-k3s-pool-workers-worker1,1,2026-06-06 08:14:27 UTC,15048564,15443440,184372,1.15,47264,600200,199852,1.25,206608,494180,200
cloud-k3s-pool-workers-worker1,1,2026-06-06 08:14:28 UTC,15048564,15443440,184360,1.15,47264,600212,199852,1.25,206608,494180,164
cloud-k3s-pool-workers-worker1,1,2026-06-06 08:14:29 UTC,15048564,15443440,184352,1.15,47264,600220,199852,1.25,206608,494180,172
cloud-k3s-pool-workers-worker1,1,2026-06-06 08:14:30 UTC,15048564,15443440,184340,1.15,47264,600232,199852,1.25,206608,494180,184
cloud-k3s-pool-workers-worker1,1,2026-06-06 08:14:31 UTC,15048564,15443500,184332,1.15,47276,600228,199852,1.25,206608,494240,204
cloud-k3s-pool-workers-worker1,1,2026-06-06 08:14:32 UTC,15048564,15443500,184308,1.15,47276,600252,199852,1.25,206612,494240,32
cloud-k3s-pool-workers-worker1,1,2026-06-06 08:14:33 UTC,15048564,15443500,184300,1.15,47276,600260,199852,1.25,206612,494240,44
cloud-k3s-pool-workers-worker1,1,2026-06-06 08:14:34 UTC,15048564,15443500,184288,1.15,47276,600272,199852,1.25,206612,494240,56
cloud-k3s-pool-workers-worker1,1,2026-06-06 08:14:35 UTC,15048564,15443500,184276,1.15,47276,600284,199852,1.25,206612,494240,68
cloud-k3s-pool-workers-worker1,1,2026-06-06 08:14:36 UTC,15048564,15443500,184268,1.15,47288,600280,199852,1.25,206612,494240,196
cloud-k3s-pool-workers-worker1,1,2026-06-06 08:14:37 UTC,15048564,15443584,184244,1.15,47288,600304,199852,1.25,206612,494324,8
cloud-k3s-pool-workers-worker1,1,2026-06-06 08:14:38 UTC,15048564,15443584,184236,1.15,47288,600312,199852,1.25,206612,494324,16
cloud-k3s-pool-workers-worker1,1,2026-06-06 08:14:39 UTC,15048564,15443584,184224,1.15,47288,600324,199852,1.25,206612,494324,28
cloud-k3s-pool-workers-worker1,1,2026-06-06 08:14:40 UTC,15048564,15443584,184212,1.15,47288,600332,199852,1.25,206612,494324,36
cloud-k3s-pool-workers-worker1,1,2026-06-06 08:14:41 UTC,15048564,15443584,184200,1.15,47300,600332,199852,1.25,206612,494324,188
cloud-k3s-pool-workers-worker1,1,2026-06-06 08:14:42 UTC,15048564,15443584,184192,1.15,47300,600340,199852,1.25,206612,494324,196
cloud-k3s-pool-workers-worker1,1,2026-06-06 08:14:43 UTC,15048564,15443644,184168,1.15,47300,600364,199852,1.25,206612,494384,192
cloud-k3s-pool-workers-worker1,1,2026-06-06 08:14:44 UTC,15048564,15443644,184160,1.15,47300,600372,199852,1.25,206612,494384,196
cloud-k3s-pool-workers-worker1,1,2026-06-06 08:14:45 UTC,15048564,15443644,184148,1.15,47300,600384,199852,1.25,206612,494384,208
cloud-k3s-pool-workers-worker1,1,2026-06-06 08:14:46 UTC,15048816,15443896,183884,1.15,47312,600384,199852,1.25,206612,494384,232
cloud-k3s-pool-workers-worker1,1,2026-06-06 08:14:47 UTC,15048816,15443896,183876,1.15,47312,600392,199852,1.25,206612,494384,240
cloud-k3s-pool-workers-worker1,1,2026-06-06 08:14:48 UTC,15048816,15443956,183852,1.15,47312,600416,199852,1.25,206612,494444,20
cloud-k3s-pool-workers-worker1,1,2026-06-06 08:14:49 UTC,15048816,15443956,183852,1.15,47312,600416,199852,1.25,206612,494444,20
cloud-k3s-pool-workers-worker1,1,2026-06-06 08:14:50 UTC,15048816,15443956,183832,1.15,47312,600436,199852,1.25,206612,494444,40
cloud-k3s-pool-workers-worker1,1,2026-06-06 08:14:51 UTC,15048816,15443956,183824,1.15,47324,600432,199852,1.25,206612,494444,188
cloud-k3s-pool-workers-worker1,1,2026-06-06 08:14:52 UTC,15048816,15443960,183796,1.15,47324,600456,199852,1.25,206612,494444,28
cloud-k3s-pool-workers-worker1,1,2026-06-06 08:14:53 UTC,15048816,15443960,183796,1.15,47324,600456,199852,1.25,206612,494444,28
cloud-k3s-pool-workers-worker1,1,2026-06-06 08:14:54 UTC,15048816,15444020,183776,1.15,47324,600476,199852,1.25,206612,494504,52
cloud-k3s-pool-workers-worker1,1,2026-06-06 08:14:55 UTC,15048816,15444020,183768,1.15,47324,600484,199852,1.25,206612,494504,60
cloud-k3s-pool-workers-worker1,1,2026-06-06 08:14:56 UTC,15048816,15444020,183752,1.15,47336,600484,199852,1.25,206612,494504,212
cloud-k3s-pool-workers-worker1,1,2026-06-06 08:14:57 UTC,15048816,15444020,183744,1.15,47336,600492,199852,1.25,206612,494504,220
cloud-k3s-pool-workers-worker1,1,2026-06-06 08:14:58 UTC,15048816,15444020,183720,1.15,47336,600516,199852,1.25,206612,494504,160
cloud-k3s-pool-workers-worker1,1,2026-06-06 08:14:59 UTC,15048816,15444020,183720,1.15,47336,600516,199852,1.25,206612,494504,160
cloud-k3s-pool-workers-worker1,1,2026-06-06 08:15:00 UTC,15048816,15444080,183700,1.15,47336,600536,199852,1.25,206612,494564,180
cloud-k3s-pool-workers-worker1,1,2026-06-06 08:15:01 UTC,15048816,15444080,183688,1.15,47348,600536,199852,1.25,206612,494564,208
cloud-k3s-pool-workers-worker1,1,2026-06-06 08:15:02 UTC,15047808,15443132,184676,1.16,47348,600556,199852,1.25,206612,494624,236
cloud-k3s-pool-workers-worker1,1,2026-06-06 08:15:03 UTC,15048328,15443652,184148,1.15,47348,600568,199852,1.25,206588,494624,184
cloud-k3s-pool-workers-worker1,1,2026-06-06 08:15:04 UTC,15048328,15443688,184140,1.15,47348,600576,199852,1.25,206612,494660,196
cloud-k3s-pool-workers-worker1,1,2026-06-06 08:15:05 UTC,15048328,15443688,184128,1.15,47348,600588,199852,1.25,206612,494660,208
cloud-k3s-pool-workers-worker1,1,2026-06-06 08:15:06 UTC,15048328,15443688,184120,1.15,47360,600584,199852,1.25,206612,494660,284
cloud-k3s-pool-workers-worker1,1,2026-06-06 08:15:07 UTC,15048328,15443688,184108,1.15,47360,600596,199852,1.25,206612,494660,36
cloud-k3s-pool-workers-worker1,1,2026-06-06 08:15:08 UTC,15048328,15443688,184088,1.15,47360,600616,199852,1.25,206612,494660,60
cloud-k3s-pool-workers-worker1,1,2026-06-06 08:15:09 UTC,15048328,15443688,184088,1.15,47360,600616,199852,1.25,206612,494660,60
cloud-k3s-pool-workers-worker1,1,2026-06-06 08:15:10 UTC,15048588,15444012,183800,1.15,47360,600640,199852,1.25,206612,494720,36
cloud-k3s-pool-workers-worker1,1,2026-06-06 08:15:11 UTC,15048656,15444080,183724,1.15,47372,600636,199852,1.25,206612,494720,188
cloud-k3s-pool-workers-worker1,1,2026-06-06 08:15:12 UTC,15048656,15444080,183712,1.15,47372,600648,199852,1.25,206612,494720,200
cloud-k3s-pool-workers-worker1,1,2026-06-06 08:15:13 UTC,15048656,15444080,183692,1.15,47372,600668,199852,1.25,206612,494720,236
cloud-k3s-pool-workers-worker1,1,2026-06-06 08:15:14 UTC,15048656,15444080,183680,1.15,47372,600680,199852,1.25,206612,494720,244
cloud-k3s-pool-workers-worker1,1,2026-06-06 08:15:15 UTC,15048656,15444080,183672,1.15,47372,600688,199852,1.25,206612,494720,252
cloud-k3s-pool-workers-worker1,1,2026-06-06 08:15:16 UTC,15048656,15444140,183660,1.15,47380,600692,199852,1.25,206612,494780,252
cloud-k3s-pool-workers-worker1,1,2026-06-06 08:15:17 UTC,15048656,15444140,183644,1.15,47380,600708,199852,1.25,206612,494780,104
cloud-k3s-pool-workers-worker1,1,2026-06-06 08:15:18 UTC,15048656,15444140,183632,1.15,47380,600720,199852,1.25,206612,494780,116
cloud-k3s-pool-workers-worker1,1,2026-06-06 08:15:19 UTC,15048656,15444140,183624,1.15,47380,600728,199852,1.25,206612,494780,124
cloud-k3s-pool-workers-worker1,1,2026-06-06 08:15:20 UTC,15048656,15444140,183612,1.15,47380,600740,199852,1.25,206612,494780,136
cloud-k3s-pool-workers-worker1,1,2026-06-06 08:15:21 UTC,15048656,15444200,183600,1.15,47388,600744,199852,1.25,206612,494840,292
cloud-k3s-pool-workers-worker1,1,2026-06-06 08:15:22 UTC,15048656,15444200,183584,1.15,47388,600760,199852,1.25,206612,494840,172
cloud-k3s-pool-workers-worker1,1,2026-06-06 08:15:23 UTC,15048656,15444200,183572,1.15,47388,600772,199852,1.25,206612,494840,184
cloud-k3s-pool-workers-worker1,1,2026-06-06 08:15:24 UTC,15048656,15444200,183564,1.15,47388,600780,199852,1.25,206612,494840,192
cloud-k3s-pool-workers-worker1,1,2026-06-06 08:15:25 UTC,15048656,15444200,183548,1.15,47388,600792,199852,1.25,206612,494840,204
cloud-k3s-pool-workers-worker1,1,2026-06-06 08:15:26 UTC,15048656,15444200,183540,1.15,47396,600792,199852,1.25,206612,494840,356
cloud-k3s-pool-workers-worker1,1,2026-06-06 08:15:27 UTC,15048656,15444260,183520,1.15,47396,600812,199852,1.25,206612,494900,352
cloud-k3s-pool-workers-worker1,1,2026-06-06 08:15:28 UTC,15048656,15444260,183512,1.15,47396,600820,199852,1.25,206612,494900,360
cloud-k3s-pool-workers-worker1,1,2026-06-06 08:15:29 UTC,15048656,15444260,183512,1.15,47396,600820,199852,1.25,206612,494900,360
cloud-k3s-pool-workers-worker1,1,2026-06-06 08:15:30 UTC,15048656,15444260,183492,1.15,47396,600840,199852,1.25,206612,494900,380
cloud-k3s-pool-workers-worker1,1,2026-06-06 08:15:31 UTC,15048404,15444008,183732,1.15,47404,600844,199852,1.25,206612,494900,404
cloud-k3s-pool-workers-worker1,1,2026-06-06 08:15:32 UTC,15048404,15444008,183732,1.15,47404,600844,199852,1.25,206612,494900,404
cloud-k3s-pool-workers-worker1,1,2026-06-06 08:15:33 UTC,15048404,15444012,183700,1.15,47404,600872,199852,1.25,206612,494900,284
cloud-k3s-pool-workers-worker1,1,2026-06-06 08:15:34 UTC,15048404,15444012,183688,1.15,47404,600884,199852,1.25,206612,494900,296
cloud-k3s-pool-workers-worker1,1,2026-06-06 08:15:35 UTC,15048404,15444012,183680,1.15,47404,600892,199852,1.25,206612,494900,304
cloud-k3s-pool-workers-worker1,1,2026-06-06 08:15:36 UTC,15045664,15441324,186408,1.17,47412,600896,203056,1.27,208044,494952,296
cloud-k3s-pool-workers-worker1,1,2026-06-06 08:15:37 UTC,15045664,15441384,186396,1.17,47412,600912,199852,1.25,206612,495012,520
cloud-k3s-pool-workers-worker1,1,2026-06-06 08:15:38 UTC,15045664,15441404,186384,1.17,47412,600924,199852,1.25,206612,495032,220
cloud-k3s-pool-workers-worker1,1,2026-06-06 08:15:39 UTC,15045664,15441404,186376,1.17,47412,600932,199852,1.25,206612,495032,232
cloud-k3s-pool-workers-worker1,1,2026-06-06 08:15:40 UTC,15048604,15444344,183424,1.15,47412,600944,199852,1.25,206612,495032,244
cloud-k3s-pool-workers-worker1,1,2026-06-06 08:15:41 UTC,15048604,15444344,183424,1.15,47424,600932,199852,1.25,206612,495032,244
cloud-k3s-pool-workers-worker1,1,2026-06-06 08:15:42 UTC,15048604,15444372,183388,1.15,47424,600968,199852,1.25,206612,495060,84
cloud-k3s-pool-workers-worker1,1,2026-06-06 08:15:43 UTC,15048604,15444372,183380,1.15,47424,600976,199852,1.25,206612,495060,92
cloud-k3s-pool-workers-worker1,1,2026-06-06 08:15:44 UTC,15048352,15444120,183620,1.15,47424,600988,199852,1.25,206612,495060,104
cloud-k3s-pool-workers-worker1,1,2026-06-06 08:15:45 UTC,15048604,15444372,183356,1.15,47424,601000,199852,1.25,206612,495060,116
cloud-k3s-pool-workers-worker1,1,2026-06-06 08:15:46 UTC,15048604,15444372,183348,1.15,47432,601000,199852,1.25,206612,495060,272
cloud-k3s-pool-workers-worker1,1,2026-06-06 08:15:47 UTC,15048352,15444120,183600,1.15,47432,601000,199852,1.25,206612,495060,272
cloud-k3s-pool-workers-worker1,1,2026-06-06 08:15:48 UTC,15048352,15444184,183568,1.15,47432,601028,199852,1.25,206612,495124,116
cloud-k3s-pool-workers-worker1,1,2026-06-06 08:15:49 UTC,15048352,15444184,183556,1.15,47432,601040,199852,1.25,206612,495124,128
cloud-k3s-pool-workers-worker1,1,2026-06-06 08:15:50 UTC,15048352,15444212,183548,1.15,47432,601048,199852,1.25,206612,495152,128
cloud-k3s-pool-workers-worker1,1,2026-06-06 08:15:51 UTC,15048352,15444212,183536,1.15,47440,601052,199852,1.25,206612,495152,140
cloud-k3s-pool-workers-worker1,1,2026-06-06 08:15:52 UTC,15048352,15444212,183520,1.15,47440,601068,199852,1.25,206612,495152,320
cloud-k3s-pool-workers-worker1,1,2026-06-06 08:15:53 UTC,15048352,15444212,183508,1.15,47440,601080,199852,1.25,206612,495152,332
cloud-k3s-pool-workers-worker1,1,2026-06-06 08:15:54 UTC,15048352,15444212,183500,1.15,47440,601088,199852,1.25,206612,495152,340
cloud-k3s-pool-workers-worker1,1,2026-06-06 08:15:55 UTC,15048352,15444212,183488,1.15,47440,601100,199852,1.25,206612,495152,352
cloud-k3s-pool-workers-worker1,1,2026-06-06 08:15:56 UTC,15048352,15444272,183480,1.15,47448,601100,199852,1.25,206612,495212,180
cloud-k3s-pool-workers-worker1,1,2026-06-06 08:15:57 UTC,15048352,15444272,183460,1.15,47448,601120,199852,1.25,206612,495212,204
cloud-k3s-pool-workers-worker1,1,2026-06-06 08:15:58 UTC,15048352,15444272,183448,1.15,47448,601132,199852,1.25,206612,495212,216
cloud-k3s-pool-workers-worker1,1,2026-06-06 08:15:59 UTC,15048352,15444272,183440,1.15,47448,601140,199852,1.25,206612,495212,224
cloud-k3s-pool-workers-worker1,1,2026-06-06 08:16:00 UTC,15048352,15444272,183428,1.15,47448,601152,199852,1.25,206612,495212,236
cloud-k3s-pool-workers-worker1,1,2026-06-06 08:16:01 UTC,15048352,15444272,183420,1.15,47456,601152,199852,1.25,206612,495212,244
cloud-k3s-pool-workers-worker1,1,2026-06-06 08:16:02 UTC,15048352,15444336,183400,1.15,47456,601172,199852,1.25,206612,495276,272
cloud-k3s-pool-workers-worker1,1,2026-06-06 08:16:03 UTC,15048352,15444340,183388,1.15,47456,601180,199852,1.25,206612,495276,280
cloud-k3s-pool-workers-worker1,1,2026-06-06 08:16:04 UTC,15048352,15444340,183376,1.15,47456,601192,199852,1.25,206612,495276,292
cloud-k3s-pool-workers-worker1,1,2026-06-06 08:16:05 UTC,15048352,15444340,183376,1.15,47456,601192,199852,1.25,206612,495276,292
cloud-k3s-pool-workers-worker1,1,2026-06-06 08:16:06 UTC,15048352,15444340,183356,1.15,47464,601204,199852,1.25,206612,495276,312
cloud-k3s-pool-workers-worker1,1,2026-06-06 08:16:07 UTC,15048352,15444340,183348,1.15,47464,601212,199852,1.25,206612,495276,320
cloud-k3s-pool-workers-worker1,1,2026-06-06 08:16:08 UTC,15048352,15444400,183328,1.15,47464,601232,199852,1.25,206612,495336,460
cloud-k3s-pool-workers-worker1,1,2026-06-06 08:16:09 UTC,15048352,15444456,183328,1.15,47464,601232,199852,1.25,206612,495392,140
cloud-k3s-pool-workers-worker1,1,2026-06-06 08:16:10 UTC,15048612,15444740,183048,1.15,47464,601252,199852,1.25,206612,495416,160
cloud-k3s-pool-workers-worker1,1,2026-06-06 08:16:11 UTC,15048612,15444740,183036,1.15,47476,601252,199852,1.25,206612,495416,172
cloud-k3s-pool-workers-worker1,1,2026-06-06 08:16:12 UTC,15048372,15444500,183252,1.15,47476,601272,199852,1.25,206612,495416,60
cloud-k3s-pool-workers-worker1,1,2026-06-06 08:16:13 UTC,15048372,15444500,183240,1.15,47476,601284,199852,1.25,206612,495416,72
cloud-k3s-pool-workers-worker1,1,2026-06-06 08:16:14 UTC,15048372,15444500,183232,1.15,47476,601292,199852,1.25,206612,495416,80
cloud-k3s-pool-workers-worker1,1,2026-06-06 08:16:15 UTC,15048372,15444500,183232,1.15,47476,601292,199852,1.25,206612,495416,80
cloud-k3s-pool-workers-worker1,1,2026-06-06 08:16:16 UTC,15048372,15444560,183212,1.15,47488,601300,199852,1.25,206612,495476,52
cloud-k3s-pool-workers-worker1,1,2026-06-06 08:16:17 UTC,15048372,15444560,183200,1.15,47488,601312,199852,1.25,206612,495476,0
cloud-k3s-pool-workers-worker1,1,2026-06-06 08:16:18 UTC,15048372,15444564,183176,1.15,47488,601332,199852,1.25,206612,495476,48
cloud-k3s-pool-workers-worker1,1,2026-06-06 08:16:19 UTC,15048372,15444564,183164,1.15,47488,601344,199852,1.25,206612,495476,60
cloud-k3s-pool-workers-worker1,1,2026-06-06 08:16:20 UTC,15048372,15444564,183156,1.15,47488,601352,199852,1.25,206612,495476,16
cloud-k3s-pool-workers-worker1,1,2026-06-06 08:16:21 UTC,15048372,15444564,183144,1.15,47500,601352,199852,1.25,206612,495476,28
cloud-k3s-pool-workers-worker1,1,2026-06-06 08:16:22 UTC,15048372,15444624,183120,1.15,47500,601376,199852,1.25,206612,495536,208
cloud-k3s-pool-workers-worker1,1,2026-06-06 08:16:23 UTC,15048372,15444624,183112,1.15,47500,601384,199852,1.25,206612,495536,216
cloud-k3s-pool-workers-worker1,1,2026-06-06 08:16:24 UTC,15048372,15444624,183100,1.15,47500,601396,199852,1.25,206612,495536,228
cloud-k3s-pool-workers-worker1,1,2026-06-06 08:16:25 UTC,15048372,15444624,183100,1.15,47500,601396,199852,1.25,206612,495536,228
cloud-k3s-pool-workers-worker1,1,2026-06-06 08:16:26 UTC,15048372,15444624,183080,1.15,47512,601404,199852,1.25,206612,495536,196
cloud-k3s-pool-workers-worker1,1,2026-06-06 08:16:27 UTC,15048372,15444624,183072,1.15,47512,601412,199852,1.25,206612,495536,44
cloud-k3s-pool-workers-worker1,1,2026-06-06 08:16:28 UTC,15048372,15444684,183048,1.15,47512,601436,199852,1.25,206612,495596,48
cloud-k3s-pool-workers-worker1,1,2026-06-06 08:16:29 UTC,15048372,15444684,183048,1.15,47512,601436,199852,1.25,206612,495596,48
cloud-k3s-pool-workers-worker1,1,2026-06-06 08:16:30 UTC,15048372,15444684,183028,1.15,47512,601456,199852,1.25,206612,495596,4
cloud-k3s-pool-workers-worker1,1,2026-06-06 08:16:31 UTC,15048372,15444684,183020,1.15,47524,601452,199852,1.25,206612,495596,16
cloud-k3s-pool-workers-worker1,1,2026-06-06 08:16:32 UTC,15048372,15444684,183008,1.15,47524,601464,199852,1.25,206612,495596,28
cloud-k3s-pool-workers-worker1,1,2026-06-06 08:16:33 UTC,15048372,15444684,183008,1.15,47524,601464,199852,1.25,206612,495596,28
cloud-k3s-pool-workers-worker1,1,2026-06-06 08:16:34 UTC,15048372,15444804,182972,1.14,47524,601496,199852,1.25,206612,495716,76
cloud-k3s-pool-workers-worker1,1,2026-06-06 08:16:35 UTC,15048372,15444804,182960,1.14,47524,601508,199852,1.25,206612,495716,88
cloud-k3s-pool-workers-worker1,1,2026-06-06 08:16:36 UTC,15047616,15444048,183696,1.15,47536,601516,199852,1.25,206612,495716,188
cloud-k3s-pool-workers-worker1,1,2026-06-06 08:16:37 UTC,15047616,15444048,183684,1.15,47536,601528,199852,1.25,206612,495716,172
cloud-k3s-pool-workers-worker1,1,2026-06-06 08:16:38 UTC,15047616,15444048,183676,1.15,47536,601536,199852,1.25,206612,495716,180
cloud-k3s-pool-workers-worker1,1,2026-06-06 08:16:39 UTC,15047616,15444048,183664,1.15,47536,601548,199852,1.25,206612,495716,192
cloud-k3s-pool-workers-worker1,1,2026-06-06 08:16:40 UTC,15047868,15444360,183404,1.15,47536,601556,199852,1.25,206612,495776,148
cloud-k3s-pool-workers-worker1,1,2026-06-06 08:16:41 UTC,15047868,15444360,183380,1.15,47548,601568,199852,1.25,206612,495776,188
cloud-k3s-pool-workers-worker1,1,2026-06-06 08:16:42 UTC,15047868,15444360,183380,1.15,47548,601568,199852,1.25,206612,495776,188
cloud-k3s-pool-workers-worker1,1,2026-06-06 08:16:43 UTC,15046640,15443192,184588,1.15,47548,601588,202828,1.27,207704,495836,68
cloud-k3s-pool-workers-worker1,1,2026-06-06 08:16:44 UTC,15045632,15442188,185588,1.16,47548,601596,199852,1.25,206612,495840,76
cloud-k3s-pool-workers-worker1,1,2026-06-06 08:16:45 UTC,15045632,15442188,185588,1.16,47548,601596,199852,1.25,206612,495840,76
cloud-k3s-pool-workers-worker1,1,2026-06-06 08:16:46 UTC,15048328,15444884,182856,1.14,47560,601620,199852,1.25,206612,495840,236
cloud-k3s-pool-workers-worker1,1,2026-06-06 08:16:47 UTC,15048328,15444884,182848,1.14,47560,601628,199852,1.25,206612,495840,32
cloud-k3s-pool-workers-worker1,1,2026-06-06 08:16:48 UTC,15045588,15442204,185576,1.16,47560,601640,202828,1.27,207756,495900,44
cloud-k3s-pool-workers-worker1,1,2026-06-06 08:16:49 UTC,15045588,15442208,185564,1.16,47560,601648,203036,1.27,208216,495900,52
cloud-k3s-pool-workers-worker1,1,2026-06-06 08:16:50 UTC,15045588,15442208,185548,1.16,47560,601664,203036,1.27,208216,495900,168
cloud-k3s-pool-workers-worker1,1,2026-06-06 08:16:51 UTC,15048328,15444948,182796,1.14,47572,601664,199852,1.25,206624,495900,268
cloud-k3s-pool-workers-worker1,1,2026-06-06 08:16:52 UTC,15048328,15444948,182776,1.14,47572,601684,199852,1.25,206608,495900,292
cloud-k3s-pool-workers-worker1,1,2026-06-06 08:16:53 UTC,15048328,15444948,182768,1.14,47572,601692,199852,1.25,206608,495900,300
cloud-k3s-pool-workers-worker1,1,2026-06-06 08:16:54 UTC,15048328,15445004,182756,1.14,47572,601704,199852,1.25,206612,495956,312
cloud-k3s-pool-workers-worker1,1,2026-06-06 08:16:55 UTC,15048328,15445004,182748,1.14,47572,601712,199852,1.25,206612,495956,320
cloud-k3s-pool-workers-worker1,1,2026-06-06 08:16:56 UTC,15048076,15444752,182976,1.14,47584,601724,199852,1.25,206612,495956,64
cloud-k3s-pool-workers-worker1,1,2026-06-06 08:16:57 UTC,15048076,15444752,182964,1.14,47584,601736,199852,1.25,206612,495956,40
cloud-k3s-pool-workers-worker1,1,2026-06-06 08:16:58 UTC,15048076,15444752,182956,1.14,47584,601744,199852,1.25,206612,495956,188
cloud-k3s-pool-workers-worker1,1,2026-06-06 08:16:59 UTC,15048076,15444752,182944,1.14,47584,601756,199852,1.25,206612,495956,200
cloud-k3s-pool-workers-worker1,1,2026-06-06 08:17:00 UTC,15048076,15444812,182936,1.14,47584,601764,199852,1.25,206612,496016,208
cloud-k3s-pool-workers-worker1,1,2026-06-06 08:17:01 UTC,15048076,15444816,182912,1.14,47596,601776,199852,1.25,206612,496020,52
cloud-k3s-pool-workers-worker1,1,2026-06-06 08:17:02 UTC,15047576,15444396,183408,1.15,47600,601776,199852,1.25,206632,496100,212
cloud-k3s-pool-workers-worker1,1,2026-06-06 08:17:03 UTC,15047576,15444396,183408,1.15,47600,601776,199852,1.25,206632,496100,212
cloud-k3s-pool-workers-worker1,1,2026-06-06 08:17:04 UTC,15047560,15444404,183392,1.15,47600,601804,199852,1.25,206608,496124,240
cloud-k3s-pool-workers-worker1,1,2026-06-06 08:17:05 UTC,15047560,15444404,183380,1.15,47600,601816,199852,1.25,206608,496124,252
cloud-k3s-pool-workers-worker1,1,2026-06-06 08:17:06 UTC,15047560,15444404,183360,1.15,47612,601824,199852,1.25,206608,496124,228
cloud-k3s-pool-workers-worker1,1,2026-06-06 08:17:07 UTC,15047560,15444404,183348,1.15,47612,601836,199852,1.25,206608,496124,12
cloud-k3s-pool-workers-worker1,1,2026-06-06 08:17:08 UTC,15047812,15444716,183088,1.15,47612,601844,199852,1.25,206608,496184,44
cloud-k3s-pool-workers-worker1,1,2026-06-06 08:17:09 UTC,15047812,15444716,183088,1.15,47612,601844,199852,1.25,206608,496184,44
cloud-k3s-pool-workers-worker1,1,2026-06-06 08:17:10 UTC,15047812,15444716,183064,1.15,47612,601868,199852,1.25,206608,496184,68
cloud-k3s-pool-workers-worker1,1,2026-06-06 08:17:11 UTC,15047812,15444716,183044,1.15,47624,601876,199852,1.25,206608,496184,180
cloud-k3s-pool-workers-worker1,1,2026-06-06 08:17:12 UTC,15047812,15444716,183032,1.15,47624,601888,199852,1.25,206608,496184,196
cloud-k3s-pool-workers-worker1,1,2026-06-06 08:17:13 UTC,15047812,15444716,183032,1.15,47624,601888,199852,1.25,206608,496184,196
cloud-k3s-pool-workers-worker1,1,2026-06-06 08:17:14 UTC,15047812,15444776,183012,1.15,47624,601908,199852,1.25,206608,496244,216
cloud-k3s-pool-workers-worker1,1,2026-06-06 08:17:15 UTC,15047812,15444776,183004,1.14,47624,601916,199852,1.25,206608,496244,224
cloud-k3s-pool-workers-worker1,1,2026-06-06 08:17:16 UTC,15047812,15444776,182980,1.14,47636,601928,199852,1.25,206608,496244,180
cloud-k3s-pool-workers-worker1,1,2026-06-06 08:17:17 UTC,15047812,15444776,182980,1.14,47636,601928,199852,1.25,206608,496244,24
cloud-k3s-pool-workers-worker1,1,2026-06-06 08:17:18 UTC,15047812,15444776,182960,1.14,47636,601948,199852,1.25,206608,496244,28
cloud-k3s-pool-workers-worker1,1,2026-06-06 08:17:19 UTC,15047812,15444776,182952,1.14,47636,601956,199852,1.25,206608,496244,36
cloud-k3s-pool-workers-worker1,1,2026-06-06 08:17:20 UTC,15047812,15444840,182936,1.14,47636,601968,199852,1.25,206608,496304,48
cloud-k3s-pool-workers-worker1,1,2026-06-06 08:17:21 UTC,15047812,15444840,182912,1.14,47648,601980,199852,1.25,206612,496304,184
cloud-k3s-pool-workers-worker1,1,2026-06-06 08:17:22 UTC,15047812,15444840,182904,1.14,47648,601988,199852,1.25,206612,496304,196
cloud-k3s-pool-workers-worker1,1,2026-06-06 08:17:23 UTC,15047812,15444840,182904,1.14,47648,601988,199852,1.25,206612,496304,196
cloud-k3s-pool-workers-worker1,1,2026-06-06 08:17:24 UTC,15047812,15444840,182884,1.14,47648,602008,199852,1.25,206612,496304,216
cloud-k3s-pool-workers-worker1,1,2026-06-06 08:17:25 UTC,15047812,15444840,182872,1.14,47648,602020,199852,1.25,206612,496304,228
cloud-k3s-pool-workers-worker1,1,2026-06-06 08:17:26 UTC,15047812,15444960,182852,1.14,47660,602028,199852,1.25,206612,496424,164
cloud-k3s-pool-workers-worker1,1,2026-06-06 08:17:27 UTC,15047812,15444960,182840,1.14,47660,602040,199852,1.25,206612,496424,180
cloud-k3s-pool-workers-worker1,1,2026-06-06 08:17:28 UTC,15047812,15444960,182832,1.14,47660,602048,199852,1.25,206612,496424,28
cloud-k3s-pool-workers-worker1,1,2026-06-06 08:17:29 UTC,15047812,15444960,182820,1.14,47660,602060,199852,1.25,206612,496424,40
cloud-k3s-pool-workers-worker1,1,2026-06-06 08:17:30 UTC,15047812,15444960,182812,1.14,47660,602068,199852,1.25,206612,496424,48
cloud-k3s-pool-workers-worker1,1,2026-06-06 08:17:31 UTC,15047560,15444708,183036,1.15,47672,602080,199852,1.25,206612,496424,88
cloud-k3s-pool-workers-worker1,1,2026-06-06 08:17:32 UTC,15047560,15444768,183024,1.15,47672,602092,199852,1.25,206612,496484,48
cloud-k3s-pool-workers-worker1,1,2026-06-06 08:17:33 UTC,15047560,15444768,183024,1.15,47672,602092,199852,1.25,206612,496484,48
cloud-k3s-pool-workers-worker1,1,2026-06-06 08:17:34 UTC,15047308,15444516,183256,1.15,47672,602112,199852,1.25,206612,496484,64
cloud-k3s-pool-workers-worker1,1,2026-06-06 08:17:35 UTC,15047560,15444772,182992,1.14,47672,602120,199852,1.25,206612,496484,72
cloud-k3s-pool-workers-worker1,1,2026-06-06 08:17:36 UTC,15047560,15444772,182968,1.14,47684,602132,199852,1.25,206612,496484,32
cloud-k3s-pool-workers-worker1,1,2026-06-06 08:17:37 UTC,15047560,15444772,182968,1.14,47684,602132,199852,1.25,206612,496484,32
cloud-k3s-pool-workers-worker1,1,2026-06-06 08:17:38 UTC,15047560,15444832,182948,1.14,47684,602152,199852,1.25,206612,496544,172
cloud-k3s-pool-workers-worker1,1,2026-06-06 08:17:39 UTC,15047308,15444580,183192,1.15,47684,602160,199852,1.25,206612,496544,180
cloud-k3s-pool-workers-worker1,1,2026-06-06 08:17:40 UTC,15047308,15444580,183180,1.15,47684,602172,199852,1.25,206612,496544,192
cloud-k3s-pool-workers-worker1,1,2026-06-06 08:17:41 UTC,15047544,15444816,182944,1.14,47684,602172,199852,1.25,206612,496544,204
cloud-k3s-pool-workers-worker1,1,2026-06-06 08:17:42 UTC,15047304,15444620,183136,1.15,47696,602192,199852,1.25,206612,496580,48
cloud-k3s-pool-workers-worker1,1,2026-06-06 08:17:43 UTC,15047304,15444620,183128,1.15,47696,602200,199852,1.25,206612,496580,56
cloud-k3s-pool-workers-worker1,1,2026-06-06 08:17:44 UTC,15047304,15444620,183116,1.15,47696,602212,199852,1.25,206612,496580,68
cloud-k3s-pool-workers-worker1,1,2026-06-06 08:17:45 UTC,15047304,15444620,183104,1.15,47696,602224,199852,1.25,206612,496580,80
cloud-k3s-pool-workers-worker1,1,2026-06-06 08:17:46 UTC,15047304,15444620,183096,1.15,47696,602232,199852,1.25,206612,496580,88
cloud-k3s-pool-workers-worker1,1,2026-06-06 08:17:47 UTC,15047304,15444680,183084,1.15,47696,602244,199852,1.25,206612,496640,104
cloud-k3s-pool-workers-worker1,1,2026-06-06 08:17:48 UTC,15047304,15444680,183064,1.15,47708,602252,199852,1.25,206612,496640,60
cloud-k3s-pool-workers-worker1,1,2026-06-06 08:17:49 UTC,15047304,15444680,183064,1.15,47708,602252,199852,1.25,206612,496640,60
cloud-k3s-pool-workers-worker1,1,2026-06-06 08:17:50 UTC,15047304,15444680,183040,1.15,47708,602272,199852,1.25,206612,496640,80
cloud-k3s-pool-workers-worker1,1,2026-06-06 08:17:51 UTC,15047304,15444680,183028,1.15,47708,602284,199852,1.25,206612,496640,92
cloud-k3s-pool-workers-worker1,1,2026-06-06 08:17:52 UTC,15047304,15444732,183020,1.15,47708,602292,199852,1.25,206612,496692,180
cloud-k3s-pool-workers-worker1,1,2026-06-06 08:17:53 UTC,15047304,15444732,183020,1.15,47708,602292,199852,1.25,206612,496692,148
cloud-k3s-pool-workers-worker1,1,2026-06-06 08:17:54 UTC,15047304,15444792,182988,1.14,47720,602312,199852,1.25,206612,496752,200
cloud-k3s-pool-workers-worker1,1,2026-06-06 08:17:55 UTC,15047304,15444792,182976,1.14,47720,602324,199852,1.25,206612,496752,212
cloud-k3s-pool-workers-worker1,1,2026-06-06 08:17:56 UTC,15047304,15444792,182964,1.14,47720,602336,199852,1.25,206612,496752,224
cloud-k3s-pool-workers-worker1,1,2026-06-06 08:17:57 UTC,15047304,15444844,182956,1.14,47720,602344,199852,1.25,206612,496804,176
cloud-k3s-pool-workers-worker1,1,2026-06-06 08:17:58 UTC,15047304,15444844,182944,1.14,47720,602356,199852,1.25,206612,496804,48
cloud-k3s-pool-workers-worker1,1,2026-06-06 08:17:59 UTC,15047304,15444844,182936,1.14,47720,602364,199852,1.25,206612,496804,28
cloud-k3s-pool-workers-worker1,1,2026-06-06 08:18:00 UTC,15047288,15444828,182928,1.14,47732,602376,199852,1.25,206612,496804,68
cloud-k3s-pool-workers-worker1,1,2026-06-06 08:18:01 UTC,15047548,15445088,182660,1.14,47732,602384,199852,1.25,206612,496804,76
cloud-k3s-pool-workers-worker1,1,2026-06-06 08:18:02 UTC,15047576,15445116,182620,1.14,47732,602396,199852,1.25,206612,496804,32
cloud-k3s-pool-workers-worker1,1,2026-06-06 08:18:03 UTC,15047072,15444672,183116,1.15,47732,602404,199852,1.25,206612,496864,44
cloud-k3s-pool-workers-worker1,1,2026-06-06 08:18:04 UTC,15047072,15444672,183104,1.15,47732,602416,199852,1.25,206612,496864,56
cloud-k3s-pool-workers-worker1,1,2026-06-06 08:18:05 UTC,15047072,15444672,183104,1.15,47732,602416,199852,1.25,206612,496864,56
cloud-k3s-pool-workers-worker1,1,2026-06-06 08:18:06 UTC,15047072,15444676,183068,1.15,47744,602436,199852,1.25,206612,496864,80
cloud-k3s-pool-workers-worker1,1,2026-06-06 08:18:07 UTC,15047072,15444716,183060,1.15,47744,602444,199852,1.25,206612,496904,36
cloud-k3s-pool-workers-worker1,1,2026-06-06 08:18:08 UTC,15047072,15444716,183048,1.15,47744,602456,199852,1.25,206612,496904,192
cloud-k3s-pool-workers-worker1,1,2026-06-06 08:18:09 UTC,15047072,15444716,183036,1.15,47744,602468,199852,1.25,206612,496904,204
cloud-k3s-pool-workers-worker1,1,2026-06-06 08:18:10 UTC,15047072,15444716,183028,1.15,47744,602476,199852,1.25,206612,496904,212
cloud-k3s-pool-workers-worker1,1,2026-06-06 08:18:11 UTC,15047072,15444716,183004,1.14,47756,602488,199852,1.25,206612,496904,248
cloud-k3s-pool-workers-worker1,1,2026-06-06 08:18:12 UTC,15047072,15444716,182996,1.14,47756,602496,199852,1.25,206612,496904,28
cloud-k3s-pool-workers-worker1,1,2026-06-06 08:18:13 UTC,15047072,15444776,182984,1.14,47756,602508,199852,1.25,206612,496964,44
cloud-k3s-pool-workers-worker1,1,2026-06-06 08:18:14 UTC,15047072,15444776,182976,1.14,47756,602516,199852,1.25,206612,496964,52
cloud-k3s-pool-workers-worker1,1,2026-06-06 08:18:15 UTC,15047072,15444776,182964,1.14,47756,602528,199852,1.25,206612,496964,64
cloud-k3s-pool-workers-worker1,1,2026-06-06 08:18:16 UTC,15047072,15444776,182944,1.14,47768,602536,199852,1.25,206612,496964,72
cloud-k3s-pool-workers-worker1,1,2026-06-06 08:18:17 UTC,15047072,15444776,182944,1.14,47768,602536,199852,1.25,206612,496964,72
cloud-k3s-pool-workers-worker1,1,2026-06-06 08:18:18 UTC,15047072,15444820,182924,1.14,47768,602556,199852,1.25,206612,497008,16
cloud-k3s-pool-workers-worker1,1,2026-06-06 08:18:19 UTC,15047072,15444820,182912,1.14,47768,602568,199852,1.25,206612,497008,28
cloud-k3s-pool-workers-worker1,1,2026-06-06 08:18:20 UTC,15047072,15444820,182900,1.14,47768,602580,199852,1.25,206612,497008,40
cloud-k3s-pool-workers-worker1,1,2026-06-06 08:18:21 UTC,15047072,15444880,182876,1.14,47780,602588,199852,1.25,206612,497068,216
cloud-k3s-pool-workers-worker1,1,2026-06-06 08:18:22 UTC,15047072,15444880,182864,1.14,47780,602600,199852,1.25,206612,497068,228
cloud-k3s-pool-workers-worker1,1,2026-06-06 08:18:23 UTC,15047072,15444940,182856,1.14,47780,602608,199852,1.25,206612,497128,240
cloud-k3s-pool-workers-worker1,1,2026-06-06 08:18:24 UTC,15047072,15444940,182844,1.14,47780,602620,199852,1.25,206612,497128,196
cloud-k3s-pool-workers-worker1,1,2026-06-06 08:18:25 UTC,15047072,15444940,182836,1.14,47780,602628,199852,1.25,206612,497128,204
cloud-k3s-pool-workers-worker1,1,2026-06-06 08:18:26 UTC,15047072,15444972,182812,1.14,47792,602640,199852,1.25,206612,497160,192
cloud-k3s-pool-workers-worker1,1,2026-06-06 08:18:27 UTC,15047072,15444972,182804,1.14,47792,602648,199852,1.25,206612,497160,200
cloud-k3s-pool-workers-worker1,1,2026-06-06 08:18:28 UTC,15046808,15444708,183056,1.15,47792,602660,199852,1.25,206612,497160,20
cloud-k3s-pool-workers-worker1,1,2026-06-06 08:18:29 UTC,15047056,15444956,182800,1.14,47792,602668,199852,1.25,206612,497160,28
cloud-k3s-pool-workers-worker1,1,2026-06-06 08:18:30 UTC,15047632,15445532,182212,1.14,47792,602680,199852,1.25,206612,497160,40
cloud-k3s-pool-workers-worker1,1,2026-06-06 08:18:31 UTC,15047632,15445532,182188,1.14,47804,602692,199852,1.25,206612,497160,220
cloud-k3s-pool-workers-worker1,1,2026-06-06 08:18:32 UTC,15047632,15445532,182188,1.14,47804,602692,199852,1.25,206612,497160,20
cloud-k3s-pool-workers-worker1,1,2026-06-06 08:18:33 UTC,15047632,15445532,182188,1.14,47804,602692,199852,1.25,206612,497160,20
cloud-k3s-pool-workers-worker1,1,2026-06-06 08:18:34 UTC,15047632,15445592,182156,1.14,47804,602724,199852,1.25,206612,497220,56
cloud-k3s-pool-workers-worker1,1,2026-06-06 08:18:35 UTC,15047632,15445592,182144,1.14,47804,602736,199852,1.25,206612,497220,68
cloud-k3s-pool-workers-worker1,1,2026-06-06 08:18:36 UTC,15047128,15445092,182624,1.14,47816,602744,199852,1.25,206612,497220,76
cloud-k3s-pool-workers-worker1,1,2026-06-06 08:18:37 UTC,15047128,15445144,182612,1.14,47816,602756,199852,1.25,206612,497272,208
cloud-k3s-pool-workers-worker1,1,2026-06-06 08:18:38 UTC,15047128,15445144,182604,1.14,47816,602764,199852,1.25,206612,497272,152
cloud-k3s-pool-workers-worker1,1,2026-06-06 08:18:39 UTC,15047128,15445144,182592,1.14,47816,602776,199852,1.25,206612,497272,168
cloud-k3s-pool-workers-worker1,1,2026-06-06 08:18:40 UTC,15047128,15445144,182592,1.14,47816,602776,199852,1.25,206612,497272,168
cloud-k3s-pool-workers-worker1,1,2026-06-06 08:18:41 UTC,15047128,15445144,182556,1.14,47828,602796,199852,1.25,206612,497272,228
cloud-k3s-pool-workers-worker1,1,2026-06-06 08:18:42 UTC,15047128,15445192,182548,1.14,47828,602804,199852,1.25,206612,497320,68
cloud-k3s-pool-workers-worker1,1,2026-06-06 08:18:43 UTC,15047128,15445204,182536,1.14,47828,602816,199852,1.25,206612,497332,24
cloud-k3s-pool-workers-worker1,1,2026-06-06 08:18:44 UTC,15047128,15445204,182524,1.14,47828,602828,199852,1.25,206612,497332,40
cloud-k3s-pool-workers-worker1,1,2026-06-06 08:18:45 UTC,15047128,15445204,182516,1.14,47828,602836,199852,1.25,206612,497332,48
cloud-k3s-pool-workers-worker1,1,2026-06-06 08:18:46 UTC,15047128,15445296,182492,1.14,47840,602848,199852,1.25,206612,497424,36
cloud-k3s-pool-workers-worker1,1,2026-06-06 08:18:47 UTC,15047128,15445296,182484,1.14,47840,602856,199852,1.25,206612,497424,0
cloud-k3s-pool-workers-worker1,1,2026-06-06 08:18:48 UTC,15047128,15445296,182472,1.14,47840,602868,199852,1.25,206612,497424,4
cloud-k3s-pool-workers-worker1,1,2026-06-06 08:18:49 UTC,15047128,15445296,182472,1.14,47840,602868,199852,1.25,206612,497424,4
cloud-k3s-pool-workers-worker1,1,2026-06-06 08:18:50 UTC,15047128,15445296,182452,1.14,47840,602888,199852,1.25,206612,497424,28
cloud-k3s-pool-workers-worker1,1,2026-06-06 08:18:51 UTC,15047128,15445296,182432,1.14,47852,602896,199852,1.25,206612,497424,204
cloud-k3s-pool-workers-worker1,1,2026-06-06 08:18:52 UTC,15047128,15445360,182416,1.14,47852,602908,199852,1.25,206612,497484,216
cloud-k3s-pool-workers-worker1,1,2026-06-06 08:18:53 UTC,15047128,15445360,182416,1.14,47852,602908,199852,1.25,206612,497484,216
cloud-k3s-pool-workers-worker1,1,2026-06-06 08:18:54 UTC,15047128,15445360,182396,1.14,47852,602928,199852,1.25,206612,497484,188
cloud-k3s-pool-workers-worker1,1,2026-06-06 08:18:55 UTC,15047128,15445360,182388,1.14,47852,602936,199852,1.25,206612,497484,196
cloud-k3s-pool-workers-worker1,1,2026-06-06 08:18:56 UTC,15047128,15445360,182364,1.14,47864,602948,199852,1.25,206612,497484,220
cloud-k3s-pool-workers-worker1,1,2026-06-06 08:18:57 UTC,15047128,15445412,182352,1.14,47864,602960,199852,1.25,206612,497536,76
cloud-k3s-pool-workers-worker1,1,2026-06-06 08:18:58 UTC,15047128,15445412,182344,1.14,47864,602968,199852,1.25,206612,497536,4
cloud-k3s-pool-workers-worker1,1,2026-06-06 08:18:59 UTC,15047112,15445396,182360,1.14,47864,602968,199852,1.25,206612,497536,4
cloud-k3s-pool-workers-worker1,1,2026-06-06 08:19:00 UTC,15047112,15445396,182340,1.14,47864,602988,199852,1.25,206612,497536,28
cloud-k3s-pool-workers-worker1,1,2026-06-06 08:19:01 UTC,15046860,15445144,182568,1.14,47876,603000,199852,1.25,206612,497536,216
cloud-k3s-pool-workers-worker1,1,2026-06-06 08:19:02 UTC,15046860,15445192,182560,1.14,47876,603008,199852,1.25,206612,497584,76
cloud-k3s-pool-workers-worker1,1,2026-06-06 08:19:03 UTC,15046860,15445192,182548,1.14,47876,603020,199852,1.25,206612,497584,88
cloud-k3s-pool-workers-worker1,1,2026-06-06 08:19:04 UTC,15046860,15445204,182540,1.14,47876,603028,199852,1.25,206612,497596,44
cloud-k3s-pool-workers-worker1,1,2026-06-06 08:19:05 UTC,15046860,15445204,182528,1.14,47876,603040,199852,1.25,206612,497596,56
cloud-k3s-pool-workers-worker1,1,2026-06-06 08:19:06 UTC,15046860,15445204,182508,1.14,47888,603048,199852,1.25,206612,497596,208
cloud-k3s-pool-workers-worker1,1,2026-06-06 08:19:07 UTC,15046860,15445204,182492,1.14,47888,603060,199852,1.25,206612,497596,220
cloud-k3s-pool-workers-worker1,1,2026-06-06 08:19:08 UTC,15046860,15445204,182480,1.14,47888,603072,199852,1.25,206612,497596,148
cloud-k3s-pool-workers-worker1,1,2026-06-06 08:19:09 UTC,15046596,15444940,182744,1.14,47888,603072,199852,1.25,206612,497596,148
cloud-k3s-pool-workers-worker1,1,2026-06-06 08:19:10 UTC,15046596,15445000,182724,1.14,47888,603092,199852,1.25,206612,497656,172
cloud-k3s-pool-workers-worker1,1,2026-06-06 08:19:11 UTC,15046596,15445060,182704,1.14,47900,603100,199852,1.25,206612,497716,216
cloud-k3s-pool-workers-worker1,1,2026-06-06 08:19:12 UTC,15046596,15445060,182692,1.14,47900,603112,199852,1.25,206612,497716,228
cloud-k3s-pool-workers-worker1,1,2026-06-06 08:19:13 UTC,15046596,15445060,182692,1.14,47900,603112,199852,1.25,206612,497716,228
cloud-k3s-pool-workers-worker1,1,2026-06-06 08:19:14 UTC,15046844,15445308,182424,1.14,47900,603132,199852,1.25,206612,497716,44
cloud-k3s-pool-workers-worker1,1,2026-06-06 08:19:15 UTC,15046844,15445368,182416,1.14,47900,603140,199852,1.25,206612,497776,52
cloud-k3s-pool-workers-worker1,1,2026-06-06 08:19:16 UTC,15046844,15445380,182392,1.14,47912,603152,199852,1.25,206612,497788,40
cloud-k3s-pool-workers-worker1,1,2026-06-06 08:19:17 UTC,15046844,15445500,182256,1.14,47912,603288,199852,1.25,206720,497800,44
cloud-k3s-pool-workers-worker1,1,2026-06-06 08:19:18 UTC,15046844,15445500,182244,1.14,47912,603300,199852,1.25,206720,497800,56
cloud-k3s-pool-workers-worker1,1,2026-06-06 08:19:19 UTC,15046844,15445500,182236,1.14,47912,603308,199852,1.25,206720,497800,0
cloud-k3s-pool-workers-worker1,1,2026-06-06 08:19:20 UTC,15046844,15445560,182224,1.14,47912,603320,199852,1.25,206740,497840,16
cloud-k3s-pool-workers-worker1,1,2026-06-06 08:19:21 UTC,15046844,15445560,182200,1.14,47924,603332,199852,1.25,206740,497840,200
cloud-k3s-pool-workers-worker1,1,2026-06-06 08:19:22 UTC,15046844,15445564,182188,1.14,47924,603340,199852,1.25,206740,497840,212
cloud-k3s-pool-workers-worker1,1,2026-06-06 08:19:23 UTC,15046844,15445564,182176,1.14,47924,603352,199852,1.25,206740,497840,224
cloud-k3s-pool-workers-worker1,1,2026-06-06 08:19:24 UTC,15046844,15445564,182168,1.14,47924,603360,199852,1.25,206740,497840,176
cloud-k3s-pool-workers-worker1,1,2026-06-06 08:19:25 UTC,15046844,15445564,182156,1.14,47924,603372,199852,1.25,206740,497840,192
cloud-k3s-pool-workers-worker1,1,2026-06-06 08:19:26 UTC,15046844,15445624,182136,1.14,47936,603380,199852,1.25,206740,497900,212
cloud-k3s-pool-workers-worker1,1,2026-06-06 08:19:27 UTC,15046844,15445624,182124,1.14,47936,603392,199852,1.25,206740,497900,40
cloud-k3s-pool-workers-worker1,1,2026-06-06 08:19:28 UTC,15047104,15445884,181856,1.14,47936,603400,199852,1.25,206740,497900,48
cloud-k3s-pool-workers-worker1,1,2026-06-06 08:19:29 UTC,15047336,15446140,181612,1.14,47936,603412,199852,1.25,206740,497924,4
cloud-k3s-pool-workers-worker1,1,2026-06-06 08:19:30 UTC,15047336,15446140,181604,1.14,47936,603420,199852,1.25,206740,497924,16
cloud-k3s-pool-workers-worker1,1,2026-06-06 08:19:31 UTC,15047084,15445888,181832,1.14,47948,603432,199852,1.25,206740,497924,192
cloud-k3s-pool-workers-worker1,1,2026-06-06 08:19:32 UTC,15047084,15445948,181820,1.14,47948,603444,199852,1.25,206740,497984,204
cloud-k3s-pool-workers-worker1,1,2026-06-06 08:19:33 UTC,15046104,15444992,182792,1.14,47948,603452,202832,1.27,208096,498008,212
cloud-k3s-pool-workers-worker1,1,2026-06-06 08:19:34 UTC,15045096,15443984,183788,1.15,47948,603464,203304,1.27,208436,498008,260
cloud-k3s-pool-workers-worker1,1,2026-06-06 08:19:35 UTC,15045096,15443984,183780,1.15,47948,603472,203304,1.27,208436,498008,284
cloud-k3s-pool-workers-worker1,1,2026-06-06 08:19:36 UTC,15047968,15446900,180884,1.13,47960,603484,199852,1.25,206784,498052,68
cloud-k3s-pool-workers-worker1,1,2026-06-06 08:19:37 UTC,15047968,15446900,180876,1.13,47960,603492,199852,1.25,206740,498052,44
cloud-k3s-pool-workers-worker1,1,2026-06-06 08:19:38 UTC,15047968,15446900,180864,1.13,47960,603504,199852,1.25,206740,498052,56
cloud-k3s-pool-workers-worker1,1,2026-06-06 08:19:39 UTC,15047968,15446928,180856,1.13,47960,603512,199852,1.25,206740,498080,60
cloud-k3s-pool-workers-worker1,1,2026-06-06 08:19:40 UTC,15047968,15446928,180844,1.13,47960,603524,199852,1.25,206740,498080,24
cloud-k3s-pool-workers-worker1,1,2026-06-06 08:19:41 UTC,15047464,15446428,181324,1.13,47972,603532,199852,1.25,206740,498080,204
cloud-k3s-pool-workers-worker1,1,2026-06-06 08:19:42 UTC,15046456,15445452,182320,1.14,47972,603544,199852,1.25,206740,498112,72
cloud-k3s-pool-workers-worker1,1,2026-06-06 08:19:43 UTC,15046456,15445452,182308,1.14,47972,603556,199852,1.25,206740,498112,84
cloud-k3s-pool-workers-worker1,1,2026-06-06 08:19:44 UTC,15046456,15445452,182300,1.14,47972,603564,199852,1.25,206740,498112,92
cloud-k3s-pool-workers-worker1,1,2026-06-06 08:19:45 UTC,15046456,15445452,182288,1.14,47972,603576,199852,1.25,206740,498112,108
cloud-k3s-pool-workers-worker1,1,2026-06-06 08:19:46 UTC,15046456,15445452,182268,1.14,47984,603584,199852,1.25,206740,498112,204
cloud-k3s-pool-workers-worker1,1,2026-06-06 08:19:47 UTC,15046456,15445452,182256,1.14,47984,603596,199852,1.25,206740,498112,188
cloud-k3s-pool-workers-worker1,1,2026-06-06 08:19:48 UTC,15046456,15445512,182248,1.14,47984,603604,199852,1.25,206740,498172,196
cloud-k3s-pool-workers-worker1,1,2026-06-06 08:19:49 UTC,15046456,15445512,182248,1.14,47984,603604,199852,1.25,206740,498172,196
cloud-k3s-pool-workers-worker1,1,2026-06-06 08:19:50 UTC,15046456,15445512,182228,1.14,47984,603624,199852,1.25,206740,498172,164
cloud-k3s-pool-workers-worker1,1,2026-06-06 08:19:51 UTC,15046456,15445544,182204,1.14,47996,603636,199852,1.25,206740,498204,56
cloud-k3s-pool-workers-worker1,1,2026-06-06 08:19:52 UTC,15046456,15445544,182192,1.14,47996,603644,199852,1.25,206740,498204,64
cloud-k3s-pool-workers-worker1,1,2026-06-06 08:19:53 UTC,15046456,15445544,182192,1.14,47996,603644,199852,1.25,206740,498204,64
cloud-k3s-pool-workers-worker1,1,2026-06-06 08:19:54 UTC,15046204,15445320,182424,1.14,47996,603664,199852,1.25,206740,498232,28
cloud-k3s-pool-workers-worker1,1,2026-06-06 08:19:55 UTC,15046204,15445320,182412,1.14,47996,603676,199852,1.25,206740,498232,44
cloud-k3s-pool-workers-worker1,1,2026-06-06 08:19:56 UTC,15046204,15445368,182388,1.14,48008,603688,199852,1.25,206740,498280,176
cloud-k3s-pool-workers-worker1,1,2026-06-06 08:19:57 UTC,15046204,15445400,182380,1.14,48008,603696,199852,1.25,206740,498312,44
cloud-k3s-pool-workers-worker1,1,2026-06-06 08:19:58 UTC,15046204,15445400,182368,1.14,48008,603708,199852,1.25,206740,498312,56
cloud-k3s-pool-workers-worker1,1,2026-06-06 08:19:59 UTC,15046204,15445400,182360,1.14,48008,603716,199852,1.25,206740,498312,8
cloud-k3s-pool-workers-worker1,1,2026-06-06 08:20:00 UTC,15043968,15443196,184584,1.15,48008,603728,202700,1.27,207828,498344,24
cloud-k3s-pool-workers-worker1,1,2026-06-06 08:20:01 UTC,15043968,15443208,184564,1.15,48020,603736,203036,1.27,208336,498356,256
cloud-k3s-pool-workers-worker1,1,2026-06-06 08:20:02 UTC,15043968,15443220,184552,1.15,48020,603748,203036,1.27,208384,498368,268
cloud-k3s-pool-workers-worker1,1,2026-06-06 08:20:03 UTC,15043968,15443220,184552,1.15,48020,603748,203036,1.27,208384,498368,268
cloud-k3s-pool-workers-worker1,1,2026-06-06 08:20:04 UTC,15043968,15443220,184532,1.15,48020,603768,203036,1.27,208384,498368,320
cloud-k3s-pool-workers-worker1,1,2026-06-06 08:20:05 UTC,15047900,15447188,180560,1.13,48020,603776,199852,1.25,206692,498404,360
cloud-k3s-pool-workers-worker1,1,2026-06-06 08:20:06 UTC,15047900,15447188,180548,1.13,48032,603776,199852,1.25,206692,498404,388
cloud-k3s-pool-workers-worker1,1,2026-06-06 08:20:07 UTC,15047900,15447216,180532,1.13,48032,603788,199852,1.25,206692,498428,68
cloud-k3s-pool-workers-worker1,1,2026-06-06 08:20:08 UTC,15047892,15447220,180520,1.13,48032,603808,199852,1.25,206692,498440,48
cloud-k3s-pool-workers-worker1,1,2026-06-06 08:20:09 UTC,15047892,15447220,180520,1.13,48032,603808,199852,1.25,206692,498440,44
cloud-k3s-pool-workers-worker1,1,2026-06-06 08:20:10 UTC,15047892,15447248,180500,1.13,48032,603828,199852,1.25,206692,498468,4
cloud-k3s-pool-workers-worker1,1,2026-06-06 08:20:11 UTC,15047640,15446996,180728,1.13,48044,603840,199852,1.25,206692,498468,200
cloud-k3s-pool-workers-worker1,1,2026-06-06 08:20:12 UTC,15047640,15446996,180720,1.13,48044,603848,199852,1.25,206692,498468,60
cloud-k3s-pool-workers-worker1,1,2026-06-06 08:20:13 UTC,15047632,15446988,180716,1.13,48044,603860,199852,1.25,206692,498468,72
cloud-k3s-pool-workers-worker1,1,2026-06-06 08:20:14 UTC,15047632,15446988,180716,1.13,48044,603860,199852,1.25,206692,498468,72
cloud-k3s-pool-workers-worker1,1,2026-06-06 08:20:15 UTC,15047632,15446988,180716,1.13,48044,603860,199852,1.25,206692,498468,72
cloud-k3s-pool-workers-worker1,1,2026-06-06 08:20:16 UTC,15047380,15446796,180940,1.13,48056,603876,199852,1.25,206692,498528,160
cloud-k3s-pool-workers-worker1,1,2026-06-06 08:20:17 UTC,15047380,15446796,180928,1.13,48056,603888,199852,1.25,206692,498528,172
cloud-k3s-pool-workers-worker1,1,2026-06-06 08:20:18 UTC,15047380,15446796,180908,1.13,48056,603908,199852,1.25,206692,498528,180
cloud-k3s-pool-workers-worker1,1,2026-06-06 08:20:19 UTC,15047640,15447056,180636,1.13,48056,603920,199852,1.25,206692,498528,192
cloud-k3s-pool-workers-worker1,1,2026-06-06 08:20:20 UTC,15047780,15447208,180484,1.13,48056,603932,199852,1.25,206692,498540,148
cloud-k3s-pool-workers-worker1,1,2026-06-06 08:20:21 UTC,15047528,15446956,180724,1.13,48068,603932,199852,1.25,206692,498540,200
cloud-k3s-pool-workers-worker1,1,2026-06-06 08:20:22 UTC,15047528,15447036,180700,1.13,48068,603952,199852,1.25,206692,498620,52
cloud-k3s-pool-workers-worker1,1,2026-06-06 08:20:23 UTC,15047528,15447036,180692,1.13,48068,603960,199852,1.25,206692,498620,60
cloud-k3s-pool-workers-worker1,1,2026-06-06 08:20:24 UTC,15047528,15447036,180680,1.13,48068,603972,199852,1.25,206692,498620,72
cloud-k3s-pool-workers-worker1,1,2026-06-06 08:20:25 UTC,15047528,15447036,180672,1.13,48068,603980,199852,1.25,206692,498620,80
cloud-k3s-pool-workers-worker1,1,2026-06-06 08:20:26 UTC,15047520,15447028,180668,1.13,48080,603980,199852,1.25,206692,498620,44
cloud-k3s-pool-workers-worker1,1,2026-06-06 08:20:27 UTC,15047520,15447028,180668,1.13,48080,603980,199852,1.25,206692,498620,0
cloud-k3s-pool-workers-worker1,1,2026-06-06 08:20:28 UTC,15047520,15447088,180636,1.13,48080,604012,199852,1.25,206692,498680,36
cloud-k3s-pool-workers-worker1,1,2026-06-06 08:20:29 UTC,15047520,15447088,180628,1.13,48080,604020,199852,1.25,206692,498680,44
cloud-k3s-pool-workers-worker1,1,2026-06-06 08:20:30 UTC,15047520,15447088,180616,1.13,48080,604032,199852,1.25,206692,498680,56
cloud-k3s-pool-workers-worker1,1,2026-06-06 08:20:31 UTC,15047520,15447088,180604,1.13,48092,604032,199852,1.25,206692,498680,220
cloud-k3s-pool-workers-worker1,1,2026-06-06 08:20:32 UTC,15047520,15447088,180584,1.13,48092,604052,199852,1.25,206692,498680,204
cloud-k3s-pool-workers-worker1,1,2026-06-06 08:20:33 UTC,15047520,15447088,180572,1.13,48092,604064,199852,1.25,206692,498680,216
cloud-k3s-pool-workers-worker1,1,2026-06-06 08:20:34 UTC,15047520,15447148,180564,1.13,48092,604072,199852,1.25,206692,498740,224
cloud-k3s-pool-workers-worker1,1,2026-06-06 08:20:35 UTC,15047520,15447148,180552,1.13,48092,604084,199852,1.25,206692,498740,236
cloud-k3s-pool-workers-worker1,1,2026-06-06 08:20:36 UTC,15047512,15447164,180540,1.13,48104,604092,199852,1.25,206692,498764,16
cloud-k3s-pool-workers-worker1,1,2026-06-06 08:20:37 UTC,15047512,15447168,180524,1.13,48104,604104,199852,1.25,206692,498764,28
cloud-k3s-pool-workers-worker1,1,2026-06-06 08:20:38 UTC,15047512,15447168,180524,1.13,48104,604104,199852,1.25,206692,498764,28
cloud-k3s-pool-workers-worker1,1,2026-06-06 08:20:39 UTC,15047512,15447168,180504,1.13,48104,604124,199852,1.25,206692,498764,48
cloud-k3s-pool-workers-worker1,1,2026-06-06 08:20:40 UTC,15047512,15447228,180496,1.13,48104,604132,199852,1.25,206692,498824,56
cloud-k3s-pool-workers-worker1,1,2026-06-06 08:20:41 UTC,15047512,15447228,180484,1.13,48112,604136,199852,1.25,206692,498824,220
cloud-k3s-pool-workers-worker1,1,2026-06-06 08:20:42 UTC,15047512,15447252,180468,1.13,48112,604152,199852,1.25,206692,498848,60
cloud-k3s-pool-workers-worker1,1,2026-06-06 08:20:43 UTC,15047512,15447252,180456,1.13,48112,604164,199852,1.25,206692,498848,72
cloud-k3s-pool-workers-worker1,1,2026-06-06 08:20:44 UTC,15047512,15447252,180444,1.13,48112,604176,199852,1.25,206692,498848,84
cloud-k3s-pool-workers-worker1,1,2026-06-06 08:20:45 UTC,15047260,15447000,180688,1.13,48112,604184,199852,1.25,206692,498848,92
cloud-k3s-pool-workers-worker1,1,2026-06-06 08:20:46 UTC,15047260,15447044,180676,1.13,48120,604188,199852,1.25,206692,498892,184
cloud-k3s-pool-workers-worker1,1,2026-06-06 08:20:47 UTC,15047260,15447044,180668,1.13,48120,604196,199852,1.25,206692,498892,164
cloud-k3s-pool-workers-worker1,1,2026-06-06 08:20:48 UTC,15047260,15447044,180648,1.13,48120,604216,199852,1.25,206692,498892,176
cloud-k3s-pool-workers-worker1,1,2026-06-06 08:20:49 UTC,15047260,15447044,180648,1.13,48120,604216,199852,1.25,206692,498892,176
cloud-k3s-pool-workers-worker1,1,2026-06-06 08:20:50 UTC,15047260,15447044,180628,1.13,48120,604236,199852,1.25,206692,498892,196
cloud-k3s-pool-workers-worker1,1,2026-06-06 08:20:51 UTC,15047260,15447044,180620,1.13,48128,604236,199852,1.25,206692,498892,216
cloud-k3s-pool-workers-worker1,1,2026-06-06 08:20:52 UTC,15047260,15447128,180596,1.13,48128,604256,199852,1.25,206692,498976,16
cloud-k3s-pool-workers-worker1,1,2026-06-06 08:20:53 UTC,15047260,15447128,180588,1.13,48128,604264,199852,1.25,206692,498976,28
cloud-k3s-pool-workers-worker1,1,2026-06-06 08:20:54 UTC,15047260,15447128,180576,1.13,48128,604276,199852,1.25,206692,498976,40
cloud-k3s-pool-workers-worker1,1,2026-06-06 08:20:55 UTC,15047260,15447128,180564,1.13,48128,604288,199852,1.25,206692,498976,52
cloud-k3s-pool-workers-worker1,1,2026-06-06 08:20:56 UTC,15047260,15447168,180556,1.13,48136,604288,199852,1.25,206692,499016,184
cloud-k3s-pool-workers-worker1,1,2026-06-06 08:20:57 UTC,15047260,15447168,180544,1.13,48136,604300,199852,1.25,206692,499016,196
cloud-k3s-pool-workers-worker1,1,2026-06-06 08:20:58 UTC,15047260,15447168,180528,1.13,48136,604316,199852,1.25,206740,499016,152
cloud-k3s-pool-workers-worker1,1,2026-06-06 08:20:59 UTC,15047260,15447168,180516,1.13,48136,604328,199852,1.25,206740,499016,168
cloud-k3s-pool-workers-worker1,1,2026-06-06 08:21:00 UTC,15047624,15447532,180144,1.13,48136,604336,199852,1.25,206740,499016,176
cloud-k3s-pool-workers-worker1,1,2026-06-06 08:21:01 UTC,15047624,15447532,180144,1.13,48144,604328,199852,1.25,206740,499016,176
cloud-k3s-pool-workers-worker1,1,2026-06-06 08:21:02 UTC,15047624,15447600,180116,1.13,48144,604356,199852,1.25,206740,499084,68
cloud-k3s-pool-workers-worker1,1,2026-06-06 08:21:03 UTC,15047624,15447600,180104,1.13,48144,604368,199852,1.25,206740,499084,80
cloud-k3s-pool-workers-worker1,1,2026-06-06 08:21:04 UTC,15047624,15447600,180096,1.13,48144,604376,199852,1.25,206740,499084,88
cloud-k3s-pool-workers-worker1,1,2026-06-06 08:21:05 UTC,15047624,15447600,180096,1.13,48144,604376,199852,1.25,206740,499084,88
cloud-k3s-pool-workers-worker1,1,2026-06-06 08:21:06 UTC,15047624,15447600,180068,1.13,48152,604396,199852,1.25,206740,499084,200
cloud-k3s-pool-workers-worker1,1,2026-06-06 08:21:07 UTC,15047624,15447604,180052,1.13,48152,604408,199852,1.25,206740,499084,36
cloud-k3s-pool-workers-worker1,1,2026-06-06 08:21:08 UTC,15047624,15447664,180040,1.13,48152,604420,199852,1.25,206740,499144,52
cloud-k3s-pool-workers-worker1,1,2026-06-06 08:21:09 UTC,15047624,15447664,180040,1.13,48152,604420,199852,1.25,206740,499144,52
cloud-k3s-pool-workers-worker1,1,2026-06-06 08:21:10 UTC,15047624,15447664,180020,1.13,48152,604440,199852,1.25,206740,499144,72
cloud-k3s-pool-workers-worker1,1,2026-06-06 08:21:11 UTC,15047624,15447664,180012,1.13,48160,604440,199852,1.25,206740,499144,228
cloud-k3s-pool-workers-worker1,1,2026-06-06 08:21:12 UTC,15047624,15447664,180000,1.13,48160,604452,199852,1.25,206740,499144,240
cloud-k3s-pool-workers-worker1,1,2026-06-06 08:21:13 UTC,15047624,15447664,179980,1.13,48160,604472,199852,1.25,206740,499144,272
cloud-k3s-pool-workers-worker1,1,2026-06-06 08:21:14 UTC,15047624,15447724,179968,1.13,48160,604484,199852,1.25,206740,499204,284
cloud-k3s-pool-workers-worker1,1,2026-06-06 08:21:15 UTC,15047624,15447724,179960,1.13,48160,604492,199852,1.25,206740,499204,292
cloud-k3s-pool-workers-worker1,1,2026-06-06 08:21:16 UTC,15047372,15447472,180200,1.13,48160,604504,199852,1.25,206740,499204,316
cloud-k3s-pool-workers-worker1,1,2026-06-06 08:21:17 UTC,15047372,15447472,180192,1.13,48168,604504,199852,1.25,206740,499204,324
cloud-k3s-pool-workers-worker1,1,2026-06-06 08:21:18 UTC,15047372,15447488,180172,1.13,48168,604524,199852,1.25,206740,499220,172
cloud-k3s-pool-workers-worker1,1,2026-06-06 08:21:19 UTC,15047372,15447488,180160,1.13,48168,604536,199852,1.25,206740,499220,184
cloud-k3s-pool-workers-worker1,1,2026-06-06 08:21:20 UTC,15047372,15447548,180152,1.13,48168,604544,199852,1.25,206740,499280,192
cloud-k3s-pool-workers-worker1,1,2026-06-06 08:21:21 UTC,15047372,15447548,180152,1.13,48168,604544,199852,1.25,206740,499280,192
cloud-k3s-pool-workers-worker1,1,2026-06-06 08:21:22 UTC,15047372,15447556,180132,1.13,48168,604564,199852,1.25,206740,499288,196
cloud-k3s-pool-workers-worker1,1,2026-06-06 08:21:23 UTC,15047372,15447556,180108,1.13,48176,604576,199852,1.25,206740,499288,228
cloud-k3s-pool-workers-worker1,1,2026-06-06 08:21:24 UTC,15047372,15447556,180100,1.13,48176,604584,199852,1.25,206740,499288,236
cloud-k3s-pool-workers-worker1,1,2026-06-06 08:21:25 UTC,15047372,15447556,180100,1.13,48176,604584,199852,1.25,206740,499288,236
cloud-k3s-pool-workers-worker1,1,2026-06-06 08:21:26 UTC,15047372,15447616,180080,1.13,48176,604604,199852,1.25,206740,499348,404
cloud-k3s-pool-workers-worker1,1,2026-06-06 08:21:27 UTC,15047372,15447616,180068,1.13,48176,604616,199852,1.25,206740,499348,416
cloud-k3s-pool-workers-worker1,1,2026-06-06 08:21:28 UTC,15047372,15447640,180060,1.13,48176,604624,199852,1.25,206740,499372,404
cloud-k3s-pool-workers-worker1,1,2026-06-06 08:21:29 UTC,15047372,15447640,180060,1.13,48184,604616,199852,1.25,206740,499372,404
cloud-k3s-pool-workers-worker1,1,2026-06-06 08:21:30 UTC,15047364,15447632,180040,1.13,48184,604644,199852,1.25,206740,499372,440
cloud-k3s-pool-workers-worker1,1,2026-06-06 08:21:31 UTC,15047364,15447632,180028,1.13,48184,604656,199852,1.25,206740,499372,464
cloud-k3s-pool-workers-worker1,1,2026-06-06 08:21:32 UTC,15047364,15447676,180016,1.13,48184,604668,199852,1.25,206740,499416,316
cloud-k3s-pool-workers-worker1,1,2026-06-06 08:21:33 UTC,15047364,15447676,180008,1.13,48184,604676,199852,1.25,206740,499416,324
cloud-k3s-pool-workers-worker1,1,2026-06-06 08:21:34 UTC,15047364,15447696,179996,1.13,48184,604688,199852,1.25,206740,499436,320
cloud-k3s-pool-workers-worker1,1,2026-06-06 08:21:35 UTC,15047364,15447700,179980,1.13,48192,604696,199852,1.25,206740,499440,24
cloud-k3s-pool-workers-worker1,1,2026-06-06 08:21:36 UTC,15047364,15447700,179968,1.13,48192,604708,199852,1.25,206740,499440,192
cloud-k3s-pool-workers-worker1,1,2026-06-06 08:21:37 UTC,15047624,15447988,179700,1.12,48192,604716,199852,1.25,206740,499468,48
cloud-k3s-pool-workers-worker1,1,2026-06-06 08:21:38 UTC,15047856,15448224,179452,1.12,48192,604728,199852,1.25,206740,499468,52
cloud-k3s-pool-workers-worker1,1,2026-06-06 08:21:39 UTC,15047856,15448224,179444,1.12,48192,604736,199852,1.25,206740,499468,60
cloud-k3s-pool-workers-worker1,1,2026-06-06 08:21:40 UTC,15047856,15448224,179432,1.12,48192,604748,199852,1.25,206740,499468,56
cloud-k3s-pool-workers-worker1,1,2026-06-06 08:21:41 UTC,15047856,15448264,179400,1.12,48216,604756,199852,1.25,206740,499508,252
cloud-k3s-pool-workers-worker1,1,2026-06-06 08:21:42 UTC,15047856,15448264,179388,1.12,48216,604768,199852,1.25,206740,499508,264
cloud-k3s-pool-workers-worker1,1,2026-06-06 08:21:43 UTC,15047856,15448264,179376,1.12,48216,604780,199852,1.25,206740,499508,276
cloud-k3s-pool-workers-worker1,1,2026-06-06 08:21:44 UTC,15047856,15448264,179376,1.12,48216,604780,199852,1.25,206740,499508,276
cloud-k3s-pool-workers-worker1,1,2026-06-06 08:21:45 UTC,15047856,15448264,179376,1.12,48216,604780,199852,1.25,206740,499508,276
cloud-k3s-pool-workers-worker1,1,2026-06-06 08:21:46 UTC,15047604,15448060,179600,1.12,48224,604800,199852,1.25,206740,499556,120
cloud-k3s-pool-workers-worker1,1,2026-06-06 08:21:47 UTC,15047604,15448120,179588,1.12,48224,604812,199852,1.25,206740,499616,132
cloud-k3s-pool-workers-worker1,1,2026-06-06 08:21:48 UTC,15047604,15448120,179572,1.12,48224,604828,199852,1.25,206740,499616,152
cloud-k3s-pool-workers-worker1,1,2026-06-06 08:21:49 UTC,15047604,15448120,179572,1.12,48224,604828,199852,1.25,206740,499616,152
cloud-k3s-pool-workers-worker1,1,2026-06-06 08:21:50 UTC,15047604,15448120,179552,1.12,48224,604848,199852,1.25,206740,499616,172
cloud-k3s-pool-workers-worker1,1,2026-06-06 08:21:51 UTC,15047604,15448120,179540,1.12,48224,604860,199852,1.25,206740,499616,332
cloud-k3s-pool-workers-worker1,1,2026-06-06 08:21:52 UTC,15047604,15448156,179524,1.12,48232,604868,199852,1.25,206740,499652,328
cloud-k3s-pool-workers-worker1,1,2026-06-06 08:21:53 UTC,15047604,15448216,179508,1.12,48232,604880,199852,1.25,206740,499712,340
cloud-k3s-pool-workers-worker1,1,2026-06-06 08:21:54 UTC,15047604,15448216,179496,1.12,48232,604892,199852,1.25,206740,499712,352
cloud-k3s-pool-workers-worker1,1,2026-06-06 08:21:55 UTC,15047604,15448216,179488,1.12,48232,604900,199852,1.25,206740,499712,360
cloud-k3s-pool-workers-worker1,1,2026-06-06 08:21:56 UTC,15047604,15448216,179476,1.12,48232,604912,199852,1.25,206740,499712,384
cloud-k3s-pool-workers-worker1,1,2026-06-06 08:21:57 UTC,15047604,15448216,179468,1.12,48240,604912,199852,1.25,206740,499712,392
cloud-k3s-pool-workers-worker1,1,2026-06-06 08:21:58 UTC,15047604,15448216,179448,1.12,48240,604932,199852,1.25,206740,499712,420
cloud-k3s-pool-workers-worker1,1,2026-06-06 08:21:59 UTC,15047604,15448276,179440,1.12,48240,604940,199852,1.25,206740,499772,428
cloud-k3s-pool-workers-worker1,1,2026-06-06 08:22:00 UTC,15047604,15448276,179428,1.12,48240,604952,199852,1.25,206740,499772,440
cloud-k3s-pool-workers-worker1,1,2026-06-06 08:22:01 UTC,15047604,15448276,179428,1.12,48240,604952,199852,1.25,206740,499772,440
cloud-k3s-pool-workers-worker1,1,2026-06-06 08:22:02 UTC,15047604,15448284,179408,1.12,48240,604972,199852,1.25,206740,499780,456
cloud-k3s-pool-workers-worker1,1,2026-06-06 08:22:03 UTC,15047604,15448284,179392,1.12,48248,604980,199852,1.25,206740,499780,480
cloud-k3s-pool-workers-worker1,1,2026-06-06 08:22:04 UTC,15047604,15448284,179380,1.12,48248,604992,199852,1.25,206740,499780,492
cloud-k3s-pool-workers-worker1,1,2026-06-06 08:22:05 UTC,15047604,15448284,179380,1.12,48248,604992,199852,1.25,206740,499780,492
cloud-k3s-pool-workers-worker1,1,2026-06-06 08:22:06 UTC,15047604,15448344,179360,1.12,48248,605012,199852,1.25,206740,499840,264
cloud-k3s-pool-workers-worker1,1,2026-06-06 08:22:07 UTC,15047604,15448344,179348,1.12,48248,605024,199852,1.25,206740,499840,280
cloud-k3s-pool-workers-worker1,1,2026-06-06 08:22:08 UTC,15047604,15448348,179336,1.12,48248,605032,199852,1.25,206740,499840,212
cloud-k3s-pool-workers-worker1,1,2026-06-06 08:22:09 UTC,15047604,15448348,179336,1.12,48256,605024,199852,1.25,206740,499840,212
cloud-k3s-pool-workers-worker1,1,2026-06-06 08:22:10 UTC,15047604,15448348,179308,1.12,48256,605052,199852,1.25,206740,499840,260
cloud-k3s-pool-workers-worker1,1,2026-06-06 08:22:11 UTC,15047604,15448408,179296,1.12,48256,605064,199852,1.25,206740,499900,284
cloud-k3s-pool-workers-worker1,1,2026-06-06 08:22:12 UTC,15047604,15448408,179288,1.12,48256,605072,199852,1.25,206740,499900,288
cloud-k3s-pool-workers-worker1,1,2026-06-06 08:22:13 UTC,15047604,15448408,179276,1.12,48256,605084,199852,1.25,206740,499900,300
cloud-k3s-pool-workers-worker1,1,2026-06-06 08:22:14 UTC,15047604,15448408,179276,1.12,48256,605084,199852,1.25,206740,499900,300
cloud-k3s-pool-workers-worker1,1,2026-06-06 08:22:15 UTC,15047604,15448408,179276,1.12,48264,605076,199852,1.25,206740,499900,300
cloud-k3s-pool-workers-worker1,1,2026-06-06 08:22:16 UTC,15047352,15448172,179492,1.12,48264,605112,199852,1.25,206740,499916,324
cloud-k3s-pool-workers-worker1,1,2026-06-06 08:22:17 UTC,15047352,15448232,179480,1.12,48264,605124,199852,1.25,206740,499976,336
cloud-k3s-pool-workers-worker1,1,2026-06-06 08:22:18 UTC,15047344,15448224,179476,1.12,48264,605136,199852,1.25,206740,499976,148
cloud-k3s-pool-workers-worker1,1,2026-06-06 08:22:19 UTC,15047344,15448224,179468,1.12,48264,605144,199852,1.25,206740,499976,156
cloud-k3s-pool-workers-worker1,1,2026-06-06 08:22:20 UTC,15047344,15448224,179456,1.12,48264,605156,199852,1.25,206740,499976,152
cloud-k3s-pool-workers-worker1,1,2026-06-06 08:22:21 UTC,15047344,15448224,179456,1.12,48272,605148,199852,1.25,206740,499976,152
cloud-k3s-pool-workers-worker1,1,2026-06-06 08:22:22 UTC,15047336,15448276,179436,1.12,48272,605176,199852,1.25,206740,500036,340
cloud-k3s-pool-workers-worker1,1,2026-06-06 08:22:23 UTC,15047336,15448276,179424,1.12,48272,605184,199852,1.25,206740,500036,348
cloud-k3s-pool-workers-worker1,1,2026-06-06 08:22:24 UTC,15047336,15448276,179412,1.12,48272,605196,199852,1.25,206740,500036,360
cloud-k3s-pool-workers-worker1,1,2026-06-06 08:22:25 UTC,15047336,15448276,179412,1.12,48272,605196,199852,1.25,206740,500036,360
cloud-k3s-pool-workers-worker1,1,2026-06-06 08:22:26 UTC,15048320,15449260,178408,1.12,48280,605208,199852,1.25,206740,500036,380
cloud-k3s-pool-workers-worker1,1,2026-06-06 08:22:27 UTC,15048320,15449260,178400,1.12,48280,605216,199852,1.25,206740,500036,388
cloud-k3s-pool-workers-worker1,1,2026-06-06 08:22:28 UTC,15048320,15449320,178380,1.12,48280,605236,199852,1.25,206740,500096,412
cloud-k3s-pool-workers-worker1,1,2026-06-06 08:22:29 UTC,15048320,15449320,178380,1.12,48280,605236,199852,1.25,206740,500096,412
cloud-k3s-pool-workers-worker1,1,2026-06-06 08:22:30 UTC,15048320,15449320,178360,1.12,48280,605256,199852,1.25,206740,500096,432
cloud-k3s-pool-workers-worker1,1,2026-06-06 08:22:31 UTC,15048320,15449320,178348,1.12,48288,605260,199852,1.25,206740,500096,456
cloud-k3s-pool-workers-worker1,1,2026-06-06 08:22:32 UTC,15048320,15449320,178340,1.12,48288,605268,199852,1.25,206740,500096,464
cloud-k3s-pool-workers-worker1,1,2026-06-06 08:22:33 UTC,15048320,15449332,178316,1.12,48288,605288,199852,1.25,206740,500104,464
cloud-k3s-pool-workers-worker1,1,2026-06-06 08:22:34 UTC,15048320,15449392,178308,1.12,48288,605296,199852,1.25,206740,500164,472
cloud-k3s-pool-workers-worker1,1,2026-06-06 08:22:35 UTC,15048320,15449392,178296,1.12,48288,605308,199852,1.25,206740,500164,484
cloud-k3s-pool-workers-worker1,1,2026-06-06 08:22:36 UTC,15048312,15449384,178288,1.12,48296,605316,199852,1.25,206740,500164,516
cloud-k3s-pool-workers-worker1,1,2026-06-06 08:22:37 UTC,15048312,15449384,178276,1.12,48296,605328,199852,1.25,206740,500164,208
cloud-k3s-pool-workers-worker1,1,2026-06-06 08:22:38 UTC,15048312,15449384,178268,1.12,48296,605336,199852,1.25,206740,500164,220
cloud-k3s-pool-workers-worker1,1,2026-06-06 08:22:39 UTC,15048312,15449384,178252,1.12,48296,605348,199852,1.25,206740,500164,232
cloud-k3s-pool-workers-worker1,1,2026-06-06 08:22:40 UTC,15048312,15449444,178244,1.12,48296,605356,199852,1.25,206740,500224,240
cloud-k3s-pool-workers-worker1,1,2026-06-06 08:22:41 UTC,15048312,15449444,178232,1.12,48304,605360,199852,1.25,206740,500224,264
cloud-k3s-pool-workers-worker1,1,2026-06-06 08:22:42 UTC,15048312,15449444,178212,1.12,48304,605380,199852,1.25,206740,500224,264
cloud-k3s-pool-workers-worker1,1,2026-06-06 08:22:43 UTC,15048312,15449444,178204,1.11,48304,605388,199852,1.25,206740,500224,272
cloud-k3s-pool-workers-worker1,1,2026-06-06 08:22:44 UTC,15048312,15449444,178192,1.11,48304,605400,199852,1.25,206740,500224,284
cloud-k3s-pool-workers-worker1,1,2026-06-06 08:22:45 UTC,15048060,15449192,178436,1.12,48304,605408,199852,1.25,206740,500224,292
cloud-k3s-pool-workers-worker1,1,2026-06-06 08:22:46 UTC,15048060,15449252,178424,1.12,48312,605412,199852,1.25,206740,500284,312
cloud-k3s-pool-workers-worker1,1,2026-06-06 08:22:47 UTC,15048060,15449252,178408,1.12,48312,605428,199852,1.25,206740,500284,328
cloud-k3s-pool-workers-worker1,1,2026-06-06 08:22:48 UTC,15048060,15449252,178396,1.12,48312,605440,199852,1.25,206740,500284,340
cloud-k3s-pool-workers-worker1,1,2026-06-06 08:22:49 UTC,15048060,15449252,178388,1.12,48312,605448,199852,1.25,206740,500284,348
cloud-k3s-pool-workers-worker1,1,2026-06-06 08:22:50 UTC,15048060,15449252,178376,1.12,48312,605460,199852,1.25,206740,500284,360
cloud-k3s-pool-workers-worker1,1,2026-06-06 08:22:51 UTC,15048060,15449252,178368,1.12,48320,605460,199852,1.25,206740,500284,380
cloud-k3s-pool-workers-worker1,1,2026-06-06 08:22:52 UTC,15048060,15449372,178348,1.12,48320,605480,199852,1.25,206740,500404,160
cloud-k3s-pool-workers-worker1,1,2026-06-06 08:22:53 UTC,15048060,15449372,178340,1.12,48320,605488,199852,1.25,206740,500404,168
cloud-k3s-pool-workers-worker1,1,2026-06-06 08:22:54 UTC,15048060,15449376,178324,1.12,48320,605500,199852,1.25,206740,500404,180
cloud-k3s-pool-workers-worker1,1,2026-06-06 08:22:55 UTC,15048060,15449376,178312,1.12,48320,605512,199852,1.25,206740,500404,192
cloud-k3s-pool-workers-worker1,1,2026-06-06 08:22:56 UTC,15048060,15449376,178304,1.12,48328,605512,199852,1.25,206740,500404,348
cloud-k3s-pool-workers-worker1,1,2026-06-06 08:22:57 UTC,15048060,15449376,178292,1.12,48328,605524,199852,1.25,206740,500404,360
cloud-k3s-pool-workers-worker1,1,2026-06-06 08:22:58 UTC,15048060,15449436,178276,1.12,48328,605540,199852,1.25,206740,500464,384
cloud-k3s-pool-workers-worker1,1,2026-06-06 08:22:59 UTC,15048060,15449436,178264,1.12,48328,605552,199852,1.25,206740,500464,396
cloud-k3s-pool-workers-worker1,1,2026-06-06 08:23:00 UTC,15048060,15449436,178256,1.12,48328,605560,199852,1.25,206740,500464,404
cloud-k3s-pool-workers-worker1,1,2026-06-06 08:23:01 UTC,15048060,15449436,178256,1.12,48336,605552,199852,1.25,206740,500464,404
cloud-k3s-pool-workers-worker1,1,2026-06-06 08:23:02 UTC,15048060,15449448,178228,1.12,48336,605580,199852,1.25,206740,500476,424
cloud-k3s-pool-workers-worker1,1,2026-06-06 08:23:03 UTC,15048060,15449448,178216,1.12,48336,605592,199852,1.25,206740,500476,436
cloud-k3s-pool-workers-worker1,1,2026-06-06 08:23:04 UTC,15048060,15449508,178208,1.11,48336,605600,199852,1.25,206740,500536,444
cloud-k3s-pool-workers-worker1,1,2026-06-06 08:23:05 UTC,15048060,15449508,178208,1.11,48336,605600,199852,1.25,206740,500536,444
cloud-k3s-pool-workers-worker1,1,2026-06-06 08:23:06 UTC,15048060,15449508,178184,1.11,48344,605616,199852,1.25,206740,500536,484
cloud-k3s-pool-workers-worker1,1,2026-06-06 08:23:07 UTC,15048060,15449508,178176,1.11,48344,605624,199852,1.25,206740,500536,492
cloud-k3s-pool-workers-worker1,1,2026-06-06 08:23:08 UTC,15048052,15449500,178164,1.11,48344,605644,199852,1.25,206740,500536,256
cloud-k3s-pool-workers-worker1,1,2026-06-06 08:23:09 UTC,15048052,15449500,178164,1.11,48344,605644,199852,1.25,206740,500536,256
cloud-k3s-pool-workers-worker1,1,2026-06-06 08:23:10 UTC,15045564,15447080,180628,1.13,48344,605664,203040,1.27,208100,500604,220
cloud-k3s-pool-workers-worker1,1,2026-06-06 08:23:11 UTC,15045564,15447080,180620,1.13,48352,605664,203040,1.27,208100,500604,284
cloud-k3s-pool-workers-worker1,1,2026-06-06 08:23:12 UTC,15045564,15447088,180600,1.13,48352,605684,203040,1.27,208372,500612,324
cloud-k3s-pool-workers-worker1,1,2026-06-06 08:23:13 UTC,15045564,15447088,180592,1.13,48352,605692,203040,1.27,208372,500612,332
cloud-k3s-pool-workers-worker1,1,2026-06-06 08:23:14 UTC,15045564,15447088,180580,1.13,48352,605704,199852,1.25,206740,500612,292
cloud-k3s-pool-workers-worker1,1,2026-06-06 08:23:15 UTC,15045564,15447088,180572,1.13,48352,605712,199852,1.25,206740,500612,304
cloud-k3s-pool-workers-worker1,1,2026-06-06 08:23:16 UTC,15048296,15449820,177828,1.11,48352,605724,199852,1.25,206740,500612,328
cloud-k3s-pool-workers-worker1,1,2026-06-06 08:23:17 UTC,15048296,15449880,177820,1.11,48360,605724,199852,1.25,206740,500672,336
cloud-k3s-pool-workers-worker1,1,2026-06-06 08:23:18 UTC,15048296,15449880,177800,1.11,48360,605744,199852,1.25,206740,500672,384
cloud-k3s-pool-workers-worker1,1,2026-06-06 08:23:19 UTC,15048296,15449880,177788,1.11,48360,605756,199852,1.25,206740,500672,396
cloud-k3s-pool-workers-worker1,1,2026-06-06 08:23:20 UTC,15048288,15449872,177788,1.11,48360,605764,199852,1.25,206740,500672,336
cloud-k3s-pool-workers-worker1,1,2026-06-06 08:23:21 UTC,15048288,15449872,177776,1.11,48360,605776,199852,1.25,206740,500672,364
cloud-k3s-pool-workers-worker1,1,2026-06-06 08:23:22 UTC,15048288,15449872,177760,1.11,48368,605784,199852,1.25,206740,500672,332
cloud-k3s-pool-workers-worker1,1,2026-06-06 08:23:23 UTC,15048288,15449932,177748,1.11,48368,605796,199852,1.25,206740,500732,344
cloud-k3s-pool-workers-worker1,1,2026-06-06 08:23:24 UTC,15048288,15449936,177736,1.11,48368,605804,199852,1.25,206740,500732,352
cloud-k3s-pool-workers-worker1,1,2026-06-06 08:23:25 UTC,15048288,15449936,177724,1.11,48368,605816,199852,1.25,206740,500732,364
cloud-k3s-pool-workers-worker1,1,2026-06-06 08:23:26 UTC,15048288,15449936,177716,1.11,48368,605824,199852,1.25,206740,500732,332
cloud-k3s-pool-workers-worker1,1,2026-06-06 08:23:27 UTC,15048288,15449936,177704,1.11,48368,605836,199852,1.25,206740,500732,44
cloud-k3s-pool-workers-worker1,1,2026-06-06 08:23:28 UTC,15048288,15449936,177696,1.11,48376,605836,199852,1.25,206740,500732,32
cloud-k3s-pool-workers-worker1,1,2026-06-06 08:23:29 UTC,15048288,15449936,177696,1.11,48376,605836,199852,1.25,206740,500732,32
cloud-k3s-pool-workers-worker1,1,2026-06-06 08:23:30 UTC,15048288,15449996,177664,1.11,48376,605868,199852,1.25,206740,500792,88
cloud-k3s-pool-workers-worker1,1,2026-06-06 08:23:31 UTC,15048288,15449996,177656,1.11,48376,605876,199852,1.25,206740,500792,244
cloud-k3s-pool-workers-worker1,1,2026-06-06 08:23:32 UTC,15048288,15450044,177644,1.11,48376,605888,199852,1.25,206740,500840,188
cloud-k3s-pool-workers-worker1,1,2026-06-06 08:23:33 UTC,15048288,15450044,177644,1.11,48376,605888,199852,1.25,206740,500840,188
cloud-k3s-pool-workers-worker1,1,2026-06-06 08:23:34 UTC,15048288,15450044,177616,1.11,48384,605908,199852,1.25,206740,500840,208
cloud-k3s-pool-workers-worker1,1,2026-06-06 08:23:35 UTC,15048288,15450104,177608,1.11,48384,605916,199852,1.25,206740,500900,216
cloud-k3s-pool-workers-worker1,1,2026-06-06 08:23:36 UTC,15048288,15450104,177596,1.11,48384,605928,199852,1.25,206740,500900,240
cloud-k3s-pool-workers-worker1,1,2026-06-06 08:23:37 UTC,15048288,15450104,177588,1.11,48384,605936,199852,1.25,206740,500900,248
cloud-k3s-pool-workers-worker1,1,2026-06-06 08:23:38 UTC,15048036,15449860,177828,1.11,48384,605948,199852,1.25,206740,500908,196
cloud-k3s-pool-workers-worker1,1,2026-06-06 08:23:39 UTC,15048036,15449860,177828,1.11,48384,605948,199852,1.25,206740,500908,196
cloud-k3s-pool-workers-worker1,1,2026-06-06 08:23:40 UTC,15048036,15449904,177796,1.11,48392,605968,199852,1.25,206740,500952,224
cloud-k3s-pool-workers-worker1,1,2026-06-06 08:23:41 UTC,15048036,15449904,177788,1.11,48392,605976,199852,1.25,206740,500952,232
cloud-k3s-pool-workers-worker1,1,2026-06-06 08:23:42 UTC,15048036,15449904,177776,1.11,48392,605988,199852,1.25,206740,500952,256
cloud-k3s-pool-workers-worker1,1,2026-06-06 08:23:43 UTC,15048036,15449904,177764,1.11,48392,606000,199852,1.25,206740,500952,268
cloud-k3s-pool-workers-worker1,1,2026-06-06 08:23:44 UTC,15048036,15449904,177756,1.11,48392,606008,199852,1.25,206740,500952,272
cloud-k3s-pool-workers-worker1,1,2026-06-06 08:23:45 UTC,15048036,15449964,177744,1.11,48392,606020,199852,1.25,206740,501012,284
cloud-k3s-pool-workers-worker1,1,2026-06-06 08:23:46 UTC,15048036,15449964,177728,1.11,48400,606028,199852,1.25,206740,501012,288
cloud-k3s-pool-workers-worker1,1,2026-06-06 08:23:47 UTC,15048036,15449964,177716,1.11,48400,606040,199852,1.25,206740,501012,300
cloud-k3s-pool-workers-worker1,1,2026-06-06 08:23:48 UTC,15048036,15449964,177708,1.11,48400,606048,199852,1.25,206740,501012,308
cloud-k3s-pool-workers-worker1,1,2026-06-06 08:23:49 UTC,15048036,15449964,177708,1.11,48400,606048,199852,1.25,206740,501012,308
cloud-k3s-pool-workers-worker1,1,2026-06-06 08:23:50 UTC,15048036,15449964,177688,1.11,48400,606068,199852,1.25,206740,501012,328
cloud-k3s-pool-workers-worker1,1,2026-06-06 08:23:51 UTC,15048036,15450024,177676,1.11,48408,606072,199852,1.25,206740,501072,348
cloud-k3s-pool-workers-worker1,1,2026-06-06 08:23:52 UTC,15048036,15450024,177660,1.11,48408,606088,199852,1.25,206740,501072,352
cloud-k3s-pool-workers-worker1,1,2026-06-06 08:23:53 UTC,15048036,15450024,177648,1.11,48408,606100,199852,1.25,206740,501072,364
cloud-k3s-pool-workers-worker1,1,2026-06-06 08:23:54 UTC,15048036,15450028,177632,1.11,48408,606112,199852,1.25,206740,501072,376
cloud-k3s-pool-workers-worker1,1,2026-06-06 08:23:55 UTC,15048036,15450028,177632,1.11,48408,606112,199852,1.25,206740,501072,376
cloud-k3s-pool-workers-worker1,1,2026-06-06 08:23:56 UTC,15048036,15450028,177612,1.11,48416,606124,199852,1.25,206740,501072,408
cloud-k3s-pool-workers-worker1,1,2026-06-06 08:23:57 UTC,15048036,15450088,177604,1.11,48416,606132,199852,1.25,206740,501132,416
cloud-k3s-pool-workers-worker1,1,2026-06-06 08:23:58 UTC,15048036,15450088,177584,1.11,48416,606152,199852,1.25,206740,501132,412
cloud-k3s-pool-workers-worker1,1,2026-06-06 08:23:59 UTC,15048036,15450088,177576,1.11,48416,606160,199852,1.25,206740,501132,420
cloud-k3s-pool-workers-worker1,1,2026-06-06 08:24:00 UTC,15048036,15450088,177564,1.11,48416,606172,199852,1.25,206740,501132,432
cloud-k3s-pool-workers-worker1,1,2026-06-06 08:24:01 UTC,15048036,15450088,177564,1.11,48424,606164,199852,1.25,206740,501132,432
cloud-k3s-pool-workers-worker1,1,2026-06-06 08:24:02 UTC,15048036,15450128,177536,1.11,48424,606192,199852,1.25,206740,501172,264
cloud-k3s-pool-workers-worker1,1,2026-06-06 08:24:03 UTC,15048036,15450188,177528,1.11,48424,606200,199852,1.25,206740,501232,272
cloud-k3s-pool-workers-worker1,1,2026-06-06 08:24:04 UTC,15048036,15450188,177516,1.11,48424,606212,199852,1.25,206740,501232,284
cloud-k3s-pool-workers-worker1,1,2026-06-06 08:24:05 UTC,15048036,15450188,177516,1.11,48424,606212,199852,1.25,206740,501232,284
cloud-k3s-pool-workers-worker1,1,2026-06-06 08:24:06 UTC,15048036,15450188,177516,1.11,48432,606204,199852,1.25,206740,501232,284
cloud-k3s-pool-workers-worker1,1,2026-06-06 08:24:07 UTC,15048036,15450188,177472,1.11,48432,606248,199852,1.25,206740,501232,460
cloud-k3s-pool-workers-worker1,1,2026-06-06 08:24:08 UTC,15047784,15449936,177716,1.11,48432,606256,199852,1.25,206740,501232,468
cloud-k3s-pool-workers-worker1,1,2026-06-06 08:24:09 UTC,15047784,15449936,177716,1.11,48432,606256,199852,1.25,206740,501232,208
cloud-k3s-pool-workers-worker1,1,2026-06-06 08:24:10 UTC,15048036,15450256,177440,1.11,48432,606276,199852,1.25,206740,501300,172
cloud-k3s-pool-workers-worker1,1,2026-06-06 08:24:11 UTC,15048036,15450260,177416,1.11,48440,606288,199852,1.25,206740,501300,220
cloud-k3s-pool-workers-worker1,1,2026-06-06 08:24:12 UTC,15048036,15450260,177408,1.11,48440,606296,199852,1.25,206740,501300,64
cloud-k3s-pool-workers-worker1,1,2026-06-06 08:24:13 UTC,15048036,15450260,177408,1.11,48440,606296,199852,1.25,206740,501300,64
cloud-k3s-pool-workers-worker1,1,2026-06-06 08:24:14 UTC,15048036,15450260,177388,1.11,48440,606316,199852,1.25,206740,501300,84
cloud-k3s-pool-workers-worker1,1,2026-06-06 08:24:15 UTC,15048036,15450320,177376,1.11,48440,606328,199852,1.25,206740,501360,96
cloud-k3s-pool-workers-worker1,1,2026-06-06 08:24:16 UTC,15047784,15450068,177620,1.11,48448,606328,199852,1.25,206740,501360,252
cloud-k3s-pool-workers-worker1,1,2026-06-06 08:24:17 UTC,15047784,15450068,177608,1.11,48448,606340,199852,1.25,206740,501360,264
cloud-k3s-pool-workers-worker1,1,2026-06-06 08:24:18 UTC,15047784,15450072,177588,1.11,48448,606360,199852,1.25,206740,501364,252
cloud-k3s-pool-workers-worker1,1,2026-06-06 08:24:19 UTC,15047784,15450072,177588,1.11,48448,606360,199852,1.25,206740,501364,252
cloud-k3s-pool-workers-worker1,1,2026-06-06 08:24:20 UTC,15047784,15450132,177568,1.11,48448,606380,199852,1.25,206740,501424,272
cloud-k3s-pool-workers-worker1,1,2026-06-06 08:24:21 UTC,15047784,15450132,177560,1.11,48456,606380,199852,1.25,206740,501424,296
cloud-k3s-pool-workers-worker1,1,2026-06-06 08:24:22 UTC,15047784,15450132,177540,1.11,48456,606400,199852,1.25,206740,501424,320
cloud-k3s-pool-workers-worker1,1,2026-06-06 08:24:23 UTC,15047784,15450132,177532,1.11,48456,606408,199852,1.25,206740,501424,328
cloud-k3s-pool-workers-worker1,1,2026-06-06 08:24:24 UTC,15047784,15450132,177516,1.11,48456,606420,199852,1.25,206740,501424,340
cloud-k3s-pool-workers-worker1,1,2026-06-06 08:24:25 UTC,15047784,15450132,177508,1.11,48456,606428,199852,1.25,206740,501424,348
cloud-k3s-pool-workers-worker1,1,2026-06-06 08:24:26 UTC,15047784,15450192,177496,1.11,48464,606432,199852,1.25,206740,501484,372
cloud-k3s-pool-workers-worker1,1,2026-06-06 08:24:27 UTC,15047784,15450192,177488,1.11,48464,606440,199852,1.25,206740,501484,380
cloud-k3s-pool-workers-worker1,1,2026-06-06 08:24:28 UTC,15047784,15450192,177468,1.11,48464,606460,199852,1.25,206740,501484,380
cloud-k3s-pool-workers-worker1,1,2026-06-06 08:24:29 UTC,15047524,15449932,177728,1.11,48464,606460,199852,1.25,206740,501484,380
cloud-k3s-pool-workers-worker1,1,2026-06-06 08:24:30 UTC,15047524,15449932,177708,1.11,48464,606480,199852,1.25,206740,501484,400
cloud-k3s-pool-workers-worker1,1,2026-06-06 08:24:31 UTC,15047524,15449932,177696,1.11,48472,606484,199852,1.25,206740,501484,424
cloud-k3s-pool-workers-worker1,1,2026-06-06 08:24:32 UTC,15047524,15449992,177680,1.11,48472,606500,199852,1.25,206740,501544,436
cloud-k3s-pool-workers-worker1,1,2026-06-06 08:24:33 UTC,15047524,15449992,177680,1.11,48472,606500,199852,1.25,206740,501544,436
cloud-k3s-pool-workers-worker1,1,2026-06-06 08:24:34 UTC,15047524,15449992,177660,1.11,48472,606520,199852,1.25,206740,501544,456
cloud-k3s-pool-workers-worker1,1,2026-06-06 08:24:35 UTC,15047524,15449992,177648,1.11,48472,606532,199852,1.25,206740,501544,468
cloud-k3s-pool-workers-worker1,1,2026-06-06 08:24:36 UTC,15047776,15450244,177388,1.11,48480,606532,199852,1.25,206740,501544,488
cloud-k3s-pool-workers-worker1,1,2026-06-06 08:24:37 UTC,15048024,15450492,177120,1.11,48480,606552,199852,1.25,206740,501544,492
cloud-k3s-pool-workers-worker1,1,2026-06-06 08:24:38 UTC,15048024,15450552,177112,1.11,48480,606560,199852,1.25,206740,501604,500
cloud-k3s-pool-workers-worker1,1,2026-06-06 08:24:39 UTC,15047772,15450300,177352,1.11,48480,606572,199852,1.25,206740,501604,512
cloud-k3s-pool-workers-worker1,1,2026-06-06 08:24:40 UTC,15047772,15450304,177340,1.11,48480,606580,199852,1.25,206740,501604,520
cloud-k3s-pool-workers-worker1,1,2026-06-06 08:24:41 UTC,15047772,15450304,177328,1.11,48488,606584,199852,1.25,206740,501604,284
cloud-k3s-pool-workers-worker1,1,2026-06-06 08:24:42 UTC,15047772,15450304,177308,1.11,48488,606604,199852,1.25,206740,501604,256
cloud-k3s-pool-workers-worker1,1,2026-06-06 08:24:43 UTC,15047772,15450304,177300,1.11,48488,606612,199852,1.25,206740,501604,264
cloud-k3s-pool-workers-worker1,1,2026-06-06 08:24:44 UTC,15047772,15450364,177288,1.11,48488,606624,199852,1.25,206740,501664,64
cloud-k3s-pool-workers-worker1,1,2026-06-06 08:24:45 UTC,15047772,15450364,177280,1.11,48488,606632,199852,1.25,206740,501664,72
cloud-k3s-pool-workers-worker1,1,2026-06-06 08:24:46 UTC,15047772,15450364,177268,1.11,48496,606636,199852,1.25,206740,501664,232
cloud-k3s-pool-workers-worker1,1,2026-06-06 08:24:47 UTC,15047772,15450364,177260,1.11,48496,606644,199852,1.25,206740,501664,240
cloud-k3s-pool-workers-worker1,1,2026-06-06 08:24:48 UTC,15047772,15450424,177240,1.11,48496,606664,199852,1.25,206740,501724,228
cloud-k3s-pool-workers-worker1,1,2026-06-06 08:24:49 UTC,15047772,15450424,177240,1.11,48496,606664,199852,1.25,206740,501724,228
cloud-k3s-pool-workers-worker1,1,2026-06-06 08:24:50 UTC,15047772,15450484,177220,1.11,48496,606684,199852,1.25,206740,501784,248
cloud-k3s-pool-workers-worker1,1,2026-06-06 08:24:51 UTC,15047512,15450224,177472,1.11,48504,606684,199852,1.25,206740,501784,264
cloud-k3s-pool-workers-worker1,1,2026-06-06 08:24:52 UTC,15047512,15450224,177452,1.11,48504,606704,199852,1.25,206740,501784,136
cloud-k3s-pool-workers-worker1,1,2026-06-06 08:24:53 UTC,15047512,15450224,177452,1.11,48504,606704,199852,1.25,206740,501784,136
cloud-k3s-pool-workers-worker1,1,2026-06-06 08:24:54 UTC,15047512,15450224,177432,1.11,48504,606724,199852,1.25,206740,501784,156
cloud-k3s-pool-workers-worker1,1,2026-06-06 08:24:55 UTC,15047512,15450224,177416,1.11,48504,606736,199852,1.25,206740,501784,168
cloud-k3s-pool-workers-worker1,1,2026-06-06 08:24:56 UTC,15047512,15450284,177408,1.11,48512,606736,199852,1.25,206740,501844,176
cloud-k3s-pool-workers-worker1,1,2026-06-06 08:24:57 UTC,15047512,15450284,177408,1.11,48512,606736,199852,1.25,206740,501844,176
cloud-k3s-pool-workers-worker1,1,2026-06-06 08:24:58 UTC,15047512,15450284,177380,1.11,48512,606764,199852,1.25,206740,501844,332
cloud-k3s-pool-workers-worker1,1,2026-06-06 08:24:59 UTC,15047512,15450284,177368,1.11,48512,606776,199852,1.25,206740,501844,344
cloud-k3s-pool-workers-worker1,1,2026-06-06 08:25:00 UTC,15047512,15450284,177360,1.11,48512,606784,199852,1.25,206740,501844,352
cloud-k3s-pool-workers-worker1,1,2026-06-06 08:25:01 UTC,15044552,15447380,180308,1.13,48520,606788,202828,1.27,207864,501900,376
cloud-k3s-pool-workers-worker1,1,2026-06-06 08:25:02 UTC,15044284,15447112,180556,1.13,48520,606804,203300,1.27,208420,501900,240
cloud-k3s-pool-workers-worker1,1,2026-06-06 08:25:03 UTC,15044284,15447112,180544,1.13,48520,606816,203300,1.27,208420,501900,252
cloud-k3s-pool-workers-worker1,1,2026-06-06 08:25:04 UTC,15044284,15447112,180536,1.13,48520,606824,203300,1.27,208420,501900,376
cloud-k3s-pool-workers-worker1,1,2026-06-06 08:25:05 UTC,15044284,15447112,180524,1.13,48520,606836,203300,1.27,208420,501900,388
cloud-k3s-pool-workers-worker1,1,2026-06-06 08:25:06 UTC,15047276,15450156,177520,1.11,48528,606840,199852,1.25,206740,501952,492
cloud-k3s-pool-workers-worker1,1,2026-06-06 08:25:07 UTC,15047276,15450156,177504,1.11,48528,606856,199852,1.25,206740,501952,484
cloud-k3s-pool-workers-worker1,1,2026-06-06 08:25:08 UTC,15047276,15450156,177492,1.11,48528,606868,199852,1.25,206740,501952,492
cloud-k3s-pool-workers-worker1,1,2026-06-06 08:25:09 UTC,15047276,15450156,177484,1.11,48528,606876,199852,1.25,206740,501952,500
cloud-k3s-pool-workers-worker1,1,2026-06-06 08:25:10 UTC,15047276,15450160,177468,1.11,48528,606888,199852,1.25,206740,501952,512
cloud-k3s-pool-workers-worker1,1,2026-06-06 08:25:11 UTC,15047276,15450160,177460,1.11,48536,606888,199852,1.25,206740,501952,532
cloud-k3s-pool-workers-worker1,1,2026-06-06 08:25:12 UTC,15047276,15450220,177440,1.11,48536,606908,199852,1.25,206740,502012,240
cloud-k3s-pool-workers-worker1,1,2026-06-06 08:25:13 UTC,15047276,15450220,177440,1.11,48536,606908,199852,1.25,206740,502012,240
cloud-k3s-pool-workers-worker1,1,2026-06-06 08:25:14 UTC,15047272,15450216,177424,1.11,48536,606928,199852,1.25,206740,502012,264
cloud-k3s-pool-workers-worker1,1,2026-06-06 08:25:15 UTC,15047272,15450216,177416,1.11,48536,606936,199852,1.25,206740,502012,272
cloud-k3s-pool-workers-worker1,1,2026-06-06 08:25:16 UTC,15047268,15450212,177408,1.11,48544,606940,199852,1.25,206740,502012,268
cloud-k3s-pool-workers-worker1,1,2026-06-06 08:25:17 UTC,15047268,15450212,177396,1.11,48544,606952,199852,1.25,206740,502012,280
cloud-k3s-pool-workers-worker1,1,2026-06-06 08:25:18 UTC,15047268,15450272,177380,1.11,48544,606968,199852,1.25,206740,502072,236
cloud-k3s-pool-workers-worker1,1,2026-06-06 08:25:19 UTC,15047268,15450272,177380,1.11,48544,606968,199852,1.25,206740,502072,236
cloud-k3s-pool-workers-worker1,1,2026-06-06 08:25:20 UTC,15047268,15450272,177360,1.11,48544,606988,199852,1.25,206740,502072,260
cloud-k3s-pool-workers-worker1,1,2026-06-06 08:25:21 UTC,15047268,15450272,177348,1.11,48552,606992,199852,1.25,206740,502072,272
cloud-k3s-pool-workers-worker1,1,2026-06-06 08:25:22 UTC,15047268,15450272,177348,1.11,48552,606992,199852,1.25,206740,502072,272
cloud-k3s-pool-workers-worker1,1,2026-06-06 08:25:23 UTC,15047268,15450272,177348,1.11,48552,606992,199852,1.25,206740,502072,272
cloud-k3s-pool-workers-worker1,1,2026-06-06 08:25:24 UTC,15047520,15450644,177060,1.11,48552,607028,199852,1.25,206740,502192,336
cloud-k3s-pool-workers-worker1,1,2026-06-06 08:25:25 UTC,15047520,15450644,177044,1.11,48552,607040,199852,1.25,206740,502192,348
cloud-k3s-pool-workers-worker1,1,2026-06-06 08:25:26 UTC,15047516,15450640,177040,1.11,48560,607040,199852,1.25,206740,502192,368
cloud-k3s-pool-workers-worker1,1,2026-06-06 08:25:27 UTC,15047264,15450388,177280,1.11,48560,607052,199852,1.25,206740,502192,356
cloud-k3s-pool-workers-worker1,1,2026-06-06 08:25:28 UTC,15047264,15450388,177264,1.11,48560,607068,199852,1.25,206740,502192,364
cloud-k3s-pool-workers-worker1,1,2026-06-06 08:25:29 UTC,15047264,15450388,177264,1.11,48560,607068,199852,1.25,206740,502192,364
cloud-k3s-pool-workers-worker1,1,2026-06-06 08:25:30 UTC,15046760,15449944,177744,1.11,48560,607092,199852,1.25,206740,502252,388
cloud-k3s-pool-workers-worker1,1,2026-06-06 08:25:31 UTC,15046760,15449944,177736,1.11,48568,607092,199852,1.25,206740,502252,408
cloud-k3s-pool-workers-worker1,1,2026-06-06 08:25:32 UTC,15046760,15449944,177716,1.11,48568,607112,199852,1.25,206740,502252,432
cloud-k3s-pool-workers-worker1,1,2026-06-06 08:25:33 UTC,15046760,15449944,177716,1.11,48568,607112,199852,1.25,206740,502252,172
cloud-k3s-pool-workers-worker1,1,2026-06-06 08:25:34 UTC,15046760,15449944,177696,1.11,48568,607132,199852,1.25,206740,502252,184
cloud-k3s-pool-workers-worker1,1,2026-06-06 08:25:35 UTC,15046760,15449944,177688,1.11,48568,607140,199852,1.25,206740,502252,192
cloud-k3s-pool-workers-worker1,1,2026-06-06 08:25:36 UTC,15046508,15449752,177920,1.11,48576,607152,199852,1.25,206740,502312,356
cloud-k3s-pool-workers-worker1,1,2026-06-06 08:25:37 UTC,15046756,15450000,177664,1.11,48576,607160,199852,1.25,206740,502312,364
cloud-k3s-pool-workers-worker1,1,2026-06-06 08:25:38 UTC,15046752,15449996,177656,1.11,48576,607172,199852,1.25,206740,502312,360
cloud-k3s-pool-workers-worker1,1,2026-06-06 08:25:39 UTC,15046752,15449996,177656,1.11,48576,607172,199852,1.25,206740,502312,360
cloud-k3s-pool-workers-worker1,1,2026-06-06 08:25:40 UTC,15046752,15450000,177632,1.11,48576,607192,199852,1.25,206740,502312,380
cloud-k3s-pool-workers-worker1,1,2026-06-06 08:25:41 UTC,15046752,15450000,177620,1.11,48584,607196,199852,1.25,206740,502312,400
cloud-k3s-pool-workers-worker1,1,2026-06-06 08:25:42 UTC,15046748,15450056,177608,1.11,48584,607212,199852,1.25,206740,502372,420
cloud-k3s-pool-workers-worker1,1,2026-06-06 08:25:43 UTC,15046748,15450056,177596,1.11,48584,607224,199852,1.25,206740,502372,432
cloud-k3s-pool-workers-worker1,1,2026-06-06 08:25:44 UTC,15046748,15450056,177588,1.11,48584,607232,199852,1.25,206740,502372,436
cloud-k3s-pool-workers-worker1,1,2026-06-06 08:25:45 UTC,15046748,15450056,177576,1.11,48584,607244,199852,1.25,206740,502372,448
cloud-k3s-pool-workers-worker1,1,2026-06-06 08:25:46 UTC,15046748,15450056,177568,1.11,48592,607244,199852,1.25,206740,502372,468
cloud-k3s-pool-workers-worker1,1,2026-06-06 08:25:47 UTC,15046748,15450112,177556,1.11,48592,607256,199852,1.25,206740,502428,468
cloud-k3s-pool-workers-worker1,1,2026-06-06 08:25:48 UTC,15046748,15450112,177540,1.11,48592,607272,199852,1.25,206740,502428,480
cloud-k3s-pool-workers-worker1,1,2026-06-06 08:25:49 UTC,15046748,15450112,177540,1.11,48592,607272,199852,1.25,206740,502428,220
cloud-k3s-pool-workers-worker1,1,2026-06-06 08:25:50 UTC,15046748,15450112,177520,1.11,48592,607292,199852,1.25,206740,502428,184
cloud-k3s-pool-workers-worker1,1,2026-06-06 08:25:51 UTC,15046496,15449860,177760,1.11,48600,607296,199852,1.25,206740,502428,208
cloud-k3s-pool-workers-worker1,1,2026-06-06 08:25:52 UTC,15046748,15450112,177488,1.11,48600,607312,199852,1.25,206740,502428,240
cloud-k3s-pool-workers-worker1,1,2026-06-06 08:25:53 UTC,15046748,15450112,177488,1.11,48600,607312,199852,1.25,206740,502428,240
cloud-k3s-pool-workers-worker1,1,2026-06-06 08:25:54 UTC,15046744,15450168,177468,1.11,48600,607336,199852,1.25,206740,502488,264
cloud-k3s-pool-workers-worker1,1,2026-06-06 08:25:55 UTC,15046744,15450172,177456,1.11,48600,607344,199852,1.25,206740,502488,208
cloud-k3s-pool-workers-worker1,1,2026-06-06 08:25:56 UTC,15046744,15450172,177444,1.11,48608,607348,199852,1.25,206740,502488,224
cloud-k3s-pool-workers-worker1,1,2026-06-06 08:25:57 UTC,15046744,15450172,177444,1.11,48608,607348,199852,1.25,206740,502488,224
cloud-k3s-pool-workers-worker1,1,2026-06-06 08:25:58 UTC,15046744,15450204,177416,1.11,48608,607376,199852,1.25,206740,502520,236
cloud-k3s-pool-workers-worker1,1,2026-06-06 08:25:59 UTC,15046744,15450204,177408,1.11,48608,607384,199852,1.25,206740,502520,244
cloud-k3s-pool-workers-worker1,1,2026-06-06 08:26:00 UTC,15046744,15450204,177396,1.11,48608,607396,199852,1.25,206740,502520,256
cloud-k3s-pool-workers-worker1,1,2026-06-06 08:26:01 UTC,15047020,15450484,177112,1.11,48616,607396,199852,1.25,206740,502524,212
cloud-k3s-pool-workers-worker1,1,2026-06-06 08:26:02 UTC,15047020,15450544,177100,1.11,48616,607408,199852,1.25,206740,502584,228
cloud-k3s-pool-workers-worker1,1,2026-06-06 08:26:03 UTC,15047020,15450544,177092,1.11,48616,607416,199852,1.25,206740,502584,236
cloud-k3s-pool-workers-worker1,1,2026-06-06 08:26:04 UTC,15047020,15450604,177072,1.11,48616,607436,199852,1.25,206740,502644,276
cloud-k3s-pool-workers-worker1,1,2026-06-06 08:26:05 UTC,15047020,15450604,177060,1.11,48616,607448,199852,1.25,206740,502644,288
cloud-k3s-pool-workers-worker1,1,2026-06-06 08:26:06 UTC,15047020,15450604,177052,1.11,48624,607448,199852,1.25,206740,502644,308
cloud-k3s-pool-workers-worker1,1,2026-06-06 08:26:07 UTC,15047020,15450604,177040,1.11,48624,607460,199852,1.25,206740,502644,60
cloud-k3s-pool-workers-worker1,1,2026-06-06 08:26:08 UTC,15046768,15450412,177276,1.11,48624,607476,199852,1.25,206740,502704,16
cloud-k3s-pool-workers-worker1,1,2026-06-06 08:26:09 UTC,15046768,15450412,177276,1.11,48624,607476,199852,1.25,206740,502704,16
cloud-k3s-pool-workers-worker1,1,2026-06-06 08:26:10 UTC,15046768,15450412,177252,1.11,48624,607496,199852,1.25,206740,502704,36
cloud-k3s-pool-workers-worker1,1,2026-06-06 08:26:11 UTC,15046768,15450412,177240,1.11,48632,607500,199852,1.25,206740,502704,196
cloud-k3s-pool-workers-worker1,1,2026-06-06 08:26:12 UTC,15046768,15450412,177224,1.11,48632,607516,199852,1.25,206740,502704,232
cloud-k3s-pool-workers-worker1,1,2026-06-06 08:26:13 UTC,15046768,15450412,177224,1.11,48632,607516,199852,1.25,206740,502704,232
cloud-k3s-pool-workers-worker1,1,2026-06-06 08:26:14 UTC,15046768,15450472,177204,1.11,48632,607536,199852,1.25,206740,502764,192
cloud-k3s-pool-workers-worker1,1,2026-06-06 08:26:15 UTC,15046768,15450472,177192,1.11,48632,607548,199852,1.25,206740,502764,204
cloud-k3s-pool-workers-worker1,1,2026-06-06 08:26:16 UTC,15046840,15450544,177108,1.11,48640,607552,199852,1.25,206740,502764,216
cloud-k3s-pool-workers-worker1,1,2026-06-06 08:26:17 UTC,15046840,15450544,177108,1.11,48640,607552,199852,1.25,206740,502764,216
cloud-k3s-pool-workers-worker1,1,2026-06-06 08:26:18 UTC,15046840,15450568,177080,1.11,48640,607580,199852,1.25,206740,502788,216
cloud-k3s-pool-workers-worker1,1,2026-06-06 08:26:19 UTC,15046840,15450596,177072,1.11,48640,607588,199852,1.25,206740,502816,160
cloud-k3s-pool-workers-worker1,1,2026-06-06 08:26:20 UTC,15046840,15450596,177060,1.11,48640,607600,199852,1.25,206740,502816,176
cloud-k3s-pool-workers-worker1,1,2026-06-06 08:26:21 UTC,15046840,15450596,177060,1.11,48648,607592,199852,1.25,206740,502816,176
cloud-k3s-pool-workers-worker1,1,2026-06-06 08:26:22 UTC,15046840,15450596,177032,1.11,48648,607620,199852,1.25,206740,502816,240
cloud-k3s-pool-workers-worker1,1,2026-06-06 08:26:23 UTC,15045584,15449380,178276,1.12,48648,607628,202832,1.27,207800,502856,248
cloud-k3s-pool-workers-worker1,1,2026-06-06 08:26:24 UTC,15045584,15449384,178268,1.12,48648,607640,203040,1.27,208356,502860,320
cloud-k3s-pool-workers-worker1,1,2026-06-06 08:26:25 UTC,15045584,15449384,178268,1.12,48648,607640,203040,1.27,208356,502860,320
cloud-k3s-pool-workers-worker1,1,2026-06-06 08:26:26 UTC,15045584,15449404,178240,1.12,48656,607656,203040,1.27,208356,502876,324
cloud-k3s-pool-workers-worker1,1,2026-06-06 08:26:27 UTC,15045584,15449408,178232,1.12,48656,607664,199852,1.25,206768,502880,344
cloud-k3s-pool-workers-worker1,1,2026-06-06 08:26:28 UTC,15053648,15457480,170132,1.06,48656,607684,199852,1.25,206740,502880,332
cloud-k3s-pool-workers-worker1,1,2026-06-06 08:26:29 UTC,15053648,15457480,170132,1.06,48656,607684,199852,1.25,206740,502880,332
cloud-k3s-pool-workers-worker1,1,2026-06-06 08:26:30 UTC,15053648,15457480,170112,1.06,48656,607704,199852,1.25,206740,502880,352
cloud-k3s-pool-workers-worker1,1,2026-06-06 08:26:31 UTC,15053648,15457540,170100,1.06,48664,607708,199852,1.25,206740,502940,376
cloud-k3s-pool-workers-worker1,1,2026-06-06 08:26:32 UTC,15053648,15457540,170084,1.06,48664,607724,199852,1.25,206740,502940,352
cloud-k3s-pool-workers-worker1,1,2026-06-06 08:26:33 UTC,15053396,15457288,170324,1.07,48664,607736,199852,1.25,206740,502940,364
cloud-k3s-pool-workers-worker1,1,2026-06-06 08:26:34 UTC,15053396,15457288,170316,1.07,48664,607744,199852,1.25,206740,502940,372
cloud-k3s-pool-workers-worker1,1,2026-06-06 08:26:35 UTC,15053396,15457288,170304,1.07,48664,607756,199852,1.25,206740,502940,384
cloud-k3s-pool-workers-worker1,1,2026-06-06 08:26:36 UTC,15053396,15457288,170296,1.07,48664,607764,199852,1.25,206740,502940,400
cloud-k3s-pool-workers-worker1,1,2026-06-06 08:26:37 UTC,15053396,15457348,170276,1.07,48672,607776,199852,1.25,206740,503000,320
cloud-k3s-pool-workers-worker1,1,2026-06-06 08:26:38 UTC,15053396,15457348,170276,1.07,48672,607776,199852,1.25,206740,503000,320
cloud-k3s-pool-workers-worker1,1,2026-06-06 08:26:39 UTC,15053396,15457348,170256,1.07,48672,607796,199852,1.25,206740,503000,344
cloud-k3s-pool-workers-worker1,1,2026-06-06 08:26:40 UTC,15053396,15457348,170240,1.07,48672,607808,199852,1.25,206740,503000,356
cloud-k3s-pool-workers-worker1,1,2026-06-06 08:26:41 UTC,15053396,15457348,170232,1.07,48680,607808,199852,1.25,206740,503000,216
cloud-k3s-pool-workers-worker1,1,2026-06-06 08:26:42 UTC,15053396,15457348,170220,1.07,48680,607820,199852,1.25,206740,503000,228
cloud-k3s-pool-workers-worker1,1,2026-06-06 08:26:43 UTC,15053396,15457468,170204,1.06,48680,607836,199852,1.25,206740,503120,8
cloud-k3s-pool-workers-worker1,1,2026-06-06 08:26:44 UTC,15053396,15457468,170192,1.06,48680,607848,199852,1.25,206740,503120,24
cloud-k3s-pool-workers-worker1,1,2026-06-06 08:26:45 UTC,15053396,15457468,170184,1.06,48680,607856,199852,1.25,206740,503120,32
cloud-k3s-pool-workers-worker1,1,2026-06-06 08:26:46 UTC,15053144,15457216,170424,1.07,48680,607868,199852,1.25,206740,503120,192
cloud-k3s-pool-workers-worker1,1,2026-06-06 08:26:47 UTC,15053144,15457216,170416,1.07,48688,607868,199852,1.25,206740,503120,200
cloud-k3s-pool-workers-worker1,1,2026-06-06 08:26:48 UTC,15053144,15457216,170396,1.07,48688,607888,199852,1.25,206740,503120,244
cloud-k3s-pool-workers-worker1,1,2026-06-06 08:26:49 UTC,15053512,15457644,170020,1.06,48688,607896,199852,1.25,206740,503180,188
cloud-k3s-pool-workers-worker1,1,2026-06-06 08:26:50 UTC,15053512,15457644,170008,1.06,48688,607908,199852,1.25,206740,503180,204
cloud-k3s-pool-workers-worker1,1,2026-06-06 08:26:51 UTC,15053512,15457644,170000,1.06,48688,607916,199852,1.25,206740,503180,212
cloud-k3s-pool-workers-worker1,1,2026-06-06 08:26:52 UTC,15053512,15457644,169980,1.06,48696,607928,199852,1.25,206740,503180,72
cloud-k3s-pool-workers-worker1,1,2026-06-06 08:26:53 UTC,15053512,15457644,169968,1.06,48696,607940,199852,1.25,206740,503180,84
cloud-k3s-pool-workers-worker1,1,2026-06-06 08:26:54 UTC,15053512,15457644,169968,1.06,48696,607940,199852,1.25,206740,503180,84
cloud-k3s-pool-workers-worker1,1,2026-06-06 08:26:55 UTC,15053512,15457708,169944,1.06,48696,607960,199852,1.25,206740,503240,36
cloud-k3s-pool-workers-worker1,1,2026-06-06 08:26:56 UTC,15053512,15457708,169936,1.06,48696,607968,199852,1.25,206740,503240,200
cloud-k3s-pool-workers-worker1,1,2026-06-06 08:26:57 UTC,15053512,15457708,169920,1.06,48696,607984,199852,1.25,206740,503240,32
cloud-k3s-pool-workers-worker1,1,2026-06-06 08:26:58 UTC,15053260,15457456,170156,1.06,48704,607992,199852,1.25,206740,503240,72
cloud-k3s-pool-workers-worker1,1,2026-06-06 08:26:59 UTC,15053260,15457456,170144,1.06,48704,608004,199852,1.25,206740,503240,84
cloud-k3s-pool-workers-worker1,1,2026-06-06 08:27:00 UTC,15053260,15457456,170136,1.06,48704,608012,199852,1.25,206740,503240,92
cloud-k3s-pool-workers-worker1,1,2026-06-06 08:27:01 UTC,15053260,15457516,170124,1.06,48704,608024,199852,1.25,206740,503300,192
cloud-k3s-pool-workers-worker1,1,2026-06-06 08:27:02 UTC,15053260,15457516,170116,1.06,48704,608032,199852,1.25,206740,503300,204
cloud-k3s-pool-workers-worker1,1,2026-06-06 08:27:03 UTC,15053260,15457516,170104,1.06,48704,608044,199852,1.25,206740,503300,184
cloud-k3s-pool-workers-worker1,1,2026-06-06 08:27:04 UTC,15053260,15457516,170092,1.06,48712,608048,199852,1.25,206740,503300,196
cloud-k3s-pool-workers-worker1,1,2026-06-06 08:27:05 UTC,15053260,15457516,170084,1.06,48712,608056,199852,1.25,206740,503300,204
cloud-k3s-pool-workers-worker1,1,2026-06-06 08:27:06 UTC,15053260,15457576,170064,1.06,48712,608076,199852,1.25,206740,503360,256
cloud-k3s-pool-workers-worker1,1,2026-06-06 08:27:07 UTC,15053260,15457576,170056,1.06,48712,608084,199852,1.25,206740,503360,264
cloud-k3s-pool-workers-worker1,1,2026-06-06 08:27:08 UTC,15053260,15457580,170044,1.06,48712,608096,199852,1.25,206740,503364,52
cloud-k3s-pool-workers-worker1,1,2026-06-06 08:27:09 UTC,15053260,15457580,170044,1.06,48712,608096,199852,1.25,206740,503364,52
cloud-k3s-pool-workers-worker1,1,2026-06-06 08:27:10 UTC,15053260,15457580,170012,1.06,48720,608116,199852,1.25,206740,503364,44
cloud-k3s-pool-workers-worker1,1,2026-06-06 08:27:11 UTC,15053260,15457580,170004,1.06,48720,608124,199852,1.25,206740,503364,208
cloud-k3s-pool-workers-worker1,1,2026-06-06 08:27:12 UTC,15053260,15457640,169992,1.06,48720,608136,199852,1.25,206740,503424,64
cloud-k3s-pool-workers-worker1,1,2026-06-06 08:27:13 UTC,15053260,15457640,169984,1.06,48720,608144,199852,1.25,206740,503424,8
cloud-k3s-pool-workers-worker1,1,2026-06-06 08:27:14 UTC,15053260,15457640,169972,1.06,48720,608156,199852,1.25,206740,503424,24
cloud-k3s-pool-workers-worker1,1,2026-06-06 08:27:15 UTC,15053260,15457640,169964,1.06,48728,608156,199852,1.25,206740,503424,32
cloud-k3s-pool-workers-worker1,1,2026-06-06 08:27:16 UTC,15053260,15457640,169944,1.06,48728,608176,199852,1.25,206740,503424,228
cloud-k3s-pool-workers-worker1,1,2026-06-06 08:27:17 UTC,15053260,15457640,169932,1.06,48728,608188,199852,1.25,206740,503424,240
cloud-k3s-pool-workers-worker1,1,2026-06-06 08:27:18 UTC,15053008,15457448,170176,1.06,48728,608196,199852,1.25,206740,503484,248
cloud-k3s-pool-workers-worker1,1,2026-06-06 08:27:19 UTC,15053008,15457448,170164,1.06,48728,608208,199852,1.25,206740,503484,192
cloud-k3s-pool-workers-worker1,1,2026-06-06 08:27:20 UTC,15053008,15457448,170156,1.06,48728,608216,199852,1.25,206740,503484,176
cloud-k3s-pool-workers-worker1,1,2026-06-06 08:27:21 UTC,15053008,15457448,170156,1.06,48736,608208,199852,1.25,206740,503484,176
cloud-k3s-pool-workers-worker1,1,2026-06-06 08:27:22 UTC,15053008,15457508,170128,1.06,48736,608236,199852,1.25,206740,503544,68
cloud-k3s-pool-workers-worker1,1,2026-06-06 08:27:23 UTC,15052756,15457256,170368,1.07,48736,608248,199852,1.25,206740,503544,80
cloud-k3s-pool-workers-worker1,1,2026-06-06 08:27:24 UTC,15052756,15457316,170360,1.07,48736,608256,199852,1.25,206740,503604,88
cloud-k3s-pool-workers-worker1,1,2026-06-06 08:27:25 UTC,15052756,15457320,170344,1.07,48736,608268,199852,1.25,206740,503604,36
cloud-k3s-pool-workers-worker1,1,2026-06-06 08:27:26 UTC,15052756,15457320,170336,1.07,48744,608268,199852,1.25,206740,503604,172
cloud-k3s-pool-workers-worker1,1,2026-06-06 08:27:27 UTC,15053008,15457572,170064,1.06,48744,608288,199852,1.25,206740,503604,212
cloud-k3s-pool-workers-worker1,1,2026-06-06 08:27:28 UTC,15053008,15457572,170052,1.06,48744,608300,199852,1.25,206740,503604,64
cloud-k3s-pool-workers-worker1,1,2026-06-06 08:27:29 UTC,15053008,15457572,170052,1.06,48744,608300,199852,1.25,206740,503604,64
cloud-k3s-pool-workers-worker1,1,2026-06-06 08:27:30 UTC,15053008,15457632,170032,1.06,48744,608320,199852,1.25,206740,503664,84
cloud-k3s-pool-workers-worker1,1,2026-06-06 08:27:31 UTC,15053008,15457632,170024,1.06,48752,608320,199852,1.25,206740,503664,244
cloud-k3s-pool-workers-worker1,1,2026-06-06 08:27:32 UTC,15053008,15457632,170000,1.06,48752,608340,199852,1.25,206740,503664,172
cloud-k3s-pool-workers-worker1,1,2026-06-06 08:27:33 UTC,15053008,15457632,169992,1.06,48752,608348,199852,1.25,206740,503664,180
cloud-k3s-pool-workers-worker1,1,2026-06-06 08:27:34 UTC,15053008,15457632,169980,1.06,48752,608360,199852,1.25,206740,503664,192
cloud-k3s-pool-workers-worker1,1,2026-06-06 08:27:35 UTC,15053008,15457632,169972,1.06,48752,608368,199852,1.25,206740,503664,200
cloud-k3s-pool-workers-worker1,1,2026-06-06 08:27:36 UTC,15053008,15457692,169960,1.06,48760,608372,199852,1.25,206740,503724,212
cloud-k3s-pool-workers-worker1,1,2026-06-06 08:27:37 UTC,15053008,15457692,169944,1.06,48760,608388,199852,1.25,206740,503724,16
cloud-k3s-pool-workers-worker1,1,2026-06-06 08:27:38 UTC,15053008,15457692,169932,1.06,48760,608400,199852,1.25,206740,503724,32
cloud-k3s-pool-workers-worker1,1,2026-06-06 08:27:39 UTC,15053008,15457692,169932,1.06,48760,608400,199852,1.25,206740,503724,32
cloud-k3s-pool-workers-worker1,1,2026-06-06 08:27:40 UTC,15053008,15457696,169908,1.06,48760,608420,199852,1.25,206740,503724,52
cloud-k3s-pool-workers-worker1,1,2026-06-06 08:27:41 UTC,15053008,15457696,169896,1.06,48768,608424,199852,1.25,206740,503724,64
cloud-k3s-pool-workers-worker1,1,2026-06-06 08:27:42 UTC,15053008,15457788,169880,1.06,48768,608440,199852,1.25,206740,503816,212
cloud-k3s-pool-workers-worker1,1,2026-06-06 08:27:43 UTC,15053008,15457788,169868,1.06,48768,608452,199852,1.25,206740,503816,156
cloud-k3s-pool-workers-worker1,1,2026-06-06 08:27:44 UTC,15053008,15457788,169860,1.06,48768,608460,199852,1.25,206740,503816,168
cloud-k3s-pool-workers-worker1,1,2026-06-06 08:27:45 UTC,15053008,15457788,169848,1.06,48768,608472,199852,1.25,206740,503816,180
cloud-k3s-pool-workers-worker1,1,2026-06-06 08:27:46 UTC,15053008,15457788,169840,1.06,48776,608472,199852,1.25,206740,503816,20
cloud-k3s-pool-workers-worker1,1,2026-06-06 08:27:47 UTC,15053008,15457788,169820,1.06,48776,608492,199852,1.25,206740,503816,72
cloud-k3s-pool-workers-worker1,1,2026-06-06 08:27:48 UTC,15052756,15457596,170064,1.06,48776,608500,199852,1.25,206740,503876,80
cloud-k3s-pool-workers-worker1,1,2026-06-06 08:27:49 UTC,15052756,15457596,170052,1.06,48776,608512,199852,1.25,206740,503876,92
cloud-k3s-pool-workers-worker1,1,2026-06-06 08:27:50 UTC,15052252,15457100,170548,1.07,48776,608520,199852,1.25,206740,503884,40
cloud-k3s-pool-workers-worker1,1,2026-06-06 08:27:51 UTC,15052252,15457100,170536,1.07,48784,608524,199852,1.25,206740,503884,204
cloud-k3s-pool-workers-worker1,1,2026-06-06 08:27:52 UTC,15052676,15457532,170092,1.06,48784,608544,199852,1.25,206740,503892,40
cloud-k3s-pool-workers-worker1,1,2026-06-06 08:27:53 UTC,15052676,15457532,170084,1.06,48784,608552,199852,1.25,206740,503892,48
cloud-k3s-pool-workers-worker1,1,2026-06-06 08:27:54 UTC,15052676,15457592,170072,1.06,48784,608564,199852,1.25,206740,503952,60
cloud-k3s-pool-workers-worker1,1,2026-06-06 08:27:55 UTC,15052676,15457592,170060,1.06,48784,608572,199852,1.25,206740,503952,4
cloud-k3s-pool-workers-worker1,1,2026-06-06 08:27:56 UTC,15052676,15457592,170048,1.06,48792,608576,199852,1.25,206740,503952,20
cloud-k3s-pool-workers-worker1,1,2026-06-06 08:27:57 UTC,15052676,15457592,170032,1.06,48792,608592,199852,1.25,206740,503952,208
cloud-k3s-pool-workers-worker1,1,2026-06-06 08:27:58 UTC,15052676,15457592,170020,1.06,48792,608604,199852,1.25,206740,503952,220
cloud-k3s-pool-workers-worker1,1,2026-06-06 08:27:59 UTC,15052676,15457592,170012,1.06,48792,608612,199852,1.25,206740,503952,228
cloud-k3s-pool-workers-worker1,1,2026-06-06 08:28:00 UTC,15052676,15457652,170000,1.06,48792,608624,199852,1.25,206740,504012,240
cloud-k3s-pool-workers-worker1,1,2026-06-06 08:28:01 UTC,15052676,15457652,169984,1.06,48800,608632,199852,1.25,206740,504012,112
cloud-k3s-pool-workers-worker1,1,2026-06-06 08:28:02 UTC,15052676,15457652,169972,1.06,48800,608644,199852,1.25,206740,504012,128
cloud-k3s-pool-workers-worker1,1,2026-06-06 08:28:03 UTC,15052676,15457652,169964,1.06,48800,608652,199852,1.25,206740,504012,24
cloud-k3s-pool-workers-worker1,1,2026-06-06 08:28:04 UTC,15052676,15457652,169952,1.06,48800,608664,199852,1.25,206740,504012,36
cloud-k3s-pool-workers-worker1,1,2026-06-06 08:28:05 UTC,15052676,15457712,169940,1.06,48800,608676,199852,1.25,206740,504072,48
cloud-k3s-pool-workers-worker1,1,2026-06-06 08:28:06 UTC,15052676,15457712,169932,1.06,48808,608676,199852,1.25,206740,504072,212
cloud-k3s-pool-workers-worker1,1,2026-06-06 08:28:07 UTC,15052676,15457736,169912,1.06,48808,608696,199852,1.25,206740,504096,16
cloud-k3s-pool-workers-worker1,1,2026-06-06 08:28:08 UTC,15052676,15457736,169904,1.06,48808,608704,199852,1.25,206740,504096,28
cloud-k3s-pool-workers-worker1,1,2026-06-06 08:28:09 UTC,15052676,15457736,169904,1.06,48808,608704,199852,1.25,206740,504096,28
cloud-k3s-pool-workers-worker1,1,2026-06-06 08:28:10 UTC,15052676,15457740,169880,1.06,48808,608724,199852,1.25,206740,504096,48
cloud-k3s-pool-workers-worker1,1,2026-06-06 08:28:11 UTC,15052676,15457800,169868,1.06,48816,608728,199852,1.25,206740,504156,212
cloud-k3s-pool-workers-worker1,1,2026-06-06 08:28:12 UTC,15052676,15457808,169852,1.06,48816,608744,199852,1.25,206740,504164,208
cloud-k3s-pool-workers-worker1,1,2026-06-06 08:28:13 UTC,15052424,15457556,170092,1.06,48816,608756,199852,1.25,206740,504164,156
cloud-k3s-pool-workers-worker1,1,2026-06-06 08:28:14 UTC,15052424,15457556,170084,1.06,48816,608764,199852,1.25,206740,504164,168
cloud-k3s-pool-workers-worker1,1,2026-06-06 08:28:15 UTC,15052424,15457556,170072,1.06,48816,608776,199852,1.25,206740,504164,180
cloud-k3s-pool-workers-worker1,1,2026-06-06 08:28:16 UTC,15052424,15457556,170060,1.06,48824,608780,199852,1.25,206740,504164,204
cloud-k3s-pool-workers-worker1,1,2026-06-06 08:28:17 UTC,15052424,15457616,170052,1.06,48824,608788,199852,1.25,206740,504224,212
cloud-k3s-pool-workers-worker1,1,2026-06-06 08:28:18 UTC,15052424,15457616,170032,1.06,48824,608808,199852,1.25,206740,504224,84
cloud-k3s-pool-workers-worker1,1,2026-06-06 08:28:19 UTC,15052424,15457616,170032,1.06,48824,608808,199852,1.25,206740,504224,20
cloud-k3s-pool-workers-worker1,1,2026-06-06 08:28:20 UTC,15052424,15457616,170012,1.06,48824,608828,199852,1.25,206740,504224,44
cloud-k3s-pool-workers-worker1,1,2026-06-06 08:28:21 UTC,15052424,15457616,170004,1.06,48832,608828,199852,1.25,206740,504224,204
cloud-k3s-pool-workers-worker1,1,2026-06-06 08:28:22 UTC,15052424,15457616,169984,1.06,48832,608848,199852,1.25,206740,504224,40
cloud-k3s-pool-workers-worker1,1,2026-06-06 08:28:23 UTC,15052424,15457676,169976,1.06,48832,608856,199852,1.25,206740,504284,48
cloud-k3s-pool-workers-worker1,1,2026-06-06 08:28:24 UTC,15052424,15457676,169964,1.06,48832,608868,199852,1.25,206740,504284,60
cloud-k3s-pool-workers-worker1,1,2026-06-06 08:28:25 UTC,15052424,15457676,169956,1.06,48832,608876,199852,1.25,206740,504284,4
cloud-k3s-pool-workers-worker1,1,2026-06-06 08:28:26 UTC,15052172,15457424,170192,1.06,48840,608880,199852,1.25,206740,504284,172
cloud-k3s-pool-workers-worker1,1,2026-06-06 08:28:27 UTC,15052172,15457424,170180,1.06,48840,608892,199852,1.25,206740,504284,184
cloud-k3s-pool-workers-worker1,1,2026-06-06 08:28:28 UTC,15052172,15457424,170164,1.06,48840,608908,199852,1.25,206740,504284,216
cloud-k3s-pool-workers-worker1,1,2026-06-06 08:28:29 UTC,15052172,15457484,170152,1.06,48840,608920,199852,1.25,206740,504344,228
cloud-k3s-pool-workers-worker1,1,2026-06-06 08:28:30 UTC,15052172,15457484,170144,1.06,48840,608928,199852,1.25,206740,504344,236
cloud-k3s-pool-workers-worker1,1,2026-06-06 08:28:31 UTC,15052172,15457484,170132,1.06,48848,608932,199852,1.25,206740,504344,260
cloud-k3s-pool-workers-worker1,1,2026-06-06 08:28:32 UTC,15052172,15457484,170116,1.06,48848,608948,199852,1.25,206740,504344,16
cloud-k3s-pool-workers-worker1,1,2026-06-06 08:28:33 UTC,15052172,15457484,170104,1.06,48848,608960,199852,1.25,206740,504344,28
cloud-k3s-pool-workers-worker1,1,2026-06-06 08:28:34 UTC,15052172,15457484,170096,1.06,48848,608968,199852,1.25,206740,504344,36
cloud-k3s-pool-workers-worker1,1,2026-06-06 08:28:35 UTC,15052172,15457484,170096,1.06,48848,608968,199852,1.25,206740,504344,36
cloud-k3s-pool-workers-worker1,1,2026-06-06 08:28:36 UTC,15052172,15457544,170076,1.06,48856,608980,199852,1.25,206740,504404,212
cloud-k3s-pool-workers-worker1,1,2026-06-06 08:28:37 UTC,15051920,15457292,170308,1.07,48856,609000,199852,1.25,206740,504404,16
cloud-k3s-pool-workers-worker1,1,2026-06-06 08:28:38 UTC,15052172,15457544,170048,1.06,48856,609008,199852,1.25,206740,504404,24
cloud-k3s-pool-workers-worker1,1,2026-06-06 08:28:39 UTC,15052172,15457544,170036,1.06,48856,609020,199852,1.25,206740,504404,36
cloud-k3s-pool-workers-worker1,1,2026-06-06 08:28:40 UTC,15052172,15457544,170024,1.06,48856,609032,199852,1.25,206740,504404,48
cloud-k3s-pool-workers-worker1,1,2026-06-06 08:28:41 UTC,15052172,15457608,170012,1.06,48864,609032,199852,1.25,206740,504464,208
cloud-k3s-pool-workers-worker1,1,2026-06-06 08:28:42 UTC,15052172,15457608,169992,1.06,48864,609052,199852,1.25,206740,504464,212
cloud-k3s-pool-workers-worker1,1,2026-06-06 08:28:43 UTC,15052172,15457608,169992,1.06,48864,609052,199852,1.25,206740,504464,148
cloud-k3s-pool-workers-worker1,1,2026-06-06 08:28:44 UTC,15052172,15457608,169972,1.06,48864,609072,199852,1.25,206740,504464,172
cloud-k3s-pool-workers-worker1,1,2026-06-06 08:28:45 UTC,15052172,15457608,169964,1.06,48864,609080,199852,1.25,206740,504464,180
cloud-k3s-pool-workers-worker1,1,2026-06-06 08:28:46 UTC,15052172,15457608,169952,1.06,48872,609084,199852,1.25,206740,504464,208
cloud-k3s-pool-workers-worker1,1,2026-06-06 08:28:47 UTC,15052172,15457668,169936,1.06,48872,609100,199852,1.25,206740,504524,72
cloud-k3s-pool-workers-worker1,1,2026-06-06 08:28:48 UTC,15052172,15457668,169924,1.06,48872,609112,199852,1.25,206740,504524,84
cloud-k3s-pool-workers-worker1,1,2026-06-06 08:28:49 UTC,15052172,15457668,169916,1.06,48872,609120,199852,1.25,206740,504524,28
cloud-k3s-pool-workers-worker1,1,2026-06-06 08:28:50 UTC,15052172,15457668,169904,1.06,48872,609132,199852,1.25,206740,504524,44
cloud-k3s-pool-workers-worker1,1,2026-06-06 08:28:51 UTC,15052172,15457668,169904,1.06,48880,609124,199852,1.25,206740,504524,44
cloud-k3s-pool-workers-worker1,1,2026-06-06 08:28:52 UTC,15052172,15457728,169876,1.06,48880,609152,199852,1.25,206740,504584,40
cloud-k3s-pool-workers-worker1,1,2026-06-06 08:28:53 UTC,15051920,15457536,170116,1.06,48880,609164,199852,1.25,206740,504644,52
cloud-k3s-pool-workers-worker1,1,2026-06-06 08:28:54 UTC,15051920,15457536,170108,1.06,48880,609172,199852,1.25,206740,504644,60
cloud-k3s-pool-workers-worker1,1,2026-06-06 08:28:55 UTC,15051920,15457536,170096,1.06,48880,609184,199852,1.25,206740,504644,72
cloud-k3s-pool-workers-worker1,1,2026-06-06 08:28:56 UTC,15051920,15457536,170076,1.06,48888,609192,199852,1.25,206740,504644,192
cloud-k3s-pool-workers-worker1,1,2026-06-06 08:28:57 UTC,15051920,15457536,170064,1.06,48888,609204,199852,1.25,206740,504644,204
cloud-k3s-pool-workers-worker1,1,2026-06-06 08:28:58 UTC,15051920,15457536,170056,1.06,48888,609212,199852,1.25,206740,504644,212
cloud-k3s-pool-workers-worker1,1,2026-06-06 08:28:59 UTC,15051920,15457536,170056,1.06,48888,609212,199852,1.25,206740,504644,212
cloud-k3s-pool-workers-worker1,1,2026-06-06 08:29:00 UTC,15051920,15457596,170036,1.06,48888,609232,199852,1.25,206740,504704,232
cloud-k3s-pool-workers-worker1,1,2026-06-06 08:29:01 UTC,15051920,15457596,170024,1.06,48896,609236,199852,1.25,206740,504704,196
cloud-k3s-pool-workers-worker1,1,2026-06-06 08:29:02 UTC,15051668,15457344,170260,1.07,48896,609252,199852,1.25,206740,504704,16
cloud-k3s-pool-workers-worker1,1,2026-06-06 08:29:03 UTC,15051668,15457344,170248,1.07,48896,609264,199852,1.25,206740,504704,28
cloud-k3s-pool-workers-worker1,1,2026-06-06 08:29:04 UTC,15051668,15457404,170236,1.07,48896,609276,199852,1.25,206740,504764,40
cloud-k3s-pool-workers-worker1,1,2026-06-06 08:29:05 UTC,15051920,15457656,169976,1.06,48896,609284,199852,1.25,206740,504764,48
cloud-k3s-pool-workers-worker1,1,2026-06-06 08:29:06 UTC,15051920,15457656,169964,1.06,48904,609288,199852,1.25,206740,504764,212
cloud-k3s-pool-workers-worker1,1,2026-06-06 08:29:07 UTC,15051920,15457656,169956,1.06,48904,609296,199852,1.25,206740,504764,220
cloud-k3s-pool-workers-worker1,1,2026-06-06 08:29:08 UTC,15051920,15457656,169936,1.06,48904,609316,199852,1.25,206740,504764,188
cloud-k3s-pool-workers-worker1,1,2026-06-06 08:29:09 UTC,15051920,15457656,169928,1.06,48904,609324,199852,1.25,206740,504764,196
cloud-k3s-pool-workers-worker1,1,2026-06-06 08:29:10 UTC,15051920,15457716,169916,1.06,48904,609336,199852,1.25,206740,504824,208
cloud-k3s-pool-workers-worker1,1,2026-06-06 08:29:11 UTC,15051920,15457720,169904,1.06,48912,609336,199852,1.25,206740,504824,228
cloud-k3s-pool-workers-worker1,1,2026-06-06 08:29:12 UTC,15051920,15457720,169880,1.06,48912,609356,199852,1.25,206740,504824,56
cloud-k3s-pool-workers-worker1,1,2026-06-06 08:29:13 UTC,15051920,15457720,169872,1.06,48912,609364,199852,1.25,206740,504824,0
cloud-k3s-pool-workers-worker1,1,2026-06-06 08:29:14 UTC,15051920,15457720,169860,1.06,48912,609376,199852,1.25,206740,504824,16
cloud-k3s-pool-workers-worker1,1,2026-06-06 08:29:15 UTC,15051920,15457720,169860,1.06,48912,609376,199852,1.25,206740,504824,16
cloud-k3s-pool-workers-worker1,1,2026-06-06 08:29:16 UTC,15051920,15457780,169840,1.06,48920,609388,199852,1.25,206740,504884,192
cloud-k3s-pool-workers-worker1,1,2026-06-06 08:29:17 UTC,15051920,15457780,169820,1.06,48920,609408,199852,1.25,206740,504884,228
cloud-k3s-pool-workers-worker1,1,2026-06-06 08:29:18 UTC,15051920,15457780,169812,1.06,48920,609416,199852,1.25,206740,504884,80
cloud-k3s-pool-workers-worker1,1,2026-06-06 08:29:19 UTC,15051920,15457780,169800,1.06,48920,609428,199852,1.25,206740,504884,24
cloud-k3s-pool-workers-worker1,1,2026-06-06 08:29:20 UTC,15051920,15457780,169792,1.06,48920,609436,199852,1.25,206740,504884,36
cloud-k3s-pool-workers-worker1,1,2026-06-06 08:29:21 UTC,15051920,15457780,169780,1.06,48928,609440,199852,1.25,206740,504884,204
cloud-k3s-pool-workers-worker1,1,2026-06-06 08:29:22 UTC,15051920,15457840,169764,1.06,48928,609456,199852,1.25,206740,504944,192
cloud-k3s-pool-workers-worker1,1,2026-06-06 08:29:23 UTC,15051920,15457840,169752,1.06,48928,609468,199852,1.25,206740,504944,204
cloud-k3s-pool-workers-worker1,1,2026-06-06 08:29:24 UTC,15051668,15457588,169996,1.06,48928,609476,199852,1.25,206740,504944,212
cloud-k3s-pool-workers-worker1,1,2026-06-06 08:29:25 UTC,15051668,15457588,169984,1.06,48928,609488,199852,1.25,206740,504944,160
cloud-k3s-pool-workers-worker1,1,2026-06-06 08:29:26 UTC,15051668,15457600,169956,1.06,48936,609488,199852,1.25,206740,504944,192
cloud-k3s-pool-workers-worker1,1,2026-06-06 08:29:27 UTC,15051416,15457408,170188,1.06,48936,609508,199852,1.25,206740,505004,52
cloud-k3s-pool-workers-worker1,1,2026-06-06 08:29:28 UTC,15051416,15457468,170176,1.06,48936,609520,199852,1.25,206740,505064,64
cloud-k3s-pool-workers-worker1,1,2026-06-06 08:29:29 UTC,15051416,15457468,170168,1.06,48936,609528,199852,1.25,206740,505064,72
cloud-k3s-pool-workers-worker1,1,2026-06-06 08:29:30 UTC,15051416,15457468,170156,1.06,48936,609540,199852,1.25,206740,505064,84
cloud-k3s-pool-workers-worker1,1,2026-06-06 08:29:31 UTC,15051416,15457468,170156,1.06,48944,609532,199852,1.25,206740,505064,84
cloud-k3s-pool-workers-worker1,1,2026-06-06 08:29:32 UTC,15049204,15455300,172340,1.08,48944,609560,202700,1.27,207868,505108,176
cloud-k3s-pool-workers-worker1,1,2026-06-06 08:29:33 UTC,15049204,15455300,172332,1.08,48944,609568,203036,1.27,208332,505108,236
cloud-k3s-pool-workers-worker1,1,2026-06-06 08:29:34 UTC,15049204,15455300,172320,1.08,48944,609580,203036,1.27,208332,505108,252
cloud-k3s-pool-workers-worker1,1,2026-06-06 08:29:35 UTC,15049204,15455300,172312,1.08,48944,609588,203036,1.27,208332,505108,260
cloud-k3s-pool-workers-worker1,1,2026-06-06 08:29:36 UTC,15049204,15455300,172300,1.08,48944,609600,203036,1.27,208380,505108,68
cloud-k3s-pool-workers-worker1,1,2026-06-06 08:29:37 UTC,15049204,15455348,172280,1.08,48952,609612,199852,1.25,206740,505156,156
cloud-k3s-pool-workers-worker1,1,2026-06-06 08:29:38 UTC,15049204,15455348,172268,1.08,48952,609624,199852,1.25,206740,505156,172
cloud-k3s-pool-workers-worker1,1,2026-06-06 08:29:39 UTC,15049204,15455348,172256,1.08,48952,609636,199852,1.25,206740,505156,184
cloud-k3s-pool-workers-worker1,1,2026-06-06 08:29:40 UTC,15052164,15458308,169288,1.06,48952,609644,199852,1.25,206740,505156,192
cloud-k3s-pool-workers-worker1,1,2026-06-06 08:29:41 UTC,15052164,15458312,169272,1.06,48952,609656,199852,1.25,206740,505160,200
cloud-k3s-pool-workers-worker1,1,2026-06-06 08:29:42 UTC,15052164,15458312,169256,1.06,48960,609664,199852,1.25,206740,505160,100
cloud-k3s-pool-workers-worker1,1,2026-06-06 08:29:43 UTC,15052164,15458372,169244,1.06,48960,609676,199852,1.25,206740,505220,44
cloud-k3s-pool-workers-worker1,1,2026-06-06 08:29:44 UTC,15051912,15458120,169488,1.06,48960,609684,199852,1.25,206740,505220,56
cloud-k3s-pool-workers-worker1,1,2026-06-06 08:29:45 UTC,15051912,15458120,169476,1.06,48960,609696,199852,1.25,206740,505220,68
cloud-k3s-pool-workers-worker1,1,2026-06-06 08:29:46 UTC,15051408,15457616,169972,1.06,48960,609704,199852,1.25,206740,505220,76
cloud-k3s-pool-workers-worker1,1,2026-06-06 08:29:47 UTC,15051408,15457616,169972,1.06,48960,609704,199852,1.25,206740,505220,76
cloud-k3s-pool-workers-worker1,1,2026-06-06 08:29:48 UTC,15051408,15457616,169944,1.06,48968,609724,199852,1.25,206740,505220,244
cloud-k3s-pool-workers-worker1,1,2026-06-06 08:29:49 UTC,15051408,15457676,169932,1.06,48968,609736,199852,1.25,206740,505280,192
cloud-k3s-pool-workers-worker1,1,2026-06-06 08:29:50 UTC,15051408,15457676,169924,1.06,48968,609744,199852,1.25,206740,505280,204
cloud-k3s-pool-workers-worker1,1,2026-06-06 08:29:51 UTC,15051408,15457676,169912,1.06,48968,609756,199852,1.25,206740,505280,216
cloud-k3s-pool-workers-worker1,1,2026-06-06 08:29:52 UTC,15051408,15457676,169896,1.06,48968,609772,199852,1.25,206740,505280,80
cloud-k3s-pool-workers-worker1,1,2026-06-06 08:29:53 UTC,15051408,15457676,169888,1.06,48968,609780,199852,1.25,206740,505280,60
cloud-k3s-pool-workers-worker1,1,2026-06-06 08:29:54 UTC,15051408,15457676,169868,1.06,48976,609792,199852,1.25,206740,505280,104
cloud-k3s-pool-workers-worker1,1,2026-06-06 08:29:55 UTC,15051408,15457676,169868,1.06,48976,609792,199852,1.25,206740,505280,104
cloud-k3s-pool-workers-worker1,1,2026-06-06 08:29:56 UTC,15051408,15457740,169844,1.06,48976,609812,199852,1.25,206740,505340,64
cloud-k3s-pool-workers-worker1,1,2026-06-06 08:29:57 UTC,15051408,15457764,169836,1.06,48976,609820,199852,1.25,206740,505364,72
cloud-k3s-pool-workers-worker1,1,2026-06-06 08:29:58 UTC,15051408,15457764,169824,1.06,48976,609832,199852,1.25,206740,505364,84
cloud-k3s-pool-workers-worker1,1,2026-06-06 08:29:59 UTC,15051408,15457764,169816,1.06,48976,609840,199852,1.25,206740,505364,92
cloud-k3s-pool-workers-worker1,1,2026-06-06 08:30:00 UTC,15051408,15457804,169796,1.06,48984,609852,199852,1.25,206740,505404,100
cloud-k3s-pool-workers-worker1,1,2026-06-06 08:30:01 UTC,15051408,15457812,169788,1.06,48984,609860,199852,1.25,206740,505412,44
cloud-k3s-pool-workers-worker1,1,2026-06-06 08:30:02 UTC,15051408,15457812,169776,1.06,48984,609872,199852,1.25,206740,505412,220
cloud-k3s-pool-workers-worker1,1,2026-06-06 08:30:03 UTC,15051408,15457812,169776,1.06,48984,609872,199852,1.25,206740,505412,220
cloud-k3s-pool-workers-worker1,1,2026-06-06 08:30:04 UTC,15051408,15457872,169756,1.06,48984,609892,199852,1.25,206740,505472,240
cloud-k3s-pool-workers-worker1,1,2026-06-06 08:30:05 UTC,15051408,15457896,169744,1.06,48984,609904,199852,1.25,206740,505496,224
cloud-k3s-pool-workers-worker1,1,2026-06-06 08:30:06 UTC,15051408,15457896,169728,1.06,48992,609912,199852,1.25,206740,505496,260
cloud-k3s-pool-workers-worker1,1,2026-06-06 08:30:07 UTC,15051408,15457904,169716,1.06,48992,609924,199852,1.25,206740,505504,44
cloud-k3s-pool-workers-worker1,1,2026-06-06 08:30:08 UTC,15051408,15457904,169708,1.06,48992,609932,199852,1.25,206740,505504,48
cloud-k3s-pool-workers-worker1,1,2026-06-06 08:30:09 UTC,15050400,15456896,170704,1.07,48992,609944,199852,1.25,206740,505504,60
cloud-k3s-pool-workers-worker1,1,2026-06-06 08:30:10 UTC,15050400,15456896,170696,1.07,48992,609952,199852,1.25,206740,505504,68
cloud-k3s-pool-workers-worker1,1,2026-06-06 08:30:11 UTC,15050400,15456896,170696,1.07,49000,609944,199852,1.25,206740,505504,68
cloud-k3s-pool-workers-worker1,1,2026-06-06 08:30:12 UTC,15050400,15456956,170664,1.07,49000,609972,199852,1.25,206740,505564,260
cloud-k3s-pool-workers-worker1,1,2026-06-06 08:30:13 UTC,15050400,15456956,170652,1.07,49000,609984,199852,1.25,206740,505564,208
cloud-k3s-pool-workers-worker1,1,2026-06-06 08:30:14 UTC,15050400,15456956,170640,1.07,49000,609996,199852,1.25,206740,505564,224
cloud-k3s-pool-workers-worker1,1,2026-06-06 08:30:15 UTC,15050400,15456956,170632,1.07,49000,610004,199852,1.25,206740,505564,232
cloud-k3s-pool-workers-worker1,1,2026-06-06 08:30:16 UTC,15050400,15456956,170620,1.07,49008,610008,199852,1.25,206740,505564,244
cloud-k3s-pool-workers-worker1,1,2026-06-06 08:30:17 UTC,15050400,15457020,170604,1.07,49008,610028,199852,1.25,206692,505628,224
cloud-k3s-pool-workers-worker1,1,2026-06-06 08:30:18 UTC,15050400,15457020,170592,1.07,49008,610040,199852,1.25,206692,505628,236
cloud-k3s-pool-workers-worker1,1,2026-06-06 08:30:19 UTC,15050400,15457020,170592,1.07,49008,610040,199852,1.25,206692,505628,236
cloud-k3s-pool-workers-worker1,1,2026-06-06 08:30:20 UTC,15050400,15457020,170572,1.07,49008,610060,199852,1.25,206692,505628,196
cloud-k3s-pool-workers-worker1,1,2026-06-06 08:30:21 UTC,15050400,15457020,170564,1.07,49016,610060,199852,1.25,206692,505628,204
cloud-k3s-pool-workers-worker1,1,2026-06-06 08:30:22 UTC,15050400,15457072,170544,1.07,49016,610080,199852,1.25,206692,505680,76
cloud-k3s-pool-workers-worker1,1,2026-06-06 08:30:23 UTC,15050400,15457072,170536,1.07,49016,610088,199852,1.25,206692,505680,84
cloud-k3s-pool-workers-worker1,1,2026-06-06 08:30:24 UTC,15050652,15457348,170272,1.07,49016,610100,199852,1.25,206692,505704,88
cloud-k3s-pool-workers-worker1,1,2026-06-06 08:30:25 UTC,15050652,15457376,170264,1.07,49016,610108,199852,1.25,206692,505732,32
cloud-k3s-pool-workers-worker1,1,2026-06-06 08:30:26 UTC,15050652,15457376,170252,1.07,49024,610112,199852,1.25,206692,505732,48
cloud-k3s-pool-workers-worker1,1,2026-06-06 08:30:27 UTC,15050652,15457376,170252,1.07,49024,610112,199852,1.25,206692,505732,48
cloud-k3s-pool-workers-worker1,1,2026-06-06 08:30:28 UTC,15050652,15457380,170220,1.07,49024,610140,199852,1.25,206740,505732,192
cloud-k3s-pool-workers-worker1,1,2026-06-06 08:30:29 UTC,15050652,15457380,170208,1.06,49024,610152,199852,1.25,206740,505732,204
cloud-k3s-pool-workers-worker1,1,2026-06-06 08:30:30 UTC,15048416,15455196,172432,1.08,49024,610160,203056,1.27,208376,505784,216
cloud-k3s-pool-workers-worker1,1,2026-06-06 08:30:31 UTC,15048416,15455196,172420,1.08,49032,610164,203300,1.27,208376,505784,12
cloud-k3s-pool-workers-worker1,1,2026-06-06 08:30:32 UTC,15048416,15455196,172404,1.08,49032,610180,203300,1.27,208376,505784,56
cloud-k3s-pool-workers-worker1,1,2026-06-06 08:30:33 UTC,15048416,15455196,172392,1.08,49032,610192,199852,1.25,206728,505784,196
cloud-k3s-pool-workers-worker1,1,2026-06-06 08:30:34 UTC,15048416,15455196,172384,1.08,49032,610200,199852,1.25,206728,505784,204
cloud-k3s-pool-workers-worker1,1,2026-06-06 08:30:35 UTC,15048416,15455244,172372,1.08,49032,610212,199852,1.25,206740,505832,216
cloud-k3s-pool-workers-worker1,1,2026-06-06 08:30:36 UTC,15050912,15457752,169868,1.06,49040,610212,199852,1.25,206740,505844,220
cloud-k3s-pool-workers-worker1,1,2026-06-06 08:30:37 UTC,15050912,15457752,169816,1.06,49040,610232,199852,1.25,206740,505844,8
cloud-k3s-pool-workers-worker1,1,2026-06-06 08:30:38 UTC,15050912,15457752,169804,1.06,49040,610244,199852,1.25,206740,505844,24
cloud-k3s-pool-workers-worker1,1,2026-06-06 08:30:39 UTC,15050912,15457752,169796,1.06,49040,610252,199852,1.25,206740,505844,32
cloud-k3s-pool-workers-worker1,1,2026-06-06 08:30:40 UTC,15050912,15457752,169784,1.06,49040,610264,199852,1.25,206740,505844,44
cloud-k3s-pool-workers-worker1,1,2026-06-06 08:30:41 UTC,15050912,15457752,169776,1.06,49048,610264,199852,1.25,206740,505844,204
cloud-k3s-pool-workers-worker1,1,2026-06-06 08:30:42 UTC,15050912,15457812,169752,1.06,49048,610284,199852,1.25,206740,505904,248
cloud-k3s-pool-workers-worker1,1,2026-06-06 08:30:43 UTC,15050912,15457812,169752,1.06,49048,610284,199852,1.25,206740,505904,248
cloud-k3s-pool-workers-worker1,1,2026-06-06 08:30:44 UTC,15050912,15457812,169732,1.06,49048,610304,199852,1.25,206740,505904,208
cloud-k3s-pool-workers-worker1,1,2026-06-06 08:30:45 UTC,15050912,15457812,169724,1.06,49048,610312,199852,1.25,206740,505904,216
cloud-k3s-pool-workers-worker1,1,2026-06-06 08:30:46 UTC,15050660,15457560,169964,1.06,49048,610324,199852,1.25,206740,505904,240
cloud-k3s-pool-workers-worker1,1,2026-06-06 08:30:47 UTC,15050660,15457560,169948,1.06,49056,610332,199852,1.25,206740,505904,52
cloud-k3s-pool-workers-worker1,1,2026-06-06 08:30:48 UTC,15050660,15457620,169936,1.06,49056,610344,199852,1.25,206740,505964,64
cloud-k3s-pool-workers-worker1,1,2026-06-06 08:30:49 UTC,15050660,15457620,169928,1.06,49056,610352,199852,1.25,206740,505964,8
cloud-k3s-pool-workers-worker1,1,2026-06-06 08:30:50 UTC,15050912,15457872,169664,1.06,49056,610364,199852,1.25,206740,505964,24
cloud-k3s-pool-workers-worker1,1,2026-06-06 08:30:51 UTC,15050912,15457872,169664,1.06,49056,610364,199852,1.25,206740,505964,24
cloud-k3s-pool-workers-worker1,1,2026-06-06 08:30:52 UTC,15050912,15457872,169636,1.06,49064,610384,199852,1.25,206740,505964,72
cloud-k3s-pool-workers-worker1,1,2026-06-06 08:30:53 UTC,15050912,15457872,169624,1.06,49064,610396,199852,1.25,206740,505964,84
cloud-k3s-pool-workers-worker1,1,2026-06-06 08:30:54 UTC,15050912,15457932,169616,1.06,49064,610404,199852,1.25,206740,506024,92
cloud-k3s-pool-workers-worker1,1,2026-06-06 08:30:55 UTC,15050912,15457932,169604,1.06,49064,610416,199852,1.25,206740,506024,36
cloud-k3s-pool-workers-worker1,1,2026-06-06 08:30:56 UTC,15050912,15457932,169596,1.06,49064,610424,199852,1.25,206740,506024,200
cloud-k3s-pool-workers-worker1,1,2026-06-06 08:30:57 UTC,15050912,15457936,169580,1.06,49064,610436,199852,1.25,206740,506024,180
cloud-k3s-pool-workers-worker1,1,2026-06-06 08:30:58 UTC,15050912,15457936,169560,1.06,49072,610444,199852,1.25,206740,506024,216
cloud-k3s-pool-workers-worker1,1,2026-06-06 08:30:59 UTC,15050912,15457936,169560,1.06,49072,610444,199852,1.25,206740,506024,216
cloud-k3s-pool-workers-worker1,1,2026-06-06 08:31:00 UTC,15050912,15457996,169540,1.06,49072,610464,199852,1.25,206740,506084,236
cloud-k3s-pool-workers-worker1,1,2026-06-06 08:31:01 UTC,15050912,15457996,169528,1.06,49072,610476,199852,1.25,206740,506084,20
cloud-k3s-pool-workers-worker1,1,2026-06-06 08:31:02 UTC,15050912,15457996,169516,1.06,49072,610488,199852,1.25,206740,506084,48
cloud-k3s-pool-workers-worker1,1,2026-06-06 08:31:03 UTC,15050912,15457996,169508,1.06,49072,610496,199852,1.25,206740,506084,56
cloud-k3s-pool-workers-worker1,1,2026-06-06 08:31:04 UTC,15050912,15458056,169488,1.06,49080,610508,199852,1.25,206740,506144,68
cloud-k3s-pool-workers-worker1,1,2026-06-06 08:31:05 UTC,15050912,15458056,169480,1.06,49080,610516,199852,1.25,206740,506144,76
cloud-k3s-pool-workers-worker1,1,2026-06-06 08:31:06 UTC,15050912,15458116,169468,1.06,49080,610528,199852,1.25,206740,506204,88
cloud-k3s-pool-workers-worker1,1,2026-06-06 08:31:07 UTC,15050912,15458116,169468,1.06,49080,610528,199852,1.25,206740,506204,88
cloud-k3s-pool-workers-worker1,1,2026-06-06 08:31:08 UTC,15050912,15458116,169448,1.06,49080,610548,199852,1.25,206740,506204,48
cloud-k3s-pool-workers-worker1,1,2026-06-06 08:31:09 UTC,15050912,15458116,169440,1.06,49080,610556,199852,1.25,206740,506204,56
cloud-k3s-pool-workers-worker1,1,2026-06-06 08:31:10 UTC,15050912,15458116,169420,1.06,49088,610568,199852,1.25,206740,506204,68
cloud-k3s-pool-workers-worker1,1,2026-06-06 08:31:11 UTC,15050912,15458116,169412,1.06,49088,610576,199852,1.25,206740,506204,232
cloud-k3s-pool-workers-worker1,1,2026-06-06 08:31:12 UTC,15050912,15458180,169396,1.06,49088,610588,199852,1.25,206740,506264,244
cloud-k3s-pool-workers-worker1,1,2026-06-06 08:31:13 UTC,15050912,15458180,169388,1.06,49088,610596,199852,1.25,206740,506264,188
cloud-k3s-pool-workers-worker1,1,2026-06-06 08:31:14 UTC,15050912,15458180,169376,1.06,49088,610608,199852,1.25,206740,506264,204
cloud-k3s-pool-workers-worker1,1,2026-06-06 08:31:15 UTC,15050912,15458180,169376,1.06,49088,610608,199852,1.25,206740,506264,204
cloud-k3s-pool-workers-worker1,1,2026-06-06 08:31:16 UTC,15050660,15457928,169600,1.06,49096,610628,199852,1.25,206740,506264,68
cloud-k3s-pool-workers-worker1,1,2026-06-06 08:31:17 UTC,15050912,15458240,169336,1.06,49096,610640,199852,1.25,206740,506324,80
cloud-k3s-pool-workers-worker1,1,2026-06-06 08:31:18 UTC,15050912,15458240,169328,1.06,49096,610648,199852,1.25,206740,506324,88
cloud-k3s-pool-workers-worker1,1,2026-06-06 08:31:19 UTC,15050912,15458240,169316,1.06,49096,610660,199852,1.25,206740,506324,32
cloud-k3s-pool-workers-worker1,1,2026-06-06 08:31:20 UTC,15050912,15458240,169308,1.06,49096,610668,199852,1.25,206740,506324,44
cloud-k3s-pool-workers-worker1,1,2026-06-06 08:31:21 UTC,15047920,15455288,172288,1.08,49104,610672,199852,1.25,206728,506364,232
cloud-k3s-pool-workers-worker1,1,2026-06-06 08:31:22 UTC,15047920,15455296,172272,1.08,49104,610688,199852,1.25,206740,506372,76
cloud-k3s-pool-workers-worker1,1,2026-06-06 08:31:23 UTC,15047920,15455296,172260,1.08,49104,610700,199852,1.25,206740,506372,88
cloud-k3s-pool-workers-worker1,1,2026-06-06 08:31:24 UTC,15047920,15455296,172252,1.08,49104,610708,199852,1.25,206740,506372,96
cloud-k3s-pool-workers-worker1,1,2026-06-06 08:31:25 UTC,15047920,15455296,172240,1.08,49104,610720,199852,1.25,206740,506372,108
cloud-k3s-pool-workers-worker1,1,2026-06-06 08:31:26 UTC,15047920,15455296,172228,1.08,49112,610724,199852,1.25,206740,506372,212
cloud-k3s-pool-workers-worker1,1,2026-06-06 08:31:27 UTC,15047920,15455348,172212,1.08,49112,610740,199852,1.25,206740,506424,184
cloud-k3s-pool-workers-worker1,1,2026-06-06 08:31:28 UTC,15047920,15455348,172196,1.08,49112,610752,199852,1.25,206740,506424,196
cloud-k3s-pool-workers-worker1,1,2026-06-06 08:31:29 UTC,15047920,15455348,172188,1.08,49112,610760,199852,1.25,206740,506424,204
cloud-k3s-pool-workers-worker1,1,2026-06-06 08:31:30 UTC,15047920,15455348,172176,1.08,49112,610772,199852,1.25,206740,506424,216
cloud-k3s-pool-workers-worker1,1,2026-06-06 08:31:31 UTC,15047920,15455348,172176,1.08,49120,610764,199852,1.25,206740,506424,216
cloud-k3s-pool-workers-worker1,1,2026-06-06 08:31:32 UTC,15047920,15455400,172148,1.08,49120,610792,199852,1.25,206740,506476,48
cloud-k3s-pool-workers-worker1,1,2026-06-06 08:31:33 UTC,15047920,15455408,172140,1.08,49120,610800,199852,1.25,206740,506484,52
cloud-k3s-pool-workers-worker1,1,2026-06-06 08:31:34 UTC,15047920,15455408,172128,1.08,49120,610812,199852,1.25,206740,506484,64
cloud-k3s-pool-workers-worker1,1,2026-06-06 08:31:35 UTC,15047920,15455408,172120,1.08,49120,610820,199852,1.25,206740,506484,72
cloud-k3s-pool-workers-worker1,1,2026-06-06 08:31:36 UTC,15047668,15455156,172360,1.08,49128,610824,199852,1.25,206740,506484,236
cloud-k3s-pool-workers-worker1,1,2026-06-06 08:31:37 UTC,15047668,15455156,172344,1.08,49128,610840,199852,1.25,206740,506484,160
cloud-k3s-pool-workers-worker1,1,2026-06-06 08:31:38 UTC,15047668,15455156,172332,1.08,49128,610852,199852,1.25,206740,506484,176
cloud-k3s-pool-workers-worker1,1,2026-06-06 08:31:39 UTC,15047668,15455216,172320,1.08,49128,610864,199852,1.25,206740,506544,188
cloud-k3s-pool-workers-worker1,1,2026-06-06 08:31:40 UTC,15047668,15455216,172312,1.08,49128,610872,199852,1.25,206740,506544,196
cloud-k3s-pool-workers-worker1,1,2026-06-06 08:31:41 UTC,15047668,15455216,172300,1.08,49136,610876,199852,1.25,206740,506544,212
cloud-k3s-pool-workers-worker1,1,2026-06-06 08:31:42 UTC,15047668,15455276,172284,1.08,49136,610892,199852,1.25,206740,506604,92
cloud-k3s-pool-workers-worker1,1,2026-06-06 08:31:43 UTC,15047920,15455532,172016,1.08,49136,610904,199852,1.25,206740,506604,104
cloud-k3s-pool-workers-worker1,1,2026-06-06 08:31:44 UTC,15047920,15455532,172008,1.08,49136,610912,199852,1.25,206740,506604,112
cloud-k3s-pool-workers-worker1,1,2026-06-06 08:31:45 UTC,15047920,15455592,171996,1.08,49136,610924,199852,1.25,206740,506664,124
cloud-k3s-pool-workers-worker1,1,2026-06-06 08:31:46 UTC,15047920,15455592,171988,1.08,49136,610932,199852,1.25,206740,506664,288
cloud-k3s-pool-workers-worker1,1,2026-06-06 08:31:47 UTC,15047920,15455592,171976,1.08,49144,610936,199852,1.25,206740,506664,300
cloud-k3s-pool-workers-worker1,1,2026-06-06 08:31:48 UTC,15047920,15455592,171960,1.08,49144,610952,199852,1.25,206740,506664,140
cloud-k3s-pool-workers-worker1,1,2026-06-06 08:31:49 UTC,15047920,15455592,171948,1.08,49144,610964,199852,1.25,206740,506664,152
cloud-k3s-pool-workers-worker1,1,2026-06-06 08:31:50 UTC,15047668,15455340,172188,1.08,49144,610976,199852,1.25,206740,506664,164
cloud-k3s-pool-workers-worker1,1,2026-06-06 08:31:51 UTC,15047668,15455400,172180,1.08,49144,610984,199852,1.25,206740,506724,324
cloud-k3s-pool-workers-worker1,1,2026-06-06 08:31:52 UTC,15047668,15455416,172160,1.08,49152,610996,199852,1.25,206740,506740,320
cloud-k3s-pool-workers-worker1,1,2026-06-06 08:31:53 UTC,15047668,15455416,172152,1.08,49152,611004,199852,1.25,206740,506740,328
cloud-k3s-pool-workers-worker1,1,2026-06-06 08:31:54 UTC,15047668,15455416,172140,1.08,49152,611016,199852,1.25,206740,506740,336
cloud-k3s-pool-workers-worker1,1,2026-06-06 08:31:55 UTC,15047668,15455416,172140,1.08,49152,611016,199852,1.25,206740,506740,336
cloud-k3s-pool-workers-worker1,1,2026-06-06 08:31:56 UTC,15047668,15455416,172120,1.08,49152,611036,199852,1.25,206740,506740,368
cloud-k3s-pool-workers-worker1,1,2026-06-06 08:31:57 UTC,15047668,15455420,172112,1.08,49152,611044,199852,1.25,206740,506744,212
cloud-k3s-pool-workers-worker1,1,2026-06-06 08:31:58 UTC,15047668,15455480,172088,1.08,49160,611056,199852,1.25,206740,506804,240
cloud-k3s-pool-workers-worker1,1,2026-06-06 08:31:59 UTC,15047668,15455480,172080,1.08,49160,611064,199852,1.25,206740,506804,248
cloud-k3s-pool-workers-worker1,1,2026-06-06 08:32:00 UTC,15047668,15455480,172068,1.08,49160,611076,199852,1.25,206740,506804,260
cloud-k3s-pool-workers-worker1,1,2026-06-06 08:32:01 UTC,15047668,15455480,172060,1.08,49160,611084,199852,1.25,206740,506804,420
cloud-k3s-pool-workers-worker1,1,2026-06-06 08:32:02 UTC,15047668,15455480,172048,1.08,49160,611096,199852,1.25,206740,506804,432
cloud-k3s-pool-workers-worker1,1,2026-06-06 08:32:03 UTC,15047668,15455480,172048,1.08,49160,611096,199852,1.25,206740,506804,432
cloud-k3s-pool-workers-worker1,1,2026-06-06 08:32:04 UTC,15047668,15455540,172020,1.08,49168,611116,199852,1.25,206740,506864,452
cloud-k3s-pool-workers-worker1,1,2026-06-06 08:32:05 UTC,15047416,15455288,172260,1.08,49168,611128,199852,1.25,206740,506864,464
cloud-k3s-pool-workers-worker1,1,2026-06-06 08:32:06 UTC,15047416,15455288,172252,1.08,49168,611136,199852,1.25,206740,506864,484
cloud-k3s-pool-workers-worker1,1,2026-06-06 08:32:07 UTC,15047416,15455288,172240,1.08,49168,611148,199852,1.25,206740,506864,332
cloud-k3s-pool-workers-worker1,1,2026-06-06 08:32:08 UTC,15047416,15455288,172232,1.08,49168,611156,199852,1.25,206740,506864,80
cloud-k3s-pool-workers-worker1,1,2026-06-06 08:32:09 UTC,15047416,15455288,172220,1.08,49168,611168,199852,1.25,206740,506864,32
cloud-k3s-pool-workers-worker1,1,2026-06-06 08:32:10 UTC,15047416,15455348,172204,1.08,49176,611176,199852,1.25,206740,506924,52
cloud-k3s-pool-workers-worker1,1,2026-06-06 08:32:11 UTC,15047668,15455600,171952,1.08,49176,611176,199852,1.25,206740,506924,52
cloud-k3s-pool-workers-worker1,1,2026-06-06 08:32:12 UTC,15047668,15455600,171932,1.08,49176,611196,199852,1.25,206740,506924,76
cloud-k3s-pool-workers-worker1,1,2026-06-06 08:32:13 UTC,15047668,15455604,171916,1.08,49176,611208,199852,1.25,206740,506924,88
cloud-k3s-pool-workers-worker1,1,2026-06-06 08:32:14 UTC,15047416,15455352,172156,1.08,49176,611220,199852,1.25,206740,506924,100
cloud-k3s-pool-workers-worker1,1,2026-06-06 08:32:15 UTC,15047416,15455352,172148,1.08,49176,611228,199852,1.25,206740,506924,80
cloud-k3s-pool-workers-worker1,1,2026-06-06 08:32:16 UTC,15047416,15455412,172128,1.08,49184,611240,199852,1.25,206740,506984,260
cloud-k3s-pool-workers-worker1,1,2026-06-06 08:32:17 UTC,15047416,15455412,172120,1.08,49184,611248,199852,1.25,206740,506984,268
cloud-k3s-pool-workers-worker1,1,2026-06-06 08:32:18 UTC,15047416,15455412,172108,1.08,49184,611260,199852,1.25,206740,506984,280
cloud-k3s-pool-workers-worker1,1,2026-06-06 08:32:19 UTC,15047416,15455412,172108,1.08,49184,611260,199852,1.25,206740,506984,280
cloud-k3s-pool-workers-worker1,1,2026-06-06 08:32:20 UTC,15047416,15455412,172088,1.08,49184,611280,199852,1.25,206740,506984,300
cloud-k3s-pool-workers-worker1,1,2026-06-06 08:32:21 UTC,15047416,15455412,172080,1.08,49192,611280,199852,1.25,206740,506984,304
cloud-k3s-pool-workers-worker1,1,2026-06-06 08:32:22 UTC,15047416,15455472,172060,1.08,49192,611300,199852,1.25,206740,507044,164
cloud-k3s-pool-workers-worker1,1,2026-06-06 08:32:23 UTC,15047416,15455472,172052,1.08,49192,611308,199852,1.25,206740,507044,172
cloud-k3s-pool-workers-worker1,1,2026-06-06 08:32:24 UTC,15047416,15455472,172040,1.08,49192,611320,199852,1.25,206740,507044,16
cloud-k3s-pool-workers-worker1,1,2026-06-06 08:32:25 UTC,15047416,15455472,172028,1.08,49192,611332,199852,1.25,206740,507044,32
cloud-k3s-pool-workers-worker1,1,2026-06-06 08:32:26 UTC,15047416,15455472,172020,1.08,49200,611332,199852,1.25,206740,507044,192
cloud-k3s-pool-workers-worker1,1,2026-06-06 08:32:27 UTC,15047416,15455472,172008,1.08,49200,611344,199852,1.25,206740,507044,204
cloud-k3s-pool-workers-worker1,1,2026-06-06 08:32:28 UTC,15047416,15455592,171988,1.08,49200,611360,199852,1.25,206740,507164,48
cloud-k3s-pool-workers-worker1,1,2026-06-06 08:32:29 UTC,15047416,15455592,171976,1.08,49200,611372,199852,1.25,206740,507164,60
cloud-k3s-pool-workers-worker1,1,2026-06-06 08:32:30 UTC,15047416,15455592,171968,1.08,49200,611380,199852,1.25,206740,507164,68
cloud-k3s-pool-workers-worker1,1,2026-06-06 08:32:31 UTC,15047416,15455592,171956,1.08,49200,611392,199852,1.25,206740,507164,232
cloud-k3s-pool-workers-worker1,1,2026-06-06 08:32:32 UTC,15047416,15455592,171936,1.08,49208,611404,199852,1.25,206740,507164,264
cloud-k3s-pool-workers-worker1,1,2026-06-06 08:32:33 UTC,15047416,15455592,171924,1.08,49208,611416,199852,1.25,206740,507164,276
cloud-k3s-pool-workers-worker1,1,2026-06-06 08:32:34 UTC,15047416,15455652,171916,1.08,49208,611424,199852,1.25,206740,507224,284
cloud-k3s-pool-workers-worker1,1,2026-06-06 08:32:35 UTC,15047416,15455652,171916,1.08,49208,611424,199852,1.25,206740,507224,284
cloud-k3s-pool-workers-worker1,1,2026-06-06 08:32:36 UTC,15047540,15455776,171772,1.07,49208,611444,199852,1.25,206740,507224,324
cloud-k3s-pool-workers-worker1,1,2026-06-06 08:32:37 UTC,15047540,15455816,171752,1.07,49216,611456,199852,1.25,206740,507264,144
cloud-k3s-pool-workers-worker1,1,2026-06-06 08:32:38 UTC,15047540,15455816,171740,1.07,49216,611468,199852,1.25,206740,507264,156
cloud-k3s-pool-workers-worker1,1,2026-06-06 08:32:39 UTC,15047288,15455564,171984,1.08,49216,611476,199852,1.25,206740,507264,164
cloud-k3s-pool-workers-worker1,1,2026-06-06 08:32:40 UTC,15047288,15455564,171972,1.08,49216,611488,199852,1.25,206740,507264,176
cloud-k3s-pool-workers-worker1,1,2026-06-06 08:32:41 UTC,15047288,15455564,171964,1.08,49216,611496,199852,1.25,206740,507264,336
cloud-k3s-pool-workers-worker1,1,2026-06-06 08:32:42 UTC,15047288,15455564,171952,1.08,49224,611500,199852,1.25,206740,507264,348
cloud-k3s-pool-workers-worker1,1,2026-06-06 08:32:43 UTC,15047288,15455564,171952,1.08,49224,611500,202700,1.27,207780,507264,348
cloud-k3s-pool-workers-worker1,1,2026-06-06 08:32:44 UTC,15047288,15455656,171920,1.08,49224,611528,203036,1.27,208320,507352,384
cloud-k3s-pool-workers-worker1,1,2026-06-06 08:32:45 UTC,15047288,15455656,171912,1.08,49224,611536,203036,1.27,208320,507352,448
cloud-k3s-pool-workers-worker1,1,2026-06-06 08:32:46 UTC,15047288,15455656,171900,1.08,49224,611548,203036,1.27,208320,507352,476
cloud-k3s-pool-workers-worker1,1,2026-06-06 08:32:47 UTC,15047288,15455664,171884,1.08,49232,611556,203036,1.27,208372,507360,368
cloud-k3s-pool-workers-worker1,1,2026-06-06 08:32:48 UTC,15047288,15455844,171744,1.07,49232,611696,199852,1.25,206856,507412,396
cloud-k3s-pool-workers-worker1,1,2026-06-06 08:32:49 UTC,15047288,15455844,171732,1.07,49232,611708,199852,1.25,206856,507412,408
cloud-k3s-pool-workers-worker1,1,2026-06-06 08:32:50 UTC,15047288,15455844,171724,1.07,49232,611716,199852,1.25,206856,507412,416
cloud-k3s-pool-workers-worker1,1,2026-06-06 08:32:51 UTC,15047036,15455592,171964,1.08,49232,611728,199852,1.25,206856,507412,504
cloud-k3s-pool-workers-worker1,1,2026-06-06 08:32:52 UTC,15047036,15455632,171956,1.08,49232,611736,199852,1.25,206856,507452,300
cloud-k3s-pool-workers-worker1,1,2026-06-06 08:32:53 UTC,15047036,15455632,171936,1.08,49240,611748,199852,1.25,206856,507452,332
cloud-k3s-pool-workers-worker1,1,2026-06-06 08:32:54 UTC,15047036,15455632,171928,1.08,49240,611756,199852,1.25,206856,507452,340
cloud-k3s-pool-workers-worker1,1,2026-06-06 08:32:55 UTC,15047036,15455632,171916,1.08,49240,611768,199852,1.25,206856,507452,352
cloud-k3s-pool-workers-worker1,1,2026-06-06 08:32:56 UTC,15047036,15455632,171908,1.08,49240,611776,199852,1.25,206856,507452,188
cloud-k3s-pool-workers-worker1,1,2026-06-06 08:32:57 UTC,15047036,15455632,171896,1.08,49240,611788,199852,1.25,206856,507452,204
cloud-k3s-pool-workers-worker1,1,2026-06-06 08:32:58 UTC,15047036,15455696,171884,1.08,49240,611796,199852,1.25,206856,507512,188
cloud-k3s-pool-workers-worker1,1,2026-06-06 08:32:59 UTC,15047556,15456216,171364,1.07,49248,611788,199852,1.25,206856,507512,188
cloud-k3s-pool-workers-worker1,1,2026-06-06 08:33:00 UTC,15047600,15456260,171292,1.07,49248,611816,199852,1.25,206856,507512,236
cloud-k3s-pool-workers-worker1,1,2026-06-06 08:33:01 UTC,15047600,15456260,171280,1.07,49248,611828,199852,1.25,206856,507512,260
cloud-k3s-pool-workers-worker1,1,2026-06-06 08:33:02 UTC,15047600,15456260,171268,1.07,49248,611840,199852,1.25,206856,507512,104
cloud-k3s-pool-workers-worker1,1,2026-06-06 08:33:03 UTC,15047600,15456260,171260,1.07,49248,611848,199852,1.25,206856,507512,112
cloud-k3s-pool-workers-worker1,1,2026-06-06 08:33:04 UTC,15047600,15456320,171248,1.07,49248,611860,199852,1.25,206856,507572,96
cloud-k3s-pool-workers-worker1,1,2026-06-06 08:33:05 UTC,15047600,15456320,171232,1.07,49256,611868,199852,1.25,206856,507572,120
cloud-k3s-pool-workers-worker1,1,2026-06-06 08:33:06 UTC,15047348,15456068,171472,1.07,49256,611880,199852,1.25,206856,507572,284
cloud-k3s-pool-workers-worker1,1,2026-06-06 08:33:07 UTC,15047348,15456068,171464,1.07,49256,611888,199852,1.25,206856,507572,140
cloud-k3s-pool-workers-worker1,1,2026-06-06 08:33:08 UTC,15047348,15456068,171452,1.07,49256,611900,199852,1.25,206856,507572,152
cloud-k3s-pool-workers-worker1,1,2026-06-06 08:33:09 UTC,15047348,15456068,171444,1.07,49256,611908,199852,1.25,206856,507572,160
cloud-k3s-pool-workers-worker1,1,2026-06-06 08:33:10 UTC,15047348,15456128,171432,1.07,49256,611920,199852,1.25,206856,507632,156
cloud-k3s-pool-workers-worker1,1,2026-06-06 08:33:11 UTC,15047348,15456128,171416,1.07,49264,611928,199852,1.25,206856,507632,328
cloud-k3s-pool-workers-worker1,1,2026-06-06 08:33:12 UTC,15047348,15456128,171404,1.07,49264,611940,199852,1.25,206856,507632,340
cloud-k3s-pool-workers-worker1,1,2026-06-06 08:33:13 UTC,15047348,15456128,171388,1.07,49264,611952,199852,1.25,206856,507632,352
cloud-k3s-pool-workers-worker1,1,2026-06-06 08:33:14 UTC,15047348,15456128,171380,1.07,49264,611960,199852,1.25,206856,507632,360
cloud-k3s-pool-workers-worker1,1,2026-06-06 08:33:15 UTC,15047348,15456128,171368,1.07,49264,611972,199852,1.25,206856,507632,372
cloud-k3s-pool-workers-worker1,1,2026-06-06 08:33:16 UTC,15047096,15455940,171604,1.07,49272,611980,199852,1.25,206856,507696,380
cloud-k3s-pool-workers-worker1,1,2026-06-06 08:33:17 UTC,15047096,15455952,171592,1.07,49272,611992,199852,1.25,206856,507708,224
cloud-k3s-pool-workers-worker1,1,2026-06-06 08:33:18 UTC,15047096,15455952,171584,1.07,49272,612000,199852,1.25,206856,507708,232
cloud-k3s-pool-workers-worker1,1,2026-06-06 08:33:19 UTC,15047096,15455952,171572,1.07,49272,612012,199852,1.25,206856,507708,244
cloud-k3s-pool-workers-worker1,1,2026-06-06 08:33:20 UTC,15047096,15455952,171564,1.07,49272,612020,199852,1.25,206856,507708,252
cloud-k3s-pool-workers-worker1,1,2026-06-06 08:33:21 UTC,15047096,15455952,171552,1.07,49280,612024,199852,1.25,206856,507708,420
cloud-k3s-pool-workers-worker1,1,2026-06-06 08:33:22 UTC,15047096,15455952,171536,1.07,49280,612040,199852,1.25,206856,507708,440
cloud-k3s-pool-workers-worker1,1,2026-06-06 08:33:23 UTC,15047096,15455952,171536,1.07,49280,612040,199852,1.25,206856,507708,440
cloud-k3s-pool-workers-worker1,1,2026-06-06 08:33:24 UTC,15047096,15456012,171516,1.07,49280,612060,199852,1.25,206856,507768,460
cloud-k3s-pool-workers-worker1,1,2026-06-06 08:33:25 UTC,15047096,15456012,171504,1.07,49280,612072,199852,1.25,206856,507768,472
cloud-k3s-pool-workers-worker1,1,2026-06-06 08:33:26 UTC,15047096,15456044,171492,1.07,49288,612076,199852,1.25,206856,507800,328
cloud-k3s-pool-workers-worker1,1,2026-06-06 08:33:27 UTC,15047096,15456044,171476,1.07,49288,612092,199852,1.25,206856,507800,4
cloud-k3s-pool-workers-worker1,1,2026-06-06 08:33:28 UTC,15047096,15456048,171460,1.07,49288,612104,199852,1.25,206856,507800,20
cloud-k3s-pool-workers-worker1,1,2026-06-06 08:33:29 UTC,15047096,15456048,171452,1.07,49288,612112,199852,1.25,206856,507800,28
cloud-k3s-pool-workers-worker1,1,2026-06-06 08:33:30 UTC,15047096,15456048,171440,1.07,49288,612124,199852,1.25,206856,507800,40
cloud-k3s-pool-workers-worker1,1,2026-06-06 08:33:31 UTC,15047096,15456048,171440,1.07,49296,612116,199852,1.25,206856,507800,40
cloud-k3s-pool-workers-worker1,1,2026-06-06 08:33:32 UTC,15047096,15456168,171412,1.07,49296,612144,199852,1.25,206856,507920,88
cloud-k3s-pool-workers-worker1,1,2026-06-06 08:33:33 UTC,15047096,15456168,171404,1.07,49296,612152,199852,1.25,206856,507920,32
cloud-k3s-pool-workers-worker1,1,2026-06-06 08:33:34 UTC,15047096,15456168,171392,1.07,49296,612164,199852,1.25,206856,507920,48
cloud-k3s-pool-workers-worker1,1,2026-06-06 08:33:35 UTC,15046844,15455916,171636,1.07,49296,612172,199852,1.25,206856,507920,56
cloud-k3s-pool-workers-worker1,1,2026-06-06 08:33:36 UTC,15046844,15455916,171624,1.07,49304,612176,199852,1.25,206856,507920,68
cloud-k3s-pool-workers-worker1,1,2026-06-06 08:33:37 UTC,15046844,15455968,171604,1.07,49304,612196,199852,1.25,206856,507972,208
cloud-k3s-pool-workers-worker1,1,2026-06-06 08:33:38 UTC,15046844,15455968,171596,1.07,49304,612204,199852,1.25,206856,507972,216
cloud-k3s-pool-workers-worker1,1,2026-06-06 08:33:39 UTC,15046844,15455968,171596,1.07,49304,612204,199852,1.25,206856,507972,216
cloud-k3s-pool-workers-worker1,1,2026-06-06 08:33:40 UTC,15046844,15455988,171576,1.07,49304,612224,199852,1.25,206856,507992,172
cloud-k3s-pool-workers-worker1,1,2026-06-06 08:33:41 UTC,15046592,15455736,171816,1.07,49312,612228,199852,1.25,206856,507992,184
cloud-k3s-pool-workers-worker1,1,2026-06-06 08:33:42 UTC,15046592,15455764,171800,1.07,49312,612244,199852,1.25,206856,508020,64
cloud-k3s-pool-workers-worker1,1,2026-06-06 08:33:43 UTC,15046592,15455764,171784,1.07,49312,612256,199852,1.25,206856,508020,76
cloud-k3s-pool-workers-worker1,1,2026-06-06 08:33:44 UTC,15046592,15455764,171776,1.07,49312,612264,199852,1.25,206856,508020,84
cloud-k3s-pool-workers-worker1,1,2026-06-06 08:33:45 UTC,15046592,15455764,171764,1.07,49312,612276,199852,1.25,206856,508020,32
cloud-k3s-pool-workers-worker1,1,2026-06-06 08:33:46 UTC,15046592,15455764,171756,1.07,49320,612276,199852,1.25,206856,508020,172
cloud-k3s-pool-workers-worker1,1,2026-06-06 08:33:47 UTC,15046592,15455764,171744,1.07,49320,612288,199852,1.25,206856,508020,184
cloud-k3s-pool-workers-worker1,1,2026-06-06 08:33:48 UTC,15046592,15455824,171728,1.07,49320,612304,199852,1.25,206856,508080,192
cloud-k3s-pool-workers-worker1,1,2026-06-06 08:33:49 UTC,15046592,15455824,171716,1.07,49320,612316,199852,1.25,206856,508080,204
cloud-k3s-pool-workers-worker1,1,2026-06-06 08:33:50 UTC,15046592,15455824,171704,1.07,49320,612328,199852,1.25,206856,508080,216
cloud-k3s-pool-workers-worker1,1,2026-06-06 08:33:51 UTC,15046592,15455824,171696,1.07,49328,612328,199852,1.25,206856,508080,4
cloud-k3s-pool-workers-worker1,1,2026-06-06 08:33:52 UTC,15046592,15455824,171676,1.07,49328,612348,199852,1.25,206856,508080,40
cloud-k3s-pool-workers-worker1,1,2026-06-06 08:33:53 UTC,15046592,15455824,171668,1.07,49328,612356,199852,1.25,206856,508080,48
cloud-k3s-pool-workers-worker1,1,2026-06-06 08:33:54 UTC,15046592,15455884,171656,1.07,49328,612368,199852,1.25,206856,508140,60
cloud-k3s-pool-workers-worker1,1,2026-06-06 08:33:55 UTC,15046592,15455884,171648,1.07,49328,612376,199852,1.25,206856,508140,68
cloud-k3s-pool-workers-worker1,1,2026-06-06 08:33:56 UTC,15046912,15456204,171308,1.07,49336,612388,199852,1.25,206856,508140,232
cloud-k3s-pool-workers-worker1,1,2026-06-06 08:33:57 UTC,15046912,15456236,171300,1.07,49336,612396,199852,1.25,206856,508172,4
cloud-k3s-pool-workers-worker1,1,2026-06-06 08:33:58 UTC,15046912,15456236,171288,1.07,49336,612408,199852,1.25,206856,508172,20
cloud-k3s-pool-workers-worker1,1,2026-06-06 08:33:59 UTC,15046912,15456240,171276,1.07,49336,612416,199852,1.25,206856,508172,28
cloud-k3s-pool-workers-worker1,1,2026-06-06 08:34:00 UTC,15046912,15456240,171264,1.07,49336,612428,199852,1.25,206856,508172,40
cloud-k3s-pool-workers-worker1,1,2026-06-06 08:34:01 UTC,15046912,15456240,171252,1.07,49344,612432,199852,1.25,206856,508172,208
cloud-k3s-pool-workers-worker1,1,2026-06-06 08:34:02 UTC,15046912,15456240,171236,1.07,49344,612448,199852,1.25,206856,508172,236
cloud-k3s-pool-workers-worker1,1,2026-06-06 08:34:03 UTC,15046912,15456300,171224,1.07,49344,612460,199852,1.25,206856,508232,248
cloud-k3s-pool-workers-worker1,1,2026-06-06 08:34:04 UTC,15046660,15456048,171468,1.07,49344,612468,199852,1.25,206856,508232,256
cloud-k3s-pool-workers-worker1,1,2026-06-06 08:34:05 UTC,15046660,15456048,171456,1.07,49344,612480,199852,1.25,206856,508232,268
cloud-k3s-pool-workers-worker1,1,2026-06-06 08:34:06 UTC,15046156,15455544,171952,1.08,49352,612480,199852,1.25,206856,508232,264
cloud-k3s-pool-workers-worker1,1,2026-06-06 08:34:07 UTC,15046156,15455544,171932,1.08,49352,612500,199852,1.25,206856,508232,112
cloud-k3s-pool-workers-worker1,1,2026-06-06 08:34:08 UTC,15046156,15455544,171924,1.08,49352,612508,199852,1.25,206856,508232,120
cloud-k3s-pool-workers-worker1,1,2026-06-06 08:34:09 UTC,15046156,15455604,171912,1.08,49352,612520,199852,1.25,206856,508292,132
cloud-k3s-pool-workers-worker1,1,2026-06-06 08:34:10 UTC,15046156,15455604,171904,1.08,49352,612528,199852,1.25,206856,508292,140
cloud-k3s-pool-workers-worker1,1,2026-06-06 08:34:11 UTC,15046156,15455604,171892,1.08,49360,612532,199852,1.25,206856,508292,308
cloud-k3s-pool-workers-worker1,1,2026-06-06 08:34:12 UTC,15046156,15455604,171876,1.08,49360,612548,199852,1.25,206856,508292,176
cloud-k3s-pool-workers-worker1,1,2026-06-06 08:34:13 UTC,15046156,15455604,171864,1.08,49360,612560,199852,1.25,206856,508292,188
cloud-k3s-pool-workers-worker1,1,2026-06-06 08:34:14 UTC,15046156,15455604,171848,1.08,49360,612572,199852,1.25,206856,508292,200
cloud-k3s-pool-workers-worker1,1,2026-06-06 08:34:15 UTC,15046156,15455664,171840,1.08,49360,612580,199852,1.25,206856,508352,208
cloud-k3s-pool-workers-worker1,1,2026-06-06 08:34:16 UTC,15046156,15455664,171828,1.08,49368,612584,199852,1.25,206856,508352,372
cloud-k3s-pool-workers-worker1,1,2026-06-06 08:34:17 UTC,15046156,15455712,171812,1.07,49368,612600,199852,1.25,206856,508400,364
cloud-k3s-pool-workers-worker1,1,2026-06-06 08:34:18 UTC,15046156,15455712,171800,1.07,49368,612612,199852,1.25,206856,508400,376
cloud-k3s-pool-workers-worker1,1,2026-06-06 08:34:19 UTC,15046156,15455712,171792,1.07,49368,612620,199852,1.25,206856,508400,384
cloud-k3s-pool-workers-worker1,1,2026-06-06 08:34:20 UTC,15046156,15455712,171780,1.07,49368,612632,199852,1.25,206856,508400,396
cloud-k3s-pool-workers-worker1,1,2026-06-06 08:34:21 UTC,15046156,15455772,171772,1.07,49376,612632,199852,1.25,206856,508460,420
cloud-k3s-pool-workers-worker1,1,2026-06-06 08:34:22 UTC,15046156,15455780,171752,1.07,49376,612652,199852,1.25,206856,508468,276
cloud-k3s-pool-workers-worker1,1,2026-06-06 08:34:23 UTC,15046156,15455780,171744,1.07,49376,612660,199852,1.25,206856,508468,284
cloud-k3s-pool-workers-worker1,1,2026-06-06 08:34:24 UTC,15046156,15455780,171732,1.07,49376,612672,199852,1.25,206856,508468,296
cloud-k3s-pool-workers-worker1,1,2026-06-06 08:34:25 UTC,15046156,15455780,171720,1.07,49376,612684,199852,1.25,206856,508468,308
cloud-k3s-pool-workers-worker1,1,2026-06-06 08:34:26 UTC,15046156,15455780,171712,1.07,49384,612684,199852,1.25,206856,508468,468
cloud-k3s-pool-workers-worker1,1,2026-06-06 08:34:27 UTC,15046156,15455848,171692,1.07,49384,612704,199852,1.25,206856,508536,464
cloud-k3s-pool-workers-worker1,1,2026-06-06 08:34:28 UTC,15046156,15455872,171684,1.07,49384,612712,203300,1.27,208536,508560,244
cloud-k3s-pool-workers-worker1,1,2026-06-06 08:34:29 UTC,15046156,15455876,171652,1.07,49384,612724,203300,1.27,208536,508560,260
cloud-k3s-pool-workers-worker1,1,2026-06-06 08:34:30 UTC,15046156,15455876,171644,1.07,49384,612732,203300,1.27,208536,508560,280
cloud-k3s-pool-workers-worker1,1,2026-06-06 08:34:31 UTC,15046416,15456136,171372,1.07,49392,612736,199852,1.25,206976,508560,176
cloud-k3s-pool-workers-worker1,1,2026-06-06 08:34:32 UTC,15046508,15456236,171268,1.07,49392,612752,199852,1.25,206840,508568,208
cloud-k3s-pool-workers-worker1,1,2026-06-06 08:34:33 UTC,15046508,15456296,171256,1.07,49392,612764,199852,1.25,206840,508628,220
cloud-k3s-pool-workers-worker1,1,2026-06-06 08:34:34 UTC,15046508,15456296,171248,1.07,49392,612772,199852,1.25,206840,508628,224
cloud-k3s-pool-workers-worker1,1,2026-06-06 08:34:35 UTC,15046256,15456044,171488,1.07,49392,612784,199852,1.25,206840,508628,236
cloud-k3s-pool-workers-worker1,1,2026-06-06 08:34:36 UTC,15046256,15456084,171476,1.07,49400,612788,199852,1.25,206840,508668,128
cloud-k3s-pool-workers-worker1,1,2026-06-06 08:34:37 UTC,15046008,15455848,171708,1.07,49400,612804,202828,1.27,208172,508680,104
cloud-k3s-pool-workers-worker1,1,2026-06-06 08:34:38 UTC,15046008,15455848,171696,1.07,49400,612816,203300,1.27,208476,508680,284
cloud-k3s-pool-workers-worker1,1,2026-06-06 08:34:39 UTC,15046008,15455848,171688,1.07,49400,612824,203300,1.27,208476,508680,308
cloud-k3s-pool-workers-worker1,1,2026-06-06 08:34:40 UTC,15046008,15455848,171676,1.07,49400,612836,203300,1.27,208476,508680,320
cloud-k3s-pool-workers-worker1,1,2026-06-06 08:34:41 UTC,15046008,15455848,171668,1.07,49408,612836,199852,1.25,206824,508680,416
cloud-k3s-pool-workers-worker1,1,2026-06-06 08:34:42 UTC,15046008,15455908,171644,1.07,49408,612856,199852,1.25,206824,508740,192
cloud-k3s-pool-workers-worker1,1,2026-06-06 08:34:43 UTC,15046008,15455908,171636,1.07,49408,612864,199852,1.25,206824,508740,188
cloud-k3s-pool-workers-worker1,1,2026-06-06 08:34:44 UTC,15046008,15455908,171624,1.07,49408,612876,199852,1.25,206824,508740,200
cloud-k3s-pool-workers-worker1,1,2026-06-06 08:34:45 UTC,15046008,15455908,171616,1.07,49408,612884,199852,1.25,206824,508740,208
cloud-k3s-pool-workers-worker1,1,2026-06-06 08:34:46 UTC,15046008,15455908,171604,1.07,49416,612888,199852,1.25,206824,508740,376
cloud-k3s-pool-workers-worker1,1,2026-06-06 08:34:47 UTC,15046008,15455908,171588,1.07,49416,612904,199852,1.25,206824,508740,384
cloud-k3s-pool-workers-worker1,1,2026-06-06 08:34:48 UTC,15046008,15455968,171576,1.07,49416,612916,199852,1.25,206824,508800,396
cloud-k3s-pool-workers-worker1,1,2026-06-06 08:34:49 UTC,15046008,15455968,171564,1.07,49416,612928,199852,1.25,206824,508800,408
cloud-k3s-pool-workers-worker1,1,2026-06-06 08:34:50 UTC,15046008,15455968,171556,1.07,49416,612936,199852,1.25,206824,508800,416
cloud-k3s-pool-workers-worker1,1,2026-06-06 08:34:51 UTC,15046008,15455968,171544,1.07,49424,612940,199852,1.25,206824,508800,440
cloud-k3s-pool-workers-worker1,1,2026-06-06 08:34:52 UTC,15046008,15455968,171528,1.07,49424,612956,199852,1.25,206824,508800,284
cloud-k3s-pool-workers-worker1,1,2026-06-06 08:34:53 UTC,15046008,15455968,171516,1.07,49424,612968,199852,1.25,206824,508800,296
cloud-k3s-pool-workers-worker1,1,2026-06-06 08:34:54 UTC,15046008,15456028,171508,1.07,49424,612976,199852,1.25,206824,508860,304
cloud-k3s-pool-workers-worker1,1,2026-06-06 08:34:55 UTC,15045756,15455776,171748,1.07,49424,612988,199852,1.25,206824,508860,316
cloud-k3s-pool-workers-worker1,1,2026-06-06 08:34:56 UTC,15045504,15455524,171992,1.08,49432,612988,199852,1.25,206824,508860,484
cloud-k3s-pool-workers-worker1,1,2026-06-06 08:34:57 UTC,15045504,15455528,171968,1.08,49432,613008,199852,1.25,206824,508860,336
cloud-k3s-pool-workers-worker1,1,2026-06-06 08:34:58 UTC,15045504,15455528,171960,1.08,49432,613016,199852,1.25,206824,508860,344
cloud-k3s-pool-workers-worker1,1,2026-06-06 08:34:59 UTC,15045504,15455528,171948,1.08,49432,613028,199852,1.25,206824,508860,32
cloud-k3s-pool-workers-worker1,1,2026-06-06 08:35:00 UTC,15045504,15455588,171936,1.08,49432,613040,199852,1.25,206824,508920,48
cloud-k3s-pool-workers-worker1,1,2026-06-06 08:35:01 UTC,15045504,15455588,171928,1.08,49440,613040,199852,1.25,206824,508920,212
cloud-k3s-pool-workers-worker1,1,2026-06-06 08:35:02 UTC,15044500,15454608,172912,1.08,49440,613060,199852,1.25,206820,508944,292
cloud-k3s-pool-workers-worker1,1,2026-06-06 08:35:03 UTC,15044704,15454812,172700,1.08,49440,613068,199852,1.25,206844,508944,332
cloud-k3s-pool-workers-worker1,1,2026-06-06 08:35:04 UTC,15044704,15454832,172688,1.08,49440,613080,199852,1.25,206844,508964,340
cloud-k3s-pool-workers-worker1,1,2026-06-06 08:35:05 UTC,15044704,15454832,172680,1.08,49440,613088,199852,1.25,206844,508964,348
cloud-k3s-pool-workers-worker1,1,2026-06-06 08:35:06 UTC,15044704,15454832,172668,1.08,49448,613092,199852,1.25,206844,508964,360
cloud-k3s-pool-workers-worker1,1,2026-06-06 08:35:07 UTC,15044704,15454880,172652,1.08,49448,613108,199852,1.25,206844,509012,140
cloud-k3s-pool-workers-worker1,1,2026-06-06 08:35:08 UTC,15044704,15454880,172640,1.08,49448,613120,199852,1.25,206844,509012,152
cloud-k3s-pool-workers-worker1,1,2026-06-06 08:35:09 UTC,15044704,15454880,172632,1.08,49448,613128,199852,1.25,206844,509012,160
cloud-k3s-pool-workers-worker1,1,2026-06-06 08:35:10 UTC,15044704,15454940,172620,1.08,49448,613140,199852,1.25,206844,509072,172
cloud-k3s-pool-workers-worker1,1,2026-06-06 08:35:11 UTC,15044760,15455004,172556,1.08,49456,613140,202700,1.27,208084,509080,180
cloud-k3s-pool-workers-worker1,1,2026-06-06 08:35:12 UTC,15044792,15455036,172500,1.08,49456,613160,203300,1.27,208500,509080,396
cloud-k3s-pool-workers-worker1,1,2026-06-06 08:35:13 UTC,15044792,15455052,172488,1.08,49456,613172,203300,1.27,208544,509096,408
cloud-k3s-pool-workers-worker1,1,2026-06-06 08:35:14 UTC,15044792,15455068,172480,1.08,49456,613180,199852,1.25,206936,509112,436
cloud-k3s-pool-workers-worker1,1,2026-06-06 08:35:15 UTC,15044792,15455068,172468,1.08,49456,613192,199852,1.25,206852,509112,448
cloud-k3s-pool-workers-worker1,1,2026-06-06 08:35:16 UTC,15044792,15455068,172460,1.08,49456,613200,199852,1.25,206852,509112,196
cloud-k3s-pool-workers-worker1,1,2026-06-06 08:35:17 UTC,15044792,15455068,172440,1.08,49464,613212,199852,1.25,206852,509112,224
cloud-k3s-pool-workers-worker1,1,2026-06-06 08:35:18 UTC,15044792,15455068,172432,1.08,49464,613220,199852,1.25,206852,509112,232
cloud-k3s-pool-workers-worker1,1,2026-06-06 08:35:19 UTC,15044792,15455068,172420,1.08,49464,613232,199852,1.25,206852,509112,244
cloud-k3s-pool-workers-worker1,1,2026-06-06 08:35:20 UTC,15044792,15455128,172412,1.08,49464,613240,199852,1.25,206852,509172,252
cloud-k3s-pool-workers-worker1,1,2026-06-06 08:35:21 UTC,15044792,15455128,172400,1.08,49464,613252,199852,1.25,206852,509172,264
cloud-k3s-pool-workers-worker1,1,2026-06-06 08:35:22 UTC,15044792,15455148,172380,1.08,49472,613264,199852,1.25,206852,509192,276
cloud-k3s-pool-workers-worker1,1,2026-06-06 08:35:23 UTC,15044792,15455148,172368,1.08,49472,613276,199852,1.25,206852,509192,288
cloud-k3s-pool-workers-worker1,1,2026-06-06 08:35:24 UTC,15044792,15455148,172356,1.08,49472,613288,199852,1.25,206852,509192,300
cloud-k3s-pool-workers-worker1,1,2026-06-06 08:35:25 UTC,15044792,15455148,172348,1.08,49472,613296,199852,1.25,206852,509192,308
cloud-k3s-pool-workers-worker1,1,2026-06-06 08:35:26 UTC,15044792,15455148,172336,1.08,49472,613308,199852,1.25,206852,509192,320
cloud-k3s-pool-workers-worker1,1,2026-06-06 08:35:27 UTC,15044792,15455148,172328,1.08,49472,613316,199852,1.25,206852,509192,488
cloud-k3s-pool-workers-worker1,1,2026-06-06 08:35:28 UTC,15044792,15455212,172312,1.08,49480,613320,199852,1.25,206852,509252,500
cloud-k3s-pool-workers-worker1,1,2026-06-06 08:35:29 UTC,15045044,15455464,172044,1.08,49480,613336,199852,1.25,206852,509252,508
cloud-k3s-pool-workers-worker1,1,2026-06-06 08:35:30 UTC,15045044,15455488,172032,1.08,49480,613348,199852,1.25,206852,509276,200
cloud-k3s-pool-workers-worker1,1,2026-06-06 08:35:31 UTC,15045044,15455496,172024,1.08,49480,613356,199852,1.25,206852,509284,40
cloud-k3s-pool-workers-worker1,1,2026-06-06 08:35:32 UTC,15045044,15455496,172012,1.08,49480,613368,199852,1.25,206852,509284,64
cloud-k3s-pool-workers-worker1,1,2026-06-06 08:35:33 UTC,15045044,15455496,172004,1.08,49480,613376,199852,1.25,206852,509284,72
cloud-k3s-pool-workers-worker1,1,2026-06-06 08:35:34 UTC,15045044,15455496,171984,1.08,49488,613388,199852,1.25,206852,509284,96
cloud-k3s-pool-workers-worker1,1,2026-06-06 08:35:35 UTC,15052608,15463092,164412,1.03,49488,613396,199852,1.25,206852,509316,100
cloud-k3s-pool-workers-worker1,1,2026-06-06 08:35:36 UTC,15052608,15463092,164400,1.03,49488,613408,199852,1.25,206852,509316,112
cloud-k3s-pool-workers-worker1,1,2026-06-06 08:35:37 UTC,15052856,15463400,164140,1.03,49488,613420,199852,1.25,206852,509376,124
cloud-k3s-pool-workers-worker1,1,2026-06-06 08:35:38 UTC,15052856,15463400,164132,1.03,49488,613428,199852,1.25,206852,509376,132
cloud-k3s-pool-workers-worker1,1,2026-06-06 08:35:39 UTC,15052856,15463400,164120,1.03,49488,613440,199852,1.25,206852,509376,144
cloud-k3s-pool-workers-worker1,1,2026-06-06 08:35:40 UTC,15052856,15463404,164104,1.03,49496,613448,199852,1.25,206852,509380,144
cloud-k3s-pool-workers-worker1,1,2026-06-06 08:35:41 UTC,15052856,15463404,164092,1.03,49496,613460,199852,1.25,206852,509380,44
cloud-k3s-pool-workers-worker1,1,2026-06-06 08:35:42 UTC,15052856,15463404,164084,1.03,49496,613468,199852,1.25,206852,509380,212
cloud-k3s-pool-workers-worker1,1,2026-06-06 08:35:43 UTC,15052856,15463464,164068,1.03,49496,613480,199852,1.25,206852,509440,224
cloud-k3s-pool-workers-worker1,1,2026-06-06 08:35:44 UTC,15052100,15462708,164816,1.03,49496,613488,202700,1.27,207892,509440,232
cloud-k3s-pool-workers-worker1,1,2026-06-06 08:35:45 UTC,15051876,15462500,165024,1.03,49504,613500,203036,1.27,208448,509456,248
cloud-k3s-pool-workers-worker1,1,2026-06-06 08:35:46 UTC,15051876,15462500,165016,1.03,49504,613508,203036,1.27,208448,509456,324
cloud-k3s-pool-workers-worker1,1,2026-06-06 08:35:47 UTC,15051876,15462500,165000,1.03,49504,613524,203036,1.27,208448,509456,392
cloud-k3s-pool-workers-worker1,1,2026-06-06 08:35:48 UTC,15051876,15462508,164984,1.03,49504,613540,203036,1.27,208448,509464,148
cloud-k3s-pool-workers-worker1,1,2026-06-06 08:35:49 UTC,15051876,15462572,164976,1.03,49504,613548,199852,1.25,206840,509528,172
cloud-k3s-pool-workers-worker1,1,2026-06-06 08:35:50 UTC,15051876,15462572,164964,1.03,49504,613560,199852,1.25,206840,509528,184
cloud-k3s-pool-workers-worker1,1,2026-06-06 08:35:51 UTC,15051876,15462576,164944,1.03,49512,613568,199852,1.25,206840,509528,228
cloud-k3s-pool-workers-worker1,1,2026-06-06 08:35:52 UTC,15051624,15462324,165184,1.03,49512,613580,199852,1.25,206840,509528,240
cloud-k3s-pool-workers-worker1,1,2026-06-06 08:35:53 UTC,15050964,15461676,165816,1.04,49512,613588,203304,1.27,208508,509540,212
cloud-k3s-pool-workers-worker1,1,2026-06-06 08:35:54 UTC,15050964,15461676,165800,1.04,49512,613600,206152,1.29,209664,509540,228
cloud-k3s-pool-workers-worker1,1,2026-06-06 08:35:55 UTC,15051736,15462508,165020,1.03,49512,613608,203036,1.27,208364,509600,236
cloud-k3s-pool-workers-worker1,1,2026-06-06 08:35:56 UTC,15051740,15462512,164948,1.03,49520,613620,203036,1.27,208512,509600,392
cloud-k3s-pool-workers-worker1,1,2026-06-06 08:35:57 UTC,15051740,15462512,164940,1.03,49520,613628,203036,1.27,208512,509600,412
cloud-k3s-pool-workers-worker1,1,2026-06-06 08:35:58 UTC,15051740,15462548,164924,1.03,49520,613640,199852,1.25,206952,509636,176
cloud-k3s-pool-workers-worker1,1,2026-06-06 08:35:59 UTC,15051740,15462556,164948,1.03,49520,613648,199852,1.25,206868,509644,56
cloud-k3s-pool-workers-worker1,1,2026-06-06 08:36:00 UTC,15051740,15462556,164948,1.03,49520,613648,199852,1.25,206868,509644,56
cloud-k3s-pool-workers-worker1,1,2026-06-06 08:36:01 UTC,15051740,15462556,164916,1.03,49528,613672,199852,1.25,206868,509644,244
cloud-k3s-pool-workers-worker1,1,2026-06-06 08:36:02 UTC,15051740,15462556,164908,1.03,49528,613680,199852,1.25,206868,509644,252
cloud-k3s-pool-workers-worker1,1,2026-06-06 08:36:03 UTC,15051740,15462556,164896,1.03,49528,613692,199852,1.25,206868,509644,264
cloud-k3s-pool-workers-worker1,1,2026-06-06 08:36:04 UTC,15051740,15462616,164888,1.03,49528,613700,199852,1.25,206868,509704,116
cloud-k3s-pool-workers-worker1,1,2026-06-06 08:36:05 UTC,15051740,15462616,164876,1.03,49528,613712,199852,1.25,206868,509704,60
cloud-k3s-pool-workers-worker1,1,2026-06-06 08:36:06 UTC,15051740,15462616,164868,1.03,49536,613712,199852,1.25,206868,509704,228
cloud-k3s-pool-workers-worker1,1,2026-06-06 08:36:07 UTC,15051740,15462616,164848,1.03,49536,613732,199852,1.25,206868,509704,240
cloud-k3s-pool-workers-worker1,1,2026-06-06 08:36:08 UTC,15051740,15462616,164848,1.03,49536,613732,199852,1.25,206868,509704,240
cloud-k3s-pool-workers-worker1,1,2026-06-06 08:36:09 UTC,15051740,15462616,164828,1.03,49536,613752,199852,1.25,206868,509704,260
cloud-k3s-pool-workers-worker1,1,2026-06-06 08:36:10 UTC,15051740,15462676,164820,1.03,49536,613760,199852,1.25,206868,509764,268
cloud-k3s-pool-workers-worker1,1,2026-06-06 08:36:11 UTC,15051740,15462676,164808,1.03,49544,613764,199852,1.25,206868,509764,228
cloud-k3s-pool-workers-worker1,1,2026-06-06 08:36:12 UTC,15051740,15462676,164756,1.03,49544,613784,199852,1.25,206868,509764,72
cloud-k3s-pool-workers-worker1,1,2026-06-06 08:36:13 UTC,15051740,15462680,164744,1.03,49544,613792,199852,1.25,206868,509764,80
cloud-k3s-pool-workers-worker1,1,2026-06-06 08:36:14 UTC,15051740,15462680,164732,1.03,49544,613804,199852,1.25,206868,509764,92
cloud-k3s-pool-workers-worker1,1,2026-06-06 08:36:15 UTC,15051740,15462680,164724,1.03,49544,613812,199852,1.25,206868,509764,100
cloud-k3s-pool-workers-worker1,1,2026-06-06 08:36:16 UTC,15051488,15462488,164964,1.03,49552,613816,199852,1.25,206868,509824,268
cloud-k3s-pool-workers-worker1,1,2026-06-06 08:36:17 UTC,15051488,15462488,164948,1.03,49552,613832,199852,1.25,206868,509824,208
cloud-k3s-pool-workers-worker1,1,2026-06-06 08:36:18 UTC,15051488,15462488,164936,1.03,49552,613844,199852,1.25,206868,509824,224
cloud-k3s-pool-workers-worker1,1,2026-06-06 08:36:19 UTC,15051488,15462520,164924,1.03,49552,613852,202828,1.27,208196,509856,232
cloud-k3s-pool-workers-worker1,1,2026-06-06 08:36:20 UTC,15051488,15462520,164912,1.03,49552,613864,203036,1.27,208444,509856,304
cloud-k3s-pool-workers-worker1,1,2026-06-06 08:36:21 UTC,15051236,15462268,165156,1.03,49560,613864,203036,1.27,208444,509856,324
cloud-k3s-pool-workers-worker1,1,2026-06-06 08:36:22 UTC,15051236,15462328,165144,1.03,49560,613876,203036,1.27,208444,509916,456
cloud-k3s-pool-workers-worker1,1,2026-06-06 08:36:23 UTC,15051488,15462588,164884,1.03,49560,613892,199852,1.25,206848,509924,132
cloud-k3s-pool-workers-worker1,1,2026-06-06 08:36:24 UTC,15051488,15462588,164884,1.03,49560,613892,199852,1.25,206848,509924,132
cloud-k3s-pool-workers-worker1,1,2026-06-06 08:36:25 UTC,15051488,15462588,164860,1.03,49560,613916,199852,1.25,206848,509924,172
cloud-k3s-pool-workers-worker1,1,2026-06-06 08:36:26 UTC,15051488,15462588,164852,1.03,49568,613916,199852,1.25,206848,509924,264
cloud-k3s-pool-workers-worker1,1,2026-06-06 08:36:27 UTC,15051488,15462588,164840,1.03,49568,613928,199852,1.25,206848,509924,276
cloud-k3s-pool-workers-worker1,1,2026-06-06 08:36:28 UTC,15051488,15462656,164820,1.03,49568,613944,199852,1.25,206848,509992,96
cloud-k3s-pool-workers-worker1,1,2026-06-06 08:36:29 UTC,15051488,15462656,164808,1.03,49568,613956,199852,1.25,206848,509992,40
cloud-k3s-pool-workers-worker1,1,2026-06-06 08:36:30 UTC,15051488,15462656,164808,1.03,49568,613956,199852,1.25,206848,509992,40
cloud-k3s-pool-workers-worker1,1,2026-06-06 08:36:31 UTC,15051488,15462656,164788,1.03,49576,613968,199852,1.25,206848,509992,220
cloud-k3s-pool-workers-worker1,1,2026-06-06 08:36:32 UTC,15051488,15462656,164780,1.03,49576,613976,199852,1.25,206848,509992,228
cloud-k3s-pool-workers-worker1,1,2026-06-06 08:36:33 UTC,15051488,15462656,164760,1.03,49576,613996,199852,1.25,206848,509992,248
cloud-k3s-pool-workers-worker1,1,2026-06-06 08:36:34 UTC,15051488,15462716,164752,1.03,49576,614004,199852,1.25,206848,510052,256
cloud-k3s-pool-workers-worker1,1,2026-06-06 08:36:35 UTC,15051488,15462724,164740,1.03,49576,614016,199852,1.25,206848,510060,204
cloud-k3s-pool-workers-worker1,1,2026-06-06 08:36:36 UTC,15051488,15462724,164728,1.03,49576,614028,199852,1.25,206848,510060,236
cloud-k3s-pool-workers-worker1,1,2026-06-06 08:36:37 UTC,15051488,15462724,164712,1.03,49584,614036,199852,1.25,206848,510060,72
cloud-k3s-pool-workers-worker1,1,2026-06-06 08:36:38 UTC,15051488,15462724,164700,1.03,49584,614048,199852,1.25,206848,510060,84
cloud-k3s-pool-workers-worker1,1,2026-06-06 08:36:39 UTC,15051488,15462724,164692,1.03,49584,614056,199852,1.25,206848,510060,92
cloud-k3s-pool-workers-worker1,1,2026-06-06 08:36:40 UTC,15051488,15462784,164680,1.03,49584,614068,199852,1.25,206848,510120,104
cloud-k3s-pool-workers-worker1,1,2026-06-06 08:36:41 UTC,15051236,15462532,164924,1.03,49592,614068,199852,1.25,206848,510120,48
cloud-k3s-pool-workers-worker1,1,2026-06-06 08:36:42 UTC,15051236,15462532,164904,1.03,49592,614088,199852,1.25,206868,510120,64
cloud-k3s-pool-workers-worker1,1,2026-06-06 08:36:43 UTC,15051236,15462536,164892,1.03,49592,614096,199852,1.25,206868,510120,72
cloud-k3s-pool-workers-worker1,1,2026-06-06 08:36:44 UTC,15051236,15462536,164880,1.03,49592,614108,199852,1.25,206868,510120,84
cloud-k3s-pool-workers-worker1,1,2026-06-06 08:36:45 UTC,15051236,15462536,164872,1.03,49592,614116,199852,1.25,206868,510120,92
cloud-k3s-pool-workers-worker1,1,2026-06-06 08:36:46 UTC,15051236,15462596,164860,1.03,49600,614120,199852,1.25,206868,510180,260
cloud-k3s-pool-workers-worker1,1,2026-06-06 08:36:47 UTC,15051236,15462596,164840,1.03,49600,614140,199852,1.25,206868,510180,204
cloud-k3s-pool-workers-worker1,1,2026-06-06 08:36:48 UTC,15051236,15462620,164840,1.03,49600,614140,199852,1.25,206868,510204,200
cloud-k3s-pool-workers-worker1,1,2026-06-06 08:36:49 UTC,15051488,15462872,164568,1.03,49600,614160,199852,1.25,206868,510204,224
cloud-k3s-pool-workers-worker1,1,2026-06-06 08:36:50 UTC,15051488,15462872,164560,1.03,49600,614168,199852,1.25,206868,510204,232
cloud-k3s-pool-workers-worker1,1,2026-06-06 08:36:51 UTC,15051488,15462932,164548,1.03,49608,614172,199852,1.25,206868,510264,260
cloud-k3s-pool-workers-worker1,1,2026-06-06 08:36:52 UTC,15051236,15462680,164784,1.03,49608,614188,199852,1.25,206868,510264,100
cloud-k3s-pool-workers-worker1,1,2026-06-06 08:36:53 UTC,15051236,15462680,164772,1.03,49608,614200,202700,1.27,208108,510264,44
cloud-k3s-pool-workers-worker1,1,2026-06-06 08:36:54 UTC,15051236,15462680,164764,1.03,49608,614208,203036,1.27,208368,510264,188
cloud-k3s-pool-workers-worker1,1,2026-06-06 08:36:55 UTC,15050984,15462436,165004,1.03,49608,614220,203036,1.27,208440,510272,204
cloud-k3s-pool-workers-worker1,1,2026-06-06 08:36:56 UTC,15050984,15462436,164996,1.03,49616,614220,199852,1.25,206852,510272,208
cloud-k3s-pool-workers-worker1,1,2026-06-06 08:36:57 UTC,15050984,15462496,164972,1.03,49616,614240,199852,1.25,206848,510332,300
cloud-k3s-pool-workers-worker1,1,2026-06-06 08:36:58 UTC,15050984,15462496,164964,1.03,49616,614248,199852,1.25,206848,510332,308
cloud-k3s-pool-workers-worker1,1,2026-06-06 08:36:59 UTC,15050984,15462496,164952,1.03,49616,614260,199852,1.25,206848,510332,12
cloud-k3s-pool-workers-worker1,1,2026-06-06 08:37:00 UTC,15051248,15462760,164676,1.03,49616,614272,199852,1.25,206848,510332,28
cloud-k3s-pool-workers-worker1,1,2026-06-06 08:37:01 UTC,15051248,15462760,164668,1.03,49624,614272,199852,1.25,206848,510332,188
cloud-k3s-pool-workers-worker1,1,2026-06-06 08:37:02 UTC,15051248,15462760,164656,1.03,49624,614284,199852,1.25,206848,510332,200
cloud-k3s-pool-workers-worker1,1,2026-06-06 08:37:03 UTC,15051248,15462836,164636,1.03,49624,614300,202700,1.27,207904,510408,236
cloud-k3s-pool-workers-worker1,1,2026-06-06 08:37:04 UTC,15051248,15462836,164636,1.03,49624,614300,203300,1.27,208224,510408,240
cloud-k3s-pool-workers-worker1,1,2026-06-06 08:37:05 UTC,15050996,15462584,164864,1.03,49624,614320,203300,1.27,208492,510408,308
cloud-k3s-pool-workers-worker1,1,2026-06-06 08:37:06 UTC,15050744,15462332,165104,1.03,49632,614324,203300,1.27,208492,510408,56
cloud-k3s-pool-workers-worker1,1,2026-06-06 08:37:07 UTC,15050744,15462340,165088,1.03,49632,614340,199852,1.25,206832,510416,72
cloud-k3s-pool-workers-worker1,1,2026-06-06 08:37:08 UTC,15050744,15462340,165076,1.03,49632,614352,199852,1.25,206832,510416,204
cloud-k3s-pool-workers-worker1,1,2026-06-06 08:37:09 UTC,15050744,15462400,165068,1.03,49632,614360,199852,1.25,206832,510476,208
cloud-k3s-pool-workers-worker1,1,2026-06-06 08:37:10 UTC,15050744,15462400,165056,1.03,49632,614372,199852,1.25,206832,510476,220
cloud-k3s-pool-workers-worker1,1,2026-06-06 08:37:11 UTC,15050744,15462400,165044,1.03,49640,614376,199852,1.25,206832,510476,252
cloud-k3s-pool-workers-worker1,1,2026-06-06 08:37:12 UTC,15050744,15462404,165024,1.03,49640,614392,199852,1.25,206832,510476,60
cloud-k3s-pool-workers-worker1,1,2026-06-06 08:37:13 UTC,15050744,15462404,165012,1.03,49640,614404,199852,1.25,206832,510476,72
cloud-k3s-pool-workers-worker1,1,2026-06-06 08:37:14 UTC,15050744,15462404,165004,1.03,49640,614412,199852,1.25,206832,510476,80
cloud-k3s-pool-workers-worker1,1,2026-06-06 08:37:15 UTC,15050744,15462464,164992,1.03,49640,614424,199852,1.25,206832,510536,92
cloud-k3s-pool-workers-worker1,1,2026-06-06 08:37:16 UTC,15050744,15462464,164992,1.03,49648,614416,199852,1.25,206832,510536,92
cloud-k3s-pool-workers-worker1,1,2026-06-06 08:37:17 UTC,15050744,15462464,164964,1.03,49648,614444,199852,1.25,206832,510536,204
cloud-k3s-pool-workers-worker1,1,2026-06-06 08:37:18 UTC,15050744,15462464,164956,1.03,49648,614452,199852,1.25,206832,510536,216
cloud-k3s-pool-workers-worker1,1,2026-06-06 08:37:19 UTC,15050744,15462464,164944,1.03,49648,614464,199852,1.25,206832,510536,228
cloud-k3s-pool-workers-worker1,1,2026-06-06 08:37:20 UTC,15050744,15462464,164936,1.03,49648,614472,199852,1.25,206832,510536,236
cloud-k3s-pool-workers-worker1,1,2026-06-06 08:37:21 UTC,15050744,15462524,164924,1.03,49656,614476,199852,1.25,206832,510596,248
cloud-k3s-pool-workers-worker1,1,2026-06-06 08:37:22 UTC,15050744,15462524,164924,1.03,49656,614476,199852,1.25,206832,510596,248
cloud-k3s-pool-workers-worker1,1,2026-06-06 08:37:23 UTC,15050744,15462524,164896,1.03,49656,614504,199852,1.25,206832,510596,48
cloud-k3s-pool-workers-worker1,1,2026-06-06 08:37:24 UTC,15050744,15462560,164884,1.03,49656,614516,199852,1.25,206832,510632,60
cloud-k3s-pool-workers-worker1,1,2026-06-06 08:37:25 UTC,15050744,15462560,164876,1.03,49656,614524,199852,1.25,206832,510632,68
cloud-k3s-pool-workers-worker1,1,2026-06-06 08:37:26 UTC,15050744,15462560,164876,1.03,49664,614516,202700,1.27,207872,510632,68
cloud-k3s-pool-workers-worker1,1,2026-06-06 08:37:27 UTC,15050996,15462812,164588,1.03,49664,614544,203036,1.27,208408,510632,232
cloud-k3s-pool-workers-worker1,1,2026-06-06 08:37:28 UTC,15050996,15462812,164576,1.03,49664,614556,203036,1.27,208408,510632,244
cloud-k3s-pool-workers-worker1,1,2026-06-06 08:37:29 UTC,15050996,15462812,164568,1.03,49664,614564,203036,1.27,208460,510632,280
cloud-k3s-pool-workers-worker1,1,2026-06-06 08:37:30 UTC,15050996,15462872,164556,1.03,49664,614576,199852,1.25,206900,510692,252
cloud-k3s-pool-workers-worker1,1,2026-06-06 08:37:31 UTC,15050744,15462620,164808,1.03,49672,614576,199852,1.25,206812,510692,340
cloud-k3s-pool-workers-worker1,1,2026-06-06 08:37:32 UTC,15050744,15462624,164784,1.03,49672,614596,199852,1.25,206812,510692,312
cloud-k3s-pool-workers-worker1,1,2026-06-06 08:37:33 UTC,15050744,15462624,164776,1.03,49672,614604,199852,1.25,206812,510692,56
cloud-k3s-pool-workers-worker1,1,2026-06-06 08:37:34 UTC,15050744,15462624,164764,1.03,49672,614616,199852,1.25,206812,510692,68
cloud-k3s-pool-workers-worker1,1,2026-06-06 08:37:35 UTC,15050744,15462676,164752,1.03,49672,614628,199852,1.25,206812,510744,8
cloud-k3s-pool-workers-worker1,1,2026-06-06 08:37:36 UTC,15050744,15462676,164744,1.03,49680,614628,199852,1.25,206812,510744,180
cloud-k3s-pool-workers-worker1,1,2026-06-06 08:37:37 UTC,15050744,15462676,164724,1.03,49680,614648,199852,1.25,206812,510744,220
cloud-k3s-pool-workers-worker1,1,2026-06-06 08:37:38 UTC,15050744,15462676,164716,1.03,49680,614656,199852,1.25,206812,510744,228
cloud-k3s-pool-workers-worker1,1,2026-06-06 08:37:39 UTC,15050744,15462676,164704,1.03,49680,614668,199852,1.25,206812,510744,240
cloud-k3s-pool-workers-worker1,1,2026-06-06 08:37:40 UTC,15050744,15462676,164696,1.03,49680,614676,199852,1.25,206812,510744,248
cloud-k3s-pool-workers-worker1,1,2026-06-06 08:37:41 UTC,15050744,15462736,164684,1.03,49688,614680,199852,1.25,206812,510804,36
cloud-k3s-pool-workers-worker1,1,2026-06-06 08:37:42 UTC,15050744,15462736,164664,1.03,49688,614696,199852,1.25,206812,510804,48
cloud-k3s-pool-workers-worker1,1,2026-06-06 08:37:43 UTC,15050744,15462736,164652,1.03,49688,614708,199852,1.25,206812,510804,60
cloud-k3s-pool-workers-worker1,1,2026-06-06 08:37:44 UTC,15050744,15462736,164644,1.03,49688,614716,199852,1.25,206812,510804,68
cloud-k3s-pool-workers-worker1,1,2026-06-06 08:37:45 UTC,15050744,15462736,164632,1.03,49688,614728,199852,1.25,206812,510804,80
cloud-k3s-pool-workers-worker1,1,2026-06-06 08:37:46 UTC,15050744,15462736,164624,1.03,49696,614728,199852,1.25,206812,510804,248
cloud-k3s-pool-workers-worker1,1,2026-06-06 08:37:47 UTC,15050744,15462856,164604,1.03,49696,614748,199852,1.25,206812,510924,36
cloud-k3s-pool-workers-worker1,1,2026-06-06 08:37:48 UTC,15050744,15462856,164592,1.03,49696,614760,199852,1.25,206812,510924,52
cloud-k3s-pool-workers-worker1,1,2026-06-06 08:37:49 UTC,15050744,15462856,164584,1.03,49696,614768,199852,1.25,206812,510924,60
cloud-k3s-pool-workers-worker1,1,2026-06-06 08:37:50 UTC,15050744,15462856,164572,1.03,49696,614780,199852,1.25,206812,510924,72
cloud-k3s-pool-workers-worker1,1,2026-06-06 08:37:51 UTC,15050744,15462856,164564,1.03,49704,614780,199852,1.25,206812,510924,244
cloud-k3s-pool-workers-worker1,1,2026-06-06 08:37:52 UTC,15050744,15462856,164552,1.03,49704,614792,199852,1.25,206812,510924,256
cloud-k3s-pool-workers-worker1,1,2026-06-06 08:37:53 UTC,15050744,15462916,164536,1.03,49704,614808,199852,1.25,206812,510984,200
cloud-k3s-pool-workers-worker1,1,2026-06-06 08:37:54 UTC,15050996,15463168,164284,1.03,49704,614808,199852,1.25,206812,510984,200
cloud-k3s-pool-workers-worker1,1,2026-06-06 08:37:55 UTC,15050744,15462916,164516,1.03,49704,614828,199852,1.25,206812,510984,224
cloud-k3s-pool-workers-worker1,1,2026-06-06 08:37:56 UTC,15050240,15462412,165008,1.03,49712,614832,199852,1.25,206812,510984,248
cloud-k3s-pool-workers-worker1,1,2026-06-06 08:37:57 UTC,15050240,15462416,164988,1.03,49712,614848,199852,1.25,206812,510984,80
cloud-k3s-pool-workers-worker1,1,2026-06-06 08:37:58 UTC,15050240,15462416,164988,1.03,49712,614848,199852,1.25,206812,510984,80
cloud-k3s-pool-workers-worker1,1,2026-06-06 08:37:59 UTC,15050240,15462476,164964,1.03,49712,614872,199852,1.25,206812,511044,36
cloud-k3s-pool-workers-worker1,1,2026-06-06 08:38:00 UTC,15050240,15462476,164956,1.03,49712,614880,199852,1.25,206812,511044,40
cloud-k3s-pool-workers-worker1,1,2026-06-06 08:38:01 UTC,15049232,15461468,165948,1.04,49720,614884,202828,1.27,208212,511044,216
cloud-k3s-pool-workers-worker1,1,2026-06-06 08:38:02 UTC,15048224,15460460,166940,1.04,49720,614900,203036,1.27,208464,511044,288
cloud-k3s-pool-workers-worker1,1,2026-06-06 08:38:03 UTC,15048224,15460460,166928,1.04,49720,614912,203036,1.27,208464,511044,300
cloud-k3s-pool-workers-worker1,1,2026-06-06 08:38:04 UTC,15048224,15460460,166920,1.04,49720,614920,203036,1.27,208464,511044,332
cloud-k3s-pool-workers-worker1,1,2026-06-06 08:38:05 UTC,15050316,15462612,164816,1.03,49720,614932,199852,1.25,206892,511104,296
cloud-k3s-pool-workers-worker1,1,2026-06-06 08:38:06 UTC,15050552,15462848,164572,1.03,49728,614932,199852,1.25,206868,511104,64
cloud-k3s-pool-workers-worker1,1,2026-06-06 08:38:07 UTC,15050552,15462848,164552,1.03,49728,614952,199852,1.25,206868,511104,36
cloud-k3s-pool-workers-worker1,1,2026-06-06 08:38:08 UTC,15050552,15462848,164544,1.03,49728,614960,199852,1.25,206868,511104,44
cloud-k3s-pool-workers-worker1,1,2026-06-06 08:38:09 UTC,15050552,15462892,164532,1.03,49728,614972,199852,1.25,206868,511148,52
cloud-k3s-pool-workers-worker1,1,2026-06-06 08:38:10 UTC,15050552,15462892,164524,1.03,49728,614980,199852,1.25,206868,511148,60
cloud-k3s-pool-workers-worker1,1,2026-06-06 08:38:11 UTC,15050552,15462892,164512,1.03,49736,614984,199852,1.25,206868,511148,8
cloud-k3s-pool-workers-worker1,1,2026-06-06 08:38:12 UTC,15050552,15462892,164512,1.03,49736,614984,199852,1.25,206868,511148,8
cloud-k3s-pool-workers-worker1,1,2026-06-06 08:38:13 UTC,15050552,15462924,164480,1.03,49736,615012,199852,1.25,206868,511180,56
cloud-k3s-pool-workers-worker1,1,2026-06-06 08:38:14 UTC,15050552,15462924,164468,1.03,49736,615024,199852,1.25,206868,511180,68
cloud-k3s-pool-workers-worker1,1,2026-06-06 08:38:15 UTC,15050552,15462924,164460,1.03,49736,615032,199852,1.25,206868,511180,76
cloud-k3s-pool-workers-worker1,1,2026-06-06 08:38:16 UTC,15050552,15462924,164448,1.03,49744,615036,199852,1.25,206868,511180,252
cloud-k3s-pool-workers-worker1,1,2026-06-06 08:38:17 UTC,15050552,15462924,164428,1.03,49744,615056,199852,1.25,206868,511180,200
cloud-k3s-pool-workers-worker1,1,2026-06-06 08:38:18 UTC,15050552,15462924,164428,1.03,49744,615056,199852,1.25,206868,511180,200
cloud-k3s-pool-workers-worker1,1,2026-06-06 08:38:19 UTC,15050552,15462984,164408,1.03,49744,615076,199852,1.25,206868,511240,224
cloud-k3s-pool-workers-worker1,1,2026-06-06 08:38:20 UTC,15050552,15462984,164396,1.03,49744,615088,199852,1.25,206868,511240,236
cloud-k3s-pool-workers-worker1,1,2026-06-06 08:38:21 UTC,15050552,15462984,164388,1.03,49752,615088,199852,1.25,206868,511240,256
cloud-k3s-pool-workers-worker1,1,2026-06-06 08:38:22 UTC,15050552,15462984,164376,1.03,49752,615100,199852,1.25,206868,511240,268
cloud-k3s-pool-workers-worker1,1,2026-06-06 08:38:23 UTC,15050552,15463044,164356,1.03,49752,615120,199852,1.25,206868,511300,40
cloud-k3s-pool-workers-worker1,1,2026-06-06 08:38:24 UTC,15050552,15463044,164356,1.03,49752,615120,199852,1.25,206868,511300,40
cloud-k3s-pool-workers-worker1,1,2026-06-06 08:38:25 UTC,15050300,15462852,164588,1.03,49752,615140,199852,1.25,206868,511360,64
cloud-k3s-pool-workers-worker1,1,2026-06-06 08:38:26 UTC,15050300,15462852,164580,1.03,49760,615140,199852,1.25,206868,511360,232
cloud-k3s-pool-workers-worker1,1,2026-06-06 08:38:27 UTC,15050300,15462888,164556,1.03,49760,615160,199852,1.25,206868,511392,88
cloud-k3s-pool-workers-worker1,1,2026-06-06 08:38:28 UTC,15050300,15462888,164548,1.03,49760,615168,199852,1.25,206868,511392,96
cloud-k3s-pool-workers-worker1,1,2026-06-06 08:38:29 UTC,15050552,15463140,164284,1.03,49760,615180,199852,1.25,206868,511392,44
cloud-k3s-pool-workers-worker1,1,2026-06-06 08:38:30 UTC,15050552,15463140,164276,1.03,49760,615188,199852,1.25,206868,511392,56
cloud-k3s-pool-workers-worker1,1,2026-06-06 08:38:31 UTC,15050552,15463140,164264,1.03,49768,615192,199852,1.25,206868,511392,68
cloud-k3s-pool-workers-worker1,1,2026-06-06 08:38:32 UTC,15050552,15463188,164248,1.03,49768,615208,199852,1.25,206868,511440,224
cloud-k3s-pool-workers-worker1,1,2026-06-06 08:38:33 UTC,15050552,15463188,164236,1.03,49768,615220,199852,1.25,206868,511440,236
cloud-k3s-pool-workers-worker1,1,2026-06-06 08:38:34 UTC,15050552,15463188,164236,1.03,49768,615220,199852,1.25,206868,511440,236
cloud-k3s-pool-workers-worker1,1,2026-06-06 08:38:35 UTC,15049796,15462464,164972,1.03,49768,615240,202704,1.27,207952,511472,192
cloud-k3s-pool-workers-worker1,1,2026-06-06 08:38:36 UTC,15049796,15462472,164960,1.03,49776,615244,203040,1.27,208268,511480,284
cloud-k3s-pool-workers-worker1,1,2026-06-06 08:38:37 UTC,15049080,15461768,165636,1.04,49776,615268,203040,1.27,208508,511492,84
cloud-k3s-pool-workers-worker1,1,2026-06-06 08:38:38 UTC,15049080,15461772,165636,1.04,49776,615268,199852,1.25,206868,511496,84
cloud-k3s-pool-workers-worker1,1,2026-06-06 08:38:39 UTC,15049080,15461772,165616,1.04,49776,615288,199852,1.25,206868,511496,236
cloud-k3s-pool-workers-worker1,1,2026-06-06 08:38:40 UTC,15052304,15464996,162380,1.02,49776,615300,199852,1.25,206868,511496,248
cloud-k3s-pool-workers-worker1,1,2026-06-06 08:38:41 UTC,15052304,15464996,162372,1.02,49784,615300,199852,1.25,206868,511496,192
cloud-k3s-pool-workers-worker1,1,2026-06-06 08:38:42 UTC,15052304,15465048,162348,1.02,49784,615320,199852,1.25,206868,511548,260
cloud-k3s-pool-workers-worker1,1,2026-06-06 08:38:43 UTC,15052304,15465056,162340,1.02,49784,615328,199852,1.25,206868,511556,36
cloud-k3s-pool-workers-worker1,1,2026-06-06 08:38:44 UTC,15052304,15465056,162328,1.02,49784,615340,199852,1.25,206868,511556,48
cloud-k3s-pool-workers-worker1,1,2026-06-06 08:38:45 UTC,15052052,15464804,162572,1.02,49784,615348,199852,1.25,206868,511556,56
cloud-k3s-pool-workers-worker1,1,2026-06-06 08:38:46 UTC,15052052,15464804,162572,1.02,49792,615340,199852,1.25,206868,511556,56
cloud-k3s-pool-workers-worker1,1,2026-06-06 08:38:47 UTC,15051800,15464552,162792,1.02,49792,615372,199852,1.25,206868,511556,268
cloud-k3s-pool-workers-worker1,1,2026-06-06 08:38:48 UTC,15051800,15464552,162784,1.02,49792,615380,199852,1.25,206868,511556,276
cloud-k3s-pool-workers-worker1,1,2026-06-06 08:38:49 UTC,15051800,15464612,162772,1.02,49792,615392,199852,1.25,206868,511616,288
cloud-k3s-pool-workers-worker1,1,2026-06-06 08:38:50 UTC,15051800,15464612,162764,1.02,49792,615400,199852,1.25,206868,511616,296
cloud-k3s-pool-workers-worker1,1,2026-06-06 08:38:51 UTC,15051800,15464612,162752,1.02,49800,615404,199852,1.25,206868,511616,320
cloud-k3s-pool-workers-worker1,1,2026-06-06 08:38:52 UTC,15051800,15464620,162736,1.02,49800,615420,199852,1.25,206868,511624,40
cloud-k3s-pool-workers-worker1,1,2026-06-06 08:38:53 UTC,15051800,15464620,162724,1.02,49800,615432,199852,1.25,206868,511624,56
cloud-k3s-pool-workers-worker1,1,2026-06-06 08:38:54 UTC,15051800,15464620,162716,1.02,49800,615440,199852,1.25,206868,511624,64
cloud-k3s-pool-workers-worker1,1,2026-06-06 08:38:55 UTC,15051800,15464680,162704,1.02,49800,615452,199852,1.25,206868,511684,76
cloud-k3s-pool-workers-worker1,1,2026-06-06 08:38:56 UTC,15051800,15464680,162696,1.02,49808,615452,199852,1.25,206868,511684,244
cloud-k3s-pool-workers-worker1,1,2026-06-06 08:38:57 UTC,15051800,15464712,162676,1.02,49808,615472,199852,1.25,206868,511716,104
cloud-k3s-pool-workers-worker1,1,2026-06-06 08:38:58 UTC,15051800,15464712,162676,1.02,49808,615472,199852,1.25,206868,511716,36
cloud-k3s-pool-workers-worker1,1,2026-06-06 08:38:59 UTC,15051800,15464716,162652,1.02,49808,615492,199852,1.25,206868,511716,60
cloud-k3s-pool-workers-worker1,1,2026-06-06 08:39:00 UTC,15051800,15464716,162640,1.02,49808,615504,199852,1.25,206868,511716,72
cloud-k3s-pool-workers-worker1,1,2026-06-06 08:39:01 UTC,15051800,15464776,162624,1.02,49816,615512,199852,1.25,206868,511776,240
cloud-k3s-pool-workers-worker1,1,2026-06-06 08:39:02 UTC,15051548,15464524,162864,1.02,49816,615524,199852,1.25,206868,511776,252
cloud-k3s-pool-workers-worker1,1,2026-06-06 08:39:03 UTC,15051800,15464776,162604,1.02,49816,615532,199852,1.25,206868,511776,260
cloud-k3s-pool-workers-worker1,1,2026-06-06 08:39:04 UTC,15051800,15464776,162604,1.02,49816,615532,199852,1.25,206868,511776,260
cloud-k3s-pool-workers-worker1,1,2026-06-06 08:39:05 UTC,15051800,15464808,162584,1.02,49816,615552,199852,1.25,206868,511808,220
cloud-k3s-pool-workers-worker1,1,2026-06-06 08:39:06 UTC,15051800,15464816,162564,1.02,49824,615564,199852,1.25,206868,511816,72
cloud-k3s-pool-workers-worker1,1,2026-06-06 08:39:07 UTC,15051800,15464876,162556,1.02,49824,615572,199852,1.25,206868,511876,68
cloud-k3s-pool-workers-worker1,1,2026-06-06 08:39:08 UTC,15050068,15463144,164288,1.03,49824,615572,205808,1.29,208980,511876,68
cloud-k3s-pool-workers-worker1,1,2026-06-06 08:39:09 UTC,15048808,15461908,165496,1.04,49824,615592,206488,1.29,209940,511900,280
cloud-k3s-pool-workers-worker1,1,2026-06-06 08:39:10 UTC,15048808,15461920,165464,1.04,49824,615604,206488,1.29,210144,511912,232
cloud-k3s-pool-workers-worker1,1,2026-06-06 08:39:11 UTC,15048556,15461668,165696,1.04,49832,615616,206488,1.29,210144,511912,364
cloud-k3s-pool-workers-worker1,1,2026-06-06 08:39:12 UTC,15048556,15461688,165704,1.04,49832,615624,203304,1.27,208552,511932,204
cloud-k3s-pool-workers-worker1,1,2026-06-06 08:39:13 UTC,15050116,15463256,164128,1.03,49832,615636,199852,1.25,206868,511940,232
cloud-k3s-pool-workers-worker1,1,2026-06-06 08:39:14 UTC,15050116,15463256,164120,1.03,49832,615644,199852,1.25,206868,511940,236
cloud-k3s-pool-workers-worker1,1,2026-06-06 08:39:15 UTC,15050116,15463256,164108,1.03,49832,615656,199852,1.25,206868,511940,248
cloud-k3s-pool-workers-worker1,1,2026-06-06 08:39:16 UTC,15050116,15463256,164108,1.03,49840,615648,199852,1.25,206868,511940,248
cloud-k3s-pool-workers-worker1,1,2026-06-06 08:39:17 UTC,15050116,15463308,164080,1.03,49840,615676,199852,1.25,206868,511992,24
cloud-k3s-pool-workers-worker1,1,2026-06-06 08:39:18 UTC,15050116,15463308,164072,1.03,49840,615684,199852,1.25,206868,511992,32
cloud-k3s-pool-workers-worker1,1,2026-06-06 08:39:19 UTC,15050116,15463308,164060,1.03,49840,615696,199852,1.25,206868,511992,44
cloud-k3s-pool-workers-worker1,1,2026-06-06 08:39:20 UTC,15050116,15463308,164052,1.03,49840,615704,199852,1.25,206868,511992,52
cloud-k3s-pool-workers-worker1,1,2026-06-06 08:39:21 UTC,15050116,15463308,164040,1.03,49840,615716,199852,1.25,206868,511992,224
cloud-k3s-pool-workers-worker1,1,2026-06-06 08:39:22 UTC,15050116,15463308,164020,1.03,49848,615728,199852,1.25,206868,511992,188
cloud-k3s-pool-workers-worker1,1,2026-06-06 08:39:23 UTC,15050116,15463368,164012,1.03,49848,615736,199852,1.25,206868,512052,200
cloud-k3s-pool-workers-worker1,1,2026-06-06 08:39:24 UTC,15050116,15463368,164000,1.03,49848,615748,199852,1.25,206868,512052,212
cloud-k3s-pool-workers-worker1,1,2026-06-06 08:39:25 UTC,15050116,15463368,163992,1.03,49848,615756,199852,1.25,206868,512052,220
cloud-k3s-pool-workers-worker1,1,2026-06-06 08:39:26 UTC,15050116,15463368,163992,1.03,49848,615756,199852,1.25,206868,512052,48
cloud-k3s-pool-workers-worker1,1,2026-06-06 08:39:27 UTC,15050116,15463368,163964,1.03,49856,615776,199852,1.25,206868,512052,92
cloud-k3s-pool-workers-worker1,1,2026-06-06 08:39:28 UTC,15049864,15463144,164200,1.03,49856,615788,199852,1.25,206868,512076,40
cloud-k3s-pool-workers-worker1,1,2026-06-06 08:39:29 UTC,15049864,15463204,164192,1.03,49856,615796,199852,1.25,206868,512136,52
cloud-k3s-pool-workers-worker1,1,2026-06-06 08:39:30 UTC,15049864,15463204,164180,1.03,49856,615808,199852,1.25,206868,512136,64
cloud-k3s-pool-workers-worker1,1,2026-06-06 08:39:31 UTC,15049864,15463204,164172,1.03,49856,615816,199852,1.25,206868,512136,232
cloud-k3s-pool-workers-worker1,1,2026-06-06 08:39:32 UTC,15049864,15463204,164160,1.03,49856,615828,199852,1.25,206868,512136,84
cloud-k3s-pool-workers-worker1,1,2026-06-06 08:39:33 UTC,15050264,15463604,163744,1.02,49864,615836,199852,1.25,206868,512136,96
cloud-k3s-pool-workers-worker1,1,2026-06-06 08:39:34 UTC,15050264,15463612,163732,1.02,49864,615848,199852,1.25,206868,512144,44
cloud-k3s-pool-workers-worker1,1,2026-06-06 08:39:35 UTC,15050264,15463672,163720,1.02,49864,615860,199852,1.25,206868,512204,60
cloud-k3s-pool-workers-worker1,1,2026-06-06 08:39:36 UTC,15050264,15463672,163720,1.02,49864,615860,199852,1.25,206868,512204,60
cloud-k3s-pool-workers-worker1,1,2026-06-06 08:39:37 UTC,15050012,15463420,163952,1.03,49864,615880,199852,1.25,206868,512204,248
cloud-k3s-pool-workers-worker1,1,2026-06-06 08:39:38 UTC,15050012,15463420,163944,1.03,49864,615888,199852,1.25,206868,512204,256
cloud-k3s-pool-workers-worker1,1,2026-06-06 08:39:39 UTC,15050012,15463420,163924,1.03,49872,615900,199852,1.25,206868,512204,268
cloud-k3s-pool-workers-worker1,1,2026-06-06 08:39:40 UTC,15050012,15463428,163924,1.03,49872,615900,199852,1.25,206868,512212,264
cloud-k3s-pool-workers-worker1,1,2026-06-06 08:39:41 UTC,15050012,15463480,163904,1.03,49872,615920,199852,1.25,206868,512264,236
cloud-k3s-pool-workers-worker1,1,2026-06-06 08:39:42 UTC,15050012,15463480,163896,1.03,49872,615928,199852,1.25,206868,512264,244
cloud-k3s-pool-workers-worker1,1,2026-06-06 08:39:43 UTC,15050012,15463480,163880,1.03,49872,615940,199852,1.25,206868,512264,76
cloud-k3s-pool-workers-worker1,1,2026-06-06 08:39:44 UTC,15050012,15463480,163880,1.03,49872,615940,199852,1.25,206868,512264,76
cloud-k3s-pool-workers-worker1,1,2026-06-06 08:39:45 UTC,15050012,15463480,163852,1.03,49880,615960,199852,1.25,206868,512264,92
cloud-k3s-pool-workers-worker1,1,2026-06-06 08:39:46 UTC,15049760,15463396,163960,1.03,49880,616100,203304,1.27,208424,512328,360
cloud-k3s-pool-workers-worker1,1,2026-06-06 08:39:47 UTC,15049760,15463396,163952,1.03,49880,616108,203304,1.27,208644,512328,312
cloud-k3s-pool-workers-worker1,1,2026-06-06 08:39:48 UTC,15049760,15463396,163952,1.03,49880,616108,203304,1.27,208644,512328,312
cloud-k3s-pool-workers-worker1,1,2026-06-06 08:39:49 UTC,15049508,15463144,164188,1.03,49880,616128,199852,1.25,206996,512328,356
cloud-k3s-pool-workers-worker1,1,2026-06-06 08:39:50 UTC,15049508,15463204,164176,1.03,49880,616140,199852,1.25,207020,512364,368
cloud-k3s-pool-workers-worker1,1,2026-06-06 08:39:51 UTC,15049508,15463204,164164,1.03,49888,616148,199852,1.25,206996,512364,136
cloud-k3s-pool-workers-worker1,1,2026-06-06 08:39:52 UTC,15049508,15463204,164152,1.03,49888,616160,199852,1.25,206996,512364,148
cloud-k3s-pool-workers-worker1,1,2026-06-06 08:39:53 UTC,15049508,15463204,164144,1.03,49888,616168,199852,1.25,206996,512364,20
cloud-k3s-pool-workers-worker1,1,2026-06-06 08:39:54 UTC,15049508,15463204,164144,1.03,49888,616168,199852,1.25,206996,512364,20
cloud-k3s-pool-workers-worker1,1,2026-06-06 08:39:55 UTC,15049508,15463212,164108,1.03,49888,616188,199852,1.25,206996,512364,40
cloud-k3s-pool-workers-worker1,1,2026-06-06 08:39:56 UTC,15049508,15463272,164096,1.03,49896,616192,199852,1.25,206996,512424,212
cloud-k3s-pool-workers-worker1,1,2026-06-06 08:39:57 UTC,15049508,15463272,164080,1.03,49896,616208,199852,1.25,206996,512424,88
cloud-k3s-pool-workers-worker1,1,2026-06-06 08:39:58 UTC,15049508,15463272,164080,1.03,49896,616208,199852,1.25,206996,512424,24
cloud-k3s-pool-workers-worker1,1,2026-06-06 08:39:59 UTC,15049508,15463276,164052,1.03,49896,616232,199852,1.25,206996,512424,52
cloud-k3s-pool-workers-worker1,1,2026-06-06 08:40:00 UTC,15049508,15463276,164044,1.03,49896,616240,199852,1.25,206996,512424,60
cloud-k3s-pool-workers-worker1,1,2026-06-06 08:40:01 UTC,15049508,15463276,164024,1.03,49904,616252,199852,1.25,206996,512424,232
cloud-k3s-pool-workers-worker1,1,2026-06-06 08:40:02 UTC,15049508,15463336,164016,1.03,49904,616260,199852,1.25,206996,512484,240
cloud-k3s-pool-workers-worker1,1,2026-06-06 08:40:03 UTC,15049508,15463336,164004,1.03,49904,616272,199852,1.25,206996,512484,252
cloud-k3s-pool-workers-worker1,1,2026-06-06 08:40:04 UTC,15049508,15463336,164004,1.03,49904,616272,199852,1.25,206996,512484,252
cloud-k3s-pool-workers-worker1,1,2026-06-06 08:40:05 UTC,15049508,15463360,163984,1.03,49904,616292,199852,1.25,206996,512508,212
cloud-k3s-pool-workers-worker1,1,2026-06-06 08:40:06 UTC,15049256,15463108,164228,1.03,49912,616292,199852,1.25,206996,512508,232
cloud-k3s-pool-workers-worker1,1,2026-06-06 08:40:07 UTC,15049256,15463108,164208,1.03,49912,616312,199852,1.25,206996,512508,72
cloud-k3s-pool-workers-worker1,1,2026-06-06 08:40:08 UTC,15049256,15463108,164208,1.03,49912,616312,199852,1.25,206996,512508,72
cloud-k3s-pool-workers-worker1,1,2026-06-06 08:40:09 UTC,15049256,15463108,164188,1.03,49912,616332,199852,1.25,206996,512508,92
cloud-k3s-pool-workers-worker1,1,2026-06-06 08:40:10 UTC,15049256,15463168,164176,1.03,49912,616344,199852,1.25,206996,512568,104
cloud-k3s-pool-workers-worker1,1,2026-06-06 08:40:11 UTC,15049256,15463168,164160,1.03,49920,616352,199852,1.25,206996,512568,212
cloud-k3s-pool-workers-worker1,1,2026-06-06 08:40:12 UTC,15049256,15463168,164148,1.03,49920,616364,199852,1.25,206996,512568,224
cloud-k3s-pool-workers-worker1,1,2026-06-06 08:40:13 UTC,15049256,15463168,164136,1.03,49920,616372,199852,1.25,206996,512568,232
cloud-k3s-pool-workers-worker1,1,2026-06-06 08:40:14 UTC,15049256,15463168,164136,1.03,49920,616372,199852,1.25,206996,512568,232
cloud-k3s-pool-workers-worker1,1,2026-06-06 08:40:15 UTC,15049256,15463168,164116,1.03,49920,616392,199852,1.25,206996,512568,252
cloud-k3s-pool-workers-worker1,1,2026-06-06 08:40:16 UTC,15049256,15463228,164104,1.03,49928,616396,199852,1.25,206996,512628,276
cloud-k3s-pool-workers-worker1,1,2026-06-06 08:40:17 UTC,15049256,15463228,164088,1.03,49928,616412,199852,1.25,206996,512628,40
cloud-k3s-pool-workers-worker1,1,2026-06-06 08:40:18 UTC,15049256,15463228,164088,1.03,49928,616412,199852,1.25,206996,512628,40
cloud-k3s-pool-workers-worker1,1,2026-06-06 08:40:19 UTC,15049004,15462976,164320,1.03,49928,616432,199852,1.25,206996,512628,60
cloud-k3s-pool-workers-worker1,1,2026-06-06 08:40:20 UTC,15049004,15462976,164308,1.03,49928,616444,199852,1.25,206996,512628,72
cloud-k3s-pool-workers-worker1,1,2026-06-06 08:40:21 UTC,15049004,15463036,164292,1.03,49936,616452,199852,1.25,206996,512688,244
cloud-k3s-pool-workers-worker1,1,2026-06-06 08:40:22 UTC,15049004,15463096,164280,1.03,49936,616464,199852,1.25,206996,512748,192
cloud-k3s-pool-workers-worker1,1,2026-06-06 08:40:23 UTC,15049004,15463096,164268,1.03,49936,616476,199852,1.25,206996,512748,48
cloud-k3s-pool-workers-worker1,1,2026-06-06 08:40:24 UTC,15049004,15463096,164268,1.03,49936,616476,199852,1.25,206996,512748,48
cloud-k3s-pool-workers-worker1,1,2026-06-06 08:40:25 UTC,15049004,15463096,164248,1.03,49936,616496,199852,1.25,206996,512748,68
cloud-k3s-pool-workers-worker1,1,2026-06-06 08:40:26 UTC,15049004,15463096,164240,1.03,49944,616496,199852,1.25,206996,512748,236
cloud-k3s-pool-workers-worker1,1,2026-06-06 08:40:27 UTC,15049256,15463348,163968,1.03,49944,616516,199852,1.25,206996,512748,220
cloud-k3s-pool-workers-worker1,1,2026-06-06 08:40:28 UTC,15049256,15463348,163968,1.03,49944,616516,199852,1.25,206996,512748,156
cloud-k3s-pool-workers-worker1,1,2026-06-06 08:40:29 UTC,15049256,15463412,163944,1.03,49944,616536,199852,1.25,206996,512808,180
cloud-k3s-pool-workers-worker1,1,2026-06-06 08:40:30 UTC,15049256,15463412,163936,1.03,49944,616544,199852,1.25,206996,512808,188
cloud-k3s-pool-workers-worker1,1,2026-06-06 08:40:31 UTC,15049004,15463196,164168,1.03,49952,616556,199852,1.25,206996,512844,64
cloud-k3s-pool-workers-worker1,1,2026-06-06 08:40:32 UTC,15049004,15463196,164160,1.03,49952,616564,199852,1.25,206996,512844,72
cloud-k3s-pool-workers-worker1,1,2026-06-06 08:40:33 UTC,15049004,15463196,164148,1.03,49952,616576,199852,1.25,206996,512844,84
cloud-k3s-pool-workers-worker1,1,2026-06-06 08:40:34 UTC,15049004,15463196,164148,1.03,49952,616576,199852,1.25,206996,512844,84
cloud-k3s-pool-workers-worker1,1,2026-06-06 08:40:35 UTC,15049004,15463228,164128,1.03,49952,616596,199852,1.25,206996,512876,40
cloud-k3s-pool-workers-worker1,1,2026-06-06 08:40:36 UTC,15049004,15463228,164116,1.03,49960,616600,199852,1.25,206996,512876,212
cloud-k3s-pool-workers-worker1,1,2026-06-06 08:40:37 UTC,15049004,15463284,164116,1.03,49960,616616,199852,1.25,206996,512932,224
cloud-k3s-pool-workers-worker1,1,2026-06-06 08:40:38 UTC,15049004,15463284,164104,1.03,49960,616628,199852,1.25,206996,512932,236
cloud-k3s-pool-workers-worker1,1,2026-06-06 08:40:39 UTC,15049004,15463284,164108,1.03,49960,616636,199852,1.25,206952,512932,244
cloud-k3s-pool-workers-worker1,1,2026-06-06 08:40:40 UTC,15049004,15463284,164096,1.03,49960,616648,199852,1.25,206952,512932,256
cloud-k3s-pool-workers-worker1,1,2026-06-06 08:40:41 UTC,15049004,15463284,164080,1.03,49968,616656,199852,1.25,206952,512932,372
cloud-k3s-pool-workers-worker1,1,2026-06-06 08:40:42 UTC,15049004,15463284,164068,1.03,49968,616668,199852,1.25,206952,512932,384
cloud-k3s-pool-workers-worker1,1,2026-06-06 08:40:43 UTC,15049004,15463344,164056,1.03,49968,616676,199852,1.25,206952,512992,132
cloud-k3s-pool-workers-worker1,1,2026-06-06 08:40:44 UTC,15049004,15463344,164056,1.03,49968,616676,199852,1.25,206952,512992,132
cloud-k3s-pool-workers-worker1,1,2026-06-06 08:40:45 UTC,15049004,15463344,164036,1.03,49968,616696,199852,1.25,206952,512992,152
cloud-k3s-pool-workers-worker1,1,2026-06-06 08:40:46 UTC,15049004,15463344,164024,1.03,49968,616708,199852,1.25,206952,512992,324
cloud-k3s-pool-workers-worker1,1,2026-06-06 08:40:47 UTC,15049004,15463344,164004,1.03,49976,616720,199852,1.25,206952,512992,340
cloud-k3s-pool-workers-worker1,1,2026-06-06 08:40:48 UTC,15049004,15463344,164004,1.03,49976,616720,199852,1.25,206952,512992,340
cloud-k3s-pool-workers-worker1,1,2026-06-06 08:40:49 UTC,15048752,15463152,164236,1.03,49976,616740,199852,1.25,206952,513052,360
cloud-k3s-pool-workers-worker1,1,2026-06-06 08:40:50 UTC,15048752,15463152,164228,1.03,49976,616748,199852,1.25,206952,513052,368
cloud-k3s-pool-workers-worker1,1,2026-06-06 08:40:51 UTC,15048752,15463176,164216,1.03,49976,616760,199852,1.25,206952,513076,220
cloud-k3s-pool-workers-worker1,1,2026-06-06 08:40:52 UTC,15048752,15463184,164208,1.03,49984,616760,199852,1.25,206952,513084,224
cloud-k3s-pool-workers-worker1,1,2026-06-06 08:40:53 UTC,15048752,15463184,164188,1.03,49984,616780,199852,1.25,206952,513084,236
cloud-k3s-pool-workers-worker1,1,2026-06-06 08:40:54 UTC,15048752,15463184,164188,1.03,49984,616780,199852,1.25,206952,513084,236
cloud-k3s-pool-workers-worker1,1,2026-06-06 08:40:55 UTC,15048752,15463184,164168,1.03,49984,616800,199852,1.25,206952,513084,256
cloud-k3s-pool-workers-worker1,1,2026-06-06 08:40:56 UTC,15048500,15462932,164412,1.03,49984,616808,199852,1.25,206952,513084,424
cloud-k3s-pool-workers-worker1,1,2026-06-06 08:40:57 UTC,15048500,15462936,164396,1.03,49984,616824,199852,1.25,206952,513088,284
cloud-k3s-pool-workers-worker1,1,2026-06-06 08:40:58 UTC,15048500,15462936,164396,1.03,49992,616816,199852,1.25,206952,513088,284
cloud-k3s-pool-workers-worker1,1,2026-06-06 08:40:59 UTC,15048500,15463000,164364,1.03,49992,616844,199852,1.25,206952,513148,304
cloud-k3s-pool-workers-worker1,1,2026-06-06 08:41:00 UTC,15048500,15463000,164352,1.03,49992,616856,199852,1.25,206952,513148,316
cloud-k3s-pool-workers-worker1,1,2026-06-06 08:41:01 UTC,15048500,15463000,164344,1.03,49992,616864,199852,1.25,206952,513148,488
cloud-k3s-pool-workers-worker1,1,2026-06-06 08:41:02 UTC,15048500,15463000,164332,1.03,49992,616876,199852,1.25,206952,513148,500
cloud-k3s-pool-workers-worker1,1,2026-06-06 08:41:03 UTC,15048752,15463252,164072,1.03,49992,616884,199852,1.25,206952,513148,468
cloud-k3s-pool-workers-worker1,1,2026-06-06 08:41:04 UTC,15048752,15463252,164072,1.03,50000,616876,199852,1.25,206952,513148,468
cloud-k3s-pool-workers-worker1,1,2026-06-06 08:41:05 UTC,15048752,15463312,164044,1.03,50000,616904,199852,1.25,206952,513208,504
cloud-k3s-pool-workers-worker1,1,2026-06-06 08:41:06 UTC,15048752,15463312,164032,1.03,50000,616916,199852,1.25,206952,513208,272
cloud-k3s-pool-workers-worker1,1,2026-06-06 08:41:07 UTC,15048752,15463312,164024,1.03,50000,616924,199852,1.25,206952,513208,36
cloud-k3s-pool-workers-worker1,1,2026-06-06 08:41:08 UTC,15048752,15463312,164024,1.03,50000,616924,199852,1.25,206952,513208,36
cloud-k3s-pool-workers-worker1,1,2026-06-06 08:41:09 UTC,15048752,15463312,164000,1.03,50000,616948,199852,1.25,206952,513208,60
cloud-k3s-pool-workers-worker1,1,2026-06-06 08:41:10 UTC,15048752,15463372,163992,1.03,50008,616948,199852,1.25,206952,513268,68
cloud-k3s-pool-workers-worker1,1,2026-06-06 08:41:11 UTC,15048752,15463372,163972,1.03,50008,616968,199852,1.25,206952,513268,260
cloud-k3s-pool-workers-worker1,1,2026-06-06 08:41:12 UTC,15048752,15463372,163964,1.03,50008,616976,199852,1.25,206952,513268,268
cloud-k3s-pool-workers-worker1,1,2026-06-06 08:41:13 UTC,15048752,15463372,163948,1.03,50008,616988,199852,1.25,206952,513268,280
cloud-k3s-pool-workers-worker1,1,2026-06-06 08:41:14 UTC,15048752,15463372,163948,1.03,50008,616988,199852,1.25,206952,513268,280
cloud-k3s-pool-workers-worker1,1,2026-06-06 08:41:15 UTC,15048752,15463372,163928,1.03,50008,617008,199852,1.25,206952,513268,300
cloud-k3s-pool-workers-worker1,1,2026-06-06 08:41:16 UTC,15048752,15463432,163920,1.03,50016,617008,199852,1.25,206952,513328,140
cloud-k3s-pool-workers-worker1,1,2026-06-06 08:41:17 UTC,15048500,15463180,164152,1.03,50016,617028,199852,1.25,206952,513328,36
cloud-k3s-pool-workers-worker1,1,2026-06-06 08:41:18 UTC,15048500,15463180,164144,1.03,50016,617036,199852,1.25,206952,513328,48
cloud-k3s-pool-workers-worker1,1,2026-06-06 08:41:19 UTC,15048500,15463180,164132,1.03,50016,617048,199852,1.25,206952,513328,60
cloud-k3s-pool-workers-worker1,1,2026-06-06 08:41:20 UTC,15048500,15463180,164124,1.03,50016,617056,199852,1.25,206952,513328,68
cloud-k3s-pool-workers-worker1,1,2026-06-06 08:41:21 UTC,15047996,15462736,164608,1.03,50024,617068,199852,1.25,206952,513388,248
cloud-k3s-pool-workers-worker1,1,2026-06-06 08:41:22 UTC,15047996,15462804,164592,1.03,50024,617080,202832,1.27,208068,513456,260
cloud-k3s-pool-workers-worker1,1,2026-06-06 08:41:23 UTC,15047996,15462804,164584,1.03,50024,617088,203304,1.27,208612,513456,216
cloud-k3s-pool-workers-worker1,1,2026-06-06 08:41:24 UTC,15047996,15462804,164584,1.03,50024,617088,203304,1.27,208612,513456,216
cloud-k3s-pool-workers-worker1,1,2026-06-06 08:41:25 UTC,15047996,15462804,164596,1.03,50024,617108,203304,1.27,208612,513456,256
cloud-k3s-pool-workers-worker1,1,2026-06-06 08:41:26 UTC,15047996,15462836,164584,1.03,50032,617112,203304,1.27,208640,513488,360
cloud-k3s-pool-workers-worker1,1,2026-06-06 08:41:27 UTC,15047996,15462836,164576,1.03,50032,617128,199852,1.25,206952,513488,384
cloud-k3s-pool-workers-worker1,1,2026-06-06 08:41:28 UTC,15047996,15462836,164576,1.03,50032,617128,199852,1.25,206952,513488,88
cloud-k3s-pool-workers-worker1,1,2026-06-06 08:41:29 UTC,15047996,15462840,164552,1.03,50032,617148,199852,1.25,206952,513488,44
cloud-k3s-pool-workers-worker1,1,2026-06-06 08:41:30 UTC,15047996,15462840,164540,1.03,50032,617160,199852,1.25,206952,513488,60
cloud-k3s-pool-workers-worker1,1,2026-06-06 08:41:31 UTC,15047996,15462840,164532,1.03,50040,617160,199852,1.25,206952,513488,232
cloud-k3s-pool-workers-worker1,1,2026-06-06 08:41:32 UTC,15047996,15462900,164512,1.03,50040,617180,199852,1.25,206952,513548,252
cloud-k3s-pool-workers-worker1,1,2026-06-06 08:41:33 UTC,15047996,15462900,164500,1.03,50040,617192,199852,1.25,206952,513548,264
cloud-k3s-pool-workers-worker1,1,2026-06-06 08:41:34 UTC,15047996,15462900,164500,1.03,50040,617192,199852,1.25,206952,513548,264
cloud-k3s-pool-workers-worker1,1,2026-06-06 08:41:35 UTC,15047996,15462940,164480,1.03,50040,617212,199852,1.25,206952,513588,172
cloud-k3s-pool-workers-worker1,1,2026-06-06 08:41:36 UTC,15047996,15462940,164472,1.03,50048,617212,199852,1.25,206952,513588,20
cloud-k3s-pool-workers-worker1,1,2026-06-06 08:41:37 UTC,15047996,15462940,164452,1.03,50048,617232,199852,1.25,206952,513588,52
cloud-k3s-pool-workers-worker1,1,2026-06-06 08:41:38 UTC,15047996,15462940,164444,1.03,50048,617240,199852,1.25,206952,513588,60
cloud-k3s-pool-workers-worker1,1,2026-06-06 08:41:39 UTC,15047996,15462940,164432,1.03,50048,617252,199852,1.25,206952,513588,72
cloud-k3s-pool-workers-worker1,1,2026-06-06 08:41:40 UTC,15047996,15462940,164424,1.03,50048,617260,199852,1.25,206952,513588,80
cloud-k3s-pool-workers-worker1,1,2026-06-06 08:41:41 UTC,15047996,15463000,164404,1.03,50056,617272,199852,1.25,206952,513648,196
cloud-k3s-pool-workers-worker1,1,2026-06-06 08:41:42 UTC,15047996,15463000,164396,1.03,50056,617280,199852,1.25,206952,513648,208
cloud-k3s-pool-workers-worker1,1,2026-06-06 08:41:43 UTC,15047996,15463000,164380,1.03,50056,617292,199852,1.25,206952,513648,56
cloud-k3s-pool-workers-worker1,1,2026-06-06 08:41:44 UTC,15047996,15463000,164372,1.03,50056,617300,199852,1.25,206952,513648,64
cloud-k3s-pool-workers-worker1,1,2026-06-06 08:41:45 UTC,15047996,15463000,164360,1.03,50056,617312,199852,1.25,206952,513648,76
cloud-k3s-pool-workers-worker1,1,2026-06-06 08:41:46 UTC,15047996,15463000,164348,1.03,50064,617316,199852,1.25,206952,513648,252
cloud-k3s-pool-workers-worker1,1,2026-06-06 08:41:47 UTC,15047996,15463060,164340,1.03,50064,617324,199852,1.25,206952,513708,196
cloud-k3s-pool-workers-worker1,1,2026-06-06 08:41:48 UTC,15047996,15463060,164320,1.03,50064,617344,199852,1.25,206952,513708,216
cloud-k3s-pool-workers-worker1,1,2026-06-06 08:41:49 UTC,15047996,15463060,164312,1.03,50064,617352,199852,1.25,206952,513708,224
cloud-k3s-pool-workers-worker1,1,2026-06-06 08:41:50 UTC,15047996,15463060,164300,1.03,50064,617364,199852,1.25,206952,513708,236
cloud-k3s-pool-workers-worker1,1,2026-06-06 08:41:51 UTC,15047996,15463060,164292,1.03,50072,617364,199852,1.25,206952,513708,256
cloud-k3s-pool-workers-worker1,1,2026-06-06 08:41:52 UTC,15047996,15463112,164280,1.03,50072,617376,199852,1.25,206952,513760,92
cloud-k3s-pool-workers-worker1,1,2026-06-06 08:41:53 UTC,15047996,15463120,164264,1.03,50072,617392,199852,1.25,206952,513768,36
cloud-k3s-pool-workers-worker1,1,2026-06-06 08:41:54 UTC,15047996,15463120,164252,1.03,50072,617404,199852,1.25,206952,513768,52
cloud-k3s-pool-workers-worker1,1,2026-06-06 08:41:55 UTC,15047996,15463120,164244,1.03,50072,617412,199852,1.25,206952,513768,60
cloud-k3s-pool-workers-worker1,1,2026-06-06 08:41:56 UTC,15047996,15463120,164232,1.03,50080,617416,199852,1.25,206952,513768,240
cloud-k3s-pool-workers-worker1,1,2026-06-06 08:41:57 UTC,15047996,15463180,164212,1.03,50080,617436,199852,1.25,206952,513828,252
cloud-k3s-pool-workers-worker1,1,2026-06-06 08:41:58 UTC,15047996,15463184,164200,1.03,50080,617444,199852,1.25,206952,513828,260
cloud-k3s-pool-workers-worker1,1,2026-06-06 08:41:59 UTC,15047996,15463244,164188,1.03,50080,617456,199852,1.25,206952,513888,204
cloud-k3s-pool-workers-worker1,1,2026-06-06 08:42:00 UTC,15047996,15463244,164180,1.03,50080,617464,199852,1.25,206952,513888,216
cloud-k3s-pool-workers-worker1,1,2026-06-06 08:42:01 UTC,15047996,15463244,164160,1.03,50088,617476,199852,1.25,206952,513888,60
cloud-k3s-pool-workers-worker1,1,2026-06-06 08:42:02 UTC,15047744,15462992,164404,1.03,50088,617484,199852,1.25,206952,513888,68
cloud-k3s-pool-workers-worker1,1,2026-06-06 08:42:03 UTC,15047744,15462992,164392,1.03,50088,617496,199852,1.25,206952,513888,76
cloud-k3s-pool-workers-worker1,1,2026-06-06 08:42:04 UTC,15047744,15462992,164384,1.03,50088,617504,199852,1.25,206952,513888,84
cloud-k3s-pool-workers-worker1,1,2026-06-06 08:42:05 UTC,15047744,15463056,164372,1.03,50088,617516,199852,1.25,206952,513952,32
cloud-k3s-pool-workers-worker1,1,2026-06-06 08:42:06 UTC,15047744,15463056,164364,1.03,50096,617516,199852,1.25,206952,513952,212
cloud-k3s-pool-workers-worker1,1,2026-06-06 08:42:07 UTC,15047512,15462844,164572,1.03,50096,617536,199852,1.25,206952,513972,196
cloud-k3s-pool-workers-worker1,1,2026-06-06 08:42:08 UTC,15047260,15462592,164816,1.03,50096,617544,203300,1.27,208332,513972,44
cloud-k3s-pool-workers-worker1,1,2026-06-06 08:42:09 UTC,15047260,15462600,164804,1.03,50096,617556,203300,1.27,208584,513980,232
cloud-k3s-pool-workers-worker1,1,2026-06-06 08:42:10 UTC,15047512,15462852,164540,1.03,50096,617568,203300,1.27,208584,513980,256
cloud-k3s-pool-workers-worker1,1,2026-06-06 08:42:11 UTC,15047512,15462852,164524,1.03,50104,617576,203300,1.27,208620,513980,228
cloud-k3s-pool-workers-worker1,1,2026-06-06 08:42:12 UTC,15050744,15466124,161280,1.01,50104,617588,199852,1.25,206952,514020,352
cloud-k3s-pool-workers-worker1,1,2026-06-06 08:42:13 UTC,15050744,15466128,161268,1.01,50104,617596,199852,1.25,206952,514020,360
cloud-k3s-pool-workers-worker1,1,2026-06-06 08:42:14 UTC,15050744,15466128,161268,1.01,50104,617596,199852,1.25,206952,514020,64
cloud-k3s-pool-workers-worker1,1,2026-06-06 08:42:15 UTC,15050744,15466128,161248,1.01,50104,617616,199852,1.25,206952,514020,80
cloud-k3s-pool-workers-worker1,1,2026-06-06 08:42:16 UTC,15050744,15466128,161236,1.01,50112,617620,199852,1.25,206952,514020,260
cloud-k3s-pool-workers-worker1,1,2026-06-06 08:42:17 UTC,15050744,15466180,161220,1.01,50112,617636,199852,1.25,206952,514072,212
cloud-k3s-pool-workers-worker1,1,2026-06-06 08:42:18 UTC,15050744,15466180,161220,1.01,50112,617636,199852,1.25,206952,514072,212
cloud-k3s-pool-workers-worker1,1,2026-06-06 08:42:19 UTC,15050744,15466180,161200,1.01,50112,617656,199852,1.25,206952,514072,236
cloud-k3s-pool-workers-worker1,1,2026-06-06 08:42:20 UTC,15047972,15463440,163960,1.03,50112,617668,203036,1.27,208540,514104,308
cloud-k3s-pool-workers-worker1,1,2026-06-06 08:42:21 UTC,15047972,15463452,163948,1.03,50120,617672,203036,1.27,208588,514116,92
cloud-k3s-pool-workers-worker1,1,2026-06-06 08:42:22 UTC,15047972,15463452,163932,1.03,50120,617688,203036,1.27,208588,514116,224
cloud-k3s-pool-workers-worker1,1,2026-06-06 08:42:23 UTC,15047972,15463452,163916,1.03,50120,617704,203036,1.27,208588,514116,176
cloud-k3s-pool-workers-worker1,1,2026-06-06 08:42:24 UTC,15051300,15466780,160588,1.00,50120,617704,199852,1.25,207000,514116,176
cloud-k3s-pool-workers-worker1,1,2026-06-06 08:42:25 UTC,15051300,15466780,160568,1.00,50120,617724,199852,1.25,206996,514116,212
cloud-k3s-pool-workers-worker1,1,2026-06-06 08:42:26 UTC,15051300,15466780,160560,1.00,50128,617724,199852,1.25,206996,514116,316
cloud-k3s-pool-workers-worker1,1,2026-06-06 08:42:27 UTC,15051300,15466840,160540,1.00,50128,617744,199852,1.25,206996,514176,96
cloud-k3s-pool-workers-worker1,1,2026-06-06 08:42:28 UTC,15051300,15466840,160512,1.00,50128,617752,199852,1.25,206996,514176,100
cloud-k3s-pool-workers-worker1,1,2026-06-06 08:42:29 UTC,15051300,15466840,160500,1.00,50128,617764,199852,1.25,206996,514176,48
cloud-k3s-pool-workers-worker1,1,2026-06-06 08:42:30 UTC,15051300,15466840,160500,1.00,50128,617764,199852,1.25,206996,514176,48
cloud-k3s-pool-workers-worker1,1,2026-06-06 08:42:31 UTC,15051300,15466840,160472,1.00,50136,617784,199852,1.25,206996,514176,236
cloud-k3s-pool-workers-worker1,1,2026-06-06 08:42:32 UTC,15051300,15466840,160464,1.00,50136,617792,199852,1.25,206996,514176,244
cloud-k3s-pool-workers-worker1,1,2026-06-06 08:42:33 UTC,15051300,15466900,160452,1.00,50136,617804,199852,1.25,206996,514236,256
cloud-k3s-pool-workers-worker1,1,2026-06-06 08:42:34 UTC,15051300,15466900,160440,1.00,50136,617816,199852,1.25,206996,514236,268
cloud-k3s-pool-workers-worker1,1,2026-06-06 08:42:35 UTC,15051300,15466920,160432,1.00,50136,617824,199852,1.25,206996,514256,212
cloud-k3s-pool-workers-worker1,1,2026-06-06 08:42:36 UTC,15051300,15466920,160432,1.00,50144,617816,199852,1.25,206996,514256,212
cloud-k3s-pool-workers-worker1,1,2026-06-06 08:42:37 UTC,15051048,15466728,160656,1.01,50144,617844,199852,1.25,206996,514316,68
cloud-k3s-pool-workers-worker1,1,2026-06-06 08:42:38 UTC,15051048,15466728,160644,1.01,50144,617856,199852,1.25,206996,514316,80
cloud-k3s-pool-workers-worker1,1,2026-06-06 08:42:39 UTC,15051048,15466728,160636,1.01,50144,617864,199852,1.25,206996,514316,88
cloud-k3s-pool-workers-worker1,1,2026-06-06 08:42:40 UTC,15049308,15465040,162364,1.02,50144,617876,199852,1.25,206988,514368,244
cloud-k3s-pool-workers-worker1,1,2026-06-06 08:42:41 UTC,15049308,15465044,162348,1.02,50152,617884,199852,1.25,206988,514372,296
cloud-k3s-pool-workers-worker1,1,2026-06-06 08:42:42 UTC,15049308,15465044,162336,1.02,50152,617896,199852,1.25,206988,514372,268
cloud-k3s-pool-workers-worker1,1,2026-06-06 08:42:43 UTC,15049308,15465048,162324,1.02,50152,617904,199852,1.25,206988,514372,276
cloud-k3s-pool-workers-worker1,1,2026-06-06 08:42:44 UTC,15049056,15464796,162564,1.02,50152,617916,199852,1.25,206988,514372,288
cloud-k3s-pool-workers-worker1,1,2026-06-06 08:42:45 UTC,15049308,15465100,162300,1.02,50152,617928,199852,1.25,206996,514424,52
cloud-k3s-pool-workers-worker1,1,2026-06-06 08:42:46 UTC,15049308,15465100,162292,1.02,50160,617928,199852,1.25,206996,514424,60
cloud-k3s-pool-workers-worker1,1,2026-06-06 08:42:47 UTC,15049308,15465100,162272,1.02,50160,617948,199852,1.25,206996,514424,196
cloud-k3s-pool-workers-worker1,1,2026-06-06 08:42:48 UTC,15049308,15465100,162264,1.02,50160,617956,199852,1.25,206996,514424,208
cloud-k3s-pool-workers-worker1,1,2026-06-06 08:42:49 UTC,15049308,15465100,162252,1.02,50160,617968,199852,1.25,206996,514424,220
cloud-k3s-pool-workers-worker1,1,2026-06-06 08:42:50 UTC,15049308,15465100,162244,1.02,50160,617976,199852,1.25,206996,514424,228
cloud-k3s-pool-workers-worker1,1,2026-06-06 08:42:51 UTC,15049308,15465160,162224,1.01,50168,617988,199852,1.25,206996,514484,260
cloud-k3s-pool-workers-worker1,1,2026-06-06 08:42:52 UTC,15049308,15465160,162224,1.01,50168,617988,199852,1.25,206996,514484,260
cloud-k3s-pool-workers-worker1,1,2026-06-06 08:42:53 UTC,15049308,15465160,162204,1.01,50168,618008,199852,1.25,206996,514484,44
cloud-k3s-pool-workers-worker1,1,2026-06-06 08:42:54 UTC,15049308,15465160,162196,1.01,50168,618016,199852,1.25,206996,514484,56
cloud-k3s-pool-workers-worker1,1,2026-06-06 08:42:55 UTC,15047324,15463216,164168,1.03,50168,618028,202828,1.27,208144,514524,68
cloud-k3s-pool-workers-worker1,1,2026-06-06 08:42:56 UTC,15046316,15462208,165164,1.03,50176,618028,203056,1.27,208632,514524,76
cloud-k3s-pool-workers-worker1,1,2026-06-06 08:42:57 UTC,15046316,15462208,165144,1.03,50176,618048,199852,1.25,207008,514524,228
cloud-k3s-pool-workers-worker1,1,2026-06-06 08:42:58 UTC,15046316,15462208,165128,1.03,50176,618060,199852,1.25,206996,514524,244
cloud-k3s-pool-workers-worker1,1,2026-06-06 08:42:59 UTC,15046316,15462208,165120,1.03,50176,618068,199852,1.25,206996,514524,188
cloud-k3s-pool-workers-worker1,1,2026-06-06 08:43:00 UTC,15049304,15465196,162132,1.01,50176,618068,199852,1.25,206996,514524,188
cloud-k3s-pool-workers-worker1,1,2026-06-06 08:43:01 UTC,15049052,15465004,162356,1.02,50184,618088,199852,1.25,206996,514584,312
cloud-k3s-pool-workers-worker1,1,2026-06-06 08:43:02 UTC,15049052,15465004,162344,1.02,50184,618100,199852,1.25,206996,514584,324
cloud-k3s-pool-workers-worker1,1,2026-06-06 08:43:03 UTC,15049052,15465004,162336,1.02,50184,618108,199852,1.25,206996,514584,96
cloud-k3s-pool-workers-worker1,1,2026-06-06 08:43:04 UTC,15049052,15465004,162336,1.02,50184,618108,199852,1.25,206996,514584,96
cloud-k3s-pool-workers-worker1,1,2026-06-06 08:43:05 UTC,15049052,15465004,162316,1.02,50184,618128,199852,1.25,206996,514584,52
cloud-k3s-pool-workers-worker1,1,2026-06-06 08:43:06 UTC,15049052,15465004,162304,1.02,50192,618132,199852,1.25,206996,514584,232
cloud-k3s-pool-workers-worker1,1,2026-06-06 08:43:07 UTC,15049052,15465064,162288,1.02,50192,618148,199852,1.25,206996,514644,240
cloud-k3s-pool-workers-worker1,1,2026-06-06 08:43:08 UTC,15049052,15465064,162288,1.02,50192,618148,199852,1.25,206996,514644,240
cloud-k3s-pool-workers-worker1,1,2026-06-06 08:43:09 UTC,15049052,15465064,162264,1.02,50192,618172,199852,1.25,206996,514644,264
cloud-k3s-pool-workers-worker1,1,2026-06-06 08:43:10 UTC,15049052,15465064,162256,1.02,50192,618180,199852,1.25,206996,514644,272
cloud-k3s-pool-workers-worker1,1,2026-06-06 08:43:11 UTC,15048548,15464620,162708,1.02,50200,618192,199852,1.25,206996,514704,52
cloud-k3s-pool-workers-worker1,1,2026-06-06 08:43:12 UTC,15048548,15464620,162708,1.02,50200,618192,199852,1.25,206996,514704,52
cloud-k3s-pool-workers-worker1,1,2026-06-06 08:43:13 UTC,15048548,15464680,162688,1.02,50200,618212,199852,1.25,206996,514764,72
cloud-k3s-pool-workers-worker1,1,2026-06-06 08:43:14 UTC,15048548,15464684,162676,1.02,50200,618220,199852,1.25,206996,514764,80
cloud-k3s-pool-workers-worker1,1,2026-06-06 08:43:15 UTC,15048548,15464684,162664,1.02,50200,618232,199852,1.25,206996,514764,92
cloud-k3s-pool-workers-worker1,1,2026-06-06 08:43:16 UTC,15048548,15464684,162656,1.02,50208,618232,199852,1.25,206996,514764,100
cloud-k3s-pool-workers-worker1,1,2026-06-06 08:43:17 UTC,15048548,15464728,162636,1.02,50208,618252,199852,1.25,206996,514808,8
cloud-k3s-pool-workers-worker1,1,2026-06-06 08:43:18 UTC,15048548,15464728,162628,1.02,50208,618260,199852,1.25,206996,514808,20
cloud-k3s-pool-workers-worker1,1,2026-06-06 08:43:19 UTC,15048800,15464980,162364,1.02,50208,618272,199852,1.25,206996,514808,32
cloud-k3s-pool-workers-worker1,1,2026-06-06 08:43:20 UTC,15048800,15464980,162364,1.02,50208,618272,199852,1.25,206996,514808,32
cloud-k3s-pool-workers-worker1,1,2026-06-06 08:43:21 UTC,15048800,15464980,162344,1.02,50216,618284,199852,1.25,206996,514808,52
cloud-k3s-pool-workers-worker1,1,2026-06-06 08:43:22 UTC,15048800,15464980,162332,1.02,50216,618296,199852,1.25,206996,514808,64
cloud-k3s-pool-workers-worker1,1,2026-06-06 08:43:23 UTC,15048800,15465040,162316,1.02,50216,618312,199852,1.25,206996,514868,196
cloud-k3s-pool-workers-worker1,1,2026-06-06 08:43:24 UTC,15048800,15465040,162316,1.02,50216,618312,199852,1.25,206996,514868,196
cloud-k3s-pool-workers-worker1,1,2026-06-06 08:43:25 UTC,15048800,15465040,162296,1.02,50216,618332,199852,1.25,206996,514868,220
cloud-k3s-pool-workers-worker1,1,2026-06-06 08:43:26 UTC,15048800,15465040,162284,1.02,50224,618336,199852,1.25,206996,514868,232
cloud-k3s-pool-workers-worker1,1,2026-06-06 08:43:27 UTC,15048800,15465040,162268,1.02,50224,618352,199852,1.25,206996,514868,76
cloud-k3s-pool-workers-worker1,1,2026-06-06 08:43:28 UTC,15048800,15465040,162268,1.02,50224,618352,199852,1.25,206996,514868,72
cloud-k3s-pool-workers-worker1,1,2026-06-06 08:43:29 UTC,15048800,15465100,162244,1.02,50224,618372,199852,1.25,206996,514928,28
cloud-k3s-pool-workers-worker1,1,2026-06-06 08:43:30 UTC,15047792,15464092,163240,1.02,50224,618384,199852,1.25,206996,514928,44
cloud-k3s-pool-workers-worker1,1,2026-06-06 08:43:31 UTC,15047792,15464092,163224,1.02,50232,618392,199852,1.25,206996,514928,216
cloud-k3s-pool-workers-worker1,1,2026-06-06 08:43:32 UTC,15047792,15464092,163224,1.02,50232,618392,199852,1.25,206996,514928,216
cloud-k3s-pool-workers-worker1,1,2026-06-06 08:43:33 UTC,15047792,15464092,163200,1.02,50232,618416,199852,1.25,206996,514928,76
cloud-k3s-pool-workers-worker1,1,2026-06-06 08:43:34 UTC,15047792,15464092,163192,1.02,50232,618424,199852,1.25,206996,514928,84
cloud-k3s-pool-workers-worker1,1,2026-06-06 08:43:35 UTC,15047792,15464156,163180,1.02,50232,618436,199852,1.25,206996,514992,28
cloud-k3s-pool-workers-worker1,1,2026-06-06 08:43:36 UTC,15047792,15464156,163172,1.02,50240,618436,199852,1.25,206996,514992,40
cloud-k3s-pool-workers-worker1,1,2026-06-06 08:43:37 UTC,15047792,15464156,163152,1.02,50240,618456,199852,1.25,206996,514992,220
cloud-k3s-pool-workers-worker1,1,2026-06-06 08:43:38 UTC,15047792,15464156,163144,1.02,50240,618464,199852,1.25,206996,514992,228
cloud-k3s-pool-workers-worker1,1,2026-06-06 08:43:39 UTC,15047792,15464156,163132,1.02,50240,618476,199852,1.25,206996,514992,240
cloud-k3s-pool-workers-worker1,1,2026-06-06 08:43:40 UTC,15047792,15464156,163132,1.02,50240,618476,199852,1.25,206996,514992,240
cloud-k3s-pool-workers-worker1,1,2026-06-06 08:43:41 UTC,15047792,15464216,163112,1.02,50248,618488,199852,1.25,206996,515052,196
cloud-k3s-pool-workers-worker1,1,2026-06-06 08:43:42 UTC,15047792,15464224,163104,1.02,50248,618496,199852,1.25,206996,515060,28
cloud-k3s-pool-workers-worker1,1,2026-06-06 08:43:43 UTC,15047792,15464228,163080,1.02,50248,618516,199852,1.25,206996,515060,52
cloud-k3s-pool-workers-worker1,1,2026-06-06 08:43:44 UTC,15047792,15464228,163080,1.02,50248,618516,199852,1.25,206996,515060,52
cloud-k3s-pool-workers-worker1,1,2026-06-06 08:43:45 UTC,15047792,15464228,163056,1.02,50248,618536,199852,1.25,206996,515060,72
cloud-k3s-pool-workers-worker1,1,2026-06-06 08:43:46 UTC,15047792,15464228,163044,1.02,50256,618540,199852,1.25,206996,515060,84
cloud-k3s-pool-workers-worker1,1,2026-06-06 08:43:47 UTC,15047792,15464228,163028,1.02,50256,618556,199852,1.25,206996,515060,196
cloud-k3s-pool-workers-worker1,1,2026-06-06 08:43:48 UTC,15047792,15464228,163028,1.02,50256,618556,199852,1.25,206996,515060,196
cloud-k3s-pool-workers-worker1,1,2026-06-06 08:43:49 UTC,15047792,15464288,163008,1.02,50256,618576,199852,1.25,206996,515120,216
cloud-k3s-pool-workers-worker1,1,2026-06-06 08:43:50 UTC,15047792,15464288,162996,1.02,50256,618588,199852,1.25,206996,515120,228
cloud-k3s-pool-workers-worker1,1,2026-06-06 08:43:51 UTC,15047792,15464348,162976,1.02,50264,618600,199852,1.25,206996,515180,256
cloud-k3s-pool-workers-worker1,1,2026-06-06 08:43:52 UTC,15047792,15464348,162976,1.02,50264,618600,199852,1.25,206996,515180,256
cloud-k3s-pool-workers-worker1,1,2026-06-06 08:43:53 UTC,15047792,15464392,162956,1.02,50264,618620,199852,1.25,206996,515224,8
cloud-k3s-pool-workers-worker1,1,2026-06-06 08:43:54 UTC,15048044,15464644,162692,1.02,50264,618632,199852,1.25,206996,515224,24
cloud-k3s-pool-workers-worker1,1,2026-06-06 08:43:55 UTC,15048044,15464644,162684,1.02,50264,618640,199852,1.25,206996,515224,32
cloud-k3s-pool-workers-worker1,1,2026-06-06 08:43:56 UTC,15048044,15464648,162668,1.02,50272,618644,199852,1.25,206996,515224,208
cloud-k3s-pool-workers-worker1,1,2026-06-06 08:43:57 UTC,15048044,15464648,162648,1.02,50272,618664,199852,1.25,206996,515224,80
cloud-k3s-pool-workers-worker1,1,2026-06-06 08:43:58 UTC,15048044,15464648,162648,1.02,50272,618664,199852,1.25,206996,515224,80
cloud-k3s-pool-workers-worker1,1,2026-06-06 08:43:59 UTC,15048044,15464700,162628,1.02,50272,618684,199852,1.25,206996,515276,32
cloud-k3s-pool-workers-worker1,1,2026-06-06 08:44:00 UTC,15048044,15464700,162620,1.02,50272,618692,199852,1.25,206996,515276,44
cloud-k3s-pool-workers-worker1,1,2026-06-06 08:44:01 UTC,15048044,15464700,162608,1.02,50280,618696,199852,1.25,206996,515276,220
cloud-k3s-pool-workers-worker1,1,2026-06-06 08:44:02 UTC,15048044,15464700,162600,1.02,50280,618704,199852,1.25,206996,515276,228
cloud-k3s-pool-workers-worker1,1,2026-06-06 08:44:03 UTC,15048044,15464700,162580,1.02,50280,618724,199852,1.25,206996,515276,240
cloud-k3s-pool-workers-worker1,1,2026-06-06 08:44:04 UTC,15048044,15464700,162580,1.02,50280,618724,199852,1.25,206996,515276,240
cloud-k3s-pool-workers-worker1,1,2026-06-06 08:44:05 UTC,15048044,15464780,162560,1.02,50280,618744,199852,1.25,206996,515356,196
cloud-k3s-pool-workers-worker1,1,2026-06-06 08:44:06 UTC,15048044,15464780,162552,1.02,50288,618744,199852,1.25,206996,515356,220
cloud-k3s-pool-workers-worker1,1,2026-06-06 08:44:07 UTC,15048044,15464784,162532,1.02,50288,618764,199852,1.25,206996,515360,60
cloud-k3s-pool-workers-worker1,1,2026-06-06 08:44:08 UTC,15048044,15464784,162532,1.02,50288,618764,199852,1.25,206996,515360,60
cloud-k3s-pool-workers-worker1,1,2026-06-06 08:44:09 UTC,15048044,15464784,162512,1.02,50288,618784,199852,1.25,206996,515360,80
cloud-k3s-pool-workers-worker1,1,2026-06-06 08:44:10 UTC,15048044,15464784,162500,1.02,50288,618796,199852,1.25,206996,515360,92
cloud-k3s-pool-workers-worker1,1,2026-06-06 08:44:11 UTC,15048044,15464872,162480,1.02,50296,618804,199852,1.25,206996,515448,204
cloud-k3s-pool-workers-worker1,1,2026-06-06 08:44:12 UTC,15048044,15464880,162468,1.02,50296,618816,199852,1.25,206996,515456,56
cloud-k3s-pool-workers-worker1,1,2026-06-06 08:44:13 UTC,15048044,15464880,162460,1.02,50296,618824,199852,1.25,206996,515456,64
cloud-k3s-pool-workers-worker1,1,2026-06-06 08:44:14 UTC,15048044,15464880,162460,1.02,50296,618824,199852,1.25,206996,515456,64
cloud-k3s-pool-workers-worker1,1,2026-06-06 08:44:15 UTC,15048044,15464880,162440,1.02,50296,618844,199852,1.25,206996,515456,84
cloud-k3s-pool-workers-worker1,1,2026-06-06 08:44:16 UTC,15048044,15464880,162428,1.02,50296,618856,199852,1.25,206996,515456,264
cloud-k3s-pool-workers-worker1,1,2026-06-06 08:44:17 UTC,15048044,15464940,162412,1.02,50304,618864,199852,1.25,206996,515516,208
cloud-k3s-pool-workers-worker1,1,2026-06-06 08:44:18 UTC,15048044,15464940,162412,1.02,50304,618864,199852,1.25,206996,515516,208
cloud-k3s-pool-workers-worker1,1,2026-06-06 08:44:19 UTC,15048044,15464940,162392,1.02,50304,618884,199852,1.25,206996,515516,232
cloud-k3s-pool-workers-worker1,1,2026-06-06 08:44:20 UTC,15048044,15464940,162380,1.02,50304,618896,199852,1.25,206996,515516,244
cloud-k3s-pool-workers-worker1,1,2026-06-06 08:44:21 UTC,15048044,15464940,162368,1.02,50304,618908,199852,1.25,206996,515516,272
cloud-k3s-pool-workers-worker1,1,2026-06-06 08:44:22 UTC,15048044,15464940,162360,1.02,50312,618908,199852,1.25,206996,515516,280
cloud-k3s-pool-workers-worker1,1,2026-06-06 08:44:23 UTC,15048044,15465016,162340,1.02,50312,618928,199852,1.25,206996,515592,40
cloud-k3s-pool-workers-worker1,1,2026-06-06 08:44:24 UTC,15048044,15465016,162340,1.02,50312,618928,199852,1.25,206996,515592,40
cloud-k3s-pool-workers-worker1,1,2026-06-06 08:44:25 UTC,15048044,15465016,162320,1.02,50312,618948,199852,1.25,206996,515592,64
cloud-k3s-pool-workers-worker1,1,2026-06-06 08:44:26 UTC,15048304,15465280,162048,1.01,50312,618956,199852,1.25,206996,515592,240
cloud-k3s-pool-workers-worker1,1,2026-06-06 08:44:27 UTC,15048304,15465280,162036,1.01,50312,618968,199852,1.25,206996,515592,216
cloud-k3s-pool-workers-worker1,1,2026-06-06 08:44:28 UTC,15048304,15465280,162036,1.01,50320,618960,199852,1.25,206996,515592,216
cloud-k3s-pool-workers-worker1,1,2026-06-06 08:44:29 UTC,15048304,15465348,162008,1.01,50320,618988,199852,1.25,206996,515660,200
cloud-k3s-pool-workers-worker1,1,2026-06-06 08:44:30 UTC,15048304,15465348,162000,1.01,50320,618996,199852,1.25,206996,515660,212
cloud-k3s-pool-workers-worker1,1,2026-06-06 08:44:31 UTC,15043548,15460596,166732,1.04,50320,619012,203300,1.27,208632,515664,68
cloud-k3s-pool-workers-worker1,1,2026-06-06 08:44:32 UTC,15043548,15460596,166720,1.04,50320,619024,203300,1.27,208632,515664,80
cloud-k3s-pool-workers-worker1,1,2026-06-06 08:44:33 UTC,15043548,15460596,166712,1.04,50320,619032,203300,1.27,208632,515664,208
cloud-k3s-pool-workers-worker1,1,2026-06-06 08:44:34 UTC,15043548,15460596,166696,1.04,50328,619044,199852,1.25,206984,515664,228
cloud-k3s-pool-workers-worker1,1,2026-06-06 08:44:35 UTC,15043548,15460596,166696,1.04,50328,619044,199852,1.25,206984,515664,228
cloud-k3s-pool-workers-worker1,1,2026-06-06 08:44:36 UTC,15046308,15463420,163916,1.03,50332,619064,199852,1.25,206976,515728,292
cloud-k3s-pool-workers-worker1,1,2026-06-06 08:44:37 UTC,15046308,15463420,163908,1.03,50332,619072,199852,1.25,206976,515728,68
cloud-k3s-pool-workers-worker1,1,2026-06-06 08:44:38 UTC,15046308,15463420,163908,1.03,50332,619072,199852,1.25,206976,515728,68
cloud-k3s-pool-workers-worker1,1,2026-06-06 08:44:39 UTC,15046056,15463168,164140,1.03,50332,619092,199852,1.25,206976,515728,88
cloud-k3s-pool-workers-worker1,1,2026-06-06 08:44:40 UTC,15046056,15463168,164128,1.03,50340,619096,199852,1.25,206976,515728,100
cloud-k3s-pool-workers-worker1,1,2026-06-06 08:44:41 UTC,15046056,15463244,164108,1.03,50340,619112,199852,1.25,206976,515804,224
cloud-k3s-pool-workers-worker1,1,2026-06-06 08:44:42 UTC,15046056,15463244,164096,1.03,50340,619124,199852,1.25,206976,515804,240
cloud-k3s-pool-workers-worker1,1,2026-06-06 08:44:43 UTC,15046056,15463244,164088,1.03,50340,619132,199852,1.25,206976,515804,248
cloud-k3s-pool-workers-worker1,1,2026-06-06 08:44:44 UTC,15046056,15463244,164088,1.03,50340,619132,199852,1.25,206976,515804,248
cloud-k3s-pool-workers-worker1,1,2026-06-06 08:44:45 UTC,15046056,15463244,164064,1.03,50340,619156,199852,1.25,206976,515804,272
cloud-k3s-pool-workers-worker1,1,2026-06-06 08:44:46 UTC,15046056,15463244,164056,1.03,50348,619156,199852,1.25,206976,515804,292
cloud-k3s-pool-workers-worker1,1,2026-06-06 08:44:47 UTC,15046056,15463304,164036,1.03,50348,619176,199852,1.25,206976,515864,60
cloud-k3s-pool-workers-worker1,1,2026-06-06 08:44:48 UTC,15046056,15463304,164036,1.03,50348,619176,199852,1.25,206976,515864,60
cloud-k3s-pool-workers-worker1,1,2026-06-06 08:44:49 UTC,15046056,15463304,164016,1.03,50348,619196,199852,1.25,206976,515864,84
cloud-k3s-pool-workers-worker1,1,2026-06-06 08:44:50 UTC,15046056,15463304,164008,1.03,50348,619204,199852,1.25,206976,515864,92
cloud-k3s-pool-workers-worker1,1,2026-06-06 08:44:51 UTC,15046056,15463304,163988,1.03,50356,619216,199852,1.25,206976,515864,268
cloud-k3s-pool-workers-worker1,1,2026-06-06 08:44:52 UTC,15046056,15463304,163980,1.03,50356,619224,199852,1.25,206976,515864,276
cloud-k3s-pool-workers-worker1,1,2026-06-06 08:44:53 UTC,15046056,15463364,163968,1.03,50356,619236,199852,1.25,206976,515924,60
cloud-k3s-pool-workers-worker1,1,2026-06-06 08:44:54 UTC,15046056,15463364,163968,1.03,50356,619236,199852,1.25,206976,515924,60
cloud-k3s-pool-workers-worker1,1,2026-06-06 08:44:55 UTC,15046056,15463364,163948,1.03,50356,619256,199852,1.25,206976,515924,84
cloud-k3s-pool-workers-worker1,1,2026-06-06 08:44:56 UTC,15046056,15463368,163932,1.03,50364,619260,199852,1.25,206976,515924,260
cloud-k3s-pool-workers-worker1,1,2026-06-06 08:44:57 UTC,15046056,15463368,163916,1.03,50364,619276,199852,1.25,206976,515924,264
cloud-k3s-pool-workers-worker1,1,2026-06-06 08:44:58 UTC,15046056,15463428,163904,1.03,50364,619288,199852,1.25,206976,515984,276
cloud-k3s-pool-workers-worker1,1,2026-06-06 08:44:59 UTC,15046316,15463688,163636,1.02,50364,619296,199852,1.25,206976,515984,284
cloud-k3s-pool-workers-worker1,1,2026-06-06 08:45:00 UTC,15046420,15463792,163520,1.02,50364,619308,199852,1.25,206996,515984,184
cloud-k3s-pool-workers-worker1,1,2026-06-06 08:45:01 UTC,15046420,15463792,163504,1.02,50372,619316,199852,1.25,206996,515984,232
cloud-k3s-pool-workers-worker1,1,2026-06-06 08:45:02 UTC,15045416,15462820,164500,1.03,50372,619328,199852,1.25,206976,516016,232
cloud-k3s-pool-workers-worker1,1,2026-06-06 08:45:03 UTC,15045416,15462820,164492,1.03,50372,619336,199852,1.25,206976,516016,240
cloud-k3s-pool-workers-worker1,1,2026-06-06 08:45:04 UTC,15045416,15462880,164480,1.03,50372,619348,199852,1.25,206976,516076,252
cloud-k3s-pool-workers-worker1,1,2026-06-06 08:45:05 UTC,15045416,15462880,164472,1.03,50372,619356,199852,1.25,207000,516076,196
cloud-k3s-pool-workers-worker1,1,2026-06-06 08:45:06 UTC,15045416,15462880,164460,1.03,50380,619360,199852,1.25,207000,516076,300
cloud-k3s-pool-workers-worker1,1,2026-06-06 08:45:07 UTC,15045416,15462880,164452,1.03,50380,619368,199852,1.25,207000,516076,308
cloud-k3s-pool-workers-worker1,1,2026-06-06 08:45:08 UTC,15045416,15462880,164432,1.03,50380,619388,199852,1.25,207000,516076,76
cloud-k3s-pool-workers-worker1,1,2026-06-06 08:45:09 UTC,15045416,15462880,164420,1.03,50380,619400,199852,1.25,207000,516076,88
cloud-k3s-pool-workers-worker1,1,2026-06-06 08:45:10 UTC,15045416,15462940,164412,1.03,50380,619408,199852,1.25,207000,516136,96
cloud-k3s-pool-workers-worker1,1,2026-06-06 08:45:11 UTC,15045164,15462688,164648,1.03,50388,619412,199852,1.25,207000,516136,208
cloud-k3s-pool-workers-worker1,1,2026-06-06 08:45:12 UTC,15045164,15462688,164632,1.03,50388,619428,199852,1.25,207000,516136,224
cloud-k3s-pool-workers-worker1,1,2026-06-06 08:45:13 UTC,15045164,15462688,164620,1.03,50388,619440,199852,1.25,207000,516136,236
cloud-k3s-pool-workers-worker1,1,2026-06-06 08:45:14 UTC,15045164,15462688,164612,1.03,50388,619448,199852,1.25,207000,516136,244
cloud-k3s-pool-workers-worker1,1,2026-06-06 08:45:15 UTC,15045164,15462688,164600,1.03,50388,619460,199852,1.25,207000,516136,256
cloud-k3s-pool-workers-worker1,1,2026-06-06 08:45:16 UTC,15045164,15462748,164592,1.03,50396,619460,199852,1.25,207000,516196,276
cloud-k3s-pool-workers-worker1,1,2026-06-06 08:45:17 UTC,15045164,15462748,164572,1.03,50396,619480,199852,1.25,207000,516196,44
cloud-k3s-pool-workers-worker1,1,2026-06-06 08:45:18 UTC,15045164,15462748,164572,1.03,50396,619480,199852,1.25,207000,516196,44
cloud-k3s-pool-workers-worker1,1,2026-06-06 08:45:19 UTC,15045164,15462748,164552,1.03,50396,619500,199852,1.25,207000,516196,68
cloud-k3s-pool-workers-worker1,1,2026-06-06 08:45:20 UTC,15045164,15462748,164540,1.03,50396,619512,199852,1.25,207000,516196,80
cloud-k3s-pool-workers-worker1,1,2026-06-06 08:45:21 UTC,15045164,15462752,164520,1.03,50404,619520,199852,1.25,207000,516196,256
cloud-k3s-pool-workers-worker1,1,2026-06-06 08:45:22 UTC,15045164,15462816,164508,1.03,50404,619532,199852,1.25,207000,516260,104
cloud-k3s-pool-workers-worker1,1,2026-06-06 08:45:23 UTC,15045164,15462824,164500,1.03,50404,619540,199852,1.25,207000,516268,48
cloud-k3s-pool-workers-worker1,1,2026-06-06 08:45:24 UTC,15045164,15462824,164500,1.03,50404,619540,199852,1.25,207000,516268,48
cloud-k3s-pool-workers-worker1,1,2026-06-06 08:45:25 UTC,15045164,15462824,164480,1.03,50404,619560,199852,1.25,207000,516268,72
cloud-k3s-pool-workers-worker1,1,2026-06-06 08:45:26 UTC,15045164,15462824,164468,1.03,50412,619564,199852,1.25,207000,516268,84
cloud-k3s-pool-workers-worker1,1,2026-06-06 08:45:27 UTC,15045164,15462824,164448,1.03,50412,619580,199852,1.25,207000,516268,260
cloud-k3s-pool-workers-worker1,1,2026-06-06 08:45:28 UTC,15045164,15462824,164436,1.03,50412,619592,199852,1.25,207000,516268,272
cloud-k3s-pool-workers-worker1,1,2026-06-06 08:45:29 UTC,15045164,15462924,164428,1.03,50412,619600,199852,1.25,207000,516368,216
cloud-k3s-pool-workers-worker1,1,2026-06-06 08:45:30 UTC,15045164,15462924,164416,1.03,50412,619612,199852,1.25,207000,516368,232
cloud-k3s-pool-workers-worker1,1,2026-06-06 08:45:31 UTC,15044184,15461944,165376,1.03,50420,619624,202832,1.27,208068,516368,244
cloud-k3s-pool-workers-worker1,1,2026-06-06 08:45:32 UTC,15043176,15460944,166376,1.04,50420,619632,203040,1.27,208668,516376,176
cloud-k3s-pool-workers-worker1,1,2026-06-06 08:45:33 UTC,15043176,15460944,166364,1.04,50420,619644,203040,1.27,208668,516376,188
cloud-k3s-pool-workers-worker1,1,2026-06-06 08:45:34 UTC,15043176,15460944,166356,1.04,50420,619652,203040,1.27,208668,516376,224
cloud-k3s-pool-workers-worker1,1,2026-06-06 08:45:35 UTC,15043176,15461004,166344,1.04,50420,619664,203040,1.27,208668,516436,168
cloud-k3s-pool-workers-worker1,1,2026-06-06 08:45:36 UTC,15045828,15463656,163684,1.02,50428,619664,199852,1.25,206984,516436,192
cloud-k3s-pool-workers-worker1,1,2026-06-06 08:45:37 UTC,15045828,15463664,163664,1.02,50428,619684,199852,1.25,206984,516444,68
cloud-k3s-pool-workers-worker1,1,2026-06-06 08:45:38 UTC,15045828,15463664,163656,1.02,50428,619692,199852,1.25,206984,516444,76
cloud-k3s-pool-workers-worker1,1,2026-06-06 08:45:39 UTC,15045828,15463664,163644,1.02,50428,619704,199852,1.25,206984,516444,88
cloud-k3s-pool-workers-worker1,1,2026-06-06 08:45:40 UTC,15045828,15463664,163644,1.02,50428,619704,199852,1.25,206984,516444,88
cloud-k3s-pool-workers-worker1,1,2026-06-06 08:45:41 UTC,15045576,15463472,163868,1.03,50436,619724,199852,1.25,206984,516504,212
cloud-k3s-pool-workers-worker1,1,2026-06-06 08:45:42 UTC,15045576,15463476,163856,1.03,50436,619732,199852,1.25,206984,516504,224
cloud-k3s-pool-workers-worker1,1,2026-06-06 08:45:43 UTC,15045576,15463476,163844,1.03,50436,619744,199852,1.25,206984,516504,236
cloud-k3s-pool-workers-worker1,1,2026-06-06 08:45:44 UTC,15046096,15463996,163312,1.02,50436,619756,199852,1.25,206984,516504,248
cloud-k3s-pool-workers-worker1,1,2026-06-06 08:45:45 UTC,15046304,15464204,163096,1.02,50436,619764,199852,1.25,206984,516504,256
cloud-k3s-pool-workers-worker1,1,2026-06-06 08:45:46 UTC,15046304,15464204,163096,1.02,50444,619756,199852,1.25,206984,516504,256
cloud-k3s-pool-workers-worker1,1,2026-06-06 08:45:47 UTC,15046304,15464264,163068,1.02,50444,619784,199852,1.25,207000,516564,48
cloud-k3s-pool-workers-worker1,1,2026-06-06 08:45:48 UTC,15046304,15464264,163056,1.02,50444,619796,199852,1.25,207000,516564,64
cloud-k3s-pool-workers-worker1,1,2026-06-06 08:45:49 UTC,15046304,15464264,163048,1.02,50444,619804,199852,1.25,207000,516564,72
cloud-k3s-pool-workers-worker1,1,2026-06-06 08:45:50 UTC,15046304,15464264,163048,1.02,50444,619804,199852,1.25,207000,516564,72
cloud-k3s-pool-workers-worker1,1,2026-06-06 08:45:51 UTC,15046304,15464264,163028,1.02,50444,619824,199852,1.25,207000,516564,256
cloud-k3s-pool-workers-worker1,1,2026-06-06 08:45:52 UTC,15046304,15464264,163016,1.02,50452,619828,199852,1.25,207000,516564,268
cloud-k3s-pool-workers-worker1,1,2026-06-06 08:45:53 UTC,15046304,15464324,163000,1.02,50452,619844,199852,1.25,207000,516624,212
cloud-k3s-pool-workers-worker1,1,2026-06-06 08:45:54 UTC,15046304,15464324,163000,1.02,50452,619844,199852,1.25,207000,516624,212
cloud-k3s-pool-workers-worker1,1,2026-06-06 08:45:55 UTC,15046304,15464324,162976,1.02,50452,619868,199852,1.25,207000,516624,240
cloud-k3s-pool-workers-worker1,1,2026-06-06 08:45:56 UTC,15046304,15464324,162968,1.02,50452,619876,199852,1.25,207000,516624,268
cloud-k3s-pool-workers-worker1,1,2026-06-06 08:45:57 UTC,15046064,15464084,163176,1.02,50452,619888,199852,1.25,207000,516624,96
cloud-k3s-pool-workers-worker1,1,2026-06-06 08:45:58 UTC,15046064,15464084,163176,1.02,50460,619880,199852,1.25,207000,516624,96
cloud-k3s-pool-workers-worker1,1,2026-06-06 08:45:59 UTC,15046064,15464144,163148,1.02,50460,619908,199852,1.25,207000,516684,48
cloud-k3s-pool-workers-worker1,1,2026-06-06 08:46:00 UTC,15046064,15464144,163140,1.02,50460,619916,199852,1.25,207000,516684,60
cloud-k3s-pool-workers-worker1,1,2026-06-06 08:46:01 UTC,15046064,15464144,163128,1.02,50460,619928,199852,1.25,207000,516684,236
cloud-k3s-pool-workers-worker1,1,2026-06-06 08:46:02 UTC,15046064,15464144,163120,1.02,50460,619936,199852,1.25,207000,516684,244
cloud-k3s-pool-workers-worker1,1,2026-06-06 08:46:03 UTC,15046064,15464144,163100,1.02,50468,619948,199852,1.25,207000,516684,92
cloud-k3s-pool-workers-worker1,1,2026-06-06 08:46:04 UTC,15046064,15464144,163100,1.02,50468,619948,199852,1.25,207000,516684,92
cloud-k3s-pool-workers-worker1,1,2026-06-06 08:46:05 UTC,15046064,15464204,163080,1.02,50468,619968,199852,1.25,207000,516744,44
cloud-k3s-pool-workers-worker1,1,2026-06-06 08:46:06 UTC,15046064,15464204,163072,1.02,50468,619976,199852,1.25,207000,516744,220
cloud-k3s-pool-workers-worker1,1,2026-06-06 08:46:07 UTC,15046064,15464204,163060,1.02,50468,619988,199852,1.25,207000,516744,192
cloud-k3s-pool-workers-worker1,1,2026-06-06 08:46:08 UTC,15046064,15464204,163060,1.02,50468,619988,199852,1.25,207000,516744,192
cloud-k3s-pool-workers-worker1,1,2026-06-06 08:46:09 UTC,15045812,15464000,163284,1.02,50476,620008,199852,1.25,207000,516792,236
cloud-k3s-pool-workers-worker1,1,2026-06-06 08:46:10 UTC,15045812,15464000,163272,1.02,50476,620020,199852,1.25,207000,516792,248
cloud-k3s-pool-workers-worker1,1,2026-06-06 08:46:11 UTC,15045812,15464020,163264,1.02,50476,620028,199852,1.25,207000,516812,208
cloud-k3s-pool-workers-worker1,1,2026-06-06 08:46:12 UTC,15045812,15464024,163248,1.02,50476,620040,199852,1.25,207000,516812,48
cloud-k3s-pool-workers-worker1,1,2026-06-06 08:46:13 UTC,15045812,15464024,163240,1.02,50476,620048,199852,1.25,207000,516812,56
cloud-k3s-pool-workers-worker1,1,2026-06-06 08:46:14 UTC,15045812,15464024,163240,1.02,50476,620048,199852,1.25,207000,516812,56
cloud-k3s-pool-workers-worker1,1,2026-06-06 08:46:15 UTC,15045812,15464024,163212,1.02,50484,620068,199852,1.25,207000,516812,76
cloud-k3s-pool-workers-worker1,1,2026-06-06 08:46:16 UTC,15045812,15464024,163200,1.02,50484,620080,199852,1.25,207000,516812,252
cloud-k3s-pool-workers-worker1,1,2026-06-06 08:46:17 UTC,15045812,15464084,163192,1.02,50484,620088,199852,1.25,207000,516872,196
cloud-k3s-pool-workers-worker1,1,2026-06-06 08:46:18 UTC,15045812,15464084,163192,1.02,50484,620088,199852,1.25,207000,516872,196
cloud-k3s-pool-workers-worker1,1,2026-06-06 08:46:19 UTC,15045812,15464084,163168,1.02,50484,620112,199852,1.25,207000,516872,224
cloud-k3s-pool-workers-worker1,1,2026-06-06 08:46:20 UTC,15045812,15464084,163160,1.02,50484,620120,199852,1.25,207000,516872,232
cloud-k3s-pool-workers-worker1,1,2026-06-06 08:46:21 UTC,15045812,15464144,163140,1.02,50492,620132,199852,1.25,207000,516932,256
cloud-k3s-pool-workers-worker1,1,2026-06-06 08:46:22 UTC,15045812,15464144,163132,1.02,50492,620140,199852,1.25,207000,516932,264
cloud-k3s-pool-workers-worker1,1,2026-06-06 08:46:23 UTC,15045812,15464204,163120,1.02,50492,620152,199852,1.25,207000,516992,32
cloud-k3s-pool-workers-worker1,1,2026-06-06 08:46:24 UTC,15045812,15464204,163120,1.02,50492,620152,199852,1.25,207000,516992,32
cloud-k3s-pool-workers-worker1,1,2026-06-06 08:46:25 UTC,15045812,15464204,163100,1.02,50492,620172,199852,1.25,207000,516992,56
cloud-k3s-pool-workers-worker1,1,2026-06-06 08:46:26 UTC,15045812,15464204,163092,1.02,50500,620172,199852,1.25,207000,516992,228
cloud-k3s-pool-workers-worker1,1,2026-06-06 08:46:27 UTC,15045812,15464204,163068,1.02,50500,620192,199852,1.25,207000,516992,76
cloud-k3s-pool-workers-worker1,1,2026-06-06 08:46:28 UTC,15045812,15464204,163068,1.02,50500,620192,199852,1.25,207000,516992,76
cloud-k3s-pool-workers-worker1,1,2026-06-06 08:46:29 UTC,15045812,15464264,163048,1.02,50500,620212,199852,1.25,207000,517052,32
cloud-k3s-pool-workers-worker1,1,2026-06-06 08:46:30 UTC,15045812,15464264,163040,1.02,50500,620220,199852,1.25,207000,517052,44
cloud-k3s-pool-workers-worker1,1,2026-06-06 08:46:31 UTC,15045812,15464264,163020,1.02,50508,620232,199852,1.25,207000,517052,224
cloud-k3s-pool-workers-worker1,1,2026-06-06 08:46:32 UTC,15045812,15464264,163008,1.02,50508,620244,199852,1.25,207000,517052,236
cloud-k3s-pool-workers-worker1,1,2026-06-06 08:46:33 UTC,15045812,15464264,163000,1.02,50508,620252,199852,1.25,207000,517052,244
cloud-k3s-pool-workers-worker1,1,2026-06-06 08:46:34 UTC,15045812,15464264,163000,1.02,50508,620252,199852,1.25,207000,517052,244
cloud-k3s-pool-workers-worker1,1,2026-06-06 08:46:35 UTC,15045812,15464328,162980,1.02,50508,620272,199852,1.25,207000,517116,200
cloud-k3s-pool-workers-worker1,1,2026-06-06 08:46:36 UTC,15045812,15464328,162968,1.02,50516,620276,199852,1.25,207000,517116,232
cloud-k3s-pool-workers-worker1,1,2026-06-06 08:46:37 UTC,15045812,15464328,162952,1.02,50516,620292,199852,1.25,207000,517116,60
cloud-k3s-pool-workers-worker1,1,2026-06-06 08:46:38 UTC,15045812,15464328,162952,1.02,50516,620292,199852,1.25,207000,517116,60
cloud-k3s-pool-workers-worker1,1,2026-06-06 08:46:39 UTC,15045560,15464076,163184,1.02,50516,620312,199852,1.25,207000,517116,80
cloud-k3s-pool-workers-worker1,1,2026-06-06 08:46:40 UTC,15045560,15464076,163172,1.02,50516,620324,199852,1.25,207000,517116,92
cloud-k3s-pool-workers-worker1,1,2026-06-06 08:46:41 UTC,15045560,15464136,163156,1.02,50524,620332,199852,1.25,207000,517176,192
cloud-k3s-pool-workers-worker1,1,2026-06-06 08:46:42 UTC,15045560,15464140,163140,1.02,50524,620344,199852,1.25,207000,517176,40
cloud-k3s-pool-workers-worker1,1,2026-06-06 08:46:43 UTC,15045560,15464140,163128,1.02,50524,620356,199852,1.25,207000,517176,52
cloud-k3s-pool-workers-worker1,1,2026-06-06 08:46:44 UTC,15045560,15464140,163128,1.02,50524,620356,199852,1.25,207000,517176,52
cloud-k3s-pool-workers-worker1,1,2026-06-06 08:46:45 UTC,15045560,15464140,163108,1.02,50524,620376,199852,1.25,207000,517176,72
cloud-k3s-pool-workers-worker1,1,2026-06-06 08:46:46 UTC,15045560,15464140,163100,1.02,50532,620376,199852,1.25,207000,517176,248
cloud-k3s-pool-workers-worker1,1,2026-06-06 08:46:47 UTC,15045560,15464204,163076,1.02,50532,620400,199852,1.25,207000,517240,204
cloud-k3s-pool-workers-worker1,1,2026-06-06 08:46:48 UTC,15045560,15464204,163076,1.02,50532,620400,199852,1.25,207000,517240,204
cloud-k3s-pool-workers-worker1,1,2026-06-06 08:46:49 UTC,15043324,15461968,165288,1.03,50532,620420,203300,1.27,208632,517240,320
cloud-k3s-pool-workers-worker1,1,2026-06-06 08:46:50 UTC,15043324,15461968,165280,1.03,50532,620428,203300,1.27,208632,517240,332
cloud-k3s-pool-workers-worker1,1,2026-06-06 08:46:51 UTC,15043324,15461968,165268,1.03,50540,620432,203300,1.27,208632,517240,376
cloud-k3s-pool-workers-worker1,1,2026-06-06 08:46:52 UTC,15043324,15461968,165252,1.03,50540,620448,203300,1.27,208632,517240,104
cloud-k3s-pool-workers-worker1,1,2026-06-06 08:46:53 UTC,15043324,15462028,165240,1.03,50540,620460,199852,1.25,207072,517300,52
cloud-k3s-pool-workers-worker1,1,2026-06-06 08:46:54 UTC,15043324,15462028,165240,1.03,50540,620460,199852,1.25,206988,517300,52
cloud-k3s-pool-workers-worker1,1,2026-06-06 08:46:55 UTC,15043324,15462028,165220,1.03,50540,620480,199852,1.25,206984,517300,196
cloud-k3s-pool-workers-worker1,1,2026-06-06 08:46:56 UTC,15045560,15464264,162972,1.02,50548,620484,199852,1.25,206984,517300,304
cloud-k3s-pool-workers-worker1,1,2026-06-06 08:46:57 UTC,15045560,15464324,162952,1.02,50548,620500,199852,1.25,206984,517360,312
cloud-k3s-pool-workers-worker1,1,2026-06-06 08:46:58 UTC,15045560,15464324,162940,1.02,50548,620512,199852,1.25,207000,517360,104
cloud-k3s-pool-workers-worker1,1,2026-06-06 08:46:59 UTC,15045560,15464324,162940,1.02,50548,620512,199852,1.25,207000,517360,40
cloud-k3s-pool-workers-worker1,1,2026-06-06 08:47:00 UTC,15043324,15462148,165152,1.03,50548,620532,203300,1.27,208428,517420,244
cloud-k3s-pool-workers-worker1,1,2026-06-06 08:47:01 UTC,15043324,15462148,165144,1.03,50556,620532,203300,1.27,208628,517420,344
cloud-k3s-pool-workers-worker1,1,2026-06-06 08:47:02 UTC,15045820,15464648,162632,1.02,50556,620552,199852,1.25,206980,517420,384
cloud-k3s-pool-workers-worker1,1,2026-06-06 08:47:03 UTC,15045820,15464648,162624,1.02,50556,620560,199852,1.25,206980,517420,392
cloud-k3s-pool-workers-worker1,1,2026-06-06 08:47:04 UTC,15045820,15464648,162624,1.02,50556,620560,199852,1.25,206980,517420,392
cloud-k3s-pool-workers-worker1,1,2026-06-06 08:47:05 UTC,15045820,15464712,162604,1.02,50556,620580,199852,1.25,206980,517484,48
cloud-k3s-pool-workers-worker1,1,2026-06-06 08:47:06 UTC,15045820,15464712,162592,1.02,50564,620584,199852,1.25,206980,517484,228
cloud-k3s-pool-workers-worker1,1,2026-06-06 08:47:07 UTC,15045820,15464712,162572,1.02,50564,620604,199852,1.25,206980,517484,240
cloud-k3s-pool-workers-worker1,1,2026-06-06 08:47:08 UTC,15045820,15464712,162572,1.02,50564,620604,199852,1.25,206980,517484,240
cloud-k3s-pool-workers-worker1,1,2026-06-06 08:47:09 UTC,15045568,15464460,162804,1.02,50564,620624,199852,1.25,206980,517484,260
cloud-k3s-pool-workers-worker1,1,2026-06-06 08:47:10 UTC,15045568,15464460,162796,1.02,50564,620632,199852,1.25,206980,517484,268
cloud-k3s-pool-workers-worker1,1,2026-06-06 08:47:11 UTC,15045316,15464272,163036,1.02,50572,620636,199852,1.25,206980,517548,212
cloud-k3s-pool-workers-worker1,1,2026-06-06 08:47:12 UTC,15045316,15464272,163016,1.02,50572,620652,199852,1.25,206980,517548,24
cloud-k3s-pool-workers-worker1,1,2026-06-06 08:47:13 UTC,15045316,15464272,163004,1.02,50572,620664,199852,1.25,206980,517548,36
cloud-k3s-pool-workers-worker1,1,2026-06-06 08:47:14 UTC,15045316,15464272,162996,1.02,50572,620672,199852,1.25,206980,517548,44
cloud-k3s-pool-workers-worker1,1,2026-06-06 08:47:15 UTC,15045316,15464272,162984,1.02,50572,620684,199852,1.25,206980,517548,56
cloud-k3s-pool-workers-worker1,1,2026-06-06 08:47:16 UTC,15045316,15464272,162984,1.02,50580,620676,199852,1.25,206980,517548,56
cloud-k3s-pool-workers-worker1,1,2026-06-06 08:47:17 UTC,15045316,15464332,162956,1.02,50580,620704,199852,1.25,207000,517608,180
cloud-k3s-pool-workers-worker1,1,2026-06-06 08:47:18 UTC,15045316,15464332,162944,1.02,50580,620716,199852,1.25,207000,517608,196
cloud-k3s-pool-workers-worker1,1,2026-06-06 08:47:19 UTC,15045568,15464584,162684,1.02,50580,620724,199852,1.25,207000,517608,204
cloud-k3s-pool-workers-worker1,1,2026-06-06 08:47:20 UTC,15045568,15464584,162684,1.02,50580,620724,199852,1.25,207000,517608,204
cloud-k3s-pool-workers-worker1,1,2026-06-06 08:47:21 UTC,15045568,15464584,162656,1.02,50588,620744,199852,1.25,207000,517608,260
cloud-k3s-pool-workers-worker1,1,2026-06-06 08:47:22 UTC,15045568,15464584,162644,1.02,50588,620756,199852,1.25,207000,517608,272
cloud-k3s-pool-workers-worker1,1,2026-06-06 08:47:23 UTC,15045568,15464644,162636,1.02,50588,620764,199852,1.25,207000,517668,32
cloud-k3s-pool-workers-worker1,1,2026-06-06 08:47:24 UTC,15045568,15464644,162636,1.02,50588,620764,199852,1.25,207000,517668,32
cloud-k3s-pool-workers-worker1,1,2026-06-06 08:47:25 UTC,15045568,15464644,162616,1.02,50588,620784,199852,1.25,207000,517668,56
cloud-k3s-pool-workers-worker1,1,2026-06-06 08:47:26 UTC,15045568,15464644,162604,1.02,50596,620788,199852,1.25,207000,517668,232
cloud-k3s-pool-workers-worker1,1,2026-06-06 08:47:27 UTC,15045568,15464644,162588,1.02,50596,620804,199852,1.25,207000,517668,240
cloud-k3s-pool-workers-worker1,1,2026-06-06 08:47:28 UTC,15045568,15464648,162572,1.02,50596,620816,199852,1.25,207000,517668,88
cloud-k3s-pool-workers-worker1,1,2026-06-06 08:47:29 UTC,15045568,15464708,162564,1.02,50596,620824,199852,1.25,207000,517728,96
cloud-k3s-pool-workers-worker1,1,2026-06-06 08:47:30 UTC,15045568,15464708,162564,1.02,50596,620824,199852,1.25,207000,517728,96
cloud-k3s-pool-workers-worker1,1,2026-06-06 08:47:31 UTC,15045568,15464708,162540,1.02,50604,620840,199852,1.25,207000,517728,284
cloud-k3s-pool-workers-worker1,1,2026-06-06 08:47:32 UTC,15045568,15464708,162524,1.02,50604,620856,199852,1.25,207000,517728,292
cloud-k3s-pool-workers-worker1,1,2026-06-06 08:47:33 UTC,15045568,15464708,162512,1.02,50604,620868,199852,1.25,207000,517728,304
cloud-k3s-pool-workers-worker1,1,2026-06-06 08:47:34 UTC,15045568,15464708,162504,1.02,50604,620876,199852,1.25,207000,517728,312
cloud-k3s-pool-workers-worker1,1,2026-06-06 08:47:35 UTC,15045568,15464768,162492,1.02,50604,620888,199852,1.25,207000,517788,324
cloud-k3s-pool-workers-worker1,1,2026-06-06 08:47:36 UTC,15045568,15464768,162484,1.02,50612,620888,199852,1.25,207000,517788,344
cloud-k3s-pool-workers-worker1,1,2026-06-06 08:47:37 UTC,15045568,15464828,162464,1.02,50612,620908,199852,1.25,207000,517848,180
cloud-k3s-pool-workers-worker1,1,2026-06-06 08:47:38 UTC,15045568,15464828,162456,1.02,50612,620916,199852,1.25,207000,517848,188
cloud-k3s-pool-workers-worker1,1,2026-06-06 08:47:39 UTC,15045568,15464828,162444,1.02,50612,620928,199852,1.25,207000,517848,200
cloud-k3s-pool-workers-worker1,1,2026-06-06 08:47:40 UTC,15045316,15464576,162688,1.02,50612,620936,199852,1.25,207000,517848,208
cloud-k3s-pool-workers-worker1,1,2026-06-06 08:47:41 UTC,15045316,15464636,162676,1.02,50620,620940,199852,1.25,207000,517908,388
cloud-k3s-pool-workers-worker1,1,2026-06-06 08:47:42 UTC,15045316,15464636,162652,1.02,50620,620960,199852,1.25,207000,517908,404
cloud-k3s-pool-workers-worker1,1,2026-06-06 08:47:43 UTC,15045316,15464636,162644,1.02,50620,620968,199852,1.25,207000,517908,412
cloud-k3s-pool-workers-worker1,1,2026-06-06 08:47:44 UTC,15045316,15464636,162632,1.02,50620,620980,199852,1.25,207000,517908,424
cloud-k3s-pool-workers-worker1,1,2026-06-06 08:47:45 UTC,15045316,15464636,162624,1.02,50620,620988,199852,1.25,207000,517908,432
cloud-k3s-pool-workers-worker1,1,2026-06-06 08:47:46 UTC,15045316,15464636,162612,1.02,50628,620992,199852,1.25,207000,517908,456
cloud-k3s-pool-workers-worker1,1,2026-06-06 08:47:47 UTC,15045316,15464696,162596,1.02,50628,621008,199852,1.25,207000,517968,252
cloud-k3s-pool-workers-worker1,1,2026-06-06 08:47:48 UTC,15045316,15464696,162584,1.02,50628,621020,199852,1.25,207000,517968,264
cloud-k3s-pool-workers-worker1,1,2026-06-06 08:47:49 UTC,15045316,15464696,162576,1.02,50628,621028,199852,1.25,207000,517968,272
cloud-k3s-pool-workers-worker1,1,2026-06-06 08:47:50 UTC,15045796,15465176,162084,1.01,50628,621040,199852,1.25,207000,517968,284
cloud-k3s-pool-workers-worker1,1,2026-06-06 08:47:51 UTC,15045796,15465220,162076,1.01,50636,621040,199852,1.25,207000,518012,292
cloud-k3s-pool-workers-worker1,1,2026-06-06 08:47:52 UTC,15045796,15465220,162056,1.01,50636,621060,199852,1.25,207000,518012,320
cloud-k3s-pool-workers-worker1,1,2026-06-06 08:47:53 UTC,15045796,15465220,162048,1.01,50636,621068,199852,1.25,207000,518012,328
cloud-k3s-pool-workers-worker1,1,2026-06-06 08:47:54 UTC,15045796,15465220,162036,1.01,50636,621080,199852,1.25,207000,518012,336
cloud-k3s-pool-workers-worker1,1,2026-06-06 08:47:55 UTC,15045796,15465220,162024,1.01,50636,621092,199852,1.25,207000,518012,16
cloud-k3s-pool-workers-worker1,1,2026-06-06 08:47:56 UTC,15045796,15465220,162016,1.01,50644,621092,199852,1.25,207000,518012,192
cloud-k3s-pool-workers-worker1,1,2026-06-06 08:47:57 UTC,15045796,15465284,161992,1.01,50644,621112,199852,1.25,207000,518072,220
cloud-k3s-pool-workers-worker1,1,2026-06-06 08:47:58 UTC,15045796,15465284,161984,1.01,50644,621120,199852,1.25,207000,518072,228
cloud-k3s-pool-workers-worker1,1,2026-06-06 08:47:59 UTC,15045796,15465284,161972,1.01,50644,621132,199852,1.25,207000,518072,240
cloud-k3s-pool-workers-worker1,1,2026-06-06 08:48:00 UTC,15045796,15465284,161964,1.01,50644,621140,199852,1.25,207000,518072,248
cloud-k3s-pool-workers-worker1,1,2026-06-06 08:48:01 UTC,15045796,15465284,161952,1.01,50652,621144,199852,1.25,207000,518072,272
cloud-k3s-pool-workers-worker1,1,2026-06-06 08:48:02 UTC,15045796,15465284,161944,1.01,50652,621152,199852,1.25,207000,518072,280
cloud-k3s-pool-workers-worker1,1,2026-06-06 08:48:03 UTC,15045796,15465344,161924,1.01,50652,621172,199852,1.25,207000,518132,116
cloud-k3s-pool-workers-worker1,1,2026-06-06 08:48:04 UTC,15045796,15465344,161924,1.01,50652,621172,199852,1.25,207000,518132,116
cloud-k3s-pool-workers-worker1,1,2026-06-06 08:48:05 UTC,15045796,15465344,161904,1.01,50652,621192,199852,1.25,207000,518132,136
cloud-k3s-pool-workers-worker1,1,2026-06-06 08:48:06 UTC,15045796,15465344,161892,1.01,50660,621196,199852,1.25,207000,518132,320
cloud-k3s-pool-workers-worker1,1,2026-06-06 08:48:07 UTC,15045796,15465344,161876,1.01,50660,621212,199852,1.25,207000,518132,156
cloud-k3s-pool-workers-worker1,1,2026-06-06 08:48:08 UTC,15045796,15465344,161864,1.01,50660,621224,199852,1.25,207000,518132,168
cloud-k3s-pool-workers-worker1,1,2026-06-06 08:48:09 UTC,15045796,15465404,161856,1.01,50660,621232,199852,1.25,207000,518192,176
cloud-k3s-pool-workers-worker1,1,2026-06-06 08:48:10 UTC,15045796,15465404,161856,1.01,50660,621232,199852,1.25,207000,518192,176
cloud-k3s-pool-workers-worker1,1,2026-06-06 08:48:11 UTC,15045544,15465152,162088,1.01,50668,621244,199852,1.25,207000,518192,360
cloud-k3s-pool-workers-worker1,1,2026-06-06 08:48:12 UTC,15045544,15465152,162076,1.01,50668,621256,199852,1.25,207000,518192,372
cloud-k3s-pool-workers-worker1,1,2026-06-06 08:48:13 UTC,15045544,15465212,162056,1.01,50668,621272,199852,1.25,207000,518252,380
cloud-k3s-pool-workers-worker1,1,2026-06-06 08:48:14 UTC,15045544,15465212,162056,1.01,50668,621272,199852,1.25,207000,518252,380
cloud-k3s-pool-workers-worker1,1,2026-06-06 08:48:15 UTC,15045544,15465272,162036,1.01,50668,621292,199852,1.25,207000,518312,400
cloud-k3s-pool-workers-worker1,1,2026-06-06 08:48:16 UTC,15045544,15465272,162024,1.01,50676,621296,199852,1.25,207000,518312,424
cloud-k3s-pool-workers-worker1,1,2026-06-06 08:48:17 UTC,15045544,15465272,162008,1.01,50676,621312,199852,1.25,207000,518312,256
cloud-k3s-pool-workers-worker1,1,2026-06-06 08:48:18 UTC,15045544,15465272,162008,1.01,50676,621312,199852,1.25,207000,518312,256
cloud-k3s-pool-workers-worker1,1,2026-06-06 08:48:19 UTC,15045544,15465272,161984,1.01,50676,621336,199852,1.25,207000,518312,280
cloud-k3s-pool-workers-worker1,1,2026-06-06 08:48:20 UTC,15045544,15465272,161976,1.01,50676,621344,199852,1.25,207000,518312,288
cloud-k3s-pool-workers-worker1,1,2026-06-06 08:48:21 UTC,15045544,15465332,161956,1.01,50684,621356,199852,1.25,207000,518372,472
cloud-k3s-pool-workers-worker1,1,2026-06-06 08:48:22 UTC,15045544,15465332,161948,1.01,50684,621364,199852,1.25,207000,518372,480
cloud-k3s-pool-workers-worker1,1,2026-06-06 08:48:23 UTC,15045544,15465332,161936,1.01,50684,621376,199852,1.25,207000,518372,464
cloud-k3s-pool-workers-worker1,1,2026-06-06 08:48:24 UTC,15045544,15465332,161936,1.01,50684,621376,199852,1.25,207000,518372,464
cloud-k3s-pool-workers-worker1,1,2026-06-06 08:48:25 UTC,15045544,15465332,161916,1.01,50684,621396,199852,1.25,207000,518372,484
cloud-k3s-pool-workers-worker1,1,2026-06-06 08:48:26 UTC,15045544,15465332,161908,1.01,50692,621396,199852,1.25,207000,518372,188
cloud-k3s-pool-workers-worker1,1,2026-06-06 08:48:27 UTC,15045544,15465392,161888,1.01,50692,621416,199852,1.25,207000,518432,28
cloud-k3s-pool-workers-worker1,1,2026-06-06 08:48:28 UTC,15045544,15465392,161888,1.01,50692,621416,199852,1.25,207000,518432,28
cloud-k3s-pool-workers-worker1,1,2026-06-06 08:48:29 UTC,15045544,15465396,161864,1.01,50692,621436,199852,1.25,207000,518432,48
cloud-k3s-pool-workers-worker1,1,2026-06-06 08:48:30 UTC,15045544,15465396,161852,1.01,50692,621448,199852,1.25,207000,518432,60
cloud-k3s-pool-workers-worker1,1,2026-06-06 08:48:31 UTC,15045544,15465396,161844,1.01,50700,621448,199852,1.25,207000,518432,236
cloud-k3s-pool-workers-worker1,1,2026-06-06 08:48:32 UTC,15045544,15465456,161824,1.01,50700,621468,199852,1.25,207000,518492,100
cloud-k3s-pool-workers-worker1,1,2026-06-06 08:48:33 UTC,15045544,15465456,161816,1.01,50700,621476,199852,1.25,207000,518492,108
cloud-k3s-pool-workers-worker1,1,2026-06-06 08:48:34 UTC,15045544,15465456,161804,1.01,50700,621488,199852,1.25,207000,518492,120
cloud-k3s-pool-workers-worker1,1,2026-06-06 08:48:35 UTC,15045544,15465456,161804,1.01,50700,621488,199852,1.25,207000,518492,120
cloud-k3s-pool-workers-worker1,1,2026-06-06 08:48:36 UTC,15045544,15465456,161784,1.01,50708,621500,199852,1.25,207000,518492,308
cloud-k3s-pool-workers-worker1,1,2026-06-06 08:48:37 UTC,15045544,15465456,161768,1.01,50708,621516,199852,1.25,207000,518492,316
cloud-k3s-pool-workers-worker1,1,2026-06-06 08:48:38 UTC,15045544,15465456,161768,1.01,50708,621516,199852,1.25,207000,518492,316
cloud-k3s-pool-workers-worker1,1,2026-06-06 08:48:39 UTC,15045544,15465516,161748,1.01,50708,621536,199852,1.25,207000,518552,336
cloud-k3s-pool-workers-worker1,1,2026-06-06 08:48:40 UTC,15045544,15465516,161736,1.01,50708,621548,199852,1.25,207000,518552,348
cloud-k3s-pool-workers-worker1,1,2026-06-06 08:48:41 UTC,15045544,15465516,161720,1.01,50716,621556,199852,1.25,207000,518552,188
cloud-k3s-pool-workers-worker1,1,2026-06-06 08:48:42 UTC,15043560,15463532,163692,1.02,50716,621568,202704,1.27,208112,518552,200
cloud-k3s-pool-workers-worker1,1,2026-06-06 08:48:43 UTC,15042552,15462524,164684,1.03,50716,621580,203040,1.27,208556,518552,344
cloud-k3s-pool-workers-worker1,1,2026-06-06 08:48:44 UTC,15042552,15462584,164676,1.03,50716,621588,203040,1.27,208556,518612,356
cloud-k3s-pool-workers-worker1,1,2026-06-06 08:48:45 UTC,15042552,15462584,164660,1.03,50716,621604,203040,1.27,208556,518612,400
cloud-k3s-pool-workers-worker1,1,2026-06-06 08:48:46 UTC,15042552,15462584,164652,1.03,50724,621604,203040,1.27,208556,518612,508
cloud-k3s-pool-workers-worker1,1,2026-06-06 08:48:47 UTC,15042552,15462588,164628,1.03,50724,621624,199852,1.25,207000,518612,272
cloud-k3s-pool-workers-worker1,1,2026-06-06 08:48:48 UTC,15045524,15465560,161648,1.01,50724,621632,199852,1.25,207000,518612,280
cloud-k3s-pool-workers-worker1,1,2026-06-06 08:48:49 UTC,15045524,15465560,161636,1.01,50724,621644,199852,1.25,207000,518612,292
cloud-k3s-pool-workers-worker1,1,2026-06-06 08:48:50 UTC,15045524,15465620,161628,1.01,50724,621652,199852,1.25,207000,518672,300
cloud-k3s-pool-workers-worker1,1,2026-06-06 08:48:51 UTC,15045808,15465904,161332,1.01,50732,621656,199852,1.25,207000,518672,480
cloud-k3s-pool-workers-worker1,1,2026-06-06 08:48:52 UTC,15045808,15465964,161316,1.01,50732,621672,199852,1.25,207000,518732,492
cloud-k3s-pool-workers-worker1,1,2026-06-06 08:48:53 UTC,15045808,15465964,161304,1.01,50732,621684,199852,1.25,207000,518732,332
cloud-k3s-pool-workers-worker1,1,2026-06-06 08:48:54 UTC,15045808,15465964,161292,1.01,50732,621696,199852,1.25,207000,518732,344
cloud-k3s-pool-workers-worker1,1,2026-06-06 08:48:55 UTC,15045808,15465964,161284,1.01,50732,621704,199852,1.25,207000,518732,352
cloud-k3s-pool-workers-worker1,1,2026-06-06 08:48:56 UTC,15045808,15466024,161272,1.01,50740,621708,199852,1.25,207000,518792,532
cloud-k3s-pool-workers-worker1,1,2026-06-06 08:48:57 UTC,15045808,15466024,161256,1.01,50740,621724,199852,1.25,207000,518792,540
cloud-k3s-pool-workers-worker1,1,2026-06-06 08:48:58 UTC,15045808,15466024,161240,1.01,50740,621736,199852,1.25,207000,518792,180
cloud-k3s-pool-workers-worker1,1,2026-06-06 08:48:59 UTC,15045808,15466024,161232,1.01,50740,621744,199852,1.25,207000,518792,192
cloud-k3s-pool-workers-worker1,1,2026-06-06 08:49:00 UTC,15045808,15466024,161220,1.01,50740,621756,199852,1.25,207000,518792,204
cloud-k3s-pool-workers-worker1,1,2026-06-06 08:49:01 UTC,15045808,15466024,161212,1.01,50748,621756,199852,1.25,207000,518792,224
cloud-k3s-pool-workers-worker1,1,2026-06-06 08:49:02 UTC,15045808,15466084,161200,1.01,50748,621768,199852,1.25,207000,518852,236
cloud-k3s-pool-workers-worker1,1,2026-06-06 08:49:03 UTC,15045808,15466104,161184,1.01,50748,621784,199852,1.25,207000,518872,80
cloud-k3s-pool-workers-worker1,1,2026-06-06 08:49:04 UTC,15045808,15466104,161184,1.01,50748,621784,199852,1.25,207000,518872,80
cloud-k3s-pool-workers-worker1,1,2026-06-06 08:49:05 UTC,15045556,15465852,161416,1.01,50748,621804,199852,1.25,207000,518872,100
cloud-k3s-pool-workers-worker1,1,2026-06-06 08:49:06 UTC,15045556,15465852,161404,1.01,50756,621808,199852,1.25,207000,518872,280
cloud-k3s-pool-workers-worker1,1,2026-06-06 08:49:07 UTC,15045556,15465852,161384,1.01,50756,621828,199852,1.25,207000,518872,300
cloud-k3s-pool-workers-worker1,1,2026-06-06 08:49:08 UTC,15045556,15465912,161376,1.01,50756,621836,199852,1.25,207000,518932,308
cloud-k3s-pool-workers-worker1,1,2026-06-06 08:49:09 UTC,15045556,15465912,161364,1.01,50756,621848,199852,1.25,207000,518932,320
cloud-k3s-pool-workers-worker1,1,2026-06-06 08:49:10 UTC,15045556,15465912,161356,1.01,50756,621856,199852,1.25,207000,518932,328
cloud-k3s-pool-workers-worker1,1,2026-06-06 08:49:11 UTC,15045556,15465912,161336,1.01,50764,621868,199852,1.25,207000,518932,352
cloud-k3s-pool-workers-worker1,1,2026-06-06 08:49:12 UTC,15045556,15465912,161328,1.01,50764,621876,199852,1.25,207000,518932,360
cloud-k3s-pool-workers-worker1,1,2026-06-06 08:49:13 UTC,15045304,15465664,161564,1.01,50764,621888,199852,1.25,207000,518932,192
cloud-k3s-pool-workers-worker1,1,2026-06-06 08:49:14 UTC,15045304,15465724,161556,1.01,50764,621896,199852,1.25,207000,518992,200
cloud-k3s-pool-workers-worker1,1,2026-06-06 08:49:15 UTC,15045304,15465724,161556,1.01,50764,621896,199852,1.25,207000,518992,200
cloud-k3s-pool-workers-worker1,1,2026-06-06 08:49:16 UTC,15045304,15465724,161536,1.01,50772,621908,199852,1.25,207000,518992,388
cloud-k3s-pool-workers-worker1,1,2026-06-06 08:49:17 UTC,15045304,15465724,161516,1.01,50772,621928,199852,1.25,207000,518992,224
cloud-k3s-pool-workers-worker1,1,2026-06-06 08:49:18 UTC,15045304,15465724,161516,1.01,50772,621928,199852,1.25,207000,518992,224
cloud-k3s-pool-workers-worker1,1,2026-06-06 08:49:19 UTC,15045304,15465724,161496,1.01,50772,621948,199852,1.25,207000,518992,244
cloud-k3s-pool-workers-worker1,1,2026-06-06 08:49:20 UTC,15045304,15465784,161484,1.01,50772,621960,199852,1.25,207000,519052,256
cloud-k3s-pool-workers-worker1,1,2026-06-06 08:49:21 UTC,15045304,15465784,161468,1.01,50780,621968,199852,1.25,207000,519052,448
cloud-k3s-pool-workers-worker1,1,2026-06-06 08:49:22 UTC,15045304,15465784,161456,1.01,50780,621980,199852,1.25,207000,519052,460
cloud-k3s-pool-workers-worker1,1,2026-06-06 08:49:23 UTC,15045304,15465784,161448,1.01,50780,621988,199852,1.25,207000,519052,468
cloud-k3s-pool-workers-worker1,1,2026-06-06 08:49:24 UTC,15043068,15463548,163680,1.02,50780,621988,203300,1.27,208372,519052,472
cloud-k3s-pool-workers-worker1,1,2026-06-06 08:49:25 UTC,15043068,15463548,163656,1.02,50780,622008,203300,1.27,208636,519052,596
cloud-k3s-pool-workers-worker1,1,2026-06-06 08:49:26 UTC,15043068,15463608,163652,1.02,50788,622012,199852,1.25,206980,519112,488
cloud-k3s-pool-workers-worker1,1,2026-06-06 08:49:27 UTC,15043636,15464216,163068,1.02,50788,622028,199852,1.25,206980,519152,468
cloud-k3s-pool-workers-worker1,1,2026-06-06 08:49:28 UTC,15043636,15464216,163068,1.02,50788,622028,199852,1.25,206980,519152,468
cloud-k3s-pool-workers-worker1,1,2026-06-06 08:49:29 UTC,15043636,15464216,163040,1.02,50788,622052,199852,1.25,206980,519152,232
cloud-k3s-pool-workers-worker1,1,2026-06-06 08:49:30 UTC,15043636,15464216,163032,1.02,50788,622060,199852,1.25,206980,519152,244
cloud-k3s-pool-workers-worker1,1,2026-06-06 08:49:31 UTC,15043636,15464276,163012,1.02,50796,622072,199852,1.25,206980,519212,296
cloud-k3s-pool-workers-worker1,1,2026-06-06 08:49:32 UTC,15043636,15464284,163004,1.02,50796,622080,199852,1.25,206980,519220,260
cloud-k3s-pool-workers-worker1,1,2026-06-06 08:49:33 UTC,15043636,15464284,162992,1.02,50796,622092,199852,1.25,206980,519220,52
cloud-k3s-pool-workers-worker1,1,2026-06-06 08:49:34 UTC,15043636,15464284,162992,1.02,50796,622092,199852,1.25,206980,519220,52
cloud-k3s-pool-workers-worker1,1,2026-06-06 08:49:35 UTC,15043636,15464284,162972,1.02,50796,622112,199852,1.25,206980,519220,72
cloud-k3s-pool-workers-worker1,1,2026-06-06 08:49:36 UTC,15043636,15464284,162964,1.02,50804,622112,199852,1.25,206980,519220,252
cloud-k3s-pool-workers-worker1,1,2026-06-06 08:49:37 UTC,15043636,15464344,162944,1.02,50804,622132,199852,1.25,206980,519280,272
cloud-k3s-pool-workers-worker1,1,2026-06-06 08:49:38 UTC,15043636,15464344,162936,1.02,50804,622140,199852,1.25,206980,519280,280
cloud-k3s-pool-workers-worker1,1,2026-06-06 08:49:39 UTC,15043636,15464344,162924,1.02,50804,622152,199852,1.25,206980,519280,288
cloud-k3s-pool-workers-worker1,1,2026-06-06 08:49:40 UTC,15043636,15464344,162924,1.02,50804,622152,199852,1.25,206980,519280,288
cloud-k3s-pool-workers-worker1,1,2026-06-06 08:49:41 UTC,15043636,15464344,162900,1.02,50812,622168,199852,1.25,206980,519280,328
cloud-k3s-pool-workers-worker1,1,2026-06-06 08:49:42 UTC,15043636,15464360,162880,1.02,50812,622188,199852,1.25,206980,519296,164
cloud-k3s-pool-workers-worker1,1,2026-06-06 08:49:43 UTC,15043636,15464424,162868,1.02,50812,622196,199852,1.25,206980,519356,172
cloud-k3s-pool-workers-worker1,1,2026-06-06 08:49:44 UTC,15043636,15464424,162856,1.02,50812,622208,199852,1.25,206980,519356,184
cloud-k3s-pool-workers-worker1,1,2026-06-06 08:49:45 UTC,15043384,15464172,163100,1.02,50812,622216,199852,1.25,206980,519356,192
cloud-k3s-pool-workers-worker1,1,2026-06-06 08:49:46 UTC,15043384,15464172,163088,1.02,50820,622220,199852,1.25,206980,519356,372
cloud-k3s-pool-workers-worker1,1,2026-06-06 08:49:47 UTC,15043384,15464172,163072,1.02,50820,622236,199852,1.25,206980,519356,384
cloud-k3s-pool-workers-worker1,1,2026-06-06 08:49:48 UTC,15043384,15464172,163060,1.02,50820,622248,199852,1.25,206980,519356,396
cloud-k3s-pool-workers-worker1,1,2026-06-06 08:49:49 UTC,15043384,15464232,163052,1.02,50820,622256,199852,1.25,206980,519416,404
cloud-k3s-pool-workers-worker1,1,2026-06-06 08:49:50 UTC,15043384,15464232,163052,1.02,50820,622256,199852,1.25,206980,519416,404
cloud-k3s-pool-workers-worker1,1,2026-06-06 08:49:51 UTC,15043384,15464232,163032,1.02,50820,622276,199852,1.25,206980,519416,256
cloud-k3s-pool-workers-worker1,1,2026-06-06 08:49:52 UTC,15043384,15464232,163012,1.02,50828,622288,199852,1.25,206980,519416,268
cloud-k3s-pool-workers-worker1,1,2026-06-06 08:49:53 UTC,15043384,15464232,163000,1.02,50828,622300,199852,1.25,206980,519416,280
cloud-k3s-pool-workers-worker1,1,2026-06-06 08:49:54 UTC,15043384,15464232,162992,1.02,50828,622308,199852,1.25,206980,519416,288
cloud-k3s-pool-workers-worker1,1,2026-06-06 08:49:55 UTC,15043384,15464292,162980,1.02,50828,622320,199852,1.25,206980,519476,300
cloud-k3s-pool-workers-worker1,1,2026-06-06 08:49:56 UTC,15043384,15464292,162972,1.02,50828,622328,199852,1.25,206980,519476,476
cloud-k3s-pool-workers-worker1,1,2026-06-06 08:49:57 UTC,15043384,15464292,162960,1.02,50828,622340,199852,1.25,206980,519476,488
cloud-k3s-pool-workers-worker1,1,2026-06-06 08:49:58 UTC,15043384,15464308,162944,1.02,50836,622348,199852,1.25,206980,519492,328
cloud-k3s-pool-workers-worker1,1,2026-06-06 08:49:59 UTC,15043384,15464308,162928,1.02,50836,622360,199852,1.25,206980,519492,340
cloud-k3s-pool-workers-worker1,1,2026-06-06 08:50:00 UTC,15043384,15464308,162920,1.02,50836,622368,199852,1.25,206980,519492,88
cloud-k3s-pool-workers-worker1,1,2026-06-06 08:50:01 UTC,15043384,15464376,162908,1.02,50836,622380,199852,1.25,206980,519560,220
cloud-k3s-pool-workers-worker1,1,2026-06-06 08:50:02 UTC,15043384,15464376,162900,1.02,50836,622388,199852,1.25,206980,519560,228
cloud-k3s-pool-workers-worker1,1,2026-06-06 08:50:03 UTC,15043384,15464376,162888,1.02,50836,622400,199852,1.25,206980,519560,240
cloud-k3s-pool-workers-worker1,1,2026-06-06 08:50:04 UTC,15043384,15464376,162888,1.02,50844,622392,199852,1.25,206980,519560,240
cloud-k3s-pool-workers-worker1,1,2026-06-06 08:50:05 UTC,15043384,15464376,162860,1.02,50844,622420,199852,1.25,206980,519560,272
cloud-k3s-pool-workers-worker1,1,2026-06-06 08:50:06 UTC,15041620,15462668,164612,1.03,50844,622432,199852,1.25,206980,519616,400
cloud-k3s-pool-workers-worker1,1,2026-06-06 08:50:07 UTC,15042740,15463804,163484,1.02,50844,622444,199852,1.25,206948,519632,92
cloud-k3s-pool-workers-worker1,1,2026-06-06 08:50:08 UTC,15042996,15464060,163216,1.02,50844,622456,199852,1.25,206948,519632,104
cloud-k3s-pool-workers-worker1,1,2026-06-06 08:50:09 UTC,15042996,15464060,163208,1.02,50844,622464,199852,1.25,206948,519632,112
cloud-k3s-pool-workers-worker1,1,2026-06-06 08:50:10 UTC,15042996,15464060,163208,1.02,50852,622456,199852,1.25,206948,519632,112
cloud-k3s-pool-workers-worker1,1,2026-06-06 08:50:11 UTC,15043384,15464464,162792,1.02,50852,622484,199852,1.25,206948,519648,324
cloud-k3s-pool-workers-worker1,1,2026-06-06 08:50:12 UTC,15043672,15464752,162492,1.02,50852,622496,199852,1.25,206948,519648,336
cloud-k3s-pool-workers-worker1,1,2026-06-06 08:50:13 UTC,15043420,15464564,162732,1.02,50852,622504,199852,1.25,206948,519708,344
cloud-k3s-pool-workers-worker1,1,2026-06-06 08:50:14 UTC,15043420,15464564,162732,1.02,50852,622504,199852,1.25,206948,519708,344
cloud-k3s-pool-workers-worker1,1,2026-06-06 08:50:15 UTC,15043420,15464576,162712,1.02,50852,622524,199852,1.25,206948,519720,356
cloud-k3s-pool-workers-worker1,1,2026-06-06 08:50:16 UTC,15043420,15464596,162700,1.02,50860,622528,199852,1.25,206948,519740,192
cloud-k3s-pool-workers-worker1,1,2026-06-06 08:50:17 UTC,15043420,15464596,162680,1.02,50860,622548,199852,1.25,206948,519740,220
cloud-k3s-pool-workers-worker1,1,2026-06-06 08:50:18 UTC,15043420,15464596,162680,1.02,50860,622548,199852,1.25,206948,519740,220
cloud-k3s-pool-workers-worker1,1,2026-06-06 08:50:19 UTC,15043420,15464596,162660,1.02,50860,622568,199852,1.25,206948,519740,240
cloud-k3s-pool-workers-worker1,1,2026-06-06 08:50:20 UTC,15043420,15464596,162652,1.02,50860,622576,199852,1.25,206948,519740,248
cloud-k3s-pool-workers-worker1,1,2026-06-06 08:50:21 UTC,15043420,15464596,162632,1.02,50868,622588,199852,1.25,206948,519740,432
cloud-k3s-pool-workers-worker1,1,2026-06-06 08:50:22 UTC,15043420,15464656,162624,1.02,50868,622596,199852,1.25,206948,519800,440
cloud-k3s-pool-workers-worker1,1,2026-06-06 08:50:23 UTC,15043420,15464656,162612,1.02,50868,622608,199852,1.25,206948,519800,280
cloud-k3s-pool-workers-worker1,1,2026-06-06 08:50:24 UTC,15043420,15464656,162612,1.02,50868,622608,199852,1.25,206948,519800,280
cloud-k3s-pool-workers-worker1,1,2026-06-06 08:50:25 UTC,15043420,15464656,162592,1.02,50868,622628,199852,1.25,206948,519800,300
cloud-k3s-pool-workers-worker1,1,2026-06-06 08:50:26 UTC,15043420,15464656,162584,1.02,50876,622628,199852,1.25,206948,519800,480
cloud-k3s-pool-workers-worker1,1,2026-06-06 08:50:27 UTC,15043420,15464656,162564,1.02,50876,622648,199852,1.25,206948,519800,492
cloud-k3s-pool-workers-worker1,1,2026-06-06 08:50:28 UTC,15043420,15464656,162564,1.02,50876,622648,199852,1.25,206948,519800,492
cloud-k3s-pool-workers-worker1,1,2026-06-06 08:50:29 UTC,15043420,15464716,162540,1.02,50876,622668,199852,1.25,206948,519860,512
cloud-k3s-pool-workers-worker1,1,2026-06-06 08:50:30 UTC,15043420,15464716,162528,1.02,50876,622680,199852,1.25,206948,519860,524
cloud-k3s-pool-workers-worker1,1,2026-06-06 08:50:31 UTC,15043420,15464716,162520,1.02,50884,622680,199852,1.25,206948,519860,100
cloud-k3s-pool-workers-worker1,1,2026-06-06 08:50:32 UTC,15043420,15464716,162500,1.02,50884,622700,199852,1.25,206968,519860,56
cloud-k3s-pool-workers-worker1,1,2026-06-06 08:50:33 UTC,15043420,15464716,162492,1.02,50884,622708,199852,1.25,206968,519860,64
cloud-k3s-pool-workers-worker1,1,2026-06-06 08:50:34 UTC,15043420,15464776,162480,1.02,50884,622720,199852,1.25,206968,519920,76
cloud-k3s-pool-workers-worker1,1,2026-06-06 08:50:35 UTC,15043420,15464776,162472,1.02,50884,622728,199852,1.25,206968,519920,84
cloud-k3s-pool-workers-worker1,1,2026-06-06 08:50:36 UTC,15043420,15464776,162472,1.02,50892,622720,199852,1.25,206968,519920,84
cloud-k3s-pool-workers-worker1,1,2026-06-06 08:50:37 UTC,15043420,15464780,162440,1.02,50892,622748,199852,1.25,206968,519920,284
cloud-k3s-pool-workers-worker1,1,2026-06-06 08:50:38 UTC,15043420,15464780,162428,1.02,50892,622760,199852,1.25,206968,519920,120
cloud-k3s-pool-workers-worker1,1,2026-06-06 08:50:39 UTC,15043420,15464780,162420,1.02,50892,622768,199852,1.25,206968,519920,128
cloud-k3s-pool-workers-worker1,1,2026-06-06 08:50:40 UTC,15043420,15464840,162408,1.02,50892,622780,199852,1.25,206968,519980,140
cloud-k3s-pool-workers-worker1,1,2026-06-06 08:50:41 UTC,15043420,15464840,162396,1.02,50900,622784,199852,1.25,206968,519980,288
cloud-k3s-pool-workers-worker1,1,2026-06-06 08:50:42 UTC,15043168,15464588,162632,1.02,50900,622800,199852,1.25,206968,519980,308
cloud-k3s-pool-workers-worker1,1,2026-06-06 08:50:43 UTC,15043168,15464588,162616,1.02,50900,622812,199852,1.25,206968,519980,320
cloud-k3s-pool-workers-worker1,1,2026-06-06 08:50:44 UTC,15043168,15464588,162608,1.02,50900,622820,199852,1.25,206968,519980,328
cloud-k3s-pool-workers-worker1,1,2026-06-06 08:50:45 UTC,15043168,15464588,162596,1.02,50900,622832,199852,1.25,206968,519980,340
cloud-k3s-pool-workers-worker1,1,2026-06-06 08:50:46 UTC,15043168,15464648,162588,1.02,50908,622832,199852,1.25,206968,520040,364
cloud-k3s-pool-workers-worker1,1,2026-06-06 08:50:47 UTC,15043168,15464648,162568,1.02,50908,622852,199852,1.25,207000,520040,180
cloud-k3s-pool-workers-worker1,1,2026-06-06 08:50:48 UTC,15043168,15464648,162560,1.02,50908,622860,199852,1.25,207000,520040,188
cloud-k3s-pool-workers-worker1,1,2026-06-06 08:50:49 UTC,15043420,15464900,162296,1.02,50908,622872,199852,1.25,207000,520040,200
cloud-k3s-pool-workers-worker1,1,2026-06-06 08:50:50 UTC,15043420,15464900,162288,1.02,50908,622880,199852,1.25,207000,520040,208
cloud-k3s-pool-workers-worker1,1,2026-06-06 08:50:51 UTC,15043420,15464900,162276,1.02,50916,622884,199852,1.25,207000,520040,392
cloud-k3s-pool-workers-worker1,1,2026-06-06 08:50:52 UTC,15043420,15465020,162260,1.02,50916,622900,199852,1.25,207000,520160,408
cloud-k3s-pool-workers-worker1,1,2026-06-06 08:50:53 UTC,15043420,15465020,162248,1.02,50916,622912,199852,1.25,207000,520160,420
cloud-k3s-pool-workers-worker1,1,2026-06-06 08:50:54 UTC,15043420,15465020,162236,1.02,50916,622924,199852,1.25,207000,520160,432
cloud-k3s-pool-workers-worker1,1,2026-06-06 08:50:55 UTC,15043420,15465020,162228,1.02,50916,622932,199852,1.25,207000,520160,440
cloud-k3s-pool-workers-worker1,1,2026-06-06 08:50:56 UTC,15043420,15465020,162216,1.01,50924,622936,199852,1.25,207000,520160,464
cloud-k3s-pool-workers-worker1,1,2026-06-06 08:50:57 UTC,15043420,15465020,162200,1.01,50924,622952,199852,1.25,207000,520160,288
cloud-k3s-pool-workers-worker1,1,2026-06-06 08:50:58 UTC,15043420,15465080,162184,1.01,50924,622964,199852,1.25,207000,520220,300
cloud-k3s-pool-workers-worker1,1,2026-06-06 08:50:59 UTC,15043420,15465084,162172,1.01,50924,622972,199852,1.25,207000,520220,308
cloud-k3s-pool-workers-worker1,1,2026-06-06 08:51:00 UTC,15043420,15465084,162160,1.01,50924,622984,199852,1.25,207000,520220,320
cloud-k3s-pool-workers-worker1,1,2026-06-06 08:51:01 UTC,15043420,15465084,162152,1.01,50932,622984,199852,1.25,207000,520220,500
cloud-k3s-pool-workers-worker1,1,2026-06-06 08:51:02 UTC,15043420,15465084,162132,1.01,50932,623004,199852,1.25,207000,520220,20
cloud-k3s-pool-workers-worker1,1,2026-06-06 08:51:03 UTC,15043420,15465084,162124,1.01,50932,623012,199852,1.25,207000,520220,32
cloud-k3s-pool-workers-worker1,1,2026-06-06 08:51:04 UTC,15043420,15465144,162112,1.01,50932,623024,199852,1.25,207000,520280,44
cloud-k3s-pool-workers-worker1,1,2026-06-06 08:51:05 UTC,15043420,15465144,162100,1.01,50932,623036,199852,1.25,207000,520280,56
cloud-k3s-pool-workers-worker1,1,2026-06-06 08:51:06 UTC,15043420,15465144,162100,1.01,50940,623028,199852,1.25,207000,520280,56
cloud-k3s-pool-workers-worker1,1,2026-06-06 08:51:07 UTC,15043420,15465144,162072,1.01,50940,623056,199852,1.25,207000,520280,260
cloud-k3s-pool-workers-worker1,1,2026-06-06 08:51:08 UTC,15043420,15465144,162064,1.01,50940,623064,199852,1.25,207000,520280,268
cloud-k3s-pool-workers-worker1,1,2026-06-06 08:51:09 UTC,15043420,15465204,162052,1.01,50940,623076,199852,1.25,207000,520340,280
cloud-k3s-pool-workers-worker1,1,2026-06-06 08:51:10 UTC,15043420,15465204,162052,1.01,50940,623076,199852,1.25,207000,520340,280
cloud-k3s-pool-workers-worker1,1,2026-06-06 08:51:11 UTC,15043420,15465204,162024,1.01,50948,623096,199852,1.25,207000,520340,136
cloud-k3s-pool-workers-worker1,1,2026-06-06 08:51:12 UTC,15043420,15465204,162016,1.01,50948,623104,199852,1.25,207000,520340,108
cloud-k3s-pool-workers-worker1,1,2026-06-06 08:51:13 UTC,15043168,15464952,162256,1.02,50948,623116,199852,1.25,207000,520340,120
cloud-k3s-pool-workers-worker1,1,2026-06-06 08:51:14 UTC,15043168,15464952,162256,1.02,50948,623116,199852,1.25,207000,520340,120
cloud-k3s-pool-workers-worker1,1,2026-06-06 08:51:15 UTC,15043168,15465012,162232,1.02,50948,623136,199852,1.25,207000,520400,140
cloud-k3s-pool-workers-worker1,1,2026-06-06 08:51:16 UTC,15043168,15465012,162224,1.01,50956,623136,199852,1.25,207000,520400,320
cloud-k3s-pool-workers-worker1,1,2026-06-06 08:51:17 UTC,15043168,15465012,162204,1.01,50956,623156,199852,1.25,207000,520400,176
cloud-k3s-pool-workers-worker1,1,2026-06-06 08:51:18 UTC,15043168,15465012,162204,1.01,50956,623156,199852,1.25,207000,520400,176
cloud-k3s-pool-workers-worker1,1,2026-06-06 08:51:19 UTC,15043168,15465012,162184,1.01,50956,623176,199852,1.25,207000,520400,196
cloud-k3s-pool-workers-worker1,1,2026-06-06 08:51:20 UTC,15043168,15465012,162172,1.01,50956,623188,199852,1.25,207000,520400,208
cloud-k3s-pool-workers-worker1,1,2026-06-06 08:51:21 UTC,15043596,15465500,161736,1.01,50956,623196,199852,1.25,207000,520460,392
cloud-k3s-pool-workers-worker1,1,2026-06-06 08:51:22 UTC,15043596,15465500,161716,1.01,50964,623208,199852,1.25,207000,520460,404
cloud-k3s-pool-workers-worker1,1,2026-06-06 08:51:23 UTC,15043596,15465500,161708,1.01,50964,623216,199852,1.25,207000,520460,408
cloud-k3s-pool-workers-worker1,1,2026-06-06 08:51:24 UTC,15043596,15465500,161696,1.01,50964,623228,199852,1.25,207000,520460,420
cloud-k3s-pool-workers-worker1,1,2026-06-06 08:51:25 UTC,15043596,15465500,161688,1.01,50964,623236,199852,1.25,207000,520460,428
cloud-k3s-pool-workers-worker1,1,2026-06-06 08:51:26 UTC,15043596,15465500,161688,1.01,50964,623236,199852,1.25,207000,520460,428
cloud-k3s-pool-workers-worker1,1,2026-06-06 08:51:27 UTC,15043596,15465564,161668,1.01,50964,623256,199852,1.25,207000,520524,276
cloud-k3s-pool-workers-worker1,1,2026-06-06 08:51:28 UTC,15043596,15465564,161656,1.01,50972,623260,199852,1.25,207000,520524,288
cloud-k3s-pool-workers-worker1,1,2026-06-06 08:51:29 UTC,15043596,15465628,161632,1.01,50972,623280,199852,1.25,207000,520584,304
cloud-k3s-pool-workers-worker1,1,2026-06-06 08:51:30 UTC,15043596,15465628,161632,1.01,50972,623280,199852,1.25,207000,520584,304
cloud-k3s-pool-workers-worker1,1,2026-06-06 08:51:31 UTC,15043596,15465628,161612,1.01,50972,623300,199852,1.25,207000,520584,496
cloud-k3s-pool-workers-worker1,1,2026-06-06 08:51:32 UTC,15043596,15465628,161604,1.01,50972,623308,199852,1.25,207000,520584,504
cloud-k3s-pool-workers-worker1,1,2026-06-06 08:51:33 UTC,15043596,15465688,161592,1.01,50972,623320,199852,1.25,207000,520644,196
cloud-k3s-pool-workers-worker1,1,2026-06-06 08:51:34 UTC,15043596,15465688,161592,1.01,50980,623312,199852,1.25,207000,520644,196
cloud-k3s-pool-workers-worker1,1,2026-06-06 08:51:35 UTC,15043596,15465688,161564,1.01,50980,623340,199852,1.25,207000,520644,232
cloud-k3s-pool-workers-worker1,1,2026-06-06 08:51:36 UTC,15043596,15465688,161556,1.01,50980,623348,199852,1.25,207000,520644,252
cloud-k3s-pool-workers-worker1,1,2026-06-06 08:51:37 UTC,15043596,15465688,161544,1.01,50980,623360,199852,1.25,207000,520644,80
cloud-k3s-pool-workers-worker1,1,2026-06-06 08:51:38 UTC,15043596,15465688,161544,1.01,50980,623360,199852,1.25,207000,520644,80
cloud-k3s-pool-workers-worker1,1,2026-06-06 08:51:39 UTC,15043596,15465748,161524,1.01,50980,623380,199852,1.25,207000,520704,100
cloud-k3s-pool-workers-worker1,1,2026-06-06 08:51:40 UTC,15043596,15465748,161512,1.01,50988,623384,199852,1.25,207000,520704,112
cloud-k3s-pool-workers-worker1,1,2026-06-06 08:51:41 UTC,15043344,15465520,161732,1.01,51004,623400,199852,1.25,207000,520728,292
cloud-k3s-pool-workers-worker1,1,2026-06-06 08:51:42 UTC,15043344,15465520,161720,1.01,51004,623412,199852,1.25,207000,520728,304
cloud-k3s-pool-workers-worker1,1,2026-06-06 08:51:43 UTC,15043344,15465520,161712,1.01,51004,623420,199852,1.25,207000,520728,140
cloud-k3s-pool-workers-worker1,1,2026-06-06 08:51:44 UTC,15043344,15465520,161696,1.01,51004,623432,199852,1.25,207000,520728,152
cloud-k3s-pool-workers-worker1,1,2026-06-06 08:51:45 UTC,15043344,15465520,161688,1.01,51004,623440,199852,1.25,207000,520728,160
cloud-k3s-pool-workers-worker1,1,2026-06-06 08:51:46 UTC,15043344,15465520,161676,1.01,51012,623444,199852,1.25,207000,520728,344
cloud-k3s-pool-workers-worker1,1,2026-06-06 08:51:47 UTC,15043344,15465620,161660,1.01,51012,623460,199852,1.25,207000,520828,320
cloud-k3s-pool-workers-worker1,1,2026-06-06 08:51:48 UTC,15043344,15465620,161648,1.01,51012,623472,199852,1.25,207000,520828,332
cloud-k3s-pool-workers-worker1,1,2026-06-06 08:51:49 UTC,15043344,15465620,161640,1.01,51012,623480,199852,1.25,207000,520828,340
cloud-k3s-pool-workers-worker1,1,2026-06-06 08:51:50 UTC,15043344,15465620,161628,1.01,51012,623492,199852,1.25,207000,520828,352
cloud-k3s-pool-workers-worker1,1,2026-06-06 08:51:51 UTC,15043344,15465620,161620,1.01,51012,623500,199852,1.25,207000,520828,372
cloud-k3s-pool-workers-worker1,1,2026-06-06 08:51:52 UTC,15043344,15465620,161600,1.01,51020,623512,199852,1.25,207000,520828,216
cloud-k3s-pool-workers-worker1,1,2026-06-06 08:51:53 UTC,15043344,15465680,161588,1.01,51020,623524,199852,1.25,207000,520888,228
cloud-k3s-pool-workers-worker1,1,2026-06-06 08:51:54 UTC,15043344,15465680,161580,1.01,51020,623532,199852,1.25,207000,520888,236
cloud-k3s-pool-workers-worker1,1,2026-06-06 08:51:55 UTC,15043344,15465680,161568,1.01,51020,623544,199852,1.25,207000,520888,248
cloud-k3s-pool-workers-worker1,1,2026-06-06 08:51:56 UTC,15043344,15465680,161560,1.01,51020,623552,199852,1.25,207000,520888,428
cloud-k3s-pool-workers-worker1,1,2026-06-06 08:51:57 UTC,15043344,15465680,161548,1.01,51020,623564,202700,1.27,208060,520888,440
cloud-k3s-pool-workers-worker1,1,2026-06-06 08:51:58 UTC,15043092,15465436,161784,1.01,51028,623572,203036,1.27,208580,520896,508
cloud-k3s-pool-workers-worker1,1,2026-06-06 08:51:59 UTC,15043092,15465500,161768,1.01,51028,623584,203036,1.27,208580,520956,524
cloud-k3s-pool-workers-worker1,1,2026-06-06 08:52:00 UTC,15043092,15465500,161760,1.01,51028,623592,203036,1.27,208580,520956,532
cloud-k3s-pool-workers-worker1,1,2026-06-06 08:52:01 UTC,15043092,15465500,161748,1.01,51028,623604,203036,1.27,208632,520956,312
cloud-k3s-pool-workers-worker1,1,2026-06-06 08:52:02 UTC,15043092,15465500,161744,1.01,51028,623612,199852,1.25,206988,520956,444
cloud-k3s-pool-workers-worker1,1,2026-06-06 08:52:03 UTC,15043092,15465500,161732,1.01,51028,623624,199852,1.25,206980,520956,456
cloud-k3s-pool-workers-worker1,1,2026-06-06 08:52:04 UTC,15042556,15464968,162240,1.02,51036,623640,203300,1.27,208356,520960,300
cloud-k3s-pool-workers-worker1,1,2026-06-06 08:52:05 UTC,15042556,15465028,162232,1.02,51036,623648,203300,1.27,208616,521020,252
cloud-k3s-pool-workers-worker1,1,2026-06-06 08:52:06 UTC,15042556,15465028,162220,1.01,51036,623660,203300,1.27,208616,521020,360
cloud-k3s-pool-workers-worker1,1,2026-06-06 08:52:07 UTC,15042556,15465028,162212,1.01,51036,623668,203300,1.27,208616,521020,72
cloud-k3s-pool-workers-worker1,1,2026-06-06 08:52:08 UTC,15042556,15465148,162072,1.01,51036,623808,203300,1.27,208712,521044,204
cloud-k3s-pool-workers-worker1,1,2026-06-06 08:52:09 UTC,15042556,15465148,162064,1.01,51044,623808,199852,1.25,207068,521044,212
cloud-k3s-pool-workers-worker1,1,2026-06-06 08:52:10 UTC,15042556,15465148,162064,1.01,51044,623808,199852,1.25,207068,521044,212
cloud-k3s-pool-workers-worker1,1,2026-06-06 08:52:11 UTC,15045556,15468208,159036,1.00,51044,623836,199852,1.25,207096,521072,368
cloud-k3s-pool-workers-worker1,1,2026-06-06 08:52:12 UTC,15046336,15468988,158244,0.99,51044,623848,199852,1.25,207096,521072,380
cloud-k3s-pool-workers-worker1,1,2026-06-06 08:52:13 UTC,15046160,15468812,158412,0.99,51044,623856,199852,1.25,207096,521072,148
cloud-k3s-pool-workers-worker1,1,2026-06-06 08:52:14 UTC,15046160,15468812,158412,0.99,51044,623856,199852,1.25,207096,521072,148
cloud-k3s-pool-workers-worker1,1,2026-06-06 08:52:15 UTC,15046160,15468816,158380,0.99,51052,623876,199852,1.25,207096,521072,168
cloud-k3s-pool-workers-worker1,1,2026-06-06 08:52:16 UTC,15046160,15468876,158368,0.99,51052,623888,199852,1.25,207096,521132,352
cloud-k3s-pool-workers-worker1,1,2026-06-06 08:52:17 UTC,15046160,15468876,158356,0.99,51052,623900,199852,1.25,207096,521132,364
cloud-k3s-pool-workers-worker1,1,2026-06-06 08:52:18 UTC,15046160,15468876,158348,0.99,51052,623908,199852,1.25,207096,521132,372
cloud-k3s-pool-workers-worker1,1,2026-06-06 08:52:19 UTC,15046160,15468876,158336,0.99,51052,623920,199852,1.25,207096,521132,384
cloud-k3s-pool-workers-worker1,1,2026-06-06 08:52:20 UTC,15046160,15468876,158336,0.99,51052,623920,199852,1.25,207096,521132,384
cloud-k3s-pool-workers-worker1,1,2026-06-06 08:52:21 UTC,15043168,15465884,161300,1.01,51060,623940,203300,1.27,208736,521132,608
cloud-k3s-pool-workers-worker1,1,2026-06-06 08:52:22 UTC,15043168,15465944,161288,1.01,51060,623952,203300,1.27,208736,521192,328
cloud-k3s-pool-workers-worker1,1,2026-06-06 08:52:23 UTC,15043168,15465944,161276,1.01,51060,623964,199852,1.25,207088,521192,376
cloud-k3s-pool-workers-worker1,1,2026-06-06 08:52:24 UTC,15046168,15468944,158268,0.99,51060,623972,199852,1.25,207088,521192,384
cloud-k3s-pool-workers-worker1,1,2026-06-06 08:52:25 UTC,15046168,15468944,158264,0.99,51060,623984,199852,1.25,207080,521192,396
cloud-k3s-pool-workers-worker1,1,2026-06-06 08:52:26 UTC,15046168,15468944,158264,0.99,51068,623976,199852,1.25,207080,521192,136
cloud-k3s-pool-workers-worker1,1,2026-06-06 08:52:27 UTC,15046168,15468948,158236,0.99,51068,624004,199852,1.25,207080,521196,268
cloud-k3s-pool-workers-worker1,1,2026-06-06 08:52:28 UTC,15046168,15469008,158224,0.99,51068,624016,199852,1.25,207080,521256,280
cloud-k3s-pool-workers-worker1,1,2026-06-06 08:52:29 UTC,15046168,15469008,158212,0.99,51068,624024,199852,1.25,207080,521256,288
cloud-k3s-pool-workers-worker1,1,2026-06-06 08:52:30 UTC,15046168,15469008,158212,0.99,51068,624024,199852,1.25,207080,521256,288
cloud-k3s-pool-workers-worker1,1,2026-06-06 08:52:31 UTC,15046168,15469008,158184,0.99,51076,624044,199852,1.25,207080,521256,480
cloud-k3s-pool-workers-worker1,1,2026-06-06 08:52:32 UTC,15046168,15469008,158172,0.99,51076,624056,199852,1.25,207080,521256,492
cloud-k3s-pool-workers-worker1,1,2026-06-06 08:52:33 UTC,15046168,15469008,158164,0.99,51076,624064,199852,1.25,207080,521256,328
cloud-k3s-pool-workers-worker1,1,2026-06-06 08:52:34 UTC,15046168,15469008,158164,0.99,51076,624064,199852,1.25,207080,521256,328
cloud-k3s-pool-workers-worker1,1,2026-06-06 08:52:35 UTC,15046168,15469068,158144,0.99,51076,624084,199852,1.25,207080,521316,340
cloud-k3s-pool-workers-worker1,1,2026-06-06 08:52:36 UTC,15046168,15469068,158132,0.99,51084,624088,199852,1.25,207080,521316,264
cloud-k3s-pool-workers-worker1,1,2026-06-06 08:52:37 UTC,15046168,15469128,158116,0.99,51084,624104,199852,1.25,207128,521376,224
cloud-k3s-pool-workers-worker1,1,2026-06-06 08:52:38 UTC,15046168,15469128,158116,0.99,51084,624104,199852,1.25,207128,521376,224
cloud-k3s-pool-workers-worker1,1,2026-06-06 08:52:39 UTC,15046168,15469128,158096,0.99,51084,624124,199852,1.25,207128,521376,244
cloud-k3s-pool-workers-worker1,1,2026-06-06 08:52:40 UTC,15046168,15469188,158084,0.99,51084,624136,199852,1.25,207128,521436,256
cloud-k3s-pool-workers-worker1,1,2026-06-06 08:52:41 UTC,15046168,15469188,158064,0.99,51092,624148,199852,1.25,207128,521436,96
cloud-k3s-pool-workers-worker1,1,2026-06-06 08:52:42 UTC,15046168,15469188,158056,0.99,51092,624156,199852,1.25,207128,521436,104
cloud-k3s-pool-workers-worker1,1,2026-06-06 08:52:43 UTC,15046168,15469188,158044,0.99,51092,624168,199852,1.25,207128,521436,116
cloud-k3s-pool-workers-worker1,1,2026-06-06 08:52:44 UTC,15046168,15469188,158036,0.99,51092,624176,199852,1.25,207128,521436,124
cloud-k3s-pool-workers-worker1,1,2026-06-06 08:52:45 UTC,15045916,15469000,158272,0.99,51092,624188,199852,1.25,207128,521496,136
cloud-k3s-pool-workers-worker1,1,2026-06-06 08:52:46 UTC,15045916,15469000,158264,0.99,51100,624188,199852,1.25,207128,521496,316
cloud-k3s-pool-workers-worker1,1,2026-06-06 08:52:47 UTC,15045916,15469000,158244,0.99,51100,624208,199852,1.25,207128,521496,332
cloud-k3s-pool-workers-worker1,1,2026-06-06 08:52:48 UTC,15045916,15469000,158236,0.99,51100,624216,199852,1.25,207128,521496,168
cloud-k3s-pool-workers-worker1,1,2026-06-06 08:52:49 UTC,15045916,15469000,158224,0.99,51100,624228,199852,1.25,207128,521496,180
cloud-k3s-pool-workers-worker1,1,2026-06-06 08:52:50 UTC,15045916,15469000,158216,0.99,51100,624236,199852,1.25,207128,521496,188
cloud-k3s-pool-workers-worker1,1,2026-06-06 08:52:51 UTC,15045916,15469060,158204,0.99,51108,624240,199852,1.25,207128,521556,376
cloud-k3s-pool-workers-worker1,1,2026-06-06 08:52:52 UTC,15045916,15469060,158184,0.99,51108,624260,199852,1.25,207128,521556,388
cloud-k3s-pool-workers-worker1,1,2026-06-06 08:52:53 UTC,15045916,15469060,158176,0.99,51108,624268,199852,1.25,207128,521556,396
cloud-k3s-pool-workers-worker1,1,2026-06-06 08:52:54 UTC,15045916,15469060,158164,0.99,51108,624280,199852,1.25,207128,521556,408
cloud-k3s-pool-workers-worker1,1,2026-06-06 08:52:55 UTC,15045916,15469060,158156,0.99,51108,624288,199852,1.25,207128,521556,416
cloud-k3s-pool-workers-worker1,1,2026-06-06 08:52:56 UTC,15045916,15469060,158144,0.99,51116,624292,199852,1.25,207128,521556,440
cloud-k3s-pool-workers-worker1,1,2026-06-06 08:52:57 UTC,15045916,15469120,158128,0.99,51116,624308,199852,1.25,207128,521616,220
cloud-k3s-pool-workers-worker1,1,2026-06-06 08:52:58 UTC,15045916,15469120,158116,0.99,51116,624320,199852,1.25,207128,521616,232
cloud-k3s-pool-workers-worker1,1,2026-06-06 08:52:59 UTC,15045916,15469120,158108,0.99,51116,624328,199852,1.25,207128,521616,240
cloud-k3s-pool-workers-worker1,1,2026-06-06 08:53:00 UTC,15045916,15469120,158092,0.99,51116,624340,199852,1.25,207128,521616,252
cloud-k3s-pool-workers-worker1,1,2026-06-06 08:53:01 UTC,15045916,15469120,158084,0.99,51124,624340,199852,1.25,207128,521616,432
cloud-k3s-pool-workers-worker1,1,2026-06-06 08:53:02 UTC,15045916,15469120,158064,0.99,51124,624360,199852,1.25,207128,521616,456
cloud-k3s-pool-workers-worker1,1,2026-06-06 08:53:03 UTC,15045916,15469180,158056,0.99,51124,624368,199852,1.25,207128,521676,464
cloud-k3s-pool-workers-worker1,1,2026-06-06 08:53:04 UTC,15045916,15469180,158044,0.99,51124,624380,199852,1.25,207128,521676,476
cloud-k3s-pool-workers-worker1,1,2026-06-06 08:53:05 UTC,15045916,15469180,158032,0.99,51124,624392,199852,1.25,207128,521676,488
cloud-k3s-pool-workers-worker1,1,2026-06-06 08:53:06 UTC,15045916,15469180,158024,0.99,51132,624392,199852,1.25,207128,521676,508
cloud-k3s-pool-workers-worker1,1,2026-06-06 08:53:07 UTC,15045916,15469180,158004,0.99,51132,624412,199852,1.25,207128,521676,76
cloud-k3s-pool-workers-worker1,1,2026-06-06 08:53:08 UTC,15045916,15469180,157996,0.99,51132,624420,199852,1.25,207128,521676,28
cloud-k3s-pool-workers-worker1,1,2026-06-06 08:53:09 UTC,15045916,15469240,157984,0.99,51132,624432,199852,1.25,207128,521736,40
cloud-k3s-pool-workers-worker1,1,2026-06-06 08:53:10 UTC,15045916,15469240,157976,0.99,51132,624440,199852,1.25,207128,521736,48
cloud-k3s-pool-workers-worker1,1,2026-06-06 08:53:11 UTC,15045916,15469240,157964,0.99,51140,624444,199852,1.25,207128,521736,232
cloud-k3s-pool-workers-worker1,1,2026-06-06 08:53:12 UTC,15045916,15469240,157956,0.99,51140,624452,199852,1.25,207128,521736,240
cloud-k3s-pool-workers-worker1,1,2026-06-06 08:53:13 UTC,15045916,15469300,157936,0.99,51140,624472,199852,1.25,207128,521796,96
cloud-k3s-pool-workers-worker1,1,2026-06-06 08:53:14 UTC,15045916,15469300,157928,0.99,51140,624480,199852,1.25,207128,521796,104
cloud-k3s-pool-workers-worker1,1,2026-06-06 08:53:15 UTC,15045916,15469364,157912,0.99,51140,624492,199852,1.25,207128,521856,116
cloud-k3s-pool-workers-worker1,1,2026-06-06 08:53:16 UTC,15045916,15469364,157912,0.99,51148,624484,199852,1.25,207128,521856,116
cloud-k3s-pool-workers-worker1,1,2026-06-06 08:53:17 UTC,15045664,15469112,158136,0.99,51148,624512,199852,1.25,207128,521856,308
cloud-k3s-pool-workers-worker1,1,2026-06-06 08:53:18 UTC,15045664,15469112,158124,0.99,51148,624524,199852,1.25,207128,521856,320
cloud-k3s-pool-workers-worker1,1,2026-06-06 08:53:19 UTC,15045664,15469112,158116,0.99,51148,624532,199852,1.25,207128,521856,328
cloud-k3s-pool-workers-worker1,1,2026-06-06 08:53:20 UTC,15045664,15469112,158116,0.99,51148,624532,199852,1.25,207128,521856,328
cloud-k3s-pool-workers-worker1,1,2026-06-06 08:53:21 UTC,15045664,15469172,158096,0.99,51156,624544,199852,1.25,207128,521916,360
cloud-k3s-pool-workers-worker1,1,2026-06-06 08:53:22 UTC,15045664,15469172,158084,0.99,51156,624556,199852,1.25,207128,521916,372
cloud-k3s-pool-workers-worker1,1,2026-06-06 08:53:23 UTC,15045664,15469172,158068,0.99,51156,624572,199852,1.25,207128,521916,196
cloud-k3s-pool-workers-worker1,1,2026-06-06 08:53:24 UTC,15045664,15469172,158068,0.99,51156,624572,199852,1.25,207128,521916,196
cloud-k3s-pool-workers-worker1,1,2026-06-06 08:53:25 UTC,15045664,15469172,158048,0.99,51156,624592,199852,1.25,207128,521916,216
cloud-k3s-pool-workers-worker1,1,2026-06-06 08:53:26 UTC,15045664,15469172,158036,0.99,51164,624596,199852,1.25,207128,521916,400
cloud-k3s-pool-workers-worker1,1,2026-06-06 08:53:27 UTC,15045664,15469256,158020,0.99,51164,624612,199852,1.25,207128,522000,236
cloud-k3s-pool-workers-worker1,1,2026-06-06 08:53:28 UTC,15045664,15469256,158020,0.99,51164,624612,199852,1.25,207128,522000,236
cloud-k3s-pool-workers-worker1,1,2026-06-06 08:53:29 UTC,15045664,15469256,157996,0.99,51164,624636,199852,1.25,207128,522000,260
cloud-k3s-pool-workers-worker1,1,2026-06-06 08:53:30 UTC,15045664,15469256,157984,0.99,51164,624644,199852,1.25,207128,522000,268
cloud-k3s-pool-workers-worker1,1,2026-06-06 08:53:31 UTC,15045664,15469256,157964,0.99,51172,624656,199852,1.25,207128,522000,460
cloud-k3s-pool-workers-worker1,1,2026-06-06 08:53:32 UTC,15045664,15469256,157956,0.99,51172,624664,199852,1.25,207128,522000,468
cloud-k3s-pool-workers-worker1,1,2026-06-06 08:53:33 UTC,15045664,15469316,157944,0.99,51172,624676,199852,1.25,207128,522060,448
cloud-k3s-pool-workers-worker1,1,2026-06-06 08:53:34 UTC,15045664,15469316,157944,0.99,51172,624676,199852,1.25,207128,522060,448
cloud-k3s-pool-workers-worker1,1,2026-06-06 08:53:35 UTC,15045664,15469316,157924,0.99,51172,624696,199852,1.25,207128,522060,468
cloud-k3s-pool-workers-worker1,1,2026-06-06 08:53:36 UTC,15045664,15469316,157916,0.99,51180,624696,199852,1.25,207128,522060,488
cloud-k3s-pool-workers-worker1,1,2026-06-06 08:53:37 UTC,15045664,15469332,157896,0.99,51180,624716,199852,1.25,207128,522076,324
cloud-k3s-pool-workers-worker1,1,2026-06-06 08:53:38 UTC,15045664,15469332,157896,0.99,51180,624716,199852,1.25,207128,522076,324
cloud-k3s-pool-workers-worker1,1,2026-06-06 08:53:39 UTC,15045664,15469392,157876,0.99,51180,624736,199852,1.25,207128,522136,16
cloud-k3s-pool-workers-worker1,1,2026-06-06 08:53:40 UTC,15045664,15469392,157864,0.99,51180,624748,199852,1.25,207128,522136,32
cloud-k3s-pool-workers-worker1,1,2026-06-06 08:53:41 UTC,15045664,15469396,157844,0.99,51188,624756,199852,1.25,207128,522136,232
cloud-k3s-pool-workers-worker1,1,2026-06-06 08:53:42 UTC,15045664,15469396,157832,0.99,51188,624768,199852,1.25,207128,522136,244
cloud-k3s-pool-workers-worker1,1,2026-06-06 08:53:43 UTC,15045664,15469396,157824,0.99,51188,624776,199852,1.25,207128,522136,248
cloud-k3s-pool-workers-worker1,1,2026-06-06 08:53:44 UTC,15045664,15469456,157812,0.99,51188,624788,199852,1.25,207128,522196,260
cloud-k3s-pool-workers-worker1,1,2026-06-06 08:53:45 UTC,15045664,15469456,157800,0.99,51188,624796,199852,1.25,207128,522196,268
cloud-k3s-pool-workers-worker1,1,2026-06-06 08:53:46 UTC,15045664,15469456,157800,0.99,51196,624788,199852,1.25,207128,522196,268
cloud-k3s-pool-workers-worker1,1,2026-06-06 08:53:47 UTC,15045412,15469204,158024,0.99,51196,624816,199852,1.25,207128,522196,116
cloud-k3s-pool-workers-worker1,1,2026-06-06 08:53:48 UTC,15045412,15469204,158012,0.99,51196,624828,199852,1.25,207128,522196,128
cloud-k3s-pool-workers-worker1,1,2026-06-06 08:53:49 UTC,15045412,15469204,158004,0.99,51196,624836,199852,1.25,207128,522196,136
cloud-k3s-pool-workers-worker1,1,2026-06-06 08:53:50 UTC,15045412,15469264,157992,0.99,51196,624848,199852,1.25,207128,522256,148
cloud-k3s-pool-workers-worker1,1,2026-06-06 08:53:51 UTC,15045412,15469264,157980,0.99,51204,624852,199852,1.25,207128,522256,336
cloud-k3s-pool-workers-worker1,1,2026-06-06 08:53:52 UTC,15045412,15469264,157964,0.99,51204,624868,199852,1.25,207128,522256,344
cloud-k3s-pool-workers-worker1,1,2026-06-06 08:53:53 UTC,15045412,15469264,157952,0.99,51204,624880,199852,1.25,207128,522256,180
cloud-k3s-pool-workers-worker1,1,2026-06-06 08:53:54 UTC,15045412,15469264,157944,0.99,51204,624888,199852,1.25,207128,522256,188
cloud-k3s-pool-workers-worker1,1,2026-06-06 08:53:55 UTC,15045412,15469264,157932,0.99,51204,624900,199852,1.25,207128,522256,200
cloud-k3s-pool-workers-worker1,1,2026-06-06 08:53:56 UTC,15045412,15469324,157924,0.99,51212,624900,199852,1.25,207128,522316,384
cloud-k3s-pool-workers-worker1,1,2026-06-06 08:53:57 UTC,15045412,15469324,157904,0.99,51212,624920,199852,1.25,207128,522316,396
cloud-k3s-pool-workers-worker1,1,2026-06-06 08:53:58 UTC,15045412,15469324,157896,0.99,51212,624928,199852,1.25,207128,522316,404
cloud-k3s-pool-workers-worker1,1,2026-06-06 08:53:59 UTC,15045412,15469324,157884,0.99,51212,624940,199852,1.25,207128,522316,416
cloud-k3s-pool-workers-worker1,1,2026-06-06 08:54:00 UTC,15046276,15470188,157012,0.98,51212,624948,199852,1.25,207128,522316,424
cloud-k3s-pool-workers-worker1,1,2026-06-06 08:54:01 UTC,15046276,15470192,156980,0.98,51220,624952,199852,1.25,207128,522316,448
cloud-k3s-pool-workers-worker1,1,2026-06-06 08:54:02 UTC,15046276,15470252,156964,0.98,51220,624968,199852,1.25,207128,522376,268
cloud-k3s-pool-workers-worker1,1,2026-06-06 08:54:03 UTC,15046276,15470252,156952,0.98,51220,624980,199852,1.25,207128,522376,280
cloud-k3s-pool-workers-worker1,1,2026-06-06 08:54:04 UTC,15046276,15470252,156940,0.98,51220,624992,199852,1.25,207128,522376,292
cloud-k3s-pool-workers-worker1,1,2026-06-06 08:54:05 UTC,15046024,15470000,157184,0.98,51220,625000,199852,1.25,207128,522376,300
cloud-k3s-pool-workers-worker1,1,2026-06-06 08:54:06 UTC,15046024,15470000,157172,0.98,51228,625004,199852,1.25,207128,522376,484
cloud-k3s-pool-workers-worker1,1,2026-06-06 08:54:07 UTC,15046024,15470000,157156,0.98,51228,625020,199852,1.25,207128,522376,464
cloud-k3s-pool-workers-worker1,1,2026-06-06 08:54:08 UTC,15046024,15470060,157144,0.98,51228,625032,199852,1.25,207128,522436,476
cloud-k3s-pool-workers-worker1,1,2026-06-06 08:54:09 UTC,15046024,15470060,157136,0.98,51228,625040,199852,1.25,207128,522436,484
cloud-k3s-pool-workers-worker1,1,2026-06-06 08:54:10 UTC,15046024,15470060,157124,0.98,51228,625052,199852,1.25,207128,522436,236
cloud-k3s-pool-workers-worker1,1,2026-06-06 08:54:11 UTC,15046024,15470060,157116,0.98,51236,625052,199852,1.25,207128,522436,16
cloud-k3s-pool-workers-worker1,1,2026-06-06 08:54:12 UTC,15046024,15470060,157096,0.98,51236,625072,199852,1.25,207128,522436,52
cloud-k3s-pool-workers-worker1,1,2026-06-06 08:54:13 UTC,15046024,15470060,157088,0.98,51236,625080,199852,1.25,207128,522436,60
cloud-k3s-pool-workers-worker1,1,2026-06-06 08:54:14 UTC,15046024,15470060,157088,0.98,51236,625080,199852,1.25,207128,522436,60
cloud-k3s-pool-workers-worker1,1,2026-06-06 08:54:15 UTC,15046024,15470120,157060,0.98,51236,625104,199852,1.25,207128,522496,84
cloud-k3s-pool-workers-worker1,1,2026-06-06 08:54:16 UTC,15046024,15470120,157052,0.98,51244,625104,199852,1.25,207128,522496,264
cloud-k3s-pool-workers-worker1,1,2026-06-06 08:54:17 UTC,15046024,15470120,157040,0.98,51244,625116,199852,1.25,207128,522496,276
cloud-k3s-pool-workers-worker1,1,2026-06-06 08:54:18 UTC,15045772,15469928,157276,0.98,51244,625132,199852,1.25,207128,522556,112
cloud-k3s-pool-workers-worker1,1,2026-06-06 08:54:19 UTC,15045772,15469928,157264,0.98,51244,625144,199852,1.25,207128,522556,124
cloud-k3s-pool-workers-worker1,1,2026-06-06 08:54:20 UTC,15045772,15469988,157256,0.98,51244,625152,199852,1.25,207128,522616,132
cloud-k3s-pool-workers-worker1,1,2026-06-06 08:54:21 UTC,15045772,15469988,157244,0.98,51252,625156,199852,1.25,207128,522616,316
cloud-k3s-pool-workers-worker1,1,2026-06-06 08:54:22 UTC,15045772,15469988,157228,0.98,51252,625172,199852,1.25,207128,522616,328
cloud-k3s-pool-workers-worker1,1,2026-06-06 08:54:23 UTC,15045772,15469988,157216,0.98,51252,625184,199852,1.25,207128,522616,340
cloud-k3s-pool-workers-worker1,1,2026-06-06 08:54:24 UTC,15045772,15469988,157216,0.98,51252,625184,199852,1.25,207128,522616,340
cloud-k3s-pool-workers-worker1,1,2026-06-06 08:54:25 UTC,15045772,15469988,157216,0.98,51252,625184,199852,1.25,207128,522616,340
cloud-k3s-pool-workers-worker1,1,2026-06-06 08:54:26 UTC,15045772,15470048,157188,0.98,51260,625204,199852,1.25,207128,522676,388
cloud-k3s-pool-workers-worker1,1,2026-06-06 08:54:27 UTC,15045772,15470048,157176,0.98,51260,625216,199852,1.25,207128,522676,400
cloud-k3s-pool-workers-worker1,1,2026-06-06 08:54:28 UTC,15045772,15470048,157156,0.98,51260,625236,199852,1.25,207128,522676,220
cloud-k3s-pool-workers-worker1,1,2026-06-06 08:54:29 UTC,15045772,15470048,157148,0.98,51260,625244,199852,1.25,207128,522676,228
cloud-k3s-pool-workers-worker1,1,2026-06-06 08:54:30 UTC,15045520,15469796,157388,0.98,51260,625256,199852,1.25,207128,522676,240
cloud-k3s-pool-workers-worker1,1,2026-06-06 08:54:31 UTC,15045520,15469800,157376,0.98,51268,625256,199852,1.25,207128,522676,248
cloud-k3s-pool-workers-worker1,1,2026-06-06 08:54:32 UTC,15045416,15469764,157444,0.99,51268,625276,199852,1.25,207128,522736,432
cloud-k3s-pool-workers-worker1,1,2026-06-06 08:54:33 UTC,15045668,15470016,157184,0.98,51268,625284,199852,1.25,207128,522736,440
cloud-k3s-pool-workers-worker1,1,2026-06-06 08:54:34 UTC,15045668,15470016,157172,0.98,51268,625296,199852,1.25,207128,522736,280
cloud-k3s-pool-workers-worker1,1,2026-06-06 08:54:35 UTC,15045668,15470016,157164,0.98,51268,625304,199852,1.25,207128,522736,288
cloud-k3s-pool-workers-worker1,1,2026-06-06 08:54:36 UTC,15045668,15470016,157152,0.98,51276,625308,199852,1.25,207128,522736,472
cloud-k3s-pool-workers-worker1,1,2026-06-06 08:54:37 UTC,15045668,15470016,157136,0.98,51276,625324,199852,1.25,207128,522736,480
cloud-k3s-pool-workers-worker1,1,2026-06-06 08:54:38 UTC,15042676,15467024,160124,1.00,51276,625324,203300,1.27,208504,522736,484
cloud-k3s-pool-workers-worker1,1,2026-06-06 08:54:39 UTC,15042676,15467024,160124,1.00,51276,625324,203300,1.27,208504,522736,484
cloud-k3s-pool-workers-worker1,1,2026-06-06 08:54:40 UTC,15042424,15466832,160344,1.00,51276,625356,203300,1.27,208768,522796,632
cloud-k3s-pool-workers-worker1,1,2026-06-06 08:54:41 UTC,15042424,15466832,160324,1.00,51284,625368,199852,1.25,207108,522796,680
cloud-k3s-pool-workers-worker1,1,2026-06-06 08:54:42 UTC,15042424,15466832,160316,1.00,51284,625376,199852,1.25,207108,522796,168
cloud-k3s-pool-workers-worker1,1,2026-06-06 08:54:43 UTC,15042424,15466892,160304,1.00,51284,625388,199852,1.25,207128,522856,24
cloud-k3s-pool-workers-worker1,1,2026-06-06 08:54:44 UTC,15045424,15469892,157304,0.98,51284,625388,199852,1.25,207128,522856,24
cloud-k3s-pool-workers-worker1,1,2026-06-06 08:54:45 UTC,15045172,15469640,157536,0.99,51284,625408,199852,1.25,207128,522856,44
cloud-k3s-pool-workers-worker1,1,2026-06-06 08:54:46 UTC,15045172,15469640,157524,0.99,51292,625408,199852,1.25,207128,522856,224
cloud-k3s-pool-workers-worker1,1,2026-06-06 08:54:47 UTC,15045172,15469640,157504,0.99,51292,625428,199852,1.25,207128,522856,268
cloud-k3s-pool-workers-worker1,1,2026-06-06 08:54:48 UTC,15044920,15469388,157748,0.99,51292,625436,199852,1.25,207128,522856,104
cloud-k3s-pool-workers-worker1,1,2026-06-06 08:54:49 UTC,15044920,15469448,157736,0.99,51292,625448,199852,1.25,207128,522916,116
cloud-k3s-pool-workers-worker1,1,2026-06-06 08:54:50 UTC,15044920,15469448,157728,0.99,51292,625456,199852,1.25,207128,522916,124
cloud-k3s-pool-workers-worker1,1,2026-06-06 08:54:51 UTC,15044920,15469508,157708,0.99,51300,625468,199852,1.25,207128,522976,308
cloud-k3s-pool-workers-worker1,1,2026-06-06 08:54:52 UTC,15044920,15469508,157696,0.99,51300,625480,199852,1.25,207128,522976,320
cloud-k3s-pool-workers-worker1,1,2026-06-06 08:54:53 UTC,15044920,15469508,157688,0.99,51300,625488,199852,1.25,207128,522976,328
cloud-k3s-pool-workers-worker1,1,2026-06-06 08:54:54 UTC,15044920,15469508,157676,0.99,51300,625500,199852,1.25,207128,522976,336
cloud-k3s-pool-workers-worker1,1,2026-06-06 08:54:55 UTC,15044668,15469316,157920,0.99,51300,625508,199852,1.25,207128,523036,344
cloud-k3s-pool-workers-worker1,1,2026-06-06 08:54:56 UTC,15044668,15469316,157908,0.99,51308,625512,199852,1.25,207128,523036,184
cloud-k3s-pool-workers-worker1,1,2026-06-06 08:54:57 UTC,15044668,15469316,157892,0.99,51308,625528,199852,1.25,207128,523036,196
cloud-k3s-pool-workers-worker1,1,2026-06-06 08:54:58 UTC,15044668,15469316,157880,0.99,51308,625540,199852,1.25,207128,523036,208
cloud-k3s-pool-workers-worker1,1,2026-06-06 08:54:59 UTC,15044668,15469316,157872,0.99,51308,625548,199852,1.25,207128,523036,216
cloud-k3s-pool-workers-worker1,1,2026-06-06 08:55:00 UTC,15044668,15469316,157872,0.99,51308,625548,199852,1.25,207128,523036,216
cloud-k3s-pool-workers-worker1,1,2026-06-06 08:55:01 UTC,15044668,15469380,157848,0.99,51316,625560,199852,1.25,207128,523096,408
cloud-k3s-pool-workers-worker1,1,2026-06-06 08:55:02 UTC,15043916,15468644,158580,0.99,51316,625580,199852,1.25,207104,523112,412
cloud-k3s-pool-workers-worker1,1,2026-06-06 08:55:03 UTC,15043916,15468644,158568,0.99,51316,625592,199852,1.25,207104,523112,424
cloud-k3s-pool-workers-worker1,1,2026-06-06 08:55:04 UTC,15043916,15468644,158560,0.99,51316,625600,199852,1.25,207104,523112,432
cloud-k3s-pool-workers-worker1,1,2026-06-06 08:55:05 UTC,15043916,15468644,158548,0.99,51316,625612,199852,1.25,207104,523112,444
cloud-k3s-pool-workers-worker1,1,2026-06-06 08:55:06 UTC,15042936,15467664,159520,1.00,51316,625620,202700,1.27,208188,523112,548
cloud-k3s-pool-workers-worker1,1,2026-06-06 08:55:07 UTC,15041928,15466716,160508,1.00,51324,625632,203036,1.27,208736,523172,312
cloud-k3s-pool-workers-worker1,1,2026-06-06 08:55:08 UTC,15041928,15466716,160508,1.00,51324,625632,203036,1.27,208736,523172,312
cloud-k3s-pool-workers-worker1,1,2026-06-06 08:55:09 UTC,15041928,15466716,160488,1.00,51324,625652,203036,1.27,208736,523172,496
cloud-k3s-pool-workers-worker1,1,2026-06-06 08:55:10 UTC,15041928,15466716,160480,1.00,51324,625660,203036,1.27,208736,523172,504
cloud-k3s-pool-workers-worker1,1,2026-06-06 08:55:11 UTC,15041676,15466464,160712,1.01,51324,625680,199852,1.25,207160,523172,640
cloud-k3s-pool-workers-worker1,1,2026-06-06 08:55:12 UTC,15041676,15466464,160700,1.01,51332,625688,199852,1.25,207128,523172,656
cloud-k3s-pool-workers-worker1,1,2026-06-06 08:55:13 UTC,15041676,15466464,160700,1.01,51332,625688,199852,1.25,207128,523172,136
cloud-k3s-pool-workers-worker1,1,2026-06-06 08:55:14 UTC,15041676,15466532,160680,1.01,51332,625708,199852,1.25,207128,523240,76
cloud-k3s-pool-workers-worker1,1,2026-06-06 08:55:15 UTC,15041676,15466532,160668,1.01,51332,625720,199852,1.25,207128,523240,84
cloud-k3s-pool-workers-worker1,1,2026-06-06 08:55:16 UTC,15041676,15466532,160652,1.01,51332,625732,199852,1.25,207128,523240,272
cloud-k3s-pool-workers-worker1,1,2026-06-06 08:55:17 UTC,15041676,15466532,160644,1.01,51332,625740,199852,1.25,207128,523240,280
cloud-k3s-pool-workers-worker1,1,2026-06-06 08:55:18 UTC,15041976,15466832,160324,1.00,51340,625752,199852,1.25,207128,523240,276
cloud-k3s-pool-workers-worker1,1,2026-06-06 08:55:19 UTC,15041976,15466892,160316,1.00,51340,625760,199852,1.25,207128,523300,284
cloud-k3s-pool-workers-worker1,1,2026-06-06 08:55:20 UTC,15041220,15466136,161072,1.01,51340,625760,199852,1.25,207128,523300,284
cloud-k3s-pool-workers-worker1,1,2026-06-06 08:55:21 UTC,15041220,15466136,161052,1.01,51340,625780,199852,1.25,207128,523300,316
cloud-k3s-pool-workers-worker1,1,2026-06-06 08:55:22 UTC,15041220,15466136,161040,1.01,51340,625792,199852,1.25,207128,523300,328
cloud-k3s-pool-workers-worker1,1,2026-06-06 08:55:23 UTC,15041220,15466136,161032,1.01,51340,625800,199852,1.25,207128,523300,148
cloud-k3s-pool-workers-worker1,1,2026-06-06 08:55:24 UTC,15041220,15466136,161032,1.01,51348,625792,199852,1.25,207128,523300,148
cloud-k3s-pool-workers-worker1,1,2026-06-06 08:55:25 UTC,15041220,15466196,161004,1.01,51348,625820,199852,1.25,207128,523360,172
cloud-k3s-pool-workers-worker1,1,2026-06-06 08:55:26 UTC,15041220,15466196,160992,1.01,51348,625832,199852,1.25,207128,523360,356
cloud-k3s-pool-workers-worker1,1,2026-06-06 08:55:27 UTC,15041220,15466196,160980,1.01,51348,625844,199852,1.25,207128,523360,368
cloud-k3s-pool-workers-worker1,1,2026-06-06 08:55:28 UTC,15041220,15466196,160980,1.01,51348,625844,199852,1.25,207128,523360,368
cloud-k3s-pool-workers-worker1,1,2026-06-06 08:55:29 UTC,15041220,15466196,160960,1.01,51348,625864,199852,1.25,207128,523360,380
cloud-k3s-pool-workers-worker1,1,2026-06-06 08:55:30 UTC,15041220,15466196,160952,1.01,51356,625864,199852,1.25,207128,523360,388
cloud-k3s-pool-workers-worker1,1,2026-06-06 08:55:31 UTC,15041220,15466292,160924,1.01,51356,625884,199852,1.25,207128,523452,232
cloud-k3s-pool-workers-worker1,1,2026-06-06 08:55:32 UTC,15041220,15466292,160916,1.01,51356,625892,199852,1.25,207128,523452,240
cloud-k3s-pool-workers-worker1,1,2026-06-06 08:55:33 UTC,15041220,15466292,160904,1.01,51356,625904,199852,1.25,207128,523452,252
cloud-k3s-pool-workers-worker1,1,2026-06-06 08:55:34 UTC,15041220,15466292,160904,1.01,51356,625904,199852,1.25,207128,523452,252
cloud-k3s-pool-workers-worker1,1,2026-06-06 08:55:35 UTC,15041220,15466292,160884,1.01,51356,625924,199852,1.25,207128,523452,272
cloud-k3s-pool-workers-worker1,1,2026-06-06 08:55:36 UTC,15041220,15466292,160876,1.01,51364,625924,199852,1.25,207128,523452,456
cloud-k3s-pool-workers-worker1,1,2026-06-06 08:55:37 UTC,15041220,15466360,160856,1.01,51364,625944,199852,1.25,207128,523520,292
cloud-k3s-pool-workers-worker1,1,2026-06-06 08:55:38 UTC,15041220,15466360,160856,1.01,51364,625944,199852,1.25,207128,523520,292
cloud-k3s-pool-workers-worker1,1,2026-06-06 08:55:39 UTC,15041220,15466360,160836,1.01,51364,625964,199852,1.25,207128,523520,312
cloud-k3s-pool-workers-worker1,1,2026-06-06 08:55:40 UTC,15041220,15466360,160824,1.01,51364,625976,199852,1.25,207128,523520,324
cloud-k3s-pool-workers-worker1,1,2026-06-06 08:55:41 UTC,15041220,15466360,160808,1.01,51372,625984,199852,1.25,207128,523520,504
cloud-k3s-pool-workers-worker1,1,2026-06-06 08:55:42 UTC,15041220,15466420,160796,1.01,51372,625996,199852,1.25,207128,523580,516
cloud-k3s-pool-workers-worker1,1,2026-06-06 08:55:43 UTC,15041220,15466420,160788,1.01,51372,626004,199852,1.25,207128,523580,524
cloud-k3s-pool-workers-worker1,1,2026-06-06 08:55:44 UTC,15041220,15466420,160788,1.01,51372,626004,199852,1.25,207128,523580,524
cloud-k3s-pool-workers-worker1,1,2026-06-06 08:55:45 UTC,15041220,15466420,160768,1.01,51372,626024,199852,1.25,207128,523580,216
cloud-k3s-pool-workers-worker1,1,2026-06-06 08:55:46 UTC,15041220,15466424,160744,1.01,51380,626036,199852,1.25,207128,523580,244
cloud-k3s-pool-workers-worker1,1,2026-06-06 08:55:47 UTC,15041220,15466424,160736,1.01,51380,626044,199852,1.25,207128,523580,68
cloud-k3s-pool-workers-worker1,1,2026-06-06 08:55:48 UTC,15041220,15466424,160736,1.01,51380,626044,199852,1.25,207128,523580,68
cloud-k3s-pool-workers-worker1,1,2026-06-06 08:55:49 UTC,15041220,15466484,160716,1.01,51380,626064,199852,1.25,207128,523640,48
cloud-k3s-pool-workers-worker1,1,2026-06-06 08:55:50 UTC,15041220,15466484,160704,1.01,51380,626076,199852,1.25,207128,523640,60
cloud-k3s-pool-workers-worker1,1,2026-06-06 08:55:51 UTC,15040968,15466232,160944,1.01,51388,626080,199852,1.25,207128,523640,72
cloud-k3s-pool-workers-worker1,1,2026-06-06 08:55:52 UTC,15040968,15466232,160928,1.01,51388,626096,199852,1.25,207128,523640,272
cloud-k3s-pool-workers-worker1,1,2026-06-06 08:55:53 UTC,15040968,15466232,160916,1.01,51388,626108,199852,1.25,207128,523640,284
cloud-k3s-pool-workers-worker1,1,2026-06-06 08:55:54 UTC,15040968,15466232,160916,1.01,51388,626108,199852,1.25,207128,523640,284
cloud-k3s-pool-workers-worker1,1,2026-06-06 08:55:55 UTC,15041568,15466892,160296,1.00,51388,626128,199852,1.25,207128,523700,304
cloud-k3s-pool-workers-worker1,1,2026-06-06 08:55:56 UTC,15041568,15466892,160288,1.00,51396,626128,199852,1.25,207128,523700,328
cloud-k3s-pool-workers-worker1,1,2026-06-06 08:55:57 UTC,15041568,15466892,160264,1.00,51396,626148,199852,1.25,207128,523700,148
cloud-k3s-pool-workers-worker1,1,2026-06-06 08:55:58 UTC,15041568,15466892,160256,1.00,51396,626156,199852,1.25,207128,523700,156
cloud-k3s-pool-workers-worker1,1,2026-06-06 08:55:59 UTC,15041568,15466892,160244,1.00,51396,626168,199852,1.25,207128,523700,168
cloud-k3s-pool-workers-worker1,1,2026-06-06 08:56:00 UTC,15041568,15466952,160236,1.00,51396,626176,199852,1.25,207128,523760,176
cloud-k3s-pool-workers-worker1,1,2026-06-06 08:56:01 UTC,15041568,15466956,160220,1.00,51404,626180,199852,1.25,207128,523760,360
cloud-k3s-pool-workers-worker1,1,2026-06-06 08:56:02 UTC,15041568,15466996,160200,1.00,51404,626200,199852,1.25,207128,523800,204
cloud-k3s-pool-workers-worker1,1,2026-06-06 08:56:03 UTC,15041568,15466996,160192,1.00,51404,626208,199852,1.25,207128,523800,208
cloud-k3s-pool-workers-worker1,1,2026-06-06 08:56:04 UTC,15041568,15466996,160180,1.00,51404,626220,199852,1.25,207128,523800,220
cloud-k3s-pool-workers-worker1,1,2026-06-06 08:56:05 UTC,15041568,15466996,160172,1.00,51404,626228,199852,1.25,207128,523800,228
cloud-k3s-pool-workers-worker1,1,2026-06-06 08:56:06 UTC,15041568,15467056,160160,1.00,51412,626232,199852,1.25,207128,523860,240
cloud-k3s-pool-workers-worker1,1,2026-06-06 08:56:07 UTC,15041568,15467056,160144,1.00,51412,626248,199852,1.25,207128,523860,428
cloud-k3s-pool-workers-worker1,1,2026-06-06 08:56:08 UTC,15041568,15467056,160132,1.00,51412,626260,199852,1.25,207128,523860,440
cloud-k3s-pool-workers-worker1,1,2026-06-06 08:56:09 UTC,15041316,15466804,160376,1.00,51412,626268,199852,1.25,207128,523860,448
cloud-k3s-pool-workers-worker1,1,2026-06-06 08:56:10 UTC,15041316,15466804,160364,1.00,51412,626280,199852,1.25,207128,523860,460
cloud-k3s-pool-workers-worker1,1,2026-06-06 08:56:11 UTC,15041316,15466804,160356,1.00,51420,626280,199852,1.25,207128,523860,480
cloud-k3s-pool-workers-worker1,1,2026-06-06 08:56:12 UTC,15041316,15466864,160336,1.00,51420,626300,199852,1.25,207128,523920,308
cloud-k3s-pool-workers-worker1,1,2026-06-06 08:56:13 UTC,15041316,15466864,160328,1.00,51420,626308,199852,1.25,207128,523920,316
cloud-k3s-pool-workers-worker1,1,2026-06-06 08:56:14 UTC,15041316,15466864,160316,1.00,51420,626320,199852,1.25,207128,523920,328
cloud-k3s-pool-workers-worker1,1,2026-06-06 08:56:15 UTC,15041316,15466864,160304,1.00,51420,626332,199852,1.25,207128,523920,340
cloud-k3s-pool-workers-worker1,1,2026-06-06 08:56:16 UTC,15041316,15466864,160296,1.00,51420,626340,199852,1.25,207128,523920,260
cloud-k3s-pool-workers-worker1,1,2026-06-06 08:56:17 UTC,15041316,15466864,160272,1.00,51428,626352,199852,1.25,207128,523920,56
cloud-k3s-pool-workers-worker1,1,2026-06-06 08:56:18 UTC,15041316,15466924,160264,1.00,51428,626360,199852,1.25,207128,523980,64
cloud-k3s-pool-workers-worker1,1,2026-06-06 08:56:19 UTC,15041316,15466924,160252,1.00,51428,626372,199852,1.25,207128,523980,76
cloud-k3s-pool-workers-worker1,1,2026-06-06 08:56:20 UTC,15041316,15466924,160244,1.00,51428,626380,199852,1.25,207128,523980,84
cloud-k3s-pool-workers-worker1,1,2026-06-06 08:56:21 UTC,15041316,15466924,160232,1.00,51428,626392,199852,1.25,207128,523980,272
cloud-k3s-pool-workers-worker1,1,2026-06-06 08:56:22 UTC,15041316,15466924,160224,1.00,51428,626400,199852,1.25,207128,523980,280
cloud-k3s-pool-workers-worker1,1,2026-06-06 08:56:23 UTC,15041064,15466672,160456,1.00,51436,626412,199852,1.25,207128,523980,268
cloud-k3s-pool-workers-worker1,1,2026-06-06 08:56:24 UTC,15041064,15466672,160456,1.00,51436,626412,199852,1.25,207128,523980,268
cloud-k3s-pool-workers-worker1,1,2026-06-06 08:56:25 UTC,15041064,15466732,160436,1.00,51436,626432,199852,1.25,207128,524040,288
cloud-k3s-pool-workers-worker1,1,2026-06-06 08:56:26 UTC,15041064,15466732,160424,1.00,51436,626444,199852,1.25,207128,524040,312
cloud-k3s-pool-workers-worker1,1,2026-06-06 08:56:27 UTC,15041064,15466764,160416,1.00,51436,626452,199852,1.25,207128,524072,132
cloud-k3s-pool-workers-worker1,1,2026-06-06 08:56:28 UTC,15041064,15466764,160396,1.00,51444,626464,199852,1.25,207128,524072,148
cloud-k3s-pool-workers-worker1,1,2026-06-06 08:56:29 UTC,15041064,15466764,160388,1.00,51444,626472,199852,1.25,207128,524072,156
cloud-k3s-pool-workers-worker1,1,2026-06-06 08:56:30 UTC,15041064,15466764,160388,1.00,51444,626472,199852,1.25,207128,524072,156
cloud-k3s-pool-workers-worker1,1,2026-06-06 08:56:31 UTC,15041064,15466824,160368,1.00,51444,626492,199852,1.25,207128,524132,348
cloud-k3s-pool-workers-worker1,1,2026-06-06 08:56:32 UTC,15041064,15466828,160352,1.00,51444,626504,199852,1.25,207128,524132,360
cloud-k3s-pool-workers-worker1,1,2026-06-06 08:56:33 UTC,15041064,15466828,160344,1.00,51444,626512,199852,1.25,207128,524132,368
cloud-k3s-pool-workers-worker1,1,2026-06-06 08:56:34 UTC,15041064,15466828,160344,1.00,51452,626504,199852,1.25,207128,524132,368
cloud-k3s-pool-workers-worker1,1,2026-06-06 08:56:35 UTC,15040812,15466576,160568,1.00,51452,626532,199852,1.25,207128,524132,388
cloud-k3s-pool-workers-worker1,1,2026-06-06 08:56:36 UTC,15040812,15466636,160556,1.00,51452,626544,199852,1.25,207128,524192,420
cloud-k3s-pool-workers-worker1,1,2026-06-06 08:56:37 UTC,15040812,15466636,160548,1.00,51452,626552,199852,1.25,207128,524192,232
cloud-k3s-pool-workers-worker1,1,2026-06-06 08:56:38 UTC,15040812,15466636,160548,1.00,51452,626552,199852,1.25,207128,524192,232
cloud-k3s-pool-workers-worker1,1,2026-06-06 08:56:39 UTC,15040560,15466384,160776,1.01,51452,626576,199852,1.25,207112,524192,380
cloud-k3s-pool-workers-worker1,1,2026-06-06 08:56:40 UTC,15042376,15468200,158944,0.99,51460,626584,199852,1.25,207112,524192,400
cloud-k3s-pool-workers-worker1,1,2026-06-06 08:56:41 UTC,15042376,15468268,158924,0.99,51468,626596,199852,1.25,207112,524260,464
cloud-k3s-pool-workers-worker1,1,2026-06-06 08:56:42 UTC,15042376,15468268,158916,0.99,51468,626604,199852,1.25,207112,524260,472
cloud-k3s-pool-workers-worker1,1,2026-06-06 08:56:43 UTC,15042376,15468268,158904,0.99,51468,626616,199852,1.25,207112,524260,312
cloud-k3s-pool-workers-worker1,1,2026-06-06 08:56:44 UTC,15042376,15468268,158904,0.99,51468,626616,199852,1.25,207112,524260,312
cloud-k3s-pool-workers-worker1,1,2026-06-06 08:56:45 UTC,15042376,15468268,158884,0.99,51468,626636,199852,1.25,207112,524260,332
cloud-k3s-pool-workers-worker1,1,2026-06-06 08:56:46 UTC,15042376,15468268,158876,0.99,51476,626636,199852,1.25,207112,524260,512
cloud-k3s-pool-workers-worker1,1,2026-06-06 08:56:47 UTC,15042376,15468368,158852,0.99,51476,626656,199852,1.25,207112,524360,204
cloud-k3s-pool-workers-worker1,1,2026-06-06 08:56:48 UTC,15042376,15468368,158852,0.99,51476,626656,199852,1.25,207112,524360,204
cloud-k3s-pool-workers-worker1,1,2026-06-06 08:56:49 UTC,15042376,15468368,158832,0.99,51476,626676,199852,1.25,207112,524360,228
cloud-k3s-pool-workers-worker1,1,2026-06-06 08:56:50 UTC,15042376,15468368,158820,0.99,51476,626688,199852,1.25,207112,524360,240
cloud-k3s-pool-workers-worker1,1,2026-06-06 08:56:51 UTC,15042124,15468116,159064,1.00,51476,626696,199852,1.25,207112,524360,260
cloud-k3s-pool-workers-worker1,1,2026-06-06 08:56:52 UTC,15042124,15468116,159052,1.00,51484,626700,199852,1.25,207112,524360,272
cloud-k3s-pool-workers-worker1,1,2026-06-06 08:56:53 UTC,15042124,15468176,159036,1.00,51484,626716,199852,1.25,207112,524420,72
cloud-k3s-pool-workers-worker1,1,2026-06-06 08:56:54 UTC,15042124,15468176,159024,0.99,51484,626728,199852,1.25,207112,524420,84
cloud-k3s-pool-workers-worker1,1,2026-06-06 08:56:55 UTC,15042124,15468176,159016,0.99,51484,626736,199852,1.25,207112,524420,92
cloud-k3s-pool-workers-worker1,1,2026-06-06 08:56:56 UTC,15042124,15468176,159004,0.99,51484,626748,199852,1.25,207112,524420,276
cloud-k3s-pool-workers-worker1,1,2026-06-06 08:56:57 UTC,15042124,15468176,158996,0.99,51484,626756,199852,1.25,207112,524420,284
cloud-k3s-pool-workers-worker1,1,2026-06-06 08:56:58 UTC,15042124,15468176,158976,0.99,51492,626768,199852,1.25,207112,524420,316
cloud-k3s-pool-workers-worker1,1,2026-06-06 08:56:59 UTC,15041872,15467984,159220,1.00,51492,626776,199852,1.25,207112,524480,324
cloud-k3s-pool-workers-worker1,1,2026-06-06 08:57:00 UTC,15041872,15467984,159208,1.00,51492,626788,199852,1.25,207112,524480,336
cloud-k3s-pool-workers-worker1,1,2026-06-06 08:57:01 UTC,15041872,15467984,159200,1.00,51492,626796,199852,1.25,207112,524480,356
cloud-k3s-pool-workers-worker1,1,2026-06-06 08:57:02 UTC,15041872,15467988,159184,1.00,51492,626808,199852,1.25,207128,524480,184
cloud-k3s-pool-workers-worker1,1,2026-06-06 08:57:03 UTC,15041872,15467988,159172,1.00,51492,626820,199852,1.25,207128,524480,196
cloud-k3s-pool-workers-worker1,1,2026-06-06 08:57:04 UTC,15041872,15467988,159156,1.00,51500,626828,199852,1.25,207128,524480,200
cloud-k3s-pool-workers-worker1,1,2026-06-06 08:57:05 UTC,15041872,15468048,159144,1.00,51500,626840,199852,1.25,207128,524540,212
cloud-k3s-pool-workers-worker1,1,2026-06-06 08:57:06 UTC,15041872,15468048,159136,1.00,51500,626848,199852,1.25,207128,524540,220
cloud-k3s-pool-workers-worker1,1,2026-06-06 08:57:07 UTC,15041620,15467820,159376,1.00,51500,626860,199852,1.25,207128,524564,232
cloud-k3s-pool-workers-worker1,1,2026-06-06 08:57:08 UTC,15042820,15469020,158168,0.99,51500,626868,199852,1.25,207128,524564,240
cloud-k3s-pool-workers-worker1,1,2026-06-06 08:57:09 UTC,15042820,15469020,158156,0.99,51500,626880,199852,1.25,207128,524564,252
cloud-k3s-pool-workers-worker1,1,2026-06-06 08:57:10 UTC,15039828,15466036,161124,1.01,51508,626888,203304,1.27,208796,524572,436
cloud-k3s-pool-workers-worker1,1,2026-06-06 08:57:11 UTC,15039828,15466096,161112,1.01,51508,626900,203304,1.27,208796,524632,544
cloud-k3s-pool-workers-worker1,1,2026-06-06 08:57:12 UTC,15039828,15466096,161104,1.01,51508,626908,203304,1.27,208796,524632,560
cloud-k3s-pool-workers-worker1,1,2026-06-06 08:57:13 UTC,15039828,15466096,161100,1.01,51508,626920,199852,1.25,207112,524632,588
cloud-k3s-pool-workers-worker1,1,2026-06-06 08:57:14 UTC,15039828,15466096,161088,1.01,51508,626932,199852,1.25,207112,524632,600
cloud-k3s-pool-workers-worker1,1,2026-06-06 08:57:15 UTC,15039828,15466096,161072,1.01,51516,626940,199852,1.25,207112,524632,312
cloud-k3s-pool-workers-worker1,1,2026-06-06 08:57:16 UTC,15042824,15469092,158076,0.99,51516,626940,199852,1.25,207112,524632,312
cloud-k3s-pool-workers-worker1,1,2026-06-06 08:57:17 UTC,15042824,15469092,158076,0.99,51516,626940,199852,1.25,207112,524632,312
cloud-k3s-pool-workers-worker1,1,2026-06-06 08:57:18 UTC,15042824,15469152,158040,0.99,51516,626972,199852,1.25,207128,524692,200
cloud-k3s-pool-workers-worker1,1,2026-06-06 08:57:19 UTC,15042824,15469152,158032,0.99,51516,626980,199852,1.25,207128,524692,212
cloud-k3s-pool-workers-worker1,1,2026-06-06 08:57:20 UTC,15042824,15469152,158020,0.99,51516,626992,199852,1.25,207128,524692,224
cloud-k3s-pool-workers-worker1,1,2026-06-06 08:57:21 UTC,15042572,15468900,158256,0.99,51524,627000,199852,1.25,207128,524692,284
cloud-k3s-pool-workers-worker1,1,2026-06-06 08:57:22 UTC,15042572,15468900,158244,0.99,51524,627012,199852,1.25,207128,524692,84
cloud-k3s-pool-workers-worker1,1,2026-06-06 08:57:23 UTC,15042320,15468708,158488,0.99,51524,627020,199852,1.25,207128,524752,92
cloud-k3s-pool-workers-worker1,1,2026-06-06 08:57:24 UTC,15041816,15468204,158980,0.99,51524,627032,199852,1.25,207128,524752,104
cloud-k3s-pool-workers-worker1,1,2026-06-06 08:57:25 UTC,15041816,15468204,158972,0.99,51524,627040,199852,1.25,207128,524752,116
cloud-k3s-pool-workers-worker1,1,2026-06-06 08:57:26 UTC,15041816,15468204,158952,0.99,51532,627052,199852,1.25,207128,524752,264
cloud-k3s-pool-workers-worker1,1,2026-06-06 08:57:27 UTC,15041816,15468204,158940,0.99,51532,627064,199852,1.25,207128,524752,276
cloud-k3s-pool-workers-worker1,1,2026-06-06 08:57:28 UTC,15041816,15468204,158932,0.99,51532,627072,199852,1.25,207128,524752,80
cloud-k3s-pool-workers-worker1,1,2026-06-06 08:57:29 UTC,15041816,15468264,158920,0.99,51532,627084,199852,1.25,207128,524812,92
cloud-k3s-pool-workers-worker1,1,2026-06-06 08:57:30 UTC,15041816,15468264,158912,0.99,51532,627092,199852,1.25,207128,524812,100
cloud-k3s-pool-workers-worker1,1,2026-06-06 08:57:31 UTC,15041816,15468264,158892,0.99,51540,627104,199852,1.25,207128,524812,224
cloud-k3s-pool-workers-worker1,1,2026-06-06 08:57:32 UTC,15041816,15468268,158880,0.99,51540,627112,199852,1.25,207128,524812,232
cloud-k3s-pool-workers-worker1,1,2026-06-06 08:57:33 UTC,15041816,15468268,158868,0.99,51540,627124,199852,1.25,207128,524812,244
cloud-k3s-pool-workers-worker1,1,2026-06-06 08:57:34 UTC,15041816,15468268,158860,0.99,51540,627132,199852,1.25,207128,524812,224
cloud-k3s-pool-workers-worker1,1,2026-06-06 08:57:35 UTC,15041816,15468328,158848,0.99,51540,627144,199852,1.25,207128,524872,236
cloud-k3s-pool-workers-worker1,1,2026-06-06 08:57:36 UTC,15041816,15468328,158832,0.99,51548,627152,199852,1.25,207128,524872,280
cloud-k3s-pool-workers-worker1,1,2026-06-06 08:57:37 UTC,15041816,15468328,158820,0.99,51548,627164,199852,1.25,207128,524872,296
cloud-k3s-pool-workers-worker1,1,2026-06-06 08:57:38 UTC,15041816,15468328,158808,0.99,51548,627176,199852,1.25,207128,524872,60
cloud-k3s-pool-workers-worker1,1,2026-06-06 08:57:39 UTC,15041816,15468328,158800,0.99,51548,627184,199852,1.25,207128,524872,68
cloud-k3s-pool-workers-worker1,1,2026-06-06 08:57:40 UTC,15041816,15468388,158788,0.99,51548,627196,199852,1.25,207128,524932,80
cloud-k3s-pool-workers-worker1,1,2026-06-06 08:57:41 UTC,15041816,15468388,158772,0.99,51556,627204,202704,1.27,208168,524932,260
cloud-k3s-pool-workers-worker1,1,2026-06-06 08:57:42 UTC,15041816,15468408,158760,0.99,51556,627216,203304,1.27,208428,524952,264
cloud-k3s-pool-workers-worker1,1,2026-06-06 08:57:43 UTC,15041816,15468408,158752,0.99,51556,627224,203304,1.27,208428,524952,276
cloud-k3s-pool-workers-worker1,1,2026-06-06 08:57:44 UTC,15041816,15468408,158740,0.99,51556,627236,203304,1.27,208800,524952,200
cloud-k3s-pool-workers-worker1,1,2026-06-06 08:57:45 UTC,15041816,15468408,158732,0.99,51556,627244,203304,1.27,208800,524952,224
cloud-k3s-pool-workers-worker1,1,2026-06-06 08:57:46 UTC,15041816,15468452,158708,0.99,51564,627260,199852,1.25,207156,524996,368
cloud-k3s-pool-workers-worker1,1,2026-06-06 08:57:47 UTC,15045880,15472516,154632,0.97,51564,627268,199852,1.25,207156,524996,376
cloud-k3s-pool-workers-worker1,1,2026-06-06 08:57:48 UTC,15045628,15472272,154872,0.97,51564,627280,199852,1.25,207108,525004,40
cloud-k3s-pool-workers-worker1,1,2026-06-06 08:57:49 UTC,15045628,15472272,154864,0.97,51564,627288,199852,1.25,207108,525004,52
cloud-k3s-pool-workers-worker1,1,2026-06-06 08:57:50 UTC,15045628,15472272,154852,0.97,51564,627300,199852,1.25,207108,525004,64
cloud-k3s-pool-workers-worker1,1,2026-06-06 08:57:51 UTC,15045628,15472332,154832,0.97,51572,627312,199852,1.25,207108,525064,216
cloud-k3s-pool-workers-worker1,1,2026-06-06 08:57:52 UTC,15045628,15472332,154824,0.97,51572,627320,199852,1.25,207108,525064,224
cloud-k3s-pool-workers-worker1,1,2026-06-06 08:57:53 UTC,15045376,15472140,155064,0.97,51572,627332,199852,1.25,207108,525124,236
cloud-k3s-pool-workers-worker1,1,2026-06-06 08:57:54 UTC,15045376,15472152,155056,0.97,51572,627340,199852,1.25,207108,525136,180
cloud-k3s-pool-workers-worker1,1,2026-06-06 08:57:55 UTC,15045376,15472152,155044,0.97,51572,627352,199852,1.25,207108,525136,196
cloud-k3s-pool-workers-worker1,1,2026-06-06 08:57:56 UTC,15045376,15472152,155028,0.97,51580,627360,199852,1.25,207108,525136,240
cloud-k3s-pool-workers-worker1,1,2026-06-06 08:57:57 UTC,15045376,15472184,155016,0.97,51580,627372,199852,1.25,207108,525168,68
cloud-k3s-pool-workers-worker1,1,2026-06-06 08:57:58 UTC,15045376,15472184,155008,0.97,51580,627380,199852,1.25,207108,525168,76
cloud-k3s-pool-workers-worker1,1,2026-06-06 08:57:59 UTC,15045376,15472184,155008,0.97,51580,627380,199852,1.25,207108,525168,76
cloud-k3s-pool-workers-worker1,1,2026-06-06 08:58:00 UTC,15045376,15472184,154988,0.97,51580,627400,199852,1.25,207108,525168,96
cloud-k3s-pool-workers-worker1,1,2026-06-06 08:58:01 UTC,15045376,15472184,154968,0.97,51588,627412,199852,1.25,207108,525168,196
cloud-k3s-pool-workers-worker1,1,2026-06-06 08:58:02 UTC,15045376,15472188,154952,0.97,51588,627424,199852,1.25,207108,525168,208
cloud-k3s-pool-workers-worker1,1,2026-06-06 08:58:03 UTC,15045376,15472248,154944,0.97,51588,627432,199852,1.25,207108,525228,216
cloud-k3s-pool-workers-worker1,1,2026-06-06 08:58:04 UTC,15045376,15472248,154932,0.97,51588,627444,199852,1.25,207108,525228,228
cloud-k3s-pool-workers-worker1,1,2026-06-06 08:58:05 UTC,15045376,15472248,154924,0.97,51588,627452,199852,1.25,207108,525228,236
cloud-k3s-pool-workers-worker1,1,2026-06-06 08:58:06 UTC,15044872,15471744,155404,0.97,51596,627464,199852,1.25,207108,525228,288
cloud-k3s-pool-workers-worker1,1,2026-06-06 08:58:07 UTC,15044872,15471744,155396,0.97,51596,627472,199852,1.25,207108,525228,300
cloud-k3s-pool-workers-worker1,1,2026-06-06 08:58:08 UTC,15044872,15471744,155384,0.97,51596,627484,199852,1.25,207108,525228,56
cloud-k3s-pool-workers-worker1,1,2026-06-06 08:58:09 UTC,15044872,15471804,155376,0.97,51596,627492,199852,1.25,207108,525288,64
cloud-k3s-pool-workers-worker1,1,2026-06-06 08:58:10 UTC,15044872,15471804,155364,0.97,51596,627504,199852,1.25,207108,525288,76
cloud-k3s-pool-workers-worker1,1,2026-06-06 08:58:11 UTC,15044872,15471824,155348,0.97,51604,627512,199852,1.25,207108,525308,88
cloud-k3s-pool-workers-worker1,1,2026-06-06 08:58:12 UTC,15044872,15471824,155336,0.97,51604,627524,199852,1.25,207108,525308,100
cloud-k3s-pool-workers-worker1,1,2026-06-06 08:58:13 UTC,15044620,15471572,155576,0.97,51604,627536,199852,1.25,207108,525308,116
cloud-k3s-pool-workers-worker1,1,2026-06-06 08:58:14 UTC,15044368,15471324,155812,0.97,51604,627548,199852,1.25,207108,525308,36
cloud-k3s-pool-workers-worker1,1,2026-06-06 08:58:15 UTC,15044368,15471324,155800,0.97,51604,627560,199852,1.25,207108,525308,48
cloud-k3s-pool-workers-worker1,1,2026-06-06 08:58:16 UTC,15044368,15471324,155784,0.97,51612,627568,199852,1.25,207108,525308,256
cloud-k3s-pool-workers-worker1,1,2026-06-06 08:58:17 UTC,15044368,15471388,155768,0.97,51612,627580,199852,1.25,207108,525372,264
cloud-k3s-pool-workers-worker1,1,2026-06-06 08:58:18 UTC,15044368,15471396,155760,0.97,51612,627588,199852,1.25,207108,525380,208
cloud-k3s-pool-workers-worker1,1,2026-06-06 08:58:19 UTC,15040620,15467692,159496,1.00,51612,627600,202704,1.27,208228,525424,224
cloud-k3s-pool-workers-worker1,1,2026-06-06 08:58:20 UTC,15040620,15467692,159488,1.00,51612,627608,203040,1.27,208488,525424,292
cloud-k3s-pool-workers-worker1,1,2026-06-06 08:58:21 UTC,15040396,15467508,159692,1.00,51620,627620,203040,1.27,208780,525464,80
cloud-k3s-pool-workers-worker1,1,2026-06-06 08:58:22 UTC,15040144,15467256,159936,1.00,51620,627628,203040,1.27,208780,525464,212
cloud-k3s-pool-workers-worker1,1,2026-06-06 08:58:23 UTC,15040144,15467256,159924,1.00,51620,627640,199852,1.25,207092,525464,196
cloud-k3s-pool-workers-worker1,1,2026-06-06 08:58:24 UTC,15040144,15467256,159916,1.00,51620,627648,199852,1.25,207092,525464,140
cloud-k3s-pool-workers-worker1,1,2026-06-06 08:58:25 UTC,15040144,15467256,159904,1.00,51620,627660,199852,1.25,207092,525464,156
cloud-k3s-pool-workers-worker1,1,2026-06-06 08:58:26 UTC,15043800,15470912,156228,0.98,51628,627672,199852,1.25,207092,525464,308
cloud-k3s-pool-workers-worker1,1,2026-06-06 08:58:27 UTC,15043800,15470972,156220,0.98,51628,627680,199852,1.25,207092,525524,80
cloud-k3s-pool-workers-worker1,1,2026-06-06 08:58:28 UTC,15043800,15470972,156220,0.98,51628,627680,199852,1.25,207092,525524,80
cloud-k3s-pool-workers-worker1,1,2026-06-06 08:58:29 UTC,15043800,15470972,156220,0.98,51628,627680,199852,1.25,207092,525524,80
cloud-k3s-pool-workers-worker1,1,2026-06-06 08:58:30 UTC,15043800,15470972,156188,0.98,51628,627712,199852,1.25,207092,525524,40
cloud-k3s-pool-workers-worker1,1,2026-06-06 08:58:31 UTC,15043800,15470972,156172,0.98,51636,627720,199852,1.25,207092,525524,232
cloud-k3s-pool-workers-worker1,1,2026-06-06 08:58:32 UTC,15043800,15470972,156160,0.98,51636,627732,199852,1.25,207092,525524,244
cloud-k3s-pool-workers-worker1,1,2026-06-06 08:58:33 UTC,15043800,15471036,156148,0.98,51636,627740,199852,1.25,207092,525584,252
cloud-k3s-pool-workers-worker1,1,2026-06-06 08:58:34 UTC,15043800,15471036,156136,0.98,51636,627752,199852,1.25,207092,525584,228
cloud-k3s-pool-workers-worker1,1,2026-06-06 08:58:35 UTC,15043800,15471036,156128,0.98,51636,627760,199852,1.25,207092,525584,236
cloud-k3s-pool-workers-worker1,1,2026-06-06 08:58:36 UTC,15043800,15471036,156108,0.98,51644,627772,199852,1.25,207092,525584,272
cloud-k3s-pool-workers-worker1,1,2026-06-06 08:58:37 UTC,15043800,15471036,156096,0.98,51644,627784,199852,1.25,207092,525584,48
cloud-k3s-pool-workers-worker1,1,2026-06-06 08:58:38 UTC,15043800,15471036,156096,0.98,51644,627784,199852,1.25,207092,525584,48
cloud-k3s-pool-workers-worker1,1,2026-06-06 08:58:39 UTC,15043548,15470844,156328,0.98,51644,627804,199852,1.25,207092,525644,68
cloud-k3s-pool-workers-worker1,1,2026-06-06 08:58:40 UTC,15043548,15470844,156320,0.98,51644,627812,199852,1.25,207092,525644,76
cloud-k3s-pool-workers-worker1,1,2026-06-06 08:58:41 UTC,15043548,15470844,156300,0.98,51652,627824,199852,1.25,207092,525644,264
cloud-k3s-pool-workers-worker1,1,2026-06-06 08:58:42 UTC,15043548,15470844,156300,0.98,51652,627824,199852,1.25,207092,525644,264
cloud-k3s-pool-workers-worker1,1,2026-06-06 08:58:43 UTC,15043548,15470844,156300,0.98,51652,627824,199852,1.25,207092,525644,264
cloud-k3s-pool-workers-worker1,1,2026-06-06 08:58:44 UTC,15043548,15470844,156272,0.98,51652,627852,199852,1.25,207092,525644,204
cloud-k3s-pool-workers-worker1,1,2026-06-06 08:58:45 UTC,15043548,15470904,156260,0.98,51652,627864,199852,1.25,207092,525704,216
cloud-k3s-pool-workers-worker1,1,2026-06-06 08:58:46 UTC,15043548,15470904,156244,0.98,51660,627872,199852,1.25,207092,525704,248
cloud-k3s-pool-workers-worker1,1,2026-06-06 08:58:47 UTC,15043548,15470904,156232,0.98,51660,627884,199852,1.25,207092,525704,260
cloud-k3s-pool-workers-worker1,1,2026-06-06 08:58:48 UTC,15043548,15470904,156212,0.98,51660,627892,199852,1.25,207092,525704,32
cloud-k3s-pool-workers-worker1,1,2026-06-06 08:58:49 UTC,15043548,15470904,156200,0.98,51660,627904,199852,1.25,207092,525704,48
cloud-k3s-pool-workers-worker1,1,2026-06-06 08:58:50 UTC,15043548,15470904,156188,0.98,51660,627916,199852,1.25,207092,525704,60
cloud-k3s-pool-workers-worker1,1,2026-06-06 08:58:51 UTC,15043548,15470964,156172,0.98,51668,627924,199852,1.25,207092,525764,240
cloud-k3s-pool-workers-worker1,1,2026-06-06 08:58:52 UTC,15043548,15470964,156172,0.98,51668,627924,199852,1.25,207092,525764,240
cloud-k3s-pool-workers-worker1,1,2026-06-06 08:58:53 UTC,15040056,15467520,159636,1.00,51668,627944,203304,1.27,208776,525812,240
cloud-k3s-pool-workers-worker1,1,2026-06-06 08:58:54 UTC,15040056,15467520,159624,1.00,51668,627956,203304,1.27,208776,525812,252
cloud-k3s-pool-workers-worker1,1,2026-06-06 08:58:55 UTC,15040056,15467520,159616,1.00,51668,627964,203304,1.27,208776,525812,212
cloud-k3s-pool-workers-worker1,1,2026-06-06 08:58:56 UTC,15040056,15467528,159596,1.00,51676,627976,199852,1.25,207128,525820,364
cloud-k3s-pool-workers-worker1,1,2026-06-06 08:58:57 UTC,15040056,15467588,159588,1.00,51676,627984,199852,1.25,207128,525880,372
cloud-k3s-pool-workers-worker1,1,2026-06-06 08:58:58 UTC,15040056,15467604,159576,1.00,51676,627996,199852,1.25,207080,525896,116
cloud-k3s-pool-workers-worker1,1,2026-06-06 08:58:59 UTC,15040056,15467604,159568,1.00,51676,628004,199852,1.25,207080,525896,88
cloud-k3s-pool-workers-worker1,1,2026-06-06 08:59:00 UTC,15040056,15467604,159568,1.00,51676,628004,199852,1.25,207080,525896,88
cloud-k3s-pool-workers-worker1,1,2026-06-06 08:59:01 UTC,15042492,15470072,157100,0.98,51684,628028,199852,1.25,207080,525928,20
cloud-k3s-pool-workers-worker1,1,2026-06-06 08:59:02 UTC,15042492,15470072,157092,0.98,51684,628036,199852,1.25,207080,525928,204
cloud-k3s-pool-workers-worker1,1,2026-06-06 08:59:03 UTC,15041484,15469068,158084,0.99,51684,628048,199852,1.25,207080,525928,216
cloud-k3s-pool-workers-worker1,1,2026-06-06 08:59:04 UTC,15041484,15469068,158076,0.99,51684,628056,199852,1.25,207080,525928,224
cloud-k3s-pool-workers-worker1,1,2026-06-06 08:59:05 UTC,15041484,15469068,158064,0.99,51684,628068,199852,1.25,207080,525928,236
cloud-k3s-pool-workers-worker1,1,2026-06-06 08:59:06 UTC,15041484,15469068,158048,0.99,51692,628076,199852,1.25,207080,525928,204
cloud-k3s-pool-workers-worker1,1,2026-06-06 08:59:07 UTC,15041484,15469128,158036,0.99,51692,628088,199852,1.25,207080,525988,48
cloud-k3s-pool-workers-worker1,1,2026-06-06 08:59:08 UTC,15041736,15469380,157776,0.99,51692,628096,199852,1.25,207080,525988,56
cloud-k3s-pool-workers-worker1,1,2026-06-06 08:59:09 UTC,15041736,15469380,157764,0.99,51692,628108,199852,1.25,207080,525988,68
cloud-k3s-pool-workers-worker1,1,2026-06-06 08:59:10 UTC,15041736,15469380,157756,0.99,51692,628116,199852,1.25,207080,525988,76
cloud-k3s-pool-workers-worker1,1,2026-06-06 08:59:11 UTC,15041736,15469380,157736,0.99,51700,628128,199852,1.25,207080,525988,88
cloud-k3s-pool-workers-worker1,1,2026-06-06 08:59:12 UTC,15041736,15469380,157728,0.99,51700,628136,199852,1.25,207080,525988,180
cloud-k3s-pool-workers-worker1,1,2026-06-06 08:59:13 UTC,15041736,15469440,157716,0.99,51700,628148,199852,1.25,207080,526048,24
cloud-k3s-pool-workers-worker1,1,2026-06-06 08:59:14 UTC,15041736,15469440,157704,0.99,51700,628160,199852,1.25,207080,526048,36
cloud-k3s-pool-workers-worker1,1,2026-06-06 08:59:15 UTC,15041736,15469440,157696,0.99,51700,628168,199852,1.25,207080,526048,44
cloud-k3s-pool-workers-worker1,1,2026-06-06 08:59:16 UTC,15041736,15469440,157676,0.99,51708,628180,199852,1.25,207080,526048,80
cloud-k3s-pool-workers-worker1,1,2026-06-06 08:59:17 UTC,15041736,15469440,157668,0.99,51708,628188,199852,1.25,207080,526048,260
cloud-k3s-pool-workers-worker1,1,2026-06-06 08:59:18 UTC,15041736,15469440,157656,0.99,51708,628200,199852,1.25,207080,526048,272
cloud-k3s-pool-workers-worker1,1,2026-06-06 08:59:19 UTC,15041736,15469500,157644,0.99,51708,628208,199852,1.25,207080,526108,216
cloud-k3s-pool-workers-worker1,1,2026-06-06 08:59:20 UTC,15041736,15469500,157632,0.99,51708,628220,199852,1.25,207080,526108,228
cloud-k3s-pool-workers-worker1,1,2026-06-06 08:59:21 UTC,15041736,15469500,157616,0.99,51716,628228,199852,1.25,207080,526108,240
cloud-k3s-pool-workers-worker1,1,2026-06-06 08:59:22 UTC,15041736,15469500,157604,0.99,51716,628240,199852,1.25,207080,526108,52
cloud-k3s-pool-workers-worker1,1,2026-06-06 08:59:23 UTC,15041736,15469500,157596,0.99,51716,628248,199852,1.25,207080,526108,60
cloud-k3s-pool-workers-worker1,1,2026-06-06 08:59:24 UTC,15041736,15469500,157584,0.99,51716,628260,199852,1.25,207080,526108,4
cloud-k3s-pool-workers-worker1,1,2026-06-06 08:59:25 UTC,15041736,15469560,157572,0.99,51716,628272,199852,1.25,207080,526168,20
cloud-k3s-pool-workers-worker1,1,2026-06-06 08:59:26 UTC,15041736,15469560,157556,0.99,51724,628280,199852,1.25,207080,526168,52
cloud-k3s-pool-workers-worker1,1,2026-06-06 08:59:27 UTC,15041736,15469560,157544,0.99,51724,628292,199852,1.25,207080,526168,244
cloud-k3s-pool-workers-worker1,1,2026-06-06 08:59:28 UTC,15041736,15469560,157536,0.99,51724,628300,199852,1.25,207080,526168,252
cloud-k3s-pool-workers-worker1,1,2026-06-06 08:59:29 UTC,15041736,15469560,157536,0.99,51724,628300,199852,1.25,207080,526168,252
cloud-k3s-pool-workers-worker1,1,2026-06-06 08:59:30 UTC,15041736,15469560,157516,0.99,51724,628320,199852,1.25,207080,526168,208
cloud-k3s-pool-workers-worker1,1,2026-06-06 08:59:31 UTC,15041736,15469624,157496,0.99,51732,628332,199852,1.25,207080,526232,8
cloud-k3s-pool-workers-worker1,1,2026-06-06 08:59:32 UTC,15041736,15469624,157488,0.99,51732,628340,199852,1.25,207080,526232,28
cloud-k3s-pool-workers-worker1,1,2026-06-06 08:59:33 UTC,15041736,15469624,157488,0.99,51732,628340,199852,1.25,207080,526232,28
cloud-k3s-pool-workers-worker1,1,2026-06-06 08:59:34 UTC,15041736,15469648,157464,0.99,51732,628360,199852,1.25,207080,526252,44
cloud-k3s-pool-workers-worker1,1,2026-06-06 08:59:35 UTC,15041736,15469648,157452,0.99,51732,628372,199852,1.25,207080,526252,56
cloud-k3s-pool-workers-worker1,1,2026-06-06 08:59:36 UTC,15041736,15469708,157404,0.98,51740,628380,199852,1.25,207080,526312,28
cloud-k3s-pool-workers-worker1,1,2026-06-06 08:59:37 UTC,15041736,15469708,157404,0.98,51740,628380,199852,1.25,207080,526312,28
cloud-k3s-pool-workers-worker1,1,2026-06-06 08:59:38 UTC,15041736,15469708,157380,0.98,51740,628404,199852,1.25,207080,526312,60
cloud-k3s-pool-workers-worker1,1,2026-06-06 08:59:39 UTC,15041736,15469768,157372,0.98,51740,628412,199852,1.25,207080,526372,68
cloud-k3s-pool-workers-worker1,1,2026-06-06 08:59:40 UTC,15038996,15467032,160100,1.00,51740,628424,203304,1.27,208456,526376,84
cloud-k3s-pool-workers-worker1,1,2026-06-06 08:59:41 UTC,15038996,15467032,160092,1.00,51748,628424,203304,1.27,208456,526376,352
cloud-k3s-pool-workers-worker1,1,2026-06-06 08:59:42 UTC,15039248,15467316,159820,1.00,51748,628444,203304,1.27,208816,526408,280
cloud-k3s-pool-workers-worker1,1,2026-06-06 08:59:43 UTC,15039912,15467988,159096,1.00,51748,628452,203060,1.27,208756,526416,324
cloud-k3s-pool-workers-worker1,1,2026-06-06 08:59:44 UTC,15039912,15467988,159108,1.00,51748,628464,199852,1.25,207148,526416,372
cloud-k3s-pool-workers-worker1,1,2026-06-06 08:59:45 UTC,15039912,15467988,159108,1.00,51748,628464,199852,1.25,207148,526416,372
cloud-k3s-pool-workers-worker1,1,2026-06-06 08:59:46 UTC,15039660,15467736,159332,1.00,51756,628484,199852,1.25,207104,526416,340
cloud-k3s-pool-workers-worker1,1,2026-06-06 08:59:47 UTC,15039660,15467736,159324,1.00,51756,628492,199852,1.25,207104,526416,268
cloud-k3s-pool-workers-worker1,1,2026-06-06 08:59:48 UTC,15039660,15467736,159324,1.00,51756,628492,199852,1.25,207104,526416,204
cloud-k3s-pool-workers-worker1,1,2026-06-06 08:59:49 UTC,15039660,15467736,159324,1.00,51756,628492,199852,1.25,207104,526416,204
cloud-k3s-pool-workers-worker1,1,2026-06-06 08:59:50 UTC,15039660,15467800,159288,1.00,51756,628524,199852,1.25,207104,526476,240
cloud-k3s-pool-workers-worker1,1,2026-06-06 08:59:51 UTC,15037644,15465784,161284,1.01,51764,628536,199852,1.25,207104,526476,264
cloud-k3s-pool-workers-worker1,1,2026-06-06 08:59:52 UTC,15037644,15465784,161276,1.01,51764,628544,199852,1.25,207104,526476,272
cloud-k3s-pool-workers-worker1,1,2026-06-06 08:59:53 UTC,15037644,15465784,161264,1.01,51764,628556,199852,1.25,207104,526476,284
cloud-k3s-pool-workers-worker1,1,2026-06-06 08:59:54 UTC,15037644,15465844,161256,1.01,51764,628564,199852,1.25,207104,526536,8
cloud-k3s-pool-workers-worker1,1,2026-06-06 08:59:55 UTC,15037644,15465844,161244,1.01,51764,628576,199852,1.25,207104,526536,24
cloud-k3s-pool-workers-worker1,1,2026-06-06 08:59:56 UTC,15037644,15465844,161228,1.01,51772,628584,199852,1.25,207104,526536,56
cloud-k3s-pool-workers-worker1,1,2026-06-06 08:59:57 UTC,15037644,15465844,161216,1.01,51772,628596,199852,1.25,207104,526536,68
cloud-k3s-pool-workers-worker1,1,2026-06-06 08:59:58 UTC,15037644,15465844,161208,1.01,51772,628604,199852,1.25,207104,526536,76
cloud-k3s-pool-workers-worker1,1,2026-06-06 08:59:59 UTC,15037644,15465844,161196,1.01,51772,628616,199852,1.25,207104,526536,88
cloud-k3s-pool-workers-worker1,1,2026-06-06 09:00:00 UTC,15037644,15465904,161188,1.01,51772,628624,199852,1.25,207104,526596,96
cloud-k3s-pool-workers-worker1,1,2026-06-06 09:00:01 UTC,15037644,15465904,161168,1.01,51780,628636,199852,1.25,207104,526596,220
cloud-k3s-pool-workers-worker1,1,2026-06-06 09:00:02 UTC,15037644,15465904,161168,1.01,51780,628636,199852,1.25,207104,526596,196
cloud-k3s-pool-workers-worker1,1,2026-06-06 09:00:03 UTC,15037644,15465904,161168,1.01,51780,628636,199852,1.25,207104,526596,196
cloud-k3s-pool-workers-worker1,1,2026-06-06 09:00:04 UTC,15037644,15465904,161136,1.01,51780,628668,199852,1.25,207104,526596,228
cloud-k3s-pool-workers-worker1,1,2026-06-06 09:00:05 UTC,15037644,15465904,161124,1.01,51780,628676,199852,1.25,207104,526596,236
cloud-k3s-pool-workers-worker1,1,2026-06-06 09:00:06 UTC,15037644,15465964,161104,1.01,51788,628688,199852,1.25,207104,526656,12
cloud-k3s-pool-workers-worker1,1,2026-06-06 09:00:07 UTC,15037644,15465964,161096,1.01,51788,628696,199852,1.25,207104,526656,24
cloud-k3s-pool-workers-worker1,1,2026-06-06 09:00:08 UTC,15037644,15465964,161084,1.01,51788,628708,199852,1.25,207104,526656,52
cloud-k3s-pool-workers-worker1,1,2026-06-06 09:00:09 UTC,15037644,15465964,161076,1.01,51788,628716,199852,1.25,207104,526656,60
cloud-k3s-pool-workers-worker1,1,2026-06-06 09:00:10 UTC,15037644,15465964,161064,1.01,51788,628728,199852,1.25,207104,526656,72
cloud-k3s-pool-workers-worker1,1,2026-06-06 09:00:11 UTC,15037644,15465964,161048,1.01,51796,628736,199852,1.25,207104,526656,260
cloud-k3s-pool-workers-worker1,1,2026-06-06 09:00:12 UTC,15037896,15466216,160796,1.01,51796,628736,199852,1.25,207104,526656,260
cloud-k3s-pool-workers-worker1,1,2026-06-06 09:00:13 UTC,15037896,15466216,160796,1.01,51796,628736,199852,1.25,207104,526656,260
cloud-k3s-pool-workers-worker1,1,2026-06-06 09:00:14 UTC,15037896,15466280,160764,1.01,51796,628768,199852,1.25,207104,526720,28
cloud-k3s-pool-workers-worker1,1,2026-06-06 09:00:15 UTC,15037896,15466280,160752,1.01,51796,628780,199852,1.25,207104,526720,40
cloud-k3s-pool-workers-worker1,1,2026-06-06 09:00:16 UTC,15037896,15466280,160736,1.01,51804,628788,199852,1.25,207104,526720,68
cloud-k3s-pool-workers-worker1,1,2026-06-06 09:00:17 UTC,15037896,15466280,160724,1.01,51804,628800,199852,1.25,207104,526720,80
cloud-k3s-pool-workers-worker1,1,2026-06-06 09:00:18 UTC,15037896,15466340,160716,1.01,51804,628808,199852,1.25,207104,526780,196
cloud-k3s-pool-workers-worker1,1,2026-06-06 09:00:19 UTC,15037896,15466340,160704,1.01,51804,628820,199852,1.25,207104,526780,212
cloud-k3s-pool-workers-worker1,1,2026-06-06 09:00:20 UTC,15037896,15466344,160692,1.01,51804,628828,199852,1.25,207104,526780,220
cloud-k3s-pool-workers-worker1,1,2026-06-06 09:00:21 UTC,15037896,15466404,160672,1.01,51812,628840,199852,1.25,207104,526840,248
cloud-k3s-pool-workers-worker1,1,2026-06-06 09:00:22 UTC,15037896,15466404,160672,1.01,51812,628840,199852,1.25,207104,526840,248
cloud-k3s-pool-workers-worker1,1,2026-06-06 09:00:23 UTC,15037896,15466404,160672,1.01,51812,628840,199852,1.25,207104,526840,248
cloud-k3s-pool-workers-worker1,1,2026-06-06 09:00:24 UTC,15038148,15466688,160388,1.00,51812,628872,199852,1.25,207104,526872,4
cloud-k3s-pool-workers-worker1,1,2026-06-06 09:00:25 UTC,15038148,15466688,160380,1.00,51812,628880,199852,1.25,207104,526872,16
cloud-k3s-pool-workers-worker1,1,2026-06-06 09:00:26 UTC,15037908,15466456,160584,1.00,51820,628892,199852,1.25,207104,526872,52
cloud-k3s-pool-workers-worker1,1,2026-06-06 09:00:27 UTC,15037908,15466532,160580,1.00,51820,628900,199852,1.25,207104,526948,336
cloud-k3s-pool-workers-worker1,1,2026-06-06 09:00:28 UTC,15037908,15466532,160580,1.00,51820,628900,199852,1.25,207104,526948,336
cloud-k3s-pool-workers-worker1,1,2026-06-06 09:00:29 UTC,15037908,15466532,160580,1.00,51820,628900,199852,1.25,207104,526948,336
cloud-k3s-pool-workers-worker1,1,2026-06-06 09:00:30 UTC,15037908,15466564,160548,1.00,51820,628932,199852,1.25,207104,526980,304
cloud-k3s-pool-workers-worker1,1,2026-06-06 09:00:31 UTC,15037908,15466564,160532,1.00,51828,628940,199852,1.25,207104,526980,48
cloud-k3s-pool-workers-worker1,1,2026-06-06 09:00:32 UTC,15037908,15466564,160532,1.00,51828,628940,199852,1.25,207104,526980,44
cloud-k3s-pool-workers-worker1,1,2026-06-06 09:00:33 UTC,15037908,15466564,160532,1.00,51828,628940,199852,1.25,207104,526980,44
cloud-k3s-pool-workers-worker1,1,2026-06-06 09:00:34 UTC,15037908,15466572,160500,1.00,51828,628972,199852,1.25,207104,526988,48
cloud-k3s-pool-workers-worker1,1,2026-06-06 09:00:35 UTC,15037908,15466572,160492,1.00,51828,628980,199852,1.25,207104,526988,56
cloud-k3s-pool-workers-worker1,1,2026-06-06 09:00:36 UTC,15037908,15466624,160468,1.00,51836,628992,199852,1.25,207104,527040,28
cloud-k3s-pool-workers-worker1,1,2026-06-06 09:00:37 UTC,15037908,15466636,160456,1.00,51836,629004,199852,1.25,207104,527052,44
cloud-k3s-pool-workers-worker1,1,2026-06-06 09:00:38 UTC,15037908,15466636,160448,1.00,51836,629012,199852,1.25,207104,527052,52
cloud-k3s-pool-workers-worker1,1,2026-06-06 09:00:39 UTC,15037908,15466636,160436,1.00,51836,629024,199852,1.25,207104,527052,64
cloud-k3s-pool-workers-worker1,1,2026-06-06 09:00:40 UTC,15037908,15466636,160428,1.00,51836,629032,199852,1.25,207104,527052,72
cloud-k3s-pool-workers-worker1,1,2026-06-06 09:00:41 UTC,15037908,15466636,160408,1.00,51844,629044,199852,1.25,207104,527052,232
cloud-k3s-pool-workers-worker1,1,2026-06-06 09:00:42 UTC,15033876,15462604,164440,1.03,51844,629044,199852,1.25,207104,527052,232
cloud-k3s-pool-workers-worker1,1,2026-06-06 09:00:43 UTC,15033876,15462604,164440,1.03,51844,629044,199852,1.25,207104,527052,232
cloud-k3s-pool-workers-worker1,1,2026-06-06 09:00:44 UTC,15033876,15462664,164412,1.03,51844,629072,199852,1.25,207104,527112,196
cloud-k3s-pool-workers-worker1,1,2026-06-06 09:00:45 UTC,15033876,15462664,164400,1.03,51844,629084,199852,1.25,207104,527112,208
cloud-k3s-pool-workers-worker1,1,2026-06-06 09:00:46 UTC,15034128,15462916,164132,1.03,51852,629092,199852,1.25,207104,527112,252
cloud-k3s-pool-workers-worker1,1,2026-06-06 09:00:47 UTC,15034128,15462956,164120,1.03,51852,629104,199852,1.25,207104,527152,80
cloud-k3s-pool-workers-worker1,1,2026-06-06 09:00:48 UTC,15034128,15462968,164108,1.03,51852,629116,199852,1.25,207104,527164,28
cloud-k3s-pool-workers-worker1,1,2026-06-06 09:00:49 UTC,15033636,15462508,164576,1.03,51852,629124,203300,1.27,208536,527196,44
cloud-k3s-pool-workers-worker1,1,2026-06-06 09:00:50 UTC,15033636,15462508,164564,1.03,51852,629136,203300,1.27,208536,527196,56
cloud-k3s-pool-workers-worker1,1,2026-06-06 09:00:51 UTC,15033636,15462512,164536,1.03,51860,629152,203300,1.27,208736,527196,368
cloud-k3s-pool-workers-worker1,1,2026-06-06 09:00:52 UTC,15033636,15462512,164536,1.03,51860,629152,203300,1.27,208736,527196,368
cloud-k3s-pool-workers-worker1,1,2026-06-06 09:00:53 UTC,15033636,15462520,164536,1.03,51860,629152,199852,1.25,207088,527204,380
cloud-k3s-pool-workers-worker1,1,2026-06-06 09:00:54 UTC,15033636,15462580,164504,1.03,51860,629184,199852,1.25,207088,527264,16
cloud-k3s-pool-workers-worker1,1,2026-06-06 09:00:55 UTC,15033636,15462580,164496,1.03,51860,629192,199852,1.25,207088,527264,28
cloud-k3s-pool-workers-worker1,1,2026-06-06 09:00:56 UTC,15036516,15465460,161596,1.01,51868,629204,199852,1.25,207088,527264,76
cloud-k3s-pool-workers-worker1,1,2026-06-06 09:00:57 UTC,15036516,15465460,161588,1.01,51868,629212,199852,1.25,207088,527264,256
cloud-k3s-pool-workers-worker1,1,2026-06-06 09:00:58 UTC,15036516,15465460,161576,1.01,51868,629224,199852,1.25,207088,527264,268
cloud-k3s-pool-workers-worker1,1,2026-06-06 09:00:59 UTC,15036516,15465460,161568,1.01,51868,629232,199852,1.25,207088,527264,276
cloud-k3s-pool-workers-worker1,1,2026-06-06 09:01:00 UTC,15036012,15464956,162072,1.01,51868,629232,199852,1.25,207088,527264,276
cloud-k3s-pool-workers-worker1,1,2026-06-06 09:01:01 UTC,15036012,15465032,162040,1.01,51876,629256,199852,1.25,207088,527340,32
cloud-k3s-pool-workers-worker1,1,2026-06-06 09:01:02 UTC,15036012,15465032,162032,1.01,51876,629264,199852,1.25,207088,527340,40
cloud-k3s-pool-workers-worker1,1,2026-06-06 09:01:03 UTC,15036012,15465032,162032,1.01,51876,629264,199852,1.25,207088,527340,40
cloud-k3s-pool-workers-worker1,1,2026-06-06 09:01:04 UTC,15036012,15465032,162012,1.01,51876,629284,199852,1.25,207088,527340,60
cloud-k3s-pool-workers-worker1,1,2026-06-06 09:01:05 UTC,15036012,15465032,162000,1.01,51876,629296,199852,1.25,207088,527340,72
cloud-k3s-pool-workers-worker1,1,2026-06-06 09:01:06 UTC,15036012,15465092,161980,1.01,51884,629304,199852,1.25,207088,527400,104
cloud-k3s-pool-workers-worker1,1,2026-06-06 09:01:07 UTC,15036012,15465092,161968,1.01,51884,629316,199852,1.25,207088,527400,120
cloud-k3s-pool-workers-worker1,1,2026-06-06 09:01:08 UTC,15036012,15465092,161960,1.01,51884,629324,199852,1.25,207088,527400,236
cloud-k3s-pool-workers-worker1,1,2026-06-06 09:01:09 UTC,15036012,15465092,161948,1.01,51884,629336,199852,1.25,207088,527400,248
cloud-k3s-pool-workers-worker1,1,2026-06-06 09:01:10 UTC,15036012,15465092,161940,1.01,51884,629344,199852,1.25,207088,527400,256
cloud-k3s-pool-workers-worker1,1,2026-06-06 09:01:11 UTC,15036012,15465092,161920,1.01,51892,629356,199852,1.25,207088,527400,280
cloud-k3s-pool-workers-worker1,1,2026-06-06 09:01:12 UTC,15036012,15465092,161920,1.01,51892,629356,199852,1.25,207088,527400,280
cloud-k3s-pool-workers-worker1,1,2026-06-06 09:01:13 UTC,15036012,15465092,161920,1.01,51892,629356,199852,1.25,207088,527400,280
cloud-k3s-pool-workers-worker1,1,2026-06-06 09:01:14 UTC,15036012,15465144,161888,1.01,51892,629388,199852,1.25,207128,527452,40
cloud-k3s-pool-workers-worker1,1,2026-06-06 09:01:15 UTC,15036012,15465144,161880,1.01,51892,629396,199852,1.25,207128,527452,48
cloud-k3s-pool-workers-worker1,1,2026-06-06 09:01:16 UTC,15036012,15465144,161860,1.01,51900,629408,199852,1.25,207128,527452,80
cloud-k3s-pool-workers-worker1,1,2026-06-06 09:01:17 UTC,15036012,15465204,161852,1.01,51900,629416,199852,1.25,207128,527512,80
cloud-k3s-pool-workers-worker1,1,2026-06-06 09:01:18 UTC,15036264,15465456,161600,1.01,51900,629416,199852,1.25,207128,527512,80
cloud-k3s-pool-workers-worker1,1,2026-06-06 09:01:19 UTC,15036264,15465456,161600,1.01,51900,629416,199852,1.25,207128,527512,80
cloud-k3s-pool-workers-worker1,1,2026-06-06 09:01:20 UTC,15036264,15465456,161568,1.01,51900,629448,199852,1.25,207128,527512,52
cloud-k3s-pool-workers-worker1,1,2026-06-06 09:01:21 UTC,15035256,15464452,162556,1.02,51908,629456,199852,1.25,207128,527512,244
cloud-k3s-pool-workers-worker1,1,2026-06-06 09:01:22 UTC,15035256,15464452,162556,1.02,51908,629456,199852,1.25,207128,527512,244
cloud-k3s-pool-workers-worker1,1,2026-06-06 09:01:23 UTC,15035256,15464452,162556,1.02,51908,629456,199852,1.25,207128,527512,244
cloud-k3s-pool-workers-worker1,1,2026-06-06 09:01:24 UTC,15035256,15464512,162520,1.02,51908,629488,199852,1.25,207128,527572,176
cloud-k3s-pool-workers-worker1,1,2026-06-06 09:01:25 UTC,15035256,15464512,162508,1.02,51908,629500,199852,1.25,207128,527572,192
cloud-k3s-pool-workers-worker1,1,2026-06-06 09:01:26 UTC,15035256,15464512,162492,1.02,51916,629508,199852,1.25,207128,527572,236
cloud-k3s-pool-workers-worker1,1,2026-06-06 09:01:27 UTC,15035256,15464512,162480,1.02,51916,629520,199852,1.25,207128,527572,248
cloud-k3s-pool-workers-worker1,1,2026-06-06 09:01:28 UTC,15035256,15464512,162472,1.02,51916,629528,199852,1.25,207128,527572,84
cloud-k3s-pool-workers-worker1,1,2026-06-06 09:01:29 UTC,15035256,15464572,162460,1.02,51916,629540,199852,1.25,207128,527632,96
cloud-k3s-pool-workers-worker1,1,2026-06-06 09:01:30 UTC,15035256,15464572,162452,1.02,51916,629548,199852,1.25,207128,527632,40
cloud-k3s-pool-workers-worker1,1,2026-06-06 09:01:31 UTC,15035256,15464572,162432,1.02,51924,629560,199852,1.25,207128,527632,232
cloud-k3s-pool-workers-worker1,1,2026-06-06 09:01:32 UTC,15033020,15462384,164668,1.03,51924,629560,202704,1.27,208192,527680,232
cloud-k3s-pool-workers-worker1,1,2026-06-06 09:01:33 UTC,15033020,15462384,164648,1.03,51924,629580,203040,1.27,208752,527680,212
cloud-k3s-pool-workers-worker1,1,2026-06-06 09:01:34 UTC,15033020,15462384,164640,1.03,51924,629588,203040,1.27,208752,527680,220
cloud-k3s-pool-workers-worker1,1,2026-06-06 09:01:35 UTC,15033020,15462444,164628,1.03,51924,629600,203040,1.27,208752,527740,324
cloud-k3s-pool-workers-worker1,1,2026-06-06 09:01:36 UTC,15033020,15462452,164608,1.03,51932,629612,203040,1.27,208804,527748,120
cloud-k3s-pool-workers-worker1,1,2026-06-06 09:01:37 UTC,15033020,15462456,164620,1.03,51932,629620,199852,1.25,207128,527748,172
cloud-k3s-pool-workers-worker1,1,2026-06-06 09:01:38 UTC,15033020,15462456,164608,1.03,51932,629632,199852,1.25,207128,527748,184
cloud-k3s-pool-workers-worker1,1,2026-06-06 09:01:39 UTC,15033020,15462456,164600,1.03,51932,629640,199852,1.25,207128,527748,192
cloud-k3s-pool-workers-worker1,1,2026-06-06 09:01:40 UTC,15033020,15462456,164588,1.03,51932,629652,199852,1.25,207128,527748,200
cloud-k3s-pool-workers-worker1,1,2026-06-06 09:01:41 UTC,15033020,15462524,164572,1.03,51940,629660,199852,1.25,207128,527816,176
cloud-k3s-pool-workers-worker1,1,2026-06-06 09:01:42 UTC,15033020,15462524,164560,1.03,51940,629672,199852,1.25,207128,527816,72
cloud-k3s-pool-workers-worker1,1,2026-06-06 09:01:43 UTC,15033020,15462524,164552,1.03,51940,629680,199852,1.25,207128,527816,20
cloud-k3s-pool-workers-worker1,1,2026-06-06 09:01:44 UTC,15033020,15462524,164540,1.03,51940,629692,199852,1.25,207128,527816,32
cloud-k3s-pool-workers-worker1,1,2026-06-06 09:01:45 UTC,15033020,15462524,164532,1.03,51940,629700,199852,1.25,207128,527816,40
cloud-k3s-pool-workers-worker1,1,2026-06-06 09:01:46 UTC,15033020,15462524,164512,1.03,51948,629712,199852,1.25,207128,527816,248
cloud-k3s-pool-workers-worker1,1,2026-06-06 09:01:47 UTC,15033272,15462836,164252,1.03,51948,629720,199852,1.25,207128,527876,256
cloud-k3s-pool-workers-worker1,1,2026-06-06 09:01:48 UTC,15033272,15462836,164252,1.03,51948,629720,199852,1.25,207128,527876,256
cloud-k3s-pool-workers-worker1,1,2026-06-06 09:01:49 UTC,15033272,15462836,164252,1.03,51948,629720,199852,1.25,207128,527876,256
cloud-k3s-pool-workers-worker1,1,2026-06-06 09:01:50 UTC,15033272,15462836,164220,1.03,51948,629752,199852,1.25,207128,527876,228
cloud-k3s-pool-workers-worker1,1,2026-06-06 09:01:51 UTC,15033272,15462836,164200,1.03,51956,629764,199852,1.25,207128,527876,256
cloud-k3s-pool-workers-worker1,1,2026-06-06 09:01:52 UTC,15033272,15462836,164188,1.03,51956,629772,199852,1.25,207128,527876,264
cloud-k3s-pool-workers-worker1,1,2026-06-06 09:01:53 UTC,15033272,15462896,164176,1.03,51956,629784,199852,1.25,207128,527936,276
cloud-k3s-pool-workers-worker1,1,2026-06-06 09:01:54 UTC,15033272,15462904,164168,1.03,51956,629792,199852,1.25,207128,527944,4
cloud-k3s-pool-workers-worker1,1,2026-06-06 09:01:55 UTC,15033272,15462904,164156,1.03,51956,629804,199852,1.25,207128,527944,20
cloud-k3s-pool-workers-worker1,1,2026-06-06 09:01:56 UTC,15033272,15462904,164140,1.03,51964,629812,199852,1.25,207128,527944,228
cloud-k3s-pool-workers-worker1,1,2026-06-06 09:01:57 UTC,15033272,15462904,164128,1.03,51964,629824,199852,1.25,207128,527944,240
cloud-k3s-pool-workers-worker1,1,2026-06-06 09:01:58 UTC,15033272,15462904,164120,1.03,51964,629832,199852,1.25,207128,527944,252
cloud-k3s-pool-workers-worker1,1,2026-06-06 09:01:59 UTC,15033272,15462964,164108,1.03,51964,629844,199852,1.25,207128,528004,264
cloud-k3s-pool-workers-worker1,1,2026-06-06 09:02:00 UTC,15033272,15462964,164096,1.03,51964,629856,199852,1.25,207128,528004,276
cloud-k3s-pool-workers-worker1,1,2026-06-06 09:02:01 UTC,15033272,15462964,164080,1.03,51972,629864,199852,1.25,207128,528004,48
cloud-k3s-pool-workers-worker1,1,2026-06-06 09:02:02 UTC,15033272,15462964,164068,1.03,51972,629876,199852,1.25,207128,528004,60
cloud-k3s-pool-workers-worker1,1,2026-06-06 09:02:03 UTC,15033272,15462996,164060,1.03,51972,629884,203300,1.27,208556,528036,44
cloud-k3s-pool-workers-worker1,1,2026-06-06 09:02:04 UTC,15033272,15462996,164060,1.03,51972,629884,203300,1.27,208556,528036,44
cloud-k3s-pool-workers-worker1,1,2026-06-06 09:02:05 UTC,15033272,15462996,164060,1.03,51972,629884,203300,1.27,208556,528036,44
cloud-k3s-pool-workers-worker1,1,2026-06-06 09:02:06 UTC,15033272,15463056,164020,1.03,51980,629916,203300,1.27,208792,528096,44
cloud-k3s-pool-workers-worker1,1,2026-06-06 09:02:07 UTC,15033272,15463068,164004,1.03,51980,629924,199852,1.25,207108,528104,176
cloud-k3s-pool-workers-worker1,1,2026-06-06 09:02:08 UTC,15033272,15463068,163992,1.03,51980,629936,199852,1.25,207108,528104,188
cloud-k3s-pool-workers-worker1,1,2026-06-06 09:02:09 UTC,15033272,15463068,163984,1.03,51980,629944,199852,1.25,207108,528104,192
cloud-k3s-pool-workers-worker1,1,2026-06-06 09:02:10 UTC,15033272,15463068,163984,1.03,51980,629944,199852,1.25,207108,528104,192
cloud-k3s-pool-workers-worker1,1,2026-06-06 09:02:11 UTC,15033924,15463788,163304,1.02,51988,629964,202828,1.27,208236,528172,312
cloud-k3s-pool-workers-worker1,1,2026-06-06 09:02:12 UTC,15033924,15463788,163292,1.02,51988,629976,203036,1.27,208488,528172,420
cloud-k3s-pool-workers-worker1,1,2026-06-06 09:02:13 UTC,15033924,15463788,163280,1.02,51988,629988,203036,1.27,208488,528172,436
cloud-k3s-pool-workers-worker1,1,2026-06-06 09:02:14 UTC,15033924,15463788,163268,1.02,51988,630000,203036,1.27,208724,528172,192
cloud-k3s-pool-workers-worker1,1,2026-06-06 09:02:15 UTC,15033924,15463792,163256,1.02,51988,630012,199852,1.25,207088,528176,204
cloud-k3s-pool-workers-worker1,1,2026-06-06 09:02:16 UTC,15036672,15466540,160500,1.00,51996,630012,199852,1.25,207088,528176,240
cloud-k3s-pool-workers-worker1,1,2026-06-06 09:02:17 UTC,15036672,15466540,160500,1.00,51996,630012,199852,1.25,207088,528176,0
cloud-k3s-pool-workers-worker1,1,2026-06-06 09:02:18 UTC,15036672,15466600,160472,1.00,51996,630040,199852,1.25,207088,528236,52
cloud-k3s-pool-workers-worker1,1,2026-06-06 09:02:19 UTC,15036672,15466600,160460,1.00,51996,630052,199852,1.25,207088,528236,68
cloud-k3s-pool-workers-worker1,1,2026-06-06 09:02:20 UTC,15036924,15466852,160208,1.00,51996,630052,199852,1.25,207088,528236,68
cloud-k3s-pool-workers-worker1,1,2026-06-06 09:02:21 UTC,15036924,15466852,160180,1.00,52004,630072,199852,1.25,207088,528236,264
cloud-k3s-pool-workers-worker1,1,2026-06-06 09:02:22 UTC,15036924,15466912,160168,1.00,52004,630080,199852,1.25,207088,528296,272
cloud-k3s-pool-workers-worker1,1,2026-06-06 09:02:23 UTC,15036924,15466912,160156,1.00,52004,630092,199852,1.25,207088,528296,284
cloud-k3s-pool-workers-worker1,1,2026-06-06 09:02:24 UTC,15036924,15466912,160144,1.00,52004,630104,199852,1.25,207088,528296,252
cloud-k3s-pool-workers-worker1,1,2026-06-06 09:02:25 UTC,15036924,15466912,160136,1.00,52004,630112,199852,1.25,207088,528296,264
cloud-k3s-pool-workers-worker1,1,2026-06-06 09:02:26 UTC,15036924,15466912,160116,1.00,52012,630124,199852,1.25,207088,528296,56
cloud-k3s-pool-workers-worker1,1,2026-06-06 09:02:27 UTC,15036924,15466912,160108,1.00,52012,630132,199852,1.25,207088,528296,64
cloud-k3s-pool-workers-worker1,1,2026-06-06 09:02:28 UTC,15036924,15466972,160096,1.00,52012,630144,199852,1.25,207088,528356,76
cloud-k3s-pool-workers-worker1,1,2026-06-06 09:02:29 UTC,15036924,15466972,160088,1.00,52012,630152,199852,1.25,207088,528356,84
cloud-k3s-pool-workers-worker1,1,2026-06-06 09:02:30 UTC,15036924,15466972,160076,1.00,52012,630164,199852,1.25,207088,528356,92
cloud-k3s-pool-workers-worker1,1,2026-06-06 09:02:31 UTC,15036924,15466972,160060,1.00,52020,630172,199852,1.25,207088,528356,220
cloud-k3s-pool-workers-worker1,1,2026-06-06 09:02:32 UTC,15036924,15466972,160048,1.00,52020,630184,199852,1.25,207088,528356,204
cloud-k3s-pool-workers-worker1,1,2026-06-06 09:02:33 UTC,15036924,15466972,160040,1.00,52020,630192,199852,1.25,207088,528356,212
cloud-k3s-pool-workers-worker1,1,2026-06-06 09:02:34 UTC,15036924,15467032,160028,1.00,52020,630204,199852,1.25,207088,528416,224
cloud-k3s-pool-workers-worker1,1,2026-06-06 09:02:35 UTC,15036924,15467032,160016,1.00,52020,630216,199852,1.25,207088,528416,236
cloud-k3s-pool-workers-worker1,1,2026-06-06 09:02:36 UTC,15036924,15467032,160000,1.00,52028,630224,199852,1.25,207088,528416,216
cloud-k3s-pool-workers-worker1,1,2026-06-06 09:02:37 UTC,15036924,15467036,159984,1.00,52028,630236,199852,1.25,207088,528416,48
cloud-k3s-pool-workers-worker1,1,2026-06-06 09:02:38 UTC,15036924,15467036,159984,1.00,52028,630236,199852,1.25,207088,528416,48
cloud-k3s-pool-workers-worker1,1,2026-06-06 09:02:39 UTC,15036924,15467036,159984,1.00,52028,630236,199852,1.25,207088,528416,48
cloud-k3s-pool-workers-worker1,1,2026-06-06 09:02:40 UTC,15036924,15467096,159956,1.00,52028,630264,199852,1.25,207088,528476,76
cloud-k3s-pool-workers-worker1,1,2026-06-06 09:02:41 UTC,15036924,15467096,159936,1.00,52036,630276,199852,1.25,207088,528476,260
cloud-k3s-pool-workers-worker1,1,2026-06-06 09:02:42 UTC,15036924,15467120,159928,1.00,52036,630284,199852,1.25,207088,528500,96
cloud-k3s-pool-workers-worker1,1,2026-06-06 09:02:43 UTC,15036924,15467120,159916,1.00,52036,630296,199852,1.25,207088,528500,112
cloud-k3s-pool-workers-worker1,1,2026-06-06 09:02:44 UTC,15036924,15467120,159908,1.00,52036,630304,199852,1.25,207128,528500,28
cloud-k3s-pool-workers-worker1,1,2026-06-06 09:02:45 UTC,15036924,15467120,159896,1.00,52036,630316,199852,1.25,207128,528500,40
cloud-k3s-pool-workers-worker1,1,2026-06-06 09:02:46 UTC,15036924,15467120,159880,1.00,52044,630324,199852,1.25,207128,528500,240
cloud-k3s-pool-workers-worker1,1,2026-06-06 09:02:47 UTC,15034184,15464436,162604,1.02,52044,630336,203300,1.27,208556,528556,256
cloud-k3s-pool-workers-worker1,1,2026-06-06 09:02:48 UTC,15034184,15464496,162592,1.02,52044,630348,203300,1.27,208760,528616,368
cloud-k3s-pool-workers-worker1,1,2026-06-06 09:02:49 UTC,15034184,15464496,162584,1.02,52044,630356,199852,1.25,207112,528616,340
cloud-k3s-pool-workers-worker1,1,2026-06-06 09:02:50 UTC,15034184,15464496,162572,1.02,52044,630368,199852,1.25,207112,528616,352
cloud-k3s-pool-workers-worker1,1,2026-06-06 09:02:51 UTC,15037708,15468020,159024,0.99,52052,630376,199852,1.25,207208,528616,28
cloud-k3s-pool-workers-worker1,1,2026-06-06 09:02:52 UTC,15037912,15468228,158808,0.99,52052,630388,199852,1.25,207128,528616,52
cloud-k3s-pool-workers-worker1,1,2026-06-06 09:02:53 UTC,15037912,15468228,158800,0.99,52052,630396,199852,1.25,207128,528616,60
cloud-k3s-pool-workers-worker1,1,2026-06-06 09:02:54 UTC,15038164,15468540,158536,0.99,52052,630408,199852,1.25,207128,528676,8
cloud-k3s-pool-workers-worker1,1,2026-06-06 09:02:55 UTC,15038164,15468540,158528,0.99,52052,630416,199852,1.25,207128,528676,20
cloud-k3s-pool-workers-worker1,1,2026-06-06 09:02:56 UTC,15038164,15468540,158508,0.99,52060,630428,199852,1.25,207128,528676,236
cloud-k3s-pool-workers-worker1,1,2026-06-06 09:02:57 UTC,15038164,15468540,158500,0.99,52060,630436,199852,1.25,207128,528676,244
cloud-k3s-pool-workers-worker1,1,2026-06-06 09:02:58 UTC,15038164,15468540,158488,0.99,52060,630448,199852,1.25,207128,528676,256
cloud-k3s-pool-workers-worker1,1,2026-06-06 09:02:59 UTC,15038164,15468540,158476,0.99,52060,630460,199852,1.25,207128,528676,268
cloud-k3s-pool-workers-worker1,1,2026-06-06 09:03:00 UTC,15038164,15468600,158468,0.99,52060,630468,199852,1.25,207128,528736,212
cloud-k3s-pool-workers-worker1,1,2026-06-06 09:03:01 UTC,15038164,15468600,158456,0.99,52060,630480,199852,1.25,207128,528736,240
cloud-k3s-pool-workers-worker1,1,2026-06-06 09:03:02 UTC,15038164,15468624,158440,0.99,52068,630488,199852,1.25,207128,528760,60
cloud-k3s-pool-workers-worker1,1,2026-06-06 09:03:03 UTC,15038164,15468624,158428,0.99,52068,630500,199852,1.25,207128,528760,72
cloud-k3s-pool-workers-worker1,1,2026-06-06 09:03:04 UTC,15038164,15468624,158420,0.99,52068,630508,199852,1.25,207128,528760,80
cloud-k3s-pool-workers-worker1,1,2026-06-06 09:03:05 UTC,15038164,15468624,158408,0.99,52068,630520,199852,1.25,207128,528760,92
cloud-k3s-pool-workers-worker1,1,2026-06-06 09:03:06 UTC,15038164,15468684,158400,0.99,52068,630528,199852,1.25,207128,528820,208
cloud-k3s-pool-workers-worker1,1,2026-06-06 09:03:07 UTC,15038164,15468684,158384,0.99,52068,630540,199852,1.25,207128,528820,200
cloud-k3s-pool-workers-worker1,1,2026-06-06 09:03:08 UTC,15035168,15465696,161360,1.01,52076,630548,203056,1.27,208568,528828,200
cloud-k3s-pool-workers-worker1,1,2026-06-06 09:03:09 UTC,15035168,15465696,161348,1.01,52076,630560,203300,1.27,208568,528828,244
cloud-k3s-pool-workers-worker1,1,2026-06-06 09:03:10 UTC,15034188,15464716,162316,1.02,52076,630572,203300,1.27,208728,528828,280
cloud-k3s-pool-workers-worker1,1,2026-06-06 09:03:11 UTC,15037004,15467532,159484,1.00,52076,630584,203300,1.27,208788,528828,292
cloud-k3s-pool-workers-worker1,1,2026-06-06 09:03:12 UTC,15037004,15467600,159472,1.00,52076,630596,203300,1.27,208788,528896,348
cloud-k3s-pool-workers-worker1,1,2026-06-06 09:03:13 UTC,15036752,15467348,159708,1.00,52084,630604,199852,1.25,207092,528896,148
cloud-k3s-pool-workers-worker1,1,2026-06-06 09:03:14 UTC,15036752,15467348,159708,1.00,52084,630604,199852,1.25,207092,528896,148
cloud-k3s-pool-workers-worker1,1,2026-06-06 09:03:15 UTC,15036752,15467348,159708,1.00,52084,630604,199852,1.25,207092,528896,148
cloud-k3s-pool-workers-worker1,1,2026-06-06 09:03:16 UTC,15038532,15469136,157896,0.99,52084,630636,199852,1.25,207128,528904,260
cloud-k3s-pool-workers-worker1,1,2026-06-06 09:03:17 UTC,15038532,15469136,157888,0.99,52084,630644,199852,1.25,207128,528904,268
cloud-k3s-pool-workers-worker1,1,2026-06-06 09:03:18 UTC,15038784,15469388,157624,0.99,52084,630656,199852,1.25,207128,528904,216
cloud-k3s-pool-workers-worker1,1,2026-06-06 09:03:19 UTC,15038532,15469196,157860,0.99,52092,630664,199852,1.25,207128,528964,236
cloud-k3s-pool-workers-worker1,1,2026-06-06 09:03:20 UTC,15038532,15469200,157848,0.99,52092,630676,199852,1.25,207128,528968,200
cloud-k3s-pool-workers-worker1,1,2026-06-06 09:03:21 UTC,15038532,15469200,157840,0.99,52092,630684,199852,1.25,207128,528968,220
cloud-k3s-pool-workers-worker1,1,2026-06-06 09:03:22 UTC,15038532,15469204,157824,0.99,52092,630696,199852,1.25,207128,528968,48
cloud-k3s-pool-workers-worker1,1,2026-06-06 09:03:23 UTC,15038532,15469204,157812,0.99,52092,630708,199852,1.25,207128,528968,60
cloud-k3s-pool-workers-worker1,1,2026-06-06 09:03:24 UTC,15038532,15469204,157796,0.99,52100,630716,199852,1.25,207128,528968,100
cloud-k3s-pool-workers-worker1,1,2026-06-06 09:03:25 UTC,15038532,15469264,157784,0.99,52100,630728,199852,1.25,207128,529028,52
cloud-k3s-pool-workers-worker1,1,2026-06-06 09:03:26 UTC,15038532,15469264,157776,0.99,52100,630736,199852,1.25,207128,529028,232
cloud-k3s-pool-workers-worker1,1,2026-06-06 09:03:27 UTC,15038532,15469264,157764,0.99,52100,630748,199852,1.25,207128,529028,244
cloud-k3s-pool-workers-worker1,1,2026-06-06 09:03:28 UTC,15038784,15469516,157504,0.99,52100,630756,199852,1.25,207128,529028,80
cloud-k3s-pool-workers-worker1,1,2026-06-06 09:03:29 UTC,15038784,15469516,157492,0.99,52100,630768,199852,1.25,207128,529028,92
cloud-k3s-pool-workers-worker1,1,2026-06-06 09:03:30 UTC,15038784,15469516,157476,0.99,52108,630776,199852,1.25,207128,529028,32
cloud-k3s-pool-workers-worker1,1,2026-06-06 09:03:31 UTC,15038784,15469576,157464,0.99,52108,630788,199852,1.25,207128,529088,216
cloud-k3s-pool-workers-worker1,1,2026-06-06 09:03:32 UTC,15038784,15469576,157456,0.99,52108,630796,199852,1.25,207128,529088,224
cloud-k3s-pool-workers-worker1,1,2026-06-06 09:03:33 UTC,15038784,15469576,157444,0.99,52108,630808,199852,1.25,207128,529088,236
cloud-k3s-pool-workers-worker1,1,2026-06-06 09:03:34 UTC,15038784,15469576,157436,0.99,52108,630816,199852,1.25,207128,529088,244
cloud-k3s-pool-workers-worker1,1,2026-06-06 09:03:35 UTC,15038784,15469576,157424,0.98,52108,630828,199852,1.25,207128,529088,256
cloud-k3s-pool-workers-worker1,1,2026-06-06 09:03:36 UTC,15038784,15469576,157416,0.98,52116,630828,199852,1.25,207128,529088,284
cloud-k3s-pool-workers-worker1,1,2026-06-06 09:03:37 UTC,15038784,15469576,157416,0.98,52116,630828,199852,1.25,207128,529088,284
cloud-k3s-pool-workers-worker1,1,2026-06-06 09:03:38 UTC,15038784,15469636,157380,0.98,52116,630860,199852,1.25,207128,529148,56
cloud-k3s-pool-workers-worker1,1,2026-06-06 09:03:39 UTC,15038784,15469636,157372,0.98,52116,630868,199852,1.25,207128,529148,64
cloud-k3s-pool-workers-worker1,1,2026-06-06 09:03:40 UTC,15038784,15469636,157360,0.98,52116,630880,199852,1.25,207128,529148,76
cloud-k3s-pool-workers-worker1,1,2026-06-06 09:03:41 UTC,15038784,15469636,157344,0.98,52124,630888,199852,1.25,207128,529148,252
cloud-k3s-pool-workers-worker1,1,2026-06-06 09:03:42 UTC,15038784,15469636,157332,0.98,52124,630900,199852,1.25,207128,529148,264
cloud-k3s-pool-workers-worker1,1,2026-06-06 09:03:43 UTC,15038784,15469696,157324,0.98,52124,630908,199852,1.25,207128,529208,276
cloud-k3s-pool-workers-worker1,1,2026-06-06 09:03:44 UTC,15038784,15469696,157312,0.98,52124,630920,199852,1.25,207128,529208,224
cloud-k3s-pool-workers-worker1,1,2026-06-06 09:03:45 UTC,15038784,15469696,157304,0.98,52124,630928,199852,1.25,207128,529208,232
cloud-k3s-pool-workers-worker1,1,2026-06-06 09:03:46 UTC,15038784,15469696,157284,0.98,52132,630940,199852,1.25,207128,529208,260
cloud-k3s-pool-workers-worker1,1,2026-06-06 09:03:47 UTC,15038784,15469696,157272,0.98,52132,630952,199852,1.25,207128,529208,272
cloud-k3s-pool-workers-worker1,1,2026-06-06 09:03:48 UTC,15038784,15469700,157260,0.98,52132,630964,199852,1.25,207128,529212,8
cloud-k3s-pool-workers-worker1,1,2026-06-06 09:03:49 UTC,15038784,15469760,157248,0.98,52132,630976,199852,1.25,207128,529272,24
cloud-k3s-pool-workers-worker1,1,2026-06-06 09:03:50 UTC,15038784,15469760,157240,0.98,52132,630984,199852,1.25,207128,529272,32
cloud-k3s-pool-workers-worker1,1,2026-06-06 09:03:51 UTC,15038532,15469568,157472,0.99,52140,630996,199852,1.25,207128,529332,248
cloud-k3s-pool-workers-worker1,1,2026-06-06 09:03:52 UTC,15038532,15469572,157460,0.99,52140,631004,199852,1.25,207128,529332,256
cloud-k3s-pool-workers-worker1,1,2026-06-06 09:03:53 UTC,15038532,15469572,157448,0.99,52140,631016,199852,1.25,207128,529332,268
cloud-k3s-pool-workers-worker1,1,2026-06-06 09:03:54 UTC,15038532,15469572,157440,0.99,52140,631024,199852,1.25,207128,529332,32
cloud-k3s-pool-workers-worker1,1,2026-06-06 09:03:55 UTC,15038532,15469632,157428,0.98,52140,631036,199852,1.25,207128,529392,48
cloud-k3s-pool-workers-worker1,1,2026-06-06 09:03:56 UTC,15038532,15469632,157412,0.98,52148,631044,199852,1.25,207128,529392,232
cloud-k3s-pool-workers-worker1,1,2026-06-06 09:03:57 UTC,15038532,15469632,157400,0.98,52148,631056,199852,1.25,207128,529392,244
cloud-k3s-pool-workers-worker1,1,2026-06-06 09:03:58 UTC,15038532,15469632,157392,0.98,52148,631064,199852,1.25,207128,529392,224
cloud-k3s-pool-workers-worker1,1,2026-06-06 09:03:59 UTC,15038532,15469632,157380,0.98,52148,631076,199852,1.25,207128,529392,236
cloud-k3s-pool-workers-worker1,1,2026-06-06 09:04:00 UTC,15038532,15469692,157368,0.98,52148,631088,199852,1.25,207128,529452,180
cloud-k3s-pool-workers-worker1,1,2026-06-06 09:04:01 UTC,15038532,15469692,157352,0.98,52156,631096,199852,1.25,207128,529452,232
cloud-k3s-pool-workers-worker1,1,2026-06-06 09:04:02 UTC,15038532,15469692,157340,0.98,52156,631108,199852,1.25,207128,529452,244
cloud-k3s-pool-workers-worker1,1,2026-06-06 09:04:03 UTC,15038532,15469692,157332,0.98,52156,631116,199852,1.25,207128,529452,252
cloud-k3s-pool-workers-worker1,1,2026-06-06 09:04:04 UTC,15038784,15469944,157068,0.98,52156,631128,199852,1.25,207128,529452,80
cloud-k3s-pool-workers-worker1,1,2026-06-06 09:04:05 UTC,15038784,15469944,157060,0.98,52156,631136,199852,1.25,207128,529452,88
cloud-k3s-pool-workers-worker1,1,2026-06-06 09:04:06 UTC,15038784,15470004,157040,0.98,52164,631148,199852,1.25,207128,529512,188
cloud-k3s-pool-workers-worker1,1,2026-06-06 09:04:07 UTC,15038784,15470004,157032,0.98,52164,631156,199852,1.25,207128,529512,20
cloud-k3s-pool-workers-worker1,1,2026-06-06 09:04:08 UTC,15038784,15470004,157032,0.98,52164,631156,199852,1.25,207128,529512,20
cloud-k3s-pool-workers-worker1,1,2026-06-06 09:04:09 UTC,15038784,15470004,157032,0.98,52164,631156,199852,1.25,207128,529512,20
cloud-k3s-pool-workers-worker1,1,2026-06-06 09:04:10 UTC,15038784,15470004,156996,0.98,52164,631188,199852,1.25,207128,529512,52
cloud-k3s-pool-workers-worker1,1,2026-06-06 09:04:11 UTC,15038784,15470004,156976,0.98,52172,631200,199852,1.25,207128,529512,248
cloud-k3s-pool-workers-worker1,1,2026-06-06 09:04:12 UTC,15038784,15470064,156968,0.98,52172,631208,199852,1.25,207128,529572,256
cloud-k3s-pool-workers-worker1,1,2026-06-06 09:04:13 UTC,15038784,15470064,156956,0.98,52172,631220,199852,1.25,207128,529572,272
cloud-k3s-pool-workers-worker1,1,2026-06-06 09:04:14 UTC,15038784,15470064,156948,0.98,52172,631228,199852,1.25,207128,529572,208
cloud-k3s-pool-workers-worker1,1,2026-06-06 09:04:15 UTC,15038784,15470064,156936,0.98,52172,631240,199852,1.25,207128,529572,220
cloud-k3s-pool-workers-worker1,1,2026-06-06 09:04:16 UTC,15038784,15470064,156920,0.98,52180,631248,199852,1.25,207128,529572,256
cloud-k3s-pool-workers-worker1,1,2026-06-06 09:04:17 UTC,15038784,15470064,156908,0.98,52180,631260,199852,1.25,207128,529572,60
cloud-k3s-pool-workers-worker1,1,2026-06-06 09:04:18 UTC,15038784,15470064,156908,0.98,52180,631260,199852,1.25,207128,529572,0
cloud-k3s-pool-workers-worker1,1,2026-06-06 09:04:19 UTC,15038784,15470064,156908,0.98,52180,631260,199852,1.25,207128,529572,0
cloud-k3s-pool-workers-worker1,1,2026-06-06 09:04:20 UTC,15038784,15470124,156880,0.98,52180,631288,199852,1.25,207128,529632,28
cloud-k3s-pool-workers-worker1,1,2026-06-06 09:04:21 UTC,15038784,15470124,156860,0.98,52188,631300,199852,1.25,207128,529632,236
cloud-k3s-pool-workers-worker1,1,2026-06-06 09:04:22 UTC,15038784,15470124,156848,0.98,52188,631312,199852,1.25,207128,529632,248
cloud-k3s-pool-workers-worker1,1,2026-06-06 09:04:23 UTC,15038532,15469876,157088,0.98,52188,631320,199852,1.25,207128,529632,256
cloud-k3s-pool-workers-worker1,1,2026-06-06 09:04:24 UTC,15038532,15469936,157076,0.98,52188,631332,199852,1.25,207128,529692,200
cloud-k3s-pool-workers-worker1,1,2026-06-06 09:04:25 UTC,15038532,15469936,157068,0.98,52188,631340,199852,1.25,207128,529692,212
cloud-k3s-pool-workers-worker1,1,2026-06-06 09:04:26 UTC,15038532,15469996,157048,0.98,52196,631352,199852,1.25,207128,529752,240
cloud-k3s-pool-workers-worker1,1,2026-06-06 09:04:27 UTC,15038532,15469996,157040,0.98,52196,631360,199852,1.25,207128,529752,248
cloud-k3s-pool-workers-worker1,1,2026-06-06 09:04:28 UTC,15038532,15469996,157028,0.98,52196,631372,199852,1.25,207128,529752,48
cloud-k3s-pool-workers-worker1,1,2026-06-06 09:04:29 UTC,15038532,15469996,157020,0.98,52196,631380,199852,1.25,207128,529752,56
cloud-k3s-pool-workers-worker1,1,2026-06-06 09:04:30 UTC,15038532,15470056,157008,0.98,52196,631392,199852,1.25,207128,529812,68
cloud-k3s-pool-workers-worker1,1,2026-06-06 09:04:31 UTC,15038532,15470056,156992,0.98,52204,631400,199852,1.25,207128,529812,224
cloud-k3s-pool-workers-worker1,1,2026-06-06 09:04:32 UTC,15038532,15470056,156980,0.98,52204,631412,199852,1.25,207128,529812,236
cloud-k3s-pool-workers-worker1,1,2026-06-06 09:04:33 UTC,15038532,15470056,156972,0.98,52204,631420,199852,1.25,207128,529812,244
cloud-k3s-pool-workers-worker1,1,2026-06-06 09:04:34 UTC,15038532,15470056,156960,0.98,52204,631432,199852,1.25,207128,529812,72
cloud-k3s-pool-workers-worker1,1,2026-06-06 09:04:35 UTC,15038804,15470328,156676,0.98,52204,631444,199852,1.25,207128,529812,84
cloud-k3s-pool-workers-worker1,1,2026-06-06 09:04:36 UTC,15038552,15470136,156908,0.98,52212,631452,199852,1.25,207128,529872,268
cloud-k3s-pool-workers-worker1,1,2026-06-06 09:04:37 UTC,15035784,15467384,159660,1.00,52212,631464,203304,1.27,208528,529888,292
cloud-k3s-pool-workers-worker1,1,2026-06-06 09:04:38 UTC,15035784,15467388,159648,1.00,52212,631472,203304,1.27,208808,529888,304
cloud-k3s-pool-workers-worker1,1,2026-06-06 09:04:39 UTC,15035784,15467388,159636,1.00,52212,631484,203304,1.27,208808,529888,328
cloud-k3s-pool-workers-worker1,1,2026-06-06 09:04:40 UTC,15038644,15470248,156768,0.98,52212,631492,199852,1.25,207248,529888,344
cloud-k3s-pool-workers-worker1,1,2026-06-06 09:04:41 UTC,15038748,15470352,156644,0.98,52220,631504,199852,1.25,207112,529888,388
cloud-k3s-pool-workers-worker1,1,2026-06-06 09:04:42 UTC,15038748,15470412,156636,0.98,52220,631512,199852,1.25,207112,529948,28
cloud-k3s-pool-workers-worker1,1,2026-06-06 09:04:43 UTC,15038748,15470412,156624,0.98,52220,631524,199852,1.25,207112,529948,44
cloud-k3s-pool-workers-worker1,1,2026-06-06 09:04:44 UTC,15038748,15470412,156616,0.98,52220,631532,199852,1.25,207112,529948,52
cloud-k3s-pool-workers-worker1,1,2026-06-06 09:04:45 UTC,15038748,15470412,156604,0.98,52220,631544,199852,1.25,207112,529948,64
cloud-k3s-pool-workers-worker1,1,2026-06-06 09:04:46 UTC,15038748,15470412,156584,0.98,52228,631556,199852,1.25,207112,529948,264
cloud-k3s-pool-workers-worker1,1,2026-06-06 09:04:47 UTC,15035752,15467432,159572,1.00,52228,631564,203800,1.28,208812,529964,232
cloud-k3s-pool-workers-worker1,1,2026-06-06 09:04:48 UTC,15035752,15467432,159572,1.00,52228,631564,206484,1.29,210092,529964,164
cloud-k3s-pool-workers-worker1,1,2026-06-06 09:04:49 UTC,15035752,15467432,159572,1.00,52228,631564,206484,1.29,210092,529964,164
cloud-k3s-pool-workers-worker1,1,2026-06-06 09:04:50 UTC,15035528,15467388,159636,1.00,52228,631724,206484,1.29,210488,530032,352
cloud-k3s-pool-workers-worker1,1,2026-06-06 09:04:51 UTC,15036328,15468196,158828,0.99,52236,631732,203036,1.27,208852,530040,76
cloud-k3s-pool-workers-worker1,1,2026-06-06 09:04:52 UTC,15036328,15468196,158812,0.99,52236,631744,199852,1.25,207208,530040,212
cloud-k3s-pool-workers-worker1,1,2026-06-06 09:04:53 UTC,15036328,15468256,158804,0.99,52236,631752,199852,1.25,207224,530084,220
cloud-k3s-pool-workers-worker1,1,2026-06-06 09:04:54 UTC,15036328,15468256,158792,0.99,52236,631764,199852,1.25,207208,530084,164
cloud-k3s-pool-workers-worker1,1,2026-06-06 09:04:55 UTC,15036076,15468004,159036,1.00,52236,631772,199852,1.25,207208,530084,176
cloud-k3s-pool-workers-worker1,1,2026-06-06 09:04:56 UTC,15038860,15470796,156244,0.98,52244,631772,199852,1.25,207208,530092,144
cloud-k3s-pool-workers-worker1,1,2026-06-06 09:04:57 UTC,15038860,15470796,156224,0.98,52244,631792,199852,1.25,207208,530092,40
cloud-k3s-pool-workers-worker1,1,2026-06-06 09:04:58 UTC,15038860,15470796,156212,0.98,52244,631804,199852,1.25,207208,530092,52
cloud-k3s-pool-workers-worker1,1,2026-06-06 09:04:59 UTC,15038860,15470796,156212,0.98,52244,631804,199852,1.25,207208,530092,52
cloud-k3s-pool-workers-worker1,1,2026-06-06 09:05:00 UTC,15038860,15470856,156192,0.98,52244,631824,199852,1.25,207208,530152,72
cloud-k3s-pool-workers-worker1,1,2026-06-06 09:05:01 UTC,15038608,15470604,156424,0.98,52252,631836,199852,1.25,207208,530152,220
cloud-k3s-pool-workers-worker1,1,2026-06-06 09:05:02 UTC,15037100,15469096,157924,0.99,52252,631844,199852,1.25,207208,530152,320
cloud-k3s-pool-workers-worker1,1,2026-06-06 09:05:03 UTC,15037100,15469096,157912,0.99,52252,631856,199852,1.25,207208,530152,332
cloud-k3s-pool-workers-worker1,1,2026-06-06 09:05:04 UTC,15037100,15469096,157904,0.99,52252,631864,199852,1.25,207184,530152,340
cloud-k3s-pool-workers-worker1,1,2026-06-06 09:05:05 UTC,15037100,15469156,157892,0.99,52252,631876,199852,1.25,207184,530212,352
cloud-k3s-pool-workers-worker1,1,2026-06-06 09:05:06 UTC,15037100,15469156,157876,0.99,52260,631884,199852,1.25,207184,530212,8
cloud-k3s-pool-workers-worker1,1,2026-06-06 09:05:07 UTC,15037100,15469160,157860,0.99,52260,631896,199852,1.25,207184,530212,24
cloud-k3s-pool-workers-worker1,1,2026-06-06 09:05:08 UTC,15037100,15469160,157852,0.99,52260,631904,199852,1.25,207184,530212,28
cloud-k3s-pool-workers-worker1,1,2026-06-06 09:05:09 UTC,15037100,15469160,157840,0.99,52260,631916,199852,1.25,207184,530212,40
cloud-k3s-pool-workers-worker1,1,2026-06-06 09:05:10 UTC,15037352,15469472,157576,0.99,52260,631928,199852,1.25,207184,530272,52
cloud-k3s-pool-workers-worker1,1,2026-06-06 09:05:11 UTC,15037352,15469472,157560,0.99,52268,631936,199852,1.25,207184,530272,248
cloud-k3s-pool-workers-worker1,1,2026-06-06 09:05:12 UTC,15037352,15469472,157548,0.99,52268,631948,199852,1.25,207184,530272,260
cloud-k3s-pool-workers-worker1,1,2026-06-06 09:05:13 UTC,15037352,15469472,157540,0.99,52268,631956,199852,1.25,207184,530272,272
cloud-k3s-pool-workers-worker1,1,2026-06-06 09:05:14 UTC,15037352,15469472,157528,0.99,52268,631968,199852,1.25,207184,530272,44
cloud-k3s-pool-workers-worker1,1,2026-06-06 09:05:15 UTC,15037352,15469472,157520,0.99,52268,631976,199852,1.25,207184,530272,52
cloud-k3s-pool-workers-worker1,1,2026-06-06 09:05:16 UTC,15037352,15469532,157500,0.99,52276,631988,199852,1.25,207184,530332,248
cloud-k3s-pool-workers-worker1,1,2026-06-06 09:05:17 UTC,15037352,15469532,157492,0.99,52276,631996,199852,1.25,207184,530332,228
cloud-k3s-pool-workers-worker1,1,2026-06-06 09:05:18 UTC,15037352,15469564,157480,0.99,52276,632008,199852,1.25,207208,530364,176
cloud-k3s-pool-workers-worker1,1,2026-06-06 09:05:19 UTC,15037352,15469564,157472,0.99,52276,632016,199852,1.25,207208,530364,188
cloud-k3s-pool-workers-worker1,1,2026-06-06 09:05:20 UTC,15037352,15469564,157460,0.99,52276,632028,199852,1.25,207208,530364,200
cloud-k3s-pool-workers-worker1,1,2026-06-06 09:05:21 UTC,15037352,15469572,157444,0.99,52284,632036,199852,1.25,207208,530372,48
cloud-k3s-pool-workers-worker1,1,2026-06-06 09:05:22 UTC,15037352,15469572,157444,0.99,52284,632036,199852,1.25,207208,530372,48
cloud-k3s-pool-workers-worker1,1,2026-06-06 09:05:23 UTC,15037352,15469632,157416,0.98,52284,632060,199852,1.25,207208,530432,84
cloud-k3s-pool-workers-worker1,1,2026-06-06 09:05:24 UTC,15037352,15469632,157408,0.98,52284,632068,199852,1.25,207208,530432,92
cloud-k3s-pool-workers-worker1,1,2026-06-06 09:05:25 UTC,15037352,15469632,157396,0.98,52284,632080,199852,1.25,207208,530432,108
cloud-k3s-pool-workers-worker1,1,2026-06-06 09:05:26 UTC,15035112,15467432,159620,1.00,52292,632088,203304,1.27,208700,530472,308
cloud-k3s-pool-workers-worker1,1,2026-06-06 09:05:27 UTC,15035112,15467432,159608,1.00,52292,632100,203304,1.27,208700,530472,320
cloud-k3s-pool-workers-worker1,1,2026-06-06 09:05:28 UTC,15035112,15467432,159596,1.00,52292,632112,203304,1.27,208940,530472,344
cloud-k3s-pool-workers-worker1,1,2026-06-06 09:05:29 UTC,15035112,15467444,159588,1.00,52292,632124,199852,1.25,207252,530484,368
cloud-k3s-pool-workers-worker1,1,2026-06-06 09:05:30 UTC,15035112,15467444,159580,1.00,52292,632132,199852,1.25,207252,530484,376
cloud-k3s-pool-workers-worker1,1,2026-06-06 09:05:31 UTC,15037712,15470044,156960,0.98,52300,632144,199852,1.25,207256,530484,68
cloud-k3s-pool-workers-worker1,1,2026-06-06 09:05:32 UTC,15037712,15470104,156952,0.98,52300,632152,199852,1.25,207256,530544,76
cloud-k3s-pool-workers-worker1,1,2026-06-06 09:05:33 UTC,15037712,15470104,156940,0.98,52300,632164,199852,1.25,207256,530544,88
cloud-k3s-pool-workers-worker1,1,2026-06-06 09:05:34 UTC,15037712,15470104,156928,0.98,52300,632176,199852,1.25,207256,530544,92
cloud-k3s-pool-workers-worker1,1,2026-06-06 09:05:35 UTC,15037712,15470104,156920,0.98,52300,632184,199852,1.25,207256,530544,100
cloud-k3s-pool-workers-worker1,1,2026-06-06 09:05:36 UTC,15037208,15469600,157408,0.98,52308,632196,199852,1.25,207256,530544,300
cloud-k3s-pool-workers-worker1,1,2026-06-06 09:05:37 UTC,15037208,15469620,157396,0.98,52308,632204,199852,1.25,207256,530560,20
cloud-k3s-pool-workers-worker1,1,2026-06-06 09:05:38 UTC,15037208,15469680,157384,0.98,52308,632216,199852,1.25,207256,530620,32
cloud-k3s-pool-workers-worker1,1,2026-06-06 09:05:39 UTC,15037208,15469680,157376,0.98,52308,632224,199852,1.25,207256,530620,40
cloud-k3s-pool-workers-worker1,1,2026-06-06 09:05:40 UTC,15037208,15469680,157364,0.98,52308,632236,199852,1.25,207256,530620,52
cloud-k3s-pool-workers-worker1,1,2026-06-06 09:05:41 UTC,15037460,15469932,157096,0.98,52316,632244,199852,1.25,207256,530620,240
cloud-k3s-pool-workers-worker1,1,2026-06-06 09:05:42 UTC,15037460,15469932,157084,0.98,52316,632256,199852,1.25,207256,530620,252
cloud-k3s-pool-workers-worker1,1,2026-06-06 09:05:43 UTC,15037460,15469932,157076,0.98,52316,632264,199852,1.25,207256,530620,264
cloud-k3s-pool-workers-worker1,1,2026-06-06 09:05:44 UTC,15037460,15469992,157064,0.98,52316,632276,199852,1.25,207256,530680,212
cloud-k3s-pool-workers-worker1,1,2026-06-06 09:05:45 UTC,15037460,15469992,157056,0.98,52316,632284,199852,1.25,207256,530680,220
cloud-k3s-pool-workers-worker1,1,2026-06-06 09:05:46 UTC,15037712,15470244,156784,0.98,52324,632296,199852,1.25,207256,530680,260
cloud-k3s-pool-workers-worker1,1,2026-06-06 09:05:47 UTC,15037712,15470260,156772,0.98,52324,632308,199852,1.25,207256,530696,64
cloud-k3s-pool-workers-worker1,1,2026-06-06 09:05:48 UTC,15037712,15470260,156764,0.98,52324,632316,199852,1.25,207256,530696,8
cloud-k3s-pool-workers-worker1,1,2026-06-06 09:05:49 UTC,15037712,15470260,156752,0.98,52324,632328,199852,1.25,207256,530696,24
cloud-k3s-pool-workers-worker1,1,2026-06-06 09:05:50 UTC,15037712,15470320,156744,0.98,52324,632336,199852,1.25,207256,530756,32
cloud-k3s-pool-workers-worker1,1,2026-06-06 09:05:51 UTC,15037712,15470320,156724,0.98,52332,632348,199852,1.25,207256,530756,244
cloud-k3s-pool-workers-worker1,1,2026-06-06 09:05:52 UTC,15037712,15470320,156712,0.98,52332,632356,199852,1.25,207256,530756,252
cloud-k3s-pool-workers-worker1,1,2026-06-06 09:05:53 UTC,15034720,15467336,159692,1.00,52332,632368,199852,1.25,207240,530764,264
cloud-k3s-pool-workers-worker1,1,2026-06-06 09:05:54 UTC,15034720,15467336,159684,1.00,52332,632376,199852,1.25,207240,530764,280
cloud-k3s-pool-workers-worker1,1,2026-06-06 09:05:55 UTC,15034720,15467336,159672,1.00,52332,632388,199852,1.25,207240,530764,296
cloud-k3s-pool-workers-worker1,1,2026-06-06 09:05:56 UTC,15037428,15470104,156948,0.98,52340,632396,199852,1.25,207240,530824,48
cloud-k3s-pool-workers-worker1,1,2026-06-06 09:05:57 UTC,15037176,15469852,157188,0.98,52340,632408,199852,1.25,207240,530824,36
cloud-k3s-pool-workers-worker1,1,2026-06-06 09:05:58 UTC,15037176,15469852,157188,0.98,52340,632408,199852,1.25,207240,530824,36
cloud-k3s-pool-workers-worker1,1,2026-06-06 09:05:59 UTC,15037176,15469852,157188,0.98,52340,632408,199852,1.25,207240,530824,36
cloud-k3s-pool-workers-worker1,1,2026-06-06 09:06:00 UTC,15037176,15469852,157156,0.98,52340,632440,199852,1.25,207240,530824,68
cloud-k3s-pool-workers-worker1,1,2026-06-06 09:06:01 UTC,15037176,15469852,157140,0.98,52348,632448,199852,1.25,207256,530824,48
cloud-k3s-pool-workers-worker1,1,2026-06-06 09:06:02 UTC,15037176,15469852,157140,0.98,52348,632448,199852,1.25,207256,530824,48
cloud-k3s-pool-workers-worker1,1,2026-06-06 09:06:03 UTC,15037176,15469852,157140,0.98,52348,632448,199852,1.25,207256,530824,48
cloud-k3s-pool-workers-worker1,1,2026-06-06 09:06:04 UTC,15037176,15469912,157108,0.98,52348,632480,199852,1.25,207256,530884,80
cloud-k3s-pool-workers-worker1,1,2026-06-06 09:06:05 UTC,15037176,15469912,157100,0.98,52348,632488,199852,1.25,207256,530884,88
cloud-k3s-pool-workers-worker1,1,2026-06-06 09:06:06 UTC,15037176,15469912,157080,0.98,52356,632500,199852,1.25,207256,530884,100
cloud-k3s-pool-workers-worker1,1,2026-06-06 09:06:07 UTC,15037176,15469912,157072,0.98,52356,632508,199852,1.25,207256,530884,112
cloud-k3s-pool-workers-worker1,1,2026-06-06 09:06:08 UTC,15037176,15469976,157056,0.98,52356,632520,199852,1.25,207256,530944,200
cloud-k3s-pool-workers-worker1,1,2026-06-06 09:06:09 UTC,15037176,15469976,157048,0.98,52356,632528,199852,1.25,207256,530944,208
cloud-k3s-pool-workers-worker1,1,2026-06-06 09:06:10 UTC,15037176,15469976,157036,0.98,52356,632540,199852,1.25,207256,530944,220
cloud-k3s-pool-workers-worker1,1,2026-06-06 09:06:11 UTC,15037176,15469976,157024,0.98,52356,632552,199852,1.25,207256,530944,244
cloud-k3s-pool-workers-worker1,1,2026-06-06 09:06:12 UTC,15037176,15469976,157016,0.98,52364,632552,199852,1.25,207256,530944,260
cloud-k3s-pool-workers-worker1,1,2026-06-06 09:06:13 UTC,15037176,15469976,157016,0.98,52364,632552,199852,1.25,207256,530944,260
cloud-k3s-pool-workers-worker1,1,2026-06-06 09:06:14 UTC,15037176,15470036,156988,0.98,52364,632580,199852,1.25,207256,531004,44
cloud-k3s-pool-workers-worker1,1,2026-06-06 09:06:15 UTC,15037176,15470036,156976,0.98,52364,632592,199852,1.25,207256,531004,56
cloud-k3s-pool-workers-worker1,1,2026-06-06 09:06:16 UTC,15037176,15470036,156968,0.98,52364,632600,199852,1.25,207256,531004,64
cloud-k3s-pool-workers-worker1,1,2026-06-06 09:06:17 UTC,15037176,15470036,156956,0.98,52364,632612,199852,1.25,207256,531004,248
cloud-k3s-pool-workers-worker1,1,2026-06-06 09:06:18 UTC,15036672,15469532,157440,0.99,52372,632620,199852,1.25,207256,531004,96
cloud-k3s-pool-workers-worker1,1,2026-06-06 09:06:19 UTC,15036672,15469592,157428,0.98,52372,632632,199852,1.25,207256,531064,112
cloud-k3s-pool-workers-worker1,1,2026-06-06 09:06:20 UTC,15036924,15469844,157168,0.98,52372,632640,199852,1.25,207256,531064,56
cloud-k3s-pool-workers-worker1,1,2026-06-06 09:06:21 UTC,15036924,15469844,157156,0.98,52372,632652,199852,1.25,207256,531064,244
cloud-k3s-pool-workers-worker1,1,2026-06-06 09:06:22 UTC,15036924,15469844,157156,0.98,52372,632652,199852,1.25,207256,531064,244
cloud-k3s-pool-workers-worker1,1,2026-06-06 09:06:23 UTC,15036924,15469848,157132,0.98,52372,632672,199852,1.25,207256,531064,236
cloud-k3s-pool-workers-worker1,1,2026-06-06 09:06:24 UTC,15036924,15469848,157112,0.98,52380,632684,199852,1.25,207256,531064,208
cloud-k3s-pool-workers-worker1,1,2026-06-06 09:06:25 UTC,15036924,15469908,157104,0.98,52380,632692,199852,1.25,207256,531124,220
cloud-k3s-pool-workers-worker1,1,2026-06-06 09:06:26 UTC,15036924,15469908,157092,0.98,52380,632704,199852,1.25,207256,531124,232
cloud-k3s-pool-workers-worker1,1,2026-06-06 09:06:27 UTC,15036924,15469908,157084,0.98,52380,632712,199852,1.25,207256,531124,240
cloud-k3s-pool-workers-worker1,1,2026-06-06 09:06:28 UTC,15036924,15469908,157072,0.98,52380,632724,199852,1.25,207256,531124,76
cloud-k3s-pool-workers-worker1,1,2026-06-06 09:06:29 UTC,15036420,15469404,157568,0.99,52380,632732,199852,1.25,207256,531124,56
cloud-k3s-pool-workers-worker1,1,2026-06-06 09:06:30 UTC,15036420,15469404,157548,0.99,52388,632744,199852,1.25,207256,531124,100
cloud-k3s-pool-workers-worker1,1,2026-06-06 09:06:31 UTC,15036420,15469464,157540,0.99,52388,632752,199852,1.25,207256,531184,220
cloud-k3s-pool-workers-worker1,1,2026-06-06 09:06:32 UTC,15036420,15469464,157540,0.99,52388,632752,199852,1.25,207256,531184,220
cloud-k3s-pool-workers-worker1,1,2026-06-06 09:06:33 UTC,15036420,15469464,157540,0.99,52388,632752,199852,1.25,207256,531184,220
cloud-k3s-pool-workers-worker1,1,2026-06-06 09:06:34 UTC,15036420,15469464,157508,0.99,52388,632784,199852,1.25,207256,531184,248
cloud-k3s-pool-workers-worker1,1,2026-06-06 09:06:35 UTC,15036420,15469524,157488,0.99,52396,632796,199852,1.25,207256,531244,256
cloud-k3s-pool-workers-worker1,1,2026-06-06 09:06:36 UTC,15036420,15469524,157480,0.99,52396,632804,199852,1.25,207256,531244,204
cloud-k3s-pool-workers-worker1,1,2026-06-06 09:06:37 UTC,15036420,15469584,157468,0.99,52396,632816,199852,1.25,207256,531304,48
cloud-k3s-pool-workers-worker1,1,2026-06-06 09:06:38 UTC,15033176,15466344,160712,1.01,52396,632816,203304,1.27,208632,531308,224
cloud-k3s-pool-workers-worker1,1,2026-06-06 09:06:39 UTC,15031916,15465084,161892,1.01,52396,632840,206752,1.29,210608,531308,252
cloud-k3s-pool-workers-worker1,1,2026-06-06 09:06:40 UTC,15031916,15465084,161884,1.01,52396,632848,206752,1.29,210608,531308,260
cloud-k3s-pool-workers-worker1,1,2026-06-06 09:06:41 UTC,15035272,15468456,158524,0.99,52412,632864,199852,1.25,207224,531324,592
cloud-k3s-pool-workers-worker1,1,2026-06-06 09:06:42 UTC,15035272,15468456,158520,0.99,52412,632872,199852,1.25,207224,531324,304
cloud-k3s-pool-workers-worker1,1,2026-06-06 09:06:43 UTC,15035272,15468524,158508,0.99,52412,632884,199852,1.25,207224,531392,76
cloud-k3s-pool-workers-worker1,1,2026-06-06 09:06:44 UTC,15035272,15468524,158508,0.99,52412,632884,199852,1.25,207224,531392,76
cloud-k3s-pool-workers-worker1,1,2026-06-06 09:06:45 UTC,15035272,15468524,158508,0.99,52412,632884,199852,1.25,207224,531392,76
cloud-k3s-pool-workers-worker1,1,2026-06-06 09:06:46 UTC,15035272,15468524,158468,0.99,52420,632916,199852,1.25,207224,531392,140
cloud-k3s-pool-workers-worker1,1,2026-06-06 09:06:47 UTC,15035272,15468524,158460,0.99,52420,632924,199852,1.25,207224,531392,148
cloud-k3s-pool-workers-worker1,1,2026-06-06 09:06:48 UTC,15035272,15468524,158448,0.99,52420,632936,199852,1.25,207224,531392,292
cloud-k3s-pool-workers-worker1,1,2026-06-06 09:06:49 UTC,15035272,15468584,158440,0.99,52420,632944,199852,1.25,207224,531452,304
cloud-k3s-pool-workers-worker1,1,2026-06-06 09:06:50 UTC,15035272,15468584,158428,0.99,52420,632956,199852,1.25,207256,531452,248
cloud-k3s-pool-workers-worker1,1,2026-06-06 09:06:51 UTC,15035272,15468584,158420,0.99,52420,632964,199852,1.25,207256,531452,256
cloud-k3s-pool-workers-worker1,1,2026-06-06 09:06:52 UTC,15035272,15468584,158400,0.99,52428,632976,199852,1.25,207256,531452,288
cloud-k3s-pool-workers-worker1,1,2026-06-06 09:06:53 UTC,15035272,15468584,158392,0.99,52428,632984,199852,1.25,207256,531452,296
cloud-k3s-pool-workers-worker1,1,2026-06-06 09:06:54 UTC,15035524,15468840,158124,0.99,52428,632996,199852,1.25,207256,531452,80
cloud-k3s-pool-workers-worker1,1,2026-06-06 09:06:55 UTC,15035524,15468900,158116,0.99,52428,633004,199852,1.25,207256,531512,88
cloud-k3s-pool-workers-worker1,1,2026-06-06 09:06:56 UTC,15035524,15468900,158104,0.99,52428,633016,199852,1.25,207256,531512,100
cloud-k3s-pool-workers-worker1,1,2026-06-06 09:06:57 UTC,15035524,15468900,158084,0.99,52436,633028,199852,1.25,207256,531512,304
cloud-k3s-pool-workers-worker1,1,2026-06-06 09:06:58 UTC,15035524,15468900,158076,0.99,52436,633036,199852,1.25,207256,531512,312
cloud-k3s-pool-workers-worker1,1,2026-06-06 09:06:59 UTC,15035524,15468900,158064,0.99,52436,633048,199852,1.25,207256,531512,324
cloud-k3s-pool-workers-worker1,1,2026-06-06 09:07:00 UTC,15035524,15468900,158056,0.99,52436,633056,199852,1.25,207256,531512,332
cloud-k3s-pool-workers-worker1,1,2026-06-06 09:07:01 UTC,15035524,15468960,158044,0.99,52436,633068,199852,1.25,207256,531572,344
cloud-k3s-pool-workers-worker1,1,2026-06-06 09:07:02 UTC,15035524,15468960,158036,0.99,52436,633076,199852,1.25,207256,531572,180
cloud-k3s-pool-workers-worker1,1,2026-06-06 09:07:03 UTC,15035524,15468960,158016,0.99,52444,633088,199852,1.25,207256,531572,188
cloud-k3s-pool-workers-worker1,1,2026-06-06 09:07:04 UTC,15035524,15468960,158008,0.99,52444,633096,199852,1.25,207256,531572,196
cloud-k3s-pool-workers-worker1,1,2026-06-06 09:07:05 UTC,15035524,15468960,157996,0.99,52444,633108,199852,1.25,207256,531572,208
cloud-k3s-pool-workers-worker1,1,2026-06-06 09:07:06 UTC,15034516,15467952,158996,0.99,52444,633116,199852,1.25,207256,531572,216
cloud-k3s-pool-workers-worker1,1,2026-06-06 09:07:07 UTC,15034516,15468012,158984,0.99,52444,633128,199852,1.25,207256,531632,220
cloud-k3s-pool-workers-worker1,1,2026-06-06 09:07:08 UTC,15034516,15468044,158984,0.99,52444,633128,203300,1.27,208760,531664,376
cloud-k3s-pool-workers-worker1,1,2026-06-06 09:07:09 UTC,15034012,15467540,159456,1.00,52452,633148,203300,1.27,208896,531664,432
cloud-k3s-pool-workers-worker1,1,2026-06-06 09:07:10 UTC,15034012,15467540,159444,1.00,52452,633160,203300,1.27,208896,531664,460
cloud-k3s-pool-workers-worker1,1,2026-06-06 09:07:11 UTC,15036768,15470296,156680,0.98,52452,633168,199852,1.25,207240,531664,576
