# hostname,interval,timestamp,kbmemfree,kbavail,kbmemused,%memused,kbbuffers,kbcached,kbcommit,%commit,kbactive,kbinact,kbdirty
fog-k3s-master3,1,2026-06-06 08:07:15 UTC,15009684,15398044,229648,1.44,45936,595144,239124,1.50,211288,488376,736
fog-k3s-master3,1,2026-06-06 08:07:16 UTC,15011324,15399684,227996,1.43,45936,595156,239124,1.50,211288,488376,748
fog-k3s-master3,1,2026-06-06 08:07:17 UTC,15011968,15400328,227340,1.42,45936,595168,239124,1.50,211336,488376,700
fog-k3s-master3,1,2026-06-06 08:07:18 UTC,15014108,15402508,225192,1.41,45948,595164,239124,1.50,211356,488416,708
fog-k3s-master3,1,2026-06-06 08:07:19 UTC,15016956,15405368,222320,1.39,45948,595188,239124,1.50,211356,488428,572
fog-k3s-master3,1,2026-06-06 08:07:20 UTC,15018276,15406688,220992,1.38,45948,595196,239124,1.50,211356,488428,580
fog-k3s-master3,1,2026-06-06 08:07:21 UTC,15019420,15407832,219836,1.38,45948,595208,239124,1.50,211360,488428,600
fog-k3s-master3,1,2026-06-06 08:07:22 UTC,15020588,15409000,218660,1.37,45948,595216,239124,1.50,211360,488428,608
fog-k3s-master3,1,2026-06-06 08:07:23 UTC,15021720,15410132,217516,1.36,45948,595228,239124,1.50,211360,488428,548
fog-k3s-master3,1,2026-06-06 08:07:24 UTC,15023672,15412144,215556,1.35,45956,595228,239124,1.50,211360,488488,560
fog-k3s-master3,1,2026-06-06 08:07:25 UTC,15026516,15415108,212564,1.33,45956,595376,239124,1.50,211484,488488,592
fog-k3s-master3,1,2026-06-06 08:07:26 UTC,15027104,15415700,211964,1.33,45956,595384,239124,1.50,211484,488488,600
fog-k3s-master3,1,2026-06-06 08:07:27 UTC,15030884,15419480,208172,1.30,45956,595396,239124,1.50,211484,488488,612
fog-k3s-master3,1,2026-06-06 08:07:28 UTC,15032532,15421128,206512,1.29,45956,595408,239124,1.50,211484,488488,624
fog-k3s-master3,1,2026-06-06 08:07:29 UTC,15034628,15423232,204408,1.28,45964,595408,239124,1.50,211484,488496,612
fog-k3s-master3,1,2026-06-06 08:07:30 UTC,15035448,15424112,203576,1.27,45964,595420,239124,1.50,211484,488556,620
fog-k3s-master3,1,2026-06-06 08:07:31 UTC,15037280,15425944,201728,1.26,45964,595436,239124,1.50,211484,488556,768
fog-k3s-master3,1,2026-06-06 08:07:32 UTC,15036976,15425640,202020,1.26,45964,595448,239124,1.50,211484,488556,780
fog-k3s-master3,1,2026-06-06 08:07:33 UTC,15038796,15427460,200192,1.25,45964,595456,239124,1.50,211484,488556,788
fog-k3s-master3,1,2026-06-06 08:07:34 UTC,15038796,15427460,200180,1.25,45972,595460,239124,1.50,211484,488556,804
fog-k3s-master3,1,2026-06-06 08:07:35 UTC,15040200,15428920,198760,1.24,45972,595476,239124,1.50,211484,488612,672
fog-k3s-master3,1,2026-06-06 08:07:36 UTC,15040200,15428920,198748,1.24,45972,595488,239124,1.50,211484,488612,684
fog-k3s-master3,1,2026-06-06 08:07:37 UTC,15041032,15429752,197908,1.24,45972,595496,239124,1.50,211484,488612,692
fog-k3s-master3,1,2026-06-06 08:07:38 UTC,15041032,15429752,197896,1.24,45972,595508,239124,1.50,211484,488612,704
fog-k3s-master3,1,2026-06-06 08:07:39 UTC,15041032,15429752,197888,1.24,45980,595508,239124,1.50,211484,488612,712
fog-k3s-master3,1,2026-06-06 08:07:40 UTC,15041032,15429752,197888,1.24,45980,595508,239124,1.50,211484,488612,712
fog-k3s-master3,1,2026-06-06 08:07:41 UTC,15040868,15429628,198016,1.24,45980,595540,239124,1.50,211484,488652,868
fog-k3s-master3,1,2026-06-06 08:07:42 UTC,15040868,15429628,198008,1.24,45980,595548,239124,1.50,211484,488652,876
fog-k3s-master3,1,2026-06-06 08:07:43 UTC,15040868,15429672,197996,1.24,45980,595560,239124,1.50,211484,488696,724
fog-k3s-master3,1,2026-06-06 08:07:44 UTC,15040868,15429680,197988,1.24,45988,595560,239124,1.50,211484,488704,596
fog-k3s-master3,1,2026-06-06 08:07:45 UTC,15040868,15429680,197976,1.24,45988,595572,239124,1.50,211484,488704,608
fog-k3s-master3,1,2026-06-06 08:07:46 UTC,15040868,15429680,197960,1.24,45988,595588,239124,1.50,211516,488704,620
fog-k3s-master3,1,2026-06-06 08:07:47 UTC,15040868,15429684,197944,1.24,45988,595600,239124,1.50,211516,488704,632
fog-k3s-master3,1,2026-06-06 08:07:48 UTC,15040868,15429700,197936,1.24,45988,595608,239124,1.50,211560,488720,640
fog-k3s-master3,1,2026-06-06 08:07:49 UTC,15040868,15429700,197916,1.24,45996,595620,239124,1.50,211560,488720,172
fog-k3s-master3,1,2026-06-06 08:07:50 UTC,15040868,15429700,197916,1.24,45996,595620,239124,1.50,211560,488720,40
fog-k3s-master3,1,2026-06-06 08:07:51 UTC,15040868,15429700,197916,1.24,45996,595620,239124,1.50,211560,488720,40
fog-k3s-master3,1,2026-06-06 08:07:52 UTC,15040868,15429700,197884,1.24,45996,595652,239124,1.50,211560,488720,76
fog-k3s-master3,1,2026-06-06 08:07:53 UTC,15040868,15429700,197876,1.24,45996,595660,239124,1.50,211560,488720,84
fog-k3s-master3,1,2026-06-06 08:07:54 UTC,15040868,15429760,197864,1.24,46004,595664,239124,1.50,211560,488780,100
fog-k3s-master3,1,2026-06-06 08:07:55 UTC,15040868,15429760,197856,1.24,46004,595672,239124,1.50,211560,488780,108
fog-k3s-master3,1,2026-06-06 08:07:56 UTC,15040868,15429760,197836,1.24,46004,595692,239124,1.50,211560,488780,208
fog-k3s-master3,1,2026-06-06 08:07:57 UTC,15040868,15429760,197828,1.24,46004,595700,239124,1.50,211560,488780,216
fog-k3s-master3,1,2026-06-06 08:07:58 UTC,15040868,15429760,197828,1.24,46004,595700,239124,1.50,211560,488780,216
fog-k3s-master3,1,2026-06-06 08:07:59 UTC,15040868,15429760,197800,1.24,46012,595720,239124,1.50,211560,488780,260
fog-k3s-master3,1,2026-06-06 08:08:00 UTC,15040868,15429820,197788,1.24,46012,595732,239124,1.50,211560,488840,272
fog-k3s-master3,1,2026-06-06 08:08:01 UTC,15040868,15429820,197776,1.24,46012,595740,239124,1.50,211560,488840,280
fog-k3s-master3,1,2026-06-06 08:08:02 UTC,15040868,15429840,197764,1.24,46012,595752,239124,1.50,211560,488860,148
fog-k3s-master3,1,2026-06-06 08:08:03 UTC,15040868,15429840,197756,1.24,46012,595760,239124,1.50,211560,488860,156
fog-k3s-master3,1,2026-06-06 08:08:04 UTC,15040868,15429840,197744,1.24,46020,595764,239124,1.50,211560,488860,172
fog-k3s-master3,1,2026-06-06 08:08:05 UTC,15040868,15429900,197732,1.24,46020,595776,239124,1.50,211560,488920,184
fog-k3s-master3,1,2026-06-06 08:08:06 UTC,15040868,15429960,197716,1.24,46020,595792,239124,1.50,211560,488980,312
fog-k3s-master3,1,2026-06-06 08:08:07 UTC,15040868,15429960,197704,1.24,46020,595804,239124,1.50,211560,488980,324
fog-k3s-master3,1,2026-06-06 08:08:08 UTC,15040616,15429708,197948,1.24,46020,595812,239124,1.50,211560,488980,332
fog-k3s-master3,1,2026-06-06 08:08:09 UTC,15040616,15429708,197948,1.24,46028,595804,239124,1.50,211560,488980,332
fog-k3s-master3,1,2026-06-06 08:08:10 UTC,15040912,15430004,197624,1.24,46028,595832,239124,1.50,211560,488980,380
fog-k3s-master3,1,2026-06-06 08:08:11 UTC,15040912,15430064,197612,1.24,46028,595844,239124,1.50,211560,489040,392
fog-k3s-master3,1,2026-06-06 08:08:12 UTC,15040912,15430064,197604,1.24,46028,595852,239124,1.50,211560,489040,248
fog-k3s-master3,1,2026-06-06 08:08:13 UTC,15050656,15439820,187852,1.18,46028,595864,236296,1.48,208960,489052,432
fog-k3s-master3,1,2026-06-06 08:08:14 UTC,15050404,15439568,188096,1.18,46036,595864,236296,1.48,208960,489052,484
fog-k3s-master3,1,2026-06-06 08:08:15 UTC,15050404,15439568,188096,1.18,46036,595864,236296,1.48,208960,489052,484
fog-k3s-master3,1,2026-06-06 08:08:16 UTC,15050404,15439564,188076,1.18,46036,595896,236296,1.48,208960,489052,288
fog-k3s-master3,1,2026-06-06 08:08:17 UTC,15050404,15439624,188068,1.18,46036,595904,236296,1.48,208960,489112,296
fog-k3s-master3,1,2026-06-06 08:08:18 UTC,15050404,15439624,188056,1.18,46036,595916,236296,1.48,208960,489112,308
fog-k3s-master3,1,2026-06-06 08:08:19 UTC,15050404,15439624,188048,1.18,46044,595916,236296,1.48,208960,489112,320
fog-k3s-master3,1,2026-06-06 08:08:20 UTC,15050404,15439632,188028,1.18,46044,595936,236296,1.48,208968,489112,148
fog-k3s-master3,1,2026-06-06 08:08:21 UTC,15050404,15439632,188020,1.18,46044,595944,236296,1.48,208968,489112,160
fog-k3s-master3,1,2026-06-06 08:08:22 UTC,15050404,15439632,188008,1.18,46044,595956,236296,1.48,208968,489112,172
fog-k3s-master3,1,2026-06-06 08:08:23 UTC,15050404,15439632,188008,1.18,46044,595956,236296,1.48,208968,489112,172
fog-k3s-master3,1,2026-06-06 08:08:24 UTC,15050404,15439692,187976,1.18,46052,595980,236296,1.48,208968,489172,220
fog-k3s-master3,1,2026-06-06 08:08:25 UTC,15050404,15439692,187968,1.18,46052,595988,236296,1.48,208968,489172,228
fog-k3s-master3,1,2026-06-06 08:08:26 UTC,15050404,15439692,187956,1.18,46052,596000,236296,1.48,208968,489172,64
fog-k3s-master3,1,2026-06-06 08:08:27 UTC,15050404,15439692,187948,1.18,46052,596008,236296,1.48,208968,489172,72
fog-k3s-master3,1,2026-06-06 08:08:28 UTC,15050404,15439692,187948,1.18,46052,596008,236296,1.48,208968,489172,72
fog-k3s-master3,1,2026-06-06 08:08:29 UTC,15050404,15439752,187924,1.18,46060,596024,236296,1.48,208968,489232,100
fog-k3s-master3,1,2026-06-06 08:08:30 UTC,15050404,15439752,187916,1.18,46060,596032,236296,1.48,208968,489232,108
fog-k3s-master3,1,2026-06-06 08:08:31 UTC,15050404,15439752,187908,1.18,46060,596040,236296,1.48,208968,489232,132
fog-k3s-master3,1,2026-06-06 08:08:32 UTC,15050404,15439752,187908,1.18,46060,596040,236296,1.48,208968,489232,132
fog-k3s-master3,1,2026-06-06 08:08:33 UTC,15050404,15439752,187872,1.18,46060,596072,236296,1.48,208968,489232,164
fog-k3s-master3,1,2026-06-06 08:08:34 UTC,15050404,15439752,187864,1.18,46068,596072,236296,1.48,208968,489232,172
fog-k3s-master3,1,2026-06-06 08:08:35 UTC,15050404,15439812,187844,1.18,46068,596092,236296,1.48,208968,489292,320
fog-k3s-master3,1,2026-06-06 08:08:36 UTC,15050404,15439812,187844,1.18,46068,596092,236296,1.48,208968,489292,320
fog-k3s-master3,1,2026-06-06 08:08:37 UTC,15050404,15439812,187824,1.18,46068,596112,236296,1.48,208968,489292,312
fog-k3s-master3,1,2026-06-06 08:08:38 UTC,15050404,15439812,187816,1.18,46068,596120,236296,1.48,208968,489292,320
fog-k3s-master3,1,2026-06-06 08:08:39 UTC,15050152,15439560,188056,1.18,46076,596124,236296,1.48,208968,489292,336
fog-k3s-master3,1,2026-06-06 08:08:40 UTC,15050404,15439812,187792,1.17,46076,596136,236296,1.48,208968,489292,348
fog-k3s-master3,1,2026-06-06 08:08:41 UTC,15050404,15439872,187776,1.17,46076,596152,236296,1.48,208968,489352,232
fog-k3s-master3,1,2026-06-06 08:08:42 UTC,15050404,15439872,187776,1.17,46076,596152,236296,1.48,208968,489352,232
fog-k3s-master3,1,2026-06-06 08:08:43 UTC,15050404,15439872,187756,1.17,46076,596172,236296,1.48,208968,489352,252
fog-k3s-master3,1,2026-06-06 08:08:44 UTC,15050404,15439872,187744,1.17,46084,596176,236296,1.48,208968,489352,264
fog-k3s-master3,1,2026-06-06 08:08:45 UTC,15050404,15439872,187728,1.17,46084,596192,236296,1.48,208968,489352,392
fog-k3s-master3,1,2026-06-06 08:08:46 UTC,15050404,15439872,187728,1.17,46084,596192,236296,1.48,208968,489352,392
fog-k3s-master3,1,2026-06-06 08:08:47 UTC,15050404,15439936,187704,1.17,46084,596212,236296,1.48,208968,489412,412
fog-k3s-master3,1,2026-06-06 08:08:48 UTC,15050404,15439936,187692,1.17,46084,596224,236296,1.48,208968,489412,424
fog-k3s-master3,1,2026-06-06 08:08:49 UTC,15050404,15439936,187684,1.17,46092,596224,236296,1.48,208968,489412,436
fog-k3s-master3,1,2026-06-06 08:08:50 UTC,15050404,15439936,187684,1.17,46092,596224,236296,1.48,208968,489412,436
fog-k3s-master3,1,2026-06-06 08:08:51 UTC,15050404,15439996,187656,1.17,46092,596252,236296,1.48,208968,489472,16
fog-k3s-master3,1,2026-06-06 08:08:52 UTC,15050404,15439996,187644,1.17,46092,596264,236296,1.48,208968,489472,32
fog-k3s-master3,1,2026-06-06 08:08:53 UTC,15050404,15440056,187632,1.17,46092,596276,236296,1.48,208968,489532,44
fog-k3s-master3,1,2026-06-06 08:08:54 UTC,15050404,15440056,187632,1.17,46100,596268,236296,1.48,208968,489532,44
fog-k3s-master3,1,2026-06-06 08:08:55 UTC,15050404,15440056,187604,1.17,46100,596296,236296,1.48,208968,489532,220
fog-k3s-master3,1,2026-06-06 08:08:56 UTC,15050404,15440056,187596,1.17,46100,596304,236296,1.48,208968,489532,56
fog-k3s-master3,1,2026-06-06 08:08:57 UTC,15050404,15440056,187584,1.17,46100,596316,236296,1.48,208968,489532,68
fog-k3s-master3,1,2026-06-06 08:08:58 UTC,15050404,15440056,187576,1.17,46100,596324,236296,1.48,208968,489532,76
fog-k3s-master3,1,2026-06-06 08:08:59 UTC,15050404,15440116,187548,1.17,46108,596328,236296,1.48,208968,489592,92
fog-k3s-master3,1,2026-06-06 08:09:00 UTC,15050404,15440116,187548,1.17,46108,596328,236296,1.48,208968,489592,92
fog-k3s-master3,1,2026-06-06 08:09:01 UTC,15049424,15439184,188500,1.18,46108,596356,239504,1.50,210588,489640,324
fog-k3s-master3,1,2026-06-06 08:09:02 UTC,15049424,15439192,188488,1.18,46108,596364,239748,1.50,210640,489648,364
fog-k3s-master3,1,2026-06-06 08:09:03 UTC,15049172,15438940,188728,1.18,46108,596376,239748,1.50,210640,489648,392
fog-k3s-master3,1,2026-06-06 08:09:04 UTC,15049172,15438940,188716,1.18,46116,596380,239748,1.50,210640,489648,416
fog-k3s-master3,1,2026-06-06 08:09:05 UTC,15049172,15438952,188708,1.18,46116,596396,236296,1.48,208968,489660,172
fog-k3s-master3,1,2026-06-06 08:09:06 UTC,15049172,15438952,188708,1.18,46116,596396,236296,1.48,208968,489660,172
fog-k3s-master3,1,2026-06-06 08:09:07 UTC,15049424,15439204,188436,1.18,46116,596416,236296,1.48,208968,489660,168
fog-k3s-master3,1,2026-06-06 08:09:08 UTC,15049424,15439264,188424,1.18,46116,596428,236296,1.48,208968,489720,180
fog-k3s-master3,1,2026-06-06 08:09:09 UTC,15049424,15439264,188416,1.18,46124,596428,236296,1.48,208968,489720,192
fog-k3s-master3,1,2026-06-06 08:09:10 UTC,15049424,15439264,188396,1.18,46124,596448,236296,1.48,208968,489720,360
fog-k3s-master3,1,2026-06-06 08:09:11 UTC,15049424,15439264,188396,1.18,46124,596448,236296,1.48,208968,489720,360
fog-k3s-master3,1,2026-06-06 08:09:12 UTC,15049424,15439264,188376,1.18,46124,596468,236296,1.48,208968,489720,244
fog-k3s-master3,1,2026-06-06 08:09:13 UTC,15049424,15439264,188368,1.18,46124,596476,236296,1.48,208968,489720,252
fog-k3s-master3,1,2026-06-06 08:09:14 UTC,15049424,15439324,188356,1.18,46132,596480,236296,1.48,208968,489780,264
fog-k3s-master3,1,2026-06-06 08:09:15 UTC,15049424,15439324,188320,1.18,46148,596500,236296,1.48,208968,489780,404
fog-k3s-master3,1,2026-06-06 08:09:16 UTC,15049424,15439324,188312,1.18,46148,596508,236296,1.48,208968,489780,276
fog-k3s-master3,1,2026-06-06 08:09:17 UTC,15049424,15439328,188296,1.18,46148,596520,236296,1.48,208968,489780,288
fog-k3s-master3,1,2026-06-06 08:09:18 UTC,15049424,15439328,188288,1.18,46148,596528,236296,1.48,208968,489780,296
fog-k3s-master3,1,2026-06-06 08:09:19 UTC,15049424,15439328,188276,1.18,46156,596532,236296,1.48,208968,489780,312
fog-k3s-master3,1,2026-06-06 08:09:20 UTC,15049424,15439428,188260,1.18,46156,596548,236296,1.48,208968,489880,320
fog-k3s-master3,1,2026-06-06 08:09:21 UTC,15049424,15439428,188248,1.18,46156,596560,236296,1.48,208968,489880,332
fog-k3s-master3,1,2026-06-06 08:09:22 UTC,15049424,15439428,188240,1.18,46156,596568,236296,1.48,209024,489880,64
fog-k3s-master3,1,2026-06-06 08:09:23 UTC,15049424,15439428,188228,1.18,46156,596580,236296,1.48,209024,489880,80
fog-k3s-master3,1,2026-06-06 08:09:24 UTC,15049424,15439428,188220,1.18,46156,596588,236296,1.48,209024,489880,28
fog-k3s-master3,1,2026-06-06 08:09:25 UTC,15049424,15439428,188208,1.18,46164,596592,236296,1.48,209024,489880,36
fog-k3s-master3,1,2026-06-06 08:09:26 UTC,15049424,15439488,188192,1.18,46164,596608,236296,1.48,209024,489940,204
fog-k3s-master3,1,2026-06-06 08:09:27 UTC,15049424,15439488,188192,1.18,46164,596608,236296,1.48,209024,489940,204
fog-k3s-master3,1,2026-06-06 08:09:28 UTC,15049424,15439488,188168,1.18,46164,596632,236296,1.48,209024,489940,228
fog-k3s-master3,1,2026-06-06 08:09:29 UTC,15049424,15439488,188160,1.18,46164,596640,236296,1.48,209024,489940,240
fog-k3s-master3,1,2026-06-06 08:09:30 UTC,15049424,15439488,188140,1.18,46172,596652,236296,1.48,209024,489940,92
fog-k3s-master3,1,2026-06-06 08:09:31 UTC,15049424,15439488,188132,1.18,46172,596660,236296,1.48,209024,489940,100
fog-k3s-master3,1,2026-06-06 08:09:32 UTC,15049424,15439548,188120,1.18,46172,596672,236296,1.48,209024,490000,112
fog-k3s-master3,1,2026-06-06 08:09:33 UTC,15049424,15439548,188120,1.18,46172,596672,236296,1.48,209024,490000,112
fog-k3s-master3,1,2026-06-06 08:09:34 UTC,15049424,15439548,188096,1.18,46172,596692,236296,1.48,209024,490000,132
fog-k3s-master3,1,2026-06-06 08:09:35 UTC,15049172,15439296,188340,1.18,46172,596700,236296,1.48,209024,490000,140
fog-k3s-master3,1,2026-06-06 08:09:36 UTC,15049172,15439296,188328,1.18,46172,596712,236296,1.48,209024,490000,148
fog-k3s-master3,1,2026-06-06 08:09:37 UTC,15049172,15439296,188312,1.18,46180,596720,236296,1.48,209024,490000,172
fog-k3s-master3,1,2026-06-06 08:09:38 UTC,15049172,15439356,188300,1.18,46180,596732,236296,1.48,209024,490060,184
fog-k3s-master3,1,2026-06-06 08:09:39 UTC,15049172,15439356,188288,1.18,46180,596744,236296,1.48,209024,490060,200
fog-k3s-master3,1,2026-06-06 08:09:40 UTC,15049172,15439356,188280,1.18,46180,596752,236296,1.48,209024,490060,344
fog-k3s-master3,1,2026-06-06 08:09:41 UTC,15049172,15439356,188280,1.18,46180,596752,236296,1.48,209024,490060,344
fog-k3s-master3,1,2026-06-06 08:09:42 UTC,15049172,15439356,188260,1.18,46180,596772,236296,1.48,209024,490060,348
fog-k3s-master3,1,2026-06-06 08:09:43 UTC,15049172,15439416,188248,1.18,46188,596776,236296,1.48,209024,490120,360
fog-k3s-master3,1,2026-06-06 08:09:44 UTC,15049172,15439416,188232,1.18,46188,596792,236296,1.48,209024,490120,396
fog-k3s-master3,1,2026-06-06 08:09:45 UTC,15049172,15439416,188220,1.18,46188,596804,236296,1.48,209024,490120,408
fog-k3s-master3,1,2026-06-06 08:09:46 UTC,15049172,15439416,188212,1.18,46188,596812,236296,1.48,209024,490120,264
fog-k3s-master3,1,2026-06-06 08:09:47 UTC,15049172,15439416,188200,1.18,46188,596824,236296,1.48,209024,490120,276
fog-k3s-master3,1,2026-06-06 08:09:48 UTC,15049172,15439420,188188,1.18,46188,596832,236296,1.48,209024,490120,268
fog-k3s-master3,1,2026-06-06 08:09:49 UTC,15049172,15439480,188176,1.18,46196,596836,236296,1.48,209024,490180,284
fog-k3s-master3,1,2026-06-06 08:09:50 UTC,15049172,15439480,188160,1.18,46196,596852,236296,1.48,209024,490180,436
fog-k3s-master3,1,2026-06-06 08:09:51 UTC,15049172,15439480,188160,1.18,46196,596852,236296,1.48,209024,490180,436
fog-k3s-master3,1,2026-06-06 08:09:52 UTC,15049172,15439480,188136,1.18,46196,596876,236296,1.48,209024,490180,460
fog-k3s-master3,1,2026-06-06 08:09:53 UTC,15049172,15439480,188128,1.18,46196,596884,236296,1.48,209024,490180,208
fog-k3s-master3,1,2026-06-06 08:09:54 UTC,15049172,15439504,188108,1.18,46204,596896,236296,1.48,209024,490204,44
fog-k3s-master3,1,2026-06-06 08:09:55 UTC,15049172,15439564,188100,1.18,46204,596904,236296,1.48,209024,490264,52
fog-k3s-master3,1,2026-06-06 08:09:56 UTC,15049172,15439564,188088,1.18,46204,596916,236296,1.48,209024,490264,64
fog-k3s-master3,1,2026-06-06 08:09:57 UTC,15049172,15439564,188080,1.18,46204,596924,236296,1.48,209024,490264,44
fog-k3s-master3,1,2026-06-06 08:09:58 UTC,15049172,15439564,188068,1.18,46204,596936,236296,1.48,209024,490264,56
fog-k3s-master3,1,2026-06-06 08:09:59 UTC,15049172,15439564,188060,1.18,46204,596944,236296,1.48,209024,490264,68
fog-k3s-master3,1,2026-06-06 08:10:00 UTC,15049172,15439564,188048,1.18,46212,596948,236296,1.48,209024,490264,80
fog-k3s-master3,1,2026-06-06 08:10:01 UTC,15048708,15439176,188384,1.18,46212,596964,236296,1.48,208996,490332,260
fog-k3s-master3,1,2026-06-06 08:10:02 UTC,15048708,15439176,188384,1.18,46212,596964,236296,1.48,208996,490332,260
fog-k3s-master3,1,2026-06-06 08:10:03 UTC,15048572,15439044,188488,1.18,46212,596992,236296,1.48,208996,490336,292
fog-k3s-master3,1,2026-06-06 08:10:04 UTC,15048572,15439044,188480,1.18,46212,597000,236296,1.48,208996,490336,300
fog-k3s-master3,1,2026-06-06 08:10:05 UTC,15048572,15439044,188468,1.18,46220,597004,236296,1.48,208996,490336,384
fog-k3s-master3,1,2026-06-06 08:10:06 UTC,15048572,15439044,188452,1.18,46220,597020,236296,1.48,209024,490336,144
fog-k3s-master3,1,2026-06-06 08:10:07 UTC,15048572,15439044,188452,1.18,46220,597020,236296,1.48,209024,490336,144
fog-k3s-master3,1,2026-06-06 08:10:08 UTC,15048572,15439044,188452,1.18,46220,597020,236296,1.48,209024,490336,144
fog-k3s-master3,1,2026-06-06 08:10:09 UTC,15048572,15439104,188420,1.18,46220,597052,236296,1.48,209024,490396,168
fog-k3s-master3,1,2026-06-06 08:10:10 UTC,15048572,15439104,188412,1.18,46220,597060,236296,1.48,209024,490396,176
fog-k3s-master3,1,2026-06-06 08:10:11 UTC,15048572,15439104,188392,1.18,46228,597072,236296,1.48,209024,490396,444
fog-k3s-master3,1,2026-06-06 08:10:12 UTC,15048572,15439104,188392,1.18,46228,597072,236296,1.48,209024,490396,444
fog-k3s-master3,1,2026-06-06 08:10:13 UTC,15048572,15439164,188372,1.18,46228,597092,236296,1.48,209024,490456,464
fog-k3s-master3,1,2026-06-06 08:10:14 UTC,15048572,15439164,188364,1.18,46228,597100,236296,1.48,209024,490456,236
fog-k3s-master3,1,2026-06-06 08:10:15 UTC,15048572,15439164,188352,1.18,46228,597112,236296,1.48,209024,490456,256
fog-k3s-master3,1,2026-06-06 08:10:16 UTC,15048572,15439164,188340,1.18,46228,597124,236296,1.48,209024,490456,268
fog-k3s-master3,1,2026-06-06 08:10:17 UTC,15048320,15438912,188576,1.18,46236,597132,236296,1.48,209024,490456,268
fog-k3s-master3,1,2026-06-06 08:10:18 UTC,15048320,15438912,188564,1.18,46236,597144,236296,1.48,209024,490456,280
fog-k3s-master3,1,2026-06-06 08:10:19 UTC,15048320,15438976,188552,1.18,46236,597152,236296,1.48,209024,490516,436
fog-k3s-master3,1,2026-06-06 08:10:20 UTC,15048320,15438976,188552,1.18,46236,597152,236296,1.48,209024,490516,436
fog-k3s-master3,1,2026-06-06 08:10:21 UTC,15048320,15438976,188532,1.18,46236,597172,236296,1.48,209024,490516,312
fog-k3s-master3,1,2026-06-06 08:10:22 UTC,15048320,15438976,188520,1.18,46236,597184,236296,1.48,209024,490516,304
fog-k3s-master3,1,2026-06-06 08:10:23 UTC,15048320,15438976,188504,1.18,46244,597192,236296,1.48,209024,490516,328
fog-k3s-master3,1,2026-06-06 08:10:24 UTC,15048320,15438976,188492,1.18,46244,597204,236296,1.48,209024,490516,164
fog-k3s-master3,1,2026-06-06 08:10:25 UTC,15048320,15439036,188484,1.18,46244,597212,236296,1.48,209024,490576,172
fog-k3s-master3,1,2026-06-06 08:10:26 UTC,15048320,15439036,188484,1.18,46244,597212,236296,1.48,209024,490576,172
fog-k3s-master3,1,2026-06-06 08:10:27 UTC,15048320,15439036,188460,1.18,46244,597236,236296,1.48,209024,490576,196
fog-k3s-master3,1,2026-06-06 08:10:28 UTC,15048320,15439036,188452,1.18,46244,597244,236296,1.48,209024,490576,204
fog-k3s-master3,1,2026-06-06 08:10:29 UTC,15048320,15439036,188432,1.18,46252,597256,236296,1.48,209024,490576,240
fog-k3s-master3,1,2026-06-06 08:10:30 UTC,15048320,15439036,188424,1.18,46252,597264,236296,1.48,209024,490576,92
fog-k3s-master3,1,2026-06-06 08:10:31 UTC,15048320,15439096,188412,1.18,46252,597276,236296,1.48,209024,490636,44
fog-k3s-master3,1,2026-06-06 08:10:32 UTC,15048320,15439096,188404,1.18,46252,597284,236296,1.48,209024,490636,52
fog-k3s-master3,1,2026-06-06 08:10:33 UTC,15048320,15439096,188392,1.18,46252,597296,236296,1.48,209024,490636,64
fog-k3s-master3,1,2026-06-06 08:10:34 UTC,15048320,15439096,188392,1.18,46260,597288,236296,1.48,209024,490636,64
fog-k3s-master3,1,2026-06-06 08:10:35 UTC,15048320,15439096,188360,1.18,46260,597316,236296,1.48,209024,490636,212
fog-k3s-master3,1,2026-06-06 08:10:36 UTC,15048320,15439096,188352,1.18,46260,597324,236296,1.48,209024,490636,156
fog-k3s-master3,1,2026-06-06 08:10:37 UTC,15048320,15439156,188340,1.18,46260,597336,236296,1.48,209024,490696,172
fog-k3s-master3,1,2026-06-06 08:10:38 UTC,15048320,15439156,188332,1.18,46260,597344,236296,1.48,209024,490696,180
fog-k3s-master3,1,2026-06-06 08:10:39 UTC,15048320,15439156,188312,1.18,46268,597356,236296,1.48,209024,490696,196
fog-k3s-master3,1,2026-06-06 08:10:40 UTC,15048320,15439156,188300,1.18,46268,597368,236296,1.48,209024,490696,56
fog-k3s-master3,1,2026-06-06 08:10:41 UTC,15048320,15439156,188292,1.18,46268,597376,236296,1.48,209024,490696,60
fog-k3s-master3,1,2026-06-06 08:10:42 UTC,15048320,15439216,188280,1.18,46268,597388,236296,1.48,209024,490756,4
fog-k3s-master3,1,2026-06-06 08:10:43 UTC,15048320,15439216,188272,1.18,46268,597396,236296,1.48,209024,490756,16
fog-k3s-master3,1,2026-06-06 08:10:44 UTC,15048320,15439216,188260,1.18,46276,597400,236296,1.48,209024,490756,28
fog-k3s-master3,1,2026-06-06 08:10:45 UTC,15048320,15439248,188244,1.18,46276,597416,236296,1.48,209024,490788,188
fog-k3s-master3,1,2026-06-06 08:10:46 UTC,15048320,15439248,188232,1.18,46276,597428,236296,1.48,209024,490788,64
fog-k3s-master3,1,2026-06-06 08:10:47 UTC,15048320,15439248,188232,1.18,46276,597428,236296,1.48,209024,490788,64
fog-k3s-master3,1,2026-06-06 08:10:48 UTC,15048320,15439308,188212,1.18,46276,597448,236296,1.48,209024,490848,84
fog-k3s-master3,1,2026-06-06 08:10:49 UTC,15048068,15439056,188456,1.18,46284,597448,236296,1.48,209024,490848,100
fog-k3s-master3,1,2026-06-06 08:10:50 UTC,15048068,15439120,188432,1.18,46284,597468,236296,1.48,209024,490908,172
fog-k3s-master3,1,2026-06-06 08:10:51 UTC,15048068,15439120,188420,1.18,46284,597480,236296,1.48,209024,490908,184
fog-k3s-master3,1,2026-06-06 08:10:52 UTC,15048068,15439120,188412,1.18,46284,597488,236296,1.48,209024,490908,192
fog-k3s-master3,1,2026-06-06 08:10:53 UTC,15048068,15439120,188400,1.18,46284,597500,236296,1.48,209024,490908,204
fog-k3s-master3,1,2026-06-06 08:10:54 UTC,15048068,15439180,188392,1.18,46292,597500,236296,1.48,209024,490968,208
fog-k3s-master3,1,2026-06-06 08:10:55 UTC,15048068,15439180,188372,1.18,46292,597520,236296,1.48,209024,490968,36
fog-k3s-master3,1,2026-06-06 08:10:56 UTC,15048068,15439180,188364,1.18,46292,597528,236296,1.48,209024,490968,44
fog-k3s-master3,1,2026-06-06 08:10:57 UTC,15048068,15439180,188352,1.18,46292,597540,236296,1.48,209024,490968,56
fog-k3s-master3,1,2026-06-06 08:10:58 UTC,15048068,15439180,188344,1.18,46292,597548,236296,1.48,209024,490968,64
fog-k3s-master3,1,2026-06-06 08:10:59 UTC,15048068,15439180,188332,1.18,46300,597552,236296,1.48,209024,490968,80
fog-k3s-master3,1,2026-06-06 08:11:00 UTC,15048068,15439240,188316,1.18,46300,597568,236296,1.48,209024,491028,144
fog-k3s-master3,1,2026-06-06 08:11:01 UTC,15048068,15439240,188316,1.18,46300,597568,236296,1.48,209024,491028,144
fog-k3s-master3,1,2026-06-06 08:11:02 UTC,15048068,15439240,188296,1.18,46300,597588,236296,1.48,209024,491028,28
fog-k3s-master3,1,2026-06-06 08:11:03 UTC,15048068,15439240,188284,1.18,46300,597600,236296,1.48,209024,491028,40
fog-k3s-master3,1,2026-06-06 08:11:04 UTC,15048068,15439240,188272,1.18,46308,597604,236296,1.48,209024,491028,52
fog-k3s-master3,1,2026-06-06 08:11:05 UTC,15048068,15439240,188252,1.18,46308,597620,236296,1.48,209024,491028,220
fog-k3s-master3,1,2026-06-06 08:11:06 UTC,15048068,15439300,188240,1.18,46308,597632,236296,1.48,209024,491088,160
fog-k3s-master3,1,2026-06-06 08:11:07 UTC,15048068,15439300,188232,1.18,46308,597640,236296,1.48,209024,491088,172
fog-k3s-master3,1,2026-06-06 08:11:08 UTC,15048068,15439300,188220,1.18,46308,597652,236296,1.48,209024,491088,184
fog-k3s-master3,1,2026-06-06 08:11:09 UTC,15048068,15439300,188212,1.18,46316,597652,236296,1.48,209024,491088,196
fog-k3s-master3,1,2026-06-06 08:11:10 UTC,15048068,15439336,188192,1.18,46316,597672,236296,1.48,209024,491124,48
fog-k3s-master3,1,2026-06-06 08:11:11 UTC,15048068,15439336,188192,1.18,46316,597672,236296,1.48,209024,491124,48
fog-k3s-master3,1,2026-06-06 08:11:12 UTC,15048068,15439396,188172,1.18,46316,597692,236296,1.48,209024,491184,4
fog-k3s-master3,1,2026-06-06 08:11:13 UTC,15048068,15439396,188164,1.18,46316,597700,236296,1.48,209024,491184,16
fog-k3s-master3,1,2026-06-06 08:11:14 UTC,15048068,15439404,188140,1.18,46324,597716,236296,1.48,209024,491192,188
fog-k3s-master3,1,2026-06-06 08:11:15 UTC,15048068,15439404,188128,1.18,46324,597728,236296,1.48,209024,491192,200
fog-k3s-master3,1,2026-06-06 08:11:16 UTC,15048068,15439404,188120,1.18,46324,597736,236296,1.48,209024,491192,208
fog-k3s-master3,1,2026-06-06 08:11:17 UTC,15048068,15439404,188108,1.18,46324,597748,236296,1.48,209024,491192,220
fog-k3s-master3,1,2026-06-06 08:11:18 UTC,15048068,15439464,188100,1.18,46324,597756,236296,1.48,209024,491252,164
fog-k3s-master3,1,2026-06-06 08:11:19 UTC,15048068,15439464,188100,1.18,46332,597748,236296,1.48,209024,491252,16
fog-k3s-master3,1,2026-06-06 08:11:20 UTC,15048068,15439464,188100,1.18,46332,597748,236296,1.48,209024,491252,16
fog-k3s-master3,1,2026-06-06 08:11:21 UTC,15047816,15439224,188308,1.18,46332,597788,236296,1.48,209024,491260,40
fog-k3s-master3,1,2026-06-06 08:11:22 UTC,15047816,15439224,188300,1.18,46332,597796,236296,1.48,209024,491260,48
fog-k3s-master3,1,2026-06-06 08:11:23 UTC,15047816,15439224,188288,1.18,46332,597808,236296,1.48,209024,491260,60
fog-k3s-master3,1,2026-06-06 08:11:24 UTC,15047816,15439288,188280,1.18,46340,597808,236296,1.48,209024,491324,4
fog-k3s-master3,1,2026-06-06 08:11:25 UTC,15047816,15439288,188260,1.18,46340,597828,236296,1.48,209024,491324,40
fog-k3s-master3,1,2026-06-06 08:11:26 UTC,15047816,15439288,188248,1.18,46340,597840,236296,1.48,209024,491324,52
fog-k3s-master3,1,2026-06-06 08:11:27 UTC,15047816,15439288,188240,1.18,46340,597848,236296,1.48,209024,491324,60
fog-k3s-master3,1,2026-06-06 08:11:28 UTC,15047816,15439288,188228,1.18,46340,597860,236296,1.48,209024,491324,72
fog-k3s-master3,1,2026-06-06 08:11:29 UTC,15047816,15439288,188220,1.18,46340,597868,236296,1.48,209024,491324,84
fog-k3s-master3,1,2026-06-06 08:11:30 UTC,15047816,15439348,188200,1.18,46348,597880,236296,1.48,209024,491384,176
fog-k3s-master3,1,2026-06-06 08:11:31 UTC,15047816,15439348,188192,1.18,46348,597888,236296,1.48,209024,491384,164
fog-k3s-master3,1,2026-06-06 08:11:32 UTC,15047816,15439348,188180,1.18,46348,597900,236296,1.48,209024,491384,176
fog-k3s-master3,1,2026-06-06 08:11:33 UTC,15047816,15439348,188172,1.18,46348,597908,236296,1.48,209024,491384,184
fog-k3s-master3,1,2026-06-06 08:11:34 UTC,15047816,15439356,188160,1.18,46348,597920,236296,1.48,209024,491392,44
fog-k3s-master3,1,2026-06-06 08:11:35 UTC,15047816,15439356,188160,1.18,46356,597912,236296,1.48,209024,491392,44
fog-k3s-master3,1,2026-06-06 08:11:36 UTC,15047816,15439416,188128,1.18,46356,597940,236296,1.48,209024,491452,28
fog-k3s-master3,1,2026-06-06 08:11:37 UTC,15047816,15439416,188120,1.18,46356,597948,236296,1.48,209024,491452,40
fog-k3s-master3,1,2026-06-06 08:11:38 UTC,15048068,15439668,187868,1.18,46356,597948,236296,1.48,209024,491452,40
fog-k3s-master3,1,2026-06-06 08:11:39 UTC,15048068,15439668,187844,1.18,46356,597972,236296,1.48,209024,491452,68
fog-k3s-master3,1,2026-06-06 08:11:40 UTC,15048068,15439668,187836,1.18,46356,597980,236296,1.48,209024,491452,76
fog-k3s-master3,1,2026-06-06 08:11:41 UTC,15048068,15439728,187816,1.18,46364,597992,236296,1.48,209024,491512,84
fog-k3s-master3,1,2026-06-06 08:11:42 UTC,15048068,15439728,187808,1.18,46364,598000,236296,1.48,209024,491512,28
fog-k3s-master3,1,2026-06-06 08:11:43 UTC,15048068,15439728,187796,1.17,46364,598012,236296,1.48,209024,491512,44
fog-k3s-master3,1,2026-06-06 08:11:44 UTC,15048068,15439728,187788,1.17,46364,598020,236296,1.48,209024,491512,192
fog-k3s-master3,1,2026-06-06 08:11:45 UTC,15048068,15439728,187776,1.17,46364,598032,236296,1.48,209024,491512,204
fog-k3s-master3,1,2026-06-06 08:11:46 UTC,15048068,15439728,187776,1.17,46364,598032,236296,1.48,209024,491512,204
fog-k3s-master3,1,2026-06-06 08:11:47 UTC,15048068,15439788,187756,1.17,46364,598052,236296,1.48,209024,491572,196
fog-k3s-master3,1,2026-06-06 08:11:48 UTC,15048068,15439788,187748,1.17,46372,598052,236296,1.48,209024,491572,140
fog-k3s-master3,1,2026-06-06 08:11:49 UTC,15048068,15439788,187728,1.17,46372,598072,236296,1.48,209024,491572,196
fog-k3s-master3,1,2026-06-06 08:11:50 UTC,15048068,15439788,187716,1.17,46372,598084,236296,1.48,209024,491572,208
fog-k3s-master3,1,2026-06-06 08:11:51 UTC,15048068,15439792,187704,1.17,46372,598092,236296,1.48,209024,491572,64
fog-k3s-master3,1,2026-06-06 08:11:52 UTC,15047816,15439540,187944,1.18,46372,598104,236296,1.48,209024,491572,76
fog-k3s-master3,1,2026-06-06 08:11:53 UTC,15047816,15439600,187936,1.18,46372,598112,236296,1.48,209024,491632,60
fog-k3s-master3,1,2026-06-06 08:11:54 UTC,15047816,15439600,187936,1.18,46380,598104,236296,1.48,209024,491632,0
fog-k3s-master3,1,2026-06-06 08:11:55 UTC,15047816,15439600,187908,1.18,46380,598132,236296,1.48,209024,491632,180
fog-k3s-master3,1,2026-06-06 08:11:56 UTC,15047816,15439600,187896,1.18,46380,598144,236296,1.48,209024,491632,192
fog-k3s-master3,1,2026-06-06 08:11:57 UTC,15047816,15439600,187888,1.18,46380,598152,236296,1.48,209024,491632,196
fog-k3s-master3,1,2026-06-06 08:11:58 UTC,15047816,15439600,187876,1.18,46380,598164,236296,1.48,209024,491632,208
fog-k3s-master3,1,2026-06-06 08:11:59 UTC,15047816,15439660,187860,1.18,46388,598172,236296,1.48,209024,491692,76
fog-k3s-master3,1,2026-06-06 08:12:00 UTC,15053276,15445120,182392,1.14,46388,598180,199672,1.25,205900,491692,244
fog-k3s-master3,1,2026-06-06 08:12:01 UTC,15053280,15445124,182408,1.14,46388,598188,199672,1.25,205984,491692,192
fog-k3s-master3,1,2026-06-06 08:12:02 UTC,15053280,15445124,182408,1.14,46388,598188,199672,1.25,205984,491692,192
fog-k3s-master3,1,2026-06-06 08:12:03 UTC,15053280,15445124,182408,1.14,46388,598188,199672,1.25,205984,491692,192
fog-k3s-master3,1,2026-06-06 08:12:04 UTC,15053280,15445124,182368,1.14,46396,598220,199672,1.25,205984,491692,292
fog-k3s-master3,1,2026-06-06 08:12:05 UTC,15053280,15445124,182368,1.14,46396,598220,199672,1.25,205984,491692,64
fog-k3s-master3,1,2026-06-06 08:12:06 UTC,15053280,15445184,182344,1.14,46396,598240,199672,1.25,205984,491752,0
fog-k3s-master3,1,2026-06-06 08:12:07 UTC,15053280,15445184,182344,1.14,46396,598240,199672,1.25,205984,491752,0
fog-k3s-master3,1,2026-06-06 08:12:08 UTC,15053280,15445184,182324,1.14,46396,598260,199672,1.25,205984,491752,24
fog-k3s-master3,1,2026-06-06 08:12:09 UTC,15053280,15445184,182312,1.14,46404,598264,199672,1.25,205984,491752,40
fog-k3s-master3,1,2026-06-06 08:12:10 UTC,15053280,15445184,182296,1.14,46404,598280,199672,1.25,205984,491752,212
fog-k3s-master3,1,2026-06-06 08:12:11 UTC,15053280,15445244,182284,1.14,46404,598292,199672,1.25,205984,491812,224
fog-k3s-master3,1,2026-06-06 08:12:12 UTC,15053280,15445244,182276,1.14,46404,598300,199672,1.25,205984,491812,232
fog-k3s-master3,1,2026-06-06 08:12:13 UTC,15053280,15445244,182264,1.14,46404,598312,199672,1.25,205984,491812,184
fog-k3s-master3,1,2026-06-06 08:12:14 UTC,15053280,15445244,182252,1.14,46412,598316,199672,1.25,205984,491812,208
fog-k3s-master3,1,2026-06-06 08:12:15 UTC,15053280,15445288,182236,1.14,46412,598332,199672,1.25,205984,491856,192
fog-k3s-master3,1,2026-06-06 08:12:16 UTC,15053280,15445288,182224,1.14,46412,598344,199672,1.25,205984,491856,204
fog-k3s-master3,1,2026-06-06 08:12:17 UTC,15053280,15445288,182216,1.14,46412,598352,199672,1.25,205984,491856,212
fog-k3s-master3,1,2026-06-06 08:12:18 UTC,15053280,15445288,182204,1.14,46412,598364,199672,1.25,205984,491856,0
fog-k3s-master3,1,2026-06-06 08:12:19 UTC,15053280,15445288,182196,1.14,46412,598372,199672,1.25,205984,491856,160
fog-k3s-master3,1,2026-06-06 08:12:20 UTC,15053280,15445288,182176,1.14,46420,598384,199672,1.25,205984,491856,52
fog-k3s-master3,1,2026-06-06 08:12:21 UTC,15053280,15445348,182168,1.14,46420,598392,199672,1.25,205984,491916,60
fog-k3s-master3,1,2026-06-06 08:12:22 UTC,15053028,15445100,182404,1.14,46420,598404,199672,1.25,205984,491916,72
fog-k3s-master3,1,2026-06-06 08:12:23 UTC,15053028,15445100,182404,1.14,46420,598404,199672,1.25,205984,491916,72
fog-k3s-master3,1,2026-06-06 08:12:24 UTC,15053028,15445100,182384,1.14,46420,598424,199672,1.25,205984,491916,24
fog-k3s-master3,1,2026-06-06 08:12:25 UTC,15053028,15445100,182376,1.14,46420,598432,199672,1.25,205984,491916,12
fog-k3s-master3,1,2026-06-06 08:12:26 UTC,15053028,15445100,182352,1.14,46428,598444,199672,1.25,205984,491916,196
fog-k3s-master3,1,2026-06-06 08:12:27 UTC,15053028,15445160,182340,1.14,46428,598456,199672,1.25,205984,491976,208
fog-k3s-master3,1,2026-06-06 08:12:28 UTC,15053028,15445160,182332,1.14,46428,598464,199672,1.25,205984,491976,216
fog-k3s-master3,1,2026-06-06 08:12:29 UTC,15053028,15445160,182332,1.14,46428,598464,199672,1.25,205984,491976,220
fog-k3s-master3,1,2026-06-06 08:12:30 UTC,15053028,15445248,182312,1.14,46428,598484,199672,1.25,205984,492064,32
fog-k3s-master3,1,2026-06-06 08:12:31 UTC,15053028,15445248,182300,1.14,46428,598496,199672,1.25,205984,492064,20
fog-k3s-master3,1,2026-06-06 08:12:32 UTC,15053028,15445248,182284,1.14,46436,598504,199672,1.25,205984,492064,52
fog-k3s-master3,1,2026-06-06 08:12:33 UTC,15053028,15445248,182272,1.14,46436,598516,199672,1.25,205984,492064,64
fog-k3s-master3,1,2026-06-06 08:12:34 UTC,15053028,15445248,182264,1.14,46436,598524,199672,1.25,205984,492064,72
fog-k3s-master3,1,2026-06-06 08:12:35 UTC,15053028,15445300,182252,1.14,46436,598536,199672,1.25,205984,492116,0
fog-k3s-master3,1,2026-06-06 08:12:36 UTC,15053028,15445308,182244,1.14,46436,598544,199672,1.25,205984,492124,24
fog-k3s-master3,1,2026-06-06 08:12:37 UTC,15053028,15445324,182228,1.14,46436,598556,199672,1.25,205984,492136,16
fog-k3s-master3,1,2026-06-06 08:12:38 UTC,15053028,15445324,182208,1.14,46444,598568,199672,1.25,205984,492136,56
fog-k3s-master3,1,2026-06-06 08:12:39 UTC,15053028,15445324,182208,1.14,46444,598568,199672,1.25,205984,492136,200
fog-k3s-master3,1,2026-06-06 08:12:40 UTC,15053028,15445324,182188,1.14,46444,598588,199672,1.25,205984,492136,220
fog-k3s-master3,1,2026-06-06 08:12:41 UTC,15053028,15445324,182180,1.14,46444,598596,199672,1.25,205984,492136,228
fog-k3s-master3,1,2026-06-06 08:12:42 UTC,15053028,15445324,182168,1.14,46444,598608,199672,1.25,205984,492136,172
fog-k3s-master3,1,2026-06-06 08:12:43 UTC,15053028,15445384,182160,1.14,46444,598616,199672,1.25,205984,492196,156
fog-k3s-master3,1,2026-06-06 08:12:44 UTC,15053028,15445396,182140,1.14,46452,598628,199672,1.25,205984,492208,48
fog-k3s-master3,1,2026-06-06 08:12:45 UTC,15053028,15445396,182132,1.14,46452,598636,199672,1.25,205984,492208,56
fog-k3s-master3,1,2026-06-06 08:12:46 UTC,15053028,15445396,182120,1.14,46452,598648,199672,1.25,205984,492208,68
fog-k3s-master3,1,2026-06-06 08:12:47 UTC,15053028,15445396,182112,1.14,46452,598656,199672,1.25,205984,492208,72
fog-k3s-master3,1,2026-06-06 08:12:48 UTC,15053028,15445396,182100,1.14,46452,598668,199672,1.25,205984,492208,84
fog-k3s-master3,1,2026-06-06 08:12:49 UTC,15053028,15445396,182092,1.14,46460,598668,199672,1.25,205984,492208,36
fog-k3s-master3,1,2026-06-06 08:12:50 UTC,15053028,15445396,182092,1.14,46460,598668,199672,1.25,205984,492208,36
fog-k3s-master3,1,2026-06-06 08:12:51 UTC,15053028,15445464,182060,1.14,46460,598700,199672,1.25,205984,492276,40
fog-k3s-master3,1,2026-06-06 08:12:52 UTC,15052776,15445212,182300,1.14,46460,598708,199672,1.25,205984,492276,48
fog-k3s-master3,1,2026-06-06 08:12:53 UTC,15052776,15445212,182288,1.14,46460,598720,199672,1.25,205984,492276,60
fog-k3s-master3,1,2026-06-06 08:12:54 UTC,15052776,15445212,182280,1.14,46460,598728,199672,1.25,205984,492276,68
fog-k3s-master3,1,2026-06-06 08:12:55 UTC,15052776,15445272,182260,1.14,46468,598740,199672,1.25,205984,492336,176
fog-k3s-master3,1,2026-06-06 08:12:56 UTC,15052776,15445272,182260,1.14,46468,598740,199672,1.25,205984,492336,176
fog-k3s-master3,1,2026-06-06 08:12:57 UTC,15052776,15445332,182240,1.14,46468,598760,199672,1.25,205984,492396,196
fog-k3s-master3,1,2026-06-06 08:12:58 UTC,15052776,15445332,182232,1.14,46468,598768,199672,1.25,205984,492396,204
fog-k3s-master3,1,2026-06-06 08:12:59 UTC,15052776,15445332,182220,1.14,46468,598780,199672,1.25,205984,492396,220
fog-k3s-master3,1,2026-06-06 08:13:00 UTC,15052776,15445332,182212,1.14,46476,598780,199672,1.25,205984,492396,228
fog-k3s-master3,1,2026-06-06 08:13:01 UTC,15052776,15445332,182192,1.14,46476,598800,199672,1.25,206028,492396,20
fog-k3s-master3,1,2026-06-06 08:13:02 UTC,15052776,15445392,182180,1.14,46476,598812,199672,1.25,206028,492456,32
fog-k3s-master3,1,2026-06-06 08:13:03 UTC,15052776,15445392,182172,1.14,46476,598820,199672,1.25,206028,492456,40
fog-k3s-master3,1,2026-06-06 08:13:04 UTC,15052776,15445392,182172,1.14,46476,598820,199672,1.25,206028,492456,40
fog-k3s-master3,1,2026-06-06 08:13:05 UTC,15052776,15445392,182152,1.14,46476,598840,199672,1.25,206028,492456,196
fog-k3s-master3,1,2026-06-06 08:13:06 UTC,15052776,15445392,182140,1.14,46484,598844,199672,1.25,206028,492456,140
fog-k3s-master3,1,2026-06-06 08:13:07 UTC,15052776,15445392,182124,1.14,46484,598860,199672,1.25,206028,492456,172
fog-k3s-master3,1,2026-06-06 08:13:08 UTC,15052776,15445456,182108,1.14,46484,598872,199672,1.25,206028,492516,184
fog-k3s-master3,1,2026-06-06 08:13:09 UTC,15052776,15445456,182100,1.14,46484,598880,199672,1.25,206028,492516,196
fog-k3s-master3,1,2026-06-06 08:13:10 UTC,15052776,15445456,182088,1.14,46484,598892,199672,1.25,206028,492516,208
fog-k3s-master3,1,2026-06-06 08:13:11 UTC,15052776,15445456,182080,1.14,46484,598900,199672,1.25,206028,492516,56
fog-k3s-master3,1,2026-06-06 08:13:12 UTC,15052776,15445456,182068,1.14,46492,598904,199672,1.25,206028,492516,4
fog-k3s-master3,1,2026-06-06 08:13:13 UTC,15052776,15445456,182048,1.14,46492,598924,199672,1.25,206028,492516,48
fog-k3s-master3,1,2026-06-06 08:13:14 UTC,15052776,15445456,182048,1.14,46492,598924,199672,1.25,206028,492516,48
fog-k3s-master3,1,2026-06-06 08:13:15 UTC,15052776,15445516,182028,1.14,46492,598944,199672,1.25,206028,492576,204
fog-k3s-master3,1,2026-06-06 08:13:16 UTC,15052776,15445516,182020,1.14,46492,598952,199672,1.25,206028,492576,212
fog-k3s-master3,1,2026-06-06 08:13:17 UTC,15052776,15445516,182008,1.14,46492,598964,199672,1.25,206028,492576,56
fog-k3s-master3,1,2026-06-06 08:13:18 UTC,15052776,15445516,182000,1.14,46500,598964,199672,1.25,206028,492576,0
fog-k3s-master3,1,2026-06-06 08:13:19 UTC,15052776,15445516,181980,1.14,46500,598984,199672,1.25,206028,492576,188
fog-k3s-master3,1,2026-06-06 08:13:20 UTC,15052776,15445576,181972,1.14,46500,598992,199672,1.25,206028,492636,196
fog-k3s-master3,1,2026-06-06 08:13:21 UTC,15052776,15445576,181960,1.14,46500,599004,199672,1.25,206028,492636,208
fog-k3s-master3,1,2026-06-06 08:13:22 UTC,15052776,15445576,181960,1.14,46500,599004,199672,1.25,206028,492636,208
fog-k3s-master3,1,2026-06-06 08:13:23 UTC,15052524,15445324,182188,1.14,46500,599024,199672,1.25,206028,492636,204
fog-k3s-master3,1,2026-06-06 08:13:24 UTC,15052524,15445324,182180,1.14,46508,599024,199672,1.25,206028,492636,52
fog-k3s-master3,1,2026-06-06 08:13:25 UTC,15052524,15445324,182160,1.14,46508,599044,199672,1.25,206028,492636,40
fog-k3s-master3,1,2026-06-06 08:13:26 UTC,15052524,15445384,182148,1.14,46508,599056,199672,1.25,206028,492696,52
fog-k3s-master3,1,2026-06-06 08:13:27 UTC,15052524,15445384,182140,1.14,46508,599064,199672,1.25,206028,492696,60
fog-k3s-master3,1,2026-06-06 08:13:28 UTC,15052524,15445384,182128,1.14,46508,599076,199672,1.25,206028,492696,72
fog-k3s-master3,1,2026-06-06 08:13:29 UTC,15052524,15445384,182120,1.14,46516,599076,199672,1.25,206028,492696,84
fog-k3s-master3,1,2026-06-06 08:13:30 UTC,15052524,15445432,182100,1.14,46516,599096,199672,1.25,206028,492744,28
fog-k3s-master3,1,2026-06-06 08:13:31 UTC,15052524,15445432,182092,1.14,46516,599104,199672,1.25,206028,492744,40
fog-k3s-master3,1,2026-06-06 08:13:32 UTC,15052524,15445432,182080,1.14,46516,599116,199672,1.25,206028,492744,52
fog-k3s-master3,1,2026-06-06 08:13:33 UTC,15052524,15445432,182072,1.14,46516,599124,199672,1.25,206028,492744,60
fog-k3s-master3,1,2026-06-06 08:13:34 UTC,15052524,15445432,182060,1.14,46524,599128,199672,1.25,206028,492744,72
fog-k3s-master3,1,2026-06-06 08:13:35 UTC,15052524,15445480,182044,1.14,46524,599144,199672,1.25,206028,492792,200
fog-k3s-master3,1,2026-06-06 08:13:36 UTC,15052524,15445480,182032,1.14,46524,599156,199672,1.25,206028,492792,144
fog-k3s-master3,1,2026-06-06 08:13:37 UTC,15052524,15445480,182020,1.14,46524,599168,199672,1.25,206028,492792,160
fog-k3s-master3,1,2026-06-06 08:13:38 UTC,15052524,15445484,182008,1.14,46524,599176,199672,1.25,206028,492792,168
fog-k3s-master3,1,2026-06-06 08:13:39 UTC,15052524,15445484,181996,1.14,46524,599188,199672,1.25,206028,492792,184
fog-k3s-master3,1,2026-06-06 08:13:40 UTC,15052524,15445484,181980,1.14,46532,599196,199672,1.25,206028,492792,72
fog-k3s-master3,1,2026-06-06 08:13:41 UTC,15052524,15445484,181980,1.14,46532,599196,199672,1.25,206028,492792,72
fog-k3s-master3,1,2026-06-06 08:13:42 UTC,15052524,15445560,181960,1.14,46532,599216,199672,1.25,206028,492868,28
fog-k3s-master3,1,2026-06-06 08:13:43 UTC,15052524,15445560,181948,1.14,46532,599228,199672,1.25,206028,492868,44
fog-k3s-master3,1,2026-06-06 08:13:44 UTC,15052524,15445560,181940,1.14,46532,599236,199672,1.25,206028,492868,52
fog-k3s-master3,1,2026-06-06 08:13:45 UTC,15052524,15445560,181928,1.14,46540,599240,199672,1.25,206028,492868,64
fog-k3s-master3,1,2026-06-06 08:13:46 UTC,15052524,15445620,181912,1.14,46540,599256,199672,1.25,206028,492928,44
fog-k3s-master3,1,2026-06-06 08:13:47 UTC,15052524,15445680,181900,1.14,46540,599268,199672,1.25,206028,492988,56
fog-k3s-master3,1,2026-06-06 08:13:48 UTC,15052776,15445932,181640,1.14,46540,599276,199672,1.25,206028,492988,0
fog-k3s-master3,1,2026-06-06 08:13:49 UTC,15052776,15445932,181640,1.14,46540,599276,199672,1.25,206028,492988,148
fog-k3s-master3,1,2026-06-06 08:13:50 UTC,15052776,15445932,181616,1.14,46540,599300,199672,1.25,206028,492988,176
fog-k3s-master3,1,2026-06-06 08:13:51 UTC,15052776,15445932,181608,1.14,46548,599300,199672,1.25,206028,492988,184
fog-k3s-master3,1,2026-06-06 08:13:52 UTC,15052776,15445932,181588,1.14,46548,599320,199672,1.25,206028,492988,220
fog-k3s-master3,1,2026-06-06 08:13:53 UTC,15052776,15445992,181580,1.14,46548,599328,199672,1.25,206028,493048,228
fog-k3s-master3,1,2026-06-06 08:13:54 UTC,15052776,15445992,181564,1.14,46548,599340,199672,1.25,206028,493048,184
fog-k3s-master3,1,2026-06-06 08:13:55 UTC,15052776,15445992,181564,1.14,46548,599340,199672,1.25,206028,493048,28
fog-k3s-master3,1,2026-06-06 08:13:56 UTC,15052524,15445740,181796,1.14,46548,599360,199672,1.25,206028,493048,24
fog-k3s-master3,1,2026-06-06 08:13:57 UTC,15052524,15445740,181788,1.14,46556,599360,199672,1.25,206028,493048,32
fog-k3s-master3,1,2026-06-06 08:13:58 UTC,15052524,15445740,181768,1.14,46556,599380,199672,1.25,206028,493048,68
fog-k3s-master3,1,2026-06-06 08:13:59 UTC,15052524,15445740,181768,1.14,46556,599380,199672,1.25,206028,493048,72
fog-k3s-master3,1,2026-06-06 08:14:00 UTC,15052524,15445800,181748,1.14,46556,599400,199672,1.25,206028,493108,28
fog-k3s-master3,1,2026-06-06 08:14:01 UTC,15052524,15445800,181736,1.14,46556,599412,199672,1.25,206028,493108,44
fog-k3s-master3,1,2026-06-06 08:14:02 UTC,15052524,15445800,181728,1.14,46556,599420,199672,1.25,206028,493108,28
fog-k3s-master3,1,2026-06-06 08:14:03 UTC,15052524,15445800,181716,1.14,46564,599424,199672,1.25,206028,493108,40
fog-k3s-master3,1,2026-06-06 08:14:04 UTC,15052524,15445800,181700,1.14,46564,599440,199672,1.25,206028,493108,220
fog-k3s-master3,1,2026-06-06 08:14:05 UTC,15052524,15445800,181700,1.14,46564,599440,199672,1.25,206028,493108,220
fog-k3s-master3,1,2026-06-06 08:14:06 UTC,15052524,15445860,181680,1.14,46564,599460,199672,1.25,206028,493168,172
fog-k3s-master3,1,2026-06-06 08:14:07 UTC,15052524,15445860,181668,1.14,46564,599472,199672,1.25,206028,493168,188
fog-k3s-master3,1,2026-06-06 08:14:08 UTC,15052524,15445860,181660,1.14,46564,599480,199672,1.25,206028,493168,172
fog-k3s-master3,1,2026-06-06 08:14:09 UTC,15052524,15445864,181644,1.14,46572,599484,199672,1.25,206028,493168,40
fog-k3s-master3,1,2026-06-06 08:14:10 UTC,15052524,15445864,181628,1.14,46572,599500,199672,1.25,206028,493168,68
fog-k3s-master3,1,2026-06-06 08:14:11 UTC,15052524,15446192,181360,1.13,47028,599320,199672,1.25,205980,493496,84
fog-k3s-master3,1,2026-06-06 08:14:12 UTC,15052524,15446208,181352,1.13,47028,599328,199672,1.25,206024,493512,92
fog-k3s-master3,1,2026-06-06 08:14:13 UTC,15052300,15446244,181272,1.13,47028,599536,199672,1.25,206028,493728,204
fog-k3s-master3,1,2026-06-06 08:14:14 UTC,15052300,15446244,181272,1.13,47040,599524,199672,1.25,206028,493728,204
fog-k3s-master3,1,2026-06-06 08:14:15 UTC,15052300,15446256,181240,1.13,47040,599556,199672,1.25,206028,493740,132
fog-k3s-master3,1,2026-06-06 08:14:16 UTC,15052300,15446256,181240,1.13,47040,599556,199672,1.25,206028,493740,132
fog-k3s-master3,1,2026-06-06 08:14:17 UTC,15052300,15446260,181220,1.13,47040,599576,199672,1.25,206028,493744,56
fog-k3s-master3,1,2026-06-06 08:14:18 UTC,15052048,15446068,181460,1.14,47040,599588,199672,1.25,206028,493804,68
fog-k3s-master3,1,2026-06-06 08:14:19 UTC,15052048,15446068,181428,1.14,47064,599596,199672,1.25,206028,493804,44
fog-k3s-master3,1,2026-06-06 08:14:20 UTC,15052048,15446068,181416,1.14,47064,599608,199672,1.25,206028,493804,56
fog-k3s-master3,1,2026-06-06 08:14:21 UTC,15052300,15446320,181156,1.13,47064,599616,199672,1.25,206028,493804,212
fog-k3s-master3,1,2026-06-06 08:14:22 UTC,15052300,15446320,181144,1.13,47064,599628,199672,1.25,206028,493804,224
fog-k3s-master3,1,2026-06-06 08:14:23 UTC,15052300,15446320,181136,1.13,47064,599636,199672,1.25,206028,493804,232
fog-k3s-master3,1,2026-06-06 08:14:24 UTC,15052300,15446320,181136,1.13,47064,599636,199672,1.25,206028,493804,232
fog-k3s-master3,1,2026-06-06 08:14:25 UTC,15052300,15446384,181100,1.13,47072,599660,199672,1.25,206028,493864,212
fog-k3s-master3,1,2026-06-06 08:14:26 UTC,15052300,15446408,181092,1.13,47072,599668,202524,1.27,207104,493888,220
fog-k3s-master3,1,2026-06-06 08:14:27 UTC,15052300,15446444,181080,1.13,47072,599680,203124,1.27,207696,493924,200
fog-k3s-master3,1,2026-06-06 08:14:28 UTC,15052300,15446444,181072,1.13,47072,599688,203124,1.27,207696,493924,208
fog-k3s-master3,1,2026-06-06 08:14:29 UTC,15052300,15446444,181060,1.13,47072,599700,203124,1.27,207696,493924,224
fog-k3s-master3,1,2026-06-06 08:14:30 UTC,15052300,15446444,181052,1.13,47080,599700,199672,1.25,206136,493924,232
fog-k3s-master3,1,2026-06-06 08:14:31 UTC,15052300,15446452,181032,1.13,47080,599720,199672,1.25,206028,493932,304
fog-k3s-master3,1,2026-06-06 08:14:32 UTC,15052300,15446452,181024,1.13,47080,599728,199672,1.25,206028,493932,64
fog-k3s-master3,1,2026-06-06 08:14:33 UTC,15052300,15446512,181012,1.13,47080,599740,199672,1.25,206028,493992,64
fog-k3s-master3,1,2026-06-06 08:14:34 UTC,15052300,15446512,181012,1.13,47080,599740,199672,1.25,206028,493992,212
fog-k3s-master3,1,2026-06-06 08:14:35 UTC,15052300,15446512,180992,1.13,47080,599760,199672,1.25,206028,493992,204
fog-k3s-master3,1,2026-06-06 08:14:36 UTC,15052300,15446512,180976,1.13,47088,599768,199672,1.25,206028,493992,180
fog-k3s-master3,1,2026-06-06 08:14:37 UTC,15052300,15446512,180964,1.13,47088,599780,199672,1.25,206028,493992,196
fog-k3s-master3,1,2026-06-06 08:14:38 UTC,15052300,15446512,180964,1.13,47088,599780,199672,1.25,206028,493992,196
fog-k3s-master3,1,2026-06-06 08:14:39 UTC,15052300,15446572,180944,1.13,47088,599800,199672,1.25,206028,494052,232
fog-k3s-master3,1,2026-06-06 08:14:40 UTC,15052300,15446572,180928,1.13,47088,599812,199672,1.25,206028,494052,244
fog-k3s-master3,1,2026-06-06 08:14:41 UTC,15052048,15446324,181160,1.13,47096,599820,199672,1.25,206028,494052,88
fog-k3s-master3,1,2026-06-06 08:14:42 UTC,15052048,15446324,181160,1.13,47096,599820,199672,1.25,206028,494052,20
fog-k3s-master3,1,2026-06-06 08:14:43 UTC,15051796,15446072,181392,1.13,47096,599840,199672,1.25,206028,494052,44
fog-k3s-master3,1,2026-06-06 08:14:44 UTC,15051796,15446072,181380,1.13,47096,599852,199672,1.25,206028,494052,204
fog-k3s-master3,1,2026-06-06 08:14:45 UTC,15051796,15446132,181372,1.13,47096,599860,199672,1.25,206028,494112,68
fog-k3s-master3,1,2026-06-06 08:14:46 UTC,15051796,15446132,181372,1.13,47096,599860,199672,1.25,206028,494112,36
fog-k3s-master3,1,2026-06-06 08:14:47 UTC,15051796,15446132,181344,1.13,47104,599880,199672,1.25,206028,494112,80
fog-k3s-master3,1,2026-06-06 08:14:48 UTC,15051796,15446132,181332,1.13,47104,599892,199672,1.25,206028,494112,92
fog-k3s-master3,1,2026-06-06 08:14:49 UTC,15051796,15446132,181320,1.13,47104,599904,199672,1.25,206028,494112,188
fog-k3s-master3,1,2026-06-06 08:14:50 UTC,15051796,15446132,181320,1.13,47104,599904,199672,1.25,206028,494112,188
fog-k3s-master3,1,2026-06-06 08:14:51 UTC,15051796,15446192,181300,1.13,47104,599924,199672,1.25,206028,494172,204
fog-k3s-master3,1,2026-06-06 08:14:52 UTC,15051796,15446192,181292,1.13,47104,599932,199672,1.25,206028,494172,212
fog-k3s-master3,1,2026-06-06 08:14:53 UTC,15051796,15446192,181280,1.13,47104,599944,199672,1.25,206028,494172,200
fog-k3s-master3,1,2026-06-06 08:14:54 UTC,15051796,15446192,181280,1.13,47112,599936,199672,1.25,206028,494172,204
fog-k3s-master3,1,2026-06-06 08:14:55 UTC,15051796,15446192,181280,1.13,47112,599936,199672,1.25,206028,494172,204
fog-k3s-master3,1,2026-06-06 08:14:56 UTC,15051556,15445952,181464,1.14,47112,599972,199672,1.25,206028,494172,52
fog-k3s-master3,1,2026-06-06 08:14:57 UTC,15051556,15446012,181452,1.14,47112,599984,199672,1.25,206028,494232,64
fog-k3s-master3,1,2026-06-06 08:14:58 UTC,15051556,15446012,181444,1.14,47112,599992,199672,1.25,206028,494232,72
fog-k3s-master3,1,2026-06-06 08:14:59 UTC,15051556,15446012,181444,1.14,47120,599984,199672,1.25,206028,494232,72
fog-k3s-master3,1,2026-06-06 08:15:00 UTC,15051556,15446012,181416,1.14,47120,600012,199672,1.25,206028,494232,168
fog-k3s-master3,1,2026-06-06 08:15:01 UTC,15051556,15446012,181416,1.14,47120,600012,199672,1.25,206028,494232,168
fog-k3s-master3,1,2026-06-06 08:15:02 UTC,15064844,15459308,168236,1.05,47120,600036,199672,1.25,206012,494240,56
fog-k3s-master3,1,2026-06-06 08:15:03 UTC,15064844,15459308,168236,1.05,47120,600036,199672,1.25,206012,494240,56
fog-k3s-master3,1,2026-06-06 08:15:04 UTC,15064844,15459368,168216,1.05,47128,600048,199672,1.25,206008,494300,296
fog-k3s-master3,1,2026-06-06 08:15:05 UTC,15064844,15459368,168208,1.05,47128,600056,199672,1.25,206008,494300,272
fog-k3s-master3,1,2026-06-06 08:15:06 UTC,15064844,15459368,168188,1.05,47128,600076,199672,1.25,206008,494300,228
fog-k3s-master3,1,2026-06-06 08:15:07 UTC,15064844,15459372,168180,1.05,47128,600084,199672,1.25,206008,494304,20
fog-k3s-master3,1,2026-06-06 08:15:08 UTC,15064844,15459372,168168,1.05,47128,600096,199672,1.25,206008,494304,24
fog-k3s-master3,1,2026-06-06 08:15:09 UTC,15064844,15459432,168160,1.05,47128,600104,199672,1.25,206008,494364,36
fog-k3s-master3,1,2026-06-06 08:15:10 UTC,15064844,15459432,168136,1.05,47136,600116,199672,1.25,206008,494364,220
fog-k3s-master3,1,2026-06-06 08:15:11 UTC,15064844,15459432,168128,1.05,47136,600124,199672,1.25,206008,494364,228
fog-k3s-master3,1,2026-06-06 08:15:12 UTC,15064844,15459432,168128,1.05,47136,600124,199672,1.25,206008,494364,228
fog-k3s-master3,1,2026-06-06 08:15:13 UTC,15064844,15459432,168104,1.05,47136,600148,199672,1.25,206008,494364,192
fog-k3s-master3,1,2026-06-06 08:15:14 UTC,15064844,15459432,168096,1.05,47136,600156,199672,1.25,206008,494364,40
fog-k3s-master3,1,2026-06-06 08:15:15 UTC,15064592,15459240,168336,1.05,47144,600160,199672,1.25,206008,494424,64
fog-k3s-master3,1,2026-06-06 08:15:16 UTC,15064592,15459240,168320,1.05,47144,600176,199672,1.25,206028,494424,44
fog-k3s-master3,1,2026-06-06 08:15:17 UTC,15064592,15459240,168320,1.05,47144,600176,199672,1.25,206028,494424,44
fog-k3s-master3,1,2026-06-06 08:15:18 UTC,15064592,15459240,168300,1.05,47144,600196,199672,1.25,206028,494424,0
fog-k3s-master3,1,2026-06-06 08:15:19 UTC,15064592,15459240,168288,1.05,47144,600208,199672,1.25,206028,494424,20
fog-k3s-master3,1,2026-06-06 08:15:20 UTC,15064592,15459240,168280,1.05,47144,600216,199672,1.25,206028,494424,28
fog-k3s-master3,1,2026-06-06 08:15:21 UTC,15064592,15459300,168260,1.05,47152,600228,199672,1.25,206028,494484,64
fog-k3s-master3,1,2026-06-06 08:15:22 UTC,15064592,15459300,168252,1.05,47152,600236,199672,1.25,206028,494484,72
fog-k3s-master3,1,2026-06-06 08:15:23 UTC,15064592,15459300,168240,1.05,47152,600248,199672,1.25,206028,494484,84
fog-k3s-master3,1,2026-06-06 08:15:24 UTC,15064592,15459300,168228,1.05,47152,600260,199672,1.25,206028,494484,176
fog-k3s-master3,1,2026-06-06 08:15:25 UTC,15064592,15459300,168228,1.05,47152,600260,199672,1.25,206028,494484,172
fog-k3s-master3,1,2026-06-06 08:15:26 UTC,15064592,15459420,168204,1.05,47152,600280,199672,1.25,206028,494600,172
fog-k3s-master3,1,2026-06-06 08:15:27 UTC,15064592,15459420,168196,1.05,47152,600288,199672,1.25,206028,494600,180
fog-k3s-master3,1,2026-06-06 08:15:28 UTC,15064592,15459420,168176,1.05,47160,600300,199672,1.25,206028,494600,216
fog-k3s-master3,1,2026-06-06 08:15:29 UTC,15064592,15459420,168168,1.05,47160,600308,199672,1.25,206028,494600,80
fog-k3s-master3,1,2026-06-06 08:15:30 UTC,15064592,15459420,168168,1.05,47160,600308,199672,1.25,206028,494600,16
fog-k3s-master3,1,2026-06-06 08:15:31 UTC,15064592,15459420,168148,1.05,47160,600328,199672,1.25,206028,494600,40
fog-k3s-master3,1,2026-06-06 08:15:32 UTC,15064592,15459480,168136,1.05,47160,600340,199672,1.25,206028,494660,52
fog-k3s-master3,1,2026-06-06 08:15:33 UTC,15064592,15459480,168128,1.05,47160,600348,199672,1.25,206028,494660,36
fog-k3s-master3,1,2026-06-06 08:15:34 UTC,15064592,15459480,168116,1.05,47168,600352,199672,1.25,206028,494660,44
fog-k3s-master3,1,2026-06-06 08:15:35 UTC,15064592,15459480,168100,1.05,47168,600368,199672,1.25,206028,494660,76
fog-k3s-master3,1,2026-06-06 08:15:36 UTC,15064592,15459488,168088,1.05,47168,600380,199672,1.25,206028,494668,24
fog-k3s-master3,1,2026-06-06 08:15:37 UTC,15064592,15459488,168076,1.05,47168,600392,199672,1.25,206028,494668,40
fog-k3s-master3,1,2026-06-06 08:15:38 UTC,15064592,15459548,168068,1.05,47168,600400,199672,1.25,206028,494728,48
fog-k3s-master3,1,2026-06-06 08:15:39 UTC,15064592,15459548,168056,1.05,47176,600404,199672,1.25,206028,494728,64
fog-k3s-master3,1,2026-06-06 08:15:40 UTC,15064592,15459548,168048,1.05,47176,600412,199672,1.25,206028,494728,72
fog-k3s-master3,1,2026-06-06 08:15:41 UTC,15064592,15459548,168024,1.05,47176,600432,199672,1.25,206028,494728,208
fog-k3s-master3,1,2026-06-06 08:15:42 UTC,15064592,15459548,168024,1.05,47176,600432,199672,1.25,206028,494728,144
fog-k3s-master3,1,2026-06-06 08:15:43 UTC,15064592,15459548,168004,1.05,47176,600452,199672,1.25,206028,494728,168
fog-k3s-master3,1,2026-06-06 08:15:44 UTC,15064592,15459548,168004,1.05,47184,600444,199672,1.25,206028,494728,168
fog-k3s-master3,1,2026-06-06 08:15:45 UTC,15064592,15459608,167976,1.05,47184,600472,199672,1.25,206032,494788,60
fog-k3s-master3,1,2026-06-06 08:15:46 UTC,15064592,15459608,167976,1.05,47184,600472,199672,1.25,206032,494788,60
fog-k3s-master3,1,2026-06-06 08:15:47 UTC,15064340,15459356,168208,1.05,47184,600492,199672,1.25,206032,494788,76
fog-k3s-master3,1,2026-06-06 08:15:48 UTC,15064340,15459356,168196,1.05,47184,600504,199672,1.25,206032,494788,20
fog-k3s-master3,1,2026-06-06 08:15:49 UTC,15064340,15459356,168188,1.05,47192,600504,199672,1.25,206032,494788,36
fog-k3s-master3,1,2026-06-06 08:15:50 UTC,15064340,15459416,168176,1.05,47192,600516,199672,1.25,206032,494848,48
fog-k3s-master3,1,2026-06-06 08:15:51 UTC,15064340,15459416,168160,1.05,47192,600532,199672,1.25,206032,494848,36
fog-k3s-master3,1,2026-06-06 08:15:52 UTC,15064340,15459416,168148,1.05,47192,600544,199672,1.25,206032,494848,48
fog-k3s-master3,1,2026-06-06 08:15:53 UTC,15064340,15459416,168140,1.05,47192,600552,199672,1.25,206032,494848,56
fog-k3s-master3,1,2026-06-06 08:15:54 UTC,15064340,15459416,168128,1.05,47200,600556,199672,1.25,206032,494848,216
fog-k3s-master3,1,2026-06-06 08:15:55 UTC,15064340,15459416,168112,1.05,47200,600572,199672,1.25,206032,494848,184
fog-k3s-master3,1,2026-06-06 08:15:56 UTC,15064340,15459480,168096,1.05,47200,600584,199672,1.25,206032,494908,196
fog-k3s-master3,1,2026-06-06 08:15:57 UTC,15064340,15459480,168088,1.05,47200,600592,199672,1.25,206032,494908,204
fog-k3s-master3,1,2026-06-06 08:15:58 UTC,15064340,15459480,168076,1.05,47200,600604,199672,1.25,206032,494908,216
fog-k3s-master3,1,2026-06-06 08:15:59 UTC,15064340,15459480,168068,1.05,47208,600604,199672,1.25,206032,494908,228
fog-k3s-master3,1,2026-06-06 08:16:00 UTC,15064340,15459480,168056,1.05,47208,600616,199672,1.25,206032,494908,240
fog-k3s-master3,1,2026-06-06 08:16:01 UTC,15064340,15459544,168036,1.05,47208,600636,199672,1.25,206032,494972,20
fog-k3s-master3,1,2026-06-06 08:16:02 UTC,15064340,15459604,168028,1.05,47208,600644,199672,1.25,206032,495032,28
fog-k3s-master3,1,2026-06-06 08:16:03 UTC,15064340,15459604,168016,1.05,47208,600656,199672,1.25,206032,495032,40
fog-k3s-master3,1,2026-06-06 08:16:04 UTC,15064340,15459604,168008,1.05,47216,600656,199672,1.25,206032,495032,48
fog-k3s-master3,1,2026-06-06 08:16:05 UTC,15064340,15459612,167988,1.05,47216,600676,199672,1.25,206032,495040,76
fog-k3s-master3,1,2026-06-06 08:16:06 UTC,15064340,15459612,167980,1.05,47216,600684,199672,1.25,206032,495040,84
fog-k3s-master3,1,2026-06-06 08:16:07 UTC,15064340,15459612,167968,1.05,47216,600696,199672,1.25,206032,495040,36
fog-k3s-master3,1,2026-06-06 08:16:08 UTC,15064340,15459672,167960,1.05,47216,600704,199672,1.25,206032,495100,44
fog-k3s-master3,1,2026-06-06 08:16:09 UTC,15064340,15459672,167940,1.05,47224,600716,199672,1.25,206032,495100,212
fog-k3s-master3,1,2026-06-06 08:16:10 UTC,15064340,15459672,167940,1.05,47224,600716,199672,1.25,206032,495100,212
fog-k3s-master3,1,2026-06-06 08:16:11 UTC,15064340,15459672,167920,1.05,47224,600736,199672,1.25,206032,495100,208
fog-k3s-master3,1,2026-06-06 08:16:12 UTC,15064340,15459672,167904,1.05,47224,600748,199672,1.25,206032,495100,152
fog-k3s-master3,1,2026-06-06 08:16:13 UTC,15064340,15459672,167896,1.05,47224,600756,199672,1.25,206032,495100,164
fog-k3s-master3,1,2026-06-06 08:16:14 UTC,15064340,15459732,167884,1.05,47232,600760,199672,1.25,206032,495160,176
fog-k3s-master3,1,2026-06-06 08:16:15 UTC,15064340,15459748,167868,1.05,47232,600776,199672,1.25,206032,495176,52
fog-k3s-master3,1,2026-06-06 08:16:16 UTC,15064340,15459748,167856,1.05,47232,600788,199672,1.25,206032,495176,64
fog-k3s-master3,1,2026-06-06 08:16:17 UTC,15064340,15459748,167848,1.05,47232,600796,199672,1.25,206032,495176,72
fog-k3s-master3,1,2026-06-06 08:16:18 UTC,15064088,15459496,168088,1.05,47232,600808,199672,1.25,206032,495176,84
fog-k3s-master3,1,2026-06-06 08:16:19 UTC,15064088,15459496,168080,1.05,47240,600808,199672,1.25,206032,495176,184
fog-k3s-master3,1,2026-06-06 08:16:20 UTC,15063836,15459304,168320,1.05,47240,600820,199672,1.25,206032,495236,196
fog-k3s-master3,1,2026-06-06 08:16:21 UTC,15063836,15459304,168304,1.05,47240,600836,199672,1.25,206032,495236,36
fog-k3s-master3,1,2026-06-06 08:16:22 UTC,15063836,15459304,168292,1.05,47240,600848,199672,1.25,206032,495236,48
fog-k3s-master3,1,2026-06-06 08:16:23 UTC,15063836,15459304,168284,1.05,47240,600856,199672,1.25,206032,495236,56
fog-k3s-master3,1,2026-06-06 08:16:24 UTC,15063836,15459304,168272,1.05,47248,600860,199672,1.25,206032,495236,68
fog-k3s-master3,1,2026-06-06 08:16:25 UTC,15063836,15459364,168252,1.05,47248,600880,199672,1.25,206032,495296,188
fog-k3s-master3,1,2026-06-06 08:16:26 UTC,15063836,15459364,168244,1.05,47248,600888,199672,1.25,206032,495296,192
fog-k3s-master3,1,2026-06-06 08:16:27 UTC,15063836,15459368,168228,1.05,47248,600900,199672,1.25,206032,495296,204
fog-k3s-master3,1,2026-06-06 08:16:28 UTC,15063836,15459368,168220,1.05,47248,600908,199672,1.25,206032,495296,212
fog-k3s-master3,1,2026-06-06 08:16:29 UTC,15063836,15459368,168208,1.05,47256,600912,199672,1.25,206032,495296,228
fog-k3s-master3,1,2026-06-06 08:16:30 UTC,15063836,15459392,168192,1.05,47256,600928,199672,1.25,206036,495320,60
fog-k3s-master3,1,2026-06-06 08:16:31 UTC,15062856,15458472,169160,1.06,47256,600940,202524,1.27,207384,495380,20
fog-k3s-master3,1,2026-06-06 08:16:32 UTC,15062352,15457968,169664,1.06,47256,600940,203124,1.27,207696,495380,28
fog-k3s-master3,1,2026-06-06 08:16:33 UTC,15062352,15457968,169664,1.06,47256,600940,203124,1.27,207696,495380,28
fog-k3s-master3,1,2026-06-06 08:16:34 UTC,15062352,15457968,169636,1.06,47264,600960,199672,1.25,206136,495380,320
fog-k3s-master3,1,2026-06-06 08:16:35 UTC,15062352,15458004,169624,1.06,47264,600972,199672,1.25,206160,495416,72
fog-k3s-master3,1,2026-06-06 08:16:36 UTC,15062352,15458004,169604,1.06,47264,600992,199672,1.25,206036,495416,32
fog-k3s-master3,1,2026-06-06 08:16:37 UTC,15062352,15458004,169596,1.06,47264,601000,199672,1.25,206036,495416,40
fog-k3s-master3,1,2026-06-06 08:16:38 UTC,15062352,15458004,169584,1.06,47264,601012,199672,1.25,206036,495416,52
fog-k3s-master3,1,2026-06-06 08:16:39 UTC,15062100,15457752,169828,1.06,47272,601012,199672,1.25,206036,495416,64
fog-k3s-master3,1,2026-06-06 08:16:40 UTC,15062100,15457752,169808,1.06,47272,601032,199672,1.25,206036,495416,196
fog-k3s-master3,1,2026-06-06 08:16:41 UTC,15062100,15457812,169800,1.06,47272,601040,199672,1.25,206036,495476,204
fog-k3s-master3,1,2026-06-06 08:16:42 UTC,15062100,15457812,169784,1.06,47272,601052,199672,1.25,206036,495476,216
fog-k3s-master3,1,2026-06-06 08:16:43 UTC,15062100,15457812,169776,1.06,47272,601060,199672,1.25,206036,495476,228
fog-k3s-master3,1,2026-06-06 08:16:44 UTC,15062100,15457812,169764,1.06,47280,601064,199672,1.25,206036,495476,192
fog-k3s-master3,1,2026-06-06 08:16:45 UTC,15062100,15457812,169764,1.06,47280,601064,199672,1.25,206036,495476,28
fog-k3s-master3,1,2026-06-06 08:16:46 UTC,15062100,15457856,169736,1.06,47280,601092,199672,1.25,206036,495520,64
fog-k3s-master3,1,2026-06-06 08:16:47 UTC,15062100,15457856,169728,1.06,47280,601100,199672,1.25,206036,495520,72
fog-k3s-master3,1,2026-06-06 08:16:48 UTC,15062100,15457888,169716,1.06,47280,601112,199672,1.25,206036,495552,20
fog-k3s-master3,1,2026-06-06 08:16:49 UTC,15062100,15457888,169704,1.06,47288,601116,199672,1.25,206036,495552,40
fog-k3s-master3,1,2026-06-06 08:16:50 UTC,15062100,15457888,169688,1.06,47288,601132,199672,1.25,206036,495552,28
fog-k3s-master3,1,2026-06-06 08:16:51 UTC,15062100,15457888,169676,1.06,47288,601144,199672,1.25,206036,495552,40
fog-k3s-master3,1,2026-06-06 08:16:52 UTC,15062100,15457888,169668,1.06,47288,601152,199672,1.25,206036,495552,48
fog-k3s-master3,1,2026-06-06 08:16:53 UTC,15062100,15457888,169656,1.06,47288,601164,199672,1.25,206036,495552,60
fog-k3s-master3,1,2026-06-06 08:16:54 UTC,15062100,15457948,169640,1.06,47296,601172,199672,1.25,206036,495612,172
fog-k3s-master3,1,2026-06-06 08:16:55 UTC,15062100,15457960,169628,1.06,47296,601184,199672,1.25,206036,495624,184
fog-k3s-master3,1,2026-06-06 08:16:56 UTC,15062100,15457960,169620,1.06,47296,601192,199672,1.25,206036,495624,192
fog-k3s-master3,1,2026-06-06 08:16:57 UTC,15062100,15457960,169608,1.06,47296,601204,199672,1.25,206036,495624,204
fog-k3s-master3,1,2026-06-06 08:16:58 UTC,15062100,15457964,169596,1.06,47296,601212,199672,1.25,206036,495624,212
fog-k3s-master3,1,2026-06-06 08:16:59 UTC,15062100,15458004,169584,1.06,47304,601216,199672,1.25,206036,495664,208
fog-k3s-master3,1,2026-06-06 08:17:00 UTC,15062100,15458016,169564,1.06,47304,601236,199672,1.25,206036,495676,4
fog-k3s-master3,1,2026-06-06 08:17:01 UTC,15062100,15458016,169556,1.06,47304,601244,199672,1.25,206036,495676,16
fog-k3s-master3,1,2026-06-06 08:17:02 UTC,15063440,15459356,168216,1.05,47308,601240,199672,1.25,206036,495676,192
fog-k3s-master3,1,2026-06-06 08:17:03 UTC,15063440,15459408,168188,1.05,47308,601264,199672,1.25,206016,495728,212
fog-k3s-master3,1,2026-06-06 08:17:04 UTC,15063440,15459408,168168,1.05,47316,601276,199672,1.25,206016,495728,312
fog-k3s-master3,1,2026-06-06 08:17:05 UTC,15063440,15459408,168160,1.05,47316,601284,199672,1.25,206016,495728,88
fog-k3s-master3,1,2026-06-06 08:17:06 UTC,15063440,15459408,168160,1.05,47316,601284,199672,1.25,206016,495728,88
fog-k3s-master3,1,2026-06-06 08:17:07 UTC,15063188,15459216,168392,1.05,47316,601304,199672,1.25,206016,495788,48
fog-k3s-master3,1,2026-06-06 08:17:08 UTC,15063188,15459216,168380,1.05,47316,601316,199672,1.25,206016,495788,60
fog-k3s-master3,1,2026-06-06 08:17:09 UTC,15063188,15459216,168372,1.05,47324,601316,199672,1.25,206016,495788,72
fog-k3s-master3,1,2026-06-06 08:17:10 UTC,15063188,15459216,168360,1.05,47324,601328,199672,1.25,206016,495788,84
fog-k3s-master3,1,2026-06-06 08:17:11 UTC,15063188,15459216,168344,1.05,47324,601344,199672,1.25,206016,495788,204
fog-k3s-master3,1,2026-06-06 08:17:12 UTC,15063188,15459276,168332,1.05,47324,601356,199672,1.25,206016,495848,152
fog-k3s-master3,1,2026-06-06 08:17:13 UTC,15063188,15459276,168316,1.05,47324,601368,199672,1.25,206016,495848,168
fog-k3s-master3,1,2026-06-06 08:17:14 UTC,15063188,15459276,168316,1.05,47332,601360,199672,1.25,206016,495848,168
fog-k3s-master3,1,2026-06-06 08:17:15 UTC,15063188,15459276,168288,1.05,47332,601388,199672,1.25,206016,495848,220
fog-k3s-master3,1,2026-06-06 08:17:16 UTC,15063188,15459276,168280,1.05,47332,601396,199672,1.25,206016,495848,228
fog-k3s-master3,1,2026-06-06 08:17:17 UTC,15063188,15459276,168268,1.05,47332,601408,199672,1.25,206016,495848,76
fog-k3s-master3,1,2026-06-06 08:17:18 UTC,15063188,15459336,168260,1.05,47332,601416,199672,1.25,206016,495908,20
fog-k3s-master3,1,2026-06-06 08:17:19 UTC,15063188,15459336,168244,1.05,47340,601424,199672,1.25,206016,495908,196
fog-k3s-master3,1,2026-06-06 08:17:20 UTC,15063188,15459336,168236,1.05,47340,601432,199672,1.25,206016,495908,204
fog-k3s-master3,1,2026-06-06 08:17:21 UTC,15063188,15459336,168216,1.05,47340,601452,199672,1.25,206016,495908,44
fog-k3s-master3,1,2026-06-06 08:17:22 UTC,15063188,15459336,168208,1.05,47340,601460,199672,1.25,206016,495908,52
fog-k3s-master3,1,2026-06-06 08:17:23 UTC,15063188,15459336,168196,1.05,47340,601472,199672,1.25,206016,495908,64
fog-k3s-master3,1,2026-06-06 08:17:24 UTC,15063188,15459396,168176,1.05,47348,601484,199672,1.25,206016,495968,172
fog-k3s-master3,1,2026-06-06 08:17:25 UTC,15063188,15459396,168168,1.05,47348,601492,199672,1.25,206016,495968,184
fog-k3s-master3,1,2026-06-06 08:17:26 UTC,15063188,15459396,168156,1.05,47348,601504,199672,1.25,206016,495968,196
fog-k3s-master3,1,2026-06-06 08:17:27 UTC,15063188,15459396,168148,1.05,47348,601512,199672,1.25,206016,495968,204
fog-k3s-master3,1,2026-06-06 08:17:28 UTC,15063188,15459400,168132,1.05,47348,601524,199672,1.25,206016,495968,216
fog-k3s-master3,1,2026-06-06 08:17:29 UTC,15063188,15459400,168124,1.05,47356,601524,199672,1.25,206016,495968,228
fog-k3s-master3,1,2026-06-06 08:17:30 UTC,15063188,15459460,168112,1.05,47356,601536,199672,1.25,206016,496028,240
fog-k3s-master3,1,2026-06-06 08:17:31 UTC,15063188,15459460,168096,1.05,47356,601552,199672,1.25,206016,496028,16
fog-k3s-master3,1,2026-06-06 08:17:32 UTC,15063188,15459460,168084,1.05,47356,601564,199672,1.25,206016,496028,28
fog-k3s-master3,1,2026-06-06 08:17:33 UTC,15063188,15459460,168076,1.05,47356,601572,199672,1.25,206016,496028,36
fog-k3s-master3,1,2026-06-06 08:17:34 UTC,15063188,15459460,168076,1.05,47364,601564,199672,1.25,206016,496028,188
fog-k3s-master3,1,2026-06-06 08:17:35 UTC,15063188,15459516,168044,1.05,47364,601596,199672,1.25,206016,496084,76
fog-k3s-master3,1,2026-06-06 08:17:36 UTC,15063188,15459516,168036,1.05,47364,601604,199672,1.25,206016,496084,20
fog-k3s-master3,1,2026-06-06 08:17:37 UTC,15063188,15459516,168024,1.05,47364,601616,199672,1.25,206016,496084,36
fog-k3s-master3,1,2026-06-06 08:17:38 UTC,15063188,15459516,168016,1.05,47364,601624,199672,1.25,206016,496084,44
fog-k3s-master3,1,2026-06-06 08:17:39 UTC,15063188,15459576,168004,1.05,47372,601628,199672,1.25,206016,496144,60
fog-k3s-master3,1,2026-06-06 08:17:40 UTC,15063188,15459576,167996,1.05,47372,601636,199672,1.25,206016,496144,68
fog-k3s-master3,1,2026-06-06 08:17:41 UTC,15063188,15459576,167972,1.05,47372,601656,199672,1.25,206016,496144,208
fog-k3s-master3,1,2026-06-06 08:17:42 UTC,15063188,15459584,167964,1.05,47372,601664,199672,1.25,206016,496152,152
fog-k3s-master3,1,2026-06-06 08:17:43 UTC,15063188,15459584,167952,1.05,47372,601676,199672,1.25,206016,496152,168
fog-k3s-master3,1,2026-06-06 08:17:44 UTC,15063188,15459584,167944,1.05,47380,601676,199672,1.25,206016,496152,184
fog-k3s-master3,1,2026-06-06 08:17:45 UTC,15063188,15459652,167924,1.05,47380,601696,199672,1.25,206016,496220,56
fog-k3s-master3,1,2026-06-06 08:17:46 UTC,15063188,15459652,167924,1.05,47380,601696,199672,1.25,206016,496220,56
fog-k3s-master3,1,2026-06-06 08:17:47 UTC,15062936,15459400,168156,1.05,47380,601716,199672,1.25,206016,496220,76
fog-k3s-master3,1,2026-06-06 08:17:48 UTC,15062936,15459400,168144,1.05,47380,601728,199672,1.25,206016,496220,88
fog-k3s-master3,1,2026-06-06 08:17:49 UTC,15062936,15459404,168124,1.05,47388,601736,199672,1.25,206016,496220,36
fog-k3s-master3,1,2026-06-06 08:17:50 UTC,15062936,15459404,168124,1.05,47388,601736,199672,1.25,206016,496220,36
fog-k3s-master3,1,2026-06-06 08:17:51 UTC,15062936,15459404,168124,1.05,47388,601736,199672,1.25,206016,496220,36
fog-k3s-master3,1,2026-06-06 08:17:52 UTC,15062936,15459464,168092,1.05,47388,601768,199672,1.25,206036,496280,48
fog-k3s-master3,1,2026-06-06 08:17:53 UTC,15062936,15459464,168084,1.05,47388,601776,199672,1.25,206036,496280,56
fog-k3s-master3,1,2026-06-06 08:17:54 UTC,15062936,15459464,168072,1.05,47396,601780,199672,1.25,206036,496280,216
fog-k3s-master3,1,2026-06-06 08:17:55 UTC,15062936,15459464,168056,1.05,47396,601796,199672,1.25,206036,496280,180
fog-k3s-master3,1,2026-06-06 08:17:56 UTC,15062936,15459464,168044,1.05,47396,601808,199672,1.25,206036,496280,192
fog-k3s-master3,1,2026-06-06 08:17:57 UTC,15062936,15459524,168032,1.05,47396,601816,199672,1.25,206036,496340,200
fog-k3s-master3,1,2026-06-06 08:17:58 UTC,15062936,15459524,168020,1.05,47396,601828,199672,1.25,206036,496340,212
fog-k3s-master3,1,2026-06-06 08:17:59 UTC,15062936,15459524,168008,1.05,47404,601832,199672,1.25,206036,496340,228
fog-k3s-master3,1,2026-06-06 08:18:00 UTC,15062936,15459524,167992,1.05,47404,601848,199672,1.25,206036,496340,4
fog-k3s-master3,1,2026-06-06 08:18:01 UTC,15062936,15459524,167992,1.05,47404,601848,199672,1.25,206036,496340,4
fog-k3s-master3,1,2026-06-06 08:18:02 UTC,15062936,15459524,167972,1.05,47404,601868,199672,1.25,206036,496340,28
fog-k3s-master3,1,2026-06-06 08:18:03 UTC,15062936,15459584,167960,1.05,47404,601880,199672,1.25,206036,496400,40
fog-k3s-master3,1,2026-06-06 08:18:04 UTC,15062936,15459584,167952,1.05,47412,601880,199672,1.25,206036,496400,196
fog-k3s-master3,1,2026-06-06 08:18:05 UTC,15062936,15459584,167940,1.05,47412,601892,199672,1.25,206036,496400,208
fog-k3s-master3,1,2026-06-06 08:18:06 UTC,15062936,15459584,167924,1.05,47412,601908,199672,1.25,206036,496400,20
fog-k3s-master3,1,2026-06-06 08:18:07 UTC,15062936,15459584,167912,1.05,47412,601920,199672,1.25,206036,496400,36
fog-k3s-master3,1,2026-06-06 08:18:08 UTC,15062936,15459584,167904,1.05,47412,601928,199672,1.25,206036,496400,44
fog-k3s-master3,1,2026-06-06 08:18:09 UTC,15062936,15459644,167892,1.05,47420,601932,199672,1.25,206036,496460,60
fog-k3s-master3,1,2026-06-06 08:18:10 UTC,15062936,15459644,167892,1.05,47420,601932,199672,1.25,206036,496460,60
fog-k3s-master3,1,2026-06-06 08:18:11 UTC,15062936,15459644,167864,1.05,47420,601960,199672,1.25,206036,496460,212
fog-k3s-master3,1,2026-06-06 08:18:12 UTC,15062936,15459648,167848,1.05,47420,601972,199672,1.25,206036,496460,156
fog-k3s-master3,1,2026-06-06 08:18:13 UTC,15062936,15459648,167848,1.05,47420,601972,199672,1.25,206036,496460,156
fog-k3s-master3,1,2026-06-06 08:18:14 UTC,15062936,15459708,167828,1.05,47428,601984,199672,1.25,206036,496520,180
fog-k3s-master3,1,2026-06-06 08:18:15 UTC,15062936,15459708,167820,1.05,47428,601992,199672,1.25,206036,496520,188
fog-k3s-master3,1,2026-06-06 08:18:16 UTC,15062936,15459708,167800,1.05,47428,602012,199672,1.25,206036,496520,64
fog-k3s-master3,1,2026-06-06 08:18:17 UTC,15062432,15459204,168296,1.05,47428,602020,199672,1.25,206036,496520,72
fog-k3s-master3,1,2026-06-06 08:18:18 UTC,15062432,15459204,168284,1.05,47428,602032,199672,1.25,206036,496520,20
fog-k3s-master3,1,2026-06-06 08:18:19 UTC,15062432,15459204,168276,1.05,47436,602032,199672,1.25,206036,496520,36
fog-k3s-master3,1,2026-06-06 08:18:20 UTC,15062432,15459264,168256,1.05,47436,602052,199672,1.25,206036,496580,28
fog-k3s-master3,1,2026-06-06 08:18:21 UTC,15062432,15459264,168248,1.05,47436,602060,199672,1.25,206036,496580,36
fog-k3s-master3,1,2026-06-06 08:18:22 UTC,15062432,15459264,168236,1.05,47436,602072,199672,1.25,206036,496580,48
fog-k3s-master3,1,2026-06-06 08:18:23 UTC,15062432,15459264,168236,1.05,47436,602072,199672,1.25,206036,496580,48
fog-k3s-master3,1,2026-06-06 08:18:24 UTC,15062432,15459264,168216,1.05,47436,602092,199672,1.25,206036,496580,148
fog-k3s-master3,1,2026-06-06 08:18:25 UTC,15062432,15459264,168204,1.05,47444,602096,199672,1.25,206036,496580,164
fog-k3s-master3,1,2026-06-06 08:18:26 UTC,15062432,15459384,168188,1.05,47444,602112,199672,1.25,206036,496700,196
fog-k3s-master3,1,2026-06-06 08:18:27 UTC,15062432,15459384,168172,1.05,47444,602124,199672,1.25,206036,496700,208
fog-k3s-master3,1,2026-06-06 08:18:28 UTC,15062432,15459384,168172,1.05,47444,602124,199672,1.25,206036,496700,208
fog-k3s-master3,1,2026-06-06 08:18:29 UTC,15062432,15459384,168152,1.05,47444,602144,199672,1.25,206036,496700,232
fog-k3s-master3,1,2026-06-06 08:18:30 UTC,15062432,15459384,168144,1.05,47444,602152,199672,1.25,206036,496700,4
fog-k3s-master3,1,2026-06-06 08:18:31 UTC,15062432,15459384,168132,1.05,47452,602156,199672,1.25,206036,496700,20
fog-k3s-master3,1,2026-06-06 08:18:32 UTC,15062432,15459444,168124,1.05,47452,602164,199672,1.25,206036,496760,28
fog-k3s-master3,1,2026-06-06 08:18:33 UTC,15062432,15459444,168104,1.05,47452,602184,199672,1.25,206036,496760,64
fog-k3s-master3,1,2026-06-06 08:18:34 UTC,15062432,15459444,168096,1.05,47452,602192,199672,1.25,206036,496760,220
fog-k3s-master3,1,2026-06-06 08:18:35 UTC,15062432,15459444,168096,1.05,47452,602192,199672,1.25,206036,496760,220
fog-k3s-master3,1,2026-06-06 08:18:36 UTC,15062432,15459444,168072,1.05,47452,602216,199672,1.25,206036,496760,0
fog-k3s-master3,1,2026-06-06 08:18:37 UTC,15062432,15459444,168064,1.05,47460,602216,199672,1.25,206036,496760,12
fog-k3s-master3,1,2026-06-06 08:18:38 UTC,15062432,15459504,168052,1.05,47460,602228,199672,1.25,206036,496820,24
fog-k3s-master3,1,2026-06-06 08:18:39 UTC,15062432,15459504,168036,1.05,47460,602244,199672,1.25,206036,496820,64
fog-k3s-master3,1,2026-06-06 08:18:40 UTC,15062432,15459504,168024,1.05,47460,602256,199672,1.25,206036,496820,76
fog-k3s-master3,1,2026-06-06 08:18:41 UTC,15062432,15459504,168016,1.05,47460,602264,199672,1.25,206036,496820,232
fog-k3s-master3,1,2026-06-06 08:18:42 UTC,15062432,15459504,168004,1.05,47460,602276,199672,1.25,206036,496820,244
fog-k3s-master3,1,2026-06-06 08:18:43 UTC,15062432,15459528,167984,1.05,47468,602284,199672,1.25,206036,496840,188
fog-k3s-master3,1,2026-06-06 08:18:44 UTC,15062432,15459596,167972,1.05,47468,602296,199672,1.25,206036,496908,48
fog-k3s-master3,1,2026-06-06 08:18:45 UTC,15062432,15459596,167964,1.05,47468,602304,199672,1.25,206036,496908,56
fog-k3s-master3,1,2026-06-06 08:18:46 UTC,15062432,15459596,167952,1.05,47468,602316,199672,1.25,206036,496908,68
fog-k3s-master3,1,2026-06-06 08:18:47 UTC,15062432,15459596,167940,1.05,47468,602328,199672,1.25,206036,496908,80
fog-k3s-master3,1,2026-06-06 08:18:48 UTC,15062432,15459640,167932,1.05,47468,602336,199672,1.25,206036,496952,24
fog-k3s-master3,1,2026-06-06 08:18:49 UTC,15062432,15459640,167912,1.05,47476,602348,199672,1.25,206036,496952,44
fog-k3s-master3,1,2026-06-06 08:18:50 UTC,15062432,15459648,167904,1.05,47476,602356,199672,1.25,206036,496960,0
fog-k3s-master3,1,2026-06-06 08:18:51 UTC,15062432,15459648,167892,1.05,47476,602368,199672,1.25,206036,496960,64
fog-k3s-master3,1,2026-06-06 08:18:52 UTC,15062432,15459648,167884,1.05,47476,602376,199672,1.25,206036,496960,72
fog-k3s-master3,1,2026-06-06 08:18:53 UTC,15062432,15459648,167872,1.05,47476,602388,199672,1.25,206036,496960,84
fog-k3s-master3,1,2026-06-06 08:18:54 UTC,15062432,15459708,167864,1.05,47484,602388,199672,1.25,206036,497020,244
fog-k3s-master3,1,2026-06-06 08:18:55 UTC,15062432,15459708,167844,1.05,47484,602408,199672,1.25,206036,497020,188
fog-k3s-master3,1,2026-06-06 08:18:56 UTC,15062432,15459708,167836,1.05,47484,602416,199672,1.25,206036,497020,196
fog-k3s-master3,1,2026-06-06 08:18:57 UTC,15062432,15459708,167824,1.05,47484,602428,199672,1.25,206036,497020,208
fog-k3s-master3,1,2026-06-06 08:18:58 UTC,15062432,15459708,167824,1.05,47484,602428,199672,1.25,206036,497020,208
fog-k3s-master3,1,2026-06-06 08:18:59 UTC,15062432,15459708,167800,1.05,47492,602440,199672,1.25,206036,497020,232
fog-k3s-master3,1,2026-06-06 08:19:00 UTC,15062432,15459772,167788,1.05,47492,602452,199672,1.25,206036,497084,80
fog-k3s-master3,1,2026-06-06 08:19:01 UTC,15062432,15459772,167772,1.05,47492,602468,199672,1.25,206036,497084,16
fog-k3s-master3,1,2026-06-06 08:19:02 UTC,15062432,15459772,167760,1.05,47492,602480,199672,1.25,206036,497084,28
fog-k3s-master3,1,2026-06-06 08:19:03 UTC,15062432,15459772,167752,1.05,47492,602488,199672,1.25,206036,497084,36
fog-k3s-master3,1,2026-06-06 08:19:04 UTC,15062432,15459772,167740,1.05,47500,602492,199672,1.25,206036,497084,196
fog-k3s-master3,1,2026-06-06 08:19:05 UTC,15062432,15459772,167724,1.05,47500,602508,199672,1.25,206036,497084,76
fog-k3s-master3,1,2026-06-06 08:19:06 UTC,15062432,15459832,167712,1.05,47500,602520,199672,1.25,206036,497144,24
fog-k3s-master3,1,2026-06-06 08:19:07 UTC,15062432,15459832,167704,1.05,47500,602528,199672,1.25,206036,497144,36
fog-k3s-master3,1,2026-06-06 08:19:08 UTC,15062432,15459832,167692,1.05,47500,602540,199672,1.25,206036,497144,48
fog-k3s-master3,1,2026-06-06 08:19:09 UTC,15062432,15459860,167684,1.05,47508,602540,199672,1.25,206036,497172,36
fog-k3s-master3,1,2026-06-06 08:19:10 UTC,15062432,15459860,167672,1.05,47508,602552,199672,1.25,206036,497172,48
fog-k3s-master3,1,2026-06-06 08:19:11 UTC,15062432,15459860,167672,1.05,47508,602552,199672,1.25,206036,497172,48
fog-k3s-master3,1,2026-06-06 08:19:12 UTC,15062432,15459892,167644,1.05,47508,602580,199672,1.25,206036,497204,152
fog-k3s-master3,1,2026-06-06 08:19:13 UTC,15062432,15459896,167628,1.05,47508,602592,199672,1.25,206036,497204,168
fog-k3s-master3,1,2026-06-06 08:19:14 UTC,15062432,15459896,167620,1.05,47516,602592,199672,1.25,206036,497204,192
fog-k3s-master3,1,2026-06-06 08:19:15 UTC,15062432,15459960,167600,1.05,47516,602612,199672,1.25,206036,497268,56
fog-k3s-master3,1,2026-06-06 08:19:16 UTC,15062432,15459960,167592,1.05,47516,602620,199672,1.25,206036,497268,64
fog-k3s-master3,1,2026-06-06 08:19:17 UTC,15062432,15459960,167580,1.05,47516,602632,199672,1.25,206036,497268,76
fog-k3s-master3,1,2026-06-06 08:19:18 UTC,15062432,15459960,167572,1.05,47516,602640,199672,1.25,206036,497268,20
fog-k3s-master3,1,2026-06-06 08:19:19 UTC,15061424,15458952,168568,1.05,47524,602644,199672,1.25,206036,497268,40
fog-k3s-master3,1,2026-06-06 08:19:20 UTC,15061424,15459000,168552,1.05,47524,602660,199672,1.25,206036,497316,28
fog-k3s-master3,1,2026-06-06 08:19:21 UTC,15061424,15459000,168540,1.05,47524,602672,199672,1.25,206036,497316,40
fog-k3s-master3,1,2026-06-06 08:19:22 UTC,15061424,15459000,168532,1.05,47524,602680,199672,1.25,206036,497316,48
fog-k3s-master3,1,2026-06-06 08:19:23 UTC,15061424,15459000,168532,1.05,47524,602680,199672,1.25,206036,497316,48
fog-k3s-master3,1,2026-06-06 08:19:24 UTC,15061424,15459000,168540,1.05,47532,602696,199672,1.25,206036,497316,72
fog-k3s-master3,1,2026-06-06 08:19:25 UTC,15061424,15459000,168524,1.05,47532,602712,199672,1.25,206036,497316,180
fog-k3s-master3,1,2026-06-06 08:19:26 UTC,15061424,15459060,168512,1.05,47532,602724,199672,1.25,206036,497376,192
fog-k3s-master3,1,2026-06-06 08:19:27 UTC,15061424,15459060,168504,1.05,47532,602732,199672,1.25,206036,497376,200
fog-k3s-master3,1,2026-06-06 08:19:28 UTC,15061424,15459060,168492,1.05,47532,602744,199672,1.25,206036,497376,212
fog-k3s-master3,1,2026-06-06 08:19:29 UTC,15061424,15459152,168472,1.05,47540,602752,199672,1.25,206036,497468,76
fog-k3s-master3,1,2026-06-06 08:19:30 UTC,15061424,15459152,168460,1.05,47540,602764,199672,1.25,206036,497468,88
fog-k3s-master3,1,2026-06-06 08:19:31 UTC,15061424,15459152,168452,1.05,47540,602772,199672,1.25,206036,497468,100
fog-k3s-master3,1,2026-06-06 08:19:32 UTC,15061424,15459152,168440,1.05,47540,602784,199672,1.25,206036,497468,28
fog-k3s-master3,1,2026-06-06 08:19:33 UTC,15061424,15459152,168432,1.05,47540,602792,199672,1.25,206036,497468,36
fog-k3s-master3,1,2026-06-06 08:19:34 UTC,15061172,15458904,168660,1.06,47548,602804,199672,1.25,206036,497468,216
fog-k3s-master3,1,2026-06-06 08:19:35 UTC,15061172,15458968,168648,1.06,47548,602816,199672,1.25,206036,497532,80
fog-k3s-master3,1,2026-06-06 08:19:36 UTC,15061172,15458976,168640,1.06,47548,602824,199672,1.25,206036,497540,24
fog-k3s-master3,1,2026-06-06 08:19:37 UTC,15061172,15458976,168628,1.06,47548,602836,199672,1.25,206036,497540,40
fog-k3s-master3,1,2026-06-06 08:19:38 UTC,15061172,15458976,168620,1.06,47548,602844,199672,1.25,206036,497540,48
fog-k3s-master3,1,2026-06-06 08:19:39 UTC,15061172,15458976,168608,1.05,47556,602848,199672,1.25,206036,497540,64
fog-k3s-master3,1,2026-06-06 08:19:40 UTC,15061172,15459016,168592,1.05,47556,602864,199672,1.25,206036,497580,196
fog-k3s-master3,1,2026-06-06 08:19:41 UTC,15061172,15459016,168580,1.05,47556,602876,199672,1.25,206036,497580,208
fog-k3s-master3,1,2026-06-06 08:19:42 UTC,15061172,15459016,168572,1.05,47556,602884,199672,1.25,206036,497580,216
fog-k3s-master3,1,2026-06-06 08:19:43 UTC,15061172,15459016,168560,1.05,47556,602896,199672,1.25,206036,497580,168
fog-k3s-master3,1,2026-06-06 08:19:44 UTC,15061172,15459016,168548,1.05,47564,602896,199672,1.25,206036,497580,176
fog-k3s-master3,1,2026-06-06 08:19:45 UTC,15061172,15459068,168528,1.05,47564,602916,199672,1.25,206036,497632,220
fog-k3s-master3,1,2026-06-06 08:19:46 UTC,15061172,15459068,168516,1.05,47564,602928,199672,1.25,206036,497632,72
fog-k3s-master3,1,2026-06-06 08:19:47 UTC,15061172,15459068,168508,1.05,47564,602936,199672,1.25,206036,497632,80
fog-k3s-master3,1,2026-06-06 08:19:48 UTC,15061172,15459068,168496,1.05,47564,602948,199672,1.25,206036,497632,92
fog-k3s-master3,1,2026-06-06 08:19:49 UTC,15061172,15459068,168488,1.05,47572,602948,199672,1.25,206036,497632,16
fog-k3s-master3,1,2026-06-06 08:19:50 UTC,15060192,15458124,169440,1.06,47572,602968,202648,1.27,207340,497668,176
fog-k3s-master3,1,2026-06-06 08:19:51 UTC,15059688,15457624,169932,1.06,47572,602976,203120,1.27,207672,497672,284
fog-k3s-master3,1,2026-06-06 08:19:52 UTC,15059688,15457684,169912,1.06,47572,602996,203120,1.27,207672,497732,304
fog-k3s-master3,1,2026-06-06 08:19:53 UTC,15059688,15457684,169904,1.06,47572,603004,203120,1.27,207672,497732,312
fog-k3s-master3,1,2026-06-06 08:19:54 UTC,15059688,15457684,169892,1.06,47580,603008,199672,1.25,206112,497732,20
fog-k3s-master3,1,2026-06-06 08:19:55 UTC,15059688,15457684,169892,1.06,47580,603008,199672,1.25,206112,497732,20
fog-k3s-master3,1,2026-06-06 08:19:56 UTC,15059688,15457684,169872,1.06,47580,603036,199672,1.25,206016,497732,52
fog-k3s-master3,1,2026-06-06 08:19:57 UTC,15059688,15457744,169864,1.06,47580,603044,199672,1.25,206016,497792,60
fog-k3s-master3,1,2026-06-06 08:19:58 UTC,15059688,15457744,169852,1.06,47580,603056,199672,1.25,206016,497792,72
fog-k3s-master3,1,2026-06-06 08:19:59 UTC,15059688,15457748,169836,1.06,47588,603060,199672,1.25,206016,497792,88
fog-k3s-master3,1,2026-06-06 08:20:00 UTC,15059688,15457748,169836,1.06,47588,603060,199672,1.25,206016,497792,88
fog-k3s-master3,1,2026-06-06 08:20:01 UTC,15059688,15457748,169808,1.06,47588,603088,199672,1.25,206036,497792,20
fog-k3s-master3,1,2026-06-06 08:20:02 UTC,15061996,15460056,167492,1.05,47588,603096,199672,1.25,206036,497792,28
fog-k3s-master3,1,2026-06-06 08:20:03 UTC,15061996,15460116,167480,1.05,47588,603108,199672,1.25,206036,497852,40
fog-k3s-master3,1,2026-06-06 08:20:04 UTC,15061996,15460116,167472,1.05,47596,603108,199672,1.25,206036,497852,196
fog-k3s-master3,1,2026-06-06 08:20:05 UTC,15059732,15457852,169716,1.06,47596,603128,201280,1.26,207076,497852,228
fog-k3s-master3,1,2026-06-06 08:20:06 UTC,15059228,15457388,170212,1.06,47596,603136,199672,1.25,205860,497892,332
fog-k3s-master3,1,2026-06-06 08:20:07 UTC,15059228,15457388,170200,1.06,47596,603148,199672,1.25,205980,497892,200
fog-k3s-master3,1,2026-06-06 08:20:08 UTC,15059228,15457388,170192,1.06,47596,603156,199672,1.25,205980,497892,208
fog-k3s-master3,1,2026-06-06 08:20:09 UTC,15059228,15457388,170172,1.06,47604,603168,199672,1.25,206036,497892,284
fog-k3s-master3,1,2026-06-06 08:20:10 UTC,15059228,15457388,170160,1.06,47604,603180,199672,1.25,206036,497892,296
fog-k3s-master3,1,2026-06-06 08:20:11 UTC,15059228,15457388,170152,1.06,47604,603188,199672,1.25,206036,497892,304
fog-k3s-master3,1,2026-06-06 08:20:12 UTC,15059228,15457448,170140,1.06,47604,603200,199672,1.25,206036,497952,316
fog-k3s-master3,1,2026-06-06 08:20:13 UTC,15059228,15457448,170132,1.06,47604,603208,199672,1.25,206036,497952,12
fog-k3s-master3,1,2026-06-06 08:20:14 UTC,15059228,15457448,170132,1.06,47612,603200,199672,1.25,206036,497952,12
fog-k3s-master3,1,2026-06-06 08:20:15 UTC,15059228,15457448,170100,1.06,47612,603228,199672,1.25,206036,497952,208
fog-k3s-master3,1,2026-06-06 08:20:16 UTC,15059228,15457448,170088,1.06,47612,603240,199672,1.25,206036,497952,220
fog-k3s-master3,1,2026-06-06 08:20:17 UTC,15059228,15457448,170080,1.06,47612,603248,199672,1.25,206036,497952,228
fog-k3s-master3,1,2026-06-06 08:20:18 UTC,15059228,15457448,170080,1.06,47612,603248,199672,1.25,206036,497952,228
fog-k3s-master3,1,2026-06-06 08:20:19 UTC,15059228,15457512,170060,1.06,47620,603260,199672,1.25,206036,498016,200
fog-k3s-master3,1,2026-06-06 08:20:20 UTC,15059228,15457532,170040,1.06,47620,603280,199672,1.25,206036,498036,24
fog-k3s-master3,1,2026-06-06 08:20:21 UTC,15059228,15457532,170032,1.06,47620,603288,199672,1.25,206036,498036,32
fog-k3s-master3,1,2026-06-06 08:20:22 UTC,15059228,15457532,170020,1.06,47620,603300,199672,1.25,206036,498036,44
fog-k3s-master3,1,2026-06-06 08:20:23 UTC,15059228,15457532,170008,1.06,47620,603312,199672,1.25,206036,498036,56
fog-k3s-master3,1,2026-06-06 08:20:24 UTC,15059228,15457532,170008,1.06,47628,603304,199672,1.25,206036,498036,56
fog-k3s-master3,1,2026-06-06 08:20:25 UTC,15059228,15457584,169976,1.06,47628,603336,199672,1.25,206036,498088,44
fog-k3s-master3,1,2026-06-06 08:20:26 UTC,15059228,15457584,169968,1.06,47628,603344,199672,1.25,206036,498088,52
fog-k3s-master3,1,2026-06-06 08:20:27 UTC,15059228,15457584,169956,1.06,47628,603356,199672,1.25,206036,498088,64
fog-k3s-master3,1,2026-06-06 08:20:28 UTC,15059228,15457584,169948,1.06,47628,603364,199672,1.25,206036,498088,72
fog-k3s-master3,1,2026-06-06 08:20:29 UTC,15059228,15457584,169936,1.06,47636,603368,199672,1.25,206036,498088,232
fog-k3s-master3,1,2026-06-06 08:20:30 UTC,15059228,15457588,169924,1.06,47636,603376,199672,1.25,206036,498088,240
fog-k3s-master3,1,2026-06-06 08:20:31 UTC,15059228,15457708,169904,1.06,47636,603396,199672,1.25,206036,498208,164
fog-k3s-master3,1,2026-06-06 08:20:32 UTC,15059228,15457708,169896,1.06,47636,603404,199672,1.25,206036,498208,172
fog-k3s-master3,1,2026-06-06 08:20:33 UTC,15059228,15457708,169884,1.06,47636,603416,199672,1.25,206036,498208,184
fog-k3s-master3,1,2026-06-06 08:20:34 UTC,15059228,15457708,169872,1.06,47644,603420,199672,1.25,206036,498208,196
fog-k3s-master3,1,2026-06-06 08:20:35 UTC,15059228,15457708,169856,1.06,47644,603436,199672,1.25,206036,498208,84
fog-k3s-master3,1,2026-06-06 08:20:36 UTC,15059228,15457708,169856,1.06,47644,603436,199672,1.25,206036,498208,16
fog-k3s-master3,1,2026-06-06 08:20:37 UTC,15059228,15457768,169836,1.06,47644,603456,199672,1.25,206036,498268,40
fog-k3s-master3,1,2026-06-06 08:20:38 UTC,15059228,15457768,169824,1.06,47644,603468,199672,1.25,206036,498268,52
fog-k3s-master3,1,2026-06-06 08:20:39 UTC,15059228,15457768,169808,1.06,47652,603476,199672,1.25,206036,498268,216
fog-k3s-master3,1,2026-06-06 08:20:40 UTC,15059228,15457768,169808,1.06,47652,603476,199672,1.25,206036,498268,216
fog-k3s-master3,1,2026-06-06 08:20:41 UTC,15059228,15457768,169808,1.06,47652,603476,199672,1.25,206036,498268,216
fog-k3s-master3,1,2026-06-06 08:20:42 UTC,15059228,15457768,169776,1.06,47652,603508,199672,1.25,206036,498268,0
fog-k3s-master3,1,2026-06-06 08:20:43 UTC,15059228,15457828,169768,1.06,47652,603516,199672,1.25,206036,498328,12
fog-k3s-master3,1,2026-06-06 08:20:44 UTC,15059228,15457828,169768,1.06,47660,603508,199672,1.25,206036,498328,12
fog-k3s-master3,1,2026-06-06 08:20:45 UTC,15059228,15457828,169740,1.06,47660,603536,199672,1.25,206036,498328,204
fog-k3s-master3,1,2026-06-06 08:20:46 UTC,15059228,15457828,169724,1.06,47660,603548,199672,1.25,206036,498328,216
fog-k3s-master3,1,2026-06-06 08:20:47 UTC,15058976,15457576,169964,1.06,47660,603560,199672,1.25,206036,498328,228
fog-k3s-master3,1,2026-06-06 08:20:48 UTC,15058976,15457576,169956,1.06,47660,603568,199672,1.25,206036,498328,236
fog-k3s-master3,1,2026-06-06 08:20:49 UTC,15058976,15457636,169944,1.06,47668,603572,199672,1.25,206036,498388,200
fog-k3s-master3,1,2026-06-06 08:20:50 UTC,15058976,15457648,169928,1.06,47668,603588,199672,1.25,206036,498400,192
fog-k3s-master3,1,2026-06-06 08:20:51 UTC,15058976,15457648,169916,1.06,47668,603600,199672,1.25,206036,498400,36
fog-k3s-master3,1,2026-06-06 08:20:52 UTC,15058976,15457648,169908,1.06,47668,603608,199672,1.25,206036,498400,44
fog-k3s-master3,1,2026-06-06 08:20:53 UTC,15058976,15457648,169896,1.06,47668,603620,199672,1.25,206036,498400,56
fog-k3s-master3,1,2026-06-06 08:20:54 UTC,15058976,15457688,169888,1.06,47668,603628,199672,1.25,206036,498440,0
fog-k3s-master3,1,2026-06-06 08:20:55 UTC,15058976,15457688,169888,1.06,47676,603620,199672,1.25,206036,498440,0
fog-k3s-master3,1,2026-06-06 08:20:56 UTC,15058976,15457688,169860,1.06,47676,603648,199672,1.25,206036,498440,208
fog-k3s-master3,1,2026-06-06 08:20:57 UTC,15058976,15457688,169848,1.06,47676,603660,199672,1.25,206036,498440,220
fog-k3s-master3,1,2026-06-06 08:20:58 UTC,15058976,15457688,169836,1.06,47676,603672,199672,1.25,206036,498440,232
fog-k3s-master3,1,2026-06-06 08:20:59 UTC,15058976,15457688,169836,1.06,47676,603672,199672,1.25,206036,498440,240
fog-k3s-master3,1,2026-06-06 08:21:00 UTC,15058976,15457800,169808,1.06,47684,603692,199672,1.25,206036,498552,0
fog-k3s-master3,1,2026-06-06 08:21:01 UTC,15058976,15457804,169796,1.06,47684,603700,199672,1.25,206036,498552,12
fog-k3s-master3,1,2026-06-06 08:21:02 UTC,15058976,15457804,169784,1.06,47684,603712,199672,1.25,206036,498552,24
fog-k3s-master3,1,2026-06-06 08:21:03 UTC,15058976,15457804,169776,1.06,47684,603720,199672,1.25,206036,498552,32
fog-k3s-master3,1,2026-06-06 08:21:04 UTC,15058976,15457804,169776,1.06,47684,603720,199672,1.25,206036,498552,32
fog-k3s-master3,1,2026-06-06 08:21:05 UTC,15058976,15457804,169776,1.06,47684,603720,199672,1.25,206036,498552,32
fog-k3s-master3,1,2026-06-06 08:21:06 UTC,15058976,15457872,169736,1.06,47692,603752,199672,1.25,206036,498620,28
fog-k3s-master3,1,2026-06-06 08:21:07 UTC,15058976,15457872,169728,1.06,47692,603760,199672,1.25,206036,498620,40
fog-k3s-master3,1,2026-06-06 08:21:08 UTC,15058976,15457872,169716,1.06,47692,603772,199672,1.25,206036,498620,52
fog-k3s-master3,1,2026-06-06 08:21:09 UTC,15058976,15457872,169716,1.06,47692,603772,199672,1.25,206036,498620,200
fog-k3s-master3,1,2026-06-06 08:21:10 UTC,15058976,15457872,169696,1.06,47692,603792,199672,1.25,206036,498620,216
fog-k3s-master3,1,2026-06-06 08:21:11 UTC,15058976,15457872,169684,1.06,47692,603804,199672,1.25,206036,498620,228
fog-k3s-master3,1,2026-06-06 08:21:12 UTC,15058976,15457932,169664,1.06,47700,603812,199672,1.25,206036,498680,172
fog-k3s-master3,1,2026-06-06 08:21:13 UTC,15058976,15457932,169652,1.06,47700,603824,199672,1.25,206036,498680,188
fog-k3s-master3,1,2026-06-06 08:21:14 UTC,15058976,15457932,169644,1.06,47700,603832,199672,1.25,206036,498680,196
fog-k3s-master3,1,2026-06-06 08:21:15 UTC,15058976,15457932,169632,1.06,47700,603844,199672,1.25,206036,498680,208
fog-k3s-master3,1,2026-06-06 08:21:16 UTC,15058976,15457936,169620,1.06,47700,603852,199672,1.25,206036,498680,72
fog-k3s-master3,1,2026-06-06 08:21:17 UTC,15058976,15457936,169608,1.06,47700,603864,199672,1.25,206036,498680,60
fog-k3s-master3,1,2026-06-06 08:21:18 UTC,15058976,15457996,169592,1.06,47708,603872,199672,1.25,206036,498740,28
fog-k3s-master3,1,2026-06-06 08:21:19 UTC,15056960,15455980,171596,1.07,47708,603884,199672,1.25,206036,498740,40
fog-k3s-master3,1,2026-06-06 08:21:20 UTC,15056960,15455980,171588,1.07,47708,603892,199672,1.25,206036,498740,48
fog-k3s-master3,1,2026-06-06 08:21:21 UTC,15056960,15455980,171576,1.07,47708,603904,199672,1.25,206036,498740,60
fog-k3s-master3,1,2026-06-06 08:21:22 UTC,15056960,15455980,171564,1.07,47708,603916,199672,1.25,206036,498740,72
fog-k3s-master3,1,2026-06-06 08:21:23 UTC,15056960,15455980,171564,1.07,47708,603916,199672,1.25,206036,498740,72
fog-k3s-master3,1,2026-06-06 08:21:24 UTC,15056960,15456064,171536,1.07,47716,603936,199672,1.25,206036,498824,24
fog-k3s-master3,1,2026-06-06 08:21:25 UTC,15056960,15456184,171400,1.07,47716,604072,199672,1.25,206156,498824,196
fog-k3s-master3,1,2026-06-06 08:21:26 UTC,15056960,15456184,171400,1.07,47716,604072,199672,1.25,206156,498824,196
fog-k3s-master3,1,2026-06-06 08:21:27 UTC,15056960,15456184,171380,1.07,47716,604092,199672,1.25,206156,498824,216
fog-k3s-master3,1,2026-06-06 08:21:28 UTC,15056960,15456184,171368,1.07,47716,604104,199672,1.25,206156,498824,228
fog-k3s-master3,1,2026-06-06 08:21:29 UTC,15056960,15456184,171352,1.07,47724,604112,199672,1.25,206156,498824,232
fog-k3s-master3,1,2026-06-06 08:21:30 UTC,15056720,15456020,171564,1.07,47724,604124,199672,1.25,206156,498892,180
fog-k3s-master3,1,2026-06-06 08:21:31 UTC,15056720,15456020,171556,1.07,47724,604132,199672,1.25,206156,498892,32
fog-k3s-master3,1,2026-06-06 08:21:32 UTC,15056720,15456020,171540,1.07,47724,604144,199672,1.25,206156,498892,44
fog-k3s-master3,1,2026-06-06 08:21:33 UTC,15056720,15456020,171532,1.07,47724,604152,199672,1.25,206156,498892,52
fog-k3s-master3,1,2026-06-06 08:21:34 UTC,15056720,15456020,171520,1.07,47732,604156,199672,1.25,206156,498892,212
fog-k3s-master3,1,2026-06-06 08:21:35 UTC,15056720,15456088,171500,1.07,47732,604176,199672,1.25,206164,498952,60
fog-k3s-master3,1,2026-06-06 08:21:36 UTC,15056720,15456088,171492,1.07,47732,604184,199672,1.25,206164,498952,68
fog-k3s-master3,1,2026-06-06 08:21:37 UTC,15056720,15456088,171480,1.07,47732,604196,199672,1.25,206164,498952,20
fog-k3s-master3,1,2026-06-06 08:21:38 UTC,15056720,15456088,171472,1.07,47732,604204,199672,1.25,206164,498952,28
fog-k3s-master3,1,2026-06-06 08:21:39 UTC,15056720,15456128,171460,1.07,47740,604208,199672,1.25,206164,498992,184
fog-k3s-master3,1,2026-06-06 08:21:40 UTC,15056720,15456128,171452,1.07,47740,604216,199672,1.25,206164,498992,192
fog-k3s-master3,1,2026-06-06 08:21:41 UTC,15056720,15456128,171432,1.07,47740,604236,199672,1.25,206164,498992,224
fog-k3s-master3,1,2026-06-06 08:21:42 UTC,15056720,15456128,171424,1.07,47740,604244,199672,1.25,206164,498992,168
fog-k3s-master3,1,2026-06-06 08:21:43 UTC,15056720,15456128,171424,1.07,47740,604244,199672,1.25,206164,498992,168
fog-k3s-master3,1,2026-06-06 08:21:44 UTC,15056720,15456128,171404,1.07,47748,604256,199672,1.25,206164,498992,192
fog-k3s-master3,1,2026-06-06 08:21:45 UTC,15056720,15456188,171392,1.07,47748,604268,199672,1.25,206164,499052,204
fog-k3s-master3,1,2026-06-06 08:21:46 UTC,15056720,15456188,171372,1.07,47748,604288,199672,1.25,206164,499052,52
fog-k3s-master3,1,2026-06-06 08:21:47 UTC,15056720,15456192,171360,1.07,47748,604296,199672,1.25,206164,499052,60
fog-k3s-master3,1,2026-06-06 08:21:48 UTC,15056720,15456192,171348,1.07,47748,604308,199672,1.25,206164,499052,72
fog-k3s-master3,1,2026-06-06 08:21:49 UTC,15056720,15456192,171340,1.07,47756,604308,199672,1.25,206164,499052,164
fog-k3s-master3,1,2026-06-06 08:21:50 UTC,15056720,15456192,171320,1.07,47756,604328,199672,1.25,206164,499052,192
fog-k3s-master3,1,2026-06-06 08:21:51 UTC,15056720,15456252,171312,1.07,47756,604336,199672,1.25,206164,499112,48
fog-k3s-master3,1,2026-06-06 08:21:52 UTC,15056720,15456252,171300,1.07,47756,604348,199672,1.25,206164,499112,60
fog-k3s-master3,1,2026-06-06 08:21:53 UTC,15056720,15456252,171292,1.07,47756,604356,199672,1.25,206164,499112,68
fog-k3s-master3,1,2026-06-06 08:21:54 UTC,15056720,15456252,171280,1.07,47764,604360,199672,1.25,206164,499112,80
fog-k3s-master3,1,2026-06-06 08:21:55 UTC,15056720,15456252,171264,1.07,47764,604376,199672,1.25,206164,499112,164
fog-k3s-master3,1,2026-06-06 08:21:56 UTC,15056720,15456252,171252,1.07,47764,604388,199672,1.25,206164,499112,176
fog-k3s-master3,1,2026-06-06 08:21:57 UTC,15056720,15456312,171240,1.07,47764,604400,199672,1.25,206164,499172,188
fog-k3s-master3,1,2026-06-06 08:21:58 UTC,15056720,15456312,171232,1.07,47764,604408,199672,1.25,206164,499172,196
fog-k3s-master3,1,2026-06-06 08:21:59 UTC,15056720,15456336,171212,1.07,47772,604420,199672,1.25,206164,499196,68
fog-k3s-master3,1,2026-06-06 08:22:00 UTC,15056720,15456344,171204,1.07,47772,604428,199672,1.25,206164,499204,12
fog-k3s-master3,1,2026-06-06 08:22:01 UTC,15056720,15456344,171192,1.07,47772,604440,199672,1.25,206164,499204,28
fog-k3s-master3,1,2026-06-06 08:22:02 UTC,15056720,15456344,171192,1.07,47772,604440,199672,1.25,206164,499204,28
fog-k3s-master3,1,2026-06-06 08:22:03 UTC,15056720,15456344,171168,1.07,47772,604460,199672,1.25,206164,499204,48
fog-k3s-master3,1,2026-06-06 08:22:04 UTC,15056720,15456344,171160,1.07,47780,604460,199672,1.25,206164,499204,56
fog-k3s-master3,1,2026-06-06 08:22:05 UTC,15056720,15456344,171140,1.07,47780,604480,199672,1.25,206164,499204,60
fog-k3s-master3,1,2026-06-06 08:22:06 UTC,15056720,15456404,171132,1.07,47780,604488,199672,1.25,206164,499264,4
fog-k3s-master3,1,2026-06-06 08:22:07 UTC,15056720,15456404,171120,1.07,47780,604500,199672,1.25,206164,499264,20
fog-k3s-master3,1,2026-06-06 08:22:08 UTC,15056720,15456404,171112,1.07,47780,604508,199672,1.25,206164,499264,28
fog-k3s-master3,1,2026-06-06 08:22:09 UTC,15056720,15456404,171100,1.07,47788,604512,199672,1.25,206164,499264,40
fog-k3s-master3,1,2026-06-06 08:22:10 UTC,15056720,15456508,171080,1.07,47788,604532,199672,1.25,206164,499368,220
fog-k3s-master3,1,2026-06-06 08:22:11 UTC,15056720,15456508,171072,1.07,47788,604540,199672,1.25,206164,499368,228
fog-k3s-master3,1,2026-06-06 08:22:12 UTC,15056720,15456508,171060,1.07,47788,604552,199672,1.25,206164,499368,240
fog-k3s-master3,1,2026-06-06 08:22:13 UTC,15056720,15456508,171052,1.07,47788,604560,199672,1.25,206164,499368,184
fog-k3s-master3,1,2026-06-06 08:22:14 UTC,15056720,15456508,171040,1.07,47796,604564,199672,1.25,206164,499368,196
fog-k3s-master3,1,2026-06-06 08:22:15 UTC,15056480,15456276,171248,1.07,47796,604580,199672,1.25,206164,499368,60
fog-k3s-master3,1,2026-06-06 08:22:16 UTC,15056480,15456336,171236,1.07,47796,604592,199672,1.25,206164,499428,48
fog-k3s-master3,1,2026-06-06 08:22:17 UTC,15056480,15456336,171228,1.07,47796,604600,199672,1.25,206164,499428,56
fog-k3s-master3,1,2026-06-06 08:22:18 UTC,15056480,15456340,171212,1.07,47796,604612,199672,1.25,206164,499428,68
fog-k3s-master3,1,2026-06-06 08:22:19 UTC,15056480,15456368,171204,1.07,47804,604612,199672,1.25,206164,499456,160
fog-k3s-master3,1,2026-06-06 08:22:20 UTC,15056480,15456368,171184,1.07,47804,604632,199672,1.25,206164,499456,192
fog-k3s-master3,1,2026-06-06 08:22:21 UTC,15056480,15456368,171172,1.07,47804,604644,199672,1.25,206164,499456,204
fog-k3s-master3,1,2026-06-06 08:22:22 UTC,15056480,15456368,171164,1.07,47804,604652,199672,1.25,206164,499456,212
fog-k3s-master3,1,2026-06-06 08:22:23 UTC,15056480,15456368,171152,1.07,47804,604664,199672,1.25,206164,499456,224
fog-k3s-master3,1,2026-06-06 08:22:24 UTC,15056480,15456368,171144,1.07,47812,604664,199672,1.25,206164,499456,232
fog-k3s-master3,1,2026-06-06 08:22:25 UTC,15056480,15456428,171124,1.07,47812,604684,199672,1.25,206164,499516,20
fog-k3s-master3,1,2026-06-06 08:22:26 UTC,15056480,15456428,171124,1.07,47812,604684,199672,1.25,206164,499516,20
fog-k3s-master3,1,2026-06-06 08:22:27 UTC,15056480,15456428,171104,1.07,47812,604704,199672,1.25,206164,499516,40
fog-k3s-master3,1,2026-06-06 08:22:28 UTC,15056480,15456428,171096,1.07,47812,604712,199672,1.25,206164,499516,48
fog-k3s-master3,1,2026-06-06 08:22:29 UTC,15056480,15456428,171084,1.07,47820,604716,199672,1.25,206164,499516,60
fog-k3s-master3,1,2026-06-06 08:22:30 UTC,15056480,15456428,171068,1.07,47820,604732,199672,1.25,206164,499516,12
fog-k3s-master3,1,2026-06-06 08:22:31 UTC,15056480,15456488,171056,1.07,47820,604744,199672,1.25,206164,499576,24
fog-k3s-master3,1,2026-06-06 08:22:32 UTC,15056480,15456488,171048,1.07,47820,604752,199672,1.25,206164,499576,32
fog-k3s-master3,1,2026-06-06 08:22:33 UTC,15056480,15456488,171032,1.07,47820,604764,199672,1.25,206164,499576,44
fog-k3s-master3,1,2026-06-06 08:22:34 UTC,15056480,15456488,171020,1.07,47828,604768,199672,1.25,206164,499576,56
fog-k3s-master3,1,2026-06-06 08:22:35 UTC,15056480,15456488,171004,1.07,47828,604784,199672,1.25,206164,499576,228
fog-k3s-master3,1,2026-06-06 08:22:36 UTC,15056480,15456488,170992,1.07,47828,604796,199672,1.25,206164,499576,220
fog-k3s-master3,1,2026-06-06 08:22:37 UTC,15056480,15456548,170984,1.07,47828,604804,199672,1.25,206164,499636,164
fog-k3s-master3,1,2026-06-06 08:22:38 UTC,15056480,15456548,170972,1.07,47828,604816,199672,1.25,206164,499636,176
fog-k3s-master3,1,2026-06-06 08:22:39 UTC,15052448,15452540,174996,1.09,47836,604816,199672,1.25,206164,499660,36
fog-k3s-master3,1,2026-06-06 08:22:40 UTC,15052448,15452540,174976,1.09,47836,604836,199672,1.25,206164,499660,64
fog-k3s-master3,1,2026-06-06 08:22:41 UTC,15052448,15452540,174968,1.09,47836,604844,199672,1.25,206164,499660,72
fog-k3s-master3,1,2026-06-06 08:22:42 UTC,15052448,15452572,174956,1.09,47836,604856,199672,1.25,206164,499692,20
fog-k3s-master3,1,2026-06-06 08:22:43 UTC,15052448,15452572,174956,1.09,47836,604856,199672,1.25,206164,499692,20
fog-k3s-master3,1,2026-06-06 08:22:44 UTC,15052448,15452652,174928,1.09,47844,604876,199672,1.25,206164,499772,176
fog-k3s-master3,1,2026-06-06 08:22:45 UTC,15052448,15452652,174916,1.09,47844,604888,199672,1.25,206164,499772,40
fog-k3s-master3,1,2026-06-06 08:22:46 UTC,15052448,15452652,174908,1.09,47844,604896,199672,1.25,206164,499772,48
fog-k3s-master3,1,2026-06-06 08:22:47 UTC,15052448,15452652,174896,1.09,47844,604908,199672,1.25,206164,499772,60
fog-k3s-master3,1,2026-06-06 08:22:48 UTC,15052448,15452656,174884,1.09,47844,604916,199672,1.25,206164,499772,68
fog-k3s-master3,1,2026-06-06 08:22:49 UTC,15052448,15452656,174872,1.09,47852,604920,199672,1.25,206164,499772,168
fog-k3s-master3,1,2026-06-06 08:22:50 UTC,15052448,15452716,174856,1.09,47852,604936,199672,1.25,206164,499832,196
fog-k3s-master3,1,2026-06-06 08:22:51 UTC,15052448,15452716,174844,1.09,47852,604948,199672,1.25,206164,499832,204
fog-k3s-master3,1,2026-06-06 08:22:52 UTC,15052448,15452716,174836,1.09,47852,604956,199672,1.25,206164,499832,212
fog-k3s-master3,1,2026-06-06 08:22:53 UTC,15052448,15452716,174824,1.09,47852,604968,199672,1.25,206164,499832,224
fog-k3s-master3,1,2026-06-06 08:22:54 UTC,15052448,15452716,174816,1.09,47860,604968,199672,1.25,206164,499832,232
fog-k3s-master3,1,2026-06-06 08:22:55 UTC,15052448,15452716,174792,1.09,47860,604988,199672,1.25,206164,499832,180
fog-k3s-master3,1,2026-06-06 08:22:56 UTC,15052448,15452776,174784,1.09,47860,604996,199672,1.25,206164,499892,28
fog-k3s-master3,1,2026-06-06 08:22:57 UTC,15052448,15452776,174772,1.09,47860,605008,199672,1.25,206164,499892,40
fog-k3s-master3,1,2026-06-06 08:22:58 UTC,15052448,15452776,174760,1.09,47860,605020,199672,1.25,206164,499892,52
fog-k3s-master3,1,2026-06-06 08:22:59 UTC,15052448,15452776,174752,1.09,47868,605020,199672,1.25,206164,499892,60
fog-k3s-master3,1,2026-06-06 08:23:00 UTC,15052448,15452776,174732,1.09,47868,605040,199672,1.25,206164,499892,84
fog-k3s-master3,1,2026-06-06 08:23:01 UTC,15052448,15452776,174724,1.09,47868,605048,199672,1.25,206164,499892,28
fog-k3s-master3,1,2026-06-06 08:23:02 UTC,15052448,15452836,174712,1.09,47868,605060,199672,1.25,206164,499952,40
fog-k3s-master3,1,2026-06-06 08:23:03 UTC,15052448,15452836,174704,1.09,47868,605068,199672,1.25,206164,499952,48
fog-k3s-master3,1,2026-06-06 08:23:04 UTC,15052448,15452840,174688,1.09,47868,605080,199672,1.25,206164,499952,60
fog-k3s-master3,1,2026-06-06 08:23:05 UTC,15052448,15452840,174672,1.09,47876,605088,199672,1.25,206164,499952,228
fog-k3s-master3,1,2026-06-06 08:23:06 UTC,15052448,15452884,174660,1.09,47876,605100,199672,1.25,206164,499996,176
fog-k3s-master3,1,2026-06-06 08:23:07 UTC,15052448,15452884,174652,1.09,47876,605108,199672,1.25,206164,499996,188
fog-k3s-master3,1,2026-06-06 08:23:08 UTC,15052448,15452884,174640,1.09,47876,605120,199672,1.25,206164,499996,200
fog-k3s-master3,1,2026-06-06 08:23:09 UTC,15052448,15452884,174628,1.09,47876,605132,199672,1.25,206164,499996,212
fog-k3s-master3,1,2026-06-06 08:23:10 UTC,15052448,15452924,174620,1.09,47884,605132,199672,1.25,206164,500036,72
fog-k3s-master3,1,2026-06-06 08:23:11 UTC,15052448,15452924,174600,1.09,47884,605152,199672,1.25,206164,500036,80
fog-k3s-master3,1,2026-06-06 08:23:12 UTC,15052448,15452944,174592,1.09,47884,605160,199672,1.25,206164,500056,24
fog-k3s-master3,1,2026-06-06 08:23:13 UTC,15052448,15452944,174580,1.09,47884,605172,199672,1.25,206164,500056,40
fog-k3s-master3,1,2026-06-06 08:23:14 UTC,15052448,15452944,174572,1.09,47884,605180,199672,1.25,206164,500056,48
fog-k3s-master3,1,2026-06-06 08:23:15 UTC,15052448,15452976,174560,1.09,47884,605192,199672,1.25,206164,500088,64
fog-k3s-master3,1,2026-06-06 08:23:16 UTC,15052448,15452976,174544,1.09,47892,605200,199672,1.25,206164,500088,76
fog-k3s-master3,1,2026-06-06 08:23:17 UTC,15052448,15452976,174532,1.09,47892,605212,199672,1.25,206164,500088,88
fog-k3s-master3,1,2026-06-06 08:23:18 UTC,15052448,15452976,174524,1.09,47892,605220,199672,1.25,206164,500088,96
fog-k3s-master3,1,2026-06-06 08:23:19 UTC,15052448,15452976,174508,1.09,47892,605232,199672,1.25,206164,500088,48
fog-k3s-master3,1,2026-06-06 08:23:20 UTC,15052448,15452976,174500,1.09,47892,605240,199672,1.25,206164,500088,212
fog-k3s-master3,1,2026-06-06 08:23:21 UTC,15052448,15453036,174488,1.09,47892,605252,199672,1.25,206164,500148,192
fog-k3s-master3,1,2026-06-06 08:23:22 UTC,15052448,15453036,174488,1.09,47900,605244,199672,1.25,206164,500148,192
fog-k3s-master3,1,2026-06-06 08:23:23 UTC,15052448,15453036,174460,1.09,47900,605272,199672,1.25,206164,500148,236
fog-k3s-master3,1,2026-06-06 08:23:24 UTC,15052448,15453036,174448,1.09,47900,605284,199672,1.25,206164,500148,248
fog-k3s-master3,1,2026-06-06 08:23:25 UTC,15052448,15453036,174440,1.09,47900,605292,199672,1.25,206164,500148,40
fog-k3s-master3,1,2026-06-06 08:23:26 UTC,15052448,15453036,174428,1.09,47900,605304,199672,1.25,206164,500148,52
fog-k3s-master3,1,2026-06-06 08:23:27 UTC,15052448,15453152,174420,1.09,47900,605312,199672,1.25,206164,500264,36
fog-k3s-master3,1,2026-06-06 08:23:28 UTC,15052448,15453152,174400,1.09,47908,605324,199672,1.25,206164,500264,76
fog-k3s-master3,1,2026-06-06 08:23:29 UTC,15052448,15453172,174392,1.09,47908,605332,199672,1.25,206164,500284,80
fog-k3s-master3,1,2026-06-06 08:23:30 UTC,15052448,15453184,174380,1.09,47908,605344,199672,1.25,206164,500296,176
fog-k3s-master3,1,2026-06-06 08:23:31 UTC,15052448,15453184,174372,1.09,47908,605352,199672,1.25,206164,500296,40
fog-k3s-master3,1,2026-06-06 08:23:32 UTC,15052448,15453184,174360,1.09,47908,605364,199672,1.25,206164,500296,52
fog-k3s-master3,1,2026-06-06 08:23:33 UTC,15052448,15453184,174348,1.09,47908,605376,199672,1.25,206164,500296,64
fog-k3s-master3,1,2026-06-06 08:23:34 UTC,15052448,15453188,174336,1.09,47916,605376,199672,1.25,206164,500296,72
fog-k3s-master3,1,2026-06-06 08:23:35 UTC,15052448,15453188,174316,1.09,47916,605396,199672,1.25,206164,500296,224
fog-k3s-master3,1,2026-06-06 08:23:36 UTC,15052448,15453248,174308,1.09,47916,605404,199672,1.25,206164,500356,232
fog-k3s-master3,1,2026-06-06 08:23:37 UTC,15052448,15453248,174296,1.09,47916,605416,199672,1.25,206164,500356,184
fog-k3s-master3,1,2026-06-06 08:23:38 UTC,15052448,15453248,174288,1.09,47916,605424,199672,1.25,206164,500356,192
fog-k3s-master3,1,2026-06-06 08:23:39 UTC,15052448,15453248,174276,1.09,47924,605428,199672,1.25,206164,500356,204
fog-k3s-master3,1,2026-06-06 08:23:40 UTC,15052448,15453248,174260,1.09,47924,605444,199672,1.25,206164,500356,64
fog-k3s-master3,1,2026-06-06 08:23:41 UTC,15052448,15453248,174248,1.09,47924,605456,199672,1.25,206164,500356,56
fog-k3s-master3,1,2026-06-06 08:23:42 UTC,15052448,15453308,174240,1.09,47924,605464,199672,1.25,206164,500416,64
fog-k3s-master3,1,2026-06-06 08:23:43 UTC,15052448,15453308,174228,1.09,47924,605476,199672,1.25,206164,500416,16
fog-k3s-master3,1,2026-06-06 08:23:44 UTC,15052448,15453308,174220,1.09,47932,605476,199672,1.25,206164,500416,24
fog-k3s-master3,1,2026-06-06 08:23:45 UTC,15052448,15453308,174200,1.09,47932,605496,199672,1.25,206164,500416,212
fog-k3s-master3,1,2026-06-06 08:23:46 UTC,15052448,15453308,174188,1.09,47932,605508,199672,1.25,206164,500416,224
fog-k3s-master3,1,2026-06-06 08:23:47 UTC,15052448,15453308,174180,1.09,47932,605516,199672,1.25,206164,500416,232
fog-k3s-master3,1,2026-06-06 08:23:48 UTC,15052448,15453368,174168,1.09,47932,605528,199672,1.25,206164,500476,244
fog-k3s-master3,1,2026-06-06 08:23:49 UTC,15052448,15453368,174160,1.09,47932,605536,199672,1.25,206164,500476,200
fog-k3s-master3,1,2026-06-06 08:23:50 UTC,15052448,15453368,174132,1.09,47940,605552,199672,1.25,206164,500476,48
fog-k3s-master3,1,2026-06-06 08:23:51 UTC,15052448,15453368,174124,1.09,47940,605560,199672,1.25,206164,500476,56
fog-k3s-master3,1,2026-06-06 08:23:52 UTC,15052448,15453368,174112,1.09,47940,605572,199672,1.25,206164,500476,68
fog-k3s-master3,1,2026-06-06 08:23:53 UTC,15052448,15453368,174104,1.09,47940,605580,199672,1.25,206164,500476,76
fog-k3s-master3,1,2026-06-06 08:23:54 UTC,15052448,15453432,174092,1.09,47940,605592,199672,1.25,206164,500540,24
fog-k3s-master3,1,2026-06-06 08:23:55 UTC,15052448,15453440,174084,1.09,47948,605592,199672,1.25,206164,500548,16
fog-k3s-master3,1,2026-06-06 08:23:56 UTC,15052448,15453440,174064,1.09,47948,605612,199672,1.25,206164,500548,52
fog-k3s-master3,1,2026-06-06 08:23:57 UTC,15052448,15453440,174052,1.09,47948,605624,199672,1.25,206164,500548,64
fog-k3s-master3,1,2026-06-06 08:23:58 UTC,15052448,15453440,174044,1.09,47948,605632,199672,1.25,206164,500548,72
fog-k3s-master3,1,2026-06-06 08:23:59 UTC,15052448,15453440,174032,1.09,47948,605644,199672,1.25,206164,500548,84
fog-k3s-master3,1,2026-06-06 08:24:00 UTC,15052448,15453440,174024,1.09,47948,605652,199672,1.25,206164,500548,216
fog-k3s-master3,1,2026-06-06 08:24:01 UTC,15052448,15453500,174012,1.09,47948,605664,199672,1.25,206164,500608,168
fog-k3s-master3,1,2026-06-06 08:24:02 UTC,15052448,15453500,173996,1.09,47956,605672,199672,1.25,206164,500608,200
fog-k3s-master3,1,2026-06-06 08:24:03 UTC,15052448,15453500,173984,1.09,47956,605684,199672,1.25,206164,500608,212
fog-k3s-master3,1,2026-06-06 08:24:04 UTC,15052448,15453500,173976,1.09,47956,605692,199672,1.25,206164,500608,220
fog-k3s-master3,1,2026-06-06 08:24:05 UTC,15052448,15453504,173960,1.09,47956,605704,199672,1.25,206164,500608,84
fog-k3s-master3,1,2026-06-06 08:24:06 UTC,15052448,15453556,173952,1.09,47956,605712,199672,1.25,206164,500660,28
fog-k3s-master3,1,2026-06-06 08:24:07 UTC,15052448,15453556,173940,1.09,47956,605724,199672,1.25,206164,500660,20
fog-k3s-master3,1,2026-06-06 08:24:08 UTC,15052448,15453616,173920,1.09,47964,605736,199672,1.25,206164,500720,60
fog-k3s-master3,1,2026-06-06 08:24:09 UTC,15052448,15453616,173912,1.09,47964,605744,199672,1.25,206164,500720,68
fog-k3s-master3,1,2026-06-06 08:24:10 UTC,15052448,15453616,173900,1.09,47964,605756,199672,1.25,206164,500720,76
fog-k3s-master3,1,2026-06-06 08:24:11 UTC,15052448,15453616,173892,1.09,47964,605764,199672,1.25,206164,500720,84
fog-k3s-master3,1,2026-06-06 08:24:12 UTC,15052448,15453676,173880,1.09,47964,605776,199672,1.25,206164,500780,96
fog-k3s-master3,1,2026-06-06 08:24:13 UTC,15052448,15453676,173872,1.09,47964,605784,199672,1.25,206164,500780,12
fog-k3s-master3,1,2026-06-06 08:24:14 UTC,15052448,15453676,173852,1.09,47972,605796,199672,1.25,206164,500780,48
fog-k3s-master3,1,2026-06-06 08:24:15 UTC,15052448,15453676,173844,1.09,47972,605804,199672,1.25,206164,500780,208
fog-k3s-master3,1,2026-06-06 08:24:16 UTC,15052448,15453676,173832,1.09,47972,605816,199672,1.25,206164,500780,220
fog-k3s-master3,1,2026-06-06 08:24:17 UTC,15052448,15453676,173824,1.09,47972,605824,199672,1.25,206164,500780,228
fog-k3s-master3,1,2026-06-06 08:24:18 UTC,15052448,15453740,173812,1.09,47972,605836,199672,1.25,206164,500844,176
fog-k3s-master3,1,2026-06-06 08:24:19 UTC,15052448,15453740,173804,1.09,47980,605836,199672,1.25,206164,500844,188
fog-k3s-master3,1,2026-06-06 08:24:20 UTC,15052448,15453760,173780,1.09,47980,605856,199672,1.25,206164,500864,44
fog-k3s-master3,1,2026-06-06 08:24:21 UTC,15052448,15453760,173768,1.09,47980,605868,199672,1.25,206164,500864,56
fog-k3s-master3,1,2026-06-06 08:24:22 UTC,15052448,15453760,173760,1.09,47980,605876,199672,1.25,206164,500864,64
fog-k3s-master3,1,2026-06-06 08:24:23 UTC,15052448,15453760,173748,1.09,47980,605888,199672,1.25,206164,500864,76
fog-k3s-master3,1,2026-06-06 08:24:24 UTC,15052448,15453800,173740,1.09,47988,605888,199672,1.25,206164,500904,0
fog-k3s-master3,1,2026-06-06 08:24:25 UTC,15052448,15453800,173720,1.09,47988,605908,199672,1.25,206164,500904,168
fog-k3s-master3,1,2026-06-06 08:24:26 UTC,15052448,15453800,173712,1.09,47988,605916,199672,1.25,206164,500904,28
fog-k3s-master3,1,2026-06-06 08:24:27 UTC,15052448,15453800,173700,1.09,47988,605928,199672,1.25,206164,500904,40
fog-k3s-master3,1,2026-06-06 08:24:28 UTC,15052448,15453800,173692,1.09,47988,605936,199672,1.25,206164,500904,48
fog-k3s-master3,1,2026-06-06 08:24:29 UTC,15052448,15453852,173680,1.09,47996,605940,199672,1.25,206164,500956,56
fog-k3s-master3,1,2026-06-06 08:24:30 UTC,15052448,15453860,173664,1.09,47996,605956,199672,1.25,206164,500964,160
fog-k3s-master3,1,2026-06-06 08:24:31 UTC,15052448,15453860,173652,1.09,47996,605968,199672,1.25,206164,500964,176
fog-k3s-master3,1,2026-06-06 08:24:32 UTC,15052448,15453860,173640,1.09,47996,605980,199672,1.25,206164,500964,188
fog-k3s-master3,1,2026-06-06 08:24:33 UTC,15052448,15453860,173632,1.09,47996,605988,199672,1.25,206164,500964,196
fog-k3s-master3,1,2026-06-06 08:24:34 UTC,15052448,15453904,173620,1.09,48004,605992,199672,1.25,206164,501008,188
fog-k3s-master3,1,2026-06-06 08:24:35 UTC,15052448,15453904,173604,1.09,48004,606008,199672,1.25,206164,501008,60
fog-k3s-master3,1,2026-06-06 08:24:36 UTC,15051692,15453152,174344,1.09,48004,606020,202648,1.27,207204,501008,4
fog-k3s-master3,1,2026-06-06 08:24:37 UTC,15051216,15452728,174804,1.09,48004,606028,203120,1.27,207780,501060,192
fog-k3s-master3,1,2026-06-06 08:24:38 UTC,15051216,15452728,174792,1.09,48004,606040,203120,1.27,207780,501060,204
fog-k3s-master3,1,2026-06-06 08:24:39 UTC,15051216,15452728,174784,1.09,48012,606040,199672,1.25,206220,501060,316
fog-k3s-master3,1,2026-06-06 08:24:40 UTC,15051216,15452788,174760,1.09,48012,606060,199672,1.25,206132,501120,76
fog-k3s-master3,1,2026-06-06 08:24:41 UTC,15051216,15452788,174752,1.09,48012,606068,199672,1.25,206132,501120,84
fog-k3s-master3,1,2026-06-06 08:24:42 UTC,15051216,15452788,174740,1.09,48012,606080,199672,1.25,206132,501120,96
fog-k3s-master3,1,2026-06-06 08:24:43 UTC,15051216,15452788,174732,1.09,48012,606088,199672,1.25,206132,501120,40
fog-k3s-master3,1,2026-06-06 08:24:44 UTC,15051216,15452788,174720,1.09,48020,606092,199672,1.25,206132,501120,52
fog-k3s-master3,1,2026-06-06 08:24:45 UTC,15051216,15452788,174700,1.09,48020,606112,199672,1.25,206132,501120,184
fog-k3s-master3,1,2026-06-06 08:24:46 UTC,15051216,15452848,174692,1.09,48020,606120,199672,1.25,206132,501180,192
fog-k3s-master3,1,2026-06-06 08:24:47 UTC,15051216,15452848,174680,1.09,48020,606132,199672,1.25,206132,501180,204
fog-k3s-master3,1,2026-06-06 08:24:48 UTC,15051216,15452848,174672,1.09,48020,606140,199672,1.25,206132,501180,212
fog-k3s-master3,1,2026-06-06 08:24:49 UTC,15051216,15452872,174652,1.09,48028,606152,199672,1.25,206132,501204,36
fog-k3s-master3,1,2026-06-06 08:24:50 UTC,15051216,15452872,174652,1.09,48028,606152,199672,1.25,206132,501204,36
fog-k3s-master3,1,2026-06-06 08:24:51 UTC,15051216,15452876,174628,1.09,48028,606172,199672,1.25,206132,501204,56
fog-k3s-master3,1,2026-06-06 08:24:52 UTC,15051216,15452936,174620,1.09,48028,606180,199672,1.25,206132,501264,64
fog-k3s-master3,1,2026-06-06 08:24:53 UTC,15051216,15452936,174608,1.09,48028,606192,199672,1.25,206132,501264,76
fog-k3s-master3,1,2026-06-06 08:24:54 UTC,15051216,15452936,174600,1.09,48036,606192,199672,1.25,206132,501264,84
fog-k3s-master3,1,2026-06-06 08:24:55 UTC,15051216,15452944,174580,1.09,48036,606212,199672,1.25,206132,501272,20
fog-k3s-master3,1,2026-06-06 08:24:56 UTC,15051216,15452944,174568,1.09,48036,606224,199672,1.25,206132,501272,32
fog-k3s-master3,1,2026-06-06 08:24:57 UTC,15051216,15452944,174560,1.09,48036,606232,199672,1.25,206132,501272,40
fog-k3s-master3,1,2026-06-06 08:24:58 UTC,15051216,15453004,174548,1.09,48036,606244,199672,1.25,206132,501332,52
fog-k3s-master3,1,2026-06-06 08:24:59 UTC,15051216,15453004,174540,1.09,48044,606244,199672,1.25,206132,501332,60
fog-k3s-master3,1,2026-06-06 08:25:00 UTC,15051216,15453012,174520,1.09,48044,606264,199672,1.25,206132,501340,228
fog-k3s-master3,1,2026-06-06 08:25:01 UTC,15051216,15453012,174512,1.09,48044,606272,199672,1.25,206132,501340,172
fog-k3s-master3,1,2026-06-06 08:25:02 UTC,15052020,15453816,173696,1.09,48044,606284,199672,1.25,206132,501340,212
fog-k3s-master3,1,2026-06-06 08:25:03 UTC,15051768,15453564,173944,1.09,48044,606292,199672,1.25,206108,501340,276
fog-k3s-master3,1,2026-06-06 08:25:04 UTC,15051768,15453624,173932,1.09,48052,606296,199672,1.25,206108,501400,288
fog-k3s-master3,1,2026-06-06 08:25:05 UTC,15051768,15453624,173916,1.09,48052,606312,199672,1.25,206132,501400,92
fog-k3s-master3,1,2026-06-06 08:25:06 UTC,15051768,15453624,173900,1.09,48052,606324,199672,1.25,206132,501400,8
fog-k3s-master3,1,2026-06-06 08:25:07 UTC,15051768,15453624,173892,1.09,48052,606332,199672,1.25,206132,501400,20
fog-k3s-master3,1,2026-06-06 08:25:08 UTC,15051768,15453624,173880,1.09,48052,606344,199672,1.25,206132,501400,24
fog-k3s-master3,1,2026-06-06 08:25:09 UTC,15051768,15453624,173868,1.09,48060,606348,199672,1.25,206132,501400,36
fog-k3s-master3,1,2026-06-06 08:25:10 UTC,15051768,15453684,173852,1.09,48060,606364,199672,1.25,206132,501460,220
fog-k3s-master3,1,2026-06-06 08:25:11 UTC,15051768,15453684,173840,1.09,48060,606376,199672,1.25,206132,501460,232
fog-k3s-master3,1,2026-06-06 08:25:12 UTC,15051768,15453684,173832,1.09,48060,606384,199672,1.25,206132,501460,240
fog-k3s-master3,1,2026-06-06 08:25:13 UTC,15051768,15453684,173820,1.09,48060,606396,199672,1.25,206132,501460,192
fog-k3s-master3,1,2026-06-06 08:25:14 UTC,15051768,15453692,173812,1.09,48068,606396,199672,1.25,206132,501468,196
fog-k3s-master3,1,2026-06-06 08:25:15 UTC,15051768,15453692,173792,1.09,48068,606416,199672,1.25,206132,501468,36
fog-k3s-master3,1,2026-06-06 08:25:16 UTC,15051768,15453692,173784,1.09,48068,606424,199672,1.25,206132,501468,44
fog-k3s-master3,1,2026-06-06 08:25:17 UTC,15051768,15453692,173772,1.09,48068,606436,199672,1.25,206132,501468,56
fog-k3s-master3,1,2026-06-06 08:25:18 UTC,15051012,15452936,174520,1.09,48068,606444,202648,1.27,207172,501468,64
fog-k3s-master3,1,2026-06-06 08:25:19 UTC,15050284,15452272,175216,1.10,48076,606456,203120,1.27,207784,501528,288
fog-k3s-master3,1,2026-06-06 08:25:20 UTC,15050284,15452332,175204,1.10,48076,606468,203120,1.27,207784,501588,300
fog-k3s-master3,1,2026-06-06 08:25:21 UTC,15050284,15452332,175196,1.10,48076,606476,203120,1.27,207820,501588,192
fog-k3s-master3,1,2026-06-06 08:25:22 UTC,15050284,15452332,175184,1.10,48076,606488,199672,1.25,206260,501588,220
fog-k3s-master3,1,2026-06-06 08:25:23 UTC,15050284,15452340,175180,1.10,48076,606496,199672,1.25,206116,501596,228
fog-k3s-master3,1,2026-06-06 08:25:24 UTC,15050284,15452340,175160,1.10,48084,606508,199672,1.25,206116,501596,244
fog-k3s-master3,1,2026-06-06 08:25:25 UTC,15050284,15452340,175152,1.10,48084,606516,199672,1.25,206116,501596,228
fog-k3s-master3,1,2026-06-06 08:25:26 UTC,15050284,15452400,175140,1.10,48084,606528,199672,1.25,206116,501656,28
fog-k3s-master3,1,2026-06-06 08:25:27 UTC,15050284,15452400,175132,1.10,48084,606536,199672,1.25,206116,501656,36
fog-k3s-master3,1,2026-06-06 08:25:28 UTC,15050284,15452400,175120,1.10,48084,606548,199672,1.25,206116,501656,48
fog-k3s-master3,1,2026-06-06 08:25:29 UTC,15050284,15452400,175112,1.10,48092,606548,199672,1.25,206116,501656,204
fog-k3s-master3,1,2026-06-06 08:25:30 UTC,15050284,15452400,175092,1.10,48092,606568,199672,1.25,206116,501656,164
fog-k3s-master3,1,2026-06-06 08:25:31 UTC,15050284,15452400,175084,1.10,48092,606576,199672,1.25,206116,501656,176
fog-k3s-master3,1,2026-06-06 08:25:32 UTC,15050284,15452460,175072,1.10,48092,606588,199672,1.25,206116,501716,188
fog-k3s-master3,1,2026-06-06 08:25:33 UTC,15050284,15452460,175072,1.10,48092,606588,199672,1.25,206116,501716,188
fog-k3s-master3,1,2026-06-06 08:25:34 UTC,15050284,15452460,175040,1.10,48100,606608,199672,1.25,206116,501716,48
fog-k3s-master3,1,2026-06-06 08:25:35 UTC,15050284,15452460,175040,1.10,48100,606608,199672,1.25,206116,501716,48
fog-k3s-master3,1,2026-06-06 08:25:36 UTC,15050284,15452460,175020,1.10,48100,606628,199672,1.25,206116,501716,4
fog-k3s-master3,1,2026-06-06 08:25:37 UTC,15050284,15452460,175020,1.10,48100,606628,199672,1.25,206116,501716,4
fog-k3s-master3,1,2026-06-06 08:25:38 UTC,15050284,15452520,175000,1.09,48100,606648,199672,1.25,206116,501776,28
fog-k3s-master3,1,2026-06-06 08:25:39 UTC,15050284,15452520,174988,1.09,48108,606652,199672,1.25,206116,501776,188
fog-k3s-master3,1,2026-06-06 08:25:40 UTC,15050284,15452520,174972,1.09,48108,606668,199672,1.25,206116,501776,212
fog-k3s-master3,1,2026-06-06 08:25:41 UTC,15050284,15452520,174960,1.09,48108,606680,199672,1.25,206116,501776,72
fog-k3s-master3,1,2026-06-06 08:25:42 UTC,15050284,15452520,174952,1.09,48108,606688,199672,1.25,206116,501776,80
fog-k3s-master3,1,2026-06-06 08:25:43 UTC,15050284,15452520,174940,1.09,48108,606700,199672,1.25,206116,501776,32
fog-k3s-master3,1,2026-06-06 08:25:44 UTC,15050284,15452580,174928,1.09,48116,606704,199672,1.25,206116,501836,192
fog-k3s-master3,1,2026-06-06 08:25:45 UTC,15050284,15452580,174912,1.09,48116,606720,199672,1.25,206116,501836,208
fog-k3s-master3,1,2026-06-06 08:25:46 UTC,15050284,15452580,174900,1.09,48116,606732,199672,1.25,206116,501836,200
fog-k3s-master3,1,2026-06-06 08:25:47 UTC,15050284,15452580,174892,1.09,48116,606740,199672,1.25,206116,501836,208
fog-k3s-master3,1,2026-06-06 08:25:48 UTC,15050284,15452584,174876,1.09,48116,606752,199672,1.25,206116,501836,220
fog-k3s-master3,1,2026-06-06 08:25:49 UTC,15050284,15452584,174868,1.09,48124,606752,199672,1.25,206116,501836,16
fog-k3s-master3,1,2026-06-06 08:25:50 UTC,15050284,15452644,174848,1.09,48124,606772,199672,1.25,206116,501896,44
fog-k3s-master3,1,2026-06-06 08:25:51 UTC,15050284,15452644,174840,1.09,48124,606780,199672,1.25,206116,501896,52
fog-k3s-master3,1,2026-06-06 08:25:52 UTC,15050284,15452644,174828,1.09,48124,606792,199672,1.25,206116,501896,64
fog-k3s-master3,1,2026-06-06 08:25:53 UTC,15050284,15452644,174820,1.09,48124,606800,199672,1.25,206116,501896,72
fog-k3s-master3,1,2026-06-06 08:25:54 UTC,15050284,15452692,174808,1.09,48132,606804,199672,1.25,206116,501944,144
fog-k3s-master3,1,2026-06-06 08:25:55 UTC,15050284,15452700,174792,1.09,48132,606820,199672,1.25,206116,501952,16
fog-k3s-master3,1,2026-06-06 08:25:56 UTC,15050284,15452700,174780,1.09,48132,606832,199672,1.25,206116,501952,28
fog-k3s-master3,1,2026-06-06 08:25:57 UTC,15050284,15452700,174768,1.09,48132,606844,199672,1.25,206116,501952,40
fog-k3s-master3,1,2026-06-06 08:25:58 UTC,15050284,15452700,174760,1.09,48132,606852,199672,1.25,206116,501952,48
fog-k3s-master3,1,2026-06-06 08:25:59 UTC,15050284,15452700,174748,1.09,48140,606856,199672,1.25,206116,501952,212
fog-k3s-master3,1,2026-06-06 08:26:00 UTC,15050284,15452760,174732,1.09,48140,606872,199672,1.25,206116,502012,160
fog-k3s-master3,1,2026-06-06 08:26:01 UTC,15050284,15452820,174720,1.09,48140,606884,199672,1.25,206116,502072,176
fog-k3s-master3,1,2026-06-06 08:26:02 UTC,15050284,15452820,174712,1.09,48140,606892,199672,1.25,206116,502072,184
fog-k3s-master3,1,2026-06-06 08:26:03 UTC,15050284,15452820,174700,1.09,48140,606904,199672,1.25,206116,502072,196
fog-k3s-master3,1,2026-06-06 08:26:04 UTC,15050284,15452820,174660,1.09,48148,606904,199672,1.25,206116,502072,204
fog-k3s-master3,1,2026-06-06 08:26:05 UTC,15050284,15452820,174640,1.09,48148,606924,199672,1.25,206116,502072,80
fog-k3s-master3,1,2026-06-06 08:26:06 UTC,15050284,15452820,174632,1.09,48148,606932,199672,1.25,206116,502072,68
fog-k3s-master3,1,2026-06-06 08:26:07 UTC,15050284,15452832,174620,1.09,48148,606944,199672,1.25,206116,502084,20
fog-k3s-master3,1,2026-06-06 08:26:08 UTC,15050284,15452892,174608,1.09,48148,606956,199672,1.25,206116,502144,32
fog-k3s-master3,1,2026-06-06 08:26:09 UTC,15042220,15444828,182664,1.14,48156,606956,199672,1.25,206116,502144,40
fog-k3s-master3,1,2026-06-06 08:26:10 UTC,15042220,15444828,182644,1.14,48156,606976,199672,1.25,206116,502144,76
fog-k3s-master3,1,2026-06-06 08:26:11 UTC,15042220,15444828,182636,1.14,48156,606984,199672,1.25,206116,502144,80
fog-k3s-master3,1,2026-06-06 08:26:12 UTC,15043700,15446308,181144,1.13,48156,606996,199672,1.25,206116,502144,24
fog-k3s-master3,1,2026-06-06 08:26:13 UTC,15045144,15447752,179692,1.12,48156,607004,199672,1.25,206116,502144,36
fog-k3s-master3,1,2026-06-06 08:26:14 UTC,15045144,15447812,179680,1.12,48164,607008,199672,1.25,206116,502204,24
fog-k3s-master3,1,2026-06-06 08:26:15 UTC,15046052,15448720,178756,1.12,48164,607024,199672,1.25,206116,502204,188
fog-k3s-master3,1,2026-06-06 08:26:16 UTC,15046052,15448720,178756,1.12,48164,607024,199672,1.25,206116,502204,188
fog-k3s-master3,1,2026-06-06 08:26:17 UTC,15046052,15448720,178736,1.12,48164,607044,199672,1.25,206116,502204,208
fog-k3s-master3,1,2026-06-06 08:26:18 UTC,15046052,15448720,178724,1.12,48164,607056,199672,1.25,206116,502204,156
fog-k3s-master3,1,2026-06-06 08:26:19 UTC,15046052,15448720,178700,1.12,48172,607068,199672,1.25,206116,502204,36
fog-k3s-master3,1,2026-06-06 08:26:20 UTC,15046052,15448720,178700,1.12,48172,607068,199672,1.25,206116,502204,36
fog-k3s-master3,1,2026-06-06 08:26:21 UTC,15046052,15448720,178700,1.12,48172,607068,199672,1.25,206116,502204,36
fog-k3s-master3,1,2026-06-06 08:26:22 UTC,15045800,15448528,178924,1.12,48172,607096,199672,1.25,206116,502264,64
fog-k3s-master3,1,2026-06-06 08:26:23 UTC,15045800,15448528,178912,1.12,48172,607108,199672,1.25,206116,502264,76
fog-k3s-master3,1,2026-06-06 08:26:24 UTC,15045800,15448528,178904,1.12,48180,607108,199672,1.25,206116,502264,84
fog-k3s-master3,1,2026-06-06 08:26:25 UTC,15045800,15448528,178904,1.12,48180,607108,199672,1.25,206116,502264,84
fog-k3s-master3,1,2026-06-06 08:26:26 UTC,15045800,15448632,178876,1.12,48180,607136,199672,1.25,206116,502368,28
fog-k3s-master3,1,2026-06-06 08:26:27 UTC,15045800,15448632,178864,1.12,48180,607148,199672,1.25,206116,502368,40
fog-k3s-master3,1,2026-06-06 08:26:28 UTC,15045296,15448132,179356,1.12,48180,607156,199672,1.25,206116,502368,48
fog-k3s-master3,1,2026-06-06 08:26:29 UTC,15045296,15448132,179344,1.12,48188,607160,199672,1.25,206116,502368,60
fog-k3s-master3,1,2026-06-06 08:26:30 UTC,15045296,15448140,179328,1.12,48188,607176,199672,1.25,206116,502376,160
fog-k3s-master3,1,2026-06-06 08:26:31 UTC,15045296,15448140,179328,1.12,48188,607176,199672,1.25,206116,502376,160
fog-k3s-master3,1,2026-06-06 08:26:32 UTC,15045296,15448200,179304,1.12,48188,607200,199672,1.25,206116,502436,188
fog-k3s-master3,1,2026-06-06 08:26:33 UTC,15045296,15448200,179296,1.12,48188,607208,199672,1.25,206116,502436,196
fog-k3s-master3,1,2026-06-06 08:26:34 UTC,15045296,15448200,179284,1.12,48196,607212,199672,1.25,206116,502436,48
fog-k3s-master3,1,2026-06-06 08:26:35 UTC,15045296,15448200,179276,1.12,48196,607220,199672,1.25,206116,502436,56
fog-k3s-master3,1,2026-06-06 08:26:36 UTC,15045296,15448256,179252,1.12,48196,607240,202524,1.27,207544,502492,4
fog-k3s-master3,1,2026-06-06 08:26:37 UTC,15045296,15448256,179252,1.12,48196,607240,203124,1.27,207804,502492,168
fog-k3s-master3,1,2026-06-06 08:26:38 UTC,15045044,15448012,179480,1.12,48196,607260,203124,1.27,207852,502500,212
fog-k3s-master3,1,2026-06-06 08:26:39 UTC,15045044,15448032,179472,1.12,48204,607260,203124,1.27,207888,502520,280
fog-k3s-master3,1,2026-06-06 08:26:40 UTC,15047672,15450680,176824,1.11,48204,607280,199672,1.25,206156,502540,76
fog-k3s-master3,1,2026-06-06 08:26:41 UTC,15046920,15449928,177576,1.11,48204,607280,199672,1.25,206156,502540,76
fog-k3s-master3,1,2026-06-06 08:26:42 UTC,15046920,15449948,177556,1.11,48204,607300,199672,1.25,206156,502560,152
fog-k3s-master3,1,2026-06-06 08:26:43 UTC,15045912,15448940,178548,1.12,48204,607312,199672,1.25,206156,502560,168
fog-k3s-master3,1,2026-06-06 08:26:44 UTC,15045912,15448940,178540,1.12,48212,607312,199672,1.25,206156,502560,176
fog-k3s-master3,1,2026-06-06 08:26:45 UTC,15045912,15448940,178540,1.12,48212,607312,199672,1.25,206156,502560,176
fog-k3s-master3,1,2026-06-06 08:26:46 UTC,15045912,15448948,178512,1.12,48212,607340,199672,1.25,206156,502568,44
fog-k3s-master3,1,2026-06-06 08:26:47 UTC,15045912,15448948,178500,1.12,48212,607352,199672,1.25,206156,502568,56
fog-k3s-master3,1,2026-06-06 08:26:48 UTC,15045912,15449008,178492,1.12,48212,607360,199672,1.25,206156,502628,0
fog-k3s-master3,1,2026-06-06 08:26:49 UTC,15045912,15449008,178480,1.12,48220,607364,199672,1.25,206156,502628,16
fog-k3s-master3,1,2026-06-06 08:26:50 UTC,15045912,15449008,178464,1.12,48220,607380,199672,1.25,206156,502628,200
fog-k3s-master3,1,2026-06-06 08:26:51 UTC,15045912,15449008,178452,1.12,48220,607392,199672,1.25,206156,502628,212
fog-k3s-master3,1,2026-06-06 08:26:52 UTC,15045912,15449008,178444,1.12,48220,607400,199672,1.25,206156,502628,220
fog-k3s-master3,1,2026-06-06 08:26:53 UTC,15045912,15449008,178432,1.12,48220,607412,199672,1.25,206156,502628,232
fog-k3s-master3,1,2026-06-06 08:26:54 UTC,15045912,15449072,178412,1.12,48228,607420,199672,1.25,206164,502688,20
fog-k3s-master3,1,2026-06-06 08:26:55 UTC,15045912,15449072,178400,1.12,48228,607432,199672,1.25,206164,502688,36
fog-k3s-master3,1,2026-06-06 08:26:56 UTC,15045912,15449072,178388,1.12,48228,607444,199672,1.25,206164,502688,48
fog-k3s-master3,1,2026-06-06 08:26:57 UTC,15045912,15449072,178388,1.12,48228,607444,199672,1.25,206164,502688,48
fog-k3s-master3,1,2026-06-06 08:26:58 UTC,15045912,15449072,178368,1.12,48228,607464,199672,1.25,206164,502688,68
fog-k3s-master3,1,2026-06-06 08:26:59 UTC,15045912,15449072,178356,1.12,48236,607464,199672,1.25,206164,502688,76
fog-k3s-master3,1,2026-06-06 08:27:00 UTC,15045912,15449160,178336,1.12,48236,607484,199672,1.25,206164,502776,28
fog-k3s-master3,1,2026-06-06 08:27:01 UTC,15045912,15449160,178328,1.12,48236,607492,199672,1.25,206164,502776,40
fog-k3s-master3,1,2026-06-06 08:27:02 UTC,15045912,15449160,178328,1.12,48236,607492,199672,1.25,206164,502776,40
fog-k3s-master3,1,2026-06-06 08:27:03 UTC,15045912,15449160,178308,1.12,48236,607512,199672,1.25,206164,502776,60
fog-k3s-master3,1,2026-06-06 08:27:04 UTC,15045912,15449160,178308,1.12,48244,607504,199672,1.25,206164,502776,216
fog-k3s-master3,1,2026-06-06 08:27:05 UTC,15045912,15449168,178276,1.12,48244,607536,199672,1.25,206164,502784,232
fog-k3s-master3,1,2026-06-06 08:27:06 UTC,15045912,15449228,178264,1.12,48244,607548,199672,1.25,206164,502844,244
fog-k3s-master3,1,2026-06-06 08:27:07 UTC,15045912,15449228,178252,1.12,48244,607560,199672,1.25,206164,502844,196
fog-k3s-master3,1,2026-06-06 08:27:08 UTC,15045912,15449228,178244,1.12,48244,607568,199672,1.25,206164,502844,204
fog-k3s-master3,1,2026-06-06 08:27:09 UTC,15045912,15449228,178232,1.12,48252,607572,199672,1.25,206164,502844,220
fog-k3s-master3,1,2026-06-06 08:27:10 UTC,15045912,15449228,178232,1.12,48252,607572,199672,1.25,206164,502844,220
fog-k3s-master3,1,2026-06-06 08:27:11 UTC,15043896,15447252,180220,1.13,48252,607600,199672,1.25,206164,502884,88
fog-k3s-master3,1,2026-06-06 08:27:12 UTC,15043896,15447272,180212,1.13,48252,607608,199672,1.25,206164,502904,32
fog-k3s-master3,1,2026-06-06 08:27:13 UTC,15043896,15447272,180200,1.13,48252,607620,199672,1.25,206164,502904,48
fog-k3s-master3,1,2026-06-06 08:27:14 UTC,15043896,15447276,180188,1.13,48260,607620,199672,1.25,206164,502904,56
fog-k3s-master3,1,2026-06-06 08:27:15 UTC,15043896,15447276,180168,1.13,48260,607640,199672,1.25,206164,502904,64
fog-k3s-master3,1,2026-06-06 08:27:16 UTC,15043896,15447276,180160,1.13,48260,607648,199672,1.25,206164,502904,72
fog-k3s-master3,1,2026-06-06 08:27:17 UTC,15043896,15447276,180148,1.13,48260,607660,199672,1.25,206164,502904,84
fog-k3s-master3,1,2026-06-06 08:27:18 UTC,15043896,15447336,180140,1.13,48260,607668,199672,1.25,206164,502964,92
fog-k3s-master3,1,2026-06-06 08:27:19 UTC,15043896,15447336,180128,1.13,48268,607672,199672,1.25,206164,502964,48
fog-k3s-master3,1,2026-06-06 08:27:20 UTC,15043896,15447336,180116,1.13,48268,607684,199672,1.25,206164,502964,60
fog-k3s-master3,1,2026-06-06 08:27:21 UTC,15043896,15447336,180100,1.13,48268,607700,199672,1.25,206164,502964,196
fog-k3s-master3,1,2026-06-06 08:27:22 UTC,15043896,15447336,180088,1.13,48268,607712,199672,1.25,206164,502964,208
fog-k3s-master3,1,2026-06-06 08:27:23 UTC,15043896,15447336,180080,1.13,48268,607720,199672,1.25,206164,502964,216
fog-k3s-master3,1,2026-06-06 08:27:24 UTC,15043896,15447396,180060,1.13,48276,607732,199672,1.25,206164,503024,188
fog-k3s-master3,1,2026-06-06 08:27:25 UTC,15043896,15447396,180060,1.13,48276,607732,199672,1.25,206164,503024,188
fog-k3s-master3,1,2026-06-06 08:27:26 UTC,15043896,15447396,180060,1.13,48276,607732,199672,1.25,206164,503024,188
fog-k3s-master3,1,2026-06-06 08:27:27 UTC,15043896,15447396,180032,1.13,48276,607760,199672,1.25,206164,503024,52
fog-k3s-master3,1,2026-06-06 08:27:28 UTC,15043896,15447396,180020,1.13,48276,607772,199672,1.25,206164,503024,64
fog-k3s-master3,1,2026-06-06 08:27:29 UTC,15043896,15447396,180012,1.13,48284,607772,199672,1.25,206164,503024,76
fog-k3s-master3,1,2026-06-06 08:27:30 UTC,15039864,15443428,184028,1.15,48284,607784,199672,1.25,206164,503088,0
fog-k3s-master3,1,2026-06-06 08:27:31 UTC,15039864,15443428,184008,1.15,48284,607804,199672,1.25,206164,503088,40
fog-k3s-master3,1,2026-06-06 08:27:32 UTC,15039864,15443428,184000,1.15,48284,607812,199672,1.25,206164,503088,48
fog-k3s-master3,1,2026-06-06 08:27:33 UTC,15039864,15443428,183988,1.15,48284,607824,199672,1.25,206164,503088,60
fog-k3s-master3,1,2026-06-06 08:27:34 UTC,15039864,15443428,183980,1.15,48292,607824,199672,1.25,206164,503088,228
fog-k3s-master3,1,2026-06-06 08:27:35 UTC,15039864,15443480,183960,1.15,48292,607844,199672,1.25,206164,503140,236
fog-k3s-master3,1,2026-06-06 08:27:36 UTC,15039864,15443488,183952,1.15,48292,607852,199672,1.25,206164,503148,180
fog-k3s-master3,1,2026-06-06 08:27:37 UTC,15039864,15443488,183940,1.15,48292,607864,199672,1.25,206164,503148,196
fog-k3s-master3,1,2026-06-06 08:27:38 UTC,15039864,15443488,183932,1.15,48292,607872,199672,1.25,206164,503148,204
fog-k3s-master3,1,2026-06-06 08:27:39 UTC,15039864,15443488,183912,1.15,48300,607884,199672,1.25,206164,503148,60
fog-k3s-master3,1,2026-06-06 08:27:40 UTC,15039864,15443488,183912,1.15,48300,607884,199672,1.25,206164,503148,60
fog-k3s-master3,1,2026-06-06 08:27:41 UTC,15039864,15443488,183892,1.15,48300,607904,199672,1.25,206164,503148,80
fog-k3s-master3,1,2026-06-06 08:27:42 UTC,15039864,15443548,183884,1.15,48300,607912,199672,1.25,206164,503208,88
fog-k3s-master3,1,2026-06-06 08:27:43 UTC,15039864,15443548,183872,1.15,48300,607924,199672,1.25,206164,503208,40
fog-k3s-master3,1,2026-06-06 08:27:44 UTC,15039864,15443608,183852,1.15,48308,607936,199672,1.25,206164,503268,208
fog-k3s-master3,1,2026-06-06 08:27:45 UTC,15039864,15443612,183840,1.15,48308,607944,199672,1.25,206164,503268,60
fog-k3s-master3,1,2026-06-06 08:27:46 UTC,15039864,15443612,183828,1.15,48308,607956,199672,1.25,206164,503268,72
fog-k3s-master3,1,2026-06-06 08:27:47 UTC,15039864,15443612,183820,1.15,48308,607964,199672,1.25,206164,503268,80
fog-k3s-master3,1,2026-06-06 08:27:48 UTC,15039864,15443676,183808,1.15,48308,607976,199672,1.25,206164,503332,24
fog-k3s-master3,1,2026-06-06 08:27:49 UTC,15039864,15443676,183808,1.15,48316,607968,199672,1.25,206164,503332,28
fog-k3s-master3,1,2026-06-06 08:27:50 UTC,15039864,15443676,183780,1.15,48316,607996,199672,1.25,206164,503332,208
fog-k3s-master3,1,2026-06-06 08:27:51 UTC,15039864,15443676,183772,1.15,48316,608004,199672,1.25,206164,503332,216
fog-k3s-master3,1,2026-06-06 08:27:52 UTC,15039864,15443676,183760,1.15,48316,608016,199672,1.25,206164,503332,228
fog-k3s-master3,1,2026-06-06 08:27:53 UTC,15039864,15443676,183752,1.15,48316,608024,199672,1.25,206164,503332,236
fog-k3s-master3,1,2026-06-06 08:27:54 UTC,15039864,15443736,183740,1.15,48324,608028,199672,1.25,206164,503392,248
fog-k3s-master3,1,2026-06-06 08:27:55 UTC,15039864,15443748,183716,1.15,48324,608048,199672,1.25,206164,503404,16
fog-k3s-master3,1,2026-06-06 08:27:56 UTC,15039864,15443748,183708,1.15,48324,608056,199672,1.25,206164,503404,24
fog-k3s-master3,1,2026-06-06 08:27:57 UTC,15039864,15443748,183696,1.15,48324,608068,199672,1.25,206164,503404,36
fog-k3s-master3,1,2026-06-06 08:27:58 UTC,15039864,15443748,183688,1.15,48324,608076,199672,1.25,206164,503404,44
fog-k3s-master3,1,2026-06-06 08:27:59 UTC,15039864,15443748,183676,1.15,48332,608080,199672,1.25,206164,503404,216
fog-k3s-master3,1,2026-06-06 08:28:00 UTC,15039864,15443800,183656,1.15,48332,608096,199672,1.25,206164,503452,172
fog-k3s-master3,1,2026-06-06 08:28:01 UTC,15039864,15443804,183644,1.15,48332,608108,199672,1.25,206164,503456,32
fog-k3s-master3,1,2026-06-06 08:28:02 UTC,15039864,15443804,183636,1.15,48332,608116,199672,1.25,206164,503456,40
fog-k3s-master3,1,2026-06-06 08:28:03 UTC,15039864,15443804,183624,1.15,48332,608128,199672,1.25,206164,503456,52
fog-k3s-master3,1,2026-06-06 08:28:04 UTC,15039864,15443804,183616,1.15,48340,608128,199672,1.25,206164,503456,60
fog-k3s-master3,1,2026-06-06 08:28:05 UTC,15039864,15443804,183596,1.15,48340,608148,199672,1.25,206164,503456,212
fog-k3s-master3,1,2026-06-06 08:28:06 UTC,15039864,15443864,183588,1.15,48340,608156,199672,1.25,206164,503516,220
fog-k3s-master3,1,2026-06-06 08:28:07 UTC,15039864,15443864,183576,1.15,48340,608168,199672,1.25,206164,503516,168
fog-k3s-master3,1,2026-06-06 08:28:08 UTC,15039864,15443864,183564,1.15,48340,608180,199672,1.25,206164,503516,180
fog-k3s-master3,1,2026-06-06 08:28:09 UTC,15039864,15443864,183556,1.15,48348,608180,199672,1.25,206164,503516,192
fog-k3s-master3,1,2026-06-06 08:28:10 UTC,15039864,15443864,183536,1.15,48348,608200,199672,1.25,206164,503516,236
fog-k3s-master3,1,2026-06-06 08:28:11 UTC,15039864,15443864,183528,1.15,48348,608208,199672,1.25,206164,503516,76
fog-k3s-master3,1,2026-06-06 08:28:12 UTC,15039864,15443924,183516,1.15,48348,608220,199672,1.25,206164,503576,88
fog-k3s-master3,1,2026-06-06 08:28:13 UTC,15039864,15443924,183508,1.15,48348,608228,199672,1.25,206164,503576,36
fog-k3s-master3,1,2026-06-06 08:28:14 UTC,15039864,15443924,183496,1.15,48356,608232,199672,1.25,206164,503576,48
fog-k3s-master3,1,2026-06-06 08:28:15 UTC,15039864,15443924,183480,1.15,48356,608248,199672,1.25,206164,503576,36
fog-k3s-master3,1,2026-06-06 08:28:16 UTC,15039864,15443924,183464,1.15,48356,608260,199672,1.25,206164,503576,44
fog-k3s-master3,1,2026-06-06 08:28:17 UTC,15039864,15443924,183456,1.15,48356,608268,199672,1.25,206164,503576,52
fog-k3s-master3,1,2026-06-06 08:28:18 UTC,15039864,15443984,183444,1.15,48356,608280,199672,1.25,206164,503636,64
fog-k3s-master3,1,2026-06-06 08:28:19 UTC,15039864,15443984,183432,1.15,48364,608284,199672,1.25,206164,503636,20
fog-k3s-master3,1,2026-06-06 08:28:20 UTC,15039864,15444044,183416,1.15,48364,608300,199672,1.25,206164,503696,208
fog-k3s-master3,1,2026-06-06 08:28:21 UTC,15039864,15444044,183404,1.15,48364,608312,199672,1.25,206164,503696,220
fog-k3s-master3,1,2026-06-06 08:28:22 UTC,15039864,15444044,183396,1.15,48364,608320,199672,1.25,206164,503696,228
fog-k3s-master3,1,2026-06-06 08:28:23 UTC,15039864,15444044,183384,1.15,48364,608332,199672,1.25,206164,503696,240
fog-k3s-master3,1,2026-06-06 08:28:24 UTC,15039864,15444104,183368,1.15,48372,608340,199672,1.25,206164,503756,0
fog-k3s-master3,1,2026-06-06 08:28:25 UTC,15039864,15444104,183368,1.15,48372,608340,199672,1.25,206164,503756,0
fog-k3s-master3,1,2026-06-06 08:28:26 UTC,15039864,15444104,183348,1.15,48372,608360,199672,1.25,206164,503756,24
fog-k3s-master3,1,2026-06-06 08:28:27 UTC,15039864,15444104,183336,1.15,48372,608372,199672,1.25,206164,503756,36
fog-k3s-master3,1,2026-06-06 08:28:28 UTC,15039392,15443676,183800,1.15,48372,608380,202524,1.27,207276,503800,44
fog-k3s-master3,1,2026-06-06 08:28:29 UTC,15039392,15443688,183788,1.15,48380,608384,203124,1.27,207584,503812,68
fog-k3s-master3,1,2026-06-06 08:28:30 UTC,15039392,15443688,183776,1.15,48380,608396,203124,1.27,207584,503812,80
fog-k3s-master3,1,2026-06-06 08:28:31 UTC,15039392,15443720,183756,1.15,48380,608412,203124,1.27,207880,503840,148
fog-k3s-master3,1,2026-06-06 08:28:32 UTC,15039392,15443720,183744,1.15,48380,608424,203124,1.27,207880,503840,160
fog-k3s-master3,1,2026-06-06 08:28:33 UTC,15045392,15449748,177736,1.11,48380,608432,199672,1.25,206164,503868,188
fog-k3s-master3,1,2026-06-06 08:28:34 UTC,15044796,15449152,178312,1.12,48388,608444,199672,1.25,206164,503868,308
fog-k3s-master3,1,2026-06-06 08:28:35 UTC,15044796,15449152,178304,1.12,48388,608452,199672,1.25,206164,503868,308
fog-k3s-master3,1,2026-06-06 08:28:36 UTC,15044796,15449152,178292,1.12,48388,608464,199672,1.25,206164,503868,220
fog-k3s-master3,1,2026-06-06 08:28:37 UTC,15044796,15449152,178284,1.12,48388,608472,199672,1.25,206164,503868,232
fog-k3s-master3,1,2026-06-06 08:28:38 UTC,15044796,15449152,178272,1.12,48388,608484,199672,1.25,206164,503868,24
fog-k3s-master3,1,2026-06-06 08:28:39 UTC,15044796,15449212,178264,1.12,48396,608484,199672,1.25,206164,503928,36
fog-k3s-master3,1,2026-06-06 08:28:40 UTC,15044796,15449212,178244,1.12,48396,608504,199672,1.25,206164,503928,228
fog-k3s-master3,1,2026-06-06 08:28:41 UTC,15044796,15449212,178236,1.12,48396,608512,199672,1.25,206164,503928,236
fog-k3s-master3,1,2026-06-06 08:28:42 UTC,15044796,15449212,178224,1.12,48396,608524,199672,1.25,206164,503928,248
fog-k3s-master3,1,2026-06-06 08:28:43 UTC,15044796,15449212,178212,1.12,48396,608536,199672,1.25,206164,503928,200
fog-k3s-master3,1,2026-06-06 08:28:44 UTC,15044796,15449212,178204,1.11,48404,608536,199672,1.25,206164,503928,208
fog-k3s-master3,1,2026-06-06 08:28:45 UTC,15044796,15449272,178184,1.11,48404,608556,199672,1.25,206164,503988,36
fog-k3s-master3,1,2026-06-06 08:28:46 UTC,15043788,15448264,179180,1.12,48404,608564,199672,1.25,206164,503988,44
fog-k3s-master3,1,2026-06-06 08:28:47 UTC,15043788,15448264,179168,1.12,48404,608576,199672,1.25,206164,503988,56
fog-k3s-master3,1,2026-06-06 08:28:48 UTC,15043788,15448264,179160,1.12,48404,608584,199672,1.25,206164,503988,64
fog-k3s-master3,1,2026-06-06 08:28:49 UTC,15043788,15448264,179148,1.12,48412,608588,199672,1.25,206164,503988,20
fog-k3s-master3,1,2026-06-06 08:28:50 UTC,15043788,15448264,179132,1.12,48412,608604,199672,1.25,206164,503988,204
fog-k3s-master3,1,2026-06-06 08:28:51 UTC,15043788,15448324,179120,1.12,48412,608616,199672,1.25,206164,504048,60
fog-k3s-master3,1,2026-06-06 08:28:52 UTC,15043788,15448324,179112,1.12,48412,608624,199672,1.25,206164,504048,68
fog-k3s-master3,1,2026-06-06 08:28:53 UTC,15043788,15448324,179100,1.12,48412,608636,199672,1.25,206164,504048,80
fog-k3s-master3,1,2026-06-06 08:28:54 UTC,15043788,15448324,179088,1.12,48420,608640,199672,1.25,206164,504048,92
fog-k3s-master3,1,2026-06-06 08:28:55 UTC,15043788,15448324,179072,1.12,48420,608656,199672,1.25,206164,504048,188
fog-k3s-master3,1,2026-06-06 08:28:56 UTC,15043788,15448324,179060,1.12,48420,608668,199672,1.25,206164,504048,180
fog-k3s-master3,1,2026-06-06 08:28:57 UTC,15043788,15448384,179052,1.12,48420,608676,199672,1.25,206164,504108,188
fog-k3s-master3,1,2026-06-06 08:28:58 UTC,15043788,15448384,179040,1.12,48420,608688,199672,1.25,206164,504108,200
fog-k3s-master3,1,2026-06-06 08:28:59 UTC,15043788,15448384,179032,1.12,48428,608688,199672,1.25,206164,504108,212
fog-k3s-master3,1,2026-06-06 08:29:00 UTC,15043788,15448384,179012,1.12,48428,608708,199672,1.25,206164,504108,80
fog-k3s-master3,1,2026-06-06 08:29:01 UTC,15043788,15448384,179004,1.12,48428,608716,199672,1.25,206164,504108,28
fog-k3s-master3,1,2026-06-06 08:29:02 UTC,15043788,15448388,178988,1.12,48428,608728,199672,1.25,206164,504108,40
fog-k3s-master3,1,2026-06-06 08:29:03 UTC,15043788,15448448,178980,1.12,48428,608736,199672,1.25,206164,504168,48
fog-k3s-master3,1,2026-06-06 08:29:04 UTC,15043788,15448448,178968,1.12,48436,608740,199672,1.25,206164,504168,60
fog-k3s-master3,1,2026-06-06 08:29:05 UTC,15041772,15446432,180968,1.13,48436,608756,199672,1.25,206164,504168,208
fog-k3s-master3,1,2026-06-06 08:29:06 UTC,15041772,15446432,180956,1.13,48436,608768,199672,1.25,206164,504168,156
fog-k3s-master3,1,2026-06-06 08:29:07 UTC,15041772,15446432,180944,1.13,48436,608780,199672,1.25,206164,504168,172
fog-k3s-master3,1,2026-06-06 08:29:08 UTC,15041772,15446432,180936,1.13,48436,608788,199672,1.25,206164,504168,180
fog-k3s-master3,1,2026-06-06 08:29:09 UTC,15041772,15446552,180916,1.13,48444,608800,199672,1.25,206164,504288,60
fog-k3s-master3,1,2026-06-06 08:29:10 UTC,15041772,15446552,180916,1.13,48444,608800,199672,1.25,206164,504288,60
fog-k3s-master3,1,2026-06-06 08:29:11 UTC,15041772,15446552,180896,1.13,48444,608820,199672,1.25,206164,504288,80
fog-k3s-master3,1,2026-06-06 08:29:12 UTC,15041772,15446552,180888,1.13,48444,608828,199672,1.25,206164,504288,88
fog-k3s-master3,1,2026-06-06 08:29:13 UTC,15041772,15446552,180876,1.13,48444,608840,199672,1.25,206164,504288,40
fog-k3s-master3,1,2026-06-06 08:29:14 UTC,15041772,15446552,180860,1.13,48452,608848,199672,1.25,206164,504288,208
fog-k3s-master3,1,2026-06-06 08:29:15 UTC,15041772,15446612,180848,1.13,48452,608860,199672,1.25,206164,504348,36
fog-k3s-master3,1,2026-06-06 08:29:16 UTC,15041772,15446612,180848,1.13,48452,608860,199672,1.25,206164,504348,36
fog-k3s-master3,1,2026-06-06 08:29:17 UTC,15041772,15446612,180824,1.13,48452,608880,199672,1.25,206164,504348,56
fog-k3s-master3,1,2026-06-06 08:29:18 UTC,15041772,15446612,180812,1.13,48452,608892,199672,1.25,206164,504348,0
fog-k3s-master3,1,2026-06-06 08:29:19 UTC,15041772,15446612,180796,1.13,48460,608900,199672,1.25,206164,504348,196
fog-k3s-master3,1,2026-06-06 08:29:20 UTC,15041772,15446672,180784,1.13,48460,608912,199672,1.25,206164,504408,208
fog-k3s-master3,1,2026-06-06 08:29:21 UTC,15041772,15446672,180784,1.13,48460,608912,199672,1.25,206164,504408,208
fog-k3s-master3,1,2026-06-06 08:29:22 UTC,15041772,15446672,180764,1.13,48460,608932,199672,1.25,206164,504408,228
fog-k3s-master3,1,2026-06-06 08:29:23 UTC,15041772,15446672,180756,1.13,48460,608940,199672,1.25,206164,504408,236
fog-k3s-master3,1,2026-06-06 08:29:24 UTC,15041772,15446672,180744,1.13,48468,608944,199672,1.25,206164,504408,4
fog-k3s-master3,1,2026-06-06 08:29:25 UTC,15041772,15446672,180744,1.13,48468,608944,199672,1.25,206164,504408,4
fog-k3s-master3,1,2026-06-06 08:29:26 UTC,15041772,15446732,180716,1.13,48468,608972,199672,1.25,206164,504468,24
fog-k3s-master3,1,2026-06-06 08:29:27 UTC,15041772,15446732,180708,1.13,48468,608980,199672,1.25,206164,504468,32
fog-k3s-master3,1,2026-06-06 08:29:28 UTC,15041772,15446732,180696,1.13,48468,608992,199672,1.25,206164,504468,44
fog-k3s-master3,1,2026-06-06 08:29:29 UTC,15041772,15446736,180676,1.13,48476,609000,199672,1.25,206164,504468,228
fog-k3s-master3,1,2026-06-06 08:29:30 UTC,15041772,15446736,180664,1.13,48476,609012,199672,1.25,206164,504468,16
fog-k3s-master3,1,2026-06-06 08:29:31 UTC,15041772,15446736,180652,1.13,48476,609024,199672,1.25,206164,504468,32
fog-k3s-master3,1,2026-06-06 08:29:32 UTC,15041772,15446796,180644,1.13,48476,609032,199672,1.25,206164,504528,40
fog-k3s-master3,1,2026-06-06 08:29:33 UTC,15041772,15446796,180632,1.13,48476,609044,199672,1.25,206164,504528,52
fog-k3s-master3,1,2026-06-06 08:29:34 UTC,15041772,15446796,180624,1.13,48484,609044,199672,1.25,206164,504528,56
fog-k3s-master3,1,2026-06-06 08:29:35 UTC,15041772,15446796,180600,1.13,48484,609064,199672,1.25,206164,504528,212
fog-k3s-master3,1,2026-06-06 08:29:36 UTC,15041772,15446796,180592,1.13,48484,609072,199672,1.25,206164,504528,220
fog-k3s-master3,1,2026-06-06 08:29:37 UTC,15041772,15446796,180580,1.13,48484,609084,199672,1.25,206164,504528,172
fog-k3s-master3,1,2026-06-06 08:29:38 UTC,15041772,15446856,180572,1.13,48484,609092,199672,1.25,206164,504588,180
fog-k3s-master3,1,2026-06-06 08:29:39 UTC,15041772,15446856,180560,1.13,48492,609096,199672,1.25,206164,504588,204
fog-k3s-master3,1,2026-06-06 08:29:40 UTC,15041772,15446856,180552,1.13,48492,609104,199672,1.25,206164,504588,212
fog-k3s-master3,1,2026-06-06 08:29:41 UTC,15041772,15446856,180552,1.13,48492,609104,199672,1.25,206164,504588,212
fog-k3s-master3,1,2026-06-06 08:29:42 UTC,15041772,15446856,180520,1.13,48492,609136,199672,1.25,206164,504588,20
fog-k3s-master3,1,2026-06-06 08:29:43 UTC,15041772,15446856,180512,1.13,48492,609144,199672,1.25,206164,504588,32
fog-k3s-master3,1,2026-06-06 08:29:44 UTC,15041772,15446920,180496,1.13,48500,609148,199672,1.25,206164,504648,44
fog-k3s-master3,1,2026-06-06 08:29:45 UTC,15041772,15446920,180496,1.13,48500,609148,199672,1.25,206164,504648,44
fog-k3s-master3,1,2026-06-06 08:29:46 UTC,15041772,15446980,180468,1.13,48500,609176,199672,1.25,206164,504708,44
fog-k3s-master3,1,2026-06-06 08:29:47 UTC,15041772,15446980,180460,1.13,48500,609184,199672,1.25,206164,504708,52
fog-k3s-master3,1,2026-06-06 08:29:48 UTC,15041772,15446980,180448,1.13,48500,609196,199672,1.25,206164,504708,0
fog-k3s-master3,1,2026-06-06 08:29:49 UTC,15041772,15446980,180440,1.13,48508,609196,199672,1.25,206164,504708,172
fog-k3s-master3,1,2026-06-06 08:29:50 UTC,15041772,15447040,180420,1.13,48508,609216,199672,1.25,206164,504768,204
fog-k3s-master3,1,2026-06-06 08:29:51 UTC,15041772,15447040,180412,1.13,48508,609224,199672,1.25,206164,504768,212
fog-k3s-master3,1,2026-06-06 08:29:52 UTC,15041772,15447040,180400,1.13,48508,609236,199672,1.25,206164,504768,224
fog-k3s-master3,1,2026-06-06 08:29:53 UTC,15041772,15447040,180392,1.13,48508,609244,199672,1.25,206164,504768,232
fog-k3s-master3,1,2026-06-06 08:29:54 UTC,15041772,15447040,180380,1.13,48516,609248,199672,1.25,206164,504768,244
fog-k3s-master3,1,2026-06-06 08:29:55 UTC,15041772,15447040,180368,1.13,48516,609260,199672,1.25,206164,504768,260
fog-k3s-master3,1,2026-06-06 08:29:56 UTC,15041772,15447100,180352,1.13,48516,609276,199672,1.25,206164,504828,24
fog-k3s-master3,1,2026-06-06 08:29:57 UTC,15041772,15447100,180352,1.13,48516,609276,199672,1.25,206164,504828,24
fog-k3s-master3,1,2026-06-06 08:29:58 UTC,15041772,15447100,180352,1.13,48516,609276,199672,1.25,206164,504828,24
fog-k3s-master3,1,2026-06-06 08:29:59 UTC,15041772,15447100,180316,1.13,48524,609300,199672,1.25,206164,504828,212
fog-k3s-master3,1,2026-06-06 08:30:00 UTC,15041772,15447100,180308,1.13,48524,609308,199672,1.25,206164,504828,220
fog-k3s-master3,1,2026-06-06 08:30:01 UTC,15041772,15447100,180288,1.13,48524,609328,199672,1.25,206164,504828,32
fog-k3s-master3,1,2026-06-06 08:30:02 UTC,15041772,15447100,180288,1.13,48524,609328,199672,1.25,206164,504828,32
fog-k3s-master3,1,2026-06-06 08:30:03 UTC,15041772,15447160,180268,1.13,48524,609348,199672,1.25,206164,504888,52
fog-k3s-master3,1,2026-06-06 08:30:04 UTC,15041772,15447160,180260,1.13,48532,609348,199672,1.25,206164,504888,60
fog-k3s-master3,1,2026-06-06 08:30:05 UTC,15041772,15447200,180240,1.13,48532,609368,199672,1.25,205924,504928,308
fog-k3s-master3,1,2026-06-06 08:30:06 UTC,15041772,15447200,180228,1.13,48532,609380,199672,1.25,205924,504928,252
fog-k3s-master3,1,2026-06-06 08:30:07 UTC,15041772,15447200,180212,1.13,48532,609392,199672,1.25,206108,504928,268
fog-k3s-master3,1,2026-06-06 08:30:08 UTC,15041772,15447200,180200,1.13,48532,609404,199672,1.25,206108,504928,280
fog-k3s-master3,1,2026-06-06 08:30:09 UTC,15041772,15447200,180192,1.13,48540,609404,199672,1.25,206108,504928,44
fog-k3s-master3,1,2026-06-06 08:30:10 UTC,15041772,15447200,180168,1.13,48540,609428,199672,1.25,206108,504928,84
fog-k3s-master3,1,2026-06-06 08:30:11 UTC,15041772,15447260,180160,1.13,48540,609436,199672,1.25,206108,504988,92
fog-k3s-master3,1,2026-06-06 08:30:12 UTC,15041772,15447260,180148,1.13,48540,609448,199672,1.25,206108,504988,24
fog-k3s-master3,1,2026-06-06 08:30:13 UTC,15041772,15447260,180140,1.13,48540,609456,199672,1.25,206108,504988,36
fog-k3s-master3,1,2026-06-06 08:30:14 UTC,15040040,15445576,181848,1.14,48548,609468,202524,1.27,207428,505032,64
fog-k3s-master3,1,2026-06-06 08:30:15 UTC,15040040,15445576,181836,1.14,48548,609480,203124,1.27,207720,505032,84
fog-k3s-master3,1,2026-06-06 08:30:16 UTC,15040040,15445576,181824,1.14,48548,609492,203124,1.27,207720,505032,228
fog-k3s-master3,1,2026-06-06 08:30:17 UTC,15040040,15445636,181812,1.14,48548,609504,203124,1.27,207720,505092,252
fog-k3s-master3,1,2026-06-06 08:30:18 UTC,15040040,15445636,181800,1.14,48548,609516,203124,1.27,207720,505092,264
fog-k3s-master3,1,2026-06-06 08:30:19 UTC,15049176,15454772,172652,1.08,48556,609520,199672,1.25,206160,505092,312
fog-k3s-master3,1,2026-06-06 08:30:20 UTC,15049176,15454772,172644,1.08,48556,609528,199672,1.25,206160,505092,52
fog-k3s-master3,1,2026-06-06 08:30:21 UTC,15049332,15454940,172476,1.08,48556,609548,199672,1.25,206108,505104,68
fog-k3s-master3,1,2026-06-06 08:30:22 UTC,15049332,15454940,172476,1.08,48556,609548,199672,1.25,206108,505104,68
fog-k3s-master3,1,2026-06-06 08:30:23 UTC,15049108,15454776,172680,1.08,48556,609568,199672,1.25,206108,505164,88
fog-k3s-master3,1,2026-06-06 08:30:24 UTC,15049108,15454776,172672,1.08,48556,609576,199672,1.25,206108,505164,196
fog-k3s-master3,1,2026-06-06 08:30:25 UTC,15049108,15454776,172660,1.08,48564,609580,199672,1.25,206108,505164,168
fog-k3s-master3,1,2026-06-06 08:30:26 UTC,15049108,15454776,172652,1.08,48564,609588,199672,1.25,206108,505164,176
fog-k3s-master3,1,2026-06-06 08:30:27 UTC,15049108,15454776,172632,1.08,48564,609608,199672,1.25,206108,505164,200
fog-k3s-master3,1,2026-06-06 08:30:28 UTC,15049108,15454776,172624,1.08,48564,609616,199672,1.25,206108,505164,208
fog-k3s-master3,1,2026-06-06 08:30:29 UTC,15049108,15454836,172612,1.08,48564,609628,199672,1.25,206108,505224,220
fog-k3s-master3,1,2026-06-06 08:30:30 UTC,15049108,15454836,172596,1.08,48572,609632,199672,1.25,206108,505224,0
fog-k3s-master3,1,2026-06-06 08:30:31 UTC,15049108,15454836,172580,1.08,48572,609648,199672,1.25,206108,505224,32
fog-k3s-master3,1,2026-06-06 08:30:32 UTC,15049108,15454836,172580,1.08,48572,609648,199672,1.25,206108,505224,32
fog-k3s-master3,1,2026-06-06 08:30:33 UTC,15049108,15454836,172560,1.08,48572,609668,199672,1.25,206108,505224,52
fog-k3s-master3,1,2026-06-06 08:30:34 UTC,15049108,15454836,172548,1.08,48572,609680,199672,1.25,206108,505224,64
fog-k3s-master3,1,2026-06-06 08:30:35 UTC,15049108,15454900,172540,1.08,48580,609680,199672,1.25,206108,505288,56
fog-k3s-master3,1,2026-06-06 08:30:36 UTC,15049108,15454900,172528,1.08,48580,609692,199672,1.25,206108,505288,4
fog-k3s-master3,1,2026-06-06 08:30:37 UTC,15049108,15454900,172512,1.08,48580,609708,199672,1.25,206108,505288,40
fog-k3s-master3,1,2026-06-06 08:30:38 UTC,15049108,15454900,172500,1.08,48580,609720,199672,1.25,206108,505288,52
fog-k3s-master3,1,2026-06-06 08:30:39 UTC,15049108,15454900,172500,1.08,48580,609720,199672,1.25,206108,505288,52
fog-k3s-master3,1,2026-06-06 08:30:40 UTC,15049108,15454900,172480,1.08,48580,609740,199672,1.25,206108,505288,224
fog-k3s-master3,1,2026-06-06 08:30:41 UTC,15049108,15454960,172468,1.08,48580,609752,199672,1.25,206108,505348,212
fog-k3s-master3,1,2026-06-06 08:30:42 UTC,15049108,15454960,172460,1.08,48588,609752,199672,1.25,206108,505348,220
fog-k3s-master3,1,2026-06-06 08:30:43 UTC,15049108,15454960,172440,1.08,48588,609772,199672,1.25,206108,505348,196
fog-k3s-master3,1,2026-06-06 08:30:44 UTC,15049108,15454960,172432,1.08,48588,609780,199672,1.25,206108,505348,208
fog-k3s-master3,1,2026-06-06 08:30:45 UTC,15049108,15454960,172432,1.08,48588,609780,199672,1.25,206108,505348,208
fog-k3s-master3,1,2026-06-06 08:30:46 UTC,15048884,15454796,172600,1.08,48588,609800,202524,1.27,207348,505404,72
fog-k3s-master3,1,2026-06-06 08:30:47 UTC,15048884,15454808,172588,1.08,48596,609804,203124,1.27,207716,505416,236
fog-k3s-master3,1,2026-06-06 08:30:48 UTC,15048884,15454816,172568,1.08,48596,609820,203124,1.27,207844,505424,204
fog-k3s-master3,1,2026-06-06 08:30:49 UTC,15048884,15454828,172556,1.08,48596,609832,203124,1.27,207844,505436,216
fog-k3s-master3,1,2026-06-06 08:30:50 UTC,15048884,15454836,172552,1.08,48596,609840,199672,1.25,206148,505444,172
fog-k3s-master3,1,2026-06-06 08:30:51 UTC,15048884,15454836,172540,1.08,48596,609852,199672,1.25,206148,505444,184
fog-k3s-master3,1,2026-06-06 08:30:52 UTC,15048884,15454856,172532,1.08,48596,609860,199672,1.25,206148,505464,168
fog-k3s-master3,1,2026-06-06 08:30:53 UTC,15048884,15454856,172520,1.08,48604,609864,199672,1.25,206148,505464,180
fog-k3s-master3,1,2026-06-06 08:30:54 UTC,15048884,15454880,172500,1.08,48604,609884,199672,1.25,206148,505488,240
fog-k3s-master3,1,2026-06-06 08:30:55 UTC,15048884,15454880,172492,1.08,48604,609892,199672,1.25,206148,505488,252
fog-k3s-master3,1,2026-06-06 08:30:56 UTC,15048884,15454888,172480,1.08,48604,609904,199672,1.25,206148,505496,60
fog-k3s-master3,1,2026-06-06 08:30:57 UTC,15048884,15454888,172472,1.08,48604,609912,199672,1.25,206148,505496,68
fog-k3s-master3,1,2026-06-06 08:30:58 UTC,15048884,15454920,172460,1.08,48604,609924,199672,1.25,206148,505528,44
fog-k3s-master3,1,2026-06-06 08:30:59 UTC,15048884,15454920,172452,1.08,48612,609924,199672,1.25,206148,505528,52
fog-k3s-master3,1,2026-06-06 08:31:00 UTC,15048884,15454980,172428,1.08,48612,609944,199672,1.25,206148,505588,184
fog-k3s-master3,1,2026-06-06 08:31:01 UTC,15048884,15454980,172420,1.08,48612,609952,199672,1.25,206148,505588,196
fog-k3s-master3,1,2026-06-06 08:31:02 UTC,15048884,15454980,172408,1.08,48612,609964,199672,1.25,206148,505588,208
fog-k3s-master3,1,2026-06-06 08:31:03 UTC,15048884,15454980,172400,1.08,48612,609972,199672,1.25,206148,505588,216
fog-k3s-master3,1,2026-06-06 08:31:04 UTC,15048884,15455040,172388,1.08,48620,609976,199672,1.25,206148,505648,216
fog-k3s-master3,1,2026-06-06 08:31:05 UTC,15048884,15455052,172376,1.08,48620,609988,199672,1.25,206148,505660,60
fog-k3s-master3,1,2026-06-06 08:31:06 UTC,15048884,15455052,172360,1.08,48620,610004,199672,1.25,206148,505660,20
fog-k3s-master3,1,2026-06-06 08:31:07 UTC,15048884,15455052,172348,1.08,48620,610016,199672,1.25,206148,505660,36
fog-k3s-master3,1,2026-06-06 08:31:08 UTC,15048884,15455052,172340,1.08,48620,610024,199672,1.25,206148,505660,44
fog-k3s-master3,1,2026-06-06 08:31:09 UTC,15048884,15455052,172328,1.08,48628,610028,199672,1.25,206148,505660,56
fog-k3s-master3,1,2026-06-06 08:31:10 UTC,15048884,15455100,172312,1.08,48628,610044,199672,1.25,206148,505708,48
fog-k3s-master3,1,2026-06-06 08:31:11 UTC,15048884,15455100,172300,1.08,48628,610056,199672,1.25,206148,505708,60
fog-k3s-master3,1,2026-06-06 08:31:12 UTC,15048884,15455120,172292,1.08,48628,610064,199672,1.25,206148,505728,4
fog-k3s-master3,1,2026-06-06 08:31:13 UTC,15048884,15455120,172280,1.08,48628,610076,199672,1.25,206148,505728,20
fog-k3s-master3,1,2026-06-06 08:31:14 UTC,15048884,15455124,172260,1.08,48636,610084,199672,1.25,206148,505728,200
fog-k3s-master3,1,2026-06-06 08:31:15 UTC,15048884,15455124,172248,1.08,48636,610096,199672,1.25,206148,505728,212
fog-k3s-master3,1,2026-06-06 08:31:16 UTC,15048884,15455124,172236,1.08,48636,610104,199672,1.25,206148,505728,220
fog-k3s-master3,1,2026-06-06 08:31:17 UTC,15048884,15455124,172224,1.08,48636,610116,199672,1.25,206148,505728,232
fog-k3s-master3,1,2026-06-06 08:31:18 UTC,15048884,15455184,172212,1.08,48636,610128,199672,1.25,206148,505788,176
fog-k3s-master3,1,2026-06-06 08:31:19 UTC,15048884,15455184,172204,1.08,48644,610128,199672,1.25,206148,505788,168
fog-k3s-master3,1,2026-06-06 08:31:20 UTC,15048884,15455184,172204,1.08,48644,610128,199672,1.25,206148,505788,168
fog-k3s-master3,1,2026-06-06 08:31:21 UTC,15048884,15455184,172176,1.08,48644,610156,199672,1.25,206148,505788,36
fog-k3s-master3,1,2026-06-06 08:31:22 UTC,15048884,15455184,172176,1.08,48644,610156,199672,1.25,206148,505788,36
fog-k3s-master3,1,2026-06-06 08:31:23 UTC,15048884,15455184,172156,1.08,48644,610176,199672,1.25,206148,505788,56
fog-k3s-master3,1,2026-06-06 08:31:24 UTC,15048884,15455184,172156,1.08,48652,610168,199672,1.25,206148,505788,212
fog-k3s-master3,1,2026-06-06 08:31:25 UTC,15048884,15455244,172128,1.08,48652,610196,199672,1.25,206148,505848,196
fog-k3s-master3,1,2026-06-06 08:31:26 UTC,15048884,15455244,172116,1.08,48652,610208,199672,1.25,206148,505848,208
fog-k3s-master3,1,2026-06-06 08:31:27 UTC,15048884,15455244,172108,1.08,48652,610216,199672,1.25,206148,505848,60
fog-k3s-master3,1,2026-06-06 08:31:28 UTC,15048884,15455244,172096,1.08,48652,610228,199672,1.25,206148,505848,72
fog-k3s-master3,1,2026-06-06 08:31:29 UTC,15048884,15455244,172084,1.08,48660,610232,199672,1.25,206148,505848,84
fog-k3s-master3,1,2026-06-06 08:31:30 UTC,15048884,15455304,172076,1.08,48660,610240,199672,1.25,206148,505908,92
fog-k3s-master3,1,2026-06-06 08:31:31 UTC,15048884,15455308,172052,1.08,48660,610260,199672,1.25,206148,505908,176
fog-k3s-master3,1,2026-06-06 08:31:32 UTC,15048884,15455308,172044,1.08,48660,610268,199672,1.25,206148,505908,184
fog-k3s-master3,1,2026-06-06 08:31:33 UTC,15048884,15455308,172032,1.08,48660,610280,199672,1.25,206148,505908,196
fog-k3s-master3,1,2026-06-06 08:31:34 UTC,15048884,15455308,172024,1.08,48668,610280,199672,1.25,206148,505908,216
fog-k3s-master3,1,2026-06-06 08:31:35 UTC,15048884,15455368,172004,1.08,48668,610300,199672,1.25,206148,505968,76
fog-k3s-master3,1,2026-06-06 08:31:36 UTC,15048884,15455428,171996,1.08,48668,610308,199672,1.25,206148,506028,20
fog-k3s-master3,1,2026-06-06 08:31:37 UTC,15048884,15455428,171984,1.08,48668,610320,199672,1.25,206148,506028,36
fog-k3s-master3,1,2026-06-06 08:31:38 UTC,15048884,15455428,171976,1.08,48668,610328,199672,1.25,206148,506028,44
fog-k3s-master3,1,2026-06-06 08:31:39 UTC,15048884,15455428,171964,1.08,48676,610332,199672,1.25,206148,506028,56
fog-k3s-master3,1,2026-06-06 08:31:40 UTC,15048884,15455428,171964,1.08,48676,610332,199672,1.25,206148,506028,56
fog-k3s-master3,1,2026-06-06 08:31:41 UTC,15048884,15455428,171936,1.08,48676,610360,199672,1.25,206148,506028,60
fog-k3s-master3,1,2026-06-06 08:31:42 UTC,15048884,15455488,171924,1.08,48676,610372,199672,1.25,206148,506088,4
fog-k3s-master3,1,2026-06-06 08:31:43 UTC,15048884,15455488,171916,1.08,48676,610380,199672,1.25,206148,506088,16
fog-k3s-master3,1,2026-06-06 08:31:44 UTC,15048884,15455488,171904,1.08,48676,610392,199672,1.25,206148,506088,188
fog-k3s-master3,1,2026-06-06 08:31:45 UTC,15048884,15455488,171888,1.08,48684,610400,199672,1.25,206148,506088,216
fog-k3s-master3,1,2026-06-06 08:31:46 UTC,15048884,15455488,171872,1.08,48684,610412,199672,1.25,206148,506088,228
fog-k3s-master3,1,2026-06-06 08:31:47 UTC,15048884,15455488,171864,1.08,48684,610420,199672,1.25,206148,506088,236
fog-k3s-master3,1,2026-06-06 08:31:48 UTC,15048884,15455548,171852,1.08,48684,610432,199672,1.25,206148,506148,248
fog-k3s-master3,1,2026-06-06 08:31:49 UTC,15048884,15455548,171844,1.08,48684,610440,199672,1.25,206148,506148,196
fog-k3s-master3,1,2026-06-06 08:31:50 UTC,15048884,15455548,171832,1.08,48692,610444,199672,1.25,206148,506148,36
fog-k3s-master3,1,2026-06-06 08:31:51 UTC,15048884,15455548,171816,1.07,48692,610460,199672,1.25,206148,506148,60
fog-k3s-master3,1,2026-06-06 08:31:52 UTC,15048884,15455548,171804,1.07,48692,610472,199672,1.25,206148,506148,72
fog-k3s-master3,1,2026-06-06 08:31:53 UTC,15048884,15455608,171792,1.07,48692,610484,199672,1.25,206148,506208,84
fog-k3s-master3,1,2026-06-06 08:31:54 UTC,15048884,15455608,171784,1.07,48692,610492,199672,1.25,206148,506208,248
fog-k3s-master3,1,2026-06-06 08:31:55 UTC,15048884,15455608,171772,1.07,48692,610504,199672,1.25,206148,506208,16
fog-k3s-master3,1,2026-06-06 08:31:56 UTC,15048884,15455608,171764,1.07,48700,610504,199672,1.25,206148,506208,24
fog-k3s-master3,1,2026-06-06 08:31:57 UTC,15048884,15455608,171744,1.07,48700,610524,199672,1.25,206148,506208,60
fog-k3s-master3,1,2026-06-06 08:31:58 UTC,15048884,15455608,171736,1.07,48700,610532,199672,1.25,206148,506208,68
fog-k3s-master3,1,2026-06-06 08:31:59 UTC,15048884,15455668,171724,1.07,48700,610544,199672,1.25,206148,506268,244
fog-k3s-master3,1,2026-06-06 08:32:00 UTC,15048884,15455668,171716,1.07,48700,610552,199672,1.25,206148,506268,252
fog-k3s-master3,1,2026-06-06 08:32:01 UTC,15048884,15455668,171704,1.07,48700,610564,199672,1.25,206148,506268,180
fog-k3s-master3,1,2026-06-06 08:32:02 UTC,15048632,15455416,171956,1.08,48708,610556,202524,1.27,207368,506268,180
fog-k3s-master3,1,2026-06-06 08:32:03 UTC,15047624,15454452,172928,1.08,48708,610584,203124,1.27,207812,506308,316
fog-k3s-master3,1,2026-06-06 08:32:04 UTC,15047624,15454452,172920,1.08,48708,610592,203124,1.27,207812,506308,336
fog-k3s-master3,1,2026-06-06 08:32:05 UTC,15047624,15454452,172908,1.08,48708,610604,203124,1.27,207812,506308,348
fog-k3s-master3,1,2026-06-06 08:32:06 UTC,15047624,15454476,172896,1.08,48708,610616,203124,1.27,207852,506332,144
fog-k3s-master3,1,2026-06-06 08:32:07 UTC,15047624,15454476,172888,1.08,48708,610624,203124,1.27,207852,506332,132
fog-k3s-master3,1,2026-06-06 08:32:08 UTC,15047624,15454504,172884,1.08,48716,610628,199672,1.25,206124,506360,144
fog-k3s-master3,1,2026-06-06 08:32:09 UTC,15047624,15454504,172884,1.08,48716,610628,199672,1.25,206124,506360,144
fog-k3s-master3,1,2026-06-06 08:32:10 UTC,15047624,15454504,172856,1.08,48716,610656,199672,1.25,206124,506360,308
fog-k3s-master3,1,2026-06-06 08:32:11 UTC,15047624,15454504,172848,1.08,48716,610664,199672,1.25,206124,506360,316
fog-k3s-master3,1,2026-06-06 08:32:12 UTC,15047624,15454504,172836,1.08,48716,610676,199672,1.25,206124,506360,36
fog-k3s-master3,1,2026-06-06 08:32:13 UTC,15047624,15454504,172828,1.08,48716,610684,199672,1.25,206124,506360,12
fog-k3s-master3,1,2026-06-06 08:32:14 UTC,15047624,15454564,172808,1.08,48724,610696,199672,1.25,206124,506420,56
fog-k3s-master3,1,2026-06-06 08:32:15 UTC,15047624,15454564,172800,1.08,48724,610704,199672,1.25,206124,506420,64
fog-k3s-master3,1,2026-06-06 08:32:16 UTC,15047624,15454564,172788,1.08,48724,610716,199672,1.25,206124,506420,236
fog-k3s-master3,1,2026-06-06 08:32:17 UTC,15047624,15454564,172772,1.08,48724,610728,199672,1.25,206124,506420,248
fog-k3s-master3,1,2026-06-06 08:32:18 UTC,15047624,15454564,172764,1.08,48724,610736,199672,1.25,206124,506420,256
fog-k3s-master3,1,2026-06-06 08:32:19 UTC,15047624,15454564,172752,1.08,48732,610740,199672,1.25,206124,506420,288
fog-k3s-master3,1,2026-06-06 08:32:20 UTC,15047624,15454684,172736,1.08,48732,610756,199672,1.25,206124,506540,44
fog-k3s-master3,1,2026-06-06 08:32:21 UTC,15047624,15454684,172724,1.08,48732,610768,199672,1.25,206124,506540,56
fog-k3s-master3,1,2026-06-06 08:32:22 UTC,15047624,15454684,172716,1.08,48732,610776,199672,1.25,206124,506540,64
fog-k3s-master3,1,2026-06-06 08:32:23 UTC,15047624,15454684,172704,1.08,48732,610788,199672,1.25,206124,506540,76
fog-k3s-master3,1,2026-06-06 08:32:24 UTC,15047624,15454684,172696,1.08,48740,610788,199672,1.25,206124,506540,0
fog-k3s-master3,1,2026-06-06 08:32:25 UTC,15047624,15454684,172684,1.08,48740,610800,199672,1.25,206124,506540,0
fog-k3s-master3,1,2026-06-06 08:32:26 UTC,15047624,15454744,172668,1.08,48740,610816,199672,1.25,206124,506600,28
fog-k3s-master3,1,2026-06-06 08:32:27 UTC,15047624,15454744,172656,1.08,48740,610828,199672,1.25,206124,506600,40
fog-k3s-master3,1,2026-06-06 08:32:28 UTC,15047624,15454744,172644,1.08,48740,610840,199672,1.25,206124,506600,52
fog-k3s-master3,1,2026-06-06 08:32:29 UTC,15047624,15454744,172636,1.08,48748,610840,199672,1.25,206124,506600,212
fog-k3s-master3,1,2026-06-06 08:32:30 UTC,15047624,15454744,172616,1.08,48748,610860,199672,1.25,206124,506600,160
fog-k3s-master3,1,2026-06-06 08:32:31 UTC,15047624,15454744,172616,1.08,48748,610860,199672,1.25,206124,506600,160
fog-k3s-master3,1,2026-06-06 08:32:32 UTC,15047624,15454808,172592,1.08,48748,610880,199672,1.25,206124,506660,184
fog-k3s-master3,1,2026-06-06 08:32:33 UTC,15047624,15454808,172584,1.08,48748,610888,199672,1.25,206124,506660,192
fog-k3s-master3,1,2026-06-06 08:32:34 UTC,15047624,15454808,172564,1.08,48756,610900,199672,1.25,206124,506660,236
fog-k3s-master3,1,2026-06-06 08:32:35 UTC,15047624,15454808,172556,1.08,48756,610908,199672,1.25,206124,506660,80
fog-k3s-master3,1,2026-06-06 08:32:36 UTC,15047624,15454808,172544,1.08,48756,610920,199672,1.25,206124,506660,4
fog-k3s-master3,1,2026-06-06 08:32:37 UTC,15047624,15454808,172536,1.08,48756,610928,199672,1.25,206124,506660,16
fog-k3s-master3,1,2026-06-06 08:32:38 UTC,15047624,15454868,172524,1.08,48756,610940,199672,1.25,206124,506720,28
fog-k3s-master3,1,2026-06-06 08:32:39 UTC,15047624,15454868,172508,1.08,48764,610948,199672,1.25,206124,506720,200
fog-k3s-master3,1,2026-06-06 08:32:40 UTC,15047624,15454868,172496,1.08,48764,610960,199672,1.25,206124,506720,212
fog-k3s-master3,1,2026-06-06 08:32:41 UTC,15047624,15454868,172484,1.08,48764,610972,199672,1.25,206124,506720,224
fog-k3s-master3,1,2026-06-06 08:32:42 UTC,15047624,15454868,172476,1.08,48764,610980,199672,1.25,206124,506720,168
fog-k3s-master3,1,2026-06-06 08:32:43 UTC,15047624,15454868,172464,1.08,48764,610992,199672,1.25,206124,506720,184
fog-k3s-master3,1,2026-06-06 08:32:44 UTC,15047624,15454928,172456,1.08,48772,610992,199672,1.25,206124,506780,192
fog-k3s-master3,1,2026-06-06 08:32:45 UTC,15047624,15454928,172436,1.08,48772,611012,199672,1.25,206124,506780,40
fog-k3s-master3,1,2026-06-06 08:32:46 UTC,15047624,15454928,172436,1.08,48772,611012,199672,1.25,206124,506780,40
fog-k3s-master3,1,2026-06-06 08:32:47 UTC,15047624,15454928,172416,1.08,48772,611032,199672,1.25,206124,506780,60
fog-k3s-master3,1,2026-06-06 08:32:48 UTC,15047624,15454928,172404,1.08,48772,611040,199672,1.25,206124,506780,68
fog-k3s-master3,1,2026-06-06 08:32:49 UTC,15047624,15454928,172384,1.08,48780,611052,199672,1.25,206124,506780,196
fog-k3s-master3,1,2026-06-06 08:32:50 UTC,15047624,15454928,172384,1.08,48780,611052,199672,1.25,206124,506780,36
fog-k3s-master3,1,2026-06-06 08:32:51 UTC,15047624,15454988,172364,1.08,48780,611072,199672,1.25,206124,506840,56
fog-k3s-master3,1,2026-06-06 08:32:52 UTC,15047624,15454988,172352,1.08,48780,611084,199672,1.25,206124,506840,68
fog-k3s-master3,1,2026-06-06 08:32:53 UTC,15047624,15454988,172344,1.08,48780,611092,199672,1.25,206124,506840,76
fog-k3s-master3,1,2026-06-06 08:32:54 UTC,15047624,15454988,172332,1.08,48788,611096,199672,1.25,206124,506840,88
fog-k3s-master3,1,2026-06-06 08:32:55 UTC,15047624,15455052,172312,1.08,48788,611112,199672,1.25,206124,506900,168
fog-k3s-master3,1,2026-06-06 08:32:56 UTC,15047624,15455112,172300,1.08,48788,611124,199672,1.25,206124,506960,180
fog-k3s-master3,1,2026-06-06 08:32:57 UTC,15047624,15455112,172292,1.08,48788,611132,199672,1.25,206124,506960,188
fog-k3s-master3,1,2026-06-06 08:32:58 UTC,15047624,15455112,172280,1.08,48788,611144,199672,1.25,206124,506960,200
fog-k3s-master3,1,2026-06-06 08:32:59 UTC,15047624,15455112,172272,1.08,48796,611144,199672,1.25,206124,506960,220
fog-k3s-master3,1,2026-06-06 08:33:00 UTC,15047624,15455112,172260,1.08,48796,611156,199672,1.25,206124,506960,232
fog-k3s-master3,1,2026-06-06 08:33:01 UTC,15047624,15455112,172244,1.08,48796,611172,199672,1.25,206124,506960,24
fog-k3s-master3,1,2026-06-06 08:33:02 UTC,15047624,15455172,172232,1.08,48796,611184,199672,1.25,206124,507020,36
fog-k3s-master3,1,2026-06-06 08:33:03 UTC,15047624,15455172,172220,1.08,48796,611192,199672,1.25,206124,507020,44
fog-k3s-master3,1,2026-06-06 08:33:04 UTC,15047624,15455172,172208,1.08,48804,611196,199672,1.25,206124,507020,56
fog-k3s-master3,1,2026-06-06 08:33:05 UTC,15047624,15455172,172188,1.08,48804,611216,199672,1.25,206124,507020,60
fog-k3s-master3,1,2026-06-06 08:33:06 UTC,15047624,15455172,172180,1.08,48804,611224,199672,1.25,206124,507020,4
fog-k3s-master3,1,2026-06-06 08:33:07 UTC,15047624,15455232,172168,1.08,48804,611236,199672,1.25,206124,507080,20
fog-k3s-master3,1,2026-06-06 08:33:08 UTC,15047624,15455232,172168,1.08,48804,611236,199672,1.25,206124,507080,20
fog-k3s-master3,1,2026-06-06 08:33:09 UTC,15047624,15455232,172148,1.08,48812,611248,199672,1.25,206124,507080,192
fog-k3s-master3,1,2026-06-06 08:33:10 UTC,15047624,15455232,172140,1.08,48812,611256,199672,1.25,206124,507080,200
fog-k3s-master3,1,2026-06-06 08:33:11 UTC,15047624,15455232,172120,1.08,48812,611276,199672,1.25,206124,507080,228
fog-k3s-master3,1,2026-06-06 08:33:12 UTC,15047624,15455232,172112,1.08,48812,611284,199672,1.25,206124,507080,172
fog-k3s-master3,1,2026-06-06 08:33:13 UTC,15047624,15455292,172100,1.08,48812,611296,199672,1.25,206124,507140,188
fog-k3s-master3,1,2026-06-06 08:33:14 UTC,15047624,15455292,172092,1.08,48820,611296,199672,1.25,206124,507140,196
fog-k3s-master3,1,2026-06-06 08:33:15 UTC,15047624,15455292,172072,1.08,48820,611316,199672,1.25,206124,507140,40
fog-k3s-master3,1,2026-06-06 08:33:16 UTC,15047624,15455292,172060,1.08,48820,611328,199672,1.25,206124,507140,52
fog-k3s-master3,1,2026-06-06 08:33:17 UTC,15047624,15455292,172052,1.08,48820,611336,199672,1.25,206124,507140,60
fog-k3s-master3,1,2026-06-06 08:33:18 UTC,15047624,15455296,172036,1.08,48820,611348,199672,1.25,206124,507140,72
fog-k3s-master3,1,2026-06-06 08:33:19 UTC,15047624,15455356,172020,1.08,48828,611356,199672,1.25,206124,507200,180
fog-k3s-master3,1,2026-06-06 08:33:20 UTC,15047624,15455356,172008,1.08,48828,611368,199672,1.25,206124,507200,40
fog-k3s-master3,1,2026-06-06 08:33:21 UTC,15047624,15455356,172000,1.08,48828,611376,199672,1.25,206124,507200,48
fog-k3s-master3,1,2026-06-06 08:33:22 UTC,15047624,15455356,171988,1.08,48828,611388,199672,1.25,206124,507200,60
fog-k3s-master3,1,2026-06-06 08:33:23 UTC,15047624,15455356,171980,1.08,48828,611396,199672,1.25,206124,507200,68
fog-k3s-master3,1,2026-06-06 08:33:24 UTC,15047624,15455356,171968,1.08,48836,611400,199672,1.25,206124,507200,80
fog-k3s-master3,1,2026-06-06 08:33:25 UTC,15047624,15455416,171952,1.08,48836,611416,199672,1.25,206124,507260,172
fog-k3s-master3,1,2026-06-06 08:33:26 UTC,15047624,15455416,171940,1.08,48836,611428,199672,1.25,206124,507260,184
fog-k3s-master3,1,2026-06-06 08:33:27 UTC,15047624,15455416,171932,1.08,48836,611436,199672,1.25,206124,507260,192
fog-k3s-master3,1,2026-06-06 08:33:28 UTC,15047624,15455416,171920,1.08,48836,611448,199672,1.25,206124,507260,204
fog-k3s-master3,1,2026-06-06 08:33:29 UTC,15047624,15455416,171908,1.08,48844,611452,199672,1.25,206124,507260,232
fog-k3s-master3,1,2026-06-06 08:33:30 UTC,15047624,15455416,171892,1.08,48844,611468,199672,1.25,206124,507260,16
fog-k3s-master3,1,2026-06-06 08:33:31 UTC,15047624,15455476,171880,1.08,48844,611480,199672,1.25,206124,507320,32
fog-k3s-master3,1,2026-06-06 08:33:32 UTC,15047624,15455476,171872,1.08,48844,611488,199672,1.25,206124,507320,40
fog-k3s-master3,1,2026-06-06 08:33:33 UTC,15047624,15455476,171860,1.08,48844,611500,199672,1.25,206124,507320,52
fog-k3s-master3,1,2026-06-06 08:33:34 UTC,15047624,15455476,171848,1.08,48844,611508,199672,1.25,206124,507320,60
fog-k3s-master3,1,2026-06-06 08:33:35 UTC,15047624,15455476,171836,1.08,48852,611512,199672,1.25,206124,507320,72
fog-k3s-master3,1,2026-06-06 08:33:36 UTC,15047624,15455540,171816,1.07,48852,611532,199672,1.25,206124,507384,8
fog-k3s-master3,1,2026-06-06 08:33:37 UTC,15047624,15455600,171804,1.07,48852,611544,199672,1.25,206124,507444,24
fog-k3s-master3,1,2026-06-06 08:33:38 UTC,15047624,15455600,171796,1.07,48852,611552,199672,1.25,206124,507444,32
fog-k3s-master3,1,2026-06-06 08:33:39 UTC,15047624,15455600,171784,1.07,48852,611564,199672,1.25,206124,507444,196
fog-k3s-master3,1,2026-06-06 08:33:40 UTC,15047624,15455600,171764,1.07,48860,611576,199672,1.25,206124,507444,224
fog-k3s-master3,1,2026-06-06 08:33:41 UTC,15047624,15455600,171756,1.07,48860,611584,199672,1.25,206124,507444,232
fog-k3s-master3,1,2026-06-06 08:33:42 UTC,15047624,15455600,171744,1.07,48860,611596,199672,1.25,206124,507444,176
fog-k3s-master3,1,2026-06-06 08:33:43 UTC,15047624,15455660,171736,1.07,48860,611604,199672,1.25,206124,507504,188
fog-k3s-master3,1,2026-06-06 08:33:44 UTC,15047624,15455660,171724,1.07,48860,611616,199672,1.25,206124,507504,200
fog-k3s-master3,1,2026-06-06 08:33:45 UTC,15047624,15455660,171716,1.07,48868,611616,199672,1.25,206124,507504,208
fog-k3s-master3,1,2026-06-06 08:33:46 UTC,15047624,15455660,171696,1.07,48868,611636,199672,1.25,206124,507504,76
fog-k3s-master3,1,2026-06-06 08:33:47 UTC,15047624,15455660,171688,1.07,48868,611644,199672,1.25,206124,507504,84
fog-k3s-master3,1,2026-06-06 08:33:48 UTC,15047624,15455660,171676,1.07,48868,611656,199672,1.25,206124,507504,32
fog-k3s-master3,1,2026-06-06 08:33:49 UTC,15047624,15455660,171676,1.07,48868,611656,199672,1.25,206124,507504,184
fog-k3s-master3,1,2026-06-06 08:33:50 UTC,15047624,15455724,171652,1.07,48868,611676,199672,1.25,206124,507564,52
fog-k3s-master3,1,2026-06-06 08:33:51 UTC,15047624,15455724,171636,1.07,48876,611684,202524,1.27,207180,507564,56
fog-k3s-master3,1,2026-06-06 08:33:52 UTC,15047624,15455748,171624,1.07,48876,611696,203124,1.27,207832,507588,76
fog-k3s-master3,1,2026-06-06 08:33:53 UTC,15047624,15455748,171612,1.07,48876,611708,203124,1.27,207832,507588,88
fog-k3s-master3,1,2026-06-06 08:33:54 UTC,15047624,15455900,171476,1.07,48876,611844,203124,1.27,207980,507620,288
fog-k3s-master3,1,2026-06-06 08:33:55 UTC,15047624,15455912,171464,1.07,48876,611856,199672,1.25,206284,507632,324
fog-k3s-master3,1,2026-06-06 08:33:56 UTC,15047624,15455912,171456,1.07,48876,611864,199672,1.25,206284,507632,312
fog-k3s-master3,1,2026-06-06 08:33:57 UTC,15047624,15455912,171444,1.07,48884,611868,199672,1.25,206284,507632,324
fog-k3s-master3,1,2026-06-06 08:33:58 UTC,15047624,15455912,171428,1.07,48884,611884,199672,1.25,206284,507632,104
fog-k3s-master3,1,2026-06-06 08:33:59 UTC,15047624,15455912,171416,1.07,48884,611896,199672,1.25,206284,507632,116
fog-k3s-master3,1,2026-06-06 08:34:00 UTC,15047624,15455920,171408,1.07,48884,611904,199672,1.25,206292,507632,188
fog-k3s-master3,1,2026-06-06 08:34:01 UTC,15047624,15455980,171396,1.07,48884,611916,199672,1.25,206292,507692,204
fog-k3s-master3,1,2026-06-06 08:34:02 UTC,15047624,15455980,171388,1.07,48884,611924,199672,1.25,206292,507692,180
fog-k3s-master3,1,2026-06-06 08:34:03 UTC,15047624,15455980,171376,1.07,48892,611928,199672,1.25,206292,507692,192
fog-k3s-master3,1,2026-06-06 08:34:04 UTC,15047624,15455980,171352,1.07,48892,611948,199672,1.25,206292,507692,76
fog-k3s-master3,1,2026-06-06 08:34:05 UTC,15047624,15455980,171344,1.07,48892,611956,199672,1.25,206292,507692,84
fog-k3s-master3,1,2026-06-06 08:34:06 UTC,15047624,15456036,171328,1.07,48896,611968,199672,1.25,206292,507748,28
fog-k3s-master3,1,2026-06-06 08:34:07 UTC,15047624,15456036,171320,1.07,48896,611976,199672,1.25,206292,507748,40
fog-k3s-master3,1,2026-06-06 08:34:08 UTC,15047624,15456056,171308,1.07,48896,611988,199672,1.25,206292,507768,24
fog-k3s-master3,1,2026-06-06 08:34:09 UTC,15047624,15456056,171300,1.07,48908,611984,199672,1.25,206292,507768,32
fog-k3s-master3,1,2026-06-06 08:34:10 UTC,15047624,15456076,171276,1.07,48908,612008,199672,1.25,206292,507788,80
fog-k3s-master3,1,2026-06-06 08:34:11 UTC,15047624,15456084,171268,1.07,48908,612016,199672,1.25,206292,507796,36
fog-k3s-master3,1,2026-06-06 08:34:12 UTC,15047624,15456084,171268,1.07,48908,612016,199672,1.25,206292,507796,36
fog-k3s-master3,1,2026-06-06 08:34:13 UTC,15047624,15456084,171248,1.07,48908,612036,199672,1.25,206292,507796,60
fog-k3s-master3,1,2026-06-06 08:34:14 UTC,15047624,15456084,171248,1.07,48920,612024,199672,1.25,206292,507796,212
fog-k3s-master3,1,2026-06-06 08:34:15 UTC,15047624,15456144,171216,1.07,48920,612056,199672,1.25,206292,507856,224
fog-k3s-master3,1,2026-06-06 08:34:16 UTC,15047624,15456196,171204,1.07,48920,612068,199672,1.25,206292,507908,180
fog-k3s-master3,1,2026-06-06 08:34:17 UTC,15047624,15456196,171192,1.07,48920,612080,199672,1.25,206292,507908,196
fog-k3s-master3,1,2026-06-06 08:34:18 UTC,15047624,15456196,171184,1.07,48920,612088,199672,1.25,206292,507908,204
fog-k3s-master3,1,2026-06-06 08:34:19 UTC,15047624,15456200,171168,1.07,48932,612088,199672,1.25,206292,507908,216
fog-k3s-master3,1,2026-06-06 08:34:20 UTC,15047624,15456240,171160,1.07,48932,612096,199672,1.25,206292,507948,72
fog-k3s-master3,1,2026-06-06 08:34:21 UTC,15047624,15456240,171136,1.07,48932,612120,199672,1.25,206292,507948,4
fog-k3s-master3,1,2026-06-06 08:34:22 UTC,15047624,15456240,171128,1.07,48932,612128,199672,1.25,206292,507948,16
fog-k3s-master3,1,2026-06-06 08:34:23 UTC,15047624,15456240,171116,1.07,48932,612140,199672,1.25,206292,507948,28
fog-k3s-master3,1,2026-06-06 08:34:24 UTC,15047624,15456280,171108,1.07,48944,612136,199672,1.25,206292,507988,184
fog-k3s-master3,1,2026-06-06 08:34:25 UTC,15047624,15456280,171084,1.07,48944,612160,199672,1.25,206292,507988,220
fog-k3s-master3,1,2026-06-06 08:34:26 UTC,15047624,15456280,171084,1.07,48944,612160,199672,1.25,206292,507988,220
fog-k3s-master3,1,2026-06-06 08:34:27 UTC,15047624,15456280,171064,1.07,48944,612180,199672,1.25,206292,507988,192
fog-k3s-master3,1,2026-06-06 08:34:28 UTC,15047624,15456280,171052,1.07,48944,612192,199672,1.25,206292,507988,204
fog-k3s-master3,1,2026-06-06 08:34:29 UTC,15047624,15456332,171044,1.07,48956,612188,199672,1.25,206292,508040,188
fog-k3s-master3,1,2026-06-06 08:34:30 UTC,15047624,15456332,171032,1.07,48956,612200,199672,1.25,206292,508040,200
fog-k3s-master3,1,2026-06-06 08:34:31 UTC,15047624,15456332,171008,1.07,48956,612220,199672,1.25,206292,508040,4
fog-k3s-master3,1,2026-06-06 08:34:32 UTC,15047624,15456332,170996,1.07,48956,612232,199672,1.25,206292,508040,20
fog-k3s-master3,1,2026-06-06 08:34:33 UTC,15047624,15456332,170988,1.07,48956,612240,199672,1.25,206292,508040,28
fog-k3s-master3,1,2026-06-06 08:34:34 UTC,15047624,15456384,170976,1.07,48968,612240,199672,1.25,206292,508092,204
fog-k3s-master3,1,2026-06-06 08:34:35 UTC,15047624,15456396,170952,1.07,48968,612260,199672,1.25,206292,508100,72
fog-k3s-master3,1,2026-06-06 08:34:36 UTC,15047624,15456396,170952,1.07,48968,612260,199672,1.25,206292,508100,72
fog-k3s-master3,1,2026-06-06 08:34:37 UTC,15047624,15456416,170932,1.07,48968,612280,199672,1.25,206292,508120,28
fog-k3s-master3,1,2026-06-06 08:34:38 UTC,15047624,15456416,170920,1.07,48968,612292,199672,1.25,206292,508120,44
fog-k3s-master3,1,2026-06-06 08:34:39 UTC,15047624,15456416,170908,1.07,48980,612292,199672,1.25,206292,508120,56
fog-k3s-master3,1,2026-06-06 08:34:40 UTC,15047624,15456416,170900,1.07,48980,612300,199672,1.25,206292,508120,64
fog-k3s-master3,1,2026-06-06 08:34:41 UTC,15047624,15456476,170876,1.07,48980,612324,199672,1.25,206292,508180,212
fog-k3s-master3,1,2026-06-06 08:34:42 UTC,15047624,15456476,170868,1.07,48980,612332,199672,1.25,206292,508180,164
fog-k3s-master3,1,2026-06-06 08:34:43 UTC,15047624,15456536,170856,1.07,48980,612344,199672,1.25,206292,508240,180
fog-k3s-master3,1,2026-06-06 08:34:44 UTC,15047624,15456536,170848,1.07,48992,612340,199672,1.25,206292,508240,188
fog-k3s-master3,1,2026-06-06 08:34:45 UTC,15047372,15456304,171076,1.07,48992,612364,199672,1.25,206292,508260,60
fog-k3s-master3,1,2026-06-06 08:34:46 UTC,15047372,15456304,171068,1.07,48992,612372,199672,1.25,206292,508260,68
fog-k3s-master3,1,2026-06-06 08:34:47 UTC,15047372,15456304,171056,1.07,48992,612384,199672,1.25,206292,508260,24
fog-k3s-master3,1,2026-06-06 08:34:48 UTC,15047372,15456304,171056,1.07,48992,612384,199672,1.25,206292,508260,24
fog-k3s-master3,1,2026-06-06 08:34:49 UTC,15047372,15456368,171024,1.07,49004,612404,199672,1.25,206292,508324,196
fog-k3s-master3,1,2026-06-06 08:34:50 UTC,15047372,15456376,171012,1.07,49004,612412,199672,1.25,206292,508332,36
fog-k3s-master3,1,2026-06-06 08:34:51 UTC,15047120,15456124,171252,1.07,49004,612424,199672,1.25,206292,508332,48
fog-k3s-master3,1,2026-06-06 08:34:52 UTC,15047120,15456124,171240,1.07,49004,612436,199672,1.25,206292,508332,60
fog-k3s-master3,1,2026-06-06 08:34:53 UTC,15047120,15456136,171232,1.07,49004,612444,199672,1.25,206292,508344,16
fog-k3s-master3,1,2026-06-06 08:34:54 UTC,15047120,15456148,171208,1.07,49016,612456,199672,1.25,206292,508356,44
fog-k3s-master3,1,2026-06-06 08:34:55 UTC,15047120,15456148,171208,1.07,49016,612456,199672,1.25,206292,508356,44
fog-k3s-master3,1,2026-06-06 08:34:56 UTC,15047120,15456208,171188,1.07,49016,612476,199672,1.25,206292,508416,228
fog-k3s-master3,1,2026-06-06 08:34:57 UTC,15047120,15456208,171180,1.07,49016,612484,199672,1.25,206292,508416,236
fog-k3s-master3,1,2026-06-06 08:34:58 UTC,15047120,15456208,171168,1.07,49016,612496,199672,1.25,206292,508416,200
fog-k3s-master3,1,2026-06-06 08:34:59 UTC,15047120,15456208,171160,1.07,49016,612504,199672,1.25,206292,508416,220
fog-k3s-master3,1,2026-06-06 08:35:00 UTC,15047120,15456208,171136,1.07,49028,612516,199672,1.25,206292,508416,40
fog-k3s-master3,1,2026-06-06 08:35:01 UTC,15047120,15456208,171128,1.07,49028,612524,199672,1.25,206292,508416,48
fog-k3s-master3,1,2026-06-06 08:35:02 UTC,15046616,15455776,171624,1.07,49028,612536,199672,1.25,206272,508488,232
fog-k3s-master3,1,2026-06-06 08:35:03 UTC,15046616,15455776,171612,1.07,49028,612548,199672,1.25,206272,508488,248
fog-k3s-master3,1,2026-06-06 08:35:04 UTC,15046616,15455776,171604,1.07,49028,612556,199672,1.25,206272,508488,200
fog-k3s-master3,1,2026-06-06 08:35:05 UTC,15046616,15455780,171588,1.07,49040,612556,199672,1.25,206272,508488,204
fog-k3s-master3,1,2026-06-06 08:35:06 UTC,15046616,15455780,171568,1.07,49040,612576,199672,1.25,206292,508488,84
fog-k3s-master3,1,2026-06-06 08:35:07 UTC,15046616,15455780,171556,1.07,49040,612588,199672,1.25,206292,508488,40
fog-k3s-master3,1,2026-06-06 08:35:08 UTC,15046616,15455840,171548,1.07,49040,612596,199672,1.25,206292,508548,52
fog-k3s-master3,1,2026-06-06 08:35:09 UTC,15046616,15455840,171536,1.07,49040,612608,199672,1.25,206292,508548,64
fog-k3s-master3,1,2026-06-06 08:35:10 UTC,15046616,15455840,171528,1.07,49052,612604,199672,1.25,206292,508548,200
fog-k3s-master3,1,2026-06-06 08:35:11 UTC,15046616,15455840,171516,1.07,49052,612616,199672,1.25,206292,508548,212
fog-k3s-master3,1,2026-06-06 08:35:12 UTC,15046616,15455840,171496,1.07,49052,612636,199672,1.25,206292,508548,252
fog-k3s-master3,1,2026-06-06 08:35:13 UTC,15046616,15455840,171484,1.07,49052,612648,199672,1.25,206292,508548,268
fog-k3s-master3,1,2026-06-06 08:35:14 UTC,15046616,15455900,171476,1.07,49052,612656,199672,1.25,206292,508608,232
fog-k3s-master3,1,2026-06-06 08:35:15 UTC,15046616,15455900,171464,1.07,49052,612668,199672,1.25,206292,508608,212
fog-k3s-master3,1,2026-06-06 08:35:16 UTC,15046112,15455396,171944,1.08,49064,612680,199672,1.25,206292,508608,72
fog-k3s-master3,1,2026-06-06 08:35:17 UTC,15046112,15455396,171936,1.08,49064,612688,199672,1.25,206292,508608,80
fog-k3s-master3,1,2026-06-06 08:35:18 UTC,15046112,15455396,171924,1.08,49064,612700,199672,1.25,206292,508608,40
fog-k3s-master3,1,2026-06-06 08:35:19 UTC,15046112,15455396,171916,1.08,49064,612708,199672,1.25,206292,508608,48
fog-k3s-master3,1,2026-06-06 08:35:20 UTC,15046112,15455464,171904,1.08,49064,612720,199672,1.25,206292,508676,64
fog-k3s-master3,1,2026-06-06 08:35:21 UTC,15046112,15455472,171892,1.08,49076,612716,199672,1.25,206292,508684,48
fog-k3s-master3,1,2026-06-06 08:35:22 UTC,15046112,15455472,171868,1.08,49076,612740,199672,1.25,206292,508684,60
fog-k3s-master3,1,2026-06-06 08:35:23 UTC,15046112,15455472,171860,1.08,49076,612748,199672,1.25,206292,508684,68
fog-k3s-master3,1,2026-06-06 08:35:24 UTC,15046112,15455472,171848,1.08,49076,612760,199672,1.25,206292,508684,184
fog-k3s-master3,1,2026-06-06 08:35:25 UTC,15046112,15455472,171840,1.08,49076,612768,199672,1.25,206292,508684,188
fog-k3s-master3,1,2026-06-06 08:35:26 UTC,15046112,15455472,171828,1.08,49076,612780,199672,1.25,206292,508684,200
fog-k3s-master3,1,2026-06-06 08:35:27 UTC,15046112,15455532,171816,1.07,49088,612780,199672,1.25,206292,508744,212
fog-k3s-master3,1,2026-06-06 08:35:28 UTC,15046112,15455592,171796,1.07,49088,612800,199672,1.25,206292,508804,192
fog-k3s-master3,1,2026-06-06 08:35:29 UTC,15046112,15455592,171796,1.07,49088,612800,199672,1.25,206292,508804,192
fog-k3s-master3,1,2026-06-06 08:35:30 UTC,15046112,15455592,171776,1.07,49088,612820,199672,1.25,206292,508804,56
fog-k3s-master3,1,2026-06-06 08:35:31 UTC,15046112,15455592,171764,1.07,49088,612832,199672,1.25,206292,508804,68
fog-k3s-master3,1,2026-06-06 08:35:32 UTC,15046112,15455592,171756,1.07,49088,612840,199672,1.25,206292,508804,48
fog-k3s-master3,1,2026-06-06 08:35:33 UTC,15046112,15455592,171744,1.07,49100,612840,199672,1.25,206292,508804,4
fog-k3s-master3,1,2026-06-06 08:35:34 UTC,15046112,15455652,171724,1.07,49100,612860,199672,1.25,206292,508864,204
fog-k3s-master3,1,2026-06-06 08:35:35 UTC,15046112,15455652,171724,1.07,49100,612860,199672,1.25,206292,508864,40
fog-k3s-master3,1,2026-06-06 08:35:36 UTC,15046112,15455652,171704,1.07,49100,612880,199672,1.25,206292,508864,60
fog-k3s-master3,1,2026-06-06 08:35:37 UTC,15045860,15455400,171944,1.08,49100,612892,199672,1.25,206292,508864,72
fog-k3s-master3,1,2026-06-06 08:35:38 UTC,15045860,15455400,171936,1.08,49116,612884,202524,1.27,207344,508864,80
fog-k3s-master3,1,2026-06-06 08:35:39 UTC,15045860,15455404,171920,1.08,49116,612896,203124,1.27,207660,508864,108
fog-k3s-master3,1,2026-06-06 08:35:40 UTC,15045860,15455480,171888,1.08,49116,612924,203124,1.27,207948,508940,328
fog-k3s-master3,1,2026-06-06 08:35:41 UTC,15045860,15455480,171888,1.08,49116,612924,199672,1.25,206268,508940,344
fog-k3s-master3,1,2026-06-06 08:35:42 UTC,15045860,15455480,171888,1.08,49116,612924,199672,1.25,206268,508940,344
fog-k3s-master3,1,2026-06-06 08:35:43 UTC,15045860,15455512,171860,1.08,49128,612940,199672,1.25,206268,508972,356
fog-k3s-master3,1,2026-06-06 08:35:44 UTC,15045860,15455524,171848,1.08,49128,612952,199672,1.25,206268,508984,104
fog-k3s-master3,1,2026-06-06 08:35:45 UTC,15045860,15455524,171828,1.08,49128,612972,199672,1.25,206268,508984,220
fog-k3s-master3,1,2026-06-06 08:35:46 UTC,15045860,15455524,171816,1.07,49128,612984,199672,1.25,206268,508984,232
fog-k3s-master3,1,2026-06-06 08:35:47 UTC,15045860,15455524,171808,1.07,49128,612992,199672,1.25,206268,508984,240
fog-k3s-master3,1,2026-06-06 08:35:48 UTC,15045860,15455564,171796,1.07,49140,612992,199672,1.25,206268,509024,196
fog-k3s-master3,1,2026-06-06 08:35:49 UTC,15045860,15455572,171776,1.07,49140,613012,199672,1.25,206268,509032,32
fog-k3s-master3,1,2026-06-06 08:35:50 UTC,15045860,15455572,171764,1.07,49140,613024,199672,1.25,206268,509032,44
fog-k3s-master3,1,2026-06-06 08:35:51 UTC,15045860,15455572,171752,1.07,49140,613036,199672,1.25,206268,509032,56
fog-k3s-master3,1,2026-06-06 08:35:52 UTC,15045860,15455572,171744,1.07,49140,613044,199672,1.25,206268,509032,64
fog-k3s-master3,1,2026-06-06 08:35:53 UTC,15045860,15455572,171732,1.07,49152,613044,199672,1.25,206268,509032,76
fog-k3s-master3,1,2026-06-06 08:35:54 UTC,15045860,15455576,171720,1.07,49152,613052,199672,1.25,206268,509032,92
fog-k3s-master3,1,2026-06-06 08:35:55 UTC,15045860,15455696,171696,1.07,49152,613076,199672,1.25,206268,509152,44
fog-k3s-master3,1,2026-06-06 08:35:56 UTC,15045860,15455696,171688,1.07,49152,613084,199672,1.25,206268,509152,52
fog-k3s-master3,1,2026-06-06 08:35:57 UTC,15045860,15455696,171676,1.07,49152,613096,199672,1.25,206268,509152,64
fog-k3s-master3,1,2026-06-06 08:35:58 UTC,15045860,15455696,171668,1.07,49164,613092,199672,1.25,206268,509152,72
fog-k3s-master3,1,2026-06-06 08:35:59 UTC,15045860,15455696,171644,1.07,49164,613116,199672,1.25,206292,509152,196
fog-k3s-master3,1,2026-06-06 08:36:00 UTC,15045860,15455696,171632,1.07,49164,613124,202524,1.27,207412,509152,204
fog-k3s-master3,1,2026-06-06 08:36:01 UTC,15045356,15455192,172136,1.08,49164,613124,202652,1.27,207428,509152,204
fog-k3s-master3,1,2026-06-06 08:36:02 UTC,15045356,15455252,172112,1.08,49164,613144,202860,1.27,207856,509212,228
fog-k3s-master3,1,2026-06-06 08:36:03 UTC,15045356,15455252,172100,1.08,49164,613156,202860,1.27,207856,509212,240
fog-k3s-master3,1,2026-06-06 08:36:04 UTC,15045356,15455252,172076,1.08,49176,613168,202860,1.27,207872,509212,256
fog-k3s-master3,1,2026-06-06 08:36:05 UTC,15045356,15455252,172076,1.08,49176,613168,202860,1.27,207872,509212,12
fog-k3s-master3,1,2026-06-06 08:36:06 UTC,15045356,15455312,172060,1.08,49176,613192,199672,1.25,206292,509272,148
fog-k3s-master3,1,2026-06-06 08:36:07 UTC,15045356,15455320,172052,1.08,49176,613200,199672,1.25,206292,509280,144
fog-k3s-master3,1,2026-06-06 08:36:08 UTC,15045104,15455068,172292,1.08,49176,613212,202652,1.27,207416,509280,156
fog-k3s-master3,1,2026-06-06 08:36:09 UTC,15045104,15455092,172276,1.08,49192,613208,203124,1.27,207720,509304,116
fog-k3s-master3,1,2026-06-06 08:36:10 UTC,15045104,15455092,172276,1.08,49192,613208,203124,1.27,207720,509304,116
fog-k3s-master3,1,2026-06-06 08:36:11 UTC,15045104,15455092,172240,1.08,49192,613244,203124,1.27,207900,509304,72
fog-k3s-master3,1,2026-06-06 08:36:12 UTC,15045104,15455096,172228,1.08,49192,613256,199672,1.25,206268,509308,204
fog-k3s-master3,1,2026-06-06 08:36:13 UTC,15045104,15455096,172220,1.08,49192,613264,199672,1.25,206268,509308,212
fog-k3s-master3,1,2026-06-06 08:36:14 UTC,15045104,15455096,172220,1.08,49204,613252,199672,1.25,206268,509308,212
fog-k3s-master3,1,2026-06-06 08:36:15 UTC,15045104,15455148,172184,1.08,49204,613288,199672,1.25,206268,509360,264
fog-k3s-master3,1,2026-06-06 08:36:16 UTC,15045104,15455148,172176,1.08,49204,613296,199672,1.25,206268,509360,268
fog-k3s-master3,1,2026-06-06 08:36:17 UTC,15045104,15455148,172164,1.08,49204,613308,199672,1.25,206268,509360,64
fog-k3s-master3,1,2026-06-06 08:36:18 UTC,15045104,15455148,172156,1.08,49204,613316,199672,1.25,206268,509360,72
fog-k3s-master3,1,2026-06-06 08:36:19 UTC,15045104,15455148,172156,1.08,49216,613304,199672,1.25,206268,509360,16
fog-k3s-master3,1,2026-06-06 08:36:20 UTC,15045104,15455268,172124,1.08,49216,613336,199672,1.25,206292,509480,208
fog-k3s-master3,1,2026-06-06 08:36:21 UTC,15045104,15455268,172124,1.08,49216,613336,199672,1.25,206292,509480,208
fog-k3s-master3,1,2026-06-06 08:36:22 UTC,15045104,15455268,172104,1.08,49216,613356,199672,1.25,206292,509480,228
fog-k3s-master3,1,2026-06-06 08:36:23 UTC,15045104,15455268,172092,1.08,49216,613368,199672,1.25,206292,509480,240
fog-k3s-master3,1,2026-06-06 08:36:24 UTC,15045104,15455272,172068,1.08,49228,613376,199672,1.25,206292,509480,200
fog-k3s-master3,1,2026-06-06 08:36:25 UTC,15045104,15455272,172056,1.08,49228,613388,199672,1.25,206292,509480,32
fog-k3s-master3,1,2026-06-06 08:36:26 UTC,15045104,15455332,172048,1.08,49228,613396,199672,1.25,206292,509540,40
fog-k3s-master3,1,2026-06-06 08:36:27 UTC,15045104,15455332,172036,1.08,49228,613408,199672,1.25,206292,509540,52
fog-k3s-master3,1,2026-06-06 08:36:28 UTC,15045104,15455332,172024,1.08,49228,613420,199672,1.25,206292,509540,64
fog-k3s-master3,1,2026-06-06 08:36:29 UTC,15045104,15455332,172004,1.08,49240,613428,199672,1.25,206292,509540,188
fog-k3s-master3,1,2026-06-06 08:36:30 UTC,15045104,15455332,171992,1.08,49240,613440,199672,1.25,206292,509540,36
fog-k3s-master3,1,2026-06-06 08:36:31 UTC,15045104,15455332,171984,1.08,49240,613448,199672,1.25,206292,509540,44
fog-k3s-master3,1,2026-06-06 08:36:32 UTC,15045104,15455392,171972,1.08,49240,613460,199672,1.25,206292,509600,56
fog-k3s-master3,1,2026-06-06 08:36:33 UTC,15045104,15455392,171964,1.08,49240,613468,199672,1.25,206292,509600,64
fog-k3s-master3,1,2026-06-06 08:36:34 UTC,15045104,15455392,171940,1.08,49252,613480,199672,1.25,206292,509600,168
fog-k3s-master3,1,2026-06-06 08:36:35 UTC,15045104,15455392,171940,1.08,49252,613480,199672,1.25,206292,509600,168
fog-k3s-master3,1,2026-06-06 08:36:36 UTC,15045104,15455392,171920,1.08,49252,613500,199672,1.25,206292,509600,192
fog-k3s-master3,1,2026-06-06 08:36:37 UTC,15045104,15455392,171912,1.08,49252,613508,199672,1.25,206292,509600,200
fog-k3s-master3,1,2026-06-06 08:36:38 UTC,15045104,15455452,171900,1.08,49252,613520,199672,1.25,206292,509660,212
fog-k3s-master3,1,2026-06-06 08:36:39 UTC,15045104,15455468,171872,1.08,49264,613532,199672,1.25,206292,509676,28
fog-k3s-master3,1,2026-06-06 08:36:40 UTC,15045104,15455468,171864,1.08,49264,613540,199672,1.25,206292,509676,40
fog-k3s-master3,1,2026-06-06 08:36:41 UTC,15045104,15455468,171852,1.08,49264,613552,199672,1.25,206292,509676,52
fog-k3s-master3,1,2026-06-06 08:36:42 UTC,15045104,15455468,171844,1.08,49264,613560,199672,1.25,206292,509676,60
fog-k3s-master3,1,2026-06-06 08:36:43 UTC,15045104,15455468,171832,1.08,49264,613572,199672,1.25,206292,509676,72
fog-k3s-master3,1,2026-06-06 08:36:44 UTC,15045104,15455468,171824,1.08,49276,613568,199672,1.25,206292,509676,80
fog-k3s-master3,1,2026-06-06 08:36:45 UTC,15045104,15455592,171796,1.07,49276,613592,199672,1.25,206292,509796,0
fog-k3s-master3,1,2026-06-06 08:36:46 UTC,15045104,15455592,171788,1.07,49276,613600,199672,1.25,206292,509796,12
fog-k3s-master3,1,2026-06-06 08:36:47 UTC,15045104,15455592,171788,1.07,49276,613600,199672,1.25,206292,509796,12
fog-k3s-master3,1,2026-06-06 08:36:48 UTC,15045104,15455592,171768,1.07,49276,613620,199672,1.25,206292,509796,32
fog-k3s-master3,1,2026-06-06 08:36:49 UTC,15045104,15455592,171752,1.07,49288,613624,199672,1.25,206292,509796,224
fog-k3s-master3,1,2026-06-06 08:36:50 UTC,15044096,15454584,172736,1.08,49288,613648,199672,1.25,206292,509796,200
fog-k3s-master3,1,2026-06-06 08:36:51 UTC,15044096,15454644,172728,1.08,49288,613656,199672,1.25,206292,509856,212
fog-k3s-master3,1,2026-06-06 08:36:52 UTC,15044096,15454644,172716,1.08,49288,613668,199672,1.25,206292,509856,224
fog-k3s-master3,1,2026-06-06 08:36:53 UTC,15044096,15454644,172708,1.08,49288,613676,199672,1.25,206292,509856,232
fog-k3s-master3,1,2026-06-06 08:36:54 UTC,15044096,15454644,172680,1.08,49300,613688,199672,1.25,206292,509856,44
fog-k3s-master3,1,2026-06-06 08:36:55 UTC,15044096,15454688,172672,1.08,49300,613696,199672,1.25,206292,509900,0
fog-k3s-master3,1,2026-06-06 08:36:56 UTC,15044096,15454688,172660,1.08,49300,613708,199672,1.25,206292,509900,16
fog-k3s-master3,1,2026-06-06 08:36:57 UTC,15044096,15454688,172652,1.08,49300,613716,199672,1.25,206292,509900,24
fog-k3s-master3,1,2026-06-06 08:36:58 UTC,15044096,15454688,172640,1.08,49300,613728,199672,1.25,206292,509900,36
fog-k3s-master3,1,2026-06-06 08:36:59 UTC,15044096,15454688,172632,1.08,49312,613724,199672,1.25,206292,509900,48
fog-k3s-master3,1,2026-06-06 08:37:00 UTC,15044096,15454740,172608,1.08,49312,613748,199672,1.25,206292,509952,36
fog-k3s-master3,1,2026-06-06 08:37:01 UTC,15044096,15454740,172600,1.08,49312,613756,199672,1.25,206292,509952,48
fog-k3s-master3,1,2026-06-06 08:37:02 UTC,15044096,15454740,172588,1.08,49312,613768,199672,1.25,206292,509952,60
fog-k3s-master3,1,2026-06-06 08:37:03 UTC,15044096,15454740,172588,1.08,49312,613768,199672,1.25,206292,509952,60
fog-k3s-master3,1,2026-06-06 08:37:04 UTC,15044096,15454740,172588,1.08,49324,613756,199672,1.25,206292,509952,228
fog-k3s-master3,1,2026-06-06 08:37:05 UTC,15044096,15454780,172544,1.08,49324,613800,199672,1.25,206292,509992,168
fog-k3s-master3,1,2026-06-06 08:37:06 UTC,15044096,15454780,172536,1.08,49324,613808,199672,1.25,206292,509992,180
fog-k3s-master3,1,2026-06-06 08:37:07 UTC,15044096,15454780,172524,1.08,49324,613820,199672,1.25,206292,509992,192
fog-k3s-master3,1,2026-06-06 08:37:08 UTC,15044096,15454780,172516,1.08,49324,613828,199672,1.25,206292,509992,200
fog-k3s-master3,1,2026-06-06 08:37:09 UTC,15044096,15454780,172504,1.08,49336,613828,199672,1.25,206292,509992,216
fog-k3s-master3,1,2026-06-06 08:37:10 UTC,15044096,15454844,172492,1.08,49336,613836,199672,1.25,206292,510052,224
fog-k3s-master3,1,2026-06-06 08:37:11 UTC,15044096,15454904,172468,1.08,49336,613860,199672,1.25,206292,510112,44
fog-k3s-master3,1,2026-06-06 08:37:12 UTC,15044096,15454904,172460,1.08,49336,613868,199672,1.25,206292,510112,52
fog-k3s-master3,1,2026-06-06 08:37:13 UTC,15044096,15454904,172448,1.08,49336,613880,199672,1.25,206292,510112,64
fog-k3s-master3,1,2026-06-06 08:37:14 UTC,15044096,15454904,172424,1.08,49348,613892,199672,1.25,206292,510112,216
fog-k3s-master3,1,2026-06-06 08:37:15 UTC,15044096,15454904,172424,1.08,49348,613892,199672,1.25,206292,510112,0
fog-k3s-master3,1,2026-06-06 08:37:16 UTC,15044096,15454964,172404,1.08,49348,613912,199672,1.25,206292,510172,16
fog-k3s-master3,1,2026-06-06 08:37:17 UTC,15044096,15454964,172396,1.08,49348,613920,199672,1.25,206292,510172,24
fog-k3s-master3,1,2026-06-06 08:37:18 UTC,15044096,15454964,172384,1.08,49348,613932,199672,1.25,206292,510172,36
fog-k3s-master3,1,2026-06-06 08:37:19 UTC,15044096,15454964,172376,1.08,49360,613928,199672,1.25,206292,510172,48
fog-k3s-master3,1,2026-06-06 08:37:20 UTC,15044096,15454964,172376,1.08,49360,613928,199672,1.25,206292,510172,48
fog-k3s-master3,1,2026-06-06 08:37:21 UTC,15044096,15455008,172344,1.08,49360,613960,199672,1.25,206292,510216,208
fog-k3s-master3,1,2026-06-06 08:37:22 UTC,15044096,15455008,172332,1.08,49360,613972,199672,1.25,206292,510216,220
fog-k3s-master3,1,2026-06-06 08:37:23 UTC,15044096,15455008,172324,1.08,49360,613980,199672,1.25,206292,510216,228
fog-k3s-master3,1,2026-06-06 08:37:24 UTC,15044096,15455008,172300,1.08,49372,613992,199672,1.25,206292,510216,228
fog-k3s-master3,1,2026-06-06 08:37:25 UTC,15044096,15455048,172284,1.08,49372,614000,202524,1.27,207408,510256,52
fog-k3s-master3,1,2026-06-06 08:37:26 UTC,15044096,15455048,172272,1.08,49372,614012,203124,1.27,207968,510256,192
fog-k3s-master3,1,2026-06-06 08:37:27 UTC,15044096,15455048,172272,1.08,49372,614012,203124,1.27,207968,510256,192
fog-k3s-master3,1,2026-06-06 08:37:28 UTC,15044096,15455048,172272,1.08,49372,614012,203124,1.27,207968,510256,192
fog-k3s-master3,1,2026-06-06 08:37:29 UTC,15044096,15455048,172240,1.08,49384,614032,203124,1.27,207968,510256,228
fog-k3s-master3,1,2026-06-06 08:37:30 UTC,15044096,15455108,172232,1.08,49384,614040,203124,1.27,207968,510316,0
fog-k3s-master3,1,2026-06-06 08:37:31 UTC,15049140,15460152,167164,1.05,49384,614064,199672,1.25,206324,510316,156
fog-k3s-master3,1,2026-06-06 08:37:32 UTC,15049140,15460152,167156,1.05,49384,614072,199672,1.25,206324,510316,156
fog-k3s-master3,1,2026-06-06 08:37:33 UTC,15049140,15460152,167144,1.05,49384,614084,199672,1.25,206272,510316,168
fog-k3s-master3,1,2026-06-06 08:37:34 UTC,15049140,15460152,167136,1.05,49396,614080,199672,1.25,206272,510316,180
fog-k3s-master3,1,2026-06-06 08:37:35 UTC,15049140,15460212,167112,1.05,49396,614104,199672,1.25,206272,510376,268
fog-k3s-master3,1,2026-06-06 08:37:36 UTC,15049140,15460272,167104,1.05,49396,614112,199672,1.25,206272,510436,4
fog-k3s-master3,1,2026-06-06 08:37:37 UTC,15049140,15460272,167092,1.05,49396,614124,199672,1.25,206272,510436,20
fog-k3s-master3,1,2026-06-06 08:37:38 UTC,15049140,15460272,167080,1.05,49396,614136,199672,1.25,206272,510436,32
fog-k3s-master3,1,2026-06-06 08:37:39 UTC,15049140,15460272,167060,1.05,49408,614144,199672,1.25,206272,510436,232
fog-k3s-master3,1,2026-06-06 08:37:40 UTC,15049140,15460272,167060,1.05,49408,614144,199672,1.25,206272,510436,232
fog-k3s-master3,1,2026-06-06 08:37:41 UTC,15049140,15460276,167036,1.05,49408,614164,199672,1.25,206272,510436,196
fog-k3s-master3,1,2026-06-06 08:37:42 UTC,15049140,15460276,167036,1.05,49408,614164,199672,1.25,206272,510436,196
fog-k3s-master3,1,2026-06-06 08:37:43 UTC,15049140,15460336,167016,1.04,49408,614184,199672,1.25,206272,510496,220
fog-k3s-master3,1,2026-06-06 08:37:44 UTC,15049140,15460336,167004,1.04,49420,614184,199672,1.25,206272,510496,236
fog-k3s-master3,1,2026-06-06 08:37:45 UTC,15049140,15460336,166984,1.04,49420,614204,199672,1.25,206272,510496,48
fog-k3s-master3,1,2026-06-06 08:37:46 UTC,15049140,15460336,166972,1.04,49420,614216,199672,1.25,206272,510496,4
fog-k3s-master3,1,2026-06-06 08:37:47 UTC,15049140,15460336,166964,1.04,49420,614224,199672,1.25,206272,510496,16
fog-k3s-master3,1,2026-06-06 08:37:48 UTC,15049140,15460396,166952,1.04,49420,614236,199672,1.25,206272,510556,28
fog-k3s-master3,1,2026-06-06 08:37:49 UTC,15049140,15460396,166944,1.04,49432,614232,199672,1.25,206272,510556,36
fog-k3s-master3,1,2026-06-06 08:37:50 UTC,15049140,15460400,166912,1.04,49432,614256,199672,1.25,206272,510556,68
fog-k3s-master3,1,2026-06-06 08:37:51 UTC,15049140,15460400,166900,1.04,49432,614268,199672,1.25,206272,510556,24
fog-k3s-master3,1,2026-06-06 08:37:52 UTC,15049140,15460400,166892,1.04,49432,614276,199672,1.25,206272,510556,36
fog-k3s-master3,1,2026-06-06 08:37:53 UTC,15049140,15460400,166880,1.04,49432,614288,199672,1.25,206272,510556,48
fog-k3s-master3,1,2026-06-06 08:37:54 UTC,15049140,15460460,166872,1.04,49444,614284,199672,1.25,206272,510616,60
fog-k3s-master3,1,2026-06-06 08:37:55 UTC,15049140,15460460,166860,1.04,49444,614296,199672,1.25,206272,510616,72
fog-k3s-master3,1,2026-06-06 08:37:56 UTC,15049140,15460460,166836,1.04,49444,614316,199672,1.25,206292,510616,172
fog-k3s-master3,1,2026-06-06 08:37:57 UTC,15049140,15460460,166824,1.04,49444,614328,199672,1.25,206292,510616,188
fog-k3s-master3,1,2026-06-06 08:37:58 UTC,15049140,15460460,166816,1.04,49444,614336,199672,1.25,206292,510616,196
fog-k3s-master3,1,2026-06-06 08:37:59 UTC,15049140,15460460,166804,1.04,49456,614336,199672,1.25,206292,510616,40
fog-k3s-master3,1,2026-06-06 08:38:00 UTC,15049140,15460580,166784,1.04,49456,614356,199672,1.25,206292,510736,68
fog-k3s-master3,1,2026-06-06 08:38:01 UTC,15049140,15460580,166784,1.04,49456,614356,199672,1.25,206292,510736,68
fog-k3s-master3,1,2026-06-06 08:38:02 UTC,15049140,15460596,166760,1.04,49456,614380,199672,1.25,206292,510752,40
fog-k3s-master3,1,2026-06-06 08:38:03 UTC,15049140,15460596,166752,1.04,49456,614388,199672,1.25,206292,510752,48
fog-k3s-master3,1,2026-06-06 08:38:04 UTC,15049140,15460596,166752,1.04,49468,614376,199672,1.25,206292,510752,48
fog-k3s-master3,1,2026-06-06 08:38:05 UTC,15049140,15460596,166720,1.04,49468,614408,199672,1.25,206292,510752,48
fog-k3s-master3,1,2026-06-06 08:38:06 UTC,15049140,15460648,166708,1.04,49468,614420,199672,1.25,206292,510804,4
fog-k3s-master3,1,2026-06-06 08:38:07 UTC,15049140,15460648,166700,1.04,49468,614428,199672,1.25,206292,510804,16
fog-k3s-master3,1,2026-06-06 08:38:08 UTC,15049140,15460648,166688,1.04,49468,614440,199672,1.25,206292,510804,28
fog-k3s-master3,1,2026-06-06 08:38:09 UTC,15049140,15460648,166680,1.04,49480,614436,199672,1.25,206292,510804,204
fog-k3s-master3,1,2026-06-06 08:38:10 UTC,15049140,15460648,166656,1.04,49480,614460,199672,1.25,206292,510804,232
fog-k3s-master3,1,2026-06-06 08:38:11 UTC,15049140,15460652,166644,1.04,49480,614468,199672,1.25,206292,510804,240
fog-k3s-master3,1,2026-06-06 08:38:12 UTC,15049140,15460712,166632,1.04,49480,614480,199672,1.25,206292,510864,188
fog-k3s-master3,1,2026-06-06 08:38:13 UTC,15049140,15460712,166624,1.04,49480,614488,199672,1.25,206292,510864,200
fog-k3s-master3,1,2026-06-06 08:38:14 UTC,15049140,15460712,166612,1.04,49492,614488,199672,1.25,206292,510864,216
fog-k3s-master3,1,2026-06-06 08:38:15 UTC,15049140,15460712,166600,1.04,49492,614500,199672,1.25,206292,510864,228
fog-k3s-master3,1,2026-06-06 08:38:16 UTC,15049140,15460712,166580,1.04,49492,614520,199672,1.25,206292,510864,48
fog-k3s-master3,1,2026-06-06 08:38:17 UTC,15049140,15460712,166580,1.04,49492,614520,199672,1.25,206292,510864,0
fog-k3s-master3,1,2026-06-06 08:38:18 UTC,15049140,15460772,166560,1.04,49492,614540,199672,1.25,206292,510924,16
fog-k3s-master3,1,2026-06-06 08:38:19 UTC,15049140,15460772,166548,1.04,49504,614540,199672,1.25,206292,510924,196
fog-k3s-master3,1,2026-06-06 08:38:20 UTC,15049140,15460772,166528,1.04,49504,614560,199672,1.25,206292,510924,228
fog-k3s-master3,1,2026-06-06 08:38:21 UTC,15049140,15460772,166516,1.04,49504,614572,199672,1.25,206292,510924,240
fog-k3s-master3,1,2026-06-06 08:38:22 UTC,15049140,15460772,166508,1.04,49504,614580,199672,1.25,206292,510924,196
fog-k3s-master3,1,2026-06-06 08:38:23 UTC,15049140,15460772,166496,1.04,49504,614592,199672,1.25,206292,510924,212
fog-k3s-master3,1,2026-06-06 08:38:24 UTC,15049140,15460892,166476,1.04,49516,614600,199672,1.25,206292,511044,28
fog-k3s-master3,1,2026-06-06 08:38:25 UTC,15049140,15460892,166464,1.04,49516,614612,199672,1.25,206292,511044,40
fog-k3s-master3,1,2026-06-06 08:38:26 UTC,15049140,15460892,166448,1.04,49516,614624,199672,1.25,206292,511044,52
fog-k3s-master3,1,2026-06-06 08:38:27 UTC,15049140,15460892,166440,1.04,49516,614632,199672,1.25,206292,511044,4
fog-k3s-master3,1,2026-06-06 08:38:28 UTC,15049140,15460892,166428,1.04,49516,614644,199672,1.25,206292,511044,20
fog-k3s-master3,1,2026-06-06 08:38:29 UTC,15047124,15458876,168436,1.05,49528,614640,199672,1.25,206292,511044,28
fog-k3s-master3,1,2026-06-06 08:38:30 UTC,15047124,15458936,168412,1.05,49528,614664,199672,1.25,206292,511104,60
fog-k3s-master3,1,2026-06-06 08:38:31 UTC,15047124,15458936,168412,1.05,49528,614664,199672,1.25,206292,511104,60
fog-k3s-master3,1,2026-06-06 08:38:32 UTC,15047124,15458936,168412,1.05,49528,614664,199672,1.25,206292,511104,60
fog-k3s-master3,1,2026-06-06 08:38:33 UTC,15047124,15458936,168384,1.05,49528,614692,199672,1.25,206292,511104,36
fog-k3s-master3,1,2026-06-06 08:38:34 UTC,15047124,15458936,168372,1.05,49540,614692,199672,1.25,206292,511104,220
fog-k3s-master3,1,2026-06-06 08:38:35 UTC,15047124,15458936,168352,1.05,49540,614712,199672,1.25,206292,511104,204
fog-k3s-master3,1,2026-06-06 08:38:36 UTC,15047124,15458996,168340,1.05,49540,614724,199672,1.25,206292,511164,216
fog-k3s-master3,1,2026-06-06 08:38:37 UTC,15047124,15458996,168332,1.05,49540,614732,199672,1.25,206292,511164,224
fog-k3s-master3,1,2026-06-06 08:38:38 UTC,15047124,15458996,168320,1.05,49540,614744,199672,1.25,206292,511164,240
fog-k3s-master3,1,2026-06-06 08:38:39 UTC,15047124,15458996,168308,1.05,49552,614744,199672,1.25,206292,511164,20
fog-k3s-master3,1,2026-06-06 08:38:40 UTC,15047124,15458996,168300,1.05,49552,614752,199672,1.25,206292,511164,28
fog-k3s-master3,1,2026-06-06 08:38:41 UTC,15047124,15458996,168276,1.05,49552,614776,199672,1.25,206292,511164,76
fog-k3s-master3,1,2026-06-06 08:38:42 UTC,15047124,15459060,168264,1.05,49552,614784,199672,1.25,206292,511224,28
fog-k3s-master3,1,2026-06-06 08:38:43 UTC,15047124,15459060,168252,1.05,49552,614796,199672,1.25,206292,511224,44
fog-k3s-master3,1,2026-06-06 08:38:44 UTC,15047124,15459060,168244,1.05,49552,614804,199672,1.25,206292,511224,196
fog-k3s-master3,1,2026-06-06 08:38:45 UTC,15047124,15459060,168232,1.05,49564,614804,199672,1.25,206292,511224,56
fog-k3s-master3,1,2026-06-06 08:38:46 UTC,15047124,15459060,168212,1.05,49564,614824,199672,1.25,206292,511224,76
fog-k3s-master3,1,2026-06-06 08:38:47 UTC,15047124,15459060,168200,1.05,49564,614836,199672,1.25,206292,511224,88
fog-k3s-master3,1,2026-06-06 08:38:48 UTC,15047124,15459060,168200,1.05,49564,614836,199672,1.25,206292,511224,88
fog-k3s-master3,1,2026-06-06 08:38:49 UTC,15047124,15459132,168180,1.05,49564,614856,199672,1.25,206292,511296,224
fog-k3s-master3,1,2026-06-06 08:38:50 UTC,15047124,15459132,168168,1.05,49576,614856,199672,1.25,206292,511296,236
fog-k3s-master3,1,2026-06-06 08:38:51 UTC,15047124,15459140,168132,1.05,49576,614876,199672,1.25,206292,511296,212
fog-k3s-master3,1,2026-06-06 08:38:52 UTC,15047124,15459140,168120,1.05,49576,614888,199672,1.25,206292,511296,224
fog-k3s-master3,1,2026-06-06 08:38:53 UTC,15047124,15459140,168112,1.05,49576,614896,199672,1.25,206292,511296,168
fog-k3s-master3,1,2026-06-06 08:38:54 UTC,15047124,15459200,168100,1.05,49576,614908,199672,1.25,206292,511356,188
fog-k3s-master3,1,2026-06-06 08:38:55 UTC,15047124,15459200,168092,1.05,49576,614916,199672,1.25,206292,511356,28
fog-k3s-master3,1,2026-06-06 08:38:56 UTC,15047124,15459200,168080,1.05,49576,614928,199672,1.25,206292,511356,40
fog-k3s-master3,1,2026-06-06 08:38:57 UTC,15047124,15459200,168056,1.05,49588,614936,199672,1.25,206292,511356,80
fog-k3s-master3,1,2026-06-06 08:38:58 UTC,15047124,15459212,168044,1.05,49588,614948,199672,1.25,206292,511368,36
fog-k3s-master3,1,2026-06-06 08:38:59 UTC,15047124,15459212,168036,1.05,49588,614956,199672,1.25,206292,511368,216
fog-k3s-master3,1,2026-06-06 08:39:00 UTC,15047124,15459212,168036,1.05,49588,614956,199672,1.25,206292,511368,48
fog-k3s-master3,1,2026-06-06 08:39:01 UTC,15047124,15459272,168012,1.05,49588,614980,199672,1.25,206292,511428,68
fog-k3s-master3,1,2026-06-06 08:39:02 UTC,15047124,15459272,168004,1.05,49588,614988,199672,1.25,206292,511428,76
fog-k3s-master3,1,2026-06-06 08:39:03 UTC,15047124,15459272,167980,1.05,49600,615000,199672,1.25,206292,511428,28
fog-k3s-master3,1,2026-06-06 08:39:04 UTC,15047124,15459272,167972,1.05,49600,615008,199672,1.25,206292,511428,212
fog-k3s-master3,1,2026-06-06 08:39:05 UTC,15047124,15459332,167960,1.05,49600,615020,199672,1.25,206292,511488,224
fog-k3s-master3,1,2026-06-06 08:39:06 UTC,15047124,15459332,167960,1.05,49600,615020,199672,1.25,206292,511488,224
fog-k3s-master3,1,2026-06-06 08:39:07 UTC,15047124,15459332,167940,1.05,49600,615040,199672,1.25,206292,511488,244
fog-k3s-master3,1,2026-06-06 08:39:08 UTC,15047124,15459332,167932,1.05,49612,615036,199672,1.25,206292,511488,252
fog-k3s-master3,1,2026-06-06 08:39:09 UTC,15047124,15459408,167904,1.05,49612,615060,199672,1.25,206292,511560,32
fog-k3s-master3,1,2026-06-06 08:39:10 UTC,15047124,15459408,167896,1.05,49612,615068,199672,1.25,206292,511560,40
fog-k3s-master3,1,2026-06-06 08:39:11 UTC,15047124,15459468,167884,1.05,49612,615080,199672,1.25,206292,511620,52
fog-k3s-master3,1,2026-06-06 08:39:12 UTC,15047124,15459468,167876,1.05,49612,615088,199672,1.25,206292,511620,60
fog-k3s-master3,1,2026-06-06 08:39:13 UTC,15047124,15459468,167860,1.05,49624,615088,199672,1.25,206292,511620,72
fog-k3s-master3,1,2026-06-06 08:39:14 UTC,15047124,15459468,167848,1.05,49624,615100,199672,1.25,206292,511620,92
fog-k3s-master3,1,2026-06-06 08:39:15 UTC,15047124,15459468,167840,1.05,49624,615108,199672,1.25,206292,511620,100
fog-k3s-master3,1,2026-06-06 08:39:16 UTC,15047124,15459468,167816,1.05,49624,615132,199672,1.25,206292,511620,64
fog-k3s-master3,1,2026-06-06 08:39:17 UTC,15047124,15459528,167808,1.05,49624,615140,199672,1.25,206292,511680,72
fog-k3s-master3,1,2026-06-06 08:39:18 UTC,15047124,15459528,167796,1.05,49636,615140,199672,1.25,206292,511680,84
fog-k3s-master3,1,2026-06-06 08:39:19 UTC,15047124,15459528,167788,1.05,49656,615128,199672,1.25,206292,511680,96
fog-k3s-master3,1,2026-06-06 08:39:20 UTC,15047124,15459528,167744,1.05,49656,615172,199672,1.25,206292,511680,220
fog-k3s-master3,1,2026-06-06 08:39:21 UTC,15045868,15458312,168992,1.06,49656,615180,202520,1.27,207608,511720,228
fog-k3s-master3,1,2026-06-06 08:39:22 UTC,15045868,15458312,168980,1.06,49656,615192,203120,1.27,207868,511720,244
fog-k3s-master3,1,2026-06-06 08:39:23 UTC,15045868,15458312,168972,1.06,49656,615200,203120,1.27,207944,511720,356
fog-k3s-master3,1,2026-06-06 08:39:24 UTC,15045868,15458344,168960,1.06,49668,615200,203120,1.27,207972,511752,128
fog-k3s-master3,1,2026-06-06 08:39:25 UTC,15045868,15458344,168960,1.06,49668,615200,203120,1.27,207972,511752,128
fog-k3s-master3,1,2026-06-06 08:39:26 UTC,15045868,15458364,168928,1.06,49668,615232,199672,1.25,206380,511772,224
fog-k3s-master3,1,2026-06-06 08:39:27 UTC,15045868,15458364,168916,1.06,49668,615244,199672,1.25,206380,511772,236
fog-k3s-master3,1,2026-06-06 08:39:28 UTC,15045868,15458368,168904,1.06,49668,615252,199672,1.25,206292,511772,244
fog-k3s-master3,1,2026-06-06 08:39:29 UTC,15045868,15458368,168892,1.06,49680,615252,199672,1.25,206292,511772,364
fog-k3s-master3,1,2026-06-06 08:39:30 UTC,15045868,15458424,168872,1.06,49680,615272,199672,1.25,206292,511828,68
fog-k3s-master3,1,2026-06-06 08:39:31 UTC,15045868,15458424,168860,1.06,49680,615284,199672,1.25,206292,511828,80
fog-k3s-master3,1,2026-06-06 08:39:32 UTC,15045868,15458424,168860,1.06,49680,615284,199672,1.25,206292,511828,80
fog-k3s-master3,1,2026-06-06 08:39:33 UTC,15045868,15458424,168860,1.06,49680,615284,199672,1.25,206292,511828,80
fog-k3s-master3,1,2026-06-06 08:39:34 UTC,15045868,15458496,168832,1.06,49680,615312,199672,1.25,206292,511900,52
fog-k3s-master3,1,2026-06-06 08:39:35 UTC,15045868,15458496,168820,1.06,49692,615312,199672,1.25,206292,511900,64
fog-k3s-master3,1,2026-06-06 08:39:36 UTC,15045868,15458496,168800,1.06,49692,615332,199672,1.25,206292,511900,232
fog-k3s-master3,1,2026-06-06 08:39:37 UTC,15045868,15458496,168788,1.06,49692,615344,199672,1.25,206292,511900,244
fog-k3s-master3,1,2026-06-06 08:39:38 UTC,15045868,15458556,168776,1.06,49692,615356,199672,1.25,206292,511960,256
fog-k3s-master3,1,2026-06-06 08:39:39 UTC,15045868,15458556,168776,1.06,49692,615356,199672,1.25,206292,511960,272
fog-k3s-master3,1,2026-06-06 08:39:40 UTC,15045868,15458568,168744,1.06,49704,615376,199672,1.25,206292,511972,20
fog-k3s-master3,1,2026-06-06 08:39:41 UTC,15045868,15458568,168736,1.06,49704,615384,199672,1.25,206292,511972,28
fog-k3s-master3,1,2026-06-06 08:39:42 UTC,15045868,15458568,168724,1.06,49704,615396,199672,1.25,206292,511972,40
fog-k3s-master3,1,2026-06-06 08:39:43 UTC,15045868,15458568,168724,1.06,49704,615396,199672,1.25,206292,511972,40
fog-k3s-master3,1,2026-06-06 08:39:44 UTC,15045868,15458628,168700,1.06,49704,615416,199672,1.25,206292,512032,168
fog-k3s-master3,1,2026-06-06 08:39:45 UTC,15045868,15458628,168692,1.06,49704,615424,199672,1.25,206292,512032,180
fog-k3s-master3,1,2026-06-06 08:39:46 UTC,15045868,15458628,168668,1.06,49716,615436,199672,1.25,206292,512032,224
fog-k3s-master3,1,2026-06-06 08:39:47 UTC,15045868,15458628,168660,1.06,49716,615444,199672,1.25,206292,512032,232
fog-k3s-master3,1,2026-06-06 08:39:48 UTC,15045868,15458628,168648,1.06,49716,615456,199672,1.25,206292,512032,244
fog-k3s-master3,1,2026-06-06 08:39:49 UTC,15045868,15458628,168636,1.06,49716,615468,199672,1.25,206292,512032,36
fog-k3s-master3,1,2026-06-06 08:39:50 UTC,15045868,15458688,168628,1.06,49716,615476,199672,1.25,206292,512092,48
fog-k3s-master3,1,2026-06-06 08:39:51 UTC,15045868,15458688,168616,1.05,49716,615488,199672,1.25,206292,512092,60
fog-k3s-master3,1,2026-06-06 08:39:52 UTC,15045868,15458688,168596,1.05,49728,615496,199672,1.25,206292,512092,64
fog-k3s-master3,1,2026-06-06 08:39:53 UTC,15045868,15458688,168584,1.05,49728,615508,199672,1.25,206292,512092,76
fog-k3s-master3,1,2026-06-06 08:39:54 UTC,15045868,15458688,168576,1.05,49728,615516,199672,1.25,206292,512092,196
fog-k3s-master3,1,2026-06-06 08:39:55 UTC,15045868,15458688,168564,1.05,49728,615528,199672,1.25,206292,512092,44
fog-k3s-master3,1,2026-06-06 08:39:56 UTC,15045868,15458748,168556,1.05,49728,615536,199672,1.25,206292,512152,52
fog-k3s-master3,1,2026-06-06 08:39:57 UTC,15045868,15458748,168556,1.05,49728,615536,199672,1.25,206292,512152,52
fog-k3s-master3,1,2026-06-06 08:39:58 UTC,15045868,15458748,168556,1.05,49728,615536,199672,1.25,206292,512152,52
fog-k3s-master3,1,2026-06-06 08:39:59 UTC,15045868,15458800,168508,1.05,49740,615568,199672,1.25,206292,512200,200
fog-k3s-master3,1,2026-06-06 08:40:00 UTC,15045868,15458800,168500,1.05,49740,615576,199672,1.25,206292,512200,212
fog-k3s-master3,1,2026-06-06 08:40:01 UTC,15045868,15458800,168488,1.05,49740,615588,199672,1.25,206292,512200,224
fog-k3s-master3,1,2026-06-06 08:40:02 UTC,15045868,15458800,168488,1.05,49740,615588,199672,1.25,206292,512200,224
fog-k3s-master3,1,2026-06-06 08:40:03 UTC,15045868,15458860,168468,1.05,49740,615608,199672,1.25,206292,512260,244
fog-k3s-master3,1,2026-06-06 08:40:04 UTC,15045868,15458860,168444,1.05,49752,615620,199672,1.25,206292,512260,24
fog-k3s-master3,1,2026-06-06 08:40:05 UTC,15048380,15461412,165916,1.04,49752,615632,199672,1.25,206272,512300,208
fog-k3s-master3,1,2026-06-06 08:40:06 UTC,15048380,15461412,165904,1.04,49752,615644,199672,1.25,206272,512300,220
fog-k3s-master3,1,2026-06-06 08:40:07 UTC,15048380,15461412,165896,1.04,49752,615652,199672,1.25,206272,512300,228
fog-k3s-master3,1,2026-06-06 08:40:08 UTC,15048380,15461412,165896,1.04,49752,615652,199672,1.25,206272,512300,228
fog-k3s-master3,1,2026-06-06 08:40:09 UTC,15048380,15461412,165876,1.04,49764,615660,199672,1.25,206272,512300,248
fog-k3s-master3,1,2026-06-06 08:40:10 UTC,15048380,15461412,165864,1.04,49764,615672,199672,1.25,206272,512300,264
fog-k3s-master3,1,2026-06-06 08:40:11 UTC,15048380,15461472,165844,1.04,49764,615692,199672,1.25,206272,512360,24
fog-k3s-master3,1,2026-06-06 08:40:12 UTC,15048380,15461472,165832,1.04,49764,615704,199672,1.25,206272,512360,36
fog-k3s-master3,1,2026-06-06 08:40:13 UTC,15048380,15461472,165820,1.04,49764,615716,199672,1.25,206272,512360,48
fog-k3s-master3,1,2026-06-06 08:40:14 UTC,15048380,15461472,165820,1.04,49776,615704,199672,1.25,206272,512360,48
fog-k3s-master3,1,2026-06-06 08:40:15 UTC,15048380,15461472,165784,1.04,49776,615736,199672,1.25,206272,512360,220
fog-k3s-master3,1,2026-06-06 08:40:16 UTC,15048380,15461472,165776,1.04,49776,615744,199672,1.25,206272,512360,228
fog-k3s-master3,1,2026-06-06 08:40:17 UTC,15048380,15461532,165764,1.04,49776,615756,199672,1.25,206272,512420,240
fog-k3s-master3,1,2026-06-06 08:40:18 UTC,15048380,15461532,165756,1.04,49776,615764,199672,1.25,206272,512420,248
fog-k3s-master3,1,2026-06-06 08:40:19 UTC,15048380,15461532,165744,1.04,49788,615764,199672,1.25,206272,512420,260
fog-k3s-master3,1,2026-06-06 08:40:20 UTC,15048380,15461532,165744,1.04,49788,615764,199672,1.25,206272,512420,260
fog-k3s-master3,1,2026-06-06 08:40:21 UTC,15048380,15461532,165712,1.04,49788,615796,199672,1.25,206272,512420,16
fog-k3s-master3,1,2026-06-06 08:40:22 UTC,15048380,15461532,165704,1.04,49788,615804,199672,1.25,206272,512420,24
fog-k3s-master3,1,2026-06-06 08:40:23 UTC,15048380,15461592,165692,1.04,49788,615816,199672,1.25,206272,512480,36
fog-k3s-master3,1,2026-06-06 08:40:24 UTC,15048380,15461592,165684,1.04,49800,615812,199672,1.25,206272,512480,44
fog-k3s-master3,1,2026-06-06 08:40:25 UTC,15048380,15461652,165660,1.04,49800,615836,199672,1.25,206272,512540,32
fog-k3s-master3,1,2026-06-06 08:40:26 UTC,15048380,15461652,165660,1.04,49800,615836,199672,1.25,206272,512540,32
fog-k3s-master3,1,2026-06-06 08:40:27 UTC,15048380,15461652,165640,1.04,49800,615856,199672,1.25,206272,512540,56
fog-k3s-master3,1,2026-06-06 08:40:28 UTC,15048380,15461652,165628,1.04,49800,615868,199672,1.25,206272,512540,68
fog-k3s-master3,1,2026-06-06 08:40:29 UTC,15048380,15461716,165604,1.04,49812,615876,199672,1.25,206272,512600,212
fog-k3s-master3,1,2026-06-06 08:40:30 UTC,15048128,15461464,165844,1.04,49812,615888,199672,1.25,206272,512600,224
fog-k3s-master3,1,2026-06-06 08:40:31 UTC,15048128,15461464,165836,1.04,49812,615896,199672,1.25,206272,512600,180
fog-k3s-master3,1,2026-06-06 08:40:32 UTC,15048128,15461464,165824,1.04,49812,615908,199672,1.25,206272,512600,192
fog-k3s-master3,1,2026-06-06 08:40:33 UTC,15048128,15461464,165816,1.04,49812,615916,199672,1.25,206272,512600,200
fog-k3s-master3,1,2026-06-06 08:40:34 UTC,15048128,15461464,165788,1.04,49824,615928,199672,1.25,206272,512600,72
fog-k3s-master3,1,2026-06-06 08:40:35 UTC,15048128,15461524,165780,1.04,49824,615936,199672,1.25,206272,512660,28
fog-k3s-master3,1,2026-06-06 08:40:36 UTC,15048128,15461524,165768,1.04,49824,615948,199672,1.25,206272,512660,44
fog-k3s-master3,1,2026-06-06 08:40:37 UTC,15048128,15461524,165756,1.04,49824,615960,199672,1.25,206272,512660,56
fog-k3s-master3,1,2026-06-06 08:40:38 UTC,15048128,15461524,165748,1.04,49824,615968,199672,1.25,206272,512660,64
fog-k3s-master3,1,2026-06-06 08:40:39 UTC,15048128,15461524,165736,1.04,49836,615968,199672,1.25,206272,512660,76
fog-k3s-master3,1,2026-06-06 08:40:40 UTC,15048128,15461524,165728,1.04,49836,615976,199672,1.25,206272,512660,84
fog-k3s-master3,1,2026-06-06 08:40:41 UTC,15048128,15461584,165704,1.04,49836,616000,199672,1.25,206272,512720,16
fog-k3s-master3,1,2026-06-06 08:40:42 UTC,15048128,15461584,165696,1.04,49836,616008,199672,1.25,206272,512720,24
fog-k3s-master3,1,2026-06-06 08:40:43 UTC,15048128,15461584,165684,1.04,49836,616020,199672,1.25,206272,512720,36
fog-k3s-master3,1,2026-06-06 08:40:44 UTC,15048128,15461584,165676,1.04,49836,616028,199672,1.25,206272,512720,216
fog-k3s-master3,1,2026-06-06 08:40:45 UTC,15048128,15461600,165648,1.04,49848,616040,199672,1.25,206272,512732,204
fog-k3s-master3,1,2026-06-06 08:40:46 UTC,15048128,15461600,165640,1.04,49848,616048,199672,1.25,206272,512732,216
fog-k3s-master3,1,2026-06-06 08:40:47 UTC,15048128,15461600,165640,1.04,49848,616048,199672,1.25,206272,512732,216
fog-k3s-master3,1,2026-06-06 08:40:48 UTC,15048128,15461660,165620,1.04,49848,616068,199672,1.25,206272,512792,236
fog-k3s-master3,1,2026-06-06 08:40:49 UTC,15048128,15461660,165608,1.04,49848,616080,199672,1.25,206272,512792,72
fog-k3s-master3,1,2026-06-06 08:40:50 UTC,15048128,15461660,165596,1.04,49860,616080,199672,1.25,206272,512792,0
fog-k3s-master3,1,2026-06-06 08:40:51 UTC,15048128,15461660,165588,1.04,49860,616088,199672,1.25,206272,512792,8
fog-k3s-master3,1,2026-06-06 08:40:52 UTC,15048128,15461720,165564,1.04,49860,616112,199672,1.25,206272,512852,24
fog-k3s-master3,1,2026-06-06 08:40:53 UTC,15048128,15461720,165556,1.04,49860,616120,199672,1.25,206272,512852,32
fog-k3s-master3,1,2026-06-06 08:40:54 UTC,15048128,15461720,165544,1.04,49860,616132,199672,1.25,206272,512852,44
fog-k3s-master3,1,2026-06-06 08:40:55 UTC,15048128,15461720,165536,1.04,49872,616128,199672,1.25,206272,512852,4
fog-k3s-master3,1,2026-06-06 08:40:56 UTC,15048128,15461720,165524,1.04,49872,616140,199672,1.25,206272,512852,20
fog-k3s-master3,1,2026-06-06 08:40:57 UTC,15047876,15461528,165756,1.04,49872,616160,199672,1.25,206272,512912,44
fog-k3s-master3,1,2026-06-06 08:40:58 UTC,15047876,15461588,165744,1.04,49872,616172,199672,1.25,206272,512972,56
fog-k3s-master3,1,2026-06-06 08:40:59 UTC,15047876,15461588,165736,1.04,49872,616180,199672,1.25,206272,512972,236
fog-k3s-master3,1,2026-06-06 08:41:00 UTC,15047876,15461588,165720,1.04,49884,616180,199672,1.25,206272,512972,248
fog-k3s-master3,1,2026-06-06 08:41:01 UTC,15047372,15461084,166200,1.04,49884,616204,199672,1.25,206272,512972,204
fog-k3s-master3,1,2026-06-06 08:41:02 UTC,15047372,15461084,166192,1.04,49884,616212,199672,1.25,206272,512972,212
fog-k3s-master3,1,2026-06-06 08:41:03 UTC,15047372,15461084,166180,1.04,49884,616224,199672,1.25,206272,512972,224
fog-k3s-master3,1,2026-06-06 08:41:04 UTC,15047372,15461144,166172,1.04,49884,616232,199672,1.25,206272,513032,232
fog-k3s-master3,1,2026-06-06 08:41:05 UTC,15047372,15461144,166160,1.04,49884,616244,199672,1.25,206272,513032,244
fog-k3s-master3,1,2026-06-06 08:41:06 UTC,15047372,15461160,166136,1.04,49896,616252,199672,1.25,206272,513044,4
fog-k3s-master3,1,2026-06-06 08:41:07 UTC,15047372,15461160,166124,1.04,49896,616264,199672,1.25,206272,513044,20
fog-k3s-master3,1,2026-06-06 08:41:08 UTC,15047372,15461160,166116,1.04,49896,616272,199672,1.25,206272,513044,28
fog-k3s-master3,1,2026-06-06 08:41:09 UTC,15047372,15461160,166104,1.04,49896,616284,199672,1.25,206272,513044,40
fog-k3s-master3,1,2026-06-06 08:41:10 UTC,15047372,15461220,166096,1.04,49896,616292,199672,1.25,206272,513104,212
fog-k3s-master3,1,2026-06-06 08:41:11 UTC,15047372,15461220,166084,1.04,49908,616292,199672,1.25,206272,513104,172
fog-k3s-master3,1,2026-06-06 08:41:12 UTC,15047372,15461220,166060,1.04,49908,616316,199672,1.25,206272,513104,200
fog-k3s-master3,1,2026-06-06 08:41:13 UTC,15047372,15461220,166052,1.04,49908,616324,199672,1.25,206272,513104,208
fog-k3s-master3,1,2026-06-06 08:41:14 UTC,15047372,15461220,166040,1.04,49908,616336,199672,1.25,206272,513104,56
fog-k3s-master3,1,2026-06-06 08:41:15 UTC,15047372,15461220,166028,1.04,49908,616344,199672,1.25,206272,513104,64
fog-k3s-master3,1,2026-06-06 08:41:16 UTC,15044908,15458816,168464,1.05,49920,616356,203124,1.27,207940,513164,196
fog-k3s-master3,1,2026-06-06 08:41:17 UTC,15044908,15458816,168464,1.05,49920,616356,203124,1.27,207940,513164,196
fog-k3s-master3,1,2026-06-06 08:41:18 UTC,15044908,15458816,168444,1.05,49920,616376,203124,1.27,207940,513164,220
fog-k3s-master3,1,2026-06-06 08:41:19 UTC,15044908,15458816,168436,1.05,49920,616384,203124,1.27,207940,513164,228
fog-k3s-master3,1,2026-06-06 08:41:20 UTC,15044908,15458840,168428,1.05,49920,616396,199672,1.25,206292,513188,192
fog-k3s-master3,1,2026-06-06 08:41:21 UTC,15044908,15458840,168408,1.05,49932,616404,199672,1.25,206292,513188,156
fog-k3s-master3,1,2026-06-06 08:41:22 UTC,15044908,15458900,168396,1.05,49932,616416,199672,1.25,206292,513248,172
fog-k3s-master3,1,2026-06-06 08:41:23 UTC,15044908,15458900,168388,1.05,49932,616424,199672,1.25,206292,513248,180
fog-k3s-master3,1,2026-06-06 08:41:24 UTC,15052972,15466964,160312,1.00,49932,616436,199672,1.25,206292,513248,296
fog-k3s-master3,1,2026-06-06 08:41:25 UTC,15052972,15466964,160300,1.00,49932,616448,199672,1.25,206292,513248,300
fog-k3s-master3,1,2026-06-06 08:41:26 UTC,15052972,15466964,160300,1.00,49944,616436,199672,1.25,206292,513248,300
fog-k3s-master3,1,2026-06-06 08:41:27 UTC,15052972,15466964,160268,1.00,49944,616468,199672,1.25,206292,513248,32
fog-k3s-master3,1,2026-06-06 08:41:28 UTC,15052972,15467024,160260,1.00,49944,616476,199672,1.25,206292,513308,40
fog-k3s-master3,1,2026-06-06 08:41:29 UTC,15052972,15467024,160248,1.00,49944,616488,199672,1.25,206292,513308,228
fog-k3s-master3,1,2026-06-06 08:41:30 UTC,15052972,15467024,160240,1.00,49944,616496,199672,1.25,206292,513308,236
fog-k3s-master3,1,2026-06-06 08:41:31 UTC,15052972,15467024,160240,1.00,49956,616484,199672,1.25,206292,513308,236
fog-k3s-master3,1,2026-06-06 08:41:32 UTC,15052972,15467028,160204,1.00,49956,616516,199672,1.25,206292,513308,208
fog-k3s-master3,1,2026-06-06 08:41:33 UTC,15052972,15467028,160192,1.00,49956,616528,199672,1.25,206292,513308,220
fog-k3s-master3,1,2026-06-06 08:41:34 UTC,15052972,15467088,160184,1.00,49956,616536,199672,1.25,206292,513368,236
fog-k3s-master3,1,2026-06-06 08:41:35 UTC,15052972,15467088,160184,1.00,49956,616536,199672,1.25,206292,513368,236
fog-k3s-master3,1,2026-06-06 08:41:36 UTC,15052972,15467088,160160,1.00,49968,616548,199672,1.25,206292,513368,20
fog-k3s-master3,1,2026-06-06 08:41:37 UTC,15052972,15467088,160152,1.00,49968,616556,199672,1.25,206292,513368,32
fog-k3s-master3,1,2026-06-06 08:41:38 UTC,15052216,15466332,160908,1.01,49968,616556,202652,1.27,207332,513368,32
fog-k3s-master3,1,2026-06-06 08:41:39 UTC,15050956,15465188,162136,1.01,49968,616588,203124,1.27,207908,513484,316
fog-k3s-master3,1,2026-06-06 08:41:40 UTC,15050956,15465188,162124,1.01,49968,616600,203124,1.27,207908,513484,68
fog-k3s-master3,1,2026-06-06 08:41:41 UTC,15050956,15465188,162116,1.01,49980,616596,203124,1.27,207908,513484,196
fog-k3s-master3,1,2026-06-06 08:41:42 UTC,15054356,15468588,158716,0.99,49980,616596,199672,1.25,206608,513484,208
fog-k3s-master3,1,2026-06-06 08:41:43 UTC,15053584,15467860,159456,1.00,49980,616628,199672,1.25,206276,513528,196
fog-k3s-master3,1,2026-06-06 08:41:44 UTC,15053584,15467860,159444,1.00,49980,616640,199672,1.25,206276,513528,204
fog-k3s-master3,1,2026-06-06 08:41:45 UTC,15053584,15467860,159436,1.00,49980,616648,199672,1.25,206276,513528,308
fog-k3s-master3,1,2026-06-06 08:41:46 UTC,15052576,15466852,160428,1.00,49980,616660,199672,1.25,206276,513528,88
fog-k3s-master3,1,2026-06-06 08:41:47 UTC,15052576,15466864,160408,1.00,49992,616668,199672,1.25,206276,513540,4
fog-k3s-master3,1,2026-06-06 08:41:48 UTC,15052576,15466924,160396,1.00,49992,616680,199672,1.25,206276,513600,20
fog-k3s-master3,1,2026-06-06 08:41:49 UTC,15052576,15466924,160384,1.00,49992,616692,199672,1.25,206276,513600,204
fog-k3s-master3,1,2026-06-06 08:41:50 UTC,15052576,15466924,160376,1.00,49992,616700,199672,1.25,206276,513600,212
fog-k3s-master3,1,2026-06-06 08:41:51 UTC,15052576,15466924,160364,1.00,49992,616712,199672,1.25,206276,513600,220
fog-k3s-master3,1,2026-06-06 08:41:52 UTC,15052576,15466924,160364,1.00,50004,616700,199672,1.25,206276,513600,220
fog-k3s-master3,1,2026-06-06 08:41:53 UTC,15052576,15466924,160332,1.00,50004,616732,199672,1.25,206276,513600,204
fog-k3s-master3,1,2026-06-06 08:41:54 UTC,15052576,15466984,160324,1.00,50004,616740,199672,1.25,206276,513660,44
fog-k3s-master3,1,2026-06-06 08:41:55 UTC,15052576,15466984,160312,1.00,50004,616752,199672,1.25,206276,513660,56
fog-k3s-master3,1,2026-06-06 08:41:56 UTC,15052576,15466984,160304,1.00,50004,616760,199672,1.25,206276,513660,64
fog-k3s-master3,1,2026-06-06 08:41:57 UTC,15052576,15466984,160280,1.00,50016,616772,199672,1.25,206276,513660,20
fog-k3s-master3,1,2026-06-06 08:41:58 UTC,15052576,15466984,160272,1.00,50016,616780,199672,1.25,206276,513660,32
fog-k3s-master3,1,2026-06-06 08:41:59 UTC,15052576,15466984,160260,1.00,50016,616792,199672,1.25,206276,513660,208
fog-k3s-master3,1,2026-06-06 08:42:00 UTC,15052576,15467044,160248,1.00,50016,616804,199672,1.25,206276,513720,220
fog-k3s-master3,1,2026-06-06 08:42:01 UTC,15052576,15467048,160236,1.00,50016,616812,199672,1.25,206276,513720,60
fog-k3s-master3,1,2026-06-06 08:42:02 UTC,15052576,15467048,160236,1.00,50028,616800,199672,1.25,206276,513720,44
fog-k3s-master3,1,2026-06-06 08:42:03 UTC,15052576,15467048,160204,1.00,50028,616832,199672,1.25,206276,513720,28
fog-k3s-master3,1,2026-06-06 08:42:04 UTC,15052576,15467048,160192,1.00,50028,616844,199672,1.25,206276,513720,212
fog-k3s-master3,1,2026-06-06 08:42:05 UTC,15052576,15467048,160192,1.00,50028,616844,199672,1.25,206276,513720,212
fog-k3s-master3,1,2026-06-06 08:42:06 UTC,15052576,15467108,160172,1.00,50028,616864,199672,1.25,206276,513780,232
fog-k3s-master3,1,2026-06-06 08:42:07 UTC,15052576,15467108,160164,1.00,50040,616860,199672,1.25,206276,513780,240
fog-k3s-master3,1,2026-06-06 08:42:08 UTC,15052576,15467108,160136,1.00,50040,616884,199672,1.25,206276,513780,204
fog-k3s-master3,1,2026-06-06 08:42:09 UTC,15052576,15467228,160000,1.00,50040,617020,199672,1.25,206396,513780,228
fog-k3s-master3,1,2026-06-06 08:42:10 UTC,15052576,15467228,159988,1.00,50040,617032,199672,1.25,206396,513780,240
fog-k3s-master3,1,2026-06-06 08:42:11 UTC,15052576,15467228,159988,1.00,50040,617032,199672,1.25,206396,513780,240
fog-k3s-master3,1,2026-06-06 08:42:12 UTC,15052576,15467296,159968,1.00,50052,617040,199672,1.25,206404,513840,0
fog-k3s-master3,1,2026-06-06 08:42:13 UTC,15052576,15467296,159956,1.00,50052,617052,199672,1.25,206404,513840,16
fog-k3s-master3,1,2026-06-06 08:42:14 UTC,15050560,15465340,161952,1.01,50052,617072,199672,1.25,206404,513900,48
fog-k3s-master3,1,2026-06-06 08:42:15 UTC,15050560,15465340,161940,1.01,50052,617084,199672,1.25,206404,513900,60
fog-k3s-master3,1,2026-06-06 08:42:16 UTC,15050560,15465340,161932,1.01,50052,617092,199672,1.25,206404,513900,236
fog-k3s-master3,1,2026-06-06 08:42:17 UTC,15050560,15465344,161916,1.01,50064,617092,199672,1.25,206404,513900,228
fog-k3s-master3,1,2026-06-06 08:42:18 UTC,15050560,15465404,161896,1.01,50064,617112,199672,1.25,206404,513960,196
fog-k3s-master3,1,2026-06-06 08:42:19 UTC,15050560,15465404,161884,1.01,50064,617124,199672,1.25,206404,513960,220
fog-k3s-master3,1,2026-06-06 08:42:20 UTC,15050560,15465404,161884,1.01,50064,617124,199672,1.25,206404,513960,220
fog-k3s-master3,1,2026-06-06 08:42:21 UTC,15050560,15465404,161864,1.01,50064,617144,199672,1.25,206404,513960,56
fog-k3s-master3,1,2026-06-06 08:42:22 UTC,15050560,15465404,161856,1.01,50076,617140,199672,1.25,206404,513960,0
fog-k3s-master3,1,2026-06-06 08:42:23 UTC,15048548,15463392,163868,1.03,50076,617140,202524,1.27,207444,513960,0
fog-k3s-master3,1,2026-06-06 08:42:24 UTC,15048100,15463012,164276,1.03,50076,617176,202860,1.27,208020,514028,276
fog-k3s-master3,1,2026-06-06 08:42:25 UTC,15048100,15463020,164268,1.03,50076,617184,202860,1.27,208072,514036,284
fog-k3s-master3,1,2026-06-06 08:42:26 UTC,15048100,15463032,164256,1.03,50076,617200,199672,1.25,206428,514048,220
fog-k3s-master3,1,2026-06-06 08:42:27 UTC,15048100,15463032,164248,1.03,50076,617208,199672,1.25,206428,514048,228
fog-k3s-master3,1,2026-06-06 08:42:28 UTC,15048100,15463032,164224,1.03,50088,617220,199672,1.25,206380,514048,156
fog-k3s-master3,1,2026-06-06 08:42:29 UTC,15048100,15463032,164224,1.03,50088,617220,199672,1.25,206380,514048,156
fog-k3s-master3,1,2026-06-06 08:42:30 UTC,15048352,15463284,163952,1.03,50088,617240,199672,1.25,206380,514048,280
fog-k3s-master3,1,2026-06-06 08:42:31 UTC,15048352,15463296,163944,1.03,50088,617248,199672,1.25,206380,514060,32
fog-k3s-master3,1,2026-06-06 08:42:32 UTC,15048112,15463116,164152,1.03,50088,617260,199672,1.25,206380,514120,44
fog-k3s-master3,1,2026-06-06 08:42:33 UTC,15048112,15463116,164144,1.03,50100,617256,199672,1.25,206380,514120,52
fog-k3s-master3,1,2026-06-06 08:42:34 UTC,15048112,15463116,164120,1.03,50100,617280,199672,1.25,206380,514120,220
fog-k3s-master3,1,2026-06-06 08:42:35 UTC,15048112,15463116,164120,1.03,50100,617280,199672,1.25,206380,514120,220
fog-k3s-master3,1,2026-06-06 08:42:36 UTC,15048112,15463116,164100,1.03,50100,617300,199672,1.25,206380,514120,240
fog-k3s-master3,1,2026-06-06 08:42:37 UTC,15048112,15463116,164088,1.03,50100,617312,199672,1.25,206380,514120,252
fog-k3s-master3,1,2026-06-06 08:42:38 UTC,15048112,15463176,164068,1.03,50112,617320,199672,1.25,206380,514180,188
fog-k3s-master3,1,2026-06-06 08:42:39 UTC,15048112,15463176,164056,1.03,50112,617332,199672,1.25,206380,514180,212
fog-k3s-master3,1,2026-06-06 08:42:40 UTC,15048112,15463176,164048,1.03,50112,617340,199672,1.25,206380,514180,40
fog-k3s-master3,1,2026-06-06 08:42:41 UTC,15048112,15463176,164036,1.03,50112,617352,199672,1.25,206380,514180,52
fog-k3s-master3,1,2026-06-06 08:42:42 UTC,15048112,15463176,164028,1.03,50112,617360,199672,1.25,206380,514180,60
fog-k3s-master3,1,2026-06-06 08:42:43 UTC,15048112,15463176,164016,1.03,50124,617360,199672,1.25,206380,514180,72
fog-k3s-master3,1,2026-06-06 08:42:44 UTC,15048112,15463296,163996,1.03,50124,617380,199672,1.25,206380,514300,204
fog-k3s-master3,1,2026-06-06 08:42:45 UTC,15048112,15463296,163984,1.03,50124,617392,199672,1.25,206380,514300,48
fog-k3s-master3,1,2026-06-06 08:42:46 UTC,15048112,15463296,163976,1.03,50124,617400,199672,1.25,206380,514300,56
fog-k3s-master3,1,2026-06-06 08:42:47 UTC,15048112,15463300,163960,1.03,50124,617412,199672,1.25,206380,514300,68
fog-k3s-master3,1,2026-06-06 08:42:48 UTC,15048112,15463300,163948,1.03,50136,617412,199672,1.25,206380,514300,80
fog-k3s-master3,1,2026-06-06 08:42:49 UTC,15048112,15463300,163928,1.03,50136,617432,199672,1.25,206380,514300,200
fog-k3s-master3,1,2026-06-06 08:42:50 UTC,15048112,15463300,163916,1.03,50136,617444,199672,1.25,206380,514300,208
fog-k3s-master3,1,2026-06-06 08:42:51 UTC,15048112,15463300,163908,1.03,50136,617452,199672,1.25,206380,514300,216
fog-k3s-master3,1,2026-06-06 08:42:52 UTC,15048112,15463300,163896,1.03,50136,617464,199672,1.25,206380,514300,228
fog-k3s-master3,1,2026-06-06 08:42:53 UTC,15048112,15463340,163888,1.03,50148,617460,199672,1.25,206380,514340,184
fog-k3s-master3,1,2026-06-06 08:42:54 UTC,15048112,15463340,163864,1.03,50148,617484,199672,1.25,206380,514340,216
fog-k3s-master3,1,2026-06-06 08:42:55 UTC,15048112,15463340,163856,1.03,50148,617492,199672,1.25,206380,514340,224
fog-k3s-master3,1,2026-06-06 08:42:56 UTC,15048112,15463340,163844,1.03,50148,617504,199672,1.25,206380,514340,56
fog-k3s-master3,1,2026-06-06 08:42:57 UTC,15048112,15463340,163836,1.03,50148,617512,199672,1.25,206380,514340,64
fog-k3s-master3,1,2026-06-06 08:42:58 UTC,15048112,15463392,163812,1.02,50160,617524,199672,1.25,206380,514392,20
fog-k3s-master3,1,2026-06-06 08:42:59 UTC,15048112,15463392,163804,1.02,50160,617532,199672,1.25,206380,514392,200
fog-k3s-master3,1,2026-06-06 08:43:00 UTC,15048112,15463392,163788,1.02,50160,617544,199672,1.25,206380,514392,212
fog-k3s-master3,1,2026-06-06 08:43:01 UTC,15048112,15463392,163776,1.02,50160,617556,199672,1.25,206380,514392,224
fog-k3s-master3,1,2026-06-06 08:43:02 UTC,15048112,15463392,163768,1.02,50160,617564,199672,1.25,206380,514392,232
fog-k3s-master3,1,2026-06-06 08:43:03 UTC,15048112,15463444,163756,1.02,50172,617564,199672,1.25,206380,514444,188
fog-k3s-master3,1,2026-06-06 08:43:04 UTC,15047864,15463296,163984,1.03,50172,617584,202524,1.27,207688,514544,28
fog-k3s-master3,1,2026-06-06 08:43:05 UTC,15047864,15463300,163980,1.03,50172,617588,203124,1.27,208004,514548,200
fog-k3s-master3,1,2026-06-06 08:43:06 UTC,15047864,15463300,163960,1.03,50172,617608,203124,1.27,208004,514548,220
fog-k3s-master3,1,2026-06-06 08:43:07 UTC,15047864,15463300,163948,1.03,50172,617620,203124,1.27,208004,514548,232
fog-k3s-master3,1,2026-06-06 08:43:08 UTC,15047864,15463360,163924,1.03,50184,617628,203124,1.27,208056,514604,228
fog-k3s-master3,1,2026-06-06 08:43:09 UTC,15047864,15463372,163912,1.03,50184,617640,199672,1.25,206444,514616,360
fog-k3s-master3,1,2026-06-06 08:43:10 UTC,15047864,15463372,163912,1.03,50184,617640,199672,1.25,206364,514616,88
fog-k3s-master3,1,2026-06-06 08:43:11 UTC,15047864,15463372,163892,1.03,50184,617660,199672,1.25,206364,514616,64
fog-k3s-master3,1,2026-06-06 08:43:12 UTC,15047864,15463372,163880,1.03,50184,617672,199672,1.25,206364,514616,76
fog-k3s-master3,1,2026-06-06 08:43:13 UTC,15047864,15463372,163872,1.03,50184,617680,199672,1.25,206364,514616,84
fog-k3s-master3,1,2026-06-06 08:43:14 UTC,15047864,15463372,163868,1.03,50196,617672,199672,1.25,206364,514616,92
fog-k3s-master3,1,2026-06-06 08:43:15 UTC,15047864,15463444,163832,1.03,50196,617704,199672,1.25,206364,514688,188
fog-k3s-master3,1,2026-06-06 08:43:16 UTC,15047864,15463444,163820,1.02,50196,617716,199672,1.25,206364,514688,200
fog-k3s-master3,1,2026-06-06 08:43:17 UTC,15047864,15463444,163812,1.02,50196,617724,199672,1.25,206364,514688,208
fog-k3s-master3,1,2026-06-06 08:43:18 UTC,15047864,15463444,163800,1.02,50196,617736,199672,1.25,206364,514688,220
fog-k3s-master3,1,2026-06-06 08:43:19 UTC,15047864,15463448,163776,1.02,50212,617744,199672,1.25,206364,514692,24
fog-k3s-master3,1,2026-06-06 08:43:20 UTC,15047864,15463448,163764,1.02,50212,617756,199672,1.25,206364,514692,40
fog-k3s-master3,1,2026-06-06 08:43:21 UTC,15047864,15463508,163756,1.02,50212,617764,199672,1.25,206364,514752,40
fog-k3s-master3,1,2026-06-06 08:43:22 UTC,15047864,15463508,163744,1.02,50212,617776,199672,1.25,206364,514752,52
fog-k3s-master3,1,2026-06-06 08:43:23 UTC,15047864,15463508,163732,1.02,50212,617788,199672,1.25,206364,514752,64
fog-k3s-master3,1,2026-06-06 08:43:24 UTC,15047864,15463540,163724,1.02,50224,617784,199672,1.25,206364,514784,20
fog-k3s-master3,1,2026-06-06 08:43:25 UTC,15047864,15463552,163700,1.02,50224,617808,199672,1.25,206364,514796,40
fog-k3s-master3,1,2026-06-06 08:43:26 UTC,15047864,15463552,163692,1.02,50224,617816,199672,1.25,206364,514796,48
fog-k3s-master3,1,2026-06-06 08:43:27 UTC,15047864,15463552,163680,1.02,50224,617828,199672,1.25,206364,514796,60
fog-k3s-master3,1,2026-06-06 08:43:28 UTC,15047864,15463552,163672,1.02,50224,617836,199672,1.25,206364,514796,68
fog-k3s-master3,1,2026-06-06 08:43:29 UTC,15047864,15463552,163660,1.02,50236,617836,199672,1.25,206364,514796,80
fog-k3s-master3,1,2026-06-06 08:43:30 UTC,15047864,15463552,163652,1.02,50236,617844,199672,1.25,206364,514796,92
fog-k3s-master3,1,2026-06-06 08:43:31 UTC,15047864,15463616,163636,1.02,50236,617856,199672,1.25,206364,514856,104
fog-k3s-master3,1,2026-06-06 08:43:32 UTC,15047864,15463616,163616,1.02,50236,617876,199672,1.25,206364,514856,216
fog-k3s-master3,1,2026-06-06 08:43:33 UTC,15047864,15463616,163616,1.02,50236,617876,199672,1.25,206364,514856,216
fog-k3s-master3,1,2026-06-06 08:43:34 UTC,15047864,15463624,163596,1.02,50248,617884,199672,1.25,206364,514864,188
fog-k3s-master3,1,2026-06-06 08:43:35 UTC,15047864,15463624,163584,1.02,50248,617896,199672,1.25,206364,514864,204
fog-k3s-master3,1,2026-06-06 08:43:36 UTC,15047864,15463624,163560,1.02,50248,617920,199672,1.25,206364,514864,48
fog-k3s-master3,1,2026-06-06 08:43:37 UTC,15047864,15463684,163552,1.02,50248,617928,199672,1.25,206364,514924,56
fog-k3s-master3,1,2026-06-06 08:43:38 UTC,15047864,15463684,163540,1.02,50248,617940,199672,1.25,206364,514924,68
fog-k3s-master3,1,2026-06-06 08:43:39 UTC,15047864,15463684,163520,1.02,50260,617948,199672,1.25,206364,514924,168
fog-k3s-master3,1,2026-06-06 08:43:40 UTC,15047864,15463684,163520,1.02,50260,617948,199672,1.25,206364,514924,168
fog-k3s-master3,1,2026-06-06 08:43:41 UTC,15047864,15463684,163520,1.02,50260,617948,199672,1.25,206364,514924,168
fog-k3s-master3,1,2026-06-06 08:43:42 UTC,15047864,15463684,163488,1.02,50260,617980,199672,1.25,206364,514924,204
fog-k3s-master3,1,2026-06-06 08:43:43 UTC,15047864,15463744,163480,1.02,50260,617988,199672,1.25,206364,514984,212
fog-k3s-master3,1,2026-06-06 08:43:44 UTC,15047864,15463768,163456,1.02,50272,618000,199672,1.25,206364,515008,24
fog-k3s-master3,1,2026-06-06 08:43:45 UTC,15047864,15463768,163448,1.02,50272,618008,199672,1.25,206364,515008,36
fog-k3s-master3,1,2026-06-06 08:43:46 UTC,15047864,15463768,163432,1.02,50272,618020,199672,1.25,206364,515008,48
fog-k3s-master3,1,2026-06-06 08:43:47 UTC,15047864,15463768,163432,1.02,50272,618020,199672,1.25,206364,515008,48
fog-k3s-master3,1,2026-06-06 08:43:48 UTC,15047864,15463768,163412,1.02,50272,618040,199672,1.25,206364,515008,68
fog-k3s-master3,1,2026-06-06 08:43:49 UTC,15047864,15463840,163388,1.02,50284,618052,199672,1.25,206364,515080,176
fog-k3s-master3,1,2026-06-06 08:43:50 UTC,15052124,15468100,159128,1.00,50284,618052,199672,1.25,206364,515080,0
fog-k3s-master3,1,2026-06-06 08:43:51 UTC,15052124,15468100,159108,1.00,50284,618072,199672,1.25,206364,515080,24
fog-k3s-master3,1,2026-06-06 08:43:52 UTC,15052124,15468100,159100,1.00,50284,618080,199672,1.25,206364,515080,32
fog-k3s-master3,1,2026-06-06 08:43:53 UTC,15052124,15468100,159088,1.00,50284,618092,199672,1.25,206364,515080,44
fog-k3s-master3,1,2026-06-06 08:43:54 UTC,15052124,15468100,159088,1.00,50296,618080,199672,1.25,206364,515080,48
fog-k3s-master3,1,2026-06-06 08:43:55 UTC,15052124,15468172,159056,1.00,50296,618112,199672,1.25,206364,515152,204
fog-k3s-master3,1,2026-06-06 08:43:56 UTC,15052124,15468172,159048,1.00,50296,618120,199672,1.25,206364,515152,216
fog-k3s-master3,1,2026-06-06 08:43:57 UTC,15052376,15468424,158784,0.99,50296,618132,199672,1.25,206364,515152,228
fog-k3s-master3,1,2026-06-06 08:43:58 UTC,15052376,15468424,158776,0.99,50296,618140,199672,1.25,206364,515152,236
fog-k3s-master3,1,2026-06-06 08:43:59 UTC,15052376,15468424,158764,0.99,50308,618140,199672,1.25,206364,515152,248
fog-k3s-master3,1,2026-06-06 08:44:00 UTC,15052376,15468424,158752,0.99,50308,618152,199672,1.25,206364,515152,260
fog-k3s-master3,1,2026-06-06 08:44:01 UTC,15052376,15468484,158744,0.99,50308,618160,199672,1.25,206364,515212,272
fog-k3s-master3,1,2026-06-06 08:44:02 UTC,15051368,15467492,159724,1.00,50308,618184,199672,1.25,206364,515224,24
fog-k3s-master3,1,2026-06-06 08:44:03 UTC,15051368,15467492,159716,1.00,50308,618192,199672,1.25,206364,515224,32
fog-k3s-master3,1,2026-06-06 08:44:04 UTC,15051368,15467492,159704,1.00,50320,618192,199672,1.25,206364,515224,48
fog-k3s-master3,1,2026-06-06 08:44:05 UTC,15051368,15467492,159696,1.00,50320,618200,199672,1.25,206364,515224,56
fog-k3s-master3,1,2026-06-06 08:44:06 UTC,15051368,15467504,159668,1.00,50320,618224,199672,1.25,206364,515236,44
fog-k3s-master3,1,2026-06-06 08:44:07 UTC,15051368,15467504,159668,1.00,50320,618224,199672,1.25,206364,515236,44
fog-k3s-master3,1,2026-06-06 08:44:08 UTC,15051368,15467564,159648,1.00,50320,618244,199672,1.25,206364,515296,64
fog-k3s-master3,1,2026-06-06 08:44:09 UTC,15051368,15467576,159628,1.00,50332,618252,199672,1.25,206364,515308,212
fog-k3s-master3,1,2026-06-06 08:44:10 UTC,15051368,15467576,159616,1.00,50332,618264,199672,1.25,206364,515308,168
fog-k3s-master3,1,2026-06-06 08:44:11 UTC,15051368,15467576,159604,1.00,50332,618276,199672,1.25,206364,515308,184
fog-k3s-master3,1,2026-06-06 08:44:12 UTC,15051368,15467576,159596,1.00,50332,618284,199672,1.25,206364,515308,192
fog-k3s-master3,1,2026-06-06 08:44:13 UTC,15051368,15467636,159584,1.00,50332,618296,199672,1.25,206364,515368,204
fog-k3s-master3,1,2026-06-06 08:44:14 UTC,15051368,15467636,159576,1.00,50344,618292,199672,1.25,206364,515368,216
fog-k3s-master3,1,2026-06-06 08:44:15 UTC,15051368,15467636,159564,1.00,50344,618304,199672,1.25,206364,515368,228
fog-k3s-master3,1,2026-06-06 08:44:16 UTC,15051368,15467648,159544,1.00,50344,618324,199672,1.25,206364,515380,40
fog-k3s-master3,1,2026-06-06 08:44:17 UTC,15051368,15467648,159532,1.00,50344,618336,199672,1.25,206364,515380,52
fog-k3s-master3,1,2026-06-06 08:44:18 UTC,15051368,15467652,159520,1.00,50344,618344,199672,1.25,206364,515380,60
fog-k3s-master3,1,2026-06-06 08:44:19 UTC,15051368,15467712,159508,1.00,50356,618344,199672,1.25,206364,515440,240
fog-k3s-master3,1,2026-06-06 08:44:20 UTC,15051368,15467772,159488,1.00,50356,618364,199672,1.25,206364,515500,168
fog-k3s-master3,1,2026-06-06 08:44:21 UTC,15049352,15465756,161492,1.01,50356,618376,199672,1.25,206364,515500,16
fog-k3s-master3,1,2026-06-06 08:44:22 UTC,15049352,15465756,161484,1.01,50356,618384,199672,1.25,206364,515500,24
fog-k3s-master3,1,2026-06-06 08:44:23 UTC,15049352,15465756,161472,1.01,50356,618396,199672,1.25,206364,515500,36
fog-k3s-master3,1,2026-06-06 08:44:24 UTC,15049352,15465756,161460,1.01,50368,618396,199672,1.25,206364,515500,52
fog-k3s-master3,1,2026-06-06 08:44:25 UTC,15049300,15465764,161492,1.01,50368,618416,199672,1.25,206364,515560,248
fog-k3s-master3,1,2026-06-06 08:44:26 UTC,15049552,15466016,161228,1.01,50368,618428,199672,1.25,206364,515560,208
fog-k3s-master3,1,2026-06-06 08:44:27 UTC,15049552,15466016,161228,1.01,50368,618428,199672,1.25,206364,515560,208
fog-k3s-master3,1,2026-06-06 08:44:28 UTC,15049552,15466016,161208,1.01,50368,618448,199672,1.25,206364,515560,228
fog-k3s-master3,1,2026-06-06 08:44:29 UTC,15049552,15466016,161200,1.01,50380,618444,199672,1.25,206364,515560,248
fog-k3s-master3,1,2026-06-06 08:44:30 UTC,15049552,15466016,161200,1.01,50380,618444,199672,1.25,206364,515560,248
fog-k3s-master3,1,2026-06-06 08:44:31 UTC,15049552,15466076,161168,1.01,50380,618476,199672,1.25,206364,515620,36
fog-k3s-master3,1,2026-06-06 08:44:32 UTC,15049552,15466076,161156,1.01,50380,618488,199672,1.25,206364,515620,48
fog-k3s-master3,1,2026-06-06 08:44:33 UTC,15048544,15465100,162168,1.01,50380,618496,199672,1.25,206404,515652,180
fog-k3s-master3,1,2026-06-06 08:44:34 UTC,15049500,15466056,161200,1.01,50380,618508,199672,1.25,206404,515652,300
fog-k3s-master3,1,2026-06-06 08:44:35 UTC,15050748,15467316,159928,1.00,50392,618520,199672,1.25,206404,515664,100
fog-k3s-master3,1,2026-06-06 08:44:36 UTC,15050748,15467316,159920,1.00,50392,618528,199672,1.25,206404,515664,44
fog-k3s-master3,1,2026-06-06 08:44:37 UTC,15050748,15467376,159908,1.00,50392,618540,199672,1.25,206404,515724,60
fog-k3s-master3,1,2026-06-06 08:44:38 UTC,15050748,15467376,159908,1.00,50392,618540,199672,1.25,206404,515724,60
fog-k3s-master3,1,2026-06-06 08:44:39 UTC,15046716,15463344,163920,1.03,50392,618560,199672,1.25,206404,515724,76
fog-k3s-master3,1,2026-06-06 08:44:40 UTC,15046716,15463356,163900,1.03,50404,618568,199672,1.25,206404,515736,48
fog-k3s-master3,1,2026-06-06 08:44:41 UTC,15046716,15463356,163888,1.03,50404,618580,199672,1.25,206404,515736,176
fog-k3s-master3,1,2026-06-06 08:44:42 UTC,15046716,15463356,163880,1.03,50404,618588,199672,1.25,206404,515736,188
fog-k3s-master3,1,2026-06-06 08:44:43 UTC,15046716,15463416,163868,1.03,50404,618600,199672,1.25,206404,515796,200
fog-k3s-master3,1,2026-06-06 08:44:44 UTC,15046716,15463416,163860,1.03,50404,618608,199672,1.25,206404,515796,220
fog-k3s-master3,1,2026-06-06 08:44:45 UTC,15046716,15463416,163848,1.03,50404,618620,199672,1.25,206404,515796,44
fog-k3s-master3,1,2026-06-06 08:44:46 UTC,15046716,15463428,163828,1.03,50416,618628,199672,1.25,206404,515808,28
fog-k3s-master3,1,2026-06-06 08:44:47 UTC,15046716,15463428,163816,1.02,50416,618640,199672,1.25,206404,515808,44
fog-k3s-master3,1,2026-06-06 08:44:48 UTC,15046716,15463492,163800,1.02,50416,618652,199672,1.25,206404,515868,56
fog-k3s-master3,1,2026-06-06 08:44:49 UTC,15046716,15463492,163792,1.02,50416,618660,199672,1.25,206404,515868,236
fog-k3s-master3,1,2026-06-06 08:44:50 UTC,15046716,15463492,163792,1.02,50416,618660,199672,1.25,206404,515868,68
fog-k3s-master3,1,2026-06-06 08:44:51 UTC,15046716,15463492,163760,1.02,50428,618680,199672,1.25,206404,515868,20
fog-k3s-master3,1,2026-06-06 08:44:52 UTC,15045740,15462568,164708,1.03,50428,618692,205376,1.28,209104,515920,36
fog-k3s-master3,1,2026-06-06 08:44:53 UTC,15045740,15462576,164672,1.03,50428,618700,206576,1.29,209816,515928,260
fog-k3s-master3,1,2026-06-06 08:44:54 UTC,15045740,15462576,164660,1.03,50428,618712,206576,1.29,209816,515928,356
fog-k3s-master3,1,2026-06-06 08:44:55 UTC,15045740,15462596,164652,1.03,50428,618720,206576,1.29,209856,515948,368
fog-k3s-master3,1,2026-06-06 08:44:56 UTC,15045740,15462608,164640,1.03,50440,618732,203124,1.27,208144,515960,380
fog-k3s-master3,1,2026-06-06 08:44:57 UTC,15045740,15462608,164632,1.03,50440,618740,203124,1.27,208144,515960,392
fog-k3s-master3,1,2026-06-06 08:44:58 UTC,15045740,15462628,164632,1.03,50440,618752,199672,1.25,206468,515980,404
fog-k3s-master3,1,2026-06-06 08:44:59 UTC,15045740,15462628,164632,1.03,50440,618752,199672,1.25,206468,515980,40
fog-k3s-master3,1,2026-06-06 08:45:00 UTC,15045740,15462660,164612,1.03,50440,618772,202524,1.27,207464,516012,244
fog-k3s-master3,1,2026-06-06 08:45:01 UTC,15045264,15462196,165064,1.03,50452,618784,203124,1.27,208096,516024,300
fog-k3s-master3,1,2026-06-06 08:45:02 UTC,15044260,15461192,166060,1.04,50452,618792,203124,1.27,208084,516024,368
fog-k3s-master3,1,2026-06-06 08:45:03 UTC,15044260,15461192,166048,1.04,50452,618804,203124,1.27,208084,516024,388
fog-k3s-master3,1,2026-06-06 08:45:04 UTC,15044260,15461216,166044,1.04,50452,618812,199672,1.25,206420,516048,72
fog-k3s-master3,1,2026-06-06 08:45:05 UTC,15041992,15458964,168180,1.05,50452,618824,207832,1.30,212952,516064,208
fog-k3s-master3,1,2026-06-06 08:45:06 UTC,15047428,15464412,162712,1.02,50464,618832,206464,1.29,209228,516072,268
fog-k3s-master3,1,2026-06-06 08:45:07 UTC,15057488,15474476,152656,0.96,50464,618848,202524,1.27,207700,516076,372
fog-k3s-master3,1,2026-06-06 08:45:08 UTC,15059468,15476480,150696,0.94,50464,618856,199672,1.25,206408,516100,432
fog-k3s-master3,1,2026-06-06 08:45:09 UTC,15059468,15476480,150684,0.94,50464,618868,199672,1.25,206408,516100,544
fog-k3s-master3,1,2026-06-06 08:45:10 UTC,15059468,15476480,150676,0.94,50464,618876,199672,1.25,206408,516100,88
fog-k3s-master3,1,2026-06-06 08:45:11 UTC,15059468,15476480,150664,0.94,50476,618876,199672,1.25,206408,516100,100
fog-k3s-master3,1,2026-06-06 08:45:12 UTC,15059468,15476540,150640,0.94,50476,618900,199672,1.25,206412,516160,56
fog-k3s-master3,1,2026-06-06 08:45:13 UTC,15059468,15476540,150632,0.94,50476,618908,199672,1.25,206412,516160,64
fog-k3s-master3,1,2026-06-06 08:45:14 UTC,15058460,15475532,151624,0.95,50476,618920,199672,1.25,206420,516160,240
fog-k3s-master3,1,2026-06-06 08:45:15 UTC,15058460,15475532,151616,0.95,50476,618928,199672,1.25,206420,516160,248
fog-k3s-master3,1,2026-06-06 08:45:16 UTC,15058460,15475532,151604,0.95,50488,618928,199672,1.25,206420,516160,260
fog-k3s-master3,1,2026-06-06 08:45:17 UTC,15058460,15475532,151604,0.95,50488,618928,199672,1.25,206420,516160,260
fog-k3s-master3,1,2026-06-06 08:45:18 UTC,15058460,15475592,151572,0.95,50488,618960,199672,1.25,206424,516220,212
fog-k3s-master3,1,2026-06-06 08:45:19 UTC,15058460,15475592,151564,0.95,50488,618968,199672,1.25,206424,516220,232
fog-k3s-master3,1,2026-06-06 08:45:20 UTC,15058460,15475592,151552,0.95,50488,618980,199672,1.25,206424,516220,60
fog-k3s-master3,1,2026-06-06 08:45:21 UTC,15058460,15475592,151544,0.95,50488,618988,199672,1.25,206424,516220,68
fog-k3s-master3,1,2026-06-06 08:45:22 UTC,15058460,15475604,151520,0.95,50500,619000,199672,1.25,206424,516232,0
fog-k3s-master3,1,2026-06-06 08:45:23 UTC,15058460,15475604,151508,0.95,50500,619012,199672,1.25,206424,516232,16
fog-k3s-master3,1,2026-06-06 08:45:24 UTC,15058460,15475664,151500,0.95,50500,619020,199672,1.25,206424,516292,200
fog-k3s-master3,1,2026-06-06 08:45:25 UTC,15058460,15475664,151488,0.95,50500,619032,199672,1.25,206424,516292,212
fog-k3s-master3,1,2026-06-06 08:45:26 UTC,15058460,15475664,151480,0.95,50500,619040,199672,1.25,206424,516292,48
fog-k3s-master3,1,2026-06-06 08:45:27 UTC,15058460,15475676,151456,0.95,50512,619052,199672,1.25,206424,516304,36
fog-k3s-master3,1,2026-06-06 08:45:28 UTC,15058460,15475676,151448,0.95,50512,619060,199672,1.25,206424,516304,48
fog-k3s-master3,1,2026-06-06 08:45:29 UTC,15058460,15475680,151432,0.95,50512,619072,199672,1.25,206424,516304,224
fog-k3s-master3,1,2026-06-06 08:45:30 UTC,15058460,15475740,151424,0.95,50512,619080,199672,1.25,206424,516364,232
fog-k3s-master3,1,2026-06-06 08:45:31 UTC,15058460,15475740,151412,0.95,50512,619092,199672,1.25,206424,516364,244
fog-k3s-master3,1,2026-06-06 08:45:32 UTC,15058460,15475740,151404,0.95,50524,619088,199672,1.25,206424,516364,220
fog-k3s-master3,1,2026-06-06 08:45:33 UTC,15058460,15475740,151392,0.95,50524,619100,199672,1.25,206424,516364,236
fog-k3s-master3,1,2026-06-06 08:45:34 UTC,15058460,15475740,151368,0.95,50524,619124,199672,1.25,206424,516364,48
fog-k3s-master3,1,2026-06-06 08:45:35 UTC,15058460,15475740,151360,0.95,50524,619132,199672,1.25,206424,516364,56
fog-k3s-master3,1,2026-06-06 08:45:36 UTC,15058460,15475800,151348,0.95,50524,619144,199672,1.25,206424,516424,68
fog-k3s-master3,1,2026-06-06 08:45:37 UTC,15058460,15475800,151340,0.95,50536,619140,199672,1.25,206424,516424,60
fog-k3s-master3,1,2026-06-06 08:45:38 UTC,15056444,15473784,153332,0.96,50536,619164,199672,1.25,206424,516424,96
fog-k3s-master3,1,2026-06-06 08:45:39 UTC,15056444,15473784,153324,0.96,50536,619172,199672,1.25,206424,516424,272
fog-k3s-master3,1,2026-06-06 08:45:40 UTC,15056444,15473784,153312,0.96,50536,619184,199672,1.25,206424,516424,112
fog-k3s-master3,1,2026-06-06 08:45:41 UTC,15056444,15473784,153304,0.96,50536,619192,199672,1.25,206424,516424,120
fog-k3s-master3,1,2026-06-06 08:45:42 UTC,15056696,15474096,153040,0.96,50536,619204,199672,1.25,206424,516484,132
fog-k3s-master3,1,2026-06-06 08:45:43 UTC,15056696,15474096,153032,0.96,50544,619204,199672,1.25,206424,516484,140
fog-k3s-master3,1,2026-06-06 08:45:44 UTC,15056696,15474104,153008,0.96,50544,619224,199672,1.25,206424,516492,132
fog-k3s-master3,1,2026-06-06 08:45:45 UTC,15056696,15474104,153000,0.96,50544,619232,199672,1.25,206424,516492,140
fog-k3s-master3,1,2026-06-06 08:45:46 UTC,15056696,15474104,152988,0.96,50544,619244,199672,1.25,206424,516492,320
fog-k3s-master3,1,2026-06-06 08:45:47 UTC,15056696,15474164,152976,0.96,50544,619256,199672,1.25,206424,516552,332
fog-k3s-master3,1,2026-06-06 08:45:48 UTC,15056696,15474164,152968,0.96,50544,619264,199672,1.25,206424,516552,340
fog-k3s-master3,1,2026-06-06 08:45:49 UTC,15056696,15474184,152956,0.96,50552,619268,199672,1.25,206424,516572,184
fog-k3s-master3,1,2026-06-06 08:45:50 UTC,15056696,15474192,152940,0.96,50552,619284,199672,1.25,206424,516580,204
fog-k3s-master3,1,2026-06-06 08:45:51 UTC,15056696,15474192,152928,0.96,50552,619296,199672,1.25,206424,516580,216
fog-k3s-master3,1,2026-06-06 08:45:52 UTC,15056696,15474192,152920,0.96,50552,619304,199672,1.25,206424,516580,224
fog-k3s-master3,1,2026-06-06 08:45:53 UTC,15056696,15474192,152908,0.96,50552,619316,199672,1.25,206424,516580,236
fog-k3s-master3,1,2026-06-06 08:45:54 UTC,15056696,15474192,152892,0.96,50560,619324,199672,1.25,206424,516580,416
fog-k3s-master3,1,2026-06-06 08:45:55 UTC,15056696,15474260,152880,0.96,50560,619336,199672,1.25,206424,516648,256
fog-k3s-master3,1,2026-06-06 08:45:56 UTC,15052664,15470228,156904,0.98,50560,619344,199672,1.25,206424,516648,264
fog-k3s-master3,1,2026-06-06 08:45:57 UTC,15052664,15470228,156892,0.98,50560,619356,199672,1.25,206424,516648,276
fog-k3s-master3,1,2026-06-06 08:45:58 UTC,15052664,15470228,156880,0.98,50560,619368,199672,1.25,206424,516648,288
fog-k3s-master3,1,2026-06-06 08:45:59 UTC,15052664,15470228,156872,0.98,50568,619368,199672,1.25,206424,516648,284
fog-k3s-master3,1,2026-06-06 08:46:00 UTC,15052664,15470232,156848,0.98,50568,619388,199672,1.25,206424,516648,464
fog-k3s-master3,1,2026-06-06 08:46:01 UTC,15052664,15470292,156840,0.98,50568,619396,199672,1.25,206424,516708,472
fog-k3s-master3,1,2026-06-06 08:46:02 UTC,15055756,15473384,153736,0.96,50568,619408,199672,1.25,206424,516708,484
fog-k3s-master3,1,2026-06-06 08:46:03 UTC,15055756,15473384,153728,0.96,50568,619416,199672,1.25,206424,516708,172
fog-k3s-master3,1,2026-06-06 08:46:04 UTC,15055756,15473384,153704,0.96,50580,619428,199672,1.25,206424,516708,228
fog-k3s-master3,1,2026-06-06 08:46:05 UTC,15055756,15473384,153696,0.96,50580,619436,199672,1.25,206424,516708,236
fog-k3s-master3,1,2026-06-06 08:46:06 UTC,15055756,15473384,153684,0.96,50580,619448,199672,1.25,206424,516708,64
fog-k3s-master3,1,2026-06-06 08:46:07 UTC,15055756,15473444,153676,0.96,50580,619456,199672,1.25,206424,516768,72
fog-k3s-master3,1,2026-06-06 08:46:08 UTC,15055756,15473444,153664,0.96,50580,619468,199672,1.25,206424,516768,84
fog-k3s-master3,1,2026-06-06 08:46:09 UTC,15055756,15473464,153648,0.96,50588,619476,199672,1.25,206424,516788,232
fog-k3s-master3,1,2026-06-06 08:46:10 UTC,15055756,15473464,153636,0.96,50588,619488,199672,1.25,206424,516788,244
fog-k3s-master3,1,2026-06-06 08:46:11 UTC,15055756,15473464,153624,0.96,50588,619500,199672,1.25,206424,516788,256
fog-k3s-master3,1,2026-06-06 08:46:12 UTC,15055756,15473464,153616,0.96,50588,619508,199672,1.25,206424,516788,264
fog-k3s-master3,1,2026-06-06 08:46:13 UTC,15056048,15473756,153312,0.96,50588,619520,199672,1.25,206424,516788,276
fog-k3s-master3,1,2026-06-06 08:46:14 UTC,15056048,15473808,153304,0.96,50588,619528,199672,1.25,206424,516840,120
fog-k3s-master3,1,2026-06-06 08:46:15 UTC,15056048,15473808,153280,0.96,50596,619540,199672,1.25,206424,516840,148
fog-k3s-master3,1,2026-06-06 08:46:16 UTC,15055808,15473576,153496,0.96,50596,619548,199672,1.25,206424,516840,156
fog-k3s-master3,1,2026-06-06 08:46:17 UTC,15055808,15473576,153484,0.96,50596,619560,199672,1.25,206424,516840,168
fog-k3s-master3,1,2026-06-06 08:46:18 UTC,15055808,15473576,153476,0.96,50596,619568,199672,1.25,206424,516840,176
fog-k3s-master3,1,2026-06-06 08:46:19 UTC,15055808,15473576,153464,0.96,50596,619580,199672,1.25,206424,516840,352
fog-k3s-master3,1,2026-06-06 08:46:20 UTC,15055808,15473684,153444,0.96,50604,619588,199672,1.25,206424,516944,176
fog-k3s-master3,1,2026-06-06 08:46:21 UTC,15055808,15473684,153432,0.96,50604,619600,199672,1.25,206424,516944,188
fog-k3s-master3,1,2026-06-06 08:46:22 UTC,15055808,15473684,153420,0.96,50604,619612,199672,1.25,206424,516944,200
fog-k3s-master3,1,2026-06-06 08:46:23 UTC,15055808,15473684,153412,0.96,50604,619620,199672,1.25,206424,516944,208
fog-k3s-master3,1,2026-06-06 08:46:24 UTC,15055808,15473684,153400,0.96,50604,619632,199672,1.25,206424,516944,224
fog-k3s-master3,1,2026-06-06 08:46:25 UTC,15055808,15473684,153392,0.96,50604,619640,199672,1.25,206424,516944,232
fog-k3s-master3,1,2026-06-06 08:46:26 UTC,15055808,15473744,153380,0.96,50604,619652,199672,1.25,206424,517004,412
fog-k3s-master3,1,2026-06-06 08:46:27 UTC,15055808,15473744,153364,0.96,50612,619660,199672,1.25,206424,517004,436
fog-k3s-master3,1,2026-06-06 08:46:28 UTC,15055808,15473744,153352,0.96,50612,619672,199672,1.25,206424,517004,448
fog-k3s-master3,1,2026-06-06 08:46:29 UTC,15055808,15473752,153344,0.96,50612,619680,199672,1.25,206424,517012,464
fog-k3s-master3,1,2026-06-06 08:46:30 UTC,15055808,15473752,153328,0.96,50612,619692,199672,1.25,206424,517012,296
fog-k3s-master3,1,2026-06-06 08:46:31 UTC,15055808,15473752,153320,0.96,50612,619700,199672,1.25,206424,517012,304
fog-k3s-master3,1,2026-06-06 08:46:32 UTC,15055808,15473816,153308,0.96,50612,619712,199672,1.25,206424,517076,300
fog-k3s-master3,1,2026-06-06 08:46:33 UTC,15055808,15473824,153292,0.96,50620,619720,199672,1.25,206424,517084,16
fog-k3s-master3,1,2026-06-06 08:46:34 UTC,15055808,15473824,153276,0.96,50620,619736,199672,1.25,206424,517084,208
fog-k3s-master3,1,2026-06-06 08:46:35 UTC,15055808,15473824,153276,0.96,50620,619736,199672,1.25,206424,517084,208
fog-k3s-master3,1,2026-06-06 08:46:36 UTC,15055808,15473852,153256,0.96,50620,619756,199672,1.25,206424,517112,60
fog-k3s-master3,1,2026-06-06 08:46:37 UTC,15055808,15473852,153244,0.96,50620,619768,199672,1.25,206424,517112,72
fog-k3s-master3,1,2026-06-06 08:46:38 UTC,15055808,15473852,153236,0.96,50620,619776,199672,1.25,206424,517112,64
fog-k3s-master3,1,2026-06-06 08:46:39 UTC,15055808,15473852,153212,0.96,50632,619788,199672,1.25,206424,517112,268
fog-k3s-master3,1,2026-06-06 08:46:40 UTC,15055808,15473852,153204,0.96,50632,619796,199672,1.25,206424,517112,276
fog-k3s-master3,1,2026-06-06 08:46:41 UTC,15055808,15473912,153192,0.96,50632,619808,199672,1.25,206424,517172,288
fog-k3s-master3,1,2026-06-06 08:46:42 UTC,15055808,15473912,153184,0.96,50632,619816,199672,1.25,206424,517172,296
fog-k3s-master3,1,2026-06-06 08:46:43 UTC,15055808,15473912,153172,0.96,50632,619828,199672,1.25,206424,517172,308
fog-k3s-master3,1,2026-06-06 08:46:44 UTC,15052564,15470716,156400,0.98,50640,619836,202524,1.27,207732,517220,324
fog-k3s-master3,1,2026-06-06 08:46:45 UTC,15052564,15470720,156384,0.98,50640,619848,203124,1.27,208052,517220,336
fog-k3s-master3,1,2026-06-06 08:46:46 UTC,15052564,15470720,156372,0.98,50640,619860,203124,1.27,208052,517220,348
fog-k3s-master3,1,2026-06-06 08:46:47 UTC,15052564,15470780,156364,0.98,50640,619868,203124,1.27,208052,517280,356
fog-k3s-master3,1,2026-06-06 08:46:48 UTC,15052824,15471040,156096,0.98,50640,619880,199672,1.25,206408,517280,404
fog-k3s-master3,1,2026-06-06 08:46:49 UTC,15052824,15471040,156088,0.98,50648,619880,199672,1.25,206408,517280,504
fog-k3s-master3,1,2026-06-06 08:46:50 UTC,15052896,15471112,156000,0.98,50648,619900,199672,1.25,206408,517280,180
fog-k3s-master3,1,2026-06-06 08:46:51 UTC,15052896,15471112,155992,0.98,50648,619908,199672,1.25,206408,517280,188
fog-k3s-master3,1,2026-06-06 08:46:52 UTC,15052896,15471112,155980,0.98,50648,619920,199672,1.25,206408,517280,200
fog-k3s-master3,1,2026-06-06 08:46:53 UTC,15052896,15471172,155972,0.98,50648,619928,199672,1.25,206408,517340,208
fog-k3s-master3,1,2026-06-06 08:46:54 UTC,15052896,15471172,155952,0.98,50656,619940,199672,1.25,206408,517340,404
fog-k3s-master3,1,2026-06-06 08:46:55 UTC,15052896,15471172,155944,0.98,50656,619948,199672,1.25,206408,517340,412
fog-k3s-master3,1,2026-06-06 08:46:56 UTC,15052896,15471172,155932,0.98,50656,619960,199672,1.25,206408,517340,424
fog-k3s-master3,1,2026-06-06 08:46:57 UTC,15052896,15471172,155924,0.98,50656,619968,199672,1.25,206408,517340,432
fog-k3s-master3,1,2026-06-06 08:46:58 UTC,15052896,15471172,155912,0.98,50656,619980,199672,1.25,206408,517340,444
fog-k3s-master3,1,2026-06-06 08:46:59 UTC,15052896,15471232,155892,0.98,50664,619992,199672,1.25,206408,517400,272
fog-k3s-master3,1,2026-06-06 08:47:00 UTC,15052896,15471232,155884,0.98,50664,620000,199672,1.25,206408,517400,280
fog-k3s-master3,1,2026-06-06 08:47:01 UTC,15052896,15471232,155868,0.98,50664,620012,199672,1.25,206408,517400,292
fog-k3s-master3,1,2026-06-06 08:47:02 UTC,15052896,15471232,155860,0.98,50664,620020,199672,1.25,206408,517400,300
fog-k3s-master3,1,2026-06-06 08:47:03 UTC,15052896,15471232,155848,0.98,50664,620032,199672,1.25,206408,517400,312
fog-k3s-master3,1,2026-06-06 08:47:04 UTC,15052896,15471284,155828,0.97,50676,620040,199672,1.25,206408,517452,188
fog-k3s-master3,1,2026-06-06 08:47:05 UTC,15052896,15471356,155816,0.97,50676,620052,199672,1.25,206408,517524,40
fog-k3s-master3,1,2026-06-06 08:47:06 UTC,15052896,15471356,155816,0.97,50676,620060,205500,1.29,209096,517524,48
fog-k3s-master3,1,2026-06-06 08:47:07 UTC,15052896,15471360,155788,0.97,50676,620076,206308,1.29,209688,517528,264
fog-k3s-master3,1,2026-06-06 08:47:08 UTC,15052896,15471360,155780,0.97,50676,620084,206308,1.29,209748,517528,284
fog-k3s-master3,1,2026-06-06 08:47:09 UTC,15053156,15471620,155500,0.97,50684,620096,199672,1.25,206580,517528,304
fog-k3s-master3,1,2026-06-06 08:47:10 UTC,15053228,15471700,155420,0.97,50684,620108,199672,1.25,206436,517536,404
fog-k3s-master3,1,2026-06-06 08:47:11 UTC,15053228,15471760,155412,0.97,50684,620116,199672,1.25,206436,517596,412
fog-k3s-master3,1,2026-06-06 08:47:12 UTC,15053228,15471760,155400,0.97,50684,620128,199672,1.25,206436,517596,164
fog-k3s-master3,1,2026-06-06 08:47:13 UTC,15053228,15471760,155392,0.97,50684,620136,199672,1.25,206436,517596,172
fog-k3s-master3,1,2026-06-06 08:47:14 UTC,15053228,15471760,155372,0.97,50692,620148,199672,1.25,206436,517596,308
fog-k3s-master3,1,2026-06-06 08:47:15 UTC,15053228,15471760,155364,0.97,50692,620156,199672,1.25,206436,517596,316
fog-k3s-master3,1,2026-06-06 08:47:16 UTC,15053228,15471764,155348,0.97,50692,620168,199672,1.25,206436,517596,328
fog-k3s-master3,1,2026-06-06 08:47:17 UTC,15053228,15471824,155340,0.97,50692,620176,199672,1.25,206436,517656,336
fog-k3s-master3,1,2026-06-06 08:47:18 UTC,15053228,15471824,155328,0.97,50692,620188,199672,1.25,206436,517656,348
fog-k3s-master3,1,2026-06-06 08:47:19 UTC,15053228,15471824,155320,0.97,50700,620188,199672,1.25,206436,517656,356
fog-k3s-master3,1,2026-06-06 08:47:20 UTC,15053228,15471840,155300,0.97,50700,620208,199672,1.25,206436,517672,168
fog-k3s-master3,1,2026-06-06 08:47:21 UTC,15053228,15471840,155288,0.97,50700,620220,199672,1.25,206436,517672,180
fog-k3s-master3,1,2026-06-06 08:47:22 UTC,15053228,15471840,155280,0.97,50700,620228,199672,1.25,206436,517672,188
fog-k3s-master3,1,2026-06-06 08:47:23 UTC,15053228,15471900,155268,0.97,50700,620240,199672,1.25,206436,517732,200
fog-k3s-master3,1,2026-06-06 08:47:24 UTC,15053228,15471900,155252,0.97,50708,620248,199672,1.25,206436,517732,396
fog-k3s-master3,1,2026-06-06 08:47:25 UTC,15053228,15471900,155240,0.97,50708,620260,199672,1.25,206436,517732,408
fog-k3s-master3,1,2026-06-06 08:47:26 UTC,15053228,15471900,155232,0.97,50708,620268,199672,1.25,206436,517732,252
fog-k3s-master3,1,2026-06-06 08:47:27 UTC,15053228,15471900,155220,0.97,50708,620280,199672,1.25,206436,517732,264
fog-k3s-master3,1,2026-06-06 08:47:28 UTC,15053228,15471900,155212,0.97,50708,620288,199672,1.25,206436,517732,272
fog-k3s-master3,1,2026-06-06 08:47:29 UTC,15053228,15471960,155200,0.97,50716,620292,199672,1.25,206436,517792,284
fog-k3s-master3,1,2026-06-06 08:47:30 UTC,15053228,15471976,155184,0.97,50716,620308,199672,1.25,206436,517808,432
fog-k3s-master3,1,2026-06-06 08:47:31 UTC,15053228,15471976,155168,0.97,50716,620320,199672,1.25,206436,517808,444
fog-k3s-master3,1,2026-06-06 08:47:32 UTC,15053228,15471976,155160,0.97,50716,620328,199672,1.25,206436,517808,452
fog-k3s-master3,1,2026-06-06 08:47:33 UTC,15053228,15471976,155148,0.97,50716,620340,199672,1.25,206436,517808,464
fog-k3s-master3,1,2026-06-06 08:47:34 UTC,15053228,15472036,155128,0.97,50724,620352,199672,1.25,206436,517868,328
fog-k3s-master3,1,2026-06-06 08:47:35 UTC,15053228,15472036,155120,0.97,50724,620360,199672,1.25,206436,517868,16
fog-k3s-master3,1,2026-06-06 08:47:36 UTC,15053480,15472288,154856,0.97,50724,620372,199672,1.25,206436,517868,32
fog-k3s-master3,1,2026-06-06 08:47:37 UTC,15053480,15472288,154848,0.97,50724,620380,199672,1.25,206436,517868,40
fog-k3s-master3,1,2026-06-06 08:47:38 UTC,15053480,15472288,154836,0.97,50724,620392,199672,1.25,206436,517868,52
fog-k3s-master3,1,2026-06-06 08:47:39 UTC,15053480,15472288,154816,0.97,50736,620400,199672,1.25,206436,517868,208
fog-k3s-master3,1,2026-06-06 08:47:40 UTC,15053480,15472348,154804,0.97,50736,620412,199672,1.25,206436,517928,56
fog-k3s-master3,1,2026-06-06 08:47:41 UTC,15052988,15471856,155280,0.97,50736,620420,202524,1.27,207792,517928,64
fog-k3s-master3,1,2026-06-06 08:47:42 UTC,15052988,15471856,155264,0.97,50736,620436,203124,1.27,208108,517928,256
fog-k3s-master3,1,2026-06-06 08:47:43 UTC,15052988,15471856,155256,0.97,50736,620444,203124,1.27,208108,517928,264
fog-k3s-master3,1,2026-06-06 08:47:44 UTC,15052988,15471856,155236,0.97,50744,620456,203124,1.27,208108,517928,400
fog-k3s-master3,1,2026-06-06 08:47:45 UTC,15052988,15471856,155224,0.97,50744,620468,203124,1.27,208108,517928,420
fog-k3s-master3,1,2026-06-06 08:47:46 UTC,15052988,15471920,155212,0.97,50744,620476,199672,1.25,206548,517988,428
fog-k3s-master3,1,2026-06-06 08:47:47 UTC,15052988,15471920,155200,0.97,50744,620488,199672,1.25,206548,517988,180
fog-k3s-master3,1,2026-06-06 08:47:48 UTC,15052988,15471920,155196,0.97,50744,620496,199672,1.25,206436,517988,156
fog-k3s-master3,1,2026-06-06 08:47:49 UTC,15052988,15471920,155172,0.97,50752,620508,199672,1.25,206436,517988,356
fog-k3s-master3,1,2026-06-06 08:47:50 UTC,15052988,15471920,155164,0.97,50752,620516,199672,1.25,206436,517988,328
fog-k3s-master3,1,2026-06-06 08:47:51 UTC,15052988,15471920,155152,0.97,50752,620528,199672,1.25,206436,517988,340
fog-k3s-master3,1,2026-06-06 08:47:52 UTC,15052988,15471980,155144,0.97,50752,620536,199672,1.25,206436,518048,348
fog-k3s-master3,1,2026-06-06 08:47:53 UTC,15052988,15471980,155144,0.97,50752,620536,199672,1.25,206436,518048,348
fog-k3s-master3,1,2026-06-06 08:47:54 UTC,15052988,15471980,155124,0.97,50760,620548,199672,1.25,206436,518048,368
fog-k3s-master3,1,2026-06-06 08:47:55 UTC,15052988,15471980,155104,0.97,50760,620568,199672,1.25,206436,518048,220
fog-k3s-master3,1,2026-06-06 08:47:56 UTC,15052988,15471980,155096,0.97,50760,620576,199672,1.25,206436,518048,228
fog-k3s-master3,1,2026-06-06 08:47:57 UTC,15052988,15471980,155084,0.97,50760,620588,199672,1.25,206436,518048,240
fog-k3s-master3,1,2026-06-06 08:47:58 UTC,15052988,15472040,155072,0.97,50760,620600,199672,1.25,206436,518108,252
fog-k3s-master3,1,2026-06-06 08:47:59 UTC,15052988,15472040,155064,0.97,50768,620600,199672,1.25,206436,518108,264
fog-k3s-master3,1,2026-06-06 08:48:00 UTC,15052988,15472040,155044,0.97,50768,620620,199672,1.25,206436,518108,428
fog-k3s-master3,1,2026-06-06 08:48:01 UTC,15052988,15472040,155036,0.97,50768,620628,199672,1.25,206436,518108,436
fog-k3s-master3,1,2026-06-06 08:48:02 UTC,15052988,15472044,155020,0.97,50768,620640,199672,1.25,206436,518108,448
fog-k3s-master3,1,2026-06-06 08:48:03 UTC,15052988,15472044,155020,0.97,50768,620640,199672,1.25,206436,518108,448
fog-k3s-master3,1,2026-06-06 08:48:04 UTC,15052988,15472112,155000,0.97,50776,620652,199672,1.25,206436,518176,292
fog-k3s-master3,1,2026-06-06 08:48:05 UTC,15052988,15472112,154992,0.97,50776,620660,199672,1.25,206436,518176,40
fog-k3s-master3,1,2026-06-06 08:48:06 UTC,15052988,15472172,154972,0.97,50776,620680,199672,1.25,206436,518236,28
fog-k3s-master3,1,2026-06-06 08:48:07 UTC,15053240,15472424,154712,0.97,50776,620688,199672,1.25,206436,518236,36
fog-k3s-master3,1,2026-06-06 08:48:08 UTC,15053240,15472424,154700,0.97,50776,620700,199672,1.25,206436,518236,48
fog-k3s-master3,1,2026-06-06 08:48:09 UTC,15053240,15472424,154676,0.97,50788,620712,199672,1.25,206436,518236,244
fog-k3s-master3,1,2026-06-06 08:48:10 UTC,15053240,15472496,154668,0.97,50788,620720,199672,1.25,206436,518308,60
fog-k3s-master3,1,2026-06-06 08:48:11 UTC,15053240,15472496,154656,0.97,50788,620732,199672,1.25,206436,518308,72
fog-k3s-master3,1,2026-06-06 08:48:12 UTC,15053240,15472496,154648,0.97,50788,620740,199672,1.25,206436,518308,80
fog-k3s-master3,1,2026-06-06 08:48:13 UTC,15053240,15472496,154636,0.97,50788,620752,199672,1.25,206436,518308,92
fog-k3s-master3,1,2026-06-06 08:48:14 UTC,15053240,15472496,154620,0.97,50796,620760,199672,1.25,206436,518308,280
fog-k3s-master3,1,2026-06-06 08:48:15 UTC,15053240,15472504,154608,0.97,50796,620772,199672,1.25,206436,518316,288
fog-k3s-master3,1,2026-06-06 08:48:16 UTC,15053240,15472564,154600,0.97,50796,620780,199672,1.25,206436,518376,296
fog-k3s-master3,1,2026-06-06 08:48:17 UTC,15053240,15472564,154584,0.97,50796,620792,199672,1.25,206436,518376,308
fog-k3s-master3,1,2026-06-06 08:48:18 UTC,15053240,15472564,154576,0.97,50796,620800,199672,1.25,206436,518376,316
fog-k3s-master3,1,2026-06-06 08:48:19 UTC,15053240,15472564,154564,0.97,50804,620804,199672,1.25,206436,518376,332
fog-k3s-master3,1,2026-06-06 08:48:20 UTC,15053240,15472572,154548,0.97,50804,620820,199672,1.25,206436,518384,160
fog-k3s-master3,1,2026-06-06 08:48:21 UTC,15053240,15472572,154536,0.97,50804,620832,199672,1.25,206436,518384,172
fog-k3s-master3,1,2026-06-06 08:48:22 UTC,15053240,15472632,154524,0.97,50804,620844,199672,1.25,206436,518444,184
fog-k3s-master3,1,2026-06-06 08:48:23 UTC,15053240,15472632,154516,0.97,50804,620852,199672,1.25,206436,518444,192
fog-k3s-master3,1,2026-06-06 08:48:24 UTC,15053240,15472632,154496,0.97,50812,620864,199672,1.25,206436,518444,372
fog-k3s-master3,1,2026-06-06 08:48:25 UTC,15053240,15472632,154488,0.97,50812,620872,199672,1.25,206436,518444,216
fog-k3s-master3,1,2026-06-06 08:48:26 UTC,15053240,15472632,154476,0.97,50812,620884,199672,1.25,206436,518444,228
fog-k3s-master3,1,2026-06-06 08:48:27 UTC,15053240,15472632,154468,0.97,50812,620892,199672,1.25,206436,518444,236
fog-k3s-master3,1,2026-06-06 08:48:28 UTC,15053240,15472632,154468,0.97,50812,620892,199672,1.25,206436,518444,236
fog-k3s-master3,1,2026-06-06 08:48:29 UTC,15053240,15472692,154448,0.97,50820,620904,199672,1.25,206436,518504,260
fog-k3s-master3,1,2026-06-06 08:48:30 UTC,15053240,15472692,154428,0.97,50820,620924,199672,1.25,206436,518504,428
fog-k3s-master3,1,2026-06-06 08:48:31 UTC,15053240,15472692,154428,0.97,50820,620924,202524,1.27,207716,518504,428
fog-k3s-master3,1,2026-06-06 08:48:32 UTC,15053240,15472696,154396,0.97,50820,620944,203124,1.27,208104,518504,556
fog-k3s-master3,1,2026-06-06 08:48:33 UTC,15053240,15472696,154384,0.97,50820,620956,203124,1.27,208104,518504,568
fog-k3s-master3,1,2026-06-06 08:48:34 UTC,15053240,15472696,154384,0.97,50828,620948,203124,1.27,208104,518504,568
fog-k3s-master3,1,2026-06-06 08:48:35 UTC,15053240,15472756,154360,0.97,50828,620976,199672,1.25,206516,518564,472
fog-k3s-master3,1,2026-06-06 08:48:36 UTC,15053240,15472756,154352,0.97,50828,620984,199672,1.25,206516,518564,160
fog-k3s-master3,1,2026-06-06 08:48:37 UTC,15053240,15472756,154344,0.97,50828,620996,199672,1.25,206436,518564,176
fog-k3s-master3,1,2026-06-06 08:48:38 UTC,15053240,15472756,154336,0.97,50828,621004,199672,1.25,206436,518564,184
fog-k3s-master3,1,2026-06-06 08:48:39 UTC,15053240,15472756,154324,0.97,50840,621004,199672,1.25,206436,518564,196
fog-k3s-master3,1,2026-06-06 08:48:40 UTC,15053240,15472816,154316,0.97,50840,621012,199672,1.25,206436,518624,0
fog-k3s-master3,1,2026-06-06 08:48:41 UTC,15053240,15472852,154292,0.97,50840,621036,199672,1.25,206436,518660,56
fog-k3s-master3,1,2026-06-06 08:48:42 UTC,15053240,15472852,154284,0.97,50840,621044,199672,1.25,206436,518660,64
fog-k3s-master3,1,2026-06-06 08:48:43 UTC,15053240,15472852,154272,0.97,50840,621056,199672,1.25,206436,518660,76
fog-k3s-master3,1,2026-06-06 08:48:44 UTC,15053240,15472852,154264,0.97,50848,621056,199672,1.25,206436,518660,88
fog-k3s-master3,1,2026-06-06 08:48:45 UTC,15053240,15472852,154244,0.97,50848,621076,199672,1.25,206436,518660,276
fog-k3s-master3,1,2026-06-06 08:48:46 UTC,15053240,15472912,154232,0.96,50848,621088,199672,1.25,206436,518720,288
fog-k3s-master3,1,2026-06-06 08:48:47 UTC,15053240,15472912,154224,0.96,50848,621096,199672,1.25,206436,518720,296
fog-k3s-master3,1,2026-06-06 08:48:48 UTC,15053240,15472912,154208,0.96,50848,621108,199672,1.25,206436,518720,308
fog-k3s-master3,1,2026-06-06 08:48:49 UTC,15053240,15472912,154200,0.96,50856,621108,199672,1.25,206436,518720,304
fog-k3s-master3,1,2026-06-06 08:48:50 UTC,15053240,15472912,154180,0.96,50856,621128,199672,1.25,206436,518720,148
fog-k3s-master3,1,2026-06-06 08:48:51 UTC,15053240,15472912,154172,0.96,50856,621136,199672,1.25,206436,518720,156
fog-k3s-master3,1,2026-06-06 08:48:52 UTC,15053240,15472972,154160,0.96,50856,621148,199672,1.25,206436,518780,168
fog-k3s-master3,1,2026-06-06 08:48:53 UTC,15053240,15472972,154152,0.96,50856,621156,199672,1.25,206436,518780,176
fog-k3s-master3,1,2026-06-06 08:48:54 UTC,15053240,15472972,154132,0.96,50864,621168,199672,1.25,206436,518780,376
fog-k3s-master3,1,2026-06-06 08:48:55 UTC,15053240,15472972,154124,0.96,50864,621176,199672,1.25,206436,518780,212
fog-k3s-master3,1,2026-06-06 08:48:56 UTC,15053240,15472972,154112,0.96,50864,621188,199672,1.25,206436,518780,224
fog-k3s-master3,1,2026-06-06 08:48:57 UTC,15053240,15473032,154100,0.96,50864,621200,199672,1.25,206436,518840,236
fog-k3s-master3,1,2026-06-06 08:48:58 UTC,15053240,15473032,154092,0.96,50864,621208,199672,1.25,206436,518840,244
fog-k3s-master3,1,2026-06-06 08:48:59 UTC,15053240,15473032,154072,0.96,50872,621220,199672,1.25,206436,518840,404
fog-k3s-master3,1,2026-06-06 08:49:00 UTC,15053240,15473032,154064,0.96,50872,621228,199672,1.25,206436,518840,412
fog-k3s-master3,1,2026-06-06 08:49:01 UTC,15053240,15473032,154052,0.96,50872,621240,199672,1.25,206436,518840,424
fog-k3s-master3,1,2026-06-06 08:49:02 UTC,15053240,15473032,154044,0.96,50872,621248,199672,1.25,206436,518840,432
fog-k3s-master3,1,2026-06-06 08:49:03 UTC,15053240,15473096,154028,0.96,50872,621260,201032,1.26,207512,518900,444
fog-k3s-master3,1,2026-06-06 08:49:04 UTC,15053240,15473096,154020,0.96,50880,621260,201032,1.26,207512,518900,456
fog-k3s-master3,1,2026-06-06 08:49:05 UTC,15053240,15473136,154000,0.96,50880,621280,201032,1.26,207512,518940,316
fog-k3s-master3,1,2026-06-06 08:49:06 UTC,15053240,15473136,153992,0.96,50880,621288,201032,1.26,207512,518940,324
fog-k3s-master3,1,2026-06-06 08:49:07 UTC,15053240,15473136,153980,0.96,50880,621300,201032,1.26,207512,518940,76
fog-k3s-master3,1,2026-06-06 08:49:08 UTC,15053240,15473136,153972,0.96,50880,621308,201032,1.26,207512,518940,88
fog-k3s-master3,1,2026-06-06 08:49:09 UTC,15053240,15473208,153948,0.96,50892,621320,201032,1.26,207512,519012,192
fog-k3s-master3,1,2026-06-06 08:49:10 UTC,15053240,15473208,153936,0.96,50892,621332,201032,1.26,207512,519012,204
fog-k3s-master3,1,2026-06-06 08:49:11 UTC,15053240,15473208,153928,0.96,50892,621340,201032,1.26,207512,519012,44
fog-k3s-master3,1,2026-06-06 08:49:12 UTC,15053240,15473208,153916,0.96,50892,621352,201032,1.26,207512,519012,56
fog-k3s-master3,1,2026-06-06 08:49:13 UTC,15053240,15473208,153916,0.96,50892,621352,201032,1.26,207512,519012,56
fog-k3s-master3,1,2026-06-06 08:49:14 UTC,15053240,15473208,153896,0.96,50900,621364,201032,1.26,207512,519012,80
fog-k3s-master3,1,2026-06-06 08:49:15 UTC,15053240,15473268,153880,0.96,50900,621380,201032,1.26,207512,519072,264
fog-k3s-master3,1,2026-06-06 08:49:16 UTC,15053240,15473268,153880,0.96,50900,621380,201032,1.26,207512,519072,264
fog-k3s-master3,1,2026-06-06 08:49:17 UTC,15052736,15472764,154364,0.97,50900,621400,204008,1.28,208824,519072,284
fog-k3s-master3,1,2026-06-06 08:49:18 UTC,15052484,15472512,154600,0.97,50900,621412,204480,1.28,209152,519072,304
fog-k3s-master3,1,2026-06-06 08:49:19 UTC,15052484,15472512,154592,0.97,50908,621412,204480,1.28,209152,519072,312
fog-k3s-master3,1,2026-06-06 08:49:20 UTC,15052484,15472516,154568,0.97,50908,621432,204480,1.28,209284,519072,264
fog-k3s-master3,1,2026-06-06 08:49:21 UTC,15052484,15472576,154556,0.97,50908,621444,201032,1.26,207556,519132,276
fog-k3s-master3,1,2026-06-06 08:49:22 UTC,15052484,15472576,154548,0.97,50908,621452,201032,1.26,207556,519132,304
fog-k3s-master3,1,2026-06-06 08:49:23 UTC,15052484,15472592,154536,0.97,50908,621464,201032,1.26,207556,519148,312
fog-k3s-master3,1,2026-06-06 08:49:24 UTC,15052484,15472592,154536,0.97,50916,621456,201032,1.26,207556,519148,312
fog-k3s-master3,1,2026-06-06 08:49:25 UTC,15052484,15472592,154508,0.97,50916,621484,201032,1.26,207556,519148,224
fog-k3s-master3,1,2026-06-06 08:49:26 UTC,15052484,15472592,154500,0.97,50916,621492,201032,1.26,207556,519148,232
fog-k3s-master3,1,2026-06-06 08:49:27 UTC,15052484,15472652,154488,0.97,50916,621504,201032,1.26,207556,519208,244
fog-k3s-master3,1,2026-06-06 08:49:28 UTC,15052484,15472652,154480,0.97,50916,621512,201032,1.26,207556,519208,244
fog-k3s-master3,1,2026-06-06 08:49:29 UTC,15052484,15472652,154480,0.97,50916,621512,201032,1.26,207556,519208,244
fog-k3s-master3,1,2026-06-06 08:49:30 UTC,15052484,15472652,154452,0.97,50924,621532,201032,1.26,207556,519208,420
fog-k3s-master3,1,2026-06-06 08:49:31 UTC,15052484,15472652,154440,0.97,50924,621544,201032,1.26,207556,519208,432
fog-k3s-master3,1,2026-06-06 08:49:32 UTC,15052484,15472652,154428,0.97,50924,621556,201032,1.26,207556,519208,444
fog-k3s-master3,1,2026-06-06 08:49:33 UTC,15052484,15472712,154420,0.97,50924,621564,201032,1.26,207556,519268,452
fog-k3s-master3,1,2026-06-06 08:49:34 UTC,15052484,15472712,154420,0.97,50924,621564,201032,1.26,207556,519268,452
fog-k3s-master3,1,2026-06-06 08:49:35 UTC,15052484,15472712,154420,0.97,50932,621556,201032,1.26,207556,519268,452
fog-k3s-master3,1,2026-06-06 08:49:36 UTC,15052484,15472712,154376,0.97,50932,621596,201032,1.26,207556,519268,300
fog-k3s-master3,1,2026-06-06 08:49:37 UTC,15052484,15472712,154368,0.97,50932,621604,201032,1.26,207556,519268,308
fog-k3s-master3,1,2026-06-06 08:49:38 UTC,15052484,15472712,154356,0.97,50932,621616,201032,1.26,207556,519268,0
fog-k3s-master3,1,2026-06-06 08:49:39 UTC,15052484,15472772,154348,0.97,50932,621624,201032,1.26,207556,519328,180
fog-k3s-master3,1,2026-06-06 08:49:40 UTC,15052484,15472772,154348,0.97,50932,621624,201032,1.26,207556,519328,180
fog-k3s-master3,1,2026-06-06 08:49:41 UTC,15052484,15472772,154316,0.97,50944,621644,201032,1.26,207556,519328,64
fog-k3s-master3,1,2026-06-06 08:49:42 UTC,15052484,15472772,154304,0.97,50944,621656,201032,1.26,207556,519328,76
fog-k3s-master3,1,2026-06-06 08:49:43 UTC,15052484,15472772,154296,0.97,50944,621664,201032,1.26,207556,519328,84
fog-k3s-master3,1,2026-06-06 08:49:44 UTC,15052484,15472772,154284,0.97,50944,621676,201032,1.26,207556,519328,260
fog-k3s-master3,1,2026-06-06 08:49:45 UTC,15052484,15472772,154284,0.97,50944,621676,201032,1.26,207556,519328,260
fog-k3s-master3,1,2026-06-06 08:49:46 UTC,15050904,15471252,155836,0.98,50952,621688,203884,1.28,208912,519388,280
fog-k3s-master3,1,2026-06-06 08:49:47 UTC,15050904,15471252,155816,0.97,50952,621708,204484,1.28,209228,519388,396
fog-k3s-master3,1,2026-06-06 08:49:48 UTC,15050904,15471252,155808,0.97,50952,621716,204484,1.28,209228,519388,404
fog-k3s-master3,1,2026-06-06 08:49:49 UTC,15051424,15471776,155272,0.97,50952,621728,201032,1.26,207584,519388,160
fog-k3s-master3,1,2026-06-06 08:49:50 UTC,15051552,15471904,155144,0.97,50952,621736,201032,1.26,207536,519388,292
fog-k3s-master3,1,2026-06-06 08:49:51 UTC,15051552,15471964,155132,0.97,50952,621748,201032,1.26,207536,519448,304
fog-k3s-master3,1,2026-06-06 08:49:52 UTC,15051552,15471964,155116,0.97,50960,621756,201032,1.26,207536,519448,316
fog-k3s-master3,1,2026-06-06 08:49:53 UTC,15051552,15471964,155104,0.97,50960,621768,201032,1.26,207536,519448,328
fog-k3s-master3,1,2026-06-06 08:49:54 UTC,15051552,15471964,155092,0.97,50960,621780,201032,1.26,207536,519448,336
fog-k3s-master3,1,2026-06-06 08:49:55 UTC,15051552,15471964,155080,0.97,50960,621792,201032,1.26,207536,519448,348
fog-k3s-master3,1,2026-06-06 08:49:56 UTC,15051552,15472024,155068,0.97,50960,621804,201032,1.26,207556,519508,224
fog-k3s-master3,1,2026-06-06 08:49:57 UTC,15051552,15472024,155060,0.97,50960,621812,201032,1.26,207556,519508,204
fog-k3s-master3,1,2026-06-06 08:49:58 UTC,15051552,15472084,155040,0.97,50968,621824,201032,1.26,207556,519568,236
fog-k3s-master3,1,2026-06-06 08:49:59 UTC,15051784,15472316,154800,0.97,50968,621832,201032,1.26,207556,519568,248
fog-k3s-master3,1,2026-06-06 08:50:00 UTC,15051560,15472092,155008,0.97,50968,621844,201032,1.26,207556,519568,248
fog-k3s-master3,1,2026-06-06 08:50:01 UTC,15051560,15472092,155000,0.97,50968,621852,201032,1.26,207556,519568,256
fog-k3s-master3,1,2026-06-06 08:50:02 UTC,15054696,15475228,151864,0.95,50968,621852,201032,1.26,207556,519568,256
fog-k3s-master3,1,2026-06-06 08:50:03 UTC,15054696,15475288,151844,0.95,50968,621872,201032,1.26,207556,519628,256
fog-k3s-master3,1,2026-06-06 08:50:04 UTC,15054696,15475288,151828,0.95,50976,621876,201032,1.26,207556,519628,436
fog-k3s-master3,1,2026-06-06 08:50:05 UTC,15052684,15473308,153824,0.96,50976,621892,201032,1.26,207676,519660,464
fog-k3s-master3,1,2026-06-06 08:50:06 UTC,15052684,15473320,153812,0.96,50976,621904,201032,1.26,207724,519672,476
fog-k3s-master3,1,2026-06-06 08:50:07 UTC,15052684,15473324,153816,0.96,50976,621916,201032,1.26,207556,519676,588
fog-k3s-master3,1,2026-06-06 08:50:08 UTC,15052684,15473324,153804,0.96,50976,621928,201032,1.26,207556,519676,292
fog-k3s-master3,1,2026-06-06 08:50:09 UTC,15052684,15473324,153804,0.96,50988,621916,201032,1.26,207556,519676,0
fog-k3s-master3,1,2026-06-06 08:50:10 UTC,15052684,15473324,153804,0.96,50988,621916,201032,1.26,207556,519676,0
fog-k3s-master3,1,2026-06-06 08:50:11 UTC,15052432,15473072,154012,0.96,50988,621960,201032,1.26,207556,519676,36
fog-k3s-master3,1,2026-06-06 08:50:12 UTC,15052432,15473132,154004,0.96,50988,621968,201032,1.26,207556,519736,44
fog-k3s-master3,1,2026-06-06 08:50:13 UTC,15052432,15473132,153992,0.96,50988,621980,201032,1.26,207556,519736,56
fog-k3s-master3,1,2026-06-06 08:50:14 UTC,15052432,15473132,153984,0.96,50996,621980,201032,1.26,207556,519736,64
fog-k3s-master3,1,2026-06-06 08:50:15 UTC,15052432,15473132,153964,0.96,50996,622000,201032,1.26,207556,519736,108
fog-k3s-master3,1,2026-06-06 08:50:16 UTC,15052432,15473132,153956,0.96,50996,622008,201032,1.26,207556,519736,116
fog-k3s-master3,1,2026-06-06 08:50:17 UTC,15052432,15473132,153944,0.96,50996,622020,201032,1.26,207556,519736,128
fog-k3s-master3,1,2026-06-06 08:50:18 UTC,15052432,15473192,153936,0.96,50996,622028,201032,1.26,207556,519796,136
fog-k3s-master3,1,2026-06-06 08:50:19 UTC,15049692,15470456,156660,0.98,51004,622032,204216,1.28,208856,519796,148
fog-k3s-master3,1,2026-06-06 08:50:20 UTC,15049692,15470456,156648,0.98,51004,622044,204216,1.28,208856,519796,160
fog-k3s-master3,1,2026-06-06 08:50:21 UTC,15049200,15469964,157064,0.98,51004,622064,207192,1.30,210572,519796,388
fog-k3s-master3,1,2026-06-06 08:50:22 UTC,15048696,15469464,157536,0.99,51004,622076,207664,1.30,210896,519800,452
fog-k3s-master3,1,2026-06-06 08:50:23 UTC,15048696,15469464,157528,0.99,51004,622084,207664,1.30,210896,519800,460
fog-k3s-master3,1,2026-06-06 08:50:24 UTC,15052404,15473232,153828,0.96,51012,622100,201032,1.26,207556,519860,328
fog-k3s-master3,1,2026-06-06 08:50:25 UTC,15052404,15473232,153824,0.96,51012,622108,201032,1.26,207556,519860,336
fog-k3s-master3,1,2026-06-06 08:50:26 UTC,15052404,15473232,153812,0.96,51012,622120,201032,1.26,207556,519860,348
fog-k3s-master3,1,2026-06-06 08:50:27 UTC,15052404,15473232,153804,0.96,51012,622128,201032,1.26,207556,519860,356
fog-k3s-master3,1,2026-06-06 08:50:28 UTC,15052404,15473232,153792,0.96,51012,622140,201032,1.26,207556,519860,368
fog-k3s-master3,1,2026-06-06 08:50:29 UTC,15052404,15473232,153784,0.96,51020,622140,201032,1.26,207556,519860,420
fog-k3s-master3,1,2026-06-06 08:50:30 UTC,15052404,15473292,153772,0.96,51020,622152,201032,1.26,207556,519920,208
fog-k3s-master3,1,2026-06-06 08:50:31 UTC,15052404,15473292,153756,0.96,51020,622168,201032,1.26,207556,519920,240
fog-k3s-master3,1,2026-06-06 08:50:32 UTC,15052404,15473292,153744,0.96,51020,622180,201032,1.26,207556,519920,252
fog-k3s-master3,1,2026-06-06 08:50:33 UTC,15052404,15473292,153732,0.96,51020,622192,201032,1.26,207556,519920,264
fog-k3s-master3,1,2026-06-06 08:50:34 UTC,15052404,15473292,153720,0.96,51028,622192,201032,1.26,207556,519920,272
fog-k3s-master3,1,2026-06-06 08:50:35 UTC,15052404,15473412,153700,0.96,51028,622212,201032,1.26,207556,520040,460
fog-k3s-master3,1,2026-06-06 08:50:36 UTC,15052404,15473412,153692,0.96,51028,622220,201032,1.26,207556,520040,468
fog-k3s-master3,1,2026-06-06 08:50:37 UTC,15052404,15473412,153680,0.96,51028,622232,201032,1.26,207556,520040,480
fog-k3s-master3,1,2026-06-06 08:50:38 UTC,15052404,15473412,153672,0.96,51028,622240,201032,1.26,207556,520040,488
fog-k3s-master3,1,2026-06-06 08:50:39 UTC,15052404,15473412,153660,0.96,51040,622240,201032,1.26,207556,520040,244
fog-k3s-master3,1,2026-06-06 08:50:40 UTC,15052404,15473412,153652,0.96,51040,622248,201032,1.26,207556,520040,256
fog-k3s-master3,1,2026-06-06 08:50:41 UTC,15052404,15473472,153628,0.96,51040,622272,201032,1.26,207556,520100,28
fog-k3s-master3,1,2026-06-06 08:50:42 UTC,15052404,15473472,153620,0.96,51040,622280,201032,1.26,207556,520100,36
fog-k3s-master3,1,2026-06-06 08:50:43 UTC,15052404,15473472,153608,0.96,51040,622292,201032,1.26,207556,520100,48
fog-k3s-master3,1,2026-06-06 08:50:44 UTC,15052404,15473592,153460,0.96,51048,622432,201032,1.26,207676,520100,240
fog-k3s-master3,1,2026-06-06 08:50:45 UTC,15052404,15473592,153460,0.96,51048,622432,201032,1.26,207676,520100,240
fog-k3s-master3,1,2026-06-06 08:50:46 UTC,15052404,15473592,153440,0.96,51048,622452,201032,1.26,207676,520100,88
fog-k3s-master3,1,2026-06-06 08:50:47 UTC,15052404,15473652,153432,0.96,51048,622460,201032,1.26,207676,520160,96
fog-k3s-master3,1,2026-06-06 08:50:48 UTC,15049916,15471164,155912,0.98,51048,622472,202392,1.27,208744,520160,108
fog-k3s-master3,1,2026-06-06 08:50:49 UTC,15049916,15471164,155896,0.98,51056,622480,202392,1.27,208744,520160,288
fog-k3s-master3,1,2026-06-06 08:50:50 UTC,15049916,15471168,155880,0.98,51056,622492,202392,1.27,208744,520160,300
fog-k3s-master3,1,2026-06-06 08:50:51 UTC,15049916,15471168,155872,0.98,51056,622500,202392,1.27,208744,520160,292
fog-k3s-master3,1,2026-06-06 08:50:52 UTC,15049916,15471168,155860,0.98,51056,622512,202392,1.27,208744,520160,304
fog-k3s-master3,1,2026-06-06 08:50:53 UTC,15049916,15471228,155852,0.98,51056,622520,202392,1.27,208744,520220,312
fog-k3s-master3,1,2026-06-06 08:50:54 UTC,15049916,15471228,155840,0.98,51064,622524,202392,1.27,208744,520220,324
fog-k3s-master3,1,2026-06-06 08:50:55 UTC,15049916,15471264,155824,0.97,51064,622540,202392,1.27,208744,520256,180
fog-k3s-master3,1,2026-06-06 08:50:56 UTC,15049916,15471264,155812,0.97,51064,622552,202392,1.27,208744,520256,192
fog-k3s-master3,1,2026-06-06 08:50:57 UTC,15049916,15471264,155800,0.97,51064,622564,202392,1.27,208744,520256,204
fog-k3s-master3,1,2026-06-06 08:50:58 UTC,15049916,15471264,155792,0.97,51064,622572,202392,1.27,208744,520256,212
fog-k3s-master3,1,2026-06-06 08:50:59 UTC,15049916,15471324,155780,0.97,51072,622576,202392,1.27,208744,520316,228
fog-k3s-master3,1,2026-06-06 08:51:00 UTC,15049916,15471324,155772,0.97,51072,622584,202392,1.27,208744,520316,236
fog-k3s-master3,1,2026-06-06 08:51:01 UTC,15049916,15471324,155752,0.97,51072,622604,202392,1.27,208768,520316,232
fog-k3s-master3,1,2026-06-06 08:51:02 UTC,15049916,15471324,155752,0.97,51072,622604,202392,1.27,208768,520316,232
fog-k3s-master3,1,2026-06-06 08:51:03 UTC,15049916,15471324,155732,0.97,51072,622624,201032,1.26,207728,520316,252
fog-k3s-master3,1,2026-06-06 08:51:04 UTC,15049916,15471324,155724,0.97,51080,622624,201032,1.26,207728,520316,260
fog-k3s-master3,1,2026-06-06 08:51:05 UTC,15049916,15471392,155700,0.97,51080,622644,201032,1.26,207656,520376,440
fog-k3s-master3,1,2026-06-06 08:51:06 UTC,15049916,15471392,155692,0.97,51080,622652,201032,1.26,207656,520376,448
fog-k3s-master3,1,2026-06-06 08:51:07 UTC,15049916,15471392,155680,0.97,51080,622664,201032,1.26,207656,520376,460
fog-k3s-master3,1,2026-06-06 08:51:08 UTC,15049916,15471392,155668,0.97,51080,622676,201032,1.26,207656,520376,472
fog-k3s-master3,1,2026-06-06 08:51:09 UTC,15049916,15471392,155652,0.97,51088,622684,201032,1.26,207656,520376,312
fog-k3s-master3,1,2026-06-06 08:51:10 UTC,15049916,15471392,155640,0.97,51088,622696,201032,1.26,207656,520376,4
fog-k3s-master3,1,2026-06-06 08:51:11 UTC,15049916,15471452,155632,0.97,51088,622704,201032,1.26,207656,520436,16
fog-k3s-master3,1,2026-06-06 08:51:12 UTC,15049916,15471452,155620,0.97,51088,622716,201032,1.26,207656,520436,28
fog-k3s-master3,1,2026-06-06 08:51:13 UTC,15049916,15471452,155620,0.97,51088,622716,201032,1.26,207656,520436,28
fog-k3s-master3,1,2026-06-06 08:51:14 UTC,15049916,15471452,155600,0.97,51100,622724,201032,1.26,207656,520436,48
fog-k3s-master3,1,2026-06-06 08:51:15 UTC,15049916,15471452,155592,0.97,51100,622732,201032,1.26,207656,520436,56
fog-k3s-master3,1,2026-06-06 08:51:16 UTC,15049916,15471452,155568,0.97,51100,622756,201032,1.26,207656,520436,92
fog-k3s-master3,1,2026-06-06 08:51:17 UTC,15049916,15471512,155560,0.97,51100,622764,201032,1.26,207656,520496,100
fog-k3s-master3,1,2026-06-06 08:51:18 UTC,15049916,15471512,155548,0.97,51100,622776,201032,1.26,207656,520496,112
fog-k3s-master3,1,2026-06-06 08:51:19 UTC,15049916,15471512,155540,0.97,51100,622784,201032,1.26,207656,520496,124
fog-k3s-master3,1,2026-06-06 08:51:20 UTC,15049916,15471516,155516,0.97,51108,622796,201032,1.26,207656,520496,288
fog-k3s-master3,1,2026-06-06 08:51:21 UTC,15049916,15471516,155504,0.97,51108,622808,201032,1.26,207656,520496,300
fog-k3s-master3,1,2026-06-06 08:51:22 UTC,15049916,15471516,155496,0.97,51108,622816,201032,1.26,207656,520496,308
fog-k3s-master3,1,2026-06-06 08:51:23 UTC,15049916,15471576,155484,0.97,51108,622828,201032,1.26,207656,520556,320
fog-k3s-master3,1,2026-06-06 08:51:24 UTC,15048936,15470612,156456,0.98,51108,622836,203884,1.28,208708,520572,344
fog-k3s-master3,1,2026-06-06 08:51:25 UTC,15048936,15470624,156444,0.98,51116,622840,204144,1.28,208832,520584,304
fog-k3s-master3,1,2026-06-06 08:51:26 UTC,15052464,15474204,152900,0.96,51116,622856,204484,1.28,209328,520636,336
fog-k3s-master3,1,2026-06-06 08:51:27 UTC,15052212,15473972,153140,0.96,51116,622868,204484,1.28,209368,520656,360
fog-k3s-master3,1,2026-06-06 08:51:28 UTC,15052212,15473972,153136,0.96,51116,622876,201032,1.26,207680,520656,384
fog-k3s-master3,1,2026-06-06 08:51:29 UTC,15052212,15473972,153124,0.96,51116,622888,201032,1.26,207680,520656,500
fog-k3s-master3,1,2026-06-06 08:51:30 UTC,15052212,15473972,153116,0.96,51116,622896,201032,1.26,207680,520656,508
fog-k3s-master3,1,2026-06-06 08:51:31 UTC,15054076,15475844,151228,0.95,51124,622908,201032,1.26,207680,520664,244
fog-k3s-master3,1,2026-06-06 08:51:32 UTC,15054256,15476024,151036,0.94,51124,622920,201032,1.26,207680,520664,256
fog-k3s-master3,1,2026-06-06 08:51:33 UTC,15054256,15476084,151028,0.94,51124,622928,201032,1.26,207680,520724,264
fog-k3s-master3,1,2026-06-06 08:51:34 UTC,15054256,15476084,151016,0.94,51124,622940,201032,1.26,207680,520724,448
fog-k3s-master3,1,2026-06-06 08:51:35 UTC,15054256,15476084,151008,0.94,51124,622948,201032,1.26,207680,520724,456
fog-k3s-master3,1,2026-06-06 08:51:36 UTC,15054256,15476088,150992,0.94,51132,622952,201032,1.26,207680,520724,440
fog-k3s-master3,1,2026-06-06 08:51:37 UTC,15054256,15476088,150976,0.94,51132,622968,201032,1.26,207680,520724,468
fog-k3s-master3,1,2026-06-06 08:51:38 UTC,15054256,15476088,150976,0.94,51132,622968,201032,1.26,207680,520724,468
fog-k3s-master3,1,2026-06-06 08:51:39 UTC,15054256,15476148,150956,0.94,51132,622988,201032,1.26,207680,520784,308
fog-k3s-master3,1,2026-06-06 08:51:40 UTC,15054256,15476148,150944,0.94,51132,623000,201032,1.26,207680,520784,20
fog-k3s-master3,1,2026-06-06 08:51:41 UTC,15054256,15476148,150936,0.94,51132,623008,201032,1.26,207680,520784,12
fog-k3s-master3,1,2026-06-06 08:51:42 UTC,15054004,15475896,151164,0.95,51144,623020,201032,1.26,207680,520784,52
fog-k3s-master3,1,2026-06-06 08:51:43 UTC,15054004,15475896,151152,0.95,51144,623032,201032,1.26,207680,520784,64
fog-k3s-master3,1,2026-06-06 08:51:44 UTC,15054004,15475896,151144,0.95,51144,623040,201032,1.26,207680,520784,240
fog-k3s-master3,1,2026-06-06 08:51:45 UTC,15054004,15475956,151132,0.95,51144,623052,201032,1.26,207680,520844,88
fog-k3s-master3,1,2026-06-06 08:51:46 UTC,15054004,15475956,151124,0.95,51144,623060,201032,1.26,207680,520844,96
fog-k3s-master3,1,2026-06-06 08:51:47 UTC,15054004,15475956,151112,0.95,51144,623072,201032,1.26,207680,520844,80
fog-k3s-master3,1,2026-06-06 08:51:48 UTC,15052496,15474448,152612,0.95,51152,623072,204008,1.28,208720,520844,88
fog-k3s-master3,1,2026-06-06 08:51:49 UTC,15052272,15474224,152816,0.96,51152,623092,204008,1.28,209028,520844,116
fog-k3s-master3,1,2026-06-06 08:51:50 UTC,15051768,15473720,153312,0.96,51152,623100,204480,1.28,209396,520844,384
fog-k3s-master3,1,2026-06-06 08:51:51 UTC,15051768,15473780,153296,0.96,51152,623112,204480,1.28,209396,520904,400
fog-k3s-master3,1,2026-06-06 08:51:52 UTC,15051516,15473528,153556,0.96,51152,623120,201032,1.26,207668,520904,444
fog-k3s-master3,1,2026-06-06 08:51:53 UTC,15051516,15473528,153544,0.96,51152,623132,201032,1.26,207668,520904,440
fog-k3s-master3,1,2026-06-06 08:51:54 UTC,15051516,15473528,153528,0.96,51160,623140,201032,1.26,207668,520904,180
fog-k3s-master3,1,2026-06-06 08:51:55 UTC,15051516,15473528,153516,0.96,51160,623152,201032,1.26,207668,520904,188
fog-k3s-master3,1,2026-06-06 08:51:56 UTC,15051516,15473528,153504,0.96,51160,623164,201032,1.26,207668,520904,200
fog-k3s-master3,1,2026-06-06 08:51:57 UTC,15051516,15473528,153504,0.96,51160,623164,201032,1.26,207668,520904,200
fog-k3s-master3,1,2026-06-06 08:51:58 UTC,15051516,15473528,153504,0.96,51160,623164,201032,1.26,207668,520904,200
fog-k3s-master3,1,2026-06-06 08:51:59 UTC,15051516,15473588,153476,0.96,51168,623184,201032,1.26,207680,520964,200
fog-k3s-master3,1,2026-06-06 08:52:00 UTC,15051516,15473588,153464,0.96,51168,623196,201032,1.26,207680,520964,44
fog-k3s-master3,1,2026-06-06 08:52:01 UTC,15051516,15473588,153448,0.96,51168,623212,201032,1.26,207680,520964,236
fog-k3s-master3,1,2026-06-06 08:52:02 UTC,15053876,15475948,151076,0.95,51168,623224,201032,1.26,207680,520964,248
fog-k3s-master3,1,2026-06-06 08:52:03 UTC,15052980,15475112,151964,0.95,51168,623232,201032,1.26,207680,521024,256
fog-k3s-master3,1,2026-06-06 08:52:04 UTC,15052980,15475112,151952,0.95,51176,623236,201032,1.26,207680,521024,268
fog-k3s-master3,1,2026-06-06 08:52:05 UTC,15052980,15475112,151936,0.95,51176,623252,201032,1.26,207680,521024,420
fog-k3s-master3,1,2026-06-06 08:52:06 UTC,15052980,15475116,151920,0.95,51176,623264,201032,1.26,207680,521024,432
fog-k3s-master3,1,2026-06-06 08:52:07 UTC,15052980,15475116,151908,0.95,51176,623276,201032,1.26,207680,521024,444
fog-k3s-master3,1,2026-06-06 08:52:08 UTC,15052980,15475116,151900,0.95,51176,623284,201032,1.26,207680,521024,452
fog-k3s-master3,1,2026-06-06 08:52:09 UTC,15052980,15475236,151880,0.95,51184,623296,201032,1.26,207680,521144,492
fog-k3s-master3,1,2026-06-06 08:52:10 UTC,15052980,15475236,151872,0.95,51184,623304,201032,1.26,207680,521144,324
fog-k3s-master3,1,2026-06-06 08:52:11 UTC,15052980,15475236,151860,0.95,51184,623316,201032,1.26,207680,521144,16
fog-k3s-master3,1,2026-06-06 08:52:12 UTC,15052980,15475236,151852,0.95,51184,623324,201032,1.26,207680,521144,28
fog-k3s-master3,1,2026-06-06 08:52:13 UTC,15052980,15475236,151840,0.95,51184,623336,201032,1.26,207680,521144,40
fog-k3s-master3,1,2026-06-06 08:52:14 UTC,15052980,15475236,151832,0.95,51196,623332,201032,1.26,207680,521144,44
fog-k3s-master3,1,2026-06-06 08:52:15 UTC,15050016,15472332,154776,0.97,51196,623356,203884,1.28,209032,521204,212
fog-k3s-master3,1,2026-06-06 08:52:16 UTC,15050016,15472332,154764,0.97,51196,623364,204484,1.28,209352,521204,332
fog-k3s-master3,1,2026-06-06 08:52:17 UTC,15050016,15472332,154752,0.97,51196,623376,204484,1.28,209352,521204,344
fog-k3s-master3,1,2026-06-06 08:52:18 UTC,15050016,15472332,154744,0.97,51196,623384,204484,1.28,209352,521204,352
fog-k3s-master3,1,2026-06-06 08:52:19 UTC,15050016,15472332,154724,0.97,51204,623396,204484,1.28,209356,521204,116
fog-k3s-master3,1,2026-06-06 08:52:20 UTC,15048440,15470816,156300,0.98,51204,623408,201032,1.26,207656,521264,260
fog-k3s-master3,1,2026-06-06 08:52:21 UTC,15048440,15470816,156292,0.98,51204,623416,201032,1.26,207656,521264,256
fog-k3s-master3,1,2026-06-06 08:52:22 UTC,15048440,15470816,156276,0.98,51204,623428,201032,1.26,207656,521264,268
fog-k3s-master3,1,2026-06-06 08:52:23 UTC,15048440,15470816,156268,0.98,51204,623436,201032,1.26,207656,521264,276
fog-k3s-master3,1,2026-06-06 08:52:24 UTC,15048440,15470816,156256,0.98,51212,623440,201032,1.26,207656,521264,292
fog-k3s-master3,1,2026-06-06 08:52:25 UTC,15048440,15470816,156240,0.98,51212,623456,201032,1.26,207680,521264,148
fog-k3s-master3,1,2026-06-06 08:52:26 UTC,15048440,15470876,156228,0.98,51212,623468,201032,1.26,207680,521324,160
fog-k3s-master3,1,2026-06-06 08:52:27 UTC,15048440,15470876,156220,0.98,51212,623476,201032,1.26,207680,521324,168
fog-k3s-master3,1,2026-06-06 08:52:28 UTC,15047968,15470404,156680,0.98,51212,623488,204012,1.28,208808,521324,180
fog-k3s-master3,1,2026-06-06 08:52:29 UTC,15047968,15470404,156672,0.98,51220,623488,204484,1.28,209116,521324,456
fog-k3s-master3,1,2026-06-06 08:52:30 UTC,15047968,15470404,156652,0.98,51220,623508,204484,1.28,209296,521324,488
fog-k3s-master3,1,2026-06-06 08:52:31 UTC,15047968,15470404,156636,0.98,51220,623524,204484,1.28,209296,521324,520
fog-k3s-master3,1,2026-06-06 08:52:32 UTC,15047968,15470464,156628,0.98,51220,623532,205972,1.29,210340,521384,528
fog-k3s-master3,1,2026-06-06 08:52:33 UTC,15055780,15478280,148804,0.93,51220,623544,204008,1.28,209248,521388,540
fog-k3s-master3,1,2026-06-06 08:52:34 UTC,15055528,15478064,149040,0.93,51228,623552,204008,1.28,209068,521424,408
fog-k3s-master3,1,2026-06-06 08:52:35 UTC,15055528,15478064,149028,0.93,51228,623564,204216,1.28,209316,521424,420
fog-k3s-master3,1,2026-06-06 08:52:36 UTC,15054772,15477308,149776,0.94,51228,623572,205576,1.29,210356,521424,480
fog-k3s-master3,1,2026-06-06 08:52:37 UTC,15054296,15476836,150232,0.94,51228,623584,207068,1.30,210668,521424,520
fog-k3s-master3,1,2026-06-06 08:52:38 UTC,15056380,15478980,148116,0.93,51228,623592,207464,1.30,210404,521484,580
fog-k3s-master3,1,2026-06-06 08:52:39 UTC,15056380,15478988,148068,0.93,51236,623604,207464,1.30,210744,521492,320
fog-k3s-master3,1,2026-06-06 08:52:40 UTC,15053640,15476248,150796,0.94,51236,623612,208824,1.31,211816,521492,328
fog-k3s-master3,1,2026-06-06 08:52:41 UTC,15060724,15483340,143692,0.90,51236,623628,207092,1.30,210644,521500,504
fog-k3s-master3,1,2026-06-06 08:52:42 UTC,15060724,15483340,143668,0.90,51236,623636,207336,1.30,210728,521500,220
fog-k3s-master3,1,2026-06-06 08:52:43 UTC,15060724,15483340,143656,0.90,51236,623648,207464,1.30,210728,521500,236
fog-k3s-master3,1,2026-06-06 08:52:44 UTC,15059476,15482152,144844,0.91,51248,623660,208952,1.31,211896,521560,348
fog-k3s-master3,1,2026-06-06 08:52:45 UTC,15059476,15482152,144836,0.91,51248,623668,208952,1.31,211896,521560,48
fog-k3s-master3,1,2026-06-06 08:52:46 UTC,15059476,15482152,144812,0.91,51248,623680,210440,1.32,212136,521560,60
fog-k3s-master3,1,2026-06-06 08:52:47 UTC,15059476,15482152,144812,0.91,51248,623680,210440,1.32,212136,521560,60
fog-k3s-master3,1,2026-06-06 08:52:48 UTC,15060708,15483384,143464,0.90,51248,623700,207216,1.30,210732,521560,224
fog-k3s-master3,1,2026-06-06 08:52:49 UTC,15060708,15483384,143456,0.90,51248,623708,207216,1.30,210732,521560,328
fog-k3s-master3,1,2026-06-06 08:52:50 UTC,15059704,15482440,144440,0.90,51256,623720,208952,1.31,210972,521620,360
fog-k3s-master3,1,2026-06-06 08:52:51 UTC,15058948,15481684,145188,0.91,51256,623728,210312,1.32,211988,521620,368
fog-k3s-master3,1,2026-06-06 08:52:52 UTC,15058948,15481684,145172,0.91,51256,623740,210312,1.32,212108,521620,420
fog-k3s-master3,1,2026-06-06 08:52:53 UTC,15058948,15481684,145164,0.91,51256,623748,210440,1.32,212160,521620,152
fog-k3s-master3,1,2026-06-06 08:52:54 UTC,15058948,15481684,145148,0.91,51256,623760,212160,1.33,212516,521620,392
fog-k3s-master3,1,2026-06-06 08:52:55 UTC,15056468,15479284,147568,0.92,51256,623772,213520,1.34,213840,521700,376
fog-k3s-master3,1,2026-06-06 08:52:56 UTC,15056468,15479292,147552,0.92,51264,623780,213520,1.34,213840,521708,404
fog-k3s-master3,1,2026-06-06 08:52:57 UTC,15056468,15479292,147540,0.92,51264,623792,213892,1.34,213840,521708,420
fog-k3s-master3,1,2026-06-06 08:52:58 UTC,15056468,15479312,147532,0.92,51264,623800,210440,1.32,212248,521728,480
fog-k3s-master3,1,2026-06-06 08:52:59 UTC,15056468,15479328,147520,0.92,51264,623816,211928,1.33,212364,521744,224
fog-k3s-master3,1,2026-06-06 08:53:00 UTC,15056468,15479328,147496,0.92,51264,623824,213644,1.34,213732,521744,232
fog-k3s-master3,1,2026-06-06 08:53:01 UTC,15056468,15479348,147480,0.92,51264,623836,213644,1.34,213792,521764,344
fog-k3s-master3,1,2026-06-06 08:53:02 UTC,15059444,15482332,144516,0.90,51272,623836,210324,1.32,212116,521772,344
fog-k3s-master3,1,2026-06-06 08:53:03 UTC,15058440,15481328,145500,0.91,51272,623856,212056,1.33,212296,521772,448
fog-k3s-master3,1,2026-06-06 08:53:04 UTC,15056424,15479316,147492,0.92,51272,623868,213644,1.34,213692,521776,468
fog-k3s-master3,1,2026-06-06 08:53:05 UTC,15056200,15479092,147692,0.92,51272,623880,213644,1.34,213828,521776,284
fog-k3s-master3,1,2026-06-06 08:53:06 UTC,15056200,15479092,147684,0.92,51272,623888,213644,1.34,213828,521776,412
fog-k3s-master3,1,2026-06-06 08:53:07 UTC,15056200,15479148,147668,0.92,51280,623892,213644,1.34,213828,521828,388
fog-k3s-master3,1,2026-06-06 08:53:08 UTC,15055948,15478896,147884,0.93,51280,623912,215380,1.35,214108,521828,440
fog-k3s-master3,1,2026-06-06 08:53:09 UTC,15054184,15477132,149628,0.94,51280,623912,216740,1.36,215172,521828,436
fog-k3s-master3,1,2026-06-06 08:53:10 UTC,15053932,15476880,149808,0.94,51280,623932,216968,1.36,215556,521828,628
fog-k3s-master3,1,2026-06-06 08:53:11 UTC,15056400,15479348,147332,0.92,51280,623940,213644,1.34,213864,521828,348
fog-k3s-master3,1,2026-06-06 08:53:12 UTC,15053660,15476608,150056,0.94,51280,623952,216624,1.36,215152,521828,360
fog-k3s-master3,1,2026-06-06 08:53:13 UTC,15053660,15476668,150040,0.94,51288,623960,216868,1.36,215204,521888,148
fog-k3s-master3,1,2026-06-06 08:53:14 UTC,15053660,15476668,150040,0.94,51288,623960,217076,1.36,215464,521888,152
fog-k3s-master3,1,2026-06-06 08:53:15 UTC,15053660,15476668,150020,0.94,51288,623980,217076,1.36,215468,521888,284
fog-k3s-master3,1,2026-06-06 08:53:16 UTC,15056584,15479624,147116,0.92,51288,623992,213624,1.34,213748,521920,312
fog-k3s-master3,1,2026-06-06 08:53:17 UTC,15055072,15478112,148612,0.93,51288,624000,216600,1.36,215152,521920,52
fog-k3s-master3,1,2026-06-06 08:53:18 UTC,15055072,15478112,148600,0.93,51300,624000,216600,1.36,215152,521920,64
fog-k3s-master3,1,2026-06-06 08:53:19 UTC,15055072,15478176,148576,0.93,51300,624024,213152,1.33,213592,521984,360
fog-k3s-master3,1,2026-06-06 08:53:20 UTC,15053976,15477080,149664,0.94,51300,624032,214740,1.34,214632,521984,400
fog-k3s-master3,1,2026-06-06 08:53:21 UTC,15053248,15476356,150364,0.94,51300,624048,216232,1.35,215076,521988,424
fog-k3s-master3,1,2026-06-06 08:53:22 UTC,15053248,15476360,150352,0.94,51300,624056,216232,1.35,215076,521988,432
fog-k3s-master3,1,2026-06-06 08:53:23 UTC,15053248,15476400,150340,0.94,51300,624068,216232,1.35,215076,522028,408
fog-k3s-master3,1,2026-06-06 08:53:24 UTC,15052492,15475644,151088,0.95,51308,624068,217592,1.36,216116,522028,320
fog-k3s-master3,1,2026-06-06 08:53:25 UTC,15051484,15474636,151948,0.95,51308,624088,219328,1.37,216488,522028,332
fog-k3s-master3,1,2026-06-06 08:53:26 UTC,15054260,15477412,149164,0.93,51308,624096,216272,1.35,215140,522028,340
fog-k3s-master3,1,2026-06-06 08:53:27 UTC,15054260,15477412,149160,0.93,51308,624108,216500,1.35,215196,522028,496
fog-k3s-master3,1,2026-06-06 08:53:28 UTC,15054260,15477412,149152,0.93,51308,624116,217860,1.36,216208,522028,504
fog-k3s-master3,1,2026-06-06 08:53:29 UTC,15053032,15476184,150380,0.94,51316,624108,219352,1.37,216468,522028,256
fog-k3s-master3,1,2026-06-06 08:53:30 UTC,15053032,15476244,150352,0.94,51316,624136,219480,1.37,216608,522088,204
fog-k3s-master3,1,2026-06-06 08:53:31 UTC,15050512,15473724,152824,0.96,51316,624148,221048,1.38,217700,522088,216
fog-k3s-master3,1,2026-06-06 08:53:32 UTC,15050512,15473724,152784,0.96,51316,624160,221292,1.38,217968,522088,224
fog-k3s-master3,1,2026-06-06 08:53:33 UTC,15050512,15473724,152768,0.96,51316,624168,222784,1.39,217968,522088,232
fog-k3s-master3,1,2026-06-06 08:53:34 UTC,15050512,15473724,152752,0.96,51324,624172,222784,1.39,218148,522088,512
fog-k3s-master3,1,2026-06-06 08:53:35 UTC,15048256,15471468,154976,0.97,51324,624172,226996,1.42,220300,522088,488
fog-k3s-master3,1,2026-06-06 08:53:36 UTC,15050608,15473892,152504,0.95,51324,624200,224272,1.40,219368,522160,436
fog-k3s-master3,1,2026-06-06 08:53:37 UTC,15050608,15473892,152496,0.95,51324,624208,224272,1.40,219368,522160,444
fog-k3s-master3,1,2026-06-06 08:53:38 UTC,15050608,15473916,152480,0.95,51324,624224,225992,1.41,219836,522184,524
fog-k3s-master3,1,2026-06-06 08:53:39 UTC,15049600,15472916,153472,0.96,51332,624232,223900,1.40,219332,522192,676
fog-k3s-master3,1,2026-06-06 08:53:40 UTC,15049600,15472916,153460,0.96,51332,624244,224028,1.40,219360,522192,688
fog-k3s-master3,1,2026-06-06 08:53:41 UTC,15049600,15472980,153472,0.96,51332,624252,222068,1.39,217928,522256,336
fog-k3s-master3,1,2026-06-06 08:53:42 UTC,15047836,15471216,155204,0.97,51332,624264,223428,1.40,219080,522256,348
fog-k3s-master3,1,2026-06-06 08:53:43 UTC,15047836,15471216,155192,0.97,51332,624276,223428,1.40,219104,522256,40
fog-k3s-master3,1,2026-06-06 08:53:44 UTC,15047836,15471216,155168,0.97,51344,624284,223656,1.40,219412,522256,248
fog-k3s-master3,1,2026-06-06 08:53:45 UTC,15047836,15471216,155168,0.97,51344,624284,223656,1.40,219412,522256,248
fog-k3s-master3,1,2026-06-06 08:53:46 UTC,15047584,15471016,155372,0.97,51344,624304,226632,1.42,220704,522308,264
fog-k3s-master3,1,2026-06-06 08:53:47 UTC,15047080,15470512,155832,0.97,51344,624316,227476,1.42,221080,522308,248
fog-k3s-master3,1,2026-06-06 08:53:48 UTC,15047080,15470512,155832,0.97,51344,624316,227476,1.42,221080,522308,248
fog-k3s-master3,1,2026-06-06 08:53:49 UTC,15047080,15470528,155804,0.97,51352,624328,227476,1.42,221124,522324,388
fog-k3s-master3,1,2026-06-06 08:53:50 UTC,15047080,15470556,155768,0.97,51352,624348,225520,1.41,219680,522352,436
fog-k3s-master3,1,2026-06-06 08:53:51 UTC,15047080,15470556,155756,0.97,51352,624360,225520,1.41,219680,522352,448
fog-k3s-master3,1,2026-06-06 08:53:52 UTC,15047080,15470556,155748,0.97,51352,624368,225520,1.41,219680,522352,456
fog-k3s-master3,1,2026-06-06 08:53:53 UTC,15047080,15470560,155732,0.97,51352,624380,225520,1.41,219680,522352,144
fog-k3s-master3,1,2026-06-06 08:53:54 UTC,15047080,15470560,155720,0.97,51360,624384,225520,1.41,219680,522352,320
fog-k3s-master3,1,2026-06-06 08:53:55 UTC,15047080,15470560,155704,0.97,51360,624400,225520,1.41,219680,522352,288
fog-k3s-master3,1,2026-06-06 08:53:56 UTC,15047080,15470620,155692,0.97,51360,624412,225520,1.41,219680,522412,300
fog-k3s-master3,1,2026-06-06 08:53:57 UTC,15047080,15470620,155692,0.97,51360,624412,225520,1.41,219680,522412,300
fog-k3s-master3,1,2026-06-06 08:53:58 UTC,15047080,15470620,155672,0.97,51360,624432,225520,1.41,219680,522412,320
fog-k3s-master3,1,2026-06-06 08:53:59 UTC,15047080,15470652,155664,0.97,51360,624440,225520,1.41,219680,522444,152
fog-k3s-master3,1,2026-06-06 08:54:00 UTC,15047080,15470652,155644,0.97,51368,624452,225520,1.41,219680,522444,212
fog-k3s-master3,1,2026-06-06 08:54:01 UTC,15047080,15470652,155636,0.97,51368,624460,225520,1.41,219680,522444,220
fog-k3s-master3,1,2026-06-06 08:54:02 UTC,15047080,15470652,155624,0.97,51368,624472,225520,1.41,219680,522444,232
fog-k3s-master3,1,2026-06-06 08:54:03 UTC,15046828,15470400,155868,0.98,51368,624480,225520,1.41,219680,522444,240
fog-k3s-master3,1,2026-06-06 08:54:04 UTC,15046828,15470400,155856,0.98,51368,624492,225520,1.41,219680,522444,248
fog-k3s-master3,1,2026-06-06 08:54:05 UTC,15046828,15470460,155848,0.98,51368,624500,225520,1.41,219680,522504,224
fog-k3s-master3,1,2026-06-06 08:54:06 UTC,15046828,15470460,155828,0.97,51376,624512,225520,1.41,219680,522504,252
fog-k3s-master3,1,2026-06-06 08:54:07 UTC,15046072,15469728,156568,0.98,51376,624524,228496,1.43,220716,522528,264
fog-k3s-master3,1,2026-06-06 08:54:08 UTC,15045820,15469484,156776,0.98,51376,624532,228968,1.43,221344,522536,452
fog-k3s-master3,1,2026-06-06 08:54:09 UTC,15045820,15469484,156764,0.98,51376,624544,228968,1.43,221344,522536,560
fog-k3s-master3,1,2026-06-06 08:54:10 UTC,15045820,15469484,156756,0.98,51376,624552,228968,1.43,221344,522536,580
fog-k3s-master3,1,2026-06-06 08:54:11 UTC,15045820,15469516,156772,0.98,51376,624564,225520,1.41,219700,522568,612
fog-k3s-master3,1,2026-06-06 08:54:12 UTC,15045820,15469516,156764,0.98,51384,624564,225520,1.41,219700,522568,620
fog-k3s-master3,1,2026-06-06 08:54:13 UTC,15045820,15469516,156752,0.98,51384,624584,225520,1.41,219672,522568,332
fog-k3s-master3,1,2026-06-06 08:54:14 UTC,15045820,15469516,156744,0.98,51384,624592,225520,1.41,219672,522568,192
fog-k3s-master3,1,2026-06-06 08:54:15 UTC,15045820,15469516,156732,0.98,51384,624604,225648,1.41,219676,522568,208
fog-k3s-master3,1,2026-06-06 08:54:16 UTC,15045820,15469516,156724,0.98,51384,624612,225648,1.41,219676,522568,216
fog-k3s-master3,1,2026-06-06 08:54:17 UTC,15045820,15469568,156712,0.98,51384,624624,225648,1.41,219684,522620,228
fog-k3s-master3,1,2026-06-06 08:54:18 UTC,15045820,15469568,156700,0.98,51384,624636,225648,1.41,219684,522620,216
fog-k3s-master3,1,2026-06-06 08:54:19 UTC,15045820,15469632,156672,0.98,51404,624644,225648,1.41,219684,522684,248
fog-k3s-master3,1,2026-06-06 08:54:20 UTC,15045820,15469632,156660,0.98,51404,624656,225648,1.41,219684,522684,260
fog-k3s-master3,1,2026-06-06 08:54:21 UTC,15045820,15469632,156652,0.98,51404,624664,225648,1.41,219684,522684,268
fog-k3s-master3,1,2026-06-06 08:54:22 UTC,15045820,15469692,156640,0.98,51404,624676,225648,1.41,219684,522744,280
fog-k3s-master3,1,2026-06-06 08:54:23 UTC,15045820,15469696,156628,0.98,51404,624684,225648,1.41,219684,522744,288
fog-k3s-master3,1,2026-06-06 08:54:24 UTC,15045820,15469696,156616,0.98,51412,624688,225648,1.41,219684,522744,320
fog-k3s-master3,1,2026-06-06 08:54:25 UTC,15045820,15469712,156600,0.98,51412,624704,225648,1.41,219728,522760,136
fog-k3s-master3,1,2026-06-06 08:54:26 UTC,15045820,15469712,156588,0.98,51412,624716,225648,1.41,219728,522760,148
fog-k3s-master3,1,2026-06-06 08:54:27 UTC,15045820,15469712,156580,0.98,51412,624724,225648,1.41,219728,522760,156
fog-k3s-master3,1,2026-06-06 08:54:28 UTC,15045820,15469712,156580,0.98,51412,624724,222464,1.39,218168,522760,160
fog-k3s-master3,1,2026-06-06 08:54:29 UTC,15045820,15469772,156588,0.98,51420,624736,222464,1.39,218044,522820,388
fog-k3s-master3,1,2026-06-06 08:54:30 UTC,15045820,15469772,156576,0.98,51420,624748,222692,1.39,218368,522820,192
fog-k3s-master3,1,2026-06-06 08:54:31 UTC,15045820,15469772,156556,0.98,51420,624768,222692,1.39,218368,522820,212
fog-k3s-master3,1,2026-06-06 08:54:32 UTC,15045820,15469772,156548,0.98,51420,624776,222692,1.39,218368,522820,220
fog-k3s-master3,1,2026-06-06 08:54:33 UTC,15045568,15469520,156788,0.98,51420,624788,222692,1.39,218368,522820,232
fog-k3s-master3,1,2026-06-06 08:54:34 UTC,15045568,15469580,156780,0.98,51420,624796,221332,1.38,217252,522880,472
fog-k3s-master3,1,2026-06-06 08:54:35 UTC,15045568,15469580,156760,0.98,51428,624808,221332,1.38,217252,522880,448
fog-k3s-master3,1,2026-06-06 08:54:36 UTC,15045568,15469580,156752,0.98,51428,624816,221332,1.38,217252,522880,228
fog-k3s-master3,1,2026-06-06 08:54:37 UTC,15045568,15469580,156740,0.98,51428,624828,221332,1.38,217252,522880,240
fog-k3s-master3,1,2026-06-06 08:54:38 UTC,15045568,15469580,156732,0.98,51428,624836,221332,1.38,217252,522880,248
fog-k3s-master3,1,2026-06-06 08:54:39 UTC,15045568,15469580,156716,0.98,51428,624848,221332,1.38,217252,522880,260
fog-k3s-master3,1,2026-06-06 08:54:40 UTC,15045568,15469640,156708,0.98,51428,624856,221332,1.38,217252,522940,436
fog-k3s-master3,1,2026-06-06 08:54:41 UTC,15045568,15469640,156688,0.98,51436,624868,221332,1.38,217252,522940,464
fog-k3s-master3,1,2026-06-06 08:54:42 UTC,15045568,15469640,156676,0.98,51436,624880,221332,1.38,217252,522940,476
fog-k3s-master3,1,2026-06-06 08:54:43 UTC,15045568,15469640,156668,0.98,51436,624888,221332,1.38,217252,522940,484
fog-k3s-master3,1,2026-06-06 08:54:44 UTC,15045568,15469684,156656,0.98,51436,624900,221332,1.38,217252,522984,316
fog-k3s-master3,1,2026-06-06 08:54:45 UTC,15045568,15469692,156648,0.98,51436,624908,221332,1.38,217252,522992,16
fog-k3s-master3,1,2026-06-06 08:54:46 UTC,15045568,15469692,156648,0.98,51436,624908,221332,1.38,217252,522992,16
fog-k3s-master3,1,2026-06-06 08:54:47 UTC,15045568,15469704,156616,0.98,51448,624928,221332,1.38,217252,523004,56
fog-k3s-master3,1,2026-06-06 08:54:48 UTC,15045568,15469704,156604,0.98,51448,624940,221332,1.38,217252,523004,68
fog-k3s-master3,1,2026-06-06 08:54:49 UTC,15045568,15469704,156596,0.98,51448,624948,221332,1.38,217252,523004,244
fog-k3s-master3,1,2026-06-06 08:54:50 UTC,15045568,15469744,156584,0.98,51448,624960,221576,1.39,217252,523044,240
fog-k3s-master3,1,2026-06-06 08:54:51 UTC,15045568,15469744,156576,0.98,51448,624968,221576,1.39,217252,523044,248
fog-k3s-master3,1,2026-06-06 08:54:52 UTC,15045568,15469744,156560,0.98,51448,624984,221576,1.39,217252,523044,268
fog-k3s-master3,1,2026-06-06 08:54:53 UTC,15045568,15469744,156544,0.98,51456,624992,221576,1.39,217252,523044,292
fog-k3s-master3,1,2026-06-06 08:54:54 UTC,15045568,15469744,156544,0.98,51456,624992,221576,1.39,217252,523044,384
fog-k3s-master3,1,2026-06-06 08:54:55 UTC,15045568,15469744,156544,0.98,51456,624992,221576,1.39,217252,523044,124
fog-k3s-master3,1,2026-06-06 08:54:56 UTC,15045568,15469812,156508,0.98,51456,625024,221576,1.39,217268,523108,148
fog-k3s-master3,1,2026-06-06 08:54:57 UTC,15045568,15469812,156496,0.98,51456,625036,221576,1.39,217268,523108,160
fog-k3s-master3,1,2026-06-06 08:54:58 UTC,15045568,15469832,156488,0.98,51456,625044,221576,1.39,217268,523128,136
fog-k3s-master3,1,2026-06-06 08:54:59 UTC,15045568,15469832,156476,0.98,51464,625048,221576,1.39,217268,523128,148
fog-k3s-master3,1,2026-06-06 08:55:00 UTC,15045568,15469832,156460,0.98,51464,625064,221576,1.39,217268,523128,364
fog-k3s-master3,1,2026-06-06 08:55:01 UTC,15045568,15469884,156444,0.98,51464,625076,222396,1.39,217840,523180,472
fog-k3s-master3,1,2026-06-06 08:55:02 UTC,15045064,15469380,156952,0.98,51464,625076,221576,1.39,217248,523180,476
fog-k3s-master3,1,2026-06-06 08:55:03 UTC,15045064,15469380,156932,0.98,51464,625096,221576,1.39,217248,523180,496
fog-k3s-master3,1,2026-06-06 08:55:04 UTC,15045064,15469440,156916,0.98,51472,625104,221704,1.39,217252,523240,224
fog-k3s-master3,1,2026-06-06 08:55:05 UTC,15045064,15469440,156904,0.98,51472,625116,221704,1.39,217252,523240,236
fog-k3s-master3,1,2026-06-06 08:55:06 UTC,15045064,15469440,156912,0.98,51472,625128,218252,1.37,215544,523240,376
fog-k3s-master3,1,2026-06-06 08:55:07 UTC,15045064,15469440,156904,0.98,51472,625136,218252,1.37,215544,523240,384
fog-k3s-master3,1,2026-06-06 08:55:08 UTC,15045064,15469440,156892,0.98,51472,625148,218252,1.37,215544,523240,396
fog-k3s-master3,1,2026-06-06 08:55:09 UTC,15045064,15469496,156880,0.98,51480,625148,219740,1.37,216596,523292,404
fog-k3s-master3,1,2026-06-06 08:55:10 UTC,15045064,15469508,156860,0.98,51480,625168,219740,1.37,216656,523304,268
fog-k3s-master3,1,2026-06-06 08:55:11 UTC,15045064,15469516,156852,0.98,51480,625176,219740,1.37,216656,523312,268
fog-k3s-master3,1,2026-06-06 08:55:12 UTC,15045064,15469516,156840,0.98,51480,625188,219740,1.37,216656,523312,280
fog-k3s-master3,1,2026-06-06 08:55:13 UTC,15045064,15469516,156832,0.98,51480,625196,219740,1.37,216656,523312,288
fog-k3s-master3,1,2026-06-06 08:55:14 UTC,15045064,15469516,156832,0.98,51488,625188,219740,1.37,216656,523312,288
fog-k3s-master3,1,2026-06-06 08:55:15 UTC,15045064,15469516,156804,0.98,51488,625216,219740,1.37,216656,523312,180
fog-k3s-master3,1,2026-06-06 08:55:16 UTC,15045064,15469516,156792,0.98,51488,625228,219740,1.37,216656,523312,196
fog-k3s-master3,1,2026-06-06 08:55:17 UTC,15045064,15469576,156784,0.98,51488,625236,219740,1.37,216656,523372,204
fog-k3s-master3,1,2026-06-06 08:55:18 UTC,15045064,15469576,156772,0.98,51488,625248,219740,1.37,216656,523372,216
fog-k3s-master3,1,2026-06-06 08:55:19 UTC,15045064,15469576,156760,0.98,51500,625248,219740,1.37,216656,523372,228
fog-k3s-master3,1,2026-06-06 08:55:20 UTC,15051576,15476120,150224,0.94,51500,625268,216288,1.35,215096,523404,56
fog-k3s-master3,1,2026-06-06 08:55:21 UTC,15051576,15476120,150224,0.94,51500,625268,216288,1.35,215096,523404,56
fog-k3s-master3,1,2026-06-06 08:55:22 UTC,15051632,15476176,150156,0.94,51500,625288,216288,1.35,214924,523404,76
fog-k3s-master3,1,2026-06-06 08:55:23 UTC,15051632,15476176,150144,0.94,51500,625300,216288,1.35,214924,523404,88
fog-k3s-master3,1,2026-06-06 08:55:24 UTC,15054136,15478680,147692,0.92,51508,625308,213080,1.33,213228,523404,276
fog-k3s-master3,1,2026-06-06 08:55:25 UTC,15054136,15478680,147676,0.92,51508,625320,213080,1.33,213228,523404,288
fog-k3s-master3,1,2026-06-06 08:55:26 UTC,15054136,15478740,147668,0.92,51508,625328,213080,1.33,213228,523464,296
fog-k3s-master3,1,2026-06-06 08:55:27 UTC,15054136,15478740,147656,0.92,51508,625340,213080,1.33,213228,523464,308
fog-k3s-master3,1,2026-06-06 08:55:28 UTC,15054136,15478740,147676,0.92,51508,625348,210100,1.31,211840,523464,316
fog-k3s-master3,1,2026-06-06 08:55:29 UTC,15054136,15478788,147656,0.92,51516,625360,210100,1.31,211840,523512,164
fog-k3s-master3,1,2026-06-06 08:55:30 UTC,15054136,15478788,147644,0.92,51516,625372,210100,1.31,211840,523512,160
fog-k3s-master3,1,2026-06-06 08:55:31 UTC,15054136,15478788,147656,0.92,51516,625380,207120,1.30,210544,523512,168
fog-k3s-master3,1,2026-06-06 08:55:32 UTC,15054136,15478848,147676,0.92,51516,625392,207120,1.30,210456,523572,180
fog-k3s-master3,1,2026-06-06 08:55:33 UTC,15054136,15478848,147668,0.92,51516,625400,207120,1.30,210456,523572,188
fog-k3s-master3,1,2026-06-06 08:55:34 UTC,15054136,15478848,147656,0.92,51524,625404,207120,1.30,210456,523572,368
fog-k3s-master3,1,2026-06-06 08:55:35 UTC,15054136,15478880,147688,0.92,51524,625420,204140,1.28,209072,523604,236
fog-k3s-master3,1,2026-06-06 08:55:36 UTC,15054136,15478880,147676,0.92,51524,625432,204140,1.28,209072,523604,248
fog-k3s-master3,1,2026-06-06 08:55:37 UTC,15054136,15478900,147676,0.92,51524,625440,206992,1.30,210344,523624,256
fog-k3s-master3,1,2026-06-06 08:55:38 UTC,15054136,15478900,147676,0.92,51524,625440,207592,1.30,210660,523624,260
fog-k3s-master3,1,2026-06-06 08:55:39 UTC,15054136,15478920,147716,0.92,51524,625460,204612,1.28,209400,523644,540
fog-k3s-master3,1,2026-06-06 08:55:40 UTC,15054136,15478936,147752,0.92,51532,625472,204012,1.28,208960,523656,588
fog-k3s-master3,1,2026-06-06 08:55:41 UTC,15054136,15478944,147744,0.92,51532,625480,204612,1.28,209328,523664,596
fog-k3s-master3,1,2026-06-06 08:55:42 UTC,15054136,15478944,147732,0.92,51532,625492,204612,1.28,209328,523664,652
fog-k3s-master3,1,2026-06-06 08:55:43 UTC,15054136,15478944,147720,0.92,51532,625504,204612,1.28,209328,523664,400
fog-k3s-master3,1,2026-06-06 08:55:44 UTC,15054136,15478976,147744,0.92,51532,625512,201160,1.26,207644,523696,560
fog-k3s-master3,1,2026-06-06 08:55:45 UTC,15054136,15478988,147768,0.92,51540,625516,199672,1.25,206520,523708,572
fog-k3s-master3,1,2026-06-06 08:55:46 UTC,15054136,15478988,147768,0.92,51540,625516,199672,1.25,206520,523708,312
fog-k3s-master3,1,2026-06-06 08:55:47 UTC,15054136,15478988,147744,0.92,51540,625544,199672,1.25,206520,523708,312
fog-k3s-master3,1,2026-06-06 08:55:48 UTC,15054136,15478988,147736,0.92,51540,625552,199672,1.25,206520,523708,320
fog-k3s-master3,1,2026-06-06 08:55:49 UTC,15053884,15478736,147976,0.93,51540,625564,199672,1.25,206520,523708,68
fog-k3s-master3,1,2026-06-06 08:55:50 UTC,15053884,15478736,147968,0.93,51552,625560,199672,1.25,206520,523708,48
fog-k3s-master3,1,2026-06-06 08:55:51 UTC,15053884,15478796,147944,0.93,51552,625584,199672,1.25,206520,523768,92
fog-k3s-master3,1,2026-06-06 08:55:52 UTC,15053884,15478796,147936,0.93,51552,625592,199672,1.25,206520,523768,100
fog-k3s-master3,1,2026-06-06 08:55:53 UTC,15053884,15478796,147924,0.93,51552,625604,199672,1.25,206520,523768,112
fog-k3s-master3,1,2026-06-06 08:55:54 UTC,15053884,15478796,147912,0.93,51552,625616,199672,1.25,206520,523768,124
fog-k3s-master3,1,2026-06-06 08:55:55 UTC,15053884,15478796,147900,0.93,51552,625624,199672,1.25,206520,523768,100
fog-k3s-master3,1,2026-06-06 08:55:56 UTC,15053884,15478796,147888,0.93,51560,625628,201032,1.26,207648,523768,112
fog-k3s-master3,1,2026-06-06 08:55:57 UTC,15053884,15478796,147888,0.93,51560,625628,201032,1.26,207648,523768,112
fog-k3s-master3,1,2026-06-06 08:55:58 UTC,15053644,15478616,148084,0.93,51560,625656,204480,1.28,209104,523828,152
fog-k3s-master3,1,2026-06-06 08:55:59 UTC,15053644,15478616,148076,0.93,51560,625664,204480,1.28,209104,523828,420
fog-k3s-master3,1,2026-06-06 08:56:00 UTC,15053644,15478636,148060,0.93,51560,625680,204480,1.28,209304,523848,448
fog-k3s-master3,1,2026-06-06 08:56:01 UTC,15053644,15478656,148064,0.93,51560,625688,201032,1.26,207648,523868,476
fog-k3s-master3,1,2026-06-06 08:56:02 UTC,15058316,15483340,143380,0.90,51568,625692,202652,1.27,207908,523880,488
fog-k3s-master3,1,2026-06-06 08:56:03 UTC,15058316,15483340,143364,0.90,51568,625708,202652,1.27,207908,523880,480
fog-k3s-master3,1,2026-06-06 08:56:04 UTC,15058316,15483340,143352,0.90,51568,625720,202652,1.27,207908,523880,228
fog-k3s-master3,1,2026-06-06 08:56:05 UTC,15058316,15483340,143340,0.90,51568,625732,202652,1.27,207908,523880,372
fog-k3s-master3,1,2026-06-06 08:56:06 UTC,15058316,15483340,143332,0.90,51568,625740,202652,1.27,207908,523880,380
fog-k3s-master3,1,2026-06-06 08:56:07 UTC,15058316,15483392,143320,0.90,51568,625752,202652,1.27,207916,523932,384
fog-k3s-master3,1,2026-06-06 08:56:08 UTC,15058316,15483392,143312,0.90,51576,625752,202652,1.27,207916,523932,392
fog-k3s-master3,1,2026-06-06 08:56:09 UTC,15058316,15483452,143292,0.90,51576,625772,202652,1.27,207916,523992,264
fog-k3s-master3,1,2026-06-06 08:56:10 UTC,15058316,15483452,143292,0.90,51576,625772,202652,1.27,207916,523992,264
fog-k3s-master3,1,2026-06-06 08:56:11 UTC,15058316,15483456,143268,0.90,51576,625792,202652,1.27,207916,523992,284
fog-k3s-master3,1,2026-06-06 08:56:12 UTC,15058316,15483456,143260,0.90,51576,625800,202880,1.27,208220,523992,296
fog-k3s-master3,1,2026-06-06 08:56:13 UTC,15058316,15483516,143248,0.90,51576,625812,202880,1.27,208220,524052,420
fog-k3s-master3,1,2026-06-06 08:56:14 UTC,15056328,15481528,145224,0.91,51584,625812,204368,1.28,209280,524052,520
fog-k3s-master3,1,2026-06-06 08:56:15 UTC,15056328,15481528,145204,0.91,51584,625832,204612,1.28,209340,524052,328
fog-k3s-master3,1,2026-06-06 08:56:16 UTC,15056328,15481556,145192,0.91,51584,625840,206100,1.29,209552,524080,336
fog-k3s-master3,1,2026-06-06 08:56:17 UTC,15056328,15481568,145180,0.91,51584,625852,206100,1.29,209580,524092,148
fog-k3s-master3,1,2026-06-06 08:56:18 UTC,15056328,15481568,145168,0.91,51584,625864,206100,1.29,209580,524092,164
fog-k3s-master3,1,2026-06-06 08:56:19 UTC,15056328,15481588,145172,0.91,51596,625860,202648,1.27,207892,524112,280
fog-k3s-master3,1,2026-06-06 08:56:20 UTC,15056328,15481588,145160,0.91,51596,625872,202648,1.27,207892,524112,32
fog-k3s-master3,1,2026-06-06 08:56:21 UTC,15056328,15481588,145136,0.91,51596,625896,202876,1.27,208236,524112,48
fog-k3s-master3,1,2026-06-06 08:56:22 UTC,15056328,15481588,145124,0.91,51596,625908,202876,1.27,208236,524112,60
fog-k3s-master3,1,2026-06-06 08:56:23 UTC,15056328,15481588,145124,0.91,51596,625908,202876,1.27,208236,524112,60
fog-k3s-master3,1,2026-06-06 08:56:24 UTC,15056328,15481588,145104,0.91,51604,625920,203120,1.27,208236,524112,352
fog-k3s-master3,1,2026-06-06 08:56:25 UTC,15056328,15481648,145096,0.91,51604,625928,203120,1.27,208236,524172,360
fog-k3s-master3,1,2026-06-06 08:56:26 UTC,15056328,15481660,145072,0.91,51604,625948,203120,1.27,208236,524184,128
fog-k3s-master3,1,2026-06-06 08:56:27 UTC,15056328,15481660,145064,0.91,51604,625956,203120,1.27,208236,524184,136
fog-k3s-master3,1,2026-06-06 08:56:28 UTC,15056328,15481660,145052,0.91,51604,625968,203120,1.27,208236,524184,276
fog-k3s-master3,1,2026-06-06 08:56:29 UTC,15056328,15481692,145040,0.91,51612,625972,199672,1.25,206632,524216,400
fog-k3s-master3,1,2026-06-06 08:56:30 UTC,15053836,15479200,147520,0.92,51612,625988,201032,1.26,207632,524216,384
fog-k3s-master3,1,2026-06-06 08:56:31 UTC,15053836,15479208,147520,0.92,51612,625988,202652,1.27,207888,524224,372
fog-k3s-master3,1,2026-06-06 08:56:32 UTC,15053836,15479208,147500,0.92,51612,626008,202652,1.27,207948,524224,156
fog-k3s-master3,1,2026-06-06 08:56:33 UTC,15053836,15479208,147488,0.92,51612,626020,202880,1.27,208208,524224,312
fog-k3s-master3,1,2026-06-06 08:56:34 UTC,15053836,15479212,147472,0.92,51620,626028,203124,1.27,208252,524228,472
fog-k3s-master3,1,2026-06-06 08:56:35 UTC,15052832,15478268,148464,0.93,51620,626040,204484,1.28,209292,524288,484
fog-k3s-master3,1,2026-06-06 08:56:36 UTC,15052832,15478268,148452,0.93,51620,626052,205976,1.29,209584,524288,524
fog-k3s-master3,1,2026-06-06 08:56:37 UTC,15052832,15478268,148452,0.93,51620,626064,202652,1.27,207928,524288,552
fog-k3s-master3,1,2026-06-06 08:56:38 UTC,15052832,15478424,148316,0.93,51620,626200,202880,1.27,208364,524316,244
fog-k3s-master3,1,2026-06-06 08:56:39 UTC,15052832,15478424,148304,0.93,51628,626204,203124,1.27,208364,524316,500
fog-k3s-master3,1,2026-06-06 08:56:40 UTC,15052832,15478468,148288,0.93,51628,626220,203124,1.27,208380,524360,488
fog-k3s-master3,1,2026-06-06 08:56:41 UTC,15052832,15478472,148272,0.93,51628,626232,205976,1.29,209480,524360,500
fog-k3s-master3,1,2026-06-06 08:56:42 UTC,15052832,15478472,148280,0.93,51628,626244,206104,1.29,209752,524360,540
fog-k3s-master3,1,2026-06-06 08:56:43 UTC,15052832,15478472,148276,0.93,51628,626252,202652,1.27,208064,524360,560
fog-k3s-master3,1,2026-06-06 08:56:44 UTC,15052832,15478532,148264,0.93,51636,626256,203124,1.27,208384,524420,520
fog-k3s-master3,1,2026-06-06 08:56:45 UTC,15053556,15479256,147532,0.92,51636,626264,204484,1.28,209164,524420,528
fog-k3s-master3,1,2026-06-06 08:56:46 UTC,15053084,15478784,147984,0.93,51636,626284,205976,1.29,209500,524420,576
fog-k3s-master3,1,2026-06-06 08:56:47 UTC,15053084,15478784,147976,0.93,51636,626292,206104,1.29,209512,524420,584
fog-k3s-master3,1,2026-06-06 08:56:48 UTC,15053084,15478784,147968,0.93,51636,626304,202652,1.27,208104,524420,316
fog-k3s-master3,1,2026-06-06 08:56:49 UTC,15053084,15478784,147960,0.93,51648,626300,202880,1.27,208428,524420,12
fog-k3s-master3,1,2026-06-06 08:56:50 UTC,15052328,15478088,148712,0.93,51648,626328,204484,1.28,209472,524480,180
fog-k3s-master3,1,2026-06-06 08:56:51 UTC,15052328,15478088,148704,0.93,51648,626336,204484,1.28,209472,524480,188
fog-k3s-master3,1,2026-06-06 08:56:52 UTC,15052328,15478092,148692,0.93,51648,626348,205976,1.29,209716,524484,228
fog-k3s-master3,1,2026-06-06 08:56:53 UTC,15052328,15478092,148680,0.93,51648,626360,206104,1.29,209788,524484,240
fog-k3s-master3,1,2026-06-06 08:56:54 UTC,15052076,15477840,148928,0.93,51656,626368,202860,1.27,208324,524484,392
fog-k3s-master3,1,2026-06-06 08:56:55 UTC,15052076,15477896,148916,0.93,51656,626380,202860,1.27,208324,524540,260
fog-k3s-master3,1,2026-06-06 08:56:56 UTC,15052076,15477896,148908,0.93,51656,626388,204348,1.28,209432,524540,268
fog-k3s-master3,1,2026-06-06 08:56:57 UTC,15052076,15477896,148908,0.93,51656,626388,205836,1.29,209432,524540,268
fog-k3s-master3,1,2026-06-06 08:56:58 UTC,15052076,15477956,148884,0.93,51656,626408,205836,1.29,209632,524600,312
fog-k3s-master3,1,2026-06-06 08:56:59 UTC,15052076,15477956,148868,0.93,51664,626420,202876,1.27,208288,524600,332
fog-k3s-master3,1,2026-06-06 08:57:00 UTC,15051320,15477200,149620,0.94,51664,626428,204480,1.28,209476,524600,136
fog-k3s-master3,1,2026-06-06 08:57:01 UTC,15051320,15477200,149608,0.94,51664,626440,204480,1.28,209476,524600,148
fog-k3s-master3,1,2026-06-06 08:57:02 UTC,15051320,15477248,149600,0.94,51664,626448,205972,1.29,209696,524648,148
fog-k3s-master3,1,2026-06-06 08:57:03 UTC,15051320,15477248,149588,0.94,51664,626460,206100,1.29,209708,524648,160
fog-k3s-master3,1,2026-06-06 08:57:04 UTC,15052904,15478832,147996,0.93,51672,626460,207460,1.30,210728,524648,168
fog-k3s-master3,1,2026-06-06 08:57:05 UTC,15052668,15478616,148212,0.93,51672,626480,207460,1.30,210848,524668,436
fog-k3s-master3,1,2026-06-06 08:57:06 UTC,15052668,15478616,148200,0.93,51672,626492,207460,1.30,210864,524668,220
fog-k3s-master3,1,2026-06-06 08:57:07 UTC,15051660,15477624,149180,0.93,51672,626500,204220,1.28,209468,524684,228
fog-k3s-master3,1,2026-06-06 08:57:08 UTC,15053632,15479640,147192,0.92,51672,626512,205712,1.29,209468,524728,232
fog-k3s-master3,1,2026-06-06 08:57:09 UTC,15053632,15479640,147184,0.92,51672,626520,205712,1.29,209648,524728,512
fog-k3s-master3,1,2026-06-06 08:57:10 UTC,15053632,15479640,147184,0.92,51672,626520,205840,1.29,209708,524728,512
fog-k3s-master3,1,2026-06-06 08:57:11 UTC,15053632,15479660,147152,0.92,51680,626544,205840,1.29,209776,524748,540
fog-k3s-master3,1,2026-06-06 08:57:12 UTC,15053632,15479668,147128,0.92,51680,626556,206068,1.29,210080,524752,292
fog-k3s-master3,1,2026-06-06 08:57:13 UTC,15053632,15479668,147120,0.92,51680,626564,203124,1.27,208520,524752,492
fog-k3s-master3,1,2026-06-06 08:57:14 UTC,15053632,15479668,147108,0.92,51680,626576,203124,1.27,208520,524752,584
fog-k3s-master3,1,2026-06-06 08:57:15 UTC,15052648,15478684,148084,0.93,51680,626584,205976,1.29,209720,524752,608
fog-k3s-master3,1,2026-06-06 08:57:16 UTC,15055736,15481832,144996,0.91,51688,626588,202652,1.27,208052,524812,588
fog-k3s-master3,1,2026-06-06 08:57:17 UTC,15055736,15481844,144976,0.91,51688,626608,202652,1.27,208052,524824,304
fog-k3s-master3,1,2026-06-06 08:57:18 UTC,15053220,15479328,147484,0.92,51688,626616,204220,1.28,209092,524824,52
fog-k3s-master3,1,2026-06-06 08:57:19 UTC,15052996,15479112,147688,0.92,51688,626628,205712,1.29,209580,524832,24
fog-k3s-master3,1,2026-06-06 08:57:20 UTC,15052996,15479112,147680,0.92,51688,626636,205712,1.29,209640,524832,32
fog-k3s-master3,1,2026-06-06 08:57:21 UTC,15052996,15479112,147668,0.92,51700,626636,205840,1.29,209720,524832,304
fog-k3s-master3,1,2026-06-06 08:57:22 UTC,15052996,15479112,147660,0.92,51700,626644,205840,1.29,209720,524832,312
fog-k3s-master3,1,2026-06-06 08:57:23 UTC,15052000,15478116,148596,0.93,51700,626668,204012,1.28,209196,524832,380
fog-k3s-master3,1,2026-06-06 08:57:24 UTC,15053368,15479544,147220,0.92,51700,626676,205732,1.29,209496,524892,176
fog-k3s-master3,1,2026-06-06 08:57:25 UTC,15053368,15479544,147208,0.92,51700,626688,205976,1.29,209736,524892,128
fog-k3s-master3,1,2026-06-06 08:57:26 UTC,15053368,15479544,147200,0.92,51700,626696,206104,1.29,209748,524892,136
fog-k3s-master3,1,2026-06-06 08:57:27 UTC,15053368,15479544,147176,0.92,51708,626708,206104,1.29,209748,524892,300
fog-k3s-master3,1,2026-06-06 08:57:28 UTC,15051380,15477556,149152,0.93,51708,626716,207464,1.30,210820,524892,308
fog-k3s-master3,1,2026-06-06 08:57:29 UTC,15051380,15477556,149128,0.93,51708,626728,208956,1.31,210864,524892,424
fog-k3s-master3,1,2026-06-06 08:57:30 UTC,15051380,15477616,149080,0.93,51708,626740,209184,1.31,211196,524952,164
fog-k3s-master3,1,2026-06-06 08:57:31 UTC,15051380,15477616,149080,0.93,51708,626748,205860,1.29,209780,524952,304
fog-k3s-master3,1,2026-06-06 08:57:32 UTC,15051380,15477616,149068,0.93,51716,626752,206104,1.29,209780,524952,332
fog-k3s-master3,1,2026-06-06 08:57:33 UTC,15051380,15477620,149048,0.93,51716,626772,207464,1.30,210880,524956,332
fog-k3s-master3,1,2026-06-06 08:57:34 UTC,15051380,15477620,149036,0.93,51716,626784,208956,1.31,210920,524956,356
fog-k3s-master3,1,2026-06-06 08:57:35 UTC,15051380,15477620,149008,0.93,51716,626792,205732,1.29,209780,524956,320
fog-k3s-master3,1,2026-06-06 08:57:36 UTC,15053884,15480192,146476,0.92,51716,626804,206104,1.29,209784,525016,372
fog-k3s-master3,1,2026-06-06 08:57:37 UTC,15053884,15480192,146460,0.92,51724,626812,206104,1.29,209784,525016,420
fog-k3s-master3,1,2026-06-06 08:57:38 UTC,15051368,15477676,148964,0.93,51724,626824,207464,1.30,210564,525016,432
fog-k3s-master3,1,2026-06-06 08:57:39 UTC,15051144,15477504,149164,0.93,51724,626832,211808,1.33,212288,525068,536
fog-k3s-master3,1,2026-06-06 08:57:40 UTC,15051144,15477508,149076,0.93,51724,626848,212636,1.33,212916,525072,372
fog-k3s-master3,1,2026-06-06 08:57:41 UTC,15051116,15477480,149088,0.93,51724,626860,210916,1.32,212520,525072,472
fog-k3s-master3,1,2026-06-06 08:57:42 UTC,15051116,15477544,149080,0.93,51724,626868,210316,1.32,212204,525136,504
fog-k3s-master3,1,2026-06-06 08:57:43 UTC,15051116,15477548,149076,0.93,51732,626872,210916,1.32,212532,525136,524
fog-k3s-master3,1,2026-06-06 08:57:44 UTC,15051116,15477548,149064,0.93,51732,626880,212408,1.33,212816,525136,632
fog-k3s-master3,1,2026-06-06 08:57:45 UTC,15050612,15477076,149544,0.94,51732,626900,210316,1.32,211976,525168,684
fog-k3s-master3,1,2026-06-06 08:57:46 UTC,15050108,15476572,150040,0.94,51732,626908,210672,1.32,212496,525168,312
fog-k3s-master3,1,2026-06-06 08:57:47 UTC,15050108,15476572,150040,0.94,51732,626908,210672,1.32,212496,525168,312
fog-k3s-master3,1,2026-06-06 08:57:48 UTC,15050108,15476572,150012,0.94,51732,626928,212292,1.33,212608,525168,336
fog-k3s-master3,1,2026-06-06 08:57:49 UTC,15050108,15476572,150000,0.94,51740,626932,212292,1.33,212608,525168,88
fog-k3s-master3,1,2026-06-06 08:57:50 UTC,15049352,15475816,150736,0.94,51740,626948,213392,1.34,213388,525168,228
fog-k3s-master3,1,2026-06-06 08:57:51 UTC,15048344,15474868,151732,0.95,51740,626960,215988,1.35,214492,525228,320
fog-k3s-master3,1,2026-06-06 08:57:52 UTC,15051000,15477524,149020,0.93,51740,626972,212536,1.33,212856,525228,408
fog-k3s-master3,1,2026-06-06 08:57:53 UTC,15051000,15477524,149008,0.93,51740,626984,212536,1.33,212856,525228,432
fog-k3s-master3,1,2026-06-06 08:57:54 UTC,15051000,15477528,148996,0.93,51752,626984,214124,1.34,214136,525232,72
fog-k3s-master3,1,2026-06-06 08:57:55 UTC,15051000,15477528,148988,0.93,51752,626992,210900,1.32,212836,525232,248
fog-k3s-master3,1,2026-06-06 08:57:56 UTC,15051000,15477584,148964,0.93,51752,627020,212636,1.33,213188,525288,336
fog-k3s-master3,1,2026-06-06 08:57:57 UTC,15051000,15477584,148960,0.93,51752,627028,212036,1.33,212764,525288,352
fog-k3s-master3,1,2026-06-06 08:57:58 UTC,15053796,15480380,146164,0.91,51752,627028,212880,1.33,213084,525288,420
fog-k3s-master3,1,2026-06-06 08:57:59 UTC,15053796,15480380,146164,0.91,51760,627020,212880,1.33,213084,525288,508
fog-k3s-master3,1,2026-06-06 08:58:00 UTC,15051780,15478428,148128,0.93,51760,627060,214368,1.34,214204,525348,272
fog-k3s-master3,1,2026-06-06 08:58:01 UTC,15052464,15479112,147448,0.92,51760,627068,211044,1.32,212600,525348,292
fog-k3s-master3,1,2026-06-06 08:58:02 UTC,15052212,15478860,147688,0.92,51760,627080,207592,1.30,210924,525348,308
fog-k3s-master3,1,2026-06-06 08:58:03 UTC,15052212,15478860,147680,0.92,51760,627088,205628,1.29,209544,525348,316
fog-k3s-master3,1,2026-06-06 08:58:04 UTC,15051988,15478688,147920,0.93,51768,627100,205856,1.29,209760,525400,484
fog-k3s-master3,1,2026-06-06 08:58:05 UTC,15051988,15478688,147908,0.93,51768,627112,205856,1.29,209768,525400,204
fog-k3s-master3,1,2026-06-06 08:58:06 UTC,15051988,15478688,147904,0.93,51768,627120,207460,1.30,210820,525400,360
fog-k3s-master3,1,2026-06-06 08:58:07 UTC,15051988,15478688,147904,0.93,51768,627120,207460,1.30,210820,525400,360
fog-k3s-master3,1,2026-06-06 08:58:08 UTC,15051988,15478688,147884,0.93,51768,627140,207688,1.30,211212,525400,380
fog-k3s-master3,1,2026-06-06 08:58:09 UTC,15051736,15478436,148116,0.93,51776,627152,209180,1.31,211392,525400,508
fog-k3s-master3,1,2026-06-06 08:58:10 UTC,15055172,15481872,144680,0.91,51776,627152,206100,1.29,209776,525400,536
fog-k3s-master3,1,2026-06-06 08:58:11 UTC,15054220,15480984,145684,0.91,51776,627172,207588,1.30,210832,525464,552
fog-k3s-master3,1,2026-06-06 08:58:12 UTC,15054220,15481000,145676,0.91,51776,627180,207588,1.30,210832,525480,376
fog-k3s-master3,1,2026-06-06 08:58:13 UTC,15052988,15479800,146892,0.92,51776,627192,209304,1.31,211364,525512,416
fog-k3s-master3,1,2026-06-06 08:58:14 UTC,15052988,15479800,146884,0.92,51784,627192,209304,1.31,211364,525512,516
fog-k3s-master3,1,2026-06-06 08:58:15 UTC,15051980,15478792,147868,0.93,51784,627212,210664,1.32,212464,525512,548
fog-k3s-master3,1,2026-06-06 08:58:16 UTC,15051980,15478824,147864,0.93,51784,627228,207460,1.30,210864,525544,612
fog-k3s-master3,1,2026-06-06 08:58:17 UTC,15049964,15476820,149872,0.94,51784,627236,208952,1.31,211092,525556,632
fog-k3s-master3,1,2026-06-06 08:58:18 UTC,15049964,15476820,149856,0.94,51784,627248,210312,1.32,212244,525556,336
fog-k3s-master3,1,2026-06-06 08:58:19 UTC,15049964,15476820,149848,0.94,51792,627248,210312,1.32,212244,525556,348
fog-k3s-master3,1,2026-06-06 08:58:20 UTC,15049964,15476824,149820,0.94,51792,627272,210668,1.32,212580,525560,280
fog-k3s-master3,1,2026-06-06 08:58:21 UTC,15049964,15476824,149808,0.94,51792,627272,212160,1.33,212580,525560,268
fog-k3s-master3,1,2026-06-06 08:58:22 UTC,15049208,15476108,150568,0.94,51792,627292,210068,1.31,212248,525600,312
fog-k3s-master3,1,2026-06-06 08:58:23 UTC,15049208,15476108,150560,0.94,51792,627300,210312,1.32,212248,525600,64
fog-k3s-master3,1,2026-06-06 08:58:24 UTC,15049208,15476132,150552,0.94,51792,627312,210440,1.32,212268,525624,248
fog-k3s-master3,1,2026-06-06 08:58:25 UTC,15049208,15476132,150532,0.94,51804,627320,210440,1.32,212268,525624,236
fog-k3s-master3,1,2026-06-06 08:58:26 UTC,15047192,15474144,152524,0.95,51804,627332,213292,1.33,213552,525652,252
fog-k3s-master3,1,2026-06-06 08:58:27 UTC,15047192,15474144,152476,0.95,51804,627340,213520,1.34,213912,525652,264
fog-k3s-master3,1,2026-06-06 08:58:28 UTC,15047192,15474144,152464,0.95,51804,627352,213520,1.34,213912,525652,40
fog-k3s-master3,1,2026-06-06 08:58:29 UTC,15047192,15474148,152448,0.95,51804,627364,213520,1.34,213912,525652,216
fog-k3s-master3,1,2026-06-06 08:58:30 UTC,15051312,15478308,148316,0.93,51816,627360,211692,1.32,212496,525692,232
fog-k3s-master3,1,2026-06-06 08:58:31 UTC,15050808,15477804,148808,0.93,51816,627372,211936,1.33,212496,525692,244
fog-k3s-master3,1,2026-06-06 08:58:32 UTC,15048064,15475060,151532,0.95,51816,627392,213524,1.34,213980,525692,424
fog-k3s-master3,1,2026-06-06 08:58:33 UTC,15048064,15475060,151520,0.95,51816,627404,213652,1.34,214004,525692,448
fog-k3s-master3,1,2026-06-06 08:58:34 UTC,15048064,15475060,151512,0.95,51816,627412,213652,1.34,214004,525692,456
fog-k3s-master3,1,2026-06-06 08:58:35 UTC,15048064,15475152,151500,0.95,51816,627424,213652,1.34,214012,525784,112
fog-k3s-master3,1,2026-06-06 08:58:36 UTC,15048064,15475160,151468,0.95,51824,627432,215388,1.35,214184,525792,148
fog-k3s-master3,1,2026-06-06 08:58:37 UTC,15047068,15474164,152420,0.95,51824,627432,216748,1.36,215256,525792,148
fog-k3s-master3,1,2026-06-06 08:58:38 UTC,15046564,15473680,152860,0.96,51824,627452,213524,1.34,213988,525812,384
fog-k3s-master3,1,2026-06-06 08:58:39 UTC,15046564,15473680,152848,0.96,51824,627464,213652,1.34,213992,525812,488
fog-k3s-master3,1,2026-06-06 08:58:40 UTC,15046564,15473680,152848,0.96,51824,627464,215144,1.35,213992,525812,488
fog-k3s-master3,1,2026-06-06 08:58:41 UTC,15046564,15473712,152804,0.96,51832,627476,213504,1.34,213804,525844,508
fog-k3s-master3,1,2026-06-06 08:58:42 UTC,15046564,15473712,152792,0.96,51832,627488,213504,1.34,213804,525844,260
fog-k3s-master3,1,2026-06-06 08:58:43 UTC,15046564,15473728,152764,0.96,51832,627504,213504,1.34,213864,525860,348
fog-k3s-master3,1,2026-06-06 08:58:44 UTC,15046312,15473476,153000,0.96,51832,627516,213632,1.34,213868,525860,452
fog-k3s-master3,1,2026-06-06 08:58:45 UTC,15046060,15473224,153224,0.96,51832,627524,214992,1.35,215036,525860,468
fog-k3s-master3,1,2026-06-06 08:58:46 UTC,15046060,15473224,153208,0.96,51832,627536,216484,1.35,215216,525860,480
fog-k3s-master3,1,2026-06-06 08:58:47 UTC,15045808,15473032,153440,0.96,51840,627544,213240,1.33,213808,525920,536
fog-k3s-master3,1,2026-06-06 08:58:48 UTC,15045808,15473044,153428,0.96,51840,627556,216092,1.35,215072,525932,288
fog-k3s-master3,1,2026-06-06 08:58:49 UTC,15045808,15473044,153420,0.96,51840,627564,216220,1.35,215100,525932,296
fog-k3s-master3,1,2026-06-06 08:58:50 UTC,15045808,15473044,153400,0.96,51840,627576,216428,1.35,215544,525932,508
fog-k3s-master3,1,2026-06-06 08:58:51 UTC,15045808,15473044,153392,0.96,51840,627584,216428,1.35,215544,525932,516
fog-k3s-master3,1,2026-06-06 08:58:52 UTC,15045808,15473044,153380,0.96,51840,627596,216428,1.35,215544,525932,532
fog-k3s-master3,1,2026-06-06 08:58:53 UTC,15045052,15472340,154096,0.96,51848,627600,216220,1.35,214964,525984,544
fog-k3s-master3,1,2026-06-06 08:58:54 UTC,15045052,15472340,154096,0.96,51848,627600,216220,1.35,214964,525984,544
fog-k3s-master3,1,2026-06-06 08:58:55 UTC,15044800,15472108,154332,0.97,51848,627632,216220,1.35,215212,526004,496
fog-k3s-master3,1,2026-06-06 08:58:56 UTC,15044800,15472116,154324,0.97,51848,627640,216220,1.35,215212,526012,184
fog-k3s-master3,1,2026-06-06 08:58:57 UTC,15044296,15471628,154784,0.97,51848,627656,216240,1.35,215016,526028,204
fog-k3s-master3,1,2026-06-06 08:58:58 UTC,15044296,15471628,154776,0.97,51848,627664,216240,1.35,215016,526028,212
fog-k3s-master3,1,2026-06-06 08:58:59 UTC,15044296,15471636,154748,0.97,51860,627676,216240,1.35,215244,526032,388
fog-k3s-master3,1,2026-06-06 08:59:00 UTC,15044296,15471636,154740,0.97,51860,627684,217600,1.36,216424,526032,92
fog-k3s-master3,1,2026-06-06 08:59:01 UTC,15044296,15471636,154728,0.97,51860,627696,217600,1.36,216424,526032,104
fog-k3s-master3,1,2026-06-06 08:59:02 UTC,15044296,15471684,154716,0.97,51860,627704,219220,1.37,216676,526080,112
fog-k3s-master3,1,2026-06-06 08:59:03 UTC,15044296,15471684,154656,0.97,51860,627716,219692,1.37,216980,526080,308
fog-k3s-master3,1,2026-06-06 08:59:04 UTC,15044296,15471708,154664,0.97,51868,627728,216504,1.35,215364,526104,428
fog-k3s-master3,1,2026-06-06 08:59:05 UTC,15046596,15474008,152356,0.95,51868,627736,216504,1.35,215364,526104,436
fog-k3s-master3,1,2026-06-06 08:59:06 UTC,15045592,15473004,153348,0.96,51868,627748,217996,1.36,215544,526104,448
fog-k3s-master3,1,2026-06-06 08:59:07 UTC,15045592,15473004,153336,0.96,51868,627756,218596,1.37,215900,526104,516
fog-k3s-master3,1,2026-06-06 08:59:08 UTC,15043604,15471016,155308,0.97,51868,627768,219956,1.38,216928,526104,176
fog-k3s-master3,1,2026-06-06 08:59:09 UTC,15046344,15473756,152576,0.95,51876,627768,216632,1.36,215304,526104,384
fog-k3s-master3,1,2026-06-06 08:59:10 UTC,15046092,15473556,152808,0.96,51876,627788,216860,1.36,215616,526156,428
fog-k3s-master3,1,2026-06-06 08:59:11 UTC,15045340,15472804,153560,0.96,51876,627788,218596,1.37,215676,526156,460
fog-k3s-master3,1,2026-06-06 08:59:12 UTC,15045340,15472820,153548,0.96,51876,627808,218596,1.37,215900,526172,480
fog-k3s-master3,1,2026-06-06 08:59:13 UTC,15045340,15472820,153540,0.96,51876,627816,218596,1.37,215900,526172,488
fog-k3s-master3,1,2026-06-06 08:59:14 UTC,15045340,15472820,153528,0.96,51884,627820,218596,1.37,215900,526172,420
fog-k3s-master3,1,2026-06-06 08:59:15 UTC,15045088,15472568,153764,0.96,51884,627828,220556,1.38,216988,526172,544
fog-k3s-master3,1,2026-06-06 08:59:16 UTC,15044840,15472372,154004,0.96,51884,627848,217232,1.36,215732,526224,520
fog-k3s-master3,1,2026-06-06 08:59:17 UTC,15044588,15472124,154240,0.97,51884,627860,217460,1.36,215816,526224,588
fog-k3s-master3,1,2026-06-06 08:59:18 UTC,15044588,15472124,154240,0.97,51884,627860,215740,1.35,214156,526224,612
fog-k3s-master3,1,2026-06-06 08:59:19 UTC,15044084,15471708,154724,0.97,51900,627880,217228,1.36,215672,526312,244
fog-k3s-master3,1,2026-06-06 08:59:20 UTC,15044084,15471728,154724,0.97,51900,627888,214020,1.34,213992,526332,436
fog-k3s-master3,1,2026-06-06 08:59:21 UTC,15044084,15471728,154708,0.97,51900,627904,214020,1.34,213992,526332,464
fog-k3s-master3,1,2026-06-06 08:59:22 UTC,15042572,15470236,156220,0.98,51900,627912,220672,1.38,217252,526356,472
fog-k3s-master3,1,2026-06-06 08:59:23 UTC,15042572,15470236,156204,0.98,51900,627928,220672,1.38,217252,526356,560
fog-k3s-master3,1,2026-06-06 08:59:24 UTC,15042572,15470256,156204,0.98,51908,627928,217224,1.36,215612,526376,688
fog-k3s-master3,1,2026-06-06 08:59:25 UTC,15042572,15470256,156192,0.98,51908,627940,217224,1.36,215612,526376,440
fog-k3s-master3,1,2026-06-06 08:59:26 UTC,15042572,15470264,156192,0.98,51912,627956,218956,1.37,215836,526384,24
fog-k3s-master3,1,2026-06-06 08:59:27 UTC,15042572,15470296,156188,0.98,51912,627968,213412,1.34,213856,526416,40
fog-k3s-master3,1,2026-06-06 08:59:28 UTC,15042572,15470296,156200,0.98,51912,627980,213640,1.34,213824,526416,284
fog-k3s-master3,1,2026-06-06 08:59:29 UTC,15042572,15470296,156192,0.98,51924,627976,213640,1.34,213824,526416,380
fog-k3s-master3,1,2026-06-06 08:59:30 UTC,15042572,15470332,156160,0.98,51924,628000,215132,1.35,214180,526448,424
fog-k3s-master3,1,2026-06-06 08:59:31 UTC,15042572,15470332,156156,0.98,51924,628008,216620,1.36,215308,526448,172
fog-k3s-master3,1,2026-06-06 08:59:32 UTC,15042572,15470332,156156,0.98,51924,628008,216620,1.36,215308,526448,172
fog-k3s-master3,1,2026-06-06 08:59:33 UTC,15042320,15470228,156284,0.98,51924,628156,213412,1.34,213764,526476,308
fog-k3s-master3,1,2026-06-06 08:59:34 UTC,15042320,15470228,156272,0.98,51932,628160,213620,1.34,214016,526476,420
fog-k3s-master3,1,2026-06-06 08:59:35 UTC,15041844,15469752,156732,0.98,51932,628176,216596,1.36,215120,526476,384
fog-k3s-master3,1,2026-06-06 08:59:36 UTC,15041844,15469752,156720,0.98,51932,628188,216596,1.36,215120,526476,396
fog-k3s-master3,1,2026-06-06 08:59:37 UTC,15041844,15469752,156720,0.98,51932,628188,216596,1.36,215120,526476,396
fog-k3s-master3,1,2026-06-06 08:59:38 UTC,15040108,15468076,158416,0.99,51932,628208,220936,1.38,217952,526528,132
fog-k3s-master3,1,2026-06-06 08:59:39 UTC,15038092,15466060,160388,1.00,51932,628216,223256,1.40,218836,526528,472
fog-k3s-master3,1,2026-06-06 08:59:40 UTC,15038092,15466100,160340,1.00,51940,628232,219808,1.38,217176,526568,552
fog-k3s-master3,1,2026-06-06 08:59:41 UTC,15042212,15470220,156208,0.98,51940,628244,216356,1.35,215616,526568,588
fog-k3s-master3,1,2026-06-06 08:59:42 UTC,15040756,15468768,157648,0.99,51944,628252,217844,1.36,216564,526572,420
fog-k3s-master3,1,2026-06-06 08:59:43 UTC,15040756,15468768,157636,0.99,51944,628264,219332,1.37,216564,526572,436
fog-k3s-master3,1,2026-06-06 08:59:44 UTC,15040504,15468576,157876,0.99,51944,628276,219576,1.37,216744,526632,316
fog-k3s-master3,1,2026-06-06 08:59:45 UTC,15040004,15468084,158352,0.99,51956,628276,221064,1.38,217844,526636,300
fog-k3s-master3,1,2026-06-06 08:59:46 UTC,15040004,15468084,158332,0.99,51956,628296,218108,1.36,216640,526636,416
fog-k3s-master3,1,2026-06-06 08:59:47 UTC,15039752,15467832,158572,0.99,51956,628308,219596,1.37,216880,526636,428
fog-k3s-master3,1,2026-06-06 08:59:48 UTC,15039752,15467832,158568,0.99,51956,628316,219596,1.37,216824,526636,440
fog-k3s-master3,1,2026-06-06 08:59:49 UTC,15037988,15466068,160316,1.00,51956,628328,220956,1.38,217888,526636,204
fog-k3s-master3,1,2026-06-06 08:59:50 UTC,15037736,15465876,160560,1.00,51956,628336,222448,1.39,218144,526696,88
fog-k3s-master3,1,2026-06-06 08:59:51 UTC,15037736,15465876,160524,1.00,51964,628352,222900,1.39,218444,526696,288
fog-k3s-master3,1,2026-06-06 08:59:52 UTC,15036728,15464872,161468,1.01,51964,628364,225876,1.41,219804,526700,332
fog-k3s-master3,1,2026-06-06 08:59:53 UTC,15036224,15464368,161928,1.01,51964,628372,226348,1.42,220196,526700,384
fog-k3s-master3,1,2026-06-06 08:59:54 UTC,15036224,15464368,161916,1.01,51964,628384,224388,1.40,219416,526700,508
fog-k3s-master3,1,2026-06-06 08:59:55 UTC,15035724,15463868,162400,1.02,51964,628392,225880,1.41,219596,526700,384
fog-k3s-master3,1,2026-06-06 08:59:56 UTC,15035724,15463948,162408,1.02,51972,628404,222768,1.39,218436,526780,344
fog-k3s-master3,1,2026-06-06 08:59:57 UTC,15035724,15463948,162400,1.02,51972,628412,222768,1.39,218436,526780,368
fog-k3s-master3,1,2026-06-06 08:59:58 UTC,15035724,15463972,162404,1.02,51972,628424,220676,1.38,217868,526804,380
fog-k3s-master3,1,2026-06-06 08:59:59 UTC,15035724,15463980,162404,1.02,51972,628432,222164,1.39,218096,526812,504
fog-k3s-master3,1,2026-06-06 09:00:00 UTC,15035724,15463980,162396,1.02,51972,628432,222520,1.39,218428,526812,188
fog-k3s-master3,1,2026-06-06 09:00:01 UTC,15035724,15463980,162372,1.02,51972,628452,222520,1.39,218452,526812,208
fog-k3s-master3,1,2026-06-06 09:00:02 UTC,15034968,15463224,163104,1.02,51980,628456,223880,1.40,219472,526812,212
fog-k3s-master3,1,2026-06-06 09:00:03 UTC,15034716,15462972,163296,1.02,51980,628472,223880,1.40,219532,526812,408
fog-k3s-master3,1,2026-06-06 09:00:04 UTC,15034716,15463032,163284,1.02,51980,628484,223880,1.40,219532,526872,512
fog-k3s-master3,1,2026-06-06 09:00:05 UTC,15034716,15463032,163252,1.02,51980,628496,223880,1.40,219516,526872,644
fog-k3s-master3,1,2026-06-06 09:00:06 UTC,15034716,15463040,163244,1.02,51980,628504,223880,1.40,219564,526880,304
fog-k3s-master3,1,2026-06-06 09:00:07 UTC,15034716,15463040,163244,1.02,51980,628504,223880,1.40,219564,526880,256
fog-k3s-master3,1,2026-06-06 09:00:08 UTC,15034716,15463040,163236,1.02,51988,628504,223880,1.40,219564,526880,288
fog-k3s-master3,1,2026-06-06 09:00:09 UTC,15034716,15463040,163204,1.02,51988,628536,223880,1.40,219564,526880,320
fog-k3s-master3,1,2026-06-06 09:00:10 UTC,15034716,15463100,163196,1.02,51988,628544,223880,1.40,219564,526940,484
fog-k3s-master3,1,2026-06-06 09:00:11 UTC,15034716,15463100,163196,1.02,51988,628544,223880,1.40,219564,526940,484
fog-k3s-master3,1,2026-06-06 09:00:12 UTC,15034716,15463100,163196,1.02,51988,628544,223880,1.40,219564,526940,224
fog-k3s-master3,1,2026-06-06 09:00:13 UTC,15034716,15463100,163164,1.02,51988,628576,223880,1.40,219616,526940,180
fog-k3s-master3,1,2026-06-06 09:00:14 UTC,15034716,15463100,163156,1.02,52000,628572,223880,1.40,219616,526940,188
fog-k3s-master3,1,2026-06-06 09:00:15 UTC,15034716,15463100,163132,1.02,52000,628596,223880,1.40,219616,526940,68
fog-k3s-master3,1,2026-06-06 09:00:16 UTC,15034716,15463164,163116,1.02,52000,628608,223880,1.40,219616,527000,80
fog-k3s-master3,1,2026-06-06 09:00:17 UTC,15034716,15463164,163108,1.02,52000,628616,223880,1.40,219616,527000,88
fog-k3s-master3,1,2026-06-06 09:00:18 UTC,15034716,15463164,163096,1.02,52000,628628,225500,1.41,219616,527000,100
fog-k3s-master3,1,2026-06-06 09:00:19 UTC,15034464,15462912,163336,1.02,52008,628628,225500,1.41,219872,527000,80
fog-k3s-master3,1,2026-06-06 09:00:20 UTC,15034464,15462912,163316,1.02,52008,628648,225500,1.41,219872,527000,100
fog-k3s-master3,1,2026-06-06 09:00:21 UTC,15034464,15462912,163316,1.02,52008,628648,225500,1.41,219872,527000,100
fog-k3s-master3,1,2026-06-06 09:00:22 UTC,15034464,15462912,163316,1.02,52008,628648,225500,1.41,219872,527000,100
fog-k3s-master3,1,2026-06-06 09:00:23 UTC,15034464,15462972,163288,1.02,52008,628676,225500,1.41,219872,527060,128
fog-k3s-master3,1,2026-06-06 09:00:24 UTC,15033456,15461964,164284,1.03,52016,628680,225728,1.41,220132,527060,140
fog-k3s-master3,1,2026-06-06 09:00:25 UTC,15036052,15464596,161636,1.01,52016,628696,222544,1.39,218564,527096,404
fog-k3s-master3,1,2026-06-06 09:00:26 UTC,15036052,15464596,161624,1.01,52016,628708,222544,1.39,218564,527096,416
fog-k3s-master3,1,2026-06-06 09:00:27 UTC,15036052,15464596,161612,1.01,52016,628720,222544,1.39,218564,527096,428
fog-k3s-master3,1,2026-06-06 09:00:28 UTC,15036052,15464656,161604,1.01,52016,628728,222544,1.39,218564,527156,436
fog-k3s-master3,1,2026-06-06 09:00:29 UTC,15035800,15464412,161836,1.01,52024,628740,222544,1.39,218564,527164,204
fog-k3s-master3,1,2026-06-06 09:00:30 UTC,15035800,15464412,161828,1.01,52024,628748,222544,1.39,218564,527164,204
fog-k3s-master3,1,2026-06-06 09:00:31 UTC,15035800,15464412,161812,1.01,52024,628760,222544,1.39,218564,527164,216
fog-k3s-master3,1,2026-06-06 09:00:32 UTC,15035800,15464412,161804,1.01,52024,628768,222544,1.39,218564,527164,224
fog-k3s-master3,1,2026-06-06 09:00:33 UTC,15035800,15464412,161792,1.01,52024,628780,222544,1.39,218564,527164,236
fog-k3s-master3,1,2026-06-06 09:00:34 UTC,15035800,15464472,161784,1.01,52032,628780,222544,1.39,218564,527224,244
fog-k3s-master3,1,2026-06-06 09:00:35 UTC,15035800,15464480,161764,1.01,52032,628800,222544,1.39,218564,527232,244
fog-k3s-master3,1,2026-06-06 09:00:36 UTC,15035800,15464480,161756,1.01,52032,628808,222544,1.39,218564,527232,252
fog-k3s-master3,1,2026-06-06 09:00:37 UTC,15035800,15464480,161744,1.01,52032,628820,222544,1.39,218564,527232,264
fog-k3s-master3,1,2026-06-06 09:00:38 UTC,15035800,15464480,161736,1.01,52032,628828,222544,1.39,218564,527232,272
fog-k3s-master3,1,2026-06-06 09:00:39 UTC,15035800,15464480,161716,1.01,52040,628840,222544,1.39,218564,527232,456
fog-k3s-master3,1,2026-06-06 09:00:40 UTC,15035800,15464480,161716,1.01,52040,628840,222544,1.39,218564,527232,456
fog-k3s-master3,1,2026-06-06 09:00:41 UTC,15035800,15464480,161716,1.01,52040,628840,222544,1.39,218564,527232,456
fog-k3s-master3,1,2026-06-06 09:00:42 UTC,15035296,15464036,162188,1.01,52040,628872,222788,1.39,218564,527292,568
fog-k3s-master3,1,2026-06-06 09:00:43 UTC,15035296,15464036,162176,1.01,52040,628884,222788,1.39,218564,527292,324
fog-k3s-master3,1,2026-06-06 09:00:44 UTC,15035296,15464036,162164,1.01,52052,628884,222788,1.39,218564,527292,44
fog-k3s-master3,1,2026-06-06 09:00:45 UTC,15035296,15464040,162140,1.01,52052,628904,222788,1.39,218564,527292,72
fog-k3s-master3,1,2026-06-06 09:00:46 UTC,15035296,15464040,162140,1.01,52052,628904,222788,1.39,218564,527292,72
fog-k3s-master3,1,2026-06-06 09:00:47 UTC,15035296,15464100,162116,1.01,52052,628924,222788,1.39,218564,527352,84
fog-k3s-master3,1,2026-06-06 09:00:48 UTC,15035296,15464100,162104,1.01,52052,628936,222788,1.39,218564,527352,96
fog-k3s-master3,1,2026-06-06 09:00:49 UTC,15035296,15464100,162096,1.01,52060,628936,222788,1.39,218564,527352,104
fog-k3s-master3,1,2026-06-06 09:00:50 UTC,15035296,15464100,162076,1.01,52060,628956,222788,1.39,218564,527352,116
fog-k3s-master3,1,2026-06-06 09:00:51 UTC,15035296,15464160,162064,1.01,52060,628968,222788,1.39,218564,527412,128
fog-k3s-master3,1,2026-06-06 09:00:52 UTC,15035296,15464160,162064,1.01,52060,628968,224408,1.40,218564,527412,128
fog-k3s-master3,1,2026-06-06 09:00:53 UTC,15035048,15463916,162292,1.02,52060,628988,224408,1.40,218792,527416,148
fog-k3s-master3,1,2026-06-06 09:00:54 UTC,15035048,15463916,162284,1.02,52068,628988,224408,1.40,218792,527416,156
fog-k3s-master3,1,2026-06-06 09:00:55 UTC,15035048,15463916,162284,1.02,52068,628988,224408,1.40,218792,527416,156
fog-k3s-master3,1,2026-06-06 09:00:56 UTC,15035048,15463916,162256,1.02,52068,629016,224408,1.40,218848,527416,312
fog-k3s-master3,1,2026-06-06 09:00:57 UTC,15035048,15463976,162244,1.02,52068,629028,224408,1.40,218848,527476,324
fog-k3s-master3,1,2026-06-06 09:00:58 UTC,15035048,15463976,162232,1.02,52068,629036,224636,1.41,219152,527476,412
fog-k3s-master3,1,2026-06-06 09:00:59 UTC,15035048,15463976,162220,1.01,52068,629048,224636,1.41,219152,527476,440
fog-k3s-master3,1,2026-06-06 09:01:00 UTC,15040120,15469048,157148,0.98,52076,629056,221448,1.39,217516,527476,348
fog-k3s-master3,1,2026-06-06 09:01:01 UTC,15040120,15469048,157136,0.98,52076,629068,221448,1.39,217516,527476,360
fog-k3s-master3,1,2026-06-06 09:01:02 UTC,15040120,15469052,157124,0.98,52076,629076,221448,1.39,217516,527476,368
fog-k3s-master3,1,2026-06-06 09:01:03 UTC,15040120,15469112,157112,0.98,52076,629088,221448,1.39,217516,527536,376
fog-k3s-master3,1,2026-06-06 09:01:04 UTC,15040120,15469112,157100,0.98,52076,629100,221448,1.39,217516,527536,380
fog-k3s-master3,1,2026-06-06 09:01:05 UTC,15039868,15468860,157344,0.98,52076,629108,221448,1.39,217516,527536,132
fog-k3s-master3,1,2026-06-06 09:01:06 UTC,15039868,15468912,157324,0.98,52084,629120,221448,1.39,217524,527588,264
fog-k3s-master3,1,2026-06-06 09:01:07 UTC,15039868,15468912,157316,0.98,52084,629128,221448,1.39,217524,527588,272
fog-k3s-master3,1,2026-06-06 09:01:08 UTC,15039868,15468912,157304,0.98,52084,629140,221448,1.39,217524,527588,284
fog-k3s-master3,1,2026-06-06 09:01:09 UTC,15039868,15468972,157296,0.98,52084,629148,221692,1.39,217524,527648,288
fog-k3s-master3,1,2026-06-06 09:01:10 UTC,15039616,15468720,157536,0.99,52084,629160,221692,1.39,217524,527648,552
fog-k3s-master3,1,2026-06-06 09:01:11 UTC,15039616,15468720,157536,0.99,52084,629160,221692,1.39,217524,527648,556
fog-k3s-master3,1,2026-06-06 09:01:12 UTC,15039364,15468488,157760,0.99,52092,629180,221692,1.39,217524,527668,604
fog-k3s-master3,1,2026-06-06 09:01:13 UTC,15039364,15468488,157752,0.99,52092,629188,221692,1.39,217524,527668,612
fog-k3s-master3,1,2026-06-06 09:01:14 UTC,15039364,15468524,157736,0.99,52096,629200,221692,1.39,217524,527704,28
fog-k3s-master3,1,2026-06-06 09:01:15 UTC,15039364,15468524,157724,0.99,52096,629212,221692,1.39,217524,527704,44
fog-k3s-master3,1,2026-06-06 09:01:16 UTC,15039112,15468272,157988,0.99,52096,629220,218244,1.37,215808,527704,188
fog-k3s-master3,1,2026-06-06 09:01:17 UTC,15038148,15467308,158936,0.99,52096,629232,219604,1.37,216892,527704,176
fog-k3s-master3,1,2026-06-06 09:01:18 UTC,15038148,15467308,158916,0.99,52108,629240,219604,1.37,216892,527704,220
fog-k3s-master3,1,2026-06-06 09:01:19 UTC,15038148,15467308,158916,0.99,52108,629240,219604,1.37,216892,527704,316
fog-k3s-master3,1,2026-06-06 09:01:20 UTC,15038148,15467368,158896,0.99,52108,629260,219604,1.37,216904,527764,108
fog-k3s-master3,1,2026-06-06 09:01:21 UTC,15038148,15467368,158884,0.99,52108,629272,219604,1.37,216904,527764,112
fog-k3s-master3,1,2026-06-06 09:01:22 UTC,15038148,15467368,158876,0.99,52108,629280,219604,1.37,216904,527764,120
fog-k3s-master3,1,2026-06-06 09:01:23 UTC,15038148,15467368,158876,0.99,52108,629280,219848,1.38,216904,527764,120
fog-k3s-master3,1,2026-06-06 09:01:24 UTC,15038148,15467368,158848,0.99,52116,629300,219848,1.38,216904,527764,356
fog-k3s-master3,1,2026-06-06 09:01:25 UTC,15038148,15467368,158836,0.99,52116,629312,219848,1.38,216904,527764,400
fog-k3s-master3,1,2026-06-06 09:01:26 UTC,15038148,15467428,158828,0.99,52116,629320,220056,1.38,217192,527824,408
fog-k3s-master3,1,2026-06-06 09:01:27 UTC,15038148,15467428,158816,0.99,52116,629332,220056,1.38,217192,527824,420
fog-k3s-master3,1,2026-06-06 09:01:28 UTC,15038148,15467452,158804,0.99,52116,629344,220056,1.38,217192,527848,152
fog-k3s-master3,1,2026-06-06 09:01:29 UTC,15038148,15467452,158824,0.99,52124,629348,216608,1.36,215584,527848,172
fog-k3s-master3,1,2026-06-06 09:01:30 UTC,15038148,15467452,158804,0.99,52124,629368,216608,1.36,215484,527848,432
fog-k3s-master3,1,2026-06-06 09:01:31 UTC,15037644,15466948,159300,1.00,52124,629376,216836,1.36,215792,527848,444
fog-k3s-master3,1,2026-06-06 09:01:32 UTC,15037644,15466952,159284,1.00,52124,629388,216836,1.36,215792,527848,480
fog-k3s-master3,1,2026-06-06 09:01:33 UTC,15037644,15466952,159276,1.00,52124,629396,216836,1.36,215792,527848,488
fog-k3s-master3,1,2026-06-06 09:01:34 UTC,15037392,15466760,159508,1.00,52132,629408,217064,1.36,216052,527908,368
fog-k3s-master3,1,2026-06-06 09:01:35 UTC,15037392,15466760,159500,1.00,52132,629416,217064,1.36,216052,527908,376
fog-k3s-master3,1,2026-06-06 09:01:36 UTC,15036888,15466256,160004,1.00,52132,629416,218684,1.37,216052,527908,376
fog-k3s-master3,1,2026-06-06 09:01:37 UTC,15036664,15466036,160212,1.00,52132,629436,221536,1.39,217732,527912,384
fog-k3s-master3,1,2026-06-06 09:01:38 UTC,15036664,15466036,160196,1.00,52132,629448,222136,1.39,218052,527912,400
fog-k3s-master3,1,2026-06-06 09:01:39 UTC,15036664,15466036,160184,1.00,52140,629452,222364,1.39,218392,527912,584
fog-k3s-master3,1,2026-06-06 09:01:40 UTC,15036664,15466096,160176,1.00,52140,629460,222364,1.39,218392,527972,400
fog-k3s-master3,1,2026-06-06 09:01:41 UTC,15036664,15466096,160168,1.00,52140,629480,218912,1.37,216700,527972,468
fog-k3s-master3,1,2026-06-06 09:01:42 UTC,15036664,15466096,160172,1.00,52140,629488,215460,1.35,214972,527972,496
fog-k3s-master3,1,2026-06-06 09:01:43 UTC,15036664,15466096,160160,1.00,52140,629500,215460,1.35,214972,527972,552
fog-k3s-master3,1,2026-06-06 09:01:44 UTC,15036664,15466096,160152,1.00,52148,629500,215460,1.35,214972,527972,648
fog-k3s-master3,1,2026-06-06 09:01:45 UTC,15036664,15466156,160132,1.00,52148,629520,215460,1.35,215000,528032,324
fog-k3s-master3,1,2026-06-06 09:01:46 UTC,15036664,15466216,160124,1.00,52148,629528,215460,1.35,215000,528092,16
fog-k3s-master3,1,2026-06-06 09:01:47 UTC,15036664,15466216,160112,1.00,52148,629540,215704,1.35,215000,528092,28
fog-k3s-master3,1,2026-06-06 09:01:48 UTC,15036664,15466216,160100,1.00,52148,629548,215704,1.35,215000,528092,36
fog-k3s-master3,1,2026-06-06 09:01:49 UTC,15036664,15466216,160104,1.00,52160,629548,212496,1.33,213336,528092,328
fog-k3s-master3,1,2026-06-06 09:01:50 UTC,15036664,15466216,160096,1.00,52160,629556,212496,1.33,213336,528092,332
fog-k3s-master3,1,2026-06-06 09:01:51 UTC,15036412,15465964,160320,1.00,52160,629580,213856,1.34,214176,528092,380
fog-k3s-master3,1,2026-06-06 09:01:52 UTC,15036412,15466028,160308,1.00,52160,629592,213856,1.34,214428,528156,112
fog-k3s-master3,1,2026-06-06 09:01:53 UTC,15036412,15466028,160300,1.00,52160,629600,214100,1.34,214428,528156,276
fog-k3s-master3,1,2026-06-06 09:01:54 UTC,15036412,15466048,160316,1.00,52168,629616,210652,1.32,212700,528176,352
fog-k3s-master3,1,2026-06-06 09:01:55 UTC,15036412,15466048,160308,1.00,52168,629624,210652,1.32,212700,528176,384
fog-k3s-master3,1,2026-06-06 09:01:56 UTC,15036412,15466048,160296,1.00,52168,629636,210652,1.32,212700,528176,396
fog-k3s-master3,1,2026-06-06 09:01:57 UTC,15036412,15466048,160288,1.00,52168,629644,210652,1.32,212700,528176,404
fog-k3s-master3,1,2026-06-06 09:01:58 UTC,15036412,15466048,160288,1.00,52168,629644,207464,1.30,211140,528176,144
fog-k3s-master3,1,2026-06-06 09:01:59 UTC,15036412,15466108,160292,1.00,52176,629656,207464,1.30,211056,528236,312
fog-k3s-master3,1,2026-06-06 09:02:00 UTC,15036412,15466132,160272,1.00,52176,629676,210316,1.32,212348,528260,336
fog-k3s-master3,1,2026-06-06 09:02:01 UTC,15036412,15466132,160264,1.00,52176,629684,210916,1.32,212724,528260,464
fog-k3s-master3,1,2026-06-06 09:02:02 UTC,15036412,15466132,160252,1.00,52176,629696,207464,1.30,211164,528260,476
fog-k3s-master3,1,2026-06-06 09:02:03 UTC,15039624,15469348,157100,0.98,52176,629708,207464,1.30,211020,528260,488
fog-k3s-master3,1,2026-06-06 09:02:04 UTC,15039120,15468844,157628,0.99,52184,629716,204012,1.28,209328,528260,240
fog-k3s-master3,1,2026-06-06 09:02:05 UTC,15036352,15466076,160396,1.00,52184,629716,205600,1.29,210412,528260,380
fog-k3s-master3,1,2026-06-06 09:02:06 UTC,15036128,15465892,160616,1.00,52184,629736,207220,1.30,210708,528300,364
fog-k3s-master3,1,2026-06-06 09:02:07 UTC,15036128,15465892,160604,1.00,52184,629748,207220,1.30,210728,528300,372
fog-k3s-master3,1,2026-06-06 09:02:08 UTC,15036128,15465892,160596,1.00,52184,629756,207220,1.30,211020,528300,380
fog-k3s-master3,1,2026-06-06 09:02:09 UTC,15036128,15465892,160576,1.00,52192,629768,207220,1.30,211020,528300,516
fog-k3s-master3,1,2026-06-06 09:02:10 UTC,15036128,15465892,160576,1.00,52192,629768,207220,1.30,211020,528300,516
fog-k3s-master3,1,2026-06-06 09:02:11 UTC,15036128,15465892,160576,1.00,52192,629768,207220,1.30,211020,528300,516
fog-k3s-master3,1,2026-06-06 09:02:12 UTC,15036128,15465964,160548,1.00,52192,629796,207220,1.30,211020,528372,300
fog-k3s-master3,1,2026-06-06 09:02:13 UTC,15036128,15465964,160536,1.00,52192,629808,207220,1.30,211020,528372,312
fog-k3s-master3,1,2026-06-06 09:02:14 UTC,15036128,15465964,160528,1.00,52200,629808,207220,1.30,211020,528372,320
fog-k3s-master3,1,2026-06-06 09:02:15 UTC,15036128,15465964,160516,1.00,52204,629816,207220,1.30,211020,528372,332
fog-k3s-master3,1,2026-06-06 09:02:16 UTC,15036128,15465968,160492,1.00,52204,629840,207220,1.30,211044,528376,188
fog-k3s-master3,1,2026-06-06 09:02:17 UTC,15036128,15466028,160484,1.00,52204,629848,207220,1.30,211044,528436,196
fog-k3s-master3,1,2026-06-06 09:02:18 UTC,15036128,15466028,160484,1.00,52204,629848,207220,1.30,211044,528436,196
fog-k3s-master3,1,2026-06-06 09:02:19 UTC,15036128,15466028,160484,1.00,52216,629836,207220,1.30,211044,528436,196
fog-k3s-master3,1,2026-06-06 09:02:20 UTC,15036128,15466028,160436,1.00,52216,629880,207220,1.30,211044,528436,84
fog-k3s-master3,1,2026-06-06 09:02:21 UTC,15036128,15466028,160428,1.00,52216,629888,207220,1.30,211044,528436,92
fog-k3s-master3,1,2026-06-06 09:02:22 UTC,15036128,15466028,160428,1.00,52216,629888,207220,1.30,211044,528436,92
fog-k3s-master3,1,2026-06-06 09:02:23 UTC,15036128,15466088,160408,1.00,52216,629908,208956,1.31,211224,528496,272
fog-k3s-master3,1,2026-06-06 09:02:24 UTC,15036128,15466100,160396,1.00,52216,629920,208956,1.31,211248,528508,104
fog-k3s-master3,1,2026-06-06 09:02:25 UTC,15036128,15466100,160380,1.00,52224,629928,208956,1.31,211248,528508,268
fog-k3s-master3,1,2026-06-06 09:02:26 UTC,15036128,15466100,160368,1.00,52224,629940,208956,1.31,211248,528508,280
fog-k3s-master3,1,2026-06-06 09:02:27 UTC,15036128,15466100,160356,1.00,52224,629952,208956,1.31,211248,528508,292
fog-k3s-master3,1,2026-06-06 09:02:28 UTC,15036128,15466100,160348,1.00,52224,629960,205860,1.29,210008,528508,300
fog-k3s-master3,1,2026-06-06 09:02:29 UTC,15036128,15466152,160392,1.00,52224,629972,205860,1.29,209924,528560,444
fog-k3s-master3,1,2026-06-06 09:02:30 UTC,15036128,15466152,160384,1.00,52232,629972,207220,1.30,210996,528560,452
fog-k3s-master3,1,2026-06-06 09:02:31 UTC,15036128,15466152,160384,1.00,52232,629972,207464,1.30,210996,528560,192
fog-k3s-master3,1,2026-06-06 09:02:32 UTC,15035876,15465964,160600,1.00,52232,630004,207464,1.30,210996,528620,340
fog-k3s-master3,1,2026-06-06 09:02:33 UTC,15035876,15465964,160588,1.00,52232,630016,208956,1.31,211052,528620,380
fog-k3s-master3,1,2026-06-06 09:02:34 UTC,15035876,15465968,160576,1.00,52232,630024,209312,1.31,211612,528624,480
fog-k3s-master3,1,2026-06-06 09:02:35 UTC,15035876,15466028,160564,1.00,52232,630036,209556,1.31,211612,528684,512
fog-k3s-master3,1,2026-06-06 09:02:36 UTC,15035876,15466028,160592,1.00,52240,630044,206332,1.29,210144,528684,568
fog-k3s-master3,1,2026-06-06 09:02:37 UTC,15035876,15466028,160580,1.00,52240,630056,207692,1.30,211304,528684,404
fog-k3s-master3,1,2026-06-06 09:02:38 UTC,15035876,15466028,160568,1.00,52240,630068,207936,1.30,211304,528684,464
fog-k3s-master3,1,2026-06-06 09:02:39 UTC,15035876,15466028,160560,1.00,52240,630076,209428,1.31,211320,528684,556
fog-k3s-master3,1,2026-06-06 09:02:40 UTC,15035876,15466028,160584,1.00,52240,630088,205976,1.29,209864,528684,600
fog-k3s-master3,1,2026-06-06 09:02:41 UTC,15035628,15465840,160816,1.01,52248,630096,207464,1.30,211004,528744,568
fog-k3s-master3,1,2026-06-06 09:02:42 UTC,15035628,15465840,160804,1.01,52248,630108,207464,1.30,211004,528744,320
fog-k3s-master3,1,2026-06-06 09:02:43 UTC,15035628,15465840,160808,1.01,52248,630116,205504,1.29,209556,528744,428
fog-k3s-master3,1,2026-06-06 09:02:44 UTC,15035628,15465840,160808,1.01,52248,630128,205504,1.29,209508,528744,532
fog-k3s-master3,1,2026-06-06 09:02:45 UTC,15035628,15465840,160800,1.01,52248,630136,205732,1.29,209768,528744,540
fog-k3s-master3,1,2026-06-06 09:02:46 UTC,15035628,15465848,160784,1.01,52252,630152,207348,1.30,210956,528752,252
fog-k3s-master3,1,2026-06-06 09:02:47 UTC,15035628,15465908,160764,1.01,52264,630160,207592,1.30,210956,528812,352
fog-k3s-master3,1,2026-06-06 09:02:48 UTC,15035628,15465908,160752,1.01,52264,630172,209080,1.31,210956,528812,364
fog-k3s-master3,1,2026-06-06 09:02:49 UTC,15035628,15465912,160728,1.01,52264,630180,209080,1.31,211240,528812,244
fog-k3s-master3,1,2026-06-06 09:02:50 UTC,15035628,15465912,160680,1.01,52264,630192,210668,1.32,212368,528812,328
fog-k3s-master3,1,2026-06-06 09:02:51 UTC,15035628,15465916,160652,1.01,52264,630208,210668,1.32,212664,528816,348
fog-k3s-master3,1,2026-06-06 09:02:52 UTC,15040472,15470760,155800,0.97,52272,630208,208952,1.31,211156,528816,360
fog-k3s-master3,1,2026-06-06 09:02:53 UTC,15040248,15470596,156008,0.98,52272,630228,208952,1.31,211248,528876,396
fog-k3s-master3,1,2026-06-06 09:02:54 UTC,15040024,15470372,156192,0.98,52272,630236,208952,1.31,211248,528876,252
fog-k3s-master3,1,2026-06-06 09:02:55 UTC,15039772,15470120,156432,0.98,52272,630248,210440,1.32,212412,528876,264
fog-k3s-master3,1,2026-06-06 09:02:56 UTC,15038764,15469112,157432,0.99,52272,630256,210668,1.32,212732,528876,296
fog-k3s-master3,1,2026-06-06 09:02:57 UTC,15038764,15469112,157432,0.99,52280,630248,210668,1.32,212732,528876,272
fog-k3s-master3,1,2026-06-06 09:02:58 UTC,15038764,15469112,157400,0.98,52280,630276,212404,1.33,212972,528876,380
fog-k3s-master3,1,2026-06-06 09:02:59 UTC,15039604,15470012,156548,0.98,52280,630288,210312,1.32,212372,528936,476
fog-k3s-master3,1,2026-06-06 09:03:00 UTC,15039604,15470012,156540,0.98,52280,630296,210440,1.32,212400,528936,324
fog-k3s-master3,1,2026-06-06 09:03:01 UTC,15039352,15469760,156768,0.98,52280,630308,210668,1.32,212708,528936,336
fog-k3s-master3,1,2026-06-06 09:03:02 UTC,15039352,15469760,156756,0.98,52280,630320,210668,1.32,212728,528936,336
fog-k3s-master3,1,2026-06-06 09:03:03 UTC,15038624,15469032,157444,0.99,52288,630328,212160,1.33,212908,528936,372
fog-k3s-master3,1,2026-06-06 09:03:04 UTC,15038624,15469032,157428,0.98,52288,630340,212160,1.33,212908,528936,480
fog-k3s-master3,1,2026-06-06 09:03:05 UTC,15038120,15468592,157924,0.99,52288,630348,212160,1.33,212908,529000,232
fog-k3s-master3,1,2026-06-06 09:03:06 UTC,15037364,15467836,158656,0.99,52288,630360,213520,1.34,213948,529000,244
fog-k3s-master3,1,2026-06-06 09:03:07 UTC,15037112,15467584,158896,0.99,52288,630372,210316,1.32,212336,529000,436
fog-k3s-master3,1,2026-06-06 09:03:08 UTC,15037112,15467588,158896,0.99,52288,630372,210444,1.32,212380,529004,456
fog-k3s-master3,1,2026-06-06 09:03:09 UTC,15036608,15467176,159364,1.00,52296,630392,212164,1.33,212892,529096,576
fog-k3s-master3,1,2026-06-06 09:03:10 UTC,15034844,15465412,161116,1.01,52296,630404,213524,1.34,213672,529096,588
fog-k3s-master3,1,2026-06-06 09:03:11 UTC,15034844,15465412,161084,1.01,52296,630412,213524,1.34,214048,529096,596
fog-k3s-master3,1,2026-06-06 09:03:12 UTC,15034844,15465412,161072,1.01,52296,630424,213524,1.34,214060,529096,304
fog-k3s-master3,1,2026-06-06 09:03:13 UTC,15034844,15465412,161064,1.01,52296,630432,213652,1.34,214148,529096,300
fog-k3s-master3,1,2026-06-06 09:03:14 UTC,15034844,15465472,161044,1.01,52304,630444,213896,1.34,214148,529156,564
fog-k3s-master3,1,2026-06-06 09:03:15 UTC,15034844,15465472,161044,1.01,52304,630444,210444,1.32,212588,529156,564
fog-k3s-master3,1,2026-06-06 09:03:16 UTC,15035760,15466388,160128,1.00,52304,630444,212164,1.33,212588,529156,564
fog-k3s-master3,1,2026-06-06 09:03:17 UTC,15035760,15466392,160188,1.00,52304,630480,213524,1.34,214092,529160,360
fog-k3s-master3,1,2026-06-06 09:03:18 UTC,15035760,15466392,160180,1.00,52304,630488,213896,1.34,214092,529160,392
fog-k3s-master3,1,2026-06-06 09:03:19 UTC,15035760,15466392,160148,1.00,52316,630500,215384,1.35,214144,529160,32
fog-k3s-master3,1,2026-06-06 09:03:20 UTC,15035508,15466204,160356,1.00,52316,630508,212160,1.33,212892,529220,212
fog-k3s-master3,1,2026-06-06 09:03:21 UTC,15035508,15466204,160360,1.00,52316,630520,213648,1.34,214080,529220,216
fog-k3s-master3,1,2026-06-06 09:03:22 UTC,15035508,15466204,160352,1.00,52316,630528,213648,1.34,214080,529220,224
fog-k3s-master3,1,2026-06-06 09:03:23 UTC,15035508,15466204,160340,1.00,52316,630540,213648,1.34,214080,529220,236
fog-k3s-master3,1,2026-06-06 09:03:24 UTC,15035508,15466204,160332,1.00,52324,630548,210568,1.32,212376,529220,420
fog-k3s-master3,1,2026-06-06 09:03:25 UTC,15036408,15467156,159420,1.00,52324,630560,212284,1.33,212860,529272,124
fog-k3s-master3,1,2026-06-06 09:03:26 UTC,15036156,15466904,159664,1.00,52324,630572,215492,1.35,214464,529272,300
fog-k3s-master3,1,2026-06-06 09:03:27 UTC,15034380,15465128,161384,1.01,52324,630580,217340,1.36,215660,529272,384
fog-k3s-master3,1,2026-06-06 09:03:28 UTC,15034380,15465128,161384,1.01,52324,630580,217568,1.36,215920,529272,408
fog-k3s-master3,1,2026-06-06 09:03:29 UTC,15034380,15465168,161344,1.01,52332,630600,214116,1.34,214344,529312,512
fog-k3s-master3,1,2026-06-06 09:03:30 UTC,15034380,15465180,161352,1.01,52332,630612,212156,1.33,212892,529324,148
fog-k3s-master3,1,2026-06-06 09:03:31 UTC,15034128,15464928,161596,1.01,52332,630620,213760,1.34,214064,529324,296
fog-k3s-master3,1,2026-06-06 09:03:32 UTC,15034128,15464928,161584,1.01,52332,630632,213760,1.34,214068,529324,308
fog-k3s-master3,1,2026-06-06 09:03:33 UTC,15034128,15464932,161572,1.01,52332,630644,214116,1.34,214404,529328,376
fog-k3s-master3,1,2026-06-06 09:03:34 UTC,15033876,15464680,161832,1.01,52340,630648,212156,1.33,213056,529328,500
fog-k3s-master3,1,2026-06-06 09:03:35 UTC,15033876,15464680,161820,1.01,52340,630656,213644,1.34,214092,529328,508
fog-k3s-master3,1,2026-06-06 09:03:36 UTC,15033876,15464740,161812,1.01,52340,630676,210440,1.32,212788,529388,236
fog-k3s-master3,1,2026-06-06 09:03:37 UTC,15033876,15464740,161804,1.01,52340,630684,213772,1.34,213920,529388,244
fog-k3s-master3,1,2026-06-06 09:03:38 UTC,15035628,15466516,160084,1.00,52340,630700,212056,1.33,212616,529412,476
fog-k3s-master3,1,2026-06-06 09:03:39 UTC,15035628,15466528,160072,1.00,52348,630704,212284,1.33,212876,529424,556
fog-k3s-master3,1,2026-06-06 09:03:40 UTC,15034872,15465772,160812,1.01,52348,630720,213644,1.34,214032,529424,588
fog-k3s-master3,1,2026-06-06 09:03:41 UTC,15034648,15465548,161024,1.01,52348,630732,213644,1.34,214072,529424,260
fog-k3s-master3,1,2026-06-06 09:03:42 UTC,15032884,15463784,162764,1.02,52348,630740,216496,1.35,215456,529424,268
fog-k3s-master3,1,2026-06-06 09:03:43 UTC,15032884,15463784,162728,1.02,52348,630752,217096,1.36,215832,529424,460
fog-k3s-master3,1,2026-06-06 09:03:44 UTC,15032884,15463844,162712,1.02,52356,630760,213892,1.34,214272,529484,632
fog-k3s-master3,1,2026-06-06 09:03:45 UTC,15031120,15462140,164464,1.03,52356,630772,216872,1.36,215372,529544,648
fog-k3s-master3,1,2026-06-06 09:03:46 UTC,15032504,15463524,163076,1.02,52356,630780,217100,1.36,215820,529544,680
fog-k3s-master3,1,2026-06-06 09:03:47 UTC,15032504,15463524,163056,1.02,52360,630788,217328,1.36,216132,529544,432
fog-k3s-master3,1,2026-06-06 09:03:48 UTC,15035084,15466136,160464,1.00,52360,630800,215492,1.35,214624,529576,48
fog-k3s-master3,1,2026-06-06 09:03:49 UTC,15035084,15466136,160440,1.00,52372,630812,212284,1.33,213080,529576,276
fog-k3s-master3,1,2026-06-06 09:03:50 UTC,15037088,15468168,158420,0.99,52372,630824,213644,1.34,214060,529600,308
fog-k3s-master3,1,2026-06-06 09:03:51 UTC,15037088,15468168,158412,0.99,52372,630832,213888,1.34,214060,529600,344
fog-k3s-master3,1,2026-06-06 09:03:52 UTC,15037088,15468168,158400,0.99,52372,630844,213888,1.34,214060,529600,356
fog-k3s-master3,1,2026-06-06 09:03:53 UTC,15037088,15468168,158392,0.99,52372,630852,213888,1.34,214060,529600,364
fog-k3s-master3,1,2026-06-06 09:03:54 UTC,15037088,15468168,158392,0.99,52380,630844,215380,1.35,214060,529600,280
fog-k3s-master3,1,2026-06-06 09:03:55 UTC,15036864,15467992,158600,0.99,52380,630872,212156,1.33,212956,529648,340
fog-k3s-master3,1,2026-06-06 09:03:56 UTC,15035684,15466824,159768,1.00,52380,630884,213516,1.34,214028,529660,376
fog-k3s-master3,1,2026-06-06 09:03:57 UTC,15035684,15466824,159760,1.00,52380,630892,213644,1.34,214028,529660,384
fog-k3s-master3,1,2026-06-06 09:03:58 UTC,15035684,15466824,159744,1.00,52380,630908,213888,1.34,214052,529660,400
fog-k3s-master3,1,2026-06-06 09:03:59 UTC,15037676,15468820,157760,0.99,52388,630916,212140,1.33,212896,529664,136
fog-k3s-master3,1,2026-06-06 09:04:00 UTC,15037172,15468316,158252,0.99,52388,630928,213500,1.34,213972,529664,136
fog-k3s-master3,1,2026-06-06 09:04:01 UTC,15037172,15468316,158240,0.99,52388,630940,213500,1.34,213972,529664,284
fog-k3s-master3,1,2026-06-06 09:04:02 UTC,15037172,15468376,158228,0.99,52388,630952,213500,1.34,213972,529724,296
fog-k3s-master3,1,2026-06-06 09:04:03 UTC,15036920,15468124,158468,0.99,52388,630964,213500,1.34,213972,529724,308
fog-k3s-master3,1,2026-06-06 09:04:04 UTC,15036920,15468124,158448,0.99,52396,630972,213628,1.34,214000,529724,484
fog-k3s-master3,1,2026-06-06 09:04:05 UTC,15038388,15469600,156968,0.98,52396,630984,211896,1.33,212844,529728,372
fog-k3s-master3,1,2026-06-06 09:04:06 UTC,15036120,15467332,159228,1.00,52396,630992,213384,1.34,214036,529728,420
fog-k3s-master3,1,2026-06-06 09:04:07 UTC,15036120,15467332,159216,1.00,52396,631004,213384,1.34,214036,529728,432
fog-k3s-master3,1,2026-06-06 09:04:08 UTC,15036120,15467392,159208,1.00,52396,631012,213512,1.34,214040,529788,440
fog-k3s-master3,1,2026-06-06 09:04:09 UTC,15035880,15467152,159420,1.00,52404,631016,216604,1.36,215080,529788,456
fog-k3s-master3,1,2026-06-06 09:04:10 UTC,15034872,15466164,160396,1.00,52404,631032,216832,1.36,215652,529808,388
fog-k3s-master3,1,2026-06-06 09:04:11 UTC,15034872,15466176,160384,1.00,52404,631044,216832,1.36,215652,529820,400
fog-k3s-master3,1,2026-06-06 09:04:12 UTC,15034872,15466176,160388,1.00,52404,631052,213648,1.34,214088,529820,412
fog-k3s-master3,1,2026-06-06 09:04:13 UTC,15034872,15466176,160376,1.00,52404,631064,213648,1.34,214060,529820,444
fog-k3s-master3,1,2026-06-06 09:04:14 UTC,15034396,15465700,160840,1.01,52412,631068,215140,1.35,214300,529820,456
fog-k3s-master3,1,2026-06-06 09:04:15 UTC,15030620,15461924,164560,1.03,52412,631084,219352,1.37,216460,529820,588
fog-k3s-master3,1,2026-06-06 09:04:16 UTC,15030620,15462096,164400,1.03,52412,631224,220196,1.38,216896,529872,544
fog-k3s-master3,1,2026-06-06 09:04:17 UTC,15033440,15464916,161560,1.01,52412,631232,216972,1.36,215924,529872,552
fog-k3s-master3,1,2026-06-06 09:04:18 UTC,15031928,15463408,163056,1.02,52416,631244,218332,1.37,217088,529876,240
fog-k3s-master3,1,2026-06-06 09:04:19 UTC,15030920,15462408,164056,1.03,52436,631232,219952,1.38,217096,529876,72
fog-k3s-master3,1,2026-06-06 09:04:20 UTC,15030416,15461904,164548,1.03,52436,631244,216500,1.35,215796,529876,152
fog-k3s-master3,1,2026-06-06 09:04:21 UTC,15030416,15461964,164508,1.03,52436,631272,216500,1.35,215628,529936,40
fog-k3s-master3,1,2026-06-06 09:04:22 UTC,15028652,15460260,166252,1.04,52436,631284,218104,1.36,216728,529996,52
fog-k3s-master3,1,2026-06-06 09:04:23 UTC,15028652,15460268,166244,1.04,52436,631292,218104,1.36,216728,530004,204
fog-k3s-master3,1,2026-06-06 09:04:24 UTC,15028428,15460044,166360,1.04,52444,631304,219824,1.38,217104,530004,332
fog-k3s-master3,1,2026-06-06 09:04:25 UTC,15028428,15460048,166344,1.04,52444,631320,219952,1.38,217308,530008,392
fog-k3s-master3,1,2026-06-06 09:04:26 UTC,15029040,15460660,165724,1.04,52444,631328,217860,1.36,216400,530008,416
fog-k3s-master3,1,2026-06-06 09:04:27 UTC,15028816,15460480,165932,1.04,52444,631340,217860,1.36,216692,530052,128
fog-k3s-master3,1,2026-06-06 09:04:28 UTC,15028816,15460480,165920,1.04,52444,631348,219480,1.37,216932,530052,136
fog-k3s-master3,1,2026-06-06 09:04:29 UTC,15028816,15460480,165912,1.04,52452,631348,219480,1.37,216932,530052,168
fog-k3s-master3,1,2026-06-06 09:04:30 UTC,15028816,15460480,165912,1.04,52452,631348,221212,1.38,217776,530052,168
fog-k3s-master3,1,2026-06-06 09:04:31 UTC,15028816,15460516,165864,1.04,52452,631380,221440,1.39,218452,530088,452
fog-k3s-master3,1,2026-06-06 09:04:32 UTC,15028312,15460012,166360,1.04,52452,631388,221440,1.39,218452,530088,472
fog-k3s-master3,1,2026-06-06 09:04:33 UTC,15028088,15459788,166520,1.04,52452,631400,219480,1.37,217008,530088,500
fog-k3s-master3,1,2026-06-06 09:04:34 UTC,15027900,15459604,166684,1.04,52460,631412,220840,1.38,218080,530092,244
fog-k3s-master3,1,2026-06-06 09:04:35 UTC,15027900,15459604,166684,1.04,52460,631412,220840,1.38,218080,530092,232
fog-k3s-master3,1,2026-06-06 09:04:36 UTC,15027900,15459604,166684,1.04,52460,631412,220840,1.38,218080,530092,228
fog-k3s-master3,1,2026-06-06 09:04:37 UTC,15027900,15459656,166648,1.04,52460,631444,220840,1.38,218080,530140,196
fog-k3s-master3,1,2026-06-06 09:04:38 UTC,15027900,15459656,166636,1.04,52460,631456,222332,1.39,218300,530140,208
fog-k3s-master3,1,2026-06-06 09:04:39 UTC,15027900,15459656,166604,1.04,52460,631464,222804,1.39,218644,530140,496
fog-k3s-master3,1,2026-06-06 09:04:40 UTC,15029980,15461796,164504,1.03,52468,631476,219484,1.37,217084,530200,548
fog-k3s-master3,1,2026-06-06 09:04:41 UTC,15030028,15461844,164480,1.03,52468,631484,219484,1.37,216972,530200,584
fog-k3s-master3,1,2026-06-06 09:04:42 UTC,15029776,15461592,164708,1.03,52468,631496,222560,1.39,218604,530200,620
fog-k3s-master3,1,2026-06-06 09:04:43 UTC,15029776,15461592,164700,1.03,52468,631504,222560,1.39,218604,530200,628
fog-k3s-master3,1,2026-06-06 09:04:44 UTC,15029300,15461188,165144,1.03,52468,631516,222916,1.39,218948,530272,548
fog-k3s-master3,1,2026-06-06 09:04:45 UTC,15029300,15461188,165128,1.03,52476,631524,222916,1.39,218948,530272,544
fog-k3s-master3,1,2026-06-06 09:04:46 UTC,15029300,15461188,165116,1.03,52476,631536,223160,1.40,218948,530272,600
fog-k3s-master3,1,2026-06-06 09:04:47 UTC,15028544,15460432,165836,1.04,52476,631544,224520,1.40,220052,530272,608
fog-k3s-master3,1,2026-06-06 09:04:48 UTC,15028544,15460432,165824,1.04,52476,631556,224520,1.40,220052,530272,624
fog-k3s-master3,1,2026-06-06 09:04:49 UTC,15027536,15459488,166816,1.04,52480,631568,224520,1.40,220052,530336,32
fog-k3s-master3,1,2026-06-06 09:04:50 UTC,15027536,15459488,166808,1.04,52480,631576,224520,1.40,220052,530336,44
fog-k3s-master3,1,2026-06-06 09:04:51 UTC,15027536,15459496,166780,1.04,52492,631588,224520,1.40,220052,530344,64
fog-k3s-master3,1,2026-06-06 09:04:52 UTC,15027536,15459496,166772,1.04,52492,631596,224520,1.40,220052,530344,72
fog-k3s-master3,1,2026-06-06 09:04:53 UTC,15027536,15459508,166760,1.04,52492,631608,224520,1.40,220052,530356,80
fog-k3s-master3,1,2026-06-06 09:04:54 UTC,15027536,15459508,166760,1.04,52492,631608,224648,1.41,220052,530356,80
fog-k3s-master3,1,2026-06-06 09:04:55 UTC,15027536,15459508,166740,1.04,52492,631628,224648,1.41,220108,530356,104
fog-k3s-master3,1,2026-06-06 09:04:56 UTC,15027536,15459568,166724,1.04,52500,631636,226268,1.42,220348,530416,76
fog-k3s-master3,1,2026-06-06 09:04:57 UTC,15027536,15459568,166696,1.04,52500,631648,222816,1.39,218672,530416,232
fog-k3s-master3,1,2026-06-06 09:04:58 UTC,15027536,15459568,166688,1.04,52500,631656,222816,1.39,218672,530416,240
fog-k3s-master3,1,2026-06-06 09:04:59 UTC,15027536,15459568,166676,1.04,52500,631668,222816,1.39,218672,530416,252
fog-k3s-master3,1,2026-06-06 09:05:00 UTC,15029620,15461652,164584,1.03,52500,631676,223060,1.40,218728,530416,388
fog-k3s-master3,1,2026-06-06 09:05:01 UTC,15028464,15460504,165724,1.04,52500,631688,223060,1.40,218748,530424,472
fog-k3s-master3,1,2026-06-06 09:05:02 UTC,15028464,15460564,165704,1.04,52508,631700,223060,1.40,218748,530484,312
fog-k3s-master3,1,2026-06-06 09:05:03 UTC,15028464,15460564,165696,1.04,52508,631708,223060,1.40,218748,530484,320
fog-k3s-master3,1,2026-06-06 09:05:04 UTC,15028464,15460564,165696,1.04,52508,631708,223060,1.40,218748,530484,320
fog-k3s-master3,1,2026-06-06 09:05:05 UTC,15028464,15460564,165696,1.04,52508,631708,223060,1.40,218748,530484,320
fog-k3s-master3,1,2026-06-06 09:05:06 UTC,15028464,15460568,165660,1.04,52508,631740,223060,1.40,218748,530484,448
fog-k3s-master3,1,2026-06-06 09:05:07 UTC,15028464,15460568,165652,1.04,52508,631748,223060,1.40,218748,530484,416
fog-k3s-master3,1,2026-06-06 09:05:08 UTC,15028464,15460584,165644,1.04,52516,631748,223060,1.40,218748,530500,212
fog-k3s-master3,1,2026-06-06 09:05:09 UTC,15028464,15460644,165624,1.04,52516,631768,223060,1.40,218748,530560,232
fog-k3s-master3,1,2026-06-06 09:05:10 UTC,15028464,15460644,165612,1.04,52516,631780,223060,1.40,218748,530560,408
fog-k3s-master3,1,2026-06-06 09:05:11 UTC,15028464,15460644,165612,1.04,52516,631780,223060,1.40,218748,530560,408
fog-k3s-master3,1,2026-06-06 09:05:12 UTC,15028464,15460644,165592,1.04,52516,631800,223060,1.40,218748,530560,428
fog-k3s-master3,1,2026-06-06 09:05:13 UTC,15028464,15460644,165572,1.04,52524,631812,223060,1.40,218748,530560,432
fog-k3s-master3,1,2026-06-06 09:05:14 UTC,15028464,15460712,165564,1.04,52524,631820,223060,1.40,218748,530628,280
fog-k3s-master3,1,2026-06-06 09:05:15 UTC,15028464,15460712,165552,1.04,52524,631832,223060,1.40,218748,530628,288
fog-k3s-master3,1,2026-06-06 09:05:16 UTC,15028464,15460712,165544,1.04,52524,631840,223060,1.40,218748,530628,296
fog-k3s-master3,1,2026-06-06 09:05:17 UTC,15028464,15460712,165532,1.04,52524,631852,223060,1.40,218748,530628,308
fog-k3s-master3,1,2026-06-06 09:05:18 UTC,15028464,15460712,165524,1.04,52524,631860,223304,1.40,218748,530628,476
fog-k3s-master3,1,2026-06-06 09:05:19 UTC,15028464,15460720,165504,1.04,52532,631872,223304,1.40,218748,530636,588
fog-k3s-master3,1,2026-06-06 09:05:20 UTC,15028464,15460780,165496,1.04,52532,631880,223304,1.40,218748,530696,12
fog-k3s-master3,1,2026-06-06 09:05:21 UTC,15028464,15460780,165484,1.04,52532,631892,223304,1.40,218748,530696,28
fog-k3s-master3,1,2026-06-06 09:05:22 UTC,15028464,15460780,165472,1.04,52532,631900,223304,1.40,218748,530696,36
fog-k3s-master3,1,2026-06-06 09:05:23 UTC,15028464,15460780,165460,1.04,52532,631912,223304,1.40,218748,530696,40
fog-k3s-master3,1,2026-06-06 09:05:24 UTC,15028464,15460780,165440,1.04,52544,631920,223304,1.40,218748,530696,240
fog-k3s-master3,1,2026-06-06 09:05:25 UTC,15028464,15460780,165428,1.04,52544,631932,223304,1.40,218748,530696,248
fog-k3s-master3,1,2026-06-06 09:05:26 UTC,15028464,15460780,165428,1.04,52544,631932,223304,1.40,218748,530696,248
fog-k3s-master3,1,2026-06-06 09:05:27 UTC,15028464,15460840,165408,1.03,52544,631952,223304,1.40,218748,530756,268
fog-k3s-master3,1,2026-06-06 09:05:28 UTC,15028464,15460840,165396,1.03,52544,631964,223304,1.40,218748,530756,280
fog-k3s-master3,1,2026-06-06 09:05:29 UTC,15028464,15460860,165380,1.03,52552,631972,223304,1.40,218748,530776,100
fog-k3s-master3,1,2026-06-06 09:05:30 UTC,15028464,15460860,165368,1.03,52552,631984,223304,1.40,218748,530776,108
fog-k3s-master3,1,2026-06-06 09:05:31 UTC,15028464,15460860,165360,1.03,52552,631992,223304,1.40,218748,530776,116
fog-k3s-master3,1,2026-06-06 09:05:32 UTC,15028464,15460920,165348,1.03,52552,632004,223304,1.40,218748,530836,128
fog-k3s-master3,1,2026-06-06 09:05:33 UTC,15028464,15460920,165348,1.03,52552,632004,223304,1.40,218748,530836,128
fog-k3s-master3,1,2026-06-06 09:05:34 UTC,15026448,15458904,167336,1.05,52560,632024,223304,1.40,218748,530836,328
fog-k3s-master3,1,2026-06-06 09:05:35 UTC,15024208,15456672,169564,1.06,52560,632032,226752,1.42,220420,530844,184
fog-k3s-master3,1,2026-06-06 09:05:36 UTC,15024208,15456672,169552,1.06,52560,632044,226752,1.42,220420,530844,196
fog-k3s-master3,1,2026-06-06 09:05:37 UTC,15024208,15456736,169536,1.06,52560,632056,226752,1.42,220420,530904,208
fog-k3s-master3,1,2026-06-06 09:05:38 UTC,15024208,15456736,169536,1.06,52560,632056,223304,1.40,219120,530904,208
fog-k3s-master3,1,2026-06-06 09:05:39 UTC,15024208,15456768,169504,1.06,52568,632080,223304,1.40,218784,530936,452
fog-k3s-master3,1,2026-06-06 09:05:40 UTC,15024208,15456768,169496,1.06,52568,632088,223304,1.40,218784,530936,452
fog-k3s-master3,1,2026-06-06 09:05:41 UTC,15024208,15456768,169484,1.06,52568,632100,223304,1.40,218784,530936,220
fog-k3s-master3,1,2026-06-06 09:05:42 UTC,15024208,15456768,169476,1.06,52568,632108,223304,1.40,218784,530936,228
fog-k3s-master3,1,2026-06-06 09:05:43 UTC,15024208,15456768,169464,1.06,52568,632120,223304,1.40,218784,530936,240
fog-k3s-master3,1,2026-06-06 09:05:44 UTC,15024208,15456768,169448,1.06,52576,632128,223304,1.40,218784,530936,444
fog-k3s-master3,1,2026-06-06 09:05:45 UTC,15024208,15456828,169436,1.06,52576,632140,223304,1.40,218784,530996,456
fog-k3s-master3,1,2026-06-06 09:05:46 UTC,15024208,15456828,169428,1.06,52576,632148,223304,1.40,218784,530996,464
fog-k3s-master3,1,2026-06-06 09:05:47 UTC,15024208,15456828,169416,1.06,52576,632160,223304,1.40,218784,530996,476
fog-k3s-master3,1,2026-06-06 09:05:48 UTC,15024300,15456920,169316,1.06,52576,632168,226280,1.42,219824,530996,484
fog-k3s-master3,1,2026-06-06 09:05:49 UTC,15023828,15456504,169756,1.06,52584,632180,225392,1.41,219336,531052,304
fog-k3s-master3,1,2026-06-06 09:05:50 UTC,15023828,15456508,169740,1.06,52588,632192,225392,1.41,219336,531056,4
fog-k3s-master3,1,2026-06-06 09:05:51 UTC,15023828,15456508,169732,1.06,52588,632200,225392,1.41,219336,531056,160
fog-k3s-master3,1,2026-06-06 09:05:52 UTC,15023828,15456508,169716,1.06,52588,632212,225392,1.41,219336,531056,172
fog-k3s-master3,1,2026-06-06 09:05:53 UTC,15026272,15458952,167256,1.05,52588,632224,218700,1.37,216184,531056,220
fog-k3s-master3,1,2026-06-06 09:05:54 UTC,15026272,15458952,167232,1.05,52600,632236,218700,1.37,216184,531056,360
fog-k3s-master3,1,2026-06-06 09:05:55 UTC,15026272,15459012,167224,1.05,52600,632244,218700,1.37,216184,531116,96
fog-k3s-master3,1,2026-06-06 09:05:56 UTC,15026272,15459012,167212,1.05,52600,632256,218700,1.37,216184,531116,108
fog-k3s-master3,1,2026-06-06 09:05:57 UTC,15026272,15459012,167204,1.05,52600,632264,218700,1.37,216184,531116,104
fog-k3s-master3,1,2026-06-06 09:05:58 UTC,15026272,15459012,167204,1.05,52600,632264,218700,1.37,216184,531116,104
fog-k3s-master3,1,2026-06-06 09:05:59 UTC,15026272,15459012,167176,1.05,52608,632284,218700,1.37,216184,531116,296
fog-k3s-master3,1,2026-06-06 09:06:00 UTC,15026272,15459012,167164,1.05,52608,632296,218700,1.37,216184,531116,308
fog-k3s-master3,1,2026-06-06 09:06:01 UTC,15026272,15459072,167152,1.05,52608,632308,218700,1.37,216184,531176,320
fog-k3s-master3,1,2026-06-06 09:06:02 UTC,15026272,15459072,167144,1.05,52608,632316,218700,1.37,216184,531176,288
fog-k3s-master3,1,2026-06-06 09:06:03 UTC,15026272,15459072,167132,1.05,52608,632328,218700,1.37,216184,531176,300
fog-k3s-master3,1,2026-06-06 09:06:04 UTC,15026272,15459072,167116,1.05,52616,632336,218700,1.37,216184,531176,336
fog-k3s-master3,1,2026-06-06 09:06:05 UTC,15026272,15459072,167116,1.05,52616,632336,215248,1.35,214624,531176,480
fog-k3s-master3,1,2026-06-06 09:06:06 UTC,15026272,15459072,167116,1.05,52616,632336,215248,1.35,214624,531176,480
fog-k3s-master3,1,2026-06-06 09:06:07 UTC,15026272,15459136,167092,1.05,52616,632368,215248,1.35,214456,531240,340
fog-k3s-master3,1,2026-06-06 09:06:08 UTC,15026272,15459140,167080,1.05,52616,632376,215476,1.35,214716,531240,348
fog-k3s-master3,1,2026-06-06 09:06:09 UTC,15026020,15458888,167312,1.05,52624,632388,212024,1.33,213156,531240,504
fog-k3s-master3,1,2026-06-06 09:06:10 UTC,15026020,15458888,167320,1.05,52624,632400,212024,1.33,213040,531240,224
fog-k3s-master3,1,2026-06-06 09:06:11 UTC,15026020,15458888,167308,1.05,52624,632412,212024,1.33,213060,531240,220
fog-k3s-master3,1,2026-06-06 09:06:12 UTC,15026020,15458888,167300,1.05,52624,632420,212024,1.33,213060,531240,228
fog-k3s-master3,1,2026-06-06 09:06:13 UTC,15026020,15458948,167288,1.05,52624,632432,212024,1.33,213060,531300,240
fog-k3s-master3,1,2026-06-06 09:06:14 UTC,15026020,15458948,167268,1.05,52632,632444,212024,1.33,213060,531300,276
fog-k3s-master3,1,2026-06-06 09:06:15 UTC,15026020,15458948,167260,1.05,52632,632452,212024,1.33,213060,531300,444
fog-k3s-master3,1,2026-06-06 09:06:16 UTC,15026020,15458948,167248,1.05,52632,632464,212024,1.33,213060,531300,456
fog-k3s-master3,1,2026-06-06 09:06:17 UTC,15026020,15458948,167240,1.05,52632,632472,212024,1.33,213060,531300,464
fog-k3s-master3,1,2026-06-06 09:06:18 UTC,15026020,15458948,167228,1.05,52632,632484,212024,1.33,213060,531300,476
fog-k3s-master3,1,2026-06-06 09:06:19 UTC,15026020,15459060,167212,1.05,52640,632492,212024,1.33,213060,531412,472
fog-k3s-master3,1,2026-06-06 09:06:20 UTC,15026020,15459060,167200,1.05,52640,632504,212024,1.33,213060,531412,460
fog-k3s-master3,1,2026-06-06 09:06:21 UTC,15026020,15459060,167200,1.05,52640,632504,212024,1.33,213060,531412,200
fog-k3s-master3,1,2026-06-06 09:06:22 UTC,15026020,15459060,167180,1.05,52640,632524,214876,1.34,214100,531412,168
fog-k3s-master3,1,2026-06-06 09:06:23 UTC,15026020,15459064,167168,1.05,52640,632532,215704,1.35,214620,531412,176
fog-k3s-master3,1,2026-06-06 09:06:24 UTC,15026020,15459068,167148,1.05,52652,632544,215932,1.35,215420,531416,440
fog-k3s-master3,1,2026-06-06 09:06:25 UTC,15026020,15459128,167136,1.05,52652,632556,212480,1.33,213860,531476,340
fog-k3s-master3,1,2026-06-06 09:06:26 UTC,15030336,15463444,162908,1.02,52652,632564,209292,1.31,212036,531476,240
fog-k3s-master3,1,2026-06-06 09:06:27 UTC,15030336,15463444,162896,1.02,52652,632576,209536,1.31,212036,531476,296
fog-k3s-master3,1,2026-06-06 09:06:28 UTC,15030084,15463204,163140,1.02,52652,632584,209536,1.31,212036,531488,300
fog-k3s-master3,1,2026-06-06 09:06:29 UTC,15030084,15463204,163120,1.02,52660,632596,209536,1.31,212052,531488,388
fog-k3s-master3,1,2026-06-06 09:06:30 UTC,15030084,15463204,163176,1.02,52660,632596,206084,1.29,210372,531488,388
fog-k3s-master3,1,2026-06-06 09:06:31 UTC,15030084,15463272,163168,1.02,52660,632616,206084,1.29,210328,531556,140
fog-k3s-master3,1,2026-06-06 09:06:32 UTC,15030084,15463272,163160,1.02,52660,632624,206084,1.29,210328,531556,120
fog-k3s-master3,1,2026-06-06 09:06:33 UTC,15030084,15463272,163160,1.02,52660,632624,206084,1.29,210328,531556,120
fog-k3s-master3,1,2026-06-06 09:06:34 UTC,15030084,15463272,163224,1.02,52668,632644,202880,1.27,208616,531556,316
fog-k3s-master3,1,2026-06-06 09:06:35 UTC,15030084,15463272,163212,1.02,52668,632656,202880,1.27,208616,531556,328
fog-k3s-master3,1,2026-06-06 09:06:36 UTC,15030084,15463332,163200,1.02,52668,632668,202880,1.27,208616,531616,340
fog-k3s-master3,1,2026-06-06 09:06:37 UTC,15030084,15463332,163200,1.02,52668,632668,202880,1.27,208616,531616,340
fog-k3s-master3,1,2026-06-06 09:06:38 UTC,15030084,15463332,163176,1.02,52668,632688,202880,1.27,208616,531616,360
fog-k3s-master3,1,2026-06-06 09:06:39 UTC,15030084,15463332,163160,1.02,52676,632696,202880,1.27,208616,531616,364
fog-k3s-master3,1,2026-06-06 09:06:40 UTC,15030084,15463332,163148,1.02,52676,632708,202880,1.27,208616,531616,200
fog-k3s-master3,1,2026-06-06 09:06:41 UTC,15030084,15463332,163144,1.02,52676,632716,204240,1.28,209624,531616,208
fog-k3s-master3,1,2026-06-06 09:06:42 UTC,15030084,15463392,163196,1.02,52676,632728,201032,1.26,208064,531676,220
fog-k3s-master3,1,2026-06-06 09:06:43 UTC,15029832,15463140,163552,1.02,52676,632736,201032,1.26,208028,531676,228
fog-k3s-master3,1,2026-06-06 09:06:44 UTC,15029832,15463140,163532,1.02,52684,632748,201032,1.26,208028,531676,256
fog-k3s-master3,1,2026-06-06 09:06:45 UTC,15029832,15463140,163524,1.02,52684,632756,201032,1.26,208028,531676,428
fog-k3s-master3,1,2026-06-06 09:06:46 UTC,15029832,15463140,163512,1.02,52684,632768,201032,1.26,208028,531676,440
fog-k3s-master3,1,2026-06-06 09:06:47 UTC,15029832,15463140,163504,1.02,52684,632776,201032,1.26,208028,531676,284
fog-k3s-master3,1,2026-06-06 09:06:48 UTC,15029832,15463200,163492,1.02,52684,632788,204484,1.28,209424,531736,300
fog-k3s-master3,1,2026-06-06 09:06:49 UTC,15029580,15462948,163724,1.02,52692,632800,204484,1.28,209724,531736,592
fog-k3s-master3,1,2026-06-06 09:06:50 UTC,15029580,15462948,163712,1.02,52692,632812,204484,1.28,209724,531736,596
fog-k3s-master3,1,2026-06-06 09:06:51 UTC,15029580,15462948,163700,1.02,52692,632824,201032,1.26,208164,531736,608
fog-k3s-master3,1,2026-06-06 09:06:52 UTC,15029580,15462952,163728,1.02,52692,632832,201032,1.26,208032,531740,316
fog-k3s-master3,1,2026-06-06 09:06:53 UTC,15029580,15462952,163728,1.02,52692,632832,201032,1.26,208032,531740,316
fog-k3s-master3,1,2026-06-06 09:06:54 UTC,15029328,15462764,163944,1.03,52704,632852,201032,1.26,208032,531800,120
fog-k3s-master3,1,2026-06-06 09:06:55 UTC,15029328,15462808,163932,1.03,52704,632864,202652,1.27,208244,531844,240
fog-k3s-master3,1,2026-06-06 09:06:56 UTC,15029328,15462808,163924,1.03,52704,632872,202652,1.27,208244,531844,248
fog-k3s-master3,1,2026-06-06 09:06:57 UTC,15029328,15462808,163912,1.03,52704,632884,202652,1.27,208244,531844,260
fog-k3s-master3,1,2026-06-06 09:06:58 UTC,15029328,15462808,163904,1.03,52704,632892,202652,1.27,208244,531844,268
fog-k3s-master3,1,2026-06-06 09:06:59 UTC,15029328,15462808,163892,1.03,52704,632904,202652,1.27,208244,531844,280
fog-k3s-master3,1,2026-06-06 09:07:00 UTC,15029328,15462868,163872,1.03,52712,632916,202652,1.27,208244,531904,92
fog-k3s-master3,1,2026-06-06 09:07:01 UTC,15029328,15462868,163864,1.03,52712,632924,202652,1.27,208244,531904,100
fog-k3s-master3,1,2026-06-06 09:07:02 UTC,15029328,15462868,163852,1.03,52712,632936,202652,1.27,208244,531904,112
fog-k3s-master3,1,2026-06-06 09:07:03 UTC,15029328,15462868,163844,1.03,52712,632944,202652,1.27,208244,531904,120
fog-k3s-master3,1,2026-06-06 09:07:04 UTC,15029328,15462876,163832,1.03,52712,632956,202652,1.27,208244,531912,132
fog-k3s-master3,1,2026-06-06 09:07:05 UTC,15029328,15462876,163824,1.02,52712,632964,202652,1.27,208244,531912,140
fog-k3s-master3,1,2026-06-06 09:07:06 UTC,15029328,15462936,163804,1.02,52720,632976,202652,1.27,208244,531972,164
fog-k3s-master3,1,2026-06-06 09:07:07 UTC,15029328,15462936,163796,1.02,52720,632984,204012,1.28,209024,531972,172
fog-k3s-master3,1,2026-06-06 09:07:08 UTC,15029328,15462936,163796,1.02,52720,632984,204012,1.28,209024,531972,172
fog-k3s-master3,1,2026-06-06 09:07:09 UTC,15029328,15462936,163772,1.02,52720,633004,204240,1.28,209648,531972,204
fog-k3s-master3,1,2026-06-06 09:07:10 UTC,15029328,15462936,163760,1.02,52720,633016,204240,1.28,209648,531972,456
fog-k3s-master3,1,2026-06-06 09:07:11 UTC,15029328,15462936,163760,1.02,52720,633016,205860,1.29,209648,531972,440
fog-k3s-master3,1,2026-06-06 09:07:12 UTC,15029328,15462936,163752,1.02,52728,633016,205860,1.29,209648,531972,468
fog-k3s-master3,1,2026-06-06 09:07:13 UTC,15027092,15460760,165956,1.04,52728,633048,208712,1.31,211236,532032,500
fog-k3s-master3,1,2026-06-06 09:07:14 UTC,15026840,15460524,166168,1.04,52728,633056,209048,1.31,211676,532048,408
