# hostname,interval,timestamp,kbmemfree,kbavail,kbmemused,%memused,kbbuffers,kbcached,kbcommit,%commit,kbactive,kbinact,kbdirty
cloud-k3s-pool-workers-worker4,1,2026-06-06 08:07:14 UTC,15030356,15418604,210224,1.32,45788,595120,239360,1.50,211164,488460,676
cloud-k3s-pool-workers-worker4,1,2026-06-06 08:07:15 UTC,15030100,15418356,210456,1.32,45800,595132,239360,1.50,211172,488468,268
cloud-k3s-pool-workers-worker4,1,2026-06-06 08:07:16 UTC,15030340,15418596,210204,1.32,45800,595144,239360,1.50,211172,488468,284
cloud-k3s-pool-workers-worker4,1,2026-06-06 08:07:17 UTC,15031096,15419392,209440,1.31,45800,595152,239360,1.50,211192,488508,292
cloud-k3s-pool-workers-worker4,1,2026-06-06 08:07:18 UTC,15030840,15419136,209684,1.31,45800,595164,239360,1.50,211216,488508,92
cloud-k3s-pool-workers-worker4,1,2026-06-06 08:07:19 UTC,15035708,15424004,204808,1.28,45800,595172,239360,1.50,211216,488508,100
cloud-k3s-pool-workers-worker4,1,2026-06-06 08:07:20 UTC,15035456,15423752,205048,1.28,45800,595184,239360,1.50,211216,488508,56
cloud-k3s-pool-workers-worker4,1,2026-06-06 08:07:21 UTC,15039516,15427812,200972,1.26,45808,595192,239360,1.50,211216,488508,100
cloud-k3s-pool-workers-worker4,1,2026-06-06 08:07:22 UTC,15039264,15427560,201212,1.26,45808,595204,239360,1.50,211216,488508,112
cloud-k3s-pool-workers-worker4,1,2026-06-06 08:07:23 UTC,15042844,15431200,197608,1.24,45824,595212,239360,1.50,211232,488568,240
cloud-k3s-pool-workers-worker4,1,2026-06-06 08:07:24 UTC,15044388,15432744,196052,1.23,45824,595224,239360,1.50,211232,488568,252
cloud-k3s-pool-workers-worker4,1,2026-06-06 08:07:25 UTC,15047328,15435684,193104,1.21,45824,595232,239360,1.50,211232,488568,264
cloud-k3s-pool-workers-worker4,1,2026-06-06 08:07:26 UTC,15047076,15435432,193344,1.21,45824,595244,239360,1.50,211232,488568,240
cloud-k3s-pool-workers-worker4,1,2026-06-06 08:07:27 UTC,15050324,15438684,190080,1.19,45824,595256,239360,1.50,211232,488568,252
cloud-k3s-pool-workers-worker4,1,2026-06-06 08:07:28 UTC,15049820,15438180,190576,1.19,45824,595264,239360,1.50,211232,488568,276
cloud-k3s-pool-workers-worker4,1,2026-06-06 08:07:29 UTC,15051208,15439628,189168,1.18,45832,595276,239360,1.50,211232,488628,300
cloud-k3s-pool-workers-worker4,1,2026-06-06 08:07:30 UTC,15050812,15439232,189556,1.19,45832,595284,239360,1.50,211232,488628,308
cloud-k3s-pool-workers-worker4,1,2026-06-06 08:07:31 UTC,15052216,15440636,188140,1.18,45832,595296,239360,1.50,211232,488628,320
cloud-k3s-pool-workers-worker4,1,2026-06-06 08:07:32 UTC,15051460,15439880,188888,1.18,45832,595304,239360,1.50,211232,488628,328
cloud-k3s-pool-workers-worker4,1,2026-06-06 08:07:33 UTC,15051820,15440240,188516,1.18,45832,595316,239360,1.50,211232,488628,356
cloud-k3s-pool-workers-worker4,1,2026-06-06 08:07:34 UTC,15051820,15440240,188500,1.18,45840,595324,239360,1.50,211288,488628,352
cloud-k3s-pool-workers-worker4,1,2026-06-06 08:07:35 UTC,15052116,15440596,188192,1.18,45840,595336,239360,1.50,211288,488688,364
cloud-k3s-pool-workers-worker4,1,2026-06-06 08:07:36 UTC,15052116,15440596,188184,1.18,45840,595344,239360,1.50,211288,488688,372
cloud-k3s-pool-workers-worker4,1,2026-06-06 08:07:37 UTC,15052224,15440704,188064,1.18,45840,595356,239360,1.50,211288,488688,384
cloud-k3s-pool-workers-worker4,1,2026-06-06 08:07:38 UTC,15052224,15440704,188056,1.18,45840,595364,239360,1.50,211288,488688,404
cloud-k3s-pool-workers-worker4,1,2026-06-06 08:07:39 UTC,15052924,15441404,187344,1.17,45840,595376,239360,1.50,211288,488688,416
cloud-k3s-pool-workers-worker4,1,2026-06-06 08:07:40 UTC,15052924,15441464,187324,1.17,45848,595388,239360,1.50,211288,488748,440
cloud-k3s-pool-workers-worker4,1,2026-06-06 08:07:41 UTC,15052924,15441464,187316,1.17,45848,595396,239360,1.50,211288,488748,448
cloud-k3s-pool-workers-worker4,1,2026-06-06 08:07:42 UTC,15052924,15441464,187300,1.17,45848,595408,239360,1.50,211288,488748,460
cloud-k3s-pool-workers-worker4,1,2026-06-06 08:07:43 UTC,15052924,15441464,187292,1.17,45848,595416,239360,1.50,211288,488748,480
cloud-k3s-pool-workers-worker4,1,2026-06-06 08:07:44 UTC,15052092,15440632,188112,1.18,45848,595428,239360,1.50,211288,488748,492
cloud-k3s-pool-workers-worker4,1,2026-06-06 08:07:45 UTC,15052828,15441368,187368,1.17,45848,595436,239360,1.50,211288,488748,488
cloud-k3s-pool-workers-worker4,1,2026-06-06 08:07:46 UTC,15052828,15441428,187356,1.17,45856,595440,239360,1.50,211288,488808,500
cloud-k3s-pool-workers-worker4,1,2026-06-06 08:07:47 UTC,15052828,15441488,187340,1.17,45856,595456,239360,1.50,211288,488868,264
cloud-k3s-pool-workers-worker4,1,2026-06-06 08:07:48 UTC,15052828,15441488,187328,1.17,45856,595468,239360,1.50,211288,488868,228
cloud-k3s-pool-workers-worker4,1,2026-06-06 08:07:49 UTC,15052828,15441488,187328,1.17,45856,595468,239360,1.50,211288,488868,228
cloud-k3s-pool-workers-worker4,1,2026-06-06 08:07:50 UTC,15052828,15441488,187308,1.17,45856,595488,239360,1.50,211288,488868,52
cloud-k3s-pool-workers-worker4,1,2026-06-06 08:07:51 UTC,15052828,15441488,187296,1.17,45856,595500,239360,1.50,211288,488868,48
cloud-k3s-pool-workers-worker4,1,2026-06-06 08:07:52 UTC,15052828,15441548,187288,1.17,45864,595500,239360,1.50,211288,488928,56
cloud-k3s-pool-workers-worker4,1,2026-06-06 08:07:53 UTC,15052828,15441548,187268,1.17,45864,595520,239360,1.50,211288,488928,160
cloud-k3s-pool-workers-worker4,1,2026-06-06 08:07:54 UTC,15052828,15441548,187260,1.17,45864,595528,239360,1.50,211288,488928,172
cloud-k3s-pool-workers-worker4,1,2026-06-06 08:07:55 UTC,15052828,15441548,187248,1.17,45864,595540,239360,1.50,211288,488928,184
cloud-k3s-pool-workers-worker4,1,2026-06-06 08:07:56 UTC,15051872,15440592,188204,1.18,45864,595540,239360,1.50,211288,488928,184
cloud-k3s-pool-workers-worker4,1,2026-06-06 08:07:57 UTC,15051872,15440592,188204,1.18,45864,595540,239360,1.50,211288,488928,184
cloud-k3s-pool-workers-worker4,1,2026-06-06 08:07:58 UTC,15052572,15441356,187464,1.17,45872,595568,239360,1.50,211288,488988,224
cloud-k3s-pool-workers-worker4,1,2026-06-06 08:07:59 UTC,15052572,15441368,187452,1.17,45872,595580,239360,1.50,211288,489000,172
cloud-k3s-pool-workers-worker4,1,2026-06-06 08:08:00 UTC,15052572,15441368,187444,1.17,45872,595588,239360,1.50,211288,489000,180
cloud-k3s-pool-workers-worker4,1,2026-06-06 08:08:01 UTC,15052572,15441368,187444,1.17,45872,595588,239360,1.50,211288,489000,180
cloud-k3s-pool-workers-worker4,1,2026-06-06 08:08:02 UTC,15052952,15441748,187044,1.17,45872,595608,239360,1.50,211288,489000,200
cloud-k3s-pool-workers-worker4,1,2026-06-06 08:08:03 UTC,15052952,15441748,187032,1.17,45880,595612,239360,1.50,211288,489000,196
cloud-k3s-pool-workers-worker4,1,2026-06-06 08:08:04 UTC,15052952,15441748,187012,1.17,45880,595632,239360,1.50,211288,489000,232
cloud-k3s-pool-workers-worker4,1,2026-06-06 08:08:05 UTC,15052952,15441808,187004,1.17,45880,595640,239360,1.50,211288,489060,176
cloud-k3s-pool-workers-worker4,1,2026-06-06 08:08:06 UTC,15052952,15441808,186992,1.17,45880,595652,239360,1.50,211288,489060,192
cloud-k3s-pool-workers-worker4,1,2026-06-06 08:08:07 UTC,15052952,15441808,186984,1.17,45880,595660,239360,1.50,211288,489060,200
cloud-k3s-pool-workers-worker4,1,2026-06-06 08:08:08 UTC,15052952,15441808,186972,1.17,45888,595664,239360,1.50,211288,489060,224
cloud-k3s-pool-workers-worker4,1,2026-06-06 08:08:09 UTC,15052952,15441808,186972,1.17,45888,595664,239360,1.50,211288,489060,220
cloud-k3s-pool-workers-worker4,1,2026-06-06 08:08:10 UTC,15052948,15441804,186948,1.17,45888,595692,239360,1.50,211288,489060,220
cloud-k3s-pool-workers-worker4,1,2026-06-06 08:08:11 UTC,15052948,15441864,186940,1.17,45888,595700,239360,1.50,211288,489120,164
cloud-k3s-pool-workers-worker4,1,2026-06-06 08:08:12 UTC,15052948,15441864,186928,1.17,45888,595712,239360,1.50,211288,489120,180
cloud-k3s-pool-workers-worker4,1,2026-06-06 08:08:13 UTC,15056620,15445556,183244,1.15,45896,595712,236240,1.48,208688,489140,268
cloud-k3s-pool-workers-worker4,1,2026-06-06 08:08:14 UTC,15056700,15445636,183140,1.15,45896,595736,236240,1.48,208524,489140,308
cloud-k3s-pool-workers-worker4,1,2026-06-06 08:08:15 UTC,15056700,15445636,183128,1.15,45896,595748,236240,1.48,208524,489140,320
cloud-k3s-pool-workers-worker4,1,2026-06-06 08:08:16 UTC,15056700,15445636,183120,1.15,45896,595756,236240,1.48,208524,489140,328
cloud-k3s-pool-workers-worker4,1,2026-06-06 08:08:17 UTC,15056700,15445636,183120,1.15,45896,595756,236240,1.48,208524,489140,328
cloud-k3s-pool-workers-worker4,1,2026-06-06 08:08:18 UTC,15056696,15445632,183104,1.15,45904,595768,236240,1.48,208524,489140,276
cloud-k3s-pool-workers-worker4,1,2026-06-06 08:08:19 UTC,15056696,15445692,183084,1.15,45904,595788,236240,1.48,208524,489200,280
cloud-k3s-pool-workers-worker4,1,2026-06-06 08:08:20 UTC,15056696,15445692,183076,1.15,45904,595796,236240,1.48,208524,489200,288
cloud-k3s-pool-workers-worker4,1,2026-06-06 08:08:21 UTC,15056696,15445692,183064,1.15,45904,595808,236240,1.48,208524,489200,300
cloud-k3s-pool-workers-worker4,1,2026-06-06 08:08:22 UTC,15056696,15445692,183056,1.15,45904,595816,236240,1.48,208524,489200,308
cloud-k3s-pool-workers-worker4,1,2026-06-06 08:08:23 UTC,15056696,15445692,183044,1.15,45912,595820,236240,1.48,208524,489200,332
cloud-k3s-pool-workers-worker4,1,2026-06-06 08:08:24 UTC,15056696,15445692,183044,1.15,45912,595820,236240,1.48,208524,489200,72
cloud-k3s-pool-workers-worker4,1,2026-06-06 08:08:25 UTC,15056696,15445812,183016,1.15,45912,595848,236240,1.48,208524,489320,52
cloud-k3s-pool-workers-worker4,1,2026-06-06 08:08:26 UTC,15056696,15445812,183008,1.15,45912,595856,236240,1.48,208524,489320,60
cloud-k3s-pool-workers-worker4,1,2026-06-06 08:08:27 UTC,15056444,15445560,183248,1.15,45912,595868,236240,1.48,208524,489320,72
cloud-k3s-pool-workers-worker4,1,2026-06-06 08:08:28 UTC,15056444,15445564,183232,1.15,45920,595872,236240,1.48,208524,489320,216
cloud-k3s-pool-workers-worker4,1,2026-06-06 08:08:29 UTC,15056204,15445332,183448,1.15,45920,595880,236240,1.48,208524,489320,224
cloud-k3s-pool-workers-worker4,1,2026-06-06 08:08:30 UTC,15056204,15445332,183428,1.15,45920,595900,236240,1.48,208524,489320,148
cloud-k3s-pool-workers-worker4,1,2026-06-06 08:08:31 UTC,15056204,15445392,183420,1.15,45920,595908,236240,1.48,208524,489380,156
cloud-k3s-pool-workers-worker4,1,2026-06-06 08:08:32 UTC,15056204,15445392,183408,1.15,45920,595920,236240,1.48,208524,489380,168
cloud-k3s-pool-workers-worker4,1,2026-06-06 08:08:33 UTC,15055952,15445140,183644,1.15,45928,595928,236240,1.48,208524,489380,208
cloud-k3s-pool-workers-worker4,1,2026-06-06 08:08:34 UTC,15055952,15445140,183644,1.15,45928,595928,236240,1.48,208524,489380,208
cloud-k3s-pool-workers-worker4,1,2026-06-06 08:08:35 UTC,15055952,15445140,183624,1.15,45928,595948,236240,1.48,208524,489380,232
cloud-k3s-pool-workers-worker4,1,2026-06-06 08:08:36 UTC,15055952,15445140,183612,1.15,45928,595960,236240,1.48,208524,489380,244
cloud-k3s-pool-workers-worker4,1,2026-06-06 08:08:37 UTC,15055952,15445200,183604,1.15,45928,595968,236240,1.48,208524,489440,252
cloud-k3s-pool-workers-worker4,1,2026-06-06 08:08:38 UTC,15055952,15445200,183592,1.15,45936,595972,236240,1.48,208524,489440,276
cloud-k3s-pool-workers-worker4,1,2026-06-06 08:08:39 UTC,15055952,15445216,183572,1.15,45936,595992,236240,1.48,208524,489456,264
cloud-k3s-pool-workers-worker4,1,2026-06-06 08:08:40 UTC,15055952,15445216,183564,1.15,45936,596000,236240,1.48,208524,489456,272
cloud-k3s-pool-workers-worker4,1,2026-06-06 08:08:41 UTC,15055952,15445216,183564,1.15,45936,596000,236240,1.48,208524,489456,272
cloud-k3s-pool-workers-worker4,1,2026-06-06 08:08:42 UTC,15055952,15445216,183544,1.15,45936,596020,236240,1.48,208524,489456,292
cloud-k3s-pool-workers-worker4,1,2026-06-06 08:08:43 UTC,15055952,15445276,183532,1.15,45944,596024,236240,1.48,208524,489516,316
cloud-k3s-pool-workers-worker4,1,2026-06-06 08:08:44 UTC,15055952,15445276,183520,1.15,45944,596032,236240,1.48,208524,489516,324
cloud-k3s-pool-workers-worker4,1,2026-06-06 08:08:45 UTC,15055952,15445276,183500,1.15,45944,596052,236240,1.48,208524,489516,352
cloud-k3s-pool-workers-worker4,1,2026-06-06 08:08:46 UTC,15055952,15445276,183492,1.15,45944,596060,236240,1.48,208524,489516,360
cloud-k3s-pool-workers-worker4,1,2026-06-06 08:08:47 UTC,15055952,15445276,183480,1.15,45944,596072,236240,1.48,208524,489516,372
cloud-k3s-pool-workers-worker4,1,2026-06-06 08:08:48 UTC,15055952,15445276,183472,1.15,45952,596072,236240,1.48,208524,489516,392
cloud-k3s-pool-workers-worker4,1,2026-06-06 08:08:49 UTC,15056712,15446096,182692,1.14,45952,596092,236240,1.48,208524,489576,388
cloud-k3s-pool-workers-worker4,1,2026-06-06 08:08:50 UTC,15056712,15446096,182684,1.14,45952,596100,236240,1.48,208524,489576,396
cloud-k3s-pool-workers-worker4,1,2026-06-06 08:08:51 UTC,15056712,15446096,182672,1.14,45952,596112,236240,1.48,208524,489576,408
cloud-k3s-pool-workers-worker4,1,2026-06-06 08:08:52 UTC,15056712,15446096,182660,1.14,45952,596124,236240,1.48,208524,489576,420
cloud-k3s-pool-workers-worker4,1,2026-06-06 08:08:53 UTC,15056712,15446096,182652,1.14,45960,596124,236240,1.48,208524,489576,444
cloud-k3s-pool-workers-worker4,1,2026-06-06 08:08:54 UTC,15056712,15446156,182640,1.14,45960,596136,236240,1.48,208524,489636,456
cloud-k3s-pool-workers-worker4,1,2026-06-06 08:08:55 UTC,15056712,15446156,182624,1.14,45960,596152,236240,1.48,208524,489636,484
cloud-k3s-pool-workers-worker4,1,2026-06-06 08:08:56 UTC,15056712,15446156,182624,1.14,45960,596152,236240,1.48,208524,489636,484
cloud-k3s-pool-workers-worker4,1,2026-06-06 08:08:57 UTC,15056712,15446156,182604,1.14,45960,596172,236240,1.48,208524,489636,504
cloud-k3s-pool-workers-worker4,1,2026-06-06 08:08:58 UTC,15056712,15446156,182592,1.14,45960,596184,236240,1.48,208524,489636,524
cloud-k3s-pool-workers-worker4,1,2026-06-06 08:08:59 UTC,15056208,15445656,183076,1.15,45968,596192,236240,1.48,208524,489636,308
cloud-k3s-pool-workers-worker4,1,2026-06-06 08:09:00 UTC,15056208,15445720,183060,1.15,45972,596204,236240,1.48,208524,489700,0
cloud-k3s-pool-workers-worker4,1,2026-06-06 08:09:01 UTC,15056208,15445720,183052,1.15,45972,596212,236240,1.48,208524,489700,12
cloud-k3s-pool-workers-worker4,1,2026-06-06 08:09:02 UTC,15056208,15445720,183040,1.15,45972,596224,236240,1.48,208524,489700,24
cloud-k3s-pool-workers-worker4,1,2026-06-06 08:09:03 UTC,15056208,15445720,183028,1.15,45972,596236,236240,1.48,208524,489700,164
cloud-k3s-pool-workers-worker4,1,2026-06-06 08:09:04 UTC,15056208,15445720,183020,1.15,45984,596232,236240,1.48,208524,489700,172
cloud-k3s-pool-workers-worker4,1,2026-06-06 08:09:05 UTC,15056204,15445716,183000,1.14,45984,596256,236240,1.48,208524,489700,224
cloud-k3s-pool-workers-worker4,1,2026-06-06 08:09:06 UTC,15056204,15445776,182992,1.14,45984,596264,236240,1.48,208524,489760,232
cloud-k3s-pool-workers-worker4,1,2026-06-06 08:09:07 UTC,15055952,15445524,183232,1.15,45984,596276,236240,1.48,208524,489760,244
cloud-k3s-pool-workers-worker4,1,2026-06-06 08:09:08 UTC,15056200,15445772,182976,1.14,45984,596284,236240,1.48,208524,489760,260
cloud-k3s-pool-workers-worker4,1,2026-06-06 08:09:09 UTC,15056200,15445772,182964,1.14,45984,596296,236240,1.48,208524,489760,272
cloud-k3s-pool-workers-worker4,1,2026-06-06 08:09:10 UTC,15056196,15445768,182952,1.14,45992,596304,236240,1.48,208524,489760,260
cloud-k3s-pool-workers-worker4,1,2026-06-06 08:09:11 UTC,15056196,15445768,182952,1.14,45992,596304,236240,1.48,208524,489760,260
cloud-k3s-pool-workers-worker4,1,2026-06-06 08:09:12 UTC,15055692,15445264,183456,1.15,45992,596304,236240,1.48,208524,489760,260
cloud-k3s-pool-workers-worker4,1,2026-06-06 08:09:13 UTC,15055692,15445324,183424,1.15,45992,596336,236240,1.48,208524,489820,304
cloud-k3s-pool-workers-worker4,1,2026-06-06 08:09:14 UTC,15055692,15445324,183408,1.15,45992,596348,236240,1.48,208524,489820,316
cloud-k3s-pool-workers-worker4,1,2026-06-06 08:09:15 UTC,15055692,15445376,183400,1.15,45992,596356,236240,1.48,208524,489872,312
cloud-k3s-pool-workers-worker4,1,2026-06-06 08:09:16 UTC,15055692,15445376,183392,1.15,46000,596356,236240,1.48,208524,489872,328
cloud-k3s-pool-workers-worker4,1,2026-06-06 08:09:17 UTC,15055692,15445376,183372,1.15,46000,596376,236240,1.48,208524,489872,348
cloud-k3s-pool-workers-worker4,1,2026-06-06 08:09:18 UTC,15055692,15445436,183360,1.15,46000,596388,236240,1.48,208524,489932,372
cloud-k3s-pool-workers-worker4,1,2026-06-06 08:09:19 UTC,15055692,15445436,183352,1.15,46000,596396,236240,1.48,208524,489932,380
cloud-k3s-pool-workers-worker4,1,2026-06-06 08:09:20 UTC,15055688,15445432,183344,1.15,46000,596408,236240,1.48,208524,489932,388
cloud-k3s-pool-workers-worker4,1,2026-06-06 08:09:21 UTC,15055688,15445432,183336,1.15,46000,596416,236240,1.48,208524,489932,380
cloud-k3s-pool-workers-worker4,1,2026-06-06 08:09:22 UTC,15055688,15445432,183316,1.15,46008,596428,236240,1.48,208524,489932,404
cloud-k3s-pool-workers-worker4,1,2026-06-06 08:09:23 UTC,15055688,15445432,183308,1.15,46008,596436,236240,1.48,208524,489932,428
cloud-k3s-pool-workers-worker4,1,2026-06-06 08:09:24 UTC,15055684,15445488,183300,1.15,46008,596448,236240,1.48,208524,489992,444
cloud-k3s-pool-workers-worker4,1,2026-06-06 08:09:25 UTC,15055684,15445488,183292,1.15,46008,596456,236240,1.48,208524,489992,452
cloud-k3s-pool-workers-worker4,1,2026-06-06 08:09:26 UTC,15055680,15445484,183284,1.15,46008,596468,236240,1.48,208524,489992,464
cloud-k3s-pool-workers-worker4,1,2026-06-06 08:09:27 UTC,15055680,15445484,183272,1.15,46016,596472,236240,1.48,208524,489992,476
cloud-k3s-pool-workers-worker4,1,2026-06-06 08:09:28 UTC,15055680,15445508,183256,1.15,46016,596488,236240,1.48,208524,490016,500
cloud-k3s-pool-workers-worker4,1,2026-06-06 08:09:29 UTC,15055680,15445508,183244,1.15,46016,596500,236240,1.48,208524,490016,512
cloud-k3s-pool-workers-worker4,1,2026-06-06 08:09:30 UTC,15055680,15445572,183232,1.15,46016,596508,236240,1.48,208524,490076,520
cloud-k3s-pool-workers-worker4,1,2026-06-06 08:09:31 UTC,15055680,15445572,183232,1.15,46016,596508,236240,1.48,208524,490076,260
cloud-k3s-pool-workers-worker4,1,2026-06-06 08:09:32 UTC,15055680,15445572,183232,1.15,46016,596508,236240,1.48,208524,490076,260
cloud-k3s-pool-workers-worker4,1,2026-06-06 08:09:33 UTC,15055680,15445572,183192,1.15,46024,596540,236240,1.48,208524,490076,256
cloud-k3s-pool-workers-worker4,1,2026-06-06 08:09:34 UTC,15055680,15445572,183184,1.15,46024,596548,236240,1.48,208524,490076,264
cloud-k3s-pool-workers-worker4,1,2026-06-06 08:09:35 UTC,15055676,15445568,183176,1.15,46024,596560,236240,1.48,208524,490076,72
cloud-k3s-pool-workers-worker4,1,2026-06-06 08:09:36 UTC,15055424,15445316,183428,1.15,46024,596560,236240,1.48,208524,490076,72
cloud-k3s-pool-workers-worker4,1,2026-06-06 08:09:37 UTC,15055672,15445564,183180,1.15,46024,596560,236240,1.48,208524,490076,72
cloud-k3s-pool-workers-worker4,1,2026-06-06 08:09:38 UTC,15055672,15445624,183140,1.15,46032,596592,236240,1.48,208524,490136,228
cloud-k3s-pool-workers-worker4,1,2026-06-06 08:09:39 UTC,15055672,15445624,183132,1.15,46032,596600,236240,1.48,208524,490136,232
cloud-k3s-pool-workers-worker4,1,2026-06-06 08:09:40 UTC,15055672,15445624,183120,1.15,46032,596612,236240,1.48,208524,490136,244
cloud-k3s-pool-workers-worker4,1,2026-06-06 08:09:41 UTC,15055672,15445624,183120,1.15,46032,596612,236240,1.48,208524,490136,244
cloud-k3s-pool-workers-worker4,1,2026-06-06 08:09:42 UTC,15055672,15445624,183120,1.15,46032,596612,236240,1.48,208524,490136,244
cloud-k3s-pool-workers-worker4,1,2026-06-06 08:09:43 UTC,15055672,15445684,183088,1.15,46040,596636,236240,1.48,208524,490196,284
cloud-k3s-pool-workers-worker4,1,2026-06-06 08:09:44 UTC,15055672,15445684,183076,1.15,46040,596648,236240,1.48,208524,490196,296
cloud-k3s-pool-workers-worker4,1,2026-06-06 08:09:45 UTC,15055672,15445684,183060,1.15,46040,596660,236240,1.48,208524,490196,292
cloud-k3s-pool-workers-worker4,1,2026-06-06 08:09:46 UTC,15055672,15445684,183060,1.15,46040,596660,236240,1.48,208524,490196,292
cloud-k3s-pool-workers-worker4,1,2026-06-06 08:09:47 UTC,15055672,15445684,183060,1.15,46040,596660,236240,1.48,208524,490196,292
cloud-k3s-pool-workers-worker4,1,2026-06-06 08:09:48 UTC,15055416,15445488,183276,1.15,46048,596692,236240,1.48,208524,490256,344
cloud-k3s-pool-workers-worker4,1,2026-06-06 08:09:49 UTC,15055416,15445488,183268,1.15,46048,596700,236240,1.48,208524,490256,352
cloud-k3s-pool-workers-worker4,1,2026-06-06 08:09:50 UTC,15055412,15445484,183260,1.15,46048,596712,236240,1.48,208524,490256,364
cloud-k3s-pool-workers-worker4,1,2026-06-06 08:09:51 UTC,15055660,15445732,183000,1.14,46048,596724,236240,1.48,208524,490256,376
cloud-k3s-pool-workers-worker4,1,2026-06-06 08:09:52 UTC,15055660,15445732,182992,1.14,46048,596732,236240,1.48,208524,490256,384
cloud-k3s-pool-workers-worker4,1,2026-06-06 08:09:53 UTC,15055660,15445792,182972,1.14,46056,596744,236240,1.48,208524,490316,412
cloud-k3s-pool-workers-worker4,1,2026-06-06 08:09:54 UTC,15055660,15445792,182964,1.14,46056,596752,236240,1.48,208524,490316,420
cloud-k3s-pool-workers-worker4,1,2026-06-06 08:09:55 UTC,15055660,15445792,182952,1.14,46056,596764,236240,1.48,208524,490316,424
cloud-k3s-pool-workers-worker4,1,2026-06-06 08:09:56 UTC,15055660,15445792,182952,1.14,46056,596764,236240,1.48,208524,490316,424
cloud-k3s-pool-workers-worker4,1,2026-06-06 08:09:57 UTC,15055660,15445792,182952,1.14,46056,596764,236240,1.48,208524,490316,424
cloud-k3s-pool-workers-worker4,1,2026-06-06 08:09:58 UTC,15055660,15445792,182916,1.14,46064,596792,236240,1.48,208524,490316,476
cloud-k3s-pool-workers-worker4,1,2026-06-06 08:09:59 UTC,15055660,15445852,182904,1.14,46064,596804,236240,1.48,208524,490376,488
cloud-k3s-pool-workers-worker4,1,2026-06-06 08:10:00 UTC,15055656,15445848,182900,1.14,46064,596812,236240,1.48,208524,490376,492
cloud-k3s-pool-workers-worker4,1,2026-06-06 08:10:01 UTC,15055656,15445848,182900,1.14,46064,596812,236240,1.48,208524,490376,492
cloud-k3s-pool-workers-worker4,1,2026-06-06 08:10:02 UTC,15054648,15444840,183908,1.15,46064,596812,236240,1.48,208524,490376,232
cloud-k3s-pool-workers-worker4,1,2026-06-06 08:10:03 UTC,15054644,15444840,183868,1.15,46072,596844,236240,1.48,208524,490376,228
cloud-k3s-pool-workers-worker4,1,2026-06-06 08:10:04 UTC,15054644,15444840,183856,1.15,46072,596856,236240,1.48,208524,490376,220
cloud-k3s-pool-workers-worker4,1,2026-06-06 08:10:05 UTC,15054640,15444896,183852,1.15,46072,596864,236240,1.48,208524,490436,232
cloud-k3s-pool-workers-worker4,1,2026-06-06 08:10:06 UTC,15054640,15444896,183852,1.15,46072,596864,236240,1.48,208524,490436,232
cloud-k3s-pool-workers-worker4,1,2026-06-06 08:10:07 UTC,15054640,15444896,183852,1.15,46072,596864,236240,1.48,208524,490436,232
cloud-k3s-pool-workers-worker4,1,2026-06-06 08:10:08 UTC,15054636,15444984,183816,1.15,46080,596896,236240,1.48,208524,490528,284
cloud-k3s-pool-workers-worker4,1,2026-06-06 08:10:09 UTC,15054636,15444992,183808,1.15,46080,596904,236240,1.48,208524,490536,84
cloud-k3s-pool-workers-worker4,1,2026-06-06 08:10:10 UTC,15053936,15444308,184476,1.15,46080,596920,239688,1.50,210048,490552,108
cloud-k3s-pool-workers-worker4,1,2026-06-06 08:10:11 UTC,15053936,15444308,184476,1.15,46080,596920,239688,1.50,210048,490552,108
cloud-k3s-pool-workers-worker4,1,2026-06-06 08:10:12 UTC,15053980,15444352,184412,1.15,46080,596940,239688,1.50,210212,490552,388
cloud-k3s-pool-workers-worker4,1,2026-06-06 08:10:13 UTC,15053980,15444352,184396,1.15,46088,596948,239688,1.50,210212,490552,468
cloud-k3s-pool-workers-worker4,1,2026-06-06 08:10:14 UTC,15054240,15444612,184124,1.15,46088,596960,236240,1.48,208516,490552,460
cloud-k3s-pool-workers-worker4,1,2026-06-06 08:10:15 UTC,15054240,15444612,184124,1.15,46088,596960,236240,1.48,208516,490552,460
cloud-k3s-pool-workers-worker4,1,2026-06-06 08:10:16 UTC,15054244,15444684,184096,1.15,46088,596980,236240,1.48,208516,490620,460
cloud-k3s-pool-workers-worker4,1,2026-06-06 08:10:17 UTC,15054244,15444684,184084,1.15,46088,596992,236240,1.48,208516,490620,472
cloud-k3s-pool-workers-worker4,1,2026-06-06 08:10:18 UTC,15062056,15452496,176272,1.10,46096,596984,236240,1.48,208516,490620,480
cloud-k3s-pool-workers-worker4,1,2026-06-06 08:10:19 UTC,15062056,15452496,176272,1.10,46096,596984,236240,1.48,208516,490620,480
cloud-k3s-pool-workers-worker4,1,2026-06-06 08:10:20 UTC,15062056,15452496,176236,1.10,46096,597020,236240,1.48,208516,490620,536
cloud-k3s-pool-workers-worker4,1,2026-06-06 08:10:21 UTC,15062056,15452556,176224,1.10,46096,597032,236240,1.48,208516,490680,548
cloud-k3s-pool-workers-worker4,1,2026-06-06 08:10:22 UTC,15062056,15452556,176216,1.10,46096,597040,236240,1.48,208516,490680,556
cloud-k3s-pool-workers-worker4,1,2026-06-06 08:10:23 UTC,15062056,15452556,176196,1.10,46104,597052,236240,1.48,208516,490680,576
cloud-k3s-pool-workers-worker4,1,2026-06-06 08:10:24 UTC,15062056,15452572,176188,1.10,46104,597060,236240,1.48,208516,490696,560
cloud-k3s-pool-workers-worker4,1,2026-06-06 08:10:25 UTC,15062572,15453088,175660,1.10,46104,597072,236240,1.48,208560,490696,568
cloud-k3s-pool-workers-worker4,1,2026-06-06 08:10:26 UTC,15062572,15453088,175660,1.10,46104,597072,236240,1.48,208560,490696,568
cloud-k3s-pool-workers-worker4,1,2026-06-06 08:10:27 UTC,15062572,15453088,175660,1.10,46104,597072,236240,1.48,208560,490696,568
cloud-k3s-pool-workers-worker4,1,2026-06-06 08:10:28 UTC,15062572,15453148,175620,1.10,46112,597104,236240,1.48,208560,490756,628
cloud-k3s-pool-workers-worker4,1,2026-06-06 08:10:29 UTC,15062572,15453148,175612,1.10,46112,597112,236240,1.48,208560,490756,636
cloud-k3s-pool-workers-worker4,1,2026-06-06 08:10:30 UTC,15062572,15453148,175600,1.10,46112,597124,236240,1.48,208560,490756,652
cloud-k3s-pool-workers-worker4,1,2026-06-06 08:10:31 UTC,15062572,15453148,175600,1.10,46112,597124,236240,1.48,208560,490756,652
cloud-k3s-pool-workers-worker4,1,2026-06-06 08:10:32 UTC,15062572,15453152,175576,1.10,46112,597144,236240,1.48,208560,490756,716
cloud-k3s-pool-workers-worker4,1,2026-06-06 08:10:33 UTC,15062572,15453212,175568,1.10,46120,597144,236240,1.48,208560,490816,472
cloud-k3s-pool-workers-worker4,1,2026-06-06 08:10:34 UTC,15062572,15453228,175548,1.10,46120,597164,236240,1.48,208560,490832,416
cloud-k3s-pool-workers-worker4,1,2026-06-06 08:10:35 UTC,15062572,15453228,175548,1.10,46120,597164,236240,1.48,208560,490832,416
cloud-k3s-pool-workers-worker4,1,2026-06-06 08:10:36 UTC,15062572,15453228,175548,1.10,46120,597164,236240,1.48,208560,490832,416
cloud-k3s-pool-workers-worker4,1,2026-06-06 08:10:37 UTC,15062572,15453228,175548,1.10,46120,597164,236240,1.48,208560,490832,416
cloud-k3s-pool-workers-worker4,1,2026-06-06 08:10:38 UTC,15062572,15453228,175500,1.10,46128,597204,236240,1.48,208560,490832,488
cloud-k3s-pool-workers-worker4,1,2026-06-06 08:10:39 UTC,15062572,15453288,175488,1.10,46128,597216,236240,1.48,208560,490892,500
cloud-k3s-pool-workers-worker4,1,2026-06-06 08:10:40 UTC,15062572,15453288,175476,1.10,46128,597228,236240,1.48,208560,490892,516
cloud-k3s-pool-workers-worker4,1,2026-06-06 08:10:41 UTC,15062572,15453288,175476,1.10,46128,597228,236240,1.48,208560,490892,256
cloud-k3s-pool-workers-worker4,1,2026-06-06 08:10:42 UTC,15062572,15453288,175476,1.10,46128,597228,236240,1.48,208560,490892,256
cloud-k3s-pool-workers-worker4,1,2026-06-06 08:10:43 UTC,15062572,15453296,175436,1.10,46136,597260,236240,1.48,208560,490900,276
cloud-k3s-pool-workers-worker4,1,2026-06-06 08:10:44 UTC,15062572,15453296,175428,1.10,46136,597268,236240,1.48,208560,490900,276
cloud-k3s-pool-workers-worker4,1,2026-06-06 08:10:45 UTC,15062572,15453360,175416,1.10,46136,597280,236240,1.48,208560,490964,264
cloud-k3s-pool-workers-worker4,1,2026-06-06 08:10:46 UTC,15062572,15453360,175416,1.10,46136,597280,236240,1.48,208560,490964,264
cloud-k3s-pool-workers-worker4,1,2026-06-06 08:10:47 UTC,15062572,15453360,175416,1.10,46136,597280,236240,1.48,208560,490964,264
cloud-k3s-pool-workers-worker4,1,2026-06-06 08:10:48 UTC,15062568,15453356,175388,1.10,46144,597300,236240,1.48,208560,490964,304
cloud-k3s-pool-workers-worker4,1,2026-06-06 08:10:49 UTC,15062568,15453356,175376,1.10,46144,597312,236240,1.48,208560,490964,316
cloud-k3s-pool-workers-worker4,1,2026-06-06 08:10:50 UTC,15062564,15453412,175360,1.10,46144,597332,236240,1.48,208560,491024,352
cloud-k3s-pool-workers-worker4,1,2026-06-06 08:10:51 UTC,15062564,15453412,175360,1.10,46144,597332,236240,1.48,208560,491024,352
cloud-k3s-pool-workers-worker4,1,2026-06-06 08:10:52 UTC,15062564,15453412,175360,1.10,46144,597332,236240,1.48,208560,491024,352
cloud-k3s-pool-workers-worker4,1,2026-06-06 08:10:53 UTC,15062564,15453412,175332,1.10,46144,597360,236240,1.48,208560,491024,368
cloud-k3s-pool-workers-worker4,1,2026-06-06 08:10:54 UTC,15062564,15453412,175312,1.10,46152,597372,236240,1.48,208560,491024,236
cloud-k3s-pool-workers-worker4,1,2026-06-06 08:10:55 UTC,15062564,15453412,175304,1.10,46152,597380,236240,1.48,208560,491024,244
cloud-k3s-pool-workers-worker4,1,2026-06-06 08:10:56 UTC,15062564,15453472,175292,1.10,46152,597392,236240,1.48,208560,491084,256
cloud-k3s-pool-workers-worker4,1,2026-06-06 08:10:57 UTC,15062564,15453472,175284,1.10,46152,597400,236240,1.48,208560,491084,264
cloud-k3s-pool-workers-worker4,1,2026-06-06 08:10:58 UTC,15062564,15453472,175272,1.10,46152,597412,236240,1.48,208560,491084,420
cloud-k3s-pool-workers-worker4,1,2026-06-06 08:10:59 UTC,15062564,15453472,175264,1.10,46160,597412,236240,1.48,208560,491084,428
cloud-k3s-pool-workers-worker4,1,2026-06-06 08:11:00 UTC,15062312,15453248,175492,1.10,46160,597432,236240,1.48,208560,491108,440
cloud-k3s-pool-workers-worker4,1,2026-06-06 08:11:01 UTC,15062312,15453248,175492,1.10,46160,597432,236240,1.48,208560,491108,440
cloud-k3s-pool-workers-worker4,1,2026-06-06 08:11:02 UTC,15062312,15453248,175492,1.10,46160,597432,236240,1.48,208560,491108,440
cloud-k3s-pool-workers-worker4,1,2026-06-06 08:11:03 UTC,15062312,15453308,175456,1.10,46160,597464,236240,1.48,208560,491168,484
cloud-k3s-pool-workers-worker4,1,2026-06-06 08:11:04 UTC,15062312,15453308,175448,1.10,46160,597472,236240,1.48,208560,491168,232
cloud-k3s-pool-workers-worker4,1,2026-06-06 08:11:05 UTC,15062312,15453316,175424,1.10,46172,597484,236240,1.48,208560,491176,196
cloud-k3s-pool-workers-worker4,1,2026-06-06 08:11:06 UTC,15062312,15453316,175424,1.10,46172,597484,236240,1.48,208560,491176,196
cloud-k3s-pool-workers-worker4,1,2026-06-06 08:11:07 UTC,15062312,15453316,175424,1.10,46172,597484,236240,1.48,208560,491176,196
cloud-k3s-pool-workers-worker4,1,2026-06-06 08:11:08 UTC,15062312,15453376,175396,1.10,46172,597512,236240,1.48,208560,491236,240
cloud-k3s-pool-workers-worker4,1,2026-06-06 08:11:09 UTC,15062312,15453376,175384,1.10,46172,597524,236240,1.48,208560,491236,252
cloud-k3s-pool-workers-worker4,1,2026-06-06 08:11:10 UTC,15062312,15453388,175376,1.10,46172,597532,236240,1.48,208560,491248,236
cloud-k3s-pool-workers-worker4,1,2026-06-06 08:11:11 UTC,15062312,15453388,175368,1.10,46180,597532,236240,1.48,208560,491248,252
cloud-k3s-pool-workers-worker4,1,2026-06-06 08:11:12 UTC,15062312,15453388,175368,1.10,46180,597532,236240,1.48,208560,491248,252
cloud-k3s-pool-workers-worker4,1,2026-06-06 08:11:13 UTC,15062312,15453388,175336,1.10,46180,597564,236240,1.48,208560,491248,300
cloud-k3s-pool-workers-worker4,1,2026-06-06 08:11:14 UTC,15062312,15453448,175324,1.10,46180,597576,236240,1.48,208560,491308,312
cloud-k3s-pool-workers-worker4,1,2026-06-06 08:11:15 UTC,15062312,15453448,175316,1.10,46180,597584,236240,1.48,208560,491308,316
cloud-k3s-pool-workers-worker4,1,2026-06-06 08:11:16 UTC,15062312,15453448,175316,1.10,46180,597584,236240,1.48,208560,491308,300
cloud-k3s-pool-workers-worker4,1,2026-06-06 08:11:17 UTC,15061808,15452944,175820,1.10,46188,597576,236240,1.48,208560,491308,300
cloud-k3s-pool-workers-worker4,1,2026-06-06 08:11:18 UTC,15061808,15452948,175776,1.10,46188,597616,236240,1.48,208560,491308,360
cloud-k3s-pool-workers-worker4,1,2026-06-06 08:11:19 UTC,15061808,15452948,175768,1.10,46188,597624,236240,1.48,208560,491308,368
cloud-k3s-pool-workers-worker4,1,2026-06-06 08:11:20 UTC,15061808,15453008,175756,1.10,46188,597636,236240,1.48,208560,491368,384
cloud-k3s-pool-workers-worker4,1,2026-06-06 08:11:21 UTC,15061808,15453008,175756,1.10,46188,597636,236240,1.48,208560,491368,384
cloud-k3s-pool-workers-worker4,1,2026-06-06 08:11:22 UTC,15061808,15453008,175756,1.10,46196,597628,236240,1.48,208560,491368,384
cloud-k3s-pool-workers-worker4,1,2026-06-06 08:11:23 UTC,15061800,15453000,175728,1.10,46196,597664,236240,1.48,208560,491368,412
cloud-k3s-pool-workers-worker4,1,2026-06-06 08:11:24 UTC,15061800,15453024,175716,1.10,46196,597676,236240,1.48,208560,491392,420
cloud-k3s-pool-workers-worker4,1,2026-06-06 08:11:25 UTC,15061800,15453024,175704,1.10,46196,597688,236240,1.48,208560,491392,220
cloud-k3s-pool-workers-worker4,1,2026-06-06 08:11:26 UTC,15061800,15453024,175704,1.10,46196,597688,236240,1.48,208560,491392,220
cloud-k3s-pool-workers-worker4,1,2026-06-06 08:11:27 UTC,15061800,15453024,175704,1.10,46196,597688,236240,1.48,208560,491392,220
cloud-k3s-pool-workers-worker4,1,2026-06-06 08:11:28 UTC,15061796,15453080,175672,1.10,46204,597716,236240,1.48,208560,491452,412
cloud-k3s-pool-workers-worker4,1,2026-06-06 08:11:29 UTC,15061796,15453080,175660,1.10,46204,597728,236240,1.48,208560,491452,424
cloud-k3s-pool-workers-worker4,1,2026-06-06 08:11:30 UTC,15061796,15453080,175652,1.10,46204,597736,236240,1.48,208560,491452,432
cloud-k3s-pool-workers-worker4,1,2026-06-06 08:11:31 UTC,15061796,15453080,175652,1.10,46204,597736,236240,1.48,208560,491452,432
cloud-k3s-pool-workers-worker4,1,2026-06-06 08:11:32 UTC,15061796,15453140,175632,1.10,46204,597756,236240,1.48,208560,491512,452
cloud-k3s-pool-workers-worker4,1,2026-06-06 08:11:33 UTC,15061796,15453140,175616,1.10,46212,597760,236240,1.48,208560,491512,452
cloud-k3s-pool-workers-worker4,1,2026-06-06 08:11:34 UTC,15061796,15453140,175600,1.10,46212,597776,236240,1.48,208560,491512,320
cloud-k3s-pool-workers-worker4,1,2026-06-06 08:11:35 UTC,15061796,15453140,175588,1.10,46212,597788,236240,1.48,208560,491512,12
cloud-k3s-pool-workers-worker4,1,2026-06-06 08:11:36 UTC,15062100,15453444,175276,1.10,46212,597796,236240,1.48,208560,491512,24
cloud-k3s-pool-workers-worker4,1,2026-06-06 08:11:37 UTC,15062100,15453444,175264,1.10,46212,597808,236240,1.48,208560,491512,36
cloud-k3s-pool-workers-worker4,1,2026-06-06 08:11:38 UTC,15062100,15453504,175244,1.10,46220,597820,236240,1.48,208560,491572,200
cloud-k3s-pool-workers-worker4,1,2026-06-06 08:11:39 UTC,15062100,15453504,175236,1.10,46220,597828,236240,1.48,208560,491572,208
cloud-k3s-pool-workers-worker4,1,2026-06-06 08:11:40 UTC,15062100,15453504,175224,1.10,46220,597840,236240,1.48,208560,491572,200
cloud-k3s-pool-workers-worker4,1,2026-06-06 08:11:41 UTC,15062100,15453504,175224,1.10,46220,597840,236240,1.48,208560,491572,200
cloud-k3s-pool-workers-worker4,1,2026-06-06 08:11:42 UTC,15062100,15453504,175224,1.10,46220,597840,236240,1.48,208560,491572,200
cloud-k3s-pool-workers-worker4,1,2026-06-06 08:11:43 UTC,15062100,15453504,175196,1.10,46228,597860,236240,1.48,208560,491572,240
cloud-k3s-pool-workers-worker4,1,2026-06-06 08:11:44 UTC,15062100,15453564,175184,1.10,46228,597872,236240,1.48,208560,491632,252
cloud-k3s-pool-workers-worker4,1,2026-06-06 08:11:45 UTC,15062100,15453564,175168,1.10,46228,597888,236240,1.48,208560,491632,268
cloud-k3s-pool-workers-worker4,1,2026-06-06 08:11:46 UTC,15062100,15453564,175168,1.10,46228,597888,236240,1.48,208560,491632,268
cloud-k3s-pool-workers-worker4,1,2026-06-06 08:11:47 UTC,15062100,15453564,175168,1.10,46228,597888,236240,1.48,208560,491632,268
cloud-k3s-pool-workers-worker4,1,2026-06-06 08:11:48 UTC,15062100,15453568,175124,1.10,46236,597920,236240,1.48,208560,491632,312
cloud-k3s-pool-workers-worker4,1,2026-06-06 08:11:49 UTC,15062100,15453668,175112,1.10,46236,597932,236240,1.48,208560,491732,312
cloud-k3s-pool-workers-worker4,1,2026-06-06 08:11:50 UTC,15062100,15453668,175104,1.10,46236,597940,236240,1.48,208560,491732,324
cloud-k3s-pool-workers-worker4,1,2026-06-06 08:11:51 UTC,15062100,15453668,175104,1.10,46236,597940,236240,1.48,208560,491732,324
cloud-k3s-pool-workers-worker4,1,2026-06-06 08:11:52 UTC,15062100,15453668,175104,1.10,46236,597940,236240,1.48,208560,491732,324
cloud-k3s-pool-workers-worker4,1,2026-06-06 08:11:53 UTC,15062100,15453668,175072,1.10,46244,597964,236240,1.48,208560,491732,368
cloud-k3s-pool-workers-worker4,1,2026-06-06 08:11:54 UTC,15062100,15453668,175064,1.10,46244,597972,236240,1.48,208560,491732,376
cloud-k3s-pool-workers-worker4,1,2026-06-06 08:11:55 UTC,15061344,15452972,175844,1.10,46244,597992,199616,1.25,205404,491792,432
cloud-k3s-pool-workers-worker4,1,2026-06-06 08:11:56 UTC,15061344,15452972,175844,1.10,46244,597996,199616,1.25,205552,491792,488
cloud-k3s-pool-workers-worker4,1,2026-06-06 08:11:57 UTC,15061344,15452972,175832,1.10,46244,598008,199616,1.25,205552,491792,500
cloud-k3s-pool-workers-worker4,1,2026-06-06 08:11:58 UTC,15061344,15452972,175824,1.10,46252,598008,199616,1.25,205552,491792,520
cloud-k3s-pool-workers-worker4,1,2026-06-06 08:11:59 UTC,15061344,15452972,175804,1.10,46252,598028,199616,1.25,205552,491792,520
cloud-k3s-pool-workers-worker4,1,2026-06-06 08:12:00 UTC,15061344,15452972,175804,1.10,46252,598028,199616,1.25,205552,491792,516
cloud-k3s-pool-workers-worker4,1,2026-06-06 08:12:01 UTC,15061344,15453032,175784,1.10,46252,598048,199616,1.25,205552,491852,536
cloud-k3s-pool-workers-worker4,1,2026-06-06 08:12:02 UTC,15061344,15453032,175772,1.10,46252,598060,199616,1.25,205552,491852,548
cloud-k3s-pool-workers-worker4,1,2026-06-06 08:12:03 UTC,15060868,15452816,175968,1.10,46716,597872,199616,1.25,205812,492112,640
cloud-k3s-pool-workers-worker4,1,2026-06-06 08:12:04 UTC,15060868,15452816,175968,1.10,46716,597872,199616,1.25,205812,492112,640
cloud-k3s-pool-workers-worker4,1,2026-06-06 08:12:05 UTC,15060868,15453068,175680,1.10,46716,598088,199616,1.25,205528,492328,324
cloud-k3s-pool-workers-worker4,1,2026-06-06 08:12:06 UTC,15060868,15453068,175668,1.10,46716,598100,199616,1.25,205528,492328,16
cloud-k3s-pool-workers-worker4,1,2026-06-06 08:12:07 UTC,15060868,15453068,175660,1.10,46716,598108,199616,1.25,205528,492328,28
cloud-k3s-pool-workers-worker4,1,2026-06-06 08:12:08 UTC,15060868,15453068,175648,1.10,46728,598108,199616,1.25,205528,492328,176
cloud-k3s-pool-workers-worker4,1,2026-06-06 08:12:09 UTC,15060868,15453128,175628,1.10,46728,598128,199616,1.25,205528,492388,168
cloud-k3s-pool-workers-worker4,1,2026-06-06 08:12:10 UTC,15060868,15453128,175616,1.10,46728,598140,199616,1.25,205528,492388,180
cloud-k3s-pool-workers-worker4,1,2026-06-06 08:12:11 UTC,15060868,15453128,175608,1.10,46728,598148,199616,1.25,205528,492388,188
cloud-k3s-pool-workers-worker4,1,2026-06-06 08:12:12 UTC,15060868,15453128,175596,1.10,46728,598160,199616,1.25,205528,492388,200
cloud-k3s-pool-workers-worker4,1,2026-06-06 08:12:13 UTC,15060868,15453128,175576,1.10,46736,598172,199616,1.25,205528,492388,92
cloud-k3s-pool-workers-worker4,1,2026-06-06 08:12:14 UTC,15060868,15453128,175568,1.10,46736,598180,199616,1.25,205528,492388,100
cloud-k3s-pool-workers-worker4,1,2026-06-06 08:12:15 UTC,15060868,15453188,175556,1.10,46736,598192,199616,1.25,205528,492448,112
cloud-k3s-pool-workers-worker4,1,2026-06-06 08:12:16 UTC,15060868,15453188,175556,1.10,46736,598192,199616,1.25,205528,492448,112
cloud-k3s-pool-workers-worker4,1,2026-06-06 08:12:17 UTC,15061120,15453440,175284,1.10,46736,598212,199616,1.25,205528,492448,132
cloud-k3s-pool-workers-worker4,1,2026-06-06 08:12:18 UTC,15061120,15453440,175276,1.10,46744,598212,199616,1.25,205528,492448,264
cloud-k3s-pool-workers-worker4,1,2026-06-06 08:12:19 UTC,15061120,15453440,175252,1.10,46744,598232,199616,1.25,205528,492448,136
cloud-k3s-pool-workers-worker4,1,2026-06-06 08:12:20 UTC,15061120,15453440,175244,1.10,46744,598240,199616,1.25,205528,492448,144
cloud-k3s-pool-workers-worker4,1,2026-06-06 08:12:21 UTC,15061120,15453500,175232,1.10,46744,598252,199616,1.25,205528,492508,156
cloud-k3s-pool-workers-worker4,1,2026-06-06 08:12:22 UTC,15061120,15453500,175224,1.10,46744,598260,199616,1.25,205528,492508,164
cloud-k3s-pool-workers-worker4,1,2026-06-06 08:12:23 UTC,15061120,15453500,175224,1.10,46752,598252,199616,1.25,205528,492508,300
cloud-k3s-pool-workers-worker4,1,2026-06-06 08:12:24 UTC,15061120,15453500,175224,1.10,46752,598252,199616,1.25,205528,492508,300
cloud-k3s-pool-workers-worker4,1,2026-06-06 08:12:25 UTC,15061120,15453560,175184,1.10,46752,598292,199616,1.25,205572,492568,344
cloud-k3s-pool-workers-worker4,1,2026-06-06 08:12:26 UTC,15061120,15453560,175172,1.10,46752,598304,199616,1.25,205572,492568,356
cloud-k3s-pool-workers-worker4,1,2026-06-06 08:12:27 UTC,15061120,15453620,175164,1.10,46752,598312,199616,1.25,205572,492628,364
cloud-k3s-pool-workers-worker4,1,2026-06-06 08:12:28 UTC,15061120,15453620,175164,1.10,46760,598304,199616,1.25,205572,492628,380
cloud-k3s-pool-workers-worker4,1,2026-06-06 08:12:29 UTC,15060868,15453368,175388,1.10,46760,598332,199616,1.25,205572,492628,404
cloud-k3s-pool-workers-worker4,1,2026-06-06 08:12:30 UTC,15060868,15453368,175376,1.10,46760,598344,199616,1.25,205572,492628,248
cloud-k3s-pool-workers-worker4,1,2026-06-06 08:12:31 UTC,15060868,15453368,175376,1.10,46760,598344,199616,1.25,205572,492628,248
cloud-k3s-pool-workers-worker4,1,2026-06-06 08:12:32 UTC,15060868,15453368,175376,1.10,46760,598344,199616,1.25,205572,492628,248
cloud-k3s-pool-workers-worker4,1,2026-06-06 08:12:33 UTC,15060868,15453428,175340,1.10,46768,598372,199616,1.25,205572,492688,432
cloud-k3s-pool-workers-worker4,1,2026-06-06 08:12:34 UTC,15060868,15453448,175324,1.10,46768,598384,199616,1.25,205572,492704,308
cloud-k3s-pool-workers-worker4,1,2026-06-06 08:12:35 UTC,15060868,15453448,175316,1.10,46768,598392,199616,1.25,205572,492704,320
cloud-k3s-pool-workers-worker4,1,2026-06-06 08:12:36 UTC,15060868,15453448,175316,1.10,46768,598392,199616,1.25,205572,492704,320
cloud-k3s-pool-workers-worker4,1,2026-06-06 08:12:37 UTC,15060868,15453448,175316,1.10,46768,598392,199616,1.25,205572,492704,60
cloud-k3s-pool-workers-worker4,1,2026-06-06 08:12:38 UTC,15060868,15453456,175276,1.10,46776,598424,199616,1.25,205572,492712,148
cloud-k3s-pool-workers-worker4,1,2026-06-06 08:12:39 UTC,15060868,15453516,175264,1.10,46776,598436,199616,1.25,205572,492772,160
cloud-k3s-pool-workers-worker4,1,2026-06-06 08:12:40 UTC,15060868,15453516,175256,1.10,46776,598444,199616,1.25,205572,492772,168
cloud-k3s-pool-workers-worker4,1,2026-06-06 08:12:41 UTC,15060868,15453516,175256,1.10,46776,598444,199616,1.25,205572,492772,168
cloud-k3s-pool-workers-worker4,1,2026-06-06 08:12:42 UTC,15060868,15453516,175256,1.10,46776,598444,199616,1.25,205572,492772,168
cloud-k3s-pool-workers-worker4,1,2026-06-06 08:12:43 UTC,15060868,15453516,175224,1.10,46784,598468,199616,1.25,205572,492772,212
cloud-k3s-pool-workers-worker4,1,2026-06-06 08:12:44 UTC,15060868,15453516,175208,1.10,46784,598484,199616,1.25,205572,492772,88
cloud-k3s-pool-workers-worker4,1,2026-06-06 08:12:45 UTC,15060868,15453576,175196,1.10,46784,598496,199616,1.25,205572,492832,100
cloud-k3s-pool-workers-worker4,1,2026-06-06 08:12:46 UTC,15060868,15453576,175188,1.10,46784,598504,199616,1.25,205572,492832,108
cloud-k3s-pool-workers-worker4,1,2026-06-06 08:12:47 UTC,15060868,15453576,175176,1.10,46784,598516,199616,1.25,205572,492832,120
cloud-k3s-pool-workers-worker4,1,2026-06-06 08:12:48 UTC,15060868,15453576,175168,1.10,46792,598516,199616,1.25,205572,492832,260
cloud-k3s-pool-workers-worker4,1,2026-06-06 08:12:49 UTC,15060868,15453592,175144,1.10,46792,598536,199616,1.25,205572,492848,124
cloud-k3s-pool-workers-worker4,1,2026-06-06 08:12:50 UTC,15060868,15453652,175132,1.10,46792,598548,199616,1.25,205572,492908,136
cloud-k3s-pool-workers-worker4,1,2026-06-06 08:12:51 UTC,15060868,15453652,175124,1.10,46792,598556,199616,1.25,205572,492908,144
cloud-k3s-pool-workers-worker4,1,2026-06-06 08:12:52 UTC,15060868,15453652,175124,1.10,46792,598556,199616,1.25,205572,492908,144
cloud-k3s-pool-workers-worker4,1,2026-06-06 08:12:53 UTC,15060868,15453652,175104,1.10,46800,598568,199616,1.25,205572,492908,296
cloud-k3s-pool-workers-worker4,1,2026-06-06 08:12:54 UTC,15060420,15453252,175536,1.10,46800,598588,199616,1.25,205544,492956,400
cloud-k3s-pool-workers-worker4,1,2026-06-06 08:12:55 UTC,15060420,15453252,175528,1.10,46800,598596,199616,1.25,205544,492956,408
cloud-k3s-pool-workers-worker4,1,2026-06-06 08:12:56 UTC,15060420,15453252,175516,1.10,46800,598608,199616,1.25,205544,492956,420
cloud-k3s-pool-workers-worker4,1,2026-06-06 08:12:57 UTC,15060420,15453252,175516,1.10,46800,598608,199616,1.25,205544,492956,420
cloud-k3s-pool-workers-worker4,1,2026-06-06 08:12:58 UTC,15060420,15453252,175496,1.10,46808,598620,199616,1.25,205544,492956,452
cloud-k3s-pool-workers-worker4,1,2026-06-06 08:12:59 UTC,15060420,15453252,175488,1.10,46808,598628,199616,1.25,205544,492956,460
cloud-k3s-pool-workers-worker4,1,2026-06-06 08:13:00 UTC,15060420,15453312,175468,1.10,46808,598648,199616,1.25,205544,493016,236
cloud-k3s-pool-workers-worker4,1,2026-06-06 08:13:01 UTC,15060420,15453312,175468,1.10,46808,598648,199616,1.25,205544,493016,236
cloud-k3s-pool-workers-worker4,1,2026-06-06 08:13:02 UTC,15060416,15453308,175452,1.10,46808,598668,199616,1.25,205544,493016,256
cloud-k3s-pool-workers-worker4,1,2026-06-06 08:13:03 UTC,15060412,15453304,175436,1.10,46816,598680,199616,1.25,205544,493016,420
cloud-k3s-pool-workers-worker4,1,2026-06-06 08:13:04 UTC,15060412,15453304,175436,1.10,46816,598680,199616,1.25,205544,493016,420
cloud-k3s-pool-workers-worker4,1,2026-06-06 08:13:05 UTC,15060412,15453308,175412,1.10,46816,598700,199616,1.25,205544,493016,308
cloud-k3s-pool-workers-worker4,1,2026-06-06 08:13:06 UTC,15060412,15453368,175404,1.10,46816,598708,199616,1.25,205544,493076,316
cloud-k3s-pool-workers-worker4,1,2026-06-06 08:13:07 UTC,15060412,15453368,175392,1.10,46816,598720,199616,1.25,205544,493076,328
cloud-k3s-pool-workers-worker4,1,2026-06-06 08:13:08 UTC,15060160,15453116,175636,1.10,46824,598720,199616,1.25,205544,493076,472
cloud-k3s-pool-workers-worker4,1,2026-06-06 08:13:09 UTC,15060160,15453116,175624,1.10,46824,598732,199616,1.25,205544,493076,224
cloud-k3s-pool-workers-worker4,1,2026-06-06 08:13:10 UTC,15060156,15453112,175608,1.10,46824,598752,199616,1.25,205544,493076,148
cloud-k3s-pool-workers-worker4,1,2026-06-06 08:13:11 UTC,15060156,15453112,175596,1.10,46824,598764,199616,1.25,205544,493076,160
cloud-k3s-pool-workers-worker4,1,2026-06-06 08:13:12 UTC,15060156,15453172,175584,1.10,46824,598776,199616,1.25,205544,493136,172
cloud-k3s-pool-workers-worker4,1,2026-06-06 08:13:13 UTC,15060156,15453204,175568,1.10,46832,598784,199616,1.25,205572,493168,216
cloud-k3s-pool-workers-worker4,1,2026-06-06 08:13:14 UTC,15060156,15453204,175556,1.10,46832,598796,199616,1.25,205572,493168,228
cloud-k3s-pool-workers-worker4,1,2026-06-06 08:13:15 UTC,15060156,15453204,175548,1.10,46832,598804,199616,1.25,205572,493168,92
cloud-k3s-pool-workers-worker4,1,2026-06-06 08:13:16 UTC,15060156,15453204,175548,1.10,46832,598804,199616,1.25,205572,493168,92
cloud-k3s-pool-workers-worker4,1,2026-06-06 08:13:17 UTC,15060156,15453204,175548,1.10,46832,598804,199616,1.25,205572,493168,92
cloud-k3s-pool-workers-worker4,1,2026-06-06 08:13:18 UTC,15060156,15453264,175508,1.10,46840,598836,199616,1.25,205572,493228,268
cloud-k3s-pool-workers-worker4,1,2026-06-06 08:13:19 UTC,15060156,15453264,175500,1.10,46840,598844,199616,1.25,205572,493228,276
cloud-k3s-pool-workers-worker4,1,2026-06-06 08:13:20 UTC,15060156,15453264,175452,1.10,46840,598856,199616,1.25,205572,493228,116
cloud-k3s-pool-workers-worker4,1,2026-06-06 08:13:21 UTC,15060156,15453264,175452,1.10,46840,598856,199616,1.25,205572,493228,116
cloud-k3s-pool-workers-worker4,1,2026-06-06 08:13:22 UTC,15060156,15453264,175452,1.10,46840,598856,199616,1.25,205572,493228,116
cloud-k3s-pool-workers-worker4,1,2026-06-06 08:13:23 UTC,15060156,15453264,175416,1.10,46848,598884,199616,1.25,205572,493228,300
cloud-k3s-pool-workers-worker4,1,2026-06-06 08:13:24 UTC,15060156,15453324,175404,1.10,46848,598896,199616,1.25,205572,493288,312
cloud-k3s-pool-workers-worker4,1,2026-06-06 08:13:25 UTC,15060156,15453324,175392,1.10,46848,598908,199616,1.25,205572,493288,328
cloud-k3s-pool-workers-worker4,1,2026-06-06 08:13:26 UTC,15060156,15453324,175392,1.10,46848,598908,199616,1.25,205572,493288,328
cloud-k3s-pool-workers-worker4,1,2026-06-06 08:13:27 UTC,15060156,15453324,175392,1.10,46848,598908,199616,1.25,205572,493288,328
cloud-k3s-pool-workers-worker4,1,2026-06-06 08:13:28 UTC,15060156,15453324,175356,1.10,46856,598936,199616,1.25,205572,493288,372
cloud-k3s-pool-workers-worker4,1,2026-06-06 08:13:29 UTC,15060156,15453348,175344,1.10,46856,598948,199616,1.25,205572,493312,228
cloud-k3s-pool-workers-worker4,1,2026-06-06 08:13:30 UTC,15060156,15453408,175336,1.10,46856,598956,199616,1.25,205572,493372,216
cloud-k3s-pool-workers-worker4,1,2026-06-06 08:13:31 UTC,15060156,15453408,175336,1.10,46856,598956,199616,1.25,205572,493372,216
cloud-k3s-pool-workers-worker4,1,2026-06-06 08:13:32 UTC,15060156,15453408,175336,1.10,46856,598956,199616,1.25,205572,493372,216
cloud-k3s-pool-workers-worker4,1,2026-06-06 08:13:33 UTC,15060156,15453408,175296,1.10,46864,598988,199616,1.25,205572,493372,400
cloud-k3s-pool-workers-worker4,1,2026-06-06 08:13:34 UTC,15060156,15453416,175288,1.10,46864,598996,199616,1.25,205572,493380,268
cloud-k3s-pool-workers-worker4,1,2026-06-06 08:13:35 UTC,15060156,15453420,175272,1.10,46864,599008,199616,1.25,205572,493380,284
cloud-k3s-pool-workers-worker4,1,2026-06-06 08:13:36 UTC,15060156,15453420,175272,1.10,46864,599008,199616,1.25,205572,493380,284
cloud-k3s-pool-workers-worker4,1,2026-06-06 08:13:37 UTC,15060156,15453420,175272,1.10,46864,599008,199616,1.25,205572,493380,284
cloud-k3s-pool-workers-worker4,1,2026-06-06 08:13:38 UTC,15060156,15453488,175232,1.10,46872,599040,199616,1.25,205572,493448,452
cloud-k3s-pool-workers-worker4,1,2026-06-06 08:13:39 UTC,15059652,15452984,175728,1.10,46872,599048,199616,1.25,205572,493448,460
cloud-k3s-pool-workers-worker4,1,2026-06-06 08:13:40 UTC,15059652,15452984,175716,1.10,46872,599060,199616,1.25,205572,493448,200
cloud-k3s-pool-workers-worker4,1,2026-06-06 08:13:41 UTC,15059652,15452984,175716,1.10,46872,599060,199616,1.25,205572,493448,200
cloud-k3s-pool-workers-worker4,1,2026-06-06 08:13:42 UTC,15059652,15452984,175716,1.10,46872,599060,199616,1.25,205572,493448,200
cloud-k3s-pool-workers-worker4,1,2026-06-06 08:13:43 UTC,15059652,15453044,175680,1.10,46880,599088,199616,1.25,205572,493508,56
cloud-k3s-pool-workers-worker4,1,2026-06-06 08:13:44 UTC,15059652,15453044,175668,1.10,46880,599100,199616,1.25,205572,493508,68
cloud-k3s-pool-workers-worker4,1,2026-06-06 08:13:45 UTC,15059652,15453044,175660,1.10,46880,599108,199616,1.25,205572,493508,80
cloud-k3s-pool-workers-worker4,1,2026-06-06 08:13:46 UTC,15059652,15453044,175660,1.10,46880,599108,199616,1.25,205572,493508,80
cloud-k3s-pool-workers-worker4,1,2026-06-06 08:13:47 UTC,15059652,15453044,175660,1.10,46880,599108,199616,1.25,205572,493508,80
cloud-k3s-pool-workers-worker4,1,2026-06-06 08:13:48 UTC,15059652,15453104,175620,1.10,46888,599140,199616,1.25,205572,493568,256
cloud-k3s-pool-workers-worker4,1,2026-06-06 08:13:49 UTC,15059652,15453104,175608,1.10,46888,599152,199616,1.25,205572,493568,268
cloud-k3s-pool-workers-worker4,1,2026-06-06 08:13:50 UTC,15059652,15453104,175600,1.10,46888,599160,199616,1.25,205572,493568,104
cloud-k3s-pool-workers-worker4,1,2026-06-06 08:13:51 UTC,15059652,15453104,175600,1.10,46888,599160,199616,1.25,205572,493568,104
cloud-k3s-pool-workers-worker4,1,2026-06-06 08:13:52 UTC,15059652,15453104,175600,1.10,46888,599160,199616,1.25,205572,493568,104
cloud-k3s-pool-workers-worker4,1,2026-06-06 08:13:53 UTC,15059652,15453164,175556,1.10,46896,599192,199616,1.25,205572,493628,292
cloud-k3s-pool-workers-worker4,1,2026-06-06 08:13:54 UTC,15059652,15453164,175548,1.10,46896,599200,199616,1.25,205572,493628,300
cloud-k3s-pool-workers-worker4,1,2026-06-06 08:13:55 UTC,15059652,15453164,175536,1.10,46896,599212,199616,1.25,205572,493628,316
cloud-k3s-pool-workers-worker4,1,2026-06-06 08:13:56 UTC,15059652,15453164,175536,1.10,46896,599212,199616,1.25,205572,493628,316
cloud-k3s-pool-workers-worker4,1,2026-06-06 08:13:57 UTC,15059652,15453164,175536,1.10,46896,599212,199616,1.25,205572,493628,316
cloud-k3s-pool-workers-worker4,1,2026-06-06 08:13:58 UTC,15059652,15453164,175500,1.10,46904,599240,199616,1.25,205572,493628,356
cloud-k3s-pool-workers-worker4,1,2026-06-06 08:13:59 UTC,15059652,15453224,175488,1.10,46904,599252,199616,1.25,205572,493688,208
cloud-k3s-pool-workers-worker4,1,2026-06-06 08:14:00 UTC,15059652,15453224,175476,1.10,46904,599264,199616,1.25,205572,493688,208
cloud-k3s-pool-workers-worker4,1,2026-06-06 08:14:01 UTC,15059652,15453224,175476,1.10,46904,599264,199616,1.25,205572,493688,208
cloud-k3s-pool-workers-worker4,1,2026-06-06 08:14:02 UTC,15059652,15453224,175456,1.10,46904,599284,199616,1.25,205572,493688,228
cloud-k3s-pool-workers-worker4,1,2026-06-06 08:14:03 UTC,15059652,15453224,175448,1.10,46912,599284,199616,1.25,205572,493688,380
cloud-k3s-pool-workers-worker4,1,2026-06-06 08:14:04 UTC,15059652,15453224,175428,1.10,46912,599304,199616,1.25,205572,493688,404
cloud-k3s-pool-workers-worker4,1,2026-06-06 08:14:05 UTC,15059652,15453284,175420,1.10,46912,599312,199616,1.25,205572,493748,412
cloud-k3s-pool-workers-worker4,1,2026-06-06 08:14:06 UTC,15059652,15453288,175404,1.10,46912,599324,199616,1.25,205572,493748,424
cloud-k3s-pool-workers-worker4,1,2026-06-06 08:14:07 UTC,15059652,15453288,175396,1.10,46912,599332,199616,1.25,205572,493748,432
cloud-k3s-pool-workers-worker4,1,2026-06-06 08:14:08 UTC,15059652,15453288,175384,1.10,46920,599336,199616,1.25,205572,493748,452
cloud-k3s-pool-workers-worker4,1,2026-06-06 08:14:09 UTC,15059652,15453288,175368,1.10,46920,599352,199616,1.25,205572,493748,296
cloud-k3s-pool-workers-worker4,1,2026-06-06 08:14:10 UTC,15059652,15453288,175356,1.10,46920,599364,199616,1.25,205572,493748,308
cloud-k3s-pool-workers-worker4,1,2026-06-06 08:14:11 UTC,15059652,15453348,175348,1.10,46920,599372,199616,1.25,205572,493808,316
cloud-k3s-pool-workers-worker4,1,2026-06-06 08:14:12 UTC,15059652,15453348,175336,1.10,46920,599384,199616,1.25,205572,493808,68
cloud-k3s-pool-workers-worker4,1,2026-06-06 08:14:13 UTC,15059652,15453348,175324,1.10,46932,599384,199616,1.25,205572,493808,160
cloud-k3s-pool-workers-worker4,1,2026-06-06 08:14:14 UTC,15059652,15453408,175304,1.10,46932,599404,199616,1.25,205572,493868,200
cloud-k3s-pool-workers-worker4,1,2026-06-06 08:14:15 UTC,15059652,15453408,175304,1.10,46932,599404,199616,1.25,205572,493868,200
cloud-k3s-pool-workers-worker4,1,2026-06-06 08:14:16 UTC,15059652,15453408,175304,1.10,46932,599404,199616,1.25,205572,493868,200
cloud-k3s-pool-workers-worker4,1,2026-06-06 08:14:17 UTC,15059652,15453408,175304,1.10,46932,599404,199616,1.25,205572,493868,200
cloud-k3s-pool-workers-worker4,1,2026-06-06 08:14:18 UTC,15059652,15453468,175260,1.10,46940,599440,199616,1.25,205572,493928,240
cloud-k3s-pool-workers-worker4,1,2026-06-06 08:14:19 UTC,15059652,15453468,175248,1.10,46940,599452,199616,1.25,205572,493928,220
cloud-k3s-pool-workers-worker4,1,2026-06-06 08:14:20 UTC,15059652,15453468,175236,1.10,46940,599464,199616,1.25,205572,493928,228
cloud-k3s-pool-workers-worker4,1,2026-06-06 08:14:21 UTC,15059652,15453468,175236,1.10,46940,599464,199616,1.25,205572,493928,228
cloud-k3s-pool-workers-worker4,1,2026-06-06 08:14:22 UTC,15059652,15453468,175236,1.10,46940,599464,199616,1.25,205572,493928,228
cloud-k3s-pool-workers-worker4,1,2026-06-06 08:14:23 UTC,15059648,15453524,175196,1.10,46948,599496,199616,1.25,205572,493988,128
cloud-k3s-pool-workers-worker4,1,2026-06-06 08:14:24 UTC,15059648,15453524,175184,1.10,46948,599508,199616,1.25,205572,493988,140
cloud-k3s-pool-workers-worker4,1,2026-06-06 08:14:25 UTC,15059648,15453524,175176,1.10,46948,599516,199616,1.25,205572,493988,152
cloud-k3s-pool-workers-worker4,1,2026-06-06 08:14:26 UTC,15059648,15453524,175176,1.10,46948,599516,199616,1.25,205572,493988,152
cloud-k3s-pool-workers-worker4,1,2026-06-06 08:14:27 UTC,15059648,15453524,175156,1.10,46948,599536,199616,1.25,205572,493988,172
cloud-k3s-pool-workers-worker4,1,2026-06-06 08:14:28 UTC,15059648,15453524,175144,1.10,46956,599540,199616,1.25,205572,493988,324
cloud-k3s-pool-workers-worker4,1,2026-06-06 08:14:29 UTC,15059648,15453524,175144,1.10,46956,599540,199616,1.25,205572,493988,180
cloud-k3s-pool-workers-worker4,1,2026-06-06 08:14:30 UTC,15059648,15453584,175116,1.10,46956,599568,199616,1.25,205572,494048,188
cloud-k3s-pool-workers-worker4,1,2026-06-06 08:14:31 UTC,15059648,15453584,175108,1.10,46956,599576,199616,1.25,205572,494048,196
cloud-k3s-pool-workers-worker4,1,2026-06-06 08:14:32 UTC,15059648,15453584,175108,1.10,46956,599576,199616,1.25,205572,494048,196
cloud-k3s-pool-workers-worker4,1,2026-06-06 08:14:33 UTC,15059648,15453584,175088,1.10,46956,599596,199616,1.25,205572,494048,360
cloud-k3s-pool-workers-worker4,1,2026-06-06 08:14:34 UTC,15059648,15453584,175068,1.10,46964,599608,199616,1.25,205572,494048,392
cloud-k3s-pool-workers-worker4,1,2026-06-06 08:14:35 UTC,15059648,15453644,175060,1.10,46964,599616,199616,1.25,205572,494108,400
cloud-k3s-pool-workers-worker4,1,2026-06-06 08:14:36 UTC,15059648,15453644,175048,1.10,46964,599628,199616,1.25,205572,494108,412
cloud-k3s-pool-workers-worker4,1,2026-06-06 08:14:37 UTC,15059648,15453648,175032,1.10,46964,599640,199616,1.25,205572,494108,424
cloud-k3s-pool-workers-worker4,1,2026-06-06 08:14:38 UTC,15059648,15453648,175024,1.10,46964,599648,199616,1.25,205572,494108,444
cloud-k3s-pool-workers-worker4,1,2026-06-06 08:14:39 UTC,15059648,15453648,175012,1.09,46972,599652,199616,1.25,205572,494108,452
cloud-k3s-pool-workers-worker4,1,2026-06-06 08:14:40 UTC,15059648,15453648,174996,1.09,46972,599668,199616,1.25,205572,494108,304
cloud-k3s-pool-workers-worker4,1,2026-06-06 08:14:41 UTC,15059648,15453648,174996,1.09,46972,599668,199616,1.25,205572,494108,304
cloud-k3s-pool-workers-worker4,1,2026-06-06 08:14:42 UTC,15058640,15452700,175984,1.10,46972,599688,199616,1.25,205572,494168,16
cloud-k3s-pool-workers-worker4,1,2026-06-06 08:14:43 UTC,15058640,15452700,175972,1.10,46972,599700,199616,1.25,205572,494168,180
cloud-k3s-pool-workers-worker4,1,2026-06-06 08:14:44 UTC,15058636,15452696,175968,1.10,46972,599708,199616,1.25,205572,494168,44
cloud-k3s-pool-workers-worker4,1,2026-06-06 08:14:45 UTC,15058636,15452696,175944,1.10,46984,599720,199616,1.25,205572,494168,68
cloud-k3s-pool-workers-worker4,1,2026-06-06 08:14:46 UTC,15058636,15452696,175936,1.10,46984,599728,199616,1.25,205572,494168,76
cloud-k3s-pool-workers-worker4,1,2026-06-06 08:14:47 UTC,15058632,15452752,175928,1.10,46984,599740,199616,1.25,205572,494228,88
cloud-k3s-pool-workers-worker4,1,2026-06-06 08:14:48 UTC,15058632,15452752,175928,1.10,46984,599740,199616,1.25,205572,494228,232
cloud-k3s-pool-workers-worker4,1,2026-06-06 08:14:49 UTC,15058632,15452752,175928,1.10,46984,599740,199616,1.25,205572,494228,232
cloud-k3s-pool-workers-worker4,1,2026-06-06 08:14:50 UTC,15058628,15452748,175900,1.10,46984,599772,199616,1.25,205572,494228,232
cloud-k3s-pool-workers-worker4,1,2026-06-06 08:14:51 UTC,15058376,15452496,176144,1.10,46992,599772,199616,1.25,205572,494228,240
cloud-k3s-pool-workers-worker4,1,2026-06-06 08:14:52 UTC,15058624,15452804,175880,1.10,46992,599784,199616,1.25,205572,494288,252
cloud-k3s-pool-workers-worker4,1,2026-06-06 08:14:53 UTC,15058624,15452804,175864,1.10,46992,599800,199616,1.25,205572,494288,288
cloud-k3s-pool-workers-worker4,1,2026-06-06 08:14:54 UTC,15058624,15452804,175852,1.10,46992,599812,199616,1.25,205572,494288,300
cloud-k3s-pool-workers-worker4,1,2026-06-06 08:14:55 UTC,15058624,15452804,175844,1.10,46992,599820,199616,1.25,205572,494288,156
cloud-k3s-pool-workers-worker4,1,2026-06-06 08:14:56 UTC,15058624,15452804,175844,1.10,46992,599820,199616,1.25,205572,494288,140
cloud-k3s-pool-workers-worker4,1,2026-06-06 08:14:57 UTC,15058624,15452804,175844,1.10,47000,599812,199616,1.25,205572,494288,140
cloud-k3s-pool-workers-worker4,1,2026-06-06 08:14:58 UTC,15058624,15452864,175804,1.10,47000,599852,199616,1.25,205572,494348,332
cloud-k3s-pool-workers-worker4,1,2026-06-06 08:14:59 UTC,15058624,15452864,175796,1.10,47000,599860,199616,1.25,205572,494348,340
cloud-k3s-pool-workers-worker4,1,2026-06-06 08:15:00 UTC,15058620,15452860,175788,1.10,47000,599872,199616,1.25,205572,494348,204
cloud-k3s-pool-workers-worker4,1,2026-06-06 08:15:01 UTC,15058620,15452860,175776,1.10,47000,599884,199616,1.25,205572,494348,216
cloud-k3s-pool-workers-worker4,1,2026-06-06 08:15:02 UTC,15058616,15452896,175776,1.10,47000,599892,199616,1.25,205576,494388,208
cloud-k3s-pool-workers-worker4,1,2026-06-06 08:15:03 UTC,15058616,15452900,175756,1.10,47008,599904,199616,1.25,205572,494392,488
cloud-k3s-pool-workers-worker4,1,2026-06-06 08:15:04 UTC,15058616,15452900,175748,1.10,47008,599912,199616,1.25,205572,494392,496
cloud-k3s-pool-workers-worker4,1,2026-06-06 08:15:05 UTC,15058616,15452900,175736,1.10,47008,599924,199616,1.25,205572,494392,508
cloud-k3s-pool-workers-worker4,1,2026-06-06 08:15:06 UTC,15058616,15452900,175728,1.10,47008,599932,199616,1.25,205572,494392,516
cloud-k3s-pool-workers-worker4,1,2026-06-06 08:15:07 UTC,15058616,15452904,175712,1.10,47008,599944,199616,1.25,205572,494392,296
cloud-k3s-pool-workers-worker4,1,2026-06-06 08:15:08 UTC,15058364,15452712,175956,1.10,47016,599944,199616,1.25,205572,494452,416
cloud-k3s-pool-workers-worker4,1,2026-06-06 08:15:09 UTC,15058612,15453020,175688,1.10,47016,599964,199616,1.25,205572,494512,448
cloud-k3s-pool-workers-worker4,1,2026-06-06 08:15:10 UTC,15058612,15453020,175680,1.10,47016,599972,199616,1.25,205572,494512,456
cloud-k3s-pool-workers-worker4,1,2026-06-06 08:15:11 UTC,15058612,15453020,175668,1.10,47016,599984,199616,1.25,205572,494512,468
cloud-k3s-pool-workers-worker4,1,2026-06-06 08:15:12 UTC,15058612,15453020,175656,1.10,47016,599996,199616,1.25,205572,494512,480
cloud-k3s-pool-workers-worker4,1,2026-06-06 08:15:13 UTC,15058612,15453072,175648,1.10,47028,599992,199616,1.25,205572,494564,180
cloud-k3s-pool-workers-worker4,1,2026-06-06 08:15:14 UTC,15058580,15453052,175624,1.10,47028,600016,199616,1.25,205572,494576,16
cloud-k3s-pool-workers-worker4,1,2026-06-06 08:15:15 UTC,15058580,15453052,175616,1.10,47028,600024,199616,1.25,205572,494576,24
cloud-k3s-pool-workers-worker4,1,2026-06-06 08:15:16 UTC,15058580,15453052,175616,1.10,47028,600024,199616,1.25,205572,494576,24
cloud-k3s-pool-workers-worker4,1,2026-06-06 08:15:17 UTC,15058580,15453052,175596,1.10,47028,600044,199616,1.25,205572,494576,44
cloud-k3s-pool-workers-worker4,1,2026-06-06 08:15:18 UTC,15058580,15453052,175584,1.10,47036,600048,199616,1.25,205572,494576,208
cloud-k3s-pool-workers-worker4,1,2026-06-06 08:15:19 UTC,15058580,15453052,175584,1.10,47036,600048,199616,1.25,205572,494576,56
cloud-k3s-pool-workers-worker4,1,2026-06-06 08:15:20 UTC,15058576,15453108,175560,1.10,47036,600076,199616,1.25,205572,494636,96
cloud-k3s-pool-workers-worker4,1,2026-06-06 08:15:21 UTC,15058576,15453108,175552,1.10,47036,600084,199616,1.25,205572,494636,104
cloud-k3s-pool-workers-worker4,1,2026-06-06 08:15:22 UTC,15058576,15453108,175540,1.10,47036,600096,199616,1.25,205572,494636,116
cloud-k3s-pool-workers-worker4,1,2026-06-06 08:15:23 UTC,15058576,15453108,175524,1.10,47044,600100,199616,1.25,205572,494636,276
cloud-k3s-pool-workers-worker4,1,2026-06-06 08:15:24 UTC,15058576,15453108,175508,1.10,47044,600116,199616,1.25,205572,494636,264
cloud-k3s-pool-workers-worker4,1,2026-06-06 08:15:25 UTC,15058576,15453108,175496,1.10,47044,600128,199616,1.25,205572,494636,276
cloud-k3s-pool-workers-worker4,1,2026-06-06 08:15:26 UTC,15058576,15453168,175488,1.10,47044,600136,199616,1.25,205572,494696,284
cloud-k3s-pool-workers-worker4,1,2026-06-06 08:15:27 UTC,15058572,15453164,175480,1.10,47044,600148,199616,1.25,205572,494696,296
cloud-k3s-pool-workers-worker4,1,2026-06-06 08:15:28 UTC,15058572,15453164,175480,1.10,47052,600140,199616,1.25,205572,494696,308
cloud-k3s-pool-workers-worker4,1,2026-06-06 08:15:29 UTC,15058572,15453164,175480,1.10,47052,600140,199616,1.25,205572,494696,308
cloud-k3s-pool-workers-worker4,1,2026-06-06 08:15:30 UTC,15058572,15453184,175444,1.10,47052,600176,199616,1.25,205572,494716,192
cloud-k3s-pool-workers-worker4,1,2026-06-06 08:15:31 UTC,15058572,15453184,175432,1.10,47052,600188,199616,1.25,205572,494716,204
cloud-k3s-pool-workers-worker4,1,2026-06-06 08:15:32 UTC,15058572,15453184,175424,1.10,47052,600196,199616,1.25,205572,494716,212
cloud-k3s-pool-workers-worker4,1,2026-06-06 08:15:33 UTC,15058572,15453184,175412,1.10,47060,600200,199616,1.25,205572,494716,356
cloud-k3s-pool-workers-worker4,1,2026-06-06 08:15:34 UTC,15058600,15453320,175368,1.10,47060,600216,203064,1.27,207212,494824,528
cloud-k3s-pool-workers-worker4,1,2026-06-06 08:15:35 UTC,15058600,15453320,175356,1.10,47060,600228,203064,1.27,207212,494824,396
cloud-k3s-pool-workers-worker4,1,2026-06-06 08:15:36 UTC,15058600,15453320,175344,1.10,47060,600240,199616,1.25,205652,494824,424
cloud-k3s-pool-workers-worker4,1,2026-06-06 08:15:37 UTC,15058600,15453320,175344,1.10,47060,600240,199616,1.25,205652,494824,424
cloud-k3s-pool-workers-worker4,1,2026-06-06 08:15:38 UTC,15058600,15453348,175324,1.10,47068,600256,199616,1.25,205560,494848,520
cloud-k3s-pool-workers-worker4,1,2026-06-06 08:15:39 UTC,15058600,15453348,175316,1.10,47068,600264,199616,1.25,205560,494848,528
cloud-k3s-pool-workers-worker4,1,2026-06-06 08:15:40 UTC,15058600,15453348,175296,1.10,47068,600284,199616,1.25,205560,494848,556
cloud-k3s-pool-workers-worker4,1,2026-06-06 08:15:41 UTC,15058600,15453348,175296,1.10,47068,600284,199616,1.25,205560,494848,556
cloud-k3s-pool-workers-worker4,1,2026-06-06 08:15:42 UTC,15058600,15453348,175296,1.10,47068,600284,199616,1.25,205560,494848,556
cloud-k3s-pool-workers-worker4,1,2026-06-06 08:15:43 UTC,15058600,15453388,175260,1.10,47076,600312,199616,1.25,205564,494888,484
cloud-k3s-pool-workers-worker4,1,2026-06-06 08:15:44 UTC,15058600,15453428,175248,1.10,47076,600324,199616,1.25,205564,494928,148
cloud-k3s-pool-workers-worker4,1,2026-06-06 08:15:45 UTC,15058592,15453420,175248,1.10,47076,600332,199616,1.25,205564,494928,164
cloud-k3s-pool-workers-worker4,1,2026-06-06 08:15:46 UTC,15058592,15453420,175248,1.10,47076,600332,199616,1.25,205564,494928,164
cloud-k3s-pool-workers-worker4,1,2026-06-06 08:15:47 UTC,15058592,15453420,175248,1.10,47076,600332,199616,1.25,205564,494928,164
cloud-k3s-pool-workers-worker4,1,2026-06-06 08:15:48 UTC,15058592,15453420,175204,1.10,47088,600364,199616,1.25,205564,494928,232
cloud-k3s-pool-workers-worker4,1,2026-06-06 08:15:49 UTC,15058592,15453420,175192,1.10,47088,600376,199616,1.25,205564,494928,244
cloud-k3s-pool-workers-worker4,1,2026-06-06 08:15:50 UTC,15058592,15453480,175184,1.10,47088,600384,199616,1.25,205564,494988,88
cloud-k3s-pool-workers-worker4,1,2026-06-06 08:15:51 UTC,15058592,15453480,175184,1.10,47088,600384,199616,1.25,205564,494988,88
cloud-k3s-pool-workers-worker4,1,2026-06-06 08:15:52 UTC,15058592,15453508,175156,1.10,47088,600404,199616,1.25,205576,495016,108
cloud-k3s-pool-workers-worker4,1,2026-06-06 08:15:53 UTC,15058592,15453508,175132,1.10,47096,600416,199616,1.25,205576,495016,352
cloud-k3s-pool-workers-worker4,1,2026-06-06 08:15:54 UTC,15058592,15453508,175132,1.10,47096,600416,199616,1.25,205576,495016,352
cloud-k3s-pool-workers-worker4,1,2026-06-06 08:15:55 UTC,15058592,15453508,175132,1.10,47096,600416,199616,1.25,205576,495016,352
cloud-k3s-pool-workers-worker4,1,2026-06-06 08:15:56 UTC,15058592,15453568,175104,1.10,47096,600444,199616,1.25,205576,495076,132
cloud-k3s-pool-workers-worker4,1,2026-06-06 08:15:57 UTC,15058592,15453568,175092,1.10,47096,600456,199616,1.25,205576,495076,144
cloud-k3s-pool-workers-worker4,1,2026-06-06 08:15:58 UTC,15058592,15453568,175084,1.10,47104,600456,199616,1.25,205576,495076,292
cloud-k3s-pool-workers-worker4,1,2026-06-06 08:15:59 UTC,15058592,15453568,175072,1.10,47104,600468,199616,1.25,205576,495076,304
cloud-k3s-pool-workers-worker4,1,2026-06-06 08:16:00 UTC,15058584,15453560,175056,1.10,47104,600492,199616,1.25,205576,495076,336
cloud-k3s-pool-workers-worker4,1,2026-06-06 08:16:01 UTC,15058584,15453560,175048,1.10,47104,600500,199616,1.25,205576,495076,344
cloud-k3s-pool-workers-worker4,1,2026-06-06 08:16:02 UTC,15058584,15453620,175036,1.10,47104,600512,199616,1.25,205576,495136,356
cloud-k3s-pool-workers-worker4,1,2026-06-06 08:16:03 UTC,15058584,15453620,175036,1.10,47112,600504,199616,1.25,205576,495136,368
cloud-k3s-pool-workers-worker4,1,2026-06-06 08:16:04 UTC,15058584,15453644,175008,1.09,47112,600532,199616,1.25,205576,495160,216
cloud-k3s-pool-workers-worker4,1,2026-06-06 08:16:05 UTC,15058584,15453644,175000,1.09,47112,600540,199616,1.25,205576,495160,216
cloud-k3s-pool-workers-worker4,1,2026-06-06 08:16:06 UTC,15058584,15453644,175000,1.09,47112,600540,199616,1.25,205576,495160,216
cloud-k3s-pool-workers-worker4,1,2026-06-06 08:16:07 UTC,15058584,15453644,174980,1.09,47112,600560,199616,1.25,205576,495160,236
cloud-k3s-pool-workers-worker4,1,2026-06-06 08:16:08 UTC,15058584,15453704,174968,1.09,47120,600564,199616,1.25,205576,495220,392
cloud-k3s-pool-workers-worker4,1,2026-06-06 08:16:09 UTC,15058584,15453716,174948,1.09,47120,600580,199616,1.25,205576,495228,280
cloud-k3s-pool-workers-worker4,1,2026-06-06 08:16:10 UTC,15058584,15453716,174936,1.09,47120,600592,199616,1.25,205576,495228,292
cloud-k3s-pool-workers-worker4,1,2026-06-06 08:16:11 UTC,15058584,15453716,174924,1.09,47120,600604,199616,1.25,205576,495228,304
cloud-k3s-pool-workers-worker4,1,2026-06-06 08:16:12 UTC,15058584,15453716,174916,1.09,47120,600612,199616,1.25,205576,495228,312
cloud-k3s-pool-workers-worker4,1,2026-06-06 08:16:13 UTC,15058584,15453780,174896,1.09,47128,600624,199616,1.25,205576,495292,444
cloud-k3s-pool-workers-worker4,1,2026-06-06 08:16:14 UTC,15058584,15453788,174888,1.09,47128,600632,199616,1.25,205576,495300,144
cloud-k3s-pool-workers-worker4,1,2026-06-06 08:16:15 UTC,15058584,15453788,174876,1.09,47128,600644,199616,1.25,205576,495300,160
cloud-k3s-pool-workers-worker4,1,2026-06-06 08:16:16 UTC,15058584,15453788,174876,1.09,47128,600644,199616,1.25,205576,495300,160
cloud-k3s-pool-workers-worker4,1,2026-06-06 08:16:17 UTC,15058584,15453788,174856,1.09,47128,600664,199616,1.25,205576,495300,180
cloud-k3s-pool-workers-worker4,1,2026-06-06 08:16:18 UTC,15058584,15453788,174848,1.09,47140,600660,199616,1.25,205576,495300,200
cloud-k3s-pool-workers-worker4,1,2026-06-06 08:16:19 UTC,15058584,15453800,174824,1.09,47140,600684,199616,1.25,205576,495312,84
cloud-k3s-pool-workers-worker4,1,2026-06-06 08:16:20 UTC,15058584,15453800,174824,1.09,47140,600684,199616,1.25,205576,495312,84
cloud-k3s-pool-workers-worker4,1,2026-06-06 08:16:21 UTC,15058584,15453800,174824,1.09,47140,600684,199616,1.25,205576,495312,84
cloud-k3s-pool-workers-worker4,1,2026-06-06 08:16:22 UTC,15058584,15453800,174824,1.09,47140,600684,199616,1.25,205576,495312,84
cloud-k3s-pool-workers-worker4,1,2026-06-06 08:16:23 UTC,15058576,15453852,174784,1.09,47148,600724,199616,1.25,205576,495372,272
cloud-k3s-pool-workers-worker4,1,2026-06-06 08:16:24 UTC,15058576,15453896,174768,1.09,47148,600736,199616,1.25,205576,495416,108
cloud-k3s-pool-workers-worker4,1,2026-06-06 08:16:25 UTC,15058576,15453896,174760,1.09,47148,600744,199616,1.25,205576,495416,116
cloud-k3s-pool-workers-worker4,1,2026-06-06 08:16:26 UTC,15058576,15453896,174760,1.09,47148,600744,199616,1.25,205576,495416,116
cloud-k3s-pool-workers-worker4,1,2026-06-06 08:16:27 UTC,15058576,15453896,174740,1.09,47148,600764,199616,1.25,205576,495416,136
cloud-k3s-pool-workers-worker4,1,2026-06-06 08:16:28 UTC,15058576,15453896,174728,1.09,47156,600768,199616,1.25,205576,495416,296
cloud-k3s-pool-workers-worker4,1,2026-06-06 08:16:29 UTC,15058576,15453900,174708,1.09,47156,600784,199616,1.25,205576,495416,320
cloud-k3s-pool-workers-worker4,1,2026-06-06 08:16:30 UTC,15058576,15453960,174696,1.09,47156,600796,199616,1.25,205576,495476,332
cloud-k3s-pool-workers-worker4,1,2026-06-06 08:16:31 UTC,15058576,15453960,174688,1.09,47156,600804,199616,1.25,205576,495476,340
cloud-k3s-pool-workers-worker4,1,2026-06-06 08:16:32 UTC,15066640,15462024,166612,1.04,47156,600816,199616,1.25,205576,495476,352
cloud-k3s-pool-workers-worker4,1,2026-06-06 08:16:33 UTC,15066640,15462024,166604,1.04,47164,600816,199616,1.25,205576,495476,212
cloud-k3s-pool-workers-worker4,1,2026-06-06 08:16:34 UTC,15066640,15462048,166584,1.04,47164,600836,199616,1.25,205576,495500,208
cloud-k3s-pool-workers-worker4,1,2026-06-06 08:16:35 UTC,15066640,15462048,166572,1.04,47164,600848,199616,1.25,205576,495500,220
cloud-k3s-pool-workers-worker4,1,2026-06-06 08:16:36 UTC,15066640,15462108,166564,1.04,47164,600856,199616,1.25,205576,495560,228
cloud-k3s-pool-workers-worker4,1,2026-06-06 08:16:37 UTC,15066640,15462108,166552,1.04,47164,600868,199616,1.25,205576,495560,240
cloud-k3s-pool-workers-worker4,1,2026-06-06 08:16:38 UTC,15066640,15462108,166552,1.04,47172,600860,199616,1.25,205576,495560,384
cloud-k3s-pool-workers-worker4,1,2026-06-06 08:16:39 UTC,15066640,15462108,166520,1.04,47172,600888,199616,1.25,205576,495560,276
cloud-k3s-pool-workers-worker4,1,2026-06-06 08:16:40 UTC,15066640,15462108,166512,1.04,47172,600896,199616,1.25,205576,495560,284
cloud-k3s-pool-workers-worker4,1,2026-06-06 08:16:41 UTC,15066640,15462108,166500,1.04,47172,600908,199616,1.25,205576,495560,296
cloud-k3s-pool-workers-worker4,1,2026-06-06 08:16:42 UTC,15066640,15462168,166492,1.04,47172,600916,199616,1.25,205576,495620,304
cloud-k3s-pool-workers-worker4,1,2026-06-06 08:16:43 UTC,15066640,15462168,166480,1.04,47180,600920,199616,1.25,205576,495620,456
cloud-k3s-pool-workers-worker4,1,2026-06-06 08:16:44 UTC,15066640,15462188,166464,1.04,47180,600936,199616,1.25,205576,495640,448
cloud-k3s-pool-workers-worker4,1,2026-06-06 08:16:45 UTC,15066388,15461936,166704,1.04,47180,600948,199616,1.25,205576,495640,140
cloud-k3s-pool-workers-worker4,1,2026-06-06 08:16:46 UTC,15066388,15461936,166696,1.04,47180,600956,199616,1.25,205576,495640,152
cloud-k3s-pool-workers-worker4,1,2026-06-06 08:16:47 UTC,15066388,15461936,166684,1.04,47180,600968,199616,1.25,205576,495640,164
cloud-k3s-pool-workers-worker4,1,2026-06-06 08:16:48 UTC,15066388,15461936,166672,1.04,47192,600968,199616,1.25,205576,495640,188
cloud-k3s-pool-workers-worker4,1,2026-06-06 08:16:49 UTC,15066388,15461936,166652,1.04,47192,600988,199616,1.25,205576,495640,72
cloud-k3s-pool-workers-worker4,1,2026-06-06 08:16:50 UTC,15066388,15461996,166640,1.04,47192,601000,199616,1.25,205576,495700,84
cloud-k3s-pool-workers-worker4,1,2026-06-06 08:16:51 UTC,15066388,15461996,166632,1.04,47192,601008,199616,1.25,205576,495700,92
cloud-k3s-pool-workers-worker4,1,2026-06-06 08:16:52 UTC,15066388,15461996,166620,1.04,47192,601020,199616,1.25,205576,495700,104
cloud-k3s-pool-workers-worker4,1,2026-06-06 08:16:53 UTC,15066388,15461996,166612,1.04,47200,601020,199616,1.25,205576,495700,232
cloud-k3s-pool-workers-worker4,1,2026-06-06 08:16:54 UTC,15066388,15461996,166592,1.04,47200,601040,199616,1.25,205576,495700,240
cloud-k3s-pool-workers-worker4,1,2026-06-06 08:16:55 UTC,15066148,15461760,166804,1.04,47200,601048,199616,1.25,205576,495700,248
cloud-k3s-pool-workers-worker4,1,2026-06-06 08:16:56 UTC,15066148,15461820,166792,1.04,47200,601060,199616,1.25,205576,495760,260
cloud-k3s-pool-workers-worker4,1,2026-06-06 08:16:57 UTC,15066148,15461820,166784,1.04,47200,601068,199616,1.25,205576,495760,268
cloud-k3s-pool-workers-worker4,1,2026-06-06 08:16:58 UTC,15066148,15461820,166772,1.04,47208,601072,199616,1.25,205576,495760,136
cloud-k3s-pool-workers-worker4,1,2026-06-06 08:16:59 UTC,15066148,15461820,166752,1.04,47208,601092,199616,1.25,205576,495760,164
cloud-k3s-pool-workers-worker4,1,2026-06-06 08:17:00 UTC,15066148,15461820,166744,1.04,47208,601100,199616,1.25,205576,495760,172
cloud-k3s-pool-workers-worker4,1,2026-06-06 08:17:01 UTC,15066148,15461820,166744,1.04,47208,601100,199616,1.25,205576,495760,172
cloud-k3s-pool-workers-worker4,1,2026-06-06 08:17:02 UTC,15065640,15461372,167232,1.05,47212,601116,199616,1.25,205576,495820,352
cloud-k3s-pool-workers-worker4,1,2026-06-06 08:17:03 UTC,15065640,15461404,167204,1.05,47220,601132,199616,1.25,205560,495852,448
cloud-k3s-pool-workers-worker4,1,2026-06-06 08:17:04 UTC,15065640,15461404,167196,1.05,47220,601140,199616,1.25,205560,495852,196
cloud-k3s-pool-workers-worker4,1,2026-06-06 08:17:05 UTC,15065640,15461404,167184,1.05,47220,601152,199616,1.25,205560,495852,208
cloud-k3s-pool-workers-worker4,1,2026-06-06 08:17:06 UTC,15065640,15461444,167176,1.05,47220,601160,199616,1.25,205580,495892,216
cloud-k3s-pool-workers-worker4,1,2026-06-06 08:17:07 UTC,15065640,15461444,167164,1.05,47220,601172,199616,1.25,205580,495892,228
cloud-k3s-pool-workers-worker4,1,2026-06-06 08:17:08 UTC,15065640,15461444,167156,1.05,47228,601172,199616,1.25,205580,495892,376
cloud-k3s-pool-workers-worker4,1,2026-06-06 08:17:09 UTC,15065640,15461504,167136,1.05,47228,601192,199616,1.25,205580,495952,404
cloud-k3s-pool-workers-worker4,1,2026-06-06 08:17:10 UTC,15065136,15461000,167628,1.05,47228,601200,199616,1.25,205580,495952,412
cloud-k3s-pool-workers-worker4,1,2026-06-06 08:17:11 UTC,15065136,15461000,167616,1.05,47228,601212,199616,1.25,205580,495952,424
cloud-k3s-pool-workers-worker4,1,2026-06-06 08:17:12 UTC,15065136,15461060,167604,1.05,47228,601224,199616,1.25,205580,496012,436
cloud-k3s-pool-workers-worker4,1,2026-06-06 08:17:13 UTC,15065136,15461060,167596,1.05,47236,601224,199616,1.25,205580,496012,456
cloud-k3s-pool-workers-worker4,1,2026-06-06 08:17:14 UTC,15065136,15461060,167584,1.05,47236,601236,199616,1.25,205580,496012,468
cloud-k3s-pool-workers-worker4,1,2026-06-06 08:17:15 UTC,15065136,15461060,167568,1.05,47236,601252,199616,1.25,205580,496012,308
cloud-k3s-pool-workers-worker4,1,2026-06-06 08:17:16 UTC,15065136,15461068,167588,1.05,47236,601264,199616,1.25,205580,496020,0
cloud-k3s-pool-workers-worker4,1,2026-06-06 08:17:17 UTC,15065136,15461068,167580,1.05,47236,601272,199616,1.25,205580,496020,12
cloud-k3s-pool-workers-worker4,1,2026-06-06 08:17:18 UTC,15065136,15461068,167580,1.05,47248,601260,199616,1.25,205580,496020,156
cloud-k3s-pool-workers-worker4,1,2026-06-06 08:17:19 UTC,15064884,15460876,167800,1.05,47248,601292,199616,1.25,205580,496080,64
cloud-k3s-pool-workers-worker4,1,2026-06-06 08:17:20 UTC,15064884,15460876,167788,1.05,47248,601304,199616,1.25,205580,496080,76
cloud-k3s-pool-workers-worker4,1,2026-06-06 08:17:21 UTC,15064884,15460876,167780,1.05,47248,601312,199616,1.25,205580,496080,84
cloud-k3s-pool-workers-worker4,1,2026-06-06 08:17:22 UTC,15064884,15460876,167768,1.05,47248,601324,199616,1.25,205580,496080,96
cloud-k3s-pool-workers-worker4,1,2026-06-06 08:17:23 UTC,15064884,15460936,167756,1.05,47256,601328,199616,1.25,205580,496140,252
cloud-k3s-pool-workers-worker4,1,2026-06-06 08:17:24 UTC,15064884,15460936,167740,1.05,47256,601344,199616,1.25,205580,496140,228
cloud-k3s-pool-workers-worker4,1,2026-06-06 08:17:25 UTC,15064884,15460940,167724,1.05,47256,601356,199616,1.25,205580,496140,240
cloud-k3s-pool-workers-worker4,1,2026-06-06 08:17:26 UTC,15064884,15460940,167716,1.05,47256,601364,199616,1.25,205580,496140,248
cloud-k3s-pool-workers-worker4,1,2026-06-06 08:17:27 UTC,15064884,15460940,167704,1.05,47256,601376,199616,1.25,205580,496140,260
cloud-k3s-pool-workers-worker4,1,2026-06-06 08:17:28 UTC,15064884,15460940,167696,1.05,47264,601376,199616,1.25,205580,496140,280
cloud-k3s-pool-workers-worker4,1,2026-06-06 08:17:29 UTC,15064884,15461000,167676,1.05,47264,601396,199616,1.25,205580,496200,152
cloud-k3s-pool-workers-worker4,1,2026-06-06 08:17:30 UTC,15064884,15461000,167668,1.05,47264,601404,199616,1.25,205580,496200,160
cloud-k3s-pool-workers-worker4,1,2026-06-06 08:17:31 UTC,15064884,15461000,167656,1.05,47264,601416,199616,1.25,205580,496200,172
cloud-k3s-pool-workers-worker4,1,2026-06-06 08:17:32 UTC,15064884,15461000,167656,1.05,47264,601416,199616,1.25,205580,496200,172
cloud-k3s-pool-workers-worker4,1,2026-06-06 08:17:33 UTC,15064884,15461000,167636,1.05,47272,601428,199616,1.25,205580,496200,328
cloud-k3s-pool-workers-worker4,1,2026-06-06 08:17:34 UTC,15064884,15461000,167616,1.05,47272,601448,199616,1.25,205580,496200,188
cloud-k3s-pool-workers-worker4,1,2026-06-06 08:17:35 UTC,15064884,15461060,167608,1.05,47272,601456,199616,1.25,205580,496260,196
cloud-k3s-pool-workers-worker4,1,2026-06-06 08:17:36 UTC,15064884,15461060,167596,1.05,47272,601468,199616,1.25,205580,496260,208
cloud-k3s-pool-workers-worker4,1,2026-06-06 08:17:37 UTC,15064884,15461060,167588,1.05,47272,601476,199616,1.25,205580,496260,216
cloud-k3s-pool-workers-worker4,1,2026-06-06 08:17:38 UTC,15064884,15461060,167576,1.05,47280,601480,199616,1.25,205580,496260,368
cloud-k3s-pool-workers-worker4,1,2026-06-06 08:17:39 UTC,15064884,15461060,167560,1.05,47280,601496,199616,1.25,205580,496260,392
cloud-k3s-pool-workers-worker4,1,2026-06-06 08:17:40 UTC,15064884,15461060,167548,1.05,47280,601508,199616,1.25,205580,496260,404
cloud-k3s-pool-workers-worker4,1,2026-06-06 08:17:41 UTC,15064884,15461120,167536,1.05,47280,601516,199616,1.25,205580,496320,412
cloud-k3s-pool-workers-worker4,1,2026-06-06 08:17:42 UTC,15064884,15461120,167524,1.05,47280,601528,199616,1.25,205580,496320,424
cloud-k3s-pool-workers-worker4,1,2026-06-06 08:17:43 UTC,15064884,15461120,167516,1.05,47288,601528,199616,1.25,205580,496320,444
cloud-k3s-pool-workers-worker4,1,2026-06-06 08:17:44 UTC,15064884,15461120,167504,1.05,47288,601540,199616,1.25,205580,496320,456
cloud-k3s-pool-workers-worker4,1,2026-06-06 08:17:45 UTC,15064884,15461120,167488,1.05,47288,601556,199616,1.25,205580,496320,296
cloud-k3s-pool-workers-worker4,1,2026-06-06 08:17:46 UTC,15064884,15461120,167476,1.05,47288,601568,199616,1.25,205580,496320,308
cloud-k3s-pool-workers-worker4,1,2026-06-06 08:17:47 UTC,15064884,15461180,167464,1.05,47288,601580,199616,1.25,205580,496380,0
cloud-k3s-pool-workers-worker4,1,2026-06-06 08:17:48 UTC,15064884,15461180,167456,1.05,47300,601576,199616,1.25,205580,496380,152
cloud-k3s-pool-workers-worker4,1,2026-06-06 08:17:49 UTC,15064884,15461240,167432,1.05,47300,601600,199616,1.25,205580,496440,52
cloud-k3s-pool-workers-worker4,1,2026-06-06 08:17:50 UTC,15064884,15461240,167432,1.05,47300,601600,199616,1.25,205580,496440,52
cloud-k3s-pool-workers-worker4,1,2026-06-06 08:17:51 UTC,15064884,15461240,167432,1.05,47300,601600,199616,1.25,205580,496440,52
cloud-k3s-pool-workers-worker4,1,2026-06-06 08:17:52 UTC,15064884,15461240,167432,1.05,47300,601600,199616,1.25,205580,496440,52
cloud-k3s-pool-workers-worker4,1,2026-06-06 08:17:53 UTC,15064884,15461420,167256,1.05,47308,601768,199616,1.25,205700,496500,236
cloud-k3s-pool-workers-worker4,1,2026-06-06 08:17:54 UTC,15064884,15461420,167248,1.05,47308,601776,199616,1.25,205700,496500,244
cloud-k3s-pool-workers-worker4,1,2026-06-06 08:17:55 UTC,15064884,15461420,167236,1.05,47308,601788,199616,1.25,205700,496500,228
cloud-k3s-pool-workers-worker4,1,2026-06-06 08:17:56 UTC,15064884,15461420,167236,1.05,47308,601788,199616,1.25,205700,496500,228
cloud-k3s-pool-workers-worker4,1,2026-06-06 08:17:57 UTC,15064884,15461420,167236,1.05,47308,601788,199616,1.25,205700,496500,228
cloud-k3s-pool-workers-worker4,1,2026-06-06 08:17:58 UTC,15064876,15461416,167196,1.05,47316,601820,199616,1.25,205700,496500,128
cloud-k3s-pool-workers-worker4,1,2026-06-06 08:17:59 UTC,15064876,15461476,167188,1.05,47316,601828,199616,1.25,205700,496560,136
cloud-k3s-pool-workers-worker4,1,2026-06-06 08:18:00 UTC,15064876,15461476,167176,1.05,47316,601840,199616,1.25,205700,496560,152
cloud-k3s-pool-workers-worker4,1,2026-06-06 08:18:01 UTC,15064876,15461476,167176,1.05,47316,601840,199616,1.25,205700,496560,152
cloud-k3s-pool-workers-worker4,1,2026-06-06 08:18:02 UTC,15064876,15461476,167176,1.05,47316,601840,199616,1.25,205700,496560,152
cloud-k3s-pool-workers-worker4,1,2026-06-06 08:18:03 UTC,15064876,15461476,167140,1.05,47324,601868,199616,1.25,205700,496560,328
cloud-k3s-pool-workers-worker4,1,2026-06-06 08:18:04 UTC,15064876,15461476,167128,1.05,47324,601880,199616,1.25,205700,496560,340
cloud-k3s-pool-workers-worker4,1,2026-06-06 08:18:05 UTC,15064876,15461536,167120,1.05,47324,601888,199616,1.25,205700,496620,184
cloud-k3s-pool-workers-worker4,1,2026-06-06 08:18:06 UTC,15064876,15461536,167120,1.05,47324,601888,199616,1.25,205700,496620,184
cloud-k3s-pool-workers-worker4,1,2026-06-06 08:18:07 UTC,15064876,15461536,167120,1.05,47324,601888,199616,1.25,205700,496620,184
cloud-k3s-pool-workers-worker4,1,2026-06-06 08:18:08 UTC,15064876,15461536,167080,1.05,47332,601920,199616,1.25,205700,496620,368
cloud-k3s-pool-workers-worker4,1,2026-06-06 08:18:09 UTC,15064876,15461536,167072,1.05,47332,601928,199616,1.25,205700,496620,376
cloud-k3s-pool-workers-worker4,1,2026-06-06 08:18:10 UTC,15064876,15461536,167060,1.05,47332,601940,199616,1.25,205700,496620,392
cloud-k3s-pool-workers-worker4,1,2026-06-06 08:18:11 UTC,15064876,15461536,167060,1.05,47332,601940,199616,1.25,205700,496620,392
cloud-k3s-pool-workers-worker4,1,2026-06-06 08:18:12 UTC,15064876,15461536,167060,1.05,47332,601940,199616,1.25,205700,496620,392
cloud-k3s-pool-workers-worker4,1,2026-06-06 08:18:13 UTC,15064372,15461096,167528,1.05,47340,601964,199616,1.25,205700,496680,436
cloud-k3s-pool-workers-worker4,1,2026-06-06 08:18:14 UTC,15064372,15461096,167520,1.05,47340,601972,199616,1.25,205700,496680,444
cloud-k3s-pool-workers-worker4,1,2026-06-06 08:18:15 UTC,15064372,15461096,167500,1.05,47340,601992,199616,1.25,205700,496680,288
cloud-k3s-pool-workers-worker4,1,2026-06-06 08:18:16 UTC,15064372,15461096,167500,1.05,47340,601992,199616,1.25,205700,496680,288
cloud-k3s-pool-workers-worker4,1,2026-06-06 08:18:17 UTC,15064372,15461096,167500,1.05,47340,601992,199616,1.25,205700,496680,28
cloud-k3s-pool-workers-worker4,1,2026-06-06 08:18:18 UTC,15064372,15461156,167460,1.05,47352,602020,199616,1.25,205700,496740,176
cloud-k3s-pool-workers-worker4,1,2026-06-06 08:18:19 UTC,15064372,15461156,167448,1.05,47352,602032,199616,1.25,205700,496740,188
cloud-k3s-pool-workers-worker4,1,2026-06-06 08:18:20 UTC,15064372,15461156,167440,1.05,47352,602040,199616,1.25,205700,496740,200
cloud-k3s-pool-workers-worker4,1,2026-06-06 08:18:21 UTC,15064372,15461156,167440,1.05,47352,602040,199616,1.25,205700,496740,200
cloud-k3s-pool-workers-worker4,1,2026-06-06 08:18:22 UTC,15064372,15461156,167440,1.05,47352,602040,199616,1.25,205700,496740,200
cloud-k3s-pool-workers-worker4,1,2026-06-06 08:18:23 UTC,15064372,15461276,167400,1.05,47360,602072,199616,1.25,205700,496860,244
cloud-k3s-pool-workers-worker4,1,2026-06-06 08:18:24 UTC,15064372,15461276,167388,1.05,47360,602084,199616,1.25,205700,496860,256
cloud-k3s-pool-workers-worker4,1,2026-06-06 08:18:25 UTC,15064372,15461276,167380,1.05,47360,602092,199616,1.25,205700,496860,84
cloud-k3s-pool-workers-worker4,1,2026-06-06 08:18:26 UTC,15064372,15461276,167380,1.05,47360,602092,199616,1.25,205700,496860,84
cloud-k3s-pool-workers-worker4,1,2026-06-06 08:18:27 UTC,15064372,15461276,167380,1.05,47360,602092,199616,1.25,205700,496860,84
cloud-k3s-pool-workers-worker4,1,2026-06-06 08:18:28 UTC,15064372,15461336,167336,1.05,47368,602124,199616,1.25,205700,496920,268
cloud-k3s-pool-workers-worker4,1,2026-06-06 08:18:29 UTC,15064372,15461348,167328,1.05,47368,602132,199616,1.25,205700,496932,136
cloud-k3s-pool-workers-worker4,1,2026-06-06 08:18:30 UTC,15064372,15461348,167316,1.05,47368,602144,199616,1.25,205700,496932,152
cloud-k3s-pool-workers-worker4,1,2026-06-06 08:18:31 UTC,15064372,15461348,167316,1.05,47368,602144,199616,1.25,205700,496932,152
cloud-k3s-pool-workers-worker4,1,2026-06-06 08:18:32 UTC,15064372,15461348,167316,1.05,47368,602144,199616,1.25,205700,496932,152
cloud-k3s-pool-workers-worker4,1,2026-06-06 08:18:33 UTC,15064624,15461600,167028,1.05,47376,602172,199616,1.25,205700,496932,324
cloud-k3s-pool-workers-worker4,1,2026-06-06 08:18:34 UTC,15064624,15461668,167016,1.04,47376,602184,199616,1.25,205700,497000,324
cloud-k3s-pool-workers-worker4,1,2026-06-06 08:18:35 UTC,15064624,15461668,167004,1.04,47376,602196,199616,1.25,205700,497000,332
cloud-k3s-pool-workers-worker4,1,2026-06-06 08:18:36 UTC,15064624,15461668,167004,1.04,47376,602196,199616,1.25,205700,497000,332
cloud-k3s-pool-workers-worker4,1,2026-06-06 08:18:37 UTC,15064624,15461668,167004,1.04,47376,602196,199616,1.25,205700,497000,332
cloud-k3s-pool-workers-worker4,1,2026-06-06 08:18:38 UTC,15064624,15461668,166968,1.04,47384,602224,199616,1.25,205700,497000,384
cloud-k3s-pool-workers-worker4,1,2026-06-06 08:18:39 UTC,15064624,15461668,166956,1.04,47384,602236,199616,1.25,205700,497000,396
cloud-k3s-pool-workers-worker4,1,2026-06-06 08:18:40 UTC,15064624,15461728,166948,1.04,47384,602244,199616,1.25,205700,497060,252
cloud-k3s-pool-workers-worker4,1,2026-06-06 08:18:41 UTC,15064624,15461728,166948,1.04,47384,602244,199616,1.25,205700,497060,252
cloud-k3s-pool-workers-worker4,1,2026-06-06 08:18:42 UTC,15064624,15461728,166948,1.04,47384,602244,199616,1.25,205700,497060,252
cloud-k3s-pool-workers-worker4,1,2026-06-06 08:18:43 UTC,15064624,15461748,166904,1.04,47392,602276,199616,1.25,205700,497076,432
cloud-k3s-pool-workers-worker4,1,2026-06-06 08:18:44 UTC,15064624,15461748,166896,1.04,47392,602284,199616,1.25,205700,497076,300
cloud-k3s-pool-workers-worker4,1,2026-06-06 08:18:45 UTC,15064624,15461748,166884,1.04,47392,602296,199616,1.25,205700,497076,288
cloud-k3s-pool-workers-worker4,1,2026-06-06 08:18:46 UTC,15064624,15461748,166884,1.04,47392,602296,199616,1.25,205700,497076,288
cloud-k3s-pool-workers-worker4,1,2026-06-06 08:18:47 UTC,15064624,15461748,166884,1.04,47392,602296,199616,1.25,205700,497076,288
cloud-k3s-pool-workers-worker4,1,2026-06-06 08:18:48 UTC,15064624,15461808,166848,1.04,47392,602332,199616,1.25,205700,497136,148
cloud-k3s-pool-workers-worker4,1,2026-06-06 08:18:49 UTC,15064624,15461808,166840,1.04,47404,602328,199616,1.25,205700,497136,160
cloud-k3s-pool-workers-worker4,1,2026-06-06 08:18:50 UTC,15064624,15461808,166816,1.04,47404,602352,199616,1.25,205700,497136,200
cloud-k3s-pool-workers-worker4,1,2026-06-06 08:18:51 UTC,15064624,15461808,166816,1.04,47404,602352,199616,1.25,205700,497136,200
cloud-k3s-pool-workers-worker4,1,2026-06-06 08:18:52 UTC,15064624,15461808,166816,1.04,47404,602352,199616,1.25,205700,497136,200
cloud-k3s-pool-workers-worker4,1,2026-06-06 08:18:53 UTC,15064624,15461868,166788,1.04,47404,602380,199616,1.25,205700,497196,236
cloud-k3s-pool-workers-worker4,1,2026-06-06 08:18:54 UTC,15064624,15461868,166776,1.04,47412,602384,199616,1.25,205700,497196,248
cloud-k3s-pool-workers-worker4,1,2026-06-06 08:18:55 UTC,15064624,15461868,166760,1.04,47412,602400,199616,1.25,205700,497196,96
cloud-k3s-pool-workers-worker4,1,2026-06-06 08:18:56 UTC,15064624,15461868,166760,1.04,47412,602400,199616,1.25,205700,497196,96
cloud-k3s-pool-workers-worker4,1,2026-06-06 08:18:57 UTC,15064624,15461868,166760,1.04,47412,602400,199616,1.25,205700,497196,96
cloud-k3s-pool-workers-worker4,1,2026-06-06 08:18:58 UTC,15064624,15461928,166724,1.04,47412,602432,199616,1.25,205700,497256,272
cloud-k3s-pool-workers-worker4,1,2026-06-06 08:18:59 UTC,15064624,15461928,166712,1.04,47412,602444,199616,1.25,205700,497256,284
cloud-k3s-pool-workers-worker4,1,2026-06-06 08:19:00 UTC,15064624,15461928,166696,1.04,47420,602452,199616,1.25,205700,497256,140
cloud-k3s-pool-workers-worker4,1,2026-06-06 08:19:01 UTC,15064624,15461928,166696,1.04,47420,602452,199616,1.25,205700,497256,140
cloud-k3s-pool-workers-worker4,1,2026-06-06 08:19:02 UTC,15064624,15461928,166696,1.04,47420,602452,199616,1.25,205700,497256,140
cloud-k3s-pool-workers-worker4,1,2026-06-06 08:19:03 UTC,15064624,15461928,166664,1.04,47420,602484,199616,1.25,205700,497256,312
cloud-k3s-pool-workers-worker4,1,2026-06-06 08:19:04 UTC,15064624,15461988,166656,1.04,47420,602492,199616,1.25,205700,497316,320
cloud-k3s-pool-workers-worker4,1,2026-06-06 08:19:05 UTC,15064624,15461992,166636,1.04,47428,602504,199616,1.25,205700,497320,316
cloud-k3s-pool-workers-worker4,1,2026-06-06 08:19:06 UTC,15064624,15461992,166636,1.04,47428,602504,199616,1.25,205700,497320,316
cloud-k3s-pool-workers-worker4,1,2026-06-06 08:19:07 UTC,15064624,15461992,166636,1.04,47428,602504,199616,1.25,205700,497320,316
cloud-k3s-pool-workers-worker4,1,2026-06-06 08:19:08 UTC,15064624,15461992,166608,1.04,47428,602532,199616,1.25,205700,497320,360
cloud-k3s-pool-workers-worker4,1,2026-06-06 08:19:09 UTC,15064624,15461992,166596,1.04,47428,602544,199616,1.25,205700,497320,372
cloud-k3s-pool-workers-worker4,1,2026-06-06 08:19:10 UTC,15064624,15462052,166584,1.04,47428,602556,199616,1.25,205700,497380,232
cloud-k3s-pool-workers-worker4,1,2026-06-06 08:19:11 UTC,15064624,15462052,166584,1.04,47436,602548,199616,1.25,205700,497380,232
cloud-k3s-pool-workers-worker4,1,2026-06-06 08:19:12 UTC,15064624,15462052,166584,1.04,47436,602548,199616,1.25,205700,497380,232
cloud-k3s-pool-workers-worker4,1,2026-06-06 08:19:13 UTC,15064876,15462308,166288,1.04,47436,602584,199616,1.25,205700,497380,420
cloud-k3s-pool-workers-worker4,1,2026-06-06 08:19:14 UTC,15064876,15462308,166276,1.04,47436,602596,199616,1.25,205700,497380,432
cloud-k3s-pool-workers-worker4,1,2026-06-06 08:19:15 UTC,15064876,15462308,166268,1.04,47436,602604,199616,1.25,205700,497380,296
cloud-k3s-pool-workers-worker4,1,2026-06-06 08:19:16 UTC,15063868,15461300,167276,1.05,47436,602604,199616,1.25,205700,497380,276
cloud-k3s-pool-workers-worker4,1,2026-06-06 08:19:17 UTC,15063868,15461300,167276,1.05,47444,602596,199616,1.25,205700,497380,276
cloud-k3s-pool-workers-worker4,1,2026-06-06 08:19:18 UTC,15063868,15461360,167236,1.05,47444,602636,199616,1.25,205700,497440,464
cloud-k3s-pool-workers-worker4,1,2026-06-06 08:19:19 UTC,15063868,15461360,167228,1.05,47444,602644,199616,1.25,205700,497440,212
cloud-k3s-pool-workers-worker4,1,2026-06-06 08:19:20 UTC,15063868,15461360,167216,1.05,47444,602656,199616,1.25,205700,497440,176
cloud-k3s-pool-workers-worker4,1,2026-06-06 08:19:21 UTC,15063868,15461360,167208,1.05,47444,602664,199616,1.25,205700,497440,184
cloud-k3s-pool-workers-worker4,1,2026-06-06 08:19:22 UTC,15063868,15461420,167196,1.05,47444,602676,199616,1.25,205700,497500,196
cloud-k3s-pool-workers-worker4,1,2026-06-06 08:19:23 UTC,15063868,15461480,167172,1.05,47456,602688,199616,1.25,205700,497560,80
cloud-k3s-pool-workers-worker4,1,2026-06-06 08:19:24 UTC,15063868,15461480,167172,1.05,47456,602688,199616,1.25,205700,497560,80
cloud-k3s-pool-workers-worker4,1,2026-06-06 08:19:25 UTC,15063868,15461480,167152,1.05,47456,602708,199616,1.25,205700,497560,96
cloud-k3s-pool-workers-worker4,1,2026-06-06 08:19:26 UTC,15063868,15461480,167144,1.05,47456,602716,199616,1.25,205700,497560,104
cloud-k3s-pool-workers-worker4,1,2026-06-06 08:19:27 UTC,15063868,15461540,167132,1.05,47456,602728,199616,1.25,205700,497620,116
cloud-k3s-pool-workers-worker4,1,2026-06-06 08:19:28 UTC,15063868,15461544,167112,1.05,47464,602736,199616,1.25,205700,497620,248
cloud-k3s-pool-workers-worker4,1,2026-06-06 08:19:29 UTC,15063868,15461544,167100,1.05,47464,602748,199616,1.25,205700,497620,120
cloud-k3s-pool-workers-worker4,1,2026-06-06 08:19:30 UTC,15063868,15461544,167092,1.05,47464,602756,199616,1.25,205700,497620,132
cloud-k3s-pool-workers-worker4,1,2026-06-06 08:19:31 UTC,15063868,15461544,167092,1.05,47464,602756,199616,1.25,205700,497620,132
cloud-k3s-pool-workers-worker4,1,2026-06-06 08:19:32 UTC,15063868,15461544,167092,1.05,47464,602756,199616,1.25,205700,497620,132
cloud-k3s-pool-workers-worker4,1,2026-06-06 08:19:33 UTC,15063868,15461604,167052,1.05,47472,602788,199616,1.25,205700,497680,304
cloud-k3s-pool-workers-worker4,1,2026-06-06 08:19:34 UTC,15063868,15461604,167040,1.05,47472,602800,199616,1.25,205700,497680,316
cloud-k3s-pool-workers-worker4,1,2026-06-06 08:19:35 UTC,15063868,15461604,167032,1.05,47472,602808,199616,1.25,205700,497680,308
cloud-k3s-pool-workers-worker4,1,2026-06-06 08:19:36 UTC,15063868,15461604,167032,1.05,47472,602808,199616,1.25,205700,497680,308
cloud-k3s-pool-workers-worker4,1,2026-06-06 08:19:37 UTC,15063868,15461604,167032,1.05,47472,602808,199616,1.25,205700,497680,308
cloud-k3s-pool-workers-worker4,1,2026-06-06 08:19:38 UTC,15063868,15461604,166992,1.04,47480,602840,199616,1.25,205700,497680,360
cloud-k3s-pool-workers-worker4,1,2026-06-06 08:19:39 UTC,15063868,15461664,166984,1.04,47480,602848,199616,1.25,205700,497740,368
cloud-k3s-pool-workers-worker4,1,2026-06-06 08:19:40 UTC,15063868,15461664,166972,1.04,47480,602860,199616,1.25,205700,497740,236
cloud-k3s-pool-workers-worker4,1,2026-06-06 08:19:41 UTC,15063868,15461664,166972,1.04,47480,602860,199616,1.25,205700,497740,236
cloud-k3s-pool-workers-worker4,1,2026-06-06 08:19:42 UTC,15063868,15461664,166972,1.04,47480,602860,199616,1.25,205700,497740,236
cloud-k3s-pool-workers-worker4,1,2026-06-06 08:19:43 UTC,15063868,15461664,166936,1.04,47488,602888,199616,1.25,205700,497740,404
cloud-k3s-pool-workers-worker4,1,2026-06-06 08:19:44 UTC,15063868,15461664,166920,1.04,47488,602900,199616,1.25,205700,497740,416
cloud-k3s-pool-workers-worker4,1,2026-06-06 08:19:45 UTC,15063868,15461724,166908,1.04,47488,602912,199616,1.25,205700,497800,412
cloud-k3s-pool-workers-worker4,1,2026-06-06 08:19:46 UTC,15063868,15461724,166908,1.04,47488,602912,199616,1.25,205700,497800,412
cloud-k3s-pool-workers-worker4,1,2026-06-06 08:19:47 UTC,15063868,15461724,166908,1.04,47488,602912,199616,1.25,205700,497800,412
cloud-k3s-pool-workers-worker4,1,2026-06-06 08:19:48 UTC,15064120,15461976,166620,1.04,47496,602940,199616,1.25,205700,497800,312
cloud-k3s-pool-workers-worker4,1,2026-06-06 08:19:49 UTC,15064120,15461976,166608,1.04,47496,602952,199616,1.25,205700,497800,12
cloud-k3s-pool-workers-worker4,1,2026-06-06 08:19:50 UTC,15064120,15461976,166600,1.04,47496,602960,199616,1.25,205700,497800,28
cloud-k3s-pool-workers-worker4,1,2026-06-06 08:19:51 UTC,15064120,15461976,166600,1.04,47496,602960,199616,1.25,205700,497800,28
cloud-k3s-pool-workers-worker4,1,2026-06-06 08:19:52 UTC,15064120,15461976,166600,1.04,47496,602960,199616,1.25,205700,497800,28
cloud-k3s-pool-workers-worker4,1,2026-06-06 08:19:53 UTC,15064120,15462036,166556,1.04,47508,602992,199616,1.25,205700,497860,216
cloud-k3s-pool-workers-worker4,1,2026-06-06 08:19:54 UTC,15064120,15462036,166548,1.04,47508,603000,199616,1.25,205700,497860,224
cloud-k3s-pool-workers-worker4,1,2026-06-06 08:19:55 UTC,15064112,15462028,166544,1.04,47508,603012,199616,1.25,205700,497860,64
cloud-k3s-pool-workers-worker4,1,2026-06-06 08:19:56 UTC,15064112,15462028,166544,1.04,47508,603012,199616,1.25,205700,497860,64
cloud-k3s-pool-workers-worker4,1,2026-06-06 08:19:57 UTC,15064112,15462028,166544,1.04,47508,603012,199616,1.25,205700,497860,64
cloud-k3s-pool-workers-worker4,1,2026-06-06 08:19:58 UTC,15064112,15462148,166504,1.04,47516,603044,199616,1.25,205700,497980,244
cloud-k3s-pool-workers-worker4,1,2026-06-06 08:19:59 UTC,15064112,15462152,166492,1.04,47516,603052,199616,1.25,205700,497980,252
cloud-k3s-pool-workers-worker4,1,2026-06-06 08:20:00 UTC,15064112,15462152,166480,1.04,47516,603064,199616,1.25,205700,497980,268
cloud-k3s-pool-workers-worker4,1,2026-06-06 08:20:01 UTC,15064112,15462152,166480,1.04,47516,603064,199616,1.25,205700,497980,268
cloud-k3s-pool-workers-worker4,1,2026-06-06 08:20:02 UTC,15064112,15462152,166480,1.04,47516,603064,199616,1.25,205700,497980,268
cloud-k3s-pool-workers-worker4,1,2026-06-06 08:20:03 UTC,15064104,15462204,166452,1.04,47524,603092,199616,1.25,205700,498040,160
cloud-k3s-pool-workers-worker4,1,2026-06-06 08:20:04 UTC,15064104,15462204,166440,1.04,47524,603104,199616,1.25,205700,498040,172
cloud-k3s-pool-workers-worker4,1,2026-06-06 08:20:05 UTC,15064104,15462204,166432,1.04,47524,603112,199616,1.25,205700,498040,164
cloud-k3s-pool-workers-worker4,1,2026-06-06 08:20:06 UTC,15064104,15462204,166432,1.04,47524,603112,199616,1.25,205700,498040,164
cloud-k3s-pool-workers-worker4,1,2026-06-06 08:20:07 UTC,15064104,15462204,166432,1.04,47524,603112,199616,1.25,205700,498040,164
cloud-k3s-pool-workers-worker4,1,2026-06-06 08:20:08 UTC,15064104,15462204,166392,1.04,47532,603144,199616,1.25,205700,498040,348
cloud-k3s-pool-workers-worker4,1,2026-06-06 08:20:09 UTC,15064104,15462272,166380,1.04,47532,603156,199616,1.25,205708,498100,220
cloud-k3s-pool-workers-worker4,1,2026-06-06 08:20:10 UTC,15064096,15462264,166380,1.04,47532,603164,199616,1.25,205708,498100,232
cloud-k3s-pool-workers-worker4,1,2026-06-06 08:20:11 UTC,15064096,15462264,166368,1.04,47532,603176,199616,1.25,205708,498100,244
cloud-k3s-pool-workers-worker4,1,2026-06-06 08:20:12 UTC,15064096,15462264,166360,1.04,47532,603184,199616,1.25,205708,498100,252
cloud-k3s-pool-workers-worker4,1,2026-06-06 08:20:13 UTC,15064096,15462264,166340,1.04,47540,603196,199616,1.25,205708,498100,400
cloud-k3s-pool-workers-worker4,1,2026-06-06 08:20:14 UTC,15064096,15462272,166312,1.04,47540,603204,199616,1.25,205708,498100,396
cloud-k3s-pool-workers-worker4,1,2026-06-06 08:20:15 UTC,15064096,15462332,166300,1.04,47540,603216,199616,1.25,205708,498160,404
cloud-k3s-pool-workers-worker4,1,2026-06-06 08:20:16 UTC,15064096,15462332,166300,1.04,47540,603216,199616,1.25,205708,498160,404
cloud-k3s-pool-workers-worker4,1,2026-06-06 08:20:17 UTC,15064096,15462332,166300,1.04,47540,603216,199616,1.25,205708,498160,404
cloud-k3s-pool-workers-worker4,1,2026-06-06 08:20:18 UTC,15064096,15462332,166264,1.04,47548,603244,199616,1.25,205708,498160,452
cloud-k3s-pool-workers-worker4,1,2026-06-06 08:20:19 UTC,15064096,15462332,166252,1.04,47548,603256,199616,1.25,205708,498160,464
cloud-k3s-pool-workers-worker4,1,2026-06-06 08:20:20 UTC,15064096,15462332,166244,1.04,47548,603264,199616,1.25,205708,498160,12
cloud-k3s-pool-workers-worker4,1,2026-06-06 08:20:21 UTC,15064096,15462392,166232,1.04,47548,603276,199616,1.25,205708,498220,28
cloud-k3s-pool-workers-worker4,1,2026-06-06 08:20:22 UTC,15064096,15462392,166220,1.04,47548,603288,199616,1.25,205708,498220,40
cloud-k3s-pool-workers-worker4,1,2026-06-06 08:20:23 UTC,15064348,15462644,165948,1.04,47560,603296,199616,1.25,205708,498220,200
cloud-k3s-pool-workers-worker4,1,2026-06-06 08:20:24 UTC,15064348,15462644,165936,1.04,47560,603308,199616,1.25,205708,498220,212
cloud-k3s-pool-workers-worker4,1,2026-06-06 08:20:25 UTC,15064348,15462644,165928,1.04,47560,603316,199616,1.25,205708,498220,56
cloud-k3s-pool-workers-worker4,1,2026-06-06 08:20:26 UTC,15064348,15462704,165916,1.04,47560,603328,199616,1.25,205708,498280,68
cloud-k3s-pool-workers-worker4,1,2026-06-06 08:20:27 UTC,15064348,15462704,165916,1.04,47560,603328,199616,1.25,205708,498280,68
cloud-k3s-pool-workers-worker4,1,2026-06-06 08:20:28 UTC,15064348,15462704,165888,1.04,47568,603348,199616,1.25,205708,498280,240
cloud-k3s-pool-workers-worker4,1,2026-06-06 08:20:29 UTC,15064348,15462704,165880,1.04,47568,603356,199616,1.25,205708,498280,248
cloud-k3s-pool-workers-worker4,1,2026-06-06 08:20:30 UTC,15064348,15462708,165864,1.04,47568,603368,199616,1.25,205708,498280,264
cloud-k3s-pool-workers-worker4,1,2026-06-06 08:20:31 UTC,15064348,15462708,165864,1.04,47568,603368,199616,1.25,205708,498280,264
cloud-k3s-pool-workers-worker4,1,2026-06-06 08:20:32 UTC,15064348,15462768,165844,1.04,47568,603388,199616,1.25,205800,498340,384
cloud-k3s-pool-workers-worker4,1,2026-06-06 08:20:33 UTC,15064348,15462768,165832,1.04,47576,603392,199616,1.25,205800,498340,400
cloud-k3s-pool-workers-worker4,1,2026-06-06 08:20:34 UTC,15064348,15462824,165816,1.04,47576,603408,199616,1.25,205708,498396,148
cloud-k3s-pool-workers-worker4,1,2026-06-06 08:20:35 UTC,15064348,15462824,165816,1.04,47576,603408,199616,1.25,205708,498396,148
cloud-k3s-pool-workers-worker4,1,2026-06-06 08:20:36 UTC,15064348,15462824,165816,1.04,47576,603408,199616,1.25,205708,498396,148
cloud-k3s-pool-workers-worker4,1,2026-06-06 08:20:37 UTC,15064348,15462824,165816,1.04,47576,603408,199616,1.25,205708,498396,148
cloud-k3s-pool-workers-worker4,1,2026-06-06 08:20:38 UTC,15064348,15462884,165768,1.04,47584,603448,199616,1.25,205708,498456,340
cloud-k3s-pool-workers-worker4,1,2026-06-06 08:20:39 UTC,15064348,15462884,165756,1.04,47584,603460,199616,1.25,205708,498456,352
cloud-k3s-pool-workers-worker4,1,2026-06-06 08:20:40 UTC,15064340,15462876,165756,1.04,47584,603468,199616,1.25,205708,498456,228
cloud-k3s-pool-workers-worker4,1,2026-06-06 08:20:41 UTC,15064340,15462876,165756,1.04,47584,603468,199616,1.25,205708,498456,228
cloud-k3s-pool-workers-worker4,1,2026-06-06 08:20:42 UTC,15064340,15462876,165756,1.04,47584,603468,199616,1.25,205708,498456,228
cloud-k3s-pool-workers-worker4,1,2026-06-06 08:20:43 UTC,15064340,15462876,165716,1.04,47592,603500,199616,1.25,205708,498456,396
cloud-k3s-pool-workers-worker4,1,2026-06-06 08:20:44 UTC,15064340,15462936,165708,1.04,47592,603508,199616,1.25,205708,498516,404
cloud-k3s-pool-workers-worker4,1,2026-06-06 08:20:45 UTC,15064340,15462936,165692,1.04,47592,603520,199616,1.25,205708,498516,396
cloud-k3s-pool-workers-worker4,1,2026-06-06 08:20:46 UTC,15064340,15462936,165692,1.04,47592,603520,199616,1.25,205708,498516,396
cloud-k3s-pool-workers-worker4,1,2026-06-06 08:20:47 UTC,15064340,15462936,165692,1.04,47592,603520,199616,1.25,205708,498516,396
cloud-k3s-pool-workers-worker4,1,2026-06-06 08:20:48 UTC,15064332,15462932,165656,1.04,47600,603552,199616,1.25,205708,498516,452
cloud-k3s-pool-workers-worker4,1,2026-06-06 08:20:49 UTC,15064332,15462932,165648,1.04,47600,603560,199616,1.25,205708,498516,460
cloud-k3s-pool-workers-worker4,1,2026-06-06 08:20:50 UTC,15064332,15462992,165636,1.04,47600,603572,199616,1.25,205708,498576,328
cloud-k3s-pool-workers-worker4,1,2026-06-06 08:20:51 UTC,15064332,15462992,165636,1.04,47600,603572,199616,1.25,205708,498576,68
cloud-k3s-pool-workers-worker4,1,2026-06-06 08:20:52 UTC,15064332,15462992,165616,1.04,47600,603592,199616,1.25,205708,498576,32
cloud-k3s-pool-workers-worker4,1,2026-06-06 08:20:53 UTC,15064332,15462992,165596,1.04,47612,603600,199616,1.25,205708,498576,164
cloud-k3s-pool-workers-worker4,1,2026-06-06 08:20:54 UTC,15064592,15463252,165336,1.03,47612,603600,199616,1.25,205708,498576,164
cloud-k3s-pool-workers-worker4,1,2026-06-06 08:20:55 UTC,15064656,15463316,165252,1.03,47612,603620,199616,1.25,205708,498576,44
cloud-k3s-pool-workers-worker4,1,2026-06-06 08:20:56 UTC,15064656,15463376,165240,1.03,47612,603632,199616,1.25,205708,498636,56
cloud-k3s-pool-workers-worker4,1,2026-06-06 08:20:57 UTC,15064656,15463376,165228,1.03,47612,603644,199616,1.25,205708,498636,68
cloud-k3s-pool-workers-worker4,1,2026-06-06 08:20:58 UTC,15064648,15463368,165220,1.03,47620,603652,199616,1.25,205708,498636,228
cloud-k3s-pool-workers-worker4,1,2026-06-06 08:20:59 UTC,15064648,15463368,165220,1.03,47620,603652,199616,1.25,205708,498636,228
cloud-k3s-pool-workers-worker4,1,2026-06-06 08:21:00 UTC,15062916,15461680,166928,1.04,47620,603672,202596,1.27,207024,498680,252
cloud-k3s-pool-workers-worker4,1,2026-06-06 08:21:01 UTC,15062412,15461184,167420,1.05,47620,603684,203068,1.27,207380,498688,348
cloud-k3s-pool-workers-worker4,1,2026-06-06 08:21:02 UTC,15062412,15461184,167412,1.05,47620,603692,203068,1.27,207380,498688,356
cloud-k3s-pool-workers-worker4,1,2026-06-06 08:21:03 UTC,15062412,15461208,167400,1.05,47628,603696,199616,1.25,205768,498712,408
cloud-k3s-pool-workers-worker4,1,2026-06-06 08:21:04 UTC,15062412,15461276,167384,1.05,47628,603712,199616,1.25,205684,498780,160
cloud-k3s-pool-workers-worker4,1,2026-06-06 08:21:05 UTC,15062412,15461276,167372,1.05,47628,603724,199616,1.25,205684,498780,152
cloud-k3s-pool-workers-worker4,1,2026-06-06 08:21:06 UTC,15062412,15461276,167364,1.05,47628,603732,199616,1.25,205684,498780,160
cloud-k3s-pool-workers-worker4,1,2026-06-06 08:21:07 UTC,15062412,15461276,167364,1.05,47628,603732,199616,1.25,205684,498780,160
cloud-k3s-pool-workers-worker4,1,2026-06-06 08:21:08 UTC,15062412,15461296,167344,1.05,47636,603744,199616,1.25,205684,498800,312
cloud-k3s-pool-workers-worker4,1,2026-06-06 08:21:09 UTC,15062412,15461296,167324,1.05,47636,603764,199616,1.25,205684,498800,344
cloud-k3s-pool-workers-worker4,1,2026-06-06 08:21:10 UTC,15062412,15461296,167312,1.05,47636,603776,199616,1.25,205684,498800,356
cloud-k3s-pool-workers-worker4,1,2026-06-06 08:21:11 UTC,15062412,15461296,167304,1.05,47636,603784,199616,1.25,205684,498800,364
cloud-k3s-pool-workers-worker4,1,2026-06-06 08:21:12 UTC,15062412,15461356,167292,1.05,47636,603796,199616,1.25,205684,498860,376
cloud-k3s-pool-workers-worker4,1,2026-06-06 08:21:13 UTC,15062412,15461368,167284,1.05,47644,603796,199616,1.25,205684,498872,392
cloud-k3s-pool-workers-worker4,1,2026-06-06 08:21:14 UTC,15062412,15461368,167264,1.05,47644,603816,199616,1.25,205684,498872,240
cloud-k3s-pool-workers-worker4,1,2026-06-06 08:21:15 UTC,15062412,15461368,167264,1.05,47644,603816,199616,1.25,205684,498872,240
cloud-k3s-pool-workers-worker4,1,2026-06-06 08:21:16 UTC,15062412,15461372,167240,1.05,47644,603836,199616,1.25,205684,498872,260
cloud-k3s-pool-workers-worker4,1,2026-06-06 08:21:17 UTC,15062412,15461372,167232,1.05,47644,603844,199616,1.25,205684,498872,268
cloud-k3s-pool-workers-worker4,1,2026-06-06 08:21:18 UTC,15062412,15461372,167220,1.05,47652,603848,199616,1.25,205684,498872,416
cloud-k3s-pool-workers-worker4,1,2026-06-06 08:21:19 UTC,15062412,15461432,167204,1.05,47652,603864,199616,1.25,205684,498932,304
cloud-k3s-pool-workers-worker4,1,2026-06-06 08:21:20 UTC,15062412,15461432,167204,1.05,47652,603864,199616,1.25,205684,498932,304
cloud-k3s-pool-workers-worker4,1,2026-06-06 08:21:21 UTC,15062412,15461432,167204,1.05,47652,603864,199616,1.25,205684,498932,304
cloud-k3s-pool-workers-worker4,1,2026-06-06 08:21:22 UTC,15062404,15461424,167180,1.05,47652,603896,199616,1.25,205684,498932,16
cloud-k3s-pool-workers-worker4,1,2026-06-06 08:21:23 UTC,15062404,15461424,167168,1.05,47664,603896,199616,1.25,205684,498932,168
cloud-k3s-pool-workers-worker4,1,2026-06-06 08:21:24 UTC,15062404,15461424,167168,1.05,47664,603896,199616,1.25,205684,498932,168
cloud-k3s-pool-workers-worker4,1,2026-06-06 08:21:25 UTC,15062404,15461484,167136,1.05,47664,603928,199616,1.25,205684,498992,172
cloud-k3s-pool-workers-worker4,1,2026-06-06 08:21:26 UTC,15062404,15461484,167128,1.05,47664,603936,199616,1.25,205684,498992,180
cloud-k3s-pool-workers-worker4,1,2026-06-06 08:21:27 UTC,15062396,15461476,167124,1.05,47664,603948,199616,1.25,205684,498992,192
cloud-k3s-pool-workers-worker4,1,2026-06-06 08:21:28 UTC,15062144,15461224,167360,1.05,47672,603956,199616,1.25,205684,498992,76
cloud-k3s-pool-workers-worker4,1,2026-06-06 08:21:29 UTC,15062144,15461224,167348,1.05,47672,603968,199616,1.25,205684,498992,88
cloud-k3s-pool-workers-worker4,1,2026-06-06 08:21:30 UTC,15062144,15461224,167336,1.05,47672,603980,199616,1.25,205684,498992,104
cloud-k3s-pool-workers-worker4,1,2026-06-06 08:21:31 UTC,15062144,15461284,167320,1.05,47672,603992,199616,1.25,205684,499052,116
cloud-k3s-pool-workers-worker4,1,2026-06-06 08:21:32 UTC,15062144,15461284,167312,1.05,47672,604000,199616,1.25,205684,499052,124
cloud-k3s-pool-workers-worker4,1,2026-06-06 08:21:33 UTC,15062144,15461284,167300,1.05,47680,604004,199616,1.25,205684,499052,264
cloud-k3s-pool-workers-worker4,1,2026-06-06 08:21:34 UTC,15062144,15461284,167280,1.05,47680,604024,199616,1.25,205684,499052,268
cloud-k3s-pool-workers-worker4,1,2026-06-06 08:21:35 UTC,15062144,15461284,167272,1.05,47680,604032,199616,1.25,205684,499052,136
cloud-k3s-pool-workers-worker4,1,2026-06-06 08:21:36 UTC,15062144,15461284,167272,1.05,47680,604032,199616,1.25,205684,499052,136
cloud-k3s-pool-workers-worker4,1,2026-06-06 08:21:37 UTC,15062388,15461588,167008,1.04,47680,604052,199616,1.25,205684,499112,156
cloud-k3s-pool-workers-worker4,1,2026-06-06 08:21:38 UTC,15062388,15461588,166996,1.04,47688,604056,199616,1.25,205684,499112,308
cloud-k3s-pool-workers-worker4,1,2026-06-06 08:21:39 UTC,15062388,15461588,166988,1.04,47688,604064,199616,1.25,205684,499112,316
cloud-k3s-pool-workers-worker4,1,2026-06-06 08:21:40 UTC,15062388,15461648,166968,1.04,47688,604084,199616,1.25,205684,499172,352
cloud-k3s-pool-workers-worker4,1,2026-06-06 08:21:41 UTC,15062388,15461648,166960,1.04,47688,604092,199616,1.25,205684,499172,360
cloud-k3s-pool-workers-worker4,1,2026-06-06 08:21:42 UTC,15062388,15461648,166948,1.04,47688,604104,199616,1.25,205684,499172,372
cloud-k3s-pool-workers-worker4,1,2026-06-06 08:21:43 UTC,15062380,15461700,166940,1.04,47696,604112,199616,1.25,205684,499232,392
cloud-k3s-pool-workers-worker4,1,2026-06-06 08:21:44 UTC,15062380,15461716,166928,1.04,47696,604124,199616,1.25,205684,499248,380
cloud-k3s-pool-workers-worker4,1,2026-06-06 08:21:45 UTC,15062380,15461716,166916,1.04,47696,604136,199616,1.25,205684,499248,240
cloud-k3s-pool-workers-worker4,1,2026-06-06 08:21:46 UTC,15062380,15461720,166904,1.04,47696,604144,199616,1.25,205684,499248,248
cloud-k3s-pool-workers-worker4,1,2026-06-06 08:21:47 UTC,15062380,15461720,166892,1.04,47696,604156,199616,1.25,205684,499248,260
cloud-k3s-pool-workers-worker4,1,2026-06-06 08:21:48 UTC,15062380,15461720,166880,1.04,47704,604160,199616,1.25,205684,499248,404
cloud-k3s-pool-workers-worker4,1,2026-06-06 08:21:49 UTC,15062380,15461720,166868,1.04,47704,604172,199616,1.25,205684,499248,416
cloud-k3s-pool-workers-worker4,1,2026-06-06 08:21:50 UTC,15062380,15461784,166856,1.04,47704,604184,199616,1.25,205684,499312,304
cloud-k3s-pool-workers-worker4,1,2026-06-06 08:21:51 UTC,15062380,15461784,166856,1.04,47704,604184,199616,1.25,205684,499312,304
cloud-k3s-pool-workers-worker4,1,2026-06-06 08:21:52 UTC,15062380,15461784,166856,1.04,47704,604184,199616,1.25,205684,499312,0
cloud-k3s-pool-workers-worker4,1,2026-06-06 08:21:53 UTC,15062380,15461828,166812,1.04,47716,604216,199616,1.25,205684,499356,156
cloud-k3s-pool-workers-worker4,1,2026-06-06 08:21:54 UTC,15062380,15461828,166804,1.04,47716,604224,199616,1.25,205684,499356,164
cloud-k3s-pool-workers-worker4,1,2026-06-06 08:21:55 UTC,15062380,15461828,166792,1.04,47716,604236,199616,1.25,205684,499356,176
cloud-k3s-pool-workers-worker4,1,2026-06-06 08:21:56 UTC,15062380,15461828,166792,1.04,47716,604236,199616,1.25,205684,499356,176
cloud-k3s-pool-workers-worker4,1,2026-06-06 08:21:57 UTC,15061876,15461324,167276,1.05,47716,604256,199616,1.25,205684,499356,196
cloud-k3s-pool-workers-worker4,1,2026-06-06 08:21:58 UTC,15061876,15461376,167264,1.05,47724,604260,199616,1.25,205684,499408,68
cloud-k3s-pool-workers-worker4,1,2026-06-06 08:21:59 UTC,15061876,15461376,167256,1.05,47724,604268,199616,1.25,205684,499408,76
cloud-k3s-pool-workers-worker4,1,2026-06-06 08:22:00 UTC,15062128,15461628,166984,1.04,47724,604288,199616,1.25,205684,499408,104
cloud-k3s-pool-workers-worker4,1,2026-06-06 08:22:01 UTC,15062128,15461628,166976,1.04,47724,604296,199616,1.25,205684,499408,112
cloud-k3s-pool-workers-worker4,1,2026-06-06 08:22:02 UTC,15062128,15461628,166960,1.04,47724,604308,199616,1.25,205684,499408,124
cloud-k3s-pool-workers-worker4,1,2026-06-06 08:22:03 UTC,15062128,15461628,166952,1.04,47732,604308,199616,1.25,205684,499408,268
cloud-k3s-pool-workers-worker4,1,2026-06-06 08:22:04 UTC,15062128,15461688,166940,1.04,47732,604320,199616,1.25,205684,499468,268
cloud-k3s-pool-workers-worker4,1,2026-06-06 08:22:05 UTC,15062128,15461688,166924,1.04,47732,604336,199616,1.25,205684,499468,136
cloud-k3s-pool-workers-worker4,1,2026-06-06 08:22:06 UTC,15062128,15461688,166924,1.04,47732,604336,199616,1.25,205684,499468,136
cloud-k3s-pool-workers-worker4,1,2026-06-06 08:22:07 UTC,15062128,15461688,166904,1.04,47732,604356,199616,1.25,205684,499468,156
cloud-k3s-pool-workers-worker4,1,2026-06-06 08:22:08 UTC,15061120,15460680,167900,1.05,47740,604360,199616,1.25,205684,499468,304
cloud-k3s-pool-workers-worker4,1,2026-06-06 08:22:09 UTC,15061120,15460680,167900,1.05,47740,604360,199616,1.25,205684,499468,304
cloud-k3s-pool-workers-worker4,1,2026-06-06 08:22:10 UTC,15061120,15460740,167872,1.05,47740,604388,199616,1.25,205684,499528,340
cloud-k3s-pool-workers-worker4,1,2026-06-06 08:22:11 UTC,15061120,15460740,167860,1.05,47740,604400,199616,1.25,205684,499528,352
cloud-k3s-pool-workers-worker4,1,2026-06-06 08:22:12 UTC,15061120,15460740,167860,1.05,47740,604400,199616,1.25,205684,499528,352
cloud-k3s-pool-workers-worker4,1,2026-06-06 08:22:13 UTC,15061120,15460740,167840,1.05,47748,604412,199616,1.25,205684,499528,368
cloud-k3s-pool-workers-worker4,1,2026-06-06 08:22:14 UTC,15061120,15460740,167832,1.05,47748,604420,199616,1.25,205684,499528,376
cloud-k3s-pool-workers-worker4,1,2026-06-06 08:22:15 UTC,15061120,15460740,167812,1.05,47748,604440,199616,1.25,205684,499528,240
cloud-k3s-pool-workers-worker4,1,2026-06-06 08:22:16 UTC,15061120,15460800,167804,1.05,47748,604448,199616,1.25,205684,499588,248
cloud-k3s-pool-workers-worker4,1,2026-06-06 08:22:17 UTC,15061120,15460804,167788,1.05,47748,604460,199616,1.25,205684,499588,260
cloud-k3s-pool-workers-worker4,1,2026-06-06 08:22:18 UTC,15061120,15460804,167780,1.05,47748,604468,199616,1.25,205684,499588,412
cloud-k3s-pool-workers-worker4,1,2026-06-06 08:22:19 UTC,15061120,15460804,167760,1.05,47756,604480,199616,1.25,205684,499588,444
cloud-k3s-pool-workers-worker4,1,2026-06-06 08:22:20 UTC,15061120,15460804,167748,1.05,47756,604492,199616,1.25,205684,499588,312
cloud-k3s-pool-workers-worker4,1,2026-06-06 08:22:21 UTC,15061120,15460804,167740,1.05,47756,604500,199616,1.25,205684,499588,320
cloud-k3s-pool-workers-worker4,1,2026-06-06 08:22:22 UTC,15061120,15460864,167728,1.05,47756,604512,199616,1.25,205684,499648,332
cloud-k3s-pool-workers-worker4,1,2026-06-06 08:22:23 UTC,15061120,15460864,167720,1.05,47768,604508,199616,1.25,205684,499648,164
cloud-k3s-pool-workers-worker4,1,2026-06-06 08:22:24 UTC,15061120,15460876,167696,1.05,47768,604532,199616,1.25,205684,499660,160
cloud-k3s-pool-workers-worker4,1,2026-06-06 08:22:25 UTC,15061120,15460876,167688,1.05,47768,604540,199616,1.25,205684,499660,168
cloud-k3s-pool-workers-worker4,1,2026-06-06 08:22:26 UTC,15061120,15460876,167676,1.05,47768,604552,199616,1.25,205684,499660,180
cloud-k3s-pool-workers-worker4,1,2026-06-06 08:22:27 UTC,15061120,15460876,167676,1.05,47768,604552,199616,1.25,205684,499660,180
cloud-k3s-pool-workers-worker4,1,2026-06-06 08:22:28 UTC,15061120,15460936,167656,1.05,47780,604560,199616,1.25,205684,499720,216
cloud-k3s-pool-workers-worker4,1,2026-06-06 08:22:29 UTC,15061564,15461440,167192,1.05,47780,604580,199616,1.25,205684,499780,40
cloud-k3s-pool-workers-worker4,1,2026-06-06 08:22:30 UTC,15061564,15461440,167180,1.05,47780,604592,199616,1.25,205684,499780,52
cloud-k3s-pool-workers-worker4,1,2026-06-06 08:22:31 UTC,15061564,15461440,167172,1.05,47780,604600,199616,1.25,205684,499780,60
cloud-k3s-pool-workers-worker4,1,2026-06-06 08:22:32 UTC,15061564,15461440,167156,1.05,47780,604612,199616,1.25,205684,499780,72
cloud-k3s-pool-workers-worker4,1,2026-06-06 08:22:33 UTC,15061564,15461440,167144,1.05,47788,604616,199616,1.25,205684,499780,220
cloud-k3s-pool-workers-worker4,1,2026-06-06 08:22:34 UTC,15061564,15461504,167136,1.05,47788,604624,199616,1.25,205684,499844,92
cloud-k3s-pool-workers-worker4,1,2026-06-06 08:22:35 UTC,15061564,15461504,167116,1.05,47788,604644,199616,1.25,205684,499844,24
cloud-k3s-pool-workers-worker4,1,2026-06-06 08:22:36 UTC,15061564,15461504,167108,1.05,47788,604652,199616,1.25,205684,499844,32
cloud-k3s-pool-workers-worker4,1,2026-06-06 08:22:37 UTC,15061564,15461504,167096,1.05,47788,604664,199616,1.25,205684,499844,44
cloud-k3s-pool-workers-worker4,1,2026-06-06 08:22:38 UTC,15061564,15461544,167076,1.05,47800,604672,199616,1.25,205684,499884,164
cloud-k3s-pool-workers-worker4,1,2026-06-06 08:22:39 UTC,15061564,15461544,167064,1.05,47800,604684,199616,1.25,205684,499884,180
cloud-k3s-pool-workers-worker4,1,2026-06-06 08:22:40 UTC,15061564,15461544,167056,1.05,47800,604692,199616,1.25,205684,499884,192
cloud-k3s-pool-workers-worker4,1,2026-06-06 08:22:41 UTC,15061564,15461544,167056,1.05,47800,604692,199616,1.25,205684,499884,192
cloud-k3s-pool-workers-worker4,1,2026-06-06 08:22:42 UTC,15061564,15461544,167056,1.05,47800,604692,199616,1.25,205684,499884,192
cloud-k3s-pool-workers-worker4,1,2026-06-06 08:22:43 UTC,15061564,15461576,167012,1.04,47812,604724,199616,1.25,205684,499916,152
cloud-k3s-pool-workers-worker4,1,2026-06-06 08:22:44 UTC,15061564,15461576,167012,1.04,47812,604724,199616,1.25,205684,499916,152
cloud-k3s-pool-workers-worker4,1,2026-06-06 08:22:45 UTC,15061564,15461580,166992,1.04,47812,604744,199616,1.25,205684,499920,24
cloud-k3s-pool-workers-worker4,1,2026-06-06 08:22:46 UTC,15061564,15461580,166980,1.04,47812,604756,199616,1.25,205684,499920,36
cloud-k3s-pool-workers-worker4,1,2026-06-06 08:22:47 UTC,15061564,15461580,166972,1.04,47812,604764,199616,1.25,205684,499920,44
cloud-k3s-pool-workers-worker4,1,2026-06-06 08:22:48 UTC,15061564,15461584,166944,1.04,47824,604776,199616,1.25,205684,499920,228
cloud-k3s-pool-workers-worker4,1,2026-06-06 08:22:49 UTC,15061564,15461584,166944,1.04,47824,604776,199616,1.25,205684,499920,24
cloud-k3s-pool-workers-worker4,1,2026-06-06 08:22:50 UTC,15061564,15461644,166924,1.04,47824,604796,199616,1.25,205684,499980,48
cloud-k3s-pool-workers-worker4,1,2026-06-06 08:22:51 UTC,15061564,15461644,166916,1.04,47824,604804,199616,1.25,205684,499980,56
cloud-k3s-pool-workers-worker4,1,2026-06-06 08:22:52 UTC,15061564,15461644,166904,1.04,47824,604816,199616,1.25,205684,499980,68
cloud-k3s-pool-workers-worker4,1,2026-06-06 08:22:53 UTC,15061564,15461644,166896,1.04,47824,604824,199616,1.25,205684,499980,216
cloud-k3s-pool-workers-worker4,1,2026-06-06 08:22:54 UTC,15061564,15461668,166872,1.04,47836,604836,199616,1.25,205684,500004,144
cloud-k3s-pool-workers-worker4,1,2026-06-06 08:22:55 UTC,15061564,15461732,166864,1.04,47836,604844,199616,1.25,205708,500068,152
cloud-k3s-pool-workers-worker4,1,2026-06-06 08:22:56 UTC,15061564,15461732,166852,1.04,47836,604856,199616,1.25,205708,500068,164
cloud-k3s-pool-workers-worker4,1,2026-06-06 08:22:57 UTC,15061564,15461732,166852,1.04,47836,604856,199616,1.25,205708,500068,164
cloud-k3s-pool-workers-worker4,1,2026-06-06 08:22:58 UTC,15061564,15461732,166832,1.04,47836,604876,199616,1.25,205708,500068,200
cloud-k3s-pool-workers-worker4,1,2026-06-06 08:22:59 UTC,15061564,15461732,166820,1.04,47848,604876,199616,1.25,205708,500068,212
cloud-k3s-pool-workers-worker4,1,2026-06-06 08:23:00 UTC,15061312,15461492,167052,1.05,47848,604896,199616,1.25,205708,500080,48
cloud-k3s-pool-workers-worker4,1,2026-06-06 08:23:01 UTC,15061312,15461552,167040,1.05,47848,604908,199616,1.25,205708,500140,60
cloud-k3s-pool-workers-worker4,1,2026-06-06 08:23:02 UTC,15061312,15461552,167032,1.05,47848,604916,199616,1.25,205708,500140,68
cloud-k3s-pool-workers-worker4,1,2026-06-06 08:23:03 UTC,15061312,15461576,167020,1.04,47848,604928,199616,1.25,205708,500164,216
cloud-k3s-pool-workers-worker4,1,2026-06-06 08:23:04 UTC,15061312,15461588,167008,1.04,47864,604924,199616,1.25,205708,500176,172
cloud-k3s-pool-workers-worker4,1,2026-06-06 08:23:05 UTC,15061312,15461588,166984,1.04,47864,604948,199616,1.25,205708,500176,32
cloud-k3s-pool-workers-worker4,1,2026-06-06 08:23:06 UTC,15061312,15461588,166976,1.04,47864,604956,199616,1.25,205708,500176,40
cloud-k3s-pool-workers-worker4,1,2026-06-06 08:23:07 UTC,15061312,15461588,166964,1.04,47864,604968,199616,1.25,205708,500176,52
cloud-k3s-pool-workers-worker4,1,2026-06-06 08:23:08 UTC,15061312,15461588,166952,1.04,47864,604980,199616,1.25,205708,500176,208
cloud-k3s-pool-workers-worker4,1,2026-06-06 08:23:09 UTC,15061312,15461640,166944,1.04,47876,604976,199616,1.25,205708,500228,200
cloud-k3s-pool-workers-worker4,1,2026-06-06 08:23:10 UTC,15061312,15461644,166912,1.04,47876,605000,199616,1.25,205708,500228,176
cloud-k3s-pool-workers-worker4,1,2026-06-06 08:23:11 UTC,15061312,15461644,166912,1.04,47876,605000,199616,1.25,205708,500228,176
cloud-k3s-pool-workers-worker4,1,2026-06-06 08:23:12 UTC,15061312,15461644,166912,1.04,47876,605000,199616,1.25,205708,500228,176
cloud-k3s-pool-workers-worker4,1,2026-06-06 08:23:13 UTC,15061312,15461644,166884,1.04,47876,605028,199616,1.25,205708,500228,216
cloud-k3s-pool-workers-worker4,1,2026-06-06 08:23:14 UTC,15061312,15461696,166872,1.04,47888,605028,199616,1.25,205708,500280,168
cloud-k3s-pool-workers-worker4,1,2026-06-06 08:23:15 UTC,15061312,15461696,166852,1.04,47888,605048,199616,1.25,205708,500280,28
cloud-k3s-pool-workers-worker4,1,2026-06-06 08:23:16 UTC,15061312,15461696,166852,1.04,47888,605048,199616,1.25,205708,500280,28
cloud-k3s-pool-workers-worker4,1,2026-06-06 08:23:17 UTC,15061312,15461696,166852,1.04,47888,605048,199616,1.25,205708,500280,28
cloud-k3s-pool-workers-worker4,1,2026-06-06 08:23:18 UTC,15061312,15461696,166820,1.04,47888,605080,199616,1.25,205708,500280,204
cloud-k3s-pool-workers-worker4,1,2026-06-06 08:23:19 UTC,15061312,15461744,166812,1.04,47900,605076,199616,1.25,205708,500328,160
cloud-k3s-pool-workers-worker4,1,2026-06-06 08:23:20 UTC,15061312,15461744,166788,1.04,47900,605100,199616,1.25,205708,500328,176
cloud-k3s-pool-workers-worker4,1,2026-06-06 08:23:21 UTC,15061312,15461744,166788,1.04,47900,605100,199616,1.25,205708,500328,176
cloud-k3s-pool-workers-worker4,1,2026-06-06 08:23:22 UTC,15061312,15461744,166768,1.04,47900,605120,199616,1.25,205708,500328,196
cloud-k3s-pool-workers-worker4,1,2026-06-06 08:23:23 UTC,15061312,15461744,166756,1.04,47900,605132,199616,1.25,205708,500328,216
cloud-k3s-pool-workers-worker4,1,2026-06-06 08:23:24 UTC,15061312,15461744,166756,1.04,47912,605120,199616,1.25,205708,500328,200
cloud-k3s-pool-workers-worker4,1,2026-06-06 08:23:25 UTC,15061876,15462428,166156,1.04,47912,605152,199616,1.25,205708,500448,36
cloud-k3s-pool-workers-worker4,1,2026-06-06 08:23:26 UTC,15061876,15462428,166148,1.04,47912,605160,199616,1.25,205708,500448,44
cloud-k3s-pool-workers-worker4,1,2026-06-06 08:23:27 UTC,15061876,15462428,166148,1.04,47912,605160,199616,1.25,205708,500448,44
cloud-k3s-pool-workers-worker4,1,2026-06-06 08:23:28 UTC,15061876,15462428,166128,1.04,47912,605180,199616,1.25,205708,500448,212
cloud-k3s-pool-workers-worker4,1,2026-06-06 08:23:29 UTC,15061876,15462428,166116,1.04,47912,605192,199616,1.25,205708,500448,224
cloud-k3s-pool-workers-worker4,1,2026-06-06 08:23:30 UTC,15061372,15461976,166600,1.04,47924,605200,199616,1.25,205708,500500,4
cloud-k3s-pool-workers-worker4,1,2026-06-06 08:23:31 UTC,15061372,15461976,166588,1.04,47924,605212,199616,1.25,205708,500500,20
cloud-k3s-pool-workers-worker4,1,2026-06-06 08:23:32 UTC,15061372,15461976,166588,1.04,47924,605212,199616,1.25,205708,500500,20
cloud-k3s-pool-workers-worker4,1,2026-06-06 08:23:33 UTC,15061372,15461976,166568,1.04,47924,605232,199616,1.25,205708,500500,180
cloud-k3s-pool-workers-worker4,1,2026-06-06 08:23:34 UTC,15061372,15461976,166556,1.04,47924,605244,199616,1.25,205708,500500,192
cloud-k3s-pool-workers-worker4,1,2026-06-06 08:23:35 UTC,15061364,15461968,166544,1.04,47936,605252,199616,1.25,205708,500500,168
cloud-k3s-pool-workers-worker4,1,2026-06-06 08:23:36 UTC,15061364,15462028,166532,1.04,47936,605264,199616,1.25,205708,500560,184
cloud-k3s-pool-workers-worker4,1,2026-06-06 08:23:37 UTC,15061364,15462028,166532,1.04,47936,605264,199616,1.25,205708,500560,184
cloud-k3s-pool-workers-worker4,1,2026-06-06 08:23:38 UTC,15061364,15462028,166512,1.04,47936,605284,199616,1.25,205708,500560,220
cloud-k3s-pool-workers-worker4,1,2026-06-06 08:23:39 UTC,15061364,15462028,166504,1.04,47936,605292,199616,1.25,205708,500560,228
cloud-k3s-pool-workers-worker4,1,2026-06-06 08:23:40 UTC,15061364,15462028,166480,1.04,47948,605304,199616,1.25,205708,500560,24
cloud-k3s-pool-workers-worker4,1,2026-06-06 08:23:41 UTC,15061364,15462032,166468,1.04,47948,605312,199616,1.25,205708,500560,36
cloud-k3s-pool-workers-worker4,1,2026-06-06 08:23:42 UTC,15061364,15462092,166456,1.04,47948,605324,199616,1.25,205708,500620,48
cloud-k3s-pool-workers-worker4,1,2026-06-06 08:23:43 UTC,15061364,15462092,166448,1.04,47948,605332,199616,1.25,205708,500620,196
cloud-k3s-pool-workers-worker4,1,2026-06-06 08:23:44 UTC,15061364,15462092,166436,1.04,47948,605344,199616,1.25,205708,500620,208
cloud-k3s-pool-workers-worker4,1,2026-06-06 08:23:45 UTC,15061364,15462092,166412,1.04,47960,605356,199616,1.25,205708,500620,16
cloud-k3s-pool-workers-worker4,1,2026-06-06 08:23:46 UTC,15061368,15462096,166400,1.04,47960,605364,199616,1.25,205708,500620,28
cloud-k3s-pool-workers-worker4,1,2026-06-06 08:23:47 UTC,15061368,15462096,166388,1.04,47960,605376,199616,1.25,205708,500620,40
cloud-k3s-pool-workers-worker4,1,2026-06-06 08:23:48 UTC,15061724,15462512,166024,1.04,47960,605384,199616,1.25,205708,500680,192
cloud-k3s-pool-workers-worker4,1,2026-06-06 08:23:49 UTC,15061724,15462512,166012,1.04,47960,605396,199616,1.25,205708,500680,204
cloud-k3s-pool-workers-worker4,1,2026-06-06 08:23:50 UTC,15061724,15462560,165992,1.04,47972,605404,199616,1.25,205708,500728,160
cloud-k3s-pool-workers-worker4,1,2026-06-06 08:23:51 UTC,15061724,15462560,165992,1.04,47972,605404,199616,1.25,205708,500728,160
cloud-k3s-pool-workers-worker4,1,2026-06-06 08:23:52 UTC,15061724,15462560,165992,1.04,47972,605404,199616,1.25,205708,500728,160
cloud-k3s-pool-workers-worker4,1,2026-06-06 08:23:53 UTC,15061724,15462560,165960,1.04,47972,605436,199616,1.25,205708,500728,208
cloud-k3s-pool-workers-worker4,1,2026-06-06 08:23:54 UTC,15061724,15462620,165952,1.04,47972,605444,199616,1.25,205708,500788,216
cloud-k3s-pool-workers-worker4,1,2026-06-06 08:23:55 UTC,15061724,15462620,165928,1.04,47984,605456,199616,1.25,205708,500788,16
cloud-k3s-pool-workers-worker4,1,2026-06-06 08:23:56 UTC,15061724,15462620,165928,1.04,47984,605456,199616,1.25,205708,500788,16
cloud-k3s-pool-workers-worker4,1,2026-06-06 08:23:57 UTC,15061724,15462620,165928,1.04,47984,605456,199616,1.25,205708,500788,16
cloud-k3s-pool-workers-worker4,1,2026-06-06 08:23:58 UTC,15061716,15462612,165900,1.04,47984,605488,199616,1.25,205708,500788,196
cloud-k3s-pool-workers-worker4,1,2026-06-06 08:23:59 UTC,15061716,15462612,165892,1.04,47984,605496,199616,1.25,205708,500788,64
cloud-k3s-pool-workers-worker4,1,2026-06-06 08:24:00 UTC,15061716,15462672,165880,1.04,47996,605496,199616,1.25,205708,500848,20
cloud-k3s-pool-workers-worker4,1,2026-06-06 08:24:01 UTC,15061716,15462672,165880,1.04,47996,605496,199616,1.25,205708,500848,20
cloud-k3s-pool-workers-worker4,1,2026-06-06 08:24:02 UTC,15061716,15462672,165848,1.04,47996,605528,199616,1.25,205708,500848,44
cloud-k3s-pool-workers-worker4,1,2026-06-06 08:24:03 UTC,15061716,15462672,165840,1.04,47996,605536,199616,1.25,205708,500848,188
cloud-k3s-pool-workers-worker4,1,2026-06-06 08:24:04 UTC,15061716,15462672,165828,1.04,47996,605548,199616,1.25,205708,500848,200
cloud-k3s-pool-workers-worker4,1,2026-06-06 08:24:05 UTC,15061716,15462672,165820,1.04,48008,605544,199616,1.25,205708,500848,192
cloud-k3s-pool-workers-worker4,1,2026-06-06 08:24:06 UTC,15061716,15462732,165796,1.04,48008,605568,199616,1.25,205708,500908,172
cloud-k3s-pool-workers-worker4,1,2026-06-06 08:24:07 UTC,15061716,15462732,165784,1.04,48008,605580,199616,1.25,205708,500908,184
cloud-k3s-pool-workers-worker4,1,2026-06-06 08:24:08 UTC,15061716,15462732,165776,1.04,48008,605588,199616,1.25,205708,500908,52
cloud-k3s-pool-workers-worker4,1,2026-06-06 08:24:09 UTC,15061716,15462732,165764,1.04,48008,605600,199616,1.25,205708,500908,68
cloud-k3s-pool-workers-worker4,1,2026-06-06 08:24:10 UTC,15061716,15462732,165756,1.04,48008,605608,199616,1.25,205708,500908,76
cloud-k3s-pool-workers-worker4,1,2026-06-06 08:24:11 UTC,15061716,15462796,165740,1.04,48020,605608,199616,1.25,205708,500968,20
cloud-k3s-pool-workers-worker4,1,2026-06-06 08:24:12 UTC,15061716,15462796,165740,1.04,48020,605608,199616,1.25,205708,500968,20
cloud-k3s-pool-workers-worker4,1,2026-06-06 08:24:13 UTC,15061716,15462856,165708,1.04,48020,605640,199616,1.25,205708,501028,168
cloud-k3s-pool-workers-worker4,1,2026-06-06 08:24:14 UTC,15061716,15462856,165700,1.04,48020,605648,199616,1.25,205708,501028,32
cloud-k3s-pool-workers-worker4,1,2026-06-06 08:24:15 UTC,15061716,15462856,165688,1.04,48020,605660,199616,1.25,205708,501028,44
cloud-k3s-pool-workers-worker4,1,2026-06-06 08:24:16 UTC,15061716,15462856,165668,1.04,48032,605668,199616,1.25,205708,501028,68
cloud-k3s-pool-workers-worker4,1,2026-06-06 08:24:17 UTC,15061716,15462916,165656,1.04,48032,605680,199616,1.25,205708,501088,32
cloud-k3s-pool-workers-worker4,1,2026-06-06 08:24:18 UTC,15061716,15462916,165648,1.04,48032,605688,199616,1.25,205708,501088,188
cloud-k3s-pool-workers-worker4,1,2026-06-06 08:24:19 UTC,15061716,15462916,165636,1.04,48032,605700,199616,1.25,205708,501088,200
cloud-k3s-pool-workers-worker4,1,2026-06-06 08:24:20 UTC,15061716,15462916,165624,1.04,48032,605712,199616,1.25,205708,501088,212
cloud-k3s-pool-workers-worker4,1,2026-06-06 08:24:21 UTC,15061716,15462916,165616,1.04,48044,605708,199616,1.25,205708,501088,220
cloud-k3s-pool-workers-worker4,1,2026-06-06 08:24:22 UTC,15061716,15462916,165604,1.04,48044,605720,199616,1.25,205708,501088,236
cloud-k3s-pool-workers-worker4,1,2026-06-06 08:24:23 UTC,15061716,15462988,165580,1.04,48044,605744,199616,1.25,205708,501160,48
cloud-k3s-pool-workers-worker4,1,2026-06-06 08:24:24 UTC,15061716,15462988,165568,1.04,48044,605756,199616,1.25,205708,501160,60
cloud-k3s-pool-workers-worker4,1,2026-06-06 08:24:25 UTC,15061708,15462980,165568,1.04,48044,605764,199616,1.25,205708,501160,60
cloud-k3s-pool-workers-worker4,1,2026-06-06 08:24:26 UTC,15061708,15462980,165556,1.04,48056,605764,199616,1.25,205708,501160,0
cloud-k3s-pool-workers-worker4,1,2026-06-06 08:24:27 UTC,15061708,15462980,165544,1.04,48056,605772,199616,1.25,205708,501160,12
cloud-k3s-pool-workers-worker4,1,2026-06-06 08:24:28 UTC,15061708,15462980,165520,1.04,48056,605796,199616,1.25,205708,501160,192
cloud-k3s-pool-workers-worker4,1,2026-06-06 08:24:29 UTC,15061708,15463064,165512,1.04,48056,605804,199616,1.25,205708,501244,60
cloud-k3s-pool-workers-worker4,1,2026-06-06 08:24:30 UTC,15061708,15463064,165500,1.04,48056,605816,199616,1.25,205708,501244,72
cloud-k3s-pool-workers-worker4,1,2026-06-06 08:24:31 UTC,15061708,15463064,165500,1.04,48068,605804,199616,1.25,205708,501244,72
cloud-k3s-pool-workers-worker4,1,2026-06-06 08:24:32 UTC,15061708,15463064,165500,1.04,48068,605804,199616,1.25,205708,501244,72
cloud-k3s-pool-workers-worker4,1,2026-06-06 08:24:33 UTC,15060700,15462056,166464,1.04,48068,605848,199616,1.25,205708,501244,184
cloud-k3s-pool-workers-worker4,1,2026-06-06 08:24:34 UTC,15060700,15462056,166456,1.04,48068,605856,199616,1.25,205708,501244,192
cloud-k3s-pool-workers-worker4,1,2026-06-06 08:24:35 UTC,15060700,15462116,166444,1.04,48068,605868,199616,1.25,205708,501304,200
cloud-k3s-pool-workers-worker4,1,2026-06-06 08:24:36 UTC,15060700,15462116,166444,1.04,48080,605856,199616,1.25,205708,501304,148
cloud-k3s-pool-workers-worker4,1,2026-06-06 08:24:37 UTC,15060700,15462116,166444,1.04,48080,605856,199616,1.25,205708,501304,148
cloud-k3s-pool-workers-worker4,1,2026-06-06 08:24:38 UTC,15060700,15462116,166404,1.04,48080,605896,199616,1.25,205708,501304,200
cloud-k3s-pool-workers-worker4,1,2026-06-06 08:24:39 UTC,15060960,15462376,166132,1.04,48080,605908,199616,1.25,205708,501304,212
cloud-k3s-pool-workers-worker4,1,2026-06-06 08:24:40 UTC,15060988,15462404,166096,1.04,48080,605916,199616,1.25,205708,501304,68
cloud-k3s-pool-workers-worker4,1,2026-06-06 08:24:41 UTC,15060988,15462408,166096,1.04,48092,605904,199616,1.25,205708,501308,12
cloud-k3s-pool-workers-worker4,1,2026-06-06 08:24:42 UTC,15060988,15462408,166096,1.04,48092,605904,199616,1.25,205708,501308,12
cloud-k3s-pool-workers-worker4,1,2026-06-06 08:24:43 UTC,15060988,15462472,166048,1.04,48092,605948,199616,1.25,205708,501368,188
cloud-k3s-pool-workers-worker4,1,2026-06-06 08:24:44 UTC,15060988,15462472,166036,1.04,48092,605960,199616,1.25,205708,501368,200
cloud-k3s-pool-workers-worker4,1,2026-06-06 08:24:45 UTC,15060988,15462472,166028,1.04,48092,605968,199616,1.25,205708,501368,204
cloud-k3s-pool-workers-worker4,1,2026-06-06 08:24:46 UTC,15060988,15462472,166016,1.04,48104,605968,199616,1.25,205708,501368,216
cloud-k3s-pool-workers-worker4,1,2026-06-06 08:24:47 UTC,15060988,15462532,166008,1.04,48104,605976,199616,1.25,205708,501428,228
cloud-k3s-pool-workers-worker4,1,2026-06-06 08:24:48 UTC,15060736,15462280,166232,1.04,48104,606000,199616,1.25,205708,501428,40
cloud-k3s-pool-workers-worker4,1,2026-06-06 08:24:49 UTC,15060736,15462280,166232,1.04,48104,606000,199616,1.25,205708,501428,40
cloud-k3s-pool-workers-worker4,1,2026-06-06 08:24:50 UTC,15060736,15462280,166212,1.04,48104,606020,199616,1.25,205708,501428,64
cloud-k3s-pool-workers-worker4,1,2026-06-06 08:24:51 UTC,15060736,15462280,166204,1.04,48116,606016,199616,1.25,205708,501428,72
cloud-k3s-pool-workers-worker4,1,2026-06-06 08:24:52 UTC,15060736,15462280,166204,1.04,48116,606016,199616,1.25,205708,501428,72
cloud-k3s-pool-workers-worker4,1,2026-06-06 08:24:53 UTC,15060480,15462144,166428,1.04,48116,606048,199616,1.25,205708,501548,180
cloud-k3s-pool-workers-worker4,1,2026-06-06 08:24:54 UTC,15060480,15462144,166416,1.04,48116,606060,199616,1.25,205708,501548,48
cloud-k3s-pool-workers-worker4,1,2026-06-06 08:24:55 UTC,15060728,15462392,166156,1.04,48116,606072,199616,1.25,205708,501548,60
cloud-k3s-pool-workers-worker4,1,2026-06-06 08:24:56 UTC,15060728,15462392,166148,1.04,48116,606080,199616,1.25,205708,501548,68
cloud-k3s-pool-workers-worker4,1,2026-06-06 08:24:57 UTC,15060728,15462444,166132,1.04,48128,606080,199616,1.25,205708,501596,12
cloud-k3s-pool-workers-worker4,1,2026-06-06 08:24:58 UTC,15060720,15462436,166120,1.04,48128,606100,199616,1.25,205708,501596,160
cloud-k3s-pool-workers-worker4,1,2026-06-06 08:24:59 UTC,15060720,15462436,166108,1.04,48128,606112,199616,1.25,205708,501596,172
cloud-k3s-pool-workers-worker4,1,2026-06-06 08:25:00 UTC,15060720,15462436,166100,1.04,48128,606120,199616,1.25,205708,501596,180
cloud-k3s-pool-workers-worker4,1,2026-06-06 08:25:01 UTC,15060720,15462436,166088,1.04,48128,606132,199616,1.25,205708,501596,192
cloud-k3s-pool-workers-worker4,1,2026-06-06 08:25:02 UTC,15060476,15462244,166312,1.04,48140,606140,199616,1.25,205700,501648,168
cloud-k3s-pool-workers-worker4,1,2026-06-06 08:25:03 UTC,15060792,15462608,165984,1.04,48140,606152,199616,1.25,205696,501696,32
cloud-k3s-pool-workers-worker4,1,2026-06-06 08:25:04 UTC,15060792,15462608,165976,1.04,48140,606160,199616,1.25,205696,501696,40
cloud-k3s-pool-workers-worker4,1,2026-06-06 08:25:05 UTC,15060792,15462608,165976,1.04,48140,606160,199616,1.25,205696,501696,40
cloud-k3s-pool-workers-worker4,1,2026-06-06 08:25:06 UTC,15060792,15462608,165956,1.04,48140,606180,199616,1.25,205696,501696,60
cloud-k3s-pool-workers-worker4,1,2026-06-06 08:25:07 UTC,15060792,15462608,165944,1.04,48152,606180,199616,1.25,205696,501696,56
cloud-k3s-pool-workers-worker4,1,2026-06-06 08:25:08 UTC,15060792,15462608,165944,1.04,48152,606180,199616,1.25,205696,501696,200
cloud-k3s-pool-workers-worker4,1,2026-06-06 08:25:09 UTC,15060792,15462668,165912,1.04,48152,606212,199616,1.25,205696,501756,196
cloud-k3s-pool-workers-worker4,1,2026-06-06 08:25:10 UTC,15060792,15462668,165900,1.04,48152,606224,199616,1.25,205696,501756,208
cloud-k3s-pool-workers-worker4,1,2026-06-06 08:25:11 UTC,15060792,15462668,165900,1.04,48152,606224,199616,1.25,205696,501756,208
cloud-k3s-pool-workers-worker4,1,2026-06-06 08:25:12 UTC,15060792,15462668,165900,1.04,48164,606212,199616,1.25,205696,501756,208
cloud-k3s-pool-workers-worker4,1,2026-06-06 08:25:13 UTC,15060792,15462716,165856,1.04,48164,606252,199616,1.25,205696,501804,164
cloud-k3s-pool-workers-worker4,1,2026-06-06 08:25:14 UTC,15060792,15462776,165844,1.04,48164,606264,199616,1.25,205696,501864,176
cloud-k3s-pool-workers-worker4,1,2026-06-06 08:25:15 UTC,15060792,15462776,165836,1.04,48164,606272,199616,1.25,205696,501864,184
cloud-k3s-pool-workers-worker4,1,2026-06-06 08:25:16 UTC,15060792,15462776,165836,1.04,48164,606272,199616,1.25,205696,501864,184
cloud-k3s-pool-workers-worker4,1,2026-06-06 08:25:17 UTC,15060792,15462776,165836,1.04,48176,606260,199616,1.25,205696,501864,184
cloud-k3s-pool-workers-worker4,1,2026-06-06 08:25:18 UTC,15060792,15462776,165792,1.04,48176,606304,199616,1.25,205696,501864,188
cloud-k3s-pool-workers-worker4,1,2026-06-06 08:25:19 UTC,15060792,15462776,165780,1.04,48176,606316,199616,1.25,205696,501864,200
cloud-k3s-pool-workers-worker4,1,2026-06-06 08:25:20 UTC,15060792,15462848,165772,1.04,48176,606324,199616,1.25,205696,501936,56
cloud-k3s-pool-workers-worker4,1,2026-06-06 08:25:21 UTC,15060792,15462848,165772,1.04,48176,606324,199616,1.25,205696,501936,56
cloud-k3s-pool-workers-worker4,1,2026-06-06 08:25:22 UTC,15060792,15462848,165752,1.04,48188,606332,199616,1.25,205696,501936,76
cloud-k3s-pool-workers-worker4,1,2026-06-06 08:25:23 UTC,15060792,15462848,165728,1.04,48188,606356,199616,1.25,205696,501936,180
cloud-k3s-pool-workers-worker4,1,2026-06-06 08:25:24 UTC,15060792,15462848,165728,1.04,48188,606356,199616,1.25,205696,501936,36
cloud-k3s-pool-workers-worker4,1,2026-06-06 08:25:25 UTC,15060792,15462848,165708,1.04,48188,606376,199616,1.25,205696,501936,56
cloud-k3s-pool-workers-worker4,1,2026-06-06 08:25:26 UTC,15060792,15462908,165700,1.04,48188,606384,199616,1.25,205696,501996,64
cloud-k3s-pool-workers-worker4,1,2026-06-06 08:25:27 UTC,15060792,15462908,165688,1.04,48200,606384,199616,1.25,205696,501996,76
cloud-k3s-pool-workers-worker4,1,2026-06-06 08:25:28 UTC,15060792,15462924,165664,1.04,48200,606404,199616,1.25,205696,502008,172
cloud-k3s-pool-workers-worker4,1,2026-06-06 08:25:29 UTC,15060792,15462924,165652,1.04,48200,606416,199616,1.25,205696,502008,184
cloud-k3s-pool-workers-worker4,1,2026-06-06 08:25:30 UTC,15060792,15462924,165644,1.04,48200,606424,199616,1.25,205696,502008,192
cloud-k3s-pool-workers-worker4,1,2026-06-06 08:25:31 UTC,15060792,15462924,165632,1.04,48200,606436,199616,1.25,205696,502008,204
cloud-k3s-pool-workers-worker4,1,2026-06-06 08:25:32 UTC,15060792,15462984,165620,1.04,48212,606436,199616,1.25,205696,502068,216
cloud-k3s-pool-workers-worker4,1,2026-06-06 08:25:33 UTC,15060792,15462984,165600,1.04,48212,606456,199616,1.25,205696,502068,28
cloud-k3s-pool-workers-worker4,1,2026-06-06 08:25:34 UTC,15060792,15462984,165588,1.04,48212,606468,199616,1.25,205696,502068,40
cloud-k3s-pool-workers-worker4,1,2026-06-06 08:25:35 UTC,15060792,15462984,165580,1.04,48212,606476,199616,1.25,205696,502068,48
cloud-k3s-pool-workers-worker4,1,2026-06-06 08:25:36 UTC,15060792,15462984,165568,1.04,48212,606488,199616,1.25,205696,502068,60
cloud-k3s-pool-workers-worker4,1,2026-06-06 08:25:37 UTC,15060792,15462984,165568,1.04,48212,606488,199616,1.25,205696,502068,60
cloud-k3s-pool-workers-worker4,1,2026-06-06 08:25:38 UTC,15060792,15463044,165536,1.04,48224,606508,199616,1.25,205696,502128,144
cloud-k3s-pool-workers-worker4,1,2026-06-06 08:25:39 UTC,15060540,15462792,165780,1.04,48224,606516,199616,1.25,205696,502128,16
cloud-k3s-pool-workers-worker4,1,2026-06-06 08:25:40 UTC,15060540,15462792,165768,1.04,48224,606528,199616,1.25,205696,502128,28
cloud-k3s-pool-workers-worker4,1,2026-06-06 08:25:41 UTC,15060540,15462792,165760,1.04,48224,606536,199616,1.25,205696,502128,36
cloud-k3s-pool-workers-worker4,1,2026-06-06 08:25:42 UTC,15060540,15462792,165748,1.04,48224,606548,199616,1.25,205696,502128,48
cloud-k3s-pool-workers-worker4,1,2026-06-06 08:25:43 UTC,15060540,15462792,165748,1.04,48236,606536,199616,1.25,205696,502128,188
cloud-k3s-pool-workers-worker4,1,2026-06-06 08:25:44 UTC,15060540,15462852,165712,1.04,48236,606568,199616,1.25,205696,502188,172
cloud-k3s-pool-workers-worker4,1,2026-06-06 08:25:45 UTC,15060540,15462852,165700,1.04,48236,606580,199616,1.25,205696,502188,184
cloud-k3s-pool-workers-worker4,1,2026-06-06 08:25:46 UTC,15060540,15462852,165692,1.04,48236,606588,199616,1.25,205696,502188,192
cloud-k3s-pool-workers-worker4,1,2026-06-06 08:25:47 UTC,15060540,15462852,165680,1.04,48236,606600,199616,1.25,205696,502188,204
cloud-k3s-pool-workers-worker4,1,2026-06-06 08:25:48 UTC,15060540,15462852,165672,1.04,48248,606596,199616,1.25,205696,502188,224
cloud-k3s-pool-workers-worker4,1,2026-06-06 08:25:49 UTC,15060540,15462972,165648,1.04,48248,606620,199616,1.25,205696,502308,36
cloud-k3s-pool-workers-worker4,1,2026-06-06 08:25:50 UTC,15060540,15462972,165640,1.04,48248,606628,199616,1.25,205696,502308,44
cloud-k3s-pool-workers-worker4,1,2026-06-06 08:25:51 UTC,15060540,15462972,165640,1.04,48248,606628,199616,1.25,205696,502308,44
cloud-k3s-pool-workers-worker4,1,2026-06-06 08:25:52 UTC,15060540,15462972,165620,1.04,48248,606648,199616,1.25,205696,502308,64
cloud-k3s-pool-workers-worker4,1,2026-06-06 08:25:53 UTC,15060540,15462972,165596,1.04,48260,606660,199616,1.25,205696,502308,160
cloud-k3s-pool-workers-worker4,1,2026-06-06 08:25:54 UTC,15060540,15462972,165588,1.04,48260,606668,199616,1.25,205696,502308,28
cloud-k3s-pool-workers-worker4,1,2026-06-06 08:25:55 UTC,15060540,15463032,165576,1.04,48260,606680,199616,1.25,205696,502368,40
cloud-k3s-pool-workers-worker4,1,2026-06-06 08:25:56 UTC,15060540,15463032,165576,1.04,48260,606680,199616,1.25,205696,502368,40
cloud-k3s-pool-workers-worker4,1,2026-06-06 08:25:57 UTC,15060540,15463032,165556,1.04,48260,606700,199616,1.25,205696,502368,60
cloud-k3s-pool-workers-worker4,1,2026-06-06 08:25:58 UTC,15060540,15463036,165528,1.04,48272,606712,199616,1.25,205696,502368,160
cloud-k3s-pool-workers-worker4,1,2026-06-06 08:25:59 UTC,15060540,15463036,165528,1.04,48272,606712,199616,1.25,205696,502368,160
cloud-k3s-pool-workers-worker4,1,2026-06-06 08:26:00 UTC,15060540,15463036,165504,1.04,48272,606732,199616,1.25,205696,502368,184
cloud-k3s-pool-workers-worker4,1,2026-06-06 08:26:01 UTC,15060540,15463096,165496,1.04,48272,606740,199616,1.25,205696,502428,192
cloud-k3s-pool-workers-worker4,1,2026-06-06 08:26:02 UTC,15060540,15463096,165484,1.04,48272,606752,199616,1.25,205696,502428,204
cloud-k3s-pool-workers-worker4,1,2026-06-06 08:26:03 UTC,15060540,15463096,165476,1.04,48284,606748,199616,1.25,205696,502428,224
cloud-k3s-pool-workers-worker4,1,2026-06-06 08:26:04 UTC,15060036,15462592,165956,1.04,48284,606772,199616,1.25,205696,502428,36
cloud-k3s-pool-workers-worker4,1,2026-06-06 08:26:05 UTC,15060036,15462592,165944,1.04,48284,606780,199616,1.25,205696,502428,40
cloud-k3s-pool-workers-worker4,1,2026-06-06 08:26:06 UTC,15060036,15462592,165932,1.04,48284,606792,199616,1.25,205696,502428,52
cloud-k3s-pool-workers-worker4,1,2026-06-06 08:26:07 UTC,15060036,15462592,165932,1.04,48284,606792,199616,1.25,205696,502428,52
cloud-k3s-pool-workers-worker4,1,2026-06-06 08:26:08 UTC,15060036,15462652,165912,1.04,48296,606800,199616,1.25,205696,502488,220
cloud-k3s-pool-workers-worker4,1,2026-06-06 08:26:09 UTC,15060036,15462652,165900,1.04,48296,606812,199616,1.25,205696,502488,236
cloud-k3s-pool-workers-worker4,1,2026-06-06 08:26:10 UTC,15060036,15462652,165880,1.04,48296,606832,199616,1.25,205696,502488,176
cloud-k3s-pool-workers-worker4,1,2026-06-06 08:26:11 UTC,15060036,15462652,165868,1.04,48296,606844,199616,1.25,205696,502488,188
cloud-k3s-pool-workers-worker4,1,2026-06-06 08:26:12 UTC,15060036,15462652,165860,1.04,48296,606852,199616,1.25,205696,502488,196
cloud-k3s-pool-workers-worker4,1,2026-06-06 08:26:13 UTC,15060036,15462712,165848,1.04,48308,606852,199616,1.25,205696,502548,220
cloud-k3s-pool-workers-worker4,1,2026-06-06 08:26:14 UTC,15060036,15462776,165824,1.04,48308,606872,199616,1.25,205696,502608,40
cloud-k3s-pool-workers-worker4,1,2026-06-06 08:26:15 UTC,15060036,15462776,165824,1.04,48308,606872,199616,1.25,205696,502608,40
cloud-k3s-pool-workers-worker4,1,2026-06-06 08:26:16 UTC,15060036,15462776,165804,1.04,48308,606892,199616,1.25,205696,502608,60
cloud-k3s-pool-workers-worker4,1,2026-06-06 08:26:17 UTC,15060036,15462776,165792,1.04,48308,606904,199616,1.25,205696,502608,72
cloud-k3s-pool-workers-worker4,1,2026-06-06 08:26:18 UTC,15060036,15462776,165780,1.04,48308,606916,199616,1.25,205696,502608,232
cloud-k3s-pool-workers-worker4,1,2026-06-06 08:26:19 UTC,15060036,15462836,165772,1.04,48320,606912,199616,1.25,205696,502668,240
cloud-k3s-pool-workers-worker4,1,2026-06-06 08:26:20 UTC,15060036,15462848,165748,1.04,48320,606936,199616,1.25,205696,502680,20
cloud-k3s-pool-workers-worker4,1,2026-06-06 08:26:21 UTC,15060036,15462848,165740,1.04,48320,606944,199616,1.25,205696,502680,28
cloud-k3s-pool-workers-worker4,1,2026-06-06 08:26:22 UTC,15060036,15462848,165728,1.04,48320,606956,199616,1.25,205696,502680,40
cloud-k3s-pool-workers-worker4,1,2026-06-06 08:26:23 UTC,15060036,15462848,165728,1.04,48320,606956,199616,1.25,205696,502680,184
cloud-k3s-pool-workers-worker4,1,2026-06-06 08:26:24 UTC,15060036,15462860,165696,1.04,48332,606976,199616,1.25,205696,502692,172
cloud-k3s-pool-workers-worker4,1,2026-06-06 08:26:25 UTC,15060036,15462920,165688,1.04,48332,606984,199616,1.25,205696,502752,184
cloud-k3s-pool-workers-worker4,1,2026-06-06 08:26:26 UTC,15060036,15462920,165676,1.04,48332,606996,199616,1.25,205696,502752,196
cloud-k3s-pool-workers-worker4,1,2026-06-06 08:26:27 UTC,15060036,15462920,165668,1.04,48332,607004,199616,1.25,205696,502752,204
cloud-k3s-pool-workers-worker4,1,2026-06-06 08:26:28 UTC,15060036,15462920,165656,1.04,48332,607016,199616,1.25,205696,502752,232
cloud-k3s-pool-workers-worker4,1,2026-06-06 08:26:29 UTC,15060036,15462920,165648,1.04,48344,607012,199616,1.25,205696,502752,240
cloud-k3s-pool-workers-worker4,1,2026-06-06 08:26:30 UTC,15060036,15462920,165620,1.04,48344,607036,199616,1.25,205696,502752,40
cloud-k3s-pool-workers-worker4,1,2026-06-06 08:26:31 UTC,15057768,15460652,167888,1.05,48344,607036,203068,1.27,207292,502752,200
cloud-k3s-pool-workers-worker4,1,2026-06-06 08:26:32 UTC,15057768,15460716,167864,1.05,48344,607060,203068,1.27,207372,502816,228
cloud-k3s-pool-workers-worker4,1,2026-06-06 08:26:33 UTC,15057768,15460716,167852,1.05,48344,607072,203068,1.27,207372,502816,328
cloud-k3s-pool-workers-worker4,1,2026-06-06 08:26:34 UTC,15057768,15460716,167844,1.05,48356,607068,203068,1.27,207372,502816,312
cloud-k3s-pool-workers-worker4,1,2026-06-06 08:26:35 UTC,15057768,15460716,167832,1.05,48356,607080,199616,1.25,205812,502816,436
cloud-k3s-pool-workers-worker4,1,2026-06-06 08:26:36 UTC,15057768,15460740,167812,1.05,48356,607100,199616,1.25,205684,502840,156
cloud-k3s-pool-workers-worker4,1,2026-06-06 08:26:37 UTC,15057768,15460800,167800,1.05,48356,607112,199616,1.25,205684,502900,168
cloud-k3s-pool-workers-worker4,1,2026-06-06 08:26:38 UTC,15057768,15460800,167792,1.05,48356,607120,199616,1.25,205684,502900,256
cloud-k3s-pool-workers-worker4,1,2026-06-06 08:26:39 UTC,15056760,15459792,168800,1.06,48368,607108,199616,1.25,205684,502900,236
cloud-k3s-pool-workers-worker4,1,2026-06-06 08:26:40 UTC,15056760,15459792,168768,1.06,48368,607140,199616,1.25,205684,502900,220
cloud-k3s-pool-workers-worker4,1,2026-06-06 08:26:41 UTC,15056760,15459792,168756,1.06,48368,607152,199616,1.25,205684,502900,48
cloud-k3s-pool-workers-worker4,1,2026-06-06 08:26:42 UTC,15056760,15459852,168744,1.06,48368,607164,199616,1.25,205684,502960,60
cloud-k3s-pool-workers-worker4,1,2026-06-06 08:26:43 UTC,15056760,15459852,168736,1.06,48368,607172,199616,1.25,205684,502960,212
cloud-k3s-pool-workers-worker4,1,2026-06-06 08:26:44 UTC,15056760,15459852,168712,1.06,48380,607184,199616,1.25,205684,502960,164
cloud-k3s-pool-workers-worker4,1,2026-06-06 08:26:45 UTC,15056760,15459856,168700,1.06,48380,607192,199616,1.25,205684,502960,176
cloud-k3s-pool-workers-worker4,1,2026-06-06 08:26:46 UTC,15056760,15459856,168688,1.06,48380,607204,199616,1.25,205684,502960,188
cloud-k3s-pool-workers-worker4,1,2026-06-06 08:26:47 UTC,15056760,15459856,168688,1.06,48380,607204,199616,1.25,205684,502960,188
cloud-k3s-pool-workers-worker4,1,2026-06-06 08:26:48 UTC,15056760,15459916,168668,1.06,48380,607224,199616,1.25,205684,503020,220
cloud-k3s-pool-workers-worker4,1,2026-06-06 08:26:49 UTC,15056760,15459916,168660,1.06,48392,607220,199616,1.25,205684,503020,228
cloud-k3s-pool-workers-worker4,1,2026-06-06 08:26:50 UTC,15056760,15459916,168632,1.06,48392,607244,199616,1.25,205684,503020,32
cloud-k3s-pool-workers-worker4,1,2026-06-06 08:26:51 UTC,15056760,15459916,168624,1.06,48392,607252,199616,1.25,205684,503020,40
cloud-k3s-pool-workers-worker4,1,2026-06-06 08:26:52 UTC,15056760,15459916,168612,1.05,48392,607264,199616,1.25,205684,503020,52
cloud-k3s-pool-workers-worker4,1,2026-06-06 08:26:53 UTC,15054744,15457900,170620,1.07,48392,607272,199616,1.25,205684,503020,208
cloud-k3s-pool-workers-worker4,1,2026-06-06 08:26:54 UTC,15054744,15457960,170608,1.07,48404,607272,199616,1.25,205684,503080,224
cloud-k3s-pool-workers-worker4,1,2026-06-06 08:26:55 UTC,15054744,15457960,170596,1.07,48404,607284,199616,1.25,205684,503080,240
cloud-k3s-pool-workers-worker4,1,2026-06-06 08:26:56 UTC,15054744,15457960,170576,1.07,48404,607304,199616,1.25,205684,503080,196
cloud-k3s-pool-workers-worker4,1,2026-06-06 08:26:57 UTC,15054744,15457960,170564,1.07,48404,607316,199616,1.25,205684,503080,208
cloud-k3s-pool-workers-worker4,1,2026-06-06 08:26:58 UTC,15054744,15457960,170556,1.07,48404,607324,199616,1.25,205684,503080,232
cloud-k3s-pool-workers-worker4,1,2026-06-06 08:26:59 UTC,15054744,15457960,170544,1.07,48416,607324,199616,1.25,205684,503080,244
cloud-k3s-pool-workers-worker4,1,2026-06-06 08:27:00 UTC,15054744,15458084,170520,1.07,48416,607344,199616,1.25,205708,503200,28
cloud-k3s-pool-workers-worker4,1,2026-06-06 08:27:01 UTC,15054744,15458084,170508,1.07,48416,607356,199616,1.25,205708,503200,40
cloud-k3s-pool-workers-worker4,1,2026-06-06 08:27:02 UTC,15058992,15462332,166252,1.04,48416,607364,199616,1.25,205708,503200,48
cloud-k3s-pool-workers-worker4,1,2026-06-06 08:27:03 UTC,15058992,15462332,166252,1.04,48416,607364,199616,1.25,205708,503200,196
cloud-k3s-pool-workers-worker4,1,2026-06-06 08:27:04 UTC,15058992,15462332,166232,1.04,48416,607384,199616,1.25,205708,503200,72
cloud-k3s-pool-workers-worker4,1,2026-06-06 08:27:05 UTC,15058992,15462332,166220,1.04,48428,607384,199616,1.25,205708,503200,52
cloud-k3s-pool-workers-worker4,1,2026-06-06 08:27:06 UTC,15058992,15462392,166196,1.04,48428,607408,199616,1.25,205708,503260,20
cloud-k3s-pool-workers-worker4,1,2026-06-06 08:27:07 UTC,15058992,15462392,166188,1.04,48428,607416,199616,1.25,205708,503260,28
cloud-k3s-pool-workers-worker4,1,2026-06-06 08:27:08 UTC,15058992,15462392,166176,1.04,48428,607428,199616,1.25,205708,503260,192
cloud-k3s-pool-workers-worker4,1,2026-06-06 08:27:09 UTC,15058992,15462392,166168,1.04,48428,607436,199616,1.25,205708,503260,200
cloud-k3s-pool-workers-worker4,1,2026-06-06 08:27:10 UTC,15058992,15462392,166144,1.04,48440,607448,199616,1.25,205708,503260,168
cloud-k3s-pool-workers-worker4,1,2026-06-06 08:27:11 UTC,15058992,15462392,166144,1.04,48440,607448,199616,1.25,205708,503260,168
cloud-k3s-pool-workers-worker4,1,2026-06-06 08:27:12 UTC,15058992,15462452,166124,1.04,48440,607468,199616,1.25,205708,503320,192
cloud-k3s-pool-workers-worker4,1,2026-06-06 08:27:13 UTC,15058992,15462452,166116,1.04,48440,607476,199616,1.25,205708,503320,212
cloud-k3s-pool-workers-worker4,1,2026-06-06 08:27:14 UTC,15058992,15462452,166104,1.04,48440,607488,199616,1.25,205708,503320,224
cloud-k3s-pool-workers-worker4,1,2026-06-06 08:27:15 UTC,15058992,15462456,166092,1.04,48452,607488,199616,1.25,205708,503324,8
cloud-k3s-pool-workers-worker4,1,2026-06-06 08:27:16 UTC,15058992,15462456,166064,1.04,48452,607512,199616,1.25,205708,503324,40
cloud-k3s-pool-workers-worker4,1,2026-06-06 08:27:17 UTC,15058992,15462456,166056,1.04,48452,607520,199616,1.25,205708,503324,48
cloud-k3s-pool-workers-worker4,1,2026-06-06 08:27:18 UTC,15058992,15462516,166044,1.04,48452,607532,199616,1.25,205708,503384,208
cloud-k3s-pool-workers-worker4,1,2026-06-06 08:27:19 UTC,15058992,15462516,166044,1.04,48452,607532,199616,1.25,205708,503384,208
cloud-k3s-pool-workers-worker4,1,2026-06-06 08:27:20 UTC,15058992,15462516,166012,1.04,48464,607552,199616,1.25,205708,503384,20
cloud-k3s-pool-workers-worker4,1,2026-06-06 08:27:21 UTC,15058992,15462516,166000,1.04,48464,607564,199616,1.25,205708,503384,36
cloud-k3s-pool-workers-worker4,1,2026-06-06 08:27:22 UTC,15058992,15462516,165992,1.04,48464,607572,199616,1.25,205708,503384,44
cloud-k3s-pool-workers-worker4,1,2026-06-06 08:27:23 UTC,15058992,15462564,165980,1.04,48484,607564,199616,1.25,205708,503432,204
cloud-k3s-pool-workers-worker4,1,2026-06-06 08:27:24 UTC,15058992,15462624,165952,1.04,48484,607592,199616,1.25,205708,503492,228
cloud-k3s-pool-workers-worker4,1,2026-06-06 08:27:25 UTC,15058992,15462624,165940,1.04,48484,607604,199616,1.25,205708,503492,208
cloud-k3s-pool-workers-worker4,1,2026-06-06 08:27:26 UTC,15058992,15462624,165932,1.04,48484,607612,199616,1.25,205708,503492,164
cloud-k3s-pool-workers-worker4,1,2026-06-06 08:27:27 UTC,15058992,15462624,165932,1.04,48484,607612,199616,1.25,205708,503492,164
cloud-k3s-pool-workers-worker4,1,2026-06-06 08:27:28 UTC,15058992,15462624,165912,1.04,48484,607632,199616,1.25,205708,503492,200
cloud-k3s-pool-workers-worker4,1,2026-06-06 08:27:29 UTC,15058992,15462624,165900,1.04,48496,607632,199616,1.25,205708,503492,212
cloud-k3s-pool-workers-worker4,1,2026-06-06 08:27:30 UTC,15058992,15462684,165876,1.04,48496,607656,199616,1.25,205708,503552,28
cloud-k3s-pool-workers-worker4,1,2026-06-06 08:27:31 UTC,15058992,15462688,165864,1.04,48496,607664,199616,1.25,205708,503552,40
cloud-k3s-pool-workers-worker4,1,2026-06-06 08:27:32 UTC,15058992,15462688,165852,1.04,48496,607676,199616,1.25,205708,503552,52
cloud-k3s-pool-workers-worker4,1,2026-06-06 08:27:33 UTC,15058992,15462688,165844,1.04,48496,607684,199616,1.25,205708,503552,212
cloud-k3s-pool-workers-worker4,1,2026-06-06 08:27:34 UTC,15058992,15462688,165820,1.04,48508,607696,199616,1.25,205708,503552,200
cloud-k3s-pool-workers-worker4,1,2026-06-06 08:27:35 UTC,15058992,15462688,165820,1.04,48508,607696,199616,1.25,205708,503552,148
cloud-k3s-pool-workers-worker4,1,2026-06-06 08:27:36 UTC,15058992,15462748,165800,1.04,48508,607716,199616,1.25,205708,503612,172
cloud-k3s-pool-workers-worker4,1,2026-06-06 08:27:37 UTC,15058992,15462748,165792,1.04,48508,607724,199616,1.25,205708,503612,180
cloud-k3s-pool-workers-worker4,1,2026-06-06 08:27:38 UTC,15058992,15462748,165780,1.04,48508,607736,199616,1.25,205708,503612,208
cloud-k3s-pool-workers-worker4,1,2026-06-06 08:27:39 UTC,15058992,15462748,165772,1.04,48508,607744,199616,1.25,205708,503612,216
cloud-k3s-pool-workers-worker4,1,2026-06-06 08:27:40 UTC,15058992,15462748,165744,1.04,48520,607756,199616,1.25,205708,503612,88
cloud-k3s-pool-workers-worker4,1,2026-06-06 08:27:41 UTC,15058992,15462748,165736,1.04,48520,607764,199616,1.25,205708,503612,100
cloud-k3s-pool-workers-worker4,1,2026-06-06 08:27:42 UTC,15058992,15462808,165724,1.04,48520,607776,199616,1.25,205708,503672,56
cloud-k3s-pool-workers-worker4,1,2026-06-06 08:27:43 UTC,15058992,15462808,165724,1.04,48520,607776,199616,1.25,205708,503672,208
cloud-k3s-pool-workers-worker4,1,2026-06-06 08:27:44 UTC,15058992,15462808,165704,1.04,48520,607796,199616,1.25,205708,503672,232
cloud-k3s-pool-workers-worker4,1,2026-06-06 08:27:45 UTC,15058992,15462808,165692,1.04,48520,607808,199616,1.25,205708,503672,244
cloud-k3s-pool-workers-worker4,1,2026-06-06 08:27:46 UTC,15058992,15462860,165668,1.04,48532,607816,199616,1.25,205708,503720,32
cloud-k3s-pool-workers-worker4,1,2026-06-06 08:27:47 UTC,15058992,15462920,165656,1.04,48532,607828,199616,1.25,205708,503780,48
cloud-k3s-pool-workers-worker4,1,2026-06-06 08:27:48 UTC,15058992,15462920,165648,1.04,48532,607836,199616,1.25,205708,503780,204
cloud-k3s-pool-workers-worker4,1,2026-06-06 08:27:49 UTC,15058992,15462920,165636,1.04,48532,607848,199616,1.25,205708,503780,216
cloud-k3s-pool-workers-worker4,1,2026-06-06 08:27:50 UTC,15058992,15462920,165628,1.04,48532,607856,199616,1.25,205708,503780,220
cloud-k3s-pool-workers-worker4,1,2026-06-06 08:27:51 UTC,15058992,15462920,165628,1.04,48544,607844,199616,1.25,205708,503780,164
cloud-k3s-pool-workers-worker4,1,2026-06-06 08:27:52 UTC,15058740,15462668,165848,1.04,48544,607876,199616,1.25,205708,503780,176
cloud-k3s-pool-workers-worker4,1,2026-06-06 08:27:53 UTC,15058740,15462740,165836,1.04,48544,607888,199616,1.25,205708,503852,40
cloud-k3s-pool-workers-worker4,1,2026-06-06 08:27:54 UTC,15058740,15462740,165824,1.04,48544,607900,199616,1.25,205708,503852,56
cloud-k3s-pool-workers-worker4,1,2026-06-06 08:27:55 UTC,15058740,15462740,165816,1.04,48544,607908,199616,1.25,205708,503852,64
cloud-k3s-pool-workers-worker4,1,2026-06-06 08:27:56 UTC,15058740,15462740,165792,1.04,48556,607920,199616,1.25,205708,503852,20
cloud-k3s-pool-workers-worker4,1,2026-06-06 08:27:57 UTC,15058740,15462740,165784,1.04,48556,607928,199616,1.25,205708,503852,32
cloud-k3s-pool-workers-worker4,1,2026-06-06 08:27:58 UTC,15058740,15462740,165772,1.04,48556,607940,199616,1.25,205708,503852,192
cloud-k3s-pool-workers-worker4,1,2026-06-06 08:27:59 UTC,15058740,15462740,165772,1.04,48556,607940,199616,1.25,205708,503852,192
cloud-k3s-pool-workers-worker4,1,2026-06-06 08:28:00 UTC,15058740,15462800,165752,1.04,48556,607960,199616,1.25,205708,503912,60
cloud-k3s-pool-workers-worker4,1,2026-06-06 08:28:01 UTC,15058740,15462800,165752,1.04,48568,607948,199616,1.25,205708,503912,60
cloud-k3s-pool-workers-worker4,1,2026-06-06 08:28:02 UTC,15058740,15462800,165716,1.04,48568,607980,199616,1.25,205708,503912,32
cloud-k3s-pool-workers-worker4,1,2026-06-06 08:28:03 UTC,15058740,15462800,165708,1.04,48568,607988,199616,1.25,205708,503912,188
cloud-k3s-pool-workers-worker4,1,2026-06-06 08:28:04 UTC,15058740,15462800,165696,1.04,48568,608000,199616,1.25,205708,503912,204
cloud-k3s-pool-workers-worker4,1,2026-06-06 08:28:05 UTC,15058740,15462860,165688,1.04,48568,608008,199616,1.25,205708,503972,212
cloud-k3s-pool-workers-worker4,1,2026-06-06 08:28:06 UTC,15058740,15462860,165664,1.04,48580,608020,199616,1.25,205708,503972,172
cloud-k3s-pool-workers-worker4,1,2026-06-06 08:28:07 UTC,15058740,15462860,165664,1.04,48580,608020,199616,1.25,205708,503972,172
cloud-k3s-pool-workers-worker4,1,2026-06-06 08:28:08 UTC,15058740,15462860,165644,1.04,48580,608040,199616,1.25,205708,503972,208
cloud-k3s-pool-workers-worker4,1,2026-06-06 08:28:09 UTC,15058740,15462860,165632,1.04,48580,608052,199616,1.25,205708,503972,220
cloud-k3s-pool-workers-worker4,1,2026-06-06 08:28:10 UTC,15058740,15462860,165624,1.04,48580,608060,199616,1.25,205708,503972,64
cloud-k3s-pool-workers-worker4,1,2026-06-06 08:28:11 UTC,15058740,15462920,165612,1.04,48592,608060,199616,1.25,205708,504032,0
cloud-k3s-pool-workers-worker4,1,2026-06-06 08:28:12 UTC,15058740,15462980,165592,1.04,48592,608080,199616,1.25,205708,504092,28
cloud-k3s-pool-workers-worker4,1,2026-06-06 08:28:13 UTC,15058740,15462980,165580,1.04,48592,608092,199616,1.25,205708,504092,188
cloud-k3s-pool-workers-worker4,1,2026-06-06 08:28:14 UTC,15058740,15462980,165572,1.04,48592,608100,199616,1.25,205708,504092,200
cloud-k3s-pool-workers-worker4,1,2026-06-06 08:28:15 UTC,15058740,15462980,165560,1.04,48592,608112,199616,1.25,205708,504092,64
cloud-k3s-pool-workers-worker4,1,2026-06-06 08:28:16 UTC,15058740,15462980,165552,1.04,48604,608108,199616,1.25,205708,504092,56
cloud-k3s-pool-workers-worker4,1,2026-06-06 08:28:17 UTC,15058740,15462980,165552,1.04,48604,608108,199616,1.25,205708,504092,56
cloud-k3s-pool-workers-worker4,1,2026-06-06 08:28:18 UTC,15058740,15463044,165512,1.04,48604,608144,199616,1.25,205708,504152,196
cloud-k3s-pool-workers-worker4,1,2026-06-06 08:28:19 UTC,15058740,15463044,165504,1.04,48604,608152,199616,1.25,205708,504152,204
cloud-k3s-pool-workers-worker4,1,2026-06-06 08:28:20 UTC,15058740,15463044,165492,1.04,48604,608164,199616,1.25,205708,504152,216
cloud-k3s-pool-workers-worker4,1,2026-06-06 08:28:21 UTC,15055972,15460276,168252,1.05,48616,608160,199616,1.25,205636,504152,276
cloud-k3s-pool-workers-worker4,1,2026-06-06 08:28:22 UTC,15055748,15460052,168452,1.05,48616,608184,199616,1.25,205692,504152,260
cloud-k3s-pool-workers-worker4,1,2026-06-06 08:28:23 UTC,15055748,15460052,168452,1.05,48616,608184,199616,1.25,205692,504152,40
cloud-k3s-pool-workers-worker4,1,2026-06-06 08:28:24 UTC,15055748,15460112,168432,1.05,48616,608204,199616,1.25,205692,504212,60
cloud-k3s-pool-workers-worker4,1,2026-06-06 08:28:25 UTC,15055748,15460112,168432,1.05,48616,608204,199616,1.25,205692,504212,60
cloud-k3s-pool-workers-worker4,1,2026-06-06 08:28:26 UTC,15055748,15460112,168412,1.05,48628,608212,199616,1.25,205692,504212,16
cloud-k3s-pool-workers-worker4,1,2026-06-06 08:28:27 UTC,15055748,15460112,168404,1.05,48628,608220,199616,1.25,205692,504212,28
cloud-k3s-pool-workers-worker4,1,2026-06-06 08:28:28 UTC,15055748,15460112,168380,1.05,48628,608244,199616,1.25,205692,504212,192
cloud-k3s-pool-workers-worker4,1,2026-06-06 08:28:29 UTC,15055748,15460172,168368,1.05,48628,608256,199616,1.25,205692,504272,56
cloud-k3s-pool-workers-worker4,1,2026-06-06 08:28:30 UTC,15055748,15460172,168360,1.05,48628,608264,199616,1.25,205692,504272,64
cloud-k3s-pool-workers-worker4,1,2026-06-06 08:28:31 UTC,15055748,15460172,168360,1.05,48628,608264,199616,1.25,205692,504272,64
cloud-k3s-pool-workers-worker4,1,2026-06-06 08:28:32 UTC,15055748,15460184,168324,1.05,48640,608284,199616,1.25,205692,504284,4
cloud-k3s-pool-workers-worker4,1,2026-06-06 08:28:33 UTC,15055748,15460184,168312,1.05,48640,608296,199616,1.25,205692,504284,168
cloud-k3s-pool-workers-worker4,1,2026-06-06 08:28:34 UTC,15055748,15460184,168304,1.05,48640,608304,199616,1.25,205692,504284,172
cloud-k3s-pool-workers-worker4,1,2026-06-06 08:28:35 UTC,15055748,15460244,168292,1.05,48640,608316,199616,1.25,205692,504344,184
cloud-k3s-pool-workers-worker4,1,2026-06-06 08:28:36 UTC,15055748,15460244,168284,1.05,48640,608324,199616,1.25,205692,504344,192
cloud-k3s-pool-workers-worker4,1,2026-06-06 08:28:37 UTC,15055748,15460244,168260,1.05,48652,608336,199616,1.25,205692,504344,220
cloud-k3s-pool-workers-worker4,1,2026-06-06 08:28:38 UTC,15055748,15460244,168252,1.05,48652,608344,199616,1.25,205708,504344,32
cloud-k3s-pool-workers-worker4,1,2026-06-06 08:28:39 UTC,15055748,15460244,168252,1.05,48652,608344,199616,1.25,205708,504344,32
cloud-k3s-pool-workers-worker4,1,2026-06-06 08:28:40 UTC,15055748,15460244,168232,1.05,48652,608364,199616,1.25,205708,504344,52
cloud-k3s-pool-workers-worker4,1,2026-06-06 08:28:41 UTC,15055748,15460304,168220,1.05,48652,608376,199616,1.25,205708,504404,64
cloud-k3s-pool-workers-worker4,1,2026-06-06 08:28:42 UTC,15055748,15460316,168196,1.05,48664,608388,199616,1.25,205708,504416,24
cloud-k3s-pool-workers-worker4,1,2026-06-06 08:28:43 UTC,15055748,15460316,168188,1.05,48664,608396,199616,1.25,205708,504416,180
cloud-k3s-pool-workers-worker4,1,2026-06-06 08:28:44 UTC,15051716,15456284,172208,1.08,48664,608408,199616,1.25,205708,504416,192
cloud-k3s-pool-workers-worker4,1,2026-06-06 08:28:45 UTC,15051716,15456284,172200,1.08,48664,608416,199616,1.25,205708,504416,200
cloud-k3s-pool-workers-worker4,1,2026-06-06 08:28:46 UTC,15051716,15456344,172188,1.08,48664,608428,199616,1.25,205708,504476,64
cloud-k3s-pool-workers-worker4,1,2026-06-06 08:28:47 UTC,15051716,15456344,172188,1.08,48676,608416,199616,1.25,205708,504476,64
cloud-k3s-pool-workers-worker4,1,2026-06-06 08:28:48 UTC,15051716,15456408,172148,1.08,48676,608448,199616,1.25,205708,504536,184
cloud-k3s-pool-workers-worker4,1,2026-06-06 08:28:49 UTC,15051716,15456408,172140,1.08,48676,608456,199616,1.25,205708,504536,192
cloud-k3s-pool-workers-worker4,1,2026-06-06 08:28:50 UTC,15051716,15456408,172128,1.08,48676,608468,199616,1.25,205708,504536,204
cloud-k3s-pool-workers-worker4,1,2026-06-06 08:28:51 UTC,15051716,15456408,172120,1.08,48676,608476,199616,1.25,205708,504536,212
cloud-k3s-pool-workers-worker4,1,2026-06-06 08:28:52 UTC,15051716,15456468,172096,1.08,48688,608488,199616,1.25,205708,504596,168
cloud-k3s-pool-workers-worker4,1,2026-06-06 08:28:53 UTC,15051716,15456468,172096,1.08,48688,608488,199616,1.25,205708,504596,184
cloud-k3s-pool-workers-worker4,1,2026-06-06 08:28:54 UTC,15051716,15456468,172076,1.08,48688,608508,199616,1.25,205708,504596,44
cloud-k3s-pool-workers-worker4,1,2026-06-06 08:28:55 UTC,15051716,15456468,172064,1.08,48688,608520,199616,1.25,205708,504596,52
cloud-k3s-pool-workers-worker4,1,2026-06-06 08:28:56 UTC,15051716,15456468,172056,1.08,48688,608528,199616,1.25,205708,504596,60
cloud-k3s-pool-workers-worker4,1,2026-06-06 08:28:57 UTC,15051716,15456468,172056,1.08,48700,608516,199616,1.25,205708,504596,60
cloud-k3s-pool-workers-worker4,1,2026-06-06 08:28:58 UTC,15051716,15456528,172024,1.08,48700,608548,199616,1.25,205708,504656,184
cloud-k3s-pool-workers-worker4,1,2026-06-06 08:28:59 UTC,15051716,15456528,172012,1.08,48700,608560,199616,1.25,205708,504656,196
cloud-k3s-pool-workers-worker4,1,2026-06-06 08:29:00 UTC,15051716,15456528,172004,1.08,48700,608568,199616,1.25,205708,504656,204
cloud-k3s-pool-workers-worker4,1,2026-06-06 08:29:01 UTC,15051716,15456528,171992,1.08,48700,608580,199616,1.25,205708,504656,216
cloud-k3s-pool-workers-worker4,1,2026-06-06 08:29:02 UTC,15051716,15456528,171984,1.08,48712,608576,199616,1.25,205708,504656,224
cloud-k3s-pool-workers-worker4,1,2026-06-06 08:29:03 UTC,15051716,15456532,171968,1.08,48712,608588,199616,1.25,205708,504656,92
cloud-k3s-pool-workers-worker4,1,2026-06-06 08:29:04 UTC,15051716,15456592,171948,1.08,48712,608608,199616,1.25,205708,504716,40
cloud-k3s-pool-workers-worker4,1,2026-06-06 08:29:05 UTC,15051716,15456592,171936,1.08,48712,608620,199616,1.25,205708,504716,52
cloud-k3s-pool-workers-worker4,1,2026-06-06 08:29:06 UTC,15051716,15456592,171936,1.08,48712,608620,199616,1.25,205708,504716,52
cloud-k3s-pool-workers-worker4,1,2026-06-06 08:29:07 UTC,15051716,15456592,171936,1.08,48724,608608,199616,1.25,205708,504716,52
cloud-k3s-pool-workers-worker4,1,2026-06-06 08:29:08 UTC,15051716,15456592,171892,1.08,48724,608652,199616,1.25,205708,504716,180
cloud-k3s-pool-workers-worker4,1,2026-06-06 08:29:09 UTC,15051716,15456592,171884,1.08,48724,608660,199616,1.25,205708,504716,40
cloud-k3s-pool-workers-worker4,1,2026-06-06 08:29:10 UTC,15051716,15456652,171872,1.08,48724,608672,199616,1.25,205708,504776,52
cloud-k3s-pool-workers-worker4,1,2026-06-06 08:29:11 UTC,15051716,15456652,171864,1.08,48724,608680,199616,1.25,205708,504776,60
cloud-k3s-pool-workers-worker4,1,2026-06-06 08:29:12 UTC,15051716,15456652,171864,1.08,48724,608680,199616,1.25,205708,504776,60
cloud-k3s-pool-workers-worker4,1,2026-06-06 08:29:13 UTC,15051716,15456684,171832,1.08,48736,608700,199616,1.25,205708,504808,152
cloud-k3s-pool-workers-worker4,1,2026-06-06 08:29:14 UTC,15051716,15456684,171820,1.08,48736,608712,199616,1.25,205708,504808,164
cloud-k3s-pool-workers-worker4,1,2026-06-06 08:29:15 UTC,15051716,15456684,171812,1.07,48736,608720,199616,1.25,205708,504808,172
cloud-k3s-pool-workers-worker4,1,2026-06-06 08:29:16 UTC,15051716,15456684,171800,1.07,48736,608732,199616,1.25,205708,504808,184
cloud-k3s-pool-workers-worker4,1,2026-06-06 08:29:17 UTC,15051716,15456684,171800,1.07,48736,608732,199616,1.25,205708,504808,184
cloud-k3s-pool-workers-worker4,1,2026-06-06 08:29:18 UTC,15051476,15456444,171988,1.08,48748,608752,199616,1.25,205708,504808,180
cloud-k3s-pool-workers-worker4,1,2026-06-06 08:29:19 UTC,15051476,15456504,171976,1.08,48748,608764,199616,1.25,205708,504868,36
cloud-k3s-pool-workers-worker4,1,2026-06-06 08:29:20 UTC,15051476,15456504,171968,1.08,48748,608772,199616,1.25,205708,504868,44
cloud-k3s-pool-workers-worker4,1,2026-06-06 08:29:21 UTC,15051476,15456504,171956,1.08,48748,608784,199616,1.25,205708,504868,56
cloud-k3s-pool-workers-worker4,1,2026-06-06 08:29:22 UTC,15051476,15456504,171956,1.08,48748,608784,199616,1.25,205708,504868,56
cloud-k3s-pool-workers-worker4,1,2026-06-06 08:29:23 UTC,15051476,15456548,171924,1.08,48760,608804,199616,1.25,205708,504912,164
cloud-k3s-pool-workers-worker4,1,2026-06-06 08:29:24 UTC,15051476,15456548,171916,1.08,48760,608812,199616,1.25,205708,504912,176
cloud-k3s-pool-workers-worker4,1,2026-06-06 08:29:25 UTC,15051476,15456548,171904,1.08,48760,608824,199616,1.25,205708,504912,188
cloud-k3s-pool-workers-worker4,1,2026-06-06 08:29:26 UTC,15051476,15456548,171896,1.08,48760,608832,199616,1.25,205708,504912,196
cloud-k3s-pool-workers-worker4,1,2026-06-06 08:29:27 UTC,15051476,15456548,171896,1.08,48760,608832,199616,1.25,205708,504912,196
cloud-k3s-pool-workers-worker4,1,2026-06-06 08:29:28 UTC,15051476,15456596,171864,1.08,48772,608852,199616,1.25,205708,504960,20
cloud-k3s-pool-workers-worker4,1,2026-06-06 08:29:29 UTC,15051476,15456596,171852,1.08,48772,608864,199616,1.25,205708,504960,36
cloud-k3s-pool-workers-worker4,1,2026-06-06 08:29:30 UTC,15051476,15456596,171840,1.08,48772,608876,199616,1.25,205708,504960,48
cloud-k3s-pool-workers-worker4,1,2026-06-06 08:29:31 UTC,15051476,15456596,171832,1.08,48772,608884,199616,1.25,205708,504960,56
cloud-k3s-pool-workers-worker4,1,2026-06-06 08:29:32 UTC,15051476,15456596,171832,1.08,48772,608884,199616,1.25,205708,504960,56
cloud-k3s-pool-workers-worker4,1,2026-06-06 08:29:33 UTC,15051476,15456708,171800,1.07,48784,608904,199616,1.25,205708,505072,176
cloud-k3s-pool-workers-worker4,1,2026-06-06 08:29:34 UTC,15051476,15456712,171784,1.07,48784,608916,199616,1.25,205708,505072,32
cloud-k3s-pool-workers-worker4,1,2026-06-06 08:29:35 UTC,15051476,15456712,171776,1.07,48784,608924,199616,1.25,205708,505072,40
cloud-k3s-pool-workers-worker4,1,2026-06-06 08:29:36 UTC,15051476,15456712,171764,1.07,48784,608936,199616,1.25,205708,505072,52
cloud-k3s-pool-workers-worker4,1,2026-06-06 08:29:37 UTC,15051476,15456712,171756,1.07,48784,608944,199616,1.25,205708,505072,60
cloud-k3s-pool-workers-worker4,1,2026-06-06 08:29:38 UTC,15051476,15456764,171744,1.07,48796,608944,199616,1.25,205708,505124,148
cloud-k3s-pool-workers-worker4,1,2026-06-06 08:29:39 UTC,15051476,15456764,171724,1.07,48796,608964,199616,1.25,205708,505124,184
cloud-k3s-pool-workers-worker4,1,2026-06-06 08:29:40 UTC,15051476,15456764,171712,1.07,48796,608976,199616,1.25,205708,505124,196
cloud-k3s-pool-workers-worker4,1,2026-06-06 08:29:41 UTC,15051476,15456764,171700,1.07,48796,608988,199616,1.25,205708,505124,208
cloud-k3s-pool-workers-worker4,1,2026-06-06 08:29:42 UTC,15051476,15456764,171692,1.07,48796,608996,199616,1.25,205708,505124,216
cloud-k3s-pool-workers-worker4,1,2026-06-06 08:29:43 UTC,15051476,15456816,171668,1.07,48808,609008,199616,1.25,205708,505176,0
cloud-k3s-pool-workers-worker4,1,2026-06-06 08:29:44 UTC,15051476,15456816,171660,1.07,48808,609016,199616,1.25,205708,505176,12
cloud-k3s-pool-workers-worker4,1,2026-06-06 08:29:45 UTC,15051476,15456816,171648,1.07,48808,609028,199616,1.25,205708,505176,24
cloud-k3s-pool-workers-worker4,1,2026-06-06 08:29:46 UTC,15051476,15456816,171640,1.07,48808,609036,199616,1.25,205708,505176,32
cloud-k3s-pool-workers-worker4,1,2026-06-06 08:29:47 UTC,15051476,15456816,171640,1.07,48808,609036,199616,1.25,205708,505176,32
cloud-k3s-pool-workers-worker4,1,2026-06-06 08:29:48 UTC,15051476,15456864,171608,1.07,48820,609056,199616,1.25,205708,505224,172
cloud-k3s-pool-workers-worker4,1,2026-06-06 08:29:49 UTC,15051476,15456864,171592,1.07,48820,609068,199616,1.25,205708,505224,188
cloud-k3s-pool-workers-worker4,1,2026-06-06 08:29:50 UTC,15051476,15456864,171584,1.07,48820,609076,199616,1.25,205708,505224,52
cloud-k3s-pool-workers-worker4,1,2026-06-06 08:29:51 UTC,15051476,15456864,171584,1.07,48820,609076,199616,1.25,205708,505224,52
cloud-k3s-pool-workers-worker4,1,2026-06-06 08:29:52 UTC,15051476,15456864,171564,1.07,48820,609096,199616,1.25,205708,505224,72
cloud-k3s-pool-workers-worker4,1,2026-06-06 08:29:53 UTC,15051476,15456864,171552,1.07,48832,609096,199616,1.25,205708,505224,232
cloud-k3s-pool-workers-worker4,1,2026-06-06 08:29:54 UTC,15051476,15456932,171524,1.07,48832,609120,199616,1.25,205708,505288,152
cloud-k3s-pool-workers-worker4,1,2026-06-06 08:29:55 UTC,15051476,15456932,171516,1.07,48832,609128,199616,1.25,205708,505288,160
cloud-k3s-pool-workers-worker4,1,2026-06-06 08:29:56 UTC,15051476,15456932,171504,1.07,48832,609140,199616,1.25,205708,505288,172
cloud-k3s-pool-workers-worker4,1,2026-06-06 08:29:57 UTC,15051476,15456932,171496,1.07,48832,609148,199616,1.25,205708,505288,180
cloud-k3s-pool-workers-worker4,1,2026-06-06 08:29:58 UTC,15051476,15456932,171484,1.07,48844,609148,199616,1.25,205708,505288,204
cloud-k3s-pool-workers-worker4,1,2026-06-06 08:29:59 UTC,15051476,15456992,171464,1.07,48844,609168,199616,1.25,205708,505348,188
cloud-k3s-pool-workers-worker4,1,2026-06-06 08:30:00 UTC,15051476,15457052,171452,1.07,48844,609180,199616,1.25,205708,505408,44
cloud-k3s-pool-workers-worker4,1,2026-06-06 08:30:01 UTC,15051476,15457052,171444,1.07,48844,609188,199616,1.25,205708,505408,52
cloud-k3s-pool-workers-worker4,1,2026-06-06 08:30:02 UTC,15051476,15457052,171432,1.07,48844,609200,199616,1.25,205708,505408,64
cloud-k3s-pool-workers-worker4,1,2026-06-06 08:30:03 UTC,15051476,15457080,171424,1.07,48856,609196,199616,1.25,205564,505436,304
cloud-k3s-pool-workers-worker4,1,2026-06-06 08:30:04 UTC,15051476,15457080,171408,1.07,48856,609208,199616,1.25,205564,505436,316
cloud-k3s-pool-workers-worker4,1,2026-06-06 08:30:05 UTC,15051224,15456896,171628,1.07,48856,609240,199616,1.25,205684,505504,276
cloud-k3s-pool-workers-worker4,1,2026-06-06 08:30:06 UTC,15051224,15456896,171620,1.07,48856,609248,199616,1.25,205684,505504,284
cloud-k3s-pool-workers-worker4,1,2026-06-06 08:30:07 UTC,15051224,15456896,171620,1.07,48856,609248,199616,1.25,205684,505504,284
cloud-k3s-pool-workers-worker4,1,2026-06-06 08:30:08 UTC,15051224,15456896,171588,1.07,48868,609268,199616,1.25,205684,505504,88
cloud-k3s-pool-workers-worker4,1,2026-06-06 08:30:09 UTC,15051224,15456956,171576,1.07,48868,609280,199616,1.25,205684,505564,100
cloud-k3s-pool-workers-worker4,1,2026-06-06 08:30:10 UTC,15051224,15456956,171568,1.07,48868,609288,199616,1.25,205684,505564,48
cloud-k3s-pool-workers-worker4,1,2026-06-06 08:30:11 UTC,15051476,15457208,171304,1.07,48868,609300,199616,1.25,205684,505564,60
cloud-k3s-pool-workers-worker4,1,2026-06-06 08:30:12 UTC,15051476,15457208,171304,1.07,48868,609300,199616,1.25,205684,505564,60
cloud-k3s-pool-workers-worker4,1,2026-06-06 08:30:13 UTC,15051476,15457208,171272,1.07,48880,609320,199616,1.25,205684,505564,232
cloud-k3s-pool-workers-worker4,1,2026-06-06 08:30:14 UTC,15051476,15457208,171264,1.07,48880,609328,199616,1.25,205684,505564,240
cloud-k3s-pool-workers-worker4,1,2026-06-06 08:30:15 UTC,15051476,15457268,171252,1.07,48880,609340,199616,1.25,205684,505624,164
cloud-k3s-pool-workers-worker4,1,2026-06-06 08:30:16 UTC,15051476,15457268,171240,1.07,48880,609352,199616,1.25,205684,505624,176
cloud-k3s-pool-workers-worker4,1,2026-06-06 08:30:17 UTC,15051476,15457268,171232,1.07,48880,609360,199616,1.25,205684,505624,184
cloud-k3s-pool-workers-worker4,1,2026-06-06 08:30:18 UTC,15051476,15457268,171220,1.07,48892,609360,199616,1.25,205684,505624,208
cloud-k3s-pool-workers-worker4,1,2026-06-06 08:30:19 UTC,15051476,15457268,171220,1.07,48892,609360,199616,1.25,205684,505624,208
cloud-k3s-pool-workers-worker4,1,2026-06-06 08:30:20 UTC,15051476,15457316,171184,1.07,48892,609392,199616,1.25,205684,505668,40
cloud-k3s-pool-workers-worker4,1,2026-06-06 08:30:21 UTC,15051476,15457316,171176,1.07,48892,609400,199616,1.25,205684,505668,48
cloud-k3s-pool-workers-worker4,1,2026-06-06 08:30:22 UTC,15051476,15457316,171176,1.07,48892,609400,199616,1.25,205684,505668,48
cloud-k3s-pool-workers-worker4,1,2026-06-06 08:30:23 UTC,15051476,15457356,171144,1.07,48904,609420,199616,1.25,205684,505708,220
cloud-k3s-pool-workers-worker4,1,2026-06-06 08:30:24 UTC,15051476,15457368,171132,1.07,48904,609432,199616,1.25,205684,505720,176
cloud-k3s-pool-workers-worker4,1,2026-06-06 08:30:25 UTC,15051476,15457368,171124,1.07,48904,609440,199616,1.25,205684,505720,160
cloud-k3s-pool-workers-worker4,1,2026-06-06 08:30:26 UTC,15051224,15457116,171364,1.07,48904,609452,199616,1.25,205684,505720,172
cloud-k3s-pool-workers-worker4,1,2026-06-06 08:30:27 UTC,15051224,15457116,171364,1.07,48904,609452,199616,1.25,205684,505720,172
cloud-k3s-pool-workers-worker4,1,2026-06-06 08:30:28 UTC,15051224,15457176,171332,1.07,48916,609472,199616,1.25,205684,505780,68
cloud-k3s-pool-workers-worker4,1,2026-06-06 08:30:29 UTC,15051224,15457176,171320,1.07,48916,609484,199616,1.25,205684,505780,28
cloud-k3s-pool-workers-worker4,1,2026-06-06 08:30:30 UTC,15051224,15457176,171320,1.07,48916,609484,199616,1.25,205684,505780,28
cloud-k3s-pool-workers-worker4,1,2026-06-06 08:30:31 UTC,15051224,15457236,171300,1.07,48916,609504,199616,1.25,205684,505840,52
cloud-k3s-pool-workers-worker4,1,2026-06-06 08:30:32 UTC,15051224,15457236,171292,1.07,48916,609512,199616,1.25,205684,505840,60
cloud-k3s-pool-workers-worker4,1,2026-06-06 08:30:33 UTC,15051224,15457236,171268,1.07,48928,609524,199616,1.25,205684,505840,192
cloud-k3s-pool-workers-worker4,1,2026-06-06 08:30:34 UTC,15051224,15457236,171260,1.07,48928,609532,199616,1.25,205684,505840,0
cloud-k3s-pool-workers-worker4,1,2026-06-06 08:30:35 UTC,15051224,15457236,171244,1.07,48928,609544,199616,1.25,205684,505840,16
cloud-k3s-pool-workers-worker4,1,2026-06-06 08:30:36 UTC,15051224,15457296,171236,1.07,48928,609552,199616,1.25,205684,505900,24
cloud-k3s-pool-workers-worker4,1,2026-06-06 08:30:37 UTC,15051224,15457296,171236,1.07,48928,609552,199616,1.25,205684,505900,24
cloud-k3s-pool-workers-worker4,1,2026-06-06 08:30:38 UTC,15051224,15457296,171216,1.07,48940,609560,199616,1.25,205684,505900,196
cloud-k3s-pool-workers-worker4,1,2026-06-06 08:30:39 UTC,15051224,15457296,171216,1.07,48940,609560,199616,1.25,205684,505900,196
cloud-k3s-pool-workers-worker4,1,2026-06-06 08:30:40 UTC,15051224,15457340,171180,1.07,48940,609596,199616,1.25,205684,505944,180
cloud-k3s-pool-workers-worker4,1,2026-06-06 08:30:41 UTC,15051224,15457340,171172,1.07,48940,609604,199616,1.25,205684,505944,192
cloud-k3s-pool-workers-worker4,1,2026-06-06 08:30:42 UTC,15051224,15457340,171160,1.07,48940,609616,199616,1.25,205684,505944,204
cloud-k3s-pool-workers-worker4,1,2026-06-06 08:30:43 UTC,15051224,15457340,171152,1.07,48952,609612,199616,1.25,205684,505944,224
cloud-k3s-pool-workers-worker4,1,2026-06-06 08:30:44 UTC,15051224,15457340,171140,1.07,48952,609624,199616,1.25,205684,505944,68
cloud-k3s-pool-workers-worker4,1,2026-06-06 08:30:45 UTC,15051224,15457344,171116,1.07,48952,609644,199616,1.25,205684,505944,0
cloud-k3s-pool-workers-worker4,1,2026-06-06 08:30:46 UTC,15051224,15457404,171104,1.07,48952,609656,199616,1.25,205684,506004,16
cloud-k3s-pool-workers-worker4,1,2026-06-06 08:30:47 UTC,15051224,15457404,171096,1.07,48952,609664,199616,1.25,205684,506004,24
cloud-k3s-pool-workers-worker4,1,2026-06-06 08:30:48 UTC,15051224,15457404,171084,1.07,48964,609664,199616,1.25,205684,506004,184
cloud-k3s-pool-workers-worker4,1,2026-06-06 08:30:49 UTC,15051224,15457404,171064,1.07,48964,609684,199616,1.25,205684,506004,224
cloud-k3s-pool-workers-worker4,1,2026-06-06 08:30:50 UTC,15050720,15456900,171568,1.07,48964,609684,199616,1.25,205684,506004,168
cloud-k3s-pool-workers-worker4,1,2026-06-06 08:30:51 UTC,15050720,15456900,171544,1.07,48964,609704,199616,1.25,205684,506004,192
cloud-k3s-pool-workers-worker4,1,2026-06-06 08:30:52 UTC,15050720,15456960,171532,1.07,48964,609716,199616,1.25,205684,506064,204
cloud-k3s-pool-workers-worker4,1,2026-06-06 08:30:53 UTC,15050720,15456960,171520,1.07,48976,609716,199616,1.25,205684,506064,68
cloud-k3s-pool-workers-worker4,1,2026-06-06 08:30:54 UTC,15050720,15457020,171500,1.07,48976,609736,199616,1.25,205684,506124,44
cloud-k3s-pool-workers-worker4,1,2026-06-06 08:30:55 UTC,15050720,15457020,171488,1.07,48976,609748,199616,1.25,205684,506124,56
cloud-k3s-pool-workers-worker4,1,2026-06-06 08:30:56 UTC,15050720,15457020,171480,1.07,48976,609756,199616,1.25,205684,506124,68
cloud-k3s-pool-workers-worker4,1,2026-06-06 08:30:57 UTC,15050720,15457020,171480,1.07,48976,609756,199616,1.25,205684,506124,68
cloud-k3s-pool-workers-worker4,1,2026-06-06 08:30:58 UTC,15050720,15457080,171448,1.07,48988,609776,199616,1.25,205684,506184,204
cloud-k3s-pool-workers-worker4,1,2026-06-06 08:30:59 UTC,15050720,15457080,171436,1.07,48988,609788,199616,1.25,205684,506184,216
cloud-k3s-pool-workers-worker4,1,2026-06-06 08:31:00 UTC,15050720,15457080,171428,1.07,48988,609796,199616,1.25,205684,506184,28
cloud-k3s-pool-workers-worker4,1,2026-06-06 08:31:01 UTC,15050720,15457080,171416,1.07,48988,609808,199616,1.25,205684,506184,44
cloud-k3s-pool-workers-worker4,1,2026-06-06 08:31:02 UTC,15050720,15457080,171416,1.07,48988,609808,199616,1.25,205684,506184,44
cloud-k3s-pool-workers-worker4,1,2026-06-06 08:31:03 UTC,15050720,15457080,171384,1.07,49000,609828,199616,1.25,205684,506184,212
cloud-k3s-pool-workers-worker4,1,2026-06-06 08:31:04 UTC,15050720,15457144,171372,1.07,49000,609840,199616,1.25,205684,506248,196
cloud-k3s-pool-workers-worker4,1,2026-06-06 08:31:05 UTC,15050720,15457152,171364,1.07,49000,609848,199616,1.25,205684,506256,148
cloud-k3s-pool-workers-worker4,1,2026-06-06 08:31:06 UTC,15050720,15457156,171348,1.07,49000,609860,199616,1.25,205684,506256,164
cloud-k3s-pool-workers-worker4,1,2026-06-06 08:31:07 UTC,15050720,15457156,171340,1.07,49000,609868,199616,1.25,205684,506256,172
cloud-k3s-pool-workers-worker4,1,2026-06-06 08:31:08 UTC,15050720,15457156,171316,1.07,49012,609880,199616,1.25,205684,506256,64
cloud-k3s-pool-workers-worker4,1,2026-06-06 08:31:09 UTC,15050720,15457156,171316,1.07,49012,609880,199616,1.25,205684,506256,64
cloud-k3s-pool-workers-worker4,1,2026-06-06 08:31:10 UTC,15050720,15457156,171296,1.07,49012,609900,199616,1.25,205684,506256,28
cloud-k3s-pool-workers-worker4,1,2026-06-06 08:31:11 UTC,15050720,15457216,171288,1.07,49012,609908,199616,1.25,205684,506316,40
cloud-k3s-pool-workers-worker4,1,2026-06-06 08:31:12 UTC,15050720,15457216,171276,1.07,49012,609920,199616,1.25,205684,506316,52
cloud-k3s-pool-workers-worker4,1,2026-06-06 08:31:13 UTC,15050720,15457216,171268,1.07,49024,609916,199616,1.25,205684,506316,208
cloud-k3s-pool-workers-worker4,1,2026-06-06 08:31:14 UTC,15050720,15457216,171244,1.07,49024,609940,199616,1.25,205684,506316,44
cloud-k3s-pool-workers-worker4,1,2026-06-06 08:31:15 UTC,15050720,15457216,171236,1.07,49024,609948,199616,1.25,205684,506316,0
cloud-k3s-pool-workers-worker4,1,2026-06-06 08:31:16 UTC,15050720,15457216,171224,1.07,49024,609960,199616,1.25,205684,506316,16
cloud-k3s-pool-workers-worker4,1,2026-06-06 08:31:17 UTC,15050720,15457216,171224,1.07,49024,609960,199616,1.25,205684,506316,16
cloud-k3s-pool-workers-worker4,1,2026-06-06 08:31:18 UTC,15050720,15457276,171204,1.07,49036,609968,199616,1.25,205684,506376,192
cloud-k3s-pool-workers-worker4,1,2026-06-06 08:31:19 UTC,15050720,15457276,171204,1.07,49036,609968,199616,1.25,205684,506376,192
cloud-k3s-pool-workers-worker4,1,2026-06-06 08:31:20 UTC,15050720,15457336,171172,1.07,49036,610000,199616,1.25,205684,506436,244
cloud-k3s-pool-workers-worker4,1,2026-06-06 08:31:21 UTC,15050720,15457336,171156,1.07,49036,610012,199616,1.25,205684,506436,188
cloud-k3s-pool-workers-worker4,1,2026-06-06 08:31:22 UTC,15050720,15457336,171156,1.07,49036,610012,199616,1.25,205684,506436,188
cloud-k3s-pool-workers-worker4,1,2026-06-06 08:31:23 UTC,15050720,15457396,171136,1.07,49048,610020,199616,1.25,205684,506496,224
cloud-k3s-pool-workers-worker4,1,2026-06-06 08:31:24 UTC,15050720,15457408,171116,1.07,49048,610040,199616,1.25,205684,506508,60
cloud-k3s-pool-workers-worker4,1,2026-06-06 08:31:25 UTC,15050720,15457408,171104,1.07,49048,610052,199616,1.25,205684,506508,44
cloud-k3s-pool-workers-worker4,1,2026-06-06 08:31:26 UTC,15050720,15457408,171096,1.07,49048,610060,199616,1.25,205684,506508,52
cloud-k3s-pool-workers-worker4,1,2026-06-06 08:31:27 UTC,15050720,15457408,171084,1.07,49048,610072,199616,1.25,205684,506508,16
cloud-k3s-pool-workers-worker4,1,2026-06-06 08:31:28 UTC,15050720,15457408,171072,1.07,49060,610072,199616,1.25,205684,506508,176
cloud-k3s-pool-workers-worker4,1,2026-06-06 08:31:29 UTC,15050720,15457408,171052,1.07,49060,610092,199616,1.25,205684,506508,216
cloud-k3s-pool-workers-worker4,1,2026-06-06 08:31:30 UTC,15050720,15457468,171040,1.07,49060,610104,199616,1.25,205684,506568,228
cloud-k3s-pool-workers-worker4,1,2026-06-06 08:31:31 UTC,15050720,15457468,171032,1.07,49060,610112,199616,1.25,205684,506568,180
cloud-k3s-pool-workers-worker4,1,2026-06-06 08:31:32 UTC,15050720,15457468,171020,1.07,49060,610124,199616,1.25,205684,506568,196
cloud-k3s-pool-workers-worker4,1,2026-06-06 08:31:33 UTC,15050720,15457500,171012,1.07,49072,610120,199616,1.25,205684,506600,28
cloud-k3s-pool-workers-worker4,1,2026-06-06 08:31:34 UTC,15050720,15457500,171000,1.07,49072,610132,199616,1.25,205684,506600,40
cloud-k3s-pool-workers-worker4,1,2026-06-06 08:31:35 UTC,15050720,15457500,170980,1.07,49072,610152,199616,1.25,205684,506600,44
cloud-k3s-pool-workers-worker4,1,2026-06-06 08:31:36 UTC,15050720,15457536,170964,1.07,49072,610164,199616,1.25,205684,506632,0
cloud-k3s-pool-workers-worker4,1,2026-06-06 08:31:37 UTC,15050720,15457536,170956,1.07,49072,610172,199616,1.25,205684,506632,12
cloud-k3s-pool-workers-worker4,1,2026-06-06 08:31:38 UTC,15050720,15457536,170944,1.07,49084,610172,199616,1.25,205684,506632,172
cloud-k3s-pool-workers-worker4,1,2026-06-06 08:31:39 UTC,15050720,15457536,170924,1.07,49084,610192,199616,1.25,205684,506632,208
cloud-k3s-pool-workers-worker4,1,2026-06-06 08:31:40 UTC,15049712,15456528,171920,1.08,49084,610204,199616,1.25,205684,506632,220
cloud-k3s-pool-workers-worker4,1,2026-06-06 08:31:41 UTC,15049712,15456528,171908,1.08,49084,610216,199616,1.25,205684,506632,28
cloud-k3s-pool-workers-worker4,1,2026-06-06 08:31:42 UTC,15049712,15456588,171900,1.08,49084,610224,199616,1.25,205684,506692,40
cloud-k3s-pool-workers-worker4,1,2026-06-06 08:31:43 UTC,15049712,15456588,171888,1.08,49096,610224,199616,1.25,205684,506692,200
cloud-k3s-pool-workers-worker4,1,2026-06-06 08:31:44 UTC,15049712,15456588,171880,1.08,49096,610232,199616,1.25,205684,506692,208
cloud-k3s-pool-workers-worker4,1,2026-06-06 08:31:45 UTC,15049712,15456656,171856,1.08,49096,610256,199616,1.25,205684,506760,192
cloud-k3s-pool-workers-worker4,1,2026-06-06 08:31:46 UTC,15049712,15456656,171848,1.08,49096,610264,199616,1.25,205684,506760,200
cloud-k3s-pool-workers-worker4,1,2026-06-06 08:31:47 UTC,15049712,15456656,171836,1.08,49096,610276,199616,1.25,205684,506760,216
cloud-k3s-pool-workers-worker4,1,2026-06-06 08:31:48 UTC,15049712,15456716,171812,1.07,49108,610284,199616,1.25,205684,506820,208
cloud-k3s-pool-workers-worker4,1,2026-06-06 08:31:49 UTC,15049712,15456716,171800,1.07,49108,610296,199616,1.25,205684,506820,220
cloud-k3s-pool-workers-worker4,1,2026-06-06 08:31:50 UTC,15049712,15456716,171792,1.07,49108,610304,199616,1.25,205708,506820,72
cloud-k3s-pool-workers-worker4,1,2026-06-06 08:31:51 UTC,15049712,15456716,171780,1.07,49108,610316,199616,1.25,205708,506820,84
cloud-k3s-pool-workers-worker4,1,2026-06-06 08:31:52 UTC,15049712,15456716,171780,1.07,49108,610316,199616,1.25,205708,506820,84
cloud-k3s-pool-workers-worker4,1,2026-06-06 08:31:53 UTC,15049712,15456732,171744,1.07,49120,610336,199616,1.25,205708,506832,200
cloud-k3s-pool-workers-worker4,1,2026-06-06 08:31:54 UTC,15049712,15456792,171732,1.07,49120,610348,199616,1.25,205708,506892,212
cloud-k3s-pool-workers-worker4,1,2026-06-06 08:31:55 UTC,15049712,15456792,171724,1.07,49120,610356,199616,1.25,205708,506892,44
cloud-k3s-pool-workers-worker4,1,2026-06-06 08:31:56 UTC,15049712,15456792,171712,1.07,49120,610368,199616,1.25,205708,506892,0
cloud-k3s-pool-workers-worker4,1,2026-06-06 08:31:57 UTC,15049712,15456792,171712,1.07,49120,610368,202592,1.27,206748,506892,0
cloud-k3s-pool-workers-worker4,1,2026-06-06 08:31:58 UTC,15048956,15456080,172448,1.08,49132,610376,203064,1.27,207332,506936,260
cloud-k3s-pool-workers-worker4,1,2026-06-06 08:31:59 UTC,15048956,15456080,172440,1.08,49132,610384,203064,1.27,207332,506936,268
cloud-k3s-pool-workers-worker4,1,2026-06-06 08:32:00 UTC,15048956,15456080,172416,1.08,49132,610408,203064,1.27,207332,506936,324
cloud-k3s-pool-workers-worker4,1,2026-06-06 08:32:01 UTC,15048956,15456104,172408,1.08,49132,610416,203064,1.27,207368,506960,332
cloud-k3s-pool-workers-worker4,1,2026-06-06 08:32:02 UTC,15054448,15461612,166904,1.04,49132,610428,199616,1.25,205684,506976,288
cloud-k3s-pool-workers-worker4,1,2026-06-06 08:32:03 UTC,15053692,15460864,167652,1.05,49144,610424,199616,1.25,205684,506984,200
cloud-k3s-pool-workers-worker4,1,2026-06-06 08:32:04 UTC,15053692,15460864,167652,1.05,49144,610424,199616,1.25,205684,506984,200
cloud-k3s-pool-workers-worker4,1,2026-06-06 08:32:05 UTC,15053692,15460864,167652,1.05,49144,610424,199616,1.25,205684,506984,200
cloud-k3s-pool-workers-worker4,1,2026-06-06 08:32:06 UTC,15053692,15460864,167652,1.05,49144,610424,199616,1.25,205684,506984,200
cloud-k3s-pool-workers-worker4,1,2026-06-06 08:32:07 UTC,15052684,15459856,168660,1.06,49144,610424,199616,1.25,205684,506984,200
cloud-k3s-pool-workers-worker4,1,2026-06-06 08:32:08 UTC,15052684,15459900,168580,1.05,49156,610488,199616,1.25,205684,507028,208
cloud-k3s-pool-workers-worker4,1,2026-06-06 08:32:09 UTC,15052684,15459920,168568,1.05,49156,610500,199616,1.25,205684,507048,48
cloud-k3s-pool-workers-worker4,1,2026-06-06 08:32:10 UTC,15052684,15459920,168560,1.05,49156,610508,199616,1.25,205684,507048,56
cloud-k3s-pool-workers-worker4,1,2026-06-06 08:32:11 UTC,15052684,15459920,168548,1.05,49156,610520,199616,1.25,205684,507048,68
cloud-k3s-pool-workers-worker4,1,2026-06-06 08:32:12 UTC,15052684,15459920,168548,1.05,49156,610520,199616,1.25,205684,507048,68
cloud-k3s-pool-workers-worker4,1,2026-06-06 08:32:13 UTC,15052684,15460008,168516,1.05,49168,610540,199616,1.25,205684,507136,192
cloud-k3s-pool-workers-worker4,1,2026-06-06 08:32:14 UTC,15052684,15460008,168508,1.05,49168,610548,199616,1.25,205684,507136,200
cloud-k3s-pool-workers-worker4,1,2026-06-06 08:32:15 UTC,15052684,15460008,168496,1.05,49168,610560,199616,1.25,205684,507136,184
cloud-k3s-pool-workers-worker4,1,2026-06-06 08:32:16 UTC,15052684,15460008,168484,1.05,49168,610572,199616,1.25,205684,507136,196
cloud-k3s-pool-workers-worker4,1,2026-06-06 08:32:17 UTC,15052684,15460008,168484,1.05,49168,610572,199616,1.25,205684,507136,196
cloud-k3s-pool-workers-worker4,1,2026-06-06 08:32:18 UTC,15052684,15460072,168452,1.05,49180,610592,199616,1.25,205684,507200,200
cloud-k3s-pool-workers-worker4,1,2026-06-06 08:32:19 UTC,15052684,15460072,168444,1.05,49180,610600,199616,1.25,205684,507200,208
cloud-k3s-pool-workers-worker4,1,2026-06-06 08:32:20 UTC,15052684,15460072,168432,1.05,49180,610612,199616,1.25,205684,507200,60
cloud-k3s-pool-workers-worker4,1,2026-06-06 08:32:21 UTC,15052684,15460072,168424,1.05,49180,610620,199616,1.25,205684,507200,68
cloud-k3s-pool-workers-worker4,1,2026-06-06 08:32:22 UTC,15052684,15460072,168424,1.05,49180,610620,199616,1.25,205684,507200,68
cloud-k3s-pool-workers-worker4,1,2026-06-06 08:32:23 UTC,15052684,15460116,168388,1.05,49192,610640,199616,1.25,205684,507240,188
cloud-k3s-pool-workers-worker4,1,2026-06-06 08:32:24 UTC,15052684,15460116,168376,1.05,49192,610652,199616,1.25,205684,507240,200
cloud-k3s-pool-workers-worker4,1,2026-06-06 08:32:25 UTC,15052684,15460128,168368,1.05,49192,610660,199616,1.25,205684,507252,36
cloud-k3s-pool-workers-worker4,1,2026-06-06 08:32:26 UTC,15052684,15460128,168356,1.05,49192,610672,199616,1.25,205684,507252,48
cloud-k3s-pool-workers-worker4,1,2026-06-06 08:32:27 UTC,15052684,15460128,168356,1.05,49192,610672,199616,1.25,205684,507252,48
cloud-k3s-pool-workers-worker4,1,2026-06-06 08:32:28 UTC,15052684,15460188,168324,1.05,49204,610692,199616,1.25,205708,507312,192
cloud-k3s-pool-workers-worker4,1,2026-06-06 08:32:29 UTC,15052684,15460188,168312,1.05,49204,610704,199616,1.25,205708,507312,204
cloud-k3s-pool-workers-worker4,1,2026-06-06 08:32:30 UTC,15052684,15460188,168304,1.05,49204,610712,199616,1.25,205708,507312,208
cloud-k3s-pool-workers-worker4,1,2026-06-06 08:32:31 UTC,15050668,15458172,170308,1.07,49204,610724,199616,1.25,205708,507312,220
cloud-k3s-pool-workers-worker4,1,2026-06-06 08:32:32 UTC,15050668,15458172,170300,1.07,49204,610732,199616,1.25,205708,507312,228
cloud-k3s-pool-workers-worker4,1,2026-06-06 08:32:33 UTC,15050668,15458172,170276,1.07,49216,610744,199616,1.25,205708,507312,180
cloud-k3s-pool-workers-worker4,1,2026-06-06 08:32:34 UTC,15050668,15458232,170268,1.07,49216,610752,199616,1.25,205708,507372,188
cloud-k3s-pool-workers-worker4,1,2026-06-06 08:32:35 UTC,15050668,15458232,170256,1.07,49216,610764,199616,1.25,205708,507372,40
cloud-k3s-pool-workers-worker4,1,2026-06-06 08:32:36 UTC,15050668,15458232,170248,1.07,49216,610772,199616,1.25,205708,507372,48
cloud-k3s-pool-workers-worker4,1,2026-06-06 08:32:37 UTC,15050668,15458232,170248,1.07,49216,610772,199616,1.25,205708,507372,48
cloud-k3s-pool-workers-worker4,1,2026-06-06 08:32:38 UTC,15050668,15458232,170212,1.06,49228,610792,199616,1.25,205708,507372,184
cloud-k3s-pool-workers-worker4,1,2026-06-06 08:32:39 UTC,15050668,15458232,170200,1.06,49228,610804,199616,1.25,205708,507372,196
cloud-k3s-pool-workers-worker4,1,2026-06-06 08:32:40 UTC,15050668,15458292,170188,1.06,49228,610816,199616,1.25,205708,507432,60
cloud-k3s-pool-workers-worker4,1,2026-06-06 08:32:41 UTC,15050668,15458292,170180,1.06,49228,610824,199616,1.25,205708,507432,68
cloud-k3s-pool-workers-worker4,1,2026-06-06 08:32:42 UTC,15050668,15458292,170180,1.06,49228,610824,199616,1.25,205708,507432,68
cloud-k3s-pool-workers-worker4,1,2026-06-06 08:32:43 UTC,15050668,15458352,170148,1.06,49240,610844,199616,1.25,205708,507492,164
cloud-k3s-pool-workers-worker4,1,2026-06-06 08:32:44 UTC,15050668,15458352,170136,1.06,49240,610856,199616,1.25,205708,507492,176
cloud-k3s-pool-workers-worker4,1,2026-06-06 08:32:45 UTC,15050668,15458352,170128,1.06,49240,610864,199616,1.25,205708,507492,184
cloud-k3s-pool-workers-worker4,1,2026-06-06 08:32:46 UTC,15050668,15458412,170116,1.06,49240,610876,199616,1.25,205708,507552,196
cloud-k3s-pool-workers-worker4,1,2026-06-06 08:32:47 UTC,15050668,15458412,170116,1.06,49240,610876,199616,1.25,205708,507552,196
cloud-k3s-pool-workers-worker4,1,2026-06-06 08:32:48 UTC,15050668,15458556,169956,1.06,49252,611024,199616,1.25,205828,507576,196
cloud-k3s-pool-workers-worker4,1,2026-06-06 08:32:49 UTC,15050668,15458564,169948,1.06,49252,611032,199616,1.25,205836,507576,204
cloud-k3s-pool-workers-worker4,1,2026-06-06 08:32:50 UTC,15050668,15458564,169936,1.06,49252,611044,199616,1.25,205836,507576,48
cloud-k3s-pool-workers-worker4,1,2026-06-06 08:32:51 UTC,15050668,15458564,169924,1.06,49252,611056,199616,1.25,205836,507576,60
cloud-k3s-pool-workers-worker4,1,2026-06-06 08:32:52 UTC,15046636,15454532,173956,1.09,49252,611056,199616,1.25,205836,507576,60
cloud-k3s-pool-workers-worker4,1,2026-06-06 08:32:53 UTC,15046636,15454536,173920,1.09,49264,611076,199616,1.25,205836,507576,180
cloud-k3s-pool-workers-worker4,1,2026-06-06 08:32:54 UTC,15046636,15454596,173912,1.09,49264,611084,199616,1.25,205836,507636,192
cloud-k3s-pool-workers-worker4,1,2026-06-06 08:32:55 UTC,15046636,15454596,173896,1.09,49264,611100,199616,1.25,205836,507636,184
cloud-k3s-pool-workers-worker4,1,2026-06-06 08:32:56 UTC,15046636,15454596,173896,1.09,49264,611100,199616,1.25,205836,507636,184
cloud-k3s-pool-workers-worker4,1,2026-06-06 08:32:57 UTC,15046636,15454596,173896,1.09,49264,611100,199616,1.25,205836,507636,184
cloud-k3s-pool-workers-worker4,1,2026-06-06 08:32:58 UTC,15046636,15454596,173856,1.09,49276,611128,199616,1.25,205836,507636,188
cloud-k3s-pool-workers-worker4,1,2026-06-06 08:32:59 UTC,15046636,15454596,173844,1.09,49276,611140,199616,1.25,205836,507636,204
cloud-k3s-pool-workers-worker4,1,2026-06-06 08:33:00 UTC,15046636,15454656,173836,1.09,49276,611148,199616,1.25,205836,507696,48
cloud-k3s-pool-workers-worker4,1,2026-06-06 08:33:01 UTC,15046636,15454656,173824,1.09,49276,611160,199616,1.25,205836,507696,60
cloud-k3s-pool-workers-worker4,1,2026-06-06 08:33:02 UTC,15046636,15454656,173824,1.09,49276,611160,199616,1.25,205836,507696,60
cloud-k3s-pool-workers-worker4,1,2026-06-06 08:33:03 UTC,15046636,15454656,173792,1.09,49288,611180,199616,1.25,205836,507696,156
cloud-k3s-pool-workers-worker4,1,2026-06-06 08:33:04 UTC,15046636,15454656,173780,1.09,49288,611192,199616,1.25,205836,507696,16
cloud-k3s-pool-workers-worker4,1,2026-06-06 08:33:05 UTC,15046636,15454656,173772,1.09,49288,611200,199616,1.25,205836,507696,28
cloud-k3s-pool-workers-worker4,1,2026-06-06 08:33:06 UTC,15046636,15454716,173760,1.09,49288,611212,199616,1.25,205836,507756,40
cloud-k3s-pool-workers-worker4,1,2026-06-06 08:33:07 UTC,15046636,15454716,173760,1.09,49288,611212,199616,1.25,205836,507756,40
cloud-k3s-pool-workers-worker4,1,2026-06-06 08:33:08 UTC,15046636,15454776,173724,1.09,49300,611232,199616,1.25,205836,507816,176
cloud-k3s-pool-workers-worker4,1,2026-06-06 08:33:09 UTC,15046636,15454776,173716,1.09,49300,611240,199616,1.25,205836,507816,184
cloud-k3s-pool-workers-worker4,1,2026-06-06 08:33:10 UTC,15046636,15454776,173704,1.09,49300,611252,199616,1.25,205836,507816,196
cloud-k3s-pool-workers-worker4,1,2026-06-06 08:33:11 UTC,15046636,15454776,173696,1.09,49300,611260,199616,1.25,205836,507816,204
cloud-k3s-pool-workers-worker4,1,2026-06-06 08:33:12 UTC,15046636,15454776,173696,1.09,49300,611260,199616,1.25,205836,507816,204
cloud-k3s-pool-workers-worker4,1,2026-06-06 08:33:13 UTC,15046888,15455092,173412,1.08,49312,611280,199616,1.25,205836,507880,192
cloud-k3s-pool-workers-worker4,1,2026-06-06 08:33:14 UTC,15046888,15455092,173412,1.08,49312,611280,199616,1.25,205836,507880,4
cloud-k3s-pool-workers-worker4,1,2026-06-06 08:33:15 UTC,15046888,15455092,173388,1.08,49312,611304,199616,1.25,205836,507880,32
cloud-k3s-pool-workers-worker4,1,2026-06-06 08:33:16 UTC,15046888,15455092,173380,1.08,49312,611312,199616,1.25,205836,507880,40
cloud-k3s-pool-workers-worker4,1,2026-06-06 08:33:17 UTC,15046888,15455092,173380,1.08,49312,611312,199616,1.25,205836,507880,40
cloud-k3s-pool-workers-worker4,1,2026-06-06 08:33:18 UTC,15046888,15455152,173352,1.08,49320,611332,199616,1.25,205836,507940,224
cloud-k3s-pool-workers-worker4,1,2026-06-06 08:33:19 UTC,15046888,15455152,173340,1.08,49320,611344,199616,1.25,205836,507940,240
cloud-k3s-pool-workers-worker4,1,2026-06-06 08:33:20 UTC,15046888,15455152,173332,1.08,49320,611352,199616,1.25,205836,507940,188
cloud-k3s-pool-workers-worker4,1,2026-06-06 08:33:21 UTC,15046888,15455152,173320,1.08,49320,611364,199616,1.25,205836,507940,200
cloud-k3s-pool-workers-worker4,1,2026-06-06 08:33:22 UTC,15046888,15455152,173320,1.08,49320,611364,199616,1.25,205836,507940,200
cloud-k3s-pool-workers-worker4,1,2026-06-06 08:33:23 UTC,15046888,15455156,173284,1.08,49332,611384,199616,1.25,205836,507940,188
cloud-k3s-pool-workers-worker4,1,2026-06-06 08:33:24 UTC,15046888,15455216,173272,1.08,49332,611392,199616,1.25,205836,508000,200
cloud-k3s-pool-workers-worker4,1,2026-06-06 08:33:25 UTC,15046888,15455216,173260,1.08,49332,611404,199616,1.25,205836,508000,28
cloud-k3s-pool-workers-worker4,1,2026-06-06 08:33:26 UTC,15046888,15455216,173252,1.08,49332,611412,199616,1.25,205836,508000,36
cloud-k3s-pool-workers-worker4,1,2026-06-06 08:33:27 UTC,15046888,15455216,173252,1.08,49332,611412,199616,1.25,205836,508000,36
cloud-k3s-pool-workers-worker4,1,2026-06-06 08:33:28 UTC,15046888,15455216,173216,1.08,49344,611436,199616,1.25,205836,508000,240
cloud-k3s-pool-workers-worker4,1,2026-06-06 08:33:29 UTC,15046888,15455216,173208,1.08,49344,611444,199616,1.25,205836,508000,88
cloud-k3s-pool-workers-worker4,1,2026-06-06 08:33:30 UTC,15046888,15455276,173196,1.08,49344,611456,199616,1.25,205836,508060,40
cloud-k3s-pool-workers-worker4,1,2026-06-06 08:33:31 UTC,15046888,15455276,173188,1.08,49344,611464,199616,1.25,205836,508060,48
cloud-k3s-pool-workers-worker4,1,2026-06-06 08:33:32 UTC,15046888,15455276,173176,1.08,49344,611476,199616,1.25,205836,508060,60
cloud-k3s-pool-workers-worker4,1,2026-06-06 08:33:33 UTC,15046888,15455276,173168,1.08,49356,611472,199616,1.25,205836,508060,220
cloud-k3s-pool-workers-worker4,1,2026-06-06 08:33:34 UTC,15046888,15455276,173144,1.08,49356,611496,199616,1.25,205836,508060,156
cloud-k3s-pool-workers-worker4,1,2026-06-06 08:33:35 UTC,15046888,15455276,173136,1.08,49356,611504,199616,1.25,205836,508060,168
cloud-k3s-pool-workers-worker4,1,2026-06-06 08:33:36 UTC,15046888,15455336,173124,1.08,49356,611516,199616,1.25,205836,508120,180
cloud-k3s-pool-workers-worker4,1,2026-06-06 08:33:37 UTC,15046888,15455336,173124,1.08,49356,611516,199616,1.25,205836,508120,180
cloud-k3s-pool-workers-worker4,1,2026-06-06 08:33:38 UTC,15046888,15455396,173092,1.08,49368,611536,199616,1.25,205836,508180,236
cloud-k3s-pool-workers-worker4,1,2026-06-06 08:33:39 UTC,15046888,15455400,173076,1.08,49368,611548,199616,1.25,205836,508180,248
cloud-k3s-pool-workers-worker4,1,2026-06-06 08:33:40 UTC,15046888,15455400,173068,1.08,49368,611556,199616,1.25,205836,508180,36
cloud-k3s-pool-workers-worker4,1,2026-06-06 08:33:41 UTC,15046888,15455460,173056,1.08,49368,611568,199616,1.25,205836,508240,48
cloud-k3s-pool-workers-worker4,1,2026-06-06 08:33:42 UTC,15046888,15455460,173056,1.08,49368,611568,199616,1.25,205836,508240,48
cloud-k3s-pool-workers-worker4,1,2026-06-06 08:33:43 UTC,15046636,15455208,173276,1.08,49380,611588,199616,1.25,205836,508240,224
cloud-k3s-pool-workers-worker4,1,2026-06-06 08:33:44 UTC,15046636,15455208,173268,1.08,49380,611596,199616,1.25,205836,508240,180
cloud-k3s-pool-workers-worker4,1,2026-06-06 08:33:45 UTC,15046636,15455208,173256,1.08,49380,611608,199616,1.25,205836,508240,20
cloud-k3s-pool-workers-worker4,1,2026-06-06 08:33:46 UTC,15046636,15455208,173248,1.08,49380,611616,199616,1.25,205836,508240,28
cloud-k3s-pool-workers-worker4,1,2026-06-06 08:33:47 UTC,15046636,15455208,173248,1.08,49380,611616,199616,1.25,205836,508240,28
cloud-k3s-pool-workers-worker4,1,2026-06-06 08:33:48 UTC,15046636,15455268,173216,1.08,49392,611636,199616,1.25,205836,508300,220
cloud-k3s-pool-workers-worker4,1,2026-06-06 08:33:49 UTC,15046636,15455268,173204,1.08,49392,611648,199616,1.25,205836,508300,232
cloud-k3s-pool-workers-worker4,1,2026-06-06 08:33:50 UTC,15046636,15455268,173196,1.08,49392,611656,199616,1.25,205836,508300,184
cloud-k3s-pool-workers-worker4,1,2026-06-06 08:33:51 UTC,15046636,15455268,173184,1.08,49392,611668,199616,1.25,205836,508300,196
cloud-k3s-pool-workers-worker4,1,2026-06-06 08:33:52 UTC,15046636,15455268,173184,1.08,49392,611668,199616,1.25,205836,508300,196
cloud-k3s-pool-workers-worker4,1,2026-06-06 08:33:53 UTC,15046636,15455328,173164,1.08,49404,611676,199616,1.25,205836,508360,228
cloud-k3s-pool-workers-worker4,1,2026-06-06 08:33:54 UTC,15046636,15455328,173148,1.08,49404,611688,199616,1.25,205836,508360,240
cloud-k3s-pool-workers-worker4,1,2026-06-06 08:33:55 UTC,15046636,15455328,173128,1.08,49404,611708,199616,1.25,205836,508360,16
cloud-k3s-pool-workers-worker4,1,2026-06-06 08:33:56 UTC,15046636,15455328,173116,1.08,49404,611720,199616,1.25,205836,508360,28
cloud-k3s-pool-workers-worker4,1,2026-06-06 08:33:57 UTC,15046636,15455328,173116,1.08,49404,611720,199616,1.25,205836,508360,28
cloud-k3s-pool-workers-worker4,1,2026-06-06 08:33:58 UTC,15046636,15455328,173084,1.08,49416,611740,199616,1.25,205836,508360,224
cloud-k3s-pool-workers-worker4,1,2026-06-06 08:33:59 UTC,15046636,15455388,173076,1.08,49416,611748,199616,1.25,205836,508420,232
cloud-k3s-pool-workers-worker4,1,2026-06-06 08:34:00 UTC,15046636,15455388,173064,1.08,49416,611760,199616,1.25,205836,508420,192
cloud-k3s-pool-workers-worker4,1,2026-06-06 08:34:01 UTC,15046636,15455388,173056,1.08,49416,611768,199616,1.25,205836,508420,200
cloud-k3s-pool-workers-worker4,1,2026-06-06 08:34:02 UTC,15046636,15455388,173056,1.08,49416,611768,199616,1.25,205836,508420,200
cloud-k3s-pool-workers-worker4,1,2026-06-06 08:34:03 UTC,15046636,15455448,173020,1.08,49428,611792,199616,1.25,205836,508480,236
cloud-k3s-pool-workers-worker4,1,2026-06-06 08:34:04 UTC,15046636,15455448,173012,1.08,49428,611800,199616,1.25,205836,508480,244
cloud-k3s-pool-workers-worker4,1,2026-06-06 08:34:05 UTC,15046636,15455508,173000,1.08,49428,611812,199616,1.25,205836,508540,20
cloud-k3s-pool-workers-worker4,1,2026-06-06 08:34:06 UTC,15046636,15455508,172992,1.08,49428,611820,199616,1.25,205836,508540,28
cloud-k3s-pool-workers-worker4,1,2026-06-06 08:34:07 UTC,15046636,15455508,172992,1.08,49428,611820,199616,1.25,205836,508540,28
cloud-k3s-pool-workers-worker4,1,2026-06-06 08:34:08 UTC,15046636,15455508,172960,1.08,49440,611840,199616,1.25,205836,508540,228
cloud-k3s-pool-workers-worker4,1,2026-06-06 08:34:09 UTC,15046636,15455508,172948,1.08,49440,611852,199616,1.25,205836,508540,240
cloud-k3s-pool-workers-worker4,1,2026-06-06 08:34:10 UTC,15046636,15455512,172936,1.08,49440,611860,199616,1.25,205836,508540,36
cloud-k3s-pool-workers-worker4,1,2026-06-06 08:34:11 UTC,15046636,15455572,172924,1.08,49440,611872,199616,1.25,205836,508600,48
cloud-k3s-pool-workers-worker4,1,2026-06-06 08:34:12 UTC,15046636,15455572,172924,1.08,49440,611872,199616,1.25,205836,508600,48
cloud-k3s-pool-workers-worker4,1,2026-06-06 08:34:13 UTC,15046636,15455572,172892,1.08,49452,611892,199616,1.25,205836,508600,232
cloud-k3s-pool-workers-worker4,1,2026-06-06 08:34:14 UTC,15046636,15455572,172884,1.08,49452,611900,199616,1.25,205836,508600,240
cloud-k3s-pool-workers-worker4,1,2026-06-06 08:34:15 UTC,15046636,15455572,172872,1.08,49452,611912,199616,1.25,205836,508600,156
cloud-k3s-pool-workers-worker4,1,2026-06-06 08:34:16 UTC,15046636,15455572,172860,1.08,49452,611924,199616,1.25,205836,508600,172
cloud-k3s-pool-workers-worker4,1,2026-06-06 08:34:17 UTC,15046636,15455572,172860,1.08,49452,611924,199616,1.25,205836,508600,172
cloud-k3s-pool-workers-worker4,1,2026-06-06 08:34:18 UTC,15046636,15455632,172840,1.08,49452,611944,199616,1.25,205836,508660,208
cloud-k3s-pool-workers-worker4,1,2026-06-06 08:34:19 UTC,15046636,15455632,172832,1.08,49464,611940,199616,1.25,205836,508660,216
cloud-k3s-pool-workers-worker4,1,2026-06-06 08:34:20 UTC,15046636,15455632,172808,1.08,49464,611964,199616,1.25,205836,508660,28
cloud-k3s-pool-workers-worker4,1,2026-06-06 08:34:21 UTC,15046636,15455632,172800,1.08,49464,611972,199616,1.25,205836,508660,40
cloud-k3s-pool-workers-worker4,1,2026-06-06 08:34:22 UTC,15046636,15455632,172800,1.08,49464,611972,199616,1.25,205836,508660,40
cloud-k3s-pool-workers-worker4,1,2026-06-06 08:34:23 UTC,15046636,15455692,172780,1.08,49464,611992,199616,1.25,205836,508720,216
cloud-k3s-pool-workers-worker4,1,2026-06-06 08:34:24 UTC,15046636,15455692,172768,1.08,49476,611992,199616,1.25,205836,508720,200
cloud-k3s-pool-workers-worker4,1,2026-06-06 08:34:25 UTC,15046636,15455692,172744,1.08,49476,612012,199616,1.25,205836,508720,4
cloud-k3s-pool-workers-worker4,1,2026-06-06 08:34:26 UTC,15046636,15455692,172732,1.08,49476,612024,199616,1.25,205836,508720,20
cloud-k3s-pool-workers-worker4,1,2026-06-06 08:34:27 UTC,15046636,15455692,172732,1.08,49476,612024,199616,1.25,205836,508720,20
cloud-k3s-pool-workers-worker4,1,2026-06-06 08:34:28 UTC,15046636,15455692,172712,1.08,49476,612044,199616,1.25,205836,508720,192
cloud-k3s-pool-workers-worker4,1,2026-06-06 08:34:29 UTC,15046636,15455752,172700,1.08,49476,612056,199616,1.25,205836,508780,204
cloud-k3s-pool-workers-worker4,1,2026-06-06 08:34:30 UTC,15046396,15455584,172900,1.08,49488,612064,199616,1.25,205836,508840,180
cloud-k3s-pool-workers-worker4,1,2026-06-06 08:34:31 UTC,15046396,15455584,172888,1.08,49488,612076,199616,1.25,205836,508840,196
cloud-k3s-pool-workers-worker4,1,2026-06-06 08:34:32 UTC,15046396,15455584,172888,1.08,49488,612076,199616,1.25,205836,508840,196
cloud-k3s-pool-workers-worker4,1,2026-06-06 08:34:33 UTC,15046396,15455584,172868,1.08,49488,612096,199616,1.25,205836,508840,248
cloud-k3s-pool-workers-worker4,1,2026-06-06 08:34:34 UTC,15046396,15455584,172860,1.08,49488,612104,199616,1.25,205836,508840,256
cloud-k3s-pool-workers-worker4,1,2026-06-06 08:34:35 UTC,15046396,15455644,172836,1.08,49500,612116,199616,1.25,205836,508900,24
cloud-k3s-pool-workers-worker4,1,2026-06-06 08:34:36 UTC,15046396,15455644,172828,1.08,49500,612124,199616,1.25,205836,508900,36
cloud-k3s-pool-workers-worker4,1,2026-06-06 08:34:37 UTC,15046396,15455644,172828,1.08,49500,612124,199616,1.25,205836,508900,36
cloud-k3s-pool-workers-worker4,1,2026-06-06 08:34:38 UTC,15046396,15455644,172804,1.08,49500,612148,199616,1.25,205836,508900,224
cloud-k3s-pool-workers-worker4,1,2026-06-06 08:34:39 UTC,15046396,15455644,172796,1.08,49500,612156,199616,1.25,205836,508900,232
cloud-k3s-pool-workers-worker4,1,2026-06-06 08:34:40 UTC,15046396,15455704,172780,1.08,49512,612156,199616,1.25,205836,508960,56
cloud-k3s-pool-workers-worker4,1,2026-06-06 08:34:41 UTC,15046396,15455704,172772,1.08,49512,612164,199616,1.25,205836,508960,68
cloud-k3s-pool-workers-worker4,1,2026-06-06 08:34:42 UTC,15046396,15455704,172772,1.08,49512,612164,199616,1.25,205836,508960,68
cloud-k3s-pool-workers-worker4,1,2026-06-06 08:34:43 UTC,15046396,15455704,172740,1.08,49512,612196,199616,1.25,205836,508960,220
cloud-k3s-pool-workers-worker4,1,2026-06-06 08:34:44 UTC,15046396,15455704,172728,1.08,49512,612208,199616,1.25,205836,508960,232
cloud-k3s-pool-workers-worker4,1,2026-06-06 08:34:45 UTC,15046396,15455704,172720,1.08,49524,612204,199616,1.25,205836,508960,240
cloud-k3s-pool-workers-worker4,1,2026-06-06 08:34:46 UTC,15046396,15455764,172708,1.08,49524,612216,199616,1.25,205836,509020,256
cloud-k3s-pool-workers-worker4,1,2026-06-06 08:34:47 UTC,15046396,15455764,172708,1.08,49524,612216,199616,1.25,205836,509020,256
cloud-k3s-pool-workers-worker4,1,2026-06-06 08:34:48 UTC,15046396,15455764,172676,1.08,49524,612248,199616,1.25,205836,509020,56
cloud-k3s-pool-workers-worker4,1,2026-06-06 08:34:49 UTC,15046396,15455764,172668,1.08,49524,612256,199616,1.25,205836,509020,64
cloud-k3s-pool-workers-worker4,1,2026-06-06 08:34:50 UTC,15046396,15455764,172656,1.08,49536,612256,199616,1.25,205836,509020,76
cloud-k3s-pool-workers-worker4,1,2026-06-06 08:34:51 UTC,15046396,15455764,172644,1.08,49536,612268,199616,1.25,205836,509020,92
cloud-k3s-pool-workers-worker4,1,2026-06-06 08:34:52 UTC,15046396,15455764,172644,1.08,49536,612268,199616,1.25,205836,509020,92
cloud-k3s-pool-workers-worker4,1,2026-06-06 08:34:53 UTC,15046396,15455824,172612,1.08,49536,612300,199616,1.25,205836,509080,216
cloud-k3s-pool-workers-worker4,1,2026-06-06 08:34:54 UTC,15046396,15455824,172604,1.08,49536,612308,199616,1.25,205836,509080,60
cloud-k3s-pool-workers-worker4,1,2026-06-06 08:34:55 UTC,15046396,15455824,172592,1.08,49536,612320,199616,1.25,205836,509080,72
cloud-k3s-pool-workers-worker4,1,2026-06-06 08:34:56 UTC,15046396,15455824,172592,1.08,49548,612308,199616,1.25,205836,509080,72
cloud-k3s-pool-workers-worker4,1,2026-06-06 08:34:57 UTC,15046396,15455824,172592,1.08,49548,612308,199616,1.25,205836,509080,72
cloud-k3s-pool-workers-worker4,1,2026-06-06 08:34:58 UTC,15046396,15455948,172548,1.08,49548,612348,199616,1.25,205836,509200,192
cloud-k3s-pool-workers-worker4,1,2026-06-06 08:34:59 UTC,15046396,15455948,172536,1.08,49548,612360,199616,1.25,205836,509200,200
cloud-k3s-pool-workers-worker4,1,2026-06-06 08:35:00 UTC,15046396,15455948,172528,1.08,49548,612368,199616,1.25,205836,509200,208
cloud-k3s-pool-workers-worker4,1,2026-06-06 08:35:01 UTC,15046396,15455948,172516,1.08,49560,612368,199616,1.25,205836,509200,220
cloud-k3s-pool-workers-worker4,1,2026-06-06 08:35:02 UTC,15045640,15455212,173248,1.08,49560,612392,199616,1.25,205816,509220,196
cloud-k3s-pool-workers-worker4,1,2026-06-06 08:35:03 UTC,15045640,15455212,173240,1.08,49560,612400,199616,1.25,205816,509220,0
cloud-k3s-pool-workers-worker4,1,2026-06-06 08:35:04 UTC,15045640,15455212,173240,1.08,49560,612400,199616,1.25,205816,509220,0
cloud-k3s-pool-workers-worker4,1,2026-06-06 08:35:05 UTC,15045640,15455212,173240,1.08,49560,612400,199616,1.25,205816,509220,0
cloud-k3s-pool-workers-worker4,1,2026-06-06 08:35:06 UTC,15045640,15455212,173240,1.08,49572,612388,199616,1.25,205816,509220,0
cloud-k3s-pool-workers-worker4,1,2026-06-06 08:35:07 UTC,15045640,15455272,173188,1.08,49572,612440,199616,1.25,205816,509280,40
cloud-k3s-pool-workers-worker4,1,2026-06-06 08:35:08 UTC,15045640,15455272,173176,1.08,49572,612452,199616,1.25,205816,509280,220
cloud-k3s-pool-workers-worker4,1,2026-06-06 08:35:09 UTC,15045640,15455272,173168,1.08,49572,612460,199616,1.25,205816,509280,228
cloud-k3s-pool-workers-worker4,1,2026-06-06 08:35:10 UTC,15045640,15455332,173156,1.08,49572,612472,199616,1.25,205816,509340,240
cloud-k3s-pool-workers-worker4,1,2026-06-06 08:35:11 UTC,15045640,15455332,173156,1.08,49584,612460,199616,1.25,205816,509340,240
cloud-k3s-pool-workers-worker4,1,2026-06-06 08:35:12 UTC,15045640,15455332,173156,1.08,49584,612460,199616,1.25,205816,509340,240
cloud-k3s-pool-workers-worker4,1,2026-06-06 08:35:13 UTC,15045640,15455332,173112,1.08,49584,612500,199616,1.25,205816,509340,204
cloud-k3s-pool-workers-worker4,1,2026-06-06 08:35:14 UTC,15045640,15455332,173100,1.08,49584,612512,199616,1.25,205816,509340,216
cloud-k3s-pool-workers-worker4,1,2026-06-06 08:35:15 UTC,15045640,15455332,173088,1.08,49584,612524,199616,1.25,205816,509340,228
cloud-k3s-pool-workers-worker4,1,2026-06-06 08:35:16 UTC,15045640,15455396,173080,1.08,49596,612520,199616,1.25,205816,509404,220
cloud-k3s-pool-workers-worker4,1,2026-06-06 08:35:17 UTC,15045640,15455396,173056,1.08,49596,612544,199616,1.25,205816,509404,196
cloud-k3s-pool-workers-worker4,1,2026-06-06 08:35:18 UTC,15045640,15455396,173048,1.08,49596,612552,199616,1.25,205816,509404,216
cloud-k3s-pool-workers-worker4,1,2026-06-06 08:35:19 UTC,15045640,15455428,173036,1.08,49596,612564,199616,1.25,205816,509436,52
cloud-k3s-pool-workers-worker4,1,2026-06-06 08:35:20 UTC,15045640,15455428,173028,1.08,49596,612572,199616,1.25,205816,509436,64
cloud-k3s-pool-workers-worker4,1,2026-06-06 08:35:21 UTC,15045640,15455448,173016,1.08,49608,612572,199616,1.25,205816,509456,4
cloud-k3s-pool-workers-worker4,1,2026-06-06 08:35:22 UTC,15045640,15455448,173016,1.08,49608,612572,199616,1.25,205816,509456,4
cloud-k3s-pool-workers-worker4,1,2026-06-06 08:35:23 UTC,15045640,15455448,172984,1.08,49608,612604,199616,1.25,205816,509456,208
cloud-k3s-pool-workers-worker4,1,2026-06-06 08:35:24 UTC,15045640,15455448,172976,1.08,49608,612612,199616,1.25,205816,509456,216
cloud-k3s-pool-workers-worker4,1,2026-06-06 08:35:25 UTC,15045640,15455448,172964,1.08,49608,612624,199616,1.25,205816,509456,224
cloud-k3s-pool-workers-worker4,1,2026-06-06 08:35:26 UTC,15045640,15455504,172948,1.08,49620,612624,199616,1.25,205816,509508,180
cloud-k3s-pool-workers-worker4,1,2026-06-06 08:35:27 UTC,15045640,15455504,172948,1.08,49620,612624,199616,1.25,205816,509508,180
cloud-k3s-pool-workers-worker4,1,2026-06-06 08:35:28 UTC,15045640,15455564,172916,1.08,49620,612656,199616,1.25,205816,509568,44
cloud-k3s-pool-workers-worker4,1,2026-06-06 08:35:29 UTC,15045640,15455564,172908,1.08,49620,612664,199616,1.25,205816,509568,52
cloud-k3s-pool-workers-worker4,1,2026-06-06 08:35:30 UTC,15045640,15455564,172896,1.08,49620,612676,199616,1.25,205816,509568,64
cloud-k3s-pool-workers-worker4,1,2026-06-06 08:35:31 UTC,15045640,15455564,172888,1.08,49632,612672,199616,1.25,205816,509568,72
cloud-k3s-pool-workers-worker4,1,2026-06-06 08:35:32 UTC,15045640,15455564,172888,1.08,49632,612672,199616,1.25,205816,509568,72
cloud-k3s-pool-workers-worker4,1,2026-06-06 08:35:33 UTC,15045640,15455624,172856,1.08,49632,612704,199616,1.25,205816,509628,200
cloud-k3s-pool-workers-worker4,1,2026-06-06 08:35:34 UTC,15045640,15455624,172844,1.08,49632,612716,199616,1.25,205816,509628,48
cloud-k3s-pool-workers-worker4,1,2026-06-06 08:35:35 UTC,15045640,15455624,172836,1.08,49632,612724,199616,1.25,205816,509628,56
cloud-k3s-pool-workers-worker4,1,2026-06-06 08:35:36 UTC,15045640,15455624,172824,1.08,49632,612736,199616,1.25,205816,509628,68
cloud-k3s-pool-workers-worker4,1,2026-06-06 08:35:37 UTC,15045640,15455624,172824,1.08,49644,612724,199616,1.25,205816,509628,68
cloud-k3s-pool-workers-worker4,1,2026-06-06 08:35:38 UTC,15045640,15455684,172788,1.08,49644,612756,199616,1.25,205816,509688,188
cloud-k3s-pool-workers-worker4,1,2026-06-06 08:35:39 UTC,15045640,15455684,172776,1.08,49644,612768,199616,1.25,205816,509688,200
cloud-k3s-pool-workers-worker4,1,2026-06-06 08:35:40 UTC,15045640,15455684,172768,1.08,49644,612776,199616,1.25,205816,509688,208
cloud-k3s-pool-workers-worker4,1,2026-06-06 08:35:41 UTC,15045640,15455684,172756,1.08,49644,612788,199616,1.25,205816,509688,220
cloud-k3s-pool-workers-worker4,1,2026-06-06 08:35:42 UTC,15045640,15455684,172756,1.08,49656,612776,199616,1.25,205816,509688,220
cloud-k3s-pool-workers-worker4,1,2026-06-06 08:35:43 UTC,15045640,15455688,172716,1.08,49656,612812,199616,1.25,205816,509688,224
cloud-k3s-pool-workers-worker4,1,2026-06-06 08:35:44 UTC,15045640,15455748,172708,1.08,49656,612820,199616,1.25,205816,509748,224
cloud-k3s-pool-workers-worker4,1,2026-06-06 08:35:45 UTC,15045640,15455748,172696,1.08,49656,612832,199616,1.25,205816,509748,52
cloud-k3s-pool-workers-worker4,1,2026-06-06 08:35:46 UTC,15045640,15455748,172696,1.08,49656,612832,199616,1.25,205816,509748,52
cloud-k3s-pool-workers-worker4,1,2026-06-06 08:35:47 UTC,15045640,15455748,172696,1.08,49668,612820,199616,1.25,205816,509748,52
cloud-k3s-pool-workers-worker4,1,2026-06-06 08:35:48 UTC,15045640,15455748,172656,1.08,49668,612860,199616,1.25,205816,509748,204
cloud-k3s-pool-workers-worker4,1,2026-06-06 08:35:49 UTC,15045640,15455748,172644,1.08,49668,612872,199616,1.25,205816,509748,216
cloud-k3s-pool-workers-worker4,1,2026-06-06 08:35:50 UTC,15045640,15455808,172632,1.08,49668,612884,199616,1.25,205816,509808,228
cloud-k3s-pool-workers-worker4,1,2026-06-06 08:35:51 UTC,15045640,15455808,172632,1.08,49668,612884,199616,1.25,205816,509808,228
cloud-k3s-pool-workers-worker4,1,2026-06-06 08:35:52 UTC,15045640,15455808,172632,1.08,49680,612872,199616,1.25,205816,509808,228
cloud-k3s-pool-workers-worker4,1,2026-06-06 08:35:53 UTC,15045640,15455812,172592,1.08,49680,612912,199616,1.25,205816,509812,12
cloud-k3s-pool-workers-worker4,1,2026-06-06 08:35:54 UTC,15045640,15455812,172580,1.08,49680,612924,199616,1.25,205816,509812,24
cloud-k3s-pool-workers-worker4,1,2026-06-06 08:35:55 UTC,15045640,15455812,172572,1.08,49680,612932,199616,1.25,205816,509812,32
cloud-k3s-pool-workers-worker4,1,2026-06-06 08:35:56 UTC,15045640,15455812,172572,1.08,49680,612932,199616,1.25,205816,509812,32
cloud-k3s-pool-workers-worker4,1,2026-06-06 08:35:57 UTC,15045640,15455812,172572,1.08,49692,612920,199616,1.25,205816,509812,32
cloud-k3s-pool-workers-worker4,1,2026-06-06 08:35:58 UTC,15045640,15455876,172520,1.08,49692,612964,199616,1.25,205816,509872,204
cloud-k3s-pool-workers-worker4,1,2026-06-06 08:35:59 UTC,15045640,15455876,172512,1.08,49692,612972,199616,1.25,205816,509872,44
cloud-k3s-pool-workers-worker4,1,2026-06-06 08:36:00 UTC,15045640,15455876,172512,1.08,49692,612972,199616,1.25,205816,509872,44
cloud-k3s-pool-workers-worker4,1,2026-06-06 08:36:01 UTC,15045640,15455876,172512,1.08,49692,612972,199616,1.25,205816,509872,44
cloud-k3s-pool-workers-worker4,1,2026-06-06 08:36:02 UTC,15045640,15455936,172468,1.08,49704,613004,199616,1.25,205816,509932,20
cloud-k3s-pool-workers-worker4,1,2026-06-06 08:36:03 UTC,15045640,15455936,172456,1.08,49704,613016,199616,1.25,205816,509932,200
cloud-k3s-pool-workers-worker4,1,2026-06-06 08:36:04 UTC,15045640,15455936,172456,1.08,49704,613016,199616,1.25,205816,509932,200
cloud-k3s-pool-workers-worker4,1,2026-06-06 08:36:05 UTC,15045640,15455936,172436,1.08,49704,613036,199616,1.25,205816,509932,216
cloud-k3s-pool-workers-worker4,1,2026-06-06 08:36:06 UTC,15045640,15455936,172428,1.08,49704,613044,199616,1.25,205816,509932,224
cloud-k3s-pool-workers-worker4,1,2026-06-06 08:36:07 UTC,15045640,15455936,172428,1.08,49716,613032,199616,1.25,205816,509932,224
cloud-k3s-pool-workers-worker4,1,2026-06-06 08:36:08 UTC,15045640,15456000,172396,1.08,49716,613064,199616,1.25,205816,509996,32
cloud-k3s-pool-workers-worker4,1,2026-06-06 08:36:09 UTC,15045640,15456000,172384,1.08,49716,613076,199616,1.25,205816,509996,44
cloud-k3s-pool-workers-worker4,1,2026-06-06 08:36:10 UTC,15045640,15456000,172376,1.08,49716,613084,199616,1.25,205816,509996,52
cloud-k3s-pool-workers-worker4,1,2026-06-06 08:36:11 UTC,15045640,15456000,172364,1.08,49716,613096,199616,1.25,205816,509996,64
cloud-k3s-pool-workers-worker4,1,2026-06-06 08:36:12 UTC,15045640,15456000,172364,1.08,49728,613084,199616,1.25,205816,509996,64
cloud-k3s-pool-workers-worker4,1,2026-06-06 08:36:13 UTC,15045640,15456160,172328,1.08,49728,613116,199616,1.25,205816,510156,196
cloud-k3s-pool-workers-worker4,1,2026-06-06 08:36:14 UTC,15045640,15456160,172316,1.08,49728,613128,199616,1.25,205816,510156,44
cloud-k3s-pool-workers-worker4,1,2026-06-06 08:36:15 UTC,15045640,15456160,172308,1.08,49728,613136,199616,1.25,205816,510156,52
cloud-k3s-pool-workers-worker4,1,2026-06-06 08:36:16 UTC,15045640,15456160,172296,1.08,49728,613148,199616,1.25,205816,510156,64
cloud-k3s-pool-workers-worker4,1,2026-06-06 08:36:17 UTC,15045640,15456160,172276,1.08,49740,613156,199616,1.25,205816,510156,16
cloud-k3s-pool-workers-worker4,1,2026-06-06 08:36:18 UTC,15045640,15456160,172264,1.08,49740,613168,199616,1.25,205816,510156,200
cloud-k3s-pool-workers-worker4,1,2026-06-06 08:36:19 UTC,15045640,15456220,172256,1.08,49740,613176,199616,1.25,205816,510216,208
cloud-k3s-pool-workers-worker4,1,2026-06-06 08:36:20 UTC,15045640,15456220,172244,1.08,49740,613188,199616,1.25,205816,510216,220
cloud-k3s-pool-workers-worker4,1,2026-06-06 08:36:21 UTC,15045640,15456220,172236,1.08,49740,613196,199616,1.25,205816,510216,228
cloud-k3s-pool-workers-worker4,1,2026-06-06 08:36:22 UTC,15045640,15456220,172224,1.08,49740,613208,199616,1.25,205816,510216,240
cloud-k3s-pool-workers-worker4,1,2026-06-06 08:36:23 UTC,15045640,15456244,172204,1.08,49752,613216,199616,1.25,205816,510240,184
cloud-k3s-pool-workers-worker4,1,2026-06-06 08:36:24 UTC,15045640,15456244,172204,1.08,49752,613216,199616,1.25,205816,510240,4
cloud-k3s-pool-workers-worker4,1,2026-06-06 08:36:25 UTC,15045640,15456304,172184,1.08,49752,613236,199616,1.25,205816,510300,24
cloud-k3s-pool-workers-worker4,1,2026-06-06 08:36:26 UTC,15045640,15456304,172172,1.08,49752,613248,199616,1.25,205816,510300,36
cloud-k3s-pool-workers-worker4,1,2026-06-06 08:36:27 UTC,15045640,15456304,172172,1.08,49752,613248,199616,1.25,205816,510300,36
cloud-k3s-pool-workers-worker4,1,2026-06-06 08:36:28 UTC,15045640,15456308,172136,1.08,49764,613268,199616,1.25,205816,510300,180
cloud-k3s-pool-workers-worker4,1,2026-06-06 08:36:29 UTC,15045640,15456308,172124,1.08,49764,613280,199616,1.25,205816,510300,196
cloud-k3s-pool-workers-worker4,1,2026-06-06 08:36:30 UTC,15045640,15456308,172116,1.08,49764,613288,199616,1.25,205816,510300,208
cloud-k3s-pool-workers-worker4,1,2026-06-06 08:36:31 UTC,15045640,15456368,172104,1.08,49764,613300,199616,1.25,205816,510360,220
cloud-k3s-pool-workers-worker4,1,2026-06-06 08:36:32 UTC,15045640,15456368,172104,1.08,49764,613300,199616,1.25,205816,510360,220
cloud-k3s-pool-workers-worker4,1,2026-06-06 08:36:33 UTC,15045892,15456620,171820,1.08,49776,613320,199616,1.25,205816,510360,272
cloud-k3s-pool-workers-worker4,1,2026-06-06 08:36:34 UTC,15045892,15456620,171812,1.07,49776,613328,199616,1.25,205816,510360,284
cloud-k3s-pool-workers-worker4,1,2026-06-06 08:36:35 UTC,15045892,15456632,171800,1.07,49776,613340,199616,1.25,205836,510372,40
cloud-k3s-pool-workers-worker4,1,2026-06-06 08:36:36 UTC,15045892,15456632,171792,1.07,49776,613348,199616,1.25,205836,510372,48
cloud-k3s-pool-workers-worker4,1,2026-06-06 08:36:37 UTC,15045892,15456692,171780,1.07,49776,613360,199616,1.25,205836,510432,60
cloud-k3s-pool-workers-worker4,1,2026-06-06 08:36:38 UTC,15045892,15456692,171756,1.07,49788,613372,199616,1.25,205836,510432,168
cloud-k3s-pool-workers-worker4,1,2026-06-06 08:36:39 UTC,15045892,15456692,171756,1.07,49788,613372,199616,1.25,205836,510432,168
cloud-k3s-pool-workers-worker4,1,2026-06-06 08:36:40 UTC,15045640,15456440,171988,1.08,49788,613392,199616,1.25,205836,510432,192
cloud-k3s-pool-workers-worker4,1,2026-06-06 08:36:41 UTC,15045640,15456440,171980,1.08,49788,613400,199616,1.25,205836,510432,200
cloud-k3s-pool-workers-worker4,1,2026-06-06 08:36:42 UTC,15045640,15456440,171968,1.08,49788,613412,199616,1.25,205836,510432,212
cloud-k3s-pool-workers-worker4,1,2026-06-06 08:36:43 UTC,15045640,15456500,171944,1.08,49800,613420,199616,1.25,205836,510492,204
cloud-k3s-pool-workers-worker4,1,2026-06-06 08:36:44 UTC,15045640,15456500,171932,1.08,49800,613432,199616,1.25,205836,510492,20
cloud-k3s-pool-workers-worker4,1,2026-06-06 08:36:45 UTC,15045640,15456500,171924,1.08,49800,613440,199616,1.25,205836,510492,24
cloud-k3s-pool-workers-worker4,1,2026-06-06 08:36:46 UTC,15045640,15456500,171912,1.08,49800,613452,199616,1.25,205836,510492,36
cloud-k3s-pool-workers-worker4,1,2026-06-06 08:36:47 UTC,15045640,15456500,171912,1.08,49800,613452,199616,1.25,205836,510492,36
cloud-k3s-pool-workers-worker4,1,2026-06-06 08:36:48 UTC,15045640,15456500,171880,1.08,49812,613472,199616,1.25,205836,510492,192
cloud-k3s-pool-workers-worker4,1,2026-06-06 08:36:49 UTC,15045640,15456560,171868,1.08,49812,613484,199616,1.25,205836,510552,208
cloud-k3s-pool-workers-worker4,1,2026-06-06 08:36:50 UTC,15045640,15456560,171860,1.08,49812,613492,199616,1.25,205836,510552,216
cloud-k3s-pool-workers-worker4,1,2026-06-06 08:36:51 UTC,15045640,15456560,171848,1.08,49812,613504,199616,1.25,205836,510552,228
cloud-k3s-pool-workers-worker4,1,2026-06-06 08:36:52 UTC,15045640,15456560,171848,1.08,49812,613504,199616,1.25,205836,510552,228
cloud-k3s-pool-workers-worker4,1,2026-06-06 08:36:53 UTC,15045640,15456584,171816,1.07,49824,613524,199616,1.25,205836,510576,60
cloud-k3s-pool-workers-worker4,1,2026-06-06 08:36:54 UTC,15045640,15456584,171808,1.07,49824,613532,199616,1.25,205836,510576,72
cloud-k3s-pool-workers-worker4,1,2026-06-06 08:36:55 UTC,15045640,15456644,171796,1.07,49824,613544,199616,1.25,205836,510636,24
cloud-k3s-pool-workers-worker4,1,2026-06-06 08:36:56 UTC,15045640,15456644,171788,1.07,49824,613552,199616,1.25,205836,510636,32
cloud-k3s-pool-workers-worker4,1,2026-06-06 08:36:57 UTC,15045640,15456644,171788,1.07,49824,613552,199616,1.25,205836,510636,32
cloud-k3s-pool-workers-worker4,1,2026-06-06 08:36:58 UTC,15045640,15456656,171756,1.07,49836,613572,199616,1.25,205836,510648,192
cloud-k3s-pool-workers-worker4,1,2026-06-06 08:36:59 UTC,15045640,15456660,171740,1.07,49836,613584,199616,1.25,205836,510648,20
cloud-k3s-pool-workers-worker4,1,2026-06-06 08:37:00 UTC,15045640,15456660,171732,1.07,49836,613592,199616,1.25,205836,510648,28
cloud-k3s-pool-workers-worker4,1,2026-06-06 08:37:01 UTC,15045640,15456720,171720,1.07,49836,613604,199616,1.25,205836,510708,40
cloud-k3s-pool-workers-worker4,1,2026-06-06 08:37:02 UTC,15045640,15456720,171720,1.07,49836,613604,199616,1.25,205836,510708,40
cloud-k3s-pool-workers-worker4,1,2026-06-06 08:37:03 UTC,15045640,15456720,171688,1.07,49848,613624,199616,1.25,205836,510708,248
cloud-k3s-pool-workers-worker4,1,2026-06-06 08:37:04 UTC,15045640,15456732,171676,1.07,49848,613636,199616,1.25,205836,510720,256
cloud-k3s-pool-workers-worker4,1,2026-06-06 08:37:05 UTC,15045640,15456732,171668,1.07,49848,613644,199616,1.25,205836,510720,200
cloud-k3s-pool-workers-worker4,1,2026-06-06 08:37:06 UTC,15045640,15456732,171668,1.07,49848,613644,199616,1.25,205836,510720,200
cloud-k3s-pool-workers-worker4,1,2026-06-06 08:37:07 UTC,15045640,15456732,171668,1.07,49848,613644,199616,1.25,205836,510720,200
cloud-k3s-pool-workers-worker4,1,2026-06-06 08:37:08 UTC,15045640,15456792,171636,1.07,49860,613664,199616,1.25,205836,510780,244
cloud-k3s-pool-workers-worker4,1,2026-06-06 08:37:09 UTC,15045640,15456792,171628,1.07,49860,613672,199616,1.25,205836,510780,252
cloud-k3s-pool-workers-worker4,1,2026-06-06 08:37:10 UTC,15045640,15456804,171604,1.07,49860,613696,199616,1.25,205836,510792,20
cloud-k3s-pool-workers-worker4,1,2026-06-06 08:37:11 UTC,15045640,15456804,171596,1.07,49860,613704,199616,1.25,205836,510792,28
cloud-k3s-pool-workers-worker4,1,2026-06-06 08:37:12 UTC,15045136,15456300,172100,1.08,49860,613704,199616,1.25,205836,510792,28
cloud-k3s-pool-workers-worker4,1,2026-06-06 08:37:13 UTC,15045136,15456360,172076,1.08,49860,613728,199616,1.25,205836,510852,216
cloud-k3s-pool-workers-worker4,1,2026-06-06 08:37:14 UTC,15045136,15456360,172064,1.08,49872,613724,199616,1.25,205836,510852,224
cloud-k3s-pool-workers-worker4,1,2026-06-06 08:37:15 UTC,15044424,15455692,172732,1.08,49872,613748,202596,1.27,207204,510896,208
cloud-k3s-pool-workers-worker4,1,2026-06-06 08:37:16 UTC,15044172,15455448,172972,1.08,49872,613760,203068,1.27,207508,510904,304
cloud-k3s-pool-workers-worker4,1,2026-06-06 08:37:17 UTC,15044172,15455448,172972,1.08,49872,613760,203068,1.27,207508,510904,304
cloud-k3s-pool-workers-worker4,1,2026-06-06 08:37:18 UTC,15044172,15455448,172952,1.08,49872,613780,203068,1.27,207508,510904,88
cloud-k3s-pool-workers-worker4,1,2026-06-06 08:37:19 UTC,15047856,15459204,169240,1.06,49884,613792,199616,1.25,205812,510972,156
cloud-k3s-pool-workers-worker4,1,2026-06-06 08:37:20 UTC,15047284,15458632,169804,1.06,49884,613800,199616,1.25,205812,510972,168
cloud-k3s-pool-workers-worker4,1,2026-06-06 08:37:21 UTC,15047284,15458632,169804,1.06,49884,613800,199616,1.25,205812,510972,168
cloud-k3s-pool-workers-worker4,1,2026-06-06 08:37:22 UTC,15047284,15458632,169804,1.06,49884,613800,199616,1.25,205812,510972,168
cloud-k3s-pool-workers-worker4,1,2026-06-06 08:37:23 UTC,15047284,15458632,169772,1.06,49896,613820,199616,1.25,205812,510972,232
cloud-k3s-pool-workers-worker4,1,2026-06-06 08:37:24 UTC,15047284,15458632,169764,1.06,49896,613828,199616,1.25,205812,510972,40
cloud-k3s-pool-workers-worker4,1,2026-06-06 08:37:25 UTC,15047284,15458716,169740,1.06,49896,613852,199616,1.25,205812,511056,20
cloud-k3s-pool-workers-worker4,1,2026-06-06 08:37:26 UTC,15047284,15458716,169728,1.06,49896,613864,199616,1.25,205812,511056,32
cloud-k3s-pool-workers-worker4,1,2026-06-06 08:37:27 UTC,15047284,15458716,169720,1.06,49896,613872,199616,1.25,205812,511056,40
cloud-k3s-pool-workers-worker4,1,2026-06-06 08:37:28 UTC,15047284,15458716,169708,1.06,49896,613884,199616,1.25,205812,511056,216
cloud-k3s-pool-workers-worker4,1,2026-06-06 08:37:29 UTC,15046276,15457708,170704,1.07,49908,613880,199616,1.25,205812,511056,224
cloud-k3s-pool-workers-worker4,1,2026-06-06 08:37:30 UTC,15046276,15457708,170680,1.07,49908,613904,199616,1.25,205812,511056,204
cloud-k3s-pool-workers-worker4,1,2026-06-06 08:37:31 UTC,15046276,15457768,170672,1.07,49908,613912,199616,1.25,205812,511116,212
cloud-k3s-pool-workers-worker4,1,2026-06-06 08:37:32 UTC,15046276,15457768,170672,1.07,49908,613912,199616,1.25,205812,511116,212
cloud-k3s-pool-workers-worker4,1,2026-06-06 08:37:33 UTC,15046276,15457768,170652,1.07,49908,613932,199616,1.25,205812,511116,248
cloud-k3s-pool-workers-worker4,1,2026-06-06 08:37:34 UTC,15046276,15457768,170640,1.07,49920,613932,199616,1.25,205812,511116,260
cloud-k3s-pool-workers-worker4,1,2026-06-06 08:37:35 UTC,15046276,15457768,170620,1.07,49920,613952,199616,1.25,205812,511116,48
cloud-k3s-pool-workers-worker4,1,2026-06-06 08:37:36 UTC,15046276,15457768,170608,1.07,49920,613964,199616,1.25,205812,511116,60
cloud-k3s-pool-workers-worker4,1,2026-06-06 08:37:37 UTC,15046276,15457768,170608,1.07,49920,613964,199616,1.25,205812,511116,60
cloud-k3s-pool-workers-worker4,1,2026-06-06 08:37:38 UTC,15046276,15457828,170588,1.07,49920,613984,199616,1.25,205812,511176,244
cloud-k3s-pool-workers-worker4,1,2026-06-06 08:37:39 UTC,15046276,15457828,170576,1.07,49932,613984,199616,1.25,205812,511176,256
cloud-k3s-pool-workers-worker4,1,2026-06-06 08:37:40 UTC,15046276,15457828,170556,1.07,49932,614004,199616,1.25,205812,511176,12
cloud-k3s-pool-workers-worker4,1,2026-06-06 08:37:41 UTC,15046276,15457828,170544,1.07,49932,614016,199616,1.25,205812,511176,24
cloud-k3s-pool-workers-worker4,1,2026-06-06 08:37:42 UTC,15046276,15457828,170544,1.07,49932,614016,199616,1.25,205812,511176,24
cloud-k3s-pool-workers-worker4,1,2026-06-06 08:37:43 UTC,15046276,15457888,170524,1.07,49932,614036,199616,1.25,205812,511236,212
cloud-k3s-pool-workers-worker4,1,2026-06-06 08:37:44 UTC,15046276,15457888,170516,1.07,49932,614044,199616,1.25,205812,511236,220
cloud-k3s-pool-workers-worker4,1,2026-06-06 08:37:45 UTC,15046276,15457940,170488,1.07,49944,614056,199616,1.25,205812,511284,196
cloud-k3s-pool-workers-worker4,1,2026-06-06 08:37:46 UTC,15046276,15457940,170480,1.07,49944,614064,199616,1.25,205812,511284,208
cloud-k3s-pool-workers-worker4,1,2026-06-06 08:37:47 UTC,15046276,15457940,170480,1.07,49944,614064,199616,1.25,205812,511284,208
cloud-k3s-pool-workers-worker4,1,2026-06-06 08:37:48 UTC,15046276,15457940,170460,1.07,49944,614084,199616,1.25,205812,511284,240
cloud-k3s-pool-workers-worker4,1,2026-06-06 08:37:49 UTC,15046276,15458000,170448,1.07,49944,614096,199616,1.25,205812,511344,252
cloud-k3s-pool-workers-worker4,1,2026-06-06 08:37:50 UTC,15046276,15458000,170424,1.07,49956,614108,199616,1.25,205812,511344,16
cloud-k3s-pool-workers-worker4,1,2026-06-06 08:37:51 UTC,15044260,15455984,172432,1.08,49956,614116,199616,1.25,205812,511344,28
cloud-k3s-pool-workers-worker4,1,2026-06-06 08:37:52 UTC,15044260,15455984,172420,1.08,49956,614128,199616,1.25,205812,511344,40
cloud-k3s-pool-workers-worker4,1,2026-06-06 08:37:53 UTC,15044260,15455984,172420,1.08,49956,614128,199616,1.25,205812,511344,204
cloud-k3s-pool-workers-worker4,1,2026-06-06 08:37:54 UTC,15044260,15455984,172400,1.08,49956,614148,199616,1.25,205812,511344,228
cloud-k3s-pool-workers-worker4,1,2026-06-06 08:37:55 UTC,15044260,15456044,172392,1.08,49968,614144,199616,1.25,205812,511404,184
cloud-k3s-pool-workers-worker4,1,2026-06-06 08:37:56 UTC,15044260,15456044,172368,1.08,49968,614168,199616,1.25,205812,511404,36
cloud-k3s-pool-workers-worker4,1,2026-06-06 08:37:57 UTC,15044260,15456044,172360,1.08,49968,614176,199616,1.25,205812,511404,44
cloud-k3s-pool-workers-worker4,1,2026-06-06 08:37:58 UTC,15044260,15456044,172348,1.08,49968,614188,199616,1.25,205812,511404,220
cloud-k3s-pool-workers-worker4,1,2026-06-06 08:37:59 UTC,15044260,15456044,172340,1.08,49968,614196,199616,1.25,205812,511404,228
cloud-k3s-pool-workers-worker4,1,2026-06-06 08:38:00 UTC,15044260,15456048,172312,1.08,49980,614208,199616,1.25,205836,511408,16
cloud-k3s-pool-workers-worker4,1,2026-06-06 08:38:01 UTC,15044260,15456108,172300,1.08,49980,614220,199616,1.25,205836,511468,32
cloud-k3s-pool-workers-worker4,1,2026-06-06 08:38:02 UTC,15044260,15456108,172292,1.08,49980,614228,199616,1.25,205836,511468,40
cloud-k3s-pool-workers-worker4,1,2026-06-06 08:38:03 UTC,15044260,15456108,172280,1.08,49980,614240,199616,1.25,205836,511468,220
cloud-k3s-pool-workers-worker4,1,2026-06-06 08:38:04 UTC,15044260,15456108,172272,1.08,49980,614248,199616,1.25,205836,511468,232
cloud-k3s-pool-workers-worker4,1,2026-06-06 08:38:05 UTC,15044260,15456108,172260,1.08,49992,614248,199616,1.25,205836,511468,244
cloud-k3s-pool-workers-worker4,1,2026-06-06 08:38:06 UTC,15044260,15456108,172252,1.08,49992,614256,199616,1.25,205836,511468,256
cloud-k3s-pool-workers-worker4,1,2026-06-06 08:38:07 UTC,15044260,15456108,172252,1.08,49992,614256,199616,1.25,205836,511468,256
cloud-k3s-pool-workers-worker4,1,2026-06-06 08:38:08 UTC,15044260,15456168,172220,1.08,49992,614288,199616,1.25,205836,511528,216
cloud-k3s-pool-workers-worker4,1,2026-06-06 08:38:09 UTC,15040228,15452148,176240,1.10,49992,614300,199616,1.25,205836,511540,224
cloud-k3s-pool-workers-worker4,1,2026-06-06 08:38:10 UTC,15040228,15452148,176220,1.10,50004,614308,199616,1.25,205836,511540,16
cloud-k3s-pool-workers-worker4,1,2026-06-06 08:38:11 UTC,15040228,15452148,176208,1.10,50004,614320,199616,1.25,205836,511540,32
cloud-k3s-pool-workers-worker4,1,2026-06-06 08:38:12 UTC,15040228,15452148,176200,1.10,50004,614328,199616,1.25,205836,511540,40
cloud-k3s-pool-workers-worker4,1,2026-06-06 08:38:13 UTC,15040228,15452208,176188,1.10,50004,614340,199616,1.25,205836,511600,224
cloud-k3s-pool-workers-worker4,1,2026-06-06 08:38:14 UTC,15040228,15452208,176176,1.10,50004,614352,199616,1.25,205836,511600,236
cloud-k3s-pool-workers-worker4,1,2026-06-06 08:38:15 UTC,15040228,15452212,176164,1.10,50016,614348,199616,1.25,205836,511600,188
cloud-k3s-pool-workers-worker4,1,2026-06-06 08:38:16 UTC,15040228,15452212,176164,1.10,50016,614348,199616,1.25,205836,511600,188
cloud-k3s-pool-workers-worker4,1,2026-06-06 08:38:17 UTC,15040228,15452212,176164,1.10,50016,614348,199616,1.25,205836,511600,188
cloud-k3s-pool-workers-worker4,1,2026-06-06 08:38:18 UTC,15040228,15452332,176120,1.10,50016,614392,199616,1.25,205836,511720,220
cloud-k3s-pool-workers-worker4,1,2026-06-06 08:38:19 UTC,15040228,15452332,176112,1.10,50016,614400,199616,1.25,205836,511720,228
cloud-k3s-pool-workers-worker4,1,2026-06-06 08:38:20 UTC,15040228,15452332,176100,1.10,50028,614400,199616,1.25,205836,511720,56
cloud-k3s-pool-workers-worker4,1,2026-06-06 08:38:21 UTC,15040228,15452332,176092,1.10,50028,614408,199616,1.25,205836,511720,68
cloud-k3s-pool-workers-worker4,1,2026-06-06 08:38:22 UTC,15040228,15452332,176092,1.10,50028,614408,199616,1.25,205836,511720,68
cloud-k3s-pool-workers-worker4,1,2026-06-06 08:38:23 UTC,15040228,15452332,176060,1.10,50028,614440,199616,1.25,205836,511720,216
cloud-k3s-pool-workers-worker4,1,2026-06-06 08:38:24 UTC,15040228,15452392,176048,1.10,50028,614452,199616,1.25,205836,511780,228
cloud-k3s-pool-workers-worker4,1,2026-06-06 08:38:25 UTC,15040228,15452392,176036,1.10,50040,614452,199616,1.25,205836,511780,240
cloud-k3s-pool-workers-worker4,1,2026-06-06 08:38:26 UTC,15040228,15452392,176028,1.10,50040,614460,199616,1.25,205836,511780,252
cloud-k3s-pool-workers-worker4,1,2026-06-06 08:38:27 UTC,15040228,15452392,176016,1.10,50040,614472,199616,1.25,205836,511780,264
cloud-k3s-pool-workers-worker4,1,2026-06-06 08:38:28 UTC,15040228,15452392,175996,1.10,50040,614492,199616,1.25,205836,511780,196
cloud-k3s-pool-workers-worker4,1,2026-06-06 08:38:29 UTC,15040228,15452392,175984,1.10,50040,614504,199616,1.25,205836,511780,204
cloud-k3s-pool-workers-worker4,1,2026-06-06 08:38:30 UTC,15040228,15452452,175976,1.10,50040,614512,199616,1.25,205836,511840,212
cloud-k3s-pool-workers-worker4,1,2026-06-06 08:38:31 UTC,15040228,15452452,175960,1.10,50052,614512,199616,1.25,205836,511840,224
cloud-k3s-pool-workers-worker4,1,2026-06-06 08:38:32 UTC,15040228,15452452,175960,1.10,50052,614512,199616,1.25,205836,511840,224
cloud-k3s-pool-workers-worker4,1,2026-06-06 08:38:33 UTC,15040228,15452456,175924,1.10,50052,614544,199616,1.25,205836,511840,228
cloud-k3s-pool-workers-worker4,1,2026-06-06 08:38:34 UTC,15040228,15452456,175916,1.10,50052,614552,199616,1.25,205836,511840,236
cloud-k3s-pool-workers-worker4,1,2026-06-06 08:38:35 UTC,15040228,15452456,175904,1.10,50052,614564,199616,1.25,205836,511840,48
cloud-k3s-pool-workers-worker4,1,2026-06-06 08:38:36 UTC,15040228,15452516,175896,1.10,50064,614560,199616,1.25,205836,511900,4
cloud-k3s-pool-workers-worker4,1,2026-06-06 08:38:37 UTC,15040228,15452516,175896,1.10,50064,614560,199616,1.25,205836,511900,4
cloud-k3s-pool-workers-worker4,1,2026-06-06 08:38:38 UTC,15040228,15452516,175856,1.10,50064,614600,199616,1.25,205836,511900,212
cloud-k3s-pool-workers-worker4,1,2026-06-06 08:38:39 UTC,15040228,15452516,175848,1.10,50064,614608,199616,1.25,205836,511900,220
cloud-k3s-pool-workers-worker4,1,2026-06-06 08:38:40 UTC,15040228,15452516,175836,1.10,50064,614620,199616,1.25,205836,511900,224
cloud-k3s-pool-workers-worker4,1,2026-06-06 08:38:41 UTC,15040228,15452576,175816,1.10,50076,614628,199616,1.25,205836,511960,20
cloud-k3s-pool-workers-worker4,1,2026-06-06 08:38:42 UTC,15040228,15452576,175816,1.10,50076,614628,199616,1.25,205836,511960,20
cloud-k3s-pool-workers-worker4,1,2026-06-06 08:38:43 UTC,15040228,15452636,175796,1.10,50076,614648,199616,1.25,205836,512020,204
cloud-k3s-pool-workers-worker4,1,2026-06-06 08:38:44 UTC,15040228,15452636,175784,1.10,50076,614660,199616,1.25,205836,512020,220
cloud-k3s-pool-workers-worker4,1,2026-06-06 08:38:45 UTC,15040228,15452636,175784,1.10,50076,614660,199616,1.25,205836,512020,220
cloud-k3s-pool-workers-worker4,1,2026-06-06 08:38:46 UTC,15040228,15452636,175748,1.10,50088,614680,199616,1.25,205836,512020,4
cloud-k3s-pool-workers-worker4,1,2026-06-06 08:38:47 UTC,15040228,15452636,175740,1.10,50088,614688,199616,1.25,205836,512020,16
cloud-k3s-pool-workers-worker4,1,2026-06-06 08:38:48 UTC,15040228,15452696,175728,1.10,50088,614700,199616,1.25,205836,512080,192
cloud-k3s-pool-workers-worker4,1,2026-06-06 08:38:49 UTC,15040228,15452696,175716,1.10,50088,614712,199616,1.25,205836,512080,200
cloud-k3s-pool-workers-worker4,1,2026-06-06 08:38:50 UTC,15040228,15452696,175708,1.10,50088,614720,199616,1.25,205836,512080,208
cloud-k3s-pool-workers-worker4,1,2026-06-06 08:38:51 UTC,15040228,15452696,175696,1.10,50100,614720,199616,1.25,205836,512080,220
cloud-k3s-pool-workers-worker4,1,2026-06-06 08:38:52 UTC,15040228,15452696,175688,1.10,50100,614728,199616,1.25,205836,512080,232
cloud-k3s-pool-workers-worker4,1,2026-06-06 08:38:53 UTC,15040228,15452696,175664,1.10,50100,614752,199616,1.25,205836,512080,220
cloud-k3s-pool-workers-worker4,1,2026-06-06 08:38:54 UTC,15040228,15452756,175656,1.10,50100,614760,199616,1.25,205836,512140,36
cloud-k3s-pool-workers-worker4,1,2026-06-06 08:38:55 UTC,15040228,15452756,175644,1.10,50100,614772,199616,1.25,205836,512140,48
cloud-k3s-pool-workers-worker4,1,2026-06-06 08:38:56 UTC,15040228,15452756,175624,1.10,50112,614780,199616,1.25,205836,512140,24
cloud-k3s-pool-workers-worker4,1,2026-06-06 08:38:57 UTC,15040228,15452756,175612,1.10,50112,614792,199616,1.25,205836,512140,40
cloud-k3s-pool-workers-worker4,1,2026-06-06 08:38:58 UTC,15040228,15452756,175604,1.10,50112,614800,199616,1.25,205836,512140,208
cloud-k3s-pool-workers-worker4,1,2026-06-06 08:38:59 UTC,15040228,15452756,175592,1.10,50112,614812,199616,1.25,205836,512140,216
cloud-k3s-pool-workers-worker4,1,2026-06-06 08:39:00 UTC,15040228,15452756,175592,1.10,50112,614812,199616,1.25,205836,512140,216
cloud-k3s-pool-workers-worker4,1,2026-06-06 08:39:01 UTC,15042492,15455084,173304,1.08,50124,614820,199616,1.25,205836,512200,236
cloud-k3s-pool-workers-worker4,1,2026-06-06 08:39:02 UTC,15042492,15455084,173292,1.08,50124,614832,199616,1.25,205836,512200,252
cloud-k3s-pool-workers-worker4,1,2026-06-06 08:39:03 UTC,15042492,15455084,173272,1.08,50124,614852,199616,1.25,205836,512200,204
cloud-k3s-pool-workers-worker4,1,2026-06-06 08:39:04 UTC,15042492,15455084,173272,1.08,50124,614852,199616,1.25,205836,512200,204
cloud-k3s-pool-workers-worker4,1,2026-06-06 08:39:05 UTC,15042492,15455084,173252,1.08,50124,614872,199616,1.25,205836,512200,224
cloud-k3s-pool-workers-worker4,1,2026-06-06 08:39:06 UTC,15042492,15455144,173240,1.08,50136,614872,199616,1.25,205836,512260,236
cloud-k3s-pool-workers-worker4,1,2026-06-06 08:39:07 UTC,15042492,15455144,173240,1.08,50136,614872,199616,1.25,205836,512260,236
cloud-k3s-pool-workers-worker4,1,2026-06-06 08:39:08 UTC,15042492,15455204,173208,1.08,50136,614904,199616,1.25,205836,512320,180
cloud-k3s-pool-workers-worker4,1,2026-06-06 08:39:09 UTC,15042492,15455204,173200,1.08,50136,614912,199616,1.25,205836,512320,188
cloud-k3s-pool-workers-worker4,1,2026-06-06 08:39:10 UTC,15042492,15455204,173188,1.08,50136,614924,199616,1.25,205836,512320,200
cloud-k3s-pool-workers-worker4,1,2026-06-06 08:39:11 UTC,15042492,15455204,173180,1.08,50136,614932,199616,1.25,205836,512320,208
cloud-k3s-pool-workers-worker4,1,2026-06-06 08:39:12 UTC,15042492,15455264,173156,1.08,50148,614944,199616,1.25,205836,512380,248
cloud-k3s-pool-workers-worker4,1,2026-06-06 08:39:13 UTC,15042492,15455264,173144,1.08,50148,614956,199616,1.25,205836,512380,212
cloud-k3s-pool-workers-worker4,1,2026-06-06 08:39:14 UTC,15042492,15455264,173136,1.08,50148,614964,199616,1.25,205836,512380,28
cloud-k3s-pool-workers-worker4,1,2026-06-06 08:39:15 UTC,15042492,15455264,173124,1.08,50148,614976,199616,1.25,205836,512380,40
cloud-k3s-pool-workers-worker4,1,2026-06-06 08:39:16 UTC,15042492,15455264,173124,1.08,50148,614976,199616,1.25,205836,512380,40
cloud-k3s-pool-workers-worker4,1,2026-06-06 08:39:17 UTC,15042492,15455324,173100,1.08,50160,614984,199616,1.25,205836,512440,4
cloud-k3s-pool-workers-worker4,1,2026-06-06 08:39:18 UTC,15042492,15455324,173080,1.08,50160,615004,199616,1.25,205836,512440,192
cloud-k3s-pool-workers-worker4,1,2026-06-06 08:39:19 UTC,15042492,15455324,173068,1.08,50160,615016,199616,1.25,205836,512440,204
cloud-k3s-pool-workers-worker4,1,2026-06-06 08:39:20 UTC,15042492,15455324,173068,1.08,50160,615016,199616,1.25,205836,512440,204
cloud-k3s-pool-workers-worker4,1,2026-06-06 08:39:21 UTC,15042492,15455324,173068,1.08,50160,615016,199616,1.25,205836,512440,204
cloud-k3s-pool-workers-worker4,1,2026-06-06 08:39:22 UTC,15042492,15455324,173040,1.08,50172,615032,199616,1.25,205836,512440,52
cloud-k3s-pool-workers-worker4,1,2026-06-06 08:39:23 UTC,15042492,15455384,173028,1.08,50172,615044,199616,1.25,205836,512500,224
cloud-k3s-pool-workers-worker4,1,2026-06-06 08:39:24 UTC,15042280,15455180,173200,1.08,50172,615068,199616,1.25,205836,512500,204
cloud-k3s-pool-workers-worker4,1,2026-06-06 08:39:25 UTC,15042532,15455432,172940,1.08,50172,615076,199616,1.25,205836,512500,212
cloud-k3s-pool-workers-worker4,1,2026-06-06 08:39:26 UTC,15042532,15455432,172928,1.08,50172,615088,199616,1.25,205836,512500,224
cloud-k3s-pool-workers-worker4,1,2026-06-06 08:39:27 UTC,15042532,15455432,172908,1.08,50184,615096,199616,1.25,205836,512500,24
cloud-k3s-pool-workers-worker4,1,2026-06-06 08:39:28 UTC,15042532,15455432,172896,1.08,50184,615108,199616,1.25,205836,512500,200
cloud-k3s-pool-workers-worker4,1,2026-06-06 08:39:29 UTC,15042532,15455432,172896,1.08,50184,615108,199616,1.25,205836,512500,200
cloud-k3s-pool-workers-worker4,1,2026-06-06 08:39:30 UTC,15042532,15455492,172876,1.08,50184,615128,199616,1.25,205836,512560,220
cloud-k3s-pool-workers-worker4,1,2026-06-06 08:39:31 UTC,15042532,15455492,172868,1.08,50184,615136,199616,1.25,205836,512560,228
cloud-k3s-pool-workers-worker4,1,2026-06-06 08:39:32 UTC,15042532,15455496,172852,1.08,50196,615136,199616,1.25,205836,512560,240
cloud-k3s-pool-workers-worker4,1,2026-06-06 08:39:33 UTC,15042532,15455496,172844,1.08,50196,615144,199616,1.25,205836,512560,416
cloud-k3s-pool-workers-worker4,1,2026-06-06 08:39:34 UTC,15042532,15455496,172844,1.08,50196,615144,199616,1.25,205836,512560,416
cloud-k3s-pool-workers-worker4,1,2026-06-06 08:39:35 UTC,15042532,15455608,172812,1.08,50196,615176,199616,1.25,205836,512672,212
cloud-k3s-pool-workers-worker4,1,2026-06-06 08:39:36 UTC,15042532,15455608,172800,1.08,50196,615188,199616,1.25,205836,512672,224
cloud-k3s-pool-workers-worker4,1,2026-06-06 08:39:37 UTC,15042532,15455608,172788,1.08,50208,615188,199616,1.25,205836,512672,236
cloud-k3s-pool-workers-worker4,1,2026-06-06 08:39:38 UTC,15042532,15455608,172780,1.08,50208,615196,199616,1.25,205836,512672,408
cloud-k3s-pool-workers-worker4,1,2026-06-06 08:39:39 UTC,15042532,15455608,172780,1.08,50208,615196,199616,1.25,205836,512672,408
cloud-k3s-pool-workers-worker4,1,2026-06-06 08:39:40 UTC,15042532,15455608,172748,1.08,50208,615228,199616,1.25,205836,512672,212
cloud-k3s-pool-workers-worker4,1,2026-06-06 08:39:41 UTC,15042532,15455668,172736,1.08,50208,615240,199616,1.25,205836,512732,224
cloud-k3s-pool-workers-worker4,1,2026-06-06 08:39:42 UTC,15042532,15455668,172736,1.08,50220,615228,199616,1.25,205836,512732,224
cloud-k3s-pool-workers-worker4,1,2026-06-06 08:39:43 UTC,15042532,15455668,172704,1.08,50220,615260,199616,1.25,205836,512732,196
cloud-k3s-pool-workers-worker4,1,2026-06-06 08:39:44 UTC,15042532,15455668,172696,1.08,50220,615268,199616,1.25,205836,512732,204
cloud-k3s-pool-workers-worker4,1,2026-06-06 08:39:45 UTC,15042532,15455668,172684,1.08,50220,615280,199616,1.25,205836,512732,216
cloud-k3s-pool-workers-worker4,1,2026-06-06 08:39:46 UTC,15042532,15455668,172676,1.08,50220,615288,199616,1.25,205836,512732,224
cloud-k3s-pool-workers-worker4,1,2026-06-06 08:39:47 UTC,15042532,15455728,172660,1.08,50232,615288,199616,1.25,205836,512792,236
cloud-k3s-pool-workers-worker4,1,2026-06-06 08:39:48 UTC,15042532,15455728,172648,1.08,50232,615300,199616,1.25,205836,512792,412
cloud-k3s-pool-workers-worker4,1,2026-06-06 08:39:49 UTC,15042532,15455728,172648,1.08,50232,615300,199616,1.25,205836,512792,412
cloud-k3s-pool-workers-worker4,1,2026-06-06 08:39:50 UTC,15042532,15455728,172616,1.08,50232,615332,199616,1.25,205836,512792,196
cloud-k3s-pool-workers-worker4,1,2026-06-06 08:39:51 UTC,15042532,15455728,172608,1.08,50232,615340,199616,1.25,205836,512792,204
cloud-k3s-pool-workers-worker4,1,2026-06-06 08:39:52 UTC,15042532,15455728,172596,1.08,50244,615340,199616,1.25,205836,512792,216
cloud-k3s-pool-workers-worker4,1,2026-06-06 08:39:53 UTC,15042532,15455788,172588,1.08,50244,615348,199616,1.25,205836,512852,240
cloud-k3s-pool-workers-worker4,1,2026-06-06 08:39:54 UTC,15042532,15455848,172564,1.08,50244,615372,199616,1.25,205836,512912,28
cloud-k3s-pool-workers-worker4,1,2026-06-06 08:39:55 UTC,15042532,15455848,172556,1.08,50244,615380,199616,1.25,205836,512912,36
cloud-k3s-pool-workers-worker4,1,2026-06-06 08:39:56 UTC,15042532,15455848,172544,1.08,50244,615392,199616,1.25,205836,512912,48
cloud-k3s-pool-workers-worker4,1,2026-06-06 08:39:57 UTC,15042532,15455848,172544,1.08,50244,615392,199616,1.25,205836,512912,48
cloud-k3s-pool-workers-worker4,1,2026-06-06 08:39:58 UTC,15042532,15455848,172512,1.08,50256,615412,199616,1.25,205836,512912,188
cloud-k3s-pool-workers-worker4,1,2026-06-06 08:39:59 UTC,15042532,15455912,172504,1.08,50256,615420,199616,1.25,205836,512976,12
cloud-k3s-pool-workers-worker4,1,2026-06-06 08:40:00 UTC,15042532,15455912,172492,1.08,50256,615432,199616,1.25,205836,512976,24
cloud-k3s-pool-workers-worker4,1,2026-06-06 08:40:01 UTC,15042532,15455912,172480,1.08,50256,615444,199616,1.25,205836,512976,36
cloud-k3s-pool-workers-worker4,1,2026-06-06 08:40:02 UTC,15042532,15455912,172480,1.08,50256,615444,199616,1.25,205836,512976,36
cloud-k3s-pool-workers-worker4,1,2026-06-06 08:40:03 UTC,15042532,15455960,172440,1.08,50268,615464,199616,1.25,205836,513020,180
cloud-k3s-pool-workers-worker4,1,2026-06-06 08:40:04 UTC,15042532,15455960,172432,1.08,50268,615472,199616,1.25,205836,513020,192
cloud-k3s-pool-workers-worker4,1,2026-06-06 08:40:05 UTC,15042532,15455960,172420,1.08,50268,615484,199616,1.25,205836,513020,204
cloud-k3s-pool-workers-worker4,1,2026-06-06 08:40:06 UTC,15042532,15455960,172412,1.08,50268,615492,199616,1.25,205836,513020,212
cloud-k3s-pool-workers-worker4,1,2026-06-06 08:40:07 UTC,15042532,15455960,172412,1.08,50268,615492,199616,1.25,205836,513020,212
cloud-k3s-pool-workers-worker4,1,2026-06-06 08:40:08 UTC,15042532,15456008,172380,1.08,50280,615512,199616,1.25,205836,513068,180
cloud-k3s-pool-workers-worker4,1,2026-06-06 08:40:09 UTC,15042532,15456008,172368,1.08,50280,615524,199616,1.25,205836,513068,196
cloud-k3s-pool-workers-worker4,1,2026-06-06 08:40:10 UTC,15042532,15456008,172360,1.08,50280,615532,199616,1.25,205836,513068,204
cloud-k3s-pool-workers-worker4,1,2026-06-06 08:40:11 UTC,15042532,15456008,172348,1.08,50280,615544,199616,1.25,205836,513068,216
cloud-k3s-pool-workers-worker4,1,2026-06-06 08:40:12 UTC,15042532,15456008,172348,1.08,50280,615544,199616,1.25,205836,513068,216
cloud-k3s-pool-workers-worker4,1,2026-06-06 08:40:13 UTC,15042532,15456008,172316,1.08,50292,615564,199616,1.25,205836,513068,184
cloud-k3s-pool-workers-worker4,1,2026-06-06 08:40:14 UTC,15042532,15456068,172304,1.08,50292,615576,199616,1.25,205836,513128,200
cloud-k3s-pool-workers-worker4,1,2026-06-06 08:40:15 UTC,15042532,15456068,172296,1.08,50292,615584,199616,1.25,205836,513128,208
cloud-k3s-pool-workers-worker4,1,2026-06-06 08:40:16 UTC,15042532,15456068,172284,1.08,50292,615596,199616,1.25,205836,513128,220
cloud-k3s-pool-workers-worker4,1,2026-06-06 08:40:17 UTC,15042532,15456068,172284,1.08,50292,615596,199616,1.25,205836,513128,220
cloud-k3s-pool-workers-worker4,1,2026-06-06 08:40:18 UTC,15042532,15456132,172248,1.08,50304,615616,199616,1.25,205836,513188,180
cloud-k3s-pool-workers-worker4,1,2026-06-06 08:40:19 UTC,15042532,15456132,172240,1.08,50304,615624,199616,1.25,205836,513188,188
cloud-k3s-pool-workers-worker4,1,2026-06-06 08:40:20 UTC,15042532,15456192,172228,1.08,50304,615636,199616,1.25,205836,513248,200
cloud-k3s-pool-workers-worker4,1,2026-06-06 08:40:21 UTC,15042532,15456192,172220,1.08,50304,615644,199616,1.25,205836,513248,208
cloud-k3s-pool-workers-worker4,1,2026-06-06 08:40:22 UTC,15042532,15456192,172220,1.08,50304,615644,199616,1.25,205836,513248,208
cloud-k3s-pool-workers-worker4,1,2026-06-06 08:40:23 UTC,15042532,15456192,172200,1.08,50316,615652,199616,1.25,205836,513248,240
cloud-k3s-pool-workers-worker4,1,2026-06-06 08:40:24 UTC,15042532,15456192,172188,1.08,50316,615664,199616,1.25,205836,513248,256
cloud-k3s-pool-workers-worker4,1,2026-06-06 08:40:25 UTC,15042532,15456192,172164,1.08,50316,615688,199616,1.25,205836,513248,32
cloud-k3s-pool-workers-worker4,1,2026-06-06 08:40:26 UTC,15042532,15456252,172156,1.08,50316,615696,199616,1.25,205836,513308,40
cloud-k3s-pool-workers-worker4,1,2026-06-06 08:40:27 UTC,15042532,15456252,172156,1.08,50316,615696,199616,1.25,205836,513308,40
cloud-k3s-pool-workers-worker4,1,2026-06-06 08:40:28 UTC,15042532,15456252,172124,1.08,50328,615716,199616,1.25,205836,513308,240
cloud-k3s-pool-workers-worker4,1,2026-06-06 08:40:29 UTC,15042532,15456252,172112,1.08,50328,615728,199616,1.25,205836,513308,256
cloud-k3s-pool-workers-worker4,1,2026-06-06 08:40:30 UTC,15042532,15456252,172104,1.08,50328,615736,199616,1.25,205836,513308,24
cloud-k3s-pool-workers-worker4,1,2026-06-06 08:40:31 UTC,15042532,15456252,172092,1.08,50328,615748,199616,1.25,205836,513308,36
cloud-k3s-pool-workers-worker4,1,2026-06-06 08:40:32 UTC,15042280,15456084,172304,1.08,50328,615756,199616,1.25,205788,513392,196
cloud-k3s-pool-workers-worker4,1,2026-06-06 08:40:33 UTC,15042280,15456096,172276,1.08,50340,615768,199616,1.25,205836,513404,344
cloud-k3s-pool-workers-worker4,1,2026-06-06 08:40:34 UTC,15042280,15456096,172268,1.08,50340,615776,199616,1.25,205836,513404,320
cloud-k3s-pool-workers-worker4,1,2026-06-06 08:40:35 UTC,15042280,15456096,172256,1.08,50340,615788,199616,1.25,205836,513404,332
cloud-k3s-pool-workers-worker4,1,2026-06-06 08:40:36 UTC,15042280,15456096,172256,1.08,50340,615788,199616,1.25,205836,513404,332
cloud-k3s-pool-workers-worker4,1,2026-06-06 08:40:37 UTC,15042280,15456152,172236,1.08,50340,615808,199616,1.25,205836,513460,48
cloud-k3s-pool-workers-worker4,1,2026-06-06 08:40:38 UTC,15042280,15456152,172224,1.08,50352,615808,199616,1.25,205836,513460,220
cloud-k3s-pool-workers-worker4,1,2026-06-06 08:40:39 UTC,15042280,15456152,172224,1.08,50352,615808,199616,1.25,205836,513460,220
cloud-k3s-pool-workers-worker4,1,2026-06-06 08:40:40 UTC,15042280,15456152,172192,1.08,50352,615840,199616,1.25,205836,513460,208
cloud-k3s-pool-workers-worker4,1,2026-06-06 08:40:41 UTC,15042280,15456152,172184,1.08,50352,615848,199616,1.25,205836,513460,216
cloud-k3s-pool-workers-worker4,1,2026-06-06 08:40:42 UTC,15042280,15456152,172184,1.08,50352,615848,199616,1.25,205836,513460,216
cloud-k3s-pool-workers-worker4,1,2026-06-06 08:40:43 UTC,15042280,15456212,172152,1.08,50364,615868,199616,1.25,205836,513520,244
cloud-k3s-pool-workers-worker4,1,2026-06-06 08:40:44 UTC,15042280,15456224,172140,1.08,50364,615880,199616,1.25,205836,513532,200
cloud-k3s-pool-workers-worker4,1,2026-06-06 08:40:45 UTC,15042280,15456224,172132,1.08,50364,615888,199616,1.25,205836,513532,12
cloud-k3s-pool-workers-worker4,1,2026-06-06 08:40:46 UTC,15042280,15456224,172120,1.08,50364,615900,199616,1.25,205836,513532,24
cloud-k3s-pool-workers-worker4,1,2026-06-06 08:40:47 UTC,15042280,15456224,172120,1.08,50364,615900,199616,1.25,205836,513532,24
cloud-k3s-pool-workers-worker4,1,2026-06-06 08:40:48 UTC,15042028,15455972,172340,1.08,50376,615920,199616,1.25,205836,513532,224
cloud-k3s-pool-workers-worker4,1,2026-06-06 08:40:49 UTC,15042028,15456028,172324,1.08,50376,615932,199616,1.25,205836,513584,20
cloud-k3s-pool-workers-worker4,1,2026-06-06 08:40:50 UTC,15042028,15456028,172316,1.08,50376,615940,199616,1.25,205836,513584,36
cloud-k3s-pool-workers-worker4,1,2026-06-06 08:40:51 UTC,15042028,15456028,172304,1.08,50376,615952,199616,1.25,205836,513584,48
cloud-k3s-pool-workers-worker4,1,2026-06-06 08:40:52 UTC,15042028,15456028,172304,1.08,50376,615952,199616,1.25,205836,513584,48
cloud-k3s-pool-workers-worker4,1,2026-06-06 08:40:53 UTC,15042028,15456028,172272,1.08,50388,615972,199616,1.25,205836,513584,232
cloud-k3s-pool-workers-worker4,1,2026-06-06 08:40:54 UTC,15042028,15456028,172264,1.08,50388,615980,199616,1.25,205836,513584,240
cloud-k3s-pool-workers-worker4,1,2026-06-06 08:40:55 UTC,15042028,15456088,172252,1.08,50388,615992,199616,1.25,205836,513644,176
cloud-k3s-pool-workers-worker4,1,2026-06-06 08:40:56 UTC,15042028,15456088,172244,1.08,50388,616000,199616,1.25,205836,513644,184
cloud-k3s-pool-workers-worker4,1,2026-06-06 08:40:57 UTC,15042028,15456088,172244,1.08,50388,616000,199616,1.25,205836,513644,184
cloud-k3s-pool-workers-worker4,1,2026-06-06 08:40:58 UTC,15042028,15456148,172212,1.08,50400,616020,199616,1.25,205836,513704,240
cloud-k3s-pool-workers-worker4,1,2026-06-06 08:40:59 UTC,15042028,15456148,172200,1.08,50400,616032,199616,1.25,205836,513704,24
cloud-k3s-pool-workers-worker4,1,2026-06-06 08:41:00 UTC,15042028,15456148,172188,1.08,50400,616044,199616,1.25,205836,513704,44
cloud-k3s-pool-workers-worker4,1,2026-06-06 08:41:01 UTC,15042028,15456208,172180,1.08,50400,616052,199616,1.25,205836,513764,52
cloud-k3s-pool-workers-worker4,1,2026-06-06 08:41:02 UTC,15042028,15456208,172180,1.08,50400,616052,199616,1.25,205836,513764,52
cloud-k3s-pool-workers-worker4,1,2026-06-06 08:41:03 UTC,15042028,15456208,172152,1.08,50412,616068,199616,1.25,205836,513764,232
cloud-k3s-pool-workers-worker4,1,2026-06-06 08:41:04 UTC,15042028,15456208,172136,1.08,50412,616080,199616,1.25,205836,513764,244
cloud-k3s-pool-workers-worker4,1,2026-06-06 08:41:05 UTC,15042028,15456208,172124,1.08,50412,616092,199616,1.25,205836,513764,172
cloud-k3s-pool-workers-worker4,1,2026-06-06 08:41:06 UTC,15042028,15456208,172124,1.08,50412,616092,199616,1.25,205836,513764,172
cloud-k3s-pool-workers-worker4,1,2026-06-06 08:41:07 UTC,15042028,15456208,172124,1.08,50412,616092,199616,1.25,205836,513764,172
cloud-k3s-pool-workers-worker4,1,2026-06-06 08:41:08 UTC,15042028,15456272,172076,1.08,50424,616124,199616,1.25,205836,513824,240
cloud-k3s-pool-workers-worker4,1,2026-06-06 08:41:09 UTC,15042028,15456272,172068,1.08,50424,616132,199616,1.25,205836,513824,248
cloud-k3s-pool-workers-worker4,1,2026-06-06 08:41:10 UTC,15042028,15456272,172056,1.08,50424,616144,199616,1.25,205836,513824,40
cloud-k3s-pool-workers-worker4,1,2026-06-06 08:41:11 UTC,15042028,15456272,172044,1.08,50424,616156,199616,1.25,205836,513824,52
cloud-k3s-pool-workers-worker4,1,2026-06-06 08:41:12 UTC,15042028,15456272,172044,1.08,50424,616156,199616,1.25,205836,513824,52
cloud-k3s-pool-workers-worker4,1,2026-06-06 08:41:13 UTC,15042028,15456336,172024,1.08,50436,616164,199616,1.25,205836,513888,208
cloud-k3s-pool-workers-worker4,1,2026-06-06 08:41:14 UTC,15042028,15456344,172016,1.08,50436,616172,199616,1.25,205836,513896,160
cloud-k3s-pool-workers-worker4,1,2026-06-06 08:41:15 UTC,15042028,15456344,171992,1.08,50436,616196,199616,1.25,205836,513896,16
cloud-k3s-pool-workers-worker4,1,2026-06-06 08:41:16 UTC,15042028,15456344,171992,1.08,50436,616196,199616,1.25,205836,513896,16
cloud-k3s-pool-workers-worker4,1,2026-06-06 08:41:17 UTC,15042028,15456344,171992,1.08,50436,616196,199616,1.25,205836,513896,16
cloud-k3s-pool-workers-worker4,1,2026-06-06 08:41:18 UTC,15042028,15456344,171960,1.08,50436,616228,199616,1.25,205836,513896,212
cloud-k3s-pool-workers-worker4,1,2026-06-06 08:41:19 UTC,15042028,15456344,171944,1.08,50448,616228,199616,1.25,205836,513896,224
cloud-k3s-pool-workers-worker4,1,2026-06-06 08:41:20 UTC,15042028,15456404,171924,1.08,50448,616248,199616,1.25,205836,513956,200
cloud-k3s-pool-workers-worker4,1,2026-06-06 08:41:21 UTC,15042028,15456404,171912,1.08,50448,616260,199616,1.25,205836,513956,216
cloud-k3s-pool-workers-worker4,1,2026-06-06 08:41:22 UTC,15042028,15456404,171912,1.08,50448,616260,199616,1.25,205836,513956,216
cloud-k3s-pool-workers-worker4,1,2026-06-06 08:41:23 UTC,15042028,15456404,171892,1.08,50448,616280,199616,1.25,205836,513956,248
cloud-k3s-pool-workers-worker4,1,2026-06-06 08:41:24 UTC,15042028,15456404,171880,1.08,50460,616280,199616,1.25,205836,513956,260
cloud-k3s-pool-workers-worker4,1,2026-06-06 08:41:25 UTC,15042028,15456460,171860,1.08,50460,616300,199616,1.25,205836,514012,0
cloud-k3s-pool-workers-worker4,1,2026-06-06 08:41:26 UTC,15042028,15456520,171848,1.08,50460,616312,199616,1.25,205836,514072,16
cloud-k3s-pool-workers-worker4,1,2026-06-06 08:41:27 UTC,15042028,15456520,171848,1.08,50460,616312,199616,1.25,205836,514072,16
cloud-k3s-pool-workers-worker4,1,2026-06-06 08:41:28 UTC,15042028,15456520,171828,1.08,50460,616332,199616,1.25,205836,514072,204
cloud-k3s-pool-workers-worker4,1,2026-06-06 08:41:29 UTC,15042028,15456520,171820,1.08,50460,616340,199616,1.25,205836,514072,212
cloud-k3s-pool-workers-worker4,1,2026-06-06 08:41:30 UTC,15042028,15456532,171796,1.07,50472,616352,199616,1.25,205836,514084,200
cloud-k3s-pool-workers-worker4,1,2026-06-06 08:41:31 UTC,15042028,15456532,171788,1.07,50472,616360,199616,1.25,205836,514084,212
cloud-k3s-pool-workers-worker4,1,2026-06-06 08:41:32 UTC,15042028,15456532,171788,1.07,50472,616360,199616,1.25,205836,514084,212
cloud-k3s-pool-workers-worker4,1,2026-06-06 08:41:33 UTC,15042028,15456592,171768,1.07,50472,616380,199616,1.25,205836,514144,252
cloud-k3s-pool-workers-worker4,1,2026-06-06 08:41:34 UTC,15042028,15456592,171756,1.07,50472,616392,199616,1.25,205836,514144,264
cloud-k3s-pool-workers-worker4,1,2026-06-06 08:41:35 UTC,15042028,15456596,171728,1.07,50484,616404,199616,1.25,205836,514144,20
cloud-k3s-pool-workers-worker4,1,2026-06-06 08:41:36 UTC,15042028,15456596,171720,1.07,50484,616412,199616,1.25,205836,514144,32
cloud-k3s-pool-workers-worker4,1,2026-06-06 08:41:37 UTC,15042028,15456596,171720,1.07,50484,616412,199616,1.25,205836,514144,32
cloud-k3s-pool-workers-worker4,1,2026-06-06 08:41:38 UTC,15042028,15456656,171700,1.07,50484,616432,199616,1.25,205836,514204,216
cloud-k3s-pool-workers-worker4,1,2026-06-06 08:41:39 UTC,15042028,15456656,171688,1.07,50484,616444,199616,1.25,205836,514204,228
cloud-k3s-pool-workers-worker4,1,2026-06-06 08:41:40 UTC,15042028,15456656,171668,1.07,50496,616452,199616,1.25,205836,514204,20
cloud-k3s-pool-workers-worker4,1,2026-06-06 08:41:41 UTC,15042028,15456656,171656,1.07,50496,616464,199616,1.25,205836,514204,36
cloud-k3s-pool-workers-worker4,1,2026-06-06 08:41:42 UTC,15042028,15456656,171656,1.07,50496,616464,199616,1.25,205836,514204,36
cloud-k3s-pool-workers-worker4,1,2026-06-06 08:41:43 UTC,15042028,15456656,171636,1.07,50496,616484,199616,1.25,205836,514204,216
cloud-k3s-pool-workers-worker4,1,2026-06-06 08:41:44 UTC,15042028,15456716,171628,1.07,50496,616492,199616,1.25,205836,514264,224
cloud-k3s-pool-workers-worker4,1,2026-06-06 08:41:45 UTC,15042028,15456716,171604,1.07,50508,616504,199616,1.25,205836,514264,180
cloud-k3s-pool-workers-worker4,1,2026-06-06 08:41:46 UTC,15042028,15456716,171596,1.07,50508,616512,199616,1.25,205836,514264,192
cloud-k3s-pool-workers-worker4,1,2026-06-06 08:41:47 UTC,15042028,15456716,171596,1.07,50508,616512,199616,1.25,205836,514264,192
cloud-k3s-pool-workers-worker4,1,2026-06-06 08:41:48 UTC,15042028,15456716,171572,1.07,50508,616536,199616,1.25,205836,514264,236
cloud-k3s-pool-workers-worker4,1,2026-06-06 08:41:49 UTC,15042028,15456716,171564,1.07,50508,616544,199616,1.25,205836,514264,244
cloud-k3s-pool-workers-worker4,1,2026-06-06 08:41:50 UTC,15042028,15456776,171548,1.07,50520,616544,199616,1.25,205836,514324,60
cloud-k3s-pool-workers-worker4,1,2026-06-06 08:41:51 UTC,15042028,15456776,171540,1.07,50520,616552,199616,1.25,205836,514324,72
cloud-k3s-pool-workers-worker4,1,2026-06-06 08:41:52 UTC,15042028,15456776,171540,1.07,50520,616552,199616,1.25,205836,514324,72
cloud-k3s-pool-workers-worker4,1,2026-06-06 08:41:53 UTC,15042028,15456812,171508,1.07,50520,616584,199616,1.25,205836,514360,216
cloud-k3s-pool-workers-worker4,1,2026-06-06 08:41:54 UTC,15042028,15456812,171496,1.07,50520,616596,199616,1.25,205836,514360,228
cloud-k3s-pool-workers-worker4,1,2026-06-06 08:41:55 UTC,15033964,15448748,179552,1.12,50532,616592,199616,1.25,205836,514360,20
cloud-k3s-pool-workers-worker4,1,2026-06-06 08:41:56 UTC,15033964,15448808,179540,1.12,50532,616604,199616,1.25,205836,514420,36
cloud-k3s-pool-workers-worker4,1,2026-06-06 08:41:57 UTC,15033964,15448808,179532,1.12,50532,616612,199616,1.25,205836,514420,44
cloud-k3s-pool-workers-worker4,1,2026-06-06 08:41:58 UTC,15034484,15449328,178988,1.12,50532,616636,199616,1.25,205836,514420,216
cloud-k3s-pool-workers-worker4,1,2026-06-06 08:41:59 UTC,15034492,15449336,178968,1.12,50532,616648,199616,1.25,205836,514420,228
cloud-k3s-pool-workers-worker4,1,2026-06-06 08:42:00 UTC,15035364,15450208,178088,1.11,50544,616644,199616,1.25,205836,514420,236
cloud-k3s-pool-workers-worker4,1,2026-06-06 08:42:01 UTC,15035364,15450208,178088,1.11,50544,616644,199616,1.25,205836,514420,236
cloud-k3s-pool-workers-worker4,1,2026-06-06 08:42:02 UTC,15035364,15450276,178052,1.11,50544,616676,199616,1.25,205836,514484,204
cloud-k3s-pool-workers-worker4,1,2026-06-06 08:42:03 UTC,15035364,15450276,178040,1.11,50544,616688,199616,1.25,205836,514484,228
cloud-k3s-pool-workers-worker4,1,2026-06-06 08:42:04 UTC,15035364,15450276,178032,1.11,50544,616696,199616,1.25,205836,514484,236
cloud-k3s-pool-workers-worker4,1,2026-06-06 08:42:05 UTC,15035364,15450276,178016,1.11,50544,616708,199616,1.25,205836,514484,72
cloud-k3s-pool-workers-worker4,1,2026-06-06 08:42:06 UTC,15035364,15450276,178008,1.11,50556,616704,199616,1.25,205836,514484,56
cloud-k3s-pool-workers-worker4,1,2026-06-06 08:42:07 UTC,15035364,15450276,178008,1.11,50556,616704,199616,1.25,205836,514484,56
cloud-k3s-pool-workers-worker4,1,2026-06-06 08:42:08 UTC,15035364,15450388,177976,1.11,50556,616736,199616,1.25,205836,514596,188
cloud-k3s-pool-workers-worker4,1,2026-06-06 08:42:09 UTC,15035364,15450388,177964,1.11,50556,616748,199616,1.25,205836,514596,200
cloud-k3s-pool-workers-worker4,1,2026-06-06 08:42:10 UTC,15035364,15450388,177956,1.11,50556,616756,199616,1.25,205836,514596,208
cloud-k3s-pool-workers-worker4,1,2026-06-06 08:42:11 UTC,15035364,15450388,177944,1.11,50568,616756,199616,1.25,205836,514596,220
cloud-k3s-pool-workers-worker4,1,2026-06-06 08:42:12 UTC,15035364,15450388,177944,1.11,50568,616756,199616,1.25,205836,514596,220
cloud-k3s-pool-workers-worker4,1,2026-06-06 08:42:13 UTC,15035364,15450460,177912,1.11,50568,616788,199616,1.25,205836,514668,56
cloud-k3s-pool-workers-worker4,1,2026-06-06 08:42:14 UTC,15035364,15450460,177900,1.11,50568,616800,199616,1.25,205836,514668,68
cloud-k3s-pool-workers-worker4,1,2026-06-06 08:42:15 UTC,15035364,15450460,177892,1.11,50568,616808,199616,1.25,205836,514668,72
cloud-k3s-pool-workers-worker4,1,2026-06-06 08:42:16 UTC,15035364,15450460,177880,1.11,50580,616808,199616,1.25,205836,514668,56
cloud-k3s-pool-workers-worker4,1,2026-06-06 08:42:17 UTC,15035364,15450460,177880,1.11,50580,616808,199616,1.25,205836,514668,56
cloud-k3s-pool-workers-worker4,1,2026-06-06 08:42:18 UTC,15035364,15450460,177848,1.11,50580,616840,199616,1.25,205836,514668,204
cloud-k3s-pool-workers-worker4,1,2026-06-06 08:42:19 UTC,15035364,15450520,177840,1.11,50580,616848,199616,1.25,205836,514728,212
cloud-k3s-pool-workers-worker4,1,2026-06-06 08:42:20 UTC,15035364,15450520,177828,1.11,50580,616860,199616,1.25,205836,514728,64
cloud-k3s-pool-workers-worker4,1,2026-06-06 08:42:21 UTC,15035364,15450524,177816,1.11,50592,616856,199616,1.25,205836,514728,56
cloud-k3s-pool-workers-worker4,1,2026-06-06 08:42:22 UTC,15035364,15450524,177816,1.11,50592,616856,199616,1.25,205836,514728,56
cloud-k3s-pool-workers-worker4,1,2026-06-06 08:42:23 UTC,15035364,15450524,177760,1.11,50612,616892,199616,1.25,205836,514728,220
cloud-k3s-pool-workers-worker4,1,2026-06-06 08:42:24 UTC,15035364,15450524,177752,1.11,50612,616900,199616,1.25,205836,514728,228
cloud-k3s-pool-workers-worker4,1,2026-06-06 08:42:25 UTC,15035364,15450584,177740,1.11,50612,616912,199616,1.25,205836,514788,236
cloud-k3s-pool-workers-worker4,1,2026-06-06 08:42:26 UTC,15035364,15450584,177732,1.11,50612,616920,199616,1.25,205836,514788,216
cloud-k3s-pool-workers-worker4,1,2026-06-06 08:42:27 UTC,15035364,15450584,177732,1.11,50612,616920,199616,1.25,205836,514788,216
cloud-k3s-pool-workers-worker4,1,2026-06-06 08:42:28 UTC,15035364,15450584,177712,1.11,50612,616940,199616,1.25,205836,514788,204
cloud-k3s-pool-workers-worker4,1,2026-06-06 08:42:29 UTC,15035364,15450584,177700,1.11,50624,616940,199616,1.25,205836,514788,40
cloud-k3s-pool-workers-worker4,1,2026-06-06 08:42:30 UTC,15035364,15450584,177680,1.11,50624,616960,199616,1.25,205836,514788,72
cloud-k3s-pool-workers-worker4,1,2026-06-06 08:42:31 UTC,15035364,15450644,177668,1.11,50624,616972,199616,1.25,205836,514848,84
cloud-k3s-pool-workers-worker4,1,2026-06-06 08:42:32 UTC,15035364,15450644,177668,1.11,50624,616972,199616,1.25,205836,514848,84
cloud-k3s-pool-workers-worker4,1,2026-06-06 08:42:33 UTC,15035364,15450644,177648,1.11,50624,616992,199616,1.25,205836,514848,208
cloud-k3s-pool-workers-worker4,1,2026-06-06 08:42:34 UTC,15035364,15450644,177640,1.11,50636,616988,199616,1.25,205836,514848,184
cloud-k3s-pool-workers-worker4,1,2026-06-06 08:42:35 UTC,15035364,15450704,177616,1.11,50636,617012,199616,1.25,205836,514908,204
cloud-k3s-pool-workers-worker4,1,2026-06-06 08:42:36 UTC,15035364,15450704,177600,1.11,50636,617024,199616,1.25,205836,514908,216
cloud-k3s-pool-workers-worker4,1,2026-06-06 08:42:37 UTC,15035364,15450704,177600,1.11,50636,617024,199616,1.25,205836,514908,216
cloud-k3s-pool-workers-worker4,1,2026-06-06 08:42:38 UTC,15035364,15450764,177580,1.11,50636,617044,199616,1.25,205836,514968,200
cloud-k3s-pool-workers-worker4,1,2026-06-06 08:42:39 UTC,15035364,15450764,177560,1.11,50648,617052,199616,1.25,205836,514968,64
cloud-k3s-pool-workers-worker4,1,2026-06-06 08:42:40 UTC,15035364,15450764,177560,1.11,50648,617052,199616,1.25,205836,514968,64
cloud-k3s-pool-workers-worker4,1,2026-06-06 08:42:41 UTC,15035364,15450764,177560,1.11,50648,617052,199616,1.25,205836,514968,64
cloud-k3s-pool-workers-worker4,1,2026-06-06 08:42:42 UTC,15035364,15450764,177560,1.11,50648,617052,199616,1.25,205836,514968,64
cloud-k3s-pool-workers-worker4,1,2026-06-06 08:42:43 UTC,15035364,15450824,177520,1.11,50648,617092,199616,1.25,205836,515028,220
cloud-k3s-pool-workers-worker4,1,2026-06-06 08:42:44 UTC,15034640,15450116,178232,1.12,50648,617104,202820,1.27,207464,515044,168
cloud-k3s-pool-workers-worker4,1,2026-06-06 08:42:45 UTC,15034640,15450116,178224,1.12,50660,617100,203064,1.27,207464,515044,212
cloud-k3s-pool-workers-worker4,1,2026-06-06 08:42:46 UTC,15034640,15450116,178200,1.11,50660,617124,203064,1.27,207464,515044,272
cloud-k3s-pool-workers-worker4,1,2026-06-06 08:42:47 UTC,15034640,15450148,178192,1.11,50660,617136,199616,1.25,205816,515076,292
cloud-k3s-pool-workers-worker4,1,2026-06-06 08:42:48 UTC,15034640,15450148,178184,1.11,50660,617144,199616,1.25,205812,515076,324
cloud-k3s-pool-workers-worker4,1,2026-06-06 08:42:49 UTC,15034640,15450148,178172,1.11,50660,617156,199616,1.25,205812,515076,336
cloud-k3s-pool-workers-worker4,1,2026-06-06 08:42:50 UTC,15034640,15450148,178164,1.11,50672,617152,199616,1.25,205812,515076,76
cloud-k3s-pool-workers-worker4,1,2026-06-06 08:42:51 UTC,15034640,15450152,178148,1.11,50672,617164,199616,1.25,205812,515076,88
cloud-k3s-pool-workers-worker4,1,2026-06-06 08:42:52 UTC,15034640,15450152,178148,1.11,50672,617164,199616,1.25,205812,515076,88
cloud-k3s-pool-workers-worker4,1,2026-06-06 08:42:53 UTC,15034892,15450464,177864,1.11,50672,617196,199616,1.25,205812,515136,208
cloud-k3s-pool-workers-worker4,1,2026-06-06 08:42:54 UTC,15034892,15450464,177856,1.11,50672,617204,199616,1.25,205812,515136,216
cloud-k3s-pool-workers-worker4,1,2026-06-06 08:42:55 UTC,15034892,15450508,177844,1.11,50672,617216,199616,1.25,205812,515180,200
cloud-k3s-pool-workers-worker4,1,2026-06-06 08:42:56 UTC,15034892,15450508,177824,1.11,50684,617224,199616,1.25,205812,515180,244
cloud-k3s-pool-workers-worker4,1,2026-06-06 08:42:57 UTC,15034892,15450508,177824,1.11,50684,617224,199616,1.25,205812,515180,244
cloud-k3s-pool-workers-worker4,1,2026-06-06 08:42:58 UTC,15034892,15450520,177804,1.11,50684,617244,199616,1.25,205812,515192,220
cloud-k3s-pool-workers-worker4,1,2026-06-06 08:42:59 UTC,15034892,15450580,177792,1.11,50684,617256,199616,1.25,205812,515252,232
cloud-k3s-pool-workers-worker4,1,2026-06-06 08:43:00 UTC,15034892,15450580,177780,1.11,50684,617268,199616,1.25,205812,515252,72
cloud-k3s-pool-workers-worker4,1,2026-06-06 08:43:01 UTC,15034892,15450580,177772,1.11,50684,617276,199616,1.25,205812,515252,44
cloud-k3s-pool-workers-worker4,1,2026-06-06 08:43:02 UTC,15034892,15450592,177760,1.11,50696,617276,199616,1.25,205812,515264,16
cloud-k3s-pool-workers-worker4,1,2026-06-06 08:43:03 UTC,15034892,15450592,177740,1.11,50696,617296,199616,1.25,205812,515264,204
cloud-k3s-pool-workers-worker4,1,2026-06-06 08:43:04 UTC,15034892,15450592,177728,1.11,50696,617308,199616,1.25,205812,515264,216
cloud-k3s-pool-workers-worker4,1,2026-06-06 08:43:05 UTC,15034892,15450652,177720,1.11,50696,617316,199616,1.25,205812,515324,64
cloud-k3s-pool-workers-worker4,1,2026-06-06 08:43:06 UTC,15034892,15450652,177708,1.11,50696,617328,199616,1.25,205812,515324,76
cloud-k3s-pool-workers-worker4,1,2026-06-06 08:43:07 UTC,15034892,15450652,177696,1.11,50708,617324,199616,1.25,205812,515324,84
cloud-k3s-pool-workers-worker4,1,2026-06-06 08:43:08 UTC,15034892,15450652,177672,1.11,50708,617348,199616,1.25,205812,515324,192
cloud-k3s-pool-workers-worker4,1,2026-06-06 08:43:09 UTC,15034892,15450652,177664,1.11,50708,617356,199616,1.25,205812,515324,200
cloud-k3s-pool-workers-worker4,1,2026-06-06 08:43:10 UTC,15034892,15450652,177652,1.11,50708,617368,199616,1.25,205812,515324,208
cloud-k3s-pool-workers-worker4,1,2026-06-06 08:43:11 UTC,15034892,15450712,177640,1.11,50708,617380,199616,1.25,205812,515384,220
cloud-k3s-pool-workers-worker4,1,2026-06-06 08:43:12 UTC,15034892,15450712,177640,1.11,50720,617368,199616,1.25,205812,515384,220
cloud-k3s-pool-workers-worker4,1,2026-06-06 08:43:13 UTC,15034892,15450724,177608,1.11,50720,617400,199616,1.25,205812,515396,36
cloud-k3s-pool-workers-worker4,1,2026-06-06 08:43:14 UTC,15034892,15450724,177600,1.11,50720,617408,199616,1.25,205812,515396,44
cloud-k3s-pool-workers-worker4,1,2026-06-06 08:43:15 UTC,15034892,15450724,177588,1.11,50720,617420,199616,1.25,205812,515396,56
cloud-k3s-pool-workers-worker4,1,2026-06-06 08:43:16 UTC,15034892,15450724,177580,1.11,50720,617428,199616,1.25,205812,515396,64
cloud-k3s-pool-workers-worker4,1,2026-06-06 08:43:17 UTC,15034892,15450796,177556,1.11,50732,617440,199616,1.25,205812,515468,20
cloud-k3s-pool-workers-worker4,1,2026-06-06 08:43:18 UTC,15034892,15450796,177556,1.11,50732,617440,199616,1.25,205812,515468,184
cloud-k3s-pool-workers-worker4,1,2026-06-06 08:43:19 UTC,15034892,15450796,177536,1.11,50732,617460,199616,1.25,205812,515468,40
cloud-k3s-pool-workers-worker4,1,2026-06-06 08:43:20 UTC,15034892,15450796,177528,1.11,50732,617468,199616,1.25,205812,515468,48
cloud-k3s-pool-workers-worker4,1,2026-06-06 08:43:21 UTC,15034892,15450796,177516,1.11,50732,617480,199616,1.25,205812,515468,60
cloud-k3s-pool-workers-worker4,1,2026-06-06 08:43:22 UTC,15034892,15450800,177500,1.11,50744,617480,199616,1.25,205812,515468,72
cloud-k3s-pool-workers-worker4,1,2026-06-06 08:43:23 UTC,15034892,15450800,177500,1.11,50744,617480,199616,1.25,205812,515468,232
cloud-k3s-pool-workers-worker4,1,2026-06-06 08:43:24 UTC,15034892,15450800,177500,1.11,50744,617480,199616,1.25,205812,515468,232
cloud-k3s-pool-workers-worker4,1,2026-06-06 08:43:25 UTC,15034892,15450860,177460,1.11,50744,617520,199616,1.25,205812,515528,212
cloud-k3s-pool-workers-worker4,1,2026-06-06 08:43:26 UTC,15034892,15450860,177448,1.11,50744,617532,199616,1.25,205812,515528,224
cloud-k3s-pool-workers-worker4,1,2026-06-06 08:43:27 UTC,15034892,15450860,177440,1.11,50744,617540,199616,1.25,205812,515528,232
cloud-k3s-pool-workers-worker4,1,2026-06-06 08:43:28 UTC,15034892,15450860,177416,1.11,50756,617552,199616,1.25,205812,515528,176
cloud-k3s-pool-workers-worker4,1,2026-06-06 08:43:29 UTC,15034892,15450920,177408,1.11,50756,617560,199616,1.25,205812,515588,16
cloud-k3s-pool-workers-worker4,1,2026-06-06 08:43:30 UTC,15034892,15450920,177396,1.11,50756,617572,199616,1.25,205812,515588,24
cloud-k3s-pool-workers-worker4,1,2026-06-06 08:43:31 UTC,15034892,15450920,177388,1.11,50756,617580,199616,1.25,205812,515588,32
cloud-k3s-pool-workers-worker4,1,2026-06-06 08:43:32 UTC,15034892,15450920,177388,1.11,50756,617580,199616,1.25,205812,515588,32
cloud-k3s-pool-workers-worker4,1,2026-06-06 08:43:33 UTC,15034892,15450956,177352,1.11,50768,617600,199616,1.25,205836,515624,180
cloud-k3s-pool-workers-worker4,1,2026-06-06 08:43:34 UTC,15034892,15450956,177340,1.11,50768,617612,199616,1.25,205836,515624,196
cloud-k3s-pool-workers-worker4,1,2026-06-06 08:43:35 UTC,15034892,15451016,177328,1.11,50768,617624,199616,1.25,205836,515684,208
cloud-k3s-pool-workers-worker4,1,2026-06-06 08:43:36 UTC,15034892,15451016,177320,1.11,50768,617632,199616,1.25,205836,515684,216
cloud-k3s-pool-workers-worker4,1,2026-06-06 08:43:37 UTC,15034892,15451016,177308,1.11,50768,617644,199616,1.25,205836,515684,228
cloud-k3s-pool-workers-worker4,1,2026-06-06 08:43:38 UTC,15034892,15451016,177288,1.11,50780,617652,199616,1.25,205836,515684,16
cloud-k3s-pool-workers-worker4,1,2026-06-06 08:43:39 UTC,15034892,15451016,177276,1.11,50780,617664,199616,1.25,205836,515684,32
cloud-k3s-pool-workers-worker4,1,2026-06-06 08:43:40 UTC,15034892,15451016,177268,1.11,50780,617672,199616,1.25,205836,515684,40
cloud-k3s-pool-workers-worker4,1,2026-06-06 08:43:41 UTC,15034892,15451076,177256,1.11,50780,617684,199616,1.25,205836,515744,52
cloud-k3s-pool-workers-worker4,1,2026-06-06 08:43:42 UTC,15034892,15451076,177256,1.11,50780,617684,199616,1.25,205836,515744,52
cloud-k3s-pool-workers-worker4,1,2026-06-06 08:43:43 UTC,15034892,15451076,177224,1.11,50792,617704,199616,1.25,205836,515744,180
cloud-k3s-pool-workers-worker4,1,2026-06-06 08:43:44 UTC,15034892,15451076,177216,1.11,50792,617712,199616,1.25,205836,515744,192
cloud-k3s-pool-workers-worker4,1,2026-06-06 08:43:45 UTC,15034892,15451076,177204,1.11,50792,617724,199616,1.25,205836,515744,44
cloud-k3s-pool-workers-worker4,1,2026-06-06 08:43:46 UTC,15034892,15451076,177192,1.11,50792,617736,199616,1.25,205836,515744,56
cloud-k3s-pool-workers-worker4,1,2026-06-06 08:43:47 UTC,15034892,15451076,177192,1.11,50792,617736,199616,1.25,205836,515744,56
cloud-k3s-pool-workers-worker4,1,2026-06-06 08:43:48 UTC,15035488,15451748,176576,1.10,50804,617744,199616,1.25,205836,515820,232
cloud-k3s-pool-workers-worker4,1,2026-06-06 08:43:49 UTC,15035488,15451748,176568,1.10,50804,617752,199616,1.25,205836,515820,244
cloud-k3s-pool-workers-worker4,1,2026-06-06 08:43:50 UTC,15035488,15451748,176544,1.10,50804,617776,199616,1.25,205836,515820,200
cloud-k3s-pool-workers-worker4,1,2026-06-06 08:43:51 UTC,15035488,15451748,176536,1.10,50804,617784,199616,1.25,205836,515820,208
cloud-k3s-pool-workers-worker4,1,2026-06-06 08:43:52 UTC,15035488,15451748,176536,1.10,50804,617784,199616,1.25,205836,515820,208
cloud-k3s-pool-workers-worker4,1,2026-06-06 08:43:53 UTC,15035488,15451796,176504,1.10,50816,617804,199616,1.25,205836,515868,192
cloud-k3s-pool-workers-worker4,1,2026-06-06 08:43:54 UTC,15035488,15451796,176492,1.10,50816,617816,199616,1.25,205836,515868,208
cloud-k3s-pool-workers-worker4,1,2026-06-06 08:43:55 UTC,15035488,15451796,176484,1.10,50816,617824,199616,1.25,205836,515868,44
cloud-k3s-pool-workers-worker4,1,2026-06-06 08:43:56 UTC,15035488,15451796,176472,1.10,50816,617836,199616,1.25,205836,515868,56
cloud-k3s-pool-workers-worker4,1,2026-06-06 08:43:57 UTC,15035488,15451796,176472,1.10,50816,617836,199616,1.25,205836,515868,56
cloud-k3s-pool-workers-worker4,1,2026-06-06 08:43:58 UTC,15035488,15451968,176316,1.10,50828,617980,199616,1.25,205956,515920,208
cloud-k3s-pool-workers-worker4,1,2026-06-06 08:43:59 UTC,15035488,15451968,176304,1.10,50828,617992,199616,1.25,205956,515920,224
cloud-k3s-pool-workers-worker4,1,2026-06-06 08:44:00 UTC,15035236,15451716,176544,1.10,50828,618004,199616,1.25,205956,515920,188
cloud-k3s-pool-workers-worker4,1,2026-06-06 08:44:01 UTC,15035236,15451716,176532,1.10,50828,618016,199616,1.25,205956,515920,200
cloud-k3s-pool-workers-worker4,1,2026-06-06 08:44:02 UTC,15035236,15451716,176524,1.10,50828,618024,199616,1.25,205956,515920,208
cloud-k3s-pool-workers-worker4,1,2026-06-06 08:44:03 UTC,15035236,15451716,176512,1.10,50840,618024,199616,1.25,205956,515920,236
cloud-k3s-pool-workers-worker4,1,2026-06-06 08:44:04 UTC,15035236,15451780,176488,1.10,50840,618044,199616,1.25,205956,515980,44
cloud-k3s-pool-workers-worker4,1,2026-06-06 08:44:05 UTC,15035236,15451780,176476,1.10,50840,618056,199616,1.25,205956,515980,56
cloud-k3s-pool-workers-worker4,1,2026-06-06 08:44:06 UTC,15035236,15451780,176468,1.10,50840,618064,199616,1.25,205956,515980,64
cloud-k3s-pool-workers-worker4,1,2026-06-06 08:44:07 UTC,15035236,15451780,176456,1.10,50840,618076,199616,1.25,205956,515980,76
cloud-k3s-pool-workers-worker4,1,2026-06-06 08:44:08 UTC,15035236,15451780,176448,1.10,50852,618072,199616,1.25,205956,515980,244
cloud-k3s-pool-workers-worker4,1,2026-06-06 08:44:09 UTC,15035236,15451780,176424,1.10,50852,618096,199616,1.25,205956,515980,16
cloud-k3s-pool-workers-worker4,1,2026-06-06 08:44:10 UTC,15035236,15451840,176412,1.10,50852,618108,199616,1.25,205956,516040,28
cloud-k3s-pool-workers-worker4,1,2026-06-06 08:44:11 UTC,15035236,15451840,176404,1.10,50852,618116,199616,1.25,205956,516040,36
cloud-k3s-pool-workers-worker4,1,2026-06-06 08:44:12 UTC,15035236,15451840,176392,1.10,50852,618128,199616,1.25,205956,516040,48
cloud-k3s-pool-workers-worker4,1,2026-06-06 08:44:13 UTC,15035236,15451840,176392,1.10,50864,618116,199616,1.25,205956,516040,208
cloud-k3s-pool-workers-worker4,1,2026-06-06 08:44:14 UTC,15035236,15451840,176392,1.10,50864,618116,199616,1.25,205956,516040,208
cloud-k3s-pool-workers-worker4,1,2026-06-06 08:44:15 UTC,15035236,15451840,176348,1.10,50864,618160,199616,1.25,205956,516040,204
cloud-k3s-pool-workers-worker4,1,2026-06-06 08:44:16 UTC,15035236,15451900,176336,1.10,50864,618172,199616,1.25,205956,516100,216
cloud-k3s-pool-workers-worker4,1,2026-06-06 08:44:17 UTC,15035236,15451900,176336,1.10,50864,618172,199616,1.25,205956,516100,216
cloud-k3s-pool-workers-worker4,1,2026-06-06 08:44:18 UTC,15035236,15451996,176304,1.10,50876,618192,199616,1.25,205964,516188,52
cloud-k3s-pool-workers-worker4,1,2026-06-06 08:44:19 UTC,15035236,15451996,176296,1.10,50876,618200,199616,1.25,205964,516188,60
cloud-k3s-pool-workers-worker4,1,2026-06-06 08:44:20 UTC,15035236,15451996,176284,1.10,50876,618212,199616,1.25,205964,516188,16
cloud-k3s-pool-workers-worker4,1,2026-06-06 08:44:21 UTC,15035236,15451996,176276,1.10,50876,618220,199616,1.25,205964,516188,24
cloud-k3s-pool-workers-worker4,1,2026-06-06 08:44:22 UTC,15035236,15451996,176264,1.10,50876,618232,199616,1.25,205964,516188,36
cloud-k3s-pool-workers-worker4,1,2026-06-06 08:44:23 UTC,15035236,15451996,176240,1.10,50888,618244,199616,1.25,205964,516188,240
cloud-k3s-pool-workers-worker4,1,2026-06-06 08:44:24 UTC,15035236,15452056,176232,1.10,50888,618252,199616,1.25,205964,516248,32
cloud-k3s-pool-workers-worker4,1,2026-06-06 08:44:25 UTC,15035236,15452056,176220,1.10,50888,618264,199616,1.25,205964,516248,48
cloud-k3s-pool-workers-worker4,1,2026-06-06 08:44:26 UTC,15035236,15452056,176212,1.10,50888,618272,199616,1.25,205964,516248,56
cloud-k3s-pool-workers-worker4,1,2026-06-06 08:44:27 UTC,15035236,15452056,176200,1.10,50888,618284,199616,1.25,205964,516248,68
cloud-k3s-pool-workers-worker4,1,2026-06-06 08:44:28 UTC,15035236,15452056,176180,1.10,50900,618292,199616,1.25,205964,516248,204
cloud-k3s-pool-workers-worker4,1,2026-06-06 08:44:29 UTC,15035236,15452056,176168,1.10,50900,618304,199616,1.25,205964,516248,160
cloud-k3s-pool-workers-worker4,1,2026-06-06 08:44:30 UTC,15034984,15451864,176408,1.10,50900,618312,199616,1.25,205964,516308,172
cloud-k3s-pool-workers-worker4,1,2026-06-06 08:44:31 UTC,15034984,15451864,176396,1.10,50900,618324,199616,1.25,205964,516308,184
cloud-k3s-pool-workers-worker4,1,2026-06-06 08:44:32 UTC,15034984,15451864,176388,1.10,50900,618332,199616,1.25,205964,516308,192
cloud-k3s-pool-workers-worker4,1,2026-06-06 08:44:33 UTC,15034984,15451864,176388,1.10,50912,618320,199616,1.25,205964,516308,204
cloud-k3s-pool-workers-worker4,1,2026-06-06 08:44:34 UTC,15034984,15451864,176352,1.10,50912,618356,199616,1.25,205964,516308,256
cloud-k3s-pool-workers-worker4,1,2026-06-06 08:44:35 UTC,15034984,15451864,176344,1.10,50912,618364,199616,1.25,205964,516308,40
cloud-k3s-pool-workers-worker4,1,2026-06-06 08:44:36 UTC,15034984,15451924,176332,1.10,50912,618376,199616,1.25,205964,516368,52
cloud-k3s-pool-workers-worker4,1,2026-06-06 08:44:37 UTC,15034984,15451924,176332,1.10,50912,618376,199616,1.25,205964,516368,52
cloud-k3s-pool-workers-worker4,1,2026-06-06 08:44:38 UTC,15034984,15451924,176300,1.10,50924,618396,199616,1.25,205964,516368,212
cloud-k3s-pool-workers-worker4,1,2026-06-06 08:44:39 UTC,15034984,15451924,176292,1.10,50924,618404,199616,1.25,205964,516368,220
cloud-k3s-pool-workers-worker4,1,2026-06-06 08:44:40 UTC,15034984,15451924,176280,1.10,50924,618416,199616,1.25,205964,516368,180
cloud-k3s-pool-workers-worker4,1,2026-06-06 08:44:41 UTC,15034984,15451924,176272,1.10,50924,618424,199616,1.25,205964,516368,188
cloud-k3s-pool-workers-worker4,1,2026-06-06 08:44:42 UTC,15034984,15451924,176272,1.10,50924,618424,199616,1.25,205964,516368,188
cloud-k3s-pool-workers-worker4,1,2026-06-06 08:44:43 UTC,15034984,15451984,176252,1.10,50936,618432,199616,1.25,205964,516428,48
cloud-k3s-pool-workers-worker4,1,2026-06-06 08:44:44 UTC,15034984,15452044,176228,1.10,50936,618456,199616,1.25,205964,516488,28
cloud-k3s-pool-workers-worker4,1,2026-06-06 08:44:45 UTC,15034984,15452044,176220,1.10,50936,618464,199616,1.25,205964,516488,40
cloud-k3s-pool-workers-worker4,1,2026-06-06 08:44:46 UTC,15034984,15452048,176204,1.10,50936,618476,199616,1.25,205964,516488,52
cloud-k3s-pool-workers-worker4,1,2026-06-06 08:44:47 UTC,15034984,15452048,176192,1.10,50936,618488,199616,1.25,205964,516488,64
cloud-k3s-pool-workers-worker4,1,2026-06-06 08:44:48 UTC,15034984,15452108,176172,1.10,50948,618496,199616,1.25,205964,516548,208
cloud-k3s-pool-workers-worker4,1,2026-06-06 08:44:49 UTC,15034984,15452108,176160,1.10,50948,618508,199616,1.25,205964,516548,0
cloud-k3s-pool-workers-worker4,1,2026-06-06 08:44:50 UTC,15034984,15452108,176160,1.10,50948,618508,199616,1.25,205964,516548,0
cloud-k3s-pool-workers-worker4,1,2026-06-06 08:44:51 UTC,15034984,15452108,176140,1.10,50948,618528,199616,1.25,205964,516548,24
cloud-k3s-pool-workers-worker4,1,2026-06-06 08:44:52 UTC,15034984,15452108,176132,1.10,50948,618536,199616,1.25,205964,516548,32
cloud-k3s-pool-workers-worker4,1,2026-06-06 08:44:53 UTC,15034984,15452108,176108,1.10,50960,618548,199616,1.25,205964,516548,232
cloud-k3s-pool-workers-worker4,1,2026-06-06 08:44:54 UTC,15034984,15452168,176100,1.10,50960,618556,199616,1.25,205964,516608,240
cloud-k3s-pool-workers-worker4,1,2026-06-06 08:44:55 UTC,15034984,15452168,176088,1.10,50960,618568,199616,1.25,205964,516608,188
cloud-k3s-pool-workers-worker4,1,2026-06-06 08:44:56 UTC,15034984,15452168,176080,1.10,50960,618576,199616,1.25,205964,516608,200
cloud-k3s-pool-workers-worker4,1,2026-06-06 08:44:57 UTC,15034984,15452168,176068,1.10,50960,618588,199616,1.25,205964,516608,212
cloud-k3s-pool-workers-worker4,1,2026-06-06 08:44:58 UTC,15034984,15452168,176040,1.10,50972,618600,199616,1.25,205964,516608,236
cloud-k3s-pool-workers-worker4,1,2026-06-06 08:44:59 UTC,15034984,15452168,176040,1.10,50972,618600,199616,1.25,205964,516608,64
cloud-k3s-pool-workers-worker4,1,2026-06-06 08:45:00 UTC,15034984,15452228,176020,1.10,50972,618620,199616,1.25,205964,516668,0
cloud-k3s-pool-workers-worker4,1,2026-06-06 08:45:01 UTC,15034480,15451728,176512,1.10,50972,618628,199616,1.25,205964,516668,12
cloud-k3s-pool-workers-worker4,1,2026-06-06 08:45:02 UTC,15034480,15451728,176500,1.10,50972,618640,199616,1.25,205952,516668,32
cloud-k3s-pool-workers-worker4,1,2026-06-06 08:45:03 UTC,15034480,15451728,176492,1.10,50984,618636,199616,1.25,205952,516668,124
cloud-k3s-pool-workers-worker4,1,2026-06-06 08:45:04 UTC,15034732,15452024,176216,1.10,50984,618660,199616,1.25,205948,516712,336
cloud-k3s-pool-workers-worker4,1,2026-06-06 08:45:05 UTC,15034732,15452024,176208,1.10,50984,618668,199616,1.25,205948,516712,292
cloud-k3s-pool-workers-worker4,1,2026-06-06 08:45:06 UTC,15034732,15452024,176208,1.10,50984,618668,199616,1.25,205948,516712,292
cloud-k3s-pool-workers-worker4,1,2026-06-06 08:45:07 UTC,15034732,15452084,176188,1.10,50984,618688,199616,1.25,205948,516772,64
cloud-k3s-pool-workers-worker4,1,2026-06-06 08:45:08 UTC,15034732,15452084,176176,1.10,50996,618688,199616,1.25,205948,516772,240
cloud-k3s-pool-workers-worker4,1,2026-06-06 08:45:09 UTC,15034732,15452084,176176,1.10,50996,618688,199616,1.25,205948,516772,240
cloud-k3s-pool-workers-worker4,1,2026-06-06 08:45:10 UTC,15034732,15452084,176144,1.10,50996,618720,199616,1.25,205948,516772,164
cloud-k3s-pool-workers-worker4,1,2026-06-06 08:45:11 UTC,15034732,15452144,176132,1.10,50996,618732,199616,1.25,205948,516832,180
cloud-k3s-pool-workers-worker4,1,2026-06-06 08:45:12 UTC,15034732,15452144,176124,1.10,50996,618740,199616,1.25,205948,516832,188
cloud-k3s-pool-workers-worker4,1,2026-06-06 08:45:13 UTC,15034732,15452144,176100,1.10,51008,618752,199616,1.25,205948,516832,248
cloud-k3s-pool-workers-worker4,1,2026-06-06 08:45:14 UTC,15034732,15452144,176100,1.10,51008,618752,199616,1.25,205948,516832,248
cloud-k3s-pool-workers-worker4,1,2026-06-06 08:45:15 UTC,15034732,15452144,176080,1.10,51008,618772,199616,1.25,205948,516832,32
cloud-k3s-pool-workers-worker4,1,2026-06-06 08:45:16 UTC,15034732,15452144,176068,1.10,51008,618780,199616,1.25,205948,516832,44
cloud-k3s-pool-workers-worker4,1,2026-06-06 08:45:17 UTC,15034732,15452204,176056,1.10,51008,618792,199616,1.25,205948,516892,56
cloud-k3s-pool-workers-worker4,1,2026-06-06 08:45:18 UTC,15034732,15452204,176048,1.10,51020,618788,199616,1.25,205948,516892,228
cloud-k3s-pool-workers-worker4,1,2026-06-06 08:45:19 UTC,15034732,15452204,176024,1.10,51020,618812,199616,1.25,205948,516892,80
cloud-k3s-pool-workers-worker4,1,2026-06-06 08:45:20 UTC,15034732,15452204,176016,1.10,51020,618820,199616,1.25,205948,516892,4
cloud-k3s-pool-workers-worker4,1,2026-06-06 08:45:21 UTC,15034732,15452204,176016,1.10,51020,618820,199616,1.25,205948,516892,4
cloud-k3s-pool-workers-worker4,1,2026-06-06 08:45:22 UTC,15034732,15452204,175992,1.10,51020,618844,199616,1.25,205948,516892,32
cloud-k3s-pool-workers-worker4,1,2026-06-06 08:45:23 UTC,15034732,15452264,175984,1.10,51020,618852,199616,1.25,205948,516952,196
cloud-k3s-pool-workers-worker4,1,2026-06-06 08:45:24 UTC,15034732,15452324,175960,1.10,51032,618864,199616,1.25,205948,517012,236
cloud-k3s-pool-workers-worker4,1,2026-06-06 08:45:25 UTC,15034732,15452324,175952,1.10,51032,618872,199616,1.25,205948,517012,188
cloud-k3s-pool-workers-worker4,1,2026-06-06 08:45:26 UTC,15034732,15452324,175952,1.10,51032,618872,199616,1.25,205948,517012,188
cloud-k3s-pool-workers-worker4,1,2026-06-06 08:45:27 UTC,15034732,15452324,175932,1.10,51032,618892,199616,1.25,205948,517012,212
cloud-k3s-pool-workers-worker4,1,2026-06-06 08:45:28 UTC,15034732,15452376,175920,1.10,51032,618904,199616,1.25,205948,517064,68
cloud-k3s-pool-workers-worker4,1,2026-06-06 08:45:29 UTC,15034732,15452384,175912,1.10,51032,618912,199616,1.25,205948,517072,48
cloud-k3s-pool-workers-worker4,1,2026-06-06 08:45:30 UTC,15034732,15452396,175888,1.10,51044,618924,199616,1.25,205948,517084,32
cloud-k3s-pool-workers-worker4,1,2026-06-06 08:45:31 UTC,15034732,15452396,175880,1.10,51044,618932,199616,1.25,205948,517084,44
cloud-k3s-pool-workers-worker4,1,2026-06-06 08:45:32 UTC,15034732,15452400,175864,1.10,51044,618944,199616,1.25,205948,517084,56
cloud-k3s-pool-workers-worker4,1,2026-06-06 08:45:33 UTC,15034732,15452400,175852,1.10,51044,618956,199616,1.25,205948,517084,228
cloud-k3s-pool-workers-worker4,1,2026-06-06 08:45:34 UTC,15034732,15452400,175844,1.10,51044,618964,199616,1.25,205948,517084,72
cloud-k3s-pool-workers-worker4,1,2026-06-06 08:45:35 UTC,15034992,15452660,175584,1.10,51056,618952,199616,1.25,205948,517084,72
cloud-k3s-pool-workers-worker4,1,2026-06-06 08:45:36 UTC,15035152,15452880,175392,1.10,51056,618984,199616,1.25,205948,517144,28
cloud-k3s-pool-workers-worker4,1,2026-06-06 08:45:37 UTC,15035152,15452880,175380,1.10,51056,618996,199616,1.25,205948,517144,40
cloud-k3s-pool-workers-worker4,1,2026-06-06 08:45:38 UTC,15035152,15452880,175372,1.10,51056,619004,199616,1.25,205948,517144,216
cloud-k3s-pool-workers-worker4,1,2026-06-06 08:45:39 UTC,15035152,15452880,175360,1.10,51056,619016,199616,1.25,205948,517144,228
cloud-k3s-pool-workers-worker4,1,2026-06-06 08:45:40 UTC,15035152,15452880,175352,1.10,51056,619024,199616,1.25,205948,517144,236
cloud-k3s-pool-workers-worker4,1,2026-06-06 08:45:41 UTC,15035152,15452880,175328,1.10,51068,619036,199616,1.25,205948,517144,168
cloud-k3s-pool-workers-worker4,1,2026-06-06 08:45:42 UTC,15035152,15452880,175328,1.10,51068,619036,199616,1.25,205948,517144,168
cloud-k3s-pool-workers-worker4,1,2026-06-06 08:45:43 UTC,15035152,15452940,175308,1.10,51068,619056,199616,1.25,205948,517204,28
cloud-k3s-pool-workers-worker4,1,2026-06-06 08:45:44 UTC,15035152,15452940,175300,1.10,51068,619064,199616,1.25,205948,517204,36
cloud-k3s-pool-workers-worker4,1,2026-06-06 08:45:45 UTC,15035152,15452940,175288,1.10,51068,619076,199616,1.25,205948,517204,44
cloud-k3s-pool-workers-worker4,1,2026-06-06 08:45:46 UTC,15035152,15452940,175276,1.10,51080,619076,199616,1.25,205948,517204,0
cloud-k3s-pool-workers-worker4,1,2026-06-06 08:45:47 UTC,15035152,15452940,175276,1.10,51080,619076,199616,1.25,205948,517204,0
cloud-k3s-pool-workers-worker4,1,2026-06-06 08:45:48 UTC,15035152,15453000,175240,1.10,51080,619108,199616,1.25,205948,517264,208
cloud-k3s-pool-workers-worker4,1,2026-06-06 08:45:49 UTC,15035152,15453012,175232,1.10,51080,619116,199616,1.25,205948,517276,56
cloud-k3s-pool-workers-worker4,1,2026-06-06 08:45:50 UTC,15035152,15453012,175220,1.10,51080,619128,199616,1.25,205948,517276,68
cloud-k3s-pool-workers-worker4,1,2026-06-06 08:45:51 UTC,15035152,15453032,175212,1.10,51092,619124,199616,1.25,205948,517296,24
cloud-k3s-pool-workers-worker4,1,2026-06-06 08:45:52 UTC,15035152,15453032,175212,1.10,51092,619124,199616,1.25,205948,517296,24
cloud-k3s-pool-workers-worker4,1,2026-06-06 08:45:53 UTC,15035152,15453112,175180,1.10,51092,619156,199616,1.25,205948,517376,200
cloud-k3s-pool-workers-worker4,1,2026-06-06 08:45:54 UTC,15035152,15453112,175168,1.10,51092,619168,199616,1.25,205948,517376,212
cloud-k3s-pool-workers-worker4,1,2026-06-06 08:45:55 UTC,15035152,15453112,175160,1.10,51092,619176,199616,1.25,205948,517376,220
cloud-k3s-pool-workers-worker4,1,2026-06-06 08:45:56 UTC,15035152,15453112,175160,1.10,51104,619164,199616,1.25,205948,517376,220
cloud-k3s-pool-workers-worker4,1,2026-06-06 08:45:57 UTC,15035152,15453112,175160,1.10,51104,619164,199616,1.25,205948,517376,220
cloud-k3s-pool-workers-worker4,1,2026-06-06 08:45:58 UTC,15035152,15453200,175116,1.10,51104,619208,199616,1.25,205948,517464,220
cloud-k3s-pool-workers-worker4,1,2026-06-06 08:45:59 UTC,15035152,15453200,175104,1.10,51104,619220,199616,1.25,205948,517464,232
cloud-k3s-pool-workers-worker4,1,2026-06-06 08:46:00 UTC,15035152,15453200,175096,1.10,51104,619228,199616,1.25,205948,517464,64
cloud-k3s-pool-workers-worker4,1,2026-06-06 08:46:01 UTC,15035152,15453200,175072,1.10,51116,619240,199616,1.25,205948,517464,20
cloud-k3s-pool-workers-worker4,1,2026-06-06 08:46:02 UTC,15034144,15452256,176068,1.10,51116,619248,199616,1.25,205948,517524,32
cloud-k3s-pool-workers-worker4,1,2026-06-06 08:46:03 UTC,15034144,15452256,176068,1.10,51116,619248,199616,1.25,205948,517524,192
cloud-k3s-pool-workers-worker4,1,2026-06-06 08:46:04 UTC,15034144,15452256,176068,1.10,51116,619248,199616,1.25,205948,517524,192
cloud-k3s-pool-workers-worker4,1,2026-06-06 08:46:05 UTC,15034144,15452256,176036,1.10,51116,619280,199616,1.25,205948,517524,220
cloud-k3s-pool-workers-worker4,1,2026-06-06 08:46:06 UTC,15034144,15452296,176012,1.10,51128,619288,199616,1.25,205948,517564,176
cloud-k3s-pool-workers-worker4,1,2026-06-06 08:46:07 UTC,15034144,15452296,176000,1.10,51128,619300,199616,1.25,205948,517564,192
cloud-k3s-pool-workers-worker4,1,2026-06-06 08:46:08 UTC,15034144,15452296,175992,1.10,51128,619308,199616,1.25,205948,517564,216
cloud-k3s-pool-workers-worker4,1,2026-06-06 08:46:09 UTC,15034144,15452296,175980,1.10,51128,619320,199616,1.25,205948,517564,228
cloud-k3s-pool-workers-worker4,1,2026-06-06 08:46:10 UTC,15034144,15452296,175968,1.10,51128,619332,199616,1.25,205948,517564,68
cloud-k3s-pool-workers-worker4,1,2026-06-06 08:46:11 UTC,15034144,15452296,175968,1.10,51140,619320,199616,1.25,205948,517564,0
cloud-k3s-pool-workers-worker4,1,2026-06-06 08:46:12 UTC,15034396,15452608,175684,1.10,51140,619352,199616,1.25,205948,517624,36
cloud-k3s-pool-workers-worker4,1,2026-06-06 08:46:13 UTC,15034396,15452620,175676,1.10,51140,619360,199616,1.25,205948,517636,200
cloud-k3s-pool-workers-worker4,1,2026-06-06 08:46:14 UTC,15034396,15452620,175664,1.10,51140,619372,199616,1.25,205948,517636,212
cloud-k3s-pool-workers-worker4,1,2026-06-06 08:46:15 UTC,15034396,15452620,175656,1.10,51140,619380,199616,1.25,205948,517636,60
cloud-k3s-pool-workers-worker4,1,2026-06-06 08:46:16 UTC,15034396,15452652,175644,1.10,51152,619380,199616,1.25,205948,517668,16
cloud-k3s-pool-workers-worker4,1,2026-06-06 08:46:17 UTC,15034396,15452652,175636,1.10,51152,619388,199616,1.25,205948,517668,28
cloud-k3s-pool-workers-worker4,1,2026-06-06 08:46:18 UTC,15034396,15452716,175608,1.10,51152,619412,199616,1.25,205948,517728,204
cloud-k3s-pool-workers-worker4,1,2026-06-06 08:46:19 UTC,15034396,15452716,175600,1.10,51152,619420,199616,1.25,205948,517728,212
cloud-k3s-pool-workers-worker4,1,2026-06-06 08:46:20 UTC,15034396,15452716,175588,1.10,51152,619432,199616,1.25,205948,517728,224
cloud-k3s-pool-workers-worker4,1,2026-06-06 08:46:21 UTC,15034396,15452716,175576,1.10,51152,619444,199616,1.25,205948,517728,236
cloud-k3s-pool-workers-worker4,1,2026-06-06 08:46:22 UTC,15034396,15452716,175576,1.10,51164,619432,199616,1.25,205948,517728,236
cloud-k3s-pool-workers-worker4,1,2026-06-06 08:46:23 UTC,15034396,15452788,175544,1.10,51164,619464,199616,1.25,205948,517800,196
cloud-k3s-pool-workers-worker4,1,2026-06-06 08:46:24 UTC,15034396,15452788,175536,1.10,51164,619472,199616,1.25,205948,517800,24
cloud-k3s-pool-workers-worker4,1,2026-06-06 08:46:25 UTC,15034396,15452788,175524,1.10,51164,619484,199616,1.25,205948,517800,36
cloud-k3s-pool-workers-worker4,1,2026-06-06 08:46:26 UTC,15034396,15452788,175516,1.10,51164,619492,199616,1.25,205948,517800,44
cloud-k3s-pool-workers-worker4,1,2026-06-06 08:46:27 UTC,15035236,15453628,174652,1.09,51176,619504,199616,1.25,205948,517800,92
cloud-k3s-pool-workers-worker4,1,2026-06-06 08:46:28 UTC,15035236,15453688,174644,1.09,51176,619512,199616,1.25,205948,517860,264
cloud-k3s-pool-workers-worker4,1,2026-06-06 08:46:29 UTC,15035236,15453688,174644,1.09,51176,619512,199616,1.25,205948,517860,264
cloud-k3s-pool-workers-worker4,1,2026-06-06 08:46:30 UTC,15035236,15453688,174624,1.09,51176,619532,199616,1.25,205948,517860,284
cloud-k3s-pool-workers-worker4,1,2026-06-06 08:46:31 UTC,15035236,15453688,174612,1.09,51176,619544,199616,1.25,205948,517860,296
cloud-k3s-pool-workers-worker4,1,2026-06-06 08:46:32 UTC,15035236,15453688,174612,1.09,51176,619544,199616,1.25,205948,517860,296
cloud-k3s-pool-workers-worker4,1,2026-06-06 08:46:33 UTC,15035236,15453708,174580,1.09,51184,619564,199616,1.25,205948,517880,300
cloud-k3s-pool-workers-worker4,1,2026-06-06 08:46:34 UTC,15035236,15453768,174568,1.09,51184,619576,199616,1.25,205948,517940,312
cloud-k3s-pool-workers-worker4,1,2026-06-06 08:46:35 UTC,15035236,15453768,174560,1.09,51184,619584,199616,1.25,205948,517940,148
cloud-k3s-pool-workers-worker4,1,2026-06-06 08:46:36 UTC,15035236,15453768,174548,1.09,51184,619596,199616,1.25,205948,517940,160
cloud-k3s-pool-workers-worker4,1,2026-06-06 08:46:37 UTC,15035236,15453768,174548,1.09,51184,619596,199616,1.25,205948,517940,160
cloud-k3s-pool-workers-worker4,1,2026-06-06 08:46:38 UTC,15035236,15453768,174520,1.09,51192,619616,199616,1.25,205948,517940,348
cloud-k3s-pool-workers-worker4,1,2026-06-06 08:46:39 UTC,15035236,15453768,174512,1.09,51192,619624,199616,1.25,205948,517940,356
cloud-k3s-pool-workers-worker4,1,2026-06-06 08:46:40 UTC,15035236,15453828,174500,1.09,51192,619636,199616,1.25,205948,518000,192
cloud-k3s-pool-workers-worker4,1,2026-06-06 08:46:41 UTC,15035236,15453828,174492,1.09,51192,619644,199616,1.25,205948,518000,200
cloud-k3s-pool-workers-worker4,1,2026-06-06 08:46:42 UTC,15035236,15453828,174492,1.09,51192,619644,199616,1.25,205948,518000,200
cloud-k3s-pool-workers-worker4,1,2026-06-06 08:46:43 UTC,15035236,15453828,174464,1.09,51200,619664,199616,1.25,205948,518000,388
cloud-k3s-pool-workers-worker4,1,2026-06-06 08:46:44 UTC,15035236,15453828,174452,1.09,51200,619676,199616,1.25,205948,518000,400
cloud-k3s-pool-workers-worker4,1,2026-06-06 08:46:45 UTC,15035236,15453828,174440,1.09,51200,619688,199616,1.25,205948,518000,408
cloud-k3s-pool-workers-worker4,1,2026-06-06 08:46:46 UTC,15035236,15453888,174432,1.09,51200,619696,199616,1.25,205948,518060,416
cloud-k3s-pool-workers-worker4,1,2026-06-06 08:46:47 UTC,15035236,15453888,174432,1.09,51200,619696,199616,1.25,205948,518060,416
cloud-k3s-pool-workers-worker4,1,2026-06-06 08:46:48 UTC,15035236,15453916,174400,1.09,51208,619716,199616,1.25,205948,518084,284
cloud-k3s-pool-workers-worker4,1,2026-06-06 08:46:49 UTC,15035236,15453916,174388,1.09,51208,619728,199616,1.25,205948,518084,296
cloud-k3s-pool-workers-worker4,1,2026-06-06 08:46:50 UTC,15035236,15453916,174380,1.09,51208,619736,199616,1.25,205948,518084,292
cloud-k3s-pool-workers-worker4,1,2026-06-06 08:46:51 UTC,15035236,15453916,174368,1.09,51208,619748,199616,1.25,205948,518084,304
cloud-k3s-pool-workers-worker4,1,2026-06-06 08:46:52 UTC,15035236,15453916,174368,1.09,51208,619748,199616,1.25,205948,518084,44
cloud-k3s-pool-workers-worker4,1,2026-06-06 08:46:53 UTC,15035236,15453988,174336,1.09,51220,619768,199616,1.25,205948,518156,200
cloud-k3s-pool-workers-worker4,1,2026-06-06 08:46:54 UTC,15035236,15453988,174328,1.09,51220,619776,199616,1.25,205948,518156,48
cloud-k3s-pool-workers-worker4,1,2026-06-06 08:46:55 UTC,15035236,15453988,174316,1.09,51220,619788,199616,1.25,205948,518156,60
cloud-k3s-pool-workers-worker4,1,2026-06-06 08:46:56 UTC,15035236,15453988,174308,1.09,51220,619796,199616,1.25,205948,518156,68
cloud-k3s-pool-workers-worker4,1,2026-06-06 08:46:57 UTC,15035236,15453988,174308,1.09,51220,619796,199616,1.25,205948,518156,68
cloud-k3s-pool-workers-worker4,1,2026-06-06 08:46:58 UTC,15035236,15454056,174276,1.09,51228,619820,199616,1.25,205948,518224,236
cloud-k3s-pool-workers-worker4,1,2026-06-06 08:46:59 UTC,15035236,15454056,174268,1.09,51228,619828,199616,1.25,205948,518224,244
cloud-k3s-pool-workers-worker4,1,2026-06-06 08:47:00 UTC,15035236,15454056,174256,1.09,51228,619840,199616,1.25,205948,518224,256
cloud-k3s-pool-workers-worker4,1,2026-06-06 08:47:01 UTC,15035236,15454056,174248,1.09,51228,619848,199616,1.25,205948,518224,264
cloud-k3s-pool-workers-worker4,1,2026-06-06 08:47:02 UTC,15035236,15454056,174236,1.09,51228,619860,199616,1.25,205948,518224,276
cloud-k3s-pool-workers-worker4,1,2026-06-06 08:47:03 UTC,15035236,15454116,174212,1.09,51236,619872,199616,1.25,205948,518284,312
cloud-k3s-pool-workers-worker4,1,2026-06-06 08:47:04 UTC,15035236,15454124,174200,1.09,51236,619884,199616,1.25,205948,518292,316
cloud-k3s-pool-workers-worker4,1,2026-06-06 08:47:05 UTC,15035236,15454124,174192,1.09,51236,619892,199616,1.25,205948,518292,148
cloud-k3s-pool-workers-worker4,1,2026-06-06 08:47:06 UTC,15035236,15454124,174192,1.09,51236,619892,199616,1.25,205948,518292,148
cloud-k3s-pool-workers-worker4,1,2026-06-06 08:47:07 UTC,15035236,15454124,174192,1.09,51236,619892,199616,1.25,205948,518292,148
cloud-k3s-pool-workers-worker4,1,2026-06-06 08:47:08 UTC,15035236,15454124,174152,1.09,51244,619924,199616,1.25,205948,518292,356
cloud-k3s-pool-workers-worker4,1,2026-06-06 08:47:09 UTC,15035236,15454184,174140,1.09,51244,619936,199616,1.25,205948,518352,368
cloud-k3s-pool-workers-worker4,1,2026-06-06 08:47:10 UTC,15035236,15454184,174132,1.09,51244,619944,199616,1.25,205948,518352,352
cloud-k3s-pool-workers-worker4,1,2026-06-06 08:47:11 UTC,15035236,15454184,174120,1.09,51244,619956,199616,1.25,205948,518352,364
cloud-k3s-pool-workers-worker4,1,2026-06-06 08:47:12 UTC,15035236,15454184,174120,1.09,51244,619956,199616,1.25,205948,518352,364
cloud-k3s-pool-workers-worker4,1,2026-06-06 08:47:13 UTC,15035236,15454200,174092,1.09,51252,619976,199616,1.25,205948,518368,404
cloud-k3s-pool-workers-worker4,1,2026-06-06 08:47:14 UTC,15035236,15454200,174084,1.09,51252,619984,199616,1.25,205948,518368,412
cloud-k3s-pool-workers-worker4,1,2026-06-06 08:47:15 UTC,15035236,15454260,174072,1.09,51252,619996,199616,1.25,205948,518428,252
cloud-k3s-pool-workers-worker4,1,2026-06-06 08:47:16 UTC,15035236,15454260,174072,1.09,51252,619996,199616,1.25,205948,518428,252
cloud-k3s-pool-workers-worker4,1,2026-06-06 08:47:17 UTC,15035236,15454260,174072,1.09,51252,619996,199616,1.25,205948,518428,252
cloud-k3s-pool-workers-worker4,1,2026-06-06 08:47:18 UTC,15035236,15454260,174036,1.09,51260,620024,199616,1.25,205948,518428,444
cloud-k3s-pool-workers-worker4,1,2026-06-06 08:47:19 UTC,15034996,15454024,174244,1.09,51260,620036,199616,1.25,205948,518428,456
cloud-k3s-pool-workers-worker4,1,2026-06-06 08:47:20 UTC,15034996,15454024,174232,1.09,51260,620048,199616,1.25,205948,518428,296
cloud-k3s-pool-workers-worker4,1,2026-06-06 08:47:21 UTC,15034996,15454084,174224,1.09,51260,620056,199616,1.25,205948,518488,304
cloud-k3s-pool-workers-worker4,1,2026-06-06 08:47:22 UTC,15034996,15454084,174224,1.09,51260,620056,199616,1.25,205948,518488,304
cloud-k3s-pool-workers-worker4,1,2026-06-06 08:47:23 UTC,15034996,15454084,174192,1.09,51272,620076,199616,1.25,205948,518488,184
cloud-k3s-pool-workers-worker4,1,2026-06-06 08:47:24 UTC,15034996,15454084,174180,1.09,51272,620088,199616,1.25,205948,518488,196
cloud-k3s-pool-workers-worker4,1,2026-06-06 08:47:25 UTC,15034996,15454084,174172,1.09,51272,620096,199616,1.25,205948,518488,204
cloud-k3s-pool-workers-worker4,1,2026-06-06 08:47:26 UTC,15034996,15454084,174160,1.09,51272,620108,199616,1.25,205948,518488,216
cloud-k3s-pool-workers-worker4,1,2026-06-06 08:47:27 UTC,15034996,15454084,174160,1.09,51272,620108,199616,1.25,205948,518488,216
cloud-k3s-pool-workers-worker4,1,2026-06-06 08:47:28 UTC,15034996,15454144,174132,1.09,51280,620128,199616,1.25,205948,518548,256
cloud-k3s-pool-workers-worker4,1,2026-06-06 08:47:29 UTC,15034996,15454172,174124,1.09,51280,620136,199616,1.25,205948,518576,92
cloud-k3s-pool-workers-worker4,1,2026-06-06 08:47:30 UTC,15034996,15454172,174112,1.09,51280,620148,199616,1.25,205948,518576,80
cloud-k3s-pool-workers-worker4,1,2026-06-06 08:47:31 UTC,15034996,15454172,174104,1.09,51280,620156,199616,1.25,205948,518576,88
cloud-k3s-pool-workers-worker4,1,2026-06-06 08:47:32 UTC,15034996,15454172,174104,1.09,51280,620156,199616,1.25,205948,518576,88
cloud-k3s-pool-workers-worker4,1,2026-06-06 08:47:33 UTC,15034996,15454240,174068,1.09,51288,620180,199616,1.25,205948,518644,184
cloud-k3s-pool-workers-worker4,1,2026-06-06 08:47:34 UTC,15034996,15454244,174056,1.09,51288,620188,199616,1.25,205948,518644,196
cloud-k3s-pool-workers-worker4,1,2026-06-06 08:47:35 UTC,15034996,15454244,174044,1.09,51288,620200,199616,1.25,205948,518644,204
cloud-k3s-pool-workers-worker4,1,2026-06-06 08:47:36 UTC,15034996,15454244,174036,1.09,51288,620208,199616,1.25,205948,518644,212
cloud-k3s-pool-workers-worker4,1,2026-06-06 08:47:37 UTC,15034996,15454244,174036,1.09,51288,620208,199616,1.25,205948,518644,212
cloud-k3s-pool-workers-worker4,1,2026-06-06 08:47:38 UTC,15034996,15454256,174004,1.09,51300,620228,199616,1.25,205948,518656,212
cloud-k3s-pool-workers-worker4,1,2026-06-06 08:47:39 UTC,15034996,15454316,173992,1.09,51300,620240,199616,1.25,205948,518716,228
cloud-k3s-pool-workers-worker4,1,2026-06-06 08:47:40 UTC,15034996,15454316,173984,1.09,51300,620248,199616,1.25,205948,518716,28
cloud-k3s-pool-workers-worker4,1,2026-06-06 08:47:41 UTC,15034996,15454316,173972,1.09,51300,620260,199616,1.25,205948,518716,40
cloud-k3s-pool-workers-worker4,1,2026-06-06 08:47:42 UTC,15034996,15454316,173972,1.09,51300,620260,199616,1.25,205948,518716,40
cloud-k3s-pool-workers-worker4,1,2026-06-06 08:47:43 UTC,15034996,15454328,173940,1.09,51312,620280,199616,1.25,205948,518728,192
cloud-k3s-pool-workers-worker4,1,2026-06-06 08:47:44 UTC,15034996,15454388,173928,1.09,51312,620292,199616,1.25,205948,518788,208
cloud-k3s-pool-workers-worker4,1,2026-06-06 08:47:45 UTC,15034996,15454388,173920,1.09,51312,620300,199616,1.25,205948,518788,52
cloud-k3s-pool-workers-worker4,1,2026-06-06 08:47:46 UTC,15034996,15454388,173908,1.09,51312,620312,199616,1.25,205948,518788,64
cloud-k3s-pool-workers-worker4,1,2026-06-06 08:47:47 UTC,15034996,15454388,173900,1.09,51312,620320,199616,1.25,205948,518788,72
cloud-k3s-pool-workers-worker4,1,2026-06-06 08:47:48 UTC,15034996,15454388,173888,1.09,51324,620320,199616,1.25,205948,518788,244
cloud-k3s-pool-workers-worker4,1,2026-06-06 08:47:49 UTC,15034996,15454388,173864,1.09,51324,620340,199616,1.25,205948,518788,192
cloud-k3s-pool-workers-worker4,1,2026-06-06 08:47:50 UTC,15034996,15454448,173852,1.09,51324,620352,199616,1.25,205948,518848,180
cloud-k3s-pool-workers-worker4,1,2026-06-06 08:47:51 UTC,15034996,15454448,173852,1.09,51324,620352,199616,1.25,205948,518848,180
cloud-k3s-pool-workers-worker4,1,2026-06-06 08:47:52 UTC,15034996,15454448,173832,1.09,51324,620372,199616,1.25,205948,518848,200
cloud-k3s-pool-workers-worker4,1,2026-06-06 08:47:53 UTC,15034996,15454448,173824,1.09,51336,620368,199616,1.25,205948,518848,220
cloud-k3s-pool-workers-worker4,1,2026-06-06 08:47:54 UTC,15034996,15454448,173800,1.09,51336,620392,199616,1.25,205948,518848,80
cloud-k3s-pool-workers-worker4,1,2026-06-06 08:47:55 UTC,15034996,15454448,173800,1.09,51336,620392,199616,1.25,205948,518848,80
cloud-k3s-pool-workers-worker4,1,2026-06-06 08:47:56 UTC,15034996,15454448,173800,1.09,51336,620392,199616,1.25,205948,518848,80
cloud-k3s-pool-workers-worker4,1,2026-06-06 08:47:57 UTC,15034996,15454448,173800,1.09,51336,620392,199616,1.25,205948,518848,80
cloud-k3s-pool-workers-worker4,1,2026-06-06 08:47:58 UTC,15034756,15454276,173972,1.09,51348,620432,199616,1.25,205948,518908,228
cloud-k3s-pool-workers-worker4,1,2026-06-06 08:47:59 UTC,15034756,15454276,173960,1.09,51348,620444,199616,1.25,205948,518908,80
cloud-k3s-pool-workers-worker4,1,2026-06-06 08:48:00 UTC,15034756,15454276,173952,1.09,51348,620452,199616,1.25,205948,518908,16
cloud-k3s-pool-workers-worker4,1,2026-06-06 08:48:01 UTC,15034756,15454276,173940,1.09,51348,620464,199616,1.25,205948,518908,28
cloud-k3s-pool-workers-worker4,1,2026-06-06 08:48:02 UTC,15034756,15454276,173940,1.09,51348,620464,199616,1.25,205948,518908,28
cloud-k3s-pool-workers-worker4,1,2026-06-06 08:48:03 UTC,15034756,15454336,173908,1.09,51360,620484,199616,1.25,205948,518968,232
cloud-k3s-pool-workers-worker4,1,2026-06-06 08:48:04 UTC,15034756,15454336,173900,1.09,51360,620492,199616,1.25,205948,518968,240
cloud-k3s-pool-workers-worker4,1,2026-06-06 08:48:05 UTC,15034756,15454340,173884,1.09,51360,620504,199616,1.25,205948,518968,200
cloud-k3s-pool-workers-worker4,1,2026-06-06 08:48:06 UTC,15034756,15454340,173876,1.09,51360,620512,199616,1.25,205948,518968,208
cloud-k3s-pool-workers-worker4,1,2026-06-06 08:48:07 UTC,15032740,15452324,175892,1.10,51360,620512,199616,1.25,205948,518968,208
cloud-k3s-pool-workers-worker4,1,2026-06-06 08:48:08 UTC,15032740,15452444,175856,1.10,51372,620536,199616,1.25,205948,519088,244
cloud-k3s-pool-workers-worker4,1,2026-06-06 08:48:09 UTC,15032740,15452444,175848,1.10,51372,620544,199616,1.25,205948,519088,252
cloud-k3s-pool-workers-worker4,1,2026-06-06 08:48:10 UTC,15032740,15452444,175836,1.10,51372,620556,199616,1.25,205948,519088,20
cloud-k3s-pool-workers-worker4,1,2026-06-06 08:48:11 UTC,15032740,15452444,175828,1.10,51372,620564,199616,1.25,205948,519088,28
cloud-k3s-pool-workers-worker4,1,2026-06-06 08:48:12 UTC,15032740,15452444,175828,1.10,51372,620564,199616,1.25,205948,519088,28
cloud-k3s-pool-workers-worker4,1,2026-06-06 08:48:13 UTC,15032740,15452496,175796,1.10,51384,620584,202596,1.27,207176,519140,240
cloud-k3s-pool-workers-worker4,1,2026-06-06 08:48:14 UTC,15032740,15452500,175784,1.10,51384,620596,203068,1.27,207492,519144,332
cloud-k3s-pool-workers-worker4,1,2026-06-06 08:48:15 UTC,15032740,15452500,175776,1.10,51384,620604,203068,1.27,207660,519144,292
cloud-k3s-pool-workers-worker4,1,2026-06-06 08:48:16 UTC,15032740,15452528,175764,1.10,51384,620616,199616,1.25,205964,519172,324
cloud-k3s-pool-workers-worker4,1,2026-06-06 08:48:17 UTC,15032740,15452528,175764,1.10,51384,620616,199616,1.25,205964,519172,324
cloud-k3s-pool-workers-worker4,1,2026-06-06 08:48:18 UTC,15032740,15452528,175744,1.10,51396,620624,199616,1.25,205964,519172,96
cloud-k3s-pool-workers-worker4,1,2026-06-06 08:48:19 UTC,15032740,15452528,175736,1.10,51396,620632,199616,1.25,205964,519172,104
cloud-k3s-pool-workers-worker4,1,2026-06-06 08:48:20 UTC,15032740,15452552,175708,1.10,51396,620656,199616,1.25,205964,519196,16
cloud-k3s-pool-workers-worker4,1,2026-06-06 08:48:21 UTC,15032740,15452552,175696,1.10,51396,620668,199616,1.25,205964,519196,28
cloud-k3s-pool-workers-worker4,1,2026-06-06 08:48:22 UTC,15032740,15452552,175696,1.10,51396,620668,199616,1.25,205964,519196,28
cloud-k3s-pool-workers-worker4,1,2026-06-06 08:48:23 UTC,15032740,15452612,175664,1.10,51408,620688,199616,1.25,205964,519256,236
cloud-k3s-pool-workers-worker4,1,2026-06-06 08:48:24 UTC,15032740,15452612,175656,1.10,51408,620696,199616,1.25,205964,519256,28
cloud-k3s-pool-workers-worker4,1,2026-06-06 08:48:25 UTC,15032740,15452612,175644,1.10,51408,620708,199616,1.25,205964,519256,44
cloud-k3s-pool-workers-worker4,1,2026-06-06 08:48:26 UTC,15032740,15452612,175636,1.10,51408,620716,199616,1.25,205964,519256,52
cloud-k3s-pool-workers-worker4,1,2026-06-06 08:48:27 UTC,15032740,15452612,175624,1.10,51408,620728,199616,1.25,205964,519256,64
cloud-k3s-pool-workers-worker4,1,2026-06-06 08:48:28 UTC,15032740,15452672,175604,1.10,51420,620736,199616,1.25,205964,519316,236
cloud-k3s-pool-workers-worker4,1,2026-06-06 08:48:29 UTC,15032740,15452672,175592,1.10,51420,620748,199616,1.25,205964,519316,244
cloud-k3s-pool-workers-worker4,1,2026-06-06 08:48:30 UTC,15032740,15452672,175584,1.10,51420,620756,199616,1.25,205964,519316,164
cloud-k3s-pool-workers-worker4,1,2026-06-06 08:48:31 UTC,15032740,15452672,175572,1.10,51420,620768,199616,1.25,205964,519316,180
cloud-k3s-pool-workers-worker4,1,2026-06-06 08:48:32 UTC,15036060,15455992,172240,1.08,51420,620780,199616,1.25,205964,519316,192
cloud-k3s-pool-workers-worker4,1,2026-06-06 08:48:33 UTC,15036060,15455992,172220,1.08,51432,620788,199616,1.25,205964,519316,60
cloud-k3s-pool-workers-worker4,1,2026-06-06 08:48:34 UTC,15036060,15455992,172220,1.08,51432,620788,199616,1.25,205964,519316,60
cloud-k3s-pool-workers-worker4,1,2026-06-06 08:48:35 UTC,15036060,15456056,172196,1.08,51432,620808,199616,1.25,205964,519376,80
cloud-k3s-pool-workers-worker4,1,2026-06-06 08:48:36 UTC,15036060,15456056,172184,1.08,51432,620820,199616,1.25,205964,519376,96
cloud-k3s-pool-workers-worker4,1,2026-06-06 08:48:37 UTC,15036060,15456056,172184,1.08,51432,620820,199616,1.25,205964,519376,96
cloud-k3s-pool-workers-worker4,1,2026-06-06 08:48:38 UTC,15036312,15456308,171912,1.08,51444,620828,199616,1.25,205964,519376,200
cloud-k3s-pool-workers-worker4,1,2026-06-06 08:48:39 UTC,15036312,15456308,171888,1.08,51444,620848,199616,1.25,205964,519376,44
cloud-k3s-pool-workers-worker4,1,2026-06-06 08:48:40 UTC,15036312,15456308,171888,1.08,51444,620848,199616,1.25,205964,519376,0
cloud-k3s-pool-workers-worker4,1,2026-06-06 08:48:41 UTC,15036312,15456368,171868,1.08,51444,620868,199616,1.25,205964,519436,12
cloud-k3s-pool-workers-worker4,1,2026-06-06 08:48:42 UTC,15036312,15456368,171856,1.08,51444,620880,199616,1.25,205964,519436,24
cloud-k3s-pool-workers-worker4,1,2026-06-06 08:48:43 UTC,15036312,15456368,171848,1.08,51456,620876,199616,1.25,205964,519436,192
cloud-k3s-pool-workers-worker4,1,2026-06-06 08:48:44 UTC,15036312,15456428,171824,1.08,51456,620900,199616,1.25,205964,519496,240
cloud-k3s-pool-workers-worker4,1,2026-06-06 08:48:45 UTC,15036312,15456428,171812,1.07,51456,620912,199616,1.25,205964,519496,196
cloud-k3s-pool-workers-worker4,1,2026-06-06 08:48:46 UTC,15036312,15456488,171804,1.07,51456,620920,199616,1.25,205964,519556,208
cloud-k3s-pool-workers-worker4,1,2026-06-06 08:48:47 UTC,15036312,15456488,171792,1.07,51456,620932,199616,1.25,205964,519556,220
cloud-k3s-pool-workers-worker4,1,2026-06-06 08:48:48 UTC,15034800,15454988,173284,1.08,51468,620940,202464,1.27,207016,519568,216
cloud-k3s-pool-workers-worker4,1,2026-06-06 08:48:49 UTC,15033792,15453980,174292,1.09,51468,620940,202820,1.27,207320,519568,216
cloud-k3s-pool-workers-worker4,1,2026-06-06 08:48:50 UTC,15032912,15453100,175152,1.10,51468,620960,199616,1.25,205964,519568,144
cloud-k3s-pool-workers-worker4,1,2026-06-06 08:48:51 UTC,15032912,15453104,175136,1.10,51468,620972,199616,1.25,205964,519568,160
cloud-k3s-pool-workers-worker4,1,2026-06-06 08:48:52 UTC,15032912,15453104,175136,1.10,51468,620972,199616,1.25,205964,519568,160
cloud-k3s-pool-workers-worker4,1,2026-06-06 08:48:53 UTC,15032912,15453164,175116,1.10,51480,620980,199616,1.25,205964,519628,272
cloud-k3s-pool-workers-worker4,1,2026-06-06 08:48:54 UTC,15032912,15453164,175116,1.10,51480,620980,199616,1.25,205964,519628,272
cloud-k3s-pool-workers-worker4,1,2026-06-06 08:48:55 UTC,15032912,15453176,175084,1.10,51480,621012,199616,1.25,205964,519640,24
cloud-k3s-pool-workers-worker4,1,2026-06-06 08:48:56 UTC,15032912,15453176,175072,1.10,51480,621024,199616,1.25,205964,519640,40
cloud-k3s-pool-workers-worker4,1,2026-06-06 08:48:57 UTC,15032912,15453176,175072,1.10,51480,621024,199616,1.25,205964,519640,40
cloud-k3s-pool-workers-worker4,1,2026-06-06 08:48:58 UTC,15032912,15453236,175040,1.10,51492,621044,199616,1.25,205964,519700,228
cloud-k3s-pool-workers-worker4,1,2026-06-06 08:48:59 UTC,15032912,15453236,175032,1.10,51492,621052,199616,1.25,205964,519700,236
cloud-k3s-pool-workers-worker4,1,2026-06-06 08:49:00 UTC,15032912,15453236,175020,1.10,51492,621064,199616,1.25,205964,519700,168
cloud-k3s-pool-workers-worker4,1,2026-06-06 08:49:01 UTC,15032912,15453236,175012,1.09,51492,621072,199616,1.25,205964,519700,180
cloud-k3s-pool-workers-worker4,1,2026-06-06 08:49:02 UTC,15032912,15453236,175012,1.09,51492,621072,199616,1.25,205964,519700,180
cloud-k3s-pool-workers-worker4,1,2026-06-06 08:49:03 UTC,15032912,15453236,174980,1.09,51504,621092,199616,1.25,205964,519700,232
cloud-k3s-pool-workers-worker4,1,2026-06-06 08:49:04 UTC,15032912,15453296,174968,1.09,51504,621104,199616,1.25,205964,519760,68
cloud-k3s-pool-workers-worker4,1,2026-06-06 08:49:05 UTC,15032912,15453296,174960,1.09,51504,621112,199616,1.25,205964,519760,24
cloud-k3s-pool-workers-worker4,1,2026-06-06 08:49:06 UTC,15032912,15453296,174944,1.09,51504,621124,199616,1.25,205964,519760,40
cloud-k3s-pool-workers-worker4,1,2026-06-06 08:49:07 UTC,15032912,15453296,174936,1.09,51504,621132,199616,1.25,205964,519760,48
cloud-k3s-pool-workers-worker4,1,2026-06-06 08:49:08 UTC,15032660,15453044,175164,1.10,51516,621144,199616,1.25,205964,519760,200
cloud-k3s-pool-workers-worker4,1,2026-06-06 08:49:09 UTC,15032660,15453104,175152,1.10,51516,621156,199616,1.25,205964,519820,52
cloud-k3s-pool-workers-worker4,1,2026-06-06 08:49:10 UTC,15032660,15453104,175144,1.10,51516,621164,199616,1.25,205964,519820,60
cloud-k3s-pool-workers-worker4,1,2026-06-06 08:49:11 UTC,15032660,15453104,175132,1.10,51516,621176,199616,1.25,205964,519820,4
cloud-k3s-pool-workers-worker4,1,2026-06-06 08:49:12 UTC,15032660,15453104,175132,1.10,51516,621176,199616,1.25,205964,519820,4
cloud-k3s-pool-workers-worker4,1,2026-06-06 08:49:13 UTC,15032660,15453104,175112,1.10,51528,621184,199616,1.25,205964,519820,188
cloud-k3s-pool-workers-worker4,1,2026-06-06 08:49:14 UTC,15032660,15453104,175092,1.10,51528,621204,199616,1.25,205964,519820,220
cloud-k3s-pool-workers-worker4,1,2026-06-06 08:49:15 UTC,15032660,15453164,175080,1.10,51528,621216,199616,1.25,205964,519880,228
cloud-k3s-pool-workers-worker4,1,2026-06-06 08:49:16 UTC,15032660,15453164,175072,1.10,51528,621224,199616,1.25,205964,519880,184
cloud-k3s-pool-workers-worker4,1,2026-06-06 08:49:17 UTC,15032660,15453164,175072,1.10,51528,621224,199616,1.25,205964,519880,184
cloud-k3s-pool-workers-worker4,1,2026-06-06 08:49:18 UTC,15032660,15453224,175040,1.10,51540,621244,199616,1.25,205964,519940,220
cloud-k3s-pool-workers-worker4,1,2026-06-06 08:49:19 UTC,15032660,15453224,175028,1.10,51540,621256,199616,1.25,205964,519940,232
cloud-k3s-pool-workers-worker4,1,2026-06-06 08:49:20 UTC,15032660,15453224,175016,1.10,51540,621268,199616,1.25,205964,519940,52
cloud-k3s-pool-workers-worker4,1,2026-06-06 08:49:21 UTC,15032660,15453288,175004,1.09,51540,621276,199616,1.25,205964,520000,60
cloud-k3s-pool-workers-worker4,1,2026-06-06 08:49:22 UTC,15032660,15453288,175004,1.09,51540,621276,199616,1.25,205964,520000,60
cloud-k3s-pool-workers-worker4,1,2026-06-06 08:49:23 UTC,15032660,15453288,174972,1.09,51552,621296,199616,1.25,205964,520000,212
cloud-k3s-pool-workers-worker4,1,2026-06-06 08:49:24 UTC,15032660,15453288,174960,1.09,51552,621308,199616,1.25,205964,520000,224
cloud-k3s-pool-workers-worker4,1,2026-06-06 08:49:25 UTC,15032660,15453288,174952,1.09,51552,621316,199616,1.25,205964,520000,68
cloud-k3s-pool-workers-worker4,1,2026-06-06 08:49:26 UTC,15032660,15453288,174940,1.09,51552,621328,199616,1.25,205964,520000,24
cloud-k3s-pool-workers-worker4,1,2026-06-06 08:49:27 UTC,15032660,15453288,174940,1.09,51552,621328,199616,1.25,205964,520000,24
cloud-k3s-pool-workers-worker4,1,2026-06-06 08:49:28 UTC,15032660,15453348,174908,1.09,51564,621348,199616,1.25,205964,520060,212
cloud-k3s-pool-workers-worker4,1,2026-06-06 08:49:29 UTC,15032660,15453348,174900,1.09,51564,621356,199616,1.25,205964,520060,220
cloud-k3s-pool-workers-worker4,1,2026-06-06 08:49:30 UTC,15032660,15453348,174888,1.09,51564,621368,199616,1.25,205964,520060,212
cloud-k3s-pool-workers-worker4,1,2026-06-06 08:49:31 UTC,15032660,15453348,174876,1.09,51564,621380,199616,1.25,205964,520060,224
cloud-k3s-pool-workers-worker4,1,2026-06-06 08:49:32 UTC,15032660,15453348,174876,1.09,51564,621380,199616,1.25,205964,520060,224
cloud-k3s-pool-workers-worker4,1,2026-06-06 08:49:33 UTC,15032660,15453408,174856,1.09,51576,621388,199616,1.25,205964,520120,204
cloud-k3s-pool-workers-worker4,1,2026-06-06 08:49:34 UTC,15032660,15453408,174848,1.09,51576,621396,199616,1.25,205964,520120,208
cloud-k3s-pool-workers-worker4,1,2026-06-06 08:49:35 UTC,15032660,15453444,174824,1.09,51576,621420,199616,1.25,205964,520156,72
cloud-k3s-pool-workers-worker4,1,2026-06-06 08:49:36 UTC,15032660,15453444,174816,1.09,51576,621428,199616,1.25,205964,520156,28
cloud-k3s-pool-workers-worker4,1,2026-06-06 08:49:37 UTC,15032660,15453444,174816,1.09,51576,621428,199616,1.25,205964,520156,28
cloud-k3s-pool-workers-worker4,1,2026-06-06 08:49:38 UTC,15032660,15453444,174792,1.09,51588,621436,199616,1.25,205964,520156,188
cloud-k3s-pool-workers-worker4,1,2026-06-06 08:49:39 UTC,15032660,15453504,174780,1.09,51588,621448,199616,1.25,205964,520216,200
cloud-k3s-pool-workers-worker4,1,2026-06-06 08:49:40 UTC,15032660,15453508,174756,1.09,51588,621468,199616,1.25,205964,520216,240
cloud-k3s-pool-workers-worker4,1,2026-06-06 08:49:41 UTC,15032660,15453508,174744,1.09,51588,621480,199616,1.25,205964,520216,252
cloud-k3s-pool-workers-worker4,1,2026-06-06 08:49:42 UTC,15032660,15453508,174744,1.09,51588,621480,199616,1.25,205964,520216,252
cloud-k3s-pool-workers-worker4,1,2026-06-06 08:49:43 UTC,15032660,15453508,174724,1.09,51588,621500,199616,1.25,205964,520216,60
cloud-k3s-pool-workers-worker4,1,2026-06-06 08:49:44 UTC,15032660,15453508,174712,1.09,51600,621500,199616,1.25,205964,520216,72
cloud-k3s-pool-workers-worker4,1,2026-06-06 08:49:45 UTC,15032660,15453592,174692,1.09,51600,621520,199616,1.25,205964,520300,44
cloud-k3s-pool-workers-worker4,1,2026-06-06 08:49:46 UTC,15032660,15453592,174680,1.09,51600,621532,199616,1.25,205964,520300,0
cloud-k3s-pool-workers-worker4,1,2026-06-06 08:49:47 UTC,15032660,15453592,174680,1.09,51600,621532,199616,1.25,205964,520300,0
cloud-k3s-pool-workers-worker4,1,2026-06-06 08:49:48 UTC,15032660,15453592,174660,1.09,51600,621552,199616,1.25,205964,520300,188
cloud-k3s-pool-workers-worker4,1,2026-06-06 08:49:49 UTC,15032660,15453592,174652,1.09,51600,621560,199616,1.25,205964,520300,36
cloud-k3s-pool-workers-worker4,1,2026-06-06 08:49:50 UTC,15032660,15453592,174628,1.09,51612,621572,199616,1.25,205964,520300,76
cloud-k3s-pool-workers-worker4,1,2026-06-06 08:49:51 UTC,15032660,15453652,174620,1.09,51612,621580,199616,1.25,205964,520360,84
cloud-k3s-pool-workers-worker4,1,2026-06-06 08:49:52 UTC,15032660,15453652,174604,1.09,51612,621592,199616,1.25,205964,520360,100
cloud-k3s-pool-workers-worker4,1,2026-06-06 08:49:53 UTC,15032660,15453652,174596,1.09,51612,621600,199616,1.25,205964,520360,216
cloud-k3s-pool-workers-worker4,1,2026-06-06 08:49:54 UTC,15032660,15453652,174584,1.09,51612,621612,199616,1.25,205964,520360,228
cloud-k3s-pool-workers-worker4,1,2026-06-06 08:49:55 UTC,15032660,15453664,174572,1.09,51612,621624,199616,1.25,205964,520372,208
cloud-k3s-pool-workers-worker4,1,2026-06-06 08:49:56 UTC,15032660,15453664,174552,1.09,51624,621632,199616,1.25,205964,520372,248
cloud-k3s-pool-workers-worker4,1,2026-06-06 08:49:57 UTC,15032660,15453664,174552,1.09,51624,621632,199616,1.25,205964,520372,248
cloud-k3s-pool-workers-worker4,1,2026-06-06 08:49:58 UTC,15032660,15453736,174528,1.09,51624,621656,199616,1.25,205964,520444,224
cloud-k3s-pool-workers-worker4,1,2026-06-06 08:49:59 UTC,15032660,15453736,174516,1.09,51624,621668,199616,1.25,205964,520444,236
cloud-k3s-pool-workers-worker4,1,2026-06-06 08:50:00 UTC,15032660,15453736,174508,1.09,51624,621676,199616,1.25,205964,520444,72
cloud-k3s-pool-workers-worker4,1,2026-06-06 08:50:01 UTC,15032660,15453736,174508,1.09,51624,621676,199616,1.25,205964,520444,40
cloud-k3s-pool-workers-worker4,1,2026-06-06 08:50:02 UTC,15032660,15453736,174508,1.09,51636,621664,199616,1.25,205964,520444,40
cloud-k3s-pool-workers-worker4,1,2026-06-06 08:50:03 UTC,15032660,15453796,174464,1.09,51636,621708,199616,1.25,205964,520504,192
cloud-k3s-pool-workers-worker4,1,2026-06-06 08:50:04 UTC,15032660,15453796,174456,1.09,51636,621716,199616,1.25,205964,520504,200
cloud-k3s-pool-workers-worker4,1,2026-06-06 08:50:05 UTC,15032660,15453796,174444,1.09,51636,621728,199616,1.25,205964,520504,212
cloud-k3s-pool-workers-worker4,1,2026-06-06 08:50:06 UTC,15032660,15453796,174436,1.09,51636,621736,199616,1.25,205964,520504,220
cloud-k3s-pool-workers-worker4,1,2026-06-06 08:50:07 UTC,15032660,15453800,174420,1.09,51648,621736,199616,1.25,205964,520504,232
cloud-k3s-pool-workers-worker4,1,2026-06-06 08:50:08 UTC,15032660,15453888,174396,1.09,51648,621760,199616,1.25,205964,520592,40
cloud-k3s-pool-workers-worker4,1,2026-06-06 08:50:09 UTC,15032660,15453888,174388,1.09,51648,621768,199616,1.25,205964,520592,48
cloud-k3s-pool-workers-worker4,1,2026-06-06 08:50:10 UTC,15032660,15453888,174376,1.09,51648,621780,199616,1.25,205964,520592,60
cloud-k3s-pool-workers-worker4,1,2026-06-06 08:50:11 UTC,15032660,15453888,174368,1.09,51648,621788,199616,1.25,205964,520592,68
cloud-k3s-pool-workers-worker4,1,2026-06-06 08:50:12 UTC,15032660,15453888,174368,1.09,51660,621776,199616,1.25,205964,520592,68
cloud-k3s-pool-workers-worker4,1,2026-06-06 08:50:13 UTC,15032660,15453900,174336,1.09,51660,621808,199616,1.25,205964,520604,32
cloud-k3s-pool-workers-worker4,1,2026-06-06 08:50:14 UTC,15032660,15453960,174324,1.09,51660,621820,199616,1.25,205964,520664,44
cloud-k3s-pool-workers-worker4,1,2026-06-06 08:50:15 UTC,15032660,15453960,174316,1.09,51660,621828,199616,1.25,205964,520664,52
cloud-k3s-pool-workers-worker4,1,2026-06-06 08:50:16 UTC,15032660,15453960,174304,1.09,51660,621840,199616,1.25,205964,520664,64
cloud-k3s-pool-workers-worker4,1,2026-06-06 08:50:17 UTC,15032660,15453960,174304,1.09,51672,621828,199616,1.25,205964,520664,64
cloud-k3s-pool-workers-worker4,1,2026-06-06 08:50:18 UTC,15032660,15453960,174272,1.09,51672,621860,199616,1.25,205964,520664,196
cloud-k3s-pool-workers-worker4,1,2026-06-06 08:50:19 UTC,15032660,15453960,174260,1.09,51672,621872,199616,1.25,205964,520664,208
cloud-k3s-pool-workers-worker4,1,2026-06-06 08:50:20 UTC,15032660,15454020,174252,1.09,51672,621880,199616,1.25,205964,520724,216
cloud-k3s-pool-workers-worker4,1,2026-06-06 08:50:21 UTC,15032660,15454020,174240,1.09,51672,621892,199616,1.25,205964,520724,228
cloud-k3s-pool-workers-worker4,1,2026-06-06 08:50:22 UTC,15032660,15454020,174240,1.09,51684,621880,199616,1.25,205964,520724,228
cloud-k3s-pool-workers-worker4,1,2026-06-06 08:50:23 UTC,15032660,15454044,174204,1.09,51684,621912,199616,1.25,205964,520748,32
cloud-k3s-pool-workers-worker4,1,2026-06-06 08:50:24 UTC,15032660,15454044,174196,1.09,51684,621920,199616,1.25,205964,520748,40
cloud-k3s-pool-workers-worker4,1,2026-06-06 08:50:25 UTC,15032660,15454044,174184,1.09,51684,621932,199616,1.25,205964,520748,52
cloud-k3s-pool-workers-worker4,1,2026-06-06 08:50:26 UTC,15032660,15454044,174184,1.09,51684,621932,199616,1.25,205964,520748,52
cloud-k3s-pool-workers-worker4,1,2026-06-06 08:50:27 UTC,15032660,15454044,174184,1.09,51696,621920,199616,1.25,205964,520748,52
cloud-k3s-pool-workers-worker4,1,2026-06-06 08:50:28 UTC,15032660,15454104,174144,1.09,51696,621960,199616,1.25,205964,520808,188
cloud-k3s-pool-workers-worker4,1,2026-06-06 08:50:29 UTC,15032660,15454104,174132,1.09,51696,621972,199616,1.25,205964,520808,40
cloud-k3s-pool-workers-worker4,1,2026-06-06 08:50:30 UTC,15032660,15454104,174124,1.09,51696,621980,199616,1.25,205964,520808,48
cloud-k3s-pool-workers-worker4,1,2026-06-06 08:50:31 UTC,15032660,15454104,174112,1.09,51696,621992,199616,1.25,205964,520808,60
cloud-k3s-pool-workers-worker4,1,2026-06-06 08:50:32 UTC,15032168,15453684,174572,1.09,51708,621996,199616,1.25,205964,520872,216
cloud-k3s-pool-workers-worker4,1,2026-06-06 08:50:33 UTC,15032168,15453684,174564,1.09,51708,622004,199616,1.25,205964,520872,328
cloud-k3s-pool-workers-worker4,1,2026-06-06 08:50:34 UTC,15032168,15453696,174540,1.09,51708,622028,199616,1.25,205916,520884,312
cloud-k3s-pool-workers-worker4,1,2026-06-06 08:50:35 UTC,15032168,15453696,174532,1.09,51708,622036,199616,1.25,205916,520884,320
cloud-k3s-pool-workers-worker4,1,2026-06-06 08:50:36 UTC,15032168,15453696,174532,1.09,51708,622036,199616,1.25,205916,520884,320
cloud-k3s-pool-workers-worker4,1,2026-06-06 08:50:37 UTC,15032168,15453696,174512,1.09,51708,622056,199616,1.25,205916,520884,80
cloud-k3s-pool-workers-worker4,1,2026-06-06 08:50:38 UTC,15032168,15453760,174496,1.09,51720,622056,199616,1.25,205916,520944,252
cloud-k3s-pool-workers-worker4,1,2026-06-06 08:50:39 UTC,15032168,15453760,174496,1.09,51720,622056,199616,1.25,205916,520944,252
cloud-k3s-pool-workers-worker4,1,2026-06-06 08:50:40 UTC,15032168,15453760,174464,1.09,51720,622088,199616,1.25,205916,520944,188
cloud-k3s-pool-workers-worker4,1,2026-06-06 08:50:41 UTC,15032168,15453784,174452,1.09,51720,622096,202800,1.27,207488,520968,256
cloud-k3s-pool-workers-worker4,1,2026-06-06 08:50:42 UTC,15032168,15453784,174440,1.09,51720,622108,202800,1.27,207488,520968,268
cloud-k3s-pool-workers-worker4,1,2026-06-06 08:50:43 UTC,15032168,15453792,174416,1.09,51732,622120,202800,1.27,207568,520976,248
cloud-k3s-pool-workers-worker4,1,2026-06-06 08:50:44 UTC,15032168,15453856,174408,1.09,51732,622128,199616,1.25,205916,521040,268
cloud-k3s-pool-workers-worker4,1,2026-06-06 08:50:45 UTC,15032168,15453856,174396,1.09,51732,622140,199616,1.25,205916,521040,168
cloud-k3s-pool-workers-worker4,1,2026-06-06 08:50:46 UTC,15032168,15453856,174388,1.09,51732,622148,199616,1.25,205916,521040,176
cloud-k3s-pool-workers-worker4,1,2026-06-06 08:50:47 UTC,15032168,15453856,174388,1.09,51732,622148,199616,1.25,205916,521040,176
cloud-k3s-pool-workers-worker4,1,2026-06-06 08:50:48 UTC,15032168,15453856,174356,1.09,51744,622168,199616,1.25,205916,521040,244
cloud-k3s-pool-workers-worker4,1,2026-06-06 08:50:49 UTC,15032168,15453856,174344,1.09,51744,622180,199616,1.25,205916,521040,40
cloud-k3s-pool-workers-worker4,1,2026-06-06 08:50:50 UTC,15032168,15453916,174336,1.09,51744,622188,199616,1.25,205916,521100,44
cloud-k3s-pool-workers-worker4,1,2026-06-06 08:50:51 UTC,15032168,15453916,174324,1.09,51744,622200,199616,1.25,205916,521100,56
cloud-k3s-pool-workers-worker4,1,2026-06-06 08:50:52 UTC,15032168,15453916,174324,1.09,51744,622200,199616,1.25,205916,521100,56
cloud-k3s-pool-workers-worker4,1,2026-06-06 08:50:53 UTC,15032168,15453916,174288,1.09,51756,622220,199616,1.25,205916,521100,184
cloud-k3s-pool-workers-worker4,1,2026-06-06 08:50:54 UTC,15032168,15453916,174280,1.09,51756,622228,199616,1.25,205916,521100,196
cloud-k3s-pool-workers-worker4,1,2026-06-06 08:50:55 UTC,15032168,15453916,174268,1.09,51756,622240,199616,1.25,205916,521100,208
cloud-k3s-pool-workers-worker4,1,2026-06-06 08:50:56 UTC,15032168,15453976,174256,1.09,51756,622252,199616,1.25,205916,521160,220
cloud-k3s-pool-workers-worker4,1,2026-06-06 08:50:57 UTC,15032168,15453976,174256,1.09,51756,622252,199616,1.25,205916,521160,220
cloud-k3s-pool-workers-worker4,1,2026-06-06 08:50:58 UTC,15032168,15453976,174224,1.09,51768,622272,199616,1.25,205916,521160,196
cloud-k3s-pool-workers-worker4,1,2026-06-06 08:50:59 UTC,15032168,15453976,174216,1.09,51768,622280,199616,1.25,205916,521160,204
cloud-k3s-pool-workers-worker4,1,2026-06-06 08:51:00 UTC,15032168,15453976,174204,1.09,51768,622292,199616,1.25,205916,521160,40
cloud-k3s-pool-workers-worker4,1,2026-06-06 08:51:01 UTC,15032168,15453976,174196,1.09,51768,622300,199616,1.25,205916,521160,48
cloud-k3s-pool-workers-worker4,1,2026-06-06 08:51:02 UTC,15032168,15453976,174196,1.09,51768,622300,199616,1.25,205916,521160,48
cloud-k3s-pool-workers-worker4,1,2026-06-06 08:51:03 UTC,15032168,15454036,174164,1.09,51780,622320,199616,1.25,205916,521220,252
cloud-k3s-pool-workers-worker4,1,2026-06-06 08:51:04 UTC,15032168,15454036,174152,1.09,51780,622332,199616,1.25,205916,521220,268
cloud-k3s-pool-workers-worker4,1,2026-06-06 08:51:05 UTC,15032168,15454036,174144,1.09,51780,622340,199616,1.25,205916,521220,192
cloud-k3s-pool-workers-worker4,1,2026-06-06 08:51:06 UTC,15032168,15454036,174132,1.09,51780,622352,199616,1.25,205916,521220,204
cloud-k3s-pool-workers-worker4,1,2026-06-06 08:51:07 UTC,15032168,15454036,174132,1.09,51780,622352,199616,1.25,205916,521220,204
cloud-k3s-pool-workers-worker4,1,2026-06-06 08:51:08 UTC,15032168,15454156,174100,1.09,51792,622372,199616,1.25,205916,521340,260
cloud-k3s-pool-workers-worker4,1,2026-06-06 08:51:09 UTC,15032168,15454160,174084,1.09,51792,622384,199616,1.25,205916,521340,276
cloud-k3s-pool-workers-worker4,1,2026-06-06 08:51:10 UTC,15032168,15454160,174076,1.09,51792,622392,199616,1.25,205916,521340,48
cloud-k3s-pool-workers-worker4,1,2026-06-06 08:51:11 UTC,15032168,15454160,174064,1.09,51792,622404,199616,1.25,205916,521340,60
cloud-k3s-pool-workers-worker4,1,2026-06-06 08:51:12 UTC,15032168,15454160,174064,1.09,51792,622404,199616,1.25,205916,521340,60
cloud-k3s-pool-workers-worker4,1,2026-06-06 08:51:13 UTC,15032420,15454472,173776,1.09,51804,622424,199616,1.25,205916,521400,216
cloud-k3s-pool-workers-worker4,1,2026-06-06 08:51:14 UTC,15032420,15454472,173768,1.09,51804,622432,199616,1.25,205916,521400,68
cloud-k3s-pool-workers-worker4,1,2026-06-06 08:51:15 UTC,15032420,15454472,173756,1.09,51804,622444,199616,1.25,205916,521400,28
cloud-k3s-pool-workers-worker4,1,2026-06-06 08:51:16 UTC,15032420,15454472,173748,1.09,51804,622452,199616,1.25,205916,521400,36
cloud-k3s-pool-workers-worker4,1,2026-06-06 08:51:17 UTC,15032420,15454472,173736,1.09,51804,622464,199616,1.25,205916,521400,48
cloud-k3s-pool-workers-worker4,1,2026-06-06 08:51:18 UTC,15032420,15454472,173728,1.09,51816,622460,199616,1.25,205916,521400,220
cloud-k3s-pool-workers-worker4,1,2026-06-06 08:51:19 UTC,15032420,15454532,173716,1.09,51816,622472,199616,1.25,205916,521460,236
cloud-k3s-pool-workers-worker4,1,2026-06-06 08:51:20 UTC,15032420,15454532,173692,1.09,51816,622496,199616,1.25,205916,521460,220
cloud-k3s-pool-workers-worker4,1,2026-06-06 08:51:21 UTC,15032420,15454532,173684,1.09,51816,622504,199616,1.25,205916,521460,228
cloud-k3s-pool-workers-worker4,1,2026-06-06 08:51:22 UTC,15032420,15454532,173684,1.09,51816,622504,199616,1.25,205916,521460,228
cloud-k3s-pool-workers-worker4,1,2026-06-06 08:51:23 UTC,15032420,15454532,173664,1.09,51816,622524,199616,1.25,205916,521460,264
cloud-k3s-pool-workers-worker4,1,2026-06-06 08:51:24 UTC,15032420,15454536,173648,1.09,51828,622524,199616,1.25,205916,521460,276
cloud-k3s-pool-workers-worker4,1,2026-06-06 08:51:25 UTC,15032420,15454632,173628,1.09,51828,622544,199616,1.25,205916,521556,16
cloud-k3s-pool-workers-worker4,1,2026-06-06 08:51:26 UTC,15032420,15454632,173628,1.09,51828,622544,199616,1.25,205916,521556,16
cloud-k3s-pool-workers-worker4,1,2026-06-06 08:51:27 UTC,15032420,15454632,173628,1.09,51828,622544,199616,1.25,205916,521556,16
cloud-k3s-pool-workers-worker4,1,2026-06-06 08:51:28 UTC,15032420,15454632,173596,1.09,51828,622576,199616,1.25,205916,521556,208
cloud-k3s-pool-workers-worker4,1,2026-06-06 08:51:29 UTC,15032420,15454632,173588,1.09,51840,622572,199616,1.25,205916,521556,216
cloud-k3s-pool-workers-worker4,1,2026-06-06 08:51:30 UTC,15032420,15454632,173564,1.09,51840,622596,199616,1.25,205916,521556,192
cloud-k3s-pool-workers-worker4,1,2026-06-06 08:51:31 UTC,15032420,15454692,173552,1.09,51840,622608,199616,1.25,205916,521616,204
cloud-k3s-pool-workers-worker4,1,2026-06-06 08:51:32 UTC,15032420,15454692,173552,1.09,51840,622608,199616,1.25,205916,521616,204
cloud-k3s-pool-workers-worker4,1,2026-06-06 08:51:33 UTC,15032420,15454692,173532,1.09,51840,622628,199616,1.25,205916,521616,244
cloud-k3s-pool-workers-worker4,1,2026-06-06 08:51:34 UTC,15032420,15454692,173524,1.09,51852,622624,199616,1.25,205916,521616,252
cloud-k3s-pool-workers-worker4,1,2026-06-06 08:51:35 UTC,15032420,15454692,173500,1.09,51852,622648,199616,1.25,205916,521616,40
cloud-k3s-pool-workers-worker4,1,2026-06-06 08:51:36 UTC,15032420,15454692,173492,1.09,51852,622656,199616,1.25,205916,521616,48
cloud-k3s-pool-workers-worker4,1,2026-06-06 08:51:37 UTC,15032420,15454692,173492,1.09,51852,622656,199616,1.25,205916,521616,48
cloud-k3s-pool-workers-worker4,1,2026-06-06 08:51:38 UTC,15032420,15454752,173472,1.09,51852,622676,199616,1.25,205916,521676,228
cloud-k3s-pool-workers-worker4,1,2026-06-06 08:51:39 UTC,15032420,15454752,173444,1.09,51864,622688,199616,1.25,205916,521676,16
cloud-k3s-pool-workers-worker4,1,2026-06-06 08:51:40 UTC,15032420,15454752,173444,1.09,51864,622688,199616,1.25,205916,521676,16
cloud-k3s-pool-workers-worker4,1,2026-06-06 08:51:41 UTC,15032420,15454752,173444,1.09,51864,622688,199616,1.25,205916,521676,16
cloud-k3s-pool-workers-worker4,1,2026-06-06 08:51:42 UTC,15032420,15454752,173444,1.09,51864,622688,199616,1.25,205916,521676,16
cloud-k3s-pool-workers-worker4,1,2026-06-06 08:51:43 UTC,15032180,15454580,173628,1.09,51864,622728,199616,1.25,205916,521736,224
cloud-k3s-pool-workers-worker4,1,2026-06-06 08:51:44 UTC,15032180,15454596,173616,1.09,51876,622728,199616,1.25,205916,521752,164
cloud-k3s-pool-workers-worker4,1,2026-06-06 08:51:45 UTC,15032180,15454596,173596,1.09,51876,622748,199616,1.25,205916,521752,192
cloud-k3s-pool-workers-worker4,1,2026-06-06 08:51:46 UTC,15032180,15454596,173584,1.09,51876,622760,199616,1.25,205916,521752,204
cloud-k3s-pool-workers-worker4,1,2026-06-06 08:51:47 UTC,15032180,15454596,173584,1.09,51876,622760,199616,1.25,205916,521752,204
cloud-k3s-pool-workers-worker4,1,2026-06-06 08:51:48 UTC,15032432,15454888,173312,1.08,51876,622780,199616,1.25,205916,521792,232
cloud-k3s-pool-workers-worker4,1,2026-06-06 08:51:49 UTC,15032432,15454896,173292,1.08,51888,622788,199616,1.25,205916,521800,240
cloud-k3s-pool-workers-worker4,1,2026-06-06 08:51:50 UTC,15032432,15454944,173280,1.08,51888,622800,199616,1.25,205916,521848,32
cloud-k3s-pool-workers-worker4,1,2026-06-06 08:51:51 UTC,15032432,15454944,173272,1.08,51888,622808,199616,1.25,205916,521848,40
cloud-k3s-pool-workers-worker4,1,2026-06-06 08:51:52 UTC,15032432,15454944,173272,1.08,51888,622808,199616,1.25,205916,521848,40
cloud-k3s-pool-workers-worker4,1,2026-06-06 08:51:53 UTC,15032432,15454944,173252,1.08,51888,622828,199616,1.25,205916,521848,224
cloud-k3s-pool-workers-worker4,1,2026-06-06 08:51:54 UTC,15032432,15455008,173240,1.08,51900,622828,199616,1.25,205916,521912,4
cloud-k3s-pool-workers-worker4,1,2026-06-06 08:51:55 UTC,15032432,15455012,173212,1.08,51900,622852,199616,1.25,205916,521912,32
cloud-k3s-pool-workers-worker4,1,2026-06-06 08:51:56 UTC,15032432,15455012,173212,1.08,51900,622852,199616,1.25,205916,521912,32
cloud-k3s-pool-workers-worker4,1,2026-06-06 08:51:57 UTC,15032432,15455012,173212,1.08,51900,622852,199616,1.25,205916,521912,32
cloud-k3s-pool-workers-worker4,1,2026-06-06 08:51:58 UTC,15032432,15455012,173184,1.08,51900,622880,199616,1.25,205916,521912,220
cloud-k3s-pool-workers-worker4,1,2026-06-06 08:51:59 UTC,15032432,15455012,173172,1.08,51912,622880,200976,1.26,206696,521912,232
cloud-k3s-pool-workers-worker4,1,2026-06-06 08:52:00 UTC,15032432,15455096,173152,1.08,51912,622900,199616,1.25,205916,521996,236
cloud-k3s-pool-workers-worker4,1,2026-06-06 08:52:01 UTC,15032432,15455096,173140,1.08,51912,622912,199616,1.25,205916,521996,248
cloud-k3s-pool-workers-worker4,1,2026-06-06 08:52:02 UTC,15032432,15455096,173132,1.08,51912,622920,199616,1.25,205916,521996,256
cloud-k3s-pool-workers-worker4,1,2026-06-06 08:52:03 UTC,15032432,15455096,173132,1.08,51912,622920,199616,1.25,205916,521996,272
cloud-k3s-pool-workers-worker4,1,2026-06-06 08:52:04 UTC,15032432,15455096,173112,1.08,51912,622940,199616,1.25,205916,521996,76
cloud-k3s-pool-workers-worker4,1,2026-06-06 08:52:05 UTC,15032432,15455160,173088,1.08,51924,622952,199616,1.25,205916,522060,0
cloud-k3s-pool-workers-worker4,1,2026-06-06 08:52:06 UTC,15032432,15455160,173088,1.08,51924,622952,199616,1.25,205916,522060,0
cloud-k3s-pool-workers-worker4,1,2026-06-06 08:52:07 UTC,15032432,15455160,173088,1.08,51924,622952,199616,1.25,205916,522060,0
cloud-k3s-pool-workers-worker4,1,2026-06-06 08:52:08 UTC,15032432,15455160,173056,1.08,51924,622984,199616,1.25,205916,522060,204
cloud-k3s-pool-workers-worker4,1,2026-06-06 08:52:09 UTC,15032432,15455160,173048,1.08,51924,622992,199616,1.25,205916,522060,212
cloud-k3s-pool-workers-worker4,1,2026-06-06 08:52:10 UTC,15032432,15455212,173020,1.08,51936,623004,199616,1.25,205916,522112,184
cloud-k3s-pool-workers-worker4,1,2026-06-06 08:52:11 UTC,15032432,15455212,173012,1.08,51936,623012,199616,1.25,205916,522112,196
cloud-k3s-pool-workers-worker4,1,2026-06-06 08:52:12 UTC,15032432,15455212,173012,1.08,51936,623012,199616,1.25,205916,522112,196
cloud-k3s-pool-workers-worker4,1,2026-06-06 08:52:13 UTC,15032432,15455212,172992,1.08,51936,623032,199616,1.25,205916,522112,228
cloud-k3s-pool-workers-worker4,1,2026-06-06 08:52:14 UTC,15032432,15455212,172980,1.08,51936,623044,199616,1.25,205916,522112,240
cloud-k3s-pool-workers-worker4,1,2026-06-06 08:52:15 UTC,15032180,15454976,173208,1.08,51948,623052,199616,1.25,205916,522124,24
cloud-k3s-pool-workers-worker4,1,2026-06-06 08:52:16 UTC,15032180,15455036,173196,1.08,51948,623064,199616,1.25,205916,522184,40
cloud-k3s-pool-workers-worker4,1,2026-06-06 08:52:17 UTC,15032180,15455036,173196,1.08,51948,623064,199616,1.25,205916,522184,40
cloud-k3s-pool-workers-worker4,1,2026-06-06 08:52:18 UTC,15032180,15455036,173176,1.08,51948,623084,199616,1.25,205916,522184,228
cloud-k3s-pool-workers-worker4,1,2026-06-06 08:52:19 UTC,15032180,15455036,173164,1.08,51948,623096,199616,1.25,205916,522184,240
cloud-k3s-pool-workers-worker4,1,2026-06-06 08:52:20 UTC,15032180,15455036,173144,1.08,51960,623104,199616,1.25,205916,522184,20
cloud-k3s-pool-workers-worker4,1,2026-06-06 08:52:21 UTC,15032180,15455036,173132,1.08,51960,623116,199616,1.25,205916,522184,36
cloud-k3s-pool-workers-worker4,1,2026-06-06 08:52:22 UTC,15032180,15455096,173124,1.08,51960,623124,199616,1.25,205916,522244,44
cloud-k3s-pool-workers-worker4,1,2026-06-06 08:52:23 UTC,15032180,15455096,173112,1.08,51980,623116,199616,1.25,205916,522244,216
cloud-k3s-pool-workers-worker4,1,2026-06-06 08:52:24 UTC,15032180,15455096,173112,1.08,51980,623116,199616,1.25,205916,522244,216
cloud-k3s-pool-workers-worker4,1,2026-06-06 08:52:25 UTC,15031928,15454844,173320,1.08,51980,623156,199616,1.25,205916,522244,160
cloud-k3s-pool-workers-worker4,1,2026-06-06 08:52:26 UTC,15031928,15454844,173312,1.08,51980,623164,199616,1.25,205916,522244,172
cloud-k3s-pool-workers-worker4,1,2026-06-06 08:52:27 UTC,15031928,15454844,173312,1.08,51980,623164,199616,1.25,205916,522244,172
cloud-k3s-pool-workers-worker4,1,2026-06-06 08:52:28 UTC,15031928,15454904,173292,1.08,51992,623172,199616,1.25,205916,522304,204
cloud-k3s-pool-workers-worker4,1,2026-06-06 08:52:29 UTC,15031928,15454904,173280,1.08,51992,623184,199616,1.25,205916,522304,216
cloud-k3s-pool-workers-worker4,1,2026-06-06 08:52:30 UTC,15031928,15454904,173256,1.08,51992,623208,199616,1.25,205920,522304,32
cloud-k3s-pool-workers-worker4,1,2026-06-06 08:52:31 UTC,15031928,15454904,173248,1.08,51992,623216,199616,1.25,205920,522304,44
cloud-k3s-pool-workers-worker4,1,2026-06-06 08:52:32 UTC,15031928,15454904,173248,1.08,51992,623216,199616,1.25,205920,522304,44
cloud-k3s-pool-workers-worker4,1,2026-06-06 08:52:33 UTC,15031928,15454904,173228,1.08,51992,623236,199616,1.25,205920,522304,228
cloud-k3s-pool-workers-worker4,1,2026-06-06 08:52:34 UTC,15031928,15454964,173216,1.08,52004,623236,199616,1.25,205920,522364,240
cloud-k3s-pool-workers-worker4,1,2026-06-06 08:52:35 UTC,15031928,15455024,173196,1.08,52004,623256,199616,1.25,205920,522424,0
cloud-k3s-pool-workers-worker4,1,2026-06-06 08:52:36 UTC,15031928,15455024,173184,1.08,52004,623268,199616,1.25,205920,522424,16
cloud-k3s-pool-workers-worker4,1,2026-06-06 08:52:37 UTC,15031928,15455024,173184,1.08,52004,623268,199616,1.25,205920,522424,16
cloud-k3s-pool-workers-worker4,1,2026-06-06 08:52:38 UTC,15031928,15455024,173160,1.08,52004,623292,199616,1.25,205920,522424,204
cloud-k3s-pool-workers-worker4,1,2026-06-06 08:52:39 UTC,15031928,15455024,173152,1.08,52004,623300,199616,1.25,205920,522424,212
cloud-k3s-pool-workers-worker4,1,2026-06-06 08:52:40 UTC,15031928,15455084,173128,1.08,52016,623312,199616,1.25,205920,522484,252
cloud-k3s-pool-workers-worker4,1,2026-06-06 08:52:41 UTC,15031928,15455088,173116,1.08,52016,623320,199616,1.25,205920,522484,264
cloud-k3s-pool-workers-worker4,1,2026-06-06 08:52:42 UTC,15031928,15455088,173116,1.08,52016,623320,199616,1.25,205920,522484,264
cloud-k3s-pool-workers-worker4,1,2026-06-06 08:52:43 UTC,15031928,15455092,173092,1.08,52016,623344,199616,1.25,205920,522488,72
cloud-k3s-pool-workers-worker4,1,2026-06-06 08:52:44 UTC,15031928,15455092,173084,1.08,52016,623352,199616,1.25,205920,522488,80
cloud-k3s-pool-workers-worker4,1,2026-06-06 08:52:45 UTC,15032180,15455344,172820,1.08,52016,623364,199616,1.25,205920,522488,56
cloud-k3s-pool-workers-worker4,1,2026-06-06 08:52:46 UTC,15032180,15455404,172812,1.08,52028,623360,199616,1.25,205920,522548,0
cloud-k3s-pool-workers-worker4,1,2026-06-06 08:52:47 UTC,15032180,15455404,172812,1.08,52028,623360,199616,1.25,205920,522548,0
cloud-k3s-pool-workers-worker4,1,2026-06-06 08:52:48 UTC,15032180,15455404,172780,1.08,52028,623392,199616,1.25,205920,522548,224
cloud-k3s-pool-workers-worker4,1,2026-06-06 08:52:49 UTC,15032180,15455404,172768,1.08,52028,623404,199616,1.25,205920,522548,236
cloud-k3s-pool-workers-worker4,1,2026-06-06 08:52:50 UTC,15032180,15455404,172760,1.08,52028,623412,199616,1.25,205920,522548,244
cloud-k3s-pool-workers-worker4,1,2026-06-06 08:52:51 UTC,15032180,15455404,172748,1.08,52040,623412,199616,1.25,205920,522548,256
cloud-k3s-pool-workers-worker4,1,2026-06-06 08:52:52 UTC,15032180,15455404,172748,1.08,52040,623412,199616,1.25,205920,522548,256
cloud-k3s-pool-workers-worker4,1,2026-06-06 08:52:53 UTC,15032180,15455464,172716,1.08,52040,623444,199616,1.25,205920,522608,40
cloud-k3s-pool-workers-worker4,1,2026-06-06 08:52:54 UTC,15032180,15455464,172704,1.08,52040,623456,199616,1.25,205920,522608,52
cloud-k3s-pool-workers-worker4,1,2026-06-06 08:52:55 UTC,15032180,15455464,172696,1.08,52040,623464,199616,1.25,205920,522608,60
cloud-k3s-pool-workers-worker4,1,2026-06-06 08:52:56 UTC,15031676,15454960,173184,1.08,52052,623464,199616,1.25,205920,522608,72
cloud-k3s-pool-workers-worker4,1,2026-06-06 08:52:57 UTC,15031676,15454960,173184,1.08,52052,623464,199616,1.25,205920,522608,72
cloud-k3s-pool-workers-worker4,1,2026-06-06 08:52:58 UTC,15031676,15455020,173152,1.08,52052,623496,199616,1.25,205920,522668,208
cloud-k3s-pool-workers-worker4,1,2026-06-06 08:52:59 UTC,15031676,15455020,173144,1.08,52052,623504,199616,1.25,205920,522668,56
cloud-k3s-pool-workers-worker4,1,2026-06-06 08:53:00 UTC,15031676,15455020,173132,1.08,52052,623516,199616,1.25,205920,522668,68
cloud-k3s-pool-workers-worker4,1,2026-06-06 08:53:01 UTC,15031676,15455020,173124,1.08,52064,623512,199616,1.25,205920,522668,76
cloud-k3s-pool-workers-worker4,1,2026-06-06 08:53:02 UTC,15031676,15455020,173124,1.08,52064,623512,199616,1.25,205920,522668,76
cloud-k3s-pool-workers-worker4,1,2026-06-06 08:53:03 UTC,15031676,15455080,173092,1.08,52064,623544,199616,1.25,205920,522728,204
cloud-k3s-pool-workers-worker4,1,2026-06-06 08:53:04 UTC,15031676,15455140,173080,1.08,52064,623556,199616,1.25,205920,522788,216
cloud-k3s-pool-workers-worker4,1,2026-06-06 08:53:05 UTC,15031676,15455140,173072,1.08,52064,623564,199616,1.25,205920,522788,220
cloud-k3s-pool-workers-worker4,1,2026-06-06 08:53:06 UTC,15031676,15455140,173060,1.08,52076,623564,199616,1.25,205920,522788,176
cloud-k3s-pool-workers-worker4,1,2026-06-06 08:53:07 UTC,15031676,15455140,173060,1.08,52076,623564,199616,1.25,205920,522788,176
cloud-k3s-pool-workers-worker4,1,2026-06-06 08:53:08 UTC,15031676,15455140,173028,1.08,52076,623596,199616,1.25,205920,522788,216
cloud-k3s-pool-workers-worker4,1,2026-06-06 08:53:09 UTC,15031676,15455200,173016,1.08,52076,623608,199616,1.25,205920,522848,52
cloud-k3s-pool-workers-worker4,1,2026-06-06 08:53:10 UTC,15031676,15455200,173008,1.08,52076,623616,199616,1.25,205920,522848,64
cloud-k3s-pool-workers-worker4,1,2026-06-06 08:53:11 UTC,15031676,15455204,172992,1.08,52088,623616,199616,1.25,205920,522848,76
cloud-k3s-pool-workers-worker4,1,2026-06-06 08:53:12 UTC,15031676,15455204,172992,1.08,52088,623616,199616,1.25,205920,522848,76
cloud-k3s-pool-workers-worker4,1,2026-06-06 08:53:13 UTC,15031676,15455204,172960,1.08,52088,623648,199616,1.25,205920,522848,204
cloud-k3s-pool-workers-worker4,1,2026-06-06 08:53:14 UTC,15031676,15455204,172952,1.08,52088,623656,199616,1.25,205920,522848,212
cloud-k3s-pool-workers-worker4,1,2026-06-06 08:53:15 UTC,15031676,15455264,172940,1.08,52088,623668,199616,1.25,205920,522908,224
cloud-k3s-pool-workers-worker4,1,2026-06-06 08:53:16 UTC,15031676,15455264,172932,1.08,52100,623664,199616,1.25,205920,522908,232
cloud-k3s-pool-workers-worker4,1,2026-06-06 08:53:17 UTC,15031676,15455264,172932,1.08,52100,623664,199616,1.25,205920,522908,232
cloud-k3s-pool-workers-worker4,1,2026-06-06 08:53:18 UTC,15031676,15455264,172896,1.08,52100,623700,199616,1.25,205920,522908,48
cloud-k3s-pool-workers-worker4,1,2026-06-06 08:53:19 UTC,15031676,15455264,172888,1.08,52100,623708,199616,1.25,205920,522908,56
cloud-k3s-pool-workers-worker4,1,2026-06-06 08:53:20 UTC,15031928,15455516,172624,1.08,52100,623720,199616,1.25,205920,522908,68
cloud-k3s-pool-workers-worker4,1,2026-06-06 08:53:21 UTC,15031928,15455576,172616,1.08,52112,623716,199616,1.25,205920,522968,76
cloud-k3s-pool-workers-worker4,1,2026-06-06 08:53:22 UTC,15031928,15455576,172616,1.08,52112,623716,199616,1.25,205920,522968,76
cloud-k3s-pool-workers-worker4,1,2026-06-06 08:53:23 UTC,15031928,15455576,172580,1.08,52112,623748,199616,1.25,205920,522968,196
cloud-k3s-pool-workers-worker4,1,2026-06-06 08:53:24 UTC,15031928,15455576,172568,1.08,52112,623760,199616,1.25,205920,522968,48
cloud-k3s-pool-workers-worker4,1,2026-06-06 08:53:25 UTC,15031928,15455576,172560,1.08,52112,623768,199616,1.25,205920,522968,56
cloud-k3s-pool-workers-worker4,1,2026-06-06 08:53:26 UTC,15031928,15455576,172548,1.08,52124,623768,199616,1.25,205920,522968,68
cloud-k3s-pool-workers-worker4,1,2026-06-06 08:53:27 UTC,15031928,15455640,172536,1.08,52124,623776,199616,1.25,205920,523028,80
cloud-k3s-pool-workers-worker4,1,2026-06-06 08:53:28 UTC,15031928,15455700,172512,1.08,52124,623800,199616,1.25,205920,523088,212
cloud-k3s-pool-workers-worker4,1,2026-06-06 08:53:29 UTC,15031928,15455700,172504,1.08,52124,623808,199616,1.25,205920,523088,220
cloud-k3s-pool-workers-worker4,1,2026-06-06 08:53:30 UTC,15031928,15455700,172492,1.08,52124,623820,199616,1.25,205920,523088,232
cloud-k3s-pool-workers-worker4,1,2026-06-06 08:53:31 UTC,15031928,15455700,172480,1.08,52124,623832,199616,1.25,205920,523088,244
cloud-k3s-pool-workers-worker4,1,2026-06-06 08:53:32 UTC,15031928,15455700,172480,1.08,52136,623820,199616,1.25,205920,523088,244
cloud-k3s-pool-workers-worker4,1,2026-06-06 08:53:33 UTC,15031928,15455764,172448,1.08,52136,623852,199616,1.25,205920,523152,16
cloud-k3s-pool-workers-worker4,1,2026-06-06 08:53:34 UTC,15031928,15455764,172440,1.08,52136,623860,199616,1.25,205920,523152,24
cloud-k3s-pool-workers-worker4,1,2026-06-06 08:53:35 UTC,15031928,15455764,172428,1.08,52136,623872,199616,1.25,205920,523152,36
cloud-k3s-pool-workers-worker4,1,2026-06-06 08:53:36 UTC,15031928,15455764,172420,1.08,52136,623880,199616,1.25,205920,523152,44
cloud-k3s-pool-workers-worker4,1,2026-06-06 08:53:37 UTC,15031928,15455764,172420,1.08,52148,623868,199616,1.25,205920,523152,44
cloud-k3s-pool-workers-worker4,1,2026-06-06 08:53:38 UTC,15031928,15455764,172388,1.08,52148,623900,199616,1.25,205920,523152,196
cloud-k3s-pool-workers-worker4,1,2026-06-06 08:53:39 UTC,15031928,15455824,172376,1.08,52148,623912,199616,1.25,205920,523212,48
cloud-k3s-pool-workers-worker4,1,2026-06-06 08:53:40 UTC,15031928,15455824,172368,1.08,52148,623920,199616,1.25,205920,523212,56
cloud-k3s-pool-workers-worker4,1,2026-06-06 08:53:41 UTC,15031928,15455824,172356,1.08,52148,623932,199616,1.25,205920,523212,68
cloud-k3s-pool-workers-worker4,1,2026-06-06 08:53:42 UTC,15031928,15455824,172356,1.08,52160,623920,199616,1.25,205920,523212,68
cloud-k3s-pool-workers-worker4,1,2026-06-06 08:53:43 UTC,15031928,15455856,172320,1.08,52160,623952,199616,1.25,205920,523244,188
cloud-k3s-pool-workers-worker4,1,2026-06-06 08:53:44 UTC,15031928,15455856,172308,1.08,52160,623964,199616,1.25,205920,523244,200
cloud-k3s-pool-workers-worker4,1,2026-06-06 08:53:45 UTC,15031928,15455916,172300,1.08,52160,623972,199616,1.25,205920,523304,208
cloud-k3s-pool-workers-worker4,1,2026-06-06 08:53:46 UTC,15031928,15455916,172288,1.08,52160,623984,199616,1.25,205920,523304,220
cloud-k3s-pool-workers-worker4,1,2026-06-06 08:53:47 UTC,15031928,15455932,172264,1.08,52172,623996,203064,1.27,207596,523320,268
cloud-k3s-pool-workers-worker4,1,2026-06-06 08:53:48 UTC,15031928,15455932,172252,1.08,52172,624008,203064,1.27,207596,523320,300
cloud-k3s-pool-workers-worker4,1,2026-06-06 08:53:49 UTC,15031172,15455188,172976,1.08,52172,624016,206040,1.29,208956,523332,172
cloud-k3s-pool-workers-worker4,1,2026-06-06 08:53:50 UTC,15030164,15454180,173992,1.09,52172,624028,203064,1.27,207608,523332,224
cloud-k3s-pool-workers-worker4,1,2026-06-06 08:53:51 UTC,15031760,15455836,172388,1.08,52172,624040,199616,1.25,205872,523392,252
cloud-k3s-pool-workers-worker4,1,2026-06-06 08:53:52 UTC,15031760,15455836,172364,1.08,52184,624052,199616,1.25,205872,523392,212
cloud-k3s-pool-workers-worker4,1,2026-06-06 08:53:53 UTC,15031760,15455836,172352,1.08,52184,624064,199616,1.25,205872,523392,304
cloud-k3s-pool-workers-worker4,1,2026-06-06 08:53:54 UTC,15031760,15455836,172344,1.08,52184,624072,199616,1.25,205872,523392,312
cloud-k3s-pool-workers-worker4,1,2026-06-06 08:53:55 UTC,15031760,15455836,172332,1.08,52184,624084,199616,1.25,205872,523392,64
cloud-k3s-pool-workers-worker4,1,2026-06-06 08:53:56 UTC,15031760,15455836,172324,1.08,52184,624092,199616,1.25,205872,523392,72
cloud-k3s-pool-workers-worker4,1,2026-06-06 08:53:57 UTC,15031760,15455836,172324,1.08,52200,624076,199616,1.25,205872,523392,72
cloud-k3s-pool-workers-worker4,1,2026-06-06 08:53:58 UTC,15030752,15454896,173292,1.08,52200,624112,199616,1.25,205872,523456,204
cloud-k3s-pool-workers-worker4,1,2026-06-06 08:53:59 UTC,15030752,15454896,173280,1.08,52200,624124,199616,1.25,205872,523456,216
cloud-k3s-pool-workers-worker4,1,2026-06-06 08:54:00 UTC,15030752,15454896,173272,1.08,52200,624132,199616,1.25,205872,523456,220
cloud-k3s-pool-workers-worker4,1,2026-06-06 08:54:01 UTC,15030752,15454896,173260,1.08,52200,624144,199616,1.25,205872,523456,232
cloud-k3s-pool-workers-worker4,1,2026-06-06 08:54:02 UTC,15030752,15454896,173260,1.08,52212,624132,199616,1.25,205872,523456,232
cloud-k3s-pool-workers-worker4,1,2026-06-06 08:54:03 UTC,15030752,15454956,173228,1.08,52212,624164,199616,1.25,205872,523516,28
cloud-k3s-pool-workers-worker4,1,2026-06-06 08:54:04 UTC,15030752,15454956,173220,1.08,52212,624172,199616,1.25,205872,523516,36
cloud-k3s-pool-workers-worker4,1,2026-06-06 08:54:05 UTC,15030752,15454956,173208,1.08,52212,624184,199616,1.25,205872,523516,52
cloud-k3s-pool-workers-worker4,1,2026-06-06 08:54:06 UTC,15030752,15454956,173196,1.08,52212,624196,199616,1.25,205872,523516,64
cloud-k3s-pool-workers-worker4,1,2026-06-06 08:54:07 UTC,15030752,15454956,173196,1.08,52224,624184,199616,1.25,205872,523516,64
cloud-k3s-pool-workers-worker4,1,2026-06-06 08:54:08 UTC,15030752,15454956,173164,1.08,52224,624216,199616,1.25,205872,523516,32
cloud-k3s-pool-workers-worker4,1,2026-06-06 08:54:09 UTC,15030752,15455016,173156,1.08,52224,624224,199616,1.25,205872,523576,40
cloud-k3s-pool-workers-worker4,1,2026-06-06 08:54:10 UTC,15030752,15455016,173144,1.08,52224,624236,199616,1.25,205872,523576,52
cloud-k3s-pool-workers-worker4,1,2026-06-06 08:54:11 UTC,15030752,15455016,173136,1.08,52224,624244,199616,1.25,205872,523576,60
cloud-k3s-pool-workers-worker4,1,2026-06-06 08:54:12 UTC,15030752,15455016,173124,1.08,52224,624256,199616,1.25,205872,523576,72
cloud-k3s-pool-workers-worker4,1,2026-06-06 08:54:13 UTC,15030752,15455076,173100,1.08,52236,624264,199616,1.25,205872,523636,164
cloud-k3s-pool-workers-worker4,1,2026-06-06 08:54:14 UTC,15030752,15455076,173088,1.08,52236,624276,199616,1.25,205872,523636,180
cloud-k3s-pool-workers-worker4,1,2026-06-06 08:54:15 UTC,15030752,15455136,173080,1.08,52236,624284,199616,1.25,205872,523696,188
cloud-k3s-pool-workers-worker4,1,2026-06-06 08:54:16 UTC,15030752,15455136,173068,1.08,52236,624296,199616,1.25,205872,523696,200
cloud-k3s-pool-workers-worker4,1,2026-06-06 08:54:17 UTC,15030752,15455136,173068,1.08,52236,624296,199616,1.25,205872,523696,200
cloud-k3s-pool-workers-worker4,1,2026-06-06 08:54:18 UTC,15030752,15455136,173036,1.08,52248,624316,199616,1.25,205872,523696,16
cloud-k3s-pool-workers-worker4,1,2026-06-06 08:54:19 UTC,15030752,15455136,173024,1.08,52248,624328,199616,1.25,205872,523696,32
cloud-k3s-pool-workers-worker4,1,2026-06-06 08:54:20 UTC,15030752,15455136,173016,1.08,52248,624336,199616,1.25,205872,523696,40
cloud-k3s-pool-workers-worker4,1,2026-06-06 08:54:21 UTC,15030752,15455196,173004,1.08,52248,624348,199616,1.25,205872,523756,52
cloud-k3s-pool-workers-worker4,1,2026-06-06 08:54:22 UTC,15030752,15455196,173004,1.08,52248,624348,199616,1.25,205872,523756,52
cloud-k3s-pool-workers-worker4,1,2026-06-06 08:54:23 UTC,15030752,15455208,172972,1.08,52260,624368,199616,1.25,205872,523768,180
cloud-k3s-pool-workers-worker4,1,2026-06-06 08:54:24 UTC,15030752,15455208,172964,1.08,52260,624376,199616,1.25,205872,523768,32
cloud-k3s-pool-workers-worker4,1,2026-06-06 08:54:25 UTC,15030752,15455208,172952,1.08,52260,624388,199616,1.25,205872,523768,44
cloud-k3s-pool-workers-worker4,1,2026-06-06 08:54:26 UTC,15030752,15455208,172944,1.08,52260,624396,199616,1.25,205872,523768,52
cloud-k3s-pool-workers-worker4,1,2026-06-06 08:54:27 UTC,15030752,15455268,172932,1.08,52260,624408,199616,1.25,205872,523828,64
cloud-k3s-pool-workers-worker4,1,2026-06-06 08:54:28 UTC,15030752,15455272,172908,1.08,52272,624416,199616,1.25,205872,523828,180
cloud-k3s-pool-workers-worker4,1,2026-06-06 08:54:29 UTC,15030752,15455272,172896,1.08,52272,624428,199616,1.25,205872,523828,192
cloud-k3s-pool-workers-worker4,1,2026-06-06 08:54:30 UTC,15030752,15455272,172884,1.08,52272,624440,199616,1.25,205872,523828,204
cloud-k3s-pool-workers-worker4,1,2026-06-06 08:54:31 UTC,15030752,15455272,172884,1.08,52272,624440,199616,1.25,205872,523828,204
cloud-k3s-pool-workers-worker4,1,2026-06-06 08:54:32 UTC,15030752,15455272,172884,1.08,52272,624440,199616,1.25,205872,523828,204
cloud-k3s-pool-workers-worker4,1,2026-06-06 08:54:33 UTC,15030752,15455332,172856,1.08,52284,624456,199616,1.25,205872,523888,228
cloud-k3s-pool-workers-worker4,1,2026-06-06 08:54:34 UTC,15030752,15455332,172844,1.08,52284,624468,199616,1.25,205872,523888,72
cloud-k3s-pool-workers-worker4,1,2026-06-06 08:54:35 UTC,15031004,15455584,172568,1.08,52284,624488,199616,1.25,205920,523888,48
cloud-k3s-pool-workers-worker4,1,2026-06-06 08:54:36 UTC,15031004,15455584,172556,1.08,52284,624500,199616,1.25,205920,523888,60
cloud-k3s-pool-workers-worker4,1,2026-06-06 08:54:37 UTC,15031004,15455584,172548,1.08,52284,624508,199616,1.25,205920,523888,68
cloud-k3s-pool-workers-worker4,1,2026-06-06 08:54:38 UTC,15031004,15455584,172548,1.08,52296,624496,199616,1.25,205920,523888,228
cloud-k3s-pool-workers-worker4,1,2026-06-06 08:54:39 UTC,15031004,15455644,172516,1.08,52296,624528,199616,1.25,205920,523948,176
cloud-k3s-pool-workers-worker4,1,2026-06-06 08:54:40 UTC,15031004,15455644,172504,1.08,52296,624540,199616,1.25,205920,523948,188
cloud-k3s-pool-workers-worker4,1,2026-06-06 08:54:41 UTC,15031004,15455644,172492,1.08,52296,624552,199616,1.25,205920,523948,200
cloud-k3s-pool-workers-worker4,1,2026-06-06 08:54:42 UTC,15031004,15455644,172484,1.08,52296,624560,199616,1.25,205920,523948,208
cloud-k3s-pool-workers-worker4,1,2026-06-06 08:54:43 UTC,15031004,15455708,172456,1.08,52308,624572,199616,1.25,205920,524008,84
cloud-k3s-pool-workers-worker4,1,2026-06-06 08:54:44 UTC,15031004,15455768,172448,1.08,52308,624580,199616,1.25,205920,524068,96
cloud-k3s-pool-workers-worker4,1,2026-06-06 08:54:45 UTC,15031004,15455768,172436,1.08,52308,624592,199616,1.25,205920,524068,52
cloud-k3s-pool-workers-worker4,1,2026-06-06 08:54:46 UTC,15031004,15455768,172428,1.08,52308,624600,199616,1.25,205920,524068,60
cloud-k3s-pool-workers-worker4,1,2026-06-06 08:54:47 UTC,15031004,15455768,172428,1.08,52308,624600,199616,1.25,205920,524068,60
cloud-k3s-pool-workers-worker4,1,2026-06-06 08:54:48 UTC,15031004,15455780,172396,1.08,52320,624620,199616,1.25,205920,524080,212
cloud-k3s-pool-workers-worker4,1,2026-06-06 08:54:49 UTC,15031004,15455780,172384,1.08,52320,624632,199616,1.25,205920,524080,16
cloud-k3s-pool-workers-worker4,1,2026-06-06 08:54:50 UTC,15031004,15455840,172376,1.08,52320,624640,199616,1.25,205920,524140,24
cloud-k3s-pool-workers-worker4,1,2026-06-06 08:54:51 UTC,15031004,15455840,172364,1.08,52320,624652,199616,1.25,205920,524140,36
cloud-k3s-pool-workers-worker4,1,2026-06-06 08:54:52 UTC,15031004,15455840,172356,1.08,52320,624660,199616,1.25,205920,524140,44
cloud-k3s-pool-workers-worker4,1,2026-06-06 08:54:53 UTC,15031004,15455840,172332,1.08,52332,624672,199616,1.25,205920,524140,244
cloud-k3s-pool-workers-worker4,1,2026-06-06 08:54:54 UTC,15031004,15455840,172320,1.08,52332,624684,199616,1.25,205920,524140,256
cloud-k3s-pool-workers-worker4,1,2026-06-06 08:54:55 UTC,15031004,15455840,172312,1.08,52332,624692,199616,1.25,205920,524140,200
cloud-k3s-pool-workers-worker4,1,2026-06-06 08:54:56 UTC,15031004,15455840,172312,1.08,52332,624692,199616,1.25,205920,524140,200
cloud-k3s-pool-workers-worker4,1,2026-06-06 08:54:57 UTC,15031004,15455900,172292,1.08,52332,624712,199616,1.25,205920,524200,220
cloud-k3s-pool-workers-worker4,1,2026-06-06 08:54:58 UTC,15031004,15455924,172268,1.08,52344,624724,199616,1.25,205920,524224,44
cloud-k3s-pool-workers-worker4,1,2026-06-06 08:54:59 UTC,15031004,15455932,172256,1.08,52344,624732,199616,1.25,205920,524232,0
cloud-k3s-pool-workers-worker4,1,2026-06-06 08:55:00 UTC,15031004,15455932,172244,1.08,52344,624744,199616,1.25,205920,524232,16
cloud-k3s-pool-workers-worker4,1,2026-06-06 08:55:01 UTC,15031004,15455932,172236,1.08,52344,624752,199616,1.25,205920,524232,24
cloud-k3s-pool-workers-worker4,1,2026-06-06 08:55:02 UTC,15030248,15455180,172980,1.08,52344,624764,199616,1.25,205948,524236,212
cloud-k3s-pool-workers-worker4,1,2026-06-06 08:55:03 UTC,15030248,15455180,172960,1.08,52356,624772,199616,1.25,205948,524236,332
cloud-k3s-pool-workers-worker4,1,2026-06-06 08:55:04 UTC,15030248,15455180,172948,1.08,52356,624784,199616,1.25,205948,524236,288
cloud-k3s-pool-workers-worker4,1,2026-06-06 08:55:05 UTC,15030248,15455240,172936,1.08,52356,624796,199616,1.25,205948,524296,60
cloud-k3s-pool-workers-worker4,1,2026-06-06 08:55:06 UTC,15030248,15455240,172936,1.08,52356,624796,199616,1.25,205948,524296,60
cloud-k3s-pool-workers-worker4,1,2026-06-06 08:55:07 UTC,15030248,15455240,172916,1.08,52356,624816,199616,1.25,205948,524296,80
cloud-k3s-pool-workers-worker4,1,2026-06-06 08:55:08 UTC,15030248,15455240,172908,1.08,52356,624824,199616,1.25,205948,524296,244
cloud-k3s-pool-workers-worker4,1,2026-06-06 08:55:09 UTC,15030248,15455288,172884,1.08,52368,624836,199616,1.25,205968,524344,160
cloud-k3s-pool-workers-worker4,1,2026-06-06 08:55:10 UTC,15030500,15455540,172624,1.08,52368,624844,199616,1.25,205968,524344,172
cloud-k3s-pool-workers-worker4,1,2026-06-06 08:55:11 UTC,15030500,15455540,172624,1.08,52368,624844,199616,1.25,205968,524344,172
cloud-k3s-pool-workers-worker4,1,2026-06-06 08:55:12 UTC,15030500,15455540,172624,1.08,52368,624844,199616,1.25,205968,524344,172
cloud-k3s-pool-workers-worker4,1,2026-06-06 08:55:13 UTC,15030500,15455600,172592,1.08,52368,624876,199616,1.25,205968,524404,220
cloud-k3s-pool-workers-worker4,1,2026-06-06 08:55:14 UTC,15030500,15455604,172580,1.08,52380,624872,199616,1.25,205968,524404,228
cloud-k3s-pool-workers-worker4,1,2026-06-06 08:55:15 UTC,15030500,15455604,172556,1.08,52380,624896,199616,1.25,205968,524404,36
cloud-k3s-pool-workers-worker4,1,2026-06-06 08:55:16 UTC,15030500,15455604,172548,1.08,52380,624904,199616,1.25,205968,524404,44
cloud-k3s-pool-workers-worker4,1,2026-06-06 08:55:17 UTC,15030500,15455604,172548,1.08,52380,624904,199616,1.25,205968,524404,44
cloud-k3s-pool-workers-worker4,1,2026-06-06 08:55:18 UTC,15030500,15455664,172524,1.08,52380,624928,199616,1.25,205968,524464,228
cloud-k3s-pool-workers-worker4,1,2026-06-06 08:55:19 UTC,15030500,15455664,172516,1.08,52392,624924,199616,1.25,205968,524464,236
cloud-k3s-pool-workers-worker4,1,2026-06-06 08:55:20 UTC,15030500,15455676,172492,1.08,52392,624948,199616,1.25,205968,524476,192
cloud-k3s-pool-workers-worker4,1,2026-06-06 08:55:21 UTC,15030500,15455676,172484,1.08,52392,624956,199616,1.25,205968,524476,200
cloud-k3s-pool-workers-worker4,1,2026-06-06 08:55:22 UTC,15028484,15453660,174488,1.09,52392,624968,199616,1.25,205968,524476,212
cloud-k3s-pool-workers-worker4,1,2026-06-06 08:55:23 UTC,15028484,15453720,174480,1.09,52392,624976,199616,1.25,205968,524536,232
cloud-k3s-pool-workers-worker4,1,2026-06-06 08:55:24 UTC,15028484,15453720,174468,1.09,52404,624976,199616,1.25,205968,524536,244
cloud-k3s-pool-workers-worker4,1,2026-06-06 08:55:25 UTC,15028484,15453732,174448,1.09,52404,624996,199616,1.25,205968,524548,28
cloud-k3s-pool-workers-worker4,1,2026-06-06 08:55:26 UTC,15028484,15453732,174436,1.09,52404,625008,199616,1.25,205968,524548,40
cloud-k3s-pool-workers-worker4,1,2026-06-06 08:55:27 UTC,15028484,15453732,174436,1.09,52404,625008,199616,1.25,205968,524548,40
cloud-k3s-pool-workers-worker4,1,2026-06-06 08:55:28 UTC,15028484,15453732,174412,1.09,52404,625032,199616,1.25,205968,524548,232
cloud-k3s-pool-workers-worker4,1,2026-06-06 08:55:29 UTC,15028484,15453792,174380,1.09,52416,625032,199616,1.25,205968,524608,244
cloud-k3s-pool-workers-worker4,1,2026-06-06 08:55:30 UTC,15028484,15453792,174360,1.09,52416,625052,199616,1.25,205968,524608,32
cloud-k3s-pool-workers-worker4,1,2026-06-06 08:55:31 UTC,15028484,15453792,174348,1.09,52416,625064,199616,1.25,205968,524608,44
cloud-k3s-pool-workers-worker4,1,2026-06-06 08:55:32 UTC,15028736,15454072,174092,1.09,52416,625072,203068,1.27,207632,524636,220
cloud-k3s-pool-workers-worker4,1,2026-06-06 08:55:33 UTC,15028736,15454072,174080,1.09,52416,625084,203068,1.27,207632,524636,304
cloud-k3s-pool-workers-worker4,1,2026-06-06 08:55:34 UTC,15028736,15454072,174072,1.09,52428,625080,203068,1.27,207632,524636,280
cloud-k3s-pool-workers-worker4,1,2026-06-06 08:55:35 UTC,15028736,15454132,174060,1.09,52428,625092,199616,1.25,205984,524696,308
cloud-k3s-pool-workers-worker4,1,2026-06-06 08:55:36 UTC,15028736,15454148,174036,1.09,52428,625112,199616,1.25,205968,524708,304
cloud-k3s-pool-workers-worker4,1,2026-06-06 08:55:37 UTC,15028736,15454148,174024,1.09,52428,625124,199616,1.25,205968,524708,316
cloud-k3s-pool-workers-worker4,1,2026-06-06 08:55:38 UTC,15036560,15461972,166192,1.04,52428,625132,199616,1.25,205968,524708,220
cloud-k3s-pool-workers-worker4,1,2026-06-06 08:55:39 UTC,15036560,15461972,166180,1.04,52428,625144,199616,1.25,205968,524708,232
cloud-k3s-pool-workers-worker4,1,2026-06-06 08:55:40 UTC,15036800,15462224,165920,1.04,52440,625152,199616,1.25,205968,524720,188
cloud-k3s-pool-workers-worker4,1,2026-06-06 08:55:41 UTC,15036800,15462284,165908,1.04,52440,625164,199616,1.25,205968,524780,204
cloud-k3s-pool-workers-worker4,1,2026-06-06 08:55:42 UTC,15036800,15462284,165908,1.04,52440,625164,199616,1.25,205968,524780,204
cloud-k3s-pool-workers-worker4,1,2026-06-06 08:55:43 UTC,15036800,15462284,165888,1.04,52440,625184,199616,1.25,205968,524780,240
cloud-k3s-pool-workers-worker4,1,2026-06-06 08:55:44 UTC,15036800,15462284,165876,1.04,52440,625196,199616,1.25,205968,524780,252
cloud-k3s-pool-workers-worker4,1,2026-06-06 08:55:45 UTC,15036800,15462284,165852,1.04,52452,625204,199616,1.25,205968,524780,24
cloud-k3s-pool-workers-worker4,1,2026-06-06 08:55:46 UTC,15036800,15462344,165840,1.04,52452,625216,199616,1.25,205968,524840,40
cloud-k3s-pool-workers-worker4,1,2026-06-06 08:55:47 UTC,15036800,15462344,165840,1.04,52452,625216,199616,1.25,205968,524840,40
cloud-k3s-pool-workers-worker4,1,2026-06-06 08:55:48 UTC,15036800,15462344,165820,1.04,52452,625236,199616,1.25,205968,524840,216
cloud-k3s-pool-workers-worker4,1,2026-06-06 08:55:49 UTC,15036800,15462344,165812,1.04,52452,625244,199616,1.25,205968,524840,224
cloud-k3s-pool-workers-worker4,1,2026-06-06 08:55:50 UTC,15036548,15462092,166052,1.04,52464,625244,199616,1.25,205968,524840,56
cloud-k3s-pool-workers-worker4,1,2026-06-06 08:55:51 UTC,15036548,15462092,166044,1.04,52464,625252,199616,1.25,205968,524840,68
cloud-k3s-pool-workers-worker4,1,2026-06-06 08:55:52 UTC,15036548,15462092,166044,1.04,52464,625252,199616,1.25,205968,524840,68
cloud-k3s-pool-workers-worker4,1,2026-06-06 08:55:53 UTC,15036548,15462152,166008,1.04,52464,625288,199616,1.25,205968,524900,212
cloud-k3s-pool-workers-worker4,1,2026-06-06 08:55:54 UTC,15036548,15462152,166000,1.04,52464,625296,199616,1.25,205968,524900,220
cloud-k3s-pool-workers-worker4,1,2026-06-06 08:55:55 UTC,15036548,15462152,165976,1.04,52476,625308,199616,1.25,205968,524900,176
cloud-k3s-pool-workers-worker4,1,2026-06-06 08:55:56 UTC,15036548,15462152,165968,1.04,52476,625316,199616,1.25,205968,524900,188
cloud-k3s-pool-workers-worker4,1,2026-06-06 08:55:57 UTC,15036548,15462152,165968,1.04,52476,625316,199616,1.25,205968,524900,188
cloud-k3s-pool-workers-worker4,1,2026-06-06 08:55:58 UTC,15036548,15462212,165948,1.04,52476,625336,199616,1.25,205968,524960,220
cloud-k3s-pool-workers-worker4,1,2026-06-06 08:55:59 UTC,15036548,15462212,165936,1.04,52476,625348,199616,1.25,205968,524960,228
cloud-k3s-pool-workers-worker4,1,2026-06-06 08:56:00 UTC,15036548,15462216,165912,1.04,52488,625356,199616,1.25,205968,524960,16
cloud-k3s-pool-workers-worker4,1,2026-06-06 08:56:01 UTC,15036548,15462216,165900,1.04,52488,625368,199616,1.25,205968,524960,32
cloud-k3s-pool-workers-worker4,1,2026-06-06 08:56:02 UTC,15036548,15462216,165900,1.04,52488,625368,199616,1.25,205968,524960,32
cloud-k3s-pool-workers-worker4,1,2026-06-06 08:56:03 UTC,15036548,15462216,165880,1.04,52488,625388,199616,1.25,205968,524960,216
cloud-k3s-pool-workers-worker4,1,2026-06-06 08:56:04 UTC,15032516,15458244,169900,1.06,52488,625400,199616,1.25,205968,525020,228
cloud-k3s-pool-workers-worker4,1,2026-06-06 08:56:05 UTC,15030280,15456056,172108,1.08,52500,625404,203064,1.27,207616,525068,268
cloud-k3s-pool-workers-worker4,1,2026-06-06 08:56:06 UTC,15030280,15456056,172096,1.08,52500,625416,203064,1.27,207616,525068,284
cloud-k3s-pool-workers-worker4,1,2026-06-06 08:56:07 UTC,15030280,15456056,172084,1.08,52500,625428,203064,1.27,207616,525068,284
cloud-k3s-pool-workers-worker4,1,2026-06-06 08:56:08 UTC,15030280,15456056,172084,1.08,52500,625428,203064,1.27,207616,525068,44
cloud-k3s-pool-workers-worker4,1,2026-06-06 08:56:09 UTC,15030280,15456056,172084,1.08,52500,625428,199616,1.25,206056,525068,152
cloud-k3s-pool-workers-worker4,1,2026-06-06 08:56:10 UTC,15030280,15456124,172056,1.08,52512,625448,199616,1.25,205968,525136,168
cloud-k3s-pool-workers-worker4,1,2026-06-06 08:56:11 UTC,15030280,15456124,172048,1.08,52512,625456,199616,1.25,205968,525136,180
cloud-k3s-pool-workers-worker4,1,2026-06-06 08:56:12 UTC,15030280,15456124,172048,1.08,52512,625456,199616,1.25,205968,525136,180
cloud-k3s-pool-workers-worker4,1,2026-06-06 08:56:13 UTC,15033376,15459220,168920,1.06,52512,625488,199616,1.25,205968,525136,256
cloud-k3s-pool-workers-worker4,1,2026-06-06 08:56:14 UTC,15033376,15459220,168908,1.06,52512,625500,199616,1.25,205968,525136,64
cloud-k3s-pool-workers-worker4,1,2026-06-06 08:56:15 UTC,15033376,15459220,168900,1.06,52524,625496,199616,1.25,205968,525136,72
cloud-k3s-pool-workers-worker4,1,2026-06-06 08:56:16 UTC,15033376,15459280,168884,1.06,52524,625508,199616,1.25,205968,525196,88
cloud-k3s-pool-workers-worker4,1,2026-06-06 08:56:17 UTC,15033376,15459280,168884,1.06,52524,625508,199616,1.25,205968,525196,88
cloud-k3s-pool-workers-worker4,1,2026-06-06 08:56:18 UTC,15033376,15459280,168852,1.06,52524,625540,199616,1.25,205968,525196,216
cloud-k3s-pool-workers-worker4,1,2026-06-06 08:56:19 UTC,15033376,15459280,168840,1.06,52524,625552,199616,1.25,205968,525196,228
cloud-k3s-pool-workers-worker4,1,2026-06-06 08:56:20 UTC,15033376,15459280,168832,1.06,52524,625560,199616,1.25,205968,525196,236
cloud-k3s-pool-workers-worker4,1,2026-06-06 08:56:21 UTC,15033376,15459280,168820,1.06,52536,625560,199616,1.25,205968,525196,248
cloud-k3s-pool-workers-worker4,1,2026-06-06 08:56:22 UTC,15033376,15459340,168800,1.06,52536,625580,199616,1.25,205968,525256,176
cloud-k3s-pool-workers-worker4,1,2026-06-06 08:56:23 UTC,15033376,15459340,168788,1.06,52536,625592,199616,1.25,205968,525256,200
cloud-k3s-pool-workers-worker4,1,2026-06-06 08:56:24 UTC,15033376,15459340,168780,1.06,52536,625600,199616,1.25,205968,525256,208
cloud-k3s-pool-workers-worker4,1,2026-06-06 08:56:25 UTC,15033376,15459340,168768,1.06,52536,625612,199616,1.25,205968,525256,220
cloud-k3s-pool-workers-worker4,1,2026-06-06 08:56:26 UTC,15033376,15459340,168768,1.06,52548,625600,199616,1.25,205968,525256,220
cloud-k3s-pool-workers-worker4,1,2026-06-06 08:56:27 UTC,15033376,15459340,168768,1.06,52548,625600,199616,1.25,205968,525256,220
cloud-k3s-pool-workers-worker4,1,2026-06-06 08:56:28 UTC,15033628,15459652,168472,1.05,52548,625644,199616,1.25,205968,525316,212
cloud-k3s-pool-workers-worker4,1,2026-06-06 08:56:29 UTC,15033628,15459652,168464,1.05,52548,625652,199616,1.25,205968,525316,220
cloud-k3s-pool-workers-worker4,1,2026-06-06 08:56:30 UTC,15033880,15459904,168200,1.05,52548,625664,199616,1.25,205968,525316,232
cloud-k3s-pool-workers-worker4,1,2026-06-06 08:56:31 UTC,15033880,15459908,168188,1.05,52560,625660,199616,1.25,205968,525316,184
cloud-k3s-pool-workers-worker4,1,2026-06-06 08:56:32 UTC,15033880,15459908,168188,1.05,52560,625660,199616,1.25,205968,525316,184
cloud-k3s-pool-workers-worker4,1,2026-06-06 08:56:33 UTC,15033628,15459716,168408,1.05,52560,625692,199616,1.25,205968,525376,220
cloud-k3s-pool-workers-worker4,1,2026-06-06 08:56:34 UTC,15033628,15459776,168396,1.05,52560,625704,199616,1.25,205968,525436,232
cloud-k3s-pool-workers-worker4,1,2026-06-06 08:56:35 UTC,15033628,15459776,168388,1.05,52560,625712,199616,1.25,205968,525436,64
cloud-k3s-pool-workers-worker4,1,2026-06-06 08:56:36 UTC,15033628,15459776,168376,1.05,52572,625712,199616,1.25,205968,525436,76
cloud-k3s-pool-workers-worker4,1,2026-06-06 08:56:37 UTC,15033628,15459776,168376,1.05,52572,625712,199616,1.25,205968,525436,76
cloud-k3s-pool-workers-worker4,1,2026-06-06 08:56:38 UTC,15033628,15459776,168340,1.05,52572,625744,199616,1.25,205968,525436,204
cloud-k3s-pool-workers-worker4,1,2026-06-06 08:56:39 UTC,15030888,15457036,171072,1.07,52572,625752,202800,1.27,207468,525436,344
cloud-k3s-pool-workers-worker4,1,2026-06-06 08:56:40 UTC,15030888,15457096,171060,1.07,52572,625764,202800,1.27,207540,525496,200
cloud-k3s-pool-workers-worker4,1,2026-06-06 08:56:41 UTC,15030888,15457096,171048,1.07,52584,625764,202800,1.27,207540,525496,216
cloud-k3s-pool-workers-worker4,1,2026-06-06 08:56:42 UTC,15030888,15457096,171032,1.07,52584,625784,199616,1.25,205972,525496,204
cloud-k3s-pool-workers-worker4,1,2026-06-06 08:56:43 UTC,15030888,15457096,171020,1.07,52584,625796,199616,1.25,205972,525496,300
cloud-k3s-pool-workers-worker4,1,2026-06-06 08:56:44 UTC,15030888,15457096,171016,1.07,52584,625804,199616,1.25,205944,525496,56
cloud-k3s-pool-workers-worker4,1,2026-06-06 08:56:45 UTC,15030888,15457156,171004,1.07,52584,625816,199616,1.25,205944,525556,68
cloud-k3s-pool-workers-worker4,1,2026-06-06 08:56:46 UTC,15030888,15457156,171004,1.07,52596,625804,199616,1.25,205944,525556,68
cloud-k3s-pool-workers-worker4,1,2026-06-06 08:56:47 UTC,15030888,15457156,171004,1.07,52596,625804,199616,1.25,205944,525556,68
cloud-k3s-pool-workers-worker4,1,2026-06-06 08:56:48 UTC,15030888,15457160,170960,1.07,52596,625844,199616,1.25,205944,525556,208
cloud-k3s-pool-workers-worker4,1,2026-06-06 08:56:49 UTC,15030888,15457160,170948,1.07,52596,625856,199616,1.25,205944,525556,220
cloud-k3s-pool-workers-worker4,1,2026-06-06 08:56:50 UTC,15030888,15457160,170940,1.07,52596,625864,199616,1.25,205944,525556,228
cloud-k3s-pool-workers-worker4,1,2026-06-06 08:56:51 UTC,15030888,15457220,170928,1.07,52608,625864,199616,1.25,205944,525616,240
cloud-k3s-pool-workers-worker4,1,2026-06-06 08:56:52 UTC,15030888,15457220,170928,1.07,52608,625864,199616,1.25,205944,525616,240
cloud-k3s-pool-workers-worker4,1,2026-06-06 08:56:53 UTC,15030888,15457220,170896,1.07,52608,625896,199616,1.25,205968,525616,52
cloud-k3s-pool-workers-worker4,1,2026-06-06 08:56:54 UTC,15030888,15457220,170884,1.07,52608,625908,199616,1.25,205968,525616,64
cloud-k3s-pool-workers-worker4,1,2026-06-06 08:56:55 UTC,15030888,15457220,170876,1.07,52608,625916,199616,1.25,205944,525616,188
cloud-k3s-pool-workers-worker4,1,2026-06-06 08:56:56 UTC,15030888,15457220,170864,1.07,52620,625916,199616,1.25,205944,525616,176
cloud-k3s-pool-workers-worker4,1,2026-06-06 08:56:57 UTC,15030888,15457340,170844,1.07,52620,625936,199616,1.25,205968,525736,152
cloud-k3s-pool-workers-worker4,1,2026-06-06 08:56:58 UTC,15030888,15457340,170832,1.07,52620,625948,199616,1.25,205968,525736,260
cloud-k3s-pool-workers-worker4,1,2026-06-06 08:56:59 UTC,15030888,15457340,170832,1.07,52620,625948,199616,1.25,205968,525736,260
cloud-k3s-pool-workers-worker4,1,2026-06-06 08:57:00 UTC,15030888,15457340,170812,1.07,52620,625968,199616,1.25,205968,525736,64
cloud-k3s-pool-workers-worker4,1,2026-06-06 08:57:01 UTC,15030888,15457340,170804,1.07,52632,625964,199616,1.25,205968,525736,72
cloud-k3s-pool-workers-worker4,1,2026-06-06 08:57:02 UTC,15030888,15457340,170776,1.07,52632,625988,199616,1.25,205968,525736,36
cloud-k3s-pool-workers-worker4,1,2026-06-06 08:57:03 UTC,15030888,15457400,170768,1.07,52632,625996,199616,1.25,205968,525796,204
cloud-k3s-pool-workers-worker4,1,2026-06-06 08:57:04 UTC,15030888,15457400,170756,1.07,52632,626008,199616,1.25,205968,525796,216
cloud-k3s-pool-workers-worker4,1,2026-06-06 08:57:05 UTC,15030888,15457400,170744,1.07,52632,626020,199616,1.25,205968,525796,228
cloud-k3s-pool-workers-worker4,1,2026-06-06 08:57:06 UTC,15030888,15457400,170744,1.07,52632,626020,199616,1.25,205968,525796,228
cloud-k3s-pool-workers-worker4,1,2026-06-06 08:57:07 UTC,15030888,15457428,170712,1.07,52644,626040,199616,1.25,205968,525824,192
cloud-k3s-pool-workers-worker4,1,2026-06-06 08:57:08 UTC,15030888,15457428,170704,1.07,52644,626048,199616,1.25,205968,525824,44
cloud-k3s-pool-workers-worker4,1,2026-06-06 08:57:09 UTC,15030888,15457488,170692,1.07,52644,626060,199616,1.25,205968,525884,56
cloud-k3s-pool-workers-worker4,1,2026-06-06 08:57:10 UTC,15030888,15457488,170684,1.07,52644,626068,199616,1.25,205968,525884,64
cloud-k3s-pool-workers-worker4,1,2026-06-06 08:57:11 UTC,15030888,15457488,170672,1.07,52644,626080,199616,1.25,205968,525884,76
cloud-k3s-pool-workers-worker4,1,2026-06-06 08:57:12 UTC,15030888,15457488,170664,1.07,52656,626076,202804,1.27,207268,525884,216
cloud-k3s-pool-workers-worker4,1,2026-06-06 08:57:13 UTC,15030888,15457500,170636,1.07,52656,626100,202804,1.27,207576,525896,268
cloud-k3s-pool-workers-worker4,1,2026-06-06 08:57:14 UTC,15032960,15459572,168556,1.05,52656,626108,199616,1.25,205968,525896,196
cloud-k3s-pool-workers-worker4,1,2026-06-06 08:57:15 UTC,15032960,15459632,168544,1.05,52656,626120,199616,1.25,205968,525956,208
cloud-k3s-pool-workers-worker4,1,2026-06-06 08:57:16 UTC,15032960,15459632,168532,1.05,52656,626132,199616,1.25,205968,525956,220
cloud-k3s-pool-workers-worker4,1,2026-06-06 08:57:17 UTC,15032960,15459636,168520,1.05,52668,626128,199616,1.25,205968,525956,228
cloud-k3s-pool-workers-worker4,1,2026-06-06 08:57:18 UTC,15032960,15459636,168508,1.05,52668,626140,199616,1.25,205968,525956,328
cloud-k3s-pool-workers-worker4,1,2026-06-06 08:57:19 UTC,15032960,15459648,168488,1.05,52668,626160,199616,1.25,205968,525968,68
cloud-k3s-pool-workers-worker4,1,2026-06-06 08:57:20 UTC,15032960,15459648,168476,1.05,52668,626172,199616,1.25,205968,525968,80
cloud-k3s-pool-workers-worker4,1,2026-06-06 08:57:21 UTC,15032960,15459708,168468,1.05,52668,626180,199616,1.25,205968,526028,88
cloud-k3s-pool-workers-worker4,1,2026-06-06 08:57:22 UTC,15032960,15459708,168456,1.05,52680,626180,199616,1.25,205968,526028,100
cloud-k3s-pool-workers-worker4,1,2026-06-06 08:57:23 UTC,15032960,15459708,168416,1.05,52700,626200,199616,1.25,205968,526028,212
cloud-k3s-pool-workers-worker4,1,2026-06-06 08:57:24 UTC,15032960,15459708,168404,1.05,52700,626212,199616,1.25,205968,526028,220
cloud-k3s-pool-workers-worker4,1,2026-06-06 08:57:25 UTC,15032960,15459708,168396,1.05,52700,626220,199616,1.25,205968,526028,228
cloud-k3s-pool-workers-worker4,1,2026-06-06 08:57:26 UTC,15032960,15459708,168384,1.05,52700,626232,199616,1.25,205968,526028,240
cloud-k3s-pool-workers-worker4,1,2026-06-06 08:57:27 UTC,15032960,15459772,168376,1.05,52700,626240,199616,1.25,205968,526092,156
cloud-k3s-pool-workers-worker4,1,2026-06-06 08:57:28 UTC,15032960,15459784,168364,1.05,52712,626240,199616,1.25,205968,526104,16
cloud-k3s-pool-workers-worker4,1,2026-06-06 08:57:29 UTC,15032960,15459784,168340,1.05,52712,626264,199616,1.25,205968,526104,60
cloud-k3s-pool-workers-worker4,1,2026-06-06 08:57:30 UTC,15032960,15459784,168332,1.05,52712,626272,199616,1.25,205968,526104,68
cloud-k3s-pool-workers-worker4,1,2026-06-06 08:57:31 UTC,15032960,15459784,168320,1.05,52712,626284,199616,1.25,205968,526104,80
cloud-k3s-pool-workers-worker4,1,2026-06-06 08:57:32 UTC,15032960,15459824,168308,1.05,52712,626292,199616,1.25,205968,526144,32
cloud-k3s-pool-workers-worker4,1,2026-06-06 08:57:33 UTC,15032960,15459836,168296,1.05,52712,626304,199616,1.25,205968,526156,196
cloud-k3s-pool-workers-worker4,1,2026-06-06 08:57:34 UTC,15032960,15459844,168288,1.05,52724,626300,199616,1.25,205968,526164,52
cloud-k3s-pool-workers-worker4,1,2026-06-06 08:57:35 UTC,15032960,15459844,168264,1.05,52724,626324,199616,1.25,205968,526164,64
cloud-k3s-pool-workers-worker4,1,2026-06-06 08:57:36 UTC,15032960,15459844,168256,1.05,52724,626332,199616,1.25,205968,526164,72
cloud-k3s-pool-workers-worker4,1,2026-06-06 08:57:37 UTC,15032960,15459844,168244,1.05,52724,626344,199616,1.25,205968,526164,84
cloud-k3s-pool-workers-worker4,1,2026-06-06 08:57:38 UTC,15032960,15459844,168236,1.05,52724,626352,199616,1.25,205968,526164,256
cloud-k3s-pool-workers-worker4,1,2026-06-06 08:57:39 UTC,15032960,15459844,168224,1.05,52724,626364,199616,1.25,205968,526164,216
cloud-k3s-pool-workers-worker4,1,2026-06-06 08:57:40 UTC,15032960,15459904,168212,1.05,52736,626364,199616,1.25,205968,526224,228
cloud-k3s-pool-workers-worker4,1,2026-06-06 08:57:41 UTC,15032960,15459964,168192,1.05,52736,626384,199616,1.25,205968,526284,236
cloud-k3s-pool-workers-worker4,1,2026-06-06 08:57:42 UTC,15032960,15459964,168180,1.05,52736,626396,199616,1.25,205968,526284,248
cloud-k3s-pool-workers-worker4,1,2026-06-06 08:57:43 UTC,15032960,15459964,168172,1.05,52736,626404,199616,1.25,205968,526284,40
cloud-k3s-pool-workers-worker4,1,2026-06-06 08:57:44 UTC,15032960,15459964,168160,1.05,52736,626416,200976,1.26,206748,526284,52
cloud-k3s-pool-workers-worker4,1,2026-06-06 08:57:45 UTC,15031728,15458732,169352,1.06,52736,626424,202800,1.27,207544,526284,196
cloud-k3s-pool-workers-worker4,1,2026-06-06 08:57:46 UTC,15031728,15458792,169328,1.06,52748,626436,202800,1.27,207544,526344,212
cloud-k3s-pool-workers-worker4,1,2026-06-06 08:57:47 UTC,15031980,15459044,169068,1.06,52748,626444,199616,1.25,205948,526344,252
cloud-k3s-pool-workers-worker4,1,2026-06-06 08:57:48 UTC,15034956,15462024,166076,1.04,52748,626456,199616,1.25,205948,526344,348
cloud-k3s-pool-workers-worker4,1,2026-06-06 08:57:49 UTC,15034956,15462024,166068,1.04,52748,626464,199616,1.25,205948,526344,296
cloud-k3s-pool-workers-worker4,1,2026-06-06 08:57:50 UTC,15034956,15462068,166056,1.04,52748,626476,199616,1.25,205948,526388,60
cloud-k3s-pool-workers-worker4,1,2026-06-06 08:57:51 UTC,15034956,15462068,166048,1.04,52748,626484,199616,1.25,205948,526388,68
cloud-k3s-pool-workers-worker4,1,2026-06-06 08:57:52 UTC,15034956,15462068,166020,1.04,52760,626496,199616,1.25,205948,526388,84
cloud-k3s-pool-workers-worker4,1,2026-06-06 08:57:53 UTC,15034732,15461844,166232,1.04,52760,626508,199616,1.25,205948,526388,192
cloud-k3s-pool-workers-worker4,1,2026-06-06 08:57:54 UTC,15034732,15461844,166224,1.04,52760,626516,199616,1.25,205948,526388,204
cloud-k3s-pool-workers-worker4,1,2026-06-06 08:57:55 UTC,15034732,15461844,166212,1.04,52760,626528,199616,1.25,205948,526388,216
cloud-k3s-pool-workers-worker4,1,2026-06-06 08:57:56 UTC,15034732,15461904,166204,1.04,52760,626536,199616,1.25,205948,526448,224
cloud-k3s-pool-workers-worker4,1,2026-06-06 08:57:57 UTC,15034732,15461904,166192,1.04,52760,626548,199616,1.25,205948,526448,236
cloud-k3s-pool-workers-worker4,1,2026-06-06 08:57:58 UTC,15034732,15462032,166044,1.04,52772,626684,199616,1.25,206076,526448,92
cloud-k3s-pool-workers-worker4,1,2026-06-06 08:57:59 UTC,15034732,15462032,166032,1.04,52772,626696,199616,1.25,206076,526448,16
cloud-k3s-pool-workers-worker4,1,2026-06-06 08:58:00 UTC,15035212,15462512,165544,1.04,52772,626704,199616,1.25,206076,526448,24
cloud-k3s-pool-workers-worker4,1,2026-06-06 08:58:01 UTC,15035212,15462512,165532,1.04,52772,626716,199616,1.25,206076,526448,36
cloud-k3s-pool-workers-worker4,1,2026-06-06 08:58:02 UTC,15035212,15462572,165524,1.04,52772,626724,199616,1.25,206076,526508,44
cloud-k3s-pool-workers-worker4,1,2026-06-06 08:58:03 UTC,15035212,15462576,165496,1.04,52784,626736,199616,1.25,206076,526508,40
cloud-k3s-pool-workers-worker4,1,2026-06-06 08:58:04 UTC,15035212,15462576,165484,1.04,52784,626748,199616,1.25,206076,526508,56
cloud-k3s-pool-workers-worker4,1,2026-06-06 08:58:05 UTC,15035212,15462576,165476,1.04,52784,626756,199616,1.25,206076,526508,64
cloud-k3s-pool-workers-worker4,1,2026-06-06 08:58:06 UTC,15035212,15462576,165464,1.04,52784,626768,199616,1.25,206076,526508,76
cloud-k3s-pool-workers-worker4,1,2026-06-06 08:58:07 UTC,15035212,15462576,165456,1.04,52784,626776,199616,1.25,206076,526508,84
cloud-k3s-pool-workers-worker4,1,2026-06-06 08:58:08 UTC,15035212,15462696,165432,1.04,52796,626788,199616,1.25,206076,526628,192
cloud-k3s-pool-workers-worker4,1,2026-06-06 08:58:09 UTC,15035212,15462696,165424,1.04,52796,626796,199616,1.25,206076,526628,200
cloud-k3s-pool-workers-worker4,1,2026-06-06 08:58:10 UTC,15035212,15462696,165424,1.04,52796,626796,199616,1.25,206076,526628,200
cloud-k3s-pool-workers-worker4,1,2026-06-06 08:58:11 UTC,15035212,15462696,165404,1.03,52796,626816,199616,1.25,206076,526628,220
cloud-k3s-pool-workers-worker4,1,2026-06-06 08:58:12 UTC,15035212,15462696,165392,1.03,52796,626828,199616,1.25,206076,526628,232
cloud-k3s-pool-workers-worker4,1,2026-06-06 08:58:13 UTC,15035212,15462696,165384,1.03,52808,626824,199616,1.25,206076,526628,88
cloud-k3s-pool-workers-worker4,1,2026-06-06 08:58:14 UTC,15034960,15462504,165612,1.04,52808,626848,199616,1.25,206076,526688,56
cloud-k3s-pool-workers-worker4,1,2026-06-06 08:58:15 UTC,15034960,15462504,165600,1.04,52808,626860,199616,1.25,206076,526688,68
cloud-k3s-pool-workers-worker4,1,2026-06-06 08:58:16 UTC,15034960,15462504,165592,1.04,52808,626868,199616,1.25,206076,526688,76
cloud-k3s-pool-workers-worker4,1,2026-06-06 08:58:17 UTC,15032444,15459988,168096,1.05,52808,626880,202800,1.27,207644,526688,228
cloud-k3s-pool-workers-worker4,1,2026-06-06 08:58:18 UTC,15032444,15459988,168072,1.05,52820,626888,202800,1.27,207644,526688,256
cloud-k3s-pool-workers-worker4,1,2026-06-06 08:58:19 UTC,15032444,15459988,168060,1.05,52820,626900,202800,1.27,207644,526688,52
cloud-k3s-pool-workers-worker4,1,2026-06-06 08:58:20 UTC,15034432,15462036,166064,1.04,52820,626908,199616,1.25,206096,526748,188
cloud-k3s-pool-workers-worker4,1,2026-06-06 08:58:21 UTC,15034432,15462036,166064,1.04,52820,626908,199616,1.25,206096,526748,188
cloud-k3s-pool-workers-worker4,1,2026-06-06 08:58:22 UTC,15034432,15462036,166044,1.04,52820,626928,199616,1.25,206096,526748,208
cloud-k3s-pool-workers-worker4,1,2026-06-06 08:58:23 UTC,15042260,15469864,158204,0.99,52832,626928,199616,1.25,206096,526748,308
cloud-k3s-pool-workers-worker4,1,2026-06-06 08:58:24 UTC,15042260,15469864,158196,0.99,52832,626936,199616,1.25,206096,526748,320
cloud-k3s-pool-workers-worker4,1,2026-06-06 08:58:25 UTC,15042496,15470100,157936,0.99,52832,626960,199616,1.25,206096,526748,64
cloud-k3s-pool-workers-worker4,1,2026-06-06 08:58:26 UTC,15042496,15470100,157936,0.99,52832,626960,199616,1.25,206096,526748,64
cloud-k3s-pool-workers-worker4,1,2026-06-06 08:58:27 UTC,15042496,15470160,157916,0.99,52832,626980,199616,1.25,206096,526808,84
cloud-k3s-pool-workers-worker4,1,2026-06-06 08:58:28 UTC,15042496,15470160,157904,0.99,52844,626980,199616,1.25,206096,526808,248
cloud-k3s-pool-workers-worker4,1,2026-06-06 08:58:29 UTC,15042496,15470160,157880,0.99,52844,627004,199616,1.25,206096,526808,200
cloud-k3s-pool-workers-worker4,1,2026-06-06 08:58:30 UTC,15042496,15470160,157868,0.99,52844,627016,199616,1.25,206096,526808,216
cloud-k3s-pool-workers-worker4,1,2026-06-06 08:58:31 UTC,15042496,15470160,157860,0.99,52844,627024,199616,1.25,206096,526808,224
cloud-k3s-pool-workers-worker4,1,2026-06-06 08:58:32 UTC,15042496,15470220,157848,0.99,52844,627036,199616,1.25,206096,526868,236
cloud-k3s-pool-workers-worker4,1,2026-06-06 08:58:33 UTC,15042244,15469968,158092,0.99,52856,627032,199616,1.25,206096,526868,52
cloud-k3s-pool-workers-worker4,1,2026-06-06 08:58:34 UTC,15042244,15470032,158064,0.99,52856,627056,199616,1.25,206096,526928,0
cloud-k3s-pool-workers-worker4,1,2026-06-06 08:58:35 UTC,15042244,15470032,158064,0.99,52856,627056,199616,1.25,206096,526928,0
cloud-k3s-pool-workers-worker4,1,2026-06-06 08:58:36 UTC,15042244,15470032,158044,0.99,52856,627076,199616,1.25,206096,526928,24
cloud-k3s-pool-workers-worker4,1,2026-06-06 08:58:37 UTC,15042244,15470032,158036,0.99,52856,627084,199616,1.25,206096,526928,32
cloud-k3s-pool-workers-worker4,1,2026-06-06 08:58:38 UTC,15042244,15470092,158012,0.99,52868,627096,199616,1.25,206096,526988,224
cloud-k3s-pool-workers-worker4,1,2026-06-06 08:58:39 UTC,15041488,15469356,158756,0.99,52868,627108,202800,1.27,207600,527008,212
cloud-k3s-pool-workers-worker4,1,2026-06-06 08:58:40 UTC,15041488,15469364,158744,0.99,52868,627120,202800,1.27,207672,527016,180
cloud-k3s-pool-workers-worker4,1,2026-06-06 08:58:41 UTC,15033424,15461300,166796,1.04,52868,627132,202800,1.27,207672,527016,216
cloud-k3s-pool-workers-worker4,1,2026-06-06 08:58:42 UTC,15033424,15461300,166788,1.04,52868,627140,199616,1.25,206112,527016,236
cloud-k3s-pool-workers-worker4,1,2026-06-06 08:58:43 UTC,15033424,15461360,166776,1.04,52880,627140,199616,1.25,206112,527076,332
cloud-k3s-pool-workers-worker4,1,2026-06-06 08:58:44 UTC,15033424,15461360,166768,1.04,52880,627160,199616,1.25,206072,527076,40
cloud-k3s-pool-workers-worker4,1,2026-06-06 08:58:45 UTC,15034204,15462140,165976,1.04,52880,627172,199616,1.25,206072,527076,56
cloud-k3s-pool-workers-worker4,1,2026-06-06 08:58:46 UTC,15034352,15462288,165820,1.04,52880,627180,199616,1.25,206072,527076,60
cloud-k3s-pool-workers-worker4,1,2026-06-06 08:58:47 UTC,15035652,15463588,164508,1.03,52880,627192,199616,1.25,206072,527076,72
cloud-k3s-pool-workers-worker4,1,2026-06-06 08:58:48 UTC,15035764,15463700,164388,1.03,52892,627188,199616,1.25,206072,527076,232
cloud-k3s-pool-workers-worker4,1,2026-06-06 08:58:49 UTC,15035764,15463760,164360,1.03,52892,627212,199616,1.25,206072,527136,200
cloud-k3s-pool-workers-worker4,1,2026-06-06 08:58:50 UTC,15028820,15456840,171296,1.07,52892,627220,202800,1.27,207644,527160,276
cloud-k3s-pool-workers-worker4,1,2026-06-06 08:58:51 UTC,15030692,15458712,169412,1.06,52892,627232,202800,1.27,207644,527160,288
cloud-k3s-pool-workers-worker4,1,2026-06-06 08:58:52 UTC,15032512,15460532,167576,1.05,52892,627248,202800,1.27,207644,527160,324
cloud-k3s-pool-workers-worker4,1,2026-06-06 08:58:53 UTC,15032564,15460588,167516,1.05,52892,627256,199616,1.25,206056,527164,208
cloud-k3s-pool-workers-worker4,1,2026-06-06 08:58:54 UTC,15034184,15462220,165872,1.04,52904,627268,199616,1.25,206048,527176,160
cloud-k3s-pool-workers-worker4,1,2026-06-06 08:58:55 UTC,15035616,15463712,164432,1.03,52904,627276,199616,1.25,206048,527236,172
cloud-k3s-pool-workers-worker4,1,2026-06-06 08:58:56 UTC,15035616,15463712,164420,1.03,52904,627288,199616,1.25,206048,527236,184
cloud-k3s-pool-workers-worker4,1,2026-06-06 08:58:57 UTC,15036504,15464600,163524,1.02,52904,627296,199616,1.25,206048,527236,192
cloud-k3s-pool-workers-worker4,1,2026-06-06 08:58:58 UTC,15036504,15464600,163512,1.02,52904,627308,199616,1.25,206048,527236,88
cloud-k3s-pool-workers-worker4,1,2026-06-06 08:58:59 UTC,15036504,15464600,163512,1.02,52916,627296,199616,1.25,206048,527236,36
cloud-k3s-pool-workers-worker4,1,2026-06-06 08:59:00 UTC,15036504,15464604,163476,1.02,52916,627328,199616,1.25,206048,527236,60
cloud-k3s-pool-workers-worker4,1,2026-06-06 08:59:01 UTC,15036504,15464664,163468,1.02,52916,627336,199616,1.25,206048,527296,68
cloud-k3s-pool-workers-worker4,1,2026-06-06 08:59:02 UTC,15036504,15464664,163468,1.02,52916,627336,199616,1.25,206048,527296,68
cloud-k3s-pool-workers-worker4,1,2026-06-06 08:59:03 UTC,15036504,15464664,163444,1.02,52916,627360,199616,1.25,206048,527296,248
cloud-k3s-pool-workers-worker4,1,2026-06-06 08:59:04 UTC,15036504,15464664,163420,1.02,52928,627368,199616,1.25,206048,527296,48
cloud-k3s-pool-workers-worker4,1,2026-06-06 08:59:05 UTC,15036504,15464664,163420,1.02,52928,627368,199616,1.25,206048,527296,48
cloud-k3s-pool-workers-worker4,1,2026-06-06 08:59:06 UTC,15028524,15456684,171400,1.07,52928,627368,199616,1.25,206048,527296,48
cloud-k3s-pool-workers-worker4,1,2026-06-06 08:59:07 UTC,15028248,15456408,171676,1.07,52928,627368,202596,1.27,207088,527296,48
cloud-k3s-pool-workers-worker4,1,2026-06-06 08:59:08 UTC,15028620,15456852,171192,1.07,52928,627408,206276,1.29,209464,527368,344
cloud-k3s-pool-workers-worker4,1,2026-06-06 08:59:09 UTC,15030492,15458736,169296,1.06,52940,627420,206520,1.29,209464,527380,296
cloud-k3s-pool-workers-worker4,1,2026-06-06 08:59:10 UTC,15032132,15460376,167648,1.05,52940,627428,206520,1.29,209464,527380,320
cloud-k3s-pool-workers-worker4,1,2026-06-06 08:59:11 UTC,15033560,15461804,166208,1.04,52940,627440,206520,1.29,209464,527380,344
cloud-k3s-pool-workers-worker4,1,2026-06-06 08:59:12 UTC,15036868,15465124,162932,1.02,52940,627448,199616,1.25,206064,527392,372
cloud-k3s-pool-workers-worker4,1,2026-06-06 08:59:13 UTC,15036868,15465184,162920,1.02,52940,627460,199616,1.25,206064,527452,224
cloud-k3s-pool-workers-worker4,1,2026-06-06 08:59:14 UTC,15036868,15465184,162912,1.02,52940,627468,199616,1.25,206064,527452,224
cloud-k3s-pool-workers-worker4,1,2026-06-06 08:59:15 UTC,15036868,15465196,162888,1.02,52952,627480,199616,1.25,206064,527464,192
cloud-k3s-pool-workers-worker4,1,2026-06-06 08:59:16 UTC,15036868,15465196,162888,1.02,52952,627480,199616,1.25,206064,527464,192
cloud-k3s-pool-workers-worker4,1,2026-06-06 08:59:17 UTC,15036868,15465196,162888,1.02,52952,627480,199616,1.25,206064,527464,192
cloud-k3s-pool-workers-worker4,1,2026-06-06 08:59:18 UTC,15036868,15465196,162856,1.02,52952,627512,199616,1.25,206064,527464,252
cloud-k3s-pool-workers-worker4,1,2026-06-06 08:59:19 UTC,15036868,15465256,162848,1.02,52952,627520,199616,1.25,206064,527524,260
cloud-k3s-pool-workers-worker4,1,2026-06-06 08:59:20 UTC,15036868,15465260,162820,1.02,52964,627532,199616,1.25,206064,527524,44
cloud-k3s-pool-workers-worker4,1,2026-06-06 08:59:21 UTC,15036868,15465260,162812,1.02,52964,627540,199616,1.25,206064,527524,56
cloud-k3s-pool-workers-worker4,1,2026-06-06 08:59:22 UTC,15036868,15465260,162812,1.02,52964,627540,199616,1.25,206064,527524,56
cloud-k3s-pool-workers-worker4,1,2026-06-06 08:59:23 UTC,15036868,15465260,162792,1.02,52964,627560,202800,1.27,207364,527524,292
cloud-k3s-pool-workers-worker4,1,2026-06-06 08:59:24 UTC,15036868,15465260,162780,1.02,52964,627572,202800,1.27,207364,527524,304
cloud-k3s-pool-workers-worker4,1,2026-06-06 08:59:25 UTC,15036868,15465320,162756,1.02,52976,627580,202800,1.27,207672,527584,168
cloud-k3s-pool-workers-worker4,1,2026-06-06 08:59:26 UTC,15036868,15465320,162760,1.02,52976,627592,199616,1.25,206040,527584,196
cloud-k3s-pool-workers-worker4,1,2026-06-06 08:59:27 UTC,15036868,15465320,162748,1.02,52976,627604,199616,1.25,206040,527584,208
cloud-k3s-pool-workers-worker4,1,2026-06-06 08:59:28 UTC,15036868,15465320,162740,1.02,52976,627612,199616,1.25,206040,527584,300
cloud-k3s-pool-workers-worker4,1,2026-06-06 08:59:29 UTC,15036868,15465320,162740,1.02,52976,627612,199616,1.25,206040,527584,300
cloud-k3s-pool-workers-worker4,1,2026-06-06 08:59:30 UTC,15036868,15465320,162708,1.02,52988,627632,199616,1.25,206040,527584,256
cloud-k3s-pool-workers-worker4,1,2026-06-06 08:59:31 UTC,15036868,15465380,162696,1.02,52988,627644,199616,1.25,206040,527644,272
cloud-k3s-pool-workers-worker4,1,2026-06-06 08:59:32 UTC,15036868,15465380,162696,1.02,52988,627644,199616,1.25,206040,527644,272
cloud-k3s-pool-workers-worker4,1,2026-06-06 08:59:33 UTC,15036868,15465380,162676,1.02,52988,627664,199616,1.25,206040,527644,232
cloud-k3s-pool-workers-worker4,1,2026-06-06 08:59:34 UTC,15036868,15465380,162668,1.02,52988,627672,199616,1.25,206040,527644,240
cloud-k3s-pool-workers-worker4,1,2026-06-06 08:59:35 UTC,15036868,15465384,162640,1.02,53000,627684,199616,1.25,206040,527644,196
cloud-k3s-pool-workers-worker4,1,2026-06-06 08:59:36 UTC,15036868,15465384,162632,1.02,53000,627692,199616,1.25,206040,527644,208
cloud-k3s-pool-workers-worker4,1,2026-06-06 08:59:37 UTC,15036868,15465384,162632,1.02,53000,627692,199616,1.25,206040,527644,208
cloud-k3s-pool-workers-worker4,1,2026-06-06 08:59:38 UTC,15036868,15465492,162612,1.02,53000,627712,199616,1.25,206044,527752,240
cloud-k3s-pool-workers-worker4,1,2026-06-06 08:59:39 UTC,15036868,15465492,162600,1.02,53000,627724,199616,1.25,206044,527752,84
cloud-k3s-pool-workers-worker4,1,2026-06-06 08:59:40 UTC,15036868,15465492,162588,1.02,53012,627724,199616,1.25,206044,527752,64
cloud-k3s-pool-workers-worker4,1,2026-06-06 08:59:41 UTC,15036868,15465492,162588,1.02,53012,627724,199616,1.25,206044,527752,64
cloud-k3s-pool-workers-worker4,1,2026-06-06 08:59:42 UTC,15028804,15457428,170652,1.07,53012,627724,199616,1.25,206044,527752,64
cloud-k3s-pool-workers-worker4,1,2026-06-06 08:59:43 UTC,15030392,15459076,169024,1.06,53012,627764,199616,1.25,206044,527812,212
cloud-k3s-pool-workers-worker4,1,2026-06-06 08:59:44 UTC,15030392,15459076,169012,1.06,53012,627776,199616,1.25,206044,527812,68
cloud-k3s-pool-workers-worker4,1,2026-06-06 08:59:45 UTC,15032264,15460948,167120,1.05,53024,627784,199616,1.25,206044,527812,76
cloud-k3s-pool-workers-worker4,1,2026-06-06 08:59:46 UTC,15033824,15462508,165548,1.04,53024,627796,199616,1.25,206044,527812,92
cloud-k3s-pool-workers-worker4,1,2026-06-06 08:59:47 UTC,15033884,15462568,165480,1.04,53024,627804,199616,1.25,206044,527812,100
cloud-k3s-pool-workers-worker4,1,2026-06-06 08:59:48 UTC,15033884,15462628,165468,1.04,53024,627816,199616,1.25,206044,527872,212
cloud-k3s-pool-workers-worker4,1,2026-06-06 08:59:49 UTC,15035296,15464040,164048,1.03,53024,627824,199616,1.25,206044,527872,220
cloud-k3s-pool-workers-worker4,1,2026-06-06 08:59:50 UTC,15036076,15464820,163240,1.02,53036,627836,199616,1.25,206044,527872,232
cloud-k3s-pool-workers-worker4,1,2026-06-06 08:59:51 UTC,15036164,15464908,163140,1.02,53036,627848,199616,1.25,206044,527872,192
cloud-k3s-pool-workers-worker4,1,2026-06-06 08:59:52 UTC,15036164,15464908,163132,1.02,53036,627856,199616,1.25,206044,527872,200
cloud-k3s-pool-workers-worker4,1,2026-06-06 08:59:53 UTC,15036164,15464908,163120,1.02,53036,627868,199616,1.25,206044,527872,232
cloud-k3s-pool-workers-worker4,1,2026-06-06 08:59:54 UTC,15036164,15465004,163112,1.02,53036,627876,199616,1.25,206044,527968,68
cloud-k3s-pool-workers-worker4,1,2026-06-06 08:59:55 UTC,15036164,15465004,163100,1.02,53036,627888,199616,1.25,206044,527968,80
cloud-k3s-pool-workers-worker4,1,2026-06-06 08:59:56 UTC,15036164,15465016,163080,1.02,53048,627896,203064,1.27,207736,527980,208
cloud-k3s-pool-workers-worker4,1,2026-06-06 08:59:57 UTC,15036164,15465016,163068,1.02,53048,627908,203064,1.27,207736,527980,228
cloud-k3s-pool-workers-worker4,1,2026-06-06 08:59:58 UTC,15036164,15465016,163060,1.02,53048,627916,203064,1.27,207772,527980,320
cloud-k3s-pool-workers-worker4,1,2026-06-06 08:59:59 UTC,15036164,15465016,163064,1.02,53048,627916,199616,1.25,206088,527980,332
cloud-k3s-pool-workers-worker4,1,2026-06-06 09:00:00 UTC,15036164,15465016,163064,1.02,53048,627916,199616,1.25,206088,527980,332
cloud-k3s-pool-workers-worker4,1,2026-06-06 09:00:01 UTC,15036164,15465076,163040,1.02,53060,627948,199616,1.25,206080,528040,368
cloud-k3s-pool-workers-worker4,1,2026-06-06 09:00:02 UTC,15036164,15465076,163032,1.02,53060,627956,199616,1.25,206080,528040,120
cloud-k3s-pool-workers-worker4,1,2026-06-06 09:00:03 UTC,15036164,15465088,163020,1.02,53060,627968,199616,1.25,206080,528052,308
cloud-k3s-pool-workers-worker4,1,2026-06-06 09:00:04 UTC,15036164,15465088,163008,1.02,53060,627980,199616,1.25,206080,528052,320
cloud-k3s-pool-workers-worker4,1,2026-06-06 09:00:05 UTC,15036164,15465088,162968,1.02,53060,627988,199616,1.25,206052,528052,332
cloud-k3s-pool-workers-worker4,1,2026-06-06 09:00:06 UTC,15036164,15465152,162940,1.02,53072,628000,199616,1.25,206052,528112,348
cloud-k3s-pool-workers-worker4,1,2026-06-06 09:00:07 UTC,15036164,15465152,162940,1.02,53072,628000,199616,1.25,206052,528112,348
cloud-k3s-pool-workers-worker4,1,2026-06-06 09:00:08 UTC,15036164,15465152,162920,1.02,53072,628020,199616,1.25,206052,528112,68
cloud-k3s-pool-workers-worker4,1,2026-06-06 09:00:09 UTC,15036164,15465152,162912,1.02,53072,628028,199616,1.25,206052,528112,76
cloud-k3s-pool-workers-worker4,1,2026-06-06 09:00:10 UTC,15036164,15465152,162900,1.02,53072,628040,199616,1.25,206052,528112,88
cloud-k3s-pool-workers-worker4,1,2026-06-06 09:00:11 UTC,15036164,15465152,162880,1.02,53084,628048,199616,1.25,206052,528112,60
cloud-k3s-pool-workers-worker4,1,2026-06-06 09:00:12 UTC,15036164,15465152,162880,1.02,53084,628048,199616,1.25,206052,528112,60
cloud-k3s-pool-workers-worker4,1,2026-06-06 09:00:13 UTC,15036164,15465212,162860,1.02,53084,628068,199616,1.25,206052,528172,192
cloud-k3s-pool-workers-worker4,1,2026-06-06 09:00:14 UTC,15036164,15465212,162848,1.02,53084,628080,199616,1.25,206052,528172,204
cloud-k3s-pool-workers-worker4,1,2026-06-06 09:00:15 UTC,15036164,15465212,162836,1.02,53084,628092,199616,1.25,206052,528172,64
cloud-k3s-pool-workers-worker4,1,2026-06-06 09:00:16 UTC,15036164,15465212,162816,1.02,53096,628100,199616,1.25,206052,528172,72
cloud-k3s-pool-workers-worker4,1,2026-06-06 09:00:17 UTC,15036164,15465212,162816,1.02,53096,628100,199616,1.25,206052,528172,72
cloud-k3s-pool-workers-worker4,1,2026-06-06 09:00:18 UTC,15036164,15465272,162796,1.02,53096,628120,199616,1.25,206052,528232,200
cloud-k3s-pool-workers-worker4,1,2026-06-06 09:00:19 UTC,15036164,15465272,162784,1.02,53096,628132,199616,1.25,206052,528232,212
cloud-k3s-pool-workers-worker4,1,2026-06-06 09:00:20 UTC,15036164,15465272,162784,1.02,53096,628132,199616,1.25,206052,528232,212
cloud-k3s-pool-workers-worker4,1,2026-06-06 09:00:21 UTC,15036164,15465272,162748,1.02,53108,628152,199616,1.25,206052,528232,232
cloud-k3s-pool-workers-worker4,1,2026-06-06 09:00:22 UTC,15036164,15465272,162740,1.02,53108,628160,199616,1.25,206052,528232,244
cloud-k3s-pool-workers-worker4,1,2026-06-06 09:00:23 UTC,15036164,15465272,162728,1.02,53108,628172,199616,1.25,206052,528232,208
cloud-k3s-pool-workers-worker4,1,2026-06-06 09:00:24 UTC,15036164,15465332,162720,1.02,53108,628180,199616,1.25,206052,528292,216
cloud-k3s-pool-workers-worker4,1,2026-06-06 09:00:25 UTC,15036164,15465332,162708,1.02,53108,628192,199616,1.25,206052,528292,60
cloud-k3s-pool-workers-worker4,1,2026-06-06 09:00:26 UTC,15036164,15465396,162680,1.02,53120,628204,199616,1.25,206052,528352,24
cloud-k3s-pool-workers-worker4,1,2026-06-06 09:00:27 UTC,15036164,15465396,162680,1.02,53120,628204,199616,1.25,206052,528352,24
cloud-k3s-pool-workers-worker4,1,2026-06-06 09:00:28 UTC,15036164,15465396,162660,1.02,53120,628224,199616,1.25,206052,528352,200
cloud-k3s-pool-workers-worker4,1,2026-06-06 09:00:29 UTC,15034656,15463888,164160,1.03,53120,628232,200976,1.26,206832,528352,60
cloud-k3s-pool-workers-worker4,1,2026-06-06 09:00:30 UTC,15033928,15463220,164876,1.03,53120,628244,203068,1.27,207716,528412,248
cloud-k3s-pool-workers-worker4,1,2026-06-06 09:00:31 UTC,15033928,15463220,164868,1.03,53132,628240,203068,1.27,207716,528412,204
cloud-k3s-pool-workers-worker4,1,2026-06-06 09:00:32 UTC,15033928,15463220,164844,1.03,53132,628264,203068,1.27,207716,528412,224
cloud-k3s-pool-workers-worker4,1,2026-06-06 09:00:33 UTC,15033928,15463220,164836,1.03,53132,628272,203068,1.27,207716,528412,316
cloud-k3s-pool-workers-worker4,1,2026-06-06 09:00:34 UTC,15033928,15463220,164820,1.03,53132,628288,199616,1.25,206076,528412,344
cloud-k3s-pool-workers-worker4,1,2026-06-06 09:00:35 UTC,15033928,15463220,164812,1.03,53132,628296,199616,1.25,206076,528412,92
cloud-k3s-pool-workers-worker4,1,2026-06-06 09:00:36 UTC,15033928,15463220,164812,1.03,53132,628296,199616,1.25,206076,528412,92
cloud-k3s-pool-workers-worker4,1,2026-06-06 09:00:37 UTC,15033676,15463032,165024,1.03,53144,628316,199616,1.25,206076,528472,104
cloud-k3s-pool-workers-worker4,1,2026-06-06 09:00:38 UTC,15036356,15465712,162332,1.02,53144,628328,199616,1.25,206076,528472,268
cloud-k3s-pool-workers-worker4,1,2026-06-06 09:00:39 UTC,15036356,15465712,162332,1.02,53144,628328,199616,1.25,206076,528472,268
cloud-k3s-pool-workers-worker4,1,2026-06-06 09:00:40 UTC,15036356,15465724,162312,1.02,53144,628348,199616,1.25,206076,528484,216
cloud-k3s-pool-workers-worker4,1,2026-06-06 09:00:41 UTC,15036356,15465784,162300,1.02,53144,628360,199616,1.25,206076,528544,228
cloud-k3s-pool-workers-worker4,1,2026-06-06 09:00:42 UTC,15036356,15465808,162280,1.02,53156,628368,199616,1.25,206076,528568,152
cloud-k3s-pool-workers-worker4,1,2026-06-06 09:00:43 UTC,15036356,15465808,162268,1.02,53156,628380,199616,1.25,206076,528568,20
cloud-k3s-pool-workers-worker4,1,2026-06-06 09:00:44 UTC,15036356,15465808,162260,1.02,53156,628388,199616,1.25,206076,528568,28
cloud-k3s-pool-workers-worker4,1,2026-06-06 09:00:45 UTC,15036356,15465808,162248,1.02,53156,628400,199616,1.25,206076,528568,40
cloud-k3s-pool-workers-worker4,1,2026-06-06 09:00:46 UTC,15036356,15465808,162248,1.02,53156,628400,199616,1.25,206076,528568,40
cloud-k3s-pool-workers-worker4,1,2026-06-06 09:00:47 UTC,15036356,15465868,162216,1.01,53168,628420,199616,1.25,206076,528628,20
cloud-k3s-pool-workers-worker4,1,2026-06-06 09:00:48 UTC,15036356,15465868,162208,1.01,53168,628428,199616,1.25,206076,528628,180
cloud-k3s-pool-workers-worker4,1,2026-06-06 09:00:49 UTC,15036356,15465868,162196,1.01,53168,628440,199616,1.25,206076,528628,40
cloud-k3s-pool-workers-worker4,1,2026-06-06 09:00:50 UTC,15036356,15465868,162184,1.01,53168,628452,199616,1.25,206076,528628,52
cloud-k3s-pool-workers-worker4,1,2026-06-06 09:00:51 UTC,15036356,15465880,162176,1.01,53168,628460,199616,1.25,206064,528640,180
cloud-k3s-pool-workers-worker4,1,2026-06-06 09:00:52 UTC,15036356,15465880,162148,1.01,53180,628472,199616,1.25,206064,528640,204
cloud-k3s-pool-workers-worker4,1,2026-06-06 09:00:53 UTC,15036356,15465940,162140,1.01,53180,628480,199616,1.25,206064,528700,296
cloud-k3s-pool-workers-worker4,1,2026-06-06 09:00:54 UTC,15036356,15465940,162128,1.01,53180,628492,199616,1.25,206064,528700,308
cloud-k3s-pool-workers-worker4,1,2026-06-06 09:00:55 UTC,15036356,15465940,162120,1.01,53180,628500,199616,1.25,206064,528700,316
cloud-k3s-pool-workers-worker4,1,2026-06-06 09:00:56 UTC,15036356,15465940,162108,1.01,53180,628512,199616,1.25,206064,528700,124
cloud-k3s-pool-workers-worker4,1,2026-06-06 09:00:57 UTC,15036356,15465940,162100,1.01,53180,628520,199616,1.25,206064,528700,132
cloud-k3s-pool-workers-worker4,1,2026-06-06 09:00:58 UTC,15036356,15465940,162080,1.01,53188,628532,199616,1.25,206064,528700,296
cloud-k3s-pool-workers-worker4,1,2026-06-06 09:00:59 UTC,15036356,15466000,162072,1.01,53188,628540,199616,1.25,206064,528760,304
cloud-k3s-pool-workers-worker4,1,2026-06-06 09:01:00 UTC,15036356,15466000,162060,1.01,53188,628552,199616,1.25,206064,528760,320
cloud-k3s-pool-workers-worker4,1,2026-06-06 09:01:01 UTC,15036356,15466000,162052,1.01,53188,628560,199616,1.25,206064,528760,328
cloud-k3s-pool-workers-worker4,1,2026-06-06 09:01:02 UTC,15036356,15466000,162040,1.01,53188,628572,199616,1.25,206064,528760,340
cloud-k3s-pool-workers-worker4,1,2026-06-06 09:01:03 UTC,15036356,15466000,162020,1.01,53196,628584,199616,1.25,206064,528760,196
cloud-k3s-pool-workers-worker4,1,2026-06-06 09:01:04 UTC,15034368,15464044,163980,1.03,53196,628596,205920,1.29,209124,528792,372
cloud-k3s-pool-workers-worker4,1,2026-06-06 09:01:05 UTC,15034368,15464104,163928,1.03,53196,628608,206256,1.29,209448,528852,408
cloud-k3s-pool-workers-worker4,1,2026-06-06 09:01:06 UTC,15034368,15464104,163920,1.03,53196,628616,206256,1.29,209448,528852,432
cloud-k3s-pool-workers-worker4,1,2026-06-06 09:01:07 UTC,15034368,15464104,163920,1.03,53196,628616,203068,1.27,207888,528852,452
cloud-k3s-pool-workers-worker4,1,2026-06-06 09:01:08 UTC,15036668,15466408,161624,1.01,53204,628636,199616,1.25,206080,528852,568
cloud-k3s-pool-workers-worker4,1,2026-06-06 09:01:09 UTC,15036920,15466660,161356,1.01,53204,628652,199616,1.25,206080,528852,264
cloud-k3s-pool-workers-worker4,1,2026-06-06 09:01:10 UTC,15028856,15458596,169420,1.06,53204,628652,199616,1.25,206080,528852,264
cloud-k3s-pool-workers-worker4,1,2026-06-06 09:01:11 UTC,15029520,15459320,168736,1.06,53204,628672,199616,1.25,206080,528912,284
cloud-k3s-pool-workers-worker4,1,2026-06-06 09:01:12 UTC,15031396,15461196,166852,1.04,53204,628680,199616,1.25,206080,528912,292
cloud-k3s-pool-workers-worker4,1,2026-06-06 09:01:13 UTC,15033032,15462832,165204,1.03,53212,628684,199616,1.25,206080,528912,456
cloud-k3s-pool-workers-worker4,1,2026-06-06 09:01:14 UTC,15034460,15464260,163764,1.02,53212,628696,199616,1.25,206080,528912,468
cloud-k3s-pool-workers-worker4,1,2026-06-06 09:01:15 UTC,15035352,15465152,162856,1.02,53212,628712,199616,1.25,206080,528912,488
cloud-k3s-pool-workers-worker4,1,2026-06-06 09:01:16 UTC,15035352,15465152,162844,1.02,53212,628724,199616,1.25,206080,528912,500
cloud-k3s-pool-workers-worker4,1,2026-06-06 09:01:17 UTC,15035352,15465212,162836,1.02,53212,628732,199616,1.25,206080,528972,204
cloud-k3s-pool-workers-worker4,1,2026-06-06 09:01:18 UTC,15035352,15465212,162812,1.02,53224,628744,199616,1.25,206080,528972,40
cloud-k3s-pool-workers-worker4,1,2026-06-06 09:01:19 UTC,15035352,15465212,162804,1.02,53224,628752,199616,1.25,206080,528972,48
cloud-k3s-pool-workers-worker4,1,2026-06-06 09:01:20 UTC,15035352,15465212,162792,1.02,53224,628764,199616,1.25,206080,528972,60
cloud-k3s-pool-workers-worker4,1,2026-06-06 09:01:21 UTC,15035352,15465212,162784,1.02,53224,628772,199616,1.25,206080,528972,68
cloud-k3s-pool-workers-worker4,1,2026-06-06 09:01:22 UTC,15035352,15465212,162768,1.02,53224,628784,199616,1.25,206080,528972,80
cloud-k3s-pool-workers-worker4,1,2026-06-06 09:01:23 UTC,15035352,15465272,162752,1.02,53232,628792,199616,1.25,206080,529032,244
cloud-k3s-pool-workers-worker4,1,2026-06-06 09:01:24 UTC,15035352,15465272,162740,1.02,53232,628804,199616,1.25,206080,529032,256
cloud-k3s-pool-workers-worker4,1,2026-06-06 09:01:25 UTC,15035352,15465272,162732,1.02,53232,628812,199616,1.25,206080,529032,264
cloud-k3s-pool-workers-worker4,1,2026-06-06 09:01:26 UTC,15035352,15465272,162720,1.02,53232,628824,199616,1.25,206080,529032,276
cloud-k3s-pool-workers-worker4,1,2026-06-06 09:01:27 UTC,15035352,15465272,162708,1.02,53232,628836,199616,1.25,206080,529032,288
cloud-k3s-pool-workers-worker4,1,2026-06-06 09:01:28 UTC,15035100,15465020,162944,1.02,53240,628844,199616,1.25,206080,529032,140
cloud-k3s-pool-workers-worker4,1,2026-06-06 09:01:29 UTC,15035100,15465080,162932,1.02,53240,628856,199616,1.25,206080,529092,152
cloud-k3s-pool-workers-worker4,1,2026-06-06 09:01:30 UTC,15035100,15465080,162924,1.02,53240,628864,199616,1.25,206080,529092,160
cloud-k3s-pool-workers-worker4,1,2026-06-06 09:01:31 UTC,15035100,15465080,162912,1.02,53240,628876,199616,1.25,206080,529092,172
cloud-k3s-pool-workers-worker4,1,2026-06-06 09:01:32 UTC,15035100,15465080,162904,1.02,53240,628884,199616,1.25,206080,529092,180
cloud-k3s-pool-workers-worker4,1,2026-06-06 09:01:33 UTC,15035100,15465080,162884,1.02,53248,628896,199616,1.25,206080,529092,352
cloud-k3s-pool-workers-worker4,1,2026-06-06 09:01:34 UTC,15035100,15465080,162876,1.02,53248,628904,199616,1.25,206080,529092,208
cloud-k3s-pool-workers-worker4,1,2026-06-06 09:01:35 UTC,15035100,15465140,162864,1.02,53248,628916,199616,1.25,206080,529152,220
cloud-k3s-pool-workers-worker4,1,2026-06-06 09:01:36 UTC,15035100,15465140,162856,1.02,53248,628924,199616,1.25,206080,529152,228
cloud-k3s-pool-workers-worker4,1,2026-06-06 09:01:37 UTC,15035100,15465140,162844,1.02,53248,628936,199616,1.25,206080,529152,240
cloud-k3s-pool-workers-worker4,1,2026-06-06 09:01:38 UTC,15035100,15465196,162816,1.02,53256,628948,203064,1.27,207708,529204,460
cloud-k3s-pool-workers-worker4,1,2026-06-06 09:01:39 UTC,15035100,15465196,162808,1.02,53256,628956,203064,1.27,207708,529204,524
cloud-k3s-pool-workers-worker4,1,2026-06-06 09:01:40 UTC,15035100,15465264,162804,1.02,53256,628968,199616,1.25,206056,529272,548
cloud-k3s-pool-workers-worker4,1,2026-06-06 09:01:41 UTC,15035100,15465264,162796,1.02,53256,628976,199616,1.25,206056,529272,556
cloud-k3s-pool-workers-worker4,1,2026-06-06 09:01:42 UTC,15035100,15465264,162784,1.02,53256,628988,199616,1.25,206056,529272,568
cloud-k3s-pool-workers-worker4,1,2026-06-06 09:01:43 UTC,15035100,15465264,162776,1.02,53264,628988,199616,1.25,206056,529272,468
cloud-k3s-pool-workers-worker4,1,2026-06-06 09:01:44 UTC,15035100,15465264,162756,1.02,53264,629008,199616,1.25,206056,529272,476
cloud-k3s-pool-workers-worker4,1,2026-06-06 09:01:45 UTC,15035100,15465264,162748,1.02,53264,629016,199616,1.25,206056,529272,476
cloud-k3s-pool-workers-worker4,1,2026-06-06 09:01:46 UTC,15035100,15465264,162748,1.02,53264,629016,199616,1.25,206056,529272,476
cloud-k3s-pool-workers-worker4,1,2026-06-06 09:01:47 UTC,15035100,15465324,162728,1.02,53264,629036,199616,1.25,206056,529332,496
cloud-k3s-pool-workers-worker4,1,2026-06-06 09:01:48 UTC,15035100,15465324,162716,1.02,53272,629040,199616,1.25,206056,529332,264
cloud-k3s-pool-workers-worker4,1,2026-06-06 09:01:49 UTC,15035100,15465324,162716,1.02,53272,629040,199616,1.25,206056,529332,264
cloud-k3s-pool-workers-worker4,1,2026-06-06 09:01:50 UTC,15035100,15465324,162688,1.02,53272,629068,199616,1.25,206056,529332,28
cloud-k3s-pool-workers-worker4,1,2026-06-06 09:01:51 UTC,15035100,15465324,162676,1.02,53272,629080,199616,1.25,206056,529332,40
cloud-k3s-pool-workers-worker4,1,2026-06-06 09:01:52 UTC,15035100,15465324,162676,1.02,53272,629080,199616,1.25,206056,529332,40
cloud-k3s-pool-workers-worker4,1,2026-06-06 09:01:53 UTC,15035100,15465384,162652,1.02,53284,629088,199616,1.25,206056,529392,212
cloud-k3s-pool-workers-worker4,1,2026-06-06 09:01:54 UTC,15035100,15465384,162644,1.02,53284,629096,199616,1.25,206056,529392,220
cloud-k3s-pool-workers-worker4,1,2026-06-06 09:01:55 UTC,15035100,15465384,162620,1.02,53284,629120,199616,1.25,206056,529392,100
cloud-k3s-pool-workers-worker4,1,2026-06-06 09:01:56 UTC,15035100,15465384,162612,1.02,53284,629128,199616,1.25,206056,529392,108
cloud-k3s-pool-workers-worker4,1,2026-06-06 09:01:57 UTC,15035100,15465384,162600,1.02,53284,629140,199616,1.25,206056,529392,120
cloud-k3s-pool-workers-worker4,1,2026-06-06 09:01:58 UTC,15035100,15465444,162592,1.02,53292,629140,199616,1.25,206056,529452,284
cloud-k3s-pool-workers-worker4,1,2026-06-06 09:01:59 UTC,15035100,15465444,162572,1.02,53292,629160,199616,1.25,206056,529452,300
cloud-k3s-pool-workers-worker4,1,2026-06-06 09:02:00 UTC,15035100,15465444,162564,1.02,53292,629168,199616,1.25,206056,529452,308
cloud-k3s-pool-workers-worker4,1,2026-06-06 09:02:01 UTC,15035100,15465444,162552,1.02,53292,629180,199616,1.25,206056,529452,320
cloud-k3s-pool-workers-worker4,1,2026-06-06 09:02:02 UTC,15035100,15465444,162540,1.02,53292,629192,199616,1.25,206056,529452,332
cloud-k3s-pool-workers-worker4,1,2026-06-06 09:02:03 UTC,15035100,15465444,162532,1.02,53300,629192,199616,1.25,206056,529452,352
cloud-k3s-pool-workers-worker4,1,2026-06-06 09:02:04 UTC,15035100,15465504,162512,1.02,53300,629212,199616,1.25,206056,529512,192
cloud-k3s-pool-workers-worker4,1,2026-06-06 09:02:05 UTC,15035100,15465504,162504,1.02,53300,629220,199616,1.25,206056,529512,200
cloud-k3s-pool-workers-worker4,1,2026-06-06 09:02:06 UTC,15035100,15465504,162492,1.02,53300,629232,199616,1.25,206056,529512,212
cloud-k3s-pool-workers-worker4,1,2026-06-06 09:02:07 UTC,15035100,15465504,162484,1.02,53300,629240,199616,1.25,206056,529512,220
cloud-k3s-pool-workers-worker4,1,2026-06-06 09:02:08 UTC,15035100,15465508,162468,1.02,53308,629244,199616,1.25,206056,529512,388
cloud-k3s-pool-workers-worker4,1,2026-06-06 09:02:09 UTC,15035100,15465508,162468,1.02,53308,629244,199616,1.25,206056,529512,388
cloud-k3s-pool-workers-worker4,1,2026-06-06 09:02:10 UTC,15034092,15464612,163444,1.02,53308,629272,200976,1.26,207068,529624,416
cloud-k3s-pool-workers-worker4,1,2026-06-06 09:02:11 UTC,15033084,15463604,164444,1.03,53308,629280,203064,1.27,207432,529624,520
cloud-k3s-pool-workers-worker4,1,2026-06-06 09:02:12 UTC,15033084,15463604,164444,1.03,53308,629280,203064,1.27,207432,529624,520
cloud-k3s-pool-workers-worker4,1,2026-06-06 09:02:13 UTC,15033084,15463604,164420,1.03,53316,629292,203064,1.27,207788,529624,296
cloud-k3s-pool-workers-worker4,1,2026-06-06 09:02:14 UTC,15033084,15463604,164408,1.03,53316,629304,199616,1.25,206180,529624,424
cloud-k3s-pool-workers-worker4,1,2026-06-06 09:02:15 UTC,15033084,15463612,164388,1.03,53316,629324,199616,1.25,206096,529632,436
cloud-k3s-pool-workers-worker4,1,2026-06-06 09:02:16 UTC,15033084,15463676,164380,1.03,53316,629332,199616,1.25,206096,529696,440
cloud-k3s-pool-workers-worker4,1,2026-06-06 09:02:17 UTC,15033084,15463676,164380,1.03,53316,629332,199616,1.25,206096,529696,440
cloud-k3s-pool-workers-worker4,1,2026-06-06 09:02:18 UTC,15033084,15463696,164352,1.03,53324,629352,199616,1.25,206096,529716,344
cloud-k3s-pool-workers-worker4,1,2026-06-06 09:02:19 UTC,15033084,15463696,164340,1.03,53324,629364,199616,1.25,206096,529716,96
cloud-k3s-pool-workers-worker4,1,2026-06-06 09:02:20 UTC,15033084,15463696,164332,1.03,53324,629372,199616,1.25,206096,529716,44
cloud-k3s-pool-workers-worker4,1,2026-06-06 09:02:21 UTC,15033084,15463696,164320,1.03,53324,629384,199616,1.25,206096,529716,56
cloud-k3s-pool-workers-worker4,1,2026-06-06 09:02:22 UTC,15033084,15463696,164320,1.03,53324,629384,199616,1.25,206096,529716,56
cloud-k3s-pool-workers-worker4,1,2026-06-06 09:02:23 UTC,15033084,15463696,164288,1.03,53336,629404,199616,1.25,206096,529716,232
cloud-k3s-pool-workers-worker4,1,2026-06-06 09:02:24 UTC,15033084,15463760,164276,1.03,53336,629412,199616,1.25,206096,529776,240
cloud-k3s-pool-workers-worker4,1,2026-06-06 09:02:25 UTC,15033084,15463760,164264,1.03,53336,629424,199616,1.25,206096,529776,224
cloud-k3s-pool-workers-worker4,1,2026-06-06 09:02:26 UTC,15033084,15463760,164252,1.03,53336,629436,199616,1.25,206096,529776,236
cloud-k3s-pool-workers-worker4,1,2026-06-06 09:02:27 UTC,15033084,15463760,164252,1.03,53336,629436,199616,1.25,206096,529776,236
cloud-k3s-pool-workers-worker4,1,2026-06-06 09:02:28 UTC,15033084,15463760,164224,1.03,53344,629456,199616,1.25,206096,529776,280
cloud-k3s-pool-workers-worker4,1,2026-06-06 09:02:29 UTC,15033084,15463760,164216,1.03,53344,629464,199616,1.25,206096,529776,288
cloud-k3s-pool-workers-worker4,1,2026-06-06 09:02:30 UTC,15033084,15463820,164204,1.03,53344,629476,199616,1.25,206096,529836,128
cloud-k3s-pool-workers-worker4,1,2026-06-06 09:02:31 UTC,15033084,15463820,164196,1.03,53344,629484,199616,1.25,206096,529836,136
cloud-k3s-pool-workers-worker4,1,2026-06-06 09:02:32 UTC,15033084,15463820,164184,1.03,53344,629496,199616,1.25,206096,529836,148
cloud-k3s-pool-workers-worker4,1,2026-06-06 09:02:33 UTC,15033084,15463820,164176,1.03,53352,629496,199616,1.25,206096,529836,308
cloud-k3s-pool-workers-worker4,1,2026-06-06 09:02:34 UTC,15033084,15463820,164156,1.03,53352,629516,199616,1.25,206096,529836,176
cloud-k3s-pool-workers-worker4,1,2026-06-06 09:02:35 UTC,15033084,15463820,164156,1.03,53352,629516,199616,1.25,206096,529836,176
cloud-k3s-pool-workers-worker4,1,2026-06-06 09:02:36 UTC,15033084,15463820,164156,1.03,53352,629516,199616,1.25,206096,529836,176
cloud-k3s-pool-workers-worker4,1,2026-06-06 09:02:37 UTC,15033084,15463880,164124,1.03,53352,629548,199616,1.25,206096,529896,208
cloud-k3s-pool-workers-worker4,1,2026-06-06 09:02:38 UTC,15033084,15463880,164116,1.03,53360,629548,199616,1.25,206096,529896,372
cloud-k3s-pool-workers-worker4,1,2026-06-06 09:02:39 UTC,15033084,15463880,164092,1.03,53360,629568,199616,1.25,206096,529896,380
cloud-k3s-pool-workers-worker4,1,2026-06-06 09:02:40 UTC,15033084,15463880,164084,1.03,53360,629576,199616,1.25,206096,529896,388
cloud-k3s-pool-workers-worker4,1,2026-06-06 09:02:41 UTC,15033084,15463880,164072,1.03,53360,629588,199616,1.25,206096,529896,400
cloud-k3s-pool-workers-worker4,1,2026-06-06 09:02:42 UTC,15033084,15463940,164064,1.03,53360,629596,199616,1.25,206096,529956,408
cloud-k3s-pool-workers-worker4,1,2026-06-06 09:02:43 UTC,15033084,15463940,164052,1.03,53368,629600,199616,1.25,206096,529956,432
cloud-k3s-pool-workers-worker4,1,2026-06-06 09:02:44 UTC,15033084,15463940,164044,1.03,53368,629608,202596,1.27,207136,529956,440
cloud-k3s-pool-workers-worker4,1,2026-06-06 09:02:45 UTC,15033084,15463992,164024,1.03,53368,629628,202804,1.27,207708,530008,428
cloud-k3s-pool-workers-worker4,1,2026-06-06 09:02:46 UTC,15033084,15463992,164016,1.03,53368,629636,202804,1.27,207708,530008,436
cloud-k3s-pool-workers-worker4,1,2026-06-06 09:02:47 UTC,15032916,15463824,164176,1.03,53368,629648,202592,1.27,207172,530008,480
cloud-k3s-pool-workers-worker4,1,2026-06-06 09:02:48 UTC,15032916,15463884,164160,1.03,53376,629656,199616,1.25,206100,530068,604
cloud-k3s-pool-workers-worker4,1,2026-06-06 09:02:49 UTC,15032916,15463884,164152,1.03,53376,629668,199616,1.25,206048,530068,608
cloud-k3s-pool-workers-worker4,1,2026-06-06 09:02:50 UTC,15032916,15463912,164140,1.03,53376,629680,199616,1.25,206048,530096,28
cloud-k3s-pool-workers-worker4,1,2026-06-06 09:02:51 UTC,15032916,15463912,164132,1.03,53376,629688,199616,1.25,206048,530096,40
cloud-k3s-pool-workers-worker4,1,2026-06-06 09:02:52 UTC,15032916,15463912,164120,1.03,53376,629700,199616,1.25,206048,530096,52
cloud-k3s-pool-workers-worker4,1,2026-06-06 09:02:53 UTC,15032916,15463912,164100,1.03,53388,629708,199616,1.25,206048,530096,220
cloud-k3s-pool-workers-worker4,1,2026-06-06 09:02:54 UTC,15032916,15463916,164084,1.03,53388,629720,199616,1.25,206048,530096,232
cloud-k3s-pool-workers-worker4,1,2026-06-06 09:02:55 UTC,15032916,15463916,164076,1.03,53388,629728,199616,1.25,206048,530096,244
cloud-k3s-pool-workers-worker4,1,2026-06-06 09:02:56 UTC,15032916,15463976,164064,1.03,53388,629740,199616,1.25,206048,530156,256
cloud-k3s-pool-workers-worker4,1,2026-06-06 09:02:57 UTC,15032916,15463976,164056,1.03,53388,629748,199616,1.25,206048,530156,264
cloud-k3s-pool-workers-worker4,1,2026-06-06 09:02:58 UTC,15032916,15463996,164036,1.03,53396,629760,199616,1.25,206048,530176,124
cloud-k3s-pool-workers-worker4,1,2026-06-06 09:02:59 UTC,15032916,15464004,164028,1.03,53396,629768,199616,1.25,206048,530184,96
cloud-k3s-pool-workers-worker4,1,2026-06-06 09:03:00 UTC,15032916,15464004,164016,1.03,53396,629780,199616,1.25,206048,530184,104
cloud-k3s-pool-workers-worker4,1,2026-06-06 09:03:01 UTC,15032916,15464004,164004,1.03,53396,629792,199616,1.25,206048,530184,116
cloud-k3s-pool-workers-worker4,1,2026-06-06 09:03:02 UTC,15032916,15464012,163980,1.03,53396,629800,202592,1.27,207288,530184,124
cloud-k3s-pool-workers-worker4,1,2026-06-06 09:03:03 UTC,15032916,15464040,163956,1.03,53404,629816,203064,1.27,207736,530212,164
cloud-k3s-pool-workers-worker4,1,2026-06-06 09:03:04 UTC,15032916,15464040,163956,1.03,53404,629816,203064,1.27,207736,530212,164
cloud-k3s-pool-workers-worker4,1,2026-06-06 09:03:05 UTC,15032916,15464100,163936,1.03,53404,629836,203064,1.27,207736,530272,304
cloud-k3s-pool-workers-worker4,1,2026-06-06 09:03:06 UTC,15032916,15464108,163928,1.03,53404,629844,199616,1.25,206084,530280,324
cloud-k3s-pool-workers-worker4,1,2026-06-06 09:03:07 UTC,15032916,15464108,163928,1.03,53404,629844,199616,1.25,206084,530280,324
cloud-k3s-pool-workers-worker4,1,2026-06-06 09:03:08 UTC,15032916,15464108,163900,1.03,53412,629864,199616,1.25,206084,530280,436
cloud-k3s-pool-workers-worker4,1,2026-06-06 09:03:09 UTC,15032916,15464108,163888,1.03,53412,629876,199616,1.25,206084,530280,448
cloud-k3s-pool-workers-worker4,1,2026-06-06 09:03:10 UTC,15032916,15464108,163876,1.03,53412,629884,199616,1.25,206084,530280,456
cloud-k3s-pool-workers-worker4,1,2026-06-06 09:03:11 UTC,15032916,15464168,163864,1.03,53412,629896,199616,1.25,206084,530340,252
cloud-k3s-pool-workers-worker4,1,2026-06-06 09:03:12 UTC,15032916,15464168,163856,1.03,53412,629904,199616,1.25,206084,530340,260
cloud-k3s-pool-workers-worker4,1,2026-06-06 09:03:13 UTC,15032916,15464168,163836,1.03,53420,629916,199616,1.25,206100,530340,420
cloud-k3s-pool-workers-worker4,1,2026-06-06 09:03:14 UTC,15032916,15464168,163824,1.02,53420,629928,199616,1.25,206100,530340,432
cloud-k3s-pool-workers-worker4,1,2026-06-06 09:03:15 UTC,15032916,15464168,163816,1.02,53420,629936,199616,1.25,206100,530340,440
cloud-k3s-pool-workers-worker4,1,2026-06-06 09:03:16 UTC,15032916,15464168,163804,1.02,53420,629948,199616,1.25,206100,530340,452
cloud-k3s-pool-workers-worker4,1,2026-06-06 09:03:17 UTC,15032916,15464244,163792,1.02,53420,629956,202800,1.27,207672,530416,528
cloud-k3s-pool-workers-worker4,1,2026-06-06 09:03:18 UTC,15032916,15464252,163772,1.02,53428,629968,202800,1.27,207768,530424,328
cloud-k3s-pool-workers-worker4,1,2026-06-06 09:03:19 UTC,15032916,15464252,163764,1.02,53428,629976,202800,1.27,207768,530424,456
cloud-k3s-pool-workers-worker4,1,2026-06-06 09:03:20 UTC,15032916,15464252,163756,1.02,53428,629988,199616,1.25,206080,530424,172
cloud-k3s-pool-workers-worker4,1,2026-06-06 09:03:21 UTC,15032916,15464252,163748,1.02,53428,629996,199616,1.25,206080,530424,184
cloud-k3s-pool-workers-worker4,1,2026-06-06 09:03:22 UTC,15032916,15464252,163736,1.02,53428,630008,199616,1.25,206080,530424,196
cloud-k3s-pool-workers-worker4,1,2026-06-06 09:03:23 UTC,15032916,15464312,163716,1.02,53440,630016,199616,1.25,206080,530484,80
cloud-k3s-pool-workers-worker4,1,2026-06-06 09:03:24 UTC,15032916,15464312,163704,1.02,53440,630028,199616,1.25,206080,530484,92
cloud-k3s-pool-workers-worker4,1,2026-06-06 09:03:25 UTC,15032916,15464316,163688,1.02,53440,630040,199616,1.25,206080,530484,100
cloud-k3s-pool-workers-worker4,1,2026-06-06 09:03:26 UTC,15032916,15464316,163680,1.02,53440,630048,199616,1.25,206080,530484,108
cloud-k3s-pool-workers-worker4,1,2026-06-06 09:03:27 UTC,15032916,15464316,163668,1.02,53440,630060,199616,1.25,206080,530484,120
cloud-k3s-pool-workers-worker4,1,2026-06-06 09:03:28 UTC,15032916,15464316,163652,1.02,53448,630068,199616,1.25,206080,530484,280
cloud-k3s-pool-workers-worker4,1,2026-06-06 09:03:29 UTC,15032916,15464376,163640,1.02,53448,630080,199616,1.25,206080,530544,288
cloud-k3s-pool-workers-worker4,1,2026-06-06 09:03:30 UTC,15032916,15464376,163632,1.02,53448,630088,199616,1.25,206080,530544,296
cloud-k3s-pool-workers-worker4,1,2026-06-06 09:03:31 UTC,15032916,15464376,163620,1.02,53448,630100,199616,1.25,206080,530544,308
cloud-k3s-pool-workers-worker4,1,2026-06-06 09:03:32 UTC,15033168,15464628,163360,1.02,53448,630108,199616,1.25,206080,530544,316
cloud-k3s-pool-workers-worker4,1,2026-06-06 09:03:33 UTC,15033168,15464628,163348,1.02,53448,630120,199616,1.25,206080,530544,180
cloud-k3s-pool-workers-worker4,1,2026-06-06 09:03:34 UTC,15033168,15464628,163332,1.02,53456,630128,199616,1.25,206080,530544,148
cloud-k3s-pool-workers-worker4,1,2026-06-06 09:03:35 UTC,15033168,15464688,163320,1.02,53456,630140,199616,1.25,206080,530604,160
cloud-k3s-pool-workers-worker4,1,2026-06-06 09:03:36 UTC,15033168,15464688,163312,1.02,53456,630148,199616,1.25,206080,530604,168
cloud-k3s-pool-workers-worker4,1,2026-06-06 09:03:37 UTC,15033168,15464688,163300,1.02,53456,630160,199616,1.25,206080,530604,180
cloud-k3s-pool-workers-worker4,1,2026-06-06 09:03:38 UTC,15033168,15464688,163300,1.02,53456,630160,199616,1.25,206080,530604,332
cloud-k3s-pool-workers-worker4,1,2026-06-06 09:03:39 UTC,15033168,15464688,163280,1.02,53456,630180,199616,1.25,206080,530604,196
cloud-k3s-pool-workers-worker4,1,2026-06-06 09:03:40 UTC,15033168,15464748,163248,1.02,53464,630184,199616,1.25,206080,530664,208
cloud-k3s-pool-workers-worker4,1,2026-06-06 09:03:41 UTC,15032916,15464500,163480,1.02,53464,630200,199616,1.25,206080,530664,232
cloud-k3s-pool-workers-worker4,1,2026-06-06 09:03:42 UTC,15032916,15464500,163468,1.02,53464,630212,199616,1.25,206080,530664,244
cloud-k3s-pool-workers-worker4,1,2026-06-06 09:03:43 UTC,15032916,15464500,163460,1.02,53464,630220,199616,1.25,206080,530664,412
cloud-k3s-pool-workers-worker4,1,2026-06-06 09:03:44 UTC,15032916,15464500,163448,1.02,53464,630232,199616,1.25,206080,530664,428
cloud-k3s-pool-workers-worker4,1,2026-06-06 09:03:45 UTC,15032916,15464500,163440,1.02,53464,630240,199616,1.25,206080,530664,436
cloud-k3s-pool-workers-worker4,1,2026-06-06 09:03:46 UTC,15032916,15464560,163420,1.02,53472,630252,199616,1.25,206080,530724,448
cloud-k3s-pool-workers-worker4,1,2026-06-06 09:03:47 UTC,15032916,15464560,163412,1.02,53472,630260,199616,1.25,206080,530724,456
cloud-k3s-pool-workers-worker4,1,2026-06-06 09:03:48 UTC,15032916,15464560,163400,1.02,53472,630272,199616,1.25,206080,530724,472
cloud-k3s-pool-workers-worker4,1,2026-06-06 09:03:49 UTC,15032916,15464560,163400,1.02,53472,630272,199616,1.25,206080,530724,472
cloud-k3s-pool-workers-worker4,1,2026-06-06 09:03:50 UTC,15032916,15464604,163376,1.02,53472,630296,203068,1.27,207708,530768,468
cloud-k3s-pool-workers-worker4,1,2026-06-06 09:03:51 UTC,15032916,15464604,163364,1.02,53472,630308,203068,1.27,207708,530768,160
cloud-k3s-pool-workers-worker4,1,2026-06-06 09:03:52 UTC,15032916,15464664,163344,1.02,53484,630316,203068,1.27,207708,530828,224
cloud-k3s-pool-workers-worker4,1,2026-06-06 09:03:53 UTC,15034216,15465964,162032,1.01,53484,630328,199616,1.25,206148,530828,328
cloud-k3s-pool-workers-worker4,1,2026-06-06 09:03:54 UTC,15034224,15465972,162016,1.01,53484,630336,199616,1.25,206100,530828,340
cloud-k3s-pool-workers-worker4,1,2026-06-06 09:03:55 UTC,15034224,15465972,162004,1.01,53484,630348,199616,1.25,206100,530828,352
cloud-k3s-pool-workers-worker4,1,2026-06-06 09:03:56 UTC,15034224,15465972,161992,1.01,53484,630356,199616,1.25,206100,530828,360
cloud-k3s-pool-workers-worker4,1,2026-06-06 09:03:57 UTC,15034224,15465972,161980,1.01,53484,630368,199616,1.25,206100,530828,100
cloud-k3s-pool-workers-worker4,1,2026-06-06 09:03:58 UTC,15034224,15465972,161980,1.01,53492,630360,199616,1.25,206100,530828,256
cloud-k3s-pool-workers-worker4,1,2026-06-06 09:03:59 UTC,15034224,15465972,161980,1.01,53492,630360,199616,1.25,206100,530828,256
cloud-k3s-pool-workers-worker4,1,2026-06-06 09:04:00 UTC,15034224,15466052,161944,1.01,53492,630396,199616,1.25,206100,530908,296
cloud-k3s-pool-workers-worker4,1,2026-06-06 09:04:01 UTC,15034224,15466052,161932,1.01,53492,630408,199616,1.25,206100,530908,308
cloud-k3s-pool-workers-worker4,1,2026-06-06 09:04:02 UTC,15034224,15466052,161932,1.01,53492,630408,199616,1.25,206100,530908,308
cloud-k3s-pool-workers-worker4,1,2026-06-06 09:04:03 UTC,15034224,15466052,161912,1.01,53500,630420,199616,1.25,206100,530908,344
cloud-k3s-pool-workers-worker4,1,2026-06-06 09:04:04 UTC,15034224,15466112,161900,1.01,53500,630432,199616,1.25,206100,530968,356
cloud-k3s-pool-workers-worker4,1,2026-06-06 09:04:05 UTC,15034224,15466112,161884,1.01,53500,630448,199616,1.25,206100,530968,188
cloud-k3s-pool-workers-worker4,1,2026-06-06 09:04:06 UTC,15034224,15466112,161872,1.01,53500,630460,199616,1.25,206100,530968,200
cloud-k3s-pool-workers-worker4,1,2026-06-06 09:04:07 UTC,15034224,15466112,161872,1.01,53500,630460,199616,1.25,206100,530968,200
cloud-k3s-pool-workers-worker4,1,2026-06-06 09:04:08 UTC,15034224,15466112,161844,1.01,53508,630480,199616,1.25,206100,530968,376
cloud-k3s-pool-workers-worker4,1,2026-06-06 09:04:09 UTC,15034224,15466112,161836,1.01,53508,630488,199616,1.25,206100,530968,384
cloud-k3s-pool-workers-worker4,1,2026-06-06 09:04:10 UTC,15034224,15466172,161820,1.01,53508,630504,199616,1.25,206100,531028,248
cloud-k3s-pool-workers-worker4,1,2026-06-06 09:04:11 UTC,15034224,15466176,161808,1.01,53508,630512,199616,1.25,206100,531028,256
cloud-k3s-pool-workers-worker4,1,2026-06-06 09:04:12 UTC,15034224,15466176,161808,1.01,53508,630512,199616,1.25,206100,531028,256
cloud-k3s-pool-workers-worker4,1,2026-06-06 09:04:13 UTC,15034224,15466176,161776,1.01,53516,630536,199616,1.25,206100,531028,400
cloud-k3s-pool-workers-worker4,1,2026-06-06 09:04:14 UTC,15034224,15466176,161768,1.01,53516,630544,199616,1.25,206100,531028,408
cloud-k3s-pool-workers-worker4,1,2026-06-06 09:04:15 UTC,15034224,15466176,161756,1.01,53516,630556,199616,1.25,206100,531028,412
cloud-k3s-pool-workers-worker4,1,2026-06-06 09:04:16 UTC,15034224,15466236,161748,1.01,53516,630564,199616,1.25,206100,531088,420
cloud-k3s-pool-workers-worker4,1,2026-06-06 09:04:17 UTC,15034224,15466236,161748,1.01,53516,630564,199616,1.25,206100,531088,420
cloud-k3s-pool-workers-worker4,1,2026-06-06 09:04:18 UTC,15034224,15466236,161720,1.01,53524,630584,199616,1.25,206100,531088,460
cloud-k3s-pool-workers-worker4,1,2026-06-06 09:04:19 UTC,15034224,15466236,161708,1.01,53524,630596,199616,1.25,206100,531088,472
cloud-k3s-pool-workers-worker4,1,2026-06-06 09:04:20 UTC,15034224,15466236,161700,1.01,53524,630604,199616,1.25,206100,531088,320
cloud-k3s-pool-workers-worker4,1,2026-06-06 09:04:21 UTC,15034224,15466236,161688,1.01,53524,630616,199616,1.25,206100,531088,332
cloud-k3s-pool-workers-worker4,1,2026-06-06 09:04:22 UTC,15026160,15458172,169752,1.06,53524,630616,199616,1.25,206100,531088,72
cloud-k3s-pool-workers-worker4,1,2026-06-06 09:04:23 UTC,15024904,15456976,170988,1.07,53536,630624,202800,1.27,207400,531148,248
cloud-k3s-pool-workers-worker4,1,2026-06-06 09:04:24 UTC,15024904,15456976,170976,1.07,53536,630636,202800,1.27,207400,531148,260
cloud-k3s-pool-workers-worker4,1,2026-06-06 09:04:25 UTC,15025408,15457496,170388,1.07,53536,630656,202800,1.27,207676,531164,188
cloud-k3s-pool-workers-worker4,1,2026-06-06 09:04:26 UTC,15028800,15460888,166980,1.04,53536,630668,199616,1.25,206076,531164,216
cloud-k3s-pool-workers-worker4,1,2026-06-06 09:04:27 UTC,15028968,15461056,166804,1.04,53536,630676,199616,1.25,206076,531164,224
cloud-k3s-pool-workers-worker4,1,2026-06-06 09:04:28 UTC,15028968,15461116,166792,1.04,53544,630680,199616,1.25,206076,531224,324
cloud-k3s-pool-workers-worker4,1,2026-06-06 09:04:29 UTC,15030380,15462528,165372,1.03,53544,630688,199616,1.25,206076,531224,332
cloud-k3s-pool-workers-worker4,1,2026-06-06 09:04:30 UTC,15030380,15462528,165352,1.03,53544,630708,199616,1.25,206076,531224,336
cloud-k3s-pool-workers-worker4,1,2026-06-06 09:04:31 UTC,15031252,15463400,164472,1.03,53544,630716,199616,1.25,206076,531224,344
cloud-k3s-pool-workers-worker4,1,2026-06-06 09:04:32 UTC,15031252,15463400,164460,1.03,53544,630728,199616,1.25,206076,531224,356
cloud-k3s-pool-workers-worker4,1,2026-06-06 09:04:33 UTC,15031252,15463400,164452,1.03,53552,630728,199616,1.25,206076,531224,300
cloud-k3s-pool-workers-worker4,1,2026-06-06 09:04:34 UTC,15031252,15463520,164432,1.03,53552,630748,199616,1.25,206076,531344,320
cloud-k3s-pool-workers-worker4,1,2026-06-06 09:04:35 UTC,15031252,15463520,164424,1.03,53552,630756,199616,1.25,206076,531344,328
cloud-k3s-pool-workers-worker4,1,2026-06-06 09:04:36 UTC,15031252,15463520,164412,1.03,53552,630768,199616,1.25,206076,531344,340
cloud-k3s-pool-workers-worker4,1,2026-06-06 09:04:37 UTC,15029256,15461564,166396,1.04,53552,630780,202464,1.27,207316,531384,352
cloud-k3s-pool-workers-worker4,1,2026-06-06 09:04:38 UTC,15029032,15461344,166612,1.04,53560,630780,203064,1.27,207712,531388,448
cloud-k3s-pool-workers-worker4,1,2026-06-06 09:04:39 UTC,15029032,15461344,166592,1.04,53560,630800,203064,1.27,207712,531388,220
cloud-k3s-pool-workers-worker4,1,2026-06-06 09:04:40 UTC,15029032,15461368,166584,1.04,53560,630808,203064,1.27,207748,531412,348
cloud-k3s-pool-workers-worker4,1,2026-06-06 09:04:41 UTC,15029032,15461368,166572,1.04,53560,630820,203064,1.27,207748,531412,360
cloud-k3s-pool-workers-worker4,1,2026-06-06 09:04:42 UTC,15029032,15461396,166560,1.04,53560,630828,199616,1.25,206052,531436,384
cloud-k3s-pool-workers-worker4,1,2026-06-06 09:04:43 UTC,15029032,15461396,166540,1.04,53568,630840,199616,1.25,206052,531436,484
cloud-k3s-pool-workers-worker4,1,2026-06-06 09:04:44 UTC,15029032,15461396,166532,1.04,53568,630848,199616,1.25,206052,531436,236
cloud-k3s-pool-workers-worker4,1,2026-06-06 09:04:45 UTC,15029032,15461428,166520,1.04,53568,630860,199616,1.25,206052,531468,240
cloud-k3s-pool-workers-worker4,1,2026-06-06 09:04:46 UTC,15029032,15461428,166512,1.04,53568,630868,199616,1.25,206052,531468,248
cloud-k3s-pool-workers-worker4,1,2026-06-06 09:04:47 UTC,15029032,15461428,166500,1.04,53568,630880,199616,1.25,206052,531468,260
cloud-k3s-pool-workers-worker4,1,2026-06-06 09:04:48 UTC,15029032,15461428,166488,1.04,53576,630884,199616,1.25,206052,531468,428
cloud-k3s-pool-workers-worker4,1,2026-06-06 09:04:49 UTC,15029032,15461428,166488,1.04,53576,630884,199616,1.25,206052,531468,428
cloud-k3s-pool-workers-worker4,1,2026-06-06 09:04:50 UTC,15029032,15461428,166460,1.04,53576,630912,199616,1.25,206052,531468,464
cloud-k3s-pool-workers-worker4,1,2026-06-06 09:04:51 UTC,15029032,15461488,166452,1.04,53576,630920,199616,1.25,206052,531528,472
cloud-k3s-pool-workers-worker4,1,2026-06-06 09:04:52 UTC,15029032,15461488,166452,1.04,53576,630920,199616,1.25,206052,531528,212
cloud-k3s-pool-workers-worker4,1,2026-06-06 09:04:53 UTC,15029032,15461508,166420,1.04,53588,630940,199616,1.25,206052,531548,40
cloud-k3s-pool-workers-worker4,1,2026-06-06 09:04:54 UTC,15029032,15461508,166408,1.04,53588,630952,199616,1.25,206052,531548,52
cloud-k3s-pool-workers-worker4,1,2026-06-06 09:04:55 UTC,15029032,15461508,166408,1.04,53588,630952,199616,1.25,206052,531548,52
cloud-k3s-pool-workers-worker4,1,2026-06-06 09:04:56 UTC,15029032,15461508,166384,1.04,53588,630972,203064,1.27,207744,531548,240
cloud-k3s-pool-workers-worker4,1,2026-06-06 09:04:57 UTC,15029032,15461508,166372,1.04,53588,630980,203064,1.27,207744,531548,248
cloud-k3s-pool-workers-worker4,1,2026-06-06 09:04:58 UTC,15029644,15462120,165748,1.04,53596,630984,203064,1.27,207760,531548,360
cloud-k3s-pool-workers-worker4,1,2026-06-06 09:04:59 UTC,15029644,15462180,165740,1.04,53596,630992,203064,1.27,207760,531608,376
cloud-k3s-pool-workers-worker4,1,2026-06-06 09:05:00 UTC,15029896,15462432,165472,1.04,53596,631012,199616,1.25,206196,531608,404
cloud-k3s-pool-workers-worker4,1,2026-06-06 09:05:01 UTC,15029644,15462180,165712,1.04,53596,631024,200992,1.26,206588,531608,128
cloud-k3s-pool-workers-worker4,1,2026-06-06 09:05:02 UTC,15029644,15462180,165708,1.04,53596,631028,203064,1.27,207424,531608,144
cloud-k3s-pool-workers-worker4,1,2026-06-06 09:05:03 UTC,15029644,15462180,165708,1.04,53604,631020,203064,1.27,207424,531608,212
cloud-k3s-pool-workers-worker4,1,2026-06-06 09:05:04 UTC,15029644,15462236,165668,1.04,53604,631056,203064,1.27,207720,531660,512
cloud-k3s-pool-workers-worker4,1,2026-06-06 09:05:05 UTC,15029644,15462252,165660,1.04,53604,631068,199616,1.25,206028,531676,532
cloud-k3s-pool-workers-worker4,1,2026-06-06 09:05:06 UTC,15029896,15462504,165400,1.03,53604,631076,199616,1.25,206028,531676,540
cloud-k3s-pool-workers-worker4,1,2026-06-06 09:05:07 UTC,15029896,15462504,165388,1.03,53604,631088,199616,1.25,206028,531676,216
cloud-k3s-pool-workers-worker4,1,2026-06-06 09:05:08 UTC,15029896,15462504,165380,1.03,53612,631088,199616,1.25,206100,531676,360
cloud-k3s-pool-workers-worker4,1,2026-06-06 09:05:09 UTC,15029896,15462504,165368,1.03,53612,631100,199616,1.25,206100,531676,372
cloud-k3s-pool-workers-worker4,1,2026-06-06 09:05:10 UTC,15029896,15462504,165368,1.03,53612,631100,199616,1.25,206100,531676,372
cloud-k3s-pool-workers-worker4,1,2026-06-06 09:05:11 UTC,15029896,15462504,165368,1.03,53612,631100,199616,1.25,206100,531676,372
cloud-k3s-pool-workers-worker4,1,2026-06-06 09:05:12 UTC,15029896,15462624,165324,1.03,53612,631140,199616,1.25,206100,531796,412
cloud-k3s-pool-workers-worker4,1,2026-06-06 09:05:13 UTC,15029896,15462624,165308,1.03,53620,631148,199616,1.25,206100,531796,436
cloud-k3s-pool-workers-worker4,1,2026-06-06 09:05:14 UTC,15029896,15462624,165308,1.03,53620,631148,199616,1.25,206100,531796,436
cloud-k3s-pool-workers-worker4,1,2026-06-06 09:05:15 UTC,15029896,15462624,165288,1.03,53620,631168,199616,1.25,206100,531796,284
cloud-k3s-pool-workers-worker4,1,2026-06-06 09:05:16 UTC,15029896,15462624,165276,1.03,53620,631180,199616,1.25,206100,531796,296
cloud-k3s-pool-workers-worker4,1,2026-06-06 09:05:17 UTC,15029896,15462684,165268,1.03,53620,631188,199616,1.25,206100,531856,304
cloud-k3s-pool-workers-worker4,1,2026-06-06 09:05:18 UTC,15029896,15462684,165256,1.03,53628,631192,199616,1.25,206100,531856,468
cloud-k3s-pool-workers-worker4,1,2026-06-06 09:05:19 UTC,15029896,15462684,165248,1.03,53628,631200,199616,1.25,206100,531856,476
cloud-k3s-pool-workers-worker4,1,2026-06-06 09:05:20 UTC,15029896,15462684,165228,1.03,53628,631220,199616,1.25,206100,531856,444
cloud-k3s-pool-workers-worker4,1,2026-06-06 09:05:21 UTC,15029896,15462684,165220,1.03,53628,631228,199616,1.25,206100,531856,452
cloud-k3s-pool-workers-worker4,1,2026-06-06 09:05:22 UTC,15029896,15462684,165208,1.03,53628,631240,199616,1.25,206100,531856,464
cloud-k3s-pool-workers-worker4,1,2026-06-06 09:05:23 UTC,15029896,15462744,165200,1.03,53636,631240,199616,1.25,206100,531916,224
cloud-k3s-pool-workers-worker4,1,2026-06-06 09:05:24 UTC,15029896,15462744,165200,1.03,53636,631240,199616,1.25,206100,531916,224
cloud-k3s-pool-workers-worker4,1,2026-06-06 09:05:25 UTC,15029896,15462744,165168,1.03,53636,631272,199616,1.25,206100,531916,40
cloud-k3s-pool-workers-worker4,1,2026-06-06 09:05:26 UTC,15029896,15462744,165160,1.03,53636,631280,199616,1.25,206100,531916,48
cloud-k3s-pool-workers-worker4,1,2026-06-06 09:05:27 UTC,15029896,15462744,165148,1.03,53636,631292,199616,1.25,206100,531916,60
cloud-k3s-pool-workers-worker4,1,2026-06-06 09:05:28 UTC,15029896,15462748,165136,1.03,53648,631288,199616,1.25,206100,531916,224
cloud-k3s-pool-workers-worker4,1,2026-06-06 09:05:29 UTC,15029896,15462808,165112,1.03,53648,631312,199616,1.25,206104,531976,96
cloud-k3s-pool-workers-worker4,1,2026-06-06 09:05:30 UTC,15029896,15462820,165104,1.03,53648,631320,202800,1.27,207676,531988,240
cloud-k3s-pool-workers-worker4,1,2026-06-06 09:05:31 UTC,15029896,15462820,165104,1.03,53648,631320,202800,1.27,207676,531988,240
cloud-k3s-pool-workers-worker4,1,2026-06-06 09:05:32 UTC,15029896,15462820,165084,1.03,53648,631340,202800,1.27,207676,531988,260
cloud-k3s-pool-workers-worker4,1,2026-06-06 09:05:33 UTC,15031844,15464800,163116,1.02,53656,631352,199616,1.25,206080,532020,384
cloud-k3s-pool-workers-worker4,1,2026-06-06 09:05:34 UTC,15031844,15464800,163108,1.02,53656,631360,199616,1.25,206080,532020,392
cloud-k3s-pool-workers-worker4,1,2026-06-06 09:05:35 UTC,15031844,15464800,163096,1.02,53656,631372,199616,1.25,206080,532020,160
cloud-k3s-pool-workers-worker4,1,2026-06-06 09:05:36 UTC,15031844,15464800,163084,1.02,53656,631384,199616,1.25,206080,532020,172
cloud-k3s-pool-workers-worker4,1,2026-06-06 09:05:37 UTC,15031844,15464800,163076,1.02,53656,631392,199616,1.25,206080,532020,180
cloud-k3s-pool-workers-worker4,1,2026-06-06 09:05:38 UTC,15031844,15464800,163064,1.02,53664,631396,199616,1.25,206080,532020,344
cloud-k3s-pool-workers-worker4,1,2026-06-06 09:05:39 UTC,15031844,15464860,163056,1.02,53664,631404,199616,1.25,206080,532080,352
cloud-k3s-pool-workers-worker4,1,2026-06-06 09:05:40 UTC,15031844,15464860,163036,1.02,53664,631424,199616,1.25,206080,532080,368
cloud-k3s-pool-workers-worker4,1,2026-06-06 09:05:41 UTC,15031844,15464860,163028,1.02,53664,631432,199616,1.25,206080,532080,376
cloud-k3s-pool-workers-worker4,1,2026-06-06 09:05:42 UTC,15031844,15464860,163016,1.02,53664,631444,199616,1.25,206080,532080,388
cloud-k3s-pool-workers-worker4,1,2026-06-06 09:05:43 UTC,15031844,15464920,162996,1.02,53672,631452,199616,1.25,206080,532140,236
cloud-k3s-pool-workers-worker4,1,2026-06-06 09:05:44 UTC,15031844,15464920,162996,1.02,53672,631452,199616,1.25,206080,532140,236
cloud-k3s-pool-workers-worker4,1,2026-06-06 09:05:45 UTC,15031844,15464980,162976,1.02,53672,631472,199616,1.25,206080,532200,256
cloud-k3s-pool-workers-worker4,1,2026-06-06 09:05:46 UTC,15031844,15464980,162964,1.02,53672,631484,199616,1.25,206080,532200,268
cloud-k3s-pool-workers-worker4,1,2026-06-06 09:05:47 UTC,15031844,15464980,162956,1.02,53672,631492,199616,1.25,206080,532200,276
cloud-k3s-pool-workers-worker4,1,2026-06-06 09:05:48 UTC,15031844,15464980,162944,1.02,53680,631496,199616,1.25,206080,532200,440
cloud-k3s-pool-workers-worker4,1,2026-06-06 09:05:49 UTC,15031844,15464980,162924,1.02,53680,631516,199616,1.25,206080,532200,460
cloud-k3s-pool-workers-worker4,1,2026-06-06 09:05:50 UTC,15031844,15464980,162916,1.02,53680,631524,199616,1.25,206080,532200,468
cloud-k3s-pool-workers-worker4,1,2026-06-06 09:05:51 UTC,15031844,15465040,162904,1.02,53680,631536,199616,1.25,206080,532260,480
cloud-k3s-pool-workers-worker4,1,2026-06-06 09:05:52 UTC,15031844,15465040,162896,1.02,53680,631544,199616,1.25,206080,532260,488
cloud-k3s-pool-workers-worker4,1,2026-06-06 09:05:53 UTC,15031844,15465040,162884,1.02,53688,631548,199616,1.25,206104,532260,496
cloud-k3s-pool-workers-worker4,1,2026-06-06 09:05:54 UTC,15031844,15465040,162876,1.02,53688,631556,199616,1.25,206104,532260,212
cloud-k3s-pool-workers-worker4,1,2026-06-06 09:05:55 UTC,15031844,15465040,162856,1.02,53688,631576,199616,1.25,206104,532260,168
cloud-k3s-pool-workers-worker4,1,2026-06-06 09:05:56 UTC,15031844,15465040,162848,1.02,53688,631584,199616,1.25,206104,532260,176
cloud-k3s-pool-workers-worker4,1,2026-06-06 09:05:57 UTC,15031844,15465040,162848,1.02,53688,631584,199616,1.25,206104,532260,176
cloud-k3s-pool-workers-worker4,1,2026-06-06 09:05:58 UTC,15031620,15464876,163040,1.02,53700,631604,199616,1.25,206104,532320,236
cloud-k3s-pool-workers-worker4,1,2026-06-06 09:05:59 UTC,15031620,15464880,163024,1.02,53700,631616,199616,1.25,206104,532320,248
cloud-k3s-pool-workers-worker4,1,2026-06-06 09:06:00 UTC,15031620,15464880,163012,1.02,53700,631628,199616,1.25,206104,532320,96
cloud-k3s-pool-workers-worker4,1,2026-06-06 09:06:01 UTC,15031620,15464880,163004,1.02,53700,631636,199616,1.25,206104,532320,104
cloud-k3s-pool-workers-worker4,1,2026-06-06 09:06:02 UTC,15031620,15464880,162992,1.02,53700,631648,199616,1.25,206104,532320,116
cloud-k3s-pool-workers-worker4,1,2026-06-06 09:06:03 UTC,15028852,15462176,165752,1.04,53708,631648,202804,1.27,207716,532384,340
cloud-k3s-pool-workers-worker4,1,2026-06-06 09:06:04 UTC,15028852,15462176,165752,1.04,53708,631648,202804,1.27,207716,532384,340
cloud-k3s-pool-workers-worker4,1,2026-06-06 09:06:05 UTC,15028852,15462176,165724,1.04,53708,631676,202804,1.27,207716,532384,380
cloud-k3s-pool-workers-worker4,1,2026-06-06 09:06:06 UTC,15028852,15462208,165712,1.04,53708,631688,199616,1.25,206084,532416,412
cloud-k3s-pool-workers-worker4,1,2026-06-06 09:06:07 UTC,15028852,15462208,165704,1.04,53708,631696,199616,1.25,206084,532416,420
cloud-k3s-pool-workers-worker4,1,2026-06-06 09:06:08 UTC,15028852,15462208,165684,1.04,53716,631708,199616,1.25,206084,532416,192
cloud-k3s-pool-workers-worker4,1,2026-06-06 09:06:09 UTC,15028852,15462208,165684,1.04,53716,631708,199616,1.25,206084,532416,192
cloud-k3s-pool-workers-worker4,1,2026-06-06 09:06:10 UTC,15028852,15462208,165664,1.04,53716,631728,199616,1.25,206084,532416,196
cloud-k3s-pool-workers-worker4,1,2026-06-06 09:06:11 UTC,15028852,15462208,165656,1.04,53716,631736,199616,1.25,206084,532416,204
cloud-k3s-pool-workers-worker4,1,2026-06-06 09:06:12 UTC,15028852,15462208,165656,1.04,53716,631736,199616,1.25,206084,532416,204
cloud-k3s-pool-workers-worker4,1,2026-06-06 09:06:13 UTC,15028852,15462268,165624,1.04,53724,631760,199616,1.25,206084,532476,388
cloud-k3s-pool-workers-worker4,1,2026-06-06 09:06:14 UTC,15028852,15462268,165612,1.04,53724,631768,199616,1.25,206084,532476,396
cloud-k3s-pool-workers-worker4,1,2026-06-06 09:06:15 UTC,15028852,15462268,165600,1.04,53724,631780,199616,1.25,206084,532476,260
cloud-k3s-pool-workers-worker4,1,2026-06-06 09:06:16 UTC,15028852,15462268,165592,1.04,53724,631788,199616,1.25,206084,532476,268
cloud-k3s-pool-workers-worker4,1,2026-06-06 09:06:17 UTC,15028852,15462268,165580,1.04,53724,631800,199616,1.25,206084,532476,280
cloud-k3s-pool-workers-worker4,1,2026-06-06 09:06:18 UTC,15028852,15462388,165564,1.04,53732,631808,199616,1.25,206084,532596,440
cloud-k3s-pool-workers-worker4,1,2026-06-06 09:06:19 UTC,15028852,15462388,165564,1.04,53732,631808,199616,1.25,206084,532596,440
cloud-k3s-pool-workers-worker4,1,2026-06-06 09:06:20 UTC,15028852,15462388,165544,1.04,53732,631828,199616,1.25,206104,532596,456
cloud-k3s-pool-workers-worker4,1,2026-06-06 09:06:21 UTC,15028852,15462388,165532,1.04,53732,631840,199616,1.25,206104,532596,468
cloud-k3s-pool-workers-worker4,1,2026-06-06 09:06:22 UTC,15028852,15462388,165532,1.04,53732,631840,199616,1.25,206104,532596,468
cloud-k3s-pool-workers-worker4,1,2026-06-06 09:06:23 UTC,15028852,15462388,165504,1.04,53740,631860,199616,1.25,206104,532596,504
cloud-k3s-pool-workers-worker4,1,2026-06-06 09:06:24 UTC,15028852,15462448,165492,1.04,53740,631872,203068,1.27,207404,532656,676
cloud-k3s-pool-workers-worker4,1,2026-06-06 09:06:25 UTC,15028852,15462452,165480,1.04,53740,631884,203068,1.27,207772,532660,208
cloud-k3s-pool-workers-worker4,1,2026-06-06 09:06:26 UTC,15029276,15462876,165044,1.03,53740,631896,199616,1.25,206084,532660,244
cloud-k3s-pool-workers-worker4,1,2026-06-06 09:06:27 UTC,15029276,15462876,165044,1.03,53740,631896,199616,1.25,206084,532660,244
cloud-k3s-pool-workers-worker4,1,2026-06-06 09:06:28 UTC,15029276,15462876,165024,1.03,53752,631904,199616,1.25,206084,532660,340
cloud-k3s-pool-workers-worker4,1,2026-06-06 09:06:29 UTC,15029276,15462880,165012,1.03,53752,631912,199616,1.25,206084,532660,88
cloud-k3s-pool-workers-worker4,1,2026-06-06 09:06:30 UTC,15029276,15462940,164988,1.03,53752,631936,199616,1.25,206104,532720,56
cloud-k3s-pool-workers-worker4,1,2026-06-06 09:06:31 UTC,15029276,15462940,164980,1.03,53752,631944,199616,1.25,206104,532720,64
cloud-k3s-pool-workers-worker4,1,2026-06-06 09:06:32 UTC,15032140,15465804,162116,1.01,53752,631944,199616,1.25,206104,532720,64
cloud-k3s-pool-workers-worker4,1,2026-06-06 09:06:33 UTC,15032308,15465972,161916,1.01,53760,631964,199616,1.25,206104,532720,272
cloud-k3s-pool-workers-worker4,1,2026-06-06 09:06:34 UTC,15032056,15465720,162156,1.01,53760,631976,199616,1.25,206104,532720,284
cloud-k3s-pool-workers-worker4,1,2026-06-06 09:06:35 UTC,15032056,15465720,162144,1.01,53760,631988,199616,1.25,206104,532720,296
cloud-k3s-pool-workers-worker4,1,2026-06-06 09:06:36 UTC,15029792,15463516,164400,1.03,53760,631996,202800,1.27,207404,532780,364
cloud-k3s-pool-workers-worker4,1,2026-06-06 09:06:37 UTC,15029792,15463516,164400,1.03,53760,631996,202800,1.27,207404,532780,364
cloud-k3s-pool-workers-worker4,1,2026-06-06 09:06:38 UTC,15029344,15463068,164828,1.03,53768,632008,202800,1.27,207736,532780,172
cloud-k3s-pool-workers-worker4,1,2026-06-06 09:06:39 UTC,15029792,15463516,164372,1.03,53768,632020,199616,1.25,206104,532780,304
cloud-k3s-pool-workers-worker4,1,2026-06-06 09:06:40 UTC,15029792,15463516,164356,1.03,53768,632036,199616,1.25,206104,532780,312
cloud-k3s-pool-workers-worker4,1,2026-06-06 09:06:41 UTC,15029792,15463516,164344,1.03,53768,632048,199616,1.25,206104,532780,324
cloud-k3s-pool-workers-worker4,1,2026-06-06 09:06:42 UTC,15029792,15463516,164344,1.03,53768,632048,199616,1.25,206104,532780,324
cloud-k3s-pool-workers-worker4,1,2026-06-06 09:06:43 UTC,15029792,15463576,164316,1.03,53776,632068,199616,1.25,206104,532840,428
cloud-k3s-pool-workers-worker4,1,2026-06-06 09:06:44 UTC,15029792,15463576,164308,1.03,53776,632076,199616,1.25,206104,532840,232
cloud-k3s-pool-workers-worker4,1,2026-06-06 09:06:45 UTC,15029792,15463580,164292,1.03,53776,632088,199616,1.25,206104,532840,240
cloud-k3s-pool-workers-worker4,1,2026-06-06 09:06:46 UTC,15029792,15463580,164284,1.03,53776,632096,199616,1.25,206104,532840,248
cloud-k3s-pool-workers-worker4,1,2026-06-06 09:06:47 UTC,15029792,15463580,164284,1.03,53776,632096,199616,1.25,206104,532840,248
cloud-k3s-pool-workers-worker4,1,2026-06-06 09:06:48 UTC,15029792,15463640,164252,1.03,53784,632120,199616,1.25,206104,532900,424
cloud-k3s-pool-workers-worker4,1,2026-06-06 09:06:49 UTC,15029792,15463640,164244,1.03,53784,632128,199616,1.25,206104,532900,432
cloud-k3s-pool-workers-worker4,1,2026-06-06 09:06:50 UTC,15029792,15463640,164232,1.03,53784,632140,199616,1.25,206104,532900,448
cloud-k3s-pool-workers-worker4,1,2026-06-06 09:06:51 UTC,15029036,15462936,164980,1.03,53784,632148,203064,1.27,207688,532952,524
cloud-k3s-pool-workers-worker4,1,2026-06-06 09:06:52 UTC,15029036,15462936,164980,1.03,53784,632148,203064,1.27,207688,532952,524
cloud-k3s-pool-workers-worker4,1,2026-06-06 09:06:53 UTC,15029036,15462936,164952,1.03,53792,632168,203064,1.27,207688,532952,700
cloud-k3s-pool-workers-worker4,1,2026-06-06 09:06:54 UTC,15029036,15462996,164940,1.03,53792,632180,199616,1.25,206088,533012,720
cloud-k3s-pool-workers-worker4,1,2026-06-06 09:06:55 UTC,15029036,15462996,164940,1.03,53792,632180,199616,1.25,206104,533012,156
cloud-k3s-pool-workers-worker4,1,2026-06-06 09:06:56 UTC,15029036,15462996,164940,1.03,53792,632180,199616,1.25,206104,533012,156
cloud-k3s-pool-workers-worker4,1,2026-06-06 09:06:57 UTC,15029036,15462996,164912,1.03,53792,632208,199616,1.25,206104,533012,188
cloud-k3s-pool-workers-worker4,1,2026-06-06 09:06:58 UTC,15029036,15463016,164884,1.03,53804,632224,199616,1.25,206104,533032,284
cloud-k3s-pool-workers-worker4,1,2026-06-06 09:06:59 UTC,15029036,15463016,164884,1.03,53804,632224,199616,1.25,206104,533032,284
cloud-k3s-pool-workers-worker4,1,2026-06-06 09:07:00 UTC,15029036,15463076,164860,1.03,53804,632244,199616,1.25,206104,533092,96
cloud-k3s-pool-workers-worker4,1,2026-06-06 09:07:01 UTC,15029036,15463076,164848,1.03,53804,632256,199616,1.25,206104,533092,108
cloud-k3s-pool-workers-worker4,1,2026-06-06 09:07:02 UTC,15029036,15463076,164848,1.03,53804,632256,199616,1.25,206104,533092,108
cloud-k3s-pool-workers-worker4,1,2026-06-06 09:07:03 UTC,15029036,15463076,164828,1.03,53804,632276,199616,1.25,206104,533092,280
cloud-k3s-pool-workers-worker4,1,2026-06-06 09:07:04 UTC,15029036,15463076,164812,1.03,53812,632284,199616,1.25,206104,533092,252
cloud-k3s-pool-workers-worker4,1,2026-06-06 09:07:05 UTC,15029036,15463076,164812,1.03,53812,632284,199616,1.25,206104,533092,252
cloud-k3s-pool-workers-worker4,1,2026-06-06 09:07:06 UTC,15029036,15463136,164792,1.03,53812,632304,199616,1.25,206104,533152,272
cloud-k3s-pool-workers-worker4,1,2026-06-06 09:07:07 UTC,15029036,15463136,164780,1.03,53812,632316,199616,1.25,206104,533152,284
cloud-k3s-pool-workers-worker4,1,2026-06-06 09:07:08 UTC,15029036,15463136,164772,1.03,53812,632324,199616,1.25,206104,533152,140
cloud-k3s-pool-workers-worker4,1,2026-06-06 09:07:09 UTC,15027272,15461372,166524,1.04,53812,632336,203064,1.27,207404,533152,312
cloud-k3s-pool-workers-worker4,1,2026-06-06 09:07:10 UTC,15027272,15461380,166508,1.04,53820,632344,203064,1.27,207736,533160,356
cloud-k3s-pool-workers-worker4,1,2026-06-06 09:07:11 UTC,15027272,15461576,166372,1.04,53820,632488,199616,1.25,206200,533236,388
cloud-k3s-pool-workers-worker4,1,2026-06-06 09:07:12 UTC,15027272,15461576,166360,1.04,53820,632500,199616,1.25,206200,533236,400
cloud-k3s-pool-workers-worker4,1,2026-06-06 09:07:13 UTC,15027272,15461576,166352,1.04,53820,632508,199616,1.25,206200,533236,484
